:02000004008179
:100F8800FFFF000000400E8438FC745F3B480014EB
:080F98000B006079000000006D
:040FBC000000001021
:020000040100F9
:1000000000000000000000000000000000000000F0
:1000100000000000000000005048434D00000000B8
:1000200000000000000000000000000000000000D0
:10003000000000000000000000000000FEFFFFFFC5
:100040000301000000007400000000010002000134
:1000500000020001008F020000000000000000000C
:100060000000000000000000000000000000000090
:100070000000000000000000000000000000000080
:100080000000000000000000000000000000000070
:100090000000000000000000000000000000000060
:1000A0000000000000000000000000000000000050
:1000B0000000000000000000000000000000000040
:1000C0000000000000000000000000000000000030
:1000D0000000000000000000000000000000000020
:1000E0000000000000000000000000000000000010
:1000F0000000000000000000000000000000000000
:1001000000000000000000000000000000000000EF
:1001100000000000000000000000000000000000DF
:1001200000000000000000000000000000000000CF
:1001300000000000000000000000000000000000BF
:1001400000000000000000000000000000000000AF
:10015000000000000000000000000000000000009F
:10016000000000000000000000000000000000008F
:10017000000000000000000000000000000000007F
:10018000000000000000000000000000000000006F
:10019000000000000000000000000000000000005F
:1001A000000000000000000000000000000000004F
:1001B000000000000000000000000000000000003F
:1001C000000000000000000000000000000000002F
:1001D000000000000000000000000000000000001F
:1001E000000000000000000000000000000000000F
:1001F00000000000000000000000000000000000FF
:10020000F8FF072085AC0101C7590101DF68010132
:10021000B37E0101C3820101278D010100000000AE
:1002200000000000000000000000000091630201D7
:100230009B72010100000000F1E40101055502017B
:10024000815402011F5201011F520101857A0201EE
:100250001F5201011F5201011F5201011F520101D2
:100260001F5201011F5201011F5201011F520101C2
:100270001F5201011F5201011F52010141FA0101E8
:100280001F5201011F5201011F5201011F520101A2
:100290001F5201011F5201011F5201011F52010192
:1002A0001F5201011F5201011F5201011F52010182
:1002B0001F5201011F5201011F5201011F52010172
:1002C0001F5201011F5201011F5201011F52010162
:1002D0001F5201011F5201011F5201011F52010152
:1002E0001F5201011F5201011F5201011F52010142
:1002F00069250201F56502011F5201011F5201012A
:100300001F5201011F5201011F5201011F52010121
:100310001F5201011F5201011F5201011F52010111
:100320001F52010111E8010108202000E8320120DC
:10033000000000000000000009202000E832012039
:1003400000000000000000000A202000E832012028
:1003500000000000000000000B202000E832012017
:1003600000000000000000000C202000E832012006
:1003700000000000000000000D202000E8320120F5
:1003800000000000000000000E202000E8320120E4
:1003900000000000000000000F202000E8320120D3
:1003A0000000000000000000002032003432012074
:1003B0000000000000000000012032003432012063
:1003C0000000000000000000022032003432012052
:1003D0000000000000000000032032003432012041
:1003E0000000000000000000042032003432012030
:1003F000000000000000000005203200343201201F
:10040000000000000000000006203200343201200D
:1004100000000000000000000720320034320120FC
:100420000000000000000000F8B500BFF8BC08BCE8
:100430009E467047952A0201F8B500BFF8BC08BC7B
:100440009E467047712A0201088C000001000000DE
:1004500008B5044B186818B1804780F00100C0B29D
:1004600008BD00BF7C2A012004292CD8DFE801F058
:100470000308161D2400184A93881844908070477A
:10048000154A9388184480B2C11C4FF6FC730B4088
:10049000984201D90430F1E7938070470E4A93885F
:1004A0000F33184420F00F00E8E70B4A93881F33FE
:1004B000184420F01F00E1E7074A93883F331844AF
:1004C00020F03F00DAE74FF0200383F31188BFF3F9
:1004D0006F8FBFF34F8FFEE77C2A012070B5104A63
:1004E00094790023D9B28C4201D800200BE05D1C26
:1004F0009B00D118B1F8076086420ED1B1F80920EF
:1005000012B10848184470BD4FF0200383F31188DE
:10051000BFF36F8FBFF34F8FFEE72B46E2E700BFBD
:100520007C2A0120832A012010B50446FFF7D6FF5C
:1005300040B14FF0200383F31188BFF36F8FBFF3F7
:100540004F8FFEE70B4B9879020608D54FF020033A
:1005500083F31188BFF36F8FBFF34F8FFEE7421C09
:100560009A7103EB80020733A2F8074003EB800087
:1005700010BD00BF7C2A012010B50446FFF7AEFF76
:1005800040B94FF0200383F31188BFF36F8FBFF39F
:100590004F8FFEE72046FFF7A1FF054A9379013B05
:1005A000DBB2937102EB8303D3F80730036010BD15
:1005B0007C2A012008B5FFF791FF00B1408808BDF3
:1005C00009B91046704780B1037883EA122383EAA1
:1005D000131343EA022282EA033282EA431292B2FE
:1005E00000B10130013989B2EAE7FF23EDE72DE9D7
:1005F000F04F85B081460E9E8A46904606B11E4455
:1006000043449CB247465546A74203D1012005B05A
:10061000BDE8F08F95B36A4610232946484607F097
:1006200077FFBDF80420944208D9BDF80630134482
:100630009BB29F4202D29C4203D91F46BDF80A508A
:10064000E8E79742A4EB020128BFE31B89B234BF5D
:100650000B469BB2A4EB030432BFBDF80AB0474679
:10066000D346A4B246B110352944F61AC91A324607
:1006700089B2484607F04CFF5D46C5E72846C6E705
:100680002DE9F74FD48896888046894644F307259C
:100690004FF6FF77002D03DA384603B0BDE8F08F40
:1006A0001CD0A4F580741FFA84FA4FF48074DFF82C
:1006B00034B0CDF800B02346324649464046FFF7F5
:1006C00096FF38B13A4621465846FFF779FF26444F
:1006D000B6B20746013D6DB25446DBE7002CDBD0D5
:1006E000A246E4E7832C012010B5084C94F80703D8
:1006F00007F0B0FF4FF48042002194F8070307F0A1
:10070000D1FF10B14FF48073A38010BD7C2A01206B
:100710002DE9F041094C05460E46174613460A4698
:10072000014694F8070307F029FF3B463246294665
:1007300094F80703BDE8F04108F002B87C2A0120D4
:100740007FB545F24143ADF806300D4BCDE902309F
:100750000C4BC043B3F8083304904FF6FF721021DE
:100760000DF10600ADF81430FFF72AFF1222ADF8A4
:10077000040001A90020FFF7CBFF07B05DF804FBE0
:10078000534E76327C2A01202DE9F041234CB4F8F7
:100790000A33B4F80C530B449BB2FF2B06460F46AA
:1007A000A4F80A3304F207280BD80A462844414625
:1007B0003D4427F03FF80127A4F80C533846BDE824
:1007C000F081C5F580724146284427F033F84FF494
:1007D00080723146A088FFF79BFF07460028EDD0C6
:1007E00000214FF48070FFF73FFEB4F80A53B4F8CD
:1007F0000C13A5F580750023ADB2A4F80C33A4F852
:100800000A53002DDAD0C1F580712A4618FA81F119
:10081000304627F00FF8A4F80C53CFE77C2A0120CC
:100820002DE9F04F714C94F807738FB0002112231B
:1008300009AA3846A4F80E13A4F81013A4F80C1350
:10084000A4F80A1307F064FE0B9B039394F8073394
:100850000133DBB2012B88BF002384F8073394F8FF
:100860000733BB4208D14FF0200383F31188BFF355
:100870006F8FBFF34F8FFEE7FFF736FF0028E5D0FD
:1008800000230293DFF86C8182E0029BDFF868A10D
:1008900004EB830B05AABBF80990102349463846A0
:1008A00007F036FE0026BDF81C50ADF81A5005AA18
:1008B00049463846ADF81860CDF81E60FFF7E0FEF7
:1008C0004FF6FF72ADF814000E2105A8FFF778FE71
:1008D000F022ADF82200FF21504627F0C7FD05ABFE
:1008E00003CB1035C8F80000C8F80410B4F80C2386
:1008F00003CBA388C8F80800ADB21344B5F5807FD8
:10090000C8F80C10ABF809301AD8CDF800A0BDF823
:100910001C30324649463846FFF769FE58B1A38875
:10092000B4F80C231344ABF8093029460AF1FB0054
:10093000FFF72AFF40BB002420460FB0BDE8F08F30
:10094000102300BFB5F5807FAA4628BF4FF4807AF8
:10095000AAEB030B1FFA8BFB4344009332465B4622
:1009600049463846FFF743FE0028E4D05146204868
:10097000FFF70AFF0028DED0A5EB0A055E44ADB202
:10098000B6B20023002DDDD1029B0133DBB202930E
:10099000A379029A93423FF678AFB4F80A23F2B9EA
:1009A000B4F80A030021FFF75FFDA388A4F8083319
:1009B000039B581EFFF7C4FE04460028BBD003214A
:1009C0000020FFF751FD1222FF2109A827F04EFD5C
:1009D000122309AA0021384607F0D0FDACE70449EC
:1009E000A088FFF795FE0028DAD1A4E77C2A012031
:1009F0008E2D0120832C0120932C012008B50A4B59
:100A00009B88C3F580439BB283420BD2FFF708FF5C
:100A100040B94FF0200383F31188BFF36F8FBFF30A
:100A20004F8FFEE708BD00BF7C2A01202DE9F84F5B
:100A3000364D044605F2072988464FF48072FF219F
:100A4000484627F013FDE1884FF6FF724046FFF756
:100A5000B7FD4FF6FF7220800E212046FFF7B0FD54
:100A60002368E081C5F807326368C9F80430A368D9
:100A7000C9F80830E368C9F80C30E28802F11006C2
:100A8000B6B2B8F1000F07D0B6F5807F16D8414650
:100A900005F2172026F0CEFEE2881D49A888F02A2C
:100AA00028BFF022103292B2FFF732FE0746E088EC
:100AB0001030032180B2FFF7D7FC24E04FF0000B89
:100AC000102000BFB6F5807F344628BF4FF48074F5
:100AD000A4EB000A524608EB0B01484426F0AAFE9C
:100AE00022460B49A888FFF713FE074658B1361B6C
:100AF00020460321DA44B6B2FFF7B6FC1FFA8AFBA0
:100B00000020002EDED13846BDE8F88F7C2A012077
:100B1000832C01202DE9F041624C00258EB0A57197
:100B20004FF0FF38FF27122304AA0021284607F0C0
:100B3000EFFCDDE906637340013326D19DF81230E6
:100B4000412B22D19DF81330542B1ED19DF8143027
:100B5000532B1AD19DF815304E2B16D19DF8163017
:100B6000762B12D19DF81730322B0ED14FF6FF7233
:100B700010210DF11200FFF723FDBDF81030834264
:100B800003D146453CBFB0462F46DDB1FF2F2BD1E8
:100B9000002384F807334FF6FF7500BFFFF7A4FD6D
:100BA00090B994F807330133DBB2012B84F8073393
:100BB000F4D94FF0200383F31188BFF36F8FBFF395
:100BC0004F8FFEE70125AEE76FF00100A4F8085350
:100BD000FFF7B6FD0028E4D00023A371012384F8B9
:100BE00012340EB0BDE8F0814FF48073A380384614
:100BF000122309AA002184F8077307F089FC4FF635
:100C0000FF77A388B3F5804FE8D2BDF83420BA420D
:100C100001D09A4214D803210020FFF725FC0325B8
:100C200010236A46A18894F8070307F071FC00239B
:100C30001DF80320FF2A1CD10133102BF8D1CDE77A
:100C40000025EDE729461020FFF70EFCD9E7BDF897
:100C500002603046FFF742FC10B93046FFF764FCF3
:100C6000A3884380BDF80830B3B93046FFF784FC51
:100C700012E03A460E216846FFF7A2FCBDF80E606E
:100C80008642DFD16A46A18894F80703FFF7F8FC93
:100C9000BDF800308342DAD0BDF806001030294696
:100CA00080B2D1E77C2A012008B507F08BFD044B08
:100CB00093F812341BB9BDE80840FFF72BBF08BDFD
:100CC0007C2A01202DE9FF478A46164698460546AC
:100CD00030B12BB1FFF7BCFB044650B1052044E016
:100CE0004FF0200383F31188BFF36F8FBFF34F8F53
:100CF000FEE706F1100080B2FFF780FE2846FFF7FE
:100D0000EDFB0746A0B3B0F802901C4D10236A46D5
:100D1000494695F8070307F0FBFBBDF808300AEBDE
:100D200006029A4226D8B34218BFBDF80C40ADF86F
:100D300004A01CBF0134A4B241466846ADF80C4083
:100D4000ADF80660ADF80A90AC88FFF76FFE98B179
:100D5000BDF80C307C80642B4FF0000005D9BDF845
:100D60000230A5F80E33A5F8100304B0BDE8F087F3
:100D70000320FAE70420F8E70120F6E77C2A0120A7
:100D800073B50C4615461E4628B123B1FFF712FC79
:100D900050B9032017E04FF0200383F31188BFF30D
:100DA0006F8FBFF34F8FFEE76319B3F5803F09D212
:100DB0000146074800962B46224690F80703FFF7A6
:100DC00016FC10B9042002B070BD0020FBE700BF84
:100DD0007C2A01201FB540B94FF0200383F311880E
:100DE000BFF36F8FBFF34F8FFEE7FFF7E3FB48B111
:100DF00001460648102390F807036A4607F088FB6F
:100E0000BDF8080005B05DF804FB00BF7C2A012096
:100E10002DE9F04F431E14469BB24FF6FD729342EC
:100E200089B007460D461DD8B1F5006F1AD8FFF7F7
:100E3000C1FB00BBFFF70CFB064650BB05F11000E1
:100E400080B2FFF7DBFD8E4B93F90620002A80F27B
:100E5000FA804FF0200383F31188BFF36F8FBFF345
:100E60004F8FFEE74FF0200383F31188BFF36F8F9E
:100E7000BFF34F8FFEE73846FFF7ACFF854210D037
:100E80007F4EA6F80E73A6F81053FFF7E1FAB146AD
:100E900008B105200EE0B6F8100370B9B6F80E33AD
:100EA0007BB9002C00F0E78023462A460021384613
:100EB000FFF766FF09B0BDE8F08F103080B2FFF792
:100EC0009DFDB9F80E03FFF709FB80460028E8D026
:100ED000B0F802A099F8070310230DEB0302514666
:100EE00007F016FBB9F81033F3B9BDF8180010304D
:100EF00080B2FFF783FDB9F80E03FFF7EFFA8046E3
:100F000040B94FF0200383F31188BFF36F8FBFF315
:100F10004F8FFEE7B0F802A099F8070310230DEBFE
:100F20000302514607F0F4FAB9F81023B9F8043077
:100F30000393BDF8183022B19342ADF8182028BFB2
:100F400013460022BDF81810ADF81420ADF81610A5
:100F5000CDF81A200DF1100CBCE80300DFF824B125
:100F6000C9F8070203F11006CBF80410BCE803002F
:100F7000B6B2B6F5807FCBF80800CBF80C1031D8AC
:100F80000BF11001009199F807035146FFF72FFB71
:100F9000002872D004AB03CBBDF81620C9F80702B5
:100FA000CBF8041003CB1032CBF80800CBF80C10B0
:100FB00092B25946B9F80400FFF7AAFB00283FF4A3
:100FC00070AFBDF816001030032180B2FFF74CFA65
:100FD0002B4B0022A3F80E23A3F81023039BA8F8A1
:100FE00002305EE793461023B6F5807FB14628BFF6
:100FF0004FF48079A9EB030292B20292214A204871
:10100000134400935A46029B90F807035146FFF79A
:10101000EEFA90B31B49A1F207204A468088FFF7F9
:1010200077FB00283FF43DAF03214846FFF71CFA49
:10103000029BA6EB09065B44B6B21FFA83FB0023B2
:10104000002ED1D1C4E7214604A8B3F80480ADF83E
:101050001270ADF81460ADF81650ADF81850CDF818
:101060001A60FFF7E3FC40B13846FFF75DFAA0F8DD
:10107000028002201EE720461CE701201AE700BF7D
:101080007C2A0120832C0120F0B5074685B040B9A9
:101090004FF0200383F31188BFF36F8FBFF34F8F9F
:1010A000FEE7FFF787FA00283FD0FFF7D1F90446A3
:1010B00000283CD11020FFF7A1FC4FF6FF720E2153
:1010C0006846ADF80020ADF80270CDE90144ADF8F6
:1010D0000C40FFF775FA174DADF80E006B4603CBC9
:1010E00005F20726C5F80702716003CB1022B06035
:1010F000F160A8883146FFF70BFB60B91022A98880
:1011000095F8070307F0CEFA18B903211020FFF76E
:10111000ABF9012007E003211020FFF7A5F93846BD
:10112000FFF72AFA204605B0F0BD0320FBE70520B3
:10113000F9E700BF7C2A0120F8B50446FFF788F9DB
:10114000054660BB64B107F085FA012007F082FA1A
:101150004FF400722946134827F088F900201FE059
:10116000114DAF79E3B29F420CD8FFF759FB00282D
:10117000F4D14FF0200383F31188BFF36F8FBFF3D7
:101180004F8FFEE705EB8403B3F80760304601F0AC
:1011900061FC10B93046FFF7EFF90134E2E70520B2
:1011A000F8BD00BF832A01207C2A0120014B186072
:1011B000704700BF7C2A012008B5FFF7FBF900301B
:1011C00018BF012008BD08B5FFF72AFB40B94FF052
:1011D000200383F31188BFF36F8FBFF34F8FFEE7B8
:1011E00008BD00BF80B485B000AF184BFB60002382
:1011F0007B600EE00023BB6005E0FB680133FB6011
:10120000BB680133BB60BB680F2BF6D97B68013329
:101210007B607B68092BEDD946F65073FB60002399
:10122000BB6005E0FB680133FB60BB680133BB605A
:10123000BB680F2BF6D9FB68B3F5E04FEFD100BFC9
:101240001437BD465DF8047B704700BF0010810075
:1012500080B485B000AF78600B467B804FF6FF739B
:101260007B817B88002B03D17B89DB439BB22CE005
:101270000023FB737B685A1C7A601B78BB8117E0E4
:101280007A89BB8953409BB203F00103002B06D03F
:101290007B895B089AB2104B53407B8102E07B89CB
:1012A0005B087B81FB7B0133FB73BB895B08BB81E4
:1012B000FB7B072BE4D97B88013B7B807B88002B61
:1012C000D6D17B89DB437B817B8918461437BD46A9
:1012D0005DF8047B704700BF0884FFFF80B586B0CF
:1012E00000AFF8600B467A607B817B687B617B692D
:1012F0001B78ED2B21D17B695B78032B1DD17B699A
:101300009B78002B01D1002318E07B699B78012B8F
:1013100013D17B891946F868FFF79AFF03467B8251
:101320007A8A7B691B791B027969C9780B449A42D6
:1013300001D1002302E0012300E001231846183701
:10134000BD4680BD80B489B000AF78607B68BB616A
:10135000BB695A78274BA3FB021399080B465B0025
:101360000B445B00D31ADBB2002B01D001233AE01F
:10137000BB695B781F4AA2FB03239B08FB757B6854
:1013800002337B600023FB7728E07B683B613B698D
:101390005B781B023A691278134403F1824303F528
:1013A0009033FB60FB683A6992781A70FB680133EE
:1013B0001A463B69DB781370FB6802331A463B69B7
:1013C0001B791370FB6803331A463B695B79137012
:1013D0007B6806337B60FB7F0133FB77FA7FFB7D05
:1013E0009A42D2D3002318462437BD465DF8047BC9
:1013F000704700BFABAAAAAA80B48BB000AF7860D8
:101400000B46FB707B683B623B6A5A783A4BA3FB06
:10141000021399080B465B000B445B00D31ADBB246
:10142000002B01D0012360E03B6A5B78324AA2FBCB
:1014300003239B08FB777B6802337B60002387F8DC
:1014400027304CE07B68BB61BB695B789BB21B02B9
:101450009AB2BB691B789BB21344FB82FB8A03F1EF
:10146000824303F580333B61FB78022B02D0FB788B
:10147000032B15D13B69BA6992781A703B69013325
:101480001A46BB69DB7813703B6902331A46BB69A5
:101490001B7913703B6903331A46BB695B79137080
:1014A000FB8AA42B13D1BB699B785BB203F01F03AB
:1014B000FB73FB7B03F01003002B04D0FB7B63F07A
:1014C0001F035BB201E097F90F300C4A13707B6881
:1014D00006337B6097F82730013387F8273097F879
:1014E0002720FB7F9A42ADD3002318462C37BD46F8
:1014F0005DF8047B704700BFABAAAAAA6E0000206B
:1015000080B485B000AF78607B68FB60FB685B7877
:10151000022B0DD1FB68DB789BB21B029AB2FB68F1
:101520009B789BB213449AB2054B1A80002300E0CB
:10153000012318461437BD465DF8047B704700BF91
:10154000A634012080B485B000AF78607B68FB6072
:101550007B680233BB60FB685B78042B12D1BB68ED
:10156000DB781A06BB689B781B041A43BB685B7860
:101570001B021343BA6812781343064A1360064BE2
:1015800001221A70002318461437BD465DF8047B0B
:10159000704700BFA0340120A434012080B586B07C
:1015A00000AF786039600023FB7582E07B681B78B0
:1015B000DBB2FF2B2AD17B6803F01F03002B03D182
:1015C0007B6843F07F437CE00023BB757B6823F09E
:1015D000070308337B607A683B689A4202D34FF076
:1015E000FF336EE07B681B68B3F1FF3F0ED17B6871
:1015F00010331B68B3F1FF3F08D17B6803F01F0372
:10160000002B03D17B6843F07F435AE07B683B614A
:101610003B691B78012B49D13B695B78012B45D194
:101620003B699B781A467B6813440533FB607B68F3
:10163000033318463B699B789BB2FA681946FFF75B
:101640004DFE0346002B31D17B683AE03B68083BF6
:101650007A689A4200D32CE07B681B68B3F1FF3FA5
:1016600000D126E07B681B78DBB2EF2B1BD17B68B7
:1016700001331B78DBB2002B11D17B6802331B785E
:10168000DBB2ED2B0BD17B6803331B78DBB2032B72
:1016900005D10123FB757B6807337B6006E07B681F
:1016A00004337B6002E07B6801337B60FB7D002BB1
:1016B000CCD03B68083B7A689A42FFF477AF4FF092
:1016C000FF3318461837BD4680BD80B588B000AFDF
:1016D000F860B9603B601346FB710023FB77FB6841
:1016E000BB61BB699B789BB203339BB2BB8395E024
:1016F000FB687B617B693B610023FB773B691B785F
:10170000FA799A4202D13B6801221A703B691B7830
:10171000092B3ED0092B06DC072B16D0072B1EDC2D
:10172000022B0CD05FE00D2B1FD00D2B02DC0A2BFF
:1017300039D058E01A2B22D0552B3DD053E0786990
:10174000FFF7DEFE0346FB774DE097F82830002BCD
:1017500040D0786906F00FF90346FB773AE07869E4
:1017600006F06CF80346FB773DE097F82830002B35
:1017700032D0786906F0C6F80346FB772CE097F87C
:101780002830002B2AD0786906F04EF90346FB7703
:1017900024E097F82830002B22D07869FFF7D2FD9B
:1017A0000346FB771CE097F8283019467869FFF765
:1017B00023FE0346FB7716E0FB681D4A934211D9CE
:1017C000FB681C4A93420DD87869FFF7BBFE0346BD
:1017D000FB7707E000BF06E000BF04E000BF02E0C7
:1017E00000BF00E000BFFB7F012B1CD0B7F91C300D
:1017F000002B18DDFA68BB689A4214D2BA8B3B6999
:101800005B789BB2D31A9BB2023B9BB2BB833B6912
:101810005B781A46FB6813440233FB60B7F91C304F
:10182000002B3FF765AFFB7F18462037BD4680BDD4
:10183000FF0F81006F1F810080B588B002AF3A6052
:101840001A460346FB710B46BB7113467B7100239E
:10185000FB75FB79002B04D1254B3B61254BFB60CD
:1018600038E0254B1B78002B01D185233BE0234B2F
:101870001B683B61214B1B6803F57763FB6029E024
:10188000F9683869FFF78AFE38613B69BB603B69DC
:1018900003F07F43002B08D03B6923F07F43144AB9
:1018A00093421CD10123FB7519E03B69B3F1FF3F63
:1018B00017D0BA797B7900933B68F9683869FFF7EC
:1018C00004FF0346FB75BB689B781A463B691344CB
:1018D0000A333B613A69FB689A42D1D302E000BF08
:1018E00000E000BFFB7D18461837BD4680BD00BF35
:1018F00000108100701F8100A4340120A034012059
:1019000080B584B000AF03463960FB711346BB71EC
:10191000BB79F9793A680020FFF78EFF0346FB7325
:10192000084B1B78002B08D0BB7907F10E02002171
:101930000120FFF781FF0346FB73FB7B184610373E
:10194000BD4680BDA434012080B588B000AFF860EA
:10195000B9603B601346FB710023FB77FB68BB61FA
:10196000BB699B789BB203339BB2BB83B6E0FB6839
:101970001B78FB75FB683B61FB79FF2B21D1FB7D5D
:10198000002B00F08C80FB7DFF2B00F08880BB6A71
:101990001B881A463B689818F9683B695B780233E4
:1019A0001A4625F047FFBB6A1A883B695B789BB2F1
:1019B00013449BB202339AB2BB6A1A800123FB77AD
:1019C0006DE0FA7DFB799A4269D197F82C30002BB3
:1019D0004CD0FB7D062B03D13B695B78072B22D0D3
:1019E000FB7D0B2B03D13B695B78042B1BD0FB7D6C
:1019F0000C2B03D13B695B78012B14D0FB7D102BA2
:101A000003D13B695B78182B0DD0FB7D152B03D1DF
:101A10003B695B78082B06D0FB7D182B1AD13B69FC
:101A20005B78042B16D1FB68023319463B695B785F
:101A30001A46386825F0FEFEBB6A1A883B695B7857
:101A40009BB213449BB202339AB2BB6A1A80012341
:101A5000FB7724E0BB6A1A883B695B789BB213442E
:101A60009BB202339AB2BB6A1A8018E0BB6A1B8829
:101A70001A463B689818F9683B695B7802331A4646
:101A800025F0D8FEBB6A1A883B695B789BB2134489
:101A90009BB202339AB2BB6A1A800123FB77BA8BDE
:101AA0003B695B789BB2D31A9BB2023B9BB2BB8370
:101AB0003B695B781A46FB6813440233FB60B7F955
:101AC0001C30002B03DDFA68BB689A4206D3FB7F0B
:101AD000012B01D1002306E0802304E0B7F91C307C
:101AE000002B3FF744AF18462037BD4680BD80B578
:101AF0008AB002AF03463960FB711F4BFB611F4B7D
:101B00007B610023FB810023FB7626E07969F8697D
:101B1000FFF744FDF861FB693B61FB6903F07F431C
:101B2000002B1ED1FB69B3F1FF3F1AD0FA790123D4
:101B3000019307F10E0300933B687969F869FFF799
:101B400003FF0346002B01D10123FB763B699B7801
:101B50001A46FB6913440A33FB61FA697B699A42AE
:101B6000D4D3FB7E012B01D1002300E08023184653
:101B70002037BD4680BD00BF00108100701F81006E
:101B800080B582B000AF786079680620FFF7AFFFBC
:101B90000346002B01D1012300E00023184608373B
:101BA000BD4680BD80B582B000AF786079681520F1
:101BB000FFF79DFF0346002B01D1012300E0002326
:101BC00018460837BD4680BD80B483B000AF78604A
:101BD000054B93F900207B681A70012318460C37D7
:101BE000BD465DF8047B70476E00002080B584B070
:101BF00000AF786007F10C0319460B20FFF777FF61
:101C00000346002B05D1B7F90C207B681A8001230D
:101C100000E0002318461037BD4680BD80B584B073
:101C200000AF786007F10C0319460B20FFF75FFF48
:101C30000346002B05D1B7F90E207B681A800123DB
:101C400000E0002318461037BD4680BD80B584B043
:101C500000AF786007F10F0319460C20FFF747FF2C
:101C60000346002B05D197F90F207B681A700123DA
:101C700000E0002318461037BD4680BD80B400AF99
:101C8000034B1B781846BD465DF8047B704700BFC8
:101C9000A434012080B483B000AF0346FB71044A32
:101CA000FB79137000BF0C37BD465DF8047B7047AD
:101CB000A434012080B400AF034B1B681846BD4616
:101CC0005DF8047B704700BFA034012001207047FD
:101CD00080B400AF084B5B68074A43F4800353604D
:101CE000054B5B68044A23F40063536000BFBD46A4
:101CF0005DF8047B704700BF0040014180B400AF35
:101D0000244B254A1A60254B254A1A60254B264A42
:101D10001A60264B264A1A60264B274A1A60274B20
:101D2000274A1A60274B4FF414021A60264B274AA1
:101D30001A60274B274A1A60274B284A1A60284BFB
:101D40001D4A1A60274B284A1A60284B284A1A60F5
:101D5000284B294A1A60294B43F642421A60284B05
:101D600000221A60274B284A1A60284B284A1A601A
:101D7000284B294A1A60294B164A1A60284B294ACF
:101D80001A60294B294A1A6000BFBD465DF8047BE2
:101D9000704700BF006001412122008010600141B6
:101DA0000A1426061460014110320C10186001411B
:101DB0001A2740201C600141F7FF4C462460014176
:101DC00006421E3E286001412C6001410600060EBD
:101DD0003060014154760C0E346001411A260038FF
:101DE000386001413C6001413832544E406001414D
:101DF0003240002044600141544E4C46486001414D
:101E000050600141586001414E4838325C600141E8
:101E1000514B464060600141322C50C86460014122
:101E2000686001411926544E6C6001414C463832BD
:101E300080B483B000AF0023FB7118E000BF00BF87
:101E400000BF00BF00BF00BF00BF00BF00BF00BF9A
:101E500000BF00BF00BF00BF00BF00BF00BF00BF8A
:101E600000BF00BF00BF00BFFB790133FB71FB79EE
:101E7000C72BE3D900BF0C37BD465DF8047B704724
:101E800080B500AF41F24401032006F09FFC43F609
:101E9000FF41522006F09AFC47F20801542006F058
:101EA00095FC48F24E515E2006F090FC47F28241CC
:101EB000602006F08BFC4CF61701612006F086FCD2
:101EC0004CF61701632006F081FC41F207316520D2
:101ED00006F07CFC49F20721672006F077FC47F208
:101EE0008241682006F072FC4BF21561692006F011
:101EF0006DFC4BF215616B2006F068FC41F2053178
:101F00006D2006F063FC49F205216F2006F05EFCAF
:101F100048F20701772006F059FC49F61E61E920D6
:101F200006F054FC4FF60171EF2006F04FFC40F62E
:101F30008321F92006F04AFC00BF80BD80B400AFC9
:101F400000BFBD465DF8047B7047B0B58CB000AFF4
:101F50004FF00003FB61012302220221332006F02F
:101F600097FC01230C220C21192006F091FC01237F
:101F700000220021152006F08BFC002308220A21F4
:101F8000082006F085FC012307220721092006F01E
:101F90007FFC012301220121092006F079FC0023A6
:101FA00000220021092006F073FC01230F220F21DB
:101FB000002013F073FD00230D220D21002013F0EB
:101FC0006DFD0023012201214C2013F067FD002349
:101FD000032203214C2013F061FD0123042204217C
:101FE0004C2013F05BFD4FF4007300220C212620DF
:101FF00006F04EFC142006F0E5FC0023FB620023F3
:1020000087F82B301EE00123002200214C2013F022
:1020100045FD002200214C2013F080FD0346002BDB
:1020200000D0F6E700BF00220F214E2013F076FD0E
:1020300003461A46FB6A1344FB6297F82B300133C0
:1020400087F82B3097F82B30032BDCD9F86A25F072
:10205000FFFB04460D4697F82B30184625F0F8FB99
:1020600002460B462046294609F07CF903460C46F9
:10207000C7E908344FF00002774BD7E9080122F096
:10208000CDF80346002B26D04FF00002734BD7E962
:10209000080126F07DFF03460C46184621464FF006
:1020A00000026F4B09F05EF903460C4618462146C4
:1020B00063A3D3E900230FF02DFC03460C4618461A
:1020C00021464FF00002674B09F04CF903460C46DD
:1020D000C7E908341CE04FF00002614BD7E9080162
:1020E00009F040F903460C461846214654A3D3E9AB
:1020F00000230FF00FFC03460C46184621464FF014
:102100000002584B09F02EF903460C46C7E9083483
:10211000D7E90834C7E90434534BD3E902341A46EB
:102120002346D7E9040126F033FF03460C46C7E9EE
:1021300002344D4BD3E904341A46234642A1D1E977
:10214000000109F00FF903460C461A462346D7E969
:1021500002010FF0DFFB03460C46C7E90034424B97
:10216000D3E900341A462346D7E9000126F010FFD0
:1021700003460C461846214635A3D3E9002309F04F
:10218000F1F803460C46184621461FF0B1FA034603
:10219000FB61002300220C21262006F079FB00239E
:1021A00002220221332006F073FB00230C220C21B3
:1021B000192006F06DFB002300220021152006F0F7
:1021C00067FB052308220A21082006F061FB002393
:1021D00007220721092006F05BFB002301220121D1
:1021E000092006F055FB002300220021092006F0FB
:1021F0004FFB00230F220F21002013F04FFC01237F
:102200000D220D21002013F049FC002301220121A1
:102210004C2013F043FC0023032203214C2013F035
:102220003DFC0023042204214C2013F037FCFB6901
:1022300007EE903AB0EE670A3037BD46B0BD00BF3A
:10224000666666666666E63F3D0AD7A3703DDA3F7E
:10225000BC5983F755B9603F0000E0400000F040F2
:10226000000090400000F83F7800002090B5A1B039
:1022700000AF03460A46FB8013467B71032387F8B1
:102280007F30A04A07F11C0311466022184625F052
:10229000D1FA9D4B07F10C040FCB84E80F00B7F97E
:1022A0000630272B0BDC0A2B1DDA13F10B0F16DC83
:1022B00013F1190F0FDA13F5004F24DB07E04F2B52
:1022C00002DC3C2B17DA12E0632B1CDC17E0002346
:1022D00087F87F301BE0012387F87F3017E0022367
:1022E00087F87F3013E0032387F87F300FE0042363
:1022F00087F87F300BE0052387F87F3007E006235F
:1023000087F87F3003E0072387F87F3000BF7F4BDB
:102310001B7897F87F209A4200F0F0807B4A97F86C
:102320007F3013707B79002B22D197F87F201346E2
:102330005B0013449B0007F180021344643B1B784D
:102340009BB20B220F21E52006F0A2FA97F87F201E
:1023500013465B0013449B0007F180021344633B68
:102360001B789BB20B220F21E72006F091FA1BE0AD
:1023700097F87F305B0007F18002134413F8743C38
:102380009BB20B220F21E52006F082FA97F87F30EE
:102390005B0007F18002134413F8733C9BB20B22DD
:1023A0000F21E72006F074FA97F87F2013465B00B0
:1023B00013449B0007F180021344623B1B789BB2DD
:1023C00007220821FC2006F063FA97F87F201346C5
:1023D0005B0013449B0007F180021344613B1B78B0
:1023E0009BB204220521E12006F052FA97F87F20E3
:1023F00013465B0013449B0007F180021344603BCB
:102400001B789BB206220721E12006F041FA97F8DB
:102410007F2013465B0013449B0007F180021344A6
:102420005F3B1B789BB202220321E52006F030FAC5
:1024300097F87F2013465B0013449B0007F180024E
:1024400013445E3B1B789BB200220321E72006F079
:102450001FFA97F87F2013465B0013449B0007F197
:10246000800213445D3B1B789BB204220721E720C6
:1024700006F00EFA97F87F2013465B0013449B008A
:1024800007F1800213445C3B1B789BB201220321BD
:10249000E22006F0FDF997F87F2013465B00134415
:1024A0009B0007F1800213445B3B1B789BB2032225
:1024B00004210A2006F0ECF997F87F2013465B0010
:1024C00013449B0007F1800213445A3B1B789BB2D4
:1024D0000E220F21512006F0DBF997F87F201346DA
:1024E0005B0013449B0007F180021344593B1B78A7
:1024F0009BB208220E21522006F0CAF900BF843791
:10250000BD4690BD64D30101C4D30101343A01201A
:1025100080B582B000AF0346FB80104BB3F90030AA
:10252000B7F906209A4214D0B7F906307F2B02DDA6
:102530007F23FB8007E0B7F9063013F1800F02DA42
:102540004FF68073FB80FB88002207215A2006F09B
:102550009FF900BF0837BD4680BD00BF363A012055
:1025600080B483B000AF03460A46FB8013467B71FC
:1025700000BF0C37BD465DF8047B704780B400AFE8
:102580000C4B03F5F15308331A680B4B1B68D31A35
:1025900023F07043094A934205D8094B1B78002B5E
:1025A00001D0012300E000231846BD465DF8047BFE
:1025B000704700BF0020014198000020FEFFFF0788
:1025C0007000002080B584B000AF0346FB71FFF7B8
:1025D000BCFCF0EE407AFDEEE77A17EE903AFB8114
:1025E000B7F90E301846FFF793FF0D4B1B78C3F376
:1025F0000003DBB21A46B7F90E3011461846FFF752
:1026000035FE084B03F5F15308331B6803F54033DF
:1026100023F07043044A136000BF1037BD4680BDED
:1026200090000020002001419800002080B584B077
:1026300000AF0346FB710023FB73264A13786FF348
:1026400000031370244B00221A70FB79002B03D077
:10265000FFF73EFBFFF752FBFA7907F10F0319462C
:102660000720FFF74DF9FB79002B2DD01B4805F013
:10267000EFF91A4BD3E900014FF000024FF00003CD
:1026800022F074FA0346002B03D1154B01221A7075
:1026900002E0134B00221A70124B4FF440321A60C2
:1026A000114B40F271429A60FB79012B03D10E4B22
:1026B000FF229A6102E00C4B7F229A610A4B13229F
:1026C0001A60094B4022DA6005F0F2F900BF1037BA
:1026D000BD4680BD900000206E00002078000020E4
:1026E00070000020980000200010014180B400AF6D
:1026F00000BFBD465DF8047B704780B500AF002188
:10270000122006F063F800BF80BD00BF80B588B01E
:1027100000AFB96011461A460346FB810B46BB81E8
:102720001346FB80FB893B82BB687B61BB893B8393
:10273000FB887B830E4B1B68FB6110E0FB691B6809
:1027400007F1100210469847034683F00103DBB2FD
:10275000002B01D0002306E0FB695B68FB61FB698D
:10276000002BEBD1012318462037BD4680BD00BFAA
:10277000643301201FB504466946008800F0AEF9B5
:1027800068B3BDF80230ABB1019B9BB1029BD3B9DA
:10279000A2882088CAB1A368BBB16188FEF792FA0B
:1027A000D0B14FF0200383F31188BFF36F8FBFF3D5
:1027B0004F8FFEE74FF0200383F31188BFF36F8F35
:1027C000BFF34F8FFEE79847E2E7019BBDF8022079
:1027D0000021FEF777FAE3E7208800F0C6F904B09D
:1027E00010BD7FB56946054600F078F910B90020A4
:1027F00004B070BDBDF80230A3B1019B93B1029B40
:10280000CBB92846FEF7E6FA019ABDF80210064653
:102810002846FEF7FDFA022804460ED1B4FA84F0E9
:102820004009E5E74FF0200383F31188BFF36F8F72
:10283000BFF34F8FFEE79847E3E740B14FF0200327
:1028400083F31188BFF36F8FBFF34F8FFEE73346DB
:10285000BDF8022001992846FFF758FF0028DDD176
:10286000C5E71FB504466946008800F037F910B97E
:10287000002004B010BDBDF8023093B1019B83B1BC
:10288000029BBBB96188A288BDF8023088189842C3
:10289000EEDCA3682088FEF773FAB0FA80F04009F6
:1028A000E7E74FF0200383F31188BFF36F8FBFF387
:1028B0004F8FFEE79847E5E773B5DFF840C00E4D50
:1028C00006460C4600226B46688891B2884201D8C1
:1028D00000200EE00CEBC20103C983E80300BDF841
:1028E0000610B14202F10102EED103CB206061601B
:1028F000012002B070BD00BF683301202804000130
:102900002DE970411E4B85B00646186825F030FE53
:10291000002480462546A04510D865BB2A4631468E
:10292000174825F0C3FB012825D04FF0200383F37F
:102930001188BFF36F8FBFF34F8FFEE7002201A90D
:102940000F4825F0F1FD01280CD1019A33680C489D
:102950009A4208BF012501A90022013425F0A6FBF7
:10296000E4B2D8E74FF0200383F31188BFF36F8FF1
:10297000BFF34F8FFEE7012005B0BDE8708100BFB7
:10298000F835012010B5044688B108200EF0F4FD9A
:1029900040B94FF0200383F31188BFF36F8FBFF36B
:1029A0004F8FFEE7024B04601A694260186110BD48
:1029B0006833012010B5044688B108200EF0DCFD14
:1029C00040B94FF0200383F31188BFF36F8FBFF33B
:1029D0004F8FFEE7024B04601A684260186010BD1A
:1029E0006433012010B5044608200EF0C5FD28B15F
:1029F000034B04805A6942605861012010BD00BF3A
:102A00006833012000F44063B3F5406F13B514D16F
:102A10006946FFF751FF70B9002002B010BD009B5E
:102A200033F81400FEF730FB0134E4B2BDF8043093
:102A3000A342F4D8F0E70024F8E7FEF725FBEBE724
:102A4000034B00229880C3F80620181DDA6057E770
:102A500068330120054B5B690BB9184670471A882B
:102A6000824201D05B68F7E701207047683301209C
:102A70007FB5184B184D5E6904464EB90120FEF72C
:102A80005BFB3146286817F011FA002004B070BDD6
:102A9000FEF752FB24B10021286817F007FAF4E78B
:102AA000286825F065FD0646A642EED9002201A958
:102AB000284625F039FD012809D1BDF80400FFF7AB
:102AC000C9FF20B1002201A9284625F0EFFA013400
:102AD000E4B2E9E768330120F83501202DE97041BF
:102AE000DFF848C0DFF8488085B086460E460025EE
:102AF0006C4600BFBCF80030AB4201D8002010E0AB
:102B000008EB05130FCB84E80F00BDF800307345C8
:102B10000AD1234603CB3060716003CBB060F16013
:102B2000012005B0BDE870810135E3E7683301207D
:102B3000280300011FB50446008800F44063B3F584
:102B4000406F02D1002004B010BD6946FFF7C6FFF8
:102B50000028F7D0A28863881344BDF8022093426E
:102B6000F0DC2046FFF7CCFEEDE738B5044B1C69DE
:102B7000054604B938BD2368284698476468F8E7D5
:102B80006833012030B585B0044669460088FFF7F8
:102B9000A5FF002845D0BDF80230D3B1019BC3B1D9
:102BA000029BFBB92088FEF707FB2588E0B9019A54
:102BB000BDF802102846FEF72BF910F0FD0F2DD0BE
:102BC0004FF0200383F31188BFF36F8FBFF34F8F54
:102BD000FEE74FF0200383F31188BFF36F8FBFF33D
:102BE0004F8FFEE79847DDE7A2887AB1A3686BB103
:102BF00061882846FEF766F880B14FF0200383F322
:102C00001188BFF36F8FBFF34F8FFEE7019BBDF8B5
:102C1000022000212846FEF755F8EDE72088FFF74F
:102C2000A4FF05B030BD024B186826F00AB900BFFA
:102C3000F835012030B5174D89B0002202A9284689
:102C400025F072FC012801D009B030BDBDF80800A4
:102C500000F44063B3F5406F17D16946FFF72CFECF
:102C60000028EAD00024CDF816400794BDF80430BF
:102C7000A342E2D9009B05A833F81430ADF8143014
:102C80000134FFF77FFFE4B2F0E702A8FFF77AFF15
:102C9000D3E700BFF835012030B50446008800F4C2
:102CA0004063B3F5406F85B003D10025284605B0D9
:102CB00030BD6946FFF712FF05460028F5D0A2880F
:102CC00063881344BDF802209342EEDC2046FFF7F0
:102CD00059FFEBE700F44063B3F5406F37B518D107
:102CE0006946FFF7E9FD054688B900250CE0009B21
:102CF00033F81400FEF760FA0028F6D00134E4B28D
:102D0000BDF80430A342F2D8284603B030BD0024F9
:102D1000F6E7FEF751FA0546F6E700F44063B3F52F
:102D2000406F13B516D16946FFF7C6FD80B9012083
:102D300002B010BD009B33F81400FFF752FD0028CD
:102D4000F6D00134E4B2BDF80430A342F2D8EEE785
:102D50000024F8E7FFF745FDEAE7038803F4406342
:102D6000B3F5406F00D07CE5002070474833012068
:102D70001C000000000000000035012008000000D9
:102D800000000000E83201202000000000000000E8
:102D9000343201203200000000000000083501201C
:102DA00004000000000000008F2E01200100000040
:102DB00000000000000000200C00000000000000E7
:102DC0009034012008000000000000006C34012055
:102DD0000C00000000000000702F01200001000026
:102DE00000000000F431012040000000000000005D
:102DF000783401200C000000000000000C35012098
:102E00000400000000000000FF3401200100000069
:102E100000000000843401200C00000000000000CD
:102E20001035012004000000000000000C0000200C
:102E30005800000000000000143501200C000000C4
:102E400000000000EC390120040000000100000037
:102E5000AAAAAAAA20350120040000000000000050
:102E60005802002024280100000000002435012021
:102E7000100000000000000098340120080000004D
:102E800000000000343501200C00000000000000AC
:102E9000F0300120640000000000000040350120F7
:102EA0001400000000000000B033012028000000E2
:102EB0000000000054350120100000000000000058
:102EC000D833012014000000000000006435012008
:102ED0000400000000000000EC3301202800000086
:102EE000000000006835012008000000000000001C
:102EF000303A01200400000001000000040000003E
:102F0000640000200A0000000000000029360120B3
:102F10000200000001000000F80E0000A0340120B3
:102F200008000000000000006E000020010000000A
:102F300000000000343A01200400000001000000FD
:102F4000FF00FF7F700000202C0000000000000048
:102F5000A83401200800000000000000E634012031
:102F60000500000000000000703501200400000092
:102F7000000000009C000020040000000000000091
:102F8000B03401200800000000000000A000002074
:102F90000C0000000000000096320120020000003A
:102FA000000000001A3601200200000000000000AE
:102FB000EB3401201400000000000000083601205E
:102FC0000200000000000000083301202000000083
:102FD000000000000A36012002000000000000008E
:102FE000803301201800000000000000743501202B
:102FF0000400000000000000902E0120E00000000E
:10300000000000000C36012002000000000000005B
:10301000B834012008000000000000001434012032
:1030200014000000000000007835012004000000BA
:1030300000000000AC0000200400000000000000C0
:103040007C3501200800000000000000B0000020D6
:103050002A00000000000000843501200C00000060
:1030600000000000C0340120080000000000000043
:10307000903501201000000000000000DC0000205E
:1030800010000000000000001C36012001000000BC
:1030900000000000C834012008000000000000000B
:1030A0002833012020000000000000001D36012010
:1030B0000100000000000000A03501200800000011
:1030C000000000001E36012001000000000000008A
:1030D000A835012008000000000000001F36012074
:1030E0000100000000000000B035012004000000D5
:1030F0000000000020360120030000000000000056
:103100000E3601200200000000000000B43501204E
:103110000400000000000000103601200400000040
:1031200000000000B835012004000000000000008D
:103130003C34012020000000000000002336012064
:103140000100000000000000D03401200800000051
:1031500000000000BC350120080000000000000055
:10316000EC0000200400000000000000C435012035
:103170001000000000000000F00000200800000027
:1031800000000000D4350120040000000000000011
:10319000C43201202400000000000000543101204E
:1031A0005000000000000000243601200100000053
:1031B00000000000F80000204400000000000000B3
:1031C000253601200100000000000000D835012054
:1031D0000800000000000000143601200400000078
:1031E0000000000026360120010000000000000061
:1031F0003C0100206C00000000000000D8340120D9
:103200000800000000000000E0350120040000007C
:1032100000000000A80100200400000000000000E1
:103220002736012001000000000000005C3401206E
:10323000100000000000000018360120020000000D
:10324000000000007030012080000000000000003D
:10325000283401201400000000000000AC01002010
:103260000400000000000000E4350120040000001C
:1032700000000000B00100201A0000000000000063
:10328000283601200100000000000000E835012080
:103290001000000000000000CC0100202000000011
:1032A0000000000066320120300000000000000035
:1032B000E0340120060000000000000098320120E8
:1032C0002C00000000000000EC0100205400000071
:1032D00000000000983301201800000000000000EA
:1032E00040020020180000000000000064330120AC
:1032F0001C00000000000000F8350120080000005C
:10330000000000007C2A01201304000000000000DF
:10331000003601200400000000000000A43101205C
:1033200050000000000000000436012004000000EE
:103330000000000000000000000000002DE9F04344
:10334000074689B018220E4602A8002125F08EF803
:103350003C681FF02BF90023237522F04DFDA36F6D
:10336000DA0505D519F0DEFE1DF01EFAAFF3008078
:10337000B4F85C3001339BB2A4F85C30EBB9B4F81C
:10338000503053B1B4F85420524292B2B2FBF3F130
:1033900003FB11229B1AA4F85430E36FDB070CD512
:1033A000D4F8B4114B8943B18A89524292B2B2FB2C
:1033B000F3F003FB10229B1A8B81B4F85A300BBB3D
:1033C000E06F10F0010040F07D8101460546B4F841
:1033D00050C0BCF1010F00F08B81D5B9B4F8542076
:1033E000B4F85C309A4240F27C81D21A92B2B2FBBD
:1033F000FCF50CFB152292B2002A40F07B81A4F868
:10340000582075E1013B9BB2A4F85A30002BD7D06D
:103410000025E37D012B66D1A36FDA010CD5D4F82A
:10342000CC0025F02DFE8046D4F8CC0025F0D9FD47
:103430000146404623F038F9D4F8C830DB0110D5F6
:1034400020461CF091FD60B1D4F8CC0025F018FEA8
:103450008046D4F8CC0025F0C4FD0146404623F058
:1034600023F9A26FD4F8803012F0007900F068815F
:10347000D4E921929B00403302F1FF384FF6FC72F1
:103480001A40D4F8CC1002A81EF037FAD4E9202153
:1034900040F272234B4303EB42032033A8EB0908AD
:1034A000C4F88C304FEA482305939DF8083043F068
:1034B00010038DF80830E37D012B14D1E3681BB9AC
:1034C000A36F23F48053A367A36F13F4505F00F03E
:1034D0009F81180240F1F78123F40003A367D4F819
:1034E000CC0025F055FC002D3DD1A36F1A023AD433
:1034F000B4F85A30002B36D1B4F85450B4F85C20EC
:10350000B4F8500095428CBFAB1A531B9BB2B3FB6F
:10351000F0F100FB1131954289B2E36F9CBF411A73
:1035200089B2DB0717D5D4F8B4C1BCF80C50BCF88D
:103530000AC095428CBFAB1A531B98B2B0FBFCF388
:103540000CFB13039BB295429CBFACEB03039BB2F5
:10355000994228BF194631B1A4F85A100022D4F874
:10356000CC0025F00FFC1FF021F8A36F23F03C5393
:1035700023F44C63A367D4F8C83023F08073C4F8F5
:10358000C83022F039FCA36F9D0729D51FF00EF833
:10359000A36F23F0020343F00403A36722F02CFC83
:1035A00001A9D4F8CC0024F0EDFB019B5B0A019348
:1035B000226F13442367384624F020F994F86D30C5
:1035C000D4F8CC0043F0100384F86D3025F058FD9A
:1035D000C4F8C000D4F8CC0025F003FDA4F8BC006A
:1035E000A36F980211D51EF0E1FFA36F23F400131F
:1035F000A36722F001FC204623F06CFD9DF8083003
:10360000069043F020038DF80830A36F990540F130
:103610004181A38F002B00F04E81B4F86830002B5D
:1036200000F04981013BA4F86830002384F8283079
:103630001EF0BCFFA36FD80554BF23F4844323F4CA
:103640008643A36722F0D8FB94F86D3059070CD558
:1036500001AB04229E49019701201AF0A9FE94F8BB
:103660006D306FF3820384F86D30D4F8443143B188
:103670001A7C520641BFD3F82220137A43F020036C
:10368000137294F8F2305B060CD5019494F8F23082
:1036900090496FF3861384F8F230042201AB0120C5
:1036A0001AF086FE002E00F00A8102AB03CB3060D8
:1036B000716003CBB060F16003CB3061716109B020
:1036C000BDE8F083D4E96D3194F8E420082A18BFEE
:1036D00019464D8905F1FF3CDCF1000545EB0C0571
:1036E00075E69A1A92B2002A7FF481AEA4F8585077
:1036F00001258EE6B4F8582022B1013AA4F85820EA
:10370000022586E600283FF483AE8A899A4212D9C0
:10371000D31A9BB24889B3FBF0F200FB12339BB281
:10372000002BE5D0B4F85230012BE9D80B8A012BDD
:103730007FF66EAEE4E79B1A9BB2002BD8D0E9E788
:1037400012F001023FD0D4F88C10D4F8840001F1BB
:10375000200808EB430840F2722101FB0088607DDD
:1037600058B10321B0FBF1F101EB4101411A11F015
:10377000FF0F04BF08F272289146B8F5004FBFF45E
:103780009AAE618F40F271224A43963A9045BFF457
:1037900092AE9B0040334FF6FC721A40D4F8CC1026
:1037A00002A81EF0AAF8C4F88C8001A9D4F8CC00B5
:1037B00024F0E8FAD4F88430019AC3EB5223A3EB47
:1037C00009035B0270E69B0003F598734FF6FC72E9
:1037D0001A40D4F8CC1002A81EF08FF8D4F88C3020
:1037E000D4F88020D4F8CC007A3303EB4203D4F829
:1037F000842040F2722101FB0233C4F88C3001A90D
:1038000024F0C0FAD4F88430019AC3EB5223D8E7ED
:1038100099067FF568AE94F86C2092077FF563AE49
:10382000A18F00293FF45FAE18023FF59CAE25B191
:10383000B4F85020012A7FF496AEB4F85820002A3C
:1038400041D1B4F85000A4F8681043F400030128F3
:10385000A36704D1D4F8CC0025F094FA43E6B4F879
:1038600054E0B4F85CC0E6458CBFAEEB0C03ACEBA7
:103870000E039AB2B2FBF0F300FB13239BB2E645B2
:103880009CBFC31A9BB211FB003189B2A4F85A1035
:103890000022DFE75A040ED51D047FF5C6AE204690
:1038A00021F04EFC9DF808308DF8090043F001032B
:1038B0008DF80830B9E6204624F0C4FDF2E702A8EE
:1038C0000CF0BEF9FBE6002D3FF412AE4BE600BF54
:1038D000A204010105070101F8B58B1E04460E463E
:1038E000232B38D8DFE813F02400370037003700E7
:1038F00030007A003700F200370006014901670105
:10390000370078013700E201260239023C026302E7
:103910007F023700370037003700370037009A0240
:103920009E023700370037003700A202A502A80226
:10393000D0F8C430DE0702D501252846F8BD90F83E
:10394000E01022F07EFCF7E790F8F4309D0712D4E7
:103950003D2122F076FCC84B1B68002B40F06F82A3
:10396000C64B1D68002DE8D031462046A847051CEF
:1039700018BF0125E1E7C37DABB990F8E25094F898
:103980006D3023F0600384F86D30204620F0C3F8DA
:10399000212D16D101220021204622F0BBFEE37D1D
:1039A000ABB9002116E0062123F02CFC0028D2D070
:1039B00094F8F43094F8E45043F0010384F8F430C0
:1039C000DDE7222DEBD1204623F073F8E7E7012B4A
:1039D000B2D10121204610F04FF9ADE790F8E13067
:1039E000162B44D014D80E2B28D008D8032BD8D1AE
:1039F00090F8ED306FF3000380F8ED30D1E70F2B36
:103A000026D0142BCDD190F8ED306FF34513F3E7AA
:103A1000232BC6D3252B3DD9283B012BC1D8D0F869
:103A2000500120B120F0A0FD0023C4F8503194F8DB
:103A3000F2306FF3041384F8F230B2E790F8ED300F
:103A40006FF3C30380F8ED301A2120F043FAA8E7A2
:103A500090F8ED306FF3410380F8ED30C37D13B97A
:103A600020F013FC68E71A211AF002FB99E7012104
:103A700023F052F824F0B2FD00210546204623F041
:103A80004BF824F0ABFD1A2302462946204620F0CD
:103A9000B9FD86E7D0F84431002B82D0D3F822005C
:103AA00060B120F061FDD4F84431002283F8222077
:103AB00083F8232083F8242083F82520D4F84401B8
:103AC00020F052FD0023C4F844316AE790F8E25038
:103AD00005F0FD05012D7FF42FAFD0F8B431002B98
:103AE0003FF42AAF002120F0F5F90021204610F024
:103AF000C3F822E7C57D4DBB90F8E230222B7FF45E
:103B00001BAF90F8E330042B7FF416AF0B2123F0AA
:103B100079FB00283FF41FAF204619F085FE0546CB
:103B200078B1012384F8E33094F8F43023F00303F0
:103B300084F8F43094F86D3043F0400384F86D302D
:103B4000FBE60146204621F0D3FF04E7012D7FF478
:103B5000F3AE90F8E430222B7FF4EEAE90F8E5302F
:103B6000042B7FF4E9AE022380F8E53090F8F430BE
:103B70006FF3000380F8F430DFE60C2118F008F949
:103B8000054600283FF4D8AE94F8E230022B06D167
:103B9000002684F8E260204621F082F9A5E794F837
:103BA000F23019073FF5C8AE20461FF0F3FD00289C
:103BB0007FF4C2AECFE624F0AFFB00283FF4F1AEB5
:103BC00094F86D3023F0600384F86D3000221A21E0
:103BD000204622F09FFDE4E690F8E450002D7FF4AB
:103BE000ABAE1FF045F9002852D0112384F8E43021
:103BF0000F21204618F0CCF8002800F00981D4F8F5
:103C0000B87125F0A1F8012826D97B8B628FD4F8F2
:103C1000CC009A421ABF40F2E2415943294624F0AF
:103C200006FAA4F8A800B4F8A82032B1798BB2FB48
:103C3000F1F301FB1323A4F8A830204620F064FF21
:103C4000054660B1204621F07CFB94F8F23043F049
:103C5000010384F8F23070E6A4F8A850EDE7E37DA4
:103C600073B90421204610F071F900287FF464AE86
:103C7000002384F8E4306EE6C4350120C835012005
:103C8000012B7FF459AE1021204611F097F8ECE794
:103C90000F211E2220461EF005F801210546204670
:103CA0000FF0EAFF002D3FF456AE45E690F8E23003
:103CB000132B2BD00ED8082B37D0112B7FF471AEDD
:103CC000C37DDBB990F8E0101A2911D1012110F061
:103CD0003DF96CE7213B012B3FF663AE90F86D3068
:103CE00090F8E01023F0600380F86D30002270E758
:103CF00090F8F230DA077FF554AEB5E690F8F2307E
:103D0000DB077FF54EAE90F8E010ADE6012122F022
:103D100003FF24F063FC00210546204622F0FCFE50
:103D200024F05CFC94F8E030AEE690F8E0101DF072
:103D300063FB36E6122118F02BF818B920461FF065
:103D4000EAFEF9E594F8E430002BF7D11321204680
:103D500023F058FA0028F1D1FDE51FF0DCFE20E643
:103D600090F8E430002B7FF4E7AD142118F010F840
:103D700000284DD094F8E430002B7FF4DDAD142101
:103D800020460FF0F1F8054620461FF02FFA20B923
:103D9000012120460FF070FFDDE5002D3FF419AE44
:103DA000204620F04DFE204622F020FD11E690F83E
:103DB000E230052B01D0032B10D1D4F8B4316BB114
:103DC000152120460FF0D0F800283FF4EAAD204638
:103DD00020F036FE204622F009FDE2E515212046BE
:103DE00022F089FEA8E590F8E430002B7FF4A4AD22
:103DF000132380F8E430162117F0CAFF40B1E37DA9
:103E0000204613B90AF022FF2FE71CF07DFB2CE7B8
:103E100094F8E630002B7FF48FADDAE521F064FCF6
:103E200005463FE7002121F0D0FDBAE516F040FD40
:103E3000F6E707F0B1FDF3E713F0FCFBF0E73146DE
:103E40002046984700283FF48BAD75E570B50378A0
:103E5000C4B00446202B3BD8DFE813F021004C000F
:103E600013023A003A003A003A006F003A00420169
:103E70003A003A00710198023A003A003A009E0175
:103E8000EC0192001A023A003A003A003A003A0075
:103E90003A003A0022024D0271023A00CC01C58874
:103EA000284620F0DDFE0246A8B9B84B0093CDE9C4
:103EB000015004231021EE2010F0D4FC0022043421
:103EC00001920094062305214FF4827021F09EFB9D
:103ED000012044B070BD20F0C5FAE388ADF812307F
:103EE000237A8DF8143004A801238DF810301CF0CB
:103EF00051FDE3E7C588284620F0B2FE024680B9AE
:103F00000123CDE90153A14B009310210423EE209E
:103F100010F0A8FC0022043401920094062308212A
:103F2000D2E703238DF8103004A82379ADF812509E
:103F30008DF814301CF02EFDECE7C588284620F0E3
:103F40008FFE024680B90723CDE901538F4B0093C2
:103F500010210423EE2010F085FC0022043401928D
:103F6000009404233021AFE703238DF8103004A818
:103F70002379ADF812508DF814301CF00BFDECE7EE
:103F8000037A834D012B60D1286800F5DA7010F0B8
:103F90003FF92A681378002123F0010313700846C3
:103FA00021F0DCFA1EF08CF92379002B40F085809B
:103FB000E388002862D12278CDE90132754B009365
:103FC000024604231121EE2010F04CFC23798DF8D9
:103FD000123004F10A06E388ADF814303146237A32
:103FE000607A8DF8163021F0A3FEE389ADF81C301D
:103FF000637D8DF8170003F0C003D4F80A00069023
:10400000402B5FD1234653F8102FCDF81E209B88FC
:10401000ADF822302346002553F8160F09909B88EF
:10402000ADF82830A38BADF82A3004A8D4F81E30A0
:104030000B9304348DF810501CF0ACFC01950094E7
:1040400020232A464FF49F713EE72A68137823F015
:10405000040313700221002021F080FA2B6803F57D
:10406000087203F5107300BF52F8040B10B1C17849
:10407000012999D09342F7D1002095E703800223CC
:10408000C370237A8370A38B8381E38BC381238CDA
:1040900003822B6893F821200271627D02F0C00236
:1040A000402A0ABF234653F8221F53F8101FC0F8B6
:1040B0000510421D9B88938088E7002886D020F059
:1040C000D1F983E72B6893F82120022A02D153F813
:1040D000222F9AE70023CDF81E30ADF8223099E761
:1040E000C588284620F0BCFD024688B90923CDE9E1
:1040F0000153264B009310210423EE2010F0B2FB55
:1041000000220434019200940A2340F23E31DBE69F
:104110000023837402238DF81030E388ADF8123049
:1041200023798DF814302389ADF81630A268A3895D
:10413000069204A8ADF81C301CF02CFCE0E7858842
:10414000284620F08DFD024688B90C23CDE90153A5
:104150000E4B009310210423EE2010F083FB00226D
:104160000434019200940A2340F23E61ACE6062337
:104170008DF81030D4F80630059304A8D4F80A302E
:10418000ADF8125006931CF005FCE8E748E3010186
:104190009C0000207CE30101C588284620F060FDDA
:1041A00090B91123CDE901537C4B009302460423BF
:1041B0001021EE2010F056FB0022043401920094EE
:1041C0000C2340F23E417FE62379002BF4D1237A81
:1041D0009B0605D544F29022FB2100881BF0E0FCF1
:1041E00017238DF8103004A8E388ADF812301CF0C6
:1041F000D1FBE1E78588284620F032FD024680B9F0
:104200002023CDE90153654B009310210423EE20B8
:1042100010F028FB0022043401920094022357215D
:1042200052E60B2304A88DF81030ADF812501CF0A4
:10423000B1FBEFE7C588284620F012FD024688B999
:104240001223CDE90153554B009310210423EE2096
:1042500010F008FB0022043401920094062340F67B
:104260003E4131E60C238DF8103023798DF814305F
:1042700004A82389ADF81250ADF815301CF08AFB64
:10428000E8E700220434019200940A230C211BE683
:104290000022043401920094042341F23E4113E6CB
:1042A000C588284620F0DCFC024688B91C23CDE9ED
:1042B00001533A4B009311210423EE2010F0D2FA5F
:1042C00000220434019200940A2342F23E11FBE5DD
:1042D00014238DF8103023798DF81230A26894F9E8
:1042E0000C30ADF8145004A8CDF816208DF81A3013
:1042F0001CF050FBE4E78588284620F0B1FC02461C
:1043000088B91D23CDE90153244B009311210423C7
:10431000EE2010F0A7FA0022043401920094042346
:1043200042F23E01D0E516238DF8103004A8E38850
:10433000ADF81250ADF814301CF02CFBEBE7C5883B
:10434000284620F08DFC024688B91E23CDE9015392
:10435000124B009311210423EE2010F083FA002267
:104360000434019200940C2343F63E61ACE518231B
:104370008DF81030A368CDF8163004A8E368ADF8C6
:104380001450CDF81A301CF005FBE8E70022043485
:10439000019200940A2340F23E7195E548E3010141
:1043A0002DE9F04F044699B005284CD8DFE810F00D
:1043B00006004B0037024A025D026302BF4E3368BB
:1043C0001A78D70602D5D86B14F03EFEBC4BD6F84F
:1043D00000E01D68D5E91823CDE90423002200235D
:1043E000C5E918230EF106030EF12E0213F8010B96
:1043F00004449A42A4B2F9D1E408222C9CBFC4F12F
:104400002504E0B24FF0000488BF0220A44600BF9C
:104410009EF8033063451AD2D5E91823CDE90A2363
:10442000A84B9A69002A58D1DB68002B55D1A54BBF
:104430009B68002B40F0E581A04B186828220021E2
:10444000063024F013F8002019B0BDE8F08F2421C5
:104450004FF000088B1CDBB20C2B28D00B2B4FF03D
:1044600001032FD8CF18A1F11F02C7F1200603FACC
:1044700002F223FA06F63243BB40D5E9167603EA88
:10448000070A02EA060B5AEA0B0610D00EF10806DC
:10449000765C66450BD1D5E918763B43324301344F
:1044A000C5E91832E4B2A04298BF4FF001080139C3
:1044B0008E1CCFD1B8F1000FAED10CF1010C5FFA18
:1044C0008CFCA5E7A1F12002C1F1200603FA02F25B
:1044D00023FA06F632438B40CFE77B4BD3F800A09C
:1044E000BAF1000FA3D0774DAB69002B00F05F81CC
:1044F000DAF808301A7A042A40F059811D686F4BA7
:10450000012128461E6822F007FBDDE90A23DDE9C8
:104510000478434508BFBA4204D195F8F2309906B1
:1045200040F12281C0F347000644284696F840B087
:1045300021F03BFE0990002800F0168195F8F2303A
:104540009A0644BF6FF3451385F8F230D5F8503121
:104550005B4A002B00F09980D3E90031079301F00A
:104560001F0308931368D3E91810079B1940089B91
:104570001840CDE9161000262622012334465C455A
:1045800003D2013A12F0FF026FD1079B0293089BFE
:1045900001934E4B009302220123D421EC2010F012
:1045A00061F95C4580F0BB80444B1B680D93DB7860
:1045B0001593DDE9167300200693A4462421149078
:1045C00086460C908B1CDBB20C2B39D00B2B4FF09A
:1045D000010267D88B189846C8F12009A1F11F0382
:1045E00002FA03F322FA09F9464643EA0903B24004
:1045F0000D9E06F1080919F80190814520D102EAC3
:1046000007061096069E1E401196DDE9108958EAAD
:10461000090615D1079E16401296089E1E40139655
:10462000DDE9128958EA090652D017430134069A87
:10463000E4B21A43A345069200F02281099B149329
:1046400001398E1CBED10130159BC0B2834227D2E6
:10465000149B13B1069B16971793DC45DDE91623CF
:1046600042D200210846012794E001EA03070E9791
:1046700000EA06070F97DDE90E7857EA08071CBF26
:104680000134E4B2DB18764179E71368D3E91823E3
:104690004FF0FF37CDE916231F23CDE9077374E7E9
:1046A00024218FE7A1F12003C1F1200902FA03F3CD
:1046B00022FA09F943EA09038A4099E738020020FF
:1046C00038010020040200209C0100208EB9010165
:1046D000E345B5D942EA0E0E0C9A0CF1010C1A43CF
:1046E0000C925FFA8CFCABE70C994EEA020219437C
:1046F000CBB2CDE916210193664B029200930222C0
:104700000123D421EC2010F0ADF8D5F8503133B9A5
:10471000614B1968DDE91623C1E918235C46DDE920
:104720001623DDE904018B4208BF82421CD001211F
:1047300028461EF0BDFBB8B1082011F0B7FB0346B8
:10474000C5F8B4019DF85C20169818601A71534B97
:1047500028469B699847524B0190009302220123FF
:10476000D421EC2010F07EF8DAF800A0B8E600BF03
:10477000C1F12406A6F1200CC6F1200007FA0CFCBA
:1047800027FA00F04CEA000007FA06F603430998FE
:1047900032430131CEB2B345EAD808B1CDE9162390
:1047A000169B02939DF85C3001933E4BA6E7EB68A5
:1047B000002BD9D0DAF808301A7A052AD4D11E682D
:1047C000354B1B68D3E91823DBB20193364B0292B9
:1047D000009302220123D421EC2010F043F896F834
:1047E000F230DA06C0D5DDE90A23DDE904018B42A7
:1047F00008BF8242B8D0EB68304698472B4B0190F7
:10480000ABE7254A1068DDE90412D0E91845954266
:1048100008BF8C423FF410AE603098470CE6244C41
:1048200023680020196B1AF089F828B922681378D8
:1048300043F01003137006E6184841681C300DF071
:1048400009FD00E61A4C23681B78DB0604D51348E3
:1048500041681C300DF0FEFC23681A786FF30412D7
:104860001A7023680022DA63EDE5114B1B68D86BE0
:1048700014F0EAFBE7E5094B08465B699847E2E577
:10488000069B9DF818601793169702970196094B9F
:1048900034E700BFA1B90101380100200402002063
:1048A000C9B90101B5B90101D9B90101EBB90101DA
:1048B00038020020FBB901012DE9F04F04468DB00C
:1048C00007F00AFF94F85030D4F8E490029394F87B
:1048D0004B7094F84F30039309F142030193002F7A
:1048E00000F0988109F184030093D4F8BC3004935C
:1048F000D4F87C6194F81931F56843B1BD4BC268B6
:104900001B681168EB1A9BB263F3DE3111602B68F0
:104910006FF302032B602B6894F8242062F3C40326
:104920002B602B684FF0040B6BF3CA132B602B68C2
:104930002A466BF3CE2342F8103BAE4B1968521A4D
:10494000296892B262F3DE3129602A686FF3DF7260
:104950002A60AA68012161F30102AA60AA6842EAFA
:104960000B02AA60AA686FF3C802AA601A68696895
:10497000A9EB020292B262F30F0169606A686FF3F9
:104980001F426A609C4A08924FF000084A4607A9F5
:1049900094F847000794ADF8248011F081FC99F851
:1049A000012094F8361094F8240020F030F8C6E97D
:1049B0000498D6F800A086F80880F560C6F818803C
:1049C000A6F81C80DAF80C603268052363F3020253
:1049D0003260326894F82410864B61F3C40232606E
:1049E00032686BF3CA12326032686BF3CE223260E7
:1049F000326868F3DE3232601988D4F8DC307268CD
:104A00005B1A9BB263F30F027260D4F8D82073680C
:104A1000521A92B262F31F437360B368022262F3C8
:104A20000103B360B36843EA0B03B36006F11003FC
:104A3000B2685B1A9BB263F35822B260B36868F342
:104A40005A63B36000F170050C2294F8361094F8A4
:104A500024001FF0DCFF4FF00503CAF80C608AF851
:104A60000830D4F8DC30CAF81850CAE90435AAF87E
:104A70001C8094F83610B1FA81F183460C22490962
:104A800094F824001FF0C3FF94F82430022B00F0A8
:104A9000C380032B00F0C480012B40F0C5800BF1D4
:104AA000A703A73000EB050B1D44DAF800A0DAF8E5
:104AB0000C603268042363F302023260326894F8B7
:104AC000241061F3C4023260326863F3CA123260A8
:104AD000326863F3CE223260002F00F0A780454A8F
:104AE000126806F110039B1A32689BB263F3DE3240
:104AF000326033683F4A01996FF3DF733360138884
:104B00007068C91A89B261F30F0070600499CB1AFA
:104B100071689BB263F31F417160B368022161F356
:104B20000103B360B36843F00403B3600123079447
:104B30008DF822300592002F7DD08DF82130039B17
:104B40008DF8243000238DF823308DF82530019A1C
:104B500094F847000B2307A98DF8203011F0A0FB33
:104B600099F8432094F8361094F824001FF04FFF72
:104B70008046002F64D0B4F8C090039BA9EB0309D2
:104B80001FFA89F904238AF80830019BCAF80C60DF
:104B9000CAE904350023FA1A18BF01228AF81D2039
:104BA0009DF82120CAF818B08AF81C306AB18DF837
:104BB000283094F82430013B8DF82930514608F50F
:104BC000A5730AA80B9315F091FA9DF82430049A66
:104BD0001A44134694F82420022A33D0032A0CBF27
:104BE0007C227E2290447FB3E13545440BF1E10BFA
:104BF000D84403E0AC0100200A000100DAF800A06C
:104C00003FBB454534BFC4E94E85C4E94E580DB09D
:104C1000BDE8F08F009768E60BF1A103A13041E7F2
:104C20000BF1A903A9303DE7AB463EE7336867F3D4
:104C3000DE3333605DE78DF82170B4F8C0307FE774
:104C4000B9469FE78422CDE7073545440BF1070BB2
:104C5000CEE7DAF80C6032686FF302023260326835
:104C600094F8241061F3C40232603268042161F3C5
:104C7000CA1232603268013F61F3CE2217F0FF079B
:104C8000326000F088804C49096806F11002521A1F
:104C9000316892B262F3DE31316032686FF3DF72F5
:104CA0003260B2686FF30102B260B26842F004028F
:104CB000B260B2686FF3C802B260059A00991288B8
:104CC0007068891A89B261F30F00706071689A1A6E
:104CD00092B262F31F410122716007948DF8222085
:104CE000002F5DD08DF82120029A8DF824200D220E
:104CF0004FF0000B8DF8202007A9009A94F8470088
:104D000001938DF823B08DF825B011F0C9FA009BFE
:104D100094F836105A7894F824001FF078FE019B1E
:104D20000246002F41D00299A9EB01091FFA89F927
:104D30000099CAF80C60CAE90415391C18BF012192
:104D40008AF81D109DF821108AF808B0CAF818805A
:104D50008AF81CB089B194F82410039301398DF8B6
:104D6000291002F5A5710B910AA8514601928DF800
:104D700028B015F0BBF9039B019A9DF824100B4451
:104D800000994231009197B105F5A575154408F5D4
:104D9000A578904432E7326867F3DE3232607CE710
:104DA0008DF821708DF82490A1E7B946C0E77035E1
:104DB000154408F17008ECE7AC0100202DE9F0473C
:104DC00086B0B24B019005468846164600930222F3
:104DD00001230721EC200FF045FD23F05BFD0028A7
:104DE00040F0B280012D04D1B8F1000F01D112249E
:104DF0002BE0AF1EFFB2012F02D8B8F1010FF6D899
:104E00004FF00009C8450FD10023049304AB05936C
:104E1000002D00F0F780012F03D90121084616F07C
:104E2000F7FF4FF0000997E1DFF86CA2062303FBC0
:104E300009F3DAF80000F15C043023F02BFF04469C
:104E4000002858D1032D0AD04224914B009301949D
:104E500001230022FF21EC200FF004FDDEE0DAF850
:104E60000000F021043023F015FF04460028EBD0A9
:104E7000884B1A7822745A7884F825209A7884F816
:104E80002220DA7884F824201A7984F826205A79A6
:104E900084F82320DA7984F838201A7A84F83720C5
:104EA000B3F80920A4F83520DA7A84F82720D3F85B
:104EB000E821626103F5F67292E803009B79A4F899
:104EC0004410090C84F8461084F8193120642046F7
:104ED0001BF000FE824620461BF024FE1BF062FF02
:104EE00017F010FF15F02AFD40EA0A0010F0FF0F3E
:104EF00015D01E24A9E715B909F1010982E7032D90
:104F0000B6D0012D0FD9022D09D1B0F8B030E62B63
:104F100000F29181B0F8C030E62B00F28C8194F859
:104F20004730012B10D094F8B430012B0CD094F8FA
:104F3000C430012B08D094F84730A3F10A02012AAB
:104F400004D8B4F8C03043B90C247EE7062B15D141
:104F5000B4F8B030F52B3FF64AAF617E39B904A8FA
:104F600021F088FF9DF81030002B7FF440AF637E66
:104F7000012B09D194F840307BBB38E7072BECD1EB
:104F8000B4F8B030EF2BE6E7023B012B25D8A27E28
:104F90009DF8103062F300038DF8103023464FF077
:104FA000000A53F81B2FCDF811209B888DF80EA016
:104FB0000DF10E0104A8ADF815301BF077FB60B1C0
:104FC000637E022B18D151460DF10F0021F052FFE4
:104FD0009DF80F30002B7FF40AAF94F8F830002BC7
:104FE0008AD194F84730042B204608D809F0AEFC4B
:104FF0000446002880D028E7032BEED1BAE703F05F
:1050000053FDF5E7244FB8F1000F21D13B68234D44
:105010005C683CB9012023F035FC0024204606B032
:10502000BDE8F087237CF02B10D094F8F8306BB1FA
:1050300094F825300821CDE90053EC200123022209
:105040000FF010FC0121204620F0EAFE2468E0E782
:1050500006236B433868F15C043023F01BFE90F8A4
:10506000F830044673B190F8253001930B4B009350
:105070000821EC20012302220FF0F4FB012120463D
:1050800020F0CEFE0135A845E2D1C3E7CC5802019D
:10509000145902012C360120EC000020EA580201CC
:1050A000664A062303FB09F31068F15C043023F021
:1050B000F1FD022D044663D1D0F814A023F00EFEBA
:1050C0004FF4C8635843B0FBFAF023F019FE22F006
:1050D000D1FA5B4B227C1A7094F825205A7094F810
:1050E00022209A7094F82420DA7094F826201A71FD
:1050F00094F823205A7194F83820DA7194F8372004
:105100001A72B4F83520A3F8092094F82720DA722F
:105110006269C3F8E82104F1400292E80300A3F8B1
:10512000F011090CC3F8EC0183F8F21194F819217D
:105130009A71204618F0F6F91BF05CFE18F024FD79
:1051400017F0D4F994F8F83023B994F847102046B2
:105150000BF050FE09F10109C145A1D10FFA89F9FF
:1051600009EB4909DFF8D4A006EB49094E4510D1F7
:10517000012D7FF64FAF002023F07CFB00204AE793
:10518000032DDFD121F056FB0028DBD022F072FA8C
:10519000D8E7DAF800003178043023F07BFD90F88E
:1051A000F83004463BBB01229742027380F8F82096
:1051B0002FD8022280F8F820984694F825300193E1
:1051C000204B0093022201230821EC200FF04AFB20
:1051D00094F8FC3033B1002384F8FC301A4B20469D
:1051E0001B68984720460EF0DBFAB8F1000F02D09A
:1051F00000201BF0DDF93279738884F84920002201
:1052000084F848206BB904F5D2700FF001F8063627
:10521000ACE7D0F87C3113F1000818BF4FF001085B
:10522000CBE7012FF3D942F21071594304F5D27044
:105230000DF010F8EBE7072407E600BFEC000020B4
:105240002C360120EA580201BC3501202DE9F04F2F
:1052500004468BB000230D4607A80DF11A01ADF8E6
:105260001A301FF005FE94F85230012B18D1079A1E
:10527000A36DBDF81A101A44B4F854300B449BB215
:1052800040F2E1418B42C2F31602079285BFA3F2BE
:10529000E2430132ADF81A30ADF81A3088BF0792F8
:1052A000994E0799326892F8403203F58C73204684
:1052B00032F81330BDF81A201FF08EFA3746F8B1D5
:1052C000202194F8500020F037FE94F8503043B974
:1052D000204614F0B3FA2A460121204616F00EFAB1
:1052E0000BE063786FF3820363703368D3F80812BE
:1052F00019B92A46012015F0ADFB0BB0BDE8F08FBF
:105300001DF054F93368D3F804620EB9D3F808627B
:1053100020F072FD63699C4209D06378990606D437
:105320004FF4802194F8500020F006FED0E7002EC4
:1053300052D096F80080B8F1030F3DD0B8F1020FBB
:105340004AD1B3785A0737D494F85230E069F169FA
:10535000D4F824C0DFF8B4E1012B04BFA36DC01A58
:1053600096F8523008BFC0F31600012B08BFB26D8B
:105370003B6804BF8A1AC2F3160193F8402203EB7C
:105380004203B3F83822B3F83C321A4440F23913DE
:10539000B2FBF3F2B36A013213440B448A1A0CEBEA
:1053A000000103EA0E0302EA0E0201EA0E0123F0F5
:1053B00039F9002800F08F8094F85010002940F04F
:1053C0008E8096F85030012B66D1B8F1030F2A4633
:1053D00074D130461BF096FC94F850300193002BAA
:1053E00040F08780E36E002B40F08C80A36E00338A
:1053F00018BF01230022CDE9082213F00102029216
:105400001EBF3A68D2F80C22089213F010030593DD
:105410000CD0029A029B0AA901EB8202396801337F
:10542000D1F8141242F8081CDBB2029308AB0493C3
:10543000D7F80090354A002303934FF0FF3B98467E
:1054400040F2391EDDE902138B4240F0C680236A28
:105450005B4540F2F580A362B8F1000F00F0F680E2
:10546000019B002B40F00D8198F85030012B00F08B
:10547000ED8094F8512098F851309A4280F0E680FF
:10548000204614F0DBF92A460121204616F036F9B1
:1054900044457FF432AFD9E0B37813F0100301D064
:1054A0002A4696E794F8511096F8512091420AD96D
:1054B000B8F1030F2A4601D119468AE70121304687
:1054C00016F01CF988E7204614F0B8F92A460121A5
:1054D000204616F013F9B4427FF40FAF7CE74FF487
:1054E0000001012020F028FD63786FF382036370D0
:1054F000F1E7019B012B05D1E36E002B14BF0023C4
:10550000112377E7002375E794010020FFFF7F0058
:1055100004980B680360886884425ED043785B0718
:105520005BD5059B2BB190F8511094F851309942FE
:1055300053D994F8523099F84072012B08BFA16DED
:10554000E36908BF5B1A90F8521008BF13400129A5
:1055500008BF866DC16904BF891B1140CE1A16F4BD
:10556000800F46D009EB4707B7F83862B7F83C72AE
:10557000B6FBFEF6B7FBFEF73744066A0E44023769
:10558000164037441740DF1B7F024BD499F8406226
:1055900009EB4606B6F838C2B6F83C62BCFBFEFC26
:1055A000B6FBFEF6B4440CF1020C00BFA1EB0C07F5
:1055B0001740A7EB030A1AF4800F02D0866E002E64
:1055C00034D1D91B490202D47B40134205D10AEAE7
:1055D000020ADA453CBFD3468046049B196800297D
:1055E00096D1039B0133DBB20393049B04330493F2
:1055F00028E709EB4707D4F820C0B7F83862B7F8B6
:105600003C72B6FBFEF6B7FBFEF73E4403EB0C071D
:10561000023617403E4416408E1B7602B6D5C4F8BB
:1056200028C001E0236AA362804619E706F59C764C
:10563000760040F27127B6FBF7F631441140B5E72A
:10564000636A9B4594BFC4F828B0A3622378012BFA
:105650007FF453AE402194F8500020F06DFC2046BA
:1056600014F0ECF8022323700B4B94F850201B68C5
:1056700003EB82032946C3F8FC41204621F0E0FDFC
:105680003BE64FF40001012020F056FC63786FF3F5
:1056900082036370FCE600BF940100200829F8B57E
:1056A00004460E4600F0FD8009D8012900F09880DC
:1056B00049B299B3032E00F0C78000202DE01829CD
:1056C00000F0048122D80A29F7D190F8E450002D87
:1056D00040F0F88190F8F4309A0740F1F3810B2103
:1056E00021F090FDC8B140F22243A4F8E43094F8D0
:1056F000F43065F3410384F8F43094F86D3023F00E
:10570000600343F0600384F86D3006E0272900F061
:105710005581A1F1280460426041F8BDC37D012B91
:1057200054D190F8E42090F8E2305AB1112B01D016
:10573000032B02D1D4F8B41121B9112A02D00125CA
:105740002846EAE7D4E96D52112B18BF1546B4F884
:105750005C20EB8A9B1A9BB247F6FE7293422CD8D0
:1057600022F00CFE014608B90025E9E794F8F23072
:10577000D80711D4628F2B8A9A4207D1A28F6B8AE5
:105780009A4203D1E28FAB8A9A4205D094F8F23064
:1057900043F0010384F8F2300023CB71EB8A8B6075
:1057A0000C35CD60204623F0E3FB94F8E230112B5A
:1057B000C5D0112384F8E430C1E72046112120F040
:1057C00058F92821204620F03CFDB8E721F093F954
:1057D00005460028C8D01121204620F04AF9AFE73D
:1057E000C57D012D28D190F8E430002BA8D1D0F848
:1057F000B831B0F85C20DB889B1A9BB247F6FE728A
:10580000934213D822F0BAFD01460028ACD0C571EE
:10581000D4F8B831DB888360D4F8B831C36020464F
:1058200023F0A6FB122384F8E43089E721F038F84E
:1058300029460EF021FA83E721F05DF9054600289C
:1058400092D031462046F4E790F8E43013B1222B91
:105850007FF475AFE27D012A1DD113B9212384F8AD
:10586000E43020461AF07AFE054600283FF468AF7F
:10587000032384F8E53094F86D3023F0600343F09F
:105880006003204684F86D301EF0E4FC04F58D7052
:1058900018F0F2FC54E703212046BDE8F84021F05F
:1058A0002AB916F075FA00283FF407AF94F8E430EF
:1058B000002B7FF402AFE37D012B05D120460921A7
:1058C000BDE8F8401DF048BF3146E5E790F8E2300A
:1058D00003F0EF02032A02D1D0F8B4610EB9D4F874
:1058E000B861132B03D094F8E430132B64D1E57D19
:1058F000012D57D13389A4F860303146204620F07D
:105900000CF97788DFB9132120F0B3F894F8F2305E
:105910009B077FF515AF2946204621F0FDF822F0C0
:105920005DFE39460646204621F0F6F822F056FE86
:105930003B460246314620461EF064FE00E7B4F8BE
:105940005C20B3889B1A9BB247F6FE72934221D823
:10595000B17811B921F0E0F8B070F37823B90121E2
:10596000204621F0D9F8F07022F008FD0146002809
:105970003FF4FAAE1823C371B3888360B31CC360CD
:10598000204623F0F5FAB178204615F0F1FDA4F891
:105990006000D4E6132120F06CF82821204620F086
:1059A00050FCCDE61821204621F0A5F80546002838
:1059B0003FF4DAAE13210FE718216DE790F8E430D9
:1059C0004BB190F8E230082B01D0032B7AD1D4F8F8
:1059D000B431002B76D0E67D012E77D194F8E230F9
:1059E000082B01D0032B02D1D4F8B45115B9D4F847
:1059F000B8510026294620461CF09CF9074600288D
:105A000046D0A88923F034FB03283FD1B4F85C00CA
:105A100023F02EFB002839D16B894BB1AA89524261
:105A200092B2B2FBF3F103FB11229B1AA4F854309B
:105A30006B89B4F850209A420CD1B4F852102A8ADB
:105A4000914207D1E18F6A8A914203D1A18FEA89FD
:105A5000914239D0A4F850302A8AA4F852206B8A97
:105A6000E387E989A187DB00618FB3FBF1F3C4E928
:105A70002433A36FA4F85820002143F48063A4F8D2
:105A80005A10A36720461BF0B7FC12E0AB89CDE7A4
:105A900027211E2220461CF005F994F8E230082B3D
:105AA0000CBF3946012120460EF0E6F81E21002EDB
:105AB000E8D194F8E230082B0CBF002101212046E8
:105AC0000EF0DAF8012028E60021F0E72721204631
:105AD00021F011F80028ECD11FE67047F0B597B01F
:105AE0000378032B04D0012B00F0858117B0F0BDA3
:105AF00044682378062BF9D801A252F823F000BF9E
:105B0000DB5B00011D5B0001ED5A0001ED5A000155
:105B1000ED5A0001555C0001735B0001C34B1B781B
:105B2000002BE3D0A0881BF00DFF04460028DDD039
:105B30008378002BDAD103A9807F0FF0B1F970B917
:105B400011AB0DF142020DF13A01208821F012F95A
:105B50000028CBD10121208821F0DCFAC6E720887B
:105B600021F0D4FE0028C1D10021208821F0D2FAF2
:105B7000BCE7AE4B1B78002BB8D0A0881BF0E2FE30
:105B800005460028B2D08378012BAFD14C220021EA
:105B900003A822F06BFC03A9A87F0FF081F970B96C
:105BA0009DF8542012F0020F09D0A37913F0040FCE
:105BB0000FD012F0010F02D013F0080F09D0A08807
:105BC00021F0B1FE002891D10021A08821F0A2FA95
:105BD0008CE7A08821F0B4FE88E7A37943BBA088B6
:105BE0001BF0B0FE0546002880D0A288237A03214E
:105BF0008DF80C10ADF80E2000228DF811208DF8D4
:105C0000123003A81BF0C2FE0123EB7254F8096F97
:105C10006068A168E268EE6028616961AA61AB789A
:105C2000002B7FF463AF0121288821F073FA5DE730
:105C3000A188E27904208DF80C00ADF80E10002147
:105C40008DF811108DF812308DF8132003A81BF079
:105C50009DFE4BE7A0881BF075FE064600283FF42A
:105C600045AF4C2023F038F9054600283FF43EAFFD
:105C70004C22002122F0FAFB04F1780393E80300A0
:105C80002860A980090CA971284612F01BFB024666
:105C900008285AD0B277B378002B40F0868094F869
:105CA000223013F0010F6AD0214651F8087F4E6868
:105CB0008868C968AF63EE6328646964214651F857
:105CC000687F4E688868C968C5F80770C5F80B60BA
:105CD000C5F80F00C5F8131094F822309B0895F80A
:105CE000481063F3870185F8481094F82230C3F315
:105CF0004003C9B263F3410185F8481094F82210BB
:105D000095F8483061F3000385F84830234653F88E
:105D1000247F5E689868DB68C5F81E70C5F822604D
:105D2000C5F82600C5F82A30606BC5F81700208F2B
:105D300094F83A10A5F81B0069772946104612F02E
:105D4000F3FF284623F0CCF8D0E620F0C6FA02464E
:105D500008289FD105238DF80C303388ADF80E301C
:105D600008238DF8113003A81BF010FE20F0B5FABF
:105D7000024608288ED1284623F0B2F8B6E621461E
:105D800051F84C7F4E688868C968AF63EE63286439
:105D90006964234653F85E1F5B68C5F82E10C5F88A
:105DA0003230B4F85C30EB8688E7234653F808EFCE
:105DB000D3F804C09F68D868C5F838E0C5F83CC07F
:105DC0002F646864D3F800C05F689868DB68C6F821
:105DD0000CC037617061B361214651F8687F4E682D
:105DE0008868C968C5F80770C5F80B60C5F80F006A
:105DF000C5F8131070E744682378052B18D0032BDF
:105E00007FF474AE2379002B6ED1638803228DF862
:105E10000C20ADF80E3001238DF8113000238DF8E1
:105E2000123003A81BF0B2FD60E600BF8F2E0120E8
:105E300060881BF087FD054600283FF457AE01211E
:105E4000008821F067F9EB7AA3BB03A9A87F0FF0C4
:105E500027F8C8B911A9288821F0BCFA00283FF416
:105E600045AE638804228DF80420ADF80630012386
:105E70008DF8093000238DF80A308DF80B300DEBCA
:105E800002001BF083FD31E6288821F025FD6388A0
:105E900004228DF80420ADF8063001238DF8093076
:105EA00000238DF80A308DF80B300DEB02001BF04B
:105EB0006DFD1BE6294631F80C0B21F08BFA00280A
:105EC0003FF414AE638804228DF80C20ADF80E3038
:105ED00001238DF8113000238DF812308DF8133026
:105EE00003A81BF053FD01E6638804228DF80C2003
:105EF000ADF80E3001238DF8113000238DF81230EB
:105F00008DF8133003A81BF041FDEFE52DE9F04FAC
:105F1000C0B28DB001280D4601924FF0000700F08D
:105F2000EB8130B1022800F0F58100200DB0BDE812
:105F3000F08F01A904A820F0ABFD01A905A820F06D
:105F4000A7FD01A906A820F0A3FD049B190505D50E
:105F5000AE4B1B6813B1019928469847049BDA049D
:105F600015D52B6893F8FA208AB193F84720042AB4
:105F700008D8012A04D1D3F8DC305B78252B01D96D
:105F800013F052F9A24A138843F080031380049B54
:105F90009B0416D52B6893F8FA2092B193F84730FA
:105FA000042B09D8012B07D09A4B1B78002B00F04B
:105FB000C680994B01221A70954A138843F4807366
:105FC0001380059BDE0620D52C6894F8FA30E3B1E7
:105FD000914E32780AB113F027F90023337094F808
:105FE000193193B18D4B1B787BB98D4A13780133EE
:105FF000DBB2137094F894209A4206D1894B94F83E
:1060000036101A8861F304121A80069B9C042FD55F
:106010002C68D4E9366822F001FA002840F092801A
:1060200022F0CEFE002840F08D807F4BD3F86C3FED
:10603000C3F3C029B9F1000F40F084803368CDF874
:106040002530B388ADF8293098F800309DF8242029
:10605000C3F3801363F3000207A909A88DF8242075
:1060600014F03EFD00286DD0494620461FF0C8FFC1
:10607000069B5A0431D52C68D4E9366822F0CEF953
:10608000002840F0F48022F09BFE002840F0EF80D2
:10609000654BD3F86C3FC3F3C029B9F1000F40F052
:1060A000E6803368CDF82530B388ADF8293098F80C
:1060B00000309DF82420C3F3801363F300020DF138
:1060C0000F0109A88DF8242014F00AFD002800F023
:1060D000CE80494620461FF093FF069BD80425D565
:1060E000524C2B68226891060ED4226852060BD4BB
:1060F0002268170608D42268D60505D422689005C0
:1061000002D42268510511D593F8FA3073B113F017
:106110008BF83F4A138843F01003138023685A0614
:1061200041BF434A138843F008031380069B1B04B6
:106130007FF5FBAE3F4B28681B689847F5E613F0E8
:1061400073F839E7F38A063B9BB240F67A429342F2
:106150008ED8738B0A3B9BB2043A934288D896F848
:1061600021301B3303F01F030B2B81D8324B1A68ED
:106170009946002A3FF47CAF94F8FA3023B1244AC0
:10618000138843F020031380274BD3F86C2F12F4AD
:10619000006F04F5857B04F5827A51D1D3F86C2F1A
:1061A000D0054DD5D3F8682F910049D5D3F8683F75
:1061B000C3F30268404621F0CDFA40F0020084F8B3
:1061C00003013368C4F80A31B388ABF80430514690
:1061D00040461BF0F5F994F84730063B012B41D8B7
:1061E00094F82430013BDBB2022B3ED8134A32F83C
:1061F0001310D9F80060002E3FF43AAF05230022B7
:10620000D4F8D800B047C4F8100131E7D00100201D
:10621000DA01002028360120F4010020E5010020E9
:10622000F5010020C034014100240141583E0141E4
:10623000803E0141E8010020DC010020E88F0201DE
:1062400098F80030C3F3801384F803310023C4F8B6
:106250000A31ABF804303368C4F80431B388AAF8C3
:106260000430B8E740F2E241C3E70021C1E794F807
:106270002630012B7FF431AF294AD2F86C3F1B0541
:106280002BD4D2F86C3FC3F3002343B1D2F8683F5C
:10629000C3F340731BB1D2F8687FC7F30267227C57
:1062A0008DF81C20DBB1384621F054FA40F0020092
:1062B0008DF81D000DF11E0138461BF081F907AB6A
:1062C00093E803000CAB09950C2203E9030009AB2A
:1062D0001449012018F06CF8FFE60023DFE798F876
:1062E0000030C3F380138DF81D303368CDF81E30B5
:1062F000B388ADF82230E2E70B6893F8FA30012B4F
:106300007FF413AE12F090FF074A138843F0400366
:1063100013800AE6054B1168196012791A7104E6B8
:106320000024014104000101DA010020E001002005
:106330002DE9F04FD3B00D460446002301467822E4
:1063400014A80C9321F076FA05B12E95DDF8B8A0CB
:10635000BAF1000F00F0C0811B9B0A93AA4B1B6887
:106360000193D3F80C220023029312BB9DF8A230B4
:1063700011932A9B12931C9B0F930A9B0093029BE1
:1063800003930C230E93049206929346039B2BB126
:106390000E9B013B13F0FF030E9320D1049B0BB126
:1063A000009B1B931B980A9BC01AC0B253B0BDE858
:1063B000F08F93689C4210D0D96E71B959698B42A5
:1063C0000BD1996E49B1029952A800EB810141F8B5
:1063D000803C029B0133DBB202931268C5E752ABEB
:1063E00003EB8B0353F8805C002D00F06F81AF6EE0
:1063F000BA458BBFBAFBF7F3B7FBFAF307FB13A35E
:106400000AFB137323B3AAFB07013E465246C6B9E3
:1064100033461EF0C5FE012908BF002880F0998090
:10642000002800F05581B0FBFAF3DBB2092B0C9386
:1064300005D9B0FBF7F0C0B2092800F28A80022328
:1064400007E0B2FBF6F306FB132332461E46DEE7F7
:106450000123EA690592119A012A05BF009A12994F
:10646000DDF80080A2EB010895F8522008BFC8F3C0
:106470001608012A05BFAC6D059A059C141B08BFC0
:10648000C4F31604012B2B6A099340F08380A8EB18
:10649000040358021ED5019B5C4893F8401203EB9D
:1064A000410107F59C72B1F83832B1F83C120B4447
:1064B00040F23911B3FBF1F3A4EB0801DB435200C6
:1064C00040F271270140B2FBF7F213448B429CBFAC
:1064D000A41A0440019B4D4D93F8402203EB420265
:1064E00040F23919B2F83802B2F83C32099AB0FBDE
:1064F000F9F0224417460F9AB3FBF9F308EB0209AF
:1065000001332F4009EA050901301F449944221A3A
:106510002F4009EA0509A8EB00003B462A404946FE
:10652000284022F07FF8064698B1A9EB07035902EC
:10653000009B049054BFA9EB0808A7EB080803F1DF
:10654000030908EA05054D44C5F316030093CDF889
:1065500018B00BF101035FFA83FB029B5B4508BF98
:106560004FF0000B039B013B13F0FF0303937FF4F9
:106570000DAF002E3FF412AF069A029B01325FFA74
:1065800082FB029A013BDBB25A4508BFDDF80CB032
:106590000393FBE6019B1D4893F8402203EB420264
:1065A00040F23911B2F83862B6FBF1F301330793C8
:1065B000E31A03400D93099BE518B2F83C32B3FB94
:1065C000F1F205400132334407F59C77B3FBF1F358
:1065D000013305EB020810937F0040F271234FF066
:1065E0000009B7FBF3F313931223089208EA00089B
:1065F0000B934E460C9B99450AD3069B002E18BF61
:106600005B460693A5E700BF94010020FFFF7F00D3
:106610000B9B013B13F0FF030B935BD00AFB09F7C5
:1066200007F59C7740F271237F00B7FBF3F7009BDF
:10663000079A1F44294B1F40B81A0F9AB918089A95
:106640001940114418401940EA1B520205D57A1B23
:1066500002EA030C109A624522D343460D9A21F0B8
:10666000E1FF68B3109B0799059C04901D441B4BE8
:106670001D40EF1B009D1F4003357A190092059ABB
:10668000521A1A400D920999059A5518089A1D40F8
:1066900002EB050808EA03084FF000090646A9E7DF
:1066A000139A1444079A1C40A21A1A400D92099A90
:1066B0001519089A1D4002EB050808EA0308C3E70C
:1066C00009F101095FFA89F93046E7E72E4640E70C
:1066D00006463EE70B9E3CE7504667E6FFFF7F001D
:1066E00084B02DE9F74305460BA880E80E000B4661
:1066F000042D00F25481DFE815F0050052018401F9
:106700008A01BB010C689DF83C3084F8FB300E9B7D
:10671000C4F828310DF1020101A81EF0A9FBBDF853
:106720000210019822F028FCBD4B19681BF0B6FB43
:10673000BC4AC4F82C0100231370BB4A012111800C
:10674000BA4A1370BA4A137094F81931DBB994F845
:10675000FB30002B00F0918194F8542094F8947051
:10676000FF265119B94207DA04EB8503D4F8280152
:106770009B6D984280F018813246002120460FF030
:10678000E7FFAC4B1E70AC4AAC4800231370AC4A18
:106790001370012384F8FA3022F02AFB94F8473072
:1067A000012B04D1A74904F5C6700BF053FD214617
:1067B000012012F015FA214601200CF04DFB94F84F
:1067C000FB80D4F8743104F5BA77D4E94A69B8F19A
:1067D000000F01D0D4F89830C4F89C302046DD6812
:1067E0001DF0C8FC204621F021FB204619F088FF4F
:1067F00094F81921944B002A00F0E18094F82420A9
:10680000022A00F0D580032A00F0D5801A8848219A
:1068100061F30E021A808D4B94F835101A8861F3DB
:1068200004121A806C3B03201A686FF34D321A6011
:1068300094F8241022F018F92A46494638461AF0EE
:1068400058F894F81931B3B1D4F87C319BB1D4F82D
:106850002001C43021F0F6FB0146D4F82C011BF0D6
:106860001DFBD4F87C31C4F844010146DA6804F514
:10687000BE701AF03EF8B8F1000F3FD1D4F8743171
:1068800094F81890D3F80C8001210DEB010014F05E
:1068900067FD9DF801100622B1FBF2F302FB131312
:1068A00094F84710DBB20B298DF801304FF001024C
:1068B0000DD802FA01F111F0050F40F0838040F687
:1068C000C870084018B911F0120F18BF02226049B1
:1068D00003EB43030B4412010021585C29FA00FC2E
:1068E0001CF0010F07D0D8F808C0253060F3C80CA1
:1068F000C8F808C0904401310329EED194F847301C
:10690000052B09D9D4F87C3133B194F819311BB96E
:10691000504B20461B689847D4F87431002B53D154
:1069200094F8193173B104F5BE7894F852104046CA
:1069300020F03AFF394620461DF058F841462046DF
:106940001DF054F8444B1B6823B194F819210AB187
:106950002046984794F84730404A012B1168404B35
:1069600048D1062060F30F0111601A6842F002025C
:106970001A603C4A1268AD1A1A68ADB265F31F423C
:106980001A60394A1168B6B266F31F4111601A687D
:1069900042F001021A60D4F82C0120F08BFB03B006
:1069A000BDE8F04304B070470135CEB2EDB2D8E691
:1069B0001A882D212CE71A884FF4D27128E71A88FB
:1069C000482125E7032282E7D4F89C209A420AD87E
:1069D000197ADA68042908D0052906D019B910688F
:1069E00061F3461010601B6898E711686FF3461159
:1069F0001160F8E76FF30F0111601A686FF341023D
:106A0000B6E79DF8341018681FF0FAFAC7E701914D
:106A1000164901AB0422012017F0CAFCBFE700BFF2
:106A2000D4010020E5010020DA010020D801002077
:106A300028360120CC010020F4010020952401011A
:106A4000F5010020008813006C380141C034014179
:106A500036860201FC010020EC0100205C3E014171
:106A6000583E0141AC010020703E0141050001018A
:106A7000019101AB04220549CDE7FF2220460FF02A
:106A800067FEFF2384F854302A4667E606000101BA
:106A90002DE9F04FD0F8E070D0F8ECB089B0BB1C15
:106AA0000193D0F8DC300393D0F8D8300493082356
:106AB0008DF81C3090F8B030069004460633254619
:106AC000394606A88DF81D3014F08CFC5A4655F84E
:106AD000283F42F8253BAB88ABF804300292B4F86B
:106AE000B0202AB1D4F8AC100BF1060020F0A2FEC1
:106AF00005238DF81C3094F8C03006940633B91C79
:106B000006A88DF81D3014F06DFC2B68CBF82530ED
:106B1000029AAB889380B4F8C0202AB1D4F8BC1094
:106B20000BF12B0020F086FE0023D4F874511E4692
:106B300094F89420B24202D809B0BDE8F08FD5F89D
:106B40000C800093D8F80020DFF8C8926FF302029F
:106B5000C8F80020D8F80020012363F3C402C8F865
:106B60000020D8F800204FF0040A6AF3CA12C8F8CF
:106B70000020D8F8001042466AF3CE2142F8101BDC
:106B8000D9F80010521AD8F8001092B262F3DE3130
:106B9000C8F80010D8F800206FF3DF72C8F80020A2
:106BA000B9F80020D8F80400B91A89B261F30F00CF
:106BB000C8F80400D8F80410ABEB020292B262F3FA
:106BC0001F41C8F80410D8F8082063F30102C8F880
:106BD0000820D8F8082042EA0A02C8F808207A7883
:106BE00094F8351094F822001DF011FF04EB860193
:106BF000009BC5F80C8000222A722A776B612F61F6
:106C00004D66D5F800800091D8F80C5029680344EF
:106C1000052060F3020129602968012060F3C401A6
:106C2000296029686AF3CA11296029686AF3CE21AC
:106C3000296094F8941001398E421EBFD9F80010D3
:106C400005F12002521A296818BF92B262F3DE31B0
:106C50002960B9F800100593039B68685A1A92B22C
:106C600062F30F006860049B68685A1A92B262F37C
:106C70001F406860AA68022060F30102AA60AA6847
:106C800042F00402AA6005F11002521AA96892B2F9
:106C900062F35821A960AA686FF35A62AA6094F857
:106CA000351094F8220025221DF0B1FE039BC8F890
:106CB00010300522009B88F808200022C8F80C50EC
:106CC000C8F8142088F81C201D672A6804EB4605C4
:106CD000C2F3CF32A5F8882094F8351094F822003A
:106CE0000C221DF094FEFA7894F83510814694F841
:106CF00022001DF08CFE059B03F5CE7291444844A2
:106D00000EB9C4F8240194F89420013A9642009AEE
:106D100008BFC4F820019065D8F80090D9F80C801D
:106D2000D8F80010042262F30201C8F80010D8F865
:106D30000010012060F3C401C8F80010D8F800105A
:106D400062F3CA11C8F80010D8F8001062F3CE211F
:106D5000C8F8001094F89420013A964203F24D13BB
:106D60004AD1D8F800206FF3DE32C8F80020294A53
:106D700005931288019BD8F80400991A89B261F32F
:106D80000F00C8F80400029BD8F804109A1A92B2B7
:106D900062F31F41C8F80410D8F80820022161F3FB
:106DA0000102C8F80820D8F8082042F00402C8F808
:106DB0000820FA7894F8351094F822001DF027FE88
:106DC000019BC9F810300422009B89F8082000229A
:106DD000C9F80C80C9F8142089F81C20C3F87C80FD
:106DE000D8F80020059BC2F3CF32A5F88E200136DB
:106DF000D9F80050F6B29BE60649096808F110027E
:106E0000521AD8F8001092B262F3DE31C8F80010BE
:106E1000ADE700BFAC0100202DE9F04F8BB0037E41
:106E200001938A4B009301230591022219460546DE
:106E3000EC200DF017FD0023CDE9063321F02AFDEB
:106E4000074608B10C24DBE0814E29783068B5F89C
:106E500002A0043021F01EFFB346044628B9326870
:106E60001278012A0DD90724CAE090F8F820002AE8
:106E7000E8D190F8F92022B1E97D90F82420114260
:106E8000E0D00AF00702072A00F0D7800AF00A02D1
:106E90000A2A00F0D2800AF01602162A00F0CD80ED
:106EA0001AF0100600F0B6801AF4787F40F0C58022
:106EB0001AF0800F40F0B5801AF4407F40F0BD809A
:106EC000ECB150461AF0A6FE0B2809D840F6124243
:106ED000C240D30704D5D4F8AC20002A40F0AD80DE
:106EE00094F8F92012B994F8FC2042B10838C0B2E5
:106EF000012800F2A2801AF0200F40F09E802A465E
:106F0000A84632F8041FADF8181038F8071F927819
:106F10008DF81A2098F802208DF81E20069AADF8F8
:106F20001C104C49203A8A4200F28580DDF81C9002
:106F3000A9F120028A427ED8AA7A002A7BD0282092
:106F400020F08AFB10B96A8B002A74D1002C00F063
:106F50008780B4F8B020002A00F09080002E40F026
:106F60008D8050461AF056FE6A7D8DF82220EA7D0B
:106F70008DF82320CAF38013CAF34012A97A8DF842
:106F800026208DF827308DF820008DF821603246BC
:106F9000334600BF21FA02F0C00748BF013302F1B7
:106FA000010244BFDBB20126032AF3D10EB18DF8F2
:106FB0002130282020F050FBB0B3AB7E03F001035A
:106FC0008DF82430EB7E13F0010300D00123B4F8D8
:106FD000B0208DF82530214608A809F06BFA40F260
:106FE000712303FB09F3984248D3CDE901031A4BFF
:106FF0000093022201238421EC200DF033FC452470
:10700000164B0093019401230022FF21EC200DF088
:1070100029FCB6E00AF00302032A0ED01AF0080F8A
:1070200044E71AF0040F49E721F044FC94F83530A6
:107030008DF82400CBE71124E2E71224E0E721F0E9
:1070400039FC84F8350084F836005EE07CE4010108
:10705000EC000020E03F1F0098E4010114590201F8
:10706000DBF80000F021043021F014FE044628B9BA
:107070000FF042FA044600283FF4F5AE6E88304621
:107080001AF0C8FD84F847002B782374B8F8003054
:10709000A38298F80230A375AB7A2376EB7A6376F5
:1070A0002B7BA3762B46282053F80D2FC4F81B20EA
:1070B0009B88A4F81F302B7E84F825306B7D84F8E4
:1070C0002230EB7D84F82430EB7C84F82130AB7DDA
:1070D00084F823306B7E84F82630C6F3401384F89E
:1070E0003830C6F3801384F8373020F0B5FA002822
:1070F000A5D0AB7E03F0010384F83530EB7E13F0AE
:10710000010318BF012384F836300023217E84F860
:10711000943000BF21FA03F2D20748BF94F89420BC
:1071200003F1010344BF013284F89420032BF1D111
:1071300094F823302BB994F84770052F94BF00279B
:10714000012784F81971204695F9143000F8273F7B
:1071500021F03EFF059A94F927301370039694F8B6
:107160002430029394F8223001930222074B0093BB
:1071700011460123EC200DF075FB012021F082FB6C
:10718000002420460BB0BDE8F08F00BFB2E401013F
:107190002DE9F04F89B0D0F8E0300093023301932D
:1071A000D0F8DC300393D0F8D830049300238DF866
:1071B0001C3090F8B030D0F8ECB00690044606339E
:1071C000254600998DF81D3006A814F00BF95A4693
:1071D00055F8283F42F8253BAB88ABF804300292C3
:1071E000B4F8B0202AB1D4F8AC100BF1060020F0AE
:1071F00021FB05238DF81C3094F8C03001990694CA
:10720000063306A88DF81D3014F0ECF82B68CBF887
:107210002530029AAB889380B4F8C0202AB1D4F804
:10722000BC100BF12B0020F005FB0027D4F87451A3
:107230003E4600BF94F89430B34202D809B0BDE88E
:10724000F08FD5F80C80DFF8B092D8F800306FF3EB
:107250000203C8F80030D8F80030012060F3C403FE
:10726000C8F80030D8F800304FF0040A6AF3CA13A7
:10727000C8F80030D8F8002043466AF3CE2243F81D
:10728000102BD9F800209B1AD8F800209BB263F38A
:10729000DE32C8F80020D8F80030009A6FF3DF73B0
:1072A000C8F80030B9F80030D8F80410D21A92B2F9
:1072B00062F30F01C8F80410D8F80420ABEB030305
:1072C0009BB263F31F42C8F80420D8F8083060F37B
:1072D0000103C8F80830D8F8083043EA0A03C8F8B0
:1072E0000830009B94F835105A7894F822001DF06D
:1072F0008EFB009BC5F80C8004EB860800222A72E6
:107300002A77C5E90437C8F864502B68DD68296816
:107310000744052060F3020129602968012060F319
:10732000C401296029686AF3CA11296029686AF3CF
:10733000CE21296094F8941001398E421EBFD9F8ED
:10734000001005F12002521A296818BF92B262F3A8
:10735000DE312960B9F800100593039B68685A1A5A
:1073600092B262F30F006860049B68685A1A92B286
:1073700062F31F406860AA68022060F30102AA60FD
:10738000AA6842F00402AA6005F11002521AA96824
:1073900092B262F35821A960AA6860F35A62AA60A7
:1073A00094F8351094F8220025221DF030FB059B3F
:1073B00005221A72039A1A610022DD605A611A7757
:1073C000C8F870502A6804EB4605C2F3CF32A5F81E
:1073D000882094F8351094F8220022221DF017FB23
:1073E00007F237121044059B0EB9C4F8240194F833
:1073F0009420013A964208BFC4F82001C8F858000A
:10740000D3F800A0DAF80C90D9F80020042363F335
:107410000202C9F80020D9F80020012161F3C4025A
:10742000C9F80020D9F8002063F3CA12C9F8002077
:10743000D9F8002063F3CE22C9F8002094F89430E4
:10744000013B9E4207F24D1748D1D9F800306FF347
:10745000DE33C9F80030284B019A1B88D9F8041094
:10746000D21A92B262F30F01C9F80410029AD31A29
:10747000D9F804209BB263F31F42C9F80420D9F85D
:107480000830022262F30103C9F80830D9F8083045
:1074900043F00403C9F80830009B94F83510DA78FB
:1074A00094F822001DF0B3FA04238AF80830019BF7
:1074B000CAF810300023CAF80C90CAF814308AF8C1
:1074C0001C30C8F87C90D9F80030C3F3CF33A5F84E
:1074D0008E300136DAF80050F6B2ABE6064A126892
:1074E00009F110039B1AD9F800209BB263F3DE3236
:1074F000C9F80020AFE700BFAC0100202DE9F0473C
:10750000BB4D1E462B6803EB8002BAB0D2F8FC21BB
:107510000F464AB11178022906D1314610461FF0B4
:107520008FFE3AB0BDE8F087002867D193F8F821C4
:10753000002AF6D0D3F8F0319C68637899073CD4E0
:1075400002211EF0F9FC63785A070CD504210020B3
:107550001EF022F9102100201EF0EEFC31462046DC
:10756000FDF774FEDDE76269944214D1204611F004
:10757000EFF963785D07E9D4042100201EF0DCFCFC
:1075800063699C42CDD0617811F0080509D020468E
:1075900012F054F9C5E71F07EED5204621F06CFD27
:1075A000E7E75B785807BCD5204612F047F932462A
:1075B0002946204614F0A2F8B3E74FF480411EF0AC
:1075C000BBFCA3883BB1204612F038F932460121BA
:1075D000204614F093F86278D106A2D4A388013B28
:1075E0009BB2A380002B9CD163F3410220466270C2
:1075F00017F044FD204614F08BFC92E793F8F93124
:10760000002B8ED04FF00C082B6808F1310253F894
:10761000323043B92B6893F8F931002B81D018F13F
:10762000FF38F1D27DE79C68D3F8009063789A0721
:1076300000F1E080A3785B0702D50EB94B46E8E77E
:10764000022101201EF078FC63699C4240F09B807F
:10765000637813F004031DD0042101201EF09CF870
:10766000102101201EF068FCA569002D40F09A80D1
:10767000002F3FF473AFBC423FF470AF3D78012D53
:107680007FF46CAF7B781A0740F1A8806FF3820318
:107690007B7063E70DF1160106A8ADF816301DF0FA
:1076A000E7FB94F85230012B18D1069AA36DBDF870
:1076B00016101A44B4F854300B449BB240F2E14126
:1076C0008B42C2F31602069285BFA3F2E243013257
:1076D000ADF81630ADF8163088BF06922968BDF8AF
:1076E000160091F8403203F58E730DF1200A31F83F
:1076F0001320E16E069B02EB900202F59C7240F2B1
:1077000071205200B2FBF0F21A4401F59C735B0049
:10771000B3FBF0F3A08C9BB2191889B2B1F5487F86
:10772000C2F3160288BF4FF44871E26107920892D3
:107730000A44C2F3160288BFC0F5487309924FF09D
:1077400000000DF115028DF8140001924FF00100B8
:1077500005AA88BF9BB28DF815000092214607AAA2
:107760000920CDF808A000F09DFB079B00939DF831
:1077700015209DF81410534620460AF021FB63782B
:1077800060F382036370637858073FF565AF0421A7
:1077900001201EF0D1FB2B6893F8F931002B7FF408
:1077A0004DAFBEE6637813F008020FD02B78012BA3
:1077B00002D028461FF0AAF8284621F05DFC324688
:1077C000002195F8500013F045F951E76B78590600
:1077D0007FF54EAF62F386136B70E7E7384612F021
:1077E0002DF832462946384613F088FFB6E600BF2A
:1077F000940100204FF4804101201EF09DFBA388DE
:107800003BB1204612F01AF832460121204613F00F
:1078100075FF6278D306BED4A388002BBBD0013B92
:107820009BB2A380002BB6D163F341022046627065
:1078300017F024FC204614F06BFBACE780B58AB04F
:1078400000AF78602D4B9B683B623B6A23F47F431B
:107850003B623B6A43F4A4333B62284A3B6A936031
:107860007B68FB61FB695A78254BA3FB021359081F
:107870000B465B000B44D31ADBB2002B01D0012373
:1078800037E0FB695B781E4AA2FB03235B08FB76AB
:107890007B6802337B60002387F8273017E07B6822
:1078A0007B617B699B781B021A467B695B7813447A
:1078B0003B617B691B783969184610F0DDFB7B68FA
:1078C00003337B6097F82730013387F8273097F828
:1078D0002720FB7E9A42E2D3192010F09BFBF86030
:1078E000FB6823F05003FB60F968192010F0C4FB1B
:1078F000002318462837BD4680BD00BF003E014426
:10790000ABAAAAAA80B489B000AF78607B68BB61DB
:10791000BB695B7803F00303DBB2002B01D00123CA
:1079200023E0BB695B789B08FB757B6802337B6057
:107930000023FB7714E07B683B613B691B889BB2AB
:1079400003F1824303F5B033FB60FB683A69528868
:1079500092B21A807B6804337B60FB7F0133FB7734
:10796000FA7FFB7D9A42E6D3002318462437BD46B2
:107970005DF8047B704780B586B000AF78607B68A7
:107980003B613B695A78254BA3FB021359080B4610
:107990005B000B44D31ADBB2002B01D0012338E08B
:1079A0003B695B781D4AA2FB03235B08FB737B6882
:1079B00002337B600023FB7526E07B68BB60BB68FD
:1079C0001878BB689B789BB21B029AB2BB685B7845
:1079D0009BB213449BB2194600F0F8FEBB681B78BB
:1079E000082B03D1BB685A780D4B1A70BB681B7803
:1079F000512B03D1BB685A780A4B1A707B6803334A
:107A00007B60FB7D0133FB75FA7DFB7B9A42D4D30F
:107A1000002318461837BD4680BD00BFABAAAAAAEE
:107A2000293601202A36012080B483B000AF786067
:107A3000064A7B680233196811601B79137100BF15
:107A400018460C37BD465DF8047B70479000002057
:107A500080B582B000AF786018220021786820F0ED
:107A600005FD79681020FAF742F80346002B01D192
:107A7000012300E0002318460837BD4680BD80B4CE
:107A800083B000AF78603960074B1A787B681A7052
:107A9000064B1A783B681A70012318460C37BD460E
:107AA0005DF8047B704700BF293601202A3601208B
:107AB00080B485B000AF0023FB730023BB730023A9
:107AC0007B734FF088431B6803F48063BB60BB6823
:107AD00003F48063002B04D04FF088434FF480629E
:107AE0005A60214B1B681B0DDBB203F00F03FB73C5
:107AF0001E4B1B681B0EDBB203F00F03BB731A4B4C
:107B00001B681B0ADBB203F01F037B73184BDB6996
:107B10007B607B6823F01F2323F4F8137B60FB7BDF
:107B20001B0603F0F852BB7B1B0403F4F8131A4343
:107B30007B7B1B0203F4F85313437A6813437B6087
:107B40000B4A7B68D361BB6803F48063002B04D0CD
:107B50004FF088434FF480629A6000BF1437BD46EF
:107B60005DF8047B704700BF10030044200300440D
:107B7000003E01442DE9F04F044689B004F0ACFD0D
:107B800094F84A2094F8503094F84B600093002AFF
:107B900000F0C380D4F8E430002E00F0C08003F180
:107BA0004208D4F8AC90002A00F07681D4F87CB179
:107BB00094F8192194F84D70DBF80C50B8494AB18B
:107BC000C0680A68D0F800C0AA1A92B262F3DE3C1C
:107BD000C0F800C02A686FF302022A602A6894F88D
:107BE000240060F3C4022A602A68042060F3CA12E9
:107BF0002A602A6860F3CE222A60002E00F091806D
:107C0000086805F11002121A286892B262F3DE3099
:107C100028602A686FF3DF722A60AA686FF3010296
:107C2000AA60AA6842F00402AA60AA686FF3C802B8
:107C3000AA600A886868991A89B261F30F006860BF
:107C40006968A9EB020292B262F31F4101226960E6
:107C500003948DF81220002E68D08DF811208DF835
:107C6000147094F8F920002A67D194F8FC208DF85C
:107C7000132000228DF815200A228DF8102003A968
:107C80001A4694F8470001930EF00AFB019B002E60
:107C900055D0B4F8B020D71BBFB25A7894F836103C
:107CA00094F8240001931CF0B2FE019BCBF80C5019
:107CB0000021CBE904318BF8081094F8F9308246A2
:107CC000002B3ED194F8FC308BF81C30331C18BFCD
:107CD00001238BF81D309DF8113073B100238DF80E
:107CE000183094F82430013B8DF8193059460AF5C4
:107CF000A57306A8079312F0F9F99DF8143099447A
:107D00009DF81130FBB10AF5A57ADBF800B0EEB9A9
:107D1000C4E94EAA09B0BDE8F08F13463CE7B0466F
:107D20003FE72A6866F3DE322A6072E7B4F8B020D3
:107D30008DF811608DF8142093E7012297E73746FC
:107D4000ABE70123C0E70AF1700ADEE7DBF80C506D
:107D50002A686FF302022A602A6894F8241061F3FB
:107D6000C4022A602A68042161F3CA122A602A68C0
:107D7000013E61F3CE2216F0FF062A6048497CD00E
:107D8000086805F11002121A286892B262F3DE3018
:107D900028602A686FF3DF722A60AA686FF3010215
:107DA000AA60AA6842F00402AA60AA686FF3C80237
:107DB000AA600A886868A8EB020189B261F30F0023
:107DC00068606968A9EB020292B262F31F41012266
:107DD000696003948DF81220002E53D0009B8DF81B
:107DE00011208DF8143000228DF813208DF8152005
:107DF0000D228DF8102003A9424694F847000EF09A
:107E00004FFA9DF81120002A41D0009BFF1ABFB203
:107E100098F8012094F8361094F824001CF0F7FD2F
:107E200000210246701A18BF01208BF81D009DF832
:107E30001100CBF80C508BF80810CBE9048A8BF8B2
:107E40001C1078B18DF8181094F8241001920139A3
:107E50008DF8191002F5A571079106A8594612F080
:107E600045F9019A9DF8141008F14208894486B139
:107E70000AF5A57303EB020A47E72A6866F3DE32C8
:107E80002A6086E78DF811608DF81470ABE717460D
:107E9000BEE70AF17003EDE793469246174636E7D0
:107EA000AC0100202DE9F04FC3B0064604920D4608
:107EB0003022002106A8994620F0D8FA16F00304D3
:107EC000DFF8F48210D0D8F8003093F81C425CB18F
:107ED0001AF06CFBD8F80030D3F80C721DF08CFF50
:107EE0000024002F40F08B8016F03C0F0FD0D8F804
:107EF000003093F81D3253B11AF058FBD8F8003017
:107F0000D3F814721DF078FF002F40F0988095F898
:107F10005030012B09D1D8F80030D3F8083223B102
:107F200042AA02EB840444F8F03C049BDFF88CA2E4
:107F30001B6801936B6A9944019B4FF0000B13FA85
:107F400089F9D8F8003002935D4606AB53F82B70E0
:107F5000002F00F0B780029BFE69D3F808329F42E1
:107F60000CBFBB6A3B6A039397F85230012B04BFE6
:107F7000BB6DF61A029B93F8402203EB420240F2DB
:107F80003911B2F83832B2F83C22B3FBF1F3B2FB4C
:107F9000F1F2134403F1020308BF06EA0A06009354
:107FA000A6EB0308039BF418009B04EA0A041C4494
:107FB000FB6E08EA0A0804EA0A04002B40F0AB80D2
:107FC0007B699F4240F0A780BB6E03F59C735B000A
:107FD00040F27122B3FBF2F3059300BFA8EB090353
:107FE0005B025ED489EA080313EA0A0F59D0182D00
:107FF00067D00BF1010BBBF10C0FA6D162E01AF0B8
:10800000D5FAD7F800A01DF0F7FEBB689D4214D04A
:108010005A78520711D5F70707D542A9621C01EB20
:10802000840444F8F03CD4B207E0B00705D593F8D7
:10803000511095F851209142EFD8574651E71AF068
:10804000B5FAD7F800A01DF0D7FEBA68954217D050
:108050005378590714D5AB689A4211D0730707D5E6
:1080600042A9631C01EB840444F8F02CDCB207E065
:10807000F70607D592F8511095F851309942EFD88C
:10808000574641E7300706D592F8511095F8513020
:108090009942F5D3E4E7B106F2D56B699A42EFD184
:1080A000DEE74B46019A2146404620F0BBFAE0B19C
:1080B00042AB03EBC5030135EDB2182D43E9308423
:1080C00013D118254C9B6A1E1D7012A8002116F0B2
:1080D00099FC002312981A464C99097891422BD8A2
:1080E0004D9A137043B0BDE8F08FBB6E002B3FF488
:1080F0007EAF059B1E44009B06EA0A06A6EB03081A
:10810000039B9C19009B04EA0A041C4408EA0A0821
:1081100004EA0A0462E74B46019A2146404620F0F1
:1081200081FA00283FF463AF42AB03EBC50301358E
:1081300043E93084EDB25AE75AB904990C68211A20
:108140004D0206D54E9901EBC301C1E90040013350
:10815000DBB24C99097801398A4202F1010413DA41
:1081600042A901EBC20151F8BC6C42A901EBC40168
:1081700051F8C05C711B490206D54E9901EBC30151
:10818000C1E900650133DBB24C99097801398A42B3
:108190000FD142A901EBC20252F8BC1CA1EB0902AB
:1081A000520206D54E9A02EBC302C2E9001901330E
:1081B000DBB2E2B290E700BF94010020FFFF7F0036
:1081C0002DE9F8431E464B0405468846174640F104
:1081D000988004681FF006FEE27D237D002A40F0AF
:1081E0008D8013F0400F09D0D4F8CC0020F060FE51
:1081F00004232375242128461FF00CFE18F4805F09
:1082000030D02C68237D99072CD510232375A37DAE
:108210000133DBB2012BA3750BD1A94B617E5B69E6
:108220005878E0771AF004FFD4F898301844C4F86E
:108230009800E37D012B40F08780A37D012B82BF56
:10824000A36F43F40063A36720461CF091FF204610
:108250001AF0EDFB0121204602F000FA2321284606
:108260001FF0D8FD18F4005F1CD02C68237D9B07FD
:1082700018D5142015F0C8FE8146082015F0C4FE5C
:1082800008238046014623754A4628460CF024FD03
:10829000002800F0858040461CF080F92221284605
:1082A0001FF0B8FDF30605D519F0FCF91721284693
:1082B0001FF0B0FDB40605D519F0F4F916212846D3
:1082C0001FF0A8FDF80617D52C68E07D002840F0C7
:1082D000D580A36F190609D51EF0ECFDC4F88800FF
:1082E000204617F041FEB0FA80F04009237D9A063F
:1082F00002D5002800F0CD80BDE8F88313F0010F0F
:1083000071E70C057FF57AAF0468E37D012B17D187
:10831000A26F6C4B1340802B09D1D4F8C83043F0C6
:108320008073C4F8C8301EF0C5FDC4F88800237DF2
:1083300013F0010F3FF462AF0223237520215AE7A7
:10834000237D13F0400FF5E7D4F8CC0020F0B0FD0A
:1083500020461CF00DFFA36FDA037FF57FAFA37DEE
:10836000012B7FF47BAFD4F8CC0020F087FED4F84B
:10837000A420A36F904288BF801AD4E9261223F468
:10838000803398BF00209142A367BFF467AF81425A
:10839000BFF464AF43F04003A3672023237556E77F
:1083A000C4E96F9894F81780B8F1010F1FD12046E7
:1083B0001AF03DFB4146204602F050F994F86C302B
:1083C000DA070DD5E37F5BB1A37F4BB120F092FAC2
:1083D00003688268E07F1344C4F8C4311EF04EFA8B
:1083E00094F86D3043F0800384F86D3056E794F8CC
:1083F0006E3060F3000384F86E30D4F8CC0020F0C7
:1084000057FDA36FD80330D594F86D0023F4803363
:1084100010F00108A36713D0A36F43F04003A367D4
:108420002023237520461AF002FB0121204602F08A
:1084300015F994F86E3043F0010384F86E30BDE70F
:1084400094F86C30D90610D5D4F8CC0020F016FE84
:10845000D4F8A430984288BFC01AD4E9263298BF15
:108460004046934201D28342D6D3A36F23F0400308
:1084700043F00053A367002323759FE7012808D129
:10848000237D13F01E0F3FF437AFD4F8CC0020F05B
:108490000FFDA36F5B0602D5204620F0E7F8E37DD1
:1084A000012B0BD1A26F12F0400F08BF40232375A0
:1084B00028462521BDE8F8431FF0ACBC4023F6E771
:1084C00098330120800000020C4B13F0FF0F08D0FE
:1084D0004FF0200383F31188BFF36F8FBFF34F8FEB
:1084E000FEE7074A934208D04FF0200383F3118838
:1084F000BFF36F8FBFF34F8FFEE7704700708000B0
:1085000000708000014B1860704700BFFC350120EF
:1085100030B4184C1546184A0C4404EB8030541EF5
:10852000844208D24FF0200383F31188BFF36F8F8A
:10853000BFF34F8FFEE71C18A24208D24FF0200372
:1085400083F31188BFF36F8FBFF34F8FFEE719449A
:10855000B1F5804F08DD4FF0200383F31188BFF39E
:108560006F8FBFF34F8FFEE701461A46284630BC97
:108570001FF060B90070800000F08000F8B5324D47
:108580000D4405EB80351746EA061C4608D04FF02F
:10859000200383F31188BFF36F8FBFF34F8FFEE784
:1085A00043B94FF0200383F31188BFF36F8FBFF3FC
:1085B0004F8FFEE7254B5A1EAA4208D24FF02003E8
:1085C00083F31188BFF36F8FBFF34F8FFEE76219FC
:1085D000934208D24FF0200383F31188BFF36F8FCB
:1085E000BFF34F8FFEE72144B1F5804F08DD4FF018
:1085F000200383F31188BFF36F8FBFF34F8FFEE724
:10860000134B1B6803B19847E3061EBF24F01F04F9
:108610002034A4B24FF6E0732340FE183C46A64235
:1086200006D100BF20F04EF80028FBD1F8BD00BFF6
:1086300020F048F80028FBD1E91B214420461AF01D
:1086400077FA2034EBE700BF0070800000F0800074
:10865000FC35012038B5114C114B04EB8034A3429A
:1086600008D24FF0200383F31188BFF36F8FBFF35D
:108670004F8FFEE704F5804520F024F80028FBD159
:10868000204604F5805420F00FFAAC42F4D100BF2C
:1086900020F018F80028FBD138BD00BF0070800022
:1086A000FFEF800037B542B94FF0200383F3118804
:1086B000BFF36F8FBFF34F8FFEE71F4C0C4404EBEB
:1086C00080341E48431EA34208D24FF0200383F398
:1086D0001188BFF36F8FBFF34F8FFEE713199842D6
:1086E00008D24FF0200383F31188BFF36F8FBFF3DD
:1086F0004F8FFEE71144B1F5804F08DD4FF02003A6
:1087000083F31188BFF36F8FBFF34F8FFEE74FF0F6
:10871000FF3201929DB204220DEB020120461FF0B0
:108720007BF830B90434A3B29D42F4D1012003B0E8
:1087300030BD0020FBE700BF0070800000F080002B
:1087400038B5154643B94FF0200383F31188BFF3C2
:108750006F8FBFF34F8FFEE7184C194A0C4404EBA0
:108760008030541E844208D24FF0200383F31188D6
:10877000BFF36F8FBFF34F8FFEE71C18A24208D2E2
:108780004FF0200383F31188BFF36F8FBFF34F8F38
:10879000FEE7CA18B2F5804F08DD4FF0200383F3DF
:1087A0001188BFF36F8FBFF34F8FFEE71A4629463C
:1087B0001FF032F8B0FA80F0400938BD0070800038
:1087C00000F080004FF0FF301DF0D0BD80B483B0CA
:1087D00000AF03460A46FB711346BB80134BFA7980
:1087E00092B203F5805302331A80104B03F5805385
:1087F000BA881A800D4B03F5805304331B680B496C
:1088000043F4801201F5805304331A6000BF074B14
:1088100003F5805304331B6803F48013002BF6D157
:1088200000BF0C37BD465DF8047B70470020014156
:1088300080B483B000AF0346FB71144BFA7992B257
:1088400003F5805302331A80104B03F58053043331
:108850001B680E4943F4802201F5805304331A60EB
:1088600000BF0A4B03F5805304331B6803F48023D5
:10887000002BF6D1054B03F5815308331B689BB2DF
:1088800018460C37BD465DF8047B70470020014157
:1088900090B585B000AF0446084611461A462346F7
:1088A000FB710346BB710B467B7113467B80FB79E2
:1088B0001846FFF7BDFF0346FB81BA797B79D31ACF
:1088C0000133012202FA03F35A1E7B7902FA03F301
:1088D0001BB2DB431AB2B7F90E3013401BB2FB8157
:1088E000BA797B79D31A0133012202FA03F39BB2DE
:1088F000013B9BB21AB2B7F9023013401BB27B8026
:108900007A887B7902FA03F31AB2B7F90E3013436F
:108910001BB2FB81FA89FB7911461846FFF756FF17
:1089200000BF1437BD4690BD80B584B000AF03468C
:10893000FB710B46BB7113467B71FB791846FFF741
:1089400077FF0346FB81FA89B9797B79CB1A01332A
:10895000012101FA03F3591E7B7901FA03F31A404E
:108960007B7942FA03F3BB81BB8918461037BD46B9
:1089700080BD80B483B000AF114B03F5F0531433C6
:108980001B680F4943F0040201F5F05314331A60D9
:1089900000BF0B4B03F5F05314331B6803F00403C3
:1089A000002BF6D1064B03F5F0530C331B68FB800C
:1089B000FB8818460C37BD465DF8047B704700BF46
:1089C0000020014180B584B000AF0346FB80FB88E6
:1089D0009B007B81FFF7CDFF0346FB81FB893B8139
:1089E0000823BB8100BF00BF00BF1BE0FFF7C1FF32
:1089F00003463B813A89FB899A420AD23A89FB892C
:108A0000D31A9AB2BB8913449BB203F2E243BB81EF
:108A100006E03A89FB89D31A9AB2BB891344BB8119
:108A20003B89FB81BA897B899A42DFD300BF10372B
:108A3000BD4680BD80B586B000AF0346FB80FB8895
:108A40004FF47A7202FB03F33B613B691B09154A41
:108A5000A2FB0323DB09FB813A6913091149A1FB3E
:108A60000313DB094CF2503101FB03F3D31ABB8132
:108A70000023FB8206E04CF25030FFF7A3FFFB8A95
:108A80000133FB82FA8AFB899A42F4D3BB89002B1B
:108A900003D0BB891846FFF795FF00BF1837BD46C6
:108AA00080BD00BFC55A7C0A2DE9F04F002390F825
:108AB0004750027E89B004461E4600BF22FA03F1E9
:108AC000C90748BF013603F1010348BFF6B2032BC3
:108AD000F4D1A5F1080B5FFA8BFBBBF1010F00F29B
:108AE000A480B4F8B02094F822308DF81A3094F8AD
:108AF00024308DF81B3094F838308DF81E30214624
:108B000094F837308DF81F3006A88DF8185003F010
:108B1000FBFCAB1F012B40F29780BBF1010F00F271
:108B20008C8094F84A5094F84B301D44EDB236B224
:108B30003301181D03930DF0B9F982B20746002ADC
:108B400040F086808D4B0093FE210123EC200BF03A
:108B500089FE07F104094FEA461A504620F072FADE
:108B600080460AEB060040000DF0A0F9C4F8E000D2
:108B7000002D71D0042000EB05100DF097F982B2A2
:108B80000646002A66D17D4B0093FE210123EC208E
:108B90000BF068FE331D029329B24A01104605917D
:108BA000049220F04FFADDE904218246501840007B
:108BB0000DF07CF9BBF1010FC4F8E40040F2DA805B
:108BC00042200DF073F9C4F8DC00FF200DF06EF9BF
:108BD000C4F8D800B9F1000F49D138461BF0C4FCE5
:108BE000304600251BF0C0FCD4F8E0001BF0BCFCB4
:108BF000D4F8E400C4F8E0501BF0B6FCD4F8DC0074
:108C0000C4F8E4501BF0B0FCD4F8D800C4F8DC5031
:108C10001BF0AAFC4046C4F8D85020F015FA504684
:108C200020F012FA4FF0070B8FE0A5F10A03012B99
:108C300094BFB4F8C020002255E70A3D012D05D8A5
:108C400094F84B50033571E7032570E700256EE774
:108C5000814680E702909FE7BBF1010F79D92E464C
:108C6000AA46BAE73E46BA464FF0070B54E0029BCD
:108C7000002BB2D0D4F8E020002AAED0D4F8E42003
:108C8000002AAAD0D4F8DC20002AA6D00028A4D03C
:108C9000B8F1000FA1D0BAF1000F9ED0039BC4F829
:108CA000A0704B441F46B94503D175B94FF0000B76
:108CB0004BE0C8F80C90414604F5BA701FF0AAFECC
:108CC00009F1100908F12008EDE7013DEDB2013589
:108CD000C4F8A4600AEB4515029BCAF80C30514653
:108CE00004F5BE701FF096FE029B0AF1200A1033B5
:108CF00055450293F0D1D9E7002DCFD04FF0000BAE
:108D0000002EB1D0D4F8E420002AADD0BAF1000F83
:108D1000AAD0BBF1000FC1D038461BF025FC30466D
:108D20001BF022FC0025D4F8E0001BF01DFCD4F859
:108D3000E400C4F8E0501BF017FC4046C4F8E450CF
:108D400020F082F9504620F07FF9584609B0BDE87E
:108D5000F08F002F86D02E460295AA46D4F8E02048
:108D600012B1B8F1000FC7D1002D3FF47DAF4FF025
:108D7000070BC5E7002FF1D1F9E700BF2C8E0201E8
:108D800070B5612888B00E4614460D6853D013D8CC
:108D9000412830D006D8A0F11303012B40F2E8801F
:108DA000002492E0542837D0602848D05228F7D1C8
:108DB000084613F003FEF3E7A02800F0ED8007D883
:108DC000802814D08128EBD108461EF06FFCE7E71D
:108DD000A22800F0F480C0F0EE80F128E0D1D5F8B0
:108DE000CC00002410F030F9C5F8CC406DE02846E6
:108DF00017F062F8D4E713685B8902932B8801931C
:108E00008A4B0093022201233E21EC200BF02AFD25
:108E100028461BF092FEC3E7D5F8C43013F00104D6
:108E200053D023F0010395F8E010C5F8C43028466C
:108E30001DF007FAB4E708461EF080FFB0E713689C
:108E40001D68937A032B43D153681B7802932B88B8
:108E50000193774B0093022201233F21EC200BF07A
:108E600001FD1FF057FD30B3236843616368036160
:108E7000637A4373227A037B134323F0040343F0A2
:108E8000010303736B4A002303605168086050605C
:108E90004360694B59688160021D0A605A606368CB
:108EA0001B78022B05D1D5F8C43043F00103C5F877
:108EB000C43030467DE7614B0093072401940123C1
:108EC00002224221EC200BF0CDFC204608B070BD00
:108ED000537A02932B880193594B0093022201236A
:108EE0004021EC200BF0BEFC1FF00CFD034640B30C
:108EF00022688261A27A0275226812681288C28290
:108F000062680261627A4273217A027B0A4322F02C
:108F1000040242F0020200260660027349484268D9
:108F20001360454A43605E6054689C60191D21606F
:108F300095F86D40516014F040040AD110F0FCFA2D
:108F4000C3E7414B009307240194012302224121EE
:108F5000B8E701681FF054FB0B7B43F004030B736D
:108F600017F080FEAB6F43F01003AB673D215EE767
:108F70002B7E403B022B07D8A0F1130359425941E5
:108F8000304618F085FA0BE7AC6F14F004049CD05F
:108F900008460FF0EBF803E705F10C001FF031F87D
:108FA0000446002840D00146304605F00BFC204620
:108FB0001EF0FAFCF4E6288811F030FFF0E695F890
:108FC000E230112B3FF4ECAE95F8E430112B3FF476
:108FD000E7AED5F8A8311BB11B79012B3FF4E0AE09
:108FE0002B880193194B0093022201234321EC208B
:108FF0000BF038FC2B88ADF81030EA8F6B8FD5F86A
:109000003A10ADF812300591ADF81820ADF81C30CB
:10901000ADF81A3095F86D3043F0080385F86D30DF
:1090200004A809F0E3FBBBE607244EE7746D0101D9
:10903000986D01015401002084010020BF6D0101E1
:10904000DC6D01018C010020FE6D01011C6E01012F
:109050002DE9F04F099F154604468E461E46002B0B
:1090600040F0CC808A42B2FA82FC4CD9BCF1000FAD
:109070000BD0CCF1200801FA0CFE20FA08F802FA15
:109080000CF548EA0E0E00FA0CF44FEA15491FFAE7
:1090900085F8BEFBF9FA210C09FB1AE30AFB08FB71
:1090A00041EA03439B452AD9EB180AF1FF3004D269
:1090B0009B4502D9AAF102002B44A3EB0B03A4B2F7
:1090C000B3FBF9F209FB123302FB08F844EA03444C
:1090D000A04516D92C1902F1FF3303D2A04501D9BE
:1090E000931E2C44A4EB080443EA004027B124FA61
:1090F0000CF400233C607B603146BDE8F08F5046A5
:10910000DBE71346EEE702B9FFDEBCF1000F2ED11C
:109110008B1A01264FEA154EAAB2B3FBFEF8210CBA
:109120000EFB183308FB02F941EA0343994561D964
:10913000EB1808F1FF3004D2994502D9A8F10200DA
:109140002B44A3EB0903A4B2B3FBFEF10EFB1133D6
:109150004A4344EA0344A2424ED92C1901F1FF3399
:1091600003D2A24201D98B1E2C44A41ABCE7CCF135
:10917000200E02FA0CF521FA0EF901FA0CF320FA8E
:109180000EFE4EEA03034FEA154800FA0CF4B9FB51
:10919000F8F11FFA85FE08FB1192180C01FB0EF680
:1091A00040EA0242964221D9AA1801F1FF3003D2C7
:1091B000964201D9881E2A44921B9BB2B2FBF8F951
:1091C00008FB192209FB0EFE43EA02439E450FD914
:1091D000EB1809F1FF3604D29E4502D9A9F1020627
:1091E0002B44A3EB0E0346EA004693E70846E3E769
:1091F0004E46F6E74046A4E70B46B6E78B4206D953
:10920000002F7ED00026C7E90001304674E7B3FA8C
:1092100083FCBCF1000F0FD18B4201D3824209D8ED
:10922000841A61EB030E0120002F6DD0C7E9004EB8
:10923000002661E76046F7E7CCF1200E03FA0CF355
:1092400022FA0EF521FA0EF41D4301FA0CF320FA6E
:109250000EF10B434FEA154A00FA0CF6B4FBFAF98B
:109260001FFA85F80AFB19401C0C09FB08F144EAB7
:109270000044A14202FA0CF23FD92C1909F1FF3047
:1092800004D2A14202D9A9F102002C44641A9BB273
:10929000B4FBFAF90AFB194409FB08F843EA044154
:1092A00088452CD9691809F1FF3304D2884502D9C1
:1092B000A9F10203294443EA0040A1EB0801A0FB05
:1092C00002894945C2464C4602D306D1464504D2DE
:1092D000B8EB020A69EB05040138AFB1B6EB0A033B
:1092E00061EB040606FA0EFE23FA0CF34EEA0303C2
:1092F00026FA0CF6C7E900369AE74846C6E74B4619
:10930000D9E73E463846F7E63E46F5E62DE9F04F0A
:10931000054685B041208B4690461FF093FE0446DB
:1093200050B9A54B009302460423C221EE200BF056
:1093300099FA05B0BDE8F08FEB78C21D05F1040A7B
:10934000039205F10B0900F1110600F12107002B32
:1093500040F0B280DAF800300360BAF8043083805D
:109360009AF806308371D9F80030C0F80730B9F8A0
:109370000430938099F806309371904B1B681A78EB
:1093800082735A79C2735B780374BBF1000F00F0EB
:109390008D80DBF80030C0F81130DBF804307360EA
:1093A000DBF80830B360DBF80C30F360EA6D02F5EF
:1093B000C07204F1310B1368C4F8213053687B602C
:1093C0009368BB60D368FB60EA6D02F5E0722146EA
:1093D0001368C4F831305368CBF804309368CBF885
:1093E0000830D368CBF80C30E86D412200F5E87303
:1093F000063002F09BFFD9F800302360B9F8043042
:10940000A38099F80630A371DAF80030C4F8073069
:10941000BAF80430A4F80B30E21D9AF806309371C4
:10942000EB6D93F8E430A373EB6D93F8E530E373E1
:10943000EB6D93F8E6302374B8F1000F00F0B580BF
:10944000D8F80030C4F81130D8F804307360D8F878
:109450000830B360D8F80C30F360EA6D02F5E072C2
:1094600021461368C4F8213053687B609368BB6061
:10947000D368FB60EA6D02F5C0721368C4F831303E
:109480005368CBF804309368CBF80830D368CBF836
:109490000C30E86D412200F5C873063002F046FF3B
:1094A000204605B0BDE8F04F1FF0CEBD1022594652
:1094B00030461EF0DBFF79E7D9F800300360B9F8D9
:1094C0000430838099F806308371DAF80030C0F8F0
:1094D0000730BAF80430A0F80B30C21D9AF80630F5
:1094E0009371EB6D93F8E4308373EB6D93F8E53093
:1094F000C373EB6D93F8E6300374BBF1000F4ED0ED
:10950000DBF80030C0F81130DBF804307360DBF8B2
:109510000830B360DBF80C30F360EA6D02F5C0721E
:1095200004F1310B1368C4F8213053687B609368F1
:10953000BB60D368FB60EA6D02F5E07221461368F8
:10954000C4F831305368CBF804309368CBF8083056
:10955000D368CBF80C30E86D412200F5E873063093
:1095600002F0E4FEDAF800302360BAF80430A38099
:109570009AF80630A371D9F80030C4F80730B9F86A
:109580000430A4F80B30E21D99F8063093710B4BB0
:109590001B681A78A2735A79E2735B784BE7102242
:1095A000594630461EF062FFB7E71022414630466A
:1095B0001EF05CFF51E700BFB8830201A401002048
:1095C0002DE9F04F91B00025072906468DF813507C
:1095D00001D0152949D10132A1F1050805A806A934
:1095E00006921FFA88F81EF0A9FC06A90DF11600D4
:1095F0001EF0A4FC424606A90CA81EF06FFEBDF8A2
:109600001440002C00F00881BDF81630A342C0F0D1
:109610000681747AE0073ED408AB01935FFA88F8BC
:1096200007AB009342460CABBDF81610BDF8140012
:1096300011F06CF80446002800F0F480089B5B6889
:10964000D3E9011210781FF0BDF8079A034683464C
:10965000D27B308801210EF033FD87B2002F49D034
:10966000ADF814400024254603E0ADF814502C4614
:1096700004279DF813305BB9002F40F0DB802A46A9
:10968000214630461DF0EBFD10B128461FF0CAFC04
:1096900011B0BDE8F08FB37AD907BDD514F00C0F27
:1096A00010D0002474724FF482701FF0CBFC00289D
:1096B000B2D01022027032888280847104211CF0A2
:1096C0008BFCA9E75F4BB8F1020F1B88ADF8243083
:1096D00009D1424609A90CA81EF09EF818B944F019
:1096E0000804747298E744F0040400257472122789
:1096F0002C46BEE7079B9A7B920777D49DF81330E0
:10970000002BAFD1B0881FF060FC0546002800F0A8
:109710008C80079B9B68B3F80090B3881A1F914513
:109720008CBFA3F1020909F1020900F110031FFA2D
:1097300089F9092106A806931FF082FA5FFA89F1D8
:1097400006A81FF07DFA214606A81FF07FFA079BA6
:10975000A9F10202596892B206A81EF0C9FD09F1EA
:109760000203A2469CB2089BDA894FF6FF739A4225
:109770003FF47FAF04EB09030393039AB3889A4243
:109780003FF777AF08AB0AF10100019307AB80B256
:10979000009342460CABBDF81610ADF8140010F063
:1097A000B5FF8246002843D0079A937B9B073FF57D
:1097B00060AF93681B8802334B457FF45AAF5B461A
:1097C000D27B308801210EF07BFC00287FF451AF62
:1097D000514606A81FF03AFA079B9A685968128802
:1097E00006A81EF085FDBDF80C40BCE70993338840
:1097F000ADF828300DF11301082309A8ADF82A406F
:10980000ADF82C708DF82E3014F062FB00283FF478
:1098100075AF3C46074626E72546012729E7002580
:109820002C46FAE705460A2723E70446112720E7D6
:1098300007461EE7FBB2BDF81420082130460FF0A2
:10984000C9FE25E70A97010173B50468267E132E29
:10985000054641D003D8122E0CD002B070BD403E58
:10986000022EFAD8102901D01229F6D1002006F0D4
:10987000E7F9F2E7112925D01AD81029EDD194F88B
:109880006D306FF3410384F86D3020461FF01FFBED
:1098900028461CF005F813232376607E18F0D6FBCB
:1098A00020461EF0E3FE052128460CF0CBFBD4E752
:1098B00012290DD08129D0D100228121284610F013
:1098C0007DFDCAE7114619F0CFFC13232376C4E7C8
:1098D00028460DF0EFF9C0E7212900F0DC802ED8F2
:1098E0001229F5D007D8102972D01129B5D1114607
:1098F00019F0BAFCB1E71629AFD31729E8D9202906
:10990000ABD1A36F1E0616D518F050FED4F8C830A0
:1099100023F08073C4F8C8301CF06EFA204616F0AD
:1099200023FB002871D018F041FEA36F43F0807331
:10993000A3671CF061FA284615F030FC8DE7242956
:1099400000F0A98023D8222969D0232985D11CF0D1
:10995000B1FC002881D1237D002B3FF47EAFA36FA3
:109960005B0640F19080A37D012B40F08C800021AC
:10997000204617F071FE002800F0858018F016FED2
:10998000A36F23F04003A3671CF036FA7BE0812924
:1099900092D0822900F0968025297FF45EAF18F0DE
:1099A00031FB28461AF0A7FCA36F5B067FF555AF85
:1099B00020461AF093FF20B318F0F8FDA36F23F0B0
:1099C0004003A3671CF018FA28461AF094FC44E7F9
:1099D00094F86D306FF3410384F86D303A4B1A6898
:1099E0006FF39A621A6020461FF071FA28460FF052
:1099F000CBFBA36F23F40003A36728461BF050FFA3
:109A00004BE728461BF04CFF27E701A9D4F8CC0010
:109A10001EF0B8F9019B5B0AC4F888301DE7A36FFC
:109A200013F0100203D0D4F8BC21812147E794F849
:109A30006D10A4F8152062F3C711180784F86D1093
:109A400009D518F0B3FDA36F23F4005323F00803E6
:109A5000A3671CF0D1F9D4E96F21284601F076FB09
:109A6000A36F59060CD50021204617F0F5FD38B13B
:109A700018F09CFDA36F23F04003A3671CF0BCF912
:109A800028461DF0F3F8A36F1A067FF5E6AE2846C8
:109A90001CF084FFE1E6637D0133637518F086FDF9
:109AA000A36F23F0400343F48063A3671CF0A4F981
:109AB00028461CF0FFFB00287FF4CFAE20461BF0A9
:109AC00057FB81E70022FAE6303401412DE9F04FDF
:109AD00089B0D0F8E0300193D0F8DC300293D0F8B0
:109AE000D830D0F8EC800393054640F60143069049
:109AF0000199ADF81C3006A811F074FC2B46002427
:109B000053F8282FC8F800209B88A8F804302B466B
:109B1000264653F82E2FC8F806209B88A8F80A304E
:109B2000D5F87471FB68049395F89430B34202D869
:109B300009B0BDE8F08FD7F80CA0DFF8F091DAF8A3
:109B400000306FF30203CAF80030DAF80030012069
:109B500060F3C403CAF80030DAF800304FF0040BA9
:109B60006BF3CA13CAF80030DAF8002053466BF3DF
:109B7000CE2243F8102BD9F800209B1ADAF80020E7
:109B80009BB263F3DE32CAF80020DAF80030019AA3
:109B90006FF3DF73CAF80030B9F80030DAF8041058
:109BA000D21A92B262F30F01CAF80410DAF8042054
:109BB000A8EB03039BB263F31F42CAF80420DAF850
:109BC000083060F30103CAF80830DAF8083043EAD5
:109BD0000B03CAF80830019B95F835105A7895F8B0
:109BE00022001AF014FFC7F80CA0019B05EB860AAF
:109BF0000022C7E904343A723A77CAF864703F68C1
:109C00002318FC682168052060F3020121602168A7
:109C1000012060F3C401216021686BF3CA11216047
:109C200021686BF3CE21216095F8941001398E42A2
:109C300074D195F84710814204D1D9F800200499D5
:109C40008A1A92B2216862F3DE312160B9F80020ED
:109C50000593029B6068991A89B261F30F006060F6
:109C6000039B61689A1A92B262F31F416160A26815
:109C7000022161F30102A260A26842F00402A26024
:109C8000A2686FF35822A260A268012161F35A62B0
:109C9000A26095F8351095F8220022221AF0B7FE3E
:109CA00005223A72029BFC6000223B617A613A779E
:109CB000CAF870402168059B05EB4604C1F3CF311B
:109CC000A4F88810CAF87C20A4F88E2003F237127A
:109CD00010440EB9C5F8240195F89420013A964233
:109CE00008D195F84720012A06BF0F4AC5F8202160
:109CF000C5F82001CAF8580095F84720012A03F258
:109D00004D1407D1252295F8351095F822001AF048
:109D10007EFE044401363F68F6B205E7D9F800102C
:109D200004F11002521A8CE700881300AC010020E5
:109D30002DE9F04F054687B002F0CEFCD5F87C71D6
:109D400095F81931D5F8E460D5F8AC20FC68DFF857
:109D50003C9243B1C168D9F800300868E31A9BB25D
:109D600063F3DE30086023686FF302032360236827
:109D700095F8241061F3C403236023684FF0040AAC
:109D80006AF3CA132360216823466AF3CE2143F89D
:109D9000101BD9F800105B1A21689BB263F3DE3107
:109DA000216023686FF3DF732360A3684FF0010B1A
:109DB0006BF30103A360A36843EA0A03A360A368EB
:109DC0006FF3C803A360B9F800306068F11A89B274
:109DD00061F30F006060D31A62689BB263F31F42A5
:109DE0006260694B02934FF00008B5F8B03095F807
:109DF00047008DF80C3032460DEB0A0101958DF8C5
:109E00000D800CF04DFA727895F8361095F8240014
:109E10001AF0FDFDFC60C7E9046887F80880A7F820
:109E20001C803F68FC682268052363F302022260FD
:109E3000226895F8241061F3C402226022686AF354
:109E4000CA12226022686AF3CE222260226868F376
:109E5000DE322260D5F8DC10626800F17006B9F8D5
:109E60000000091A89B261F30F026260D5F8D810B8
:109E70006268091A89B261F31F426260A268022116
:109E800061F30102A260A26842EA0A02A26004F140
:109E90001002A168121A92B262F35821A160A2685E
:109EA0006BF35A62A260222295F8361095F82400CE
:109EB0001AF0ADFD0523FC603B72D5F8DC30A7F845
:109EC0001C80C7E9043695F82430022B51D0032BAF
:109ED00051D05B4501D1A73006443F68FC68236838
:109EE0004FF0040868F302032360236895F82420E8
:109EF00062F3C4032360236868F3CA1323602368F2
:109F000068F3CE23236023686FF3DE332360236876
:109F10006FF3DF73236063686FF30F03636063683D
:109F20006FF31F436360A368022262F30103A3601F
:109F3000A36843EA0803A3600E2295F8361095F84B
:109F400024001AF064FD0023C7E90436FC6087F89A
:109F50000880BB8395F82430022B0ED0032B0FD042
:109F6000012B01D106448536C5E94E6607B0BDE830
:109F7000F08FA130B0E7A930AEE706448B36F3E7A7
:109F800006448336F0E700BF0A000100AC01002060
:109F90002DE9F0430446C3788E4AC06D617CA57AF2
:109FA00095B004AE002B63D112688DF8201001210A
:109FB00092F8009092F80580B2F801E0B0F8E470F1
:109FC000B0F82CC0D0F8E6208DF8221002218DF8D0
:109FD0002150ADF82A708DF823908DF82480ADF8CB
:109FE00025E0ADF827C08DF829100B9200F5C07759
:109FF00008ADFA5C595D4A40F2540133102BF8D198
:10A000000CAA31466F300BF0B7FFE178231D04F145
:10A010000B02002940F08A8018689B88ADF8243034
:10A020001368CDF826309388ADF82A300B9108904C
:10A030000CAB08A910251A7811F8010B013D42401C
:10A0400015F0FF0503F8012BF5D1E06D10AA0CA95E
:10A050006F300BF091FFE76D102207F5B87110A873
:10A060001DF0DAFB90B30421204610F017F95AE0F6
:10A0700013688DF82110012193F800E093F805C0D2
:10A08000B3F80120D0F8E470838DB0F8E8808DF843
:10A09000221002218DF82050CDF82370ADF82E301B
:10A0A000ADF827808DF829108DF82AE08DF82BC0A7
:10A0B000ADF82C20002300F5E07708ADFA5C595D7F
:10A0C0004A40F2540133102BF8D199E707F5E072BA
:10A0D000334610685168ADF8045007F5C07203C3E9
:10A0E0001068516806AB03C307F17F02314607F1E0
:10A0F0006F00CDE902550BF03FFFE16D20467F3147
:10A1000018F0DCFA204608F0FDFBE36D20887F3371
:10A1100001AA02A91BF08BF8E36D2A467F3329467A
:10A1200020460EF0B9FC15B0BDE8F08310689288A7
:10A13000ADF824201A689B88ADF82A300023CDF8AA
:10A1400026200B9308900CAA08AB1025117813F861
:10A15000010B013D414015F0FF0502F8011BF5D14F
:10A16000E06D10AA0CA96F300BF006FFE76D10220E
:10A1700007F5D87110A81DF04FFB00287FF473AFCE
:10A1800007F5E07233461068516807F5C07203C3E3
:10A190001068516806AB03C307F17F02314607F12F
:10A1A0006F000BF0E9FEE16D20467F3118F086FA72
:10A1B000E36D2A467F33294620460EF06DFCE16DA3
:10A1C000204601F5C07115F0B4FB204608F09AFB5B
:10A1D000A9E700BFA40100202DE9F04F8BB006468F
:10A1E000894B0093022201230321EC200AF03AFB61
:10A1F000347896F801A0B6F804B01EF04BFB814607
:10A20000002840F0F480814F3868214604301EF069
:10A2100041FD0546002800F0EC8090F8F83023B1AD
:10A22000AAF10303012B00F2E28005F1C8001EF041
:10A23000B1F940F2726300EB0B08984509DD38680C
:10A24000317804301EF026FD002112F095F8072425
:10A2500034E0BAF1030F14D995F847300B2B05D829
:10A2600040F61242DA40D40709D413B19A1E012AEB
:10A270002ED8BAF1030F02D1BBF11F0F38D9122427
:10A280001CE0BBF1000FE7D010201EF0DBFE0590B4
:10A2900058461EF0D7FE059A0346002A00F0AB8010
:10A2A0000028059010460CBF072400241EF0CCFEA9
:10A2B000059B002B40F0A380002CCDD0544B009385
:10A2C000019401230022FF21EC200AF0CBFA8AE05E
:10A2D000BAF1040F56D195F8F820002ACFD0D5F85E
:10A2E000AC20002ACBD0BBF1000FC8D1042BC6D9BB
:10A2F000B8F1000F4FD0052B4DD98DF81C3095F8D3
:10A3000022308DF81E3095F824308DF81F3095F8E6
:10A3100038308DF8223095F837308DF8233000230F
:10A320008DF81D30297E1A4621FA03F0C00748BF78
:10A33000013203F1010344BFD2B24FF00109032BF4
:10A34000F2D1B9F1000F01D08DF81D20B5F83530EC
:10A35000ADF820301FFA88F2294607A806F0AAF8BF
:10A360006A6940F271235343984214D3CDE9010343
:10A37000284B0093022201238421EC200AF072FA78
:10A3800045249BE7AAF1030ABAF1010FB0D9BBF14A
:10A39000000FADD173E73868317804301EF07AFCD5
:10A3A000B37880F8A930B388029390F825300193F0
:10A3B000194B00930546012302220421EC200AF0E8
:10A3C00051FA73788DF81C30B388ADF81E3007A8A9
:10A3D000B368089300248DF81D40099506F0C0FB72
:10A3E00001201EF04FFA20460BB0BDE8F08F0C2480
:10A3F00064E7422462E700283FF429AF07241846A7
:10A400001EF022FE58E700BF76590201EC00002042
:10A410001459020198E401018859020130B591EA0A
:10A42000030F00F18280841A71EB030C05D212191C
:10A4300053EB0C03001B71EB0C0140F2000CCFF648
:10A44000E07C1CEA430F52D0BCEB410F5FD90C0DEE
:10A45000A4EB135E5FF0010C6CF31F516CF31F5300
:10A46000DEF1200C2AD303FA0CF5401941F100016A
:10A4700022FA0EF5401923FA0EF5694112FA0CF290
:10A48000CD0208D349085FEA30005FEA320228BFF4
:10A4900042F001020134013C5FEA500C72F10042CB
:10A4A00050F1000051EB04514FF4001313EB410F36
:10A4B00038BF30BD6FF31301002030BDBEF1200E58
:10A4C000BEF1200F1ED223FA0EF5401941F1000112
:10A4D000CEF1200C124218BF012203FA0CF52A43D8
:10A4E000CEE711EA5C0F04BF0020002130BD1CEA5A
:10A4F000410F04BF01F00041002030BD01F00041D8
:10A50000002030BD21F4801101EB045130BD004228
:10A5100018BF41F00101BCEB410F08BF30BD4FF047
:10A52000FE4141F47801002030BD83F00043841ADD
:10A5300071EB030E07D28EF0004E001B71EB0E0183
:10A54000121953EB0E0340F2000CCFF6E07C1CEA2C
:10A55000430FC6D0BCEB410F72D90C0DA4EB135EB8
:10A56000C90241EA5051C00241F00041DB0243EA16
:10A570005253D20243F00043DEF1200C41D312FAD1
:10A580000CF522FA0EF203FA0CF542EA050218BFA6
:10A5900042F0010223FA0EF3801A9941E30AC4F350
:10A5A0000A0411F0404F03D418D0013C4000494147
:10A5B000013C23D44205C00A40EA4150C90A51EA8D
:10A5C000C3715FEA500C72F1004250F1000051EB90
:10A5D000045130BD01002FD00020203C0029F9D0CB
:10A5E000B1FA81FCDCF1200E11FA0CF130FA0EF513
:10A5F00010FA0CF02943A4EB0C04D9E70020D9078A
:10A6000030BDAEF1200EBEF1200F0DD2CEF1200CE8
:10A6100003FA0CF533FA0EF32A4318BF43F0010393
:10A62000C01A61F10001B9E721F00041C00A40EA17
:10A630004150C90A01EB045130BD0020002130BD5A
:10A64000004218BF41F00101BCEB410F7FF467AF3E
:10A65000BCEB430F3FF463AF30BD7047F8B5037FE9
:10A660008C4E022B044622D11EF005FAD4F8AC30F1
:10A670007BB92377A36F23F08053A367012323843F
:10A6800033696362B4F86C3023F49073A4F86C30CF
:10A6900012E094F86D20920609D51B7903F030037F
:10A6A000102B04D100232377C4F8AC30E2E7217FDC
:10A6B0000029DFD0022967D0204612F0C9F8A17E18
:10A6C00084F8220094F8210018F0B2FCD4F89830F5
:10A6D000184494F82130C4F898001BB1B4F85230F3
:10A6E000A4F85830E37DD4F8CC00012B40F0B580BD
:10A6F0001EF0C4FCD4F8A430834238BFC01AD4E999
:10A70000262328BF00209A42A36F80F0A3808242B4
:10A7100080F0A080D90040F1948094F86D2042F040
:10A72000010284F86D2043F04003A36717F03EFF59
:10A73000616AF0681AF0ECF8F36894F822205A7015
:10A7400094F86D3094F86C20F06803F00101C2F3C6
:10A750008013DB0043EA011394F82010D2090B4365
:10A7600043EA820303701BF047FBA36F13F0200141
:10A7700008D194F86C2043F0200361F3410284F87F
:10A780006C20A3670020F8BDD4F8AC20138955894C
:10A79000ED1AA36F23F08053A36794F86D306FF325
:10A7A000000384F86D30137903F03000102829D1AC
:10A7B00012891ABB03F00303012B1FD084F8201069
:10A7C000D4F8AC20B4F8601013890C331344A942B8
:10A7D00063621ED310681EF085F8D4F8AC301B7984
:10A7E00003F03003102B07461ED160681EF07AF884
:10A7F00027B3A36F43F08053A3670FE0012384F8CE
:10A800002030DDE7032384F8203020460CF0F0F9F7
:10A81000D6E7A36F43F08053A3670D4684F8215019
:10A8200020461DF01AFF47E7A0681EF05BF894F879
:10A830006D309B06DCD5002FDBD1EFE70028D8D1A7
:10A84000ECE794F86C20D2063FF56DAFA27D012AAB
:10A850003FF469AF23F0400367E71EF00FFCD4F824
:10A86000A430D4F8A020834238BFC01AD4F898305E
:10A8700028BF00209342BFF459AF8342BFF456AFC4
:10A88000A36FDB0042BF94F86D3043F0010384F8FE
:10A890006D304BE7983301202DE9F04F05468FB01E
:10A8A0000F460026BB5DAB550136202EFAD13C4643
:10A8B0004FF0000854F82C0FCDF82080616809ABE8
:10A8C000CDE9068803C3A068E16803C306AA20692E
:10A8D00018601146334610461BF034F906AA834629
:10A8E000294628461BF02EF9BA4683445AF8300F01
:10A8F000DAF8041009AB03C3DAF80800DAF80C1030
:10A9000006AA03C3334611461046CDF834801BF027
:10A9100019F95FFA8BFB834406AA294628461BF0E7
:10A9200011F93B465FFA8BFB834453F8200F0193E8
:10A930005968CDF82C800DF11809A9E803003A46B2
:10A940009868C9F8000052F8380F049251680CABAF
:10A95000CDE9098806AA03C33346294628461BF0D9
:10A96000F1F85FFA8BFB3A465844C3B252F8240F11
:10A97000059351680292BB4606AB03C39068C9F8C1
:10A9800000005BF8340FDBF8041009AB03C3DBF8FD
:10A990000800186003937B6B0C933B6A0D9306AA27
:10A9A0003346294628461BF0CDF8059B6168CDF853
:10A9B0002C801844C3B22068059306AB03C33B6ADE
:10A9C000A0680C93BB6AC9F800000D9306AA334631
:10A9D00029462846CDE909881AF0CAFC059BDAF811
:10A9E0000410181AC4B2DAF8000006AB03C3DAF890
:10A9F0000800DAF80C1003C37B6A0C93FB6A0D9312
:10AA000006AA334629462846CDE90A881AF0B0FC42
:10AA1000DBF80410019A241ADBF8000006AB03C32C
:10AA2000DBF808005168C9F80000106809AB03C3DF
:10AA3000039B906818603B6B0D9306AA334629462A
:10AA40002846CDF830801AF093FC049AE4B251689D
:10AA5000241A1068029A06AB03C310685168C9F83B
:10AA6000008009AB03C3039B906818607B6B0D9358
:10AA700006AA334629462846CDF830801AF078FCDD
:10AA8000E4B2241A64B244450F4E10DB34B92022DC
:10AA9000294630461BF0E8FB012812D0202332461D
:10AAA000294628461AF064FC241A64B2EEE72023F3
:10AAB0003246294628461BF045F8044464B2002C6F
:10AAC000F5DB0FB0BDE8F08FF88901012DE9FF47F4
:10AAD0008D7804680F7894F8F860012D38D9022D2C
:10AAE0003CD094F82530CDE901537F4B00930222EE
:10AAF00001238F21EC2009F0B5FE7C4B009302234B
:10AB0000EC2001971A46922109F0ACFEB80640F1FC
:10AB1000A180774F94F803913B689B6998473B6805
:10AB200004F5827A09F001098046DB6951464846FE
:10AB300098470546B8F1000F40F0818098B16D4B01
:10AB40000093022201231821EC2009F08BFE01E082
:10AB5000002EC6D1002004B0BDE8F08794F8F9308B
:10AB6000002BBED1F6E74FF4E671052011F0B6FDDB
:10AB700080460028EED0C4F81C0105683B68288890
:10AB80001B6A52464946984794F84730063B012BCA
:10AB90002CD8012385F8B43094F84720072A07D829
:10ABA0000123934013F0130F34D113F0C00F29D1B8
:10ABB000B21E564256413B6885F8C861D3F88430CE
:10ABC000D4F81021D4F8D8104046984701212046E7
:10ABD0001BF026F9002284F81621227B012384F839
:10ABE0001431002AB6D0A4F81731B3E7D4F8DC301A
:10ABF0001B78990604D50E201CF02EFD0028C8D124
:10AC00000023C7E794F82430022B08D0032B09D087
:10AC1000012BCDD141F21113A5F81930C8E741F24B
:10AC20001223F9E721236B7694F83630012B0CBF01
:10AC300022232323AB7694F83630EB76B8E72E4BFD
:10AC40000093022201231721EC2009F00BFE002DB6
:10AC500080D074E77B060AD5012120461BF0E0F87E
:10AC6000012384F814313C2384F8163172E7237BE6
:10AC7000C3B194F84920AAB194F8FB3093B98DB9C7
:10AC8000022E0FD094F848300133DBB29A4284F898
:10AC9000483007D8012120461BF0C2F844F20133A6
:10ACA000A4F8173194F84770012F08D1394620468F
:10ACB0001BF0B6F83C2384F8147184F81631022E88
:10ACC0007FF448AFD4F86C314BB1012D7FF442AF23
:10ACD00084F81551294620461BF0A2F83AE70121D5
:10ACE00084F81511F7E700BFD2170201EB17020134
:10ACF000C0350120F7170201071802012DE9F04FB6
:10AD000084682378EF2B8FB004D9032420460FB03A
:10AD1000BDE8F08F638823F07F03002BF5D16268D4
:10AD20007D49A2F120038B42EFD8A368A3F120054F
:10AD30008D42EAD89A42E8D8237B013B062BE4D81F
:10AD4000237D032BE1D894F8168008F0FD08B8F1B4
:10AD5000010FDAD1237E032BD7D8637E0F2BD4D8F3
:10AD6000C36801931DF01EFF0D2805D9E37E042B57
:10AD7000CBD8237F042BC8D8684E20781CF038FB32
:10AD8000B27873781340FF2B654B0093D3F8009093
:10AD900099F8332018BFB0FA80F7824614BF7F09B4
:10ADA0000127002A00F0B08004F10D0299F832303A
:10ADB000029209F1340B00259D4210D1F7B9628847
:10ADC000920700F08D80AB429FD05146284610F08C
:10ADD00085FA002899D002238DF8273016E05946CD
:10ADE0000722029803931CF017FD0BF1280B039B1D
:10ADF0000028E3D00135EDB2DEE7FF2599F82130D8
:10AE0000022B66D00DF127001CF00EFB23788DF885
:10AE10001C306388ADF81E306368A288ADF820202E
:10AE20001B0C8DF82230A3682289607BADF82320AB
:10AE30001B0C8DF82530237B8DF826301EF070F822
:10AE400023468DF8280053F80E2FCDF829209B8833
:10AE5000ADF82D30237D8DF82F30637D8DF83030A7
:10AE6000A37D8DF83130E37D8DF83230237E8DF86F
:10AE70003330637E8DF83430A37E8DF83530E37E39
:10AE80008DF836300199237F8DF8373007A817F0F9
:10AE900027FB044600287FF439AF9DF81C904846F4
:10AEA0001CF0A6FA022809D17378FF2B1DD0B378C5
:10AEB000FF2B03D1464486F80190F570009B19687A
:10AEC000AFB191F82130012B7FF420AF22314846F9
:10AED00017E05146284610F001FA002892D114E7F5
:10AEE00001238DF82730FF2590E7A046E2E791F88F
:10AEF0003330002BE5D005A81DF050F99DF81C005B
:10AF000005A916F007FA01E7002F7FF476AF0DF1DF
:10AF100027001CF089FAE6E7E03F1F00E634012035
:10AF20009C0000202DE9F04186B0844B019006463C
:10AF30000093022201231321EC2009F093FC012E3F
:10AF400009D97F4F3868F02104301DF0A3FE054673
:10AF500030B90C2440E01DF0A5FC0028F1D0F8E742
:10AF600006B3032E2BD115F0B5FD044615F01AFFDC
:10AF700011F0C8FE0FF0E2FC204310F0FF0F40F08C
:10AF8000DA8095F84730012BE3D06C7E012C19D183
:10AF900028461DF047FCF0B195F8F830002B4FD053
:10AFA000032E54D03868F02104301DF073FE04469F
:10AFB000032E00F2AE80DFE806F04E5A83B3012E76
:10AFC000DFD8E2E7ACB9214604A81BF053FF9DF897
:10AFD0001030002BE0D012245A4B0093019401232F
:10AFE0000022FF21EC2009F03DFC204606B0BDE820
:10AFF000F081A31E012BCFD8AA7E9DF8103062F3FA
:10B0000000038DF810302B464FF0000853F81B2F2B
:10B01000CDF811209B888DF80E800DF10E0104A84B
:10B02000ADF8153015F042FB0028B5D0022CAFD199
:10B0300041460DF10F001BF01DFF9DF80F30C8E7D2
:10B04000284603F083FC04460028A9D0C4E728461C
:10B0500015F068FDA6E794F8F810012902D1204602
:10B060001AF0DEFE01201DF005FC0024BDE794F877
:10B07000F850002DF6D10121084610F0C9FE94F8D1
:10B080004710204605F0B6FE94F847302E4A012BB3
:10B090001EBF636905F271255D4342F21073C4F867
:10B0A0003431002101232046C4F8305184F8F830AF
:10B0B00021730EF02BFBD4F8680106F0EDFDD1E70B
:10B0C00094F84710204605F095FE65691DF006FED0
:10B0D0004FF4C8635843B0FBF5F01DF011FE1CF0AF
:10B0E000C9FA204612F01EFA15F084FE12F04CFD4B
:10B0F00011F0FCF9002102232046C4F8301184F835
:10B10000F8302173104A0EF001FBD4F8680106F004
:10B11000C3FD00201DF0AEFB00201DF0B3FBA4E733
:10B120001BF088FB08B11CF0A5FA94F847102046E4
:10B1300005F060FEDEE71E244EE700BF87780201BF
:10B14000EC00002076610201E1660001F0B50468C0
:10B1500089B0054616461BF078FDA36F59020ED53F
:10B1600017F024FAA36F23F48003A3671AF044FEB8
:10B1700016B1304619F012FA002009B0F0BDE17F97
:10B1800019B1B4F85230A4F8583094F86C7017F034
:10B1900001073DD10027E26F930740F1858094F8C5
:10B1A000E23022F00302082BE26701D0032B03D127
:10B1B000D4F8B431002B73D1D4F8B8310021988978
:10B1C000A4F854005889B4F850C0844511D1B4F89B
:10B1D00052E0B3F810C0E6450BD1B4F83EE0B3F846
:10B1E00012C0E64505D1B4F83CE0B3F80EC0E64520
:10B1F00058D0A4F85000198AA4F85210588AE08751
:10B20000DB89A387A4F8581042F00402E2674BE000
:10B210000029BFD0A37F002BBCD020461CF01EFE0F
:10B220000028B7D0E37FD4F8C421C4F8D0508342BB
:10B2300014BF0823002384F8D830A37FC4F8D42097
:10B24000032B84F8D90084F8DA3017D11378022B55
:10B2500007D117F0ABF9A36F43F00043A3671AF0CF
:10B26000CBFDD4F8D4301B78112B01D0072B05D19E
:10B27000E36F9A0744BF23F00303E3672246039575
:10B2800052F8D00F516804AB03C39068D168142200
:10B2900003C3009603AB3149012014F0E7FE7AE7BF
:10B2A00001218CE70029AFD1002F3DD116B13046E6
:10B2B00019F074F91BF0EEFE94F92C3084F82B0091
:10B2C000002B3FD1C300E38584F82C00D4F844312F
:10B2D000002B3FF451AF94F8E22092B994F8E420A7
:10B2E000213A012A0DD91A7C16070AD4B3F8153071
:10B2F000B4F85C209B1A1BB2002B02DC28460CF031
:10B3000025FDD4F844311A7C50067FF535AFD3F8CB
:10B310002220137A99067FF52FAF6FF3451313722E
:10B32000284609F067FC27E794F828000128C1D1D6
:10B33000022384F82830042203AB0949039513F053
:10B3400037F8B7E7B4F92E30A3EBE30303441BB29D
:10B35000E385DB1084F82C30B8E700BF60040101FE
:10B3600001060101F0B581EA030E0EF0004E40F235
:10B370000007CFF6E07717EA41051EBF95EA070FF1
:10B3800017EA430494EA070F00F0C5806D0DA5EBA2
:10B39000545707F580674FF0004646EAC12444EA57
:10B3A0005054C00246EAC32343EA5253D202801AE1
:10B3B0009C4104D20018644180185C41013F5B0845
:10B3C0004FEA32020025002140F001004FF007064D
:10B3D00004E0801A9C4136D340416441801A9C416C
:10B3E00036D340416441801A9C4136D34041644188
:10B3F000801A9C4136D340416441801A9C4136D327
:10B4000040416441013E17D0801A9C4136D34041EF
:10B410006441801A9C4136D340416441801A9C416A
:10B4200036D340416441090201EB156190EA0525DC
:10B4300020F0FF004540CCE7801A9C4156D335E010
:10B4400080185C41C8D20018644180185C41C8D2A1
:10B450000018644180185C41C8D20018644180180B
:10B460005C41C8D20018644180185C41C8D2001801
:10B470006441013E17D080185C41C8D20018644175
:10B4800080185C41C8D20018644180185C41C8D261
:10B4900000186441090201EB156190EA052520F0CE
:10B4A000FF004540CCE780185C411FD3420918BF1C
:10B4B00044F00104490101EBD56100F01F0000EBED
:10B4C000451021F4801141EA0E01013041F10001E3
:10B4D000244208BF20F00100B7F5006F3EDA013FBB
:10B4E00049DD01EB0751BDE8F0407047490101EB30
:10B4F000D56100F01F0000EB451021F4801141EAF6
:10B500000E01B7F5006F29DA013F34DD01EB075179
:10B51000BDE8F0407047004218BF41F001011242FF
:10B5200018BF43F00103B7EB410F2CBFB7EB430F3C
:10B530001CE0B7EB410F04BFB7EB430F16E017EA6F
:10B54000410F04BF17EA430F10E017EA410F12D072
:10B5500017EA430F02D0B7EB430F0CD04EF0FE4179
:10B5600041F470010020BDE8F04070474FF0FE410B
:10B5700041F47801F6E77146F4E770472DE9F04FA2
:10B580008BB006467D4B0093022201230521EC205F
:10B5900009F068F9347896F801B0B6F804A01DF007
:10B5A00079F98146002840F0DC80754F38682146E3
:10B5B00004301DF06FFB0546002800F0D48090F8A1
:10B5C000F8301BB1BBF1030F40F0CB8005F1D00088
:10B5D0001CF0E0FF40F2726300EB0A08984509DDB9
:10B5E0003868317804301DF055FB012110F0C4FE9D
:10B5F000072455E0BBF1030F37D995F8473013F016
:10B60000FD0F57D1BBF1030F5ED1BAF11F0F5BD80D
:10B610003868317804301DF03DFBB37880F8B930DC
:10B62000B388029390F825300193564B009304465B
:10B63000022206210123EC2009F014F973788DF819
:10B640001C30B388ADF81E300125B368089307A8F5
:10B6500009948DF81D5005F083FA28461DF012F963
:10B66000002420460BB0BDE8F08FBAF1000FC4D023
:10B6700010201DF0E7FC059050461DF0E3FC059AF4
:10B680000346002A71D00028059010460CBF0724FD
:10B6900000241DF0D9FC059B002B6AD1002CACD0F6
:10B6A000394B0093019401230022FF21EC2009F083
:10B6B000D9F8D6E7A3F10A02012A07D9BBF1030F93
:10B6C00002D1BAF1000F01D01224E9E7B8F1000F5E
:10B6D0009ED0052B9CD98DF81C3095F822308DF822
:10B6E0001E3095F824308DF81F3095F838308DF8DD
:10B6F000223095F837308DF8233000238DF81D3037
:10B70000297E1A4621FA03F0C00748BF013203F12F
:10B71000010344BFD2B24FF00109032BF2D1B9F1BA
:10B72000000F01D08DF81D20B5F83530ADF8203070
:10B730001FFA88F2294607A804F0BCFE6A6940F2A5
:10B74000712353439842FFF463AFCDE901030F4BDC
:10B750000093022201238421EC2009F083F8452480
:10B760009EE70C249CE742249AE700283FF440AF70
:10B77000072418461DF068FC90E700BF687F0201AF
:10B78000EC000020885902011459020198E40101DB
:10B79000F7B54388032B044605D0082120460EF058
:10B7A0007DFD03B0F0BDC06D0191E43001A91DF035
:10B7B0001CF9E06D01A9E5301DF017F9E06D01A954
:10B7C000E6301DF012F9E06D01A9E7301DF00DF92A
:10B7D000E06D01A9E8301DF008F9E06D01A9E9303C
:10B7E0001DF003F994F85520E36D3AB194F8541024
:10B7F00093F8E620914201D00521CFE7002284F89A
:10B80000552093F8E72084F8522093F8E620D007DB
:10B8100004D55D4A12685278D10701D401225A71C9
:10B82000E26D92F8E730073B092B01D90621B5E715
:10B8300092F8E630544D13F0080F2B6803D19B7932
:10B8400023B10321AAE75B78C3F3C00384F8573020
:10B8500020460FF095FF04F1600716F0CAFC4B4933
:10B86000384606F0F7FCE66D737813F1FF3218BF27
:10B87000012284F8562094F85720002A4DD0012B3D
:10B8800007D096F8E7300F2B03D8384608F0C0FCF5
:10B89000CCE794F8533083B9022019F0BFFF002899
:10B8A00037D12B68DA789AB13949402204F1120075
:10B8B0001BF0C0FF022384F85330204613F0FCFC39
:10B8C00004F11201204616F071FC0A23A37068E708
:10B8D0007278032A06D1996821B191F850300BB1E2
:10B8E0004022E3E72B481DF035F8064600287FF498
:10B8F00054AF2868022384F85330103008F088FCD5
:10B900002B6883F828609B680BB183F8506009238B
:10B91000DCE7012384F85330F9E7204613F0CCFC30
:10B92000E36D93F8E920D2075CBF01225A71E16D03
:10B930004B78012B0AD120466F3104F037FAE16DC4
:10B94000204601F5D87113F08FF82AE7022B13D1A6
:10B950002B681B78022B03D1204616F0E7FA20E76C
:10B96000042B05D191F8E430022B01D0042BF3D144
:10B9700020461BF026F914E7032B7FF412AF204674
:10B980001BF030F90DE700BFA4010020A064D10135
:10B99000302F0201892702012DE9F04190F8E230B1
:10B9A000062B92B0044640F0EA80002108F064F9CA
:10B9B000D4F84431D87D1CF0B9FCD4F8443193F963
:10B9C0001B20197C003218BF012262F30411197484
:10B9D000D4F84421137C5907054621D56FF382031F
:10B9E000137441F22103ADF800302388ADF806301E
:10B9F00002238DF80830431C8DF809300022D4F85A
:10BA000044318DF80420197F8DF80A109B7E8DF843
:10BA10000C20C3F3010368468DF80B3018F074FE58
:10BA2000D4F8443193F91C207E2A00F08C807F2AC0
:10BA300000F099802B441A71D4F844315A199B7E36
:10BA40001373D4F844311A7C02F01202122A1FD167
:10BA500041F22102ADF8002000228DF80420228856
:10BA6000ADF8062001228DF80820AA188DF80920CB
:10BA70005A1992F904108DF80A10127BC2F30102D0
:10BA80008DF80B20DB7E8DF80C30684618F03CFEFC
:10BA9000D4F844315B7F013BDBB2FD2B53D8294600
:10BAA00020461CF003F9D4F84421537FC7B2FB1A97
:10BAB0005355D4F844612E4480460121304617F096
:10BAC00077FF3072D4F844215357434517D0DB1B1E
:10BAD00082F82030D4F844315A192946127ADA779C
:10BAE000D4F844210123AB4093772046D4F8446135
:10BAF0001CF0DCF886F82100204619F090FFD4F8FD
:10BB000044311A7CD2071ED541F22102ADF8002043
:10BB100000228DF804208DF808202188ADF8061049
:10BB20006A1C8DF809205A578DF80A205A19684660
:10BB3000127AC2F301028DF80B205B5DDB1B8DF8DE
:10BB40000C3018F0E1FDD4F844311B7C1B071AD5EA
:10BB50000A200AF0ABF9C4F8B40120461CF02CFD11
:10BB600012B0BDE8F0814FF48153ADF80030238866
:10BB7000ADF804304FF6FF73ADF8063085E72421A9
:10BB80001AF0B9FFECE70120EAE770472DE9F84326
:10BB900081460E4698469500284605F0EDFC0028A3
:10BBA00000F096800746542005F0E6FC0446002885
:10BBB00000F08B80542200211CF058FC27632A4699
:10BBC000A52138461CF052FC043D236B1D4425F092
:10BBD00007058EB1337884F8343053B1334604F11D
:10BBE00034010F3613F8012F01F8012F0AB1B342C7
:10BBF000F8D1002384F84330089B042B28BF04238A
:10BC00001F46E3626364261D30461DF0CCF904F143
:10BC100018001DF0C8F92461C7F10503A36164622F
:10BC200042464946284619F057FC2060099B03B15B
:10BC30001C601BF06FF8424A136801331360414BDC
:10BC40001B68002B48D0404B1B683BB93D4B1B6821
:10BC5000DA6AE36A9A429CBF3A4B1C603B4A13681B
:10BC600001331360E36A3A49086801229A400243AB
:10BC70000A60384A03EB830302EB83035B68A3602B
:10BC80009968E1604E609E60E06A81000B189B003D
:10BC9000D5186561014452F821100131D1501CF0D2
:10BCA00041FA294B1B68002B46D0264B1B68DA6AE9
:10BCB000E36A9A4242D2284B4FF080521A60BFF397
:10BCC0004F8FBFF36F8F012004E038460DF0FCFA70
:10BCD0004FF0FF30BDE8F8831A4B1C60184B1B680F
:10BCE000012BBBD11B4D28461CF0FCF805F11400BC
:10BCF0001CF0F8F805F128001CF0F4F805F13C0000
:10BD00001CF0F0F805F150001CF0ECF8134F384629
:10BD10001CF0E8F8124D28461CF0E4F811481CF01D
:10BD2000E1F811481CF0DEF810481CF0DBF8104B6D
:10BD30001F60104B1D6091E70120CBE70120C9E790
:10BD40004035012034350120643501204C35012077
:10BD500050350120F030012004ED00E0B033012027
:10BD6000C4330120D833012000340120EC330120FA
:10BD7000383501203C3501202DE9F34114466A464F
:10BD800007460E460D6801F0D5FE2378012262F3C6
:10BD900005039DF80020237012F0010C1FBFDBB2D9
:10BDA000072161F30503237012F0020006D0237807
:10BDB000C3F30501063161F30503237012F0080196
:10BDC00007D02378C3F3050E0EF1020E6EF30503C0
:10BDD0002370D30607D52378C3F3050E0EF1030EA7
:10BDE0006EF305032370930607D52378C3F3050E7E
:10BDF0000EF1120E6EF305032370530607D5237858
:10BE0000C3F3050E0EF1010E6EF305032370737A72
:10BE10003BB12378C3F3050E0EF1090E6EF3050353
:10BE2000237012F07B0F08D196F809E0BEF1000FE5
:10BE300003D123786EF3050323703379093B042B78
:10BE400019D8DFE803F00303090909003B78A3F1DF
:10BE5000080EBEF1010F03D823786FF3871309E0B2
:10BE6000A3F1060EBEF1010F6DD823784FF0010E3D
:10BE70006EF3871323702378627013F03F0318BFAB
:10BE80000123BCF1000F0CD003F1010CAE46A44419
:10BE90005EF8288FCCF80080BEF804E0ACF804E02F
:10BEA000063360B1581CAC4620445CF82EEFC0F855
:10BEB00000E0BCF804C0A0F804C00633DBB2D9B17E
:10BEC0003878A0F10A010129BDF8041042D8B5F86C
:10BED000C20060F30B01ADF8041095F825009DF841
:10BEE000051060F307118DF80510E118BDF8040086
:10BEF000A1F801000233DBB2D00644BF0333DBB24A
:10BF0000910644BF1233DBB2520605D5E21895F80C
:10BF1000271051700133DBB2727A8AB15A1C224465
:10BF20001C44E96B08236370282353700B4653F8B5
:10BF30001C0FC2F802001B7993714B8BA2F80730DB
:10BF400002B0BDE8F0810A3B012B94D823784FF072
:10BF5000020E8DE70C280ABFE86BB5F8B200C08D61
:10BF6000B7E7704708B54FF0884200BFD2F82031DC
:10BF700013F4007FFAD06B4B41F202022721995251
:10BF800003F5805242F27801118041F204015A58BF
:10BF900042F480125A50644A136813F4801FFBD194
:10BFA000624B1B6803F47043B3F5805F40F09880E8
:10BFB0005F4A536A13F0010FFBD04FF08843002211
:10BFC000C3F8D0205B4AC3F8D02002F12B42A2F57F
:10BFD0004B12A2F6AB42C3F8D02003F520634FF416
:10BFE00000721A6001229A601A46136813F0010F5A
:10BFF000FBD14C4BB3F8BA2442F00202A3F8BA24A6
:10C00000B3F8BA2402F0FD02A3F8BA244FF0884333
:10C01000D3F8202122F07F42C3F820211A6D42F08C
:10C02000405242F00C021A654149CA6822F07E0271
:10C0300042F00402CA600022C3F8D0203D4AC3F88F
:10C04000D02002F12B42A2F54B12A2F6AB42C3F86C
:10C05000D02003F52063384A1A620A46536A03F077
:10C060000303032BFAD1314B344A1A6001229A6040
:10C070001A46136813F0010FFBD12C4A48F209034A
:10C08000C2F8803140F20123C2F8A0304FF40043DF
:10C09000C2F8A8304FF088434FF41041C3F8801025
:10C0A0000021C3F89010C3F8A010C3F8B0102448C2
:10C0B000C3F8E000C3F8F0102249C3F800111C498E
:10C0C000486840F010004860086840F088700860D8
:10C0D0000821116311644FF03332C3F8D02008BD3A
:10C0E000104B41F202022E21995203F5805244F284
:10C0F0002831118041F204015A5842F480125A50FA
:10C10000094A136813F4801FFBD10F4B186820F401
:10C110009F7020F001004FF2D0231B6840F48A701A
:10C12000984745E70020014104300141000A0044DE
:10C1300000400141556699AA080101C00101200093
:10C14000E0070020FEFF730F0024014430B585B0E6
:10C1500000230293ADF8043090F85230012B0446CE
:10C1600001A902A82AD118F083FE029AA36DB4F89F
:10C1700054101A44BDF804300B449BB240F2E14124
:10C180008B42C2F31602029285BFA3F2E243013250
:10C19000ADF80430ADF8043088BF0292617862696E
:10C1A00011F004054BD19442D0693BD053785B0722
:10C1B00007D441F04001617005B030BD18F058FE61
:10C1C000ECE7A26E02F59C735B0040F27122B3FBB8
:10C1D000F2F30344C3F3160365F34511E3616170A1
:10C1E000514ABDF804001168029A9B1A91F8402246
:10C1F00002F58E7240F27125C3F316036B4331F8DA
:10C2000012504FF4005105EB900594F85000C5EB27
:10C21000530519F091FE6464294604F1380006F0D4
:10C2200019F8C9E7A26E02F59C735B0040F2712217
:10C23000B3FBF2F30344C3F31603E361D0E7944284
:10C24000E369029AA3EB0203C3F3160340F27122DF
:10C2500002FB03F31CBF6FF345116170012B4FEA22
:10C26000530584BFBDF80430A5EB93052E4B1A6827
:10C2700092F8403203F58E7332F8133003F27122D4
:10C28000AA4217D9A06828B1837843F008038370C5
:10C290000DF0D4FA4FF4002194F8500019F04CFE40
:10C2A00020461AF033FB0022214694F850001CF07F
:10C2B00092FE81E7ED1A94F852306464012B0DF17F
:10C2C000060103A82CD118F0D3FD039AA36DB4F88E
:10C2D00054101A44BDF806300B449BB240F2E141C1
:10C2E0008B42C2F31602039285BFA3F2E2430132EE
:10C2F000ADF80630ADF8063088BF0392DDE90223C1
:10C300009A4204D1BDF80630B3F5966F01D3A5F576
:10C310009C754FF4005194F8500019F00DFE7BE726
:10C3200018F0A6FDEAE700BF940100202DE9F04FC8
:10C330001646A1B0102281460C460DEB02000021EA
:10C3400098461CF093F830461CF07CFE0746002807
:10C350007ED0A319421EA3427DD118AD1022002128
:10C3600028461CF083F80DF1500A102200211CA869
:10C370001CF07CF887231022002150468DF87F3076
:10C380001CF074F810AA5146484609F0F5FD0CACB3
:10C3900010AA0023D17B19550133102B02F1FF3273
:10C3A000F8D19DF93030002B5ADB04A920461BF050
:10C3B000C7F89DF91030002B5CDB08A904A81BF01E
:10C3C000BFF806F10F00000906F00F065CD01FFA57
:10C3D00080FB002E5AD100F18050013810AA04A928
:10C3E00007EB00101BF048FF1022002168461CF0EC
:10C3F0003DF800260BF1FF339E42224665D310A97B
:10C4000068461BF039FF0023E27BEA540133102B0E
:10C4100004F1FF34F8D11CAA2946484609F0ACFDC6
:10C420001CAB0022D97B0DF802100132102A03F157
:10C43000FF33F7D10DF10F02002300BF12F80119ED
:10C4400008F803100133102BF8D138461CF0FCFD1E
:10C4500021B0BDE8F08F13F8011D02F8011F7AE743
:10C46000294620461BF06CF804AA1CA928461BF09C
:10C4700003FF9EE7294604A81BF062F808AA1CA93E
:10C4800028461BF0F9FE9CE74FF0010B0BF180539F
:10C49000013B1A010023B6B2194680201FFA83FC23
:10C4A00066450CD907EB020C1CF803C00AF803C060
:10C4B0000133102BF2D110AA08A9504692E70CBF05
:10C4C0000AF803000AF80310F2E707EB06116846C2
:10C4D0001BF0D2FE0023D17BE9540133102B02F173
:10C4E000FF32F8D11CAA2946484609F045FD1CAA8E
:10C4F0000023D17B0DF803100133102B02F1FF3222
:10C50000F7D10136B6B275E72DE9F04F03789146C1
:10C51000A3F10802012A87B080460F4665D891F83A
:10C52000F920B9F1000F06D1134622B991F8FC1099
:10C53000002900F0B8804FF48073ADF80930002373
:10C5400001978DF80D30002A4DD197F8FC308DF809
:10C550000B306A460A2301A940468DF8083001F0E5
:10C56000E9FA01A9684610F08AFE01266A46834668
:10C5700001A940468DF8096001F0DCFA01A968467E
:10C5800010F07DFE0025524B02936A4601A9044635
:10C59000404601978DF80D5001F0CCFA01A968468C
:10C5A00010F06DFE6A4601A9824640468DF809608A
:10C5B0001FFA8BFB01F0BEFA01A9684610F05FFE7E
:10C5C000CB4575D2A9EB04091FFA89F329461FFA56
:10C5D0008AFA01319A45C9B203D21D1AABB2002BB7
:10C5E000F7D1002565E00123B1E70A3B012B4FF0AD
:10C5F000000460D8B9F1000F62D0364B01916A4651
:10C6000001A902938DF80D4001F094FA01A9684642
:10C6100010F035FE4FF0010B6A46824601A94046F4
:10C620008DF809B001F086FA01A9684610F027FEDE
:10C63000274B02936A4601A90546404601978DF8AB
:10C640000D4001F077FA01A9684610F018FE6A461D
:10C6500001A9064640468DF809B01FFA8AFA01F092
:10C6600069FA01A9684610F00AFECA4525D2A9EB6D
:10C6700005091FFA89F32146B6B201319E42C9B2BB
:10C6800024D21C1AA3B2002BF7D11C4687F84A30DB
:10C6900087F84B1087F84D4087F8500087F84F50C7
:10C6A00007B0BDE8F08F1046154614461146EDE779
:10C6B00029460123EAE72046254621462346E5E7A9
:10C6C00048464D464C4649464B46DFE70024F5E7D1
:10C6D0000D0001000B0001002DE9F04FD0F87C3176
:10C6E000D0F8E0A0D0F874611A1C89B04FF0000BAC
:10C6F00018BF012205460092D9465F4695F894205E
:10C70000BA4212D895F819315BB1D5F82071D5F835
:10C710007461C437002400BF95F89430A34200F23E
:10C72000A880584609B0BDE8F08FF46822686FF31E
:10C7300002022260226895F8221061F3C40222608E
:10C740002268042161F3CA122260226861F3CE22BA
:10C75000226095F894205249013A97426ED122689E
:10C760006FF3DE32226022686FF3DF722260A2680C
:10C770006FF30102A260A26842F00402A2600A689C
:10C780006168AAEB020292B262F30F016160626813
:10C790006FF31F4262600395002B59D040F20112E3
:10C7A000ADF8112009224FF000088DF8102003A9E0
:10C7B000524695F8470001938DF81380ADF8148028
:10C7C00009F06EFD9AF8012095F8351095F82200D1
:10C7D00018F01DF90FFA87FEC6E904A905EB8E01D2
:10C7E000009B7377F46086F80880C6F8188086F896
:10C7F0001C804E660C67C1F87C8095F89420019BE4
:10C8000002F1FF3C674526D105EB4202A2F8868083
:10C81000A2F88C80863081440FB9C5F82491674511
:10C8200008BFC5F8209107F10107C1F8589008BF6B
:10C83000B3460AF1420A3668FFB25FE7086804F1BE
:10C840001002121A206892B262F3DE3020608AE78A
:10C85000ADF81130A6E705EB4E02DFF844E0A2F890
:10C860008E80DEF800E01034A4EB0E04A2F88840BD
:10C87000D0E79DF8113073B100238DF8183095F88A
:10C880002430013B8DF8193073693146FB1A06A834
:10C8900007930DF02BFC01343668E4B23CE700BF8F
:10C8A000AC01002070B5C56D86B00446002D00F0C7
:10C8B000DB8095F82E30DE0722D511201CF085FB99
:10C8C0000646E8B100F11003062104A804931CF009
:10C8D000B7F92B46049953F8A02F0A605A684A60AA
:10C8E0009A688A60DA68CA60062300933246002399
:10C8F0001121208818F059F810B130461CF092FB35
:10C90000E56D95F82E30980721D50B201CF05DFBC6
:10C910000646E0B100F11003072104A804931CF0BF
:10C920008FF9049BB5F8B0201A80049A55F8B23FED
:10C9300013606B68536006230093324600230B217B
:10C94000208818F032F810B130461CF06BFBE56D12
:10C9500095F82E30590722D511201CF036FB0646DB
:10C96000E8B100F11003082104A804931CF068F951
:10C970002B46049953F8BC2F0A605A684A609A689B
:10C980008A60DA68CA6006230093324600231121C8
:10C99000208818F00AF810B130461CF043FBE36D14
:10C9A00093F82E301A0728D508201CF00EFB0546F8
:10C9B00018B300F11003092103A803931CF040F9F8
:10C9C0000DF1110104A81AF055FA9DF8101003A8F2
:10C9D0001CF036F9039BDDF811201A60BDF8152014
:10C9E0009A80062300932A4600230821208817F006
:10C9F000DCFF10B128461CF015FBE56D95F82E30D4
:10CA0000DB0622D511201CF0E0FA0646E8B100F161
:10CA100010030A2104A804931CF012F92B46049970
:10CA200053F8D32F0A605A684A609A688A60DA68B5
:10CA3000CA6006230093324600231121208817F094
:10CA4000B4FF10B130461CF0EDFAE36D93F8EA2024
:10CA500052B95B7913B920460BF084FDE06D18B133
:10CA60001CF0F2FA0023E36506B070BD2DE9F04733
:10CA7000C388172B8CB0074640F0BD80837A0C2BFF
:10CA800007D003F0FD03082B03D080200CB0BDE8D5
:10CA9000F0874FF440701CF0D5FA80460028F4D09F
:10CAA0001022002108A81BF0E1FC5E4BCDF80880A5
:10CAB0001B681C6800250CBB28461CF0C3FA064600
:10CAC000002800F094802A4641461BF0FDFB4046BA
:10CAD0001CF0BAFA04AB2A46314608A8FFF726FC38
:10CAE00030461CF0B1FA3B685A6804AB03CB1060C7
:10CAF000516003CB9060D1600020C7E7A689E3892D
:10CB0000B34201D22468D6E7B4F80C906368A6EB70
:10CB1000090903EB091999F80E305B074FD4D9F8CE
:10CB2000001001A81CF086F8BDF80430A3F52052CF
:10CB3000032A02D9B3F5245F44D1D9F8083093F819
:10CB400000A055441FFA85FA0AF10405ADB2B5F507
:10CB5000407F4CD8314602A81CF078F8BDF804108C
:10CB600002A81CF073F8D9F80830D9F804101A7824
:10CB700002A81BF0BDFBBDF8042042F602039A4256
:10CB80001DD1D9F808301B88042B18D1D9F804100E
:10CB90000DF106001CF04EF803AA04A9BDF806002A
:10CBA00018F0A6F858B10AF11405ADB2B5F5407FFA
:10CBB0001DD8049B1022596802A81BF099FB01366E
:10CBC000B6B29CE703F55643FF339BB2042BF6D86D
:10CBD0000435ADB2B5F5407F09D8314602A81CF046
:10CBE00035F8BDF8041002A81CF030F8E7E740461D
:10CBF0001CF02AFA49E7152B7FF447AF837A0C2BF8
:10CC000004D003F0FD03082B7FF43FAFB88818F081
:10CC100007FA00283FF439AF3B68827A5B681A70E4
:10CC20006AE700BFA80000202DE9F3410E46044644
:10CC30004FF4003190F85000174619F07DF9337821
:10CC4000990609D53369236603F59C735B0040F2AE
:10CC50007122B3FBF2F3236233785A0609D5736964
:10CC6000636603F59C735B0040F27122B3FBF2F341
:10CC700063623378DB0744BF737884F851303378CC
:10CC80009D072BD5B3784BB301204FF4006119F009
:10CC900053F9A378580700F1A080D4F80880B8F1C0
:10CCA000000F68D098F80030012B454602D140466D
:10CCB0000CF0C4FD0023C5E91A3385F85330AB707E
:10CCC0002B886D6123F49F6323F007032B80284694
:10CCD0000FF0C6FCAB7843F00403AB703378590710
:10CCE00044BFB368A36533781A0744BFB388A4F878
:10CCF00054303378DB063BD5F368E269E3655B0AC1
:10CD00009A4235D0012FE36132D0012384F85330A9
:10CD1000A36E6BB394F852300DF1020101A8002B01
:10CD200038D118F0A5F801992D4AE3695B1A11680A
:10CD300091F8402202F58E72DBB231F8121001F246
:10CD4000A932520040F27120B2FBF0F29A423DD873
:10CD50005843BDF802309B08C3EB500301F2712227
:10CD60009A4205D86464591A04F1380005F072FA41
:10CD700002B0BDE8F0812569002DAFD078222146B0
:10CD800028461AF057FDA560EC60C4F80C80C5F881
:10CD900008808FE718F06CF8019AA36DB4F854106E
:10CDA0001A44BDF802300B449BB240F2E1418B4281
:10CDB000C2F31602019285BFA3F2E2430132ADF83D
:10CDC0000230ADF8023088BF0192ACE70022114674
:10CDD00094F850000DF03EFECAE725466AE700BF12
:10CDE0009401002038B5634B1A68052060F31F7268
:10CDF0001A601CF067F860490A8840F23B1060F343
:10CE00000F020A805D4A108840F0010010800888F7
:10CE100040F2E24464F30F000880118841F00201FF
:10CE20001180A2F2C4524FF43470116860F31A41B9
:10CE3000116002F570723430118860F30F011180B7
:10CE4000A2F2AC721420116860F3174111604C49D2
:10CE50000888A4F5DB7464F30F0008804FF0884164
:10CE60001446096C02F2BC7201F440511088B1F50D
:10CE7000005F0CBF24250C2565F307001080414A94
:10CE8000414910886FF3070010801A686FF307029A
:10CE90001A603E4A13686FF30003136013686FF360
:10CEA0004103136013686FF30413136013686FF387
:10CEB0004513136013686FF386131360344B18889F
:10CEC0006FF30000188018886FF3410018801888ED
:10CED0006FF30410188018886FF3451018801888B5
:10CEE0006FF386101880106840F00400106010681E
:10CEF00040F0080010601A8842F004021A801A8874
:10CF000042F008021A8023685C2262F30F23236038
:10CF1000B1F85031A12262F30F23A1F85031B1F8DA
:10CF200050318C2262F30703A1F85031D1F814314B
:10CF300002F26F1262F31843164AC1F814311368F3
:10CF400043F000531360144B1A686FF39E721A601B
:10CF5000503B1A686FF310421A60B1F8083C122275
:10CF600062F349130D4AA1F8083C138843F0030308
:10CF7000138038BD0C3A0141043E0141183E014185
:10CF80001C3C0141043A014100240141203A014185
:10CF9000283A0141003F0141003701412038014159
:10CFA0002DE9F04F07298DB0054601D0152936D15E
:10CFB000053901321FFA81FB04A805A905921AF070
:10CFC000BDFF05A90DF112001AF0B8FF08A85A46D6
:10CFD00005A91BF083F9284615F0A2F818BB5A469C
:10CFE0005B4908A81AF018FC002840F0AB80BDF897
:10CFF0001000002800F0A880BDF81210884200F24E
:10D00000A38006AB5FFA8BFB07AF0093019708ABD9
:10D010005A460DF07BFB044668B90A2003E0002362
:10D02000ADF810300420C3B2BDF8102010212846FE
:10D030000CF0D0FA52E0079B5B68D3E9011210783C
:10D040001BF0C0FB069A03468246D27B288801214A
:10D050000BF036F880B210B1ADF81040E3E7A888C5
:10D060001BF0B3FF8046002870D0069B9B68B3F886
:10D07000009009F1040600F11003112105A8B6B2D1
:10D0800005931BF0DDFDF1B205A81BF0D9FD21468B
:10D0900005A81BF0DBFD079B05A8D9891BF0D6FD71
:10D0A000069B9A685968128805A81BF021F909F1B6
:10D0B0000604A4B2079BD8894FF6FF73984204D0A8
:10D0C000AB8804EB060999450BDD4246214628460C
:10D0D0001AF0C5F810B140461BF0A4FF0DB0BDE832
:10D0E000F08F06AB013080B20093019708AB5A462F
:10D0F000BDF81210ADF810000DF008FB03900028E9
:10D10000E3D0069A93681B880433B342DDD15346BB
:10D11000D27B288801210AF0D3FF0028D5D10399BA
:10D1200005A81BF093FD079B05A8D9891BF08EFD70
:10D13000069B9A685968128805A81BF0D9F81FFA4F
:10D1400089F4B7E710206EE701206CE711206AE749
:10D15000BC9002012DE9F84F5D4B1B68002B40F09D
:10D16000AE805C4B1D6801351D60E5B15A4B1B68F4
:10D17000AB4225D90024594B1B68DB6A03EB8303C0
:10D18000574A52F82330022B28BF0124554B1B6805
:10D19000002B00F09180544B1B68002B18BF01241A
:10D1A0002046BDE8F88F514A1168514B186810604D
:10D1B0001960504A13680133136018F07DFDD5E7FC
:10D1C00000244A48A3464C4E4FF0010C444ADFF875
:10D1D0000C8135E0404B4FF0FF321A60CBE73E4BFD
:10D1E0001960C8E7D96AD6F800A00CFA01F949EA33
:10D1F0000A09C6F8009001EB810102EB8101496840
:10D200009960D1F80890C3F80C90C9F804E0C1F80F
:10D2100008E0D3F82C904FEA890101EB090E02EBEC
:10D220008E0AC3F814A052F82E10013142F82E10C5
:10D23000D8F800E0D96ADEF82C30994288BF012482
:10D2400003681B68002BC5D00368DB68DB6859687E
:10D250008D42C4D3D3F81490D9689F68B9609F6891
:10D260004F6003F1040ED9F80410714504BFD9686A
:10D27000C9F80410C3F814B0D9F800100139C9F87E
:10D280000010D3F82890B9F1000FABD0196ADF690C
:10D29000B960DF694F6003F1180AD9F804105145ED
:10D2A00004BF196AC9F80410C3F828B0D9F80010EF
:10D2B0000139C9F8001095E708F069F96BE7094AE8
:10D2C00013680133136008F062F9002468E700BFB7
:10D2D00048350120683501205835012034350120BA
:10D2E000F0300120603501206C35012038350120F7
:10D2F0003C3501205C350120503501202DE9FF47E8
:10D300000025044689461F46057001F1FF38137851
:10D310000BB145450BD3624B1B7803B923704545D0
:10D3200088BF09F10105284604B0BDE8F087252B28
:10D3300007D05B49097811B904F8013B0135013286
:10D34000E5E75378252B37D0561C3378302B4FF038
:10D3500000001AD101464FF00A0C725CA2F13003B2
:10D36000DBB2092B0ED922F0200EAEF1410EA2F154
:10D370006103BEF1050FDBB206D8052B26D8A2F15A
:10D380005703DBB2092B29D90E4433786C2B08BF25
:10D3900001363378702B5FD027D8632B39D0642BBC
:10D3A00051D0582B3AD13E4B3A681B780392043740
:10D3B000002B68D1019058E039490978961C002962
:10D3C000C3D104F8013B01353246A0E7A2F1410385
:10D3D000052B02D8A2F13703D3E7002301310CFB60
:10D3E0000030735C002BB8D1CEE7752B18D0782BAA
:10D3F000D9D0732B12D13B680437013B5A1C0DD096
:10D4000013F8012F52B1454508D204F8012B01351C
:10D41000F4E73B6804F8013B04370135721C76E7FA
:10D420001F4B3A681B78039204370BBB01900093A3
:10D430000A23A8EB050120460EF02AFC5FFA80FAC9
:10D4400054445544EAE7164B3A681B780392043774
:10D4500073B901900123EAE7114B3A681B780392F4
:10D4600004372BB904230193012300931023E0E731
:10D47000002808BF04205FFA80FA524603A920461C
:10D480001AF0D8F9DCE740B1C107C0F3470AF4D578
:10D490000AF1010A5FFA8AFAEFE74FF0010AECE7B6
:10D4A0001F360120F0B587B003790393C378029348
:10D4B000038801930546634B0093EC20012302226D
:10D4C000512107F0CFF9288819F032FA002800F02E
:10D4D000B7800468204618F068FE002800F0A2809B
:10D4E0000A2008F0E3FC0121C4F8B401204619F039
:10D4F00013FB00210646204619F00EFBAA78032AEA
:10D50000074610D0EB78B34223D12979814220D14C
:10D51000042E08D1EB88012B08BFE376EB88022BA1
:10D5200001D10023E37630461BF058F80646384612
:10D530001BF054F800250746D4F8B40117F014F88E
:10D54000C4F8B4512B463A463146204617F05AF8F3
:10D5500044E012F0010F18BF072384F84231AB7882
:10D56000D4F8B4219B0754BF2B79072384F84331A7
:10D57000EB88D3805A1E012A07D8012B08BFE37617
:10D58000EB88022B04BF0023E37694F8F23043F0DB
:10D59000020384F8F230D4F8443133B32A79042AF0
:10D5A00003D1E988E9B9E17EE9B9DA75D4F8443103
:10D5B00000261E76E8781AF0B9FE01462046D4F817
:10D5C00044511AF073FB6876D4F84421137C43F07D
:10D5D0000803137420461AF0E8FC0025284607B01B
:10D5E000F0BD0229E1D00822DFE720461AF0E4FF6F
:10D5F00005460028F1D194F8F23060F3410384F835
:10D60000F230D4F8B40116F0AFFFC4F8B4510725D6
:10D610000D4B0093019501230022FF21EC2007F020
:10D6200021F9DBE72868696804AB03C3082204AB6F
:10D630000421204611F0B2FF05460028E8D1CCE7CE
:10D640000225E5E7705E0201625E020170B50468C2
:10D65000154620460E4616F05EFA2978204610F050
:10D660003BFD2B78023B232B13D8DFE803F01E127F
:10D670001212363D124412364B521254125C363698
:10D68000636A711212121212127878121212127E3A
:10D690008C97E37D002B00F08C80E37D012B00F064
:10D6A00098802B78022B02D007E0022E0BD0D4F802
:10D6B000C43023F00103C4F8C4302978204619F09F
:10D6C0001AFA012070BD294620461BF03DFC29783E
:10D6D0002046BDE87040F6F7FFB8012E14BF0026C3
:10D6E0000126002EF3D1E8E7022EE6D12946204696
:10D6F0001BF02EFCEBE7092EDFD12946204604F073
:10D700006FF8E4E7062ED8D12946204619F042FCEE
:10D71000DDE7022EE2E7182ECFD10F222946204660
:10D7200010F068FAD3E7032EC7D1294620461BF034
:10D7300013FCCCE7092EC0D12946204611F000FF8A
:10D74000C5E7092EB9D12946204616F0DFFBBEE712
:10D75000032EB2D12946204619F036F8B7E7022E3B
:10D760009FD16B7884F82A30B1E7D4F84431002B8C
:10D77000A3D0042EA1D12A4632F8011FA3F8171016
:10D7800092785A76A3E7D4F84431002B95D0052E31
:10D7900093D1D5F80120C3F81A2098E7D4F8443182
:10D7A000002B8AD0052E88D1D5F80120C3F81E2081
:10D7B0008DE70D4B1B68002B3FF473AF2A463146B3
:10D7C0002046984702283FF468AF01283FF47FAF16
:10D7D00067E7064B1B68002B3FF463AF2A463146D0
:10D7E00020469847F1E700BFCC350120D035012015
:10D7F0002DE9F743054635201BF024FC0446102094
:10D800001BF020FC064610201BF01CFC07460CB148
:10D8100006B150B95C4B009300220423C321EE20D3
:10D8200007F020F803B0BDE8F083584A136803609E
:10D830005368436093688360D368C360E96D33467F
:10D8400020222F31FEF772FD95F8038050484FF4E7
:10D85000807904F1020E2B1D04F1090C05F10B0176
:10D8600004F11002A4F80090B8F1000F4ED1D3F8E3
:10D870000090C4F80290B3F80490AEF804909B793D
:10D880008EF806300B68C4F809308B88ACF8043089
:10D890008B798CF80630E96D01F5C0710B68236156
:10D8A0004B6853608B689360CB68D360EA6D02F578
:10D8B000E072214613682362536863629368A3622F
:10D8C000D368E3620123206384F83430EB6D3522A2
:10D8D000A0333046FEF72AFDE96D2846A03114F04A
:10D8E000EDFE84F83480EB6D352206332146304658
:10D8F000FEF71CFD20461BF0A7FB30461BF0A4FBE7
:10D90000384603B0BDE8F0431BF09EBBD1F8008061
:10D91000C4F80280B1F80480AEF8048089798EF8EA
:10D9200006101968C4F809109988ACF804109B799E
:10D930008CF80630E96D01F5C0710B6823614B6806
:10D9400053608B689360CB68D360EA6D02F5E07238
:10D95000214613682362536863629368A362D368A5
:10D96000E3620123206384F83430EB6D3522A03369
:10D970003046FEF7DBFCE96D2846A03114F09EFE30
:10D98000002384F83430AEE7A483020164890201E5
:10D99000656C74622DE9F04182B00378012B04D0EC
:10D9A000022B76D002B0BDE8F08144682378062BC4
:10D9B000F8D801A252F823F0D5D9000109DA000104
:10D9C00019DA0001A5D90001A5D90001A5D90001E6
:10D9D0004BDA0001A378002BE4D1554B1D68AB78DE
:10D9E0004BB10123A81C194610F8232022B10133A2
:10D9F000082BF8D1D6E7002105EB810301229A70AC
:10DA0000A38825F82130CDE7608816F08FFC002828
:10DA1000C8D000220260C5E76588284616F086FC5B
:10DA200006460028BED0C378002BBBD02379002B3C
:10DA30000CBF072308238DF80030ADF8025068466C
:10DA400013F0A4FF0023F370ACE7394B1B6893F885
:10DA50002A30002BA6D0B4F80480E788268965898F
:10DA60002B463246394640460CF038FD60B1ADF8E1
:10DA70000080ADF80270ADF80460ADF8065069465C
:10DA8000608819F099FC8DE73B21608819F051FB03
:10DA900088E744682378E3B1012B83D16588284661
:10DAA00016F044FC064600283FF47CAFA388002B08
:10DAB0003FF478AFC378002B3FF474AF08238DF8A0
:10DAC0000030ADF80250684613F060FF0023F37099
:10DAD00068E76588284616F029FC00283FF462AF05
:10DAE000134B1B6893F82A30002B3FF45BAF63891C
:10DAF0002289E188A0880CF0F1FCA0B10021284621
:10DB000019F026FBA388ADF80030E388ADF80230A9
:10DB10002389ADF804306389ADF806306946608822
:10DB200019F03CFC3EE70121284619F011FB39E7CA
:10DB30000035012010B5137803F07B0313700B79C7
:10DB4000093B042B36D8DFE803F003599FACB5003E
:10DB500004780B2C2ED80123A34013F44C6F49D129
:10DB60009C0528D4DB0525D54979137889B18178BE
:10DB7000032908D16FF300031370137823F07A039D
:10DB800043F0180315E081790029F3D143F0010334
:10DB9000F2E7817981F0010161F3000303F0C5032D
:10DBA0001370C37913B18378032B4CD113786FF3BF
:10DBB0008613137010BD4979137879B181780329E0
:10DBC00023F0030304D11370137823F07803D7E70D
:10DBD00081790029F7D143F00303F4E7817923F039
:10DBE000030321B11370137823F03803D8E743F00F
:10DBF0000303F7E7137823F07B03C1E70378063BC1
:10DC0000052BD7D8DFE803F0343A0326343A83787B
:10DC1000032B137801D18479CCB16FF30003137017
:10DC2000137823F00A0343F0080313704C79DBB236
:10DC300064F304131370C979DBB261F345131370F5
:10DC4000C379002BB2D0137843F04003B1E743F01F
:10DC50000103E4E78378032B137823F0030301D156
:10DC6000847914B113701378DDE743F00303F9E707
:10DC7000137823F03B0343F00903E0E7137823F024
:10DC80003B0343F00B03DAE7137823F00B0343F075
:10DC9000090313704979DBB261F304136FF3451381
:10DCA000CDE7137823F0030313708C79DBB264F3B0
:10DCB000C303EEE7137823F0030313708879DBB214
:10DCC00060F3C30313704979DBB261F3041303F00B
:10DCD0009F036EE737B5428840F201139A4204462B
:10DCE0000D4605D0082120460CF0D8FA03B030BD0F
:10DCF00009F0B4FD0028F5D1E06D019501A9E430EB
:10DD00001AF073FEE06D01A9E5301AF06EFEE06DC9
:10DD100001A9E6301AF069FEE06D01A9E7301AF0BA
:10DD200064FEE06D01A9E8301AF05FFEE06D01A924
:10DD3000E9301AF05AFEE36D93F8E72084F8522098
:10DD4000A27A83F858212346E26D53F8041FC2F8E3
:10DD500059119B88A2F85D31E36D93F8E620D50751
:10DD600004D5414A12685278D00701D401225A7171
:10DD7000E26D92F8E730073B092B01D90621B2E7A3
:10DD800092F8E630384D13F0080F2B6803D19B79D9
:10DD900023B10321A7E75B78C3F3C00384F85730AE
:10DDA00020460DF0EDFC2B68DA7932B15B7859072B
:10DDB00003D5E36D5B78012BEBD0204614F019FA04
:10DDC000E36D5A7812F1FF3118BF012184F8561023
:10DDD00094F85710002940D0012A03D093F8E72087
:10DDE0000F2ACBD993F8E82022F0090283F8E82023
:10DDF000E26D92F8E93023F0090382F8E930E26D30
:10DE000092F82C3092F8E8100B4023F0040382F8CB
:10DE10002C30E26D92F82D3092F8E9100B4023F08F
:10DE2000040382F82D3002231049A37004F160002E
:10DE300004F010FA08201BF005F9014600283FF411
:10DE400055AF0623037023888380E36D93F8E63093
:10DE5000837108201BF031F848E793F8E920D207D6
:10DE60005CBF01225A71CAE7A4010020A064D1015D
:10DE700030B5624D2B688BB0C3F8040204461AF02B
:10DE8000A9FE58B14FF4004194F8500018F054F82E
:10DE90000022012120460DF031FC4FE0002C4DD036
:10DEA0002378022B4AD1ADF80E000DF10E0104A823
:10DEB00016F0DEFF94F85230012B18D1049AA36DAE
:10DEC000BDF80E101A44B4F854300B449BB240F223
:10DED000E1418B42C2F31602049285BFA3F2E243F2
:10DEE0000132ADF80E30ADF80E3088BF04922B68C9
:10DEF000049993F8402203EB42032046B3F83432EE
:10DF0000BDF80E2016F068FCA3785A071ED51B0733
:10DF10001CD5E5684FF48031012018F00DF800227F
:10DF2000012120460DF0EAFB2B78022B08D1284670
:10DF3000FFF79EFFA3786FF3C303A3700BB030BD50
:10DF40000022214601200CF085FDF3E72B68D3F871
:10DF50000822002A4DD100284DD1C3E98104236F46
:10DF60001B7A1A1F012A03D8042B3CD119F020FB7D
:10DF7000206F1AF013FFA26A94F8500040F2712348
:10DF800053435B08E3624FF4007117F0D5FFA178AB
:10DF90002046C1F3800109F005FC2B68D3F8443218
:10DFA00033B194F85100032894BF00200120984712
:10DFB000656F03232370002DC0D0236FCDE9053496
:10DFC000E36D0793E36A0893A378C3F380038DF8A6
:10DFD00024300AAB13E903008DE8030005AB0ECB38
:10DFE0000020A847AAE7B4F85410A06D18F05CFB15
:10DFF000BEE70028A2D04FF4807145E794010020CD
:10E000002DE9F041477817F00407BAB0044610D163
:10E0100090F85030D0F81480012B04D1404508D13D
:10E0200040F6111312E0404509D098F8012052073C
:10E0300017D46078C0F380003AB0BDE8F081C26DBB
:10E04000520AC261002BEBD103F20123ADF8183064
:10E050000EE0012766E0012FFBD163786FF38203A6
:10E060008FE0002BDCD142F20523ADF818300127F8
:10E07000E66E06F59C7640F271237600B6FBF3F669
:10E08000A38CB6B29D19ADB2B5F5487F88BFC3F574
:10E090004876D8F81C30079384BFB6B24FF4487561
:10E0A00018F0F8FE384BDFF8E4C01A6892F84032F6
:10E0B00002EB430240F23911B2F83832B2F83C2296
:10E0C0001A44B2FBF1F20132104494F85220012AB2
:10E0D00000EA0C0005D1E269A16D521A02EA0C02B5
:10E0E0000792D8F82420A16E03F2A93340F2712CD4
:10E0F0005B00B3FBFCF3134401F59C725200B2FBCE
:10E10000FCF29A4202D2002F18BF1A46079B1F4901
:10E1100013440B401F1A17F48007F9D1013D1D4429
:10E1200007930D4000238DF8163001238DF817302A
:10E13000079BCDE908350DF1170301930DF1200878
:10E140000DF1160306A80093CDF80880334607AA00
:10E150002146C05DF9F7A6FE079B00939DF81720A6
:10E160009DF816104346204603F02AFE00283FF48F
:10E1700072AFE369EB1A5B023FF56DAF637843F072
:10E180000403637055E700BF94010020FFFF7F0088
:10E1900084B02DE9F34109AC84E80E00042800F2B4
:10E1A0008180DFE800F0037F8B98A0000C680C9B57
:10E1B000C4F840310B9BC4F844314D4B4D48012508
:10E1C0001D704D4BA4F8FA501D804C4B00221A7064
:10E1D0001AF00EFE284621460AF002FD2146284686
:10E1E00004F03AFED4F87C312046DD68D4E950686A
:10E1F00015F0C0FF204619F019FE204612F080FAF3
:10E2000094F824203E4B022A04F5BE774FD0032A0F
:10E2100050D01A88482161F30E021A80394B94F8C5
:10E2200036101A8861F304121A806C3B03201A68B6
:10E230006FF34D321A6094F824101AF015FC2A4638
:10E240004146384612F055FB94F85210384619F002
:10E25000ABFA3946204615F0C9FB2B4B1B680BB1B6
:10E2600020469847294B1A686FF30F021A60043B47
:10E27000B6B21A686FF341021A60254A1268AD1AE5
:10E280001A68ADB265F31F421A60224A116866F33C
:10E290001F4111601A6842F001021A60D4F844016B
:10E2A00018F008FF02B0BDE8F04104B070471A88CA
:10E2B0002D21B0E71A884FF4D271ACE70B6893F8C0
:10E2C000FA30012BEED10AF0AFFF0B4A138843F06E
:10E2D00004031380E6E701910F4901AB04220120FA
:10E2E00010F066F8DEE7019101AB04220B49F6E776
:10E2F000E501002095D50101DA010020D8010020B8
:10E300006C380141C0340141000200205C3E0141F3
:10E31000AC010020703E014107000101080001012D
:10E32000F0B5A7B05D481AF02BFC14F00DF809F019
:10E33000C1FD0BF04BFE002019F0BCF817F0E0FF18
:10E34000574817F0EFFF574B04AF93E8070087E8F3
:10E350000700554E18AC35460FCD0FC495E80300A5
:10E3600044F8040B217010AC06F118030FCB07C45E
:10E37000237039460C2019F065F801258DF8785086
:10E380001223ADF87A304FF400731F9320930723C4
:10E390008DF884300024CDF8854022948DF88C408F
:10E3A00008238DF88D308DF88E500A238DF88F302C
:10E3B0008DF890508DF891508DF892408DF89340E3
:10E3C0008DF894400DF107011EA819F092FA8DF80E
:10E3D0001C5003238DF81D308DF81E401520ADF81C
:10E3E00020001AF079FD099020B1BDF8202018A96D
:10E3F00019F020FA07A819F099FB09981AF070FD96
:10E4000001238DF8283003238DF8293000238DF85F
:10E410002A300D20ADF82C001AF05EFD0C9020B1D2
:10E42000BDF82C2010A919F005FA0AA819F08AFBEA
:10E430000C981AF055FD00248DF85040ADF852406C
:10E440008DF854408DF85E408DF85F4014A819F0A7
:10E4500085FBADF80A408DF80C4003238DF8083099
:10E4600009238DF8093002A815F0ACFB01238DF8C3
:10E470003E308DF83C300623ADF834304FF448631D
:10E48000ADF83630ADF8384040F2F313ADF83A301D
:10E490000DA818F03DFF27B0F0BD00BF61DC010101
:10E4A0008BBB0001848A0201405C02012DE9F74325
:10E4B000D0E90358008916F0B3FD0446002800F0A7
:10E4C000B78090F83D30002B00F0B48015B1B8F162
:10E4D000000F11D18DF804301AF02EFB0823ADF88F
:10E4E00006008DF8053001A9208817F02FFA05469F
:10E4F00055B984F83D5007E0082B4CD01C201AF089
:10E50000A1FD064620B90225284603B0BDE8F083E8
:10E510001820308094F83D300A2B0CBF0B230D23BC
:10E52000B3702B68C6F8033006F103096B68C9F8AD
:10E530000430AB68C9F80830EB68C9F80C30D8F87B
:10E540000030C6F81330D8F80430C6F81730A38866
:10E5500083421AD8276C27B91AF074FD07460028A1
:10E5600064D03146208813F0A1FA054648B93288B4
:10E570004946384619F05EF9276430461AF064FDC2
:10E58000B6E738461AF060FDF7E73146208813F009
:10E590008DFA0546F1E71A201AF054FD06460028C8
:10E5A000B1D01A23038083701AF0C6FAA6F80300CC
:10E5B0002B68C6F80530771D6B687B60AB68BB6065
:10E5C000EB68FB60D8F80030C6F81530D8F8043096
:10E5D000C6F819303288A38802329A4221D9023B08
:10E5E0009BB23380B370D4F84080B8F1000F04D1EF
:10E5F00018201AF027FD8046C0B1314620880EF061
:10E60000E3FC054658B9434607F1180257F8041BC6
:10E6100043F8041B9742F9D1C4F84080ADE7404667
:10E62000B0E7314620880EF0CFFCB2E70225A4E720
:10E63000032569E7012567E770B5C0B2012894B0EA
:10E64000154615D028B1022800F09680002014B09D
:10E6500070BD574C19F00EF823689B6C984710B1A9
:10E6600023685B6E9847002103200DF0D1FBEDE796
:10E67000504C23681B7F01934F4B009302231A4693
:10E68000EC20772106F0EEF82368986C20B10AF0B0
:10E69000DBFC236800229A642368186C20B113F015
:10E6A00021FC236800221A64414A13680021197072
:10E6B00026682D78337FA5B3012B21D141F20903C0
:10E6C000ADF808308DF80C502022FF210DF10D001F
:10E6D00019F0CCFE3A2D0FD1337F012B05D1706993
:10E6E00015F042FF236800225A612368186915F06B
:10E6F0003BFF236800221A6102A816F005F8A5E77F
:10E7000041F208032022FF210DF10D00ADF8083081
:10E710008DF80C5019F0AAFE2022FF210DF12D00DA
:10E72000D6E7BBB912680121517025688DF80C300D
:10E7300041F20802ADF80820296920220DF10D00F0
:10E7400019F078F82969202211440DF12D0019F0F3
:10E7500071F8CAE741F20903ADF808308DF80C50A2
:10E76000202231690DF10D0019F064F8706915F07F
:10E77000FBFE23685D61B8E71678104D0D2400BFDD
:10E7800055F8043B73B9013C14F0FF04F8D10120A3
:10E7900013F050FF0A4B8DF80C401C700E23ADF89F
:10E7A0000830A9E7304698470028ECD04EE700BF74
:10E7B0003001002038010020688F0201FC00002099
:10E7C00034010020F0B585B00468CB79029323882A
:10E7D00001930D465B4B0093022201235D21EC2047
:10E7E00006F040F8EB79012B2BD059B219B1182B58
:10E7F0002ED005B0F0BD94F8F230D80702D52046EF
:10E800000FF036FC1121204617F033F91AF09CFA6C
:10E810000128EED994F8AA30002BEAD00021D4F8D0
:10E82000CC0019F004FC0028E3D094F8AA30013B96
:10E8300084F8AA3094F86D3043F0040384F86D3006
:10E84000D7E71221204605B0BDE8F04017F011B916
:10E850001321204617F00DF90121204618F05CF92C
:10E8600019F0BCFE00210646204618F055F919F0B3
:10E87000B5FE002302463146204615F0C3FED4F80B
:10E880004431BBB3E57D012D2ED1032E43D10025AC
:10E8900083F82050D4F844319A7ADA77D4F84431A6
:10E8A00004229A7702212046D4F8447119F0FEF927
:10E8B00087F82100204617F0B2F8D4F8443183F8E5
:10E8C0002050D4F84431DA7ADA77D4F84431082287
:10E8D0009A77D4F844513146204619F0E7F985F883
:10E8E0002100204617F09BF8D4F844311A7C6FF3CE
:10E8F000C3021A74144B1B681A7AD10754BF5A7A90
:10E90000072284F842211A7A92074CBF07239B7A88
:10E9100084F843316DE72946204615F0C1FED4F84E
:10E920004431002283F82020D4F844311A1885405D
:10E93000127ADA77D4F844319D770146D4F84451FD
:10E94000CAE700BF26540201380100202DE9F34137
:10E950000023027E04461D4622FA03F1C90748BF80
:10E96000013503F1010348BFEDB2032BF4D194F854
:10E97000473013F0FD0F51D1042007F097FA05EB53
:10E980004505C4F8E000EDB24A2007F08FFAC4F85C
:10E99000EC00422007F08AFAC4F8DC00FF2007F000
:10E9A00085FAC4F8D8002DB24FEA051808F1040022
:10E9B00007F07CFA82B20646002A4BD1424B009304
:10E9C000FE210123EC2005F04DFF371D68011AF0F0
:10E9D00039FB94F84730032B05463DD13EB1D4F8BE
:10E9E000E03023B1D4F8EC300BB100285BD13046D5
:10E9F00015F0BAFD0026D4F8E00015F0B5FDC4F816
:10EA0000E060D4F8EC0015F0AFFDC4F8EC602846E7
:10EA10001AF01AFB072002B0BDE8F081012B01D0EB
:10EA2000042B08D1022007F041FA6D00C4F8E00081
:10EA3000EDB20C20A9E7032B0AD1022007F036FA29
:10EA4000C4F8E000252007F031FAC4F8EC00AAE78A
:10EA50000025A8E70746B9E766B1D4F8E0304BB126
:10EA6000D4F8EC3033B1D4F8DC301BB1D4F8D83062
:10EA700003B1C0B9304615F077FD0026D4F8E000A8
:10EA800015F072FDD4F8EC00C4F8E06015F06CFDF0
:10EA9000D4F8DC00C4F8EC6015F066FDD4F8D800BA
:10EAA00015F062FDB3E7C4F8A060B844474501D152
:10EAB0000020B0E7EF60294604F5BA7019F0AAFF0C
:10EAC00010372035F2E700BF378E02012DE9FF47EE
:10EAD0000C4616F0A5FA054620B90324204604B0DA
:10EAE000BDE8F0872088013880B24FF6FD73984268
:10EAF000F3D8AB886288033B9A42EED802AA01A9F8
:10EB000016F0F6F80028E8D0019E4E49306802223F
:10EB100018F082FE0028E0D194F8F82073681B2AD0
:10EB20001B784CD113F0100FD7D02088013002AAE7
:10EB300001A980B216F0DCF80028CED02288019915
:10EB4000013292B2284616F035FD0028C5D1019B4E
:10EB50000DF1020059681AF06DF894F8F8601B2E58
:10EB600032D1BDF80230DA07B7D5B4F8029034F8E4
:10EB700004AB09F103081FFA88F840461AF025FA99
:10EB8000074600285BD000F11003314603A8039329
:10EB90001AF056F8514603A81AF058F821464A468A
:10EBA000039818F047FE3A464146284618F057FBAE
:10EBB0000446002892D038461AF034FA8EE71D2A0F
:10EBC000B3D113F0200FAFE71D2E86D1BDF8023070
:10EBD0009B0782D523882B82AB7C73BBB4F8029051
:10EBE000B4F800A009F103081FFA88F840461AF0AB
:10EBF000ECF9074618B300F11003314603A803935C
:10EC00001AF01EF8514603A81AF020F8211D4A46B2
:10EC1000039818F00FFE3A464146284618F01FFBAD
:10EC200004460028C7D10123AE74A5F87E300649FA
:10EC300005F1740003F00EFB50E707244EE70224B1
:10EC40004CE700BFBA900201A064D1012DE9F04762
:10EC500005460521002017F081FF95F8E23003F00A
:10EC6000EF03032B044602D1D5F8B4710FB9D5F8E0
:10EC7000B871002C00F0A280182323737B7895F8DC
:10EC8000426195F843911E403B7809EA03094FF031
:10EC90000003A4F80D300121284617F03DFF0021A4
:10ECA0008246284617F038FF95F84311804695F8BC
:10ECB000420116F09FFE20B93978787816F09AFE56
:10ECC00070B316EA090605D0B24501D1B04501D0AE
:10ECD0006673A673637BBB70A67BFE70637B1E436B
:10ECE0004ED04FF0FF33E373237419F047FB064611
:10ECF00000283FD01823C37101234371BB1CC3609C
:10ED0000014628461AF034F9214628460AF0FCF854
:10ED1000B97828460CF02CFCA5F8600001202DE005
:10ED200006EA0A03DBB2002B18BF002619EA080F17
:10ED300046D12EB1F0070CD4B1070DD5022309E05E
:10ED4000B9F1000FC6D019F0010F09D00123A37348
:10ED5000C0E701236373F6E77207F4D50423F9E7EC
:10ED600019F0020F01D00223F1E719F0040FB1D01E
:10ED70000423ECE720461AF096F83046BDE8F08709
:10ED8000E673267495F8F2309B0712D501212846C8
:10ED900017F0C2FE19F022FC31468046284617F0D3
:10EDA000BBFE19F01BFC334602464146284615F0CF
:10EDB00029FC1321284616F05CFEA5E72046DDE776
:10EDC000002E87D08146B5E72DE9F34790F85050E3
:10EDD000012D04460FD0594B1B6893F8402203EBDA
:10EDE0004203B3F83852B3F83C321D4440F23913B1
:10EDF000B5FBF3F50135524F0026A36E03F59C7366
:10EE000040F271225B00B3FBF2F3E2691344E26D5E
:10EE10003B40C2F30802E36102EB4323E36594F84D
:10EE200052300DF1020101A8FBB916F021F8DDF80E
:10EE30000490D4F81C8009EB05033B40A8EB0303C6
:10EE40005A0209D494F850305BB3637843F004035A
:10EE5000637002B0BDE8F087013616F0FF06CCD033
:10EE60000021204617F08BFEC7E716F001F8019A43
:10EE7000A36DB4F854101A44BDF802300B449BB291
:10EE800040F2E1418B4202EA0702019285BFA3F200
:10EE9000E2430132ADF80230ADF8023088BF019292
:10EEA000C5E794F85230BDF80260012B08D1A36D7C
:10EEB000A8EB0308A9EB030908EA070809EA070910
:10EEC0001E4D13F073FB2B68D3F814A216F094FFB9
:10EED000B608BAF1000FB8D013F068FBDAF800708A
:10EEE00016F08AFFDAF8080043785B0724D5C36977
:10EEF000434521D1C36D08F10102C3F30803C26188
:10EF000003EB4223A2EB090240F27121C2F3160285
:10EF10004A432968C36591F8403203F58E73C6EB06
:10EF2000520231F8131001F271239A4204D3406463
:10EF3000511A383003F08EF9BA46CAE7940100201E
:10EF4000FFFF7F002DE9FF470678012E054672D0AE
:10EF50002EB1032E00F09A8004B0BDE8F0878478CB
:10EF6000002CF9D1534ED6F800A00AF1100300BFCF
:10EF700053F824705FFA84F977BB90201AF062F896
:10EF800004F104084AF82800336853F82800B0B1A7
:10EF90009022394619F06AFA3368A40023441721F5
:10EFA0001A6991801B6983F8029033681C4401221E
:10EFB000236983F88D2023695F6523699F65336822
:10EFC00053F8284064B93C4B00930022042392215B
:10EFD000EE2005F047FCBFE70134082CC8D1F2E76A
:10EFE000AB882380AA79E37812BB43F02103E37056
:10EFF00020460CF007FCB4F86430A178A16640F21A
:10F00000014203F0F8031343A4F86430B4F87C30F1
:10F01000C4F8801003F0F8031A433368A4F87C2086
:10F02000DB68002B98D0284604B0BDE8F0471847AD
:10F0300043F01103DBE74588284615F0F1FF04464D
:10F0400050B9CDE901561D4B00930246042393218C
:10F05000EE2005F007FC7FE7037ADB0710D54FF4BD
:10F06000827019F0EFFF40B1112202702288828075
:10F07000A27A8271042116F0AFFF204613F0C8FB7C
:10F08000A07804B0BDE8F04709F0C0BA0379002BBE
:10F090007FF462AF4488204615F0C2FF024628B9CB
:10F0A000064B0093CDE901460423D0E7012380F805
:10F0B0008C3051E7A80100203C17020156170201CD
:10F0C00010B588B0F3F712FBFCF74CFF19F0F1FA1A
:10F0D000FCF747FF0CF0DCFF10F0F4FF18F0F0FF36
:10F0E000002110200BF0EEFF0120F3F79FFA3C4BBC
:10F0F0003C4A1A603C4A5A603C4A9A603C4ADA6090
:10F100003C4A1A613C4A5A613C4A9A613C4ADA617B
:10F110003C4A1A623C4A5A623C4A9A623C4ADA6267
:10F120003C4A1A633C4A5A633C4A9A633C4ADA6353
:10F130003C4A1A643C49002018F0F8F83B4C206027
:10F140003B4900200EF0F4FD606000231A4619468A
:10F15000384810F048FC00230593069307930DF1FF
:10F160001600F2F70DFD9DF8153060F300038DF8E1
:10F1700015300DF11D00F2F727FD9DF8153060F3F5
:10F1800041038DF8153005A8F2F760FD10B903238F
:10F190008DF814300DF11F010DF11E00F8F76FFC12
:10F1A0009DF8153060F382038DF81530002301932C
:10F1B0000293039304934FF4F840009019F08CFEEF
:10F1C00001900223049305AB6A460549194801F0F2
:10F1D0006DFD18F0C7F80EF077FD08B010BD00BF48
:10F1E000200000200D7A0201A37E0201E7F901014F
:10F1F000F3840201257A020121330201058502010F
:10F200006D7A0201AD8002015D33020129850201A0
:10F210003B8502018580020199800201B97E0201CD
:10F22000D98E0201E18E0201B48A02011800002089
:10F23000C08A0201140000202DE9F0410678012E59
:10F2400086B0044667D026B1032E7BD006B0BDE859
:10F25000F0818578002DF9D1524E376807F12C03E3
:10F2600053F82580B8F1000F20D178200A3519F025
:10F27000E9FEAA003368174413447860586818B14F
:10F280007822414619F0F2F8336803EB85056D6882
:10F2900085B923780293A3880193434B00930022FE
:10F2A0000423C921EE2005F0DDFACFE70135082D52
:10F2B000D6D1EEE70127AF70A6882E80A379EB7038
:10F2C000234653F8082F6A609B882B81E37900332B
:10F2D00018BF0123AB72E379BB420FD8143400236B
:10F2E0000622214604A80493ADF8143018F094FACD
:10F2F00020B123686B60A3882B81AF72102385F83F
:10F300005230AB6E03F0F80343F4A06343F0010303
:10F31000C5E91A369AE74588284616F069FA044680
:10F3200038B9CDE90156214B009302460423CA2186
:10F33000B8E7603004F06CFF204606B0BDE8F0414D
:10F3400013F0DEB94788384616F052FA054610B970
:10F35000CDE90176E7E72379002B7FF477AF6030C2
:10F3600004F056FFEB6DCBB1EA78012A12D195F883
:10F3700057205AB95A794AB193F82E20D20705D5A9
:10F380000022A0331146284609F086FB2846FDF7E7
:10F3900089FA03E093F8EA30002BF7D0012385F8CF
:10F3A000593053E7A40100202FEB010160EB01016C
:10F3B0002DE9F04717F0AEFC504B1A68013A1A607D
:10F3C0001B68002B40F093804D4B1B680BB9002449
:10F3D0008EE000234B481D464B4C01264B4ADFF87C
:10F3E00038A1DFF830C1016800295DD0C368DB684F
:10F3F000D3F828E0D9691F6A8F60196ADF694F6006
:10F4000003F11808DEF80410414504BF196ACEF86C
:10F4100004109D62DEF800100139CEF80010D3F818
:10F4200014E0D9689F68B9609F684F6003F10408D1
:10F43000DEF80410414504BFD968CEF804105D61C0
:10F44000DEF800100139CEF80010D96AD4F8009027
:10F4500006FA01FE4EEA090EC4F800E001EB810154
:10F4600002EB810149689960D1F808E0C3F80CE02B
:10F47000CEF80480C1F80880D3F82CE04FEA8E0162
:10F4800001EB0E0802EB8809C3F8149052F828101B
:10F49000013142F82810DAF80010C96ADF6A8F4299
:10F4A000A1D9CCF800609EE70BB116F005FC184B13
:10F4B0001C686CB1174E012501E0013C05D0FDF739
:10F4C00049FE0028F9D03560F7E7114B00221A6099
:10F4D000104B1C6864B1104B1B68104B4FF08052EE
:10F4E0001A60BFF34F8FBFF36F8F012400E0002439
:10F4F00018F018FE2046BDE8F08700BF483501200F
:10F5000040350120D833012050350120F030012052
:10F51000603501206C3501203435012004ED00E018
:10F520002DE9F0410468554B436023460027C4E9A8
:10F53000017743F80C7F0D4623618046164608F09C
:10F540001DF82A46A782A77552F80C0F516804F1DE
:10F55000300303C39068D16803C310691860928AAE
:10F560009A8094F8373013B9012384F8373098F82B
:10F570000830042B72D10023E375414A1188A4F8A6
:10F580004610D2F80210D2F80620E26400230122CD
:10F59000C4E91E33C4E93133C4E91423A36594F8E4
:10F5A0006C30A16423F03C0384F86C30FF23E383C8
:10F5B000E37D84F82020002B54D194F86C3003F0C4
:10F5C0003F0384F86C3002236377B4F86C3023F483
:10F5D0008173002523F00103A4F86C302A463146DC
:10F5E0002046A4F8215065620EF0DEFD0623C4E932
:10F5F0002433C4F88850204608F00EFE94F8B43046
:10F60000A4F85C50BBBB84F8B630012384F8BA5030
:10F61000A4F8B8301B4B1C4A1B88A4F86030A4F82F
:10F620005E3094F86D301288A4F8622023F07003E5
:10F6300084F86D3094F84530144A62660020C3F3B4
:10F640004213C4E92B0084F82A300323C4F8CC0009
:10F6500084F8280084F8AA30BDE8F081052B8CD10D
:10F66000012389E7012BAED194F86C3003F03F03FE
:10F6700043F04003A5E784F8B650CBE7C181000111
:10F680005C01002014360120163601201B004801C1
:10F69000F0B58DB0002304290546ADF80C30ADF867
:10F6A0000E308DF809308DF80A3040F29780053918
:10F6B000013203A88FB204A9049218F03FFC04A9F8
:10F6C0000DF10E0018F03AFC2846049E12F028FDB9
:10F6D0000446002868D11221BDF80C0011F082FD0B
:10F6E0000446002860D106AA05A9BDF80C0015F053
:10F6F000FFFA002876D0069B5B68D3E901121078E8
:10F7000019F060F8059A0346D27B2888102108F08A
:10F71000D7FC84B2002C47D1BDF80E301BB1059B3D
:10F720009B7BDA0660D595F83B30072B5ED8059BAE
:10F730009B7BDB072ED52B88ADF82430BDF80C3031
:10F74000ADF82630BDF80E30ADF828301623ADF8F0
:10F750002C300DF10901059B07930DF10A0207A852
:10F76000ADF82A70089605F0A5FE9DF80A309DF8C0
:10F770000B10044643B3072916D8063155F821006B
:10F7800090B119F061FC9DF80B300633002245F86A
:10F79000232009E0BDF80C200DF10B01284610F0E4
:10F7A000A7F904460028C6D09DF8093053B9BDF822
:10F7B0000C20ECB9BDF80E30009331463B4628468C
:10F7C0000EF02CFF0DB0F0BD8B1D55F82330002B33
:10F7D000EAD007AA28460DF019FDE5E71E461F46A8
:10F7E0000424E1E70124DFE78024DDE70924DBE7E7
:10F7F000E3B21621284609F0EDFEE3E72DE9F843D0
:10F80000DFF858913D4E3E4CDFF854813D4F0025C6
:10F810004846002119F01AFC29463B48357019F07A
:10F8200015FC337839493A4804EB03121160394921
:10F830005160394991603949D1605A1CD2B204EB08
:10F84000021250603648D760C2F8008090609A1C5F
:10F85000D2B204EB02123348106033485060334890
:10F8600090603348D060DA1CD2B204EB0212314807
:10F8700050603148C2F80080C2E902071A1D2F48C3
:10F88000D2B204EB0212C2E90009DFF8D8902C488A
:10F890000533C2E9020148463370022300F8013BF8
:10F8A000072119F0D3FB09F1030042F6A62119F054
:10F8B000CDFB3178234A244804EB0113C3E9022726
:10F8C0000122C3E900898B18204F0270DBB204EBE0
:10F8D0000313C3E900701E4898601E48D8601E4894
:10F8E0000231C0E90054C9B285608281C1810574CA
:10F8F0003170BDE8F84310F0B7BC00BF1A360120E4
:10F90000902E01200500000108360120BC90020164
:10F91000F38F0201AC900201AE90020102000001DF
:10F92000FE62020162D30101083301200A36012080
:10F9300020001B11EE8F0201C2000201D2B10101B1
:10F94000DAA401011A1002011B3601208EC0010148
:10F9500082AC010101000001143401209632012023
:10F96000BA900201EB3401202DE9F74F0223D0F8C1
:10F97000E0808DF8043090F8B030D0F8EC90009032
:10F9800005460633414668468DF805300BF02AFDE2
:10F990002B4653F8282FC9F800209B88A9F804307B
:10F9A000B5F8B0202AB1D5F8AC1009F1060017F06F
:10F9B00041FF4FF0000AD5F87471564695F894301F
:10F9C000B34202D803B0BDE8F08FFC68DFF800B1A5
:10F9D00023686FF3020323602368012262F3C403E8
:10F9E00023602368042262F3CA132360236862F34E
:10F9F000CE23236095F89430013B9E424AD1236880
:10FA00006FF3DE33236023686FF3DF732360BBF88B
:10FA100000306168A8EB030292B262F30F016160EB
:10FA20006268A9EB03039BB263F31F426260A368A1
:10FA30006FF30103A360A36843F00403A36098F885
:10FA4000012095F8351095F8220014F0E0FF0FFA28
:10FA500086FCC7E9048A05EB8C010023FC603B723D
:10FA60003B774F660C67CB6795F8942086308244CD
:10FA7000501E864219D105EB4202A2F88630A2F848
:10FA80008C30FEB1C5F820A1C1F858A001363F68FE
:10FA9000F6B293E7DBF8002004F110039B1A22680A
:10FAA0009BB263F3DE322260ADE705EB4C02DBF87C
:10FAB00000C0A2F88E301034A4EB0C04A2F88840E9
:10FAC000002EE1D1C5F824A10028DDD1DAE700BF7E
:10FAD000AC0100202DE9F041052192B00446002040
:10FAE00017F03CF80646002800F09D80D4F8443119
:10FAF000D87D18F01BFC24233373D4F8443193F9D8
:10FB000018200546002A00F091800146204618F092
:10FB1000CDF8D4F84421137EC7B23B445355D4F8F2
:10FB2000443103EB05080121404613F041FF88F8FA
:10FB30000800D4F84421535DDB1BD376D4F844216C
:10FB4000537FFF2B1CD153191B7A990718D092F9B8
:10FB50001830002B535DCCBF03F1FF3301335BB290
:10FB60005355D4F8443103EB05080121404613F006
:10FB70001FFF88F80800D4F84421535DDB1BD376BF
:10FB8000D4F844311A7CD2071ED541F22102ADF8D7
:10FB9000002000228DF804208DF808202188ADF87F
:10FBA00006106A1C8DF809205A578DF80A205A1938
:10FBB0006846127AC2F301028DF80B205B5DDF1BF1
:10FBC0008DF80C7014F0A0FD29462046D4F844713D
:10FBD00018F06CF83877D4F844315A7FFF2A1CBFEC
:10FBE00000225A77D4F84421517F4B1EDBB2FD2B03
:10FBF000B4F85C301CD81375B4F85C30D4F84421E8
:10FC00000233A2F81530D4F844311D4420462A7A34
:10FC10009A76D4F84431D3F81A30C6F80D3031460C
:10FC200009F072F9012012B0BDE8F081DA76CBE775
:10FC3000FF2903D1E17D09B90733E2E70133E0E7AA
:10FC400070B5594D2B68D3F808420646002C00F0D9
:10FC50008680D3F8483203B1984794F850202B6837
:10FC600003EB82034FF48061D3F8FC21A24204BF6E
:10FC70000022C3F8FC2194F8500016F05DF900232F
:10FC8000237026B1012231462046FCF7CDFF2B68B8
:10FC90000022C3F80822A36E13B1204617F0C1FA60
:10FCA0002B68D3F8FC0118B9D3F80002002857D00C
:10FCB0000278022A54D1FEF7DBF8A378D90716D5CB
:10FCC000B4F8013023F4817343F00203A4F8013047
:10FCD00020460EF09DFA20460CF0E8FE204616F075
:10FCE00003FE4FF0007194F8500016F025F9A26E53
:10FCF000002A4ED1637862F382036370A3789A0678
:10FD000018D5A378E6686FF34513A37096B920461B
:10FD10000CF0CCFE20460FF0B1F9637866F30003D7
:10FD20002046637016F0CEFD4FF0807194F85000BD
:10FD300016F002F963786FF3C3036370A3691BB114
:10FD40005A7842F020025A70A1782046C1F380010F
:10FD500007F028FD2C6815F003F984F84C0270BDFB
:10FD600093F8F83123B100221146104619F033F907
:10FD70002B6893F8F931002B9FD094F850004FF482
:10FD8000805116F0D9F80022114601200AF062FED7
:10FD900093E7A3789B06B4D4204616F0B9F8204622
:10FDA000FCF7D4F9AAE700BF940100202DE9F04345
:10FDB0000446C278C36DA67A407C0D468DB0554985
:10FDC000002A5AD109688DF80000012091F80090AE
:10FDD00091F80580B1F801E0B3F82CC0B3F8E470F5
:10FDE000D3F8E6108DF8020002208DF809008DF896
:10FDF00001608DF803908DF80480ADF805E0ADF852
:10FE000007C0ADF80A70039108A803F5E073995C88
:10FE10001DF80260714011540132102AF7D104AA72
:10FE200008A9284606F0A8F8E178231D04F10B0282
:10FE3000002951D118689B88ADF804301368CDF8BB
:10FE4000063093880090ADF80A30039104AA684602
:10FE50001023117810F8016B013B714013F0FF0380
:10FE600002F8011BF5D1E26D02F5D87204A928460B
:10FE700006F082F80DB0BDE8F0830A688DF8010045
:10FE8000012092F800E092F805C0B2F80110D3F812
:10FE9000E4709A8DB3F8E8808DF8020002208DF8A6
:10FEA0000900ADF80E208DF80060CDF80370ADF8B4
:10FEB00007808DF80AE08DF80BC0ADF80C10002219
:10FEC00008A803F5C073995C1DF8026071401154D5
:10FED0000132102AF7D1A2E710689288ADF8042009
:10FEE0001A689B88ADF80A300023CDF806200393EA
:10FEF000009004A96B461022087813F8016B013AB0
:10FF0000704012F0FF0201F8010BF5D1E26D02F52D
:10FF1000B872ABE7A401002084B02DE9F84308AC27
:10FF200084E80F00002016F041FB8046012016F007
:10FF30003DFBDFF84C910646022016F037FBD9F85E
:10FF400000100D7F0746002D59D1474C4748B4F8A3
:10FF5000AC3043F04003A4F8AC3020221D3117F040
:10FF600069FC20224249434817F064FC20224249A0
:10FF7000424817F05FFCB4F8A43065F34103A4F8DD
:10FF8000A430B4F8A43065F30413A4F8A430B4F892
:10FF9000A43043F08003A4F8A430B4F8A43065F38F
:10FFA0000003A4F8A430B4F8A43043F00203A4F88A
:10FFB000A4304FF6FF71002012F0B4FA4FF6FF7133
:10FFC000012012F0AFFA4FF6FF71022012F0AAFAE8
:10FFD0004146002016F0FCFA3146012016F0F8FAEE
:10FFE0003946022016F0F4FA46F40051012089B295
:10FFF00016F0EEFABDE8F843002004B07047012D7A
:020000040101F8
:10000000D7D1194C1948B4F8AC3043F04003A4F8E8
:10001000AC302022896917F00DFCD9F80030154862
:100020005969202217F006FCD9F8003013485969A5
:100030002022114417F0FEFBB4F8A4306FF3410303
:10004000A4F8A430B4F8A4306FF30413A4F8A430D7
:10005000B4F8A43043F08003A4F8A430B4F8A4307A
:100060006FF300039DE700BF002401410029014117
:1000700008900101202901412890010140290141F6
:100080003801002030B5046894F8FF300025D90706
:1000900093B0C4F868517BD523F0010384F8FF3096
:1000A00004F5D27004F0B4F894F81431002B7CD02D
:1000B00094F8162184F81451002A70D1D4F81C3118
:1000C0001D688DB12988204609F0E8F92A8895F83D
:1000D000B4308DF8063041F214016846ADF80010D6
:1000E000ADF8042014F010FB94F8173163B100232D
:1000F00084F817313C4B94F818211B681B68002AC0
:1001000055D1298820469847D4F87C3133B1204610
:10011000012108F0B7FD00200EF050FF002120461D
:1001200008F0B0FD94F8F830022B19D1B4F8B030D3
:100130004BB1D4F8AC0008B114F016FA0023C4F89F
:10014000AC30A4F8B030B4F8C0304BB1D4F8BC0037
:1001500008B114F009FA0023C4F8BC30A4F8C03088
:10016000002384F8F83017F031FA18B90121022081
:100170000BF04EFE94F8153153B1002384F815317D
:1001800086226846ADF800208DF8043014F0BCFAE1
:1001900094F8FF309A070DD4002013B030BD4FF60D
:1001A000FF71204609F07AF99EE71D469CE74FF65D
:1001B000FF71A7E723F0020384F8FF3094F8F830CA
:1001C000002BE9D0084B1B685B6843B9204694F8C4
:1001D00047100CF093F8204603F0E2FADCE72046E3
:1001E00098470028F2D0D8E7C03501202DE9F04328
:1001F00085B00446884601921D460027534E46E0CE
:10020000A66B2A46414620460CF0F4FDA36CA3B130
:10021000022D00F0968020460FF03EFC38B14B4B8B
:100220004FF080521A60BFF34F8FBFF36F8F17F0FC
:1002300079FF012005B0BDE8F083636A53B9002857
:10024000F5D0424B4FF080521A60BFF34F8FBFF38F
:100250006F8FECE704F1240005F006FA0028E6D0E1
:100260003A4B4FF080521A60BFF34F8FBFF36F8F3E
:10027000DDE717F057FF0020DCE702A817F04AFC83
:1002800012E020460AF0E2F8FFF792F8012716F094
:1002900041FDA26BE36B9A42B2D3022D47D0019B82
:1002A000002BE6D0002FE8D017F03CFF18F022FA20
:1002B00016F030FD94F844305BB2B3F1FF3F04BF59
:1002C000002384F8443094F845305BB2B3F1FF3F2B
:1002D00004BF002384F8453017F024FF01A902A8C9
:1002E0000BF014FFE0B916F015FDD4F83890E76B69
:1002F00017F018FFB945C4D1019904F1100017F0A7
:1003000023F820460AF0A2F8FFF752F80028BDD1E2
:100310004FF080533360BFF34F8FBFF36F8FB5E75C
:1003200020460AF093F8FFF743F8002082E7A66B17
:100330000222414620460CF05DFDA36C002B3FF4E9
:100340007CAF002E7FF473AF65E700BF04ED00E0E3
:100350002DE9F04F97B016F083F9504BDFF850912C
:100360001A886FF3820283461A8000270BEB07037B
:1003700023F0704303934A4B1D7859F825404FF002
:100380000208484B03EBC5030593002694B949F8CE
:1003900025400024A6426DD8B8F1010F76D0404B1D
:1003A0001D7885F001054FF0010859F82540E8E770
:1003B0004746DBE7039A6368D31A1A01E7D494F837
:1003C00014A0BAF1000F2AD104200DF01DFE60B177
:1003D000227A6AF345122272A26842600279E168C9
:1003E0008160530718D114F013FD17F0C5F82D4B99
:1003F000049053F83520D4F800A0EAB92A4B0093B2
:1004000011460523EF2004F02DFA049816F004F9A4
:10041000002323755446B9E711F090FBE5E71AF085
:10042000020FE2D02369636016AA731C02EB8606F2
:1004300046F8404C9EB2D8E7944210D143F835A01C
:10044000BAF1000FE1D1059A03EBC5035A60DCE76E
:100450001A4623B9154B009301210523D2E71368EF
:100460009C42F5D123681360002BCED10D4B03EBDA
:10047000C503EBE716AB03EB84030022039953F8A3
:10048000400C013406F0C2FFE4B283E7002F8FD0A6
:10049000584617B0BDE8F04F09F0E0BD203E0141DD
:1004A000233601204C3401207B21020193210201DB
:1004B000D03401202DE9F0430D4697B08046174611
:1004C000FCF722F895F84A9095F84B40019519EB06
:1004D000040318BF40F20113ADF8093009238DF869
:1004E000083006AA002301A940468DF80B30ADF86C
:1004F0000C30FBF741FC9DF80C209DF8183098F863
:10050000041098F80200C3F3050301321A44D2B272
:1005100014F07DFA98F80130863000FB03F6B9F14B
:10052000000F33D0012301958DF80A3094B38DF874
:10053000093095F84D308DF80C3095F8F93073BBD3
:1005400095F8FC308DF80B3000238DF80D3006AA9D
:100550000A2301A940468DF80830FBF70DFC9DF8F1
:100560000C209DF8183098F8051095F82400C3F376
:10057000050301321A44D2B214F049FA06F5E876BE
:100580009DF80C30FF1A0644BFB254B9304617B07C
:10059000BDE8F0838DF809408DF80C70CDE701239C
:1005A000D0E7013C14F0FF044FF000038DF80A304F
:1005B0001FBF01238DF8093095F850308DF80C30AD
:1005C0004FF000038DF80B308DF80D3006AA4FF078
:1005D0000D0301A9404604BF8DF809408DF80C7049
:1005E0008DF808300195FBF7C7FB9DF80C209DF8AE
:1005F000183098F8051095F82400C3F3050301326C
:100600001A44D2B214F003FA00F5E870B8E700BF5C
:1006100005292DE9F74F81460D464FF000070ED012
:10062000ADF800704FF0010A3E460424E3B2524692
:100630000421484608F0CEFF002E7FD07BE0013237
:1006400001A96846019217F079FC01A90DF1020099
:1006500017F074FC4846BDF800A011F061FD044697
:10066000002878D1BDF80030002B76D0BDF80220EC
:100670009A4272D3B9F8040018F0A7FC064608B9EC
:100680001124D3E706F11003294601A8019318F0BD
:10069000D7FA4FF00108334BBDF80050BDF8020007
:1006A0001B681B68002B3DD09A89AA4202D9904250
:1006B000F7D31546D989A942F3D35B68AA1A03EB8D
:1006C000021B7DB3B8F1010F9BF80E3039D103F056
:1006D0000403002B14BF02270127394601A814BFC9
:1006E0001224042418F0ACFA4FF00208294601A89D
:1006F00018F0ACFAA21E92B2DBF8001001A8A044D8
:1007000017F0F6FD1FFA88F8B9F8043008EB040278
:100710009A4207DC0135BDF80230ADB2AB42ADF80C
:100720000050B8D2B8F1010F1AD0324641464846BF
:1007300016F095FD10B1304618F074FC03B0BDE81A
:10074000F08F5B0703D5012FEFD00227CEE7022FF2
:10075000EBD00127CAE73E4668E70646012465E775
:100760000A2463E7A800002030B597B00C68082879
:1007700027D8DFE800F00542464B4F648D9B9F0071
:1007800015780295238801934C4B00930222012394
:100790005E21EC2004F066F8252D04D008D8022D47
:1007A00012D0192D09D10221204603F065FA04E088
:1007B000272D11D001D3292DF5D90021204615F080
:1007C00097F9002017B030BD1621204615F039FDED
:1007D000002384F8E230F0E7E36F5A0706D523F0F0
:1007E0000403E3670021204610F006FE94F8E2308F
:1007F000082B0CBF00210121D6E7204613F08BF90E
:10080000DFE72221204615F01CFDDAE7204616F02E
:10081000F9FED6E7204617F0E9FB48B11221204641
:1008200016F0F0FC0028CCD0042384F8E230C8E7AE
:1008300094F86E3043F0020384F86E30C1E7D4F8C8
:10084000443194F85C10187D8842BAD092F90020A7
:100850001A760021204613F023FFD4F844310121F9
:1008600001FA00F0D875204613F01AFF0146204621
:10087000D4F8445117F01AFA6876B4F85C30D4F81A
:1008800044210133A2F81530204617F08EFB98E77B
:100890004FF48153ADF810302388ADF8143004A81C
:1008A0001388ADF8163013F02FFF8AE7204605F0C5
:1008B0002DFA86E7204614F0F3FA82E79F600201E2
:1008C0002DE9F04184B0044601914FF000084646FE
:1008D00045464F4F43E0013BA36323684BB1236977
:1008E0005BB917F01FFC4FF00108404604B0BDE8AB
:1008F000F08117F021FCA060F1E704F1100004F092
:10090000B3FE0028EDD0424B4FF080521A60BFF387
:100910004F8FBFF36F8FE4E717F004FC4FF0000830
:10092000E3E702A817F0F6F823E016F0F3F9A06861
:1009300006F038F8804617F0F5FB40E0204609F055
:1009400085FDFEF735FD09E0204609F07FFDFEF745
:100950002FFD204617F0BBFA002844D1012616F0DF
:10096000D9F9A36B002BB6D1019B002BD4D0002E5C
:10097000D7D017F0D7FB17F0BDFE16F0CBF994F8DF
:1009800044305BB2B3F1FF3F08BF84F8445094F8A1
:1009900045305BB2B3F1FF3F08BF84F8455017F014
:1009A000C1FB01A902A80BF0B1FB0028CCD1204665
:1009B00017F08DFA0028C1D02368002BB5D001991B
:1009C00004F1240016F0C0FC204609F03FFDFEF7BC
:1009D000EFFC0028C2D14FF080533B60BFF34F8F34
:1009E000BFF36F8FBAE7B8F1000F3FF47EAF16F098
:1009F00091F9616A19B1236B1968C1F10501A06809
:100A000008F0B0FC17F08EFB4FF000086DE700BF58
:100A100004ED00E02DE9F34180460C200F46154619
:100A20001E4618F00FFB0446002800F09380A0F843
:100A3000008087708580284618F004FBA06000289D
:100A400000F08580A288314616F0F4FEA388B3F545
:100A5000297F16D8A278022A4ED1012B11D92088DD
:100A60003E4F15F08DF90828054615D13B68002545
:100A70000C331A7892B10135EDB2082D03F10C0355
:100A8000F7D1A06818F0E0FA18F0EAFA204602B0B0
:100A9000BDE8F04118F0D8BA14F08AF9A3683A68B2
:100AA00018880C2303FB05F6043080B202EB06081D
:100AB00003F57E739842A8F81200E2D818F0C2FA43
:100AC0003B68C8F8140033445A69002AD9D02288F8
:100AD000DA8100221A82DFF88480A288D8F80060C8
:100AE0000C276F433E44308A738A811899420ADD8D
:100AF000284614F05DF9C4E7208815F041F908286C
:100B00000546E8D1BDE77369A168184416F092FE66
:100B1000A288338A1344728A9BB29342338213D1E0
:100B20002188002201927069009001F5005189B27C
:100B300040F2031014F06AFDD8F8003020881F44FA
:100B40009B6879699847D3E70123337399E718F0D5
:100B500085FA9BE702B0BDE8F08100BF783501203F
:100B60002DE9F74F4578436807780193012DB0F8D8
:100B70000280846843D0002D48D0022D46D1E36B1B
:100B80004FF0010B03F1240603F1340907F0FD02D5
:100B9000012A52D1294620460BF0EEFB032F4ED0FE
:100BA000012F08BF3773102018F04CFA82464046D8
:100BB00018F048FA4246CAF808008AF80C800199F1
:100BC00016F038FE0022CAF80020D9F80420CAF82E
:100BD0000420022FC2F800A0C9F804A02FD1377357
:100BE000CDB994F8FE30D80702D5012384F8FD3042
:100BF0002946204603B0BDE8F04F07F056BE04F189
:100C0000B80604F1D0094FF0000BBFE704F1A806C5
:100C100004F1C809F7E7012DEAD194F8FE309907ED
:100C200048BF84F8FD50E3E7012D16D194F8FE206B
:100C3000930748BF84F8FD500FE0022FB3D9FA1E86
:100C4000012A30D8032F08D1002DEDD194F8FE20D1
:100C5000D20702D5012284F8FD2004EB0B0292F8A2
:100C6000F82022B15A46012120460FF0A9F9032F9E
:100C700013D1706818B113F077FC00237360B8F1DA
:100C8000000F03D0404618F0DDF97060A6F8088028
:100C900042460199706816F0CDFD304603B0BDE8BC
:100CA000F04F16F091BA03B0BDE8F08FF0B51446DE
:100CB00087B020B919B10025284607B0F0BD002C37
:100CC000F9D06268002AF6D02268002AF3D03F4AA1
:100CD0003F4F11603F4A40491060404E404D4148EF
:100CE0008BB9414A3B70D2F800C0C1F800C0032361
:100CF000B2F804C09279A1F804C08A713370F82365
:100D00002B700E231EE05A78D2074BBF1A46364A84
:100D100052F802CFD2F800C0C1F800C0B2F804C047
:100D2000A1F804C092798A71597811F0020218BFB3
:100D300093F909203A701A7832704E07DFD59A7A03
:100D4000DB7A2A700370294B0E221A700FF09AFE7C
:100D5000224603AB52F8080F516803C3906818602D
:100D6000D4E90023590705D0D91D21F007011A4401
:100D7000521A0B46CDE9012315F02AF8DDE90101ED
:100D80000FF01AFB04F0F2FE0546002893D0184B32
:100D90004FF00072C3F88420BFF34F8FBFF36F8F03
:100DA000A02183F83913C3F884215A6004F0A6FA0D
:100DB00013F074F801A80CF06DFD237BDB073FF501
:100DC0007BAF12F0F5F8054676E700BFC4000020BF
:100DD000C9000020C0000020D0000020D800002062
:100DE000D9000020D7000020988F0201C800002001
:100DF00000E100E02DE9F04F90F8199090F810A074
:100E000085B00446884600F1280500F1410700F14D
:100E10001B06B9F1030F45D8DFE809F0020A1616E0
:100E20002946002016F026F8002384F8343039E0F3
:100E3000BAF1F00F03D1284617F082FA28E03B6898
:100E40008362BB88AB8023E09DF80830827E62F32A
:100E500000038DF808303368CDF8093002A8B38854
:100E6000ADF80D300EF052FC834698B10DF107013C
:100E700002A80FF01BFC94F8FD3023B19DF8071079
:100E8000012000F0DBFA29469DF8070016F0C2F8B1
:100E90000123CAE7B9F1020F41D1294615F0EAFF53
:100EA00084F834B094F8383013B1FF2384F8343028
:100EB0009DF80830A27E657E62F300038DF808304D
:100EC0003368CDF809304FF00009B3888DF80790EA
:100ED00002A8023DADF80D3008F048FD012D04F1E7
:100EE0002E0722D808B30DF1070102A80FF0DEFB90
:100EF0009DF80710484600F0A1FA394602A811F003
:100F0000A9FC002384F8FD300B4B196801EB880124
:100F10004B6A0BB12046984705B0BDE8F08FBAF197
:100F2000F00F88D03B68A3628BE73368C4F82E309B
:100F3000B388BB80E5E700BFC03501202DE9FF4144
:100F40000546502018F07EF80446102018F07AF874
:100F5000064604B150B9484B009300220423C12136
:100F6000EE2003F07FFC04B0BDE8F081EA6D02F5ED
:100F7000C07204F1100013682360536863609368C3
:100F8000A360D368E360EB7804F1300705F1120841
:100F9000002B68D1E96D2022EB3116F04BFC2022AA
:100FA0004146384616F046FCE86D3346502221464D
:100FB00000F5E070FBF7BAF9314603A816F052FECF
:100FC00003992E4AB1FBF2F302FB13130393EB6D6B
:100FD000102283F86F20EB6D32681A67204618F0F4
:100FE00033F8304618F030F80C20039C18F02AF83B
:100FF00001460028B7D0224AB4FBF2F303F13000D7
:10100000887102FB13434FF47A7042F21072B3FB03
:10101000F2F33033CB71B4FBF2F302FB1343B4FBB6
:10102000F0F2B3FBF0F300FB124230336420B2FB6A
:10103000F0F230320B724A72B4FBF0F30A2200FB7A
:101040001343B3FBF2F330338B72B4FBF2F302FBC6
:10105000134430340223CC720B702B888B800C200D
:1010600017F02BFF7FE72022414616F0E3FBE96DE6
:101070002022EB3195E700BFCC83020140420F00F4
:10108000A08601002DE9F0418AB0174602294FF0F1
:10109000000206460D468DF804208DF8052020D963
:1010A000013302A90DF10600029316F047FF304606
:1010B000DDF8088011F034F8044630B93946BDF83F
:1010C000060010F08FF80446C0B1122F06D19DF82B
:1010D00004301BB954B9304610F056FB0AB0BDE8D5
:1010E000F081122FADF80620F8D10424E3B2BDF848
:1010F00006201221304608F06DFAEFE704AA03A992
:10110000BDF8060013F0F4FD002859D0049B5B687D
:10111000D3E90112107817F055FB039A0346D27BEE
:101120003088102106F0CCFF84B2002CCDD1039A78
:10113000937B9289033D13F0080FADB232D1AA42DE
:1011400032D103F02103202B30D03388ADF81C308E
:10115000BDF80630ADF81E300023ADF820308DF814
:1011600025300DF10502039B059301A905A8ADF8F3
:1011700022508DF82470CDF8188004F09BF9039B61
:101180009A7BD1070446A0D400289ED12A465868ED
:10119000414616F04FFB039B9A7B120795D59B683F
:1011A0001D8092E7AA42CCD20D248EE7BDF806201E
:1011B0004146304609F0F0FA0446002885D1C4E7DC
:1011C000012482E70378012B00D0704770B594B0FA
:1011D00044682378002B62D1A3780BB114B070BDA2
:1011E000444B1E6833684BB1321D01231D4652F833
:1011F000041B21B10133082BF8D1EFE70025202093
:1012000017F06AFE46F825003A4B1E6856F825008E
:101210000028E3D02022002117F028F956F82550A5
:10122000002DDBD0A3882B80A379AB70281D23462B
:1012300053F8072F6A609A889B7982808371012313
:10124000EB7007F03FF8A877082809D1A388ADF81C
:10125000063001238DF8043001A810F097FBBDE79C
:101260004C22002101A817F001F901A9A87F03F081
:1012700017FE0028EAD19DF84C10C1F300029DF83A
:10128000003062F34103C1F3400262F300038DF8C2
:1012900000306A468908288810F01FFFD6E7012B26
:1012A0009CD100238DF804306388ADF80630608847
:1012B00010F048FB60B1827F8DF8082011F018FC17
:1012C0000D4B1B78002B89D000240C4E0A4D09E0F1
:1012D00008238DF80830F3E701342A78E3B29A4204
:1012E0007FF67CAFE3B256F82330002BF4D001A890
:1012F0009847F1E708350120000000200400002095
:101300002DE9F04F092989B007460D4601D017296C
:1013100027D1013205A904A8059216F00FFE05A9F0
:101320000DF1120016F00AFE03A8022205A916F01C
:10133000D5FF3846DDF81490BDF8108010F0F0FEAF
:10134000002874D1BDF81030002B72D0BDF81220E7
:101350009A426ED3B88817F038FE044680B911203F
:1013600005E00024ADF810404FF001080420C3B29E
:1013700042460621384608F02DF9002C54D050E0A2
:1013800004F11003072105A8059317F059FC073D48
:10139000ADB20126DFF8A0B00DF11C0A06AB009338
:1013A000CDF804A003AB0222BDF81210BDF8100066
:1013B00009F0ACF958B30222594603A816F02CFAEA
:1013C0000028EBD1069B9A681288AA4211D12A46BE
:1013D0004946586816F020FA58B9079B05A899891C
:1013E00017F034FC079B05A8D98917F02FFC0436A9
:1013F000B6B2BA88331D934209D8079BBDF81220B4
:10140000DB8901339BB29A42ADF81030C2D2012E73
:1014100001D10A20ABE722463146384615F01FFFBE
:1014200010B1204617F0FEFD09B0BDE8F08F002492
:101430009DE7044601209AE7BC9002012DE9F341A3
:1014400007460C46C92501F00706032101A809F04B
:1014500087FF9DF80630DFF81C8103F07F0343F01F
:1014600040038DF8063000BFD8F800309900FBD457
:101470003B4B1A8842F040021A801A8842F0200240
:101480001A8017B1204601F023F9364BD3F8682FA4
:1014900066F31242C3F8682FB3F86C1F87F001029D
:1014A00062F30001304AA3F86C1F11689DF8040034
:1014B00060F30701116011689DF8050060F30F21CA
:1014C000116011689DF8060060F317411160D3F8B0
:1014D000682F42F48002C3F8682F00BFD3F8682F4A
:1014E0005202FBD4D8F8003013F0807F1F4B1B68EA
:1014F00014BF1F200020013D13F0020F18BF1F2052
:1015000015F0FF0501D01F289FD02FB3184B196885
:10151000144B062505FB0411D3F8A42F81F84321B1
:10152000D3F8A42FC2F3072281F84421D3F8A42FC3
:10153000C2F3074281F84521D3F8A42FC2F3076212
:1015400081F84621D3F8A82F81F84721D3F8A83F86
:10155000C3F3072381F8483102B0BDE8F08100BF32
:10156000C434014100240141103401418C34014153
:10157000B00100203034014170B5431E13F10A0F51
:1015800071D800F1080414F0070305D0C3F1080373
:10159000DA43A24267D31C4417F0ACF83C4B1B68FB
:1015A000002B67D0002C1CDB14B33A4B1E68A642FC
:1015B00021D339490B6823E0384B374802600021BA
:1015C00041601344083B23F007033148036059602E
:1015D0001960991A51601360314B19602D4B1960D5
:1015E000E0E7FDF7E5FE16F0BAFF0025284670BDDE
:1015F000FDF7DEFEF7E7FDF7DBFEF4E719461346DD
:101600005A68A24202D21A68002AF7D1204A126808
:101610009A4225D00D6808351A680A605868001B80
:10162000102805D91A1950605C60086818510A60C2
:101630005968761A174806601948006886423CBF08
:101640001748066041F00041596000221A60154AAF
:10165000136801331360FDF7ABFE002DC6D1C2E75E
:10166000FDF7A6FEBFE717F045F8094B1B68002BF6
:10167000BED100240C4A12F0070F9DD0D11D21F0DD
:10168000070102F5943324335B1A0A4695E700BF3D
:101690002035012024350120983401202428010020
:1016A000283501202C3501205802002070B5044651
:1016B00088B0008815F03CF9002800F087800568A4
:1016C000D5F84461002E00F08380D6F8223023B98B
:1016D000092004F0EBFBC6F82200D5F84431D3F81A
:1016E0002220002A76D0A378FF2B69D0E1780B4422
:1016F0001370D5F84431E178D3F82220A3785B1A2F
:101700005370D5F844316179D3F8222023790B4402
:101710009370D5F844316179D3F8222023795B1A8C
:10172000D370D5F84431E288D3F822309A80D5F8C6
:101730004431D3F82220137A43F001031372D5F811
:101740004431D3F8222000239371D371D5F844217A
:10175000D2F822100A7A42F020020A72D5F8442107
:10176000D2F822100A7A42F006020A72D5F8442111
:10177000D2F822100A7A42F018020A721D46E38853
:1017800006936379059323790493E3780393A3780D
:10179000029323880193104B0093022201235521C9
:1017A000EC2003F05FF845B10C4B00930195012349
:1017B0000022FD21EC2003F055F8284608B070BD4A
:1017C0001370D5F84421D2F8222099E70225D6E7F4
:1017D0001A25D4E70725D2E756EC01011654020179
:1017E00038B590F8E230012B04460D460ED1D0F802
:1017F000B4316BB9082004F059FB2A46C4F8B4018F
:1018000052F8013F03605368436001E0032BF1D0BD
:101810003E4B69781B681A780A4084F8ED20A97855
:101820005A780A4084F8EE20E9789A780A4084F8D9
:10183000EF20DA7829790A4084F8F0206A791B7958
:10184000D4F844511340E26F84F8F13042F00802BA
:10185000E267002D3CD113F0060F39D0262004F0AA
:1018600025FBC4F8440198B34FF07E330360D4F8ED
:1018700044215360D4F844314FF002329A60D4F8D6
:101880004431DD60D4F844311D74E27DD4F8443134
:10189000002A37D1072159759A75D4F844210023BD
:1018A00013751B4AD4F8441150794874D4F8441184
:1018B00090798874D4F84411D279CA74D4F8442148
:1018C00082F8223082F8233082F8243082F82530E2
:1018D00094F8EE301B075CBF40F64803A4F85A3179
:1018E000E37D73B9D4F8F03003F48413B3F5004FFB
:1018F00001BF94F8F23023F0500343F0500384F812
:10190000F23038BD5D759D75C7E700BF3801002016
:10191000B6010020F0B540F2FF7681EA030C16EA2A
:10192000115E1EBFB64516EA1355B54252D021EAE4
:10193000465141F48011A1FB024723EA465343F488
:101940008013AE44A0FB03650CF0004C36197D41BA
:10195000A1FB034747F10003A0FB0217F6196541FD
:1019600053F10003094218BF46F0010640F2FE742D
:10197000B3F5007F13D2AEF5806EA64523D24CEAB4
:101980000331280341EA155140EA16503203450855
:1019900072F1004250F1000051EB0E51F0BDAEF279
:1019A000FF3EA6450FD24CEAC321E80241EA555159
:1019B00040EA5650F202450872F1004250F1000030
:1019C00051EB0E51F0BD1EEA0E0F2DD50CF000416B
:1019D0000020F0BD16EA115F04BF01F000410020B5
:1019E000004218BF41F0010116EA135F04BF03F083
:1019F00000430022124218BF43F0010306EA1354C9
:101A0000B44218BFB64503D00CF000410020F0BD31
:101A100021F0004123F00043B1EB065F0CD8B3EB9B
:101A2000065F09D841B13BB10CF0004141F0FE41E5
:101A300041F470010020F0BD40F20001C7F6F871DA
:101A40000020F0BD2DE9F043B9B00E4618AF40229A
:101A500004460021384616F009FD96F901200023BE
:101A6000520093426FDB96F90040E5B26A00002312
:101A700052B2184659B28A426DDC002860D006F195
:101A8000040922463946484614F0EEFB01286DD180
:101A900007EB040822464146484614F0E5FB0128BE
:101AA00064D12346424628A804F098F928A968463C
:101AB000F8F7F2FE2022002110A816F0D7FC96F9C4
:101AC000008003233A4608AC8DF84030394643463F
:101AD00028A804F083F928A92046F8F7DDFE43463C
:101AE00010AA2146204613F043FC18B14A4620466E
:101AF00014F028F816F9843B3A46214628A804F049
:101B00006DF928A92046F8F7C7FE4346324621461C
:101B1000204614F017F828B94246484614F0A4FBB2
:101B2000012805D043464A462146204613F020FCB2
:101B30006B1E5BB200201A0611D5B0FA80F0400986
:101B400039B0BDE8F08338A91944E05C01F8800C95
:101B50000133DBB285E7F95C013308438AE71DF8FE
:101B60000320E15C4A401043013BE4E70020E7E743
:101B7000F7B5C568008913F03BFE0446002800F065
:101B80008780C66D002E00F08380AB882868ADF892
:101B9000043000906B4606251A78013D303A15F066
:101BA000FF0503F8012BF7D19DF801209DF80030C7
:101BB0009DF803109DF8047042F210705043354AAE
:101BC00002FB03039DF805201344642212FB01323B
:101BD0009DF802304FF47A7101FB03230A2101FBC7
:101BE000073106F16F0017F033FAE26DC2F8735057
:101BF000C2F87750C2F87B50E36D01229A7094F8D6
:101C00005730E16D83B391F8713091F870201B0467
:101C100043EA022391F86F2013438B62E36D83F84C
:101C20002650E36D93F82620996AD14001F0010116
:101C300041F08001204603F0C7FEE378E16D3BB937
:101C400001F5D871204603B0BDE8F0400CF00CBFA0
:101C5000CB7813B9002003B0F0BDCD70E36D9D705B
:101C6000E16D01F5B871EDE7E3782BB96F312046EE
:101C7000FEF79CF8E16DE3E7CB78002BEAD0CD705E
:101C8000E36D9D70E16D20466F31FEF78FF8E7E759
:101C90000120E0E7A086010070B586B0044600236D
:101CA0000DF1120105A8ADF8123013F0E1F8059B13
:101CB00094F85020039394F85130CDE90143002A61
:101CC00065D13B4B009302231A467E21EC2002F0A3
:101CD000C9FD10F06BFC637843F00103637094F866
:101CE0005330012B4FF000051DD16378E66984F86D
:101CF000535043F004036370059BF61A2D4B1A688A
:101D000092F8403203F58E73C6F3160632F813507C
:101D100040F2391105F27125B5FBF1F50135B542F7
:101D20002CBF0025012563699C4202D05B78DB074C
:101D300029D595B31F4BBDF81200196891F84022C0
:101D400002F58E7240F27123734331F8126006EB94
:101D50009006C6EB5306E3690293059B0193164B6D
:101D6000009302231A467F21EC2002F07BFD3146CE
:101D700004F13800646400F06DFA204612F046FD6C
:101D800020460AF0C5F814F037F806B070BD0B4BCA
:101D9000009302231A467F2198E7204614F0B6FDEF
:101DA0000122294694F8500008F054FEEBE700BFEA
:101DB0002CAF0101940100208FAF01015EAF010142
:101DC0002DE9F341089D04461F4609B1002A35D08C
:101DD000E06EC8B93B68AB4213D17B68216A5B1BDC
:101DE0009AB291420DD8E561B2F5487F4FEA452598
:101DF000E565636A01D1A36202E09342FBD3A2626C
:101E0000012002B0BDE8F081D1B10025BC46FF2120
:101E10002B464FF6FF7E93420ED0DCE90006361AC1
:101E2000206A06EA0E08404555D8A0784007C6F358
:101E3000160647D5F5B21946FF2905D10020E0E77F
:101E4000D7E90035ED1AEDB2637813F0040F0EB246
:101E50002AD194F85020012A42D1626A95423FD992
:101E60001B073DD402210DF1060009F079FA636ADF
:101E7000BDF80620C3F101032B44B2FBF3F503FBCD
:101E8000152557F8363053FA85F5C5F31605E56183
:101E9000E3695A02E26594F85220012A01BFA26D5B
:101EA0009B18C3F31603E36107EBC603E2695B68A3
:101EB0009B1A9AB2B2F5487F626AA0D09BB29A424E
:101EC0009DD398E794F850000128B3D1B0B2854271
:101ED00001D2F5B219460133DBB20CF1080C9AE7D6
:101EE00057F83630E361D3E72DE9F743D0F84C31AA
:101EF0008046002B55D114F0CDFF98F848314FF4AF
:101F0000207202FB030020F07040C8F84C01002151
:101F1000404610F0CDFF002870D00B21002014F0B7
:101F20001DFE014600286BD0364A29230373126830
:101F30000023C0F80D30C0F81130A0F81530127829
:101F4000314812F0080237D007684FF0010C99466B
:101F5000D7E918620192BA6D06EA020EFA6D019E87
:101F6000164006EA09050EEA0C0454EA05024FEA97
:101F7000430001EB930200F0060014BF0126032684
:101F800086400133507B1CEB0C0CDBB240EA0600B0
:101F900049EB0909252B5073DAD1404606F0B4FF0E
:101FA00006E014F077FFD8F84C31C01A0301A2D52F
:101FB000002003B0BDE8F083D0F800C00123002565
:101FC0004FF0030EDCE9164003EA040605EA0007B9
:101FD00056EA07000BD101EB9204500094F80D90E3
:101FE00000F006000EFA00F040EA090060730132CA
:101FF000DB18D2B26D41252AE4D1CEE74320D8E7E1
:102000000720D6E7380200203801002030B5C36D24
:102010005A78012A89B0044601D0042A12D100213D
:10202000204603F0D1FCE06D102200F5B87100F5F8
:10203000F07015F0F1FB80B10421204608F02EF974
:1020400009B030BD022A08D193F82620996AD14000
:1020500001F0010141F08001E3E7E26D5378042BC8
:102060000BD12046FEF76AFF2046FBF7C1FB00229A
:1020700011462046F7F74AF9E2E7012B0ED1204638
:10208000FBF7B6FB002211462046F7F73FF9E16D5A
:10209000204601F5E8710DF079FCD1E7022B31D132
:1020A00092F82630122B27D86846202109F058F9DB
:1020B000E56D6B4603CB05F5E072C5F8C0015160D4
:1020C00003CB9060D160E26D92F82630013382F844
:1020D0002630E36D93F82620996AD14001F0010182
:1020E000204641F0800103F06FFCE16D204601F5D0
:1020F000D8710CF0B9FCA3E72046FBF779FBE26D41
:102100006F32C0E7032B9BD12046FBF771FBE36DD9
:10211000997809B103F16F0193F8E520002AB3D053
:10212000024B1B689A684032AEE700BFA401002052
:10213000002858D0454B1B683BB9454AD2F8643F4C
:1021400043F00103C2F8643F70479A071FBF40493C
:10215000D1F8642F42F00102C1F8642F13F00C0F84
:102160001FBF3B49D1F8642F42F00202C1F8642F2F
:1021700013F0300F1FBF3649D1F8642F42F004022C
:10218000C1F8642F13F0C00F1FBF3149D1F8642F7D
:1021900042F00802C1F8642F13F4407F1FBF2C499E
:1021A000D1F8642F42F01002C1F8642F13F4406F8D
:1021B0001FBF2749D1F8642F42F02002C1F8642FD5
:1021C00013F4405F1FBF2249D1F8642F42F0400250
:1021D000C1F8642F13F4404F36D01D4AD2F8643F43
:1021E00043F08003AEE71A4BD3F8642F60F300028C
:1021F000C3F8642FD3F8642F60F34102C3F8642F4F
:10220000D3F8642F60F38202C3F8642FD3F8642FED
:1022100060F3C302C3F8642FD3F8642F60F3041291
:10222000C3F8642FD3F8642F60F34512C3F8642F0A
:10223000D3F8642F60F38612C3F8642FD3F8642FA9
:1022400060F3C712C3F8642F704700BFE435012064
:10225000002401412DE9F3410E46044650B93F4B9D
:102260000093024605230421EF2002F0FBFA02B09E
:10227000BDE8F08114F088F915F07EF9760080460B
:1022800014F0EEF940F2E1439E42257A92BF022615
:1022900040F27121B6FBF1F6AB060644074626F084
:1022A000704609D445F02005666025720122394642
:1022B000204605F0ABF818E015F0070518BF01251A
:1022C000274B53F825209442194619D1254A1278F4
:1022D000AA4222D163681A1A44BF03F180531A1A22
:1022E000012A08D8022323752661404602B0BDE8C2
:1022F000F04114F091B9236841F8253007F0AEFEA3
:10230000194B53F8352019465AB9184B009311460A
:102310000523EF2002F0A6FA0CE0226843F82520FE
:10232000EEE7A2420FD1226843F8352012B903EB41
:10233000C5056D606660B9E71A4623B90C4B00937A
:1023400001210523E5E71368A342F5D12368136053
:10235000002BEFD101EBC5056A60EBE766210201B6
:10236000D0340120233601204C3401207B2102018E
:102370009321020170B5284D284E2846002116F001
:1023800065FE274B274A1E62274E5E62274E9E62DD
:102390000426DE62264E1A60264A5A60C3E90C659E
:1023A000254A264D26499A609D63264A264DDA60C5
:1023B000264A5A61C3E90F51254A264D9A615D6448
:1023C000254A264D26481961C3E91252254DDA6186
:1023D0000024C3E914500470234898652348C3E9D6
:1023E00017012349596623492348C3E91A12234A8E
:1023F0001A67234A5A67234A9A67234ADA67C0E969
:102400000043224B83600122214BC36002740821E8
:10241000BDE870400DF028BF18360120C2900201BF
:1024200070300120BC90020198900201D09002010E
:10243000B8900201D2900201D4900201CE90020124
:10244000BA9002010200000102002011079002016F
:10245000C8900201FD8F020105000001C490020135
:1024600027360120BE900201CA900201010003112B
:1024700002900201C690020128340120C09002019E
:102480005C340120CC900201100002019490020102
:102490001000170070B590F81931856888B00446AF
:1024A0000BB111F0C1FA94F8FA3094F8F860D3B196
:1024B0003A4B1A686FF300021A60A3F24C432146AC
:1024C0001A686FF3DB621A60002006F089FB214670
:1024D000002000F0C1FC94F84730012B03D104F533
:1024E000C67001F095FE2E4A00952E4D2E49002310
:1024F000137084F8FA308DF806302B88ADF804306C
:1025000008226B4601200BF053FF2B88274D13F058
:10251000280F3AD1022E38D094F81911A9BB94F89B
:102520004720012A31D013F4C27F1ED013F4C07F9C
:1025300008BF0121204607F06FFCD4F8983013B192
:1025400001232B7014E02B70194B94F894201B7806
:10255000013A93421CDA0133DBB284F8543004EBC5
:1025600083035B6EC4F89830EAE72B78002BEBD03E
:102570001822002102A815F079FF02238DF80830F7
:1025800001238DF80A3002A803E02B78002BEFD14D
:102590000020FDF755FB08B070BD00BF583E01415B
:1025A000F4010020DA01002000000101D801002020
:1025B000CC01002038B504463E4B1D6872B6BFF30F
:1025C0004F8FBFF36F8F0FF029FA08B962B638BD8D
:1025D000394B06221A6008331A680AB9374B1A6851
:1025E000A54228BF2546681E34490C6804FB002418
:1025F000334A126812F0806F06D0314A4FF00071F2
:1026000011602E4A1268A41A2E4A1268A24238BFDC
:10261000A41A2D4A146004320021116026490A6868
:1026200042F001020A6025B1BFF34F8F30BFBFF304
:102630006F8F62B6BFF34F8FBFF36F8F72B6BFF36A
:102640004F8FBFF36F8F1C4906220A600A6812F48D
:10265000803F1ED0194B1A681C4B1B681344013B6A
:102660001B1B18490968994201D29A4200D2531E95
:10267000154A1360154B00221A60083B07221A60A6
:102680000E4B1B68013B104A136010F0DFFE62B670
:102690009DE70E4A1168094A126805FB02F3581AB1
:1026A000B0FBF2F000FB0222CB1A1344064A13607F
:1026B000E0E700BF1C35012010E000E018350120E4
:1026C00004ED00E01435012014E000E018E000E023
:1026D00070B5444B1C68444B272101FB0042D3F8E2
:1026E000845F92F8226066F31F65C3F8845FD3F8B5
:1026F000885F92F8236066F30705C3F8885FD3F814
:10270000885F92F8246066F30F25C3F8885FD3F8DA
:10271000885F92F8256066F31745C3F8885FD3F8A1
:10272000885F92F8266066F31F65C3F8885FD3F868
:102730008C5F92F8276066F30705C3F88C5FD3F8C7
:102740008C5F92F8286066F30F25C3F88C5F92F8CF
:102750002960D3F88C5F66F31745C3F88C5F92F855
:102760002A60D3F88C5F66F31F65C3F88C5F92F81C
:102770002B60D3F8905F66F30705C3F8905F92F87B
:102780002C60D3F8905F66F30F25C3F8905FD3F801
:10279000905F92F82D6066F31745C3F8905FD3F809
:1027A000905F92F82E6066F31F65C3F8905FD3F8D0
:1027B000945F92F82F6066F30705C3F8945F92F870
:1027C0003050D3F8942F00FB011165F30F22214400
:1027D000C3F8942F897AD3F8942F61F31742C3F882
:1027E000942F70BDB00100200024014170B586B067
:1027F000038801930546414B0093EC2001230222FC
:102800004C2102F02FF8288814F092F800286ED09E
:102810000468E37D012B03D194F8ED30990768D566
:10282000204613F0C2FC002846D0302003F03EFBC7
:10283000C4F8B4016B880380AB884380EB88838045
:102840002B89C3806B890381AB89438194F86D30F8
:102850001A0755BF94F8F2306FF3C30343F0010336
:1028600084F86D3058BF84F8F230064616F06CFAE2
:1028700001281FD97388628FD4F8CC009A421ABFFE
:1028800040F2E2415943002115F0D1FBA4F8A80021
:10289000B4F8A82032B17188B2FBF1F301FB132325
:1028A000A4F8A830204611F0F0FC20B30024204604
:1028B00006B070BD0023F3E728686968AA8902ABF7
:1028C00003C3A86818609A80204602AB0E2201213B
:1028D0000CF064FE04460028E8D0094B00930194F4
:1028E00001230022FF21EC2001F0BCFFDFE70224DE
:1028F000F3E71A24F1E70724EFE700BF485E02017F
:10290000625E020170B5044686B00E2200210DF110
:102910000A0015F0ABFDE06D02A9B0F8B030ADF8DB
:10292000083000F1A0024F3003F026FBE16D204695
:10293000A0310FF0C3FE102016F084FB054680BBCB
:10294000334B009302460423C521EE2001F08AFF99
:10295000102016F077FB0546102016F073FB064694
:1029600005B180BB2B4B009300220423C421EE2031
:1029700001F078FF102016F065FB054678B11022B3
:10298000002115F073FD0123AB70E06D294600F1C5
:10299000D3024F3003F0F0FA284616F055FB06B08C
:1029A00070BD032300F8013B0F22002115F05EFDEE
:1029B000E06D294600F18F025F3003F0DDFA284612
:1029C00016F042FBC4E7E26D52F8B23F2B60536849
:1029D0006B600023AB60EB60E06D324629468F30C0
:1029E00003F0CAFAE26D337892F8B0104B4082F8E7
:1029F000B030E26D737892F8B1104B40284682F8FF
:102A0000B13016F021FB304616F01EFBB2E700BFD6
:102A1000535402016A5402012DE9F04385B0044683
:102A20008846019200263546DFF8F89035E04146A9
:102A3000204613F0BFFC7B1EA36323692BB915F05E
:102A400071FB012005B0BDE8F08304F1100002F035
:102A50000BFE0028F3D0334B4FF080521A60BFF3C7
:102A60004F8FBFF36F8FEAE715F05CFB0020E9E7BB
:102A700002A815F04FF81AE0204607F0E7FCFCF733
:102A800097FC09E0204607F0E1FCFCF791FC2046AA
:102A900015F01DFA002842D1012614F03BF9A76B6E
:102AA000002FC4D1019B002BDED0002EE0D015F00A
:102AB00039FB15F01FFE14F02DF994F844305BB289
:102AC000B3F1FF3F08BF84F8445094F845305BB23F
:102AD000B3F1FF3F08BF84F8455015F023FB01A96F
:102AE00002A809F013FB0028CCD1204615F0EFF91D
:102AF0000028C1D0019904F1240014F025FC2046DF
:102B000007F0A4FCFCF754FC0028C5D14FF080531B
:102B1000C9F80030BFF34F8FBFF36F8FBCE70020C1
:102B200090E700BF04ED00E02DE9F04192B01E46B1
:102B30004B7906930B790593CB7804938B780393A9
:102B40004B7802930B780193384B009380460C46E8
:102B50001746012302222021EC2001F083FE16F00B
:102B60002FF900283CD1B8F1010F4DD033463A4639
:102B7000214640460BF0B4FB00284AD115F044FC36
:102B80000546002850D19DF8203068F3000360F31B
:102B900041038DF820302368CDF82130A388ADF8AB
:102BA00025303B68CDF827307B68CDF82B30BB68EB
:102BB000CDF82F30FB68CDF833303368CDF837309F
:102BC0007368CDF83B30B368CDF83F3008A8F368A0
:102BD000CDF843300CF0B2FA284612B0BDE8F081CF
:102BE000134D2B689B6C984760B92B68DB6C98473A
:102BF00040B92B681B6D984720B92B685B6D9847CF
:102C00000028B0D00C2505E0637903F0C003C02B89
:102C1000ACD01225074B0093019501230022FF2120
:102C2000EC2001F01FFED7E70725F3E79C5A0201CD
:102C300030010020CE7C02012DE9FF473C4E336875
:102C400090461A7882468946002A5AD1B8F1000F78
:102C500002D15B78002B54D0402003F027F90546C1
:102C6000202003F023F90746002D5FD000285DD017
:102C7000304C13F089FC22680123137732685146E7
:102C800013702846202214F0D5FD20224946A818AA
:102C900014F0D0FD2368B8F1000F1FD0264A9A61C6
:102CA0001B2014F0D9FCE0B116F06AF90146284661
:102CB000FEF7C8FEA8B9284611F056FC384611F0B8
:102CC00053FC122402AB05221C498DF80C40012054
:102CD0000BF06EFB204604B0BDE8F08703F11D0247
:102CE000DDE72368C3E904750BF02AFA044648B10E
:102CF0003368002228461A7011F036FC384611F06D
:102D000033FC0C240E4B0093022201233421EC20CF
:102D100001F0A8FD002CDDD00A4B009301940123A3
:102D20000022FD21EC2001F09DFDD3E70724E9E717
:102D300030010020380100205CEF01010105010194
:102D4000D4880201B05E020138B5324A137813F01C
:102D500001045DD143F0010313702F4B2F4A5A62D7
:102D600040F2016003F0A2F82D4D286010B907244D
:102D7000204638BD2B4B00F5C0626A60596A80B2AC
:102D800060F30F015962996992B262F30F01996180
:102D9000FF204FF4C063AC60C5E9033303F086F84D
:102DA00068610028E3D0204BC3E900431F4BC3E90F
:102DB00000431F4BC3E900431E4B1B221A801E4BCE
:102DC00002F22D121A801D4B4FF001121A604FF4BF
:102DD00048621A815C601A4B18222146184615F089
:102DE00045FB8268174B02F0F801174A1C700A4332
:102DF00082601649042015F05FFF0FF0F9FF1448B8
:102E000015F072FF0DF02CF8124B70221A80AFE70C
:102E10000024ADE725360120FC00002049490101CE
:102E20003C010020002401418C01002054010020BD
:102E30008401002014360120163601205C01002098
:102E4000680100202636012001016104818D000106
:102E5000596802018001002038B50D46002872D063
:102E600001F1280420460CF023FC3C4BA86A1860B2
:102E7000AA8D3B4C9A80B4F86C3F43F04003A4F811
:102E80006C3FD4F8683F43F48063C4F8683F95F81A
:102E900047200B2A05F11B0019D840F69203D340B6
:102EA000DB4313F0010312D1D4F89C2FA97E63F306
:102EB0001842C4F89C2F14F03FFC282002F0D0F8F0
:102EC000D4F8643F43F40073C4F8643F38BD95F808
:102ED0002130032B0FD8DFE803F00216232D204BFF
:102EE000D3F89C2F40F2FF1161F31842C3F89C2FD6
:102EF0000020FFF71DF91B4B18680028E6D1BDE83C
:102F0000384002F0ADB8164BD3F89C2F202161F366
:102F10001842C3F89C2F082002F0A2F80120E8E72D
:102F20000F4BD3F89C2F082161F31842C3F89C2F54
:102F30002020F1E70A4BD3F89C2F6FF31842C3F817
:102F40009C2F2820E8E7064BD3F8642F60F3492232
:102F5000C3F8642FBDE83840FFF7EAB8AC3301414D
:102F600000240141E4350120F0B5D0E96DC71529F1
:102F70000CBF61463946B0F858610D894A89B0F8EE
:102F80005A318C88B1F806E0B54228BF35469342E5
:102F900028BF13460A88944228BF14464A887245BF
:102FA00028BF7246B0F85EE0AE450BD1B0F862E0E3
:102FB0009E4507D1B0F864E0A64503D1B0F866E0BD
:102FC000964555D01A2D27D81B2590F8E260A0F819
:102FD0006050B0F86050A0F85E50132E20D1ACF8CD
:102FE00008501A2C22D81B24A0F86440447EE40622
:102FF00026D5B2F5A47F1DD24FF4A472A0F86620A6
:10300000827ED20627D5B3F5A47F2AD24FF4A473CB
:10301000A0F862300120F0BDB54228BF3546D4E7A4
:1030200090F8E460132E08BF3D81DAE7FB2C88BFDF
:10303000FB24D9E7C9889142E0D2B0F85A21DDE7F4
:10304000B2F5296F02D24FF42962D7E7C9888A42C4
:1030500028BF0A46D2E7B3F5296F02D24FF429639D
:10306000D6E7B0F85A219A42D2D2A0F86220D1E72E
:103070000020D0E72DE9F3410446D0F86C0100238D
:103080000193C8B101A9D4F8206114F07BFE054674
:1030900090B9D4F874310198DB68D96812F060FFF8
:1030A000344B984208D814F039FB06F5A5768642D1
:1030B00002D8314B984208D91F250127D4F87461F2
:1030C0002EB9284602B0BDE8F0812F46F6E7D6F8C3
:1030D000108098F8033043F0100388F80330F36849
:1030E000D968002F42D1019812F03AFF14F016FB74
:1030F000224B984295BF1E234FF49673B0FBF3F01A
:10310000B0FBF3F099BFC0F30C00BC46C0F30C0059
:103110004FF0010C98F8032094F852E094F8241032
:1031200012F0010F14BF0723012312F0020F18BF82
:103130000633120744BF0233DBB243440EF03F0EA6
:10314000DA7818716EF3050202F0BF026CF3C71251
:10315000DA705A79013922F01F0201F0070142EAC0
:10316000102061F3471058713668A9E700208446A3
:10317000D0E700BF38FEFF7FD47E2500C3BF030029
:103180002DE9F0430578012D85B0044656D05DB198
:10319000032D64D0394B1B681B68002B42D020469E
:1031A00005B0BDE8F04318478578002DF2D1334BC8
:1031B0001F68984607F1100353F825605FFA85F9F8
:1031C0009EBB0C2015F03EFF2A1D47F82200D8F8C0
:1031D000003053F82230A3B11E609E605E60D8F8C4
:1031E000003003EB850540212B69198129690123F2
:1031F000CB71296981F80290D8F8001051F822109B
:103200008B72D8F8003053F8223093B923780293A8
:10321000A38801931A4B0093002204235321EE202C
:1032200001F020FB05B0BDE8F0830135082DC3D1C6
:10323000ECE7A2881A80A279DA70ABE746883046BC
:1032400012F0A2F9024630B90E4B0093CDE90165A8
:1032500004235421E3E7807813F04EF99AE7468877
:10326000304612F091F902460028EDD0237913B9C7
:103270000123C3728EE70023FBE700BFA0000020FC
:10328000CCEA0101FDEA01012DE9F04786B0814653
:103290000E46174613F04CFB002871D00468D4F892
:1032A0004431002B6ED00021204611F0F9F9D4F8FA
:1032B0004431804616B11A567E2A07D0002F53D0CB
:1032C00003EB080292F904207E2A4DD1204612F029
:1032D0006CFF00283AD0D4F844311A7C66F300021F
:1032E0001A74D4F844311A7C67F341021A74D4F882
:1032F0004421012303FA08F3D375D4F8443100259F
:103300001D7641462046D4F844A114F0CFFC8AF83B
:103310001900204615F0AAFE1B4B0093CDE9026769
:10332000CDF80490012302225421EC2001F09AFAF6
:1033300045B1164B0093019501230022FD21EC209D
:1033400001F090FA284606B0BDE8F08705AB0422EC
:1033500007212046ADF814908DF816608DF817708F
:103360000CF01CF90546D7E71A7C66F300021A74C4
:10337000D4F844311A7C67F341021A740025CBE774
:103380000225C9E71A25C7E7DB3A020116540201F4
:1033900070B586B006460D4613F0F6F8782015F0A5
:1033A00051FE044600286FD07822002115F05EF807
:1033B0003146282204F1500014F03CFA236EA66E28
:1033C000646103F59C72636E03F59C7340F2712196
:1033D0005B00B3FBF1F36362E36D5B0A0036E3610C
:1033E0004FEA4202B2FBF1F2226218BF012613F04B
:1033F00051FD94F85030CDE90360002B3AD194F898
:103400005130CDE90143214B009302231A467E211E
:10341000EC2001F027FA94F85030012B09D17820E4
:1034200015F010FE064620B17822002115F01EF896
:103430002661637843F008036370236C03F0F8039C
:1034400043F4802323640023C4E902336364236FBD
:103450001B7A042B03D04BB994F8503033B90C4B82
:103460001A6892F84232013382F842322C6000200E
:1034700006B070BD94F85130CDE90143054B00937F
:1034800002231A467F21C3E70720F1E7E4C50101C3
:103490009401002022C6010170B53F4C4FF419720F
:1034A0000021206814F0E2FF2368002203F5C071B8
:1034B000C3F88021C3F884110C26154606FB02F1DF
:1034C00023685D502368D3F884010B4401325860AF
:1034D00003602368202A1944C3F88411EED103F550
:1034E000C47103F5F8700022C1E900210831884257
:1034F000FAD103F50371C3F8101203F50871C3F88C
:10350000241203F50571C3F8181203F50A71C3E913
:103510007C20C3F80C22C3F82022C3F81422C3F87D
:10352000282283F84022C3F82C1213F0A3FD23684D
:10353000C0F307104FF49662B2FBF0F2A832A3F882
:1035400038224FF4C872B2FBF0F2A3F830224FF4E5
:10355000A072B2FBF0F2A3F83422A3F83C224FF49D
:10356000F062B2FBF0F2A832A3F83A224FF4826282
:10357000B2FBF0F2A3F832224FF45272B2FBF0F237
:10358000A3F836224FF47A72B2FBF0F00122A3F8CE
:103590003E0283F84C2270BD9401002030B5C16D0D
:1035A0004B78042B89B004460FD101F5C0710CF0A3
:1035B000C0F92046FDF7C2FC2046FAF719F90022AF
:1035C00011462046F5F7A2FE41E0012B04D101F59A
:1035D000C0710CF0AEF9EFE7022B47D191F826301D
:1035E000132B41D8896AD94001F0010141F08001D3
:1035F00002F0EAF9E56D102205F5D87105F5D070F5
:1036000014F00AF958BB05F5C07120460CF091F989
:10361000E36D93F82630122B1BD82021684607F063
:103620009FFEE56D6B4603CB05F5C072C5F88001C2
:10363000516003CB9060D160E26D92F82630013387
:1036400082F82630E36D01229A700523A37009B039
:1036500030BD2046FAF7CCF8E26D6F32B0E70421B6
:10366000204606F01BFEF2E70121FAE7032BEED11C
:1036700001F5C0710CF05DF92046FAF7B9F8E36D79
:1036800093F8E51019B1054A1268916840319A78AB
:10369000002A96D003F16F0293E700BFA401002037
:1036A0002DE9F04190F857300446B3B13A4DC66D5C
:1036B000D5F8008098F8043033B94022374906F134
:1036C000EB0014F0A9F840B104F11207EB36202208
:1036D0003146384614F0A0F828B90A212046BDE842
:1036E000F04106F0DBBD98F80310304615F094FC6D
:1036F0000328F2D008B10821F0E72B6883F82800EE
:10370000E27852BBE16D4A78022A12D11B78022B73
:1037100004D12046BDE8F0410EF008BC042B03D1D3
:1037200091F8E430022BF4D12046BDE8F04113F0CB
:1037300048BA032A0DD15B7923B12046BDE8F04198
:1037400013F02EBA204601F5E071BDE8F0410CF00F
:10375000F0B80523A370BDE8F081394620460EF08D
:1037600025FDE36D5B78012B01D0042B0BD12046A6
:10377000002102F029F9E16D204601F5B871BDE89C
:10378000F0410BF071B9032BE3D12B685B79002B6F
:10379000D3D10623DEE700BFA4010020302F0201B1
:1037A00038B590F84730012B1EBF426940F27123B3
:1037B0005343D0F87C2108BF00230446C0F83031C1
:1037C000002A3DD142F21073C4F83431314A00214D
:1037D000204605F09BFFD4F87C315BB394F8193197
:1037E00043BBD4F82051D4F8383194F82320D4F8CE
:1037F0003011E818002A41D0A1F5A5731B1A5B0807
:1038000003F5A57301FB02521A440344CB1AC4F812
:103810004C31C4F8482101211F4A204605F076FFAB
:10382000D4E95A1015F02EFCD4F87C3113B194F879
:1038300019312BB3D4F86801BDE83840FEF72CBA33
:1038400090F81921002ABDD194F82310D0F8202136
:10385000D0F8380179B102449B1AA3F5A5735B082F
:10386000B3FBF1F342F210729342D4BFC4F8343187
:10387000C4F83421AAE742F21073F3E71346BFE716
:10388000D4E95A0115F000FCD4F86C01FEF704FAF3
:10389000D0E700BFE166000191E1000170B5046866
:1038A0000CF058FFA36F002543F4C073A3672946AB
:1038B0002046C4F89850A57510F04AF92E4B218E79
:1038C0001A6861F30F021A601A68618E61F31F4271
:1038D0001A602A4A136843F001031360284B94F8D6
:1038E00034101A6861F30F221A60B4F835101A68A0
:1038F00061F31F421A60A17E607E06F043FA214BFD
:10390000022158690FF050F814F0F4FF1E4B0268C2
:1039100019881E4B521A1E6892B262F30F061E607F
:103920001B4A43685B1A11689BB263F30F01116075
:10393000204609F023FA607E0FF014F8A17E0120E2
:1039400013F061F9617E022013F05DF929462046EB
:103950000FF06BFCD4F844314BB118567E2806D0DA
:103960000CF0D6FA94F92C00AFF3008070BD094B2F
:1039700093F90100F4E700BF6034014130340141A4
:103980005C34014198330120AC01002048340141EE
:1039900050340141B60100200000000025870201DB
:1039A00001000000258702010200000025870201B6
:1039B00005000000356E010106000000356E0101B2
:1039C000070000002587020108000000258702018A
:1039D000130000002587020109000000258702016D
:1039E0000A000000458702010B0000003587020134
:1039F0000C000000258702010D0000002587020150
:103A00000E000000356E01010F000000356E01014F
:103A100010000000658702011100000025870201E7
:103A20002000000025870201120000002587020106
:103A300014000000258702011500000075870201AF
:103A4000160000006587020117000000858702014B
:103A50001800000085870201190000008587020117
:103A60001A000000658702011B0000007587020133
:103A70001C000000258702011F000000558702017D
:103A80001D000000258702011E000000258702019D
:103A90002DE9F74F2F4F304C3E78DFF8E490B51EFC
:103AA000EDB205F102084FEA081CCDE90023ACF1A4
:103AB0002003234483468A460FCB04EB0C0E8EE88A
:103AC0000F000CF1100EACF1100CA4449CE80F0098
:103AD000A6448EE80F00B11C204815F0B7FA3B78D9
:103AE00048460222023300F8012B414604EB05153B
:103AF0003B7015F0ABFA09F1030042F6042115F012
:103B0000A5FA174A174BAB60174BEB60C5E90029C4
:103B1000164D5946284615F099FA5146A81C15F03D
:103B200095FA0099281D15F091FA013E0199A81DFA
:103B300015F08CFAF6B20E4B3A7804EB0614C4E991
:103B400000350C4BA3600C4BE3600C4BDA8103B0E7
:103B5000BDE8F08F1A360120902E0120EC340120B0
:103B6000BA900201C286020105000001B8340120AA
:103B70003EFA0101AA90020108000001143401205C
:103B8000FA3401202DE9F04194B080460E4612F03F
:103B9000CFFE002868D00568D5F84431741EE7B21E
:103BA000002B63D03B4493F904207E2A3ED1284663
:103BB00012F0FBFA70B3D5F844311A7C42F00402DB
:103BC0001A74D5F844210123A340D375D5F84431A4
:103BD00000241C7639462846D5F8446114F066F86E
:103BE0007076284615F040FA214B009302220123FB
:103BF0005321EC2000F036FE44B11E4B009301949B
:103C000001230022FD21EC2000F02CFE204614B000
:103C1000BDE8F08102AB032206212846ADF80880FA
:103C20008DF80A600BF0BAFC0446DDE7002441F28F
:103C30002102ADF808208DF80C402A88ADF80E203E
:103C400002228DF810208DF8116093F904208DF870
:103C500012201B7B8DF81440C3F3010302A88DF8DA
:103C6000133010F051FDBFE70224BDE71A24BBE773
:103C7000A27802011654020130B5044685B00D4603
:103C8000B1BB90F8E2300193354B0093EC20012357
:103C90000222132100F0E6FD94F8E230D4F8B401DA
:103CA000032B18BF84F8E250002584F8E35018B1C4
:103CB00010F05AFCC4F8B451208812F039FE94F880
:103CC000E630032B05462CD194F8E7102046EFF799
:103CD00003FE30B3002384F8E630D4F8A83133B3C0
:103CE00003AB04221F49039503200AF061FB1CE08B
:103CF0000129E1D190F8E43001931B4B0093EC20B3
:103D00000B460222132100F0ADFDD4F8B8010025C6
:103D1000A4F8E4500028CFD010F026FCC4F8B85125
:103D2000CAE794F8E630002BD7D005B030BD94F840
:103D30006E309B07F9D594F8E350002DF5D1122190
:103D4000204613F05FFA0028EFD094F86E3065F348
:103D5000410384F86E30042384F8E230E5E700BFC5
:103D6000800F020107060101A60F0201F0B585B020
:103D700013780193364B009305460423EE200F463B
:103D800016465021022200F06DFD284611F0FCFB82
:103D9000044658B92F4B0093024601950423522143
:103DA000EE2000F05FFD002005B0F0BD03A902A8E1
:103DB000039614F01AFE03A90DF1090014F015FE84
:103DC00003A90DF10A0014F0B9F8BDF80A203B1F51
:103DD0009A4213D0062015F035F9014638B1072371
:103DE0000370002345808380062015F03EF80023F1
:103DF0001A461946284606F0A1F8D4E79DF809307E
:103E0000A3719DF80830013BDAB2192A14D90620B3
:103E100015F018F9014638B10723037000234580D7
:103E20008380062015F021F800231A4619462846FB
:103E300006F084F80120B7E7074A52F8233023B18F
:103E40003246394628469847F4E71846ACE700BFA3
:103E5000A6320201BD32020100DE010110B588B0B8
:103E60000023052904468DF8033045D1013202A90B
:103E700001A8029214F062F80DF1060002A914F0F4
:103E80005DF820460EF04CF9002838D104AA03A9A9
:103E9000BDF8040010F02CFF00284BD0049B5B6899
:103EA000D3E90112107814F08DFC039A0346D27BFB
:103EB0002088012104F004F980B200BB0399BDF809
:103EC00006208B681B88934236D38B7B13F0020F3E
:103ED00028D02388ADF81830BDF804300591ADF82E
:103EE0001A300DF103010C2305A8ADF81C208DF844
:103EF0001E3009F0EDFF02E0ADF8043004209DF81B
:103F000003306BB9D0B9039BBDF806109A685868A6
:103F10001288521A0D23014492B220460BF02AFA5D
:103F200008B010BD9B06EAD5BDF80420204611F06C
:103F300041FBE4E70120E2E70720E0E7C3B2BDF878
:103F400004200C21204605F045FBE9E72DE9F0416E
:103F500006460F4600200C2112F000FED6E96D3413
:103F600096F8E4200546112A18BF1C46002839D0CF
:103F70000023F90703733DD56288082A9ABF02F12E
:103F8000FF33DBB208232373B6F8A830E381228223
:103F90006368C4F81230BA0704D594F82010638B14
:103FA00011BB2382237B6B73E389EB81238A2B82F2
:103FB000638A6B82A38AAB8214F0E0F9074600287B
:103FC00037D000234FF001080C34C371014680F84C
:103FD0000580C460304614F0CBFF3046294604F01B
:103FE00093FF4046BDE8F081B3FBF1F201FB1232D2
:103FF0009B1AD6E7628B082A9ABF02F1FF33DBB225
:10400000082323737B0711D5A18C4FF6FF739942C8
:1040100006D10123E381E3692282C4F81230C1E7AB
:10402000B6F8A830002B08BF0B46F3E7B6F8A83067
:10403000F0E7284614F037FF3846D3E730B5038859
:10404000132BC3B0044620D041F20A0293422CD075
:10405000052B45D10579002D42D1C08810F090FE86
:1040600058B12F4BC5701A681378013BDBB213703F
:104070001BB11821B1FBF3F35370E08811F080FEFF
:1040800008282DD010F094FE2AE0C08810F078FEA9
:1040900030B3227A83789B1A214ADBB2126883708C
:1040A00052789A421CD843B030BD0379C3B91C4A38
:1040B000126802F16F0100BF11F8230040BB02EB50
:1040C0008303E188A3F86C104FF48071A3F86E109D
:1040D00013780133DBB213701821B1FBF3F3537083
:1040E0002188104A002300BF32F82300884213D1F0
:1040F00002EB8303211D9B788DF80430442202A833
:1041000013F098FB064B1B6801A85B689847CAE749
:104110000133082BD0D1E3E70133202BE4D1C2E7F0
:104120007835012010BC01017FB5304A30480023AA
:104130001446C158D1500433102BFAD12D4B1A8894
:1041400042F001021A801A8842F004021A801A888A
:1041500042F002021A801A8842F008021A801A6895
:10416000D007FCD41A685107F9D41A689207F6D41C
:104170001A68C2F3C002002AF1D11F4D1F482B68F4
:10418000ADF800300368C3F30F43ADF802301C4BA9
:104190001968ADF804101B490E68ADF806601B687D
:1041A000C3F30F43ADF808302B68ADF80A3003684D
:1041B000ADF80C300B68ADF80E30694613460A4670
:1041C0000878E55C01332843102B01F8010BF7D187
:1041D0000D4B0E4CB3F8A0156FF30001A3F8A0151A
:1041E0000FCA84E80F0004B070BD00BF3C3401204A
:1041F000203A0120143E0141043E0141003E0141AC
:10420000083E01410C3E0141002401418029014149
:10421000F7B5064648B9324B0093052302461946C6
:10422000EF2000F01FFB03B0F0BD12F0ADF913F06A
:10423000A3F9337A9B0605463AD512F011FA347A7F
:10424000284B6FF34514347214F0070418BF01248F
:10425000194653F8242096420ED1234A1278A242DE
:10426000326819D1736841F824201F1A44BF03F142
:1042700080531F1A012F0CD81C4B53F834201946B9
:104280006AB91B4B009311460523EF2000F0EAFAB0
:104290000EE005F0E3FEEFE743F82420ECE7B2423E
:1042A00013D1326843F8342012B903EBC4046460BC
:1042B000284603B0BDE8F04012F0AEB91A4623B963
:1042C0000C4B009301210523DFE71368B342F5D1BE
:1042D00033681360002BEBD101EBC4046260E7E7A5
:1042E00004830201D0340120233601204C34012004
:1042F0007B2102019321020173B503790193354DAE
:10430000354B0093022201230F210446EC2000F0DC
:10431000A9FA2868F021043014F0BCFC064614F019
:10432000C1FA002849D11EB196F8F830002B44D1CB
:104330002388203B9BB244F6E072934248D86388BE
:10434000203B9BB2934243D8637B002B40D028682C
:10435000F021043014F09EFC237980F847300123CB
:1043600080F82230617B017663884361A37B80F80B
:10437000213063794376A379837654F8073FC0F8F8
:104380001B30A388A0F81F30002380F8943000BFB2
:1043900021FA03F2D20748BF90F8942003F10103F9
:1043A00044BF013280F89420032BF1D1012014F096
:1043B00061FA0024204602B070BD0C24074B009324
:1043C000019401230022FF21EC2000F04BFAF1E7D9
:1043D0001124F3E7EC0000205E6102017661020126
:1043E000F7B513780193354B009307460423EE206D
:1043F0000E4615469021022200F034FA384610F09D
:104400000FFE044658B92E4B009302460197042331
:104410009121EE2000F026FA002003B0F0BD838841
:10442000B342F9D329780D2929D02CD8062907D0F1
:104430001CD8032923D00DD8012920D002290DD161
:10444000204B1B685B681BB12A46314620469847C3
:104450000120E2E70429F3D0052910D011F0400231
:10446000F6D10623204605F0B5F8F1E7092906D074
:1044700003D8072903D00829E1E70B29E0D1114B24
:104480001B689B68DFE71729F9D00AD81229D7D013
:1044900003D81029D4D01129DFE71329EFD016292A
:1044A000CDE71B29EBD003D81829C9D01929D4E7A7
:1044B0001E29C5D05229C3D01D29CEE730310201B3
:1044C00048310201A801002084B070B504AC84E832
:1044D0000F00012012F06AF84FF6FF710446012028
:1044E0000EF020F844F4007189B2012012F070F847
:1044F000049B2C4C002B48D02268137813F0030344
:1045000008D153702268937022681178938063F306
:104510008201117023681A786FF345121A70224BCA
:1045200000211970214B1A88022666F383021A8033
:1045300003F5AC6303201A6860F313421A601A682B
:1045400060F317521A60A3F5BE631A6861F30002A4
:104550001A600FF01AFB069D13F02AF823681A78E8
:1045600066F301021A702268079B6D0A40F27121FE
:104570002846B3FBF1F3D38502F076FA2368DB8D8E
:1045800053B1A81902F0D2FA06E023681A78586BE2
:104590009306F7D402F068FABDE87040002004B03A
:1045A000704700BF3802002057020020C03401418C
:1045B0002DE9F0411C4693054BD53149314A0B7822
:1045C000314E83F00107002B56D1304D2B68107807
:1045D0005FFA83FE33689A7803EB020898F806C006
:1045E000864598BF0CF1010C88F806C002F1010C59
:1045F0009C44D5F800809CF806E0C8F307284045A5
:1046000028BF0EF1010E8CF806E002F1020C9C446A
:10461000D5F800809CF806E0C8F30748404528BF5D
:104620000EF1010E03328CF806E013442D689A79DE
:104630002D0E85428CBF1046501C987132680F7049
:10464000937813490433937000231A46184609F0EF
:10465000AFFE14F0300F11D00B4B1B681B7803F02A
:104660000303022B0AD100231A464FF48431184663
:10467000BDE8F04109F09CBE064DA7E7BDE8F0811A
:10468000570200200402002038020020583C01415B
:10469000010801005C3C0141F8B5CB68477E1E78FB
:1046A0005D78002102460EF0C0FD022E0446D37D47
:1046B0002AD0042E2CD0012E04D1012B4FF0110151
:1046C0002DD15176022D2ED0042D30D0012D39D18F
:1046D000012B4FF0110134D19176212F537E43D11C
:1046E000212B31D0D2F88000D2F884106FF4C67537
:1046F0004FF49C73284403FB0101B1FBF3F003FB6F
:104700001013C2E920301FE0012B4FF01201D7E750
:10471000012B01D12121D4E7D17E11B9232191763A
:10472000D0E72221FBE7012B4FF01201D3E7012B49
:1047300006D1D37E13B923239376CEE72223FBE75A
:1047400021215176012BC8D0D2F844515DB100210E
:1047500010460EF06AFD2B572B54D2F84431184402
:1047600023441B7A0372F8BD212BEDD1D2F88000CF
:10477000D2F8841003F2171300F28D10BBE77047D4
:1047800030B52F4C236885B02546002B4FD02D49DE
:104790002D4C012013F006FA2B682C4A1A602C4B82
:1047A00018689A889B798DF806302A4BADF804205A
:1047B000294A1A6000254FF6FF53009002A8ADF871
:1047C0000830CDF80A50ADF80E5014F031FC2368D3
:1047D0001D7023684FF461721A636946072010F058
:1047E0006FFA2068213014F0EAFB206890F821303D
:1047F00013B122300FF0AAFA012126200EF058FA48
:10480000012129200EF054FA0120144A062113F048
:1048100005FA2168D1F8EC3103F0F802104B13438C
:10482000C1F8EC31FFF780FC002005B030BD30202E
:1048300014F008FC20600028A9D10220F5E700BF91
:1048400070350120898102019C0000208C23020127
:10485000308F0201A400002031550201CD44020135
:10486000010602002DE9F041334D1E462B68A2B02F
:1048700004460F469046002B58D014F0D5F9002876
:1048800054D114F095F9002850D1F20703D52B4BE1
:104890001B68DB070BD4B00703D5284B1B689907AF
:1048A00005D4720742D5254B1B685B073ED5244BC8
:1048B0008DF800801B788DF801408DF80270002B78
:1048C00037D1C4F1EF041F4F04EB8404274438466A
:1048D00013F0D0FA39460646C4B2024602A812F0D6
:1048E000A9FF22AB1E4401343A2306F8803CE4B20F
:1048F00002AB181929AB289A0193C4F17E01F8F78D
:10490000FDFC54FA80F0C0B222AB03440D2203F840
:10491000802C431C22AA52FA83F302300A2203F8A5
:10492000802CC1B22B6802AA6846984722B0BDE825
:10493000F08102A80024DDE7AC350120B03501206C
:104940001F360120B48202012DE9F0412E4D2C6862
:1049500080460027002C35D12C4B2D4D70221A801B
:104960002C4B1B221A802C4B02F22D121A802B4B3F
:104970004FF001121A604FF448625C601A812B7884
:104980001BB12748FFF744FC2C70B8F1010F16D17A
:10499000244CE06800250FF0E7FD2069E5600FF08A
:1049A000E3FD606925610FF0DFFD65611E4C206845
:1049B0000FF0DAFD606925600FF0D6FD656100201B
:1049C000BDE8F081A268137A043B012B17D8166862
:1049D000F06808B112F0E8FF0021304611F00BFC3E
:1049E0000121304611F007FCA06804F041FE308838
:1049F0000FF0E0FAA0680DF075FA1FB92C68274691
:104A00002468A7E73C46FAE79C01002080010020CB
:104A10002636012014360120163601205C010020C4
:104A200068010020983301203C0100201FB5044696
:104A300012F030FA94F85030012B23780194CDE92C
:104A400002302DD12E4B009302231A468521EC20F3
:104A5000FFF708FFA3785B0707D52A4B00930223D3
:104A60001A468521EC20FFF7FDFE0DF09FFD23780F
:104A7000012B33D194F85030012B234B05BF1A681A
:104A800094F851301B68313314BFD3F8F00152F859
:104A9000330070B9002411F0AFF9204604B010BD06
:104AA0001A4B009302231A468621EC20FFF7DAFE08
:104AB000DBE78268036894420ED1204604F0BEFE14
:104AC000204607F0F3FF20460AF0D8FA63786FF328
:104AD000000363700124DEE71846DAE7023B012B8E
:104AE00009D8A378012243F02003A3701146204681
:104AF0000CF008F9CEE704F13800FFF789FBDFE797
:104B000034CA010162CA0101940100207ACA01017C
:104B1000F0B5324C324D246814F0040F5AD00028FE
:104B20004ED12D6895F84C62002E48D02D4C2E4F5A
:104B30002468641A611E21F07041B9423FD84FF0D9
:104B4000884C40F27121DCF8407061436FF41C74B2
:104B5000214407F4405740F60754B7F5005F0CBFF7
:104B600027464FF412674908204CB4FBF2F43C444A
:104B7000A14224D9091BDCF8404004F44054B4F5A8
:104B8000005F09D195F8424234B14EF28F24A14220
:104B900015D9A1F5624190394FF47A77B1FBF7F05E
:104BA00007FB101102FB00F44A43B4FBF7F40F4972
:104BB000B2FBF1F214441C44C5F854423046F0BD37
:104BC0002A680B48D2F85442E41A84428CBF002071
:104BD0000120F4E72B6893F84C02F0E7203E0141F6
:104BE00094010020343E0141FEFFFF0740420F00C8
:104BF000FEFFFF7F73B505680646012128460EF0CB
:104C000014FBD5F84421104490F904307E2B39D0A0
:104C100095F82C10D2F822205B1A117AC1F3C1004A
:104C2000DBB2032842D8DFE800F02F023902D47843
:104C30009C423DD214789C4294BF022401248442B9
:104C400028D0C1F34100A042908800D0B0BBD288E8
:104C5000B5F85C100244C9430A44120412D58DF819
:104C6000043006226B461B49009601208DF8054052
:104C700009F09EFBD5F84431D3F822301A7A64F358
:104C8000C4021A7202B070BD1078984212D990789E
:104C9000984209D9B5F85C30D380F3E7D0789842D0
:104CA0000AD250789842F5D30124CAE70446C6E7F1
:104CB0000024C4E70224C4E70024C2E764F34201ED
:104CC0001172D5F84431B5F85C20D3F82230DA807F
:104CD000D8E700BF06060101F8B5364B04685B69EA
:104CE00018785F7894F86C30E7771646C21062F354
:104CF0008203C0F3800200F0030562F3C3030011D6
:104D000060F30413A57784F86C3029B9DBB261F342
:104D1000410384F86C300CE094F86C30C3F38011DC
:104D200091422ED043F0020384F86C3020460EF0FE
:104D300099FE94F86C306FF3000384F86C30AEB1D8
:104D400094F8C83113B11C4B1B787BB994F86C30C4
:104D5000C3F38002B2EBD31F08D1627F012A05D0D2
:104D6000E27F8AB943F0010384F86C30617EE07F12
:104D70000EF05EF9D4F898301844C4F8980000207A
:104D80000BE06FF34103C4E7204610F05DFD28B14E
:104D9000A36F43F01003A3670120F8BD94F82830F7
:104DA00023B9032D1CBF012384F8283094F86C30FC
:104DB000D8E700BF983301204402002070B50546B3
:104DC0000E460020182111F0C9FE0446002845D0E7
:104DD0000F2E067343D1D5F8B4311A88A0F80D20F0
:104DE0005A88A0F80F209A88A0F81120DB88A0F834
:104DF0001330B5F8A8304FF6FF72002B08BF1346EA
:104E000003834FF0FF33C0F81A30C0F81E3080F82B
:104E1000223080F82330B4F80D20B4F80F309A42D5
:104E200008BF0023637513F08FFFA98FB5F85030CA
:104E3000B5F85C200131052813FB01F38BBF03EBB0
:104E4000C30303EB430302EB430302EB83039BB275
:104E50002846E382214604F057F8012070BD102E49
:104E6000D9D1D5F8B8311A8BA0F80D205A8BA0F8FB
:104E70000F209A8BA0F81120DA8BA0F81320B5F838
:104E8000A82002B99A8C2283DA8C62831A8DA283BD
:104E90005A8DE2839A8D2284DB8D6384BBE7704751
:104EA000072865D870B50D4684B204F50056304623
:104EB000EDF710FF00285DD03046EDF72EFF08B962
:104EC000012058E0344608342046EDF703FFC8B10E
:104ED0002046EDF722FF08B901204CE0264C0FCC0C
:104EE000C5F81700C5F81B10C5F81F20C5F82330FA
:104EF0002068C5F82700A288A379A5F82B2085F89B
:104F00002D300CE00022C5F81720C5F81B20C5F88D
:104F10001F20C5F82320C5F82720C5F82A20174CE4
:104F200026460FCE28606960AA60EB603068286171
:104F3000B288B379AA82AB75234653F8170F596824
:104F40009E68DC68C5F82E00C5F83210C5F83660DA
:104F5000C5F83A4018695969C5F83E00C5F84210CD
:104F6000198B9B7EA5F8461085F84830002002E09A
:104F700003207047032070BDE83201203432012045
:104F800030B50B4689B00C680C2810D8DFE800F06B
:104F900007160F0F1A34386456525A0F60008A6889
:104FA0004968003218BF0122204607F0DDFA0021CF
:104FB000204609B0BDE8304002F0F4BB20460AF0BC
:104FC00049FBF4E7012194F8500010F0B5FF637835
:104FD000DB07ECD5A06828B1837843F00803837021
:104FE00004F02CFC204611F091FC94F850000022B3
:104FF000214613F0F0FFDAE720460CF007FFD6E772
:105000002278032AD3D14D6894F850004FF4001150
:1050100010F092FF236F8DF81450CDE9033408ABE4
:1050200013E903008DE8030003AB0ECB656F02208C
:10503000A847BCE72046F8F71BFFB8E78A6818794D
:105040002146D6E7002249682046F7F7EDFDAEE796
:1050500003200CF043FAAAE7204611F033FCA6E740
:10506000364BD3F8602F10F0010114BF42F001025B
:1050700061F30002C3F8602F304BD3F8602F10F0BB
:10508000020114BF42F0020261F34102C3F8602F33
:105090002A4BD3F8602F10F0040114BF42F0040231
:1050A00061F38202C3F8602F244BD3F8602F10F015
:1050B000080114BF42F0080261F3C302C3F8602F75
:1050C0001E4BD3F8602F10F0100114BF42F01002F5
:1050D00061F30412C3F8602F184BD3F8602F10F05F
:1050E000200114BF42F0200261F34512C3F8602F83
:1050F000124BD3F8602F10F0400114BF42F0400271
:1051000061F38612C3F8602F0C4BD3F8602F10F0B8
:10511000800114BF42F0800261F3C712C3F8602F10
:10512000064BD3F8602F10F4807014BF42F48072E5
:1051300060F30822C3F8602F704700BF00240141CC
:1051400070B58378052B044668D1C36D0122DA70EF
:10515000C678C36D90F857500A68BEB98DB103F593
:10516000F070C3F8E0214B6843608B688360CB68C4
:10517000C360E16D204601F5E071BDE870400AF0C2
:10518000D8BB03F5B870C3F87021ECE725B3C3F8BA
:10519000A02103F5D0754B686B608B68AB60CB6862
:1051A000EB60C26D136823F07F4323F0FF03B3F578
:1051B000813F33D192F82630916AD94001F0010144
:1051C00041F0800100F000FCE16D204601F5B8716E
:1051D000BDE8704009F048BCC3F8B02103F5D870B1
:1051E0004B6843608B688360CB68C360E16D4B782C
:1051F000012B04D0023B012B10D88B7873B16F3197
:105200002046FAF7D3FDE16D204601F5B87109F0AB
:105210002BFCE26D00239370E26DD37070BDFEE74E
:105220002DE9F843C6683378EF2B60D8457A3F2DD7
:105230005DD8077A1FB10321012010F08FF93246A3
:10524000294638460AF04EF9044600282AD1002F94
:105250002BD1002D30D1274B1870274B1A681378AB
:1052600023F0080319E000BF08FB01F3F05C12F023
:10527000BFF801289FBF3B7809FA00F01843387047
:105280000131CBB29D42EFD81A4B1B78002BE4D0F2
:10529000194B1A68137843F0080313700321002098
:1052A00010F05CF92046BDE8F88301464FF006088F
:1052B000104F4FF00109E4E70E4F01464FF006088A
:1052C0004FF0010908FB01F3F05C12F091F801289E
:1052D0009CBF3B7809FA00F001F1010198BF23EA75
:1052E0000000CBB298BF38709D42EBD8CCE70324C6
:1052F000D8E700BFE63401209C000020304B70B599
:1053000000251D702F4B80241C802F4B1D802F4BA0
:10531000302628464FF6FF711E800DF003F94FF638
:10532000FF7101200DF0FEF84FF6FF7102200DF025
:10533000F9F8274B03F5D952118864F30F01118056
:10534000918865F30F01918003F5D952118966F3B5
:105350000F01118103F5D9514FF6FF72088A62F3EC
:105360000F00088203F5D951888A62F30F00888202
:1053700003F5D95103F5D853088B62F30F00088366
:10538000998962F30F019981124B4FF48052C3F84F
:105390008420BFF34F8FBFF36F8F83F82C43C3F884
:1053A00084215A605200C3F88420BFF34F8FBFF3AB
:1053B0006F8F83F82D43C3F884215A6070BD00BFFE
:1053C000223601200E36012010360120123601202F
:1053D0000024014100E100E0F0B58DB006460792DF
:1053E0004B7906930B790593CB7804938B780393D1
:1053F0004B7802930B7801932B4B00930C460123BF
:1054000017462C210222EC20FFF72CFA00238DF8FE
:10541000273013F0D5FCF0B1244D2B689B6C9847D6
:1054200050B10C25224B0093019501230022FF214E
:10543000EC20FFF717FA34E02B68DB6C9847002864
:10544000EFD12B681B6D98470028EAD12B685B6D64
:1054500098470028E5D19DF8283006F0010666F34C
:1054600000038DF828302368CDF829300DF127018D
:10547000A388ADF82D300AA80BF018F905460028CE
:10548000D0D19DF8283066F300038DF828302368CA
:10549000CDF829303946A388ADF82D300AA803F09D
:1054A00023FE28460DB0F0BDA03A020130010020D5
:1054B000CE7C02012DE9F04104460089884617465A
:1054C0000FF0AEFD064600284DD000233B7088F853
:1054D00000306389A3F11002072A04D82046BDE8F2
:1054E000F0410AF031BB013B0D2B06D821460AF0F2
:1054F00091FE01233B70BDE8F0814FF4827013F000
:10550000A1FD054600283CD00B230370238983802E
:105510006389C380237C0372A3894381E3898381E8
:10552000637C4372E2891AB161680E3012F082F92D
:105530000421284610F050FD23689B7BD90712D523
:10554000012388F80030237C522B18BFF374237C8E
:10555000122B0AD123689B7B9A0604D56389B382F8
:1055600063681B88F3820020C5E7162BFBD101235B
:105570003B7086F8383096F83930013386F8393088
:10558000F1E723689B7BDB07EDD58020B3E770470D
:105590002DE9F84300295ED00F4600242F4E304BF2
:1055A00000F1010EDFF8BCC006E00CF801809A6043
:1055B000621C0134974244D9726802F00702012A42
:1055C00018D09968DD684A1CD3F81080424528BF7E
:1055D0000022954236D010F80480756805F0070562
:1055E000012DE2D14D000CF81180691C00250CF84A
:1055F0000150DCE7D3F80880D96808F101021D6981
:10560000AA4228BF002291421CD01EF8145010F864
:10561000141041EA0521756805F00705012D05D034
:10562000C9B20CF808109A60621CC2E74FEA48053C
:105630005FFA81F90CF818900135090A0CF8051089
:10564000F1E7144612F036FA10B1044B01229A75B4
:105650002046BDE8F8830C46F4E700BF000C00408C
:10566000F4310120F02F012038B5C368DC68A36A4B
:10567000E169226A8A60E169516004F118015A689F
:105680008A4204BF226A5A600022A2621A68013A62
:105690001A60254B1B68002B3AD16369A168E26848
:1056A0008A60A1685160211D5A688A4204BFE2687D
:1056B0005A60002262611A68013A1A60E36A1B4864
:1056C000056801229A402A430260194A03EB8303CA
:1056D00002EB83035B68A3609868E06041609960B7
:1056E000E06A81000B189B00D5186561014452F8EF
:1056F00021100131D15010F0DFFA0E4B1B68E26A25
:10570000DB6A9A4283BF01200B4B1860002038BD32
:105710000A4B5A68E2619068206241609160A3621E
:105720001A6801321A60E8E7483501205035012037
:10573000F0300120343501206C350120D8330120B0
:1057400073B50023022904461546ADF8063054D13E
:105750000CF0E6FC002852D16D78012D4DD894F85C
:105760003B6094F838305EB9012B0ED129462046B3
:105770000FF0EEFA182384F83860E37402B070BDBD
:10578000204613BB2DB910F013FC20460BF088F80F
:10579000F4E710F0E1FA054678B90DF1060120466C
:1057A0000AF09AF8054640B9204608F0C5FB0546C0
:1057B000204610F0FDFB002DE7D0EBB2BDF806202F
:1057C0001821204603F006FFD8E735B910F0F0FBAA
:1057D000294620460FF0BCFAD0E710F0BDFA054686
:1057E00078B90DF1060120460AF076F8054640B971
:1057F000032384F838300121EBE70425DDE7122587
:10580000DBE7204602210FF0A3FA002384F83830AA
:10581000204610F0CDFBD0E7F0B585B013780193AA
:105820002F4B009306460423EE200F461546C02159
:105830000222FFF717F830460FF0DAFF044658B996
:10584000284B0093024601960423C621EE20FFF761
:1058500009F8012005B0F0BD03A90DF10B00039577
:1058600013F0C3F89DF80B30013BDAB20D2A04D9CE
:105870000821204604F012FDEBE71B4AD25CBA4235
:1058800001D00A21F5E7194A52F8233013B10399E0
:105890002046984794F85930002BDAD0E36D002B5E
:1058A000D7D093F8EA20002AD3D01B789342D0D1E6
:1058B000E37813B92046F6F7F5FFE36D5B7913B98A
:1058C000204602F04FFEE36D002583F8EA50E06DBC
:1058D00010B113F0B9FBE5650123A370B9E700BF70
:1058E000E3320201FA3202015A8A02015C400201EB
:1058F00073B5C588032D04460E4617D1837A0C2B49
:1059000005D003F0FD03082B01D080200CE02368B4
:105910000DF10700596811F06DFA0028F5D12368E0
:105920009DF807209B681A8002B070BD13F004F93F
:10593000854239D1A0880FF073FB054608B90020D5
:10594000F2E7A37A0C2B1BD1236880889A89511C1B
:10595000884234D2218999B1296C002931D0586804
:1059600011F068FF236821899B89AA885B1A01339B
:105970009A42E4D3286C13F067FB00202864D3E735
:105980004FF4827013F05EFB0028BED0A27AEA7456
:1059900085F83D2015220270A2888280042110F033
:1059A0001BFB01233370CAE7E58813F0CBF885426F
:1059B000ABD123685C6808F0FFFD6070BFE70B2087
:1059C000B2E70E20B0E7FEE72DE9F341044641209F
:1059D0000F4613F037FB054650B92F4B0093024694
:1059E0000423C821EE20FEF73DFF02B0BDE8F081A0
:1059F000064604F1120806F8017BE37800F121075E
:105A00006BBB20224146304611F014FFE16D20228D
:105A1000EB31384611F00EFFE06D412200F5B8730E
:105A2000294600F5C070F6F781FCE16D2022EB31CC
:105A3000304611F0FFFE20224146384611F0FAFEB2
:105A4000E06D412200F5D873294600F5E070F6F7C5
:105A50006DFC284602B0BDE8F04113F0F5BAE16DE7
:105A60002022EB31304611F0E5FE20224146384637
:105A700011F0E0FEE06D412200F5B873294600F513
:105A8000C070F6F753FC20224146304611F0D2FE9A
:105A9000E16D2022EB31D0E79083020190B484B015
:105AA00000AF0446084611461A462346FB710346DA
:105AB000BB710B467B7113467B80FB7903F18243FC
:105AC00003F5B0331B88FB81BA797B79D31A013394
:105AD000012202FA03F35A1E7B7902FA03F31BB286
:105AE000DB431AB2B7F90E3013401BB2FB817A8840
:105AF0007B7902FA03F31AB2B7F90E3013431BB2E3
:105B0000FB81FB7903F1824303F5B0331A46FB892D
:105B1000138000BF1037BD4690BC704780B485B07D
:105B200000AF0346FB710B46BB7113467B71FB79DB
:105B300003F1824303F5B0331B88FB81FA89B979FD
:105B40007B79CB1A0133012101FA03F3591E7B79CA
:105B500001FA03F31A407B7942FA03F3BB81BB8954
:105B600018461437BD465DF8047B70472DE9FF41A8
:105B70002C4E2D4C2D4B22680093336803922C4AF7
:105B800002930192002B38D0236833B94FF4487048
:105B900013F058FA2060002835D0264D2B68A8460F
:105BA00023B9102013F04EFA286060B333680293D3
:105BB0000021236803930DF1040C02AE6C460F46DE
:105BC000D8F800300B44C3E900730020BCF8002073
:105BD00082421CDC083110290CF1020C06F104068B
:105BE00004F10204ECD1144B1A46002142F8081FBC
:105BF000C3E90013DA60012006E0902013F022FAD6
:105C000030600028C0D1002004B0BDE8F0813568C4
:105C1000228800FB02520130576017605D682A60DD
:105C20005A60D3E79C350120943501200C002800F0
:105C30000C00140098350120DC0000202DE9F04113
:105C40008AB01D462F4B019007460093EC200E466C
:105C50009046012302224B21FEF704FE384610F045
:105C600067FE002848D00468204610F09EFAF8B17C
:105C700094F8ED30DB0741D53368C4F8FF30736822
:105C8000C4F80331A4F808812B68C4F8223104F564
:105C900091726B685360AB689360EB68D360204689
:105CA0000DF0D2FD60B3002420460AB0BDE8F081BB
:105CB000336828686968CDF80E307368CDF8123003
:105CC00006AB03C3A868E968ADF80C7003C31C22D7
:105CD000204603AB0521ADF8168009F05FFC0446B1
:105CE0000028E0D0084B0093019401230022FF21FB
:105CF000EC20FEF7B7FDD7E70224F3E71A24F1E71B
:105D00000724EFE7A0590201BC59020138B5D0F8C9
:105D1000A8410546002C32D0012380F8B031237908
:105D20000A2B0BD8DFE803F0062C30353C0A40463E
:105D30004D0A5200A368188804F020FA254B1B680E
:105D40000BB120469847244B1B680BB1204698475F
:105D500095F8B031012B0FD1D5F8A8311B68C5F8E3
:105D6000A8311BB905F5D473C5F8AC31A06813F0A0
:105D70006BF9204613F068F9002385F8B03138BD7F
:105D8000A068FCF733FDD9E7A368188805F046F84A
:105D9000D4E7A3689A885988188801F007F9CDE7F5
:105DA000A068F7F77FFBC9E7A36899781888FDF723
:105DB000E9FEC3E7A368DA7899781888FDF764FAF2
:105DC000BCE7A368187802F079FBB7E7A06801F098
:105DD00079FBB3E7F4000020F00000202DE9F04F3C
:105DE00000252F462C4600BF4FFA85F8984512DB58
:105DF0004FEA430909F1FF3A4FF000085FFA88F6CD
:105E000006EB030E4FFA8EFED64528DB484400F819
:105E1000014CBDE8F08F4FF0000C02EB0509E6469F
:105E200011F80CA019F8016944EA07240AFB06F6E8
:105E300016FA84F4A4B20CF1010CA64288BF0EF14C
:105E4000010E4FFA8CF6B0454FEA14275FFA8EFE2A
:105E5000E4B2E5DA44553C4601357746C4E70136FD
:105E60003D4676B2002700BF4FFA86FC634505DC4D
:105E700000F80E4008F101082C46BFE702EB0E0CBB
:105E8000C6F1000B44EA05251CF80BB011F806C05A
:105E90000BFB0CFC1CFA85F5ADB2AC4588BF013795
:105EA000ECB2FFB201362D0ADEE700BF2DE9F74361
:105EB0002A4BD3F8008018EA000F044638D1002896
:105EC00036D0083463071CBF24F007040834002CC4
:105ED0002ED0234B1E68A642994629D3214B1D681C
:105EE0006A68A24202D22A68002A34D11E4A126885
:105EF000AA421DD02A681F681A606B681B1B102BF2
:105F000007F1080704D9281943606C600BF028FAE0
:105F100016496A680868B61A864248EA02024FF0D3
:105F20000003C9F8006038BF0E606A602B6077B963
:105F30000F4B1B680BB1002098470E4B0093019448
:105F4000052300220221EF20FEF78CFC00273846B3
:105F500003B0BDE8F0832B461546C1E78435012028
:105F600088350120C0340120903501208C35012076
:105F7000CC000020047C02012DE9FF4705460E46B7
:105F8000144610F001FB0027294B98461A6892002E
:105F9000FCD428686968274BDFF8A0A0DFF8A09040
:105FA00003C3A868E96803C330687168DC3B03C3B6
:105FB000B068F16803C30CF0F9FAD8F8003043F088
:105FC0000063C8F800300FF017FF00BFD8F80030AA
:105FD0009B00FBD4DAF80030C3F3400353B9164AF0
:105FE00003CA2060616003CAE160E27BA06042B145
:105FF000184619E0B9F8003043F02003A9F8003042
:10600000D9E72FB110222146684611F005FC58B19E
:10601000206861686B4603C30137A068E168FFB27E
:10602000052F03C3B0D1012004B0BDE8F08700BF45
:1060300030340141DC340141203401418C340141D0
:10604000C434014173B50E4605682B4C0BF02AFB96
:1060500007F068F8294B1A886FF3CF321A80B5F829
:106060008C10687E0EF020FC2368062262F3134336
:106070002360236862F317532360214B1A687F2142
:1060800061F30F021A601A6861F31F421A6001A9D6
:10609000D5F8CC0011F076FE019A1A4B042EC2F30B
:1060A000472214D1202129751749088862F3070077
:1060B00008801A8842F001021A80236843F0100316
:1060C0002360236843F00203236002B070BD012106
:1060D00029750E49088862F307000880226842F09B
:1060E000020222601A8842F010021A801A8842F0D6
:1060F00001021A80E9E700BF203A01416C380141F2
:10610000103A0141283A0141083A0141003A01415F
:1061100010B586B00023032904468DF8013038D12C
:106120000DF10200511C12F085FD20460BF0F8FF26
:10613000002831D102AA01A9BDF802000EF0D8FD55
:1061400000283FD0029B5B68D3E90112107812F05F
:1061500039FB019A0346D27B2088012101F0B0FF70
:1061600080B2C8B901998B7B9A0723D52388ADF8F3
:106170001030BDF802300391ADF81230ADF81400C4
:106180000A230DF1010103A88DF8163007F0A0FED7
:1061900002E0ADF8023004209DF8013043B998B90F
:1061A00001998A68496812880B23204609F0E2F8B1
:1061B00006B010BD9B06EFD5BDF8022020460FF0BB
:1061C000F9F9E9E70120E7E7C3B2BDF802200A21A7
:1061D000204603F0FFF9EBE738B5214C214D21783B
:1061E0002846222300F8013B023112F02FFF42F62D
:1061F0008831E81C12F02AFF23781B4A1B4802EB67
:106200000311C1E900051A4888601A48C860591C82
:10621000C9B202EB011118480860184848601848D4
:1062200088601848C860991CC9B202EB011216496F
:106230001160164951601649164891601649D1609F
:106240000333027C1549DBB223709BB221F8223064
:1062500001EB8201022401324C800274C38138BDFB
:106260001A360120F0340120902E0120BA9002014C
:10627000126D0201050000015EDC01018033012086
:10628000A690020118000203B8900201083601200E
:10629000A49002011434012002002033743501203F
:1062A0002DE9F04385B00D689DF8003095F81A90FF
:1062B00069F300038DF800302B461446174653F857
:1062C0001B2FCDF801200E469B88ADF80530804687
:1062D000684603F04BFB3279224917F8023B8A5C8F
:1062E00062F3030343F02003237095F83420003257
:1062F00018BF0122DBB262F386132370DBB258B3FE
:1063000043F08003237095F822308DF80A3095F819
:1063100024308DF80B3095F838308DF80E30337905
:106320008DF808800C2B0ABFEB6B95F837301B8A71
:106330003A4608BFC3F38013314602A88DF80F30E8
:10634000F5F71AFDA378C3F30502337A134401333A
:10635000637005B0BDE8F083B9F1000FD0D169F3E7
:10636000C713CFE7E1E40101F7B52E4B01900446D6
:106370000F460093022201231121EC20FEF772FA4E
:1063800012F090FA00283ED11F2C47D834B1204695
:10639000FFF78CFD002843D00EF0E6F8224B18687A
:1063A000F021043012F076FC054654B32046FFF786
:1063B0007DFD0646D5F8AC0020B10EF0D5F80023DF
:1063C000C5F8AC3034B1C5F8AC6022463946304629
:1063D00011F030FA95F8FE30A5F8B040DB0744BF65
:1063E000012385F8FD3095F8F8301BB102212846CD
:1063F0000FF016FD012012F03DFA0024204603B0F4
:10640000F0BD2646D6E70C24084B009301940123E7
:106410000022FF21EC20FEF725FAEFE71224F3E734
:106420000724F1E77E7F0201EC0000207661020183
:10643000F7B52E4B019004460F460093022201232C
:106440001221EC20FEF70EFA12F02CFA00283ED1B1
:106450001F2C47D834B12046FFF728FD002843D031
:106460000EF082F8224B1868F021043012F012FC72
:10647000054654B32046FFF719FD0646D5F8BC0083
:1064800020B10EF071F80023C5F8BC3034B1C5F866
:10649000BC6022463946304611F0CCF995F8FE3002
:1064A000A5F8C0409B0744BF012385F8FD3095F84F
:1064B000F8301BB1022128460FF0B2FC012012F087
:1064C000D9F90024204603B0F0BD2646D6E70C24B7
:1064D000084B0093019401230022FF21EC20FEF7DA
:1064E000C1F9EFE71224F3E70724F1E75A79020133
:1064F000EC0000207661020173B54FF4DE710020DC
:1065000006F0ECF8054600284ED004684FF4DE7221
:106510000021204611F0AAFF04F1C803C4F8CC30D2
:1065200004F1D003C4F8D43004F5BA73C4F8783158
:1065300004F5BE73C4F8803104F5C273C4F8883121
:106540001B4BA5601A6800262660916861600C608C
:1065500094601A681378013313703146182204F5D9
:10656000C67011F083FF134BC4F898511822C4F879
:106570009431314604F5D27011F078FF0E4BC4F817
:10658000B051C4F8AC3101210DF1070004F0E8FE70
:106590009DF807102522B1FBF2F302FB131384F8D8
:1065A0005230064B6B602546284602B070BD00BFD6
:1065B000EC0000200001010001010300450E020172
:1065C0002DE9F8430446008912F028FD002855D033
:1065D00026893046D4E903790EF022FD8046002852
:1065E0004ED0FA2012F02EFD044600284AD012F0B8
:1065F000A3FA2080182060803B686360251D7B68BB
:106600006B60BB68AB60FB68EB60D9F8003063611E
:10661000D9F80430A3611D2384F8F830B8F80430A9
:10662000834223D8013B6380D8F840701FB912F031
:1066300009FD074600B330462146F8F747FA0646FB
:1066400080B93B4605F1180255F8041B43F8041BBA
:106650009542F9D1C8F84070204612F0F5FC30465A
:10666000BDE8F883384612F0EFFCF5E730462146E6
:10667000F8F72CFA0646EFE70226EDE70426EEE7E8
:106680000326ECE70226EAE7304BD3F8842F6FF3BA
:106690001F62C3F8842FD3F8882F6FF30702C3F863
:1066A000882FD3F8882F6FF30F22C3F8882FD3F8E1
:1066B000882F6FF31742C3F8882FD3F8882F6FF312
:1066C0001F62C3F8882FD3F88C2F6FF30702C3F82B
:1066D0008C2FD3F88C2F6FF30F22C3F88C2FD3F8A5
:1066E0008C2F6FF31742C3F88C2FD3F88C2F6FF3D6
:1066F0001F62C3F88C2FD3F8902F6FF30702C3F8F3
:10670000902FD3F8902F6FF30F22C3F8902FD3F868
:10671000902F6FF31742C3F8902FD3F8902F6FF399
:106720001F62C3F8902FD3F8942F6FF30702C3F8BA
:10673000942FD3F8942F6FF30F22C3F8942FD3F82C
:10674000942F6FF31742C3F8942F70470024014130
:1067500070B590F84740052C01D8032C18D1A9B981
:1067600000EB8200036F1FE000EB830200EB4301AC
:10677000126FB1F888401168013364F3DE311160A3
:10678000DBB290F894209A42EED870BD0023F8E76F
:1067900014F0FD0327D109BB00EB8200036F1A68D8
:1067A00061F3DE321A60C36F1A6861F3DE321A6079
:1067B000EBE71AB200EB820100EB42020C6FB2F879
:1067C0008860256866F3DE352560C96FB2F88E40B3
:1067D0000A68013364F3DE320A60DBB290F8942079
:1067E0009A42E6D8D1E7042CCFD10029B8D00023B3
:1067F0000DE000BF00EB830200EB4301126FB1F824
:1068000088401168013364F3DE311160DBB290F827
:1068100094209A42EED8B8E7F0B5D0E9037585B078
:1068200000890EF0E5FF0446002854D0C16D002910
:1068300051D090F85730002B4DD007B13DB92046CC
:10684000082103F02BFD0446204605B0F0BD2B685F
:10685000C1F86F306B68C1F87330AB68C1F877303E
:10686000EB68C1F87B30C36D01229A70412012F0B1
:10687000E9FB064688B3002300F8013BE16D2022C6
:10688000EB3110F0D7FFE16D2022EB3106F1210052
:1068900010F0D0FF4122314628466B46F5F746FD01
:1068A00010226946384610F0B7FF78B9E37853B93B
:1068B000E16D204601F5E07109F03BF804463046F1
:1068C00012F0C2FBC0E70623A370F7E704212046BD
:1068D00003F0E4FCF2E70124B6E70224B4E7FEE7A4
:1068E0002DE9F04104468846274B1D68274B1E685A
:1068F000274B1F68274B1A68002182F8511018682F
:10690000043010F092F848B9224B1A6822490B68FB
:10691000D06A0122824023EA02030B60B4F1FF3FF8
:106920000DD02C441B4B1B685C60A5421ED9194B33
:106930001968043138460DF07BFDBDE8F081B8F1EF
:10694000000FEED0154A5168124B18688160186824
:106950008C68C4601868043060601868043088600F
:106960001B685A61136801331360E6E7094B196825
:10697000043130460DF05CFD094B1B68A34284BF17
:10698000074B1C60D9E700BF68350120383501206E
:106990003C3501203435012050350120EC330120F5
:1069A00058350120002856D070B50446C26A2B49DC
:1069B0000968C96A8A4245D28169002905DB2749ED
:1069C0000968C96AC1F10501816102EB82022449AB
:1069D00001EB82026169914205D0204A1268D26AB5
:1069E000E262012036E0251D284610F01EF838B975
:1069F0001C490B68E06A0122824023EA02030B6013
:106A0000164B1B68DB6AE36216490E68012000FA28
:106A100003F232430A60124A03EB830302EB83035F
:106A20005B68A3609968E1604D609D60E56AA900BC
:106A30004B199B00D6186661294452F82110014475
:106A4000D15007E0054A1268406CD36A98422CBFC7
:106A50000020012070BD0020704700BF34350120A8
:106A6000F03001205035012070B52C4C226815788B
:106A700015F0040551D15178294B49001E68C9B25F
:106A800061F307061E6051781E6801314900C9B2E2
:106A900061F30F261E6051781E6802314900C9B2A9
:106AA00061F317461E6051781E6803314900C9B270
:106AB00061F31F661E605378043353702368821C91
:106AC00022F070425A63174A1188C0B260F307017E
:106AD0001180A2F5E472116865F34D31116012491D
:106AE0000A8842F001020A805A78272A0AD95D7082
:106AF0002368DA781979013A914202BF1A7842F094
:106B000004021A702368DA8D013ADA855A79013263
:106B10005A711A7842F020021A7070BD38020020B3
:106B2000503C0141003A0141243A014170B52C4CDE
:106B30002268157815F0040551D15178294B490088
:106B40001E68C9B261F307061E6051781E680131E4
:106B50004900C9B261F30F261E6051781E680231E8
:106B60004900C9B261F317461E6051781E680331AF
:106B70004900C9B261F31F661E6053780433537035
:106B80002368821C22F070425A63174A1188C0B2EF
:106B900060F307011180A2F5E872116865F34D31C9
:106BA000116012490A8842F001020A805A78272AA5
:106BB0000AD95D702368DA781979013A914202BFE7
:106BC0001A7842F004021A702368DA8D013ADA85E5
:106BD0005A7901325A711A786FF345121A7070BDE2
:106BE00038020020543C0141083A01412C3A01414D
:106BF00070B5D0F8AC301E7B182E044602D038D8C1
:106C0000012E38D8182EE56802D1B3F80F3093B3AF
:106C10006B7983B312F098F8A18FB4F85030B4F8C0
:106C20005C20052801FB03338CBF12210C2101FBE2
:106C30000323012EAB6030D0F6B1182E16D194F894
:106C4000E220D4F8AC1002F0EF02032A02D1D4F80B
:106C5000B4210AB9D4F8B8219BB29380A1F80F30BF
:106C6000D4F8442112B10733A2F8153000236B7118
:106C700001E0272E19D070BD94F8E220D4F8AC10B2
:106C8000112A01D0032A02D1D4F8B4210AB9D4F8C8
:106C9000B8219BB2D382CB82E8E7D4F8AC20D4F8F9
:106CA000B4119BB2CB805382E0E7C36F43F0010382
:106CB000C367E0E738B50468A36FD90505462BD54F
:106CC0001A0525D506F02EFA294BDA6A42F400326D
:106CD000DA62DA6A6FF35142DA62DA6C42F4003255
:106CE000DA64DA6C6FF35142DA64DA6C42F48022CF
:106CF000DA64DA6C6FF39242DA6494F96D30002B47
:106D00000BDB637D0133637520460EF031FA15E02D
:106D10000FF0D0FA0028D5D038BDA36F1B0605D5DB
:106D2000E37D012B1AD128460FF038FE0BF03EFC14
:106D3000A36F23F04003A3670FF05EF8E37D012B00
:106D400006D1237D13F0180F02D028460BF05AF914
:106D500028460021BDE83840ECF7F0BA0BF026FCDD
:106D6000A36F23F08073A3670FF046F8DEE700BF40
:106D700000240141434F4E4E3A41636C5478446FB6
:106D80006E653A48646C3D3078253034782C6C65FB
:106D90006E6774683D257800434F4E4E3A437472D7
:106DA0006C5064755263763A48646C3D3078253097
:106DB00034782C4F70436F64653D307825780043FC
:106DC0004F4E4E3A4C4C206465736320616C6C6F7F
:106DD00063206661696C3A2530327800434F4E4E2D
:106DE0003A446174615263763A48646C3D30782568
:106DF0003034782C6C656E6774683D256400434FB1
:106E00004E4E3A41434C206465736320616C6C6F55
:106E100063206661696C3A2530327800416E6368A0
:106E20006F72204D6F76653A48646C3D307825303E
:036E3000347800B3
:106E340030B503780E2BC3B0044622D00F2B3ED0BE
:106E4400062B1BD100250CE009238DF8083004EB38
:106E5400850302A8DB88ADF80A3009F099FD0135F5
:106E6400EDB22379AB42EFD80022043401920094AE
:106E7400222313214FF482700EF0C6FB012043B08D
:106E840030BD03798DF80A300025411D20220DF113
:106E94000B008DF8085010F0CBFC04F125012022E2
:106EA4000DF12B0010F0C4FC043402A80FF0FEFA1C
:106EB4000195009441232A4640F63E01DAE7012376
:106EC400411D20228DF8083003798DF80A300DF128
:106ED4000B0010F0ADFC02A80FF0E8FA0434002215
:106EE40001920094212340F63E11C3E703297FB5A4
:106EF400044615464CD10BF011F9002849D1E3782A
:106F04009A074DD413F0100F264B1B6805F10101AD
:106F14000DF10A0014BF1E8A5E8A11F089FEBDF8C5
:106F24000A30162B9CBF1723ADF80A30BDF80A307F
:106F3400B34228BF3346A380032012F044F8054629
:106F4400B0B100F11003032103A8039311F076FEFE
:106F5400314603A811F078FE042300932A46002347
:106F6400032120880DF01FFD10B1284612F058F8B7
:106F74004FF4827012F064F840B10E22027022883D
:106F84008280A288C28004210FF024F804B070BD6E
:106F94000420C3B200220221204602F019FBF5E7C7
:106FA4000620F6E7A8000020F0B587B02B4B01902F
:106FB400CDE9021207460093EC200E461546012344
:106FC40002225021FDF74CFC38460FF0AFFC00289C
:106FD4003DD0046894F8ED309A063AD520460FF077
:106FE400E2F8D8B10C20FEF75FFF94F8EE30C4F855
:106FF400B4011B07A4F8586104D440F648039D4229
:1070040028BF1D46FB23A4F85A510380204611F0E3
:10701400C8FA00B30024204607B0F0BD204604ABF4
:1070240006220321ADF81070ADF81260ADF81450CB
:1070340008F0B2FA04460028ECD0094B00930194FE
:1070440001230022FF21EC20FDF70AFCE3E70224E0
:10705400F3E71A24F1E70724EFE700BFCF4B02015F
:10706400625E020130B52C4D2B685A79013A5A718F
:107074009A78272A89B0294622D900249C702A6844
:1070840013790133DBB21371D2789A4218D80120F4
:1070940008F068FB2B681A781C7164F382021A707A
:1070A4002B681A7864F301021A702046F8F7C6FDBB
:1070B400234622461949012007F078F909B030BD6A
:1070C4000B681A7802F00702022AF7D1DA8D5AB156
:1070D40002AB14220021184611F0C6F900220092D6
:1070E4000FC8FDF7EFF9E9E759790029E6D118222D
:1070F40002A811F0B9F9012008F034FB9DF808301A
:1071040043F002038DF8083002A801238DF80A30F9
:10711400F8F794FDD2E700BF380200200007010110
:1071240030B50179274BE9B1012931D01A6842F011
:1071340080021A60244AD0F805101160407A516820
:1071440060F3040151601A6842F040021A601A6840
:107154005106FCD41A685200FCD51C4B1868C0F3C5
:10716400054030BD1A4A0588146865F30F0414609D
:107174001468458865F31F4414601A6861F34D323E
:107184001A60124A4489116864F30F011160CDE753
:10719400104A0488116864F31F41116051684488DF
:1071A40064F30F015160516841F4E02151601A68A1
:1071B40042F400521A60084A4489116864F31F417A
:1071C400E4E700BF5434014158340141B034014173
:1071D4006034014154360141BC3401412DE9F84386
:1071E400EFF311874FF0200484F31188BFF36F8FFE
:1071F400BFF34F8F856BC46BA54206D3022B04D01B
:10720400002087F31188BDE8F8831D4690460446A4
:1072140090F8456076B2D0F838901A4605F0E8FD4B
:10722400B6F1FF3F21D1A36C7BB1022D02D1B9F19C
:10723400000F24D1204608F02DFC10B3B8F1000F44
:1072440021D00120C8F80000DBE7636A0BB90120F4
:10725400D7E704F12400FEF705FAB0B1B8F1000F46
:1072640015D00120C8F80000CBE711F033FC8642AA
:107274000FD2013676B284F845600120C1E70120BF
:10728400BFE70120BDE70120BBE70120B9E70120EA
:10729400B7E70120B5E7FEE72DE9F041294E2A4C76
:1072A4004FF00108294F13E0226AFAB1616A236A98
:1072B40040469847A36A0133226B934228BF0023B8
:1072C40014E0A26AEDB2BD54A36294F83430FBB961
:1072D400337E13F0040F32D0B56AA36A0133226BF4
:1072E400934228BF0023E26A9A42DDD0E26A9A42BE
:1072F400EED0726802F00702012AE2D1A16A4A00C4
:10730400E8B207F811000132C5F30725BD54DBE7E5
:1073140010F0DAFB236A002BDAD0616A94F83C306F
:1073240033B1A36B9842D3D3236A00209847CFE7A5
:10733400A36B9842CCD1236A00209847C8E7BDE8E4
:10734400F08100BF000C0040F4310120702F0120B7
:1073540030B50378152BC3B0044623D1851D0379BA
:1073640040798DF80A3029460EF0E0FC63898DF8E7
:107374000B00D4F806000390ADF8103002A80D23DA
:107384008DF80830043409F003FB002201920094C4
:10739400082341F23E314FF482700EF035F901209A
:1073A40043B030BD1B2BFAD1407910F01FF80128EF
:1073B400134B05D801228240187820EA0200187085
:1073C400187840B90F4B1A68137823F00803137028
:1073D40003210EF0C1F8237A8DF80E3054F8042FEF
:1073E400CDF80A20122302A88DF8083009F0D0FA4B
:1073F4000022CDE90042062341F23E21CBE700BF43
:10740400E63401209C0000202DE9F04F047A14F0AA
:107414000704034618BF0124274850F83460844603
:107424007EB900EBC4051E6040F834306B6023481D
:1074340040F82430002A3CD00846BDE8F04F02F062
:107444000BBED3F804A04FF0000EAAEB010BB0461C
:107454003746F146BBF1000F1FFA8EF5786807DB5B
:10746400401A002816DADDB91E604CF83430DEE725
:10747400B9F1000F0ED1401A002809DB3868013534
:10748400ADB20EF1010EB8460028ECD00746E1E794
:107494004FF001097868A0EB0A000028EEDDE2E76E
:1074A400D8F800201A6012B90CEBC4046360C8F861
:1074B4000030BDE8F08F00BF4C340120D0340120EF
:1074C40030B5044687B000880FF030FA00284BD05E
:1074D400E2880568A38802FB03336A8F53436289F9
:1074E400B3EB820F42DA95F8F13003F06003602BBE
:1074F4003ED128460EF057FEEB6F10B31A0722D583
:107504001420FEF7D1FCC5F8B40163880380A38876
:107514004380E38883802389C38063890381284669
:1075240008F077FD002814BF00240724114B0093B2
:10753400022201235B21EC20FDF792F9204607B0DB
:1075440030BD1B0702D4288803F066FC20686168FC
:1075540003AB03C3A06818600C2203AB0A212846BE
:1075640008F01AF80446E1E70224DFE71224DDE715
:107574001A24DBE7947F020138B50468294A94F899
:10758400F430126823F0030384F8F4300023C4E9D0
:107594006D33A4F8E230C4F8E43084F8F2301178A2
:1075A400C4F8EE30204B84F8ED10C4F85831137A47
:1075B400D90754BF537A072384F84231137A9B07BF
:1075C40054BF937A072384F84331184BC4F85431D9
:1075D4000546014640F2026204F5B07010F0D5F998
:1075E40040F20362294604F5BC7010F0CEF940F273
:1075F4000462294604F5C87010F0C7F994F86E3097
:107604006FF3410384F86E3004F5D4720023C4F898
:107614004431C4F85031C4F8A831C4F8AC2184F81A
:10762400B03138BD38010020FB009042B80BDC05B6
:1076340070B5D0F8443193F921307F2B92B00446D1
:1076440043D00426012500BFD4F844319B7F1D425A
:1076540032D0284610F068FED4F844311A1893F852
:1076640021301371D4F844311A18DB7F1373D4F822
:1076740044311A7C92071FD541F22102ADF8002053
:1076840000228DF804202288ADF80620012210443F
:107694008DF809008DF8082093F821208DF80A2030
:1076A400DA7FC2F301028DF80B2093F820308DF8B5
:1076B4000C3068460DF026F8013E6D0016F0FF060A
:1076C400EDB2C1D1012012B070BD4FF48153ADF8B9
:1076D40000300388ADF8043068464FF6FF73ADF808
:1076E40006300DF00FF8EDE72DE9F0418AB004689B
:1076F400294B0993236F5B02039340F20113ADF806
:107704000230638F15465A0040F2712353430646F4
:107714004FF0000820460F4605938DF800800FF0C7
:10772400D7FC628F049040F2E24353438DF801701A
:10773400CDE90638089645BBADF80450029504F12E
:10774400CC016846FBF722FE237E122B16D1E37D83
:10775400A3B994F83700658F03F2E24358435D43BD
:107764000FF093FA00220D4B11F010FC0FF026F9E4
:107774002A4681B2D4F8CC000AF06AFBD4F8CC00D3
:10778400FAF788FA0AB0BDE8F0812B68ADF8043046
:107794006B680293D3E700BF21F80101008883409E
:1077A4007FB590F85040064634BB294D2B68D3F87A
:1077B400583283B10FF06CFB296891F860220346BC
:1077C4005AB13246D1F858122046AFF300802B68E4
:1077D4000022C3F8582204B070BD012081F8600271
:1077E4000092D1F858220393CDE901266B4610226A
:1077F400184906F0DBFDEAE7012CECD1144D2B68A7
:10780400D3F85C32002BE6D0002918BF02240FF015
:107814003FFB296891F86022034652B13246D1F801
:107824005C122046AFF300802B680022C3F85C2270
:10783400D1E7012081F860020094D1F85C2203931F
:10784400CDE901266B461022024906F0AFFDEBE7B5
:10785400940100200D01000130B5C36D85B00446CC
:10786400002B3AD04FF4F8720021E06D10F0FCFDCB
:10787400E06DBC3010F0A0F9684611F09EFBE26D9B
:107884000098C2F8CC0002F1CC03BDF804109DF8B6
:107894000620998025469A7135F80B0B02A90FF042
:1078A40057FADDF80930C4F80B30BDF80D30AB8061
:1078B4009DF80830E26D003318BF0123637402237E
:1078C40082F82C30E26D82F82D30104B1B6858780A
:1078D40010F001000AD105B030BD4FF4F87011F07A
:1078E400AFFBE0650028BDD10120F4E7E26D92F81A
:1078F4002C3043F0010382F82C30E26D92F82D30E5
:1079040043F0010382F82D300020E4E7A4010020B5
:10791400F7B5047A082C4CD8C5680023A5F12801D2
:107924002820DAB294423ED8254F3B681E78002EB8
:1079340041D130460BF07AF90CF03EFA3F6807F17A
:1079440034034FF4A0723146184610F08DFD87F8C9
:10795400324094B304EB8402D20029460FF068FF4E
:1079640028460AF099FD95F82720012A0FD12B7893
:107974008DF800302B46684653F8011FCDF80110EE
:107984009B88ADF805308DF807200CF0D1FD013649
:10799400F6B2B44205F12805E2D101200BF046F914
:1079A400002003B0F0BD013300FB03F28A5C012A1E
:1079B400B7D90320F5E70520F3E72046F1E700BF38
:1079C4009C0000201F4B204A204810B59A6011F0FB
:1079D40047F91F481F4C11F049F91F49032010F0C3
:1079E40027FF1E49042010F023FF1D49072010F033
:1079F4001FFF1C4811F040F92146062010F020FF1B
:107A04002146194C072010F01BFF2146082010F0D6
:107A140017FF2146154C092010F012FF21460A20B9
:107A240010F00EFF21460B2010F00AFF08F016FAA2
:107A34000F4811F08DF90F4811F042F910F0F6FCDF
:107A4400002010BDFC00002091560201E752020103
:107A54000D040201319D000115530201B9520201C6
:107A6400537F0201A98A0001757B0001B948000116
:107A740011BD0101BDD701011E4B1F4A70B50C2079
:107A84005A6011F0DDFA1D4E1D4D30600024046073
:107A940044608460882011F0D3FA2146882228604B
:107AA40010F0E2FC306804300BF07FFB0446F8B9B8
:107AB400144811F02FF9144811F032F9134811F059
:107AC40035F9134811F014F9124811F035F9124937
:107AD400204611F0EFF82B68104A9A65104ADA66CE
:107AE400104A1A67104A9A6708F0B8FC03F0CAFEF5
:107AF400204670BDFC000020359B0101EC000020F5
:107B0400C0350120356F0201CD750201CD66020139
:107B1400712D0201F1660201556F0201CDAA000127
:107B240085000101AD130201756F020113B5024610
:107B34000C4610F0C5FE002847D0262A2AD0292A50
:107B440035D0202A43D1234BF1B11B68DA7812F0E7
:107B5400300F3CD01A7942F001021A7100241E4BF6
:107B64000093022201232D21EC20FCF779FE44B17D
:107B74001A4B0093019401230022FF21EC20FCF70F
:107B84006FFE204602B010BD1A68137923F001037A
:107B94001371E4E70F4B1A68137929B1980616D5C7
:107BA40043F040031371D9E723F04003F0E7094B96
:107BB4001A68537929B1D90709D543F002035371DF
:107BC400CCE723F002035371C9E70C24C7E711245F
:107BD400C5E700BF38010020A7840201CE7C020162
:107BE40030B5C278837885B004462ABB0C2B0BD100
:107BF400C06D102200F5C8700FF00CFE054628B1C8
:107C04000B21204602F048FB05B030BDADF804005E
:107C1400CDE9020020460BF06FFEE36D2088A0330F
:107C240001AA02A90DF001FBE36D2A46A0332946FF
:107C3400204600F02FFFE7E7082BE5D1C56D1022A1
:107C440005F5E8700FF0E6FD0028D9D16B78042B18
:107C540016D101232B71E36D9A78002AD4D01871C0
:107C6400E36D9870E16D01F5C871204607F08CFE54
:107C740020460BF041FEE36D0022A0331146D7E706
:107C8400012B02D105F5C871EFE7022BFAD0032BC3
:107C9400BAD1F7E784B030B587B00AAC84E80F00F6
:107CA400274C2268137803F0030102293CD19DF884
:107CB40030506FF382031370002007F053FDDDB9D9
:107CC40018222946684610F0CFFB23681978012250
:107CD40062F30101197023689978597023685D7102
:107CE4009DF800308DF8022043F002038DF8003037
:107CF4006846F7F7A3FF17E02368032D1A7819D114
:107D0400012565F301021A7023689A785A70236872
:107D140000205871F7F792FF0A9B009304226B46E8
:107D24000849284606F042FB002007B0BDE8304071
:107D340004B070476FF301021A700020D9E700BF46
:107D4400380200200407010173B50468638FD4F876
:107D54004451F02B94BF94F92C3094F92B3095F9BD
:107D640013209A4206460EDC94F92C3095F9112022
:107D74009A4208DBB4F85C30D4F844210133A2F809
:107D8400153002B070BDAA7C0121D21A204652B22D
:107D94000BF049FA002A1EDD2B181B7B9907E9D446
:107DA400144B009693F908309A42B8BF1A46002A39
:107DB40008DA284490F9043099181031BCBFC3F193
:107DC400F00252B28DF804206B4605220A490120C4
:107DD40006F0ECFACEE7CDD029180B7BDB07C9D42B
:107DE4002B7C03F03003202BC4D091F904300F33E3
:107DF400C0DBD5E7B601002005060101F8B504464D
:107E0400008A11F009F900284DD0208AA768A67CC1
:107E1400E5680DF003F90446002846D04FB345B396
:107E24003B7843727B78837205EB86060023E27A03
:107E34009A4211D998002A4609E0E168178801445A
:107E4400B1F800C0BC4504BF57884F800432964245
:107E5400F3D10133DBB2EAE7637ADB0705D54FF6EA
:107E6400FF720121207807F0B1FA237A43F001036D
:107E74002372012304F1540584F83C30284610F0A1
:107E840050F878B1284610F0B3FC054642680189E1
:107E9400204603F03BFE686811F0D4F8284611F040
:107EA400D1F80020F8BD0420FCE70320FAE7FEE740
:107EB40038B5254D254903200FF072FE2B682C465A
:107EC40033B9502011F0BCF8286060B9022538E0BD
:107ED4000025236803EB8503D86A08B10AF00EFC79
:107EE4000135082DF5D150220021206810F0BCFA8C
:107EF4002368174803221A70236809225A702268DB
:107F040010210023917053712268D3710DF056F83B
:107F14000546B0B90F480DF069F8054688B90E4A10
:107F2400052101200FF078FE0C4906200EF090FF89
:107F34002268936903F0F80343F0011343F4A06348
:107F44009361284638BD00BFA4010020B587020113
:107F540039F2000125CB0101B1D001011958010109
:107F640070B583780A2B044641D1C06D4022EB30B2
:107F74000FF05EFC94F853308BB902200DF04CFCEA
:107F840000283BD11F4D2B68DA786AB11E49402284
:107F940004F112000FF04CFC022384F85330204605
:107FA400BDE87040FBF77ABBE278012A0AD1E26DA2
:107FB4005278032A06D1996821B191F850300BB157
:107FC4004022E5E7114810F0C3FC064680B9286852
:107FD400022384F853301030FCF718F92B6883F827
:107FE40028609B680BB183F850600B23A37070BDAD
:107FF40020460821BDE8704002F04EB9012384F800
:108004005330F2E7A4010020302F02018927020136
:1080140080B485B000AF0346FB71FB791B0443F0C9
:108024008072134B1A604FF48073FB6000E000BF52
:10803400FB685A1EFA60002BF9D10D4B5B6803F004
:108044008003002B01D100230CE0094B5B681B0A61
:10805400DAB2FB799A4201D0002303E0044B5B6857
:108064001B0C9BB218461437BD465DF8047B704761
:10807400003E014480B483B000AF03463960FB7115
:10808400FB791B0419460C4A3B680B43136000BF81
:10809400094B5B6803F08003002BF9D100BF064B4A
:1080A4005B6803F08003002BF9D000BF0C37BD469A
:1080B4005DF8047B704700BF003E014473B51E4663
:1080C40000230D4614468DF806308DF807300CF069
:1080D400A5FF10B90F2002B070BD2C4204D1012DB0
:1080E4000CBF02200320F6E7012D04D114F00E0F7B
:1080F4001CD10020EFE714F0E00FFAD0102D09D1C5
:10810400610620D50DF107030DF106020321008855
:1081140006F07FF99DF8073003BB14F0EE0FE8D0AA
:108124009DF80630B342E4D20C20D4E76507E9D4C5
:10813400A2070AD414F0080FECD00DF107030DF1D7
:1081440006020121E3E7A30605D50DF107030DF1AE
:1081540006020221DBE714F0800FEDE7012BB9D012
:10816400022BC6D10520B6E773B50468636F628F2E
:10817400DB6899889142064607D1A08FD988884246
:1081840003D1E08F198988420AD0032184F8AA1008
:10819400998891421FBF012222650022A4F8582029
:1081A4001A7884F837205A8822879A886287DA886E
:1081B400A2871B89216FE3872046012205F0F2FF85
:1081C400A36F628F23F00103A367E38F002520468A
:1081D400C4F88850DB00B3FBF2F3C4F8903000F02D
:1081E40019F8B4F8BC3000936A46D4F8C03001934F
:1081F4000C213046FFF778FA94F86D3065F30413D8
:1082040084F86D30A36F23F0040343F00803A367DD
:1082140002B070BD70B505460EF0EAFE6B8FB5F87E
:10822400604040F2E2465E43AB7E122B2BD0222B01
:108234002DD0112B30D100EBC404E6346B7EB5F89D
:108244006400122B2DD0222B2FD0112B32D104EB12
:10825400C004E6340EF0CCFEB44224F00042A4EB99
:1082640000004FF0000394BF341B002496422CBF3F
:10827400B61A1E46C5F8A400C5F89C40C5F8A0600F
:10828400C5F8983070BD00EB8404C234D6E700EB27
:10829400041404F51974D1E700EB841404F2663471
:1082A400CCE704EB8004C234D4E704EB001404F5F7
:1082B4001974CFE704EB801404F26634CAE7FEE7CE
:1082C4002DE9F04383B00378032B42D00646684679
:1082D4000FF04EFC002841D14FF40054204F07F119
:1082E400010817E04846EAF716FD58B10722694627
:1082F4001C480FF08FFA08B304E0711CF81D02F05B
:1083040067FF38BB0135EDB20134A4B242F2080371
:108314009C421FD0E5B22046EAF7DAFC0028F1D0EF
:108324002046EAF7F8FC0028ECD004F108091FFA0B
:1083340089F94846EAF7CCFC0028D3D13378022BDC
:10834400DBD006224146701C0FF064FA0028D9D114
:1083540000E00825284603B0BDE8F0830825F9E7C6
:1083640034320120E832012070B582B0254D264C0C
:10837400264E14E0F25C8DF80620013322699A42FD
:1083840098BF0023E3606B6803F00703012B14BF5D
:108394009DF80630BDF80630AB62237DBBB92B7E59
:1083A40013F0010F2CD0A268E3689A4225D06A68C2
:1083B40002F00702012ADDD15A0016F813108DF8D5
:1083C40006100132B25C8DF807200133D6E70FF0B6
:1083D40089FE2368002BE2D06168237F33B1A3694F
:1083E4009842DCD3236803209847D8E7A3699842CE
:1083F400D5D1236803209847D1E7024B01221A758F
:1084040002B070BD000C0040F4310120F02F0120B7
:1084140010B5274C206890F82130032B8CB01AD16A
:1084240022300FF0B9FE206890F82130012B02D9D8
:1084340022300BF089FC23680020D3F8743198476C
:108444002068038E2BB11B4900F5F2705943F9F7EC
:10845400FFFE0CB010BD022BE5D1032104A802F0ED
:108464007DFF0D2200210DF113000FF0FDFF9DF89B
:10847400123003F07F0343F0400368468DF8123056
:108484000FF09AFB08AA04A96846FDF773FD236858
:10849400BDF820109DF82220598483F82420BDF8CB
:1084A40010109DF81220A3F8251083F82720BAE7AE
:1084B4009C00002040420F002DE9F347264E33680C
:1084C40007461D7BF8B9DB7AAB4201D90135EDB221
:1084D400224B1C684FF000084FF00109CCB9B9F1E8
:1084E400000F2CD0336820461D733268137B0BB900
:1084F400012F2ED0D27A9A4202D1002F08BF4320F6
:1085040002B0BDE8F0870128E2D1002DE0D0013DA2
:10851400DDE7A268137A043B012B0BD8D2F800A044
:1085240050460FF061FD38B9D4F8088081465046B2
:108534000FF044FD2468D1E733681D73F7E78DF825
:10854400047001AB02220821D8F8000007F024F8D7
:10855400CBE74320D4E700BF380100209C01002072
:1085640073B505460DF1010168460EF081FC9020BB
:1085740010F066FD0446002844D0E96D00F10806B9
:10858400442201F596714C300FF052F9E96D442202
:10859400A03130460FF04CF995F857305BB194F8A0
:1085A400663043F0010384F8663094F8223043F0D7
:1085B400010384F8223095F856305BB194F86630A4
:1085C40043F0020384F8663094F8223043F0020347
:1085D40084F8223095F8522094F8663062F38703C9
:1085E40084F8663095F8522094F8223062F38703B9
:1085F40084F82230052323702B88A3802146902001
:1086040010F059FC02B070BD072870B54CD8274D46
:10861400041D2B6853F82460002E45D096F84E3084
:108624001BB106F15C00FBF7F1FDB37C1D2B03D1FC
:1086340006F17400FBF7EAFD2B6853F82430D86880
:1086440008B110F0FFFC2B6853F82430986C08B183
:1086540010F0F8FC2B6853F8240054300FF061FC40
:1086640068B12B6853F82400543010F0C1F8064662
:1086740028B1406810F0E6FC304610F0E3FC2B68AB
:1086840053F824000DF092FC2B6853F82430186C36
:1086940008B110F0D7FC2B6853F8240010F0D2FC7A
:1086A4002B68002243F8242070BD00BFA8010020DD
:1086B40073B5254E254C336825491D7F1869202242
:1086C400ADBB0FF0B5F8B4F8A430214943F0100362
:1086D400A4F8A430B4F8A43065F3C713A4F8A43004
:1086E400B4F8A43043F00203A4F8A4303368186942
:1086F400202210440FF09CF8B4F8A43065F3410331
:10870400A4F8A430B4F8AC3065F38613A4F8AC3004
:108714000020F7F793FA00246B4605220D498DF8E3
:108724000440012005F042FE204602B070BD0FF067
:108734007FF8B4F8A4306FF34103A4F8A430B4F87C
:10874400AC306FF38613E1E73801002000240141C7
:10875400602901410105010170B505460EF048FC90
:108764006B8FB5F8604040F2E2465E43AB7E122B5D
:108774002AD0222B2CD0112B2FD100EBC404E634A9
:108784006B7EB5F86400122B2CD0222B2ED0112B2B
:1087940031D104EBC004E6340EF02AFC24F000438B
:1087A400B442A4EB000094BF341B00249E4234BFA7
:1087B4000023F61AC5F89C40C5F8A40034BFC5F8D8
:1087C4009C30C5F8A06070BD00EB8404C234D7E7C8
:1087D40000EB041404F51974D2E700EB841404F2DA
:1087E4006634CDE704EB8004C234D5E704EB00140F
:1087F40004F51974D0E704EB801404F26634CBE773
:108804002DE9F3470446008910F006FC002848D0FF
:10881400278938460CF0B6FE064600283DD0C378BA
:10882400002B3AD01C20B4F80AA0B4F80C90B4F889
:108834000E80248A10F004FC054680B300F1100376
:10884400122101A8019310F0F9F9F1794B1CF3718D
:1088540001A810F0F3F9082101A810F0F5F9514628
:1088640001A810F0F1F9494601A810F0EDF94146CC
:1088740001A810F0E9F9214601A810F0E5F92A460B
:108884000C2138460CF0FFFC044610B1284610F0C9
:10889400D9FB204602B0BDE8F0870124F9E70224A1
:1088A400F7E70424F5E701292DE9F0470546894651
:1088B40015D021B1022917D000231B81FFDE00F15E
:1088C400C80700F1A804A7B900262846268149460E
:1088D40003F050FD2046BDE8F0470EF073BC00F1F4
:1088E400D00700F1B804EEE7C46B04F13407243474
:1088F400E9E7D7F800800026B8F1000F1FD1002E59
:10890400E2D0606818B10BF02DFEC4F80480304644
:10891400FDF7CAFA824660600028D5D03F684FF060
:108924000008002FD1D03A7BB9680AEB08000EF09A
:108934007FFF3B7B3F6898441FFA88F8F1E798F87B
:108944000C30D8F800801E44B6B2D5E773B505469E
:1089540000230DF1020101A8ADF802300CF086FAF3
:1089640095F85230012B18D1019AAB6DBDF8021065
:108974001A44B5F854300B449BB240F2E1418B42A7
:10898400C2F31602019285BFA3F2E2430132ADF8AD
:108994000230ADF8023088BF0192134BBDF80210CB
:1089A4001A68124E92F8403203F58E7340F2712029
:1089B40032F8134004EB910404F59C746400B4FB96
:1089C400F0F4019804443440EC6100212846EDF7AA
:1089D400ADFC6B7820443040E86143F0040340026E
:1089E400E8656B7002B070BD94010020FFFF7F004A
:1089F40020200001FFFFFFFFFFFFFFFFFFFFFFFF3E
:108A04000000000000000000000000000100000061
:108A1400FFFFFFFF512563FCC2CAB9F3849E17A769
:108A2400ADFAE6BCFFFFFFFFFFFFFFFF0000000001
:108A3400FFFFFFFF96C298D84539A1F4A033EB2D70
:108A4400817D0377F240A463E5E6BCF847422CE15C
:108A5400F2D1176BF551BF376840B6CBCE5E316BA0
:108A64005733CE2B169E0F7C4AEBE78E9B7F1AFE64
:108A7400E242E34F4B60D2273E3CCE3BF6B053CCB0
:108A8400B0061D65BC86987655BDEBB3E7933AAA4C
:108A9400D835C65A2DE9F7430546A42088469146A1
:108AA4001E4610F0CDFA044678B30127AF70A42215
:108AB40000210FF0D9FC002020702B88A38084F8BB
:108AC400068084F80790B8F1000F21D13268C4F809
:108AD40009207268C4F80D20B268C4F81120F26845
:108AE400C4F81520EB6D63B15B7953B927728DF827
:108AF400043085F858702B88ADF8063001A80FF0C3
:108B04001FFF2146A42010F0D6F903B0BDE8F0837E
:108B140095F85330022BF4D105F074FA0028F0D004
:108B2400436803F0F802034B1343436009F028F849
:108B3400E7E700BF010502002DE9F843264D0024B4
:108B44002A6802EB8402116900293FD0002691F8BB
:108B54000B80CF68CE72106902F052FE334607EBE9
:108B64008800261D2A6852F82620D27A9A4221D9F2
:108B74004FEA830C3A464FF0000E16E0296851F88C
:108B84002610C9686144A1F802E02968B2F800809F
:108B940051F82610C9686144B1F80090C14504BF7A
:108BA400B2F80280A1F8028004329042E6D1013387
:108BB400DBB2D7E717B1384610F044FA2B6853F804
:108BC4002600037ADB0701D509F020FE0134082CC6
:108BD400B6D1BDE8F88300BFA80100202DE9F0411B
:108BE400064600200F460DF0DFFC054601200DF07F
:108BF400DBFC044602200DF0D7FC80462EB345F47E
:108C0400605189B200200DF0E1FC97F8473013F071
:108C1400FD0F01D0042B0FD144F0100189B20120C3
:108C24000DF0D4FC6FEA08516FEA115189B20220A9
:108C3400BDE8F0410DF0CABC97F819311BB10F4BD8
:108C44001B78002BE8D02146E9E74FF6FF71304648
:108C540009F066FC4FF6FF71012009F061FC4FF644
:108C6400FF71022009F05CFC294630460DF0AEFC91
:108C7400214601200DF0AAFC4146D8E7E501002079
:108C8400F8B500EBC1060446D6F874710D469FB3DF
:108C940099BBD0F8A0000BF065FCC4F8A05038468E
:108CA40010F0D0F904EBC503002703F5BA7304EB05
:108CB4008505C6F87471C6F87831D5F8E00018B1A6
:108CC4000BF050FCC5F8E070D5F8EC0020B10BF0C7
:108CD40049FC0023C5F8EC30D4F8DC0020B10BF0DB
:108CE40041FC0023C4F8DC30D4F8D80020B10BF0E8
:108CF40039FC0023C4F8D830F8BD012907D1D0F8D5
:108D0400A4000BF02FFC0023C4F8A430C7E7022909
:108D1400C5D1C36BD86B0BF025FCE36B0022DA637F
:108D2400BDE7FEE7072847D8F8B50C4607460E46C8
:108D3400224D56F8170F7168B268F3680FC5306991
:108D44002860B28AB37DAA80AB71BDB205F500502C
:108D54000830E9F773FE08B90120F8BD184F3E4604
:108D640020686168A268E3680FC620693060A28A3F
:108D7400A37DB280B37154F82E1F6268A668E068C0
:108D8400C7F81710C7F81B20C7F81F60C7F82300DF
:108D940021696269C7F82710C7F82B20218BA27EAE
:108DA400A7F82F1087F8312005F50050E9F746FEA3
:108DB40080F00100C0B2D0E703207047E832012000
:108DC40034320120224B1B681BB1224B01221A6052
:108DD400704710B51F4B00221A601F4B1B681B6B9A
:108DE4001A68B2F1A53F03D15A68B2F1A53F25D064
:108DF400194B1968186834310FF0A6FB174B1B6820
:108E0400B3FA83F3DBB2C3F11F03154A9900C81800
:108E140002EB80004468646844600246083294426D
:108E240004BFC168416003EB83030D4A02EB830373
:108E34005B68DA68084B1A601B6810BD9A68B2F167
:108E4400A53FD5D1DB68B3F1A53FD1D1D6E700BFAB
:108E5400483501206C35012034350120503501207E
:108E6400F03001202DE9F0410C4600258046D1F870
:108E7400AC008F680BF076FBC4F8AC50A4F8B0508B
:108E8400D4F8BC000BF06EFBE66BC4F8BC50A4F83D
:108E9400C05026B1B06A0BF065FBB562B585002100
:108EA400204603F067FA0121204603F063FA022109
:108EB400204603F05FFA00212046FFF7E1FE01217E
:108EC4002046FFF7DDFE20460221FFF7D9FEE06BC6
:108ED40008B110F0B7F8D4E900236AB15360D4E9BB
:108EE40000231A60064B1A681378013B1370384646
:108EF400BDE8F04108F0F4BFC8F80430EFE700BF64
:108F0400EC00002037B50B7B01930D46234B0093F7
:108F14000446012302221321EC20FBF7A1FC2B7B46
:108F2400023B212B25D8DFE803F02E15241521243C
:108F34001524152B11241515242415241524151571
:108F440024152424241524242424241594F8E230FC
:108F5400022B0ED194F8F230114943F0040384F843
:108F6400F23004F5B070F9F773F902E0E37D002BF9
:108F7400F0D02946204603B0BDE830400FF04AB88F
:108F8400E37D012BE5E794F8F23043F0040384F821
:108F9400F230E38F42F210715943E2E7BD780201E7
:108FA400005A6202FFFFFFFFFFFFFFFFFFFFFFFF0B
:108FB40000000000000000000000000001000000AC
:108FC400FFFFFFFFFCFFFFFFFFFFFFFFFFFFFFFFB0
:108FD400000000000000000000000000010000008C
:108FE400FFFFFFFF4B60D2273E3CCE3BF6B053CC95
:108FF400B0061D65BC86987655BDEBB3E7933AAAD7
:10900400D835C65A96C298D84539A1F4A033EB2D69
:10901400817D0377F240A463E5E6BCF847422CE186
:10902400F2D1176BF551BF376840B6CBCE5E316BCA
:109034005733CE2B169E0F7C4AEBE78E9B7F1AFE8E
:10904400E242E34FF7B504460DF09CFAA4B363780B
:10905400DB0731D52046FBF7E7FC28B30122104695
:10906400214601F0F5FC01AB042207210220019402
:1090740005F09CF94FF0807194F85000184D0CF0F5
:1090840059FF94F850602B68012E1AD1D3F85C7202
:109094000DF0FEFE224603463946304600F080FBC2
:1090A4002B680022C3F85C22A06808B1FBF7BCFC63
:1090B400206908B10FF0C6FF20460FF0C3FF03B0CC
:1090C400F0BDD3F858620DF0E3FE22460346314664
:1090D400002000F065FB2B680022C3F85822E3E768
:1090E40094010020F0B5244E244C034600683060FF
:1090F4009A889B79B371B280B4F86C3F43F0020351
:10910400A4F86C3FD4F8683F5A008BB00F4631D5B1
:10911400D4F8945FD4F8683FC5F3026565F312434D
:10912400C4F8683F2722314668460EF081FB9DF85B
:10913400003007F0010767F34103272269463046F0
:109144008DF800300EF074FBD4F8683F43F48013BC
:10915400C4F8683FD4F8683FDB02FBD4084B1B68B3
:10916400272202FB05350020EB7A67F34103EB72FB
:109174000BB0F0BD0220FBE7703301410024014134
:10918400B0010020F7B50568EC68064644B3AB6F40
:10919400234F43F48053AB67A388F3B9E2790ABB46
:1091A400AB6F1A070AD5012323716B46082239468F
:1091B4000120CDE9006405F0F9F80EE043F4005312
:1091C400AB67B5F85C30A268DB4313441BB2002BD9
:1091D40003DC214628460EF001FB2468002CDBD179
:1091E40003B0F0BDA368B5F85C105B1A1BB2002B8A
:1091F400F3DC01239A4223710DD0182AEDD12146C4
:109204002846FBF747FA2846FFF7A6FAAB6F43F464
:109214000013AB67C9E7214628460DF003FDC4E7F8
:10922400A004010138B5234B234C1A686FF31F4285
:109234001A602268022161F35A622260226842F0B5
:10924400006222601A6842F400621A601A6811050A
:10925400FCD423686FF35A63236003200BF0BCFB38
:1092640023686FF3DB632360144B1A685207FCD145
:109274001A6812F0380FF8D1114D2B6813F0606F93
:1092840000D138BD236843F00063236003200BF052
:10929400A3FB23686FF3DB63236003200BF09CFBC9
:1092A40023682268C3F34163013363F35A62226083
:1092B400E3E700BF583E01410C3A0141703E0141D1
:1092C400203A0141002841D038B5044650F8042C16
:1092D400002A02DA50F8081C01B138BDA0F10805D3
:1092E40022F0004240F8042C0FF002FA54F8041C57
:1092F400174A13680B441360164A00E01A461368B1
:109304009D42FBD850681418A5420ED069686818AD
:1093140083420ED02B60AA4218BF15600E4A136810
:1093240001331360F6F742F8D7E70144516015465C
:10933400ECE70A480068834206D05B681944696018
:1093440013681B682B60E6E72860E4E7704700BFFA
:1093540024350120983401203035012020350120A6
:10936400002846D038B50446426C914238BF1146B5
:10937400C26A8A4202D0806C012800D038BDE16202
:10938400A0690028A4BFC1F10501A16102EB82021A
:10939400184901EB820261699142EFD1251D2846EB
:1093A4000DF041FB38B914490B68E06A0122824090
:1093B40023EA02030B60E36A0F49086801229A401A
:1093C40002430A600B4A03EB830302EB83035B68EB
:1093D400A3609968E1604D609D60E06A81000B18AC
:1093E4009B00D5186561014452F821100131D15018
:1093F400C4E77047F03001205035012013B5032134
:10940400846801A801F0AAFF9DF805309DF80420A6
:109414001F4820491B0243EA02439DF806201343D8
:10942400B3FBF1F201FB1232B3FBF0F1B2FBF0F249
:1094340000FB1131303242F210702270B1FBF0F1B6
:10944400B3FBF0F2303100FB12324FF47A706170EA
:10945400B2FBF0F2B3FBF0F1303200FB11316420C7
:10946400B1FBF0F13031A270E170B3FBF0F20A21EC
:1094740000FB1232B2FBF1F230322271B3FBF1F293
:1094840001FB123330330020637102B010BD00BF02
:10949400A086010040420F0010B592B0D0F8D83039
:1094A4008DF8042001228DF8082090F803218DF80E
:1094B400092000F58272ADF8061041F20A04116821
:1094C4009288ADF80040CDF80A10ADF80E20DA8A83
:1094D400ADF81C201A8BADF81E205A8BADF8202055
:1094E40093F82130C3F342138DF8223000F58573CD
:1094F4001A689B88ADF81A30437ECDF81620012BEC
:1095040008D800230493ADF8143068460BF0FAF839
:1095140012B010BD90F83430012BF2D190F82D30F8
:109524005B06EED5034653F8280F04909B88ADF8EC
:109534001430EAE72DE9F0411F4F3B68002B39D086
:109544001E4B1C68984614B90020BDE8F081FF202A
:10955400FCF7AAFC054650B9194B1C78002CF3D132
:109564000122184918481A70F8F772FEECE7627B7A
:109574002169284608F024FC3E68627B217DE08A4C
:109584002B46B047114B1E6896B90C480FF036F8BD
:10959400237B43F00403237307F062FBD8F80040F5
:1095A400002CE4D128460AF0DDFF002ED4D1CBE70D
:1095B4000126F7E70220C8E7D83501208C010020F6
:1095C40026360120A086010068010020DC35012038
:1095D40012292DE9F34104460E4690461F462AD12E
:1095E400838A0BB10023838205200FF0ECFC05462F
:1095F400002839D000F11003012101A801930FF0D4
:109604001DFB314601A80FF019FB414601A80FF0DC
:109614001BFB394601A80FF011FB20462A46052101
:109624000DF01BFE044610B128460FF0F9FC20464D
:1096340002B0BDE8F08116290AD190F83930013B17
:10964400DBB280F83930002BCED180F83830CBE74C
:109654001829C9D190F83830032BC5D10CF0A6FCD9
:10966400002384F83830BFE70224E0E710B504682B
:1096740020460EF00DFB04F5B070FAF7C7FD94F820
:10968400F430D4F8B80123F0030384F8F43020B1A3
:109694000AF068FF0023C4F8B831D4F8B40120B14B
:1096A4000AF060FF0023C4F8B431D4F84431B3B1F4
:1096B400D3F8220060B10AF055FFD4F844310022F7
:1096C40083F8222083F8232083F8242083F825209C
:1096D400D4F844010AF046FF0023C4F84431D4F816
:1096E400500120B10AF03EFF0023C4F8503100239A
:1096F40084F8E23084F8E43084F8E6302046BDE8AB
:1097040010400CF01BB82A2B70B50C46182190B0F1
:1097140001FB04010023022CD1F83061ADF81A30AA
:1097240018BFD1F834311C490C960546095D8DF8F3
:109734001910B4FA84F095F819110D9340098DF8B5
:10974400180001B3FCB9D5F83811D5F8200101444B
:109754000B91CDE903630B9B0A91A968CDE9014301
:109764000E4B0093CDE90E12012302229021EC202E
:10977400FBF776F804F15A0105EB810106A8F9F725
:1097840005FE10B070BD182101FB0451D1F8200171
:109794000B90D1F82411DCE719ED0101B02D020181
:1097A4007FB515461E460446B0B91E4B00930223EE
:1097B40001911A467F21EC20FBF752F8029695F8A6
:1097C40051300193184B009302231A467F21EC2059
:1097D400FBF746F804B070BD01280ED1134B00937B
:1097E400022301911A467F21EC20FBF739F80296F7
:1097F40095F8513001930E4BE5E70228EAD10B4B63
:109804000191024600937F210346EC20FBF728F8E0
:10981400029695F851300193064B00932246234655
:10982400D4E700BF74D6010184D6010199D60101A1
:10983400A9D60101C5D60101F8B590F85030234EE0
:10984400012B05BF90F8513032683368313314BFAF
:10985400D3F8F04152F83340054604B9F8BD08F096
:10986400A3FE27680CF0C6FAA3689D422CD108F029
:109874009BFE95F85030012BD4E900231ED10AB188
:10988400536006E095F85110326802EBC102C2F849
:109894008C31D4E900231A6095F8502033681344BE
:1098A40093F8F821013A83F8F82100232B700CF087
:1098B400A1FA2046BDE8F84009F0E2BF002ADFD152
:1098C4003268C2F8F431E4E73C46C6E7940100206C
:1098D4007FB5044607200FF076FB054600283FD0ED
:1098E400204E00F11003022103A803930FF0A6F900
:1098F400336803A819780FF0A1F9336803A85979DC
:109904000FF09CF9336803A859780FF097F933687E
:1099140003A899780FF092F9E36D03A893F82C103B
:109924000FF08CF9E36D03A893F82D100FF086F96E
:10993400062300932A460023072120880BF033F8DE
:10994400064648B994F8573023B10A23A370304629
:1099540004B070BD0523F9E728460FF061FBF6E774
:109964000226F4E7A401002030B52249034600682A
:1099740008609A889B798B711F4B8A80B3F86C2F8F
:1099840042F00202A3F86C2FD3F8684FC4F380743A
:109994008BB034B3D3F8942FD3F8680FC2F30262B8
:1099A40062F31240C3F8680FD3F8945F2722684625
:1099B4000DF03EFFC5F30265002300BF0DEB03026B
:1099C400D27982B90133102BF8D101220B4B1B68D9
:1099D4001B78EB4013F0010307D11C4620460BB063
:1099E40030BD0025F1E70022F0E7002CF6D082F02C
:1099F4000104F3E77033014100240141B001002068
:109A040037B5214C23788342054627D0022828D134
:109A14001E4B1B884FF67F7119401F200AF08CFBE8
:109A24000DF107010DF106000EF0DEF8184B9DF85C
:109A340006101B8801F0E80123F0E803194308200D
:109A44000AF07AFB134B9DF807101B8801F0030101
:109A540023F00303194351200AF06EFB257003B071
:109A640030BD022B01D0FF2BF8D1094B19880820F7
:109A740041F0E8010AF060FB064B198821F003016C
:109A840041F00201E7E700BFC4010020C801002043
:109A9400C6010020C201002038B51E4C237813F003
:109AA400010534D143F0010304202370FCF7FCF9D1
:109AB400E06010B90725284638BD0420FCF7F4F906
:109AC40020610028F6D00A20FCF7EEF96061002836
:109AD400F0D0E368104A1D70E3685D70E3689D7020
:109AE400E368DD70E36812689B1A0C4A11689BB244
:109AF40063F30F011160062009490FF07DF9094A4B
:109B0400094B1360094A13600EF0A2FED3E7002547
:109B1400D1E700BF98330120AC010020803401411B
:109B24004986020140020020D79002014802002029
:109B3400F8B51C4D2B685C6806465CB9012E19D03B
:109B44002B681C6028685C609C600430BDE8F840A9
:109B540009F02BBB04F5C6702768FAF757FB04F528
:109B6400D270FAF753FB286821460430FFF77AF9DC
:109B74003C46E2E728680FF065FA2C600A4D286835
:109B84000FF060FA094B2C601C60094B1C60094BF8
:109B94001C60094B1C60094B1C60094B1C6020466F
:109BA400F8BD00BFEC000020C0350120DC0100201E
:109BB400D0010020E8010020F8010020F00100207D
:109BC400FC010020012870B5204C214D0CD12068E7
:109BD4000AF0C8FC0026286826600AF0C3FC2E6040
:109BE4000EF006FC002070BD2368186920B10AF04D
:109BF400B9FC236800221A612368586920B10AF06D
:109C0400B1FC236800225A612368186C20B108F063
:109C140067F9236800221A642268002393642A687F
:109C240013702A6853702A68C2F8023028681372C5
:109C3400D3800C3043830377FAF7E8FA01F030F964
:109C4400044B0121186809F075FECBE738010020A8
:109C540030010020AC01002070B58AB00B78069367
:109C64004B7805938B780493CB7803930B79029309
:109C74004B7901931A4D1B4B0093064601230C4666
:109C840002221D21EC20FAF7EBFD2B689B6D98470F
:109C940050B10C24144B0093019401230022FF21A2
:109CA400EC20FAF7DDFD18E02B68DB6D98470028FF
:109CB400EFD12B681B6E98470028EAD10DF12702DB
:109CC4002146304603F028FF30B93146204602F0E1
:109CD4009FFF08B90724DDE7002420460AB070BDC1
:109CE40030010020C65A0201CE7C020110B514785E
:109CF400082C0B46114630D006D8012C22D0DCB1FA
:109D0400032C25D0022421E0182C2BD005D80A2CB2
:109D1400F8D1013B5C425C4118E0272C27D0282C69
:109D2400F0D1164A126892F90420002AEADA042BC8
:109D3400E8D10BF087FE03E00C2B07D106F040FFBF
:109D4400012403E0082B17D10BF0E2FC204610BDE0
:109D5400172B11D10AF0BDFEF2E7092B0CD1F7F74E
:109D64003DFDEDE7052B07D10BF0B0F8E8E70B2B31
:109D740002D107F076FDE3E70024E7E7380100208D
:109D8400234B1A686FF31F721A601A6812286FF354
:109D94001B621A601A461CD002D8112804D07047DE
:109DA4002138022824D9704712290CD002D811294D
:109DB40003D07047213902290AD81368162161F3A8
:109DC4001743136070471A68172161F317421A602A
:109DD4007047122909D002D8112903D070472139BC
:109DE4000229F5D813681A21E9E71A681B21ECE760
:109DF400122909D002D8112903D070472139022928
:109E0400E6D813681321DAE71A681621DDE700BFE4
:109E14006834014130B4D0F87431FF2273B1D0F802
:109E24009C409C422DD81D7ADC68042D25D0052D3C
:109E340023D02DBB2268C2F3411212BBC0F8983064
:109E440090F89410FF2380F8543000F1640200234A
:109E5400994207D052F8044BD0F89850A5421CD12F
:109E640080F854300F4B90F854201B789A4217D83E
:109E7400FF22012130BCFCF769BC2268C2F3411205
:109E84002AB11B68CAE731B11B68002BD6D01A7AF5
:109E9400022AF8D8D2E7203BF7E70133DBB2D7E751
:109EA40030BC7047CC01002000283ED038B50446B1
:109EB400C36B002B3BD0006CA0FB03230BB1002031
:109EC40036E00D460CF024FF2268216CE36B03FBA3
:109ED40001F3D018A0600020A06362605B1A1344F1
:109EE400E360FF2384F8443084F84530A5B923693E
:109EF4001BB90EF015F901201AE004F11000FBF76C
:109F0400B1FB0028F5D00B4B4FF080521A60BFF321
:109F14004F8FBFF36F8FECE704F110000DF0E0FFFB
:109F240004F124000DF0DCFFE3E70020704700207B
:109F340038BD00BF04ED00E02DE9FF478A46164610
:109F440099460BF01FFB054620B90125284604B0AD
:109F5400BDE8F0871FFA86F808F1060738460FF0C7
:109F640032F804460028F0D000F11003012103A8C0
:109F740003930EF063FEA97903A80EF05FFE08F1C7
:109F8400020103A80EF060FE514603A80EF05CFE29
:109F940026B13246494603980DF04AFC28882246E9
:109FA40039460BF070F905460028CFD020460FF053
:109FB40049F8044B0093002204235121EE20FAF7C0
:109FC4004FFCC3E76C78020138B51849184C0220DD
:109FD4000DF0E6FD174B184A1A602368254633B97D
:109FE40030200FF02DF8206048B902201CE0002436
:109FF40020460134E4B20CF07DFA082CF8D130226A
:10A00400002128680EF030FA0C480AF0D7FF0C4BF8
:10A014000C4A1B685A600C4A5A612B680B4A5A60F6
:10A024000B4A9A600B4ADA6038BD00BFC581020151
:10A03400A0000020B0340120388F020181310101D9
:10A04400AC0000206D3D0101B1810201A587020130
:10A0540021900201D564020110B51F4A1368002B38
:10A0640030D059680B1A48BF01F18053516848BF7A
:10A074001B1A31B349680C1A44BF01F180510C1A00
:10A084001B1B002BD4BF0023012352F823201349A8
:10A09400134C08682370134BCAB11C6814F0040FE6
:10A0A400546812D020F07040844209D018886FF3AD
:10A0B4008200188052680A601A8842F004021A80EA
:10A0C40010BD012383F00103DFE70C60F4E7198876
:10A0D40062F382011980F3E7D0340120343E014158
:10A0E40023360120203E0141F0B5214B0A691B684B
:10A0F40020491B7B0578447813F01F0F4368D07800
:10A104000CBF012600268B4295BF1E214FF4967189
:10A11400B3FBF1F3B3FBF1F395BFC3F30C03C3F348
:10A124000C030027012710F0010F14BF07210121A0
:10A1340010F0020F18BF0631000744BF0231C9B244
:10A144000A4405F03F05D178137165F3050166F300
:10A15400861167F3C711D170517921F01F0104F002
:10A16400070441EA132364F347135371F0BD00BF9E
:10A1740038010020C3BF03007FB5204B0190054682
:10A184000093022201235821EC20FAF769FB2846A8
:10A194000CF0CCFB064678B3046820460CF003F8B8
:10A1A4000146A8B194F8F2301B070AD503AB042288
:10A1B40013490396032004F0F9F80024204604B060
:10A1C40070BD20460DF005FF0028F6D1072409E0F4
:10A1D400204603AB0222ADF80C5005F0DDF904462D
:10A1E4000028EAD0074B0093019401230022FF21A9
:10A1F400EC20FAF735FBE1E70224F3E7B06C020147
:10A2040008060101625E020108287FB50C4603D0EE
:10A214000D281BD004B070BD0E6820791D4C8A68CF
:10A2240001233146EDF768F92368D3F85C52002D19
:10A23400F0D00CF02DFE3246034629460220FFF7EB
:10A24400AFFA23680022C3F85C22E3E7D4E90223CF
:10A25400087849680393CDE901128DF80300FFF7EC
:10A264009FFA0C4B1B68002283F86022AFF3008036
:10A274000028CFD103AB02AA01A90DF10300AFF36B
:10A284000080DDE9022301999DF80300FFF788FAB5
:10A29400ECE700BF94010020F0B5064685B002202B
:10A2A4000F460EF090FE0546C8B91E4B00930224DB
:10A2B400024601940423C721EE20FAF7D1FA06F1ED
:10A2C4006000F9F7A3FF304600233A460121FEF768
:10A2D400E1FB0023204686F8533005B0F0BD00F1C1
:10A2E4001003052103A803930EF0A8FC394603A824
:10A2F4000EF0A4FC062300932A4600230221308892
:10A304000AF051FB04460028D9D0064B0190009373
:10A3140000220423C721EE20FAF7A2FA28460EF001
:10A324007FFECCE7076A02017FB5054607200EF0E1
:10A334004AFE044600283AD01E4E00F110030121C3
:10A3440003A803930EF07AFC336803A819780EF07F
:10A3540075FC336803A859790EF070FC336803A8C0
:10A3640059780EF06BFC336803A899780EF066FCFC
:10A37400EB6D03A893F82C100EF060FCEB6D03A8B2
:10A3840093F82D100EF05AFC062300932246002366
:10A39400072128880AF007FB064620B90323AB707F
:10A3A400304604B070BD20460EF03AFEF8E70226AF
:10A3B400F6E700BFA4010020F0B50468A36FDB0535
:10A3C40085B005460E4617460ED506F0EBF902F0A9
:10A3D400A7FE08F0E9F8A36F23F48073A3670BF0DA
:10A3E40009FD0020F5F72AFC812E11D0822E13D00E
:10A3F400802E05D108F0D8F8402323760BF0FAFC20
:10A40400D4F8CC3063B128460DF0F6F905B0F0BDB0
:10A4140008F0CAF84123F0E708F0C6F84223ECE755
:10A4240003953FB1009703AB04220649012005F0D0
:10A434001BFEEBE703AB04220249012003F0B6FF45
:10A44400E4E700BF1404010170B505460CF060FC9C
:10A4540095F8454064B2002C19DD05F1240608E0A6
:10A464006B6AA3B13046FBF7FDF868B9013C64B2EE
:10A474006CB1AB6C002BF3D0284605F00BFB002825
:10A48400F4D00EF02DFBF1E70EF02AFBEEE7FF23EC
:10A4940085F845300DF044FE0CF03AFC95F8444044
:10A4A40064B2002C11DD2B697BB105F1100606E0C6
:10A4B4000EF016FB013C64B23CB12B692BB1304663
:10A4C400FBF7D0F80028F5D0F2E7FF2385F84430F5
:10A4D4000DF026FE70BD020030B4841FA4B240F615
:10A4E4007A45AC4228D88C1FA4B2AC4227D8B2F526
:10A4F400FA7F26D2A3F10A04A4B240F67645AC4210
:10A5040021D8884221D8541C14FB01F46400A4B25D
:10A51400B4EBC30F1BD8124B1B685C8C844218D35A
:10A52400188C884217D8D98C914216D3988C9042B3
:10A534008CBF0020012000E0002030BC70470020C8
:10A54400FBE70020F9E70020F7E70020F5E700200B
:10A55400F3E70020F1E70020EFE70020EDE700BF7C
:10A5640000350120F8B5EFF311864FF0200383F393
:10A574001188BFF36F8FBFF34F8F836BC26B9A4207
:10A5840028D90F46044690F845506DB201338363D1
:10A59400B5F1FF3F14D1836C33B105F07BFAE8B118
:10A5A400F7B10120386016E0436A0BB9012012E0CC
:10A5B4002430FBF757F8A8B1B7B1012038600AE09E
:10A5C4000EF088FA854211D201356DB284F84550F7
:10A5D400012000E0002086F31188F8BD0120FAE78D
:10A5E4000120F8E70120F6E70120F4E70120F2E773
:10A5F40000283BD070B50446826C013A8264C06A7C
:10A60400616C884234D00AB1002070BD251D2846F3
:10A614000CF009FA38B917490B68E06A0122824044
:10A6240023EA02030B60636CE362C3F10502A261D7
:10A6340010490E68012000FA03F232430A600E4A00
:10A6440003EB830302EB83035B68A3609968E16017
:10A654004D609D60E56AA9004B199B00D6186661A0
:10A66400294452F821100144D150CEE7002070470C
:10A674000020CAE750350120F0300120F0B5214C0C
:10A684002368197885B0002937D1C568067A7DB169
:10A694006A881A86684610222F1D0DF0E5FE1022E6
:10A6A400394668460DF0B6F810B138460DF090FA08
:10A6B400B6B12B789A1E012A21D86888421EB2F5B9
:10A6C400E16F1CD2022B01D108F0D0FA23682A785A
:10A6D40083F821202368002083F8336005B0F0BD9F
:10A6E400206821300EF069FC206890F82130012B9D
:10A6F400F0D1223009F028FBECE70520EEE7032037
:10A70400ECE700BF9C0000202DE9F84F9946204B50
:10A714000A9F1B681D688846164604464FF6FF7A52
:10A724000DB92C4630E0AA89A2420ED942450BD974
:10A734002D68F5E7102E1CE05445F9D001340BF1D7
:10A744001003A4B23B6008E01446EB89A342EFD3A4
:10A754006B68A21A03EB02123A60EB89A342E7D3B7
:10A764004445E5D8D7F800B09BF80E305B07E1D438
:10A77400022EE1D132464946DBF800000DF04AF8DA
:10A784000028D9D10B9B1D602046BDE8F88F00BF7F
:10A79400A8000020F7B50446C07A15460023DAB2B3
:10A7A400904201D8802022E09E00E268925BAA4297
:10A7B40003F10103F3D10DF106000EF039FA6B1E1B
:10A7C4000D2B16D828460CF033FBBDF80630022BAF
:10A7D400E8D80BB10342E5D0E26816447380207ACE
:10A7E40010F0010003D0204608F010F8002003B058
:10A7F400F0BD0A4B1B6818680028E6D0017C0023D2
:10A80400DAB2914201D80068F6E7826802EB83026B
:10A8140001331788AF42F3D15088D6E7A80000204F
:10A8240038B5174D174C28462178022300F8013B10
:10A8340019440EF009FC42F6F531E81C0EF004FC54
:10A844002378114A114802EB0311C1E900051048AD
:10A8540088601048C860104840F201110180591CFA
:10A86400C9B202EB01120D49C2E900100C49916012
:10A874000C49D16002330C4ADBB2D381237038BD5A
:10A88400F53401201A360120902E0120BA900201DD
:10A89400F2720201050000010C36012016F30101D9
:10A8A400A8900201020002011434012010B52321F2
:10A8B40092B0044601F06AFA00283BD0D4F844313F
:10A8C400D87D0DF031FDFF282CD0D4F8443193F914
:10A8D40019207E2A2CD07F2A15D0D87D0DF024FD96
:10A8E400D4F8443118445B7E037194F8E230062BAB
:10A8F400D4F844310CBFFF2200225A772046F5F7E2
:10A90400E7F812B010BD4FF48153ADF8003023883E
:10A91400ADF8043068464FF6FF73ADF8063009F021
:10A92400F1FEE2E720222321204607F0B9F9E8E707
:10A934001E22F8E70120E4E710B51C4B1C4AB3F8CB
:10A94400011011801B4CD97811711946226811F835
:10A95400040B10725868C2F802008988D1802268FA
:10A96400D98A9184997A82F826101349D889088063
:10A974001249188A0880998A5185598A9185104A02
:10A98400D3E90A011268C2E91601194631F8180F11
:10A99400897891721081D97AD172197B1173D3E9B4
:10A9A4000A2313430CBF1E20002010BDF0390120E0
:10A9B400B601002030010020C0010020B4010020B5
:10A9C4003801002038B50D46044607F0EDFD012D91
:10A9D4001E4B2AD11A6892F84032012B11D094F8F8
:10A9E400501092F81C3292F81D0281B961698C42B0
:10A9F4000DD194F85210034439B9012B01DD82F8CA
:10AA04004052BDE838400BF0F5B9022BF6E7E16E91
:10AA1400034411B961698C4205D0022BF1DD012395
:10AA240082F84032EDE7012BF8E71B6893F84022E7
:10AA3400002AE6D093F81C2293F81D120A44012A36
:10AA4400DCBF002283F84022DBE700BF9401002032
:10AA54007FB5034610461F4A1268D41894F8F8418B
:10AA640014B3012B22D102F5F475002402F5C0724F
:10AA74002E6806B1B468A4B1CDE9014303916678A8
:10AA8400B6070ED4A37813F0040F4FF00C0201ABF9
:10AA94001BD0114918B9012003F088FC04E00320FD
:10AAA400FAE7083D9542E3D104B070BDD2F8F02135
:10AAB400002AF9D09268002AF6D05478A407F3D477
:10AAC400CDE90123039101AB0C2208210028E3D036
:10AAD4000220E1E7940100200801000110B50C46B2
:10AAE4001E490346006808609A889B798B711C4B49
:10AAF4008A80B3F86C2F42F00202A3F86C2FD3F8CB
:10AB0400680FC0F380708AB0C8B1D3F8942FC2F331
:10AB140002622270D3F8680F62F31240C3F8680F20
:10AB2400272268460CF084FE002300BF0DEB0302CD
:10AB3400D07938B90133102BF8D10AB010BDFF23F6
:10AB44002370FAE7074A1268272101FB0323D87A06
:10AB5400C0F3400080F00100C0B2EEE77033014161
:10AB640000240141B001002084B070B504AC84E835
:10AB74000F001F4BB3F8A4206FF34102A3F8A420E5
:10AB8400B3F8AC206FF38612A3F8AC20B3F8A4207A
:10AB94006FF30002A3F8A42000200BF005FD064685
:10ABA40001200BF001FD054602200BF0FDFC4FF6E1
:10ABB400FF710446002007F0B3FC4FF6FF7101203B
:10ABC40007F0AEFC4FF6FF71022007F0A9FC3146F6
:10ABD40000200BF0FBFC294601200BF0F7FC21467A
:10ABE40002200BF0F3FCBDE87040002004B0704775
:10ABF400002401412DE9F043C3681F887A1EB2F591
:10AC0400FA7F85B039D25C88621EB2F5FA7F34D2FD
:10AC14009E88B6F5FA7F30D2DD88B5F5FA7F2CD25E
:10AC2400B3F80890A9F10A039BB240F67642934226
:10AC340023D8A74221D806FB0443B3F5FA7F1CDCD2
:10AC4400AC421AD9B0F80880B8F5706F15D24046F6
:10AC54000AF004F888B101A8ADF80480ADF80670D4
:10AC6400ADF80840ADF80A60ADF80C50ADF80E90A0
:10AC740009F032F805B0BDE8F0830320FAE70100DB
:10AC840008B5194B9847194B9847EFF3108172B6E2
:10AC9400174AD2F8883043F47003C2F88830BFF3FF
:10ACA4004F8FBFF36F8F01B962B6124A936823F0D6
:10ACB400010393601346DA6812F0010FFBD10D4BC8
:10ACC40024225A6001229A6009F08AFA0A4B23F07E
:10ACD4007F03074A9360094B9847094B9847094BF0
:10ACE40098470DF064FEFEE79F4E01019F4E01015F
:10ACF40000ED00E000200041000200017DF80101A8
:10AD04009F4E01019F4E010100B587B049238DF884
:10AD1400083044238DF809304C238DF80A3045233C
:10AD24008DF80B3000238DF80C30134A01920093F8
:10AD34004FF4807202A91148F0F726FF08B10128E8
:10AD440004D00F4B1B6807B05DF804FB4FF02003E1
:10AD540083F31188BFF36F8FBFF34F8F094B4FF00D
:10AD6400FF321A60084B01221A60084B00221A6055
:10AD740006F078F9E5E700BF54350120011102011E
:10AD8400303A01205835012064350120683501200E
:10AD94002DE9F84F067AD0F80C9090F810A00C200A
:10ADA4000EF04EF9054610B90220BDE8F88F194F90
:10ADB4003B68D3F800801FFA86FBB8F1000F04D17A
:10ADC40028460EF03FF90320EFE7D8F804309A68DC
:10ADD40012885A4506D13246494658680CF01AFD85
:10ADE400044610B1D8F80080E7E730460EF028F9A1
:10ADF400A8600028D8D0324649462E710CF018FDC0
:10AE0400386885F805A0083029460DF03DFA20463B
:10AE1400CBE700BFA80000207FB51F4B019006467A
:10AE24000093EC20012302224D21F9F719FD30464D
:10AE34000BF07CFD68B30568EB7D012B19D195F807
:10AE4400ED3013F0080F14BF00241A2428460BF029
:10AE5400AAF980B128460BF091FCA8B907240F4B3E
:10AE64000093019401230022FF21EC20F9F7F8FC60
:10AE74000CE00024EAE7022203AB11462846ADF8B1
:10AE84000C6004F089FB0446002CE8D1204604B091
:10AE940070BD0224E3E700BF38670201625E02016D
:10AEA40038B51F4D1F4C0DF07BFE2B684FF46172BB
:10AEB4009A842368FF221A702368F9225A7023683F
:10AEC40001229A7023680822DA7009F001FC2A68CA
:10AED400136BDB075FBF21680B7943F00E030B7123
:10AEE40023680C2183F844104FF0FF301F21C3E97D
:10AEF4001601C3E9180140F20771A3F809100021F3
:10AF040082F82E104FF08842126C02F44052B2F5CF
:10AF1400005F14BF07220A46DA721A7338BD00BFF5
:10AF2400300100203801002052433A537461727496
:10AF340052657120507265656D70742030782530CB
:10AF440032782C7072696F726974793A25642C6353
:10AF54006C6B3D3078253034780052433A53746139
:10AF64007274526571204E6F726D616C2030782559
:10AF74003032782C7072696F726974793A25642C56
:10AF8400636C6B3D3078253034780052433A466127
:10AF94007220616E63686F722C204E6F773A30783E
:10AFA4002530347820616E6B3A307825303478005F
:10AFB40038B51D4C2368254633B94FF410700EF094
:10AFC4003FF8206060B938BD00242B6804F1880282
:10AFD40053F8220008B10EF035F80134082CF4D1EE
:10AFE4004FF41072002128680DF03EFA2C680F49C6
:10AFF4000F4A04F5BC7304F5CE7500BF43F8041B77
:10B004009D42C3F88020F9D14822002104F5DA706A
:10B014000DF02AFA0023C4F89C316B60AB60054B39
:10B02400C4F874310120CEE79C0000208D90020109
:10B03400B5900201B790020170B51B4B1C6853F820
:10B04400045F210609D5194B1B6824F0800403B161
:10B054009847174B1B6803B19847E20509D5154B70
:10B064001B6824F4807403B19847134B1B6803B125
:10B074009847AB0613D5114A136843F008031360CD
:10B08400138943F0080313810DF08CFE46684EB11A
:10B094002B462246B4460021BDE87040604754EA7E
:10B0A4000503F1D170BD00BF143F0141E835012013
:10B0B400F0350120EC350120F4350120203A01411E
:10B0C40038B505460C46EDF7FDF9E5F7EBFD054B04
:10B0D40005481D80054B0C221C801421BDE8384016
:10B0E4000CF0C2BC68330120F83501206A3301201A
:10B0F40030B5044685B00D46AC4201D905B030BD2B
:10B1040069462046E7F7E8FCD8B1BDF8021041B91A
:10B114004FF0200383F31188BFF36F8FBFF34F8F7A
:10B12400FEE700222046E5F771FE10F0FD0F08D07F
:10B134004FF0200383F31188BFF36F8FBFF34F8F5A
:10B14400FEE70134A4B2D7E70000010002010100C8
:10B1540001000501060102000801010001000B01C4
:10B164000C010D010E010100010003000300130195
:10B174000100010001000100180101001A01010091
:10B1840001000100010001000100010001000100B3
:10B1940001000100010001000100010001000100A3
:10B1A4000100010001002F01010001000100010064
:10B1B4000100010001000100010001000100010083
:10B1C4003C013D0101000100010001004201012A8E
:10B1D40010B5ADF51A7D0C46103092AB96A900BFA0
:10B1E40010F8012D03F8012B8B42F9D192A968467E
:10B1F40005F0EBFE18B100200DF51A7D10BD0023FB
:10B204009693979398938DF8643263798DF86532A9
:10B2140023798DF86632E3788DF8673296AB92AA7B
:10B224001021684605F0E8FA90B9A3788DF85832F1
:10B2340063788DF8593223788DF85A32032296A90F
:10B244000DF255200CF0E6FAB0FA80F04009D3E78D
:10B254000020D1E72DE9F0411C4AD36A956A89B3ED
:10B264000E46AB4208BF002227D00122DFF864C09B
:10B27400174CA0F1020E0138144F0CE0E15C81542C
:10B284000133396B994298BF0023B24214D2511C46
:10B29400AB4212D00A46DCF8041001F00701012980
:10B2A400ECD1590014F813800EF812800131615C5E
:10B2B40000F812100133E4E71D46044BDD6210462A
:10B2C400BDE8F0811D460A46F7E700BFF4310120CE
:10B2D400702F0120000C00402DE9F04385B0054695
:10B2E400684688460CF068FC1A4B1B4ED3F8009055
:10B2F40099F83270AF4283BF282303FB05954B3581
:10B304006D460024A0451FD07378FF2B1CD01CB9B8
:10B3140099F82130022B17D1F1788F420DD92823C7
:10B3240003FB019110224B3128460CF073FA58B9F3
:10B3340005B0BDE8F0830124E4E72CB91022694686
:10B3440028460CF067FA10B10136002CF3D02046E1
:10B35400EEE700BF9C000020E634012070B50546EE
:10B364000E4607F021F9174BB3F8A04544F0010449
:10B37400A3F8A045B3F8A04544F00204A3F8A045FF
:10B384001C4600BFD4F8A0359B07FBD432462846A0
:10B394000D490CF04DFA0D4B1A680D4B1A600D4A0D
:10B3A40012685A600C4A12689A600C4A1268DA6091
:10B3B400B4F8A0356FF30003A4F8A035BDE87040DD
:10B3C4000AF018BD0024014190290141802901415E
:10B3D400203A012084290141882901418C29014115
:10B3E4002DE9F34107689DF80030BE7E66F3000343
:10B3F4008DF800303B46054653F81B2FCDF801204D
:10B404009B88ADF8053068460C46FEF7ADFA2A79FC
:10B41400134923788A5C62F30303237080460E2069
:10B424000CF018F9237860F34513237097F834204F
:10B43400003218BF0122DBB262F386132370DBB241
:10B44400B8F1000F07D043F0800323706B79637069
:10B4540002B0BDE8F081002EF5D166F3C713F4E71E
:10B46400E1E401017FB506460D460BF05FFA70B3C7
:10B474000268D2F8443163B3D3F8221059B3097A7D
:10B48400C90728D5197C65F3861119742DB3D2F830
:10B494004431D3F82220137A43F0180313720024A2
:10B4A4000F4B0093CDE90165012302225621EC20C4
:10B4B400F9F7D6F944B10B4B009301940123002210
:10B4C400FD21EC20F9F7CCF9204604B070BD02242C
:10B4D400E6E71A24E4E70C24E2E72C46E0E700BFA1
:10B4E400384602011654020137B51E4B0190054639
:10B4F4000093EC200C46012302225C21F9F7B0F9F9
:10B5040028460BF013FA48B30068C37D012B0CD016
:10B514000C24154B0093019401230022FF21EC20FD
:10B52400F9F79EF9204603B030BD2368C0F82231F4
:10B5340000F5917263685360A3689360E368D36015
:10B5440090F8E430213B012BE2D890F8E530032B4E
:10B55400DED10BF02DFD18B90724DAE70224D8E771
:10B564000024DFE7786002019160020100293AD0EB
:10B574004B0716D5B0F86030B0F862109A0102F5A6
:10B58400747292B291422CD2A1F57473C3F38713EF
:10B594001A2B2BD9B0F86020934200D9D3B21846A5
:10B5A4007047CA070DD5B0F86030B0F86210DA0001
:10B5B400703292B2914214D2A1F17003C3F3C70363
:10B5C400E6E78B0712D5B0F86030B0F862109A0045
:10B5D4003C3292B2914204D2A1F13C03C3F38703FB
:10B5E400D6E7DBB2D4E790F86030D8E71B23D6E780
:10B5F40070B5064668200DF023FD6825154B164CE2
:10B6040018602A4600210CF02FFF28460DF018FD83
:10B6140000212A4620600CF027FF104B104A1A60C4
:10B6240023681E63FFF73CFC23685A6902F0F801A3
:10B634000C4A0A435A6100229A610B4AC3E9112257
:10B64400C3E91322C3E91522C3E91722074B084AA9
:10B654005A6170BD3801002030010020FC00002038
:10B66400C99B01010101000575900201C43201204A
:10B6740039E60001F7B51C4F3B681E78E6B91B4C50
:10B684000AF080FF206820211D30FFF767FE40206C
:10B69400FAF70AFC054628B323681E773B680122A3
:10B6A4001A702368186102F049FD044628B13B680A
:10B6B40028461E7008F056FF0C240D4B00930222FE
:10B6C40001233321EC20F9F7CBF844B1094B009363
:10B6D400019401230022FD21EC20F9F7C1F8204652
:10B6E40003B0F0BD0724E8E7300100203801002052
:10B6F40090860201B05E020170B504460E4690F8D1
:10B704005000082115460AF015FC2378032B32D08B
:10B71400022B13D106F048FF174B1A6894F85030E7
:10B7240002EB8303D3F8FC11A1424FF0000108BFE0
:10B73400C3F8FC11C2F804120AF05CFBA26E1AB939
:10B74400637862F382036370002323701EB1294679
:10B7540020460BF012FAA36E6BB1A3789B060AD4B1
:10B7640020460BF05CFD20460AF0D0FB2046BDE8E5
:10B774007040F0F7E9BC70BD9401002090F85720A8
:10B78400C36D30B51C4C42B12268527912B993F89A
:10B79400E52032B103225A7029E022685279002A46
:10B7A400F5D193F8E620510705D422685278520760
:10B7B40001D40122EFE72468C578104A93F8E41015
:10B7C40024786DB901EB81010A44125D5A7090F836
:10B7D4005720C36D62B15A78062A06D10422DAE7EB
:10B7E40004EB84042244525CF0E7052AF6D030BD11
:10B7F4005A7822F00402CEE7A4010020DB7902018A
:10B804002DE9F8431E4D2A681468804698F80B30D9
:10B8140064B9980043B10DF013FCC8F80C0018B1DA
:10B824002B681F6825464FBBBDE8F883227C134470
:10B8340088F80B302468E9E7BB89012B24B2D8F8D7
:10B844000C3013D0BA6832F8262023F82420D8F814
:10B854000C3003EB8404013600236380F6B23B7C96
:10B864007419B342E4B2E7D83F68DBE7304603EB30
:10B8740084090DF06BF9A9F80000E8E70026EEE76B
:10B88400A800002038B5154B154D00241C60154B3D
:10B894004FF0FF321A601F221A71134B1C60134BB6
:10B8A4001C60134B1C70134B1C60134B1C60134B1C
:10B8B4001C60134B1C600BF0DBFBC0F307134FF44D
:10B8C400B470B0FBF3F028600CF0BAFB0D492860AB
:10B8D40020460DF091FA204638BD00BFDC0100205F
:10B8E400D4010020E0010020D0010020E801002064
:10B8F400D8010020F8010020F0010020FC01002004
:10B90400EC0100200D5F000130B585B0043205461E
:10B914000C46039209F036FE38B10C2C07D00023F4
:10B924001A4619462846FEF707FB05B030BDC37812
:10B93400012BF4D003A901A80CF0FEFA03A90DF120
:10B9440006000CF0F9FA03A902A80CF0F5FA03A911
:10B954000DF10A000CF0F0FA20460DF071FB0146DF
:10B964000028E2D000230370BDF804308380BDF8C2
:10B974000630C380BDF808300381BDF80A30438126
:10B98400458020460DF06FFACFE74348433A636899
:10B994004D706D3A253032582530385800434843AD
:10B9A4003A63684D7073323A25303258253038582E
:10B9B400004348433A63684D7073333A2530325834
:10B9C40025303858004348433A434820496E6420A0
:10B9D400432C2564004348433A63684D703A25304C
:10B9E400325825303858004348433A434820496E7A
:10B9F4006420502C2564004348433A63684D7073B7
:0BBA0400313A25303258253038580008
:10BA100000B5C5B01A4B1B7823B1012B1ED045B021
:10BA20005DF804FB0BF057FC0CF038F801208DF8A2
:10BA300004000023ADF806308DF8083001AA014655
:10BA40000BF0B8F90F4B188018B10D4B01221A708A
:10BA5000E5E711210C48F9F79BFDF6E74FF0FF32BF
:10BA600003A90A480CF060FD0028D8D09DF80C30DE
:10BA7000002BD4D10DF10D0007F01AF8CFE700BF6D
:10BA8000640000206C0000204C810201680000204E
:10BA900070B5C568008909F0ABFE0446A0B3C66D59
:10BAA00096B390F857207ABB25B90821BDE87040BD
:10BAB000FEF7F4BB2B68C6F86F306B68C6F87330BE
:10BAC000AB68C6F87730EB68C6F87B30C36D0121F0
:10BAD0009970C378C16D53B96F31F4F767F9E16DAF
:10BAE00001F5D8712046BDE8704002F0BDBFCB78AB
:10BAF00063B1CA70C36D9A70C16D6F31F4F756F9B6
:10BB0000E16D01F5B871EDE7012070BD1846FCE765
:10BB10002DE9F04190F83C8006460D461746B8F1F5
:10BB2000000F1CD1184B1B689B8ADB0717D50C2014
:10BB30000DF088FA044628B328460DF083FA6060B9
:10BB400000B33946C4F8008025812A460BF072FE06
:10BB5000214606F15400BDE8F0410CF097BB39785E
:10BB60000A4A002312F83300884208D102EBC303CB
:10BB700029463A4630465B68BDE8F0411847013334
:10BB80000C2BEFD1BDE8F081A80000207CED010175
:10BB90002DE9F8431D4E038937683D684FF00008D2
:10BBA0000DB9012010E0AA899A421DD1BC684FF05E
:10BBB00000095CB93068424629460BF0F6FA287C49
:10BBC00010B1FCF7BBFF0020BDE8F8836B68227959
:10BBD000996809788A4204D15968A0680BF01CFE64
:10BBE00028B1A1462468E4E7A8462D68D8E707F104
:10BBF00008004A4621460BF0D8FAA06808B10DF0BB
:10BC000023FA20460DF020FAD4E700BFA800002058
:10BC100005000000080001000C00020010000500F3
:10BC200013000600300007005700200086001F00A8
:10BC30000110080002100A0003100900041011008E
:10BC400005100B0006100C0007100D0008100E0068
:10BC500009100F000A1013000B1016000C10120030
:10BC60000D1010000E1017000F1018001010190002
:10BC700011101A0012101B001310150014101400DC
:10BC800020101D0021101C0023101E0000000000C9
:10BC9000F8B5079C07469DF8180092B91B4E601E28
:10BCA0003D4620EAE0742246302128460CF0DEFBB7
:10BCB000314628190DF0B4F83846BDE8F8400CF0CC
:10BCC000D9B800B30A2B1ED1002A1CDA3D462D201C
:10BCD00005F8010B5242601E01396E1800213170C7
:10BCE0000CB10028DDDDB2FBF3FC03FB1C210929AC
:10BCF00088BF07313031934206F8011D00F1FF3053
:10BD0000CFD86246ECE720463D46E5E7E1D60101A3
:10BD100070B58AB003790593C3780493837803934D
:10BD20004378029303780193164B00930446022351
:10BD30001A468B21EC20F8F795FD206823790890AE
:10BD40008DF82430002607AB09220F490796022000
:10BD500002F02EFBC5B28DB123790593E3780493ED
:10BD6000A37803936378029323780193074B00939E
:10BD7000324601238C21EC20F8F774FD28460AB0E6
:10BD800070BD00BFB8EC010102000100E2EC01014E
:10BD900070B5C57D04460A468DBB90F8E230A3F12C
:10BDA0002106012E18D8B0F8E23040F221118B4262
:10BDB00003D001F201318B4208D10323002084F823
:10BDC000E63084F8E72084F8E40070BD3D21204689
:10BDD0000AF037FA0020F8E790F8E42003EA0206B8
:10BDE000F50613D593420CBF23222A2205F05AFFF1
:10BDF0000028EAD001212046F7F73EFFEAE7012DAF
:10BE000004D190F8E430213B012BDFD90120DCE79D
:10BE1000022838B50D4618D0032827D0012813D1A1
:10BE2000194C236893F8263043B90BF023FC2068A3
:10BE30001649838C0C305943F6F70CFA236893F8B3
:10BE40002610294383F8261038BD0F4B186890F848
:10BE500026100029F8D021EA050180F826100029D3
:10BE6000F2D10C30BDE83840F8F7D2B9064B18686B
:10BE700090F82630002BE7D0838C04490C305943CE
:10BE8000BDE83840F6F7E6B93001002040420F0027
:10BE900037B50D4614460AF04BFDC0B9FF232B7091
:10BEA00023700224184B0093022201233721EC2037
:10BEB000F8F7D8FC44B1154B0093019401230022FC
:10BEC000FD21EC20F8F7CEFC204603B030BD02681F
:10BED000937E122B10D002D3213B022B0ED90123CB
:10BEE0002B70537E122B0BD002D3213B022B09D98E
:10BEF000012323700024D5E70223F1E70323EFE7B2
:10BF00000223F6E70323F4E794890201E26C0201BD
:10BF1000F8B51E4E90F85020336803EBC203044678
:10BF2000D3F80C7267BB09F033F80546846006F05D
:10BF30003DFB2F6094F85020336803EBC202D2F827
:10BF400010226A6094F8502003EBC203D3F8103239
:10BF50001D6094F85020336803EBC202C2F81052FF
:10BF600094F85020134493F81C22013283F81C22C9
:10BF700009F042FF20460121BDE8F840FEF724BD4C
:10BF8000BB689C42F6D03F68CCE700BF940100201C
:10BF900030B51B4B91F845401A6864F30C221A60C7
:10BFA0001A68047864F305021A601A686FF34D3258
:10BFB0001A60144A4588146865F30F041460124C23
:10BFC0000D6C256091F8445010490C6865F3040429
:10BFD0000C6019686FF3C7111960196841F04001CE
:10BFE000196019684C06FCD419684900FCD5126820
:10BFF000C2F3054242711B68C3F30563037130BD90
:10C0000054340141B0340141583401415C340141A0
:10C0100010B50921044600200AF0A0FD68B31423DE
:10C020000373193B437300238373B4F85831A0F8AA
:10C030001130B4F85A3144F29022934281BF6FF02C
:10C040006F03C3744223037598BFA0F8133094F8AC
:10C05000EE3088BFA4F85A211B070FD56FF06F038D
:10C06000C37342230374D4F8B43144F290220146DE
:10C070005A802046FCF748FF012010BD4823C373B7
:10C0800008230374D4F8B43140F64802EFE7A62A37
:10C090001B4B1C4A1A604FF650429A814FF44032B3
:10C0A0005A601A46D369002BFCD1154A136843F035
:10C0B00002031360D369002BFCD1134B00221A62D8
:10C0C0009A62DA6283F8342083F83C209A63DA8734
:10C0D0001A609A60DA601A751A779A61084B5B6881
:10C0E00003F00703012B084B14BF802240221A6380
:10C0F0001A61034B80229A7504229A75704700BF1B
:10C10000000C004004011040F431012070B50546D8
:10C110000C460AF0FFFD194B1A68194B1B6893F87F
:10C1200051304BB1164B1B68002283F8512001247B
:10C130000BF0F8FF204670BD2368B3F1FF3F1AD023
:10C140006968104800682E68864205D0914203D87D
:10C15000002323600124EBE7501A834203D8002315
:10C1600023600124E4E79B1A0B44236028460BF06C
:10C17000D1FC0024DCE70024DAE700BF68350120A9
:10C18000343501205C35012073B5044601916846C1
:10C190000D4601A90BF0D2FE01A90DF102000BF032
:10C1A000CDFEBDF80230019A062B1AD8DFE803F065
:10C1B0000B040B190D111500114B1B681B68BDF802
:10C1C00000102046984702B070BD0D4B1B689B685D
:10C1D000F5E70B4B1B685B68F1E7094B1B68DB68F5
:10C1E000EDE7074E336829465B69204698470128EA
:10C1F000E9D0336829461B6920469847E3E700BF2A
:10C20000AC00002073B51B4B019006460093022240
:10C2100001230C21EC20F8F725FB0CF03BFBE0B9E7
:10C22000154D2868314604300CF034FD00B390F809
:10C23000F83093B990F8F9407CB928683146043059
:10C240000CF028FD2B680146181DFCF70DFE01209F
:10C250000CF018FB204602B070BD0C24074B009375
:10C26000019401230022FF21EC20F8F7FBFAF1E70B
:10C270004224F3E7E6710201EC00002014590201A8
:10C2800073B51B4B0093022201230D21EC20F8F71C
:10C29000E9FA0CF0FFFAF8B9164B1D686C682346F2
:10C2A0000BB9043510E093F8F820AAB993F8F920F7
:10C2B00092B91B68F4E7237C2668F02B03D0214653
:10C2C0002846FCF7D1FD3446002CF4D101200CF0B7
:10C2D000D9FA204602B070BD0C24074B009301949C
:10C2E00001230022FF21EC20F8F7BCFAF1E700BFA0
:10C2F000F8890201EC0000201459020173B51C4BAF
:10C3000001910D4600930446012302229521EC2061
:10C31000F8F7A8FA0C2D174E13D1D4F884311BB1BD
:10C3200002212046FCF7AEFCE26B336851781B69B2
:10C33000204698472946204602B0BDE87040F4F7F1
:10C3400059BDD4F874311BB100212046FCF79AFC8A
:10C35000D4F87C311BB101212046FCF793FC3368F3
:10C36000052D94BFDB689B6820469847E2E700BF35
:10C37000E8750201C035012002292DE9F04105468A
:10C380000F4603D1C66B96B9BDE8F08141B10129D2
:10C39000FAD110F1D00615D1002385F8C430F3E7A7
:10C3A00010F1C8060ED1002385F8B430ECE734361E
:10C3B00008D1002FF7D0022FE6D1EB6B002283F8D3
:10C3C0003020E1E7346814B9012FF2D1E4E7A06826
:10C3D000D4F800800CF038FED4E9002342B1536059
:10C3E000D4E9002320461A600CF02EFE4446EAE70A
:10C3F0007360F5E713B50388019304461A4B009365
:10C40000EC20012302224E21F8F72CFA20880AF0B2
:10C410008FFA10B300686288D0F8B8311A80A28809
:10C420005A80E2889A802289DA8062891A81A289F8
:10C430005A8190F8E430112B11D10CF013FA80B925
:10C4400007240A4B0093019401230022FF21EC20D2
:10C45000F8F708FA204602B010BD0224F1E70C24D8
:10C46000EFE70024F6E700BF5C670201625E0201AD
:10C47000D3B5194B01681B681A46F2E9166799652E
:10C4800001791171D3E9160202F01F01C3E9160107
:10C49000124B1C6844B1124B1C692CB1B94208BF45
:10C4A000B04216D0A04704460E4B0093022201234F
:10C4B0001F21EC20F8F7D6F944B10B4B00930194FF
:10C4C00001230022FD21EC20F8F7CCF9204602B030
:10C4D000D0BD0024E8E700BF38010020380200206A
:10C4E00004020020985E0201B05E0201184A194B56
:10C4F00011881279DA70184AA3F8011012681146EF
:10C5000051F8020F586089881981117A1970918C3D
:10C51000D98292F82610997210490988D981104958
:10C5200009881982518D928D5A820E4A9982126819
:10C53000D2E91601C3E90A01114631F8080F8978DA
:10C5400099761883D17AD972127B1A73704700BF1B
:10C55000B6010020F039012030010020C001002088
:10C56000B40100203801002070B50D46164604467F
:10C57000B8B34FF0006190F8500009F0DDFC0021E5
:10C580002046FBF70FF91DB9637843F01003637081
:10C590002378A580012B18D8637843F002036370D9
:10C5A000204601F035FE204600F080FA20460AF0D1
:10C5B0009BF994F850004FF0007109F0BDFC204643
:10C5C0000021BDE87040FBF7EDB8A37843F001030C
:10C5D000A37036B1204600220421BDE8704004F06B
:10C5E00091BB70BD52433A416464526571205072F0
:10C5F00065656D7074203078253032782C707269E2
:10C600006F726974793A25642C706572696F646918
:10C6100063616C3A25642C636C6B3D307825303453
:10C62000780052433A416464526571204E6F726DD6
:10C63000616C203078253032782C7072696F7269A5
:10C6400074793A25642C20706572696F646963613E
:10C650006C3A25642C636C6B3D307825303478005F
:10C6600038B5054608F094FC8560044605F09EFF49
:10C6700095F850300022012B174B22601A6823D105
:10C6800095F8511002EBC101D1F88C11616095F859
:10C69000511002EBC102D2F88C21146095F85110B0
:10C6A0001A6802EBC102C2F88C4195F850201B6851
:10C6B000134493F8F821013283F8F82101232B70F9
:10C6C000BDE8384009F098BBD2F8F42162601460EC
:10C6D0001A68C2F8F441E8E794010020F8B506466C
:10C6E0000C200F460CF0AEFC0446C8B10025856056
:10C6F00005604560067238460CF0A4FC206078B1F5
:10C7000029463A460BF0B2FE0C200CF09BFC054685
:10C7100060B920680CF098FC204605F0E3FB03E0CC
:10C72000204605F0DFFB00252846F8BD043E084BF7
:10C730006360012E846002D8204607F0C1F8002310
:10C740002B60044B5A686A6015605D602546EBE714
:10C75000B39002019C01002030B4C4788278034673
:10C76000FCB9082A14D1C56D0A68C5F8802105F501
:10C77000C0744A6862608A68A260CA68E26090F821
:10C78000572052B190F85320022A03D107229A7001
:10C7900030BC704730BCF5F739BC184630BCEDF7FB
:10C7A000F7BB062AF4D1C56D0A68C5F8C02105F5A6
:10C7B000E0744A6862608A68A260CA68E26090F8C1
:10C7C0005720002AE9D090F85320022ADED030BC4E
:10C7D000F6F7E4BE30B5C4B285B0012C019222D088
:10C7E0001CB1022C2CD000241AE001A902A80AF0E6
:10C7F0004FF901A903A80AF04BF9039B9B040FD53D
:10C80000012009F0D3FE4FF6FF710446012005F028
:10C8100089FE2146012009F0DBFEFBF74BFF0446B1
:10C82000204605B030BD084D00242046013429467D
:10C83000E4B20AF0EFFB082C05F10605F5D1D2E7CA
:10C8400002480BF07DFDCEE766320120E034012086
:10C8500038B590F86C301B4D13F02003044629D0F6
:10C8600009F0D9F9184B94F8F5101A6861F307022A
:10C870001A601A6894F8F61061F30F221A601A68A9
:10C8800094F8F71061F317421A601A6894F8F810D8
:10C8900061F31F621A605A6894F8F91061F3070295
:10C8A0005A602B6843F000732B6094F82100043029
:10C8B000C0B238BD2A6863F359622A6090F821003B
:10C8C000F7E700BF3034014190340141F0B507462D
:10C8D00085B041200CF0B6FB054678B30646002330
:10C8E00006F8013B164C2368986810214030FEF78B
:10C8F00037FD23684022394698680AF09BFF236879
:10C900002022996830460AF095FF26682022B168F7
:10C9100005F121000AF08EFFB0686B4641222946DE
:10C920004030EFF703FD28460CF08EFB23689B6830
:10C93000012283F85020684604F00CFA05B0F0BDDF
:10C94000A401002073B51A4B1A4E0190022204462E
:10C950000093EC2001230D460021F7F783FF306898
:10C96000214604300CF096F90246A8B13068214601
:10C9700004300CF08FF9012280F840202A68C0F8BA
:10C98000412090F8F840AA88A0F845206CB1022117
:10C9900009F046FA002408E0074B00934224019472
:10C9A0000123FF21EC20F7F75DFF204602B070BDA8
:10C9B000F7580201EC00002014590201F8B5194E95
:10C9C000346807465CB3FF20F9F770FA054650B9A2
:10C9D000154B1A781ABB01221A7014491448BDE885
:10C9E000F840F5F737BC627B2169284605F0EAF983
:10C9F0002A46617B3846F0F729FE88B109480BF0DA
:10CA0000FFFD237B43F00403237304F02BF9346808
:10CA1000002CE8D1284607F0A7FD002CD8D1F8BD9E
:10CA20000124F7E75401002026360120A0860100EA
:10CA30006801002052433A436C656172526571206F
:10CA40004E6F726D616C203078253032782C7374A3
:10CA50006174653D25642C636C6B3D307825303402
:10CA6000780052433A436C656172206120636F6EB7
:10CA700074696E7565205265710052433A436C6566
:10CA8000617252657120507265656D70746976656A
:10CA9000203078253032782C73746174653D2564BC
:10CAA0002C636C6B3D30782530347800F8B51C4E23
:10CAB00090F85020336803EBC2030546D3F80C42CC
:10CAC000F4B105F073FD276809F096F9A3689D425B
:10CAD00024D105F06BFDD4E90032BBB15A60D4E932
:10CAE00000231A6095F850203368134493F81C22F1
:10CAF000013A83F81C2209F07FF9204606F0C2FEB5
:10CB000028460021BDE8F840FDF75EBF95F85010BB
:10CB1000336803EBC103C3F81022E0E73C46CFE7DC
:10CB20009401002070B50378054613B1012B11D094
:10CB300070BD194E3368DB68002BF9D0847824B9B6
:10CB4000033098473368DC60F2E72046BDE8704068
:10CB500006F0CEB9022008F061FE044688B1AE7836
:10CB6000B6B9C06D2022E91C2F300AF063FEA3780D
:10CB700084F85360072B04D1E37820462BB9F5F7EE
:10CB800045FABDE8704005F0DDBDF6F707FDF8E7B2
:10CB9000304606F0ADF9F4E7A401002007280CD8D0
:10CBA000DFE800F0040C12181E242A30184BD3F8CA
:10CBB000642F61F31042C3F8642F7047144BD3F80D
:10CBC000642F61F35142F6E7114BD3F8642F61F300
:10CBD0009242F0E70E4BD3F8642F61F3D342EAE7B9
:10CBE0000B4BD3F8642F61F31452E4E7084BD3F8EE
:10CBF000642F61F35552DEE7054BD3F8642F61F3E0
:10CC00009652D8E7024BD3F8642F61F3D752D2E79C
:10CC100000240141012970B506460D4603D9FF29BC
:10CC200021D000202AE0084604F07EFC0728F8D82E
:10CC3000134A062313FB002332681A60B2889A80D5
:10CC40002946FFF7ABFF0522092313FB00230D4AFA
:10CC50003168134400EBC00419601444B188998012
:10CC6000257101200AE0084B9B78DB07F9D40846C0
:10CC700004F05AFC07288CBF0020012070BD00BFC3
:10CC8000003301419C390120E435012007280BD8ED
:10CC9000DFE800F0040B11171D23292F184BD3F8E0
:10CCA000643FC3F300430B707047154BD3F8643FE8
:10CCB000C3F34043F7E7124BD3F8643FC3F3804319
:10CCC000F1E70F4BD3F8643FC3F3C043EBE70C4BE2
:10CCD000D3F8643FC3F30053E5E7094BD3F8643F4F
:10CCE000C3F34053DFE7064BD3F8643FC3F38053ED
:10CCF000D9E7034BD3F8643FC3F3C053D3E700BF76
:10CD0000002401412DE9F041194C1A4D23682A787D
:10CD10001A7040F243180B27002620680378F3406E
:10CD2000DB0716D52722E91938440AF083FD20686D
:10CD30003146384404F01EFC23680F4A3344925DA8
:10CD4000DA70236805EB0802434411681960928881
:10CD50009A800136082E07F1270708F10608DCD172
:10CD600068780AF067F92368AA789A70BDE8F081BC
:10CD7000B00100202438012027380120438B222BCA
:10CD800004BF23238376428B40F223139A420AD1B5
:10CD900022238376164B1A8842F003021A801A88DF
:10CDA00042F0100212E0837E122B12D004D8112B15
:10CDB0004FF0010006D07047222BEBD0232B0ED072
:10CDC000012070470A4B1A8860F301021A80002084
:10CDD0007047074B1A88022161F30102F6E7044B02
:10CDE0001A8842F003021A801A886FF30412EDE7E2
:10CDF000C034014170B504461646856B026C5AB9C1
:10CE000003681BB100200135A56370BD8068FDF784
:10CE1000F1FB0023A360F6E76EB940680AF00AFD53
:10CE20006368226C13446360A268934219D3236839
:10CE300063603046E7E7C0680AF0FCFC226C5242AF
:10CE4000E3681344E36021688B4202D2A3681A446A
:10CE5000E260022E01D00020D5E725B1013D00207F
:10CE6000D1E73046CFE70020CDE7F8B50C461F46A6
:10CE7000064615460AF00EF840F6C4139C4211D03F
:10CE800003F2E2439C420FD040F2E2418C420CBFDD
:10CE900004210021052FB38A08D101EB8301013958
:10CEA0000844F8BD0821F5E70C21F3E7B5F5AB7FA1
:10CEB00012D007D8A5F1FA025542554101EB830182
:10CEC000491BEDE7B5F5517F08D040F2E662954287
:10CED0000CBF06250025F1E70225EFE70325EDE766
:10CEE0007FB50689B6F5706F30D2C46821888B1F74
:10CEF0009BB240F67A40834228D86288931F9BB247
:10CF0000834223D8914221D8A388B3F5FA7F1DD25A
:10CF1000E3880A3B9BB240F67642934216D83046ED
:10CF200007F09EFE054688B1837C8BB9ADF80060A2
:10CF30002368CDF802306368CDF80630684606F005
:10CF400095FE08B90123AB7404B070BD0320FBE764
:10CF50000120F9E770B5867A012E31D8008908F0F2
:10CF600047FC054670B3C16D61B34B785B0729D5AB
:10CF700026B10C21BDE87040FDF790B9C3782BB9FC
:10CF800001F5E871BDE8704002F000BD0C79A4B174
:10CF90000E71C16D01F5C87102F0F8FC044640B98C
:10CFA000EB6D0246A03301462846FBF775FD20468F
:10CFB00070BD334632460121F6E701238B70F6E758
:10CFC0000324F4E70124F2E773B50C4608F028F8CF
:10CFD000054678B323888088023383422CD8EB7CC3
:10CFE000082B29D10BF0F1FF064608B300F110031E
:10CFF000092101A801930BF023FEA17801A80BF0F1
:10D000001FFE2146019831F8032B0CF023F82188EC
:10D010000231324689B228460AF021F9044618B98D
:10D02000E874204602B070BD30460BF0FBFFF8E715
:10D030000224F6E70324F4E70124F2E72DE9F043A4
:10D0400087B004AD914698460E460746039501F019
:10D0500025FF0446014603A8ADF808708DF80A6064
:10D060000BF0EEFD394603A80BF0F0FD314603A8A6
:10D070000BF0E6FD99F8001003A80BF0E1FD98F81D
:10D08000001003A80BF0DCFD02AB00930195042314
:10D09000062242F2760140F2011008F0B7FA034B83
:10D0A00033F8140007B0BDE8F08300BF4CB10101B4
:10D0B00010B5C288012A10D014B214B1022A2AD0A5
:10D0C00010BD008908F094FB0028F9D023462246C1
:10D0D0000221BDE81040FBF7DFBC022008F09EFBF8
:10D0E0000F4B1B68DA6804465AB10BF093FF002817
:10D0F000E6D0002CE4D020460821BDE81040FDF722
:10D10000CDB80028DCD0C06DD978EB300BF084FFAF
:10D110000028D5D0EFE7BDE8104005F013BB00BFF5
:10D12000A401002038B51A4C1A4D236813F0100FD3
:10D130001AD0236823F073032360236843F00C03A1
:10D140002360032007F04AFC2B6823F073032B6055
:10D150002B6843F00C032B60052007F03FFC0520F3
:10D16000BDE8384007F03ABC2B6823F073032B600E
:10D170002B6843F00C032B60032007F02FFC23687F
:10D1800023F073032360236843F00C032360E3E779
:10D19000283A0141203A014110B5194B048E1A6812
:10D1A000418E64F30F021A601A6861F31F421A601D
:10D1B0000C3B1A686FF34D321A60124AB0F85C40AB
:10D1C000116864F30F011160196841F08001196062
:10D1D0000D49046C0C6090F84440486864F3040006
:10D1E0004860196841F04001196019684806FCD48C
:10D1F00019684900FCD51068C0F3054010BD00BF98
:10D2000060340141B034014158340141F7B500EBBD
:10D2100081060546B36993F804311446A3B901AAFF
:10D220006946608907F064FD70B1009AA389978907
:10D23000B069BB4201D9072304E0E289D118B942A1
:10D2400009DD0D2380F8043195F83B30013385F872
:10D250003B3003B0F0BDB3F5807FECD8B1F5807FF3
:10D26000EFDC0433616818440AF0E4FAA189E38929
:10D27000B2690B4451888B42C8BF5380E4E770B554
:10D28000037813F0010618BF062613F0020518BF35
:10D2900006259A0813F0100418BF032402F00202B6
:10D2A00013F02000C3F3801343EA020303F10203E7
:10D2B00033441D4418BF12202C444B7A2044C0B282
:10D2C00053B10930C0B20B790A2B09D00ED30D2B04
:10D2D0000CD8C043C0B270BD022808BF0120F2E7DD
:10D2E0000B6893F84730063B032BF1E70020F2E789
:10D2F00038B5837C1D2B04461CD1002383744FF466
:10D3000082700BF09FFE054648B1142303702388FA
:10D31000838006F0F5F80421284608F05DFE04F14C
:10D320007400F6F775FF4FF482700BF08BFE054624
:10D3300008B9208238BD0C23037023888380238A98
:10D34000C380122B08D10023238206F0D9F8284687
:10D35000BDE838400BF078BE0421BDE8384008F045
:10D360003BBE002A141403030301010A0603033C15
:10D37000131303030301010A0603033C1212020202
:10D380000201010A0502023C111102020201010A16
:10D390000502023C121102020201030B05020246C1
:10D3A000131203030301050C0502024613130303C2
:10D3B0000301060D05020246141403030301070EC0
:10D3C000050202461F1F1C1C1818141414141414F0
:10D3D0001414141430B50589B5F5706F85B02DD2CD
:10D3E000C46821888B1F9BB240F67A40834225D8BF
:10D3F0006288931F9BB2834220D891421ED8A38893
:10D40000B3F5FA7F1AD2E3880A3B9BB240F6764224
:10D41000934213D8284607F023FC78B1084BCDF887
:10D420000A30ADF800502368CDF802306368CDF8BB
:10D430000630684605F0DCFB05B030BD0320FBE795
:10D4400010002000F7B5044600890BF0E7FD78B323
:10D450002689304608F098F8074628B316206489D4
:10D460000BF0F0FD054608B300F11003132101A8ED
:10D4700001930BF0E5FBB97901A80BF0E1FB022168
:10D4800001A80BF0E3FB214601A80BF0DFFB2A46C5
:10D490000621304607F0F9FE044610B128460BF08D
:10D4A000D3FD204603B0F0BD0124FAE70224F8E7DB
:10D4B0000424F6E738B5008908F09AF9044668B301
:10D4C0008378022B2AD1FCF705FA054670B920466D
:10D4D00001F0F2FEE26D5378022B15D1104B1B6860
:10D4E0001B78022B04D1204604F020FD284638BDCD
:10D4F000042B07D192F8E430022B2046F4D109F036
:10D5000060FBF3E72046FAE7032BEFD194F857309E
:10D51000002BEBD1204609F065FBE7E70325E5E7A3
:10D52000A401002038B5194C90F847202273027EE0
:10D53000627390F82120A273B0F81920A4F80F208C
:10D540000246054652F81B1FC4F811109288A4F831
:10D550001520B0F8B0202AB1D0F8AC1004F11800B2
:10D560000AF068F9B5F8C020B5F8B030E37522B11B
:10D57000D5F8BC1006480AF05DF9B5F8C03084F85B
:10D58000FE3095F8943084F8E53138BD2C36012012
:10D590002B37012073B50446866806F045FA94F8E7
:10D5A000FA30012B12D1144B1A686FF300021A6083
:10D5B000A3F24C4321461A686FF3DB6200201A6025
:10D5C000FBF70EFB21460020F5F746FC0B4B0C4900
:10D5D0001B88ADF8043000256B46082284F8FA5009
:10D5E000012000968DF8060000F0E2FE2846F2F7D2
:10D5F00027FB02B070BD00BF583E0141DA01002098
:10D600000000010138B590F8F430184D13F0020312
:10D61000044625D008F0FFFA154B94F8FA101A6862
:10D6200061F307021A601A6894F8FB1061F30F2285
:10D630001A601A6894F8FC1061F317421A601A68AD
:10D6400094F8FD1061F31F621A609A8894F8FE1036
:10D6500061F307029A802B6843F080632B6038BD2A
:10D660002A6863F39A622A60F9E700BF3034014107
:10D67000B434014152433A505F666C673D307825BF
:10D680003038780052433A7072693D25642C636CDF
:10D690006B3D3078253034780052433A4E5F666CEB
:10D6A000673D3078253038780052433A7072693DD2
:10D6B00025642C636C6B3D3078253034782C636F97
:10D6C0006E743D300052433A7072693D25642C639C
:10D6D0006C6B3D3078253034782C636F6E743D313F
:10D6E00000300000037A5BB310B4428803889A428A
:10D6F0001DD3C18884888C4219D8052B17D9B2F55F
:10D70000486F14D8B1F5FA7F11D2104B1B68012273
:10D7100083F82A2002881A8442885A8482889A844C
:10D72000C288DA84027A83F82820002005E0074BBB
:10D730001B68002283F82A2003205DF8044B704701
:10D74000024B1B68002083F82A0070470035012037
:10D7500070B583681888A0F1200292B243F6E07495
:10D76000A24224D85988A1F1200292B2A2421ED826
:10D7700088421CD81E79042E19D81D7B6A1E062AE1
:10D7800015D85C7B032C12D80A4A10805180167180
:10D7900055719471084A53F8050F1168886201F1B8
:10D7A000280299889B7993719180002070BD032095
:10D7B000FCE700BFA83401209C00002030B58BB0EE
:10D7C00003790593C3780493837803934378029392
:10D7D00003780193114B0093044602231A468D21CE
:10D7E000EC20F7F73FF82068237908908DF8243073
:10D7F000002507AB09220A490795022000F0D8FD51
:10D80000C4B23CB1074B00932A4601238E21EC2081
:10D81000F7F728F820460BB030BD00BF5C1C0201B2
:10D8200002000100881C020130B5172185B00546B1
:10D83000002009F093F9044650B30C2101A8FDF72C
:10D840008FFD01AB03CB05F58572039BC5F80A017B
:10D850005160C5F81A3129460323237351F8FF3F5D
:10D86000C4F80D304B68C4F81130B5F80831A4F88D
:10D8700015301368C4F817305368C4F81B30D5F856
:10D880001A31C4F81F3028462146FBF73DFB012022
:10D8900005B030BD38B50024124B05462146242280
:10D8A0001148C3E900430AF0E1FD104B104A1C6027
:10D8B000104B01211C70104B08461C700AF0AEF989
:10D8C0000E480BF0F5FB2869FDF794FE02F09AFE76
:10D8D00004F050FB09F05AFF21466868BDE8384063
:10D8E00006F02AB89C010020C4320120D435012062
:10D8F00001FD0101F800002034010020D54602019D
:10D9000030B5174D02682B68C3F802208288DA8090
:10D910002B68012289B01A725B6C0446984710B1DB
:10D920002B681B6C984700231A460E49022000F012
:10D930003FFD6379069323790593E3780493A378F5
:10D9400003936378029323780193074B0093022299
:10D9500001231A21EC20F6F785FF002009B030BD25
:10D960003001002002070100304F020113B5174BB0
:10D970000093022201232321EC20F6F773FF0BF022
:10D980001FFA20B903F042FE002002B010BD104C77
:10D9900023689B6C984760B92368DB6C984740B953
:10D9A00023681B6D984720B923685B6D9847002852
:10D9B000E8D00C24074B0093EC20019401230022B3
:10D9C000FF21F6F74FFF2046DFE700BF928E0201EE
:10D9D00030010020CE7C020137B5174B174C019067
:10D9E00000930546012302222721EC20F6F73AFF97
:10D9F00023689B6C9847A0B92368DB6C984780B973
:10DA000023681B6D984760B923685B6D984704468F
:10DA100038B9012D08BF284609F00CFB204603B099
:10DA200030BD0C24064B0093019401230022FF21FA
:10DA3000EC20F6F717FFF1E7F47002013001002047
:10DA4000CE7C0201F8B50E46074615460AF082FC68
:10DA50000028114630460CBF0024092405F0D6FEEC
:10DA6000F8B9BCB9104B20460A2200BF02FB00F1F6
:10DA700031F803C0BCF5706F0ED15A18033117800E
:10DA800096700B442A681A60AA889A80074A13780D
:10DA9000013313702046F8BD01300828E6D11F2459
:10DAA000F8E70B24F6E700BF5431012024360120AB
:10DAB00070B5184D2C6824BB30200BF0C3FA2860D9
:10DAC00008B9002070BD302221460AF0CFFC124C6C
:10DAD00026684EB918200BF0B5FA20600028F0D067
:10DAE000182231460AF0C2FC226800231360226823
:10DAF000C2E90133D3602A680120C2E90133D3604F
:10DB0000E0E7002420460134E4B2FAF77FFD082C58
:10DB1000F8D1DCE7A8010020A8000020FF282DE9AB
:10DB2000F84F80468A4617464FF00005144B05D142
:10DB30001570987800F00100BDE8F88FD3F80090D8
:10DB4000104E680029FA00F000F00304012C5FFA7F
:10DB500085FB0CD106225146701D09F05DFE30B9DF
:10DB60003379434503D187F800B02046E4E7013517
:10DB7000082D06F10906E4D107233B700020DBE7FE
:10DB8000E43501209C3901202DE9F843DFF860904D
:10DB900040F243174FF00B08002500BFD9F80040B2
:10DBA0002378EB40DB0711D5104E272206EB080047
:10DBB00004EB080109F03EFE6319DA78F31C3E44D9
:10DBC0005A55E3191A6832609B88B3800135082DD5
:10DBD00008F1270807F10607E0D1044B22781A70F4
:10DBE00062785A70A2789A70BDE8F88324380120D0
:10DBF000B00100200F2A38B505460C4626D190F812
:10DC0000E43013BB3020F8F751F9C5F8B801E0B1A2
:10DC1000B4F801300383B4F803304383B4F805301B
:10DC20008383B4F80730C383637A80F82030638934
:10DC30004384A3898384E389C384238A0385638A15
:10DC40004385A38A8385E38AC38538BD90F8E23093
:10DC5000112B01D0032BF8D1D5F8B401D7E7882BCD
:10DC600070B5C2B0044640880BF036F9B0B1054635
:10DC70006288616809F0DEFD2378042B10D0002251
:10DC80008DF8042023788DF805306388ADF80730CF
:10DC9000CDF8095001A90B480AF008FA42B070BD4E
:10DCA0002B78122BEBD1A87A80000BF015F90646E1
:10DCB0000028E4D0AA7A9200696809F0BBFD6E6082
:10DCC000DDE700BF68000020174BDA6822F4E0624D
:10DCD0001204120C42F0BF6242F40032DA60BFF369
:10DCE0005F8F62B6E02183F82310104A82F8001398
:10DCF0000120106082F803130820106082F80F13CF
:10DD00004FF4004111605A6A42F480225A625A6903
:10DD100042F010025A615A6A42F400325A625A6A58
:10DD200042F480325A62704700ED00E000E100E00A
:10DD300038B505460C46154B1B7843B1FDB90CB3FD
:10DD4000134B93F900305BB14FF0FF3038BD1148F1
:10DD500009F074FE01280FD10C4B01221A70EDE777
:10DD6000A0680B4B986062685A6002211970536872
:10DD7000216898470020E9E74FF0FF30E6E74FF0D1
:10DD8000FF30E3E74FF0FF30E0E700BFFF34012052
:10DD9000783401200C35012070B50E46054638B1A7
:10DDA00002F0E4F90446C0B90146012007F0D6FBB1
:10DDB000284604F0DDFE044678B9104B19680A784D
:10DDC0006DB922F001020A70186800F5DA70F6F7F2
:10DDD0001FFA2146204607F0C1FB204670BD42F0E5
:10DDE00001020A70002EF8D0186842F210717143D7
:10DDF00000F5DA70F4F72EFAEFE700BF9C00002080
:10DE0000098B0201758E0201758E0201758E020169
:10DE1000758E0201098B0201098B0201758E0201C8
:10DE2000758E0201758E0201758E0201758E0201DA
:10DE3000758E0201758E0201758E0201758E0201CA
:10DE4000758E02010DB9010195200201098B0201B5
:10DE5000098B0201098B0201758E0201758E020188
:10DE6000758E0201758E020170B5164D2E68B3686D
:10DE70002C463BB12268D37873B11348FEF726FDD8
:10DE8000002070BD51200BF0DDF82B68B0609B685E
:10DE9000002BEFD10220F4E79268022082F8503084
:10DEA00007F0BCFC054658B920681030F6F7B0F909
:10DEB0002368064883F82850BDE870400AF04ABD40
:10DEC0000720DEE7A4010020302F0201CDC80101A8
:10DED000F8B500260E70C3885A1E0D2A05460F4657
:10DEE00003D8BDE8F840F7F703BD103B072B03D874
:10DEF000BDE8F840EEF7BABD4FF482700BF0A2F81F
:10DF00000446B8B1A88807F08BF890B1AB7AC37417
:10DF10000A232370AB88A380EB88E380AB7A23725B
:10DF20002B8963812046042108F056F801233B70B9
:10DF30003046F8BD8020FCE773B50546044600F185
:10DF40002006A3692BB301AA6946188806F0D0FE03
:10DF5000E0B1A369194631F8042B032A1CD05A8872
:10DF6000009B586809F066FC009BA2699B68528878
:10DF70001A80009B9B7B9B0605D5A169284631F83A
:10DF8000042BFCF709FCA0690BF05EF80434B442E2
:10DF9000D7D1002002B070BD987807F05FF9E8E7AC
:10DFA00037B5044600890BF039F838B32089E568A5
:10DFB00007F036F8044618B32B78132B08D1C37C2E
:10DFC000122B1FD103F0E0FB00B9E07403B030BDA9
:10DFD000172B0BD1C37C162B14D1A988EB886A8828
:10DFE000009105F1080100F019FBEDE7192B09D1AB
:10DFF000C37C182B06D102F053FCE5E70420E5E7CB
:10E000000320E3E70120E1E7202837B5054628D8BB
:10E0100009F0B2FA144A042D98BF136812689DBF24
:10E020001B68B3FA83F35B09012302EBC302146894
:10E0300044B12168116001B952601BB1237943F0EA
:10E040004003237108F0E8FA44B9084B00930195A6
:10E05000052322460321EF20F6F704FC204603B0F7
:10E0600030BD0024FAE700BF98350120A0820201EC
:10E0700000B593B041F20303ADF8003090F8F230F0
:10E080008DF804106FF3000380F8F2300388ADF8C8
:10E090000630A9B990F8E230112B01D0032B02D140
:10E0A000D0F8B4310BB9D0F8B8319A8A1B69029311
:10E0B000ADF80C20684606F027FB13B05DF804FBB2
:10E0C000D0F8B4315A88ADF808209A88ADF80A2003
:10E0D000DB88ADF80C30EDE725292DD8DFE801F01D
:10E0E0001313132C1F2C13132C132C1313132C2C5E
:10E0F00013132C132C132C13132C2C2C2C2C132C0F
:10E100002C2C2C2C131390F8F2305A0714D56FF3E3
:10E11000820380F8F23000F5B070F6F779B8C37D6D
:10E1200053B990F8F230054943F0040380F8F23017
:10E1300000F5B070F4F78EB8704700BF005A620265
:10E1400030B5164D8BB0042107202C68FEF7C6FAB7
:10E150002B6820641A6CFAB1114951601A6C13686B
:10E160001A60104A0992002448F6B802CDE9042248
:10E17000CDE906444FF440622968009203941B687D
:10E18000089348316846F5F703F92B68986CF3F764
:10E1900083FD20460BB030BD0720FBE7380100208F
:10E1A000DD280201BD1F020170B50E4690F8371040
:10E1B00040F2E24304464B43B2B12033C0F88C3006
:10E1C0000025204600F02AFF4FF49C73B0FBF3F2C9
:10E1D00003FB1203C4E92032E37D73B902366423E2
:10E1E0002667C4F88C3070BD058F03F2822300359A
:10E1F000C0F88C3018BF0125E3E7D4F88C3040F22A
:10E200007222761B02FB05352667C4F88C50EAE7BC
:10E21000F8B5184E90F8503032684433044652F83E
:10E22000337007BB06F0B4FE0546846004F0BEF907
:10E230002F6094F85020336803EBC202D2F82422F6
:10E240006A6094F8502003EBC203D3F824321D60B7
:10E2500094F85020336803EBC203C3F82452BDE89E
:10E26000F84007F0C9BDBB689C4201D03F68D8E7C1
:10E27000F8BD00BF9401002010B5184A047802F5DB
:10E280008453596964F30F2159615969447864F3DF
:10E29000174159615969847864F31F61596102F526
:10E2A0008453C478996964F3070199619969047981
:10E2B00064F30F2199619969447964F31741996175
:10E2C0009969847964F31F61996102F58453C17976
:10E2D0009A8B61F307029A8310BD00BF00240141AD
:10E2E0002DE9F0479A46174B1C6814F80B6B07464C
:10E2F00088469146002500BF26FA05F3DB0717D5AF
:10E30000237803F00103BB4212D106224146601C70
:10E3100009F082FA60B910224946E01D09F07CFA42
:10E3200030B91022514604F1170009F075FA38B1DE
:10E330000135082D04F12704DED10020BDE8F08767
:10E340000120FBE7B00100204741503A4576742098
:10E350007263762C6E6F20617661696C20636F6EDC
:10E360006E2C2068646C3D3078253034782C206524
:10E37000767449643D307825303278004741503A10
:10E38000457674207263762C6E6F20667265652008
:10E39000636F6E6E2C2068646C3D30782530347865
:0FE3A0002C2065767449643D3078253032780042
:10E3B0002DE9F041074690B20E4615469846FFF704
:10E3C00023FE044628B30279C680330E63F30202AB
:10E3D000330C0271437125B12A464146083009F0D9
:10E3E00029FA032F15D8DFE807F002080C102046A1
:10E3F00006F00EFD0020BDE8F081204603F09EFBF4
:10E40000F8E7204606F01CFDF4E7204603F0BAFBCF
:10E41000F0E71F20EFE7F8B50E4617461D4607F058
:10E42000E7F9044640B390F852303B700020012ECB
:10E4300028700BD194F859302BB994F858301BB987
:10E4400002232B700020F8BD0123FAE7022E08D129
:10E4500094F85930002BF0D094F85630002BF2D1BC
:10E46000EEE7032EEFD194F85930002BE5D094F865
:10E470005730002BE4D0EFE70320E4E7434D443A64
:10E48000536574457874416476506172616D2C7384
:10E49000657449643D2564004144563A4578742CBE
:10E4A00065767442773D25642C696E74766C3D25E3
:10E4B00064004144563A7072695068793D3078255D
:10E4C0003032782C7365635068793D30782530326E
:10E4D000782C65767450726F703D307825303478C2
:10E4E00000000102030304050506070707070708E4
:10E4F000EFF30980BFF36F8F154B1A681EF0100FF2
:10E5000008BF20ED108A20E9F04F10602DE90900C6
:10E510004FF0200080F31188BFF34F8FBFF36F8F50
:10E52000FAF752FC4FF0000080F3118809BC19681B
:10E530000868B0E8F04F1EF0100F08BFB0EC108A6A
:10E5400080F30988BFF36F8F704700BFAFF300807F
:10E550003435012013B5037A012B27D8447AEF2CE8
:10E5600024D88DF80040EBB90321012006F0F6FF16
:10E570006A460121022000F0B5FF88B9204608F064
:10E5800037FF012805D80A4A012383401078184331
:10E590001070084B1A68137843F0080313700020BA
:10E5A00002B010BD6A4601210320E4E70320F7E72B
:10E5B000E63401209C00002070B5174B1B681E68D4
:10E5C00001250EB9284670BD7468D4E90113187886
:10E5D0000AF0F8F8F289B1890132521A92B2234650
:10E5E00004EB02129A4201D13668EAE7D97B11F0B6
:10E5F000440F01D010280CD011F0660F07D1012D67
:10E6000003D111F0880F18BF02251033EAE7032564
:10E61000FBE70425D6E700BFA80000202DE9F7435B
:10E620005D1DADB207462846884691461E460AF053
:10E63000CCFC044610B300F11003172101A801938C
:10E640000AF0FEFA494601A80AF000FBBDF82810BE
:10E6500001A80AF0FBFA32464146019809F0EAF8AF
:10E6600029462246384608F0FAFD054610B12046F4
:10E670000AF0D8FC284603B0BDE8F0830225F9E78C
:10E68000F0B50E468BB00968CDF80E107168CDF864
:10E69000121007465968ADF80C0018681288ADF8DA
:10E6A000162006AC03C49868D96803C431463846BE
:10E6B000F7F7C4FA0DF10B03019303AB8DF80B00D0
:10E6C000009300221C2342F2190140F2011006F0CF
:10E6D0009DFF9DF80B20024B33F812000BB0F0BDEC
:10E6E0004CB10101F0B58BB003AE0C460746049661
:10E6F000FCF7FCFE0546014604A80AF0A1FA3946DB
:10E7000004A80AF0A3FA2368CDF816306368CDF8A0
:10E710001A30A368CDF81E30E368CDF8223005AB7F
:10E72000009301961223032242F21A0140F20110D3
:10E73000ADF8147006F06AFF024B33F815000BB009
:10E74000F0BD00BF4CB101012DE9F04100F1200600
:10E7500094B00D460A4631468046F4F76DFA03AC94
:10E7600020278DF80B003A464146204609F062F812
:10E770003A4631460BA809F05DF80DF10B03CDE9DF
:10E7800000430122412342F2260140F201108DF89C
:10E790004C5006F03BFF9DF80B20034B33F8120062
:10E7A00014B0BDE8F08100BF4CB101012DE9F34187
:10E7B000804617461C4606F0E3FA064618B323794E
:10E7C000A4F8068023F00F0343F00203237167814E
:10E7D00020460AF047FC054658B908F500510C34AC
:10E7E0000190024600943B4689B24FF4817006F0D6
:10E7F0000DFF064B33F8150010B9B3780133B37031
:10E8000002B0BDE8F0814FF48170F9E7E4870201BE
:10E81000144B70B54FF00072134C144EC3F88421A2
:10E8200023681BB9BDE8704009F004BA08F0A4FEE3
:10E8300025682B68236003B9646007F0EDFE0123AF
:10E840006A7933700A4B284653F82230984795F975
:10E850000430002B02DB284605F0A0FE00233370B5
:10E86000DEE700BF00E100E0DC0000201C360120F4
:10E87000C834012030B585B0154B0093CDE90101B6
:10E8800005460C46EC20012302224F21F5F7EAFF52
:10E89000284608F04DF8A8B1006890F8E430112B34
:10E8A00012D1214607F07EFF80B90724094B00935F
:10E8B000019401230022FF21EC20F5F7D3FF20462D
:10E8C00005B030BD0224F1E70C24EFE70024F6E7A1
:10E8D000724A0201625E02017FB5164B0093CDE9D8
:10E8E000010105460C46EC20012302225A21F5F7CE
:10E8F000B9FF284608F01CF888B106682146304662
:10E9000009F038F8054658B9A6F854416408A6F845
:10E910005641304605F0FFF8284604B070BD022588
:10E92000054B0093019501230022FF21EC20F5F710
:10E9300099FFF1E7A44A0201625E020170B58CB052
:10E94000134B0B9300230993124E079103F271238B
:10E9500006930123029331680F4B08901B680A93BA
:10E9600005463C3102A8F4F713FD044618B9336894
:10E97000D86BF3F791F9094B00930195012302221B
:10E98000D421EC20F5F76EFF20460CB070BD00BF1F
:10E99000950E0201380200203C020020CD840201C5
:10E9A00013B50C4607F0C4FF28B3036893F8402062
:10E9B000227093F84120627093F84220A27093F87D
:10E9C0004320E27093F84430237100240B4B0093F2
:10E9D000022201233521EC20F5F744FF44B1084B16
:10E9E0000093019401230022FD21EC20F5F73AFF6A
:10E9F000204602B010BD0224E8E700BFD16C02013E
:10EA0000E26C02012DE9F0410646174600EBC20513
:10EA1000B94227DAD5F800C04C1E06EBC1031868CE
:10EA2000A0EB0C02520209D5013406EBC402D2E974
:10EA3000008E106058685060C3E9008E08339D4214
:10EA4000EDD1631C06EBC303D3E9000C2A681A60FE
:10EA50006A685A60C5E9000C22463046FFF7D2FFCB
:10EA6000A11CD5E7BDE8F081F0B5054685B01120C1
:10EA70000E460AF0AAFA044630B300F1100303214F
:10EA800003A803930AF0DCF8039A336813607368F1
:10EA90005360B3689360F368D36006270097002340
:10EAA00022461121288805F080FF064640B9EB7800
:10EAB00023B90523AB70304605B0F0BDAF70FAE75F
:10EAC00020460AF0AFFAF6E70226F4E74C32433A62
:10EAD000457674207263762C6E6F206672656520B1
:10EAE000636F6E6E2068646C3D3078253034782C0E
:10EAF00065767449643D307825303278004C324375
:10EB00003A457674207263762C6E6F206176616967
:10EB10006C20636F6E6E2C68646C3D3078253034E9
:10EB2000782C65767449643D30782530327800530E
:10EB30004D503A457674207263762C6E6F20667263
:10EB4000656520636F6E6E2068646C3D307825309B
:10EB500034782C65767449643D30782530327800FD
:10EB6000534D503A457674207263762C6E6F206157
:10EB70007661696C20636F6E6E2C68646C3D3078D2
:10EB8000253034782C65767449643D3078253032F0
:10EB9000780038B5E4F747F80446E3F7EFFCACB982
:10EBA00000B938BD012008F031FF0546012005F00D
:10EBB0000FFD04462946012009F073F9002CF0D01E
:10EBC000012C13D10120E3F7FDFC0FE0012008F038
:10EBD0001DFF0546012005F0FBFC044629460120E7
:10EBE00009F05FF9002CDCD0E4F724F8002005F0F0
:10EBF000EFFCD6E773B5047A04B3C5680023E91FB8
:10EC0000DAB294421FD805F0BDF800262B78003305
:10EC100018BF01238DF800302B46013653F8012F21
:10EC2000CDF801209B88ADF805306846F6B204F0B7
:10EC3000DFFCB44205F10705E8D101E005F0A2F8D8
:10EC4000002002B070BD0133C3EBC3028A5C032A0B
:10EC5000D6D90320F5E7434D443A536574506174A7
:10EC6000684C6F73735265706F7274696E67506130
:10EC700072616D2C48646C3D307825782C6869672A
:10EC80006854687265733D25642C686967684879C3
:10EC900073743D25642C6C6F7754687265733D25E1
:10ECA000642C6C6F77487973743D25642C6D696EA4
:10ECB00054696D653D2564004144563A4C4C2043EF
:10ECC00048432C43684D61703D253032785F2530D4
:10ECD00032785F253032785F253032785F253032E8
:10ECE00078004144563A4F4F4D284C4C2043684DD4
:10ECF0006170205570646174652043684D61703D9A
:10ED0000253032785F253032785F253032785F25C4
:10ED10003032785F253032780004040538B5008938
:10ED200006F066FD044610B90125284638BDC36DBE
:10ED3000002BF9D1C378E3B9F8F790FD0028F3D19F
:10ED4000E36DA27A83F858212346E26D53F8041F3D
:10ED5000C2F859119B88A2F85D312046FBF7E6FA0C
:10ED600005460028E1D1044904F16000F3F772FA86
:10ED7000DBE701F071FCF3E7A064D10102000000C1
:10ED8000F16E0101040000001106010106000000FF
:10ED90000113010108000000C19500010A000000F4
:10EDA000116101010C0000005D3E01011000000036
:10EDB000A1CF000112000000418F020152000000AB
:10EDC000D98102011600000091F600011800000030
:10EDD000415701011E000000F1D2010170B5164D2E
:10EDE00000242B6803EB84031A6992B1D17881B1B6
:10EDF000012656721B6918880AF010F948B1221DC5
:10EE00002B6853F8223031464FF6FF72187800F025
:10EE1000DFFA0134082CE4D14FF482700AF012F9C1
:10EE200040B11022027000228280012282710421EE
:10EE300007F0D2F8002070BDA8010020F0B589B01D
:10EE400006AD16460F46ADF80E000595FDF720F805
:10EE50000446014605A809F0F3FEBDF80E1005A80A
:10EE600009F0F4FE397805A809F0EAFE317805A822
:10EE700009F0E6FE0DF10E03009301950223052231
:10EE800042F2300140F2011006F0C0FB024B33F8B1
:10EE9000140009B0F0BD00BF4CB1010173B50C46C0
:10EEA00016461D4607F044FDF8B1611EC9B2006860
:10EEB00008F0FCFE0E4B307093F901302B700024EB
:10EEC0000C4B0093022201235221EC20F5F7CAFCDF
:10EED00044B1094B0093019401230022FD21EC2051
:10EEE000F5F7C0FC204602B070BD0224E8E700BF81
:10EEF000B6010020F95302011654020113B5154B57
:10EF0000019004460093EC20012302228021F5F7B2
:10EF1000A9FC204607F00CFDA8B1006890F8E43089
:10EF2000213B012B11D806F0DFFF80B907240A4BE3
:10EF30000093019401230022FF21EC20F5F792FCBD
:10EF4000204602B010BD0224F1E70C24EFE70024B4
:10EF5000F6E700BF2076020191600201BD1A3CCDA8
:10EF6000A6B8995899B740EB7B60FF4A503F10D242
:10EF7000E3B3C974385FC5A3D4F6493FE69D350EA7
:10EF8000480103CCDBFDF4AC1191F4EFB9A5F9E92C
:10EF9000A7832C5E2CBE97F2D203B0208BD28915AA
:10EFA000D08E1C742430ED8FC24563765C15525AA6
:10EFB000BF9A32636DEB2A65499C80DC10B5144C16
:10EFC000226892F8383013B304281AD0114909681E
:10EFD00091F9041000291ADAFF2812D1002382F8CF
:10EFE00038300D48F5F714F922681378D9060ED594
:10EFF0006FF3041313702368BDE81040D86BFAF761
:10F0000023B8013BDBB282F83830002BE9D010BDC9
:10F0100038020020380100202002002038B50146C7
:10F02000C07D30B391F82A0008F070FE114B1B68C8
:10F030000246187B08F06AFE4D8F1044684340F288
:10F04000E24404FB00F20C4CB2FBF4F004FB10248D
:10F0500004B101304B7E212B40F2712303FB05F3F9
:10F0600008BF00F28D10A3F19602904228BFA3F1D1
:10F07000970038BD3801002040420F00F8B5164D0A
:10F0800090F8502029684432064651F8324004B9BD
:10F09000F8BD03F08BFA276806F0AEFEA3689E4227
:10F0A00017D103F083FAD4E9003253B15A60D4E99E
:10F0B00000231A6006F0A0FE2046BDE8F84004F0E8
:10F0C000E1BB96F850102B6803EBC103C3F8242270
:10F0D000EDE73C46DBE700BF9401002073B5C36D4C
:10F0E0000446A3B94388012B11D101910DF103000E
:10F0F00001A909F07AFC104B9DF803501B689B791D
:10F100003BB12B0705D403212046FBF7C7F802B01B
:10F1100070BD012684F8545084F85560082009F029
:10F1200091FF01460028F2D0067023888380857104
:10F13000082009F0C2FEEAE7A401002070B50446E9
:10F1400007F088FF01460546204602F013FA04F155
:10F15000170304F1270200BF13F8011BC9B993423A
:10F16000FAD101220C4E33682B442046DA7003F0AA
:10F1700093FB272230680B2312FB053318442146EA
:10F1800008F058FB32680123AB4015781D43157019
:10F1900070BD0022E6E700BFB001002037B504686B
:10F1A000A36F1B0405461AD403F000FAA36F43F4BF
:10F1B0000043A36706F020FED4E9241320465B1A1F
:10F1C000D9B209F0DFFBD4F8903001955B1AC4F88E
:10F1D0009030042201AB08490120FFF7E9F8237DB4
:10F1E0003BB103F0E3F9A36F43F08063A36706F03C
:10F1F00003FE03B030BD00BFA104010110B588B00B
:10F2000004461822002102A809F030F90DF102018C
:10F2100001A806F027FABDF80220019B110423F093
:10F220007043019348BF03F1FF3304939DF8083006
:10F2300058BFADF80C2023F00C0348BF02F2E242A5
:10F2400043F00C0302A9204648BFADF80C208DF80E
:10F25000083009F0FBFB08B010BD70B540B30020CA
:10F2600007F0A4F90646012007F0A0F905460220A0
:10F2700007F09CF904464FF6FF71002003F052F9A5
:10F280004FF6FF71012003F04DF94FF6FF71022098
:10F2900003F048F93146002007F09AF92946012089
:10F2A00007F096F921460220BDE8704007F090B9BA
:10F2B000044605460646DEE738B5C16D91F82C30A8
:10F2C00091F8E85004461D4091F8E90091F82D307E
:10F2D0001840E378CBB9EA3106F056FEE16D2E31E5
:10F2E000284606F051FE94F857306BB1E26D92F863
:10F2F000EA3023F0030382F8EA30E26D92F82E3010
:10F3000023F0030382F82E3038BD2E3106F03CFE88
:10F31000E16DEA31E4E7F52B08B51149012009F068
:10F3200039FA104B1A68D2F8BC3103F0F80343F4F1
:10F33000C06343F00103C2F8BC310B4B4FF008210E
:10F3400019604FF4E061998000219971074BC2F870
:10F350007831074BC2F8FC31BDE8084008F046BFE1
:10F36000807302019C000020A8340120FD6302018B
:10F37000356D02012DE9F341064680880F4614469B
:10F38000984609F022FE054600B300F110034146FD
:10F3900001A8019309F054FCB388013B9C4288BF4B
:10F3A0009CB224B122463946019809F053FE611CF3
:10F3B0002A4689B2304607F052FF044610B128466B
:10F3C00009F030FE204602B0BDE8F0811124F9E7D3
:10F3D000F8B50F46154605F023FE064600B3FA20A1
:10F3E00009F030FE0446E8B10F4B40F8043B3946C3
:10F3F00009F02CFE2946A01D09F028FE1D2384F8E3
:10F40000F83021463088EFF761FB054618B9737A6A
:10F4100043F002037372204609F016FE2846F8BD39
:10F420000325FBE70225F9E71200040030B5C5B05B
:10F430000288ADF810208288837881688DF81230B8
:10F44000FB2A1346044628BFFB2305A88DF813307A
:10F4500008F0F0F92046EAF7BFFE0DF10F0404AD05
:10F460008DF80F00CDE90054FF23012242F237014D
:10F4700040F2011006F0CAF82278024B33F812006D
:10F4800045B030BD4CB1010170B50546C4B0ECF7D4
:10F4900075F82A88ADF81020AA88AB788DF80F008F
:10F4A000FB2A0DF10F068DF81230A968134604AC43
:10F4B00028BFFB2305A88DF8133008F0BBF9CDE970
:10F4C0000046FF23012242F2380140F2011006F00B
:10F4D0009DF83278024B33F8120044B070BD00BF83
:10F4E0004CB101012DE9F041E2B00C4617468046CF
:10F4F000E5F764FC8DF80D4004EB44040DF10B05B9
:10F500008DF80B006200394603AE0DF10E008DF848
:10F510000C8008F08FF9CDE900654FF4BE7301222D
:10F5200042F2390140F2011006F070F82A78034BDC
:10F5300033F8120062B0BDE8F08100BF4CB10101A8
:10F5400038B590F8E43004460D4633BB0C20F6F78E
:10F55000ADFCC4F8B801B5F801300381D4F8B83176
:10F56000B5F803205A81D4F8B831B5F805209A804F
:10F57000D4F8B831B5F80720DA80D4F8B831FB22D6
:10F580001A8094F8EE3013F0080FD4F8B83114BF95
:10F5900044F2902240F648025A8038BD2DE9F843E3
:10F5A00090F8B0510646894617469846EDB90C20AA
:10F5B00009F048FD044640B17FB1384609F042FDEC
:10F5C000A06020B9204609F03FFD072511E0256025
:10F5D000D6F8AC311C60C6F8AC4184F804903A46C9
:10F5E0004146A06808F026F903E0022380F8B03114
:10F5F00000252846BDE8F88313B5124B124C009342
:10F60000022201231C21EC20F5F72CF923689B6DC5
:10F61000984758B92368DB6D984738B923681B6E43
:10F62000984718B9094B186002B010BD0C24084B5C
:10F630000093EC20019401230022FF21F5F712F939
:10F640002046F1E7C47C020130010020E4350120AE
:10F65000CE7C020138B5044630B34FF0806190F89B
:10F66000500006F069FC6378002523F012036370F4
:10F670002046A580FFF702FD2046FCF749FC94F8E0
:10F680005330012B237808BF84F85350012B0BD142
:10F69000064B1B68D3F8082232B9214694F8500073
:10F6A000BDE8384009F097BC38BD00BF9401002088
:10F6B000154B0178D3F8B02F61F31742C3F8B02F80
:10F6C000D3F8B02F417861F31F62C3F8B02FD3F89D
:10F6D000B42F817861F30702C3F8B42FD3F8B42FA5
:10F6E000C17861F30F22C3F8B42F0179D3F8B42F96
:10F6F00061F31742C3F8B42F4179D3F8B42F61F303
:10F700001F62C3F8B42F704700240141144B024616
:10F7100000681860918892799A7133F8042C998066
:10F7200042F0020223F8042C53F8080CC0F3807056
:10F73000A3F5776388B1D3F8943FC3F30263094A12
:10F7400011680A781944C97830B122FA03F010F030
:10F75000010018BF81F0010070470023EFE700BFF0
:10F7600070330141B001002008B5134A136823F437
:10F7700000731B041B0C138078B900BF07F0AAFBB1
:10F780006FF4E173C3189BB2942BF7D9A0F2134026
:10F7900080B29428F2D9FDF7C5FC03F089FC074B31
:10F7A0001B6800225A63064A1B781168C3F3801352
:10F7B00063F34D31116008BD243F01413802002040
:10F7C0003838014110B544210620FCF787FF0F4B64
:10F7D0001860C0B10E4B43600E4C0F4B02680F49CE
:10F7E0001A60082009F00AFB03F082FC3422002191
:10F7F000204608F03BFE09F0C9F94730207003F0BD
:10F800008FF8002010BD0720FCE700BF3C0200205D
:10F81000B14501010402002038020020E15002013C
:10F8200084B01FB507AC84E80E000B46032809D846
:10F83000DFE800F0020D141A0B9B009394E80F0010
:10F8400005F066FC04B0BDE8104004B070470B9BA7
:10F85000009394E80F0006F0FBFBF3E7002212216F
:10F86000184608F0EFFAEDE7039103AB04220249D2
:10F870000120FEF79DFDE5E7130401010E4A38B5AE
:10F88000002313600D4A0E4C13600E4A0E4D136098
:10F890000E4A13600E4A13600E4A5362136101232D
:10F8A000936009F01AFC09F018FCAC4200D338BD93
:10F8B00054F8043B9847F8E704360120B0310120A2
:10F8C00034040001AC31012038040001A4310120CE
:10F8D000A8310120B4310120F7B5002407460E46B7
:10F8E0000C800546AB69EBB101AA6946188805F0A2
:10F8F000FFF938B90634802057F824301B8833804C
:10F9000003B0F0BD009A937B928913F0080FAB69A6
:10F91000598805D18A4205D01B8833800D20EFE736
:10F920008A42F9D30134082C05F10405DAD100200C
:10F93000E6E77FB5064611200D4609F046FB044672
:10F9400010B300F11003042103A8039309F078F920
:10F95000039A2B6813606B685360AB689360EB6825
:10F96000D36006230093224600231121308805F03E
:10F970001CF8054620B90823B370284604B070BDB2
:10F98000204609F04FFBF8E70225F6E77FB506466B
:10F9900011200D4609F019FB044610B300F11003C5
:10F9A0000D2103A8039309F04BF9039A2B68136008
:10F9B0006B685360AB689360EB68D3600623009379
:10F9C000224600231121308804F0EFFF054620B9BC
:10F9D0000C23B370284604B070BD204609F022FB0A
:10F9E000F8E70225F6E738B504461D4631B101298E
:10F9F0001BD0002303604FF0FF301FE0012B01D923
:10FA000000201BE003220021012001F06BFA20609E
:10FA100080B1012D0ED100231A461946F0F7E6FBFE
:10FA2000012814BF0020012008E01946104606F006
:10FA30004AFB20602068003018BF012038BD042A2E
:10FA400008B5144B9B7DF3B1124A137EDBB2927D55
:10FA500012F0800F18D10F4A137EDBB2927D12F0A4
:10FA6000010F04D013F0010F01D0F8F77FFC094A11
:10FA7000137EDBB2927D12F0040F04D013F0040F5A
:10FA800001D0F7F70BFC08BD13F0800FE3D001F0B5
:10FA9000C5FAE0E7000C004070B582B00190846CBC
:10FAA000A26BE36B9A4203D30025284602B070BDD7
:10FAB00094F8456076B2002201A92046FDF79AF934
:10FAC0000546B6F1FF3F0AD1636A002BEDD004F181
:10FAD0002400F5F7C9FD002818BF0125E5E708F067
:10FAE000FBFF8642E1D2013676B284F84560DCE75E
:10FAF0002DE9F843064689469046002500F1180393
:10FB000053F82540EFB23CB12288424515D1002080
:10FB100089F80070BDE8F8834FF4837009F092FA19
:10FB200006EB8505A86168B14FF48372214608F0A1
:10FB30009DFCAB69A3F80080E9E70135082DDFD112
:10FB40002F46E4E71120E3E738B54389152B044637
:10FB500020D1037C122B1FD1008905F061FA08B96E
:10FB6000002038BD63681B78DA0717D5037A0125B2
:10FB7000DB078572F4D54FF4827009F063FA002830
:10FB8000EED011220270228982808571042106F054
:10FB900023FAE5E7132BE3D08020E2E71320E0E728
:10FBA0002DE9F04186B002AD17460646884603951A
:10FBB000F7F7FCF90446014603A8ADF81060ADF86C
:10FBC0001280ADF8147009F03BF8314603A809F033
:10FBD0003DF804AB009301950623032242F2220173
:10FBE00040F2011005F012FD024B33F8140006B08C
:10FBF000BDE8F0814CB1010170B588B006AD0E468C
:10FC0000ADF80E000595FEF7CBFE0446014605A8AB
:10FC100009F016F8BDF80E1005A809F017F83146DE
:10FC200005A8052208F064FB0DF10E030093019571
:10FC30000223082242F2150140F2011005F0E6FC11
:10FC4000024B33F8140008B070BD00BF4CB1010185
:10FC50002DE9F04186B003AD174606468846059566
:10FC6000F3F712FB0446014605A8ADF810608DF8C5
:10FC700012808DF8137008F0E3FF314605A808F0F4
:10FC8000E5FF04AB009301950423032242F27A01BD
:10FC900040F2011005F0BAFC024B33F8140006B034
:10FCA000BDE8F0814CB1010130B585B0124B009335
:10FCB000CDE9010105460C46EC2001230222572123
:10FCC000F4F7D0FD284606F033FE88B121460068DF
:10FCD00008F07BFC70B90724084B009301940123C2
:10FCE0000022FF21EC20F4F7BDFD204605B030BD19
:10FCF0000224F1E70024F8E784610201625E020158
:10FD0000F0B5C488114B876885B0260A0093E4B229
:10FD100002231A460546CDE901648121EC20F4F75F
:10FD2000A1FD0B4B1B781BB1052E0DD1022C0BD165
:10FD3000084B53F826303BB105F10C0239462046FA
:10FD400005B0BDE8F040184705B0F0BD9C8E02013B
:10FD500034010020C43201207FB5134B0190CDE95E
:10FD6000021204460E461546009302223021EC2072
:10FD70000123F4F777FD2A463146204608F03EF885
:10FD800078B90A4B5C7134442A0604EBD4744FEA08
:10FD9000640454BF6D4280229C71DE7154BF1D7299
:10FDA0001A7204B070BD00BFD0610201B60100201C
:10FDB00073B5124B01900093044601230D4616467D
:10FDC00032210222EC20F4F74DFD0D4B1B68DB6B5A
:10FDD0008BB12046324629469847044640B1094B2C
:10FDE0000093019401230022FF21EC20F4F73AFD57
:10FDF000204602B070BD0C24F1E700BFEE85020181
:10FE000030010020CE7C020138B504461048F4F7DA
:10FE1000FFF9012C11D10F4B1C78013CE4B21C708E
:10FE20004CB90D4D08F0A0FA2868446002F05AF869
:10FE30000A4B2C601C60002038BD084B4422002176
:10FE4000186808F013FB02F06BFD06F039F8F2E7D2
:10FE500020020020F80000203C0200203802002090
:10FE600010B50E4C23789BB9FFF7ACFC0C4B0D4A38
:10FE70005A605A6A02F0F8010B4A0A435A620B4B65
:10FE80000B4A0C499A62072008F016FF06F018F892
:10FE9000237801332370002010BD00BFF80000203C
:10FEA0000402002080841E0001010207FC000020E3
:10FEB00009FE0101A143000100B5836FDA0693B08A
:10FEC00020D4027E422A12D190F829308DF80830D1
:10FED0000522ADF8002000228DF804200288ADF83C
:10FEE0000620684604F010FC13B05DF804FB412ABC
:10FEF0000AD01B040AD590F8E230032B0CBF16235E
:10FF00000823E3E73D23E1E71623DFE73E23DDE7B0
:10FF100030B5114991F90420824209D091F902309B
:10FF2000834203DB91F90330834202DD9A4201D11F
:10FF300030BD0346094A0A4C10780A4DE289181A66
:10FF400045FA80F022F03F02007E1204120C0243B8
:10FF5000E2810B71ECE700BFB6010020C001002078
:10FF6000006001417869020137B50546D0F8884044
:10FF7000D0F8CC0001A907F005FF0198EB7D400AFD
:10FF8000C4F31604A0428ABFC0F50000241A241846
:10FF9000012B09BF084B09481868C0F30E0002BFC7
:10FFA0004FF49C73B0FBF3F00130A04234BF00204B
:10FFB000012003B030BD00BF6C380141FFFF3F009E
:10FFC00010B503460C46BAB990F8012172B990F801
:10FFD000FF1059B9002C14BF0122022280F8012120
:10FFE000D0F86C01224618B106F0F4FF002010BDD5
:10FFF0000146D3F86801F7E7D0F8001111F0FF11BE
:020000040102F7
:10000000F4D1002C14BF0122022280F802212246E2
:10001000D0F87001E8E710B5C37D04461BBBD0F8EB
:10002000B431B0F85C101A88A0F846205A88A0F8BD
:1000300048209A88A0F84A20DA88A0F84C201A892B
:10004000A0F84E209981598859815968C3F80E103B
:100050005A8201F0E3FB08B9002010BD082384F8A0
:10006000E2300120F9E702F0E3FEF4E7F8B5069C80
:10007000054624B32079E1800F0E67F3020020715A
:10008000080C607122B1194604F1080007F0D2FB98
:10009000032D14D8DFE805F002070B0F204604F00B
:1000A000B7FE0020F8BD204601F048FDF9E72046E4
:1000B00004F0C6FEF5E7204601F064FDF1E71F20DD
:1000C000F0E70500134B01221A801A46136913F05A
:1000D000010FFBD10F4B4FF401421A801A461369EE
:1000E00013F4004FFBD10B4B00221A621A4613691E
:1000F00013F0200FFBD1074B00225A621A461369F6
:1001000013F0400FFBD1034B4FF480725A815A60B9
:10011000704700BF0000014200B583B00023019387
:10012000032200924FF400720B490C48EBF72EFDAE
:10013000012800D0FEE70A4B01930123009300231E
:100140004FF4806207490848EBF720FDFAF7DEFD1F
:1001500003B05DF804FB00BFE4860201656502019F
:1001600010000020E8860201F18E020130B5124C29
:10017000124D2379226885B08DF804302B680092E7
:1001800093F8280008F0CCFE2B688DF8060053F891
:10019000292FCDF807209B88ADF80B300DF1050015
:1001A000B4F80530ADF80D3007F03EF9684603F0BD
:1001B00041FD05B030BD00BFA83401209C000020E7
:1001C00070B4806805886B1EB3F5FA7F1FD2438830
:1001D0005A1EB2F5FA7F1AD28188B1F5FA7F16D28B
:1001E000C488B4F5FA7F12D202890A3A92B240F674
:1001F0007646B2420BD89D4209D801FB0331B1F5D6
:10020000FA7F04DCA34202D970BC03F00FBE0320C6
:1002100070BC704773B54D89032D06460C461CD142
:100220000B7C03F0BF03122B08D14968A07B05F0BB
:1002300015F8B8B90025284602B070BD2A460DF160
:100240000701FFF755FC05460028F4D122469DF82A
:1002500007103046FCF7DAFFEDE708F06DFC0130DF
:100260008542E7D08025E6E738B5134B0446186889
:100270000368D2B9A1894F2901D8302919D13BB1DE
:10028000A589D9898D420DD8E1899B8999420ED2E1
:10029000214605F089FD0025237C0BB1F8F74EFCC3
:1002A000284638BD1A461B68E9E70022E7E7012522
:1002B000F2E70125F4E700BFA800002070B586B082
:1002C00004AD0E46ADF80E00059501F0BBF80446EE
:1002D000014605A808F0B4FCBDF80E1005A808F00A
:1002E000B5FC317805A808F0ABFC0DF10E030093C6
:1002F00001950223042241F2054140F2011005F06C
:1003000085F9024B33F8140006B070BD4CB1010101
:1003100070B588B006AD0E46ADF80E00059500F03C
:10032000C9F80446014605A808F08AFCBDF80E107D
:1003300005A808F08BFC318805A808F087FC0DF1B2
:100340000E03009301950223052240F67B4140F203
:10035000011005F05BF9024B33F8140008B070BDD2
:100360004CB10101F0B5040B012C85B005460E46D9
:1003700001D106F009F9EFB20D4B0093C5F3032547
:10038000CDE901450397042301220021EE20F4F773
:1003900069FA084B04F18044013C1B68324653F86B
:1003A0002430394628469847308005B0F0BD00BF5C
:1003B000CC530201803501204B0705D0CB1D23F023
:1003C00007030844C01A19460B4B002219605A60F3
:1003D0000B18083B23F007030848C3E900225A1A08
:1003E000C1E900320360064B1A60064B1A60064BE7
:1003F0004FF000421A607047C03401209035012050
:100400008C350120883501208435012010B590F805
:10041000FC3004467BB9D4F8C830ABB9D4F8D0006E
:1004200088B194F8C430022B03D101212046F8F79B
:100430003CFA002007E0002380F8FC30074B1B68E3
:1004400098470028E7D010BD94F8B430022BE5D1CE
:1004500000212046F8F729FAE0E700BFBC3501206B
:1004600010B50E4C0E49002008F0ECF92146012091
:1004700008F0E8F90B49022008F0E4F90A490320E2
:1004800008F0E0F92146042008F0DCF9074808F0FC
:10049000FBFB074808F03AFC002010BDCD9A000194
:1004A00091710001916A000169F900014DE90001B3
:1004B000156F02017FB506460D4606F039FAE0B128
:1004C0000368B3F854312B8000242B88CDE90163F5
:1004D0000B4B0093022201235921EC20F4F7C2F9BF
:1004E00044B1084B0093019401230022FF21EC202A
:1004F000F4F7B8F9204604B070BD0224E5E700BF68
:100500009E4B0201625E020170B503210546002088
:1005100006F024FB044600B317230373D5F8B81183
:1005200095F843310A784978134095F8422183734E
:100530000A40427301462846F8F7E6FCEE7D012E9C
:100540000AD1D5F8B831B5F860201A81617B284608
:10055000FBF70EF8A5F86000012070BD30B50D2145
:1005600085B00546002006F0F9FA0446F0B10C21EA
:1005700001A8FAF7F5FE01AB03CB05F58972039BE1
:10058000C5F812015160C5F81E31042323731368A6
:10059000C4F80D305368C4F81130D5F81E31C4F8D2
:1005A000153028462146F8F7AFFC012005B030BDD4
:1005B000042810B505D0104B1B6893F90430002BAC
:1005C00013DA0E4C236893F8380040B9196BFEF724
:1005D000B5F958B10A4841681C30F1F73BFE226872
:1005E00092F83830013382F8383010BD2268137821
:1005F00043F010031370F2E73801002038020020A6
:100600000402002010B5104C00212246084607F0D5
:1006100005FB22460021012007F000FB4FF4197072
:1006200008F010FD094B1860F2F736FF002008F0C3
:10063000D7FA08F0DBFA064808F0C6FA0548BDE824
:10064000104008F0BBBA00BFA5470201940100208A
:10065000114B01013589020130B5054685B00220F4
:1006600008F0B3FC0446E0B100F110030B2103A82D
:10067000039308F0E5FA0C4B1B6803A8597808F0BF
:10068000DFFA06230093288800232246022104F083
:100690008CF9054610B1204608F0C4FC284605B088
:1006A00030BD0225FAE700BFA4010020124B02462C
:1006B00000681860908892799A7133F8042C9880B9
:1006C00042F0020223F8042C53F8082C5200A3F540
:1006D00077630ED5094AD3F8943F12681278C3F3B2
:1006E0000263DA4012F0010F14BF002002200B70E9
:1006F000704702200023FAE770330141B001002067
:1007000030B5D0F8DC20F2B1D0F8D830DBB10E49EA
:100710000E480C880168121B92B262F31F410160FF
:100720000B4942320D6892B262F31F450D600268B8
:100730001B1B9BB263F30F0202600A68FF339BB27C
:1007400063F30F020A6030BDAC0100204834014160
:100750005034014138B5002005F028FF054601203E
:1007600005F024FF4FF6FF710446002001F0DAFE89
:100770004FF6FF71012001F0D5FE4FF6FF71022008
:1007800001F0D0FE45F4F04189B2002005F020FFD1
:1007900044F0100189B2012005F01AFF3021022037
:1007A000BDE8384005F014BF70B5002005F0FEFE2E
:1007B0000646012005F0FAFE0546022005F0F6FE89
:1007C0004FF6FF710446002001F0ACFE4FF6FF71BA
:1007D000012001F0A7FE4FF6FF71022001F0A2FEFA
:1007E0003146002005F0F4FE2946012005F0F0FE18
:1007F00021460220BDE8704005F0EABE70B505460E
:100800001E464FF08644236843F0020323604FF2F4
:1008100060031C6813460A463146A047024660B989
:100820004FF264031B6828469847024628B94FF2E6
:1008300070031B682846984702464FF086410B68B4
:1008400023F002030B60101C18BF012070BD13B50C
:100850000489B4F5706F21D2817AC27A007B41EAB3
:100860000203034333F0070318D1ADF8004099B1F8
:100870008DF802302AB99DF8023043F002038DF85A
:100880000230ADF8060068468DF803108DF804209C
:1008900003F008FA02B010BD0123E9E70320F9E7ED
:1008A00037B590F83830032B054607D1FDF744FBE8
:1008B000284605F07DFB002385F83830012008F03C
:1008C00084FB044698B100F11003192101A801939B
:1008D00008F0B6F928462246012106F0C0FC05467C
:1008E00010B1204608F09EFB284603B030BD02251B
:1008F000FAE72DE9F04104680E46904625461DB101
:10090000EA68424503D16D691CB9BDE8F0812D68E4
:10091000F5E7237A022B0ED8E36843450BD36069D1
:10092000401B07F08FFB237AE768012B014604D0B8
:100930001BB1022B01D02468E6E7304601F0AEFA85
:10094000F860F8E713B5114C88B9A378FF2B0ED0E7
:100950002379FF2B0BD10E4B1B6893F8333033B147
:10096000684607F01BFC6946A07800F0D3FC60786D
:10097000FF2808D0064B196891F82130012B02D9C5
:10098000223100F0C7FC02B010BD00BFE6340120E8
:100990009C00002070B5124E05460024336803EB1E
:1009A0008403D3F89C310BB1284698470134032CBB
:1009B000F4D12B78182B12D84FF4807008F042FB3A
:1009C000044660B129464FF4807206F033FF224698
:1009D0004FF480710120BDE8704005F0B1BD70BDDD
:1009E0009C000020F0B587B003AD06460F46049585
:1009F000FDF740FF0446014604A8ADF814608DF8E9
:100A0000167008F01DF9314604A808F01FF905AB6F
:100A1000009301950423032242F2210140F20110C8
:100A200004F0F4FD024B33F8140007B0F0BD00BF32
:100A30004CB10101F0B587B003AD06460F460495F1
:100A4000FDF74AFF0446014604A808F0F9F83146CC
:100A500004A808F0FBF805AB0093019504230322DA
:100A600040F67C4140F20110ADF81460ADF816700C
:100A700004F0CCFD024B33F8140007B0F0BD00BF0A
:100A80004CB1010100B5104A8BB01068516805AB3C
:100A900003C39068D16803C3117C1970D2F8113078
:100AA00001930A4B0A4A186802909B88CDF80E0001
:100AB00001A905A8ADF80C30ADF81230F5F75CFAD5
:100AC0000BB05DF804FB00BF5A800201D10000208A
:100AD000B000002010B5124B1A7B80F847209A7B9B
:100AE00080F82120FF2280F825201A46597B52F8F1
:100AF000114F01769288A0F81F20B3F80F20C0F89C
:100B00001B40A0F8192093F8E53180F8943021B10A
:100B1000002B0CBF1E20002010BD1E20FCE700BFD4
:100B20002C36012038B5114C0546E07D48B1F5F76B
:100B3000BDF9C5F8AC0020B1E27D04F1180106F062
:100B400079FEE37DA5F8B03094F8FE0048B1F5F7E2
:100B5000ADF9C5F8BC0020B194F8FE20044906F0B8
:100B600069FE94F8FE30A5F8C03038BD2C3601205F
:100B70002B37012030B585B0104B0093CDE9010132
:100B80000123022205460C46EC201121F3F76AFEF0
:100B900007F088FE0A4B38B118682946043008F07F
:100BA00079F830B9422007E01868F021043008F0E5
:100BB00071F880F8FE40002005B030BDD051020130
:100BC000EC00002038B590F8E230112B05460C46B9
:100BD00001D0032B02D1D5F8B40130B995F8E43037
:100BE000112B0FD1D5F8B80158B16378037363881E
:100BF000C381A3880382E388438223898382638934
:100C0000C38238BD002BFCD13020F5F74FF9C5F871
:100C1000B801E9E737B5104B104D01900093044639
:100C2000012302223121EC20F3F71CFE2B689B6C80
:100C3000984720B92B6883F82E4003B030BD0C24B0
:100C4000074B0093EC20019401230022FF21F3F7CE
:100C500009FE2046F1E700BFB87202013001002012
:100C6000CE7C020138B5124C002023687BB11A6893
:100C700072B9C4E900241A7A5207A3F104050FD40B
:100C800022681A6042B962685A601360636038BDB6
:100C900054601A682260EEE75C6023605360F6E7F8
:100CA000284603F065FD284608F0CEF90120DCE770
:100CB0008401002010B5F2F747F80446B0B902F0FD
:100CC00087FD0B4A137899070AD443F00203137087
:100CD0000849094B094A0A4806F0D0FF07F046F8D0
:100CE00003F030FE044608B906F0F8FF204610BDB8
:100CF000253601205583020145DA01010D38020134
:100D0000E576020170B5436F88B004460E464BB1DC
:100D100003AD4AB1CDE903012B460822062102208A
:100D2000FDF746FB08B070BD4FF4001190F850007D
:100D300005F002F9236F8DF81460CDE9033408AB98
:100D400013E903008DE80300022095E80E00646FAC
:100D5000A047E7E710B50446242008F073F90146E0
:100D6000E0B102460A2302F8143B0D4B1B68986859
:100D700050F8403F4B614368536083689360C36899
:100D8000D36023684B6063688B60A368CB60E368C3
:100D90000B612420BDE8104008F08FB810BD00BFE3
:100DA000A4010020F8B5104C104E2368104F33609A
:100DB000002533686A00D34003F00303012B0CD1F4
:100DC0002246062303FB057352F8051F196092881B
:100DD0009A802179E8B2FBF7E1FE0135082D04F194
:100DE0000904E6D1F8BD00BF9C390120E43501209B
:100DF00000330141F8B5104C104D114F002226462A
:100E00002B685100CB4003F00303012B0CD10623C8
:100E100003FB0273D0B21968C4F805109B88A4F8CC
:100E20000930211DFBF732FF0132082A04F10904C1
:100E3000E6D12B683360F8BD9C390120E4350120F0
:100E400000330141F0B587B00F4602AC014601A85E
:100E50001D461646019407F0FFFE394601A807F02B
:100E6000FBFE314601A807F0F7FE294601A807F06E
:100E7000F3FE6B0442BF064B01221A704FF480311F
:100E8000234610220020FDF793FA07B0F0BD00BF03
:100E90002836012084B01FB5022807AC84E80E0074
:100EA0000DD0032812D028B90B9B009394E80F00B3
:100EB000F3F70AFB04B0BDE8104004B070470B9B89
:100EC000009394E80F00F6F7E7FEF3E7079B039320
:100ED000042203AB02490120FDF76AFAEAE700BFEA
:100EE0000307010170B5E8B10546A0FB0132E2B984
:100EF00001FB00F010F14D0F19D80C464C30F0F703
:100F00003BFB064678B114B100F14C0300E0034608
:100F10003360F563346401213046F8F7C7FF0023DE
:100F2000B36400E00026304670BD0026FBE70026D3
:100F3000F9E700F5997200F5857110B5044600F5E2
:100F40009170F5F719F804F1F5020023C4F8F530B3
:100F5000137104F1FA02C4F8FA301371E17D41B95A
:100F600003F07F0284F8FE2063F07F0384F8F930F9
:100F700010BD63F07F0284F8FE2003F07F03F5E7E5
:100F8000434F4E4E3A4C6C6370204C6F63616C2043
:100F900046696E6973682C50726F6365647572651B
:100FA0003D3078257800434F4E4E3A4C6C637020AC
:100FB00052656D6F74652046696E6973682C507256
:0D0FC0006F6365647572653D3078257800BB
:100FCE0070B584B006464FF08644236843F00203A2
:100FDE0023606D464FF2D0031B680A461021284647
:100FEE00984706F1DC0395E8070083E807004FF207
:100FFE0040021268194630469047236823F00203D8
:10100E002360003018BF012004B070BD050008B584
:10101E00104B5B8B13F0070300D108BD0E4AD3872C
:10102E000C4B80221A7607225A831B7E13F0040F74
:10103E0005D0074B9A6A1A7E12F0040FFAD1054BAF
:10104E001B6A002BE9D0034B596A1B6A0220984792
:10105E00E3E7000C0040F431012010B50F4B1A6885
:10106E0042F47F021A601A6842F07F421A6000242E
:10107E00043B1C6000F0A7FC094B1C6007F041F814
:10108E00084A136843F04043136004F0FAFDF7F783
:10109E0094FE05F027FE204610BD20ED00E0EC3951
:1010AE00012034EF00E0F8B50F4B1B68D3B10E4FA3
:1010BE000F4E0C4D05F027FEFB68DC68201D05F079
:1010CE00ADFC3368013B33602B68013B2B6007F0AE
:1010DE0022F8206BF8F7F1F82046F8F7EEF82B68B7
:1010EE00002BE7D1F8BD44350120003401204035F6
:1010FE00012070B5104C104E4FF0805505E007F0F2
:10110E00F4FE02F07EF904280AD8FFF7CCFF23681C
:10111E00012BF4D93560BFF34F8FBFF36F8FEEE71E
:10112E0007F0E1FA02F06DF9042801D9F1F73BFA64
:10113E00EEF737F9E9E7F030012004ED00E010B5E5
:10114E0084682078831E012B1AD9012806D194F9C0
:10115E000630002B13DA601C02F0F1FD0A4B2168F9
:10116E001A68C2F8211002F12103A2889A80A2798E
:10117E009A71214611F8010B06F0E9F9002010BD15
:10118E000120FCE700BF9C00002010B5FCF789FC95
:10119E00A8B101F0E6FE0A490446042006F0FBFC65
:1011AE000949002007F0FFFD084B084A1B685A60EA
:1011BE00084B1B684FF0F7121A61204610BD04242D
:1011CE00FBE7E18302013C350201A801002011BBBF
:1011DE000101A8000020012837B50C4614D90138AA
:1011EE0001AA694680B203F07CFD70B1009D0B49E7
:1011FE002868022206F009FB70B96B68122C1B7866
:10120E0005D113F0080F00D1032003B030BD522CCE
:10121E00FBD113F0040FF6E70020F6E700BFBA90FB
:10122E00020170B586B003AD06468DF81210059515
:10123E00ADF81000FAF711F90446014605A807F0BB
:10124E00F8FC314605A807F0FAFC04AB00930195B3
:10125E000423032242F2790140F2011004F0CFF987
:10126E00024B33F8140006B070BD4CB1010130B51D
:10127E0087B004ADADF80E000595FDF738FE0446B7
:10128E00014605A807F0D5FCBDF80E1005A807F01D
:10129E00D6FC0DF10E03009301950223032242F2B8
:1012AE001B0140F2011004F0AAF9024B33F81400AE
:1012BE0007B030BD00BF4CB10101F0B585B002AD35
:1012CE000E460746039503F014FE0446014603A896
:1012DE0007F0AFFC397803A807F0ABFC317803A810
:1012EE0007F0A7FC002300930195032242F24B0165
:1012FE0040F2011004F083F9024B33F8140005B0EC
:10130E00F0BD4CB1010130B50C4687B00546FBF778
:10131E0012FB2368CDF81130A388ADF815300DF10E
:10132E000F03019304AB8DF80F00009301221C23D1
:10133E0042F2350140F201108DF8105004F05FF9C1
:10134E009DF80F20024B33F8120007B030BD4CB1A0
:10135E00010110B5104B1A68824219D35C68191935
:10136E00884201BF416818460919596041684418FE
:10137E00A24208D1094C2468A24204D052680A4401
:10138E0042601A6812680260984218BF186010BD59
:10139E001346E0E700BFC03401209035012010B5A0
:1013AE00046894F8F8300BB900201AE0002384F892
:1013BE0001310C4B1B685B687BB994F847102046D3
:1013CE00FAF795FFD4F8680106F093F9D4F86C019A
:1013DE000028E9D006F08DF9E6E720469847002868
:1013EE00EBD010BD00BFC035012000B590F8E23043
:1013FE00082B93B001D0032B02D1D0F8B4310BB926
:10140E00D0F8B8318DF8041041F22302ADF8002067
:10141E000288ADF806205A89ADF808206846D3F840
:10142E000E205B8ACDF80A20ADF80E3003F065F978
:10143E0013B05DF804FB13B50C4605F072FAC8B193
:10144E00036893F92C30237000240B4B0093022277
:10145E0001233D21EC20F3F7FEF944B1084B009334
:10146E00019401230022FD21EC20F3F7F4F920462C
:10147E0002B010BD0224E8E700BF24890201E26C2D
:10148E00020170B50468E66805462046FEF70DFDBC
:10149E0016B1304606F081FA0021204604F0A4FE73
:1014AE000121204604F0A0FE18B181B2204604F0BE
:1014BE00AEFE0420FDF77BFD2846F8F7D2F8208813
:1014CE0002F071FD2846BDE8704000F004BD30B555
:1014DE00114C2368D3F8083289B00546CBB15A6F48
:1014EE00BAB193F850004FF4001104F01EFD2368BA
:1014FE008DF81450D3F80842236FCDE9033408ABAE
:10150E0013E903008DE8030003AB0ECB646F0220DA
:10151E00A04709B030BD9401002070B5114B196879
:10152E0005460022540021FA04F6B607D0B213D1B4
:10153E00FF2D02BF9A7842F001029A704FF003021B
:10154E0002FA04F51A680CBF0321012122EA0502F2
:10155E00A1400A431A6070BD0132082AE2D110463A
:10156E00F9E7E435012010B527220C4601460D4857
:10157E0006F059F90D4BD3F8682F64F31242C3F8F5
:10158E00682FD3F8682F42F48012C3F8682FD3F86F
:10159E00682FD202FBD4054A01231178A3401943C8
:1015AE00C9B2117010BD703301410024014168337E
:1015BE000141114BD3F8682F60F31242C3F8682F24
:1015CE00D3F8702FC2F307220A70D3F8702FC2F32C
:1015DE0007424A70D3F8702FC2F307628A70D3F8AD
:1015EE00742FCA70D3F8742FC2F307220A71D3F87E
:1015FE00743FC3F307434B7170470024014108B594
:10160E000F4BD3F8682F42F40012C3F8682FD3F8AB
:10161E00682F9202FBD40A4A0B49002313700A6802
:10162E00012013700A681A440133082BD070F9D1C7
:10163E00F5F723F80B6800229A7008BD00BF00244E
:10164E00014168330141B001002008B561B90E4B6C
:10165E001A6802F01F02102A4FF0010313D80B492B
:10166E0003FA02F2114071B10A21407E03F015F91E
:10167E00084B1A6842F010021A601A6842F0020211
:10168E001A60002008BD1846FCE7583801414CE0AE
:10169E000100203A0141104B1A68100241BF0F4958
:1016AE000A8842F008020A801A68510241BF0B49AB
:1016BE000A8842F004020A801A68920241BF074962
:1016CE000A8842F002020A801B68DB0241BF034A0D
:1016DE00138843F00103138070470C3A0141303AEE
:1016EE00014101F000428B1AA3F16051B1F5801F48
:1016FE000ADBB1F17F6F09D242EAC102C10071F17A
:10170E00004142EB507070471046704701285B4114
:10171E0013F5001F02D842F0FF407047C90041EA9E
:10172E005070104340F4800040F0804070474741B5
:10173E0054543A457674207263762C6E6F2066721E
:10174E00656520636F6E6E00474154543A4576745A
:10175E00207263762C6E6F20617661696C20636FE8
:10176E006E6E2C68646C3D3078253034782C65763E
:09177E00743D307825303278000A
:1017880037B5828A05462AB100F11601F9F700F843
:101798000023AB82012007F014FC044698B100F145
:1017A8001003132101A8019307F046FA28462246A0
:1017B800012105F050FD054610B1204607F02EFC2A
:1017C800284603B030BD0225FAE74144563A7479F9
:1017D80070653D307825782C73657449643D3078A0
:1017E8002578004144563A43523D307825780041E7
:1017F80044563A4C696E6B206578697374210041D0
:1018080044563A4C696E6B73207265616368206D4B
:101818006178210010B50B210446002005F09AF9E3
:10182800E0B1D4E96D2394F8E410082918BF1346F1
:10183800272202735A89A0F80D209A89A0F80F2050
:10184800DA89A0F811201A8AA0F813205B8AA0F878
:10185800153001462046F7F753FB012010BD38B577
:1018680090F8E230082B05460C4601D0032B02D134
:10187800D5F8B40140B995F8E430A3B91420F4F7C9
:1018880011FBC5F8B80170B1B4F801304381B4F860
:1018980003308381B4F80530C381B4F8073003827C
:1018A800B4F80930438238BD7FB5054602200E469C
:1018B80007F087FB0446D0B100F110030E2103A8FE
:1018C800039307F0B9F9314603A807F0B5F90623E1
:1018D8000093288800232246022103F062F8054677
:1018E80010B1204607F09AFB284604B070BD0225C7
:1018F800FAE7F8B5064608460F46144607F0BCFB5B
:101908000546384607F069FB021992B20523002004
:1019180040F2E1418A4206D9A2F2E242013592B28E
:1019280025F070450130013BF4D13378B56023F0E0
:101938000C0343F00C03B2803370F8BD104B1968E8
:101948000A1F1C3113E08A420AD052F8043F002BC8
:10195800F9D0DC78012CF6D11C888442F3D100E060
:10196800002318465DF8044B70478A4205D052F8A8
:10197800043F002BF9D010B4EBE70023184670475A
:1019880008350120F8B507464088FFF7D7FF40B172
:10199800837F3B710B4B1B7893B100240A4E094D92
:1019A80006E00823F5E701342A78E3B29A4207D91A
:1019B800E3B256F82330002BF5D038469847F2E7C3
:1019C800F8BD00BF00000020040000200A4B4FF4BF
:1019D800FA321A60094B83221A60094B5E221A6098
:1019E800084B00221A6008490A60084A0849116031
:1019F80007221A60704700BF183501201C350120E6
:101A08001435012010E000E018E000E014E000E0E8
:101A1800FFF301000C4B1B687BB90C4B1B6873B9B7
:101A28000B4B1B686BB90B4B1B68013B0A4A1068D0
:101A3800984214BF01200220704700207047002000
:101A480070470020704700BFD83301206C35012053
:101A58006035012040350120EC330120018F02015F
:101A6800E1CE010169640201D5D301014564020197
:101A78004F080201117F02014D6A020175810201BE
:101A880061810201FB7E0201F18A02010152020119
:101A9800E15C0201136102010523020121640201D4
:101AA800F9AB010138B50C4603F0B6FA0546B8B1F2
:101AB800A3780B2B0ED1C27C12F00A0F12D021464C
:101AC800284631F8032BFDF751FC11280CD000B93A
:101AD800E87438BD0D2B05D1C27C12F00C0FEDE770
:101AE8000320F6E70120F4E70220F2E77FB50D4670
:101AF8001446064603F036FE0DF10B03019303ABC3
:101B08008DF80B0000930122032342F2310140F2C9
:101B180001108DF80C608DF80D508DF80E4003F013
:101B280071FD9DF80B20024B33F8120004B070BD14
:101B38004CB1010170B50379044603F0070505F0BF
:101B480017FD002323600A4B03EBC5035A68146092
:101B58005C6004F05DFD074B1B682BB1064A5B69AE
:101B68001068BDE870401847BDE8704007F088B9B4
:101B7800DC000020C4000020C000002070B50379FC
:101B8800044603F0070505F0F3FC002323600A4B25
:101B980003EBC5035A6814605C6004F039FD074B19
:101BA8001B682BB1064A1B691068BDE870401847CE
:101BB800BDE8704007F064B9DC000020C4000020D4
:101BC800C000002070B50E4D0E4EAB6803B970BD55
:101BD80005F0CEFCAC682368AB600BB90A4BEB6030
:101BE80004F016FD6379204656F82330984794F997
:101BF8000430002BE9DB204602F0CCFCE4E700BF10
:101C0800DC00002028330120E4000020C10606D5AE
:101C1800103880B20D2818D80D4B185C704710F09A
:101C2800010F00F0040304D0002B14BF0720062086
:101C38007047820704D5002B14BF0B200A20704779
:101C4800002B14BF0920082070470020704700BFF0
:101C5800068A02014144563A486F73742043484348
:101C68002C43684D61703D253032785F25303278DD
:101C78005F253032785F253032785F253032780042
:101C88004144563A4F4F4D28486F73742043684D6E
:101C980061702055706461746529210070B504462F
:101CA80090F8ED0010F004000E46154610D0032100
:101CB800002004F04FFF014608B9002070BD112331
:101CC8000373467385732046F7F71AF90120F5E781
:101CD800022104F03FFF01460028EED00D230373D4
:101CE8004573F0E738B503210546002004F032FFBC
:101CF800D8B11623037395F84231437395F84331ED
:101D0800837301462846F7F7FBF8EC7D012C0BD1CD
:101D1800D5F8B431B5F860201A8195F842112846F3
:101D2800F9F722FCA5F86000012038BD30B5CC8950
:101D3800B4F5FA7F1CD24B895A1EB2F5FA7F17D236
:101D48000A8AB2F5FA7F13D2934211D9498AA1F1CE
:101D58000A0292B240F67645AA4209D8428F534306
:101D680004FB0333B3EB810FB4BF0120002030BD67
:101D78000020FCE713B50F4B1B680446BBB11A786B
:101D880060F3C3021A7070B9FF20FDF713F90A4B0C
:101D98000093EC200194012302223D21F2F75EFD1D
:101DA800002002B010BDFF20FEF7FEFBEFE70C207D
:101DB800F7E700BF3802002012860201F8B5144682
:101DC80006460F4F084605F091FF7B68621E0244E5
:101DD80093423FBF1B1A01339BB2E41A3ABFA5B224
:101DE8001C46002501462246304605F01FFD35B148
:101DF8002A4639683019BDE8F84005F017BDF8BD26
:101E08003C01002070B58EB0044608AD18220021B0
:101E1800284606F027FB94F850004FF4800104F0A0
:101E280087F8236F0595CDE9033406AB93E80300E3
:101E38008DE8030003AB0ECB666F0120B04701228B
:101E480029462046EAF7ECFE0EB070BD70B543781F
:101E5800C56DC1666FF382034370002383660C4B24
:101E68001B681646012283F840220446ECF7C4F8A2
:101E780020B96378E56543F00403637000252046C4
:101E8800C4E91A652946F8F79BFD284670BD00BFCE
:101E98009401002030B5C0F30802C1F308041319F7
:101EA800490AB3F59C7F01EB50210B4D0ADD6FF415
:101EB8009C73E0184B1C1044AB4280B209D840EA2E
:101EC800432030BDA94298B20B46F8D9A1F50003CA
:101ED800F5E74B1BF3E700BFFFFF7F0070B5104E1F
:101EE800346805464CB9CDB12868B8B107F0A8F8F0
:101EF8002846BDE8704007F0A3B8A368AB4209D1F3
:101F0800D4E9002342B15360D4E9002320461A6083
:101F180007F096F82468E5E77360F5E770BD00BF41
:101F28009C01002010B50446082007F087F80146F8
:101F3800C8B103230370238883800B4B1A68137876
:101F4800022B0ED1E36D93F8E63013F0100302D0A4
:101F58005378C3F300138B710820BDE8104006F0D6
:101F6800A8BF0023F7E710BDA401002010B50D4C51
:101F78002C220021204606F075FA0B4A0121002088
:101F880005F048FE00213022084806F06BFA084B9D
:101F9800E36106F0FDFD002100B2BDE8104002F04B
:101FA80091B800BF983201202960020166320120F1
:101FB800D5C7010184B013B5012805AC84E80E002B
:101FC8000ED030B1022812D002B0BDE8104004B0E3
:101FD8007047099B009394E80F00EDF799FFF3E72A
:101FE800099B009394E80F0003F05EF8ECE7099B67
:101FF800009394E80F00F8F7B5FDE5E737B50468F6
:10200800A36F002B054610DA5B000ED500F0CAFA64
:10201800A36F23F00043A36703F0EAFE01AB042299
:10202800074901950120FCF7BFF900F0BBFAA36F3F
:1020380023F08043A36703F0DBFE03B030BD00BF8D
:102048005404010110B50446002006F0DFFB00200F
:1020580006F0D4FB122C12D002D8112C08D010BDD7
:10206800213C022CFBD8084B4FF4A5711A6802E0FA
:10207800054B1A68D82161F30F021A60EFE7024B8B
:102088007C211A68F7E700BF64340141062937B597
:1020980005460C4606D000231A461946F7F74AFFAC
:1020A80003B030BD043201A90DF10200019205F020
:1020B80041FF204606F0C2FF01460028F0D0012368
:1020C8000370BDF8023045808380204606F0C9FEC3
:1020D800E6E737B50D46144603F086FBD0B180F825
:1020E80052502378C3F3000380F856302378002435
:1020F800C3F3400380F857308DF80440012380F87B
:1021080058300388ADF8063001A806F017FC2046C1
:1021180003B030BD0320FBE738B5437AD90705463D
:1021280001D4002038BD827AD207FAD513F00C0FFB
:1021380010D0002444724FF4827006F07FFF00280C
:10214800EFD0102202702A8882808471042103F063
:102158003FFFE6E743F0040343721220E2E7544DE1
:10216800522C5374617274206E756C6C20696E7099
:1021780075740051554555452C52656D6F7665202F
:10218800656D707479206C697374005155455545B7
:102198002C52656D6F766520656C6D20696E766171
:1021A8006C6964007FB5054641200E4606F009FFBC
:1021B8000446C0B10C2100F110030DEB010003939C
:1021C80006F03AFD40223146039805F02FFB06231E
:1021D8000093224600234121288802F0E2FB10B137
:1021E800204606F01BFF04B070BD10B50446C06D54
:1021F80010215F30F9F7B0F8E06D10214F30F9F792
:10220800ABF8E06D0821B230F9F7A6F8E06D0221CD
:10221800B030F9F7A1F8E378E06D10212BB900F59B
:10222800E070BDE81040F9F797B800F5C070F8E71E
:1022380010B50F4B1B688BB10D4B1C682C2200216D
:10224800204606F00FF9234604F12000002200BFC3
:1022580043F8042B8342FBD1012010BD2C2006F04B
:1022680037FE034B18600028E6D10020F5E700BFD1
:102278000035012038B50F4B1B688BB100240D4D7C
:102288002B6853F8240000F02FFC0134082CF7D1F8
:102298002C220021074B186806F0E4F8012038BD0D
:1022A8002C2006F015FE034B18600028F0D1002002
:1022B800F5E700BF08350120F8B50F4D2E6800245A
:1022C80006F5087353F824708FB9162006F0B6FE89
:1022D800883446F824002B6853F8240018B11622D5
:1022E800394606F0BFF82B6853F82400F8BD0134CE
:1022F800082CE7D10020F9E79C00002037B5846856
:102308002588B5F5706F19D2284602F0A5FCA8B14A
:10231800A3788DF80230E3788DF8033023798DF8AF
:10232800043063798DF805306846E388ADF80050CD
:10233800ADF8063000F08CF803B030BD0320FBE7A1
:1023480008B50B49032006F021FA0A4B1A680A4B14
:10235800C2F87C31094B4FF0FF3119601971002127
:102368001970074BC2F87431BDE8084005F076BF14
:10237800D46D02019C00002055730101E634012050
:1023880045090201794902014D110201C58F020177
:10239800298F0201118F0201B98F0201F5EB0101AA
:1023A8001579010181A60101618E0201578E020192
:1023B800198F020111900201CF890201C1010201A6
:1023C800FD8A0201B38F020130B585B00C4605467F
:1023D800FDF766FC0DF10B03019303AB8DF80B00C1
:1023E80000930122042340F2064140F20110ADF8A7
:1023F8000C508DF80E4003F005F99DF80B20024BA8
:1024080033F8120005B030BD4CB1010130B585B0CC
:102418000C460546F1F7B2FB0DF10B03019303AB34
:102428008DF80B0000930122042342F2770140F259
:102438000110ADF80C508DF80E4003F0E3F89DF84C
:102448000B20024B33F8120005B030BD4CB101012E
:10245800F0B585B002AE054607880396EFF722F976
:102468000446014603A806F0E7FB394603A806F030
:10247800E9FBCDE900560823032242F2780140F235
:10248800011003F0BFF8024B33F8140005B0F0BD9B
:102498004CB101011FB50146044604F11703E21DC2
:1024A80011F8010BF0F73CFB0DF10F038DF80F004D
:1024B800CDE900430122272342F2270140F201100F
:1024C80003F0A0F89DF80F20024B33F8120004B077
:1024D80010BD00BF4CB10101F0B585B002AD0F468B
:1024E80006460395E4F794FC0446014603A806F063
:1024F800A3FB397803A806F09FFBCDE900651C23F0
:10250800022242F2360140F2011003F07BF8024B3E
:1025180033F8140005B0F0BD4CB1010130B90A4BD5
:102528001A681980094909681A807047012804D176
:10253800074B1A6819800749F5E70228F5D1064BB9
:102548001A6819800549EEE7303F0141403F0141D3
:10255800343F0141443F0141383F0141483F014177
:1025680038B50D4D01222A700C4A1468230608D587
:1025780006F03EFB08B101F0CDF8EDF7E5FE24F0DA
:10258800800424B1064B1B680BB12046984705F020
:102598004DFB00232B7038BD21360120103F01412F
:1025A800B43501200E4B1A78B2B90E4A4FF4805157
:1025B800C2F88410BFF34F8FBFF36F8F4900C2F882
:1025C8008410BFF34F8FBFF36F8F0903C2F88410D5
:1025D800BFF34F8FBFF36F8F1A7801321A707047AD
:1025E8002036012000E100E010B504210446002057
:1025F80004F0B0FAC8B1062384F8E2302323037349
:10260800D4F8443133F8172FA0F80D209B78C37302
:10261800D4F844311A7E197CD20962F34511197431
:1026280001462046F6F76CFC012010BD10B50446A3
:1026380078B10D490D4A0B681807FCD11368DB0601
:10264800F9D1FFF7AFFF0120FCF703FE04F09EFF6E
:1026580006E0FFF7A7FF03F0EDFF2046FCF7F9FDC2
:10266800BDE8104003F0C4BB5C3801415838014153
:1026780038B5C36D5A78022A044618D193F8E43065
:10268800022B14D10A4B1B681B78022B0FD0082091
:102698000D7806F0D3FC014648B10923037023885E
:1026A80083808571BDE83840082006F002BC38BD3B
:1026B800A401002010B4C36D0E4A93F8E730102B24
:1026C8000C4603D111688978102910D012689078C7
:1026D800834289BFC0F11002E018001900219CBF95
:1026E800C3F1100200215DF8044B05F0BBBE5DF894
:1026F800044B7047A401002070B50546C06D18B1A1
:1027080006F09EFC0023EB650B4E3268002402F1B4
:102718002C0300BF53F82420AA4208D1284606F00B
:102728008FFC336803EB84040023E36270BD01343B
:10273800082CEFD1FAE700BFA401002038B501202A
:1027480003F068F8044678B10B4806F0FFF8054630
:1027580058B9022384F85330084C20681030F1F738
:1027680053FD236883F8285038BD20460821BDE86A
:102778003840F7F78FBD00BF89270201A401002068
:1027880070B50646022003F045F8044690B100F102
:10279800120540223146284605F048F8A378092B4F
:1027A80009D12046FCF784FD29462046FFF7FAFCAC
:1027B8000A23A37070BD0B2BFCD12046BDE87040E6
:1027C800F0F76ABF10B50378022B04461BD1807856
:1027D80004F01CFBA08806F0A5F9A3792BB1E389C6
:1027E800A28961892089F1F74FF906F0D7F90D28F8
:1027F80009D9237C0BB1F3F7EBFC637C1BB1BDE873
:102808001040F8F70BB810BD38B505464FF4827084
:1028180006F014FC0446C0B1E87A800006F00EFC0D
:10282800606090B1122323702B882381EA7AA27208
:10283800E968920004F0FAFF2046042103F0C8FB7F
:102848006068BDE8384006F0FBBB38BD0E4B024659
:1028580000681860908892799A7133F8042C9880EF
:1028680042F0020223F8042CA3F57763D3F8683FFB
:102878005B0041BF054B186808609B8846BF8B808A
:1028880000201F20704700BF703301419833014179
:102898002DE9F0410E4E002400F117074FF02708EC
:1028A80035682B78E340DB070AD508FB0450102273
:1028B8003946223004F0ACFF003018BF0120A87060
:1028C80033689B7813B90134082CE9D1BDE8F0814D
:1028D800B0010020F0B587B00F4602AC014601A850
:1028E80016461D46019406F0B3F9394601A806F0CC
:1028F800AFF9314601A806F0ABF9294601A806F060
:10290800A7F92346102203490020FBF74DFD07B025
:10291800F0BD00BF000701000E4B0F4A196812688E
:102928000878C2F3403262F3861008701A6811788A
:102938006FF30101117019680A7842F008020A70F1
:102948001A682021D1701A68D17841F66A034B437E
:10295800136370473802002038380141122811D01B
:1029680004D811284FF0010005D0704721380228FB
:102978000ED901207047094B1A8860F383021A8028
:1029880000207047054B1A88022161F38302F6E79D
:10299800024A138843F00C031380F1E7C034014165
:1029A80070B50E4B1D880E4B03F58252441B96687A
:1029B800A4B264F31F46966003F582520139D668C3
:1029C80003F5825364F31F46D66008441A69401B16
:1029D80080B260F31F421A6170BD00BFAC010020D5
:1029E8000024014110B503780B2BC2B0044617D15F
:1029F800808802F031F940B105238DF8083002A82B
:102A0800A388ADF80A30FDF7C1FF00220434019213
:102A180000940C2340F23E514FF4827002F0F2FD14
:102A2800012042B010BD90F86C30D9070AD5826FEA
:102A380042F080428267DA43C2F3C01262F3C713DE
:102A480080F86C3090F86C309A0741BF0222027708
:102A580083F04002C2F380124BBF62F38613012356
:102A680080F86C300377704710B5054C227832B97E
:102A7800044B13B10448AFF300800123237010BD49
:102A880048330120000000000000000008B5034B97
:102A98001BB103490348AFF3008008BD00000000E4
:102AA8004C3301200000000010B504460378013BB8
:102AB800032B06D8DFE803F0020C10144068E3F794
:102AC80008F8204605F0DEF9606806F005FA10BD42
:102AD8004068E7F7BEFDF4E74068E8F74AFDF0E72D
:102AE800406805F0F9FCECE7D8B138B504460D4B61
:102AF8001A68136898420AD0043201231D4652F816
:102B0800041BA14204D00133082BF7D138BD00259E
:102B1800204606F0E1F9034B1B68002243F8252004
:102B2800F4E770470835012008B5024608461168E1
:102B38000C4B19645168196591681966D168196751
:102B48001169C3F880105169C3F890109169C3F8EE
:102B5800A010D269C3F8B020022102F065F8012064
:102B680008BD00BF000600447FB58DF80F00E8F7E8
:102B7800D5F90DF1170301930DF10F038DF8170027
:102B880000930122202342F20A0140F2011002F0D0
:102B980039FD9DF81720034B33F8120007B05DF894
:102BA80004FB00BF4CB101011FB58DF80D108DF865
:102BB8000C00FDF7DBFF0DF10B03019303AB8DF860
:102BC8000B0000930122022342F27C0140F2011023
:102BD80002F018FD9DF80B20024B33F8120005B0E7
:102BE8005DF804FB4CB101017FB502AE05460396C2
:102BF800F9F7FCFB0446014603A806F01DF82988EE
:102C080003A806F01FF8CDE900560E23032242F26E
:102C1800200140F2011002F0F5FC024B33F81400D9
:102C280004B070BD4CB101017FB58DF80F00FAF703
:102C3800CFFE0DF1170301930DF10F03009301234C
:102C48008DF817001A4642F22D0140F2011002F0E9
:102C5800D9FC9DF81720034B33F8120007B05DF834
:102C680004FB00BF4CB101017FB5ADF80E0001F0C7
:102C780061FD0DF1170301930DF10E038DF8170097
:102C880000930122022342F22E0140F2011002F0C9
:102C9800B9FC9DF81720034B33F8120007B05DF814
:102CA80004FB00BF4CB101011FB58DF80D108DF864
:102CB8000C00F4F739FF0DF10B03019303AB8DF80A
:102CC8000B0000930122022342F2740140F201102A
:102CD80002F098FC9DF80B20024B33F8120005B067
:102CE8005DF804FB4CB101017FB502AD06460395C2
:102CF80004F0CAFC0446014603A805F09DFF31789C
:102D080003A805F09FFF002300930195022240F6D7
:102D1800484140F2011002F075FC024B33F81400F0
:102D280004B070BD4CB101017FB58DF80F00F9F703
:102D380065FA0DF1170301930DF10F0300930123B9
:102D48008DF817001A4642F23C0140F2011002F0D9
:102D580059FC9DF81720034B33F8120007B05DF8B3
:102D680004FB00BF4CB1010138B505460C4604F020
:102D780029FCA8B10B4B18682946043005F086FFDA
:102D880060B190F8F8305BB190F83430237050F8A7
:102D9800283F136083889380002038BD4220FCE7D9
:102DA8000C20FAE7EC0000204144563A6164645272
:102DB80065712C6576743D25642C62573D256C75CC
:102DC800287573292C696E74766C3D256C75287589
:102DD80073292C72616E6765324F66667365743D40
:102DE800256C752875732900084A09490023136062
:102DF800084A1360084A1360084A1360084A1360B7
:102E0800084A0620136005F053BF00BFCC350120E7
:102E180069070101D0350120C4350120C8350120DA
:102E2800F4000020F000002010B50B21044600201B
:102E380003F090FEB8B1D4F8B431262202731A8890
:102E4800A0F80D205A88A0F80F209A88A0F8112021
:102E5800DA88A0F813201B89A0F81530014620460F
:102E6800F6F74EF8012010BDD0F8B8110A8B4B8B3D
:102E78009A4217D8063A92B240F67A40824211D85E
:102E8800063B9BB283420DD88B8BB3F5FA7F09D2F0
:102E9800C88B0A3880B240F6764398428CBF00202F
:102EA80001207047002070471FB590F8E23090F875
:102EB800E420002914BF3021202113F0300F01D164
:102EC80011420DD0CDE90132064B0093EC200123CD
:102ED8000222D421F1F7C2FC002005B05DF804FB02
:102EE8000120FAE7106802013A2808B50FD10D4B06
:102EF800186890F82830042B09D8013380F8283056
:102F080041F288311030BDE80840EFF79FB9022040
:102F180002F080FC20B10821BDE80840F7F7BAB9F3
:102F280008BD00BFA4010020E69D350E480103CC72
:102F3800DBFDF4AC1191F4EFB9A5F9E9A7832C5E98
:102F48002CBE97F2D203B0208BD28915D08E1C7478
:102F58002430ED8FC24563765C15525ABF9A3263AE
:102F68006DEB2A65499C80DC08B50A4A04210120DA
:102F780004F050FE084802F01FF8084802F034F840
:102F8800074804F007FF0749042003F05FFF00200B
:102F980008BD00BF9540020145EF0001CD270201A1
:102FA800B57D0201E143010110B50E4A032101205C
:102FB80004F030FE06F036F810B90024204610BDA3
:102FC80000F08AFB0028F8D001F006FF0028F4D0B2
:102FD80000F064FB04460028EFD000F00BFE05F07B
:102FE800C5FDEBE7898F02011FB50B7B0290022B11
:102FF8008DF80C300ED101688B6F43F480038B671A
:10300800009202AB082207490120FDF72BF805B012
:103018005DF804FB272B01BF0168CB6F43F0020367
:10302800CB67EDE700060101122917D00BD811294B
:1030380011D00C4B1B68C3F34113012B07D10001BE
:1030480000F5197070472229F9D02329F1D18001A0
:1030580000F266307047C000E63070478000C2302A
:10306800704700BFC034014110B5044605F03EFC6E
:103078000369FE2B81BF002363770368826894BFCE
:1030880001239B18064A98BF6377126898BF436963
:103098009B1A044A11689BB263F30F01116010BDBB
:1030A800AC0100204C34014110B50E4C3C20218865
:1030B80001F040F86188442001F03CF8A388002220
:1030C80003211C2003F0DFF8E388102216211420C6
:1030D80003F0D9F82389102216216420BDE8104096
:1030E80003F0D1B84C02002010B53C2001F0C4FF19
:1030F8000C4C2080442001F0BFFF00226080032197
:103108001C2004F0B7F81022A0801621142004F027
:10311800B1F81022E0801621642004F0ABF8208179
:1031280010BD00BF4C020020474154543A4461741A
:1031380061207263762C4F703D30782530327800EC
:10314800474154543A44617461207263762C6E6F1F
:1031580020617661696C20636F6E6E2C68646C3DCB
:0731680030782530347800B7
:1031700037B5D0E9035401AA6946008901F0B8FDCA
:1031800088B1009B9A7B92060FD49A682188128896
:10319000914288BF228022885968284604F04AFB61
:1031A000002003B030BD0320FBE70120F9E710B594
:1031B0000024C0E90040F3F79FF9A8B1F02303749D
:1031C00003F5E2634361072303834FF48073A0F8A0
:1031D0002130FF2380F82530032380F84740847690
:1031E00080F89430204610BD0720FCE710B5092177
:1031F0000446002003F0B2FCB0B115230373B4F809
:103200006430A0F80D30B4F86630A0F80F30B4F890
:103210006030A0F81130B4F86230A0F813300146E5
:103220002046F5F771FE012010BD59B1437E212BD8
:1032300010D009D8112B13D0122B08BF012018BFB2
:10324000FF207047837EF2E7222B0BD0232B08BF91
:103250000220F4E7C37E002B0CBF0220032070473E
:10326000002070470320704770B50468A36F43F0D7
:103270008003A36705460E4603F01CF890B9A36FC0
:1032800023F0800343F40073A3672846F5F77CFF1F
:103290002046012100F05CFC31462846BDE8704024
:1032A000E0F74CB870BD4C32433A4461746120720F
:1032B00063762C6F703D307825303278004C324385
:1032C0003A44617461207263762C6E6F206176617E
:1032D000696C20636F6E6E2C68646C3D30782530AD
:1032E000347800534D503A44617461207263762CF7
:1032F0006F703D30782530327800534D503A44613C
:103300007461207263762C6E6F20617661696C2027
:10331000636F6E6E2C68646C3D30782530347800B5
:1033200000B583B00023019301A90068F7F71CF9E9
:1033300018B9002003B05DF804FB019B4BB1064BAC
:103340004FF080521A60BFF34F8FBFF36F8F012091
:10335000F0E70120EEE700BF04ED00E000B583B028
:103360000023019301AA0068F3F73AFF012803D074
:10337000002003B05DF804FB019B43B1054B4FF007
:1033800080521A60BFF34F8FBFF36F8FF1E70120B8
:10339000EFE700BF04ED00E070B590B915460C46AC
:1033A0000B4804F0ABFE78B1094E56F8083B1B6899
:1033B0002946204698470446304604F04BFB2046F9
:1033C00070BD4FF0FF34FAE74FF0FF34F7E700BF6E
:1033D0008434012070B590B915460C460B4804F0B2
:1033E0008DFE78B1094E56F8083BDB682946204629
:1033F00098470446304604F02DFB204670BD4FF040
:10340000FF34FAE74FF0FF34F7E700BF84340120C0
:10341000094B1A68094B1B68D86A58B9084B1B68D6
:10342000012B08D8012A06D8064B1868064B1B68E2
:10343000C01A7047002070475035012034350120F4
:10344000F0300120583501206835012010B50446C0
:103450000A4B1B680A4A126803449A4204D0074B7D
:1034600018682044186010BD03F054FC054A136826
:103470000133136004F056FE013CF0E7683501208B
:10348000583501206035012008B5037A012B15D885
:1034900093B9FCF76BFE70B90146012002F05EF8AB
:1034A0000220FFF765FB30B9054B1A68137843F02B
:1034B00001031370002008BD0320F2E70320FAE7A0
:1034C0009C00002038B50B4D0B49062005F062F931
:1034D0002A680A49C2F88411002400BF04F1880256
:1034E0002B68013453F8220000F0BCFF082CF5D102
:1034F000002038BD9C000020641A02014D3E0001EE
:1035000038B503780C2B044617D1808801F088FD6C
:1035100098B1037A0025DB0745720ED54FF482700F
:1035200005F090FD48B110220270A288828085715A
:103530000421BDE8384002F04FBD38BD7F8E020146
:10354000ED5B0201DDED0101017E010191BB010195
:10355000D174020199740201ED740201A1DF01012D
:1035600071310201218B020100000000ADE4000175
:10357000C165010195AD01011FB50146044611F871
:10358000010BF2F7F1FE0DF10F038DF80F00CDE9FD
:1035900000430122202342F2080140F2011002F010
:1035A00035F89DF80F20024B33F8120004B010BD1F
:1035B0004CB101011FB50146044611F8010BF2F7A9
:1035C00037FF0DF10F038DF80F00CDE90043012205
:1035D000202342F2090140F2011002F017F89DF891
:1035E0000F20024B33F8120004B010BD4CB10101A2
:1035F0001FB50146044611F8010BF6F72FFB0DF13C
:103600000F038DF80F00CDE900430122072342F29A
:10361000110140F2011001F0F9FF9DF80F20024B5B
:1036200033F8120004B010BD4CB101011FB58DF884
:103630000C00FEF7A3FB0DF10F03019303AB009306
:1036400001238DF80F001A4640F6494140F201105F
:1036500001F0DCFF9DF80F20024B33F8120005B09B
:103660005DF804FB4CB1010130B587B004AC0D46E8
:10367000039403F0FFFB03A8002105F0E1FA2946BB
:1036800003A8062204F034FE01940024009423468B
:10369000072241F2090140F2011001F0B7FF204674
:1036A00007B030BD38B50C4C2368254663B12B6894
:1036B0008C220021184604F0D9FE182242700748D7
:1036C00005F0F4FA012038BD8C2005F0BBFC206029
:1036D0000028ECD1F7E700BF783501203D4001011B
:1036E00038B50B4C236825465BB12B68094A1A6034
:1036F0002B68C3E90122DA60074AC3E904220120EA
:1037000038BD182005F09EFC20600028EDD1F7E7B9
:10371000AC000020399002013D9002010B4B1A6869
:1037200042F480121A600A4A118E6FF3C711118693
:103730001A6A02F44032B2F5003FF9D15A6822F415
:1037400000025A60034B00221A707047004001418A
:10375000002401411D36012038B504460D460020E5
:10376000092103F0FBF988B1094B05731A68136846
:10377000C0F80D305368C0F81130037C23F0080303
:10378000037401462046F5F7BFFB012038BD00BF9A
:103790003801002038B506210546002003F0DEF987
:1037A000044690B10C23037305F0FCF9074B6073DA
:1037B000C4F80E3095F8F23043F00803284685F837
:1037C000F2302146F5F7A0FB012038BDCD00ED0316
:1037D0000B4B1B7813F0060311D10A4A13700A4AE7
:1037E00008214FF47060013911F0FF0110809370CF
:1037F000C2F80330A2F8073002F10A02F3D1704791
:10380000253601202436012054310120F8B50D4D14
:1038100006460F4600242B88B3F5706F08D0AB78AE
:10382000B34205D10622E91C384603F0F5FF38B152
:103830000134E4B2082C05F10A05ECD10020F8BDF2
:103840000120FCE75431012010B590F8F4309B07BB
:1038500004460FD1F9F7E8FF08B9002010BD40F287
:103860002113A4F8E23094F86D3043F0200384F87B
:103870006D30F3E70A2103F0C5FC0028EDD040F2DB
:103880002243EEE770B50446B8B10C4D2B68D3F86F
:103890008061FEF78BFE66B926602B68D3F8843111
:1038A00063601C602B68C3F88441BDE8704002F07F
:1038B000A3BAA642F9D03668EDE770BD94010020A6
:1038C000F8B50D4D06682B8840F6FE6293429ABF0C
:1038D00001339BB200232B8040F6FE772C882046D4
:1038E00003F026F808B93480F8BDBC429ABF013411
:1038F000A4B200242C80F1E78001002010B504461A
:1039000086B0C06D0A4B019304220DEB020102AB9D
:10391000A030E8F70BFD074B0193E36D042216334B
:103920000DEB020102A8E8F701FD06B010BD00BFD3
:1039300031706D747262656C0C4B10B50C4618607A
:1039400005F044FA002001F083FB012001F080FB28
:10395000E9F748FAF0F7E8FB204600F00BF8044BD3
:1039600000221A60BDE8104000F0CCBBAC01002082
:10397000E435012010B50C4C20B900F2731005F0AD
:1039800061FB206040F273120021206804F06EFD9C
:10399000FDF73CFE002003F04DFB044A136843F0A2
:1039A0000803136010BD00BFB0010020D0380141F2
:1039B00010B54FF000030C4A51B192F9011090F983
:1039C00000408C4207DB017043F00203184610BD33
:1039D00092F90210F3E792F903209442DCBF0270DF
:1039E00043F00103F2E700BFB601002010B50A68FA
:1039F00002B910BD537FABB11169CC7814F0010F3F
:103A000014BF0723012314F0020F18BF0633240745
:103A100044BF0233DBB20B4490F85240D97864F3D0
:103A20000501D9701268E3E71FB50C4B01930C4BED
:103A300004461A681B79CDF8092002210DF10E0009
:103A40008DF80D30F7F78CFC002301A88DF80830B5
:103A5000F3F768FB84F8520004B010BDDF4D17C2C5
:103A6000E001002010B590F86C309B07014616D598
:103A7000D0F8AC309BB190F821201C8922441A81E7
:103A800004F078FFD1F8AC3018895A89904206D1F9
:103A9000C1F8B0300846BDE8104004F0ECBF10BDDE
:103AA000434D443A536574507269766163794D6F42
:103AB00064652C616464723D30782530327825303D
:103AC00032782530327825303278253032782530FA
:103AD00032782C6D6F64653D256400434D443A5344
:103AE00065745478506F7765725265706F7274693F
:103AF0006E67456E61626C652C48646C3D3078255C
:103B0000782C4C6F63616C3D25642C52656D6F742D
:053B1000653D25640085
:103B160038B590F8F430DB07044615D5B0F85411E3
:103B260042F21075694300F5BC70EEF790FBB4F8ED
:103B3600561104F5C8706943EEF789FB94F86E30A8
:103B46006FF3410384F86E3038BD10B5044690F823
:103B5600B43031B123B9B0F8B8300133A0F8B83079
:103B660010BD5BB90146B630F8F70FFA94F8BA30D3
:103B760084F8B6300123A4F8B830F1E7BDE8104068
:103B8600F9F707BB10B581213C2000F0D4FA81215A
:103B9600442000F0D0FA00231A4603211C2002F02C
:103BA60073FB032310221621142002F06DFB03235E
:103BB600102216216420BDE8104002F065BB027891
:103BC600042A14D80B4B19680A701A688178517147
:103BD600417851701B68C2789A710279DA71C0789F
:103BE60030B15A7842F008025A700020704703201C
:103BF6007047A401002007B50A4804F0ACFF094B42
:103C06000A4A1A604FF0FF3300936846CDF8033036
:103C16003F238DF8073005F00AFA03B05DF804FB80
:103C260000BF158B0201A4000020299002011FB5D8
:103C36000446F0F75EFB0DF10F038DF80F00CDE99A
:103C460000430122202342F2060140F2011001F056
:103C5600DAFC9DF80F20024B33F8120004B010BDB9
:103C660000BF4CB101011FB50446EEF7BCFD0DF1D6
:103C76000F038DF80F00CDE9004301220E2342F217
:103C8600130140F2011001F0BEFC9DF80F20024B1B
:103C960033F8120004B010BD00BF4CB101011FB5CE
:103CA6000446E9F7FCFB0DF10F038DF80F00CDE993
:103CB60000430122082342F2320140F2011001F0D2
:103CC600A2FC9DF80F20024B33F8120004B010BD81
:103CD60000BF4CB101011FB50446F3F7F0FB0DF12F
:103CE6000F038DF80F00CDE9004301220C2342F2A9
:103CF6007E0140F2011001F086FC9DF80F20024B78
:103D060033F8120004B010BD00BF4CB101011FB55D
:103D16000446F8F7AAFB0DF10F038DF80F00CDE965
:103D260000430122052342F2140140F2011001F082
:103D36006AFC9DF80F20024B33F8120004B010BD48
:103D460000BF4CB101011FB50446F9F7D6FD0DF1D0
:103D56000F038DF80F00CDE900430122062342F23E
:103D6600050140F2011001F04EFC9DF80F20024BB8
:103D760033F8120004B010BD00BF4CB101011FB5ED
:103D8600FBF737FC0DF10F03019300238DF80F00AD
:103D96000093012242F2100140F2011001F033FCBF
:103DA6009DF80F20034B33F8120005B05DF804FBB5
:103DB60000BF4CB101011FB5F9F7D5FD0DF10F0399
:103DC600019300238DF80F000093012242F229018E
:103DD60040F2011001F017FC9DF80F20034B33F859
:103DE600120005B05DF804FB00BF4CB101011FB520
:103DF600F7F73FFC0DF10F03019300238DF80F0039
:103E06000093012242F2250140F2011001F0FBFB72
:103E16009DF80F20034B33F8120005B05DF804FB44
:103E260000BF4CB101011FB5044600F0DCF80DF1EE
:103E36000F038DF80F00CDE9004301220A2342F259
:103E46007D0140F2011001F0DEFB9DF80F20024BD0
:103E560033F8120004B010BD00BF4CB101011FB50C
:103E6600F8F70BFA0DF10F03019300238DF80F00FD
:103E76000093012242F23D0140F2011001F0C3FB22
:103E86009DF80F20034B33F8120005B05DF804FBD4
:103E960000BF4CB10101094A0A4900231370094ABF
:103EA6000B604B601146C2E9003241F8083FD16011
:103EB600064A118863F3C3011180704700BF233699
:103EC6000120D03401204C340120203E014100B5B0
:103ED60093B041F20403ADF8003003888DF8041066
:103EE600ADF8063059B9D0F8B4211068516802AB64
:103EF60003C3684600F005FC13B05DF804FB00231D
:103F0600CDE90233F5E790F8E230052B01D0032B1B
:103F160014D1D0F8B4318BB1B1F801201A81D0F8A0
:103F2600B431B1F803205A81D0F8B431B1F8052084
:103F36009A80D0F8B431B1F80720DA80704713B50B
:103F46000C46087000212046FFF72FFD084A94F919
:103F5600003053700193064B0093022201232E2159
:103F6600EC20F0F77CFC002002B010BD00BFB601CB
:103F76000020E469020113B50C46087000212046B2
:103F8600FFF713FD084A94F9003013700193064BAE
:103F96000093022201232F21EC20F0F760FC002081
:103FA60002B010BD00BFB60100203A6B02010B4AF9
:103FB60030B500230A2404FB03F18D5A854208D14B
:103FC6004FF470635352064A1378013B1370002076
:103FD60030BD0133082BEED10220F9E700BF543182
:103FE60001202436012007B50B4B02881A8042882F
:103FF6005A8082889A80C288DA8002891A81064BA2
:104006000093022201233C21EC20F0F728FC00203B
:1040160003B05DF804FB5C010020C279020110B513
:104026000446B0B1C08802F080FC20B9204605F0F5
:1040360008F8022010BD2379012262F3051300223D
:104046002371226022812146006803F0E2FF1046B8
:10405600F0E70720EEE7D5DC000191B700014151FA
:10406600010159C70101C5570201C35B0201C142E3
:104076000201995B0201414802016F5B0201DDF01A
:104086000101657F0101E57B01017926020110B579
:10409600047A4FF4827004F0D2FF20B10D22027030
:1040A600042101F096FF064B04341B6853F82430B4
:1040B6002BB113211888BDE8104002F0D5BC10BD05
:1040C60000BFA8010020094B0A4A18800A4B188035
:1040D600C3B203F10B00183BD370074BC2F805308F
:1040E60040B29070107050701071FBF70EBFC00197
:1040F6000020B6010020B4010020E2D8CEF608B5B3
:10410600082000F0BAFF074B18801F2000F0B5FF0B
:10411600064B1880512000F0B0FF044B1880044B6A
:10412600FF221A7008BDC6010020C8010020C20186
:104136000020C40100200C4BD3F8002C60F317427A
:10414600C3F8002CD3F8002C61F30F02C3F8002C3F
:10415600D3F8042C42F48012C3F8042C00BFD3F821
:10416600042CD202FBD4704700BF002401410C4B43
:1041760003F5D3521520D16860F31F61D160D16871
:10418600192003F5835360F31741D1609A6806211D
:1041960061F31F729A609A68022161F31B629A604A
:1041A60070470024014103780133DBB20370ABB9D9
:1041B60043780133DBB2437083B983780133DBB2D2
:1041C60083705BB9C3780133DBB2C37033B902794C
:1041D6007F2A01D10371704701320271704770B5B1
:1041E6000B480B4D4FF6FF76016821B9436813B9AA
:1041F60004F06FFF70BD83684268334000F10C0421
:1042060055F823302046984704EB8000ECE76C2DE8
:104216000001588402014FF4001C1CEB410F98BFAB
:104226001CEB430F11D851EA030C50EA4C0C5CEA24
:10423600020C0AD004D282428B4180414042704730
:10424600904299418041404270470020704700B536
:1042560093B0024641F20503ADF800300388ADF88D
:10426600043052F8FF3FCDF806305368CDF80A30D7
:10427600B0F80831ADF80E30684600F042FA13B0D7
:104286005DF804FB10B5C27D90F8ED3004468AB99E
:104296009A070BD50F212046F0F78DFD08B90020AF
:1042A60010BD112384F8E2300120F9E70121EFF770
:1042B6004AFEF3E79B07F2D5ECE713B590F85930C1
:1042C60004469BB1C26D0191137843F0020313704B
:1042D600C06D022201A900F59E7003F0FCFFE06D9F
:1042E600082201A900F59F7003F0F5FF02B010BD8A
:1042F60038B504680546FEF756F9A36F23F0800328
:1043060043F48043A36701F074FDA36F5A0609D4F2
:10431600227D0AB99B0005D528460021BDE8384014
:10432600DFF709B838BD10B40B4B1C680023A11C7D
:1043360002E00133082B0AD011F82320012AF8D114
:1043460034F823208242F4D104EB830000E00020FD
:104356005DF8044B70470035012038B570B90A483E
:1043660003F0C9FE68B1084C54F8083B1B6998472E
:104376000546204603F06BFB284638BD4FF0FF3557
:10438600FAE74FF0FF35F7E700BF8434012038B570
:1043960070B90A4803F0AFFE68B1084C54F8083B00
:1043A6005B6998470546204603F051FB284638BD11
:1043B6004FF0FF35FAE74FF0FF35F7E700BF8434DB
:1043C600012038B570B90A4803F095FE68B1084C6B
:1043D60054F8083B9B6898470546204603F037FB90
:1043E600284638BD4FF0FF35FAE74FF0FF35F7E7BF
:1043F60000BF8434012038B570B90A4803F07BFE4B
:1044060068B1084C54F8083B5B6898470546204657
:1044160003F01DFB284638BD4FF0FF35FAE74FF095
:10442600FF35F7E700BF8434012030B40D68B5F1DD
:10443600FF3F02D000F1080202E0026904E01A46DA
:1044460053681C68AC42FAD953684B6099608A601D
:104456005160086103680133036030BC704738B5AA
:1044660080B10A4D2A68002402F5087300BF53F88C
:104476002420824207D104F0E4FD88342B68002210
:1044860043F8242038BD0134082CF0D1FAE79C000B
:10449600002010B5047AEF2C10D82046FEF745FC14
:1044A600014648B9204602F0A0FF012804D8044B73
:1044B6001844FF234370C370084610BD0321FBE771
:1044C60000BFE634012070B5C3880A4E022B0546AC
:1044D60004D133681B780BB1F3F799FF00243368D6
:1044E60003EB84032846D3F8FC3101349847092CA2
:1044F600F5D170BD00BF9C00002000000000711BBC
:1045060001017D74020155CF01011DED01010194E8
:104516000101B5D401016F7102018D7B020191BACF
:1045260001011968010169DE01018D7102011FB5E2
:1045360004460146E27911F8010BF0F74AFF0DF146
:104546000F038DF80F00CDE900430122082342F244
:104556004E0140F2011001F056F89DF80F0004B02C
:1045660010BD98B10A4A50F8043C126813420DD0A7
:1045760050F8081C51B9064923EA02030A6840F8B4
:10458600043C134408380B60FCF7E7BE70478435DB
:1045960001208835012038B5044690B10379C3F36C
:1045A600801502F0E6FF074B1B68002203EBC503EC
:1045B600226059680C605C602271BDE8384002F0E8
:1045C60028B838BD00BF9835012008B568B1084B3A
:1045D6001B68984740B1074B01221A70074B1B789E
:1045E600002B0CBF1046022008BD024B1870FBE7DB
:1045F60000BFA43501201E3601201D36012010B54E
:1046060092B041F20C04ADF8004090F8F2408DF8FB
:1046160004306FF34104038880F8F2406846ADF831
:1046260006308DF808108DF8092000F06AF812B0EF
:1046360010BD434D443A536574506174684C6F73B2
:10464600735265706F7274696E67456E61626C65F0
:104656002C48646C3D3078253034782C456E616288
:104666006C653D25640038B50B4B1C6800250CB9FC
:10467600284638BDA3681A7A052A09D1186890F821
:10468600F230DB0604D5EDF72CFC002818BF0546F2
:104696002468ECE700BF9C01002039B1837E212B02
:1046A6000DD005D8123B584258417047437EF6E775
:1046B600222B0AD0232B0CBF022000207047C37E7A
:1046C600002B0CBF022003207047032070470D28E3
:1046D60011D9094B1B681A7942F030011971074943
:1046E6000968096B89075CBF62F04F021A715A7933
:1046F60042F001025A71704700BF380100203001B4
:10470600002013B503880193094B00930446012347
:1047160002225F21EC20F0F7A2F8054B1B6823B1BB
:10472600204602B0BDE81040184702B010BD308ADE
:104736000201D435012013B50A4B019004460093BB
:10474600022201232821EC20F0F789F8064B1B688A
:1047560000219C840320F7F758FB002002B010BD0F
:1047660000BFBA84020130010020017B427B0B07A7
:1047760021F008010173084944BF131DDAB2036929
:1047860008681B1A1344B3F5C06F8CBFA3F202630B
:1047960003F1FF33CB60704700BF3C01002008B532
:1047A600C38800F10801D8B213F47F4309D0B3F5EA
:1047B600807F09D0064B196800F0CFFB81F84C02C8
:1047C60008BDF0F7DAFBF5E7F5F71DFDF2E7940112
:1047D600002010B5C469601A10F4800F0FD14C4048
:1047E60008490C420BD003EB9203084040F27122B9
:1047F6005043B3EB500F2CBF0120002010BD012009
:10480600FCE7FFFF7F0090F85230012B08BF826D56
:10481600C36908BF9B1A074A1168D1F8502208BF1E
:10482600C3F3160312B9C1F8503202E09A1A5202C3
:10483600F9D4704700BF9401002013B590F85930A1
:10484600044693B1C26D0191137843F008031370C7
:10485600C06D01A900F5AC7004F0C4F8E06D062245
:1048660001A900F2591003F036FD02B010BD08B5DB
:10487600006890F847300A3B012B0DD8084B90F89A
:1048860036201B68C3F341139A4205D0D0F8441171
:1048960000F5BE7000F080FD002008BD00BFC034EA
:1048A600014112280B4B11D003D8112807D00A3129
:1048B60006E021380228FAD801F5D37100E04C3120
:1048C6001A8861F30E021A80002070473731F7E725
:1048D60000BF6C3801410A4B1B68012003F00F032F
:1048E60000FA03F34EF21C021A4042B1064B1A8834
:1048F60042F010021A801A8802431A80002070477C
:1049060000BF5C380141283A014130B50A4A0A4BDA
:1049160002F584541B882568C01A80B202F58252BB
:1049260060F30F052560C91A136889B261F30F0396
:10493600136030BD00BF00240141AC01002010B55A
:10494600F5F7A9F8044660B9074A1378990708D419
:1049560043F002030548137004F059FA044804F0C2
:1049660038FA204610BD98330120499800016BCED5
:10497600010100B593B0826802238DF804301368F4
:10498600CDF806305368CDF80A309368CDF80E306E
:10499600D368CDF8123001A801F087FD002013B0CE
:1049A6005DF804FBF7B506460C461F4601A802F162
:1049B6000C0315460193043404F045F9BDF82010A4
:1049C60001A804F040F92B46A2B239463046F9F761
:1049D600EAFE03B0F0BD38B5800085B202F087FA72
:1049E600044600BF00BF00BF0821A94200D338BD5E
:1049F60002F07DFA844288BF01F2E241091B10FAF7
:104A060081F189B20446F0E7022806D0032807D0D0
:104A1600012810D10A32D00070470B32900070473F
:104A260001294FEAC2020CBF022008202B32424362
:104A360002F5BC7070470020704700B5836F93B0D5
:104A460043F40013836741F20703ADF8003003888F
:104A5600ADF80430036ECDF80630436ECDF80A305B
:104A66006846FFF74EFE13B05DF804FB434D443A2B
:104A760052656D7465436F6E6E50617261526571F9
:104A86004E65675265706C792C48646C3D307825AC
:104A96003034782C726561736F6E3D256400434D2A
:104AA600443A5772697465417574685061796C6FE0
:104AB600616454696D656F75742C48646C3D30781B
:104AC600253034782C74696D656F75743D256400E6
:104AD6000A4652F8013FC0F8FF305368C0F8033168
:104AE600B1F80930A0F808310A4652F80B3FC0F871
:104AF6000A315368C0F80E31D1F81330C0F81A31B4
:104B06007047D0F8B831818F9A8B914210D1C18FFE
:104B1600DA8B91420CD193F820204AB9428F198B37
:104B2600914205D8588B90422CBF00200120704737
:104B36000120704770B504468068002550B102898F
:104B460043899A4206D10668A66004F07AFA0135CE
:104B56003046F3E7A0602DB1A9B22046BDE870400B
:104B660001F059BB70BD4FF4001C1CEB410F98BF00
:104B76001CEB430F0CD850EA410C08BF52EA430C19
:104B860008D0904208BF99420CBF01200020704710
:104B96000020704701207047434D443A52656164D6
:104BA600417574685061796C6F616454696D656FA5
:104BB60075742C48646C3D3078253034782C7469D3
:104BC6006D656F75743D256400434D443A536574B5
:104BD600446174614C656E6774682C48646C3D3042
:104BE6007825782C74784F63746574733D25642C2E
:104BF600747854696D653D25640030B40A4B1C68B1
:104C0600231F1C3401E0A3420AD053F8042F002AC4
:104C1600F9D0957F8542F6D113880B80002000E0FD
:104C2600012030BC70470835012038B5EFF31085F8
:104C360072B6084C20634FF4804363600F226260B3
:104C46001140A160A36001F07CFB4FF40043A36018
:104C560085F3108838BD0006004410B50A4B1A6863
:104C660002F5087102F5107200BF51F8043B23B13A
:104C7600DC7814B11C88844202D09142F5D100231D
:104C8600184610BD00BF9C00002008B50849082042
:104C960003F07DFDFEF713FC40B9054B064A1B6881
:104CA600C3F88821BDE8084002F039BC08BD088F6A
:104CB60002019C000020ED290201202870B504465F
:104CC6000E460ED8084D286820220021013003F038
:104CD600CAFB286822463146013002F0A8FD0020B2
:104CE60070BD0320FCE79C00002010B50A4B1B6832
:104CF6001B680BB918460DE09C898442F8D8DC89FC
:104D06008442F5D313609A895B68801A03EB00101E
:104D16000860012010BDA800002070B50A4B1B6872
:104D26009C6805460E460CB9204670BD2379AB42F9
:104D360006D12A463146A06802F06BFD0028F3D062
:104D46002468F0E700BFA800002070B504464FF4C1
:104D560082700E4604F073F970B10B22027022883D
:104D6600828018250022C2800572C0F80A20467289
:104D7600042101F02EF9E57470BD10B50A4B1A68CE
:104D8600002302F16C01CC7834B10C88844203D143
:104D96001B3302EB830010BD0133082B01F1040124
:104DA600F1D10020F7E77835012038B50A4C2368A1
:104DB6000C2101FB00310546486908B104F041F9B0
:104DC6000C2005FB000320681844002303604360A1
:104DD600836038BD00BF7835012038B5094C23689B
:104DE60025463BB12B68074AC3E90022C3E90222E4
:104DF600012038BD102004F022F920600028F1D1EE
:104E0600F7E7803501204190020138B50379044661
:104E160003F0070502F0ADFB00232360064B03EB0E
:104E2600C5035A6814605C6001F0F3FBBDE83840C6
:104E360002F009BF00BFDC00002038B50379044644
:104E460003F0070502F095FB00232360064B03EBF6
:104E5600C5035A6814605C6001F0DBFBBDE83840AE
:104E660002F0F1BE00BFDC000020084B1A6842F0D9
:104E760005021A601A685207FCD41A68D207FCD4D5
:104E8600044B1B680B80034B1B6803607047143E82
:104E960001410C3E0141083E014100B593B00C238F
:104EA600ADF8003000238DF804300388D0F8E820F0
:104EB600ADF8063090F8EC30029268468DF80C306A
:104EC600FFF71FFC13B05DF804FB90F8E23003F027
:104ED600EF03032B02D1D0F8B43133B990F8E430A4
:104EE600132B09D1D0F8B83133B14A789A708A7841
:104EF600DA70B1F803209A80704707B5094B93F929
:104F06000320027093F902300B70064B00930222C5
:104F160001232921EC20EFF7A2FC002003B05DF865
:104F260004FBB6010020228A0201434D443A536530
:104F36007452616E64416464722C616464723D30C3
:104F4600782530327825303278253032782530325F
:104F5600782530327825303278000A4B1B68D3F832
:104F6600FC215AB9D3F8000250B9B3F8F82142B976
:104F7600D3F80802B0FA80F0400970470020704765
:104F86001046704700BF9401002010B5FDF70BFBDB
:104F9600094B1B68D3F8804134B1D4E9001239B10A
:104FA6004A60D4E900231A6000F023FF204610BDB2
:104FB600C3F88421F5E7940100200A4B1B68D3F857
:104FC6009C2142B1D3F8A02122B1D3F8A42142B149
:104FD60004207047012203EB8203C3F89C010020E2
:104FE60070470222F7E79C0000200A4B1A68D2F8A5
:104FF600A83143B1D2F8AC3123B1D2F8B0313BB1CC
:105006000420704701236A3342F8230000207047CA
:105016000223F8E700BF9C00002010B50A4B1A686F
:1050260002F11001303251F8043B33B193F88D4050
:10503600012C02D11C88844202D09142F3D1002374
:10504600184610BD00BFA801002048B9094B1A68D0
:1050560042F004021A601A68D105FCD50120704797
:10506600054B1A8842F004021A801A68D205FCD54C
:10507600F4E7203A0141283A01410A4BD3F8002CC3
:1050860060F31742C3F8002CD3F8042C42F48022B4
:10509600C3F8042C00BFD3F8042C5203FBD4D3F876
:1050A600280C80B270470024014184B007B50DF189
:1050B600100C8CE80F003A238DF8043005226B465D
:1050C60005490120F9F771F9002003B05DF804EBFA
:1050D60004B0704700BF0105010100B5014689B063
:1050E60028B101280ED0002009B05DF804FB03ABFF
:1050F6001422184603F0B7F9079A00920FC8F2F780
:10510600C8FDF0E7F1F7ADFFEDE784B008B50DF1A6
:10511600080C8CE80F00036893F86D2012F010025B
:1051260007D00020EAF789FDBDE80840002004B05A
:105136007047102102F083FEF6E7D0E92423B2EB94
:10514600D30F0ED3B2EB930F0DD3B2EB530F2CBF8D
:10515600002002209B1A032B28BF01200630C0B274
:1051660070470420F6E70320F4E710B590F86C309A
:10517600044623F0030380F86C30FDF714FAA36F9E
:105186001A0644BF23F08073A367A36F23F040037E
:10519600A36700F02EFE002010BD53B94AB90029BE
:1051A60008BF00281CBF4FF0FF314FF0FF3003F05F
:1051B60074BFADF1080C6DE904CEE3F746FFDDF8E8
:1051C60004E0DDE9022304B07047434D443A5365D9
:1051D600744461746152656C61746564416464729F
:1051E6004368616E67652C68646C653D25642C7246
:0951F6006561736F6E3D256400D4
:1052000070B50589B5F5706F04460ED2867A042E06
:105210000BD82846FFF724FD38B1D4E903233146E3
:105220002846BDE87040F7F709BF032070BDB0F510
:10523000706F2DE9F04104460D4616461F460AD20E
:10524000FFF70EFD38B13B46324629462046BDE801
:10525000F041F9F715BA0320BDE8F08110B5C0B0F0
:10526000FFF72EFD044668B90A230DF103010DF185
:1052700002008DF8003001F0BDFD044610B968460B
:10528000FBF788FB204640B010BD73B502F10C035C
:1052900006460C4601A815460193043403F0D6FCDB
:1052A00001A8052103F0D2FC2B46A2B20021304612
:1052B000F9F77CFA02B070BD00B593B041F2130368
:1052C000ADF800300B88ADF8043051F8023FCDF84E
:1052D000063068468B88ADF80A30FFF715FA0020D3
:1052E00013B05DF804FB00B593B041F21203ADF8C2
:1052F0000030037C8DF8053090F848308DF804209C
:105300006846ADF806108DF80830FFF7FDF913B0C8
:105310005DF804FB10B5046894F8F83053B194F8C4
:10532000FF304BB90121204600F07AFD43F60143DE
:10533000A4F81731002010BD43F0010384F8FF30BA
:10534000F4E700B593B0D0F8B83141F20602ADF8F9
:1053500000200288ADF8042068469A69DB69CDF820
:105360000620CDF80A30FFF7CFF913B05DF804FB43
:10537000F0B500240746204665B2AB4200DCF0BD24
:105380000E5D12F804C0351AA5EB0C05EDB2AE4265
:1053900002D034BF012000203D550134ECE7F8B5C0
:1053A00004680E46002504B9F8BD237A042B0BD0FF
:1053B00045B1A06902F046FE01463046E768FCF7B9
:1053C0006DFDF8602468EEE70125FBE7484F535474
:1053D0003A436D64207263762C4772703D307825B5
:1053E0003032782C5375623D3078253032782C4F2E
:1053F000703D30782530327800434D443A456E6830
:10540000616E636564526561645478506F7765724C
:105410004C6576656C004552523A537461747573ED
:105420003D30782578004C4C43503A496E73746196
:105430006E74557064617465642C48646C3D30789A
:10544000253034782C6F70436F64653D307825309B
:10545000327800534D503A47656E206B65792C6465
:10546000686B6579206661696C00534D503A4765F9
:105470006E206B65792C65646976206661696C00C5
:1054800008B5084B9A8992B207494A604CF2FF323C
:105490009A819B890B6823B10B46486889681B6811
:1054A000984708BD000001426C3401200003000051
:1054B000695C020199330201FD430201C943020103
:1054C000D533020161430201954302017F47010187
:1054D000D5860201CD1C00014FF0807340F8043CDA
:1054E00021F0010140F8081C054B40F80C3C40F845
:1054F000202C6FF0020340F8243C4438704700BF72
:10550000F36C020108B54FF0200383F31188BFF359
:105510006F8FBFF34F8FE7F71DFE18B1034B4FF0AE
:1055200080521A60002383F3118808BD04ED00E067
:1055300010B5094A0178002312F833408C4205D196
:1055400002EBC3035B689847012010BD01331F2B9A
:10555000F2D10020F9E700BF98390101094B1B681F
:105560001A7832B908B1F2F755BF03F5F270EEF7C9
:105570004FBE28B1032903D1D3F874310120184755
:10558000704700BF9C00002010B5094B1A6802F15B
:105590001001303251F8043B2BB19C7A012C02D11E
:1055A0001C88844202D09142F4D10023184610BDD9
:1055B000A000002070B5C47A0D460023D9B28C42F9
:1055C00001D880200BE0C16801EB830101330E8814
:1055D0009642F3D16868498803F038FD002070BD19
:1055E00038B5054604200C46F8F70EFD68B18388EF
:1055F000C58003F0F80343F4407343F00103838054
:105600008460BDE83840FCF7BDBA38BD1FB5094C11
:1056100024686CB1ADF80630069B0293079BADF889
:105620000000ADF80210ADF8042003936846A047CF
:1056300004B010BDA8350120084B1A6842F00502DD
:105640001A601A685107FCD41A68D207FCD4044BBC
:105650001968043B89B2186803F08EBC143E0141FE
:105660000C3E0141074B1A8842F040021A801A682A
:105670005206FCD4044B1B680360044B1B680B8070
:10568000704700BF143E0141003E0141043E01410C
:10569000074B4FF0FF321A6001284FF01F021A71BA
:1056A00004D1044A00231360034A136000207047AA
:1056B000E0010020BC3501200002002010B50221CD
:1056C0000446002001F04AFA50B11D230373054B34
:1056D0001B681B7B437301462046F3F715FC012032
:1056E00010BD00BF3801002010B502210446002083
:1056F00001F034FA50B11E230373054B1B681B7B6A
:10570000437301462046F3F7FFFB012010BD00BFA5
:105710003801002038B590F8E43005460C4673B9DE
:105720000820F0F7C3FBC5F8B801E388C380214621
:10573000D5F8B83151F8012F1A600A791A7138BDBD
:1057400038B50546D5F8A84104B938BD2368C5F871
:10575000A8311BB905F5D473C5F8AC31A06803F0C6
:1057600073FC204603F070FCECE700BF07B5084B64
:105770001B68187259729A72064B00930222012319
:105780003821EC20EFF76EF8002003B05DF804FB41
:10579000380100206F800201094B012815BF1868ED
:1057A0001B68D0F85832D3F85C226FEA01010BBFB6
:1057B0000A400B40C3F85C22C0F85832704700BF63
:1057C0009401002013B5044680B101910DF103004E
:1057D00001A903F00AF904F16000EEF719FD0023B6
:1057E0009DF8032001212046F3F756F902B010BDC1
:1057F00010B5094B1A6802F12C014C3251F8043BE8
:1058000023B11C88844201D19C7814B99142F5D10E
:105810000023184610BD00BFA401002010B5094B9D
:105820001A6802F12C014C3251F8043B2BB19C78E0
:105830001CB193F85340844202D09142F4D100232A
:10584000184610BDA401002090F8F43013F00203B4
:1058500009D0074B1B685B0007D5C07F04288CBFAD
:10586000002001207047184670470120704700BF94
:10587000303401417FB50E7916F0300F04D1FDF7B9
:10588000B7FB002004B070BDCDE90201009202AB6D
:10589000082202490120FAF7E9FBF2E7410401017D
:1058A00038B504680546FCF781FEA36F23F4F813AE
:1058B00023F40463A36700F09FFAA36F1B0604D5CB
:1058C0002846BDE83840EDF7E9BF38BD434D443ABE
:1058D000536574457874416476456E61626C652CDD
:1058E000656E61626C653D2564004144563A73659E
:1058F0007449643D256400434D443A4578745365CA
:105900007452616E64416464722C68616E646C658B
:105910003D2564004552523A7374617475733D2598
:10592000640000B585B00DF10601FFF769F910B10B
:1059300005B05DF804FB06238DF80830BDF806308D
:10594000ADF80A3002A8FCF721F8F1E738B50C46AB
:10595000FFF766FB054650B12378C17C994208D118
:1059600063786288F3F736FE00B9E87438BD032027
:10597000FCE70120FAE7434D443A536574457874D7
:1059800041647644617461004144563A73657449D8
:10599000643D25642C646174614C656E3D25640032
:1059A000434D443A5374617274456E6372797074F6
:1059B0002C48646C3D307825303478004552523A9A
:1059C0007374617475733D25640000B593B041F242
:1059D0001F03ADF800300388ADF8063090F82A3088
:1059E0008DF8041068468DF80830FEF78DFE13B070
:1059F0005DF804FB042810D8012202FA00F313F02A
:105A000017030AD0042908D802FA01F313F0170388
:105A100003D0431A5842584170470020704710B5D0
:105A200005210446002001F099F860B12523037395
:105A3000D4F84431D3F81E30C0F80D30014620466A
:105A4000F3F762FA012010BD4A7890F8F23062F361
:105A5000041380F8F2308B7880F84831CB7880F8E6
:105A6000493190F8F230DB0602D50520FAF7A0BDE7
:105A7000704738B590F8E2308B4204460D4602D1AB
:105A80000021EEF7F9F894F8E430AB4205D1204656
:105A90000121BDE83840EEF7EFB838BD434D443A38
:105AA000416464524C2C616464723D30782530321C
:105AB00078253032782530327825303278253032EA
:105AC000782530327800434D443A416464574C2C79
:105AD000616464723D307825303278253032782523
:105AE00030327825303278253032782530327800DF
:105AF00008B561B9031D406840B1018942899142EE
:105B000009D102681A6003F09FFA012008BD00F174
:105B100008038068F0E70020F8E78A78042A04D8B0
:105B20000123934013F0170F01D100238B70CA7823
:105B3000042A04D80123934013F0170F01D1002346
:105B4000CB707047F0B50025074628466CB2A342DB
:105B500000DCF0BD4E5D545D34440444E4B2A64222
:105B600002D08CBF012000207C550135EEE790F873
:105B7000593083B1C26D137843F010031370C06DB8
:105B80000B68C0F85F3100F25F124B6853608B689E
:105B90009360CB68D360704790F8593083B1C26D81
:105BA000137843F004031370C06D0B68C0F84831DC
:105BB00000F5A4724B6853608B689360CB68D36028
:105BC000704790F8593083B1C26D137843F00103E8
:105BD0001370C06D0B68C0F82C3100F596724B68DD
:105BE00053608B689360CB68D360704738B50446C8
:105BF000C568008903F012FA48B12089FFF710FA4E
:105C000038B129462089BDE83840E8F75FBF042055
:105C100038BD0320FCE710B590F86D309A070446B4
:105C20000DD443F0020380F86D3000F5997002F056
:105C3000CDF804F58D70BDE81040F8F71DBB10BD20
:105C40000201050C09706963333263782D627A367C
:105C50000416DAFE0F0000000C097069633332632A
:105C6000782D627A360000BF60B910B50C46064840
:105C700001F0E4FE012804D12268044B1A600122DD
:105C80001A7110BD704700BF8C340120843401208C
:105C900008480068006880F308884FF0000080F32F
:105CA000148862B661B6BFF34F8FBFF36F8F00DF0A
:105CB00000BF000008ED00E0074B1B681B6823B91C
:105CC000064B4FF0FF321A607047034B1B68DB68CE
:105CD0001A68024B1A607047383501205835012088
:105CE00038B50489B4F5706F0CD2857A042D09D8C3
:105CF0002046FEF7B5FF28B129462046BDE83840CA
:105D0000FCF788BB032038BD80680378EF2B0DD8E3
:105D10004378033B012B09D88378012B06D882886E
:105D200040F272639A4201D8F9F780BB03207047B2
:105D300010F0FD030AD001280AD14B7903F0C0030B
:105D4000402B07D0002B14BF0123032318467047B4
:105D50000123FBE70223F9E710B500F1180300F176
:105D6000380200BF53F8044B2CB194F8044124B11D
:105D7000A4B200F01DF9204610BD9342F2D1FAE71B
:105D8000084B1A6800230C321178012902D151887E
:105D9000814205D00133DBB2082B02F10C02F3D1B2
:105DA0001846704778350120036810B413B1446871
:105DB000944203D15DF8044B02F068BA22B90B603B
:105DC00001605DF8044B704713680B601160F8E7E1
:105DD00010B5064B06480024202221461C7002F014
:105DE00045FB044BC3E9004410BD00BF1C36012035
:105DF00028330120C8340120074A13785BB1013BE6
:105E0000DBB213703BB9054B4FF480525A6052001D
:105E10005A6012035A6070472036012000E100E00A
:105E200038B590F8FF3004460D4623B9D0F86C0120
:105E300038B1F3F709F994F8FF301D4384F8FF50A7
:105E400038BDD4F86801F4E7434D443A436F6E6EB1
:105E50005570646174652C48646C3D30782530342D
:105E600078004552523A7374617475733D2564002D
:105E7000434D443A5365745068792C48646C3D3006
:105E80007825782C7478506879733D25642C727865
:105E9000506879733D256400434D443A5365744816
:105EA0006F73744368616E6E656C436C61737300ED
:105EB0004552523A5374617475733D3078257800B9
:105EC000084A136840F20221A3F84010022183F827
:105ED000421019786FF30411197013680022DA6305
:105EE000704700BF3802002038B50622032104465F
:105EF000FBF7D8FE054648B194F86D3023F06003F7
:105F000084F86D3001212046EDF7B6FE284638BDF5
:105F100010B5C36E044613B9436998420BD0637839
:105F20006FF3820363702046E8F76AF82046BDE805
:105F30001040FEF76BBC10BD084B012815BF186858
:105F40001B68D0F85832D3F85C2213BF0B430A43C6
:105F5000C3F85C22C0F85832704700BF940100209B
:105F6000C1F30803074A490A2BB94942114043EAE1
:105F70004121FBF793BFC3F59C7301339BB25140A2
:105F8000F5E700BFFFFF7F0030B50023074C0B7023
:105F900040FA03F2D20744BF0A781D5D03F1010302
:105FA00044BF2A430A70042BF2D130BD9090020105
:105FB00070B5054600F1180400F1380654F8040BDA
:105FC00020B103F041F8002344F8043CB442F5D179
:105FD000002385F83B3070BD38B5084B1B6804467C
:105FE0000D463BB9224628464FF48271BDE8384041
:105FF00000F0A6BA98470128F4D138BDE035012059
:1060000010B590F8FA300C463BB1F3F70DF9054B9B
:106010001A881CB942F004021A8010BD42F008022E
:10602000FAE700BFDA01002010B4C488074B220A47
:1060300053F8223033B100F10C028168E0B25DF810
:10604000044B18475DF8044B704700BF983201209D
:1060500084B008B50DF1080C8CE80F00036893F8C4
:106060006D30DB0603D4049A112101F0EBFEBDE88C
:106070000840002004B07047434D443A4C746B52C2
:1060800065715265706C792C48646C3D3078257868
:10609000004552523A7374617475733D2564004330
:1060A0004F4E4E3A4C6C63705478446F6E653A486C
:1060B000646C3D3078253034782C4F70436F6465C4
:1060C0003D307825780060B188420CD310B50C467D
:1060D00002220021FAF706FF034600B18463184646
:1060E00010BD002300E000231846704738B5044671
:1060F0000D4600F00FFEA36C23B1002402F012F84D
:10610000204638BDA36B13B9A5640124F6E700242B
:10611000F4E738B50489B4F5706F05460AD2204615
:10612000FEF79EFD30B1EA7AA97A2046BDE83840F4
:10613000F9F78EBD032038BD80680378EF2B0CD8AB
:106140004378032B09D18378012B06D8828840F24B
:1061500072639A4201D8F9F797B903207047434D0B
:10616000443A536574416476506172616D2C747960
:1061700070653D2564004552523A737461747573BD
:106180003D256400434D443A446973636F6E6E6508
:1061900063742C48646C3D3078253034782C7265FB
:1061A00061736F6E3D253032640090F8E2305BB968
:1061B00090F8E42042B990F8B0313BB9D0F8A8018A
:1061C000B0FA80F040097047002070470120704706
:1061D000434D443A53657450434C50726573657433
:1061E0002C55703D25642C4C6F773D25642C7374C1
:1061F00065703D25640070B549B9051D40680024EF
:1062000048B10668013402F01FFF3046F8E700F19C
:1062100008058068F3E72860204670BD00B593B09C
:106220001323ADF8003001238DF804300388ADF856
:1062300006306846ADF80810FEF766FA13B05DF850
:1062400004FB10B580F8291000880C4600F070FBA4
:1062500048B1162C03D1BDE8104001F027BABDE8C3
:10626000104001F031BA10BD10B5013A52B2130618
:1062700001D5002010BD845C8B5C9C4205D802F1E6
:10628000FF32F4D24FF0FF30F4E70120F2E730B5EF
:10629000891A00F1824000F5B0304D1C0121A9405F
:1062A00004880139914024EA010493401C43A4B2BC
:1062B000048030BD08B503689A6F120601D400202F
:1062C00008BDD3F89020013AC3F89020002AF6D1F7
:1062D0008021F4F773F80120F2E770B54FF4005411
:1062E00042F20806E5B22046DCF7F4FC28B101359D
:1062F000EDB20134A4B2B442F4D1284670BD050019
:1063000008B5074801F076FB02F0C8FBFBF7B6FFC3
:10631000034608B9184608BDFBF78EFF0346F9E7A8
:1063200023590201064B1B78012B07D8054A42F876
:1063300023000133024A1370002070470420704785
:106340000000002004000020064B00221A62064ACA
:106350001A6202F12B42A2F54B12A2F6AB421A626C
:10636000704700BF00060044556699AA38B5044638
:10637000EFF3108572B6FFF7E7FF24F07F44034B7D
:10638000C3F8F44085F3108838BD00BF0006004410
:10639000074B19680868B0E8F04F80F30988BFF32D
:1063A0006F8F4FF0000080F311887047AFF30080CB
:1063B00034350120026C72B110B5C3681344C36058
:1063C0008468A34224BF0368C3600C46C1682046AA
:1063D00001F030FA10BD704710B5024600210120CF
:1063E000FAF780FD044638B1002181600160C16088
:1063F0000B460A46E9F7FAFE204610BD00B50378C1
:106400001F2BC1B008D115238DF8003003798DF80A
:1064100002306846FAF7BEFA012041B05DF804FB8D
:1064200038B50489B4F5706F054609D22046FEF7E9
:1064300017FC28B1A97A2046BDE83840FAF7F8BE23
:10644000032038BD38B50489B4F5706F054609D20C
:106450002046FEF705FC28B1A97A2046BDE8384061
:10646000FAF7C0BA032038BD38B50489B4F5706FA7
:10647000054609D22046FEF7F3FB28B1E96820461D
:10648000BDE83840F9F71ABF032038BD38B5048994
:10649000B4F5706F0AD2C5682046FEF7E1FB28B15B
:1064A00029462046BDE83840F8F71CB9032038BD1E
:1064B00070B5074E05460024336804F16A0253F8AC
:1064C00022300BB1284698470134032CF4D170BD1B
:1064D0009C000020830708D5044B1A680021116036
:1064E0001B68034A5A60034A9A607047A000002064
:1064F000A587020121900201072838B50BD8064D67
:10650000041D2B6853F8240028B102F09DFD2B6870
:10651000002243F8242038BDA000002008B5FEF773
:106520002FFC40B1054B80781B685B7898422CBFEC
:106530000020012008BD0120FCE700BF78350120C4
:1065400013B5074B8DF800001446ADF80210019208
:106550001B6868469847204602F076FD02B010BDE1
:106560007C35012008B5064C064D2B682068DB6899
:106570004FF0FF3198470128F7D1FBF727FBF4E7ED
:10658000C0000020C400002010B500F0F5FF064B4D
:106590001B7804461BB1FDF7C1F8E9F7D9FE204688
:1065A000BDE8104000F038B81D360120012805D0A4
:1065B00008B1022804D0034B18887047024BFBE750
:1065C000024BF9E70E360120103601201236012069
:1065D00010B9054B19807047012801D1034BF9E729
:1065E0000228F8D1024BF5E7203F0141243F014149
:1065F000283F014110B5064C01222270054A12685D
:1066000002B1904701F016FB0023237010BD00BFBC
:1066100021360120B835012007B5074A01901378CB
:1066200033B1013BDBB2137013B901A802F0F6FAE3
:1066300003B05DF804FB00BF22360120064A136850
:1066400023F080031B041B0C1380044A138823F0DF
:1066500080031380704700BF203F01410E360120A8
:10666000064B1A8842F001021A801A68D207FCD43D
:10667000034B186820F07040704700BF143E014182
:10668000083E0141074B1860998010331A6842F4A4
:10669000E0421A601A689104FCD41A68D204F9D452
:1066A000704700BF003E014108B5FFF7EBFF064B06
:1066B0001B6813F0060F05D040210020BDE80840FC
:1066C000FBF730BF08BD00BF203F0141074B1B68EF
:1066D000586800B9704790F8F83013B190F821303D
:1066E0000BB90068F5E70120704700BFEC000020FF
:1066F00010B5074B1B685C6804B910BD94F8F830FE
:1067000023B1002211462046F9F75AFC2468F3E72A
:10671000EC00002000B593B00823ADF800300388EA
:106720008DF804106846ADF806308DF80820FDF7A6
:10673000EBFF13B05DF804FB434D443A52656164CE
:1067400052656D6F746555736564466561747572E5
:1067500065732C48646C3D3078257800434D443A8D
:1067600052656D7465436F6E6E50617261725265F1
:10677000715265706C792C48646C3D3078257800D6
:1067800010B5C37D04464BB90821FCF7E5FF08B9F5
:10679000002010BD012084F8E200FAE7012BF7D1B8
:1067A0000E21F2E738B50A460F210546FBF77AFAC3
:1067B000044638B195F8E430112B03D10121284665
:1067C000EDF75AFA204638BD38B590F8E430044663
:1067D0000D4653B90A20EFF769FBC4F8B8016B788E
:1067E0000370D4F8B831AA785A7038BD10B5837EDA
:1067F000113BDBB2122B96BF044A0021D15C044648
:10680000F4F7B6FEA4F8600010BD00BF9484020146
:106810004348433A53706F6E20412043686B2066B3
:1068200061696C3A6C6F633A25642C2052656D6F18
:106830003A25640010B5074BDA69013ADA6132B9DA
:106840001A6ADA610124F5F751FE204610BD0024D2
:10685000F9E700BFF0390120074B1B680BB9184658
:10686000704799680A7A043A012AF6D80A68126BC6
:106870008242F2D1012070479C010020074A13692F
:106880001B1A136193680344B3F5C06F83BF6FF4A1
:10689000C0615B1801200020936070473C0100201C
:1068A000D0F8B8311A7880F840205A7880F8412022
:1068B0009A7880F84220DA7880F843201B7980F8B3
:1068C0004430704710B5446F88B05CB1036FCDE9B8
:1068D000033008AB13E903008DE8030003AB0ECBD4
:1068E0000320A04708B010BD10B5446F88B05CB15C
:1068F000036FCDE9033008AB13E903008DE8030013
:1069000003AB0ECB0420A04708B010BD10B54378F0
:10691000DA0704460BD500229B070270827001D46F
:10692000F5F7F6FA2046BDE81040F5F799BE10BD20
:10693000074B1B680BB91A4608E09A68117A0439AC
:106940000129F6D8116809888142F2D110467047B2
:106950009C01002038B5074D00242B681B78E340CC
:10696000DB07E1B202D50120EAF768FD0134082C0B
:10697000F3D138BDB001002024232221201F1E1D89
:106980001C1B1A191817161514131211100F0E0DBF
:106990000C0B0A09080706050403020110B5046878
:1069A000FBF704FEA36FD4F8CC0023F0807343F010
:1069B0000073A367F8F722FCBDE81040FFF71CBA8C
:1069C0000B0D40F21E42D21A09DBCB0243EA5050B3
:1069D00040F00040202A28BF2022D04070474900C4
:1069E00080417047434D443A536574436F6E6E5413
:1069F00078506F7765725072657365742C73656C2F
:106A00005077723D256400534D503A4461746120C3
:106A100073656E642C70616972206661696C2065B3
:106A200072723D307825303478000369416882689D
:106A30008A60416851605A68824204BF82685A6025
:106A4000002202611868013818607047017A427AA2
:106A500041EA020313F0F80F07D1B1FA81F04009BF
:106A60000AB940F00200FBF745B803207047B0F5C3
:106A7000706F38B504460D4608D2FEF7F1F828B11C
:106A800029462046BDE83840FBF7A2BC032038BDAC
:106A900010B50A68937854781B0403EB0423147828
:106AA000D278234403EB026303600B6804330B606A
:106AB00010BD00B593B03023ADF8003000238DF841
:106AC00004300388ADF806306846FDF71DFE13B0AC
:106AD0005DF804FB38B504460D460020022100F0A5
:106AE0003DF838B102230373457301462046F2F79F
:106AF0000BFA012038BD38B504460D4600200221AE
:106B000000F02CF838B10723037345730146204683
:106B1000F2F7FAF9012038BD49B1807E112808D07A
:106B2000122808D010F0200018BF04207047407EC3
:106B3000F4E70120704702207047434D443A536503
:106B4000744164765478506F7765725072657365DE
:106B5000742C73656C5077723D25640038B505461A
:106B600001F10C000C4602F06DFA38B10379448152
:106B700065F30513037100230381036038BD07B576
:106B8000426F3AB149B1019001AB042205210220C4
:106B9000F7F70EFC03B05DF804FBFBF737F9F9E7F4
:106BA00010B50446062002F04DFA014640B1082314
:106BB000037023888380BDE81040062002F07DB971
:106BC00010BD10B50446062002F03CFA014640B163
:106BD0000423037023888380BDE81040062002F060
:106BE0006CB910BD10B50446062002F02BFA014620
:106BF00040B10723037023888380BDE8104006203E
:106C000002F05BB910BD12290AD002D8112904D0B4
:106C100070472139022905D97047012101F024BFAD
:106C20000221FBE70321F9E7CB681A7880F84020BE
:106C30005A7880F841209A7880F84220DA7880F8F3
:106C400043201B7980F84430704710B504680A4629
:106C5000D4F8B01029B1FEF70DFE0023C4F8B0300F
:106C600010BD1046BDE81040FDF798BC10B5046893
:106C7000204601F087FEFBF799FCA36F43F0006309
:106C800043F00103A367BDE81040FFF7B5B810F06B
:106C9000004160B148BF40420A0D02F21D42B0FA05
:106CA00080F3D21A9840C30A400503EB02517047A3
:106CB000434D443A5265616452656D6F7465566523
:106CC00072496E666F2C48646C3D3078253034789C
:106CD00000434D443A5265616443684D6170436DB1
:106CE00064004552523A5374617475733D3078258F
:106CF000780082B0002301934FF0200383F31188C2
:106D0000BFF36F8FBFF34F8F019B002BFCD002B0FE
:106D1000704705004FF0200383F31188BFF36F8F96
:106D2000BFF34F8F024A136801331360704700BFEF
:106D3000EC39012000B58179C1B041B90846F7F7B7
:106D40002BF8082368468DF80030F9F723FE41B090
:106D50005DF804FB10B50C46FDF782FF40B150F81A
:106D6000043F23608388A3808379A371002010BD32
:106D70000320FCE77FB5ADF80800CDE9031241F22E
:106D80000B6069460593FEF72BFCBDF8000007B0C9
:106D90005DF804FB10B50489B4F5706F08D2204685
:106DA000FDF75EFF20B12046BDE81040FAF766BA55
:106DB000032010BD1FB58DF808008DF8091041F2B1
:106DC000033069460392FEF70BFCBDF8000005B0E6
:106DD0005DF804FBFDAC0001095D020139610201AF
:106DE0002152010155E50101994402010D7402018E
:106DF000AD8F020130B5064D00232A681A44DCB27B
:106E0000527812B90470104630BDCA540133F4E709
:106E10009C000020044B054A00280CBF1846104671
:106E2000034B5861704700BFF38F0201F88F0201D6
:106E3000902E0120054B1B7C2BB1054B1A888242FA
:106E400001D1588870470020704700BF14340120DA
:106E500074350120042802D0062804D07047044B62
:106E60001B6899607047024B1B68D960704700BF70
:106E7000AC00002010B1054B1B78037021B1044B0E
:106E80001A680A609B888B80704700BFD000002082
:106E9000D1000020054B1A8842F001021A801A68BE
:106EA000D207FCD4024B1868704700BF143E014162
:106EB000083E0141054B1A8842F002021A801A6806
:106EC0009207FCD4024B1868704700BF143E014182
:106ED000003E0141054B1A8842F008021A801A68E8
:106EE0001207FCD4024B186880B27047143E01416F
:106EF000043E0141054B1A8842F004021A801A68C8
:106F00005207FCD4024B186880B27047143E01410E
:106F10000C3E014108B5064B1868F021043001F021
:106F2000B9FE00221146BDE80840F9F749B800BF94
:106F3000EC000020064B1B68586800B9704790F8B9
:106F4000F8300BB1037B0BB10068F6E70120704706
:106F5000EC00002010B5064B16301B6853F82030AB
:106F60000C4613B1114620469847002010BD00BFC3
:106F7000C035012008B5036893F8FF1041B993F8B4
:106F80000121501E42424241D3F8680100F022F82C
:106F9000002008BD4B7880F8E8308B7880F8E93025
:106FA000CB7880F8EA300B7980F8EB304B7980F8B9
:106FB000EC30704710B50446F9F7BBFF05212046B9
:106FC00000F020F928B194F8F43043F0020384F87B
:106FD000F43010BD1FB54378DB0708D5CDE90101BA
:106FE000039201AB0C2200210220F7F7E1F905B072
:106FF0005DF804FB064B1B6893F8402203EB420349
:10700000B3F83802B3F83C32184480B2704700BF7E
:1070100094010020062340F2431203FB0020044B9E
:107020001B68184403680B6083888B80704700BF1F
:10703000B0010020054BD3F8682F60F3D752C3F896
:10704000682F034B1B685870704700BF0024014134
:10705000B0010020064B1B681A78002322FA03F1C6
:10706000C907D8B203D50133082BF7D118467047AA
:10707000B0010020064B1B6AC3F30723012B04D980
:10708000022B0CBF4020202070478020704700BF9B
:10709000000A0044054BB3F85600054B1B7800F07E
:1070A0007F001844404240B2704700BF0060014179
:1070B000B401002010B50446FEF7BEFA0146204692
:1070C000FEF74EFF024B984294BF0020012010BDF6
:1070D00038FEFF7F10B50446817E90F86000FBF714
:1070E000A7FF617E02460020FBF7A2FF92B212FAD0
:1070F00080F010BD434D443A53657441646472524C
:107100006573456E61626C652C656E61626C653D90
:03711000256400F3
:1071140000B583B002238DF80030ADF802008DF87D
:1071240005106846FAF730FC03B05DF804FB1FB5A0
:10713400ADF80C008DF80E1041F2046001A9FEF7C1
:107144004DFABDF8040005B05DF804FB1FB5ADF8B9
:107154000C00ADF80E1042F2010001A9FEF73EFA50
:10716400BDF8040005B05DF804FB08B50089FEF71E
:107174003DFB38B18378022B04D10521BDE80840DA
:10718400F3F78AB8032008BD10B5847A0089FEF7A6
:107194002DFB30B1C36D23B12146BDE81040FAF791
:1071A40085BB012010BD03688B4206D10B680360C8
:1071B40043688B4208BF42607047002AF8D00B68CE
:1071C4001360F5E713B5044602210DF10600F4F748
:1071D400C5F8BDF8063062899A42F5D0638102B0E1
:1071E40010BD434D443A45787452656D6F766541E0
:1071F40064765365742C68616E646C653D25640027
:1072040038B504460D4600200121FFF7A5FC28B13E
:10721400057301462046F1F775FE012038BD10B50F
:10722400C36E04464BB94369984206D1E7F7CAFDD9
:107234002046BDE81040FDF7E7BA10BD07B549B1D7
:10724400019001AB042209210220F7F7AFF803B043
:107254005DF804FBE6F70AFEF9E707B5C378DB0738
:1072640008D50423009300880023FDF79CFB03B09A
:107274005DF804FB0120FAE700F1824000F5B0302C
:10728400891A038801310120884001389040184050
:10729400104180B2704710B50023934206D113F019
:1072A400030018BF012000EB930010BDC45CCC5454
:1072B4000133F2E7434D443A536574416476436FB6
:1072C40064696E67536368656D652C63733D2564FB
:0172D40000B9
:1072D60000B583B001F0E2F90DF107010E2000F0D0
:1072E600BCF8E7F71AF803B05DF804FB050008B52B
:1072F600A0F500539BB2072B04D8024B1B680BB1B9
:10730600C0B2984708BD0435012010B50446807AFE
:1073160001F0BBFB034608B1184610BD2046F6F740
:10732600DEF90346F8E74A68044B1A60044B0A89FB
:107336005A8002221A70002070470C000020103577
:10734600012010B50C46044B19681831FDF76DF88D
:1073560001212046EFF7C1FA10BD3435012010B5E2
:10736600054C0022227040F201114020F9F7B7FDCA
:10737600606010BD00BF640000201587020105870C
:10738600020151D70101C1890201893402014D8EE2
:107396000201838502011FB5ADF80800039141F291
:1073A60001606946FEF719F9BDF8000005B05DF801
:1073B60004FB1FB5ADF80800039141F2036069466E
:1073C600FEF70BF9BDF8000005B05DF804FB1FB52C
:1073D600ADF80800039141F601006946FEF7FDF895
:1073E600BDF8000005B05DF804FB054B5A788242F3
:1073F60005D09B7883420CBF0120022070470020F5
:107406007047E634012008B5FCF729FD28B9034B7F
:107416004FF0FF321A601A71187008BD00BFE634CB
:107426000120054B1B6893F821300BB90370704798
:10743600022B0CBF03230123F8E79C0000201FB595
:107446008DF80800039141F204006946FEF7C5F87D
:10745600BDF8000005B05DF804FB1FB58DF8080007
:10746600039141F20A006946FEF7B7F8BDF800003D
:1074760005B05DF804FB08B50089FEF7B6F930B132
:10748600C36D23B10821BDE80840F2F704BF01200F
:1074960008BD10B50446008901F0BDFD28B1E168BC
:1074A6002089BDE81040FEF74EBA042010BD10B585
:1074B6000446F9F76EFE034B1B689C82E8F79BF9BE
:1074C600002010BD00BFA800002010B504460089AA
:1074D60001F0A1FD28B1E1682089BDE81040FAF766
:1074E600E2BA042010BD10B50446008901F093FDF0
:1074F60028B1E1682089BDE81040F5F762BD042097
:1075060010BD10B50C46F8F750FC2378FF2B16BFBC
:10751600024B012033F8100010BD4CB1010108B533
:10752600F9F7C5FB18B9BDE8084001F050B9014BA1
:1075360033F8100008BD4CB1010110B50F2300222D
:10754600C45C42EA4402CA54C25C13F1FF334FEAF8
:10755600D212F5D210BD054B187029B10A68C3F8CE
:1075660001208A88A3F80520F9F789BA00BFD00060
:10757600002007B501A801F02EFA034A01981378F6
:107586000133137003B05DF804FB22360120044A70
:10759600138843F0800319461380024B1980704705
:1075A60000BF0E360120203F0141054B1A6842F408
:1075B60040721A601A68D105FCD41A689205F9D48B
:1075C6007047103E0141054B1B68586800B970476B
:1075D60090F8F8300BB90068F8E701207047EC0026
:1075E60000204144563A7265736368446573632CA0
:1075F600616476457674547970653D25640000B5FE
:1076060093B05723ADF800300388ADF804306846D0
:10761600FDF777F813B05DF804FB434D443A4C741C
:107626006B5265714E65675265706C792C48646C57
:107636003D3078257800034B1860034B1960034BE7
:107646001A60704700BFD0350120C8350120F00010
:107656000020054B1A68C30800F00700D35C23FA24
:1076660000F000F00100704700BF3801002010B59F
:10767600FFF76DF900231A4603490220BDE81040C2
:10768600F6F793BE00BF01070100054B1B682BB13F
:107696001B78C3F3C0030370002070470C207047AB
:1076A60000BF3802002007B50422019001AB034950
:1076B6000220F6F77AFE03B05DF804FB00BF8106F0
:1076C600010007B50422019001AB03490220F6F739
:1076D6006CFE03B05DF804FB00BF8206010038B5FE
:1076E60005680446E7F719FF12232B762046002289
:1076F6000B21BDE83840EFF7F6BF07B54378DB0747
:1077060006D5019001AB042201210220F6F74DFEB9
:1077160003B05DF804FBC0F3080310F4007F40F2E9
:1077260071224FEA902002FB003018BF00F59C70D2
:107736007047054B02681A6082889A80D3F82E201B
:1077460061F35962C3F82E20704736330141054B69
:10775600D3F8682F60F31242C3F8682FD3F8700F7E
:1077660000F0010070470024014170B5054601F0A4
:1077760018FB446834B100232946A4461A46BDE8DE
:107786007040604770BD08B5044801F038FA0348F8
:10779600BDE8084001F039BA00BF717702013DB07B
:1077A6000101036801F03F0103B970471A7A22B953
:1077B600DA68906861F3C80090601B68F4E710B55A
:1077C600044B044800241C6001F01BFB204610BD3E
:1077D60000BF0002002075300101836FCA6843F0C4
:1077E60002038367438F9B000367528803EB820380
:1077F600C0E91C31704707B50422019001AB03496B
:107806000120F6F7D2FD03B05DF804FB00BFF104DA
:10781600010130B501390024A24206D0035D0134CE
:107826000D5DAB42F8D0581B00E0002030BD5AB1C8
:1078360010B40A44431E11F8014B03F8014F91425C
:10784600F9D15DF8044B7047704750B140F21D42C4
:10785600B0FA80F1521A8840C30A400503EB025180
:107866007047010070474C32433A4461746120739B
:10787600656E642C72656A20727370206661696C2D
:1078860000434D443A536574416476456E61626CBB
:10789600652C656E61626C653D256400434D443A16
:1078A6005265616452656D6F74655478506F776583
:1078B600724C6576656C00434F4E4E3A4E65775472
:1078C600785265712C204F70436F64653D30782582
:1078D60078001FB5ADF80C0001A94FF4C050FDF7B4
:1078E6007CFEBDF8040005B05DF804FB1FB5CDE9CC
:1078F600020169464FF49850FDF76FFEBDF800008F
:1079060005B05DF804FB1FB5ADF80C0001A943F204
:107916000400FDF762FEBDF8040005B05DF804FB47
:107926001FB5ADF80C0001A943F20600FDF755FEA0
:10793600BDF8040005B05DF804FB1FB5ADF80C00FA
:1079460001A943F20700FDF748FEBDF8040005B0A3
:107956005DF804FB434D443A5365745363616E52BC
:107966007370446174612C6C656E3D256400428FB2
:10797600B0F850305343828F02FB0333B3EBC10F91
:10798600CCBF12200020704738B50D4614460021A2
:10799600182200F068FD40F20112C56002814481A0
:1079A60038BD10B5837904461BB1C06808B101F033
:1079B60048FB2046BDE8104001F043BB434D443A26
:1079C60053657444656661756C745375627261744F
:1079D60065436D6400010102010201050201060210
:1079E600020201020101010101020602010608B5B7
:1079F600034B18600348DAF7C2FF08BD00BF043521
:107A06000120F572020108B518B1012804D0002042
:107A160008BD00F06CFEFAE7FFF779F9F7E708B55D
:107A260000231A4619460068E8F7DDFB012814BF53
:107A36000020012008BD03680BB10020704710B577
:107A460004460120FEF7C5FC2060012010BD08B5E4
:107A560000231A4619460068E8F7C5FB012814BF3B
:107A66000020012008BD10B5044608461146002234
:107A7600F9F735FA2060003018BF012010BD08B5AF
:107A8600044B1B681BB1024B58681B68984708BD1E
:107A960000BF90340120044A138843F00203138088
:107AA600136913F0020FFBD1704700000142044A2C
:107AB6009368D06883423EBF024A12699B18181A1F
:107AC6007047F4310120044BD86A9B6A984282BF02
:107AD600024A126B9B18181A7047F431012059B2EA
:107AE6000101CD7A0201D580020191550101E98E8D
:107AF6000201E980020100B583B0002301930A4622
:107B060001A9EAF786FF019803B05DF804FB034B71
:107B16001B680360034B1B684360704700BF5C35FE
:107B26000120683501201FB5039001A941F20130FB
:107B3600FDF753FDBDF8040005B05DF804FB1FB565
:107B4600039001A941F20230FDF747FDBDF804009C
:107B560005B05DF804FB1FB5039001A94FF48050F2
:107B6600FDF73BFDBDF8040005B05DF804FB1FB54D
:107B7600039001A941F20200FDF72FFDBDF80400B4
:107B860005B05DF804FB08B50089FDF72EFE20B1AF
:107B96000521BDE80840F2F77EBB032008BD042896
:107BA60006D8034B00F1804001381B6843F82010CB
:107BB600704780350120044A1368036053684360A8
:107BC60093688360D368C3607047B0000020044A9E
:107BD600036813604368536083689360C368D36027
:107BE6007047B0000020034B1B780370034B1B78D3
:107BF6000B70704700BFD9000020D70000204D450C
:107C06004D2C416C6C6F63206661696C65642C6CED
:107C1600656E3D25640018B9034B43F82120704773
:107C2600024BFAE700BFC834012028330120044B79
:107C36004FF080521A60BFF34F8FBFF36F8F7047BC
:107C460000BF04ED00E0044B4FF00072C3F80421BE
:107C5600BFF34F8FBFF36F8F704700E100E08B7863
:107C66004A781B0403EB02230A781344CA7803EB11
:107C760002630360704710B5044C2468C4E9061219
:107C8600C4F88400236210BD00BFC035012010B5C2
:107C9600044600F5BC70ECF7B8FA04F5C870BDE808
:107CA6001040ECF7B2BAD0F8443158567E2804BFDB
:107CB600024B93F90100704700BFB6010020434D07
:107CC600443A436C72574C004552523A737461748D
:107CD60075733D256400024B034ADA60034A1A6154
:107CE600704704020020E91E01016D460201044AA4
:107CF600D2E90231994238BF01F20161CB1A136110
:107D060070473C0100200138C0B206289ABF024BDA
:107D1600185C4FF4FA70704700BF9F8F020108B5D8
:107D26000146406800F0DBFD20B98868BDE80840E0
:107D360000F0D5BD08BD08B5044B00221A70F4F753
:107D46003AFEBDE80840F1F7F4BB2636012008B537
:107D560003790C2B05D183681868EAF7C2F801206D
:107D660008BD0020FCE7024A03490348FFF763BC4D
:107D760000BF557D02019D560001F19C010130B105
:107D860043785B0705D5C36D0B6000207047012063
:107D9600704702207047044B1A68D36C0BB104205D
:107DA6007047D0641846704700BFA401002008B58C
:107DB60003783BB94088FDF730F918B10123037207
:107DC60080F83C3008BD0246044B0068516803C386
:107DD6009068D16803C3704700BFA0340141044BCB
:107DE6001A6822F073021A601A6842F00C021A60CE
:107DF6007047283A014110F11D0F06DA503104DBB5
:107E0600002A0CBF1120002070471120704707B5CB
:107E16000422019001AB41F483310020F6F7C5FA44
:107E260003B05DF804FB037B1BB190F92700F8F75C
:107E36006CB8014B93F90000F9E7B6010020037A0C
:107E4600042B0CBF024B024B1B68184700BF4002B5
:107E560000204802002008B590F8F4309B0704D5AE
:107E6600FA30FCF7A0F90439C9B2084608BD037810
:107E76003BB1034600BF13F8012F002AFBD1181AA5
:107E860070471846704710B50446E9F798F920463A
:107E9600DDF721FE2046E5F77AFD10BD08B510B1E5
:107EA600012803D008BDE7F780FAFBE700F037F9B1
:107EB600F8E710B5044608681146FFF71CFE206077
:107EC600003018BF012010BD10B50446FEF71FFF95
:107ED600A46B00F024F9B4FA84F0400910BD00F157
:107EE600080343604FF0FF328260C36003610023E2
:107EF600036070470389B3F5706F04D2418911B1ED
:107F06001846F8F794BD0320704703460089B0F57C
:107F1600706F03D2D3E90312F6F78DBF03207047C3
:107F2600036833B100201B68013080B2002BFAD100
:107F360070471846704710B50A685478137803EBF3
:107F4600042303800B6802330B6010BD10B5036871
:107F56000024D3F86801C3F86C41F1F772F82046A3
:107F660010BD434D443A5365744578745363616E4E
:107F76005273704461746100434D443A53657441D1
:107F86006476446174612C6C656E3D256400434DD6
:107F9600443A53756272617465526571756573749E
:107FA600436D640090F8E22032B990F8E430213B4A
:107FB600012B01D9FAF719BB704710B5044600F03A
:107FC60012F820B12046BDE81040FDF774BB10BD85
:107FD600022310B580F8E2300446FBF7D8FB08B957
:107FE60084F8E20010BD90F8E2302BB990F8E40076
:107FF600B0FA80F0400970470020704703681BB153
:1080060019791A6811B10260184670471846134666
:10801600F5E708B50B7913F0300F0CBF04300830C4
:1080260000F00AFD002008BD08B5437813F00103EF
:1080360003D0DEF77AF9C0F38703184608BD40F28D
:1080460071224000B0FBF2F302FB13005B0243EA2D
:10805600500070474D6963726F636869702D42699D
:10806600674275636B41444452434D443A536574C9
:1080760044656661756C74506879436D640010B52B
:108086000446084600F01FFD2060003018BF01209E
:1080960010BD08B509680068FEF725F8012814BF69
:1080A6000020012008BD08B500230068E8F79BF80A
:1080B600012814BF0020012008BD08B5034B186B2A
:1080C6000021FCF7B2FD08BD00BF0006004410B554
:1080D600034B1C6BFFF7F7FC013C201A10BDF43173
:1080E600012010B5034B1C69FFF7E1FC013C201A87
:1080F60010BDF431012008B54FF0FF31083000F013
:1081060007FA003018BF012008BDDFF80C0001682F
:1081160041F4700101607047000088ED00E0034AF9
:108126001368013B13600BB983F311887047EC3970
:108136000120034B186810B1836C013383647047C8
:1081460000BF343501204578742041647620456EA1
:1081560061626C65640D0A0000BF0389B3F5706F38
:1081660003D2C1681846F8F7D0B8032070470389D0
:10817600B3F5706F03D2C1681846F7F73ABD03200E
:108186007047034B1B6853F82030104653F82130D4
:1081960018477035012010B504460621F3F7DDF8BF
:1081A600637903F03F03637110BD08B5034B1B6889
:1081B6009B689847002008BD00BFA0000020034B25
:1081C60053F82030104653F82130184700BFB0341A
:1081D60001201346427A12B1827AD20702D4522281
:1081E600E8F74DBF704708B5EFF745FC024B33F88B
:1081F600100008BD00BF4CB1010108B5FBF7BBFE7E
:10820600024B33F8100008BD00BF4CB1010108B5A0
:10821600FBF795FE024B33F8100008BD00BF4CB1CA
:10822600010108B500F039FD024B33F8100008BD16
:1082360000BF4CB1010108B5F7F78BFD024B33F8CF
:10824600100008BD00BF4CB1010108B5F8F7DFFC0E
:10825600024B33F8100008BD00BF4CB1010108B550
:10826600EFF7AFFB024B33F8100008BD00BF4CB16F
:10827600010130B50023C45CCD5C6C40D45401339D
:10828600102BF8D130BD00230B60036813B90160D1
:108296004160704743681960FAE74D53472C4765BC
:1082A60074206661696C2C6C656E3D2564005359BB
:1082B600530000484F5354004C484349004C4C006F
:1082C600000001390244824200D1704711F8013F93
:1082D60002F8013DF7E738B50C4609681546FFF781
:1082E600A6FA22682A44226038BD38B504460068DA
:1082F6001546FFF79CFA22682A44226038BD544D81
:10830600522C53746F70206E756C6C20696E70758C
:10831600740090F8E2309B065ABF90F8E400C0F370
:108326004010012070470138C0B207289ABF014BA0
:10833600185CFF207047608F0201034B1B6853F8DF
:10834600022F02609B888380704730010020034B18
:108356001878072894BF00200120704700BF2436F4
:108366000120034B00229A60C3E90522C3E90322D8
:1083760070470402002008B5102000F060FE18B116
:10838600002383808371C36008BD534D503A47650F
:108396006E206B65792C6634206661696C00534DDE
:1083A600503A47656E206B65792C663520666169A3
:1083B6006C00534D503A47656E206B65792C6636D6
:1083C600206661696C00534D503A47656E206B65B7
:1083D600792C6732206661696C00034B53F82030B4
:1083E600104653F82130184700BFD834012010B585
:1083F600034C2068FCF7B5F80023236010BDB001DC
:108406000020034B1B681878A0F1FF03584258411F
:108416007047B0010020034B1B681878B0FA80F053
:108426004009704700BFB001002008B5FFF7C7F943
:10843600024800F0D4FC002008BD7548020108B5CA
:10844600D0F8CC0000F0C7FD0A289CBF0130C0B2AE
:1084560008BD7F8602019B7202019D9002019D90DC
:1084660002019D90020132B1C9B20244034603F8EB
:10847600011B9342FBD1704700BF034600BF11F8B2
:10848600012B184603F8012B002AF8D17047010288
:1084960000000000000000000000000000000404CE
:1084A60004434D443A536574486F7374466561746A
:1084B60075726500434D443A536574525041544FAA
:1084C6002C544F3D2564004348433A61646420526E
:1084D60065712C496E763D25640008B50378122B2C
:1084E60000D008BD406800F0F8FCFAE708B500685F
:1084F600E8F7E3F9012814BF0020012008BD08B5FC
:10850600006800F032F8FF2828BFFF20C0B208BD7F
:1085160008B50068E8F7D1F9012814BF002001204A
:1085260008BD08B50068EAF774FA012814BF0020F0
:10853600012008BD08B5006800F031FA012814BF13
:108546000020012008BD4FF0200383F31188BFF3FC
:108556006F8FBFF34F8FFEE74FF0200383F3118831
:10856600BFF36F8FBFF34F8FFEE710B50446FEF7DC
:10857600CEFBA46BFFF7D3FD204610BD417A11F068
:10858600FC0F02D1007AFAF710BB0320704703688C
:10859600002003B970471A7B1B68104480B2F8E7C5
:1085A60010B50446F3F731FD10B1052384F8E23027
:1085B60010BD10B50446F9F796FB10B1132384F8E5
:1085C600E23010BD10B50446FEF781FA10B1032360
:1085D60084F8E23010BD012805D0022803D0042813
:1085E60014BF012003207047434D443A526441644E
:1085F60076412C68646C3D2564000346006820B112
:1086060002681A600AB95B6070477047434D443A86
:108616005743684173736D4D6F643A25640010B516
:10862600841A64024CBF501AC01AC0F3805010BDA1
:108636000001020002010100020102000200010223
:10864600010008B50B460022C1B21846FFF7F7FB3A
:10865600002008BD90F86C3090F8F42062F34513C2
:1086660080F86C30704710B50446F4F7C8FF204612
:10867600BDE81040FAF7F9BC0A440023914201D143
:108686000020704701F8013BF8E7434D443A47653F
:0B8696006E5075624B6579436D640007
:1086A20008B5ECF76CF8F6F736FEFCF7F0FA08BD01
:1086B20008234FF08842536002F5285253607047F6
:1086C2000500024B1868C0F3C030704700BF0006B7
:1086D200004410B9024B1879704703207047843464
:1086E2000120424C45004150505F5461736B73004E
:1086F20000BF024A136801331360704700BF483558
:108702000120806803781F2B01D8FAF752BF03209B
:108712007047806803781F2B01D8FAF72CBF03201B
:108722007047024B1B68D3F88431184700BF9C0086
:108732000020024B1B68D3F88831184700BF9C0009
:108742000020024B1B68D3F89031184700BF9C00F1
:108752000020024B1B68D3F87831184700BF9C00F9
:108762000020024B1B68D3F89431184700BF9C00CD
:108772000020024B1B68D3F87C31184700BF9C00D5
:108782000020024B1B68D3F89831184700BF9C00A9
:108792000020024B1B6843F82010704700BF703561
:1087A200012008B500231A461946F1F7C6FBC0B2EC
:1087B20008BD024B104653F82130184700BF004550
:1087C200020108B5FCF7ABFA08B1407908BD1020E8
:1087D200FCE708B5024800F03EFC002008BD150A7F
:1087E200010100000100030001000100010001007D
:1087F200020003681BB11A68026002B9426018469F
:108802007047024B1A8860F308221A807047183E9C
:108812000141024B1A8860F349221A807047183EC0
:108822000141037CF02B01D100F051BA90F84000D5
:108832007047024B16301B6843F820107047C03552
:108842000120024B1B6803EB800041627047C03578
:108852000120024B01221A700020704700BF44021F
:108862000020C37D13B90321EBF76FBB1021ECF796
:10887200A4BA024B1B6883F82700704700BF30017F
:108882000020024B1B6883F82800704700BF3001AC
:108892000020024B1B6893F82700704700BF30018D
:1088A2000020024B1B6893F82800704700BF30017C
:1088B2000020024B1B6893F82E00704700BF300166
:1088C2000020024B1878B0FA80F040097047243635
:1088D2000120434D443A47656E44684B6579436DC8
:1088E200640028B1028943899A4201D10068F8E7FD
:1088F200704708B5FFF7FDF9014808BD00BF3C010C
:10890200002008B51C2000F09CFB08B10223037371
:1089120008BD08B5182000F094FB08B101230373C9
:1089220008BD434D443A5265616452737369436DA5
:108932006400024B1B6893F84C02704700BF94011D
:108942000020024B1B68DB6C03B118477047A4017F
:108952000020024B1B68D86000F05BBB00BFA40183
:108962000020BE83605ADB0B376038A5F5AA9183DD
:10897200886C90F8F430DB0702D5F530FBF715BCB4
:108982007047C38F428FDB00B3FBF2F3C0E924339D
:108992007047434D443A52656164506879436D644F
:0189A20000D4
:1089A400836BC06B984214BF00200120704708B548
:1089B4000020E6F783FBF7F7ADFBFCE7037A418978
:1089C400181C18BF0120F5F7E5B9827A90F909104F
:1089D40090F90800FFF730BCEFF31083036072B620
:1089E400BFF35F8F70470B681B7803700B6801330C
:1089F4000B607047434D443A436C7241647653654F
:108A040074000300020000040000000000000001E4
:108A140000230B6043684B60196041607047434D0D
:108A2400443A526561645478507772004556543A1A
:108A340069643D30782530347800036813B90160E7
:108A4400184670471846F8E74378DB0702D500223A
:108A5400E4F7E8B870470707111102110B11081168
:108A6400024111020238012802D80846F0F7C8BFB3
:108A7400704710B50446FFF753F9C4F8AC0010BDB5
:108A8400706963333263782D627A3600014B187053
:108A9400002070478F2E0120014B01221A7070476D
:108AA4008F2E012008B50421FCF7C0F8012008BD71
:108AB4000000000004000000000000000C9002010F
:108AC400AC5402010000000008B500220421F8F7AC
:108AD40007FA08BD014B1868704700BF40350120F4
:108AE400014B01221A6070476C350120D0E9042340
:108AF400C1680089FCF799BB806808B1FAF7F6B839
:108B040003207047014B1B685B681847A0000020D6
:108B1400014B1B68184700BFA40000208368187825
:108B240008B1E9F725BC70470146014800F08CBA4A
:108B340096320120014BB3F801007047F034012054
:108B4400014BB3F801007047F5340120014B33F8B1
:108B54002000704774350120014B1B685860704732
:108B640078350120014B1B689860704778350120E7
:108B74000148FFF7F7BF00BF89C10101014B18602D
:108B8400704700BF7C350120014B93F9000070470A
:108B9400C9000020014B93F900007047D800002061
:108BA400014B1878704700BFC8000020014B1878AB
:108BB400704700BF1C360120014B1860704700BF8E
:108BC400A4350120014B1860704700BFA035012077
:108BD400014B1878704700BF1E360120014B1870F6
:108BE400704700BF1E360120014B00221A707047E7
:108BF4001D360120014B1878704700BF1D36012037
:108C0400014B1860704700BFB4350120014B186058
:108C1400704700BFB8350120BFF35F8F036883F34B
:108C240010887047014B1878704700BF2136012027
:108C34004A780B7803EB02230380704703681970AA
:108C440003680133036070470368198003680233C3
:108C54000360704703681960036804330360704756
:108C6400014B1B6818607047C0350120014B1B681D
:108C740058607047C0350120014B1B6898607047ED
:108C8400C0350120014B1B68D8607047C0350120F6
:108C9400006810B1037C8B42FAD17047014B00206D
:108CA4001870704744020020014B1860704700BFE1
:108CB400D4350120014B43F820107047C432012001
:108CC400014B1B681865704738010020014B1B6875
:108CD400187A704730010020014B1B68988C70474C
:108CE40030010020014B1B6898637047300100205D
:108CF400014B1B68D863704730010020014BC3E966
:108D040007007047F0390120014B1B681864704755
:108D140030010020014B1B6858647047300100206B
:108D2400014B1B689864704730010020014B1B689D
:108D34009865704730010020014B1B6858667047E6
:108D440030010020014B1878704700BF2436012001
:108D5400014B9860704700BF04020020014B18606B
:108D6400704700BFD8350120014B01221A607047BB
:108D7400DC350120014B00221A607047DC350120EC
:108D84004378DB0701D5F3F7EDBB70474378DB0786
:108D940001D5F6F75DBC7047014B1860704700BF02
:108DA40098010020014B1868704700BF980100200B
:108DB400014B43F820107047D8340120014B1B6845
:108DC40058787047B0010020014B1860704700BF0D
:108DD40050240141014B1860704700BFDC010020A2
:108DE400014B1860704700BFD0010020014B186090
:108DF400704700BFE8010020014B43F82010704782
:108E040098320120014B1860704700BFFC0100201C
:108E1400014B1860704700BF4802002010B504469B
:108E2400FFF72CFB204610BD4552523A4C313642D6
:108E34003073004552523A4C31364230730008B513
:108E4400FFF794FBC0B208BDC168007A4A1CFEF764
:108E540059BBC16890F90800FFF7DAB9C16890F905
:108E64000800FFF7CBB90A4601460220FDF766BBAE
:108E740000231A461946F1F75FB8427B017B8068EC
:108E8400F7F7F0B9BFF34F8FBFF36F8F7047434DC0
:108E9400443A436C72524C00307825782C30782553
:108EA400780008B500F0CEF8002008BD837843F0C0
:108EB4001003837070470A4601460320FDF73EBB4A
:108EC40000B9704700BF0138FAE7836F43F4C073F9
:108ED4008367704708B5E8F74DFB08BD08B5F0F7A0
:108EE400F1F908BD08B5FEF7E3FD08BD08B5F2F7D2
:108EF4008DFDFCE708B5F5F74AFE08BD817A0089C7
:108F0400FDF7B3BD956D02018D640201C168007A5D
:108F1400FBF7D4BED0E90201F8F7D4B9003018BF8A
:108F240001207047D0E90201FDF762BF5049433385
:108F3400324358000588010145D401011346122229
:108F4400E8F79EB84B7880F8E03070474B7880F8AB
:108F5400E13070478B7880F8E03070470001FF0201
:108F6400FFFFFF03456363446F6E6500C3680B60D6
:108F7400C1607047890841EA402070470048704743
:108F8400F48901018168C088F7F7EAB983F00043E6
:108F9400E1F742BA00939393671100FA96644B3257
:108FA4001E14002303617047007AFFF74FB9007A5B
:108FB400FAF73ABB8068FAF7ABBE411CFAF752BB2A
:108FC4008068FFF7FABF103000F03AB80021FAF7D2
:108FD400EDBC0023DEF790BA90F851007047B0F86A
:108FE40054007047C409C409A60E020500012A02F0
:108FF4000300002A0A0300002A0A1500292B02177D
:10900400002A2B201200052AE47A0201FFF70AB98C
:10901400FAF7EEBEF5F796BBFDF77EBA002070476F
:1090240000F010B800207047F1F7C2BF002070476D
:1090340000207047002070470020704700207047D0
:10904400ECF732BFFBF78EBA0180704701607047BE
:10905400FEF7EEBBFFF782BEFFF786BEFFF78ABEC0
:10906400FAF7DEBFF9F7C2BAF9F7C0BA800B704756
:1090740000207047E4F7C2BFC06A7047806D704734
:10908400416170478161704700207047030C1000F4
:10909400130002000100FFFF00207047704700BF6B
:1090A4000200180002000800001802007047704710
:1090B40070477047022903280028292B2A2B052AE8
:1090C400050005000500010010000200040001185D
:0890D40002007047704770476D
:00000001FF
