:020000040000fa
:02000004008179
:040f8800ffff000067
:020000040000fa
:02000004008179
:040f8c0000400e848f
:020000040000fa
:02000004008179
:040f900038fc745f56
:020000040000fa
:02000004008179
:040f94003b480014c2
:020000040000fa
:02000004008179
:040f98000b00607971
:020000040000fa
:02000004008179
:040f9c000000000051
:020000040000fa
:02000004008179
:040fbc000000001021
:020000040000fa
:020000040100f9
:10020000f0ff0720a9a40101b7820101eb900101d1
:100210008f9d01017faa0101afb001010000000024
:100220000000000000000000000000000156020174
:100230005f97010100000000d1d9010115470201bb
:1002400091460201cb650101cb650101ad6a020156
:10025000cb650101cb650101cb650101cb650101d6
:10026000cb650101cb650101cb650101cb650101c6
:10027000cb650101cb650101cb6501018dec01016d
:10028000cb650101cb650101cb650101cb650101a6
:10029000cb650101cb650101cb650101cb65010196
:1002a000cb650101cb650101cb650101cb65010186
:1002b000cb650101cb650101cb650101cb65010176
:1002c000cb650101cb650101cb650101cb65010166
:1002d000cb650101cb650101cb650101cb65010156
:1002e000cb650101cb650101cb650101cb65010146
:1002f0008515020165580201cb650101cb6501013d
:10030000cb65010100000000cb650101cb65010157
:10031000cb650101cb650101cb650101cb65010115
:08032000cb65010129dc01019c
:020000040000fa
:020000040100f9
:1003280008202000843201200000000000000000a6
:100338000920200084320120000000000000000095
:100348000a20200084320120000000000000000084
:100358000b20200084320120000000000000000073
:100368000c20200084320120000000000000000062
:100378000d20200084320120000000000000000051
:100388000e20200084320120000000000000000040
:100398000f2020008432012000000000000000002f
:1003a80000203200d03101200000000000000000d1
:1003b80001203200d03101200000000000000000c0
:1003c80002203200d03101200000000000000000af
:1003d80003203200d031012000000000000000009e
:1003e80004203200d031012000000000000000008d
:1003f80005203200d031012000000000000000007c
:1004080006203200d031012000000000000000006a
:1004180007203200d0310120000000000000000059
:10042800f8b500bff8bc08bc9e467047b11a020177
:10043800f8b500bff8bc08bc9e4670478d1a02018b
:020000040000fa
:020000040100f9
:1004480008b5044b186818b1804780f00100c0b2a5
:1004580008bd00bf182a012004292cd8dfe801f0c4
:100468000308161d2400184a938818449080704782
:10047800154a9388184480b2c11c4ff6fc730b4090
:10048800984201d90430f1e7938070470e4a938867
:100498000f33184420f00f00e8e70b4a93881f3306
:1004a800184420f01f00e1e7074a93883f331844b7
:1004b80020f03f00dae74ff0200383f31188bff301
:1004c8006f8fbff34f8ffee7182a012070b5104acf
:1004d80094790023d9b28c4201d800200be05d1c2e
:1004e8009b00d118b1f8076086420ed1b1f80920f7
:1004f80012b10848184470bd4ff0200383f31188e7
:10050800bff36f8fbff34f8ffee72b46e2e700bfc5
:10051800182a01201f2a012010b50446fff7d6ff2c
:1005280040b14ff0200383f31188bff36f8fbff3ff
:100538004f8ffee70b4b9879020608d54ff0200342
:1005480083f31188bff36f8fbff34f8ffee7421c11
:100558009a7103eb80020733a2f8074003eb80008f
:1005680010bd00bf182a012010b50446fff7aeffe2
:1005780040b94ff0200383f31188bff36f8fbff3a7
:100588004f8ffee72046fff7a1ff054a9379013b0d
:10059800dbb2937102eb8303d3f80730036010bd1d
:1005a800182a012008b5fff791ff00b1408808bd5f
:1005b80009b91046704780b1037883ea122383eaa9
:1005c800131343ea022282ea033282ea431292b206
:1005d80000b10130013989b2eae7ff23ede72de9df
:1005e800f04f85b081460e9e8a46904606b11e445d
:1005f80043449cb247465546a74203d1012005b063
:10060800bde8f08f95b36a4610232946484607f09f
:100618002fffbdf80420944208d9bdf806301344d2
:100628009bb29f4202d29c4203d91f46bdf80a5092
:10063800e8e79742a4eb020128bfe31b89b234bf65
:100648000b469bb2a4eb030432bfbdf80ab0474681
:10065800d346a4b246b110352944f61ac91a32460f
:1006680089b2484607f004ff5d46c5e72846c6e755
:100678002de9f74fd48896888046894644f30725a4
:100688004ff6ff77002d03da384603b0bde8f08f48
:100698001cd0a4f580741ffa84fa4ff48074dff834
:1006a80034b0cdf800b02346324649464046fff7fd
:1006b80096ff38b13a4621465846fff779ff264457
:1006c800b6b20746013d6db25446dbe7002cdbd0dd
:1006d800a246e4e71f2c012010b5084c94f8070344
:1006e80007f068ff4ff48042002194f8070307f0f1
:1006f80089ff10b14ff48073a38010bd182a012020
:100708002de9f041094c05460e46174613460a46a0
:10071800014694f8070307f0e1fe3b4632462946b6
:1007280094f80703bde8f04107f0babf182a012082
:100738007fb545f24143adf806300d4bcde90230a7
:100748000c4bc043b3f8083304904ff6ff721021e6
:100758000df10600adf81430fff72aff1222adf8ac
:10076800040001a90020fff7cbff07b05df804fbe8
:10077800534e7632182a01202de9f041234cb4f863
:100788000a33b4f80c530b449bb2ff2b06460f46b2
:10079800a4f80a3304f207280bd80a46284441462d
:1007a8003d4426f097f80127a4f80c533846bde8d5
:1007b800f081c5f580724146284426f08bf84ff445
:1007c80080723146a088fff79bff07460028edd0ce
:1007d80000214ff48070fff73ffeb4f80a53b4f8d5
:1007e8000c13a5f580750023adb2a4f80c33a4f85a
:1007f8000a53002ddad0c1f580712a4618fa81f122
:10080800304626f067f8a4f80c53cfe7182a0120e1
:100818002de9f04f714c94f807738fb00021122323
:1008280009aa3846a4f80e13a4f81013a4f80c1358
:10083800a4f80a1307f01cfe0b9b039394f80733e4
:100848000133dbb2012b88bf002384f8073394f807
:100858000733bb4208d14ff0200383f31188bff35d
:100868006f8fbff34f8ffee7fff736ff0028e5d005
:1008780000230293dff86c8182e0029bdff868a115
:1008880004eb830b05aabbf80990102349463846a8
:1008980007f0eefd0026bdf81c50adf81a5005aa69
:1008a80049463846adf81860cdf81e60fff7e0feff
:1008b8004ff6ff72adf814000e2105a8fff778fe79
:1008c800f022adf82200ff21504626f083fd05ab4b
:1008d80003cb1035c8f80000c8f80410b4f80c238e
:1008e80003cba388c8f80800adb21344b5f5807fe0
:1008f800c8f80c10abf809301ad8cdf800a0bdf82c
:100908001c30324649463846fff769fe58b1a3887d
:10091800b4f80c231344abf8093029460af1fb005c
:10092800fff72aff40bb002420460fb0bde8f08f38
:10093800102300bfb5f5807faa4628bf4ff4807a00
:10094800aaeb030b1ffa8bfb4344009332465b462a
:1009580049463846fff743fe0028e4d05146204870
:10096800fff70aff0028ded0a5eb0a055e44adb20a
:10097800b6b20023002dddd1029b0133dbb2029316
:10098800a379029a93423ff678afb4f80a23f2b9f2
:10099800b4f80a030021fff75ffda388a4f8083321
:1009a800039b581efff7c4fe04460028bbd0032152
:1009b8000020fff751fd1222ff2109a826f00afda9
:1009c800122309aa0021384607f088fdace704493c
:1009d800a088fff795fe0028dad1a4e7182a01209d
:1009e8002a2d01201f2c01202f2c012008b50a4b8d
:1009f8009b88c3f580439bb283420bd2fff708ff65
:100a080040b94ff0200383f31188bff36f8fbff312
:100a18004f8ffee708bd00bf182a01202de9f84fc7
:100a2800364d044605f2072988464ff48072ff21a7
:100a3800484626f0cffce1884ff6ff724046fff7a4
:100a4800b7fd4ff6ff7220800e212046fff7b0fd5c
:100a58002368e081c5f807326368c9f80430a368e1
:100a6800c9f80830e368c9f80c30e28802f11006ca
:100a7800b6b2b8f1000f07d0b6f5807f16d8414658
:100a880005f2172025f026ffe2881d49a888f02adc
:100a980028bff022103292b2fff732fe0746e088f4
:100aa8001030032180b2fff7d7fc24e04ff0000b91
:100ab800102000bfb6f5807f344628bf4ff48074fd
:100ac800a4eb000a524608eb0b01484425f002ff4c
:100ad80022460b49a888fff713fe074658b1361b74
:100ae80020460321da44b6b2fff7b6fc1ffa8afba8
:100af8000020002eded13846bde8f88f182a0120e4
:100b08001f2c01202de9f041624c00258eb0a57103
:100b18004ff0ff38ff27122304aa0021284607f0c8
:100b2800a7fcdde906637340013326d19df8123036
:100b3800412b22d19df81330542b1ed19df814302f
:100b4800532b1ad19df815304e2b16d19df816301f
:100b5800762b12d19df81730322b0ed14ff6ff723b
:100b680010210df11200fff723fdbdf8103083426c
:100b780003d146453cbfb0462f46ddb1ff2f2bd1f0
:100b8800002384f807334ff6ff7500bffff7a4fd75
:100b980090b994f807330133dbb2012b84f807339b
:100ba800f4d94ff0200383f31188bff36f8fbff39d
:100bb8004f8ffee70125aee76ff00100a4f8085358
:100bc800fff7b6fd0028e4d00023a371012384f8c1
:100bd80012340eb0bde8f0814ff48073a38038461c
:100be800122309aa002184f8077307f041fc4ff685
:100bf800ff77a388b3f5804fe8d2bdf83420ba4216
:100c080001d09a4214d803210020fff725fc0325c0
:100c180010236a46a18894f8070307f029fc0023eb
:100c28001df80320ff2a1cd10133102bf8d1cde782
:100c38000025ede729461020fff70efcd9e7bdf89f
:100c480002603046fff742fc10b93046fff764fcfb
:100c5800a3884380bdf80830b3b93046fff784fc59
:100c680012e03a460e216846fff7a2fcbdf80e6076
:100c78008642dfd16a46a18894f80703fff7f8fc9b
:100c8800bdf800308342dad0bdf80600103029469e
:100c980080b2d1e7182a012008b507f043fd044bbc
:100ca80093f812341bb9bde80840fff72bbf08bd05
:100cb800182a01202de9ff478a4616469846054618
:100cc80030b12bb1fff7bcfb044650b1052044e01e
:100cd8004ff0200383f31188bff36f8fbff34f8f5b
:100ce800fee706f1100080b2fff780fe2846fff706
:100cf800edfb0746a0b3b0f802901c4d10236a46de
:100d0800494695f8070307f0b3fbbdf808300aeb2e
:100d180006029a4226d8b34218bfbdf80c40adf877
:100d280004a01cbf0134a4b241466846adf80c408b
:100d3800adf80660adf80a90ac88fff76ffe98b181
:100d4800bdf80c307c80642b4ff0000005d9bdf84d
:100d58000230a5f80e33a5f8100304b0bde8f087fb
:100d68000320fae70420f8e70120f6e7182a012013
:100d780073b50c4615461e4628b123b1fff712fc81
:100d880050b9032017e04ff0200383f31188bff315
:100d98006f8fbff34f8ffee76319b3f5803f09d21a
:100da8000146074800962b46224690f80703fff7ae
:100db80016fc10b9042002b070bd0020fbe700bf8c
:100dc800182a01201fb540b94ff0200383f311887a
:100dd800bff36f8fbff34f8ffee7fff7e3fb48b119
:100de80001460648102390f807036a4607f040fbbf
:100df800bdf8080005b05df804fb00bf182a012003
:100e08002de9f04f431e14469bb24ff6fd729342f4
:100e180089b007460d461dd8b1f5006f1ad8fff7ff
:100e2800c1fb00bbfff70cfb064650bb05f11000e9
:100e380080b2fff7dbfd8e4b93f90620002a80f283
:100e4800fa804ff0200383f31188bff36f8fbff34d
:100e58004f8ffee74ff0200383f31188bff36f8fa6
:100e6800bff34f8ffee73846fff7acff854210d03f
:100e78007f4ea6f80e73a6f81053fff7e1fab146b5
:100e880008b105200ee0b6f8100370b9b6f80e33b5
:100e98007bb9002c00f0e78023462a46002138461b
:100ea800fff766ff09b0bde8f08f103080b2fff79a
:100eb8009dfdb9f80e03fff709fb80460028e8d02e
:100ec800b0f802a099f8070310230deb030251466e
:100ed80007f0cefab9f81033f3b9bdf8180010309e
:100ee80080b2fff783fdb9f80e03fff7effa8046eb
:100ef80040b94ff0200383f31188bff36f8fbff31e
:100f08004f8ffee7b0f802a099f8070310230deb06
:100f18000302514607f0acfab9f81023b9f80430c7
:100f28000393bdf8183022b19342adf8182028bfba
:100f380013460022bdf81810adf81420adf81610ad
:100f4800cdf81a200df1100cbce80300dff824b12d
:100f5800c9f8070203f11006cbf80410bce8030037
:100f6800b6b2b6f5807fcbf80800cbf80c1031d8b4
:100f78000bf11001009199f807035146fff72ffb79
:100f8800002872d004ab03cbbdf81620c9f80702bd
:100f9800cbf8041003cb1032cbf80800cbf80c10b8
:100fa80092b25946b9f80400fff7aafb00283ff4ab
:100fb80070afbdf816001030032180b2fff74cfa6d
:100fc8002b4b0022a3f80e23a3f81023039ba8f8a9
:100fd80002305ee793461023b6f5807fb14628bffe
:100fe8004ff48079a9eb030292b20292214a204879
:100ff800134400935a46029b90f807035146fff7a3
:10100800eefa90b31b49a1f207204a468088fff701
:1010180077fb00283ff43daf03214846fff71cfa51
:10102800029ba6eb09065b44b6b21ffa83fb0023ba
:10103800002ed1d1c4e7214604a8b3f80480adf846
:101048001270adf81460adf81650adf81850cdf820
:101058001a60fff7e3fc40b13846fff75dfaa0f8e5
:10106800028002201ee720461ce701201ae700bf85
:10107800182a01201f2c0120f0b5074685b040b979
:101088004ff0200383f31188bff36f8fbff34f8fa7
:10109800fee7fff787fa00283fd0fff7d1f90446ab
:1010a80000283cd11020fff7a1fc4ff6ff720e215b
:1010b8006846adf80020adf80270cde90144adf8fe
:1010c8000c40fff775fa174dadf80e006b4603cbd1
:1010d80005f20726c5f80702716003cb1022b0603d
:1010e800f160a8883146fff70bfb60b91022a98888
:1010f80095f8070307f086fa18b903211020fff7bf
:10110800abf9012007e003211020fff7a5f93846c5
:10111800fff72afa204605b0f0bd0320fbe70520bb
:10112800f9e700bf182a0120f8b50446fff788f947
:10113800054660bb64b107f03dfa012007f03afab2
:101148004ff400722946134826f044f900201fe0a6
:10115800114daf79e3b29f420cd8fff759fb002835
:10116800f4d14ff0200383f31188bff36f8fbff3df
:101178004f8ffee705eb8403b3f80760304601f0b4
:1011880053fd10b93046fff7eff90134e2e70520c7
:10119800f8bd00bf1f2a0120182a0120014b186042
:1011a800704700bf182a012008b5fff7fbf9003087
:1011b80018bf012008bd08b5fff72afb40b94ff05a
:1011c800200383f31188bff36f8fbff34f8ffee7c0
:0411d80008bd00bf8f
:020000040000fa
:020000040100f9
:0411dc000120704737
:020000040000fa
:020000040100f9
:1011e00080b400af084b5b68074a43f48003536048
:1011f000054b5b68044a23f40063536000bfbd469f
:101200005df8047b704700bf0040014180b400af2f
:10121000224b234a1a60234b234a1a60234b244a49
:101220001a60244b244a1a60244b254a1a60254b25
:101230004ff414021a60244b244a1a60244b254aa6
:101240001a60254b254a1a60254b264a1a60264b00
:10125000264a1a60264b274a1a60274b274a1a60eb
:10126000274b43f642421a60264b00221a60264b57
:10127000264a1a60264b274a1a60274b274a1a60cb
:10128000274b144a1a60274b274a1a60274b284ad3
:101290001a6000bfbd465df8047b704700600141e5
:1012a00021220080106001410a14260614600141c9
:1012b00010320c10186001411a27402024600141af
:1012c00006421e3e286001412c6001410600060ec8
:1012d0003060014154760c0e346001411a2600380a
:1012e00038600141f7ff4c463c6001413832544eb2
:1012f000406001413240002044600141544e4c4660
:10130000486001415060014158600141514b383201
:101310005c600141544e464060600141322c50c82f
:1013200064600141686001411926544e6c600141be
:101330004c46383280b483b000af0023fb7118e014
:1013400000bf00bf00bf00bf00bf00bf00bf00bfa5
:1013500000bf00bf00bf00bf00bf00bf00bf00bf95
:1013600000bf00bf00bf00bf00bf00bffb7901335b
:10137000fb71fb79c72be3d900bf0c37bd465df885
:10138000047b704780b500af41f24401032007f0b1
:1013900045fb43f6ff41522007f040fb47f20801ae
:1013a000542007f03bfb48f24e515e2007f036fb1d
:1013b00047f28241602007f031fb4cf617016120b3
:1013c00007f02cfb4cf61701632007f027fb41f2d6
:1013d0000731652007f022fb49f20721672007f05b
:1013e0001dfb47f28241682007f018fb4bf21561a4
:1013f000692007f013fb4bf215616b2007f00efb21
:1014000041f205316d2007f009fb49f205216f20fb
:1014100007f004fb48f20701772007f0fffa49f6ce
:101420001e61e92007f0fafa4ff60171ef2007f08c
:10143000f5fa40f68321f92007f0f0fa00bf80bded
:1014400080b400af00bfbd465df8047b7047b0b507
:101450008cb000af4ff00003fb6101230222022198
:10146000332007f03dfb01230c220c21192007f04b
:1014700037fb012300220021152007f031fb002358
:1014800008220a21082007f02bfb0123072207214d
:10149000092007f025fb012301220121092007f083
:1014a0001ffb002300220021092007f019fb012364
:1014b0000f220f21002014f003f900230d220d212b
:1014c000002014f0fdf80023012201214c2014f02b
:1014d000f7f80023032203214c2014f0f1f8012334
:1014e000042204214c2014f0ebf84ff40073002286
:1014f0000c21262007f0f4fa142007f08bfb0023c0
:10150000fb62002387f82b301ee00123002200211c
:101510004c2014f0d5f8002200214c2014f010f9d2
:101520000346002b00d0f6e700bf00220f214e201b
:1015300014f006f903461a46fb6a1344fb6297f857
:101540002b30013387f82b3097f82b30032bdcd965
:10155000f86a25f0d1f904460d4697f82b30184665
:1015600025f0caf902460b462046294609f0a6fd99
:1015700003460c46c7e908344ff00002784bd7e920
:10158000080121f081fe0346002b26d04ff0000217
:10159000744bd7e9080126f09ffc03460c46184619
:1015a00021464ff00002704b09f088fd03460c46bf
:1015b0001846214664a3d3e9002310f019f9034625
:1015c0000c46184621464ff00002684b09f076fda4
:1015d00003460c46c7e908341ce04ff00002624b9a
:1015e000d7e9080109f06afd03460c461846214672
:1015f00055a3d3e9002310f0fbf803460c46184628
:1016000021464ff00002594b09f058fd03460c46a5
:10161000c7e90834d7e90834c7e90434544bd3e99f
:1016200002341a462346d7e9040126f055fc034646
:101630000c46c7e902344e4bd3e904341a4623461c
:1016400043a1d1e9000109f039fd03460c461a46d1
:101650002346d7e9020110f0cbf803460c46c7e950
:101660000034434bd3e900341a462346d7e900013e
:1016700026f032fc03460c461846214636a3d3e931
:10168000002309f01bfd03460c46184621461ff0b7
:101690003ff80346fb61002300220c21262007f0bf
:1016a0001ffa002302220221332007f019fa002337
:1016b0000c220c21192007f013fa0023002200212c
:1016c000152007f00dfa052308220a21082007f04b
:1016d00007fa002307220721092007f001fa002357
:1016e00001220121092007f0fbf90023002200213b
:1016f000092007f0f5f900230f220f21002013f035
:10170000dfff01230d220d21002013f0d9ff00235c
:10171000012201214c2013f0d3ff002303220321d7
:101720004c2013f0cdff0023042204214c2013f0a1
:10173000c7fffb6907ee903ab0ee670a3037bd4647
:10174000b0bd00bfaff30080666666666666e63fc2
:101750003d0ad7a3703dda3fbc5983f755b9603fc6
:101760000000e0400000f040000090400000f83f22
:101770007800002090b5a9b000af03460a46fb8070
:1017800013467b71032387f89f3007f11c038022e7
:101790000021184625f022fe14233b7714237b7783
:1017a0000323bb770323fb77032387f82030012330
:1017b00087f82130012387f822300a2387f8233065
:1017c000062387f82430032387f82530032387f87e
:1017d00026303c2387f82730132387f82c30132337
:1017e00087f82d30032387f82e30032387f82f3016
:1017f000032387f83030012387f83130012387f83d
:1018000032300a2387f83330062387f83430032335
:1018100087f83530032387f836303c2387f8373094
:10182000122387f83c30122387f83d30022387f8d3
:101830003e30022387f83f30022387f840300123ef
:1018400087f84130012387f842300a2387f8433074
:10185000052387f84430022387f84530022387f8b0
:1018600046303c2387f84730112387f84c3011234a
:1018700087f84d30022387f84e30022387f84f3027
:10188000022387f85030012387f85130012387f86d
:1018900052300a2387f85330052387f85430022347
:1018a00087f85530022387f856303c2387f85730a5
:1018b000122387f85c30112387f85d30022387f804
:1018c0005e30022387f85f30022387f860300123ff
:1018d00087f86130032387f862300b2387f8633081
:1018e000052387f86430022387f86530022387f8e0
:1018f0006630462387f86730132387f86c3012234d
:1019000087f86d30032387f86e30032387f86f3034
:10191000032387f87030012387f87130052387f897
:1019200072300c2387f87330052387f87430022354
:1019300087f87530022387f87630462387f87730aa
:10194000132387f87c30132387f87d30032387f82f
:101950007e30032387f87f30032387f8803001230c
:1019600087f88130062387f882300d2387f883308b
:10197000052387f88430022387f88530022387f80f
:101980008630462387f88730142387f88c30142359
:1019900087f88d30032387f88e30032387f88f3044
:1019a000032387f89030012387f89130072387f8c5
:1019b00092300e2387f89330052387f89430022362
:1019c00087f89530022387f89630462387f89730ba
:1019d0008a4b07f10c040fcb84e80f00b7f90630ef
:1019e000272b0bdc0a2b1dda13f10b0f16dc13f17e
:1019f000190f0fda13f5004f24db07e04f2b02dc41
:101a00003c2b17da12e0632b1cdc17e0002387f86d
:101a10009f301be0012387f89f3017e0022387f8ef
:101a20009f3013e0032387f89f300fe0042387f8eb
:101a30009f300be0052387f89f3007e0062387f8e7
:101a40009f3003e0072387f89f3000bf6c4b1b7863
:101a500097f89f209a4200f0cc80694a97f89f300f
:101a600013707b79002b1cd197f89f301b0107f175
:101a7000a0021344843b1b789bb20b220f21e5206c
:101a800007f02ef897f89f301b0107f1a0021344ce
:101a9000833b1b789bb20b220f21e72007f020f835
:101aa0001be097f89f305b0007f1a002134413f886
:101ab000943c9bb20b220f21e52007f011f897f818
:101ac0009f305b0007f1a002134413f8933c9bb2d4
:101ad0000b220f21e72007f003f897f89f301b0136
:101ae00007f1a0021344823b1b789bb20722082116
:101af000fc2006f0f5ff97f89f301b0107f1a002cc
:101b00001344813b1b789bb204220521e12006f09f
:101b1000e7ff97f89f301b0107f1a0021344803bb9
:101b20001b789bb206220721e12006f0d9ff97f827
:101b30009f301b0107f1a00213447f3b1b789bb22f
:101b400002220321e52006f0cbff97f89f301b010e
:101b500007f1a00213447e3b1b789bb200220321b5
:101b6000e72006f0bdff97f89f301b0107f1a002a8
:101b700013447d3b1b789bb204220721e72006f02b
:101b8000afff97f89f301b0107f1a00213447c3b85
:101b90001b789bb201220321e22006f0a1ff97f8f7
:101ba0009f301b0107f1a00213447b3b1b789bb2c3
:101bb000032204210a2006f093ff97f89f301b01af
:101bc00007f1a00213447a3b1b789bb20e220f212f
:101bd000512006f085ff97f89f301b0107f1a00206
:101be0001344793b1b789bb208220e21522006f049
:101bf00077ff00bfa437bd4690bd00bf60760201ed
:101c00003838012080b582b000af0346fb80104b0e
:101c1000b3f90030b7f906209a4214d0b7f906306c
:101c20007f2b02dd7f23fb8007e0b7f9063013f13d
:101c3000800f02da4ff68073fb80fb8800220721b9
:101c40005a2006f04dff00bf0837bd4680bd00bfdb
:101c50003a38012080b483b000af03460a46fb80c7
:101c600013467b7100bf0c37bd465df8047b70479f
:101c700080b400af0c4b03f5f15308331a680b4bdb
:101c80001b68d31a23f07043094a934205d8094bc5
:101c90001b78002b01d0012300e000231846bd462d
:101ca0005df8047b704700bf0020014198000020d0
:101cb000feffff077000002080b584b000af034630
:101cc000fb71fff7c4fbf0ee407afdeee77a17ee0a
:101cd000903afb81b7f90e301846fff793ff0d4b92
:101ce0001b78c3f30003dbb21a46b7f90e30114676
:101cf0001846fff73ffd084b03f5f15308331b6807
:101d000003f5403323f07043044a136000bf1037db
:101d1000bd4680bd900000200020014198000020b9
:101d200080b584b000af0346fb710023fb73264ae5
:101d300013786ff300031370244b00221a70fb79a1
:101d4000002b03d0fff74cfafff760fafa7907f19e
:101d50000f031946072000f0e1fbfb79002b2dd083
:101d60001b4804f02bf81a4bd3e900014ff0000296
:101d70004ff0000322f001f80346002b03d1154b6e
:101d800001221a7002e0134b00221a70124b4ff41a
:101d900040321a60114b40f271429a60fb79012b7c
:101da00003d10e4bff229a6102e00c4b7f229a6115
:101db0000a4b13221a60094b4022da6004f02ef815
:101dc00000bf1037bd4680bd900000206e0000208f
:101dd00078000020700000209800002000100141d1
:101de00080b400af00bfbd465df8047b704780b58e
:101df00000af0021122006f011fe00bf80bd00bf21
:020000040000fa
:020000040100f9
:101e000080b485b000af184bfb6000237b600ee010
:101e10000023bb6005e0fb680133fb60bb68013356
:101e2000bb60bb680f2bf6d97b6801337b607b6896
:101e3000092bedd946f65073fb600023bb6005e02b
:101e4000fb680133fb60bb680133bb60bb680f2bd1
:101e5000f6d9fb68b3f5e04fefd100bf1437bd46ac
:101e60005df8047b704700bf0010810080b485b02e
:101e700000af78600b467b804ff6ff737b817b88d9
:101e8000002b03d17b89db439bb22ce00023fb7347
:101e90007b685a1c7a601b78bb8117e07a89bb8902
:101ea00053409bb203f00103002b06d07b895b08f3
:101eb0009ab2104b53407b8102e07b895b087b81a7
:101ec000fb7b0133fb73bb895b08bb81fb7b072b6f
:101ed000e4d97b88013b7b807b88002bd6d17b8932
:101ee000db437b817b8918461437bd465df8047b54
:101ef000704700bf0884ffff80b586b000aff86070
:101f00000b467a607b817b687b617b691b78ed2b5c
:101f100021d17b695b78032b1dd17b699b78002bda
:101f200001d1002318e07b699b78012b13d17b89b9
:101f30001946f868fff79aff03467b827a8a7b6925
:101f40001b791b027969c9780b449a4201d100239d
:101f500002e0012300e0012318461837bd4680bd8a
:101f600080b489b000af78607b68bb61bb695a7888
:101f7000274ba3fb021399080b465b000b445b0045
:101f8000d31adbb2002b01d001233ae0bb695b78a6
:101f90001f4aa2fb03239b08fb757b6802337b600f
:101fa0000023fb7728e07b683b613b695b781b0281
:101fb0003a691278134403f1824303f59033fb60ce
:101fc000fb683a6992781a70fb6801331a463b69dc
:101fd000db781370fb6802331a463b691b79137078
:101fe000fb6803331a463b695b7913707b680633e1
:101ff0007b60fb7f0133fb77fa7ffb7d9a42d2d374
:10200000002318462437bd465df8047b704700bfa7
:10201000abaaaaaa80b48bb000af78600b46fb7065
:102020007b683b623b6a5a783a4ba3fb02139908e0
:102030000b465b000b445b00d31adbb2002b01d0d4
:10204000012360e03b6a5b78324aa2fb03239b08d2
:10205000fb777b6802337b60002387f827304ce0f6
:102060007b68bb61bb695b789bb21b029ab2bb69a0
:102070001b789bb21344fb82fb8a03f1824303f576
:1020800080333b61fb78022b02d0fb78032b15d108
:102090003b69ba6992781a703b6901331a46bb6989
:1020a000db7813703b6902331a46bb691b791370e6
:1020b0003b6903331a46bb695b791370fb8aa42b17
:1020c00013d1bb699b785bb203f01f03fb73fb7bef
:1020d00003f01003002b04d0fb7b63f01f035bb203
:1020e00001e097f90f300c4a13707b6806337b6070
:1020f00097f82730013387f8273097f82720fb7fa0
:102100009a42add3002318462c37bd465df8047bb8
:10211000704700bfabaaaaaa6e00002080b485b0a9
:1021200000af78607b68fb60fb685b78022b0dd1a9
:10213000fb68db789bb21b029ab2fb689b789bb270
:1021400013449ab2054b1a80002300e0012318467d
:102150001437bd465df8047b704700bf4234012050
:1021600080b485b000af78607b68fb607b68023329
:10217000bb60fb685b78042b12d1bb68db781a0666
:10218000bb689b781b041a43bb685b781b02134334
:10219000ba6812781343064a1360064b01221a707c
:1021a000002318461437bd465df8047b704700bf16
:1021b0003c3401204034012080b586b000af786007
:1021c00039600023fb7582e07b681b78dbb2ff2b54
:1021d0002ad17b6803f01f03002b03d17b6843f0f7
:1021e0007f437ce00023bb757b6823f00703083343
:1021f0007b607a683b689a4202d34ff0ff336ee00f
:102200007b681b68b3f1ff3f0ed17b6810331b68fe
:10221000b3f1ff3f08d17b6803f01f03002b03d10c
:102220007b6843f07f435ae07b683b613b691b78e6
:10223000012b49d13b695b78012b45d13b699b78e8
:102240001a467b6813440533fb607b6803331846ea
:102250003b699b789bb2fa681946fff74dfe03462f
:10226000002b31d17b683ae03b68083b7a689a42a0
:1022700000d32ce07b681b68b3f1ff3f00d126e060
:102280007b681b78dbb2ef2b1bd17b6801331b789b
:10229000dbb2002b11d17b6802331b78dbb2ed2b54
:1022a0000bd17b6803331b78dbb2032b05d10123f1
:1022b000fb757b6807337b6006e07b6804337b60db
:1022c00002e07b6801337b60fb7d002bccd03b6858
:1022d000083b7a689a42fff477af4ff0ff33184615
:1022e0001837bd4680bd80b588b000aff860b960d2
:1022f0003b601346fb710023fb77fb68bb61bb6946
:102300009b789bb203339bb2bb8395e0fb687b61f8
:102310007b693b610023fb773b691b78fa799a4222
:1023200002d13b6801221a703b691b78092b3ed011
:10233000092b06dc072b16d0072b1edc022b0cd03a
:102340005fe00d2b1fd00d2b02dc0a2b39d058e09b
:102350001a2b22d0552b3dd053e07869fff7defed3
:102360000346fb774de097f82830002b40d0786982
:1023700003f0b7fc0346fb773ae0786903f012fc00
:102380000346fb773de097f82830002b32d0786980
:1023900003f06efc0346fb772ce097f82830002b07
:1023a0002ad0786903f0f6fc0346fb7724e097f81f
:1023b0002830002b22d07869fff7d2fd0346fb7747
:1023c0001ce097f8283019467869fff723fe03468a
:1023d000fb7716e0fb681d4a934211d9fb681c4a43
:1023e00093420dd87869fff7bbfe0346fb7707e001
:1023f00000bf06e000bf04e000bf02e000bf00e055
:1024000000bffb7f012b1cd0b7f91c30002b18dd5f
:10241000fa68bb689a4214d2ba8b3b695b789bb26c
:10242000d31a9bb2023b9bb2bb833b695b781a46d3
:10243000fb6813440233fb60b7f91c30002b3ff7f5
:1024400065affb7f18462037bd4680bdff0f81007a
:102450006f1f810080b588b002af3a601a4603460c
:10246000fb710b46bb7113467b710023fb75fb7937
:10247000002b04d1254b3b61254bfb6038e0254bfd
:102480001b78002b01d185233be0234b1b683b616c
:10249000214b1b6803f57763fb6029e0f968386915
:1024a000fff78afe38613b69bb603b6903f07f43fd
:1024b000002b08d03b6923f07f43144a93421cd180
:1024c0000123fb7519e03b69b3f1ff3f17d0ba79df
:1024d0007b7900933b68f9683869fff704ff03468e
:1024e000fb75bb689b781a463b6913440a333b6112
:1024f0003a69fb689a42d1d302e000bf00e000bf16
:10250000fb7d18461837bd4680bd00bf0010810016
:10251000701f8100403401203c34012080b584b01c
:1025200000af03463960fb711346bb71bb79f97983
:102530003a680020fff78eff0346fb73084b1b78b9
:10254000002b08d0bb7907f10e0200210120fff714
:1025500081ff0346fb73fb7b18461037bd4680bde9
:102560004034012080b588b000aff860b9603b60ae
:102570001346fb710023fb77fb68bb61bb699b784b
:102580009bb203339bb2bb83b6e0fb681b78fb7541
:10259000fb683b61fb79ff2b21d1fb7d002b00f019
:1025a0008c80fb7dff2b00f08880bb6a1b881a465d
:1025b0003b689818f9683b695b7802331a4624f047
:1025c0008df9bb6a1a883b695b789bb213449bb256
:1025d00002339ab2bb6a1a800123fb776de0fa7d61
:1025e000fb799a4269d197f82c30002b4cd0fb7db7
:1025f000062b03d13b695b78072b22d0fb7d0b2b8d
:1026000003d13b695b78042b1bd0fb7d0c2b03d1e2
:102610003b695b78012b14d0fb7d102b03d13b6908
:102620005b78182b0dd0fb7d152b03d13b695b78b4
:10263000082b06d0fb7d182b1ad13b695b78042b45
:1026400016d1fb68023319463b695b781a46386835
:1026500024f044f9bb6a1a883b695b789bb2134447
:102660009bb202339ab2bb6a1a800123fb7724e043
:10267000bb6a1a883b695b789bb213449bb20233f6
:102680009ab2bb6a1a8018e0bb6a1b881a463b687c
:102690009818f9683b695b7802331a4624f01ef9f2
:1026a000bb6a1a883b695b789bb213449bb20233c6
:1026b0009ab2bb6a1a800123fb77ba8b3b695b78bd
:1026c0009bb2d31a9bb2023b9bb2bb833b695b7844
:1026d0001a46fb6813440233fb60b7f91c30002b29
:1026e00003ddfa68bb689a4206d3fb7f012b01d158
:1026f000002306e0802304e0b7f91c30002b3ff7ed
:1027000044af18462037bd4680bd80b58ab002afc1
:1027100003463960fb711f4bfb611f4b7b6100233c
:10272000fb810023fb7626e07969f869fff744fd19
:10273000f861fb693b61fb6903f07f43002b1ed10d
:10274000fb69b3f1ff3f1ad0fa790123019307f136
:102750000e0300933b687969f869fff703ff0346ae
:10276000002b01d10123fb763b699b781a46fb695c
:1027700013440a33fb61fa697b699a42d4d3fb7e26
:10278000012b01d1002300e0802318462037bd46ed
:1027900080bd00bf00108100701f810080b582b035
:1027a00000af786079680620fff7afff0346002b83
:1027b00001d1012300e0002318460837bd4680bd43
:1027c00080b582b000af786079681520fff79dff73
:1027d0000346002b01d1012300e0002318460837ef
:1027e000bd4680bd80b483b000af7860054b93f9df
:1027f00000207b681a70012318460c37bd465df82f
:10280000047b70476e00002080b584b000af786014
:1028100007f10c0319460b20fff777ff0346002b47
:1028200005d1b7f90c207b681a80012300e0002352
:1028300018461037bd4680bd80b584b000af7860c3
:1028400007f10c0319460b20fff75fff0346002b2f
:1028500005d1b7f90e207b681a80012300e0002320
:1028600018461037bd4680bd80b584b000af786093
:1028700007f10f0319460c20fff747ff0346002b13
:1028800005d197f90f207b681a70012300e000231f
:1028900018461037bd4680bd80b400af034b1b788f
:1028a0001846bd465df8047b704700bf40340120e8
:1028b00080b483b000af0346fb71044afb79137008
:1028c00000bf0c37bd465df8047b704740340120e3
:1028d00080b400af034b1b681846bd465df8047b0f
:0828e000704700bf3c340120e9
:020000040000fa
:020000040100f9
:1028e80080b588b000afb96011461a460346fb812f
:1028f8000b46bb811346fb80fb893b82bb687b612f
:10290800bb893b83fb887b830e4b1b68fb6110e014
:10291800fb691b6807f1100210469847034683f0cd
:102928000103dbb2002b01d0002306e0fb695b68e2
:10293800fb61fb69002bebd1012318462037bd460c
:1029480080bd00bf003301201fb5044669460088da
:1029580000f0aef968b3bdf80230abb1019b9bb192
:10296800029bd3b9a2882088cab1a368bbb1618889
:10297800fef7a0f9d0b14ff0200383f31188bff31d
:102988006f8fbff34f8ffee74ff0200383f311885b
:10299800bff36f8fbff34f8ffee79847e2e7019bc6
:1029a800bdf802200021fef785f9e3e7208800f052
:1029b800c6f904b010bd7fb56946054600f078f940
:1029c80010b9002004b070bdbdf80230a3b1019b5e
:1029d80093b1029bcbb92846fef7f4f9019abdf8ea
:1029e800021006462846fef70bfa022804460ed1c6
:1029f800b4fa84f04009e5e74ff0200383f3118827
:102a0800bff36f8fbff34f8ffee79847e3e740b1ff
:102a18004ff0200383f31188bff36f8fbff34f8ffd
:102a2800fee73346bdf8022001992846fff758ff14
:102a38000028ddd1c5e71fb504466946008800f0c7
:102a480037f910b9002004b010bdbdf8023093b1b9
:102a5800019b83b1029bbbb96188a288bdf8023093
:102a680088189842eedca3682088fef781f9b0fa4e
:102a780080f04009e7e74ff0200383f31188bff3a4
:102a88006f8fbff34f8ffee79847e5e773b5dff821
:102a980040c00e4d06460c4600226b46688891b22f
:102aa800884201d800200ee00cebc20103c983e87c
:102ab8000300bdf80610b14202f10102eed103cbca
:102ac80020606160012002b070bd00bf04330120a6
:102ad800280400012de970411e4b85b00646186890
:102ae80024f0fafc002480462546a04510d865bb92
:102af8002a463146174824f0a1fa012825d04ff07c
:102b0800200383f31188bff36f8fbff34f8ffee766
:102b1800002201a90f4824f0bbfc01280cd1019a1e
:102b280033680c489a4208bf012501a900220134e4
:102b380024f084fae4b2d8e74ff0200383f3118835
:102b4800bff36f8fbff34f8ffee7012005b0bde8dd
:102b5800708100bfa035012010b5044688b1082057
:102b68000ef076fc40b94ff0200383f31188bff3d1
:102b78006f8fbff34f8ffee7024b04601a69426004
:102b8800186110bd0433012010b5044688b108202f
:102b98000ef05efc40b94ff0200383f31188bff3b9
:102ba8006f8fbff34f8ffee7024b04601a684260d5
:102bb800186010bd0033012010b5044608200ef03f
:102bc80047fc28b1034b04805a69426058610120d0
:102bd80010bd00bf0433012000f44063b3f5406f1b
:102be80013b514d16946fff751ff70b9002002b040
:102bf80010bd009b33f81400fef73efa0134e4b22e
:102c0800bdf80430a342f4d8f0e70024f8e7fef753
:102c180033faebe7034b00229880c3f80620181d0f
:102c2800da6057e704330120054b5b690bb9184696
:102c380070471a88824201d05b68f7e70120704725
:102c4800043301207fb5184b184d5e6904464eb910
:102c58000120fef769fa3146286816f07dfd00204c
:102c680004b070bdfef760fa24b10021286816f0a0
:102c780073fdf4e7286824f02ffc0646a642eed937
:102c8800002201a9284624f003fc012809d1bdf837
:102c98000400fff7c9ff20b1002201a9284624f04b
:102ca800cdf90134e4b2e9e704330120a03501206d
:102cb8002de97041dff848c0dff8488085b08646c6
:102cc8000e4600256c4600bfbcf80030ab4201d868
:102cd800002010e008eb05130fcb84e80f00bdf8c7
:102ce800003073450ad1234603cb3060716003cbb3
:102cf800b060f160012005b0bde870810135e3e7ff
:102d080004330120280300011fb50446008800f49d
:102d18004063b3f5406f02d1002004b010bd69468e
:102d2800fff7c6ff0028f7d0a28863881344bdf8d0
:102d380002209342f0dc2046fff7ccfeede738b5e1
:102d4800044b1c69054604b938bd236828469847d2
:102d58006468f8e70433012030b585b00446694655
:102d68000088fff7a5ff002845d0bdf80230d3b191
:102d7800019bc3b1029bfbb92088fef715fa258891
:102d8800e0b9019abdf802102846fef739f810f0ac
:102d9800fd0f2dd04ff0200383f31188bff36f8f01
:102da800bff34f8ffee74ff0200383f31188bff383
:102db8006f8fbff34f8ffee79847dde7a2887ab1a0
:102dc800a3686bb161882846fdf774ff80b14ff0a6
:102dd800200383f31188bff36f8fbff34f8ffee794
:102de800019bbdf8022000212846fdf763ffede7af
:102df8002088fff7a4ff05b030bd024b186824f007
:102e0800ccbf00bfa035012030b5174d89b00022d6
:102e180002a9284624f03cfb012801d009b030bda6
:102e2800bdf8080000f44063b3f5406f17d1694658
:102e3800fff72cfe0028ead00024cdf816400794ae
:102e4800bdf80430a342e2d9009b05a833f814303a
:102e5800adf814300134fff77fffe4b2f0e702a8c1
:102e6800fff77affd3e700bfa035012030b504464d
:102e7800008800f44063b3f5406f85b003d10025a6
:102e8800284605b030bd6946fff712ff0546002801
:102e9800f5d0a28863881344bdf802209342eedc83
:102ea8002046fff759ffebe700f44063b3f5406fa6
:102eb80037b518d16946fff7e9fd054688b90025f9
:102ec8000ce0009b33f81400fef76ef90028f6d0ea
:102ed8000134e4b2bdf80430a342f2d8284603b066
:102ee80030bd0024f6e7fef75ff90546f6e700f483
:102ef8004063b3f5406f13b516d16946fff7c6fdb9
:102f080080b9012002b010bd009b33f81400fff710
:102f180052fd0028f6d00134e4b2bdf80430a342d3
:102f2800f2d8eee70024f8e7fff745fdeae7038863
:102f380003f44063b3f5406f00d07ce50020704790
:020000040000fa
:020000040100f9
:102f4800e43201201c000000000000009834012039
:102f5800080000000000000084320120200000006a
:102f680000000000d0310120320000000000000005
:102f7800a034012004000000000000002b2e0120d6
:102f88000100000000000000000000200c0000000c
:102f9800000000002c3401200800000000000000a0
:102fa800083401200c000000000000000c2f012054
:102fb80000010000000000009031012040000000e6
:102fc80000000000143401200c0000000000000084
:102fd800a43401200400000000000000be350120d8
:102fe8000100000000000000203401200c00000057
:102ff80000000000a83401200400000000000000c8
:103008000c0000205800000000000000ac34012033
:103018000c0000000000000030380120040000000f
:1030280001000000aaaaaaaab834012004000000de
:1030380000000000f4010020242801000000000026
:10304800bc340120100000000000000034340120ce
:103058000800000000000000cc3401200c00000033
:10306800000000008c300120640000000000000017
:10307800d834012014000000000000004c33012067
:103088002800000000000000ec34012010000000bf
:10309800000000007433012014000000000000004c
:1030a800fc340120040000000000000088330120e7
:1030b8002800000000000000003501200800000082
:1030c8000000000034380120040000000100000066
:1030d80004000000640000200a0000000000000056
:1030e800cd3501200200000001000000f80e0000ac
:1030f8003c34012008000000000000006e000020a1
:103108000100000000000000383801200400000021
:1031180001000000ff00ff7f700000202c0000006d
:1031280000000000443401200800000000000000f6
:10313800823401200500000000000000083501204d
:1031480004000000000000009c00002004000000b3
:10315800000000004c3401200800000000000000be
:10316800a00000200c000000000000003232012006
:103178000200000000000000bf350120010000002f
:10318800000000008734012011000000000000004a
:10319800a43201202000000000000000b03501200a
:1031a80002000000000000001c330120180000008d
:1031b800000000000c3501200400000000000000a1
:1031c8002c2e0120e00000000000000054340120f3
:1031d8000800000000000000b033012014000000c7
:1031e80000000000cf3501200100000001000000b0
:1031f800010000002838012007000000010000003d
:10320800020700a62a010000103501200400000072
:1032180000000000ac0000200400000000000000d6
:10322800143501200800000000000000b000002054
:1032380026000000000000001c3501200c000000e2
:10324800000000005c3401200800000000000000bd
:10325800283501201000000000000000d8000020e0
:103268001800000000000000c03501200100000027
:103278000000000064340120080000000000000085
:10328800c43201202000000000000000c1350120e8
:10329800010000000000000038350120080000008f
:1032a80000000000c23501200100000000000000fd
:1032b800403501200800000000000000c33501204f
:1032c8000100000000000000483501200400000053
:1032d80000000000c43501200300000000000000c9
:1032e800b235012002000000000000004c3501202a
:1032f8000400000000000000b435012004000000b4
:10330800000000005035012004000000000000000b
:10331800d83301202000000000000000c73501203c
:1033280001000000000000006c34012008000000cb
:1033380000000000543501200800000000000000d3
:10334800f000002004000000000000005c350120af
:103358001000000000000000f40000200800000039
:10336800000000006c35012004000000000000008f
:10337800603201202400000000000000f03001202d
:103388005000000000000000c835012001000000c6
:1033980000000000fc0000202d00000000000000dc
:1033a800c93501200100000000000000703501202f
:1033b8000800000000000000b835012004000000eb
:1033c80000000000ca3501200100000000000000d4
:1033d8002c0100205a000000000000008801002095
:1033e8000400000000000000443801200200000032
:1033f80001000000700000008c0100201000000097
:1034080000000000743401200800000000000000e3
:103418007835012004000000000000009c01002015
:103428000400000000000000cb350120010000006e
:1034380000000000f8330120100000000000000028
:10344800bc35012002000000000000000c30012003
:103458008000000000000000c433012014000000b8
:1034680000000000a001002004000000000000008f
:103478007c3501200400000000000000a4010020a9
:103488001a00000000000000cc35012001000000f7
:1034980000000000803501201c0000000000000032
:1034a800c0010020090000000000000002320120d5
:1034b80030000000000000007c34012006000000fd
:1034c80000000000343201202c0000000000000041
:1034d800c90100200500000000000000d001002004
:1034e80008000000000000009c35012004000000d6
:1034f80000000000d80100200d00000000000000be
:103508003433012018000000000000003c3801207e
:10351800080000000100000013800201138002016e
:10352800e50100200d00000000000000003301202c
:103538001c00000000000000a03501200800000069
:1035480000000000182a01201304000000000000f9
:10355800a8350120040000000000000040310120cf
:103568005000000000000000ac35012004000000fd
:1035780000000000000000000000000066666666ab
:020000040000fa
:020000040100f9
:103588002de9f043074689b018220e4602a800210b
:1035980023f020ff3c681ef013f80023237521f068
:1035a8006ffda36fda0505d518f0e4fb1cf0eef902
:1035b800aff30080b4f85c3001339bb2a4f85c3000
:1035c800ebb9b4f8503053b1b4f85420524292b227
:1035d800b2fbf3f103fb11229b1aa4f85430e36ffa
:1035e800db070cd5d4f8b0114b8943b18a89524214
:1035f80092b2b2fbf3f003fb10229b1a8b81b4f852
:103608005a300bbbe06f10f0010040f06c810146ae
:103618000546b4f850c0bcf1010f00f07a81d5b965
:10362800b4f85420b4f85c309a4240f26b81d21a54
:1036380092b2b2fbfcf50cfb152292b2002a40f0c4
:103648006a81a4f8582064e1013b9bb2a4f85a307f
:10365800002bd7d00025e37d012b66d1a36fda01bb
:103668000cd5d4f8cc0024f0a8fc8046d4f8cc00c3
:1036780024f057fc0146404622f026f9d4f8c83019
:10368800db0110d520461bf00dfd60b1d4f8cc004d
:1036980024f093fc8046d4f8cc0024f042fc014688
:1036a800404622f011f9a26fd4f8803012f0007968
:1036b80000f05781d4e921929b00403302f1ff3892
:1036c8004ff6fc721a40d4f8cc1002a81df021f96c
:1036d800d4e9202140f272234b4303eb4203203309
:1036e800a8eb0908c4f88c304fea482305939df8e5
:1036f800083043f010038df80830e37d012b14d116
:10370800e3681bb9a36f23f48053a367a36f13f473
:10371800505f00f08e81180240f1e68123f4000327
:10372800a367d4f8cc0024f044fc002d3dd1a36f4e
:103738001a023ad4b4f85a30002b36d1b4f854509f
:10374800b4f85c20b4f8500095428cbfab1a531bf8
:103758009bb2b3fbf0f100fb1131954289b2e36fe4
:103768009cbf411a89b2db0717d5d4f8b0c1bcf8a1
:103778000c50bcf80ac095428cbfab1a531b98b2c8
:10378800b0fbfcf30cfb13039bb295429cbfaceb64
:1037980003039bb2994228bf194631b1a4f85a10c5
:1037a8000022d4f8cc0024f002fc1df009ffa36f1e
:1037b80023f03c5323f44c63a367d4f8c83023f0b8
:1037c8008073c4f8c83021f05bfca36f9d0729d52e
:1037d8001df0f6fea36f23f0020343f00403a36772
:1037e80021f04efc01a9d4f8cc0023f093fa019bf8
:1037f8005b0a0193226f13442367384623f04ef87f
:1038080094f86d30d4f8cc0043f0100384f86d3090
:1038180024f0d3fbc4f8c000d4f8cc0024f081fb1a
:10382800a4f8bc00a36f980211d51df0c9fea36fc0
:1038380023f40013a36721f023fc204622f028fd7f
:103848009df80830069043f020038df80830a36fe8
:10385800990540f13081a38f002b00f03d81b4f829
:103868006830002b00f03881013ba4f86830002351
:1038780084f828301df0a4fea36fd80554bf23f4a4
:10388800844323f48643a36721f0fafb94f86d3050
:1038980059070cd501ab042295490197012019f06d
:1038a800f9ff94f86d306ff3820384f86d30d4f823
:1038b800443143b11a7c520641bfd3f82220137a0f
:1038c80043f020031372002e00f00a8102ab03cbf1
:1038d8003060716003cbb060f16003cb306171611f
:1038e80009b0bde8f083d4e96c3194f8e420082ae3
:1038f80018bf19464d8905f1ff3cdcf1000545eb81
:103908000c0586e69a1a92b2002a7ff492aea4f8c1
:10391800585001259fe6b4f8582022b1013aa4f87e
:103928005820022597e600283ff494ae8a899a42e7
:1039380012d9d31a9bb24889b3fbf0f200fb1233b9
:103948009bb2002be5d0b4f85230012be9d80b8a92
:10395800012b7ff67faee4e79b1a9bb2002bd8d0f1
:10396800e9e712f001023fd0d4f88c10d4f88400b3
:1039780001f1200808eb430840f2722101fb00889e
:10398800607d58b10321b0fbf1f101eb4101411a0f
:1039980011f0ff0f04bf08f272289146b8f5004fe6
:1039a800bff4abae618f40f271224a43963a90451c
:1039b800bff4a3ae9b0040334ff6fc721a40d4f814
:1039c800cc1002a81cf0a5ffc4f88c8001a9d4f87b
:1039d800cc0023f09ff9d4f88430019ac3eb52232a
:1039e800a3eb09035b0281e69b0003f598734ff68e
:1039f800fc721a40d4f8cc1002a81cf08affd4f844
:103a08008c30d4f88020d4f8cc007a3303eb42030e
:103a1800d4f8842040f2722101fb0233c4f88c30c0
:103a280001a923f077f9d4f88430019ac3eb522323
:103a3800d8e799067ff579ae94f86c2092077ff560
:103a480074aea18f00293ff470ae18023ff5adaef9
:103a580025b1b4f85020012a7ff4a7aeb4f8582055
:103a6800002a41d1b4f85000a4f8681043f40003c8
:103a78000128a36704d1d4f8cc0024f098fa54e6be
:103a8800b4f854e0b4f85cc0e6458cbfaeeb0c0368
:103a9800aceb0e039ab2b2fbf0f300fb13239bb21c
:103aa800e6459cbfc31a9bb211fb003189b2a4f84a
:103ab8005a100022dfe75a040ed51d047ff5d7ae51
:103ac800204620f071fc9df808308df8090043f07d
:103ad80001038df80830cae6204623f067fcf2e7b8
:103ae80002a80bf0d7f9fbe6002d3ff423ae5ce605
:043af800a204010122
:020000040000fa
:020000040100f9
:103afc00f8b58b1e04460e46232b00f21c81dfe822
:103b0c0013f024001a011a011a01300064001a0182
:103b1c00dc001a01f000420160011a0171011a0166
:103b2c00d7011b022e023102580274021a011a012b
:103b3c001a011a011a011a018f0293021a011a01b1
:103b4c001a011a0197029a029d02d0f8c430dc07c0
:103b5c0002d501252846f8bd90f8e01022f0faf8bd
:103b6c00f7e7c37dabb990f8e25094f86d3023f0d1
:103b7c00600384f86d3020461ef01dff212d17d1f7
:103b8c0001220021204621f0d3fee37db3b90021b0
:103b9c0017e0062122f003fc002800f0cc8094f8fa
:103bac00f43094f8e45043f0010384f8f430dce78b
:103bbc00222dead1204622f067f8e6e7012bc8d186
:103bcc000121204613f05cf8c3e790f8e130162b86
:103bdc0044d014d80e2b28d008d8032bd7d190f86a
:103bec00ed306ff3000380f8ed30d0e70f2b26d0cb
:103bfc00142bccd190f8ed306ff34513f3e7232b56
:103c0c00c5d3252b3dd9283b012bc0d8d0f84c016e
:103c1c0020b11ff0c5fd0023c4f84c3194f8f230ec
:103c2c006ff3041384f8f230b1e790f8ed306ff3d2
:103c3c00c30380f8ed301a211ff07cf9a7e790f848
:103c4c00ed306ff3410380f8ed30c37d13b91ff0f5
:103c5c004cfb7ee71a211af059fb98e7012122f060
:103c6c0057f823f064fc00210546204622f050f85a
:103c7c0023f05dfc1a230246294620461ff0c4fda2
:103c8c0085e7d0f84431002b81d0d3f8220060b105
:103c9c001ff086fdd4f84431002283f8222083f8eb
:103cac00232083f8242083f82520d4f844011ff026
:103cbc0077fd0023c4f8443169e790f8e25005f031
:103ccc00fd05012d7ff445afd0f8b031002b3ff44a
:103cdc0040af00211ff02ef90021204612f0d0ff3a
:103cec0038e7c57d002d37d190f8e230222b7ff4d8
:103cfc0030af90f8e330042b7ff42baf0b2122f084
:103d0c004efbc0b1204619f06bf8054678b1012383
:103d1c0084f8e33094f8f43023f0030384f8f4309f
:103d2c0094f86d3043f0400384f86d3012e701468f
:103d3c00204620f0f6ffc64b1b68002b40f081811b
:103d4c00c44b1d68002d3ff405af31462046a847f3
:103d5c00051c18bf0125fde6012d7ff4faae90f885
:103d6c00e430222b7ff4f5ae90f8e530042b7ff491
:103d7c00f0ae022380f8e53090f8f4306ff30003d6
:103d8c0080f8f430e6e60c2117f04cfb05460028d1
:103d9c003ff4dfae94f8e230022b06d1002684f813
:103dac00e260204620f07ef996e794f8f23019078d
:103dbc003ff5cfae20461df023fc00287ff4c9aea2
:103dcc00b9e723f06ffa00283ff4e1ae94f86d30b8
:103ddc0023f0600384f86d3000221a21204621f074
:103dec00a7fdd4e690f8e450002d7ff4b2ae1ef09f
:103dfc0027f800284ed0112384f8e4300f212046f8
:103e0c0017f010fb002800f00581d4f8b47123f0f2
:103e1c0045ff012826d97b8b628fd4f8cc009a42bf
:103e2c001abf40f2e2415943294623f055ffa4f84a
:103e3c00a800b4f8a82032b1798bb2fbf1f301fbe6
:103e4c001323a4f8a83020461ff046ff054660b1a6
:103e5c00204620f078fb94f8f23043f0010384f80c
:103e6c00f23077e6a4f8a850ede7e37d53b90421ce
:103e7c0020460ff0c7fc00287ff46bae002384f8bb
:103e8c00e43058e7012b7ff464ae1021204610f08b
:103e9c0011fbf0e70f211e2220461cf0e9fe012148
:103eac000546204612f0ecfe002d3ff444af50e6e0
:103ebc0090f8e230132b2bd00ed8082b37d0112bc7
:103ecc007ff465aec37ddbb990f8e0101a2911d1ef
:103edc0001210ff097fc70e7213b012b3ff657ae09
:103eec0090f86d3090f8e01023f0600380f86d309e
:103efc00002274e790f8f230da077ff548aeaae6b4
:103f0c0090f8f230db077ff542ae90f8e010a2e6b5
:103f1c00012121f0fdfe23f00afb0021054620467d
:103f2c0021f0f6fe23f003fb94f8e030a3e690f8c2
:103f3c00e0101df062fd2ae6122117f073fa18b991
:103f4c0020461ef038fd04e694f8e430002bf7d13f
:103f5c001321204622f023fa0028f1d1ebe61ef0c3
:103f6c002afd14e690f8e430002b7ff4f2ad142116
:103f7c0017f058fa00284dd094f8e430002b7ff459
:103f8c00e8ad142120460ef0bbfd054620461ef080
:103f9c00d6f820b90121204612f072fecbe6002d96
:103fac003ff40eae20461ff033fe204621f02cfdd0
:103fbc0006e690f8e230052b01d0032b10d1d4f893
:103fcc00b0316bb1152120460ef09afd00283ff45c
:103fdc00dead20461ff01cfe204621f015fdd6e577
:103fec001521204621f072feb3e590f8e430002b49
:103ffc007ff4afad132380f8e430162117f012fada
:10400c0040b1e37d204613b90bf06cf933e71bf09c
:10401c0041fb30e794f8e630002b7ff49aadcfe506
:10402c0020f04efc05463fe7002120f0fcfdaee5fc
:10403c001bf006fbf6e708f01bfaf3e714f046fd5d
:10404c00f0e731462046984700283ff479ae80e5ea
:08405c005c35012060350120f4
:020000040000fa
:020000040100f9
:1040640070b50378c4b00446202b3bd8dfe813f0c6
:1040740021004c0013023a003a003a003a006f0063
:104084003a0042013a003a00710198023a003a00bb
:104094003a009e01ec0192001a023a003a003a00fa
:1040a4003a003a003a003a0022024d0271023a0004
:1040b400cc01c58828461ff0d9fe0246a8b9b84be2
:1040c4000093cde9015004231021ee200ff0bcff32
:1040d4000022043401920094062305214ff48270d7
:1040e40020f09afb012044b070bd1ff00bfae38866
:1040f400adf81230237a8df8143004a801238df81a
:1041040010301bf03dfde3e7c58828461ff0aefee6
:10411400024680b90123cde90153a14b009310213c
:104124000423ee200ff090ff002204340192009447
:1041340006230821d2e703238df8103004a823793d
:10414400adf812508df814301bf01afdece7c58859
:1041540028461ff08bfe024680b90723cde90153a0
:104164008f4b009310210423ee200ff06dff0022eb
:1041740004340192009404233021afe703238df823
:10418400103004a82379adf812508df814301bf0c8
:10419400f7fcece7037a834d012b60d1286800f526
:1041a400da700ff099fc2a681378002123f00103d8
:1041b4001370084620f0d8fa1df06cf82379002b10
:1041c40040f08580e388002862d12278cde901326d
:1041d400754b0093024604231121ee200ff034ffa7
:1041e40023798df8123004f10a06e388adf814300f
:1041f4003146237a607a8df8163020f0b7fee389d1
:10420400adf81c30637d8df8170003f0c003d4f8bb
:104214000a000690402b5fd1234653f8102fcdf8a7
:104224001e209b88adf822302346002553f8160f34
:1042340009909b88adf82830a38badf82a3004a8e8
:10424400d4f81e300b9304348df810501bf098fcf6
:104254000195009420232a464ff49f713ee72a6873
:10426400137823f0040313700221002020f07cfa59
:104274002b6803f5087203f5107300bf52f8040ba2
:1042840010b1c178012999d09342f7d1002095e764
:1042940003800223c370237a8370a38b8381e38b0f
:1042a400c381238c03822b6893f821200271627de1
:1042b40002f0c002402a0abf234653f8221f53f8d3
:1042c400101fc0f80510421d9b88938088e70028c2
:1042d40086d01ff017f983e72b6893f82120022a70
:1042e40002d153f8222f9ae70023cdf81e30adf8ff
:1042f400223099e7c58828461ff0b8fd024688b9e0
:104304000923cde90153264b009310210423ee2009
:104314000ff09afe00220434019200940a2340f222
:104324003e31dbe60023837402238df81030e388ea
:10433400adf8123023798df814302389adf8163096
:10434400a268a389069204a8adf81c301bf018fcdf
:10435400e0e7858828461ff089fd024688b90c23ca
:10436400cde901530e4b009310210423ee200ff0ee
:104374006bfe00220434019200940a2340f23e6151
:10438400ace606238df81030d4f80630059304a863
:10439400d4f80a30adf8125006931bf0f1fbe8e7ad
:1043a40034d801019c00002068d80101c588284642
:1043b4001ff05cfd90b91123cde901537c4b0093b0
:1043c400024604231021ee200ff03efe00220434a6
:1043d400019200940c2340f23e417fe62379002ba6
:1043e400f4d1237a9b0605d540f64802fb210088c8
:1043f4001af0fafc17238df8103004a8e388adf8fe
:1044040012301bf0bdfbe1e7858828461ff02efd26
:10441400024680b92023cde90153654b0093102156
:104424000423ee200ff010fe0022043401920094c5
:104434000223572152e60b2304a88df81030adf85f
:1044440012501bf09dfbefe7c58828461ff00efdb8
:10445400024688b91223cde90153554b009310212c
:104464000423ee200ff0f0fd0022043401920094a6
:10447400062340f63e4131e60c238df810302379b3
:104484008df8143004a82389adf81250adf8153016
:104494001bf076fbe8e700220434019200940a231f
:1044a4000c211be60022043401920094042341f2ff
:1044b4003e4113e6c58828461ff0d8fc024688b959
:1044c4001c23cde901533a4b009311210423ee2020
:1044d4000ff0bafd00220434019200940a2342f240
:1044e4003e11fbe514238df8103023798df812303a
:1044f400a26894f90c30adf8145004a8cdf8162035
:104504008df81a301bf03cfbe4e7858828461ff041
:10451400adfc024688b91d23cde90153244b009319
:1045240011210423ee200ff08ffd002204340192a8
:104534000094042342f23e01d0e516238df8103096
:1045440004a8e388adf81250adf814301bf018fb42
:10455400ebe7c58828461ff089fc024688b91e236c
:10456400cde90153124b009311210423ee200ff0e7
:104574006bfd00220434019200940c2343f63e6147
:10458400ace518238df81030a368cdf8163004a8d4
:10459400e368adf81450cdf81a301bf0f1fae8e7ef
:1045a40000220434019200940a2340f23e7195e5fe
:0445b40034d80101f5
:020000040000fa
:020000040100f9
:1045b8002de9f04f04468db00af0defd94f8503036
:1045c800d4f8e490029394f84b7094f84f30039326
:1045d80009f142030193002f00f0888109f1840357
:1045e8000093d4f87c61d4f8bc30f56804932b6848
:1045f8006ff302032b602b6894f8242062f3c40342
:104608002b602b684ff0040b6bf3ca132b602b68dd
:104618002a466bf3ce2342f8103bc04b1968521a56
:10462800296892b262f3de3129602a686ff3df727b
:104638002a60aa68012161f30102aa60aa6842ea15
:104648000b02aa60aa686ff3c802aa601a686968b0
:10465800a9eb020292b262f30f0169606a686ff314
:104668001f424ff000086a60ad4a089207a94a46ff
:104678000794adf8248094f8470011f0bbfb99f833
:10468800012094f8361094f824001ff0aafac6e91d
:104698000498d6f800a086f80880f560c6f8188057
:1046a800a6f81c80daf80c603268052363f302026e
:1046b8003260326894f82410984b61f3c402326077
:1046c80032686bf3ca12326032686bf3ce22326002
:1046d800326868f3de3232601988d4f8dc307268e8
:1046e8005b1a9bb263f30f027260d4f8d820736828
:1046f800521a92b262f31f437360b368022262f3e4
:104708000103b360b36843ea0b03b36006f1100317
:10471800b2685b1a9bb263f35822b260b36868f35d
:104728005a63b36000f170050c2294f8361094f8bf
:1047380024001ff056fa4ff00503caf80c608af8f7
:104748000830d4f8dc30caf81850cae90435aaf899
:104758001c8094f83610b1fa81f183460c2249097d
:1047680094f824001ff03dfa94f82430022b00f04e
:10477800bf80032b00f0c080012b40f0c1800bf1fb
:10478800a703a73000eb050b1d44daf800a0daf800
:104798000c603268042363f302023260326894f8d2
:1047a800241061f3c4023260326863f3ca123260c3
:1047b800326863f3ce223260002f00f0a380574a9c
:1047c800126806f110039b1a32689bb263f3de325b
:1047d80032603368514a01996ff3df73336013888d
:1047e8007068c91a89b261f30f0070600499cb1a16
:1047f80071689bb263f31f417160b368022161f372
:104808000103b360b36843f00403b3600123079462
:104818008df822300592002f79d08df82130039b36
:104828008df8243000238df823308df82530019a37
:1048380094f847000b2307a98df8203011f0dafa15
:1048480099f8432094f8361094f824001ff0c9f919
:104858008046002f60d0b4f8c090039ba9eb0309f1
:104868001ffa89f904238af80830019bcaf80c60fa
:10487800cae904350023fa1a18bf01228af81d2054
:104888009df82120caf818b08af81c306ab18df852
:10489800283094f82430013b8df82930514608f52a
:1048a800a5730aa80b9315f02ff89df82430049ae5
:1048b8001a44134694f82420022a33d0032a0cbf42
:1048c8007c227e2290447fb3e13545440bf1e10b15
:1048d800d84400bfdaf800a05fbb454534bfc4e93f
:1048e8004e85c4e94e580db0bde8f08f009778e6c4
:1048f8000bf1a103a13045e70bf1a903a93041e76a
:10490800ab4642e7336867f3de33336061e78df81f
:104918002170b4f8c03083e7b946a3e7a0010020ae
:104928000a0001008422cde7073545440bf1070b47
:10493800cee7daf80c6032686ff302023260326850
:1049480094f8241061f3c40232603268042161f3e0
:10495800ca1232603268013f61f3ce2217f0ff07b6
:10496800326000f088804c49096806f11002521a3a
:10497800316892b262f3de31316032686ff3df7210
:104988003260b2686ff30102b260b26842f00402aa
:10499800b260b2686ff3c802b260059a00991288d3
:1049a8007068891a89b261f30f00706071689a1a89
:1049b80092b262f31f410122716007948df82220a0
:1049c800002f5dd08df82120029a8df824200d2229
:1049d8004ff0000b8df8202007a9009a94f84700a3
:1049e80001938df823b08df825b011f003fa009be0
:1049f80094f836105a7894f824001ff0f2f8019bc6
:104a08000246002f41d00299a9eb01091ffa89f942
:104a18000099caf80c60cae90415391c18bf0121ad
:104a28008af81d109df821108af808b0caf8188075
:104a38008af81cb089b194f82410039301398df8d1
:104a4800291002f5a5710b910aa8514601928df81b
:104a580028b014f059ff039b019a9df824100b44c9
:104a680000994231009197b105f5a575154408f5ef
:104a7800a57890442ee7326867f3de3232607ce72f
:104a88008df821708df82490a1e7b946c0e77035fc
:0c4a9800154408f17008ece7a0010020b4
:020000040000fa
:020000040100f9
:104aa4002de9f04f022897b0044600f01a8203283b
:104ab40000f02882002840f08981c64bc64e1b783e
:104ac4001bb13368986b13f047fcc44bd6f800c095
:104ad4001d68d5e91823cde9042300220023c5e984
:104ae40018230cf108030cf1300200bf13f8011b6a
:104af4000c449a42a4b2f9d1e4089cf803e0c4f14e
:104b04002504e4b2a64538bfa6460024204600bfcb
:104b14009cf80530834275d8d5e91823cde90a23da
:104b2400af4b1b680393039b002b00f03981039b5d
:104b34009b681a7a042a40f0b281dde904011d68f9
:104b4400dde90a238b4208bf824204d195f8f23092
:104b54009f0640f19781284620f081fc06900028aa
:104b640000f0908195f8f2309c4a9e0644bf6ff3a2
:104b7400451385f8f230d5f84c31002b00f09780be
:104b8400d3e900310893136801f01f0bd3e918101f
:104b9400089b1940904b0bea00001b68cde91410e8
:104ba400002693f803c0262201233446a44503d9e2
:104bb400013a12f0ff026ad1874b1b680793de7833
:104bc400a64240f2ca80dde914e84ff0000c5b799c
:104bd40013936746cdf824c0cdf848c0cdf808c07b
:104be400139b029a93426dd1bcf1000f01d0cde921
:104bf40014e8be42dde9142340f21a81002108467c
:104c040001272fe124214ff000088b1cdbb20c2b71
:104c140028d00b2b4ff001032ed8cf18a1f11f027f
:104c2400c7f1200603fa02f223fa06f63243bb4028
:104c3400d5e9167603ea070a02ea060b5aea0b06d6
:104c440010d00cf10a06765c86420bd1d5e91876b1
:104c54003b4332430134c5e91832e4b2a64598bf58
:104c64004ff0010801398b1ccfd1b8f1000f7ff44c
:104c740053af0130c0b24be7a1f12002c1f12006cd
:104c840003fa02f223fa06f632438b40d0e701ea34
:104c940003070c9700ea06070d97dde90c7857ea3d
:104ca40008071cbf0134e4b2db1876417ee71368c1
:104cb400d3e91823cde914234ff0ff3308934ff0c1
:104cc4001f0b79e724218b1cdbb20c2b00f0a48092
:104cd4000b2b4ff0010200f289808b189946c9f121
:104ce400200aa1f11f0302fa03f322fa0afa484642
:104cf40043ea0a038240079800f10a0a02981af864
:104d040001a0824540f0888002ea0e000e9003ea7a
:104d140008000f90dde90e9a59ea0a007cd1089840
:104d2400104010900bea03001190dde9109a59ea43
:104d34000a0067d00134e4b2a64242ea0e0e43ea06
:104d4400080872d1cde914e8d5f84c312bb9234bbe
:104d54001968dde91423c1e91823dde91423dde929
:104d640004018b4208bf824200f08c80082010f0be
:104d7400adfe0346c5f8b0019df8542014981860a0
:104d84001a71284622f0f2fb164b002871d1072233
:104d9400cde9003201230222d421ec200ff054f992
:104da4000e4b1868dde90445d0e91823ab4208bf6f
:104db400a24204d00c4b1b680bb160309847064be1
:104dc400186828220021083022f006fb002017b0c2
:104dd400bde8f08f20010020d80100200001002050
:104de40090010020786102011c010020a1f1200340
:104df400c1f1200a02fa03f322fa0afa43ea0a0387
:104e04008a4078e7be4207d909981043129a09905c
:104e14001a4301371292ffb20139881c7ff453af51
:104e240002980130c3b20293dae6ddf818c0f3e762
:104e340009990a4312990b43cde9142317e000bfe3
:104e4400c1f12404a4f1200cc4f1200007fa0cfce5
:104e540027fa00f04cea000007fa04f4034306982a
:104e640022430131ccb2b442ead30028e4d134461f
:104e74006ae70022cde90032d42101230222ec208a
:104e84000ff0e2f895f8f2305a0606d56ff3861360
:104e940085f8f23028461cf0c3f8039b41e6052a46
:104ea400fbd118681f4d90f8f23013f0100f0ed09c
:104eb400dde90a23dde90467bb4208bfb24206d03c
:104ec4000ef03efa18b90723cde9005362e7002338
:104ed400cde9005302220123d421ec200ff0b4f8d1
:104ee400dbe7114b1b680020596b18f031ff18b930
:104ef4000e4b01221a7069e70d4b0e4819680df02c
:104f040019f963e7094c2278012a04d1084b0948ae
:104f140019680df00ff9044a126800232370936393
:104f240054e700bf88610201d8010020200100205d
:084f340024010020040100200b
:020000040000fa
:020000040100f9
:104f3c000829f8b504460e4600f0fd8009d8012971
:104f4c0000f0988049b299b3032e00f0c78000207e
:104f5c002de0182900f0048122d80a29f7d190f805
:104f6c00e450002d40f0ef8190f8f4309a0740f1b6
:104f7c00ea810b2121f013fac8b140f22243a4f8c4
:104f8c00e43094f8f43065f3410384f8f43094f889
:104f9c006d3023f0600343f0600384f86d3006e05d
:104fac00272900f04f81a1f1280460426041f8bd2f
:104fbc00c37d012b54d190f8e42090f8e2305ab123
:104fcc00112b01d0032b02d1d4f8b01121b9112a25
:104fdc0002d001252846eae7d4e96c52112b18bf00
:104fec001546b4f85c20eb8a9b1a9bb247f6fe720e
:104ffc0093422cd822f07ef9014608b90025e9e746
:10500c0094f8f230d80711d4628f2b8a9a4207d1c8
:10501c00a28f6b8a9a4203d1e28fab8a9a4205d057
:10502c0094f8f23043f0010384f8f2300023cb7192
:10503c00eb8a8b600c35cd60204622f037ff94f85c
:10504c00e230112bc5d0112384f8e430c1e720469f
:10505c0011211ff027fe2821204620f07bfeb8e707
:10506c0020f034fe05460028c8d0112120461ff040
:10507c0019feafe7c57d012d28d190f8e430002b47
:10508c00a8d1d0f8b431b0f85c20db889b1a9bb265
:10509c0047f6fe72934213d822f02cf901460028f1
:1050ac00acd0c571d4f8b431db888360d4f8b4319a
:1050bc00c360204622f0fafe122384f8e43089e71c
:1050cc0020f0eafc294611f0dbfd83e720f0fefd21
:1050dc000546002892d031462046f4e790f8e4309b
:1050ec0013b1222b7ff475afe27d012a1dd113b9c8
:1050fc00212384f8e43020461af0f6fa05460028fd
:10510c003ff468af032384f8e53094f86d3023f056
:10511c00600343f06003204684f86d301ef0caf83b
:10512c0004f58d7018f04cfb54e703212046bde8c4
:10513c00f84020f0cbbd16f075f900283ff407af0e
:10514c0094f8e430002b7ff402afe37d012b05d102
:10515c0020460921bde8f8401df0a8ba3146e5e724
:10516c0090f8e230132b29d1d0f8b061e57d012df8
:10517c005ed13389a4f86030314620461ff0e6fd3d
:10518c00778817bb13211ff08dfd94f8f2309b0725
:10519c007ff520af2946204620f0bafd22f0c7f952
:1051ac0039460646204620f0b3fd22f0c0f93b46b6
:1051bc000246314620461ef027fb0be790f8e43000
:1051cc00d0f8b461132bd1d0b1e7b4f85c20b3881c
:1051dc009b1a9bb247f6fe72934221d8b17811b953
:1051ec0020f096fdb070f37823b90121204620f011
:1051fc008ffdf07022f07ef8014600283ff4feaee1
:10520c001823c371b3888360b31cc360204622f09b
:10521c004dfeb178204615f0b9fda4f86000d8e633
:10522c0013211ff03ffd2821204620f093fdd1e6ed
:10523c001821204620f04afd054600283ff4deae3a
:10524c00132113e790f8e4304bb190f8e230082bbf
:10525c0001d0032b77d1d4f8b031002b73d0e67d7d
:10526c00012e74d1d4e96c5394f8e220082a18bfab
:10527c001d462946204618bf00261bf041fd074657
:10528c00002846d0a88922f08afe03283fd1b4f822
:10529c005c0022f084fe002839d16b894bb1aa89bd
:1052ac00524292b2b2fbf3f103fb11229b1aa4f807
:1052bc0054306b89b4f850209a420cd1b4f8521087
:1052cc002a8a914207d1e18f6a8a914203d1a18f38
:1052dc00ea89914239d0a4f850302a8aa4f8522095
:1052ec006b8ae387e989a187db00618fb3fbf1f35c
:1052fc00c4e92433a36fa4f85820002143f480633d
:10530c00a4f85a10a36720461cf077fb12e0ab8977
:10531c00cde727211e2220461bf0aafc94f8e23090
:10532c00082b0cbf39460121204611f0a9fc1e2187
:10533c00002ee8d194f8e230082b0cbf002101219b
:10534c00204611f09dfc012031e60021f0e72721d9
:0c535c00204620f0bbfc0028ecd128e625
:020000040000fa
:020000040100f9
:10536800f0b597b00378032b04d0012b00f08181ae
:1053780017b0f0bd44682378062bf9d801a252f87b
:1053880023f000bf67540001a953000179530001bd
:105398007953000179530001e1540001ff530001e2
:1053a800c14b1b78002be3d0a0881bf0d7fa04462a
:1053b8000028ddd08378002bdad103a9807f0ff095
:1053c800edf870b911ab0df142020df13a012088e8
:1053d8001bf054fb0028cbd10121208820f078ff56
:1053e800c6e720881ef05cf90028c1d1002120887a
:1053f80020f06effbce7ac4b1b78002bb8d0a08820
:105408001bf0acfa05460028b2d08378012bafd147
:105418004c22002103a821f0ddff03a9a87f0ff08b
:10542800bdf870b99df8542012f0020f09d0a37985
:1054380013f0040f0fd012f0010f02d013f0080f71
:1054480009d0a0881ef046f9002891d10021a08833
:1054580020f03eff8ce7a0881ef056f988e7a37974
:1054680043bba0881bf07afa0546002880d0a288a2
:10547800237a03218df80c10adf80e2000228df848
:1054880011208df8123003a81bf08cfa0123eb725f
:1054980054f8096f6068a168e268ee602861696184
:1054a800aa61ab78002b7ff463af0121288820f034
:1054b8000fff5de7a188e27904208df80c00adf8b4
:1054c8000e1000218df811108df812308df8132070
:1054d80003a81bf067fa4be7a0881bf03ffa0646c3
:1054e80000283ff445af4c2022f09dfc05460028db
:1054f8003ff43eaf04f1780393e803002860a980e5
:10550800090ca971284612f0dffb024608285ad078
:10551800b277b378002b40f0868094f8223013f0ed
:10552800010f6ad0214651f8087f4e688868c9681b
:10553800af63ee6328646964214651f8687f4e685a
:105548008868c968c5f80770c5f80b60c5f80f000a
:10555800c5f8131094f822309b0895f8481063f3a7
:10556800870185f8481094f82230c3f34003c9b284
:1055780063f3410185f8481094f8221095f84830f3
:1055880061f3000385f84830234653f8247f5e68aa
:105598009868db68c5f81e70c5f82260c5f8260053
:1055a800c5f82a30606bc5f81700208f94f83a10b8
:1055b800a5f81b0069772946104612f0c1ff284656
:1055c80022f035fcd4e61ff0baff024608289fd126
:1055d80005238df80c303388adf80e3008238df88c
:1055e800113003a81bf0def91ff0a9ff02460828b6
:1055f8008ed1284622f01bfcbae6214651f84c7f92
:105608004e688868c968af63ee6328646964234696
:1056180053f85e1f5b68c5f82e10c5f83230b4f831
:105628005c30eb8688e7234653f808efd3f804c0cc
:105638009f68d868c5f838e0c5f83cc02f6468642e
:10564800d3f800c05f689868db68c6f80cc037619b
:105658007061b361214651f8687f4e688868c968ef
:10566800c5f80770c5f80b60c5f80f00c5f813102a
:1056780070e744682378052b18d0032b7ff478aea5
:105688002379002b6ed1638803228df80c20adf8a6
:105698000e3001238df8113000238df8123003a845
:1056a8001bf080f964e600bf2b2e012060881bf0f8
:1056b80055f9054600283ff45bae0121008820f02b
:1056c80007feeb7aa3bb03a9a87f0ef067ffc8b952
:1056d80011a928881df038fa00283ff449ae6388dc
:1056e80004228df80420adf8063001238df8093026
:1056f80000238df80a308df80b300deb02001bf0fb
:1057080051f935e628881df015ff638804228df8c5
:105718000420adf8063001238df8093000238df8f8
:105728000a308df80b300deb02001bf03bf91fe639
:10573800294631f80c0b1df007fa00283ff418ae83
:10574800638804228df80c20adf80e3001238df803
:10575800113000238df812308df8133003a81bf098
:1057680021f905e6638804228df80c20adf80e3087
:1057780001238df8113000238df812308df8133085
:0857880003a81bf00ff9f3e583
:020000040000fa
:020000040100f9
:105790002de9f04fc0b28db001280d4601924ff0b7
:1057a000000700f0df8130b1022800f0e98100201d
:1057b0000db0bde8f08f01a904a820f05afa01a9a4
:1057c00005a820f056fa01a906a820f052fa049b79
:1057d000190505d5b44b1b6813b1019928469847a4
:1057e000049bda0415d52b6893f8fa208ab193f854
:1057f0004720042a08d8012a04d1d3f8dc305b788a
:10580000252b01d913f08afba84a138843f08003a3
:105810001380049b9b0416d52b6893f8fa2092b151
:1058200093f84730042b09d8012b07d0a04b1b78e5
:10583000002b00f0b0809f4b01221a709b4a138806
:1058400043f480731380059bde060ad52b6893f81a
:10585000fa3033b1974c22780ab113f05ffb002382
:105860002370069b9c042fd52c68d4e9366821f060
:105870008dfd002840f0928022f04cfa002840f084
:105880008d808d4bd3f86c3fc3f3c029b9f1000f65
:1058900040f084803368cdf82530b388adf82930e6
:1058a00098f800309df82420c3f3801363f30002be
:1058b00007a909a88df8242014f0d2ff00286dd084
:1058c000494620461ff0f8fc069b5a0431d52c6847
:1058d000d4e9366821f05afd002840f0fe8022f01d
:1058e00019fa002840f0f980734bd3f86c3fc3f3ea
:1058f000c029b9f1000f40f0f0803368cdf82530b1
:10590000b388adf8293098f800309df82420c3f30f
:10591000801363f300020df10f0109a88df8242014
:1059200014f09eff002800f0d880494620461ff062
:10593000c3fc069bd80425d5604c2b6822689106d1
:105940000ed4226852060bd42268170608d42268a7
:10595000d60505d42268900502d42268510511d5d8
:1059600093f8fa3073b113f0d9fa504a138843f020
:105970001003138023685a0641bf514a138843f02d
:1059800008031380069b1b047ff511af4d4b28685d
:105990001b6898470be713f0c1fa4fe7f38a063b01
:1059a0009bb240f67a4293428ed8738b0a3b9bb2ed
:1059b000043a934288d896f821301b3303f01f0332
:1059c0000b2b81d8404b1a689946002a3ff47cafd4
:1059d00094f8fa3023b1354a138843f0200313803a
:1059e000354bd3f86c2f12f4006f04f5857b04f56a
:1059f000827a37d1d3f86c2fd00533d5d3f8682ffe
:105a000091002fd5d3f8683fc3f30268404620f0d9
:105a100003ff40f0020084f803013368c4f80a3140
:105a2000b388abf80430514640461af0d9fd94f8db
:105a30004730063b012b32d894f82430022b45d056
:105a4000032b21d0012b45d000221146d9f800604c
:105a5000002e3ff439af0523d4f8d800b047c4f87e
:105a6000100131e798f80030c3f3801384f8033154
:105a70000023c4f80a31abf804303368c4f80431a9
:105a8000b388aaf80430d2e794f83630012b40f2fc
:105a9000e66240f6a66108bf4ff45172d6e70022d5
:105aa00040f2e241d2e700bf94350120c20100205c
:105ab000cc350120d001002000240141583e014195
:105ac000803e014198350120c4010020fa2240f6b1
:105ad000c411bbe74ff4ab72f9e794f82630012b01
:105ae0007ff427af2b4ad2f86c3f1b052bd4d2f89a
:105af0006c3fc3f3002343b1d2f8683fc3f3407354
:105b00001bb1d2f8687fc7f30267227c8df81c2096
:105b1000dbb1384620f080fe40f002008df81d0019
:105b20000df11e0138461af05bfd07ab93e8030048
:105b30000cab09950c2203e9030009ab16490120bf
:105b400017f0acfef5e60023dfe798f80030c3f36a
:105b500080138df81d303368cdf81e30b388adf852
:105b60002230e2e70b6893f8fa30012b7ff41fae86
:105b700013f0d4f9094a138843f04003138016e662
:105b8000074b1b68002b3ff412ae1146284698477e
:105b90000de600bf0024014104000101c201002004
:045ba000903501201b
:020000040000fa
:020000040100f9
:105ba40080b58ab000af78602e4b9b683b623b6a3d
:105bb40023f47f433b623b6a43f4a4333b62294aa8
:105bc4003b6a93607b68fb61fb695a78264ba3fbb5
:105bd400021359080b465b000b44d31adbb2002bab
:105be40001d0012339e0fb695b781f4aa2fb032340
:105bf4005b08fb767b6802337b60002387f82730e1
:105c040017e07b687b617b699b781b021a467b6982
:105c14005b7813443b617b691b783969184611f042
:105c24002fff7b6803337b6097f82730013387f8b5
:105c3400273097f82720fb7e9a42e2d3192011f0ef
:105c4400edfef860fb6823f05003fb60f96819204f
:105c540011f016ff00f042f9002318462837bd461c
:105c640080bd00bf003e0144abaaaaaa80b489b09b
:105c740000af78607b68bb61bb695b7803f00303aa
:105c8400dbb2002b01d0012323e0bb695b789b08c6
:105c9400fb757b6802337b600023fb7714e07b6831
:105ca4003b613b691b889bb203f1824303f5b0332c
:105cb400fb60fb683a69528892b21a807b680433ad
:105cc4007b60fb7f0133fb77fa7ffb7d9a42e6d34f
:105cd400002318462437bd465df8047b704780b521
:105ce40086b000af78607b683b613b695a78254b8e
:105cf400a3fb021359080b465b000b44d31adbb217
:105d0400002b01d0012338e03b695b781d4aa2fbdc
:105d140003235b08fb737b6802337b600023fb7502
:105d240026e07b68bb60bb681878bb689b789bb235
:105d34001b029ab2bb685b789bb213449bb21946b0
:105d440002f06afebb681b78082b03d1bb685a7843
:105d54000d4b1a70bb681b78512b03d1bb685a7862
:105d64000a4b1a707b6803337b60fb7d0133fb7540
:105d7400fa7dfb7b9a42d4d3002318461837bd46dc
:105d840080bd00bfabaaaaaacd350120ce35012023
:105d940080b483b000af7860064a7b680233196828
:105da40011601b79137100bf18460c37bd465df8ae
:105db400047b70479000002080b582b000af78600b
:105dc40018220021786821f007fb79681020fcf77d
:105dd4009afc0346002b01d1012300e0002318465e
:105de4000837bd4680bd80b483b000af78603960a9
:105df400074b1a787b681a70064b1a783b681a703e
:105e0400012318460c37bd465df8047b704700bf7c
:105e1400cd350120ce35012080b485b000af0023fc
:105e2400fb730023bb7300237b734ff088431b6811
:105e340003f48063bb60bb6803f48063002b04d06d
:105e44004ff088434ff480625a60214b1b681b0d4e
:105e5400dbb203f00f03fb731e4b1b681b0edbb29c
:105e640003f00f03bb731a4b1b681b0adbb203f06e
:105e74001f037b73184bdb697b607b6823f01f2354
:105e840023f4f8137b60fb7b1b0603f0f852bb7b07
:105e94001b0403f4f8131a437b7b1b0203f4f8532b
:105ea40013437a6813437b600b4a7b68d361bb68f6
:105eb40003f48063002b04d04ff088434ff48062d6
:105ec4009a6000bf1437bd465df8047b704700bf7d
:105ed4001003004420030044003e014480b586b012
:105ee40000af182011f09afd78617b6903f4806398
:105ef400002b07d17b6903f480637b6179691820e7
:105f040011f0befd142011f089fd38613b699b0a34
:105f14009bb203f00f03fb81172011f07ffdb860e3
:105f2400bb689b0a9bb203f00303fb80bb68db08de
:105f34009bb203f00703bb80fb88db001ab2b7f9fe
:105f4400043013431bb27b807a88fb8902339a4264
:105f540021d0fb8902337b807b88db08fb807b8834
:105f640003f00703bb80bb6823f4436323f00803f7
:105f7400bb60fb889b0203f44063ba681343bb60b5
:105f8400bb88db0003f03803ba681343bb60b9680d
:105f9400172011f075fd00bf1837bd4680bd00bf46
:020000040000fa
:020000040100f9
:105fa4002de9f04f884e8bb0044689461bf00afb5e
:105fb4003368d3f804521ff065f863699c4213d028
:105fc40063789b0610d44ff4802194f850001ff09e
:105fd4000df9204613f0d4f84a46012120460bb0af
:105fe400bde8f04f14f09cbf002d4fd095f8008011
:105ff400b8f1030f3ad0ab785f0737d494f8523036
:10600400e069ea69616adff8c4c1012b04bfa36dca
:10601400c01a95f8523008bfc0f31600012b08bf10
:10602400af6d336808bfd21b93f82e7203eb47039e
:1060340008bfc2f31602b3f82672b3f82a321f441b
:1060440040f23913b7fbf3f7ab6a01333b44013732
:1060540013440144d21b03ea0c0302ea0c0201ead2
:106064000c0121f08cfa002800f09c8094f8501068
:10607400002940f08d8095f85030012b64d1b8f19f
:10608400030f4a4672d1284619f0bafe94f85030ec
:106094000193002b40f08d80e36e002b40f0928042
:1060a400a36e003318bf01230022cde9082213f0a8
:1060b400010202921ebf3268d2f80c22089213f039
:1060c400100305930cd0029a029b0aa901eb8202e9
:1060d40031680133d1f8141242f8081cdbb2029380
:1060e40008ab4ff0ff3204933168384f039200231a
:1060f4009b4602f59d720298834240f0d980236a40
:10610400039a934240f20a81a362bbf1000f00f0ac
:106114000b81019b002b40f024819bf85030012b14
:1061240000f0028194f851209bf851309a4280f09b
:10613400fb80204613f024f84a460121204614f03f
:10614400effe5c4521d1efe0ab7813f0100301d0f2
:106154004a4698e794f8511095f8512091420ad98b
:10616400b8f1030f4a4601d119468ce701212846ac
:1061740014f0d6fe8ae7204613f002f84a460121bd
:10618400204614f0cdfea54280d00bb0bde8f08fc0
:106194004ff4000101201ff029f863786ff38203a4
:1061a4006370f0e7a8f10208b8f1010f3ff66eaf93
:1061b400e9e7019b012b05d1e36e002b14bf0023fb
:1061c400112371e700236fe788010020ffff7f00a0
:1061d400d5f80880049e28683060444568d098f853
:1061e4000100450764d5059828b198f8515094f8f2
:1061f400510085425cd994f85200e669d8f81c50e5
:10620400012804bfa06d361a98f8520008bf3e401a
:10621400012802bfd8f858002d1a3d40a81b10f4dd
:10622400800f91f82e024cd001eb4000b0f826c24a
:10623400b0f82a02bcfbf2fcb0fbf2f0604400f1bf
:10624400020ed8f8200005eb000c0cea070c0eeb4c
:106254000c003840301a40024dd491f82e0201eb64
:106264004000b0f826a2b0f82a02bafbf2fab0fb5a
:10627400f2f082440af1020aa5eb0a0c0cea070cbc
:10628400aceb060e1ef4800f03d0d8f8680000288b
:1062940035d1a6eb0c00400203d486ea0c063e423c
:1062a40006d1039d0eea0700a8423cbf0390c346f3
:1062b40004980568002d8bd101330430dbb20490bf
:1062c40019e701eb4000d4f820c0b0f826e2b0f89a
:1062d4002a02befbf2feb0fbf2f0704406eb0c0e99
:1062e40002300eea070e70443840281a4002b4d532
:1062f400c4f828c001e0236aa362c34609e7cde9d4
:1063040006131ef065fb05443d40a5eb0a0c0ceaa0
:10631400070c40f23912dde90613b1e7636a039a08
:106324009a4294bfa262a3622378012b7ff42daf1b
:10633400402194f850001ef059ff204612f020ff2f
:10634400022323700c4b94f850201b6803eb820348
:1063540049462046c3f8fc410bb0bde8f04f20f09d
:1063640040b84ff4000101201ef040ff63786ff342
:0c63740082036370e5e600bf8801002092
:020000040000fa
:020000040100f9
:106380002de9f04387b0b74b019007468846164683
:106390000093022201230721ec200df057fe21f08b
:1063a0002ffa002840f0d380012f03d1b8f1000f5d
:1063b00000f0dd804ff00009c14540f0a5800025c8
:1063c00004ab04950593002f00f0258101210846b8
:1063d00015f06ef8a44c454540f070812db205ebe8
:1063e0004505a14f06eb4505ae4200f01c8138681b
:1063f0003178043021f0fefb90f8f8800446b8f1c3
:10640000000f71d190f825300193984b0093022230
:1064100001230821ec200df019fe94f8fc302bb17b
:10642000934b84f8fc801b682046984794f84730cb
:10643000012b1ebf626940f271235343d4f87c21c3
:1064400008bf0023c4f83031002a40f0478142f2ef
:106450001073c4f83431874a0021204614f0a8ff95
:10646000d4f87c3123b3d4f820c1d4f8383194f86f
:106470002320d4f830110ceb0300002a00f04881ef
:10648000a1f5a5731b1a5b0801fb02c203f5a573f6
:106490001a440344cb1ac4f8482101212046c4f809
:1064a0004c31754a14f084ffd4e95a1021f08bfd69
:1064b000d4f87c314ff0010884f80c8084f8f8801f
:1064c000002b00f02781d4e95a0121f07efdd4f899
:1064d0006c0114f03df9d4f8680114f039f9b8f101
:1064e000000f01d01bf0d6f83279738884f8492068
:1064f000002284f8482004f5d270002b40f00c8173
:106500000df0ecfa06366fe7574a062303fb09f352
:106510001068f15c043021f06dfb0446002800f0a7
:106520000181012f02d009f1010945e790f8b4304b
:10653000012b0cd090f8c430012b08d090f84730d4
:10654000a3f10a02012a04d8b0f8c0303bb90c24e8
:106550000ee0062b16d1b0f8b030f52b07d8617ecf
:10656000b1b904a81ff068fd9df8103083b1122462
:10657000424b0093019401230022ff21ec200df0f7
:1065800065fd54e0072bead1b0f8b030ef2be5e71a
:10659000637e012b03d194f840303bbbe7e7023b1d
:1065a000012b23d8a27e9df8103062f300038df8f2
:1065b00010302346002553f81b2fcdf811209b885f
:1065c0008df80e500df10e0104a8adf8153019f03c
:1065d000b9fc58b1637e022b17d129460df10f008b
:1065e0001ff02afd9df80f30002bc0d194f8f83031
:1065f000002b98d194f84730042b204608d809f096
:10660000bffa044600288ed0b2e7032beed1c2e7d2
:1066100002f0dcfcf5e7144db9f1000f30d12b6826
:10662000124d5c683cb9012021f0e2f800242046bc
:1066300007b0bde8f083237cf02b10d094f8f8303d
:106640006bb194f825300821cde90053ec200123eb
:1066500002220df0fbfc012120461ef051fd2468b2
:10666000e0e700bf344b0201f0000020524b020172
:1066700054350120f98c0001a1c200017c4b0201bc
:1066800006237b432868f15c043021f0b3fa90f8cc
:10669000f830044673b190f825300193224b0093f3
:1066a0000821ec20012302220df0d0fc012120461c
:1066b0001ef026fd01374745e2d1b4e706236b43c0
:1066c0002068f15c043021f095fa90f8f8201ab9ae
:1066d00090f847100af0c0f901357ce694f82310d1
:1066e000d4f82021d4f8380179b102449b1aa3f5db
:1066f000a5735b08b3fbf1f342f210729342d4bf6f
:10670000c4f83431c4f83421a5e642f21073f3e73b
:106710001346b9e69846dee642f2107159430bf093
:0c6720000bfdefe6422423e7524b020180
:020000040000fa
:020000040100f9
:10672c002de9f04fd5b00d460446002301467822e2
:10673c0016a80c9320f0ccf805b13095ddf8c0b05c
:10674c00bbf1000f00f0b0811d9b0b939f4b1b689e
:10675c000193d3f80c220023029312bb9df8aa30ac
:10676c0012932c9b13931e9b0f930b9b0093029bda
:10677c0004930c231093039207929246049b2bb123
:10678c00109b013b13f0ff03109320d1039b0bb123
:10679c00009b1d931d980b9bc01ac0b255b0bde851
:1067ac00f08f93689c4210d0d96e71b959698b42a5
:1067bc000bd1996e49b1029954a800eb810141f8b3
:1067cc00803c029b0133dbb202931268c5e754abe9
:1067dc0003eb8a0353f8801c002900f061818f6e53
:1067ec00bb458bbfbbfbf7f3b7fbfbf307fb13b34b
:1067fc000bfb1373dbb107fb0bf33e465a467eb91a
:10680c00b3fbf2f3b3fbfbf2d2b2092a0c9205d91b
:10681c00b3fbf7f3dbb2092b00f28580022307e010
:10682c00b2fbf6f006fb102032460646e7e70123e2
:10683c00ca690592129a012a05bf009a1398ddf8cd
:10684c000080a2eb000891f8522008bfc8f316088c
:10685c00012a05bf8c6d059a059c141b08bfc4f357
:10686c001604012b0b6a0a937ed1a8eb0403580281
:10687c001ad538461ef0a8f8019b554993f82e22dc
:10688c0003eb4202b2f82632b2f82a22134440f249
:10689c003912b3fbf2f3a4eb0802db4303440a40c6
:1068ac0093429cbf241a0c40019b494d93f82e1225
:1068bc0003eb410140f23919b1f82632b1f82a2222
:1068cc000a99b3fbf9f321440f460f99b2fbf9f285
:1068dc0008eb010901322f4009ea0509013317447d
:1068ec009144a8eb0300e21a2f4009ea05093b4644
:1068fc002a404946284020f03efe064698b1a9ebb6
:10690c0007035902009b039054bfa9eb0808a7eb9f
:10691c00080803f1030908ea05054d44c5f31603fd
:10692c000093cdf81ca00af101035ffa83fa029bd5
:10693c00534508bf4ff0000a049b013b13f0ff03c3
:10694c0004937ff41baf002e3ff420af079a029bf9
:10695c0001325ffa82fa029a013bdbb2524508bf60
:10696c00ddf810a0049309e7019b194893f82e2237
:10697c0003eb420240f23911b2f82662b6fbf1f396
:10698c0001330893e31a03400d930a9be518b2f800
:10699c002a32b3fbf1f2054001323344b3fbf1f37d
:1069ac00013305eb020811934ff0000912230992f1
:1069bc0008ea00080e934e460c9b99450ad3079b98
:1069cc00002e18bf53460793ade700bf8801002087
:1069dc00ffff7f000e9b013b13f0ff030e9361d072
:1069ec000bfb09f01df0f0ff009b089918442f4b8e
:1069fc0000ea03020692521a1a4014920f99069a50
:106a0c005118099a194011441940069aaa1a5202af
:106a1c0005d5069a1198521b1a40824225d8434636
:106a2c000d9a149820f0a7fd002833d0119b069adc
:106a3c000899059c03901d441c4b1d40aa1a009def
:106a4c001a4003352a440092059a521a1a400d92a4
:106a5c000a99059a5518099a1d4002eb050808ea8f
:106a6c0003084ff000090646a6e7384615911df0bd
:106a7c00abff0e4b089a159904441c40a21a1a40fd
:106a8c000d920a9a1519099a1d4002eb050808ea9d
:106a9c000308bae709f101095ffa89f93046e2e720
:106aac000e4640e70e9e3ee7584677e6ffff7f0016
:020000040000fa
:020000040100f9
:106abc002de9f04fd0f8e070d0f8ecb089b0bb1ce9
:106acc000193d0f8dc300393d0f8d830049308232a
:106adc008df81c3090f8b0300690044606332546ed
:106aec00394606a88df81d3014f08af85a4655f828
:106afc00283f42f8253bab88abf804300292b4f83f
:106b0c00b0202ab1d4f8ac100bf106001ff0e0fe57
:106b1c0005238df81c3094f8c03006940633b91c4c
:106b2c0006a88df81d3014f06bf82b68cbf82530c7
:106b3c00029aab889380b4f8c0202ab1d4f8bc1068
:106b4c000bf12b001ff0c4fe0023d4f874511e4629
:106b5c0094f89420b24202d809b0bde8f08fd5f871
:106b6c000c800093d8f80020dff8c8926ff3020273
:106b7c00c8f80020d8f80020012363f3c402c8f839
:106b8c000020d8f800204ff0040a6af3ca12c8f8a3
:106b9c000020d8f8001042466af3ce2142f8101bb0
:106bac00d9f80010521ad8f8001092b262f3de3104
:106bbc00c8f80010d8f800206ff3df72c8f8002076
:106bcc00b9f80020d8f80400b91a89b261f30f00a3
:106bdc00c8f80400d8f80410abeb020292b262f3ce
:106bec001f41c8f80410d8f8082063f30102c8f854
:106bfc000820d8f8082042ea0a02c8f808207a7857
:106c0c0094f8351094f822001cf0e9ff04eb86018f
:106c1c00009bc5f80c8000222a722a776b612f61c9
:106c2c004d66d5f800800091d8f80c5029680344c3
:106c3c00052060f3020129602968012060f3c4017a
:106c4c00296029686af3ca11296029686af3ce2180
:106c5c00296094f8941001398e421ebfd9f80010a7
:106c6c0005f12002521a296818bf92b262f3de3184
:106c7c002960b9f800100593039b68685a1a92b200
:106c8c0062f30f006860049b68685a1a92b262f350
:106c9c001f406860aa68022060f30102aa60aa681b
:106cac0042f00402aa6005f11002521aa96892b2cd
:106cbc0062f35821a960aa686ff35a62aa6094f82b
:106ccc00351094f8220025221cf089ff039bc8f88c
:106cdc0010300522009b88f808200022c8f80c50c0
:106cec00c8f8142088f81c201d672a6804eb460598
:106cfc00c2f3cf32a5f8882094f8351094f822000e
:106d0c000c221cf06cfffa7894f83510814694f83c
:106d1c0022001cf064ff059b03f5ce72914448449d
:106d2c000eb9c4f8240194f89420013a9642009ac2
:106d3c0008bfc4f820019065d8f80090d9f80c80f1
:106d4c00d8f80010042262f30201c8f80010d8f839
:106d5c000010012060f3c401c8f80010d8f800102e
:106d6c0062f3ca11c8f80010d8f8001062f3ce21f3
:106d7c00c8f8001094f89420013a964203f24d138f
:106d8c004ad1d8f800206ff3de32c8f80020294a27
:106d9c0005931288019bd8f80400991a89b261f303
:106dac000f00c8f80400029bd8f804109a1a92b28b
:106dbc0062f31f41c8f80410d8f80820022161f3cf
:106dcc000102c8f80820d8f8082042f00402c8f8dc
:106ddc000820fa7894f8351094f822001cf0fffe85
:106dec00019bc9f810300422009b89f8082000226e
:106dfc00c9f80c80c9f8142089f81c20c3f87c80d1
:106e0c00d8f80020059bc2f3cf32a5f88e200136ae
:106e1c00d9f80050f6b29be60649096808f1100251
:106e2c00521ad8f8001092b262f3de31c8f8001092
:086e3c00ade700bfa00100203a
:020000040000fa
:020000040100f9
:106e44002de9f04f89b0d0f8e0300093023301937c
:106e5400d0f8dc300393d0f8d830049300238df8b5
:106e64001c3090f8b030d0f8ecb0069004460633ed
:106e7400254600998df81d3006a813f0c5fe5a4624
:106e840055f8283f42f8253bab88abf80430029212
:106e9400b4f8b0202ab1d4f8ac100bf106001ff0fe
:106ea4001bfd05238df81c3094f8c030019906941d
:106eb400063306a88df81d3013f0a6fe2b68cbf818
:106ec4002530029aab889380b4f8c0202ab1d4f854
:106ed400bc100bf12b001ff0fffc0027d4f87451f9
:106ee4003e4600bf94f89430b34202d809b0bde8de
:106ef400f08fd5f80c80dff8b092d8f800306ff33b
:106f04000203c8f80030d8f80030012060f3c4034d
:106f1400c8f80030d8f800304ff0040a6af3ca13f6
:106f2400c8f80030d8f8002043466af3ce2243f86c
:106f3400102bd9f800209b1ad8f800209bb263f3d9
:106f4400de32c8f80020d8f80030009a6ff3df73ff
:106f5400c8f80030b9f80030d8f80410d21a92b248
:106f640062f30f01c8f80410d8f80420abeb030354
:106f74009bb263f31f42c8f80420d8f8083060f3ca
:106f84000103c8f80830d8f8083043ea0a03c8f8ff
:106f94000830009b94f835105a7894f822001cf0bd
:106fa40022fe009bc5f80c8004eb860800222a729e
:106fb4002a77c5e90437c8f864502b68dd68296866
:106fc4000744052060f3020129602968012060f369
:106fd400c401296029686af3ca11296029686af31f
:106fe400ce21296094f8941001398e421ebfd9f83d
:106ff400001005f12002521a296818bf92b262f3f8
:10700400de312960b9f800100593039b68685a1aa9
:1070140092b262f30f006860049b68685a1a92b2d5
:1070240062f31f406860aa68022060f30102aa604c
:10703400aa6842f00402aa6005f11002521aa96873
:1070440092b262f35821a960aa6860f35a62aa60f6
:1070540094f8351094f8220025221cf0c4fd059bf9
:1070640005221a72039a1a610022dd605a611a77a6
:10707400c8f870502a6804eb4605c2f3cf32a5f86d
:10708400882094f8351094f8220022221cf0abfddd
:1070940007f237121044059b0eb9c4f8240194f882
:1070a4009420013a964208bfc4f82001c8f8580059
:1070b400d3f800a0daf80c90d9f80020042363f385
:1070c4000202c9f80020d9f80020012161f3c402aa
:1070d400c9f80020d9f8002063f3ca12c9f80020c7
:1070e400d9f8002063f3ce22c9f8002094f8943034
:1070f400013b9e4207f24d1748d1d9f800306ff397
:10710400de33c9f80030284b019a1b88d9f80410e3
:10711400d21a92b262f30f01c9f80410029ad31a78
:10712400d9f804209bb263f31f42c9f80420d9f8ac
:107134000830022262f30103c9f80830d9f8083094
:1071440043f00403c9f80830009b94f83510da784a
:1071540094f822001cf047fd04238af80830019bb0
:10716400caf810300023caf80c90caf814308af810
:107174001c30c8f87c90d9f80030c3f3cf33a5f89d
:107184008e300136daf80050f6b2abe6064a1268e1
:1071940009f110039b1ad9f800209bb263f3de3285
:0c71a400c9f80020afe700bfa0010020e8
:020000040000fa
:020000040100f9
:1071b0002de9f04f8bb0037e0193c14b0093012367
:1071c0000591022219460546ec200cf03fff0023f2
:1071d000cde9063320f014fb804608b10c24cce046
:1071e000b84e29783068b5f802a0043020f002fdce
:1071f000b346044628b932681278012a0dd907240b
:10720000bbe090f8f820002ae8d190f8f92022b1ec
:10721000e97d90f824201142e0d00af00702072a05
:1072200000f0be800af00a020a2a00f0b9800af0d3
:107230001602162a00f0b4801af0100603d01af0d5
:10724000600f40f0ad80d4b1504619f0cffc01285a
:1072500001d0042804d1d4f8ac20002a40f0a0804a
:1072600094f8f92012b994f8fc2042b10838c0b261
:10727000012800f295801af0200f40f091802a46f4
:107280002f4632f8041fadf8181037f8071f927810
:107290008df81a20ba788df81e20069aadf81c10c9
:1072a0008949203a8a4279d8ddf81c90a9f1200258
:1072b0008a4273d8aa7a002a70d028201ff058fa80
:1072c00010b96a8b002a69d1002c72d0b4f8b020b2
:1072d000002a7cd0002e7ad1504619f087fc6a7db6
:1072e0008df82220ea7d8df82320caf34012caf3dc
:1072f00080138df82620aa7a8df827308df820008b
:107300008df82160334600bf22fa06f1c90748bf55
:10731000013306f1010644bfdbb24ff00108032e32
:10732000f2d1b8f1000f01d08df8213028201ff0e4
:107330001ffa60b3ab7e03f001038df82430eb7ebf
:1073400013f0010300d00123b4f8b0208df82530ec
:10735000214608a808f08aff40f2712303fb09f3d5
:10736000984234d3cde90103584b00930222012304
:107370008421ec200cf06afe4524554b00930194c7
:1073800001230022ff21ec200cf060fe94e020f0ad
:1073900047fa94f835308df82400d5e71124ece74e
:1073a0001224eae720f03cfa84f8350084f836002d
:1073b00052e0dbf80000f021043020f01bfc044612
:1073c00028b90ef047fe044600283ff418af6e8837
:1073d000304619f00bfc84f847002b7823743b8867
:1073e000a382bb78a375ab7a2376eb7a63762b7b8b
:1073f000a3762b46282053f80d2fc4f81b209b881a
:10740000a4f81f302b7e84f825306b7d84f8223061
:10741000eb7d84f82430eb7c84f82130ab7d84f85c
:1074200023306b7e84f82630c6f3401384f838305e
:10743000c6f3801384f837301ff09af90028b1d0d2
:10744000ab7e03f0010384f83530eb7e13f00103cb
:1074500018bf012384f836300023217e84f894304d
:1074600021fa03f2d20748bf94f8942003f10103f4
:1074700044bf013284f89420032bf1d1204695f9c2
:10748000143000f8273f20f044fd059a94f9273086
:107490001370039694f82430029394f822300193e9
:1074a00002220c4b009311460123ec200cf0cefd80
:1074b000012020f09df9002420460bb0bde8f08f9c
:1074c00068d90101f0000020e03f1f0084d90101cc
:0874d0007c4b02019ed9010171
:020000040000fa
:020000040100f9
:1074d8002de9f047b54d1e462b6803eb8002bab084
:1074e800d2f8fc210f464ab11178022906d131465b
:1074f80010461ef074ff3ab0bde8f087002861d14d
:1075080093f8f821002af6d0d3f8f0319c68637814
:1075180099073cd402211df067fe63785a070cd501
:10752800042100201df068fa102100201df05cfee7
:107538003146204607f0c0f9dde76269944214d16c
:10754800204611f0affb63785d07e9d404210020e1
:107558001df04afe63699c42cdd0617811f00805a0
:1075680009d0204611f00afec5e71f07eed52046d0
:1075780020f01bfde7e75b785807bcd5204611f0e3
:10758800fdfd32462946204613f0c8fcb3e74ff408
:1075980080411df029fea3883bb1204611f0eefd85
:1075a80032460121204613f0b9fc6278d106a2d4f4
:1075b800a388013b9bb2a380002b9cd163f34102bb
:1075c800627098e793f8f931002b94d04ff00c08cb
:1075d8002b6808f1310253f8323043b92b6893f81d
:1075e800f931002b87d018f1ff38f1d283e79c6876
:1075f800d3f8009063789a0700f1da80a3785b07e4
:1076080002d50eb94b46e8e7022101201df0ecfd3a
:1076180063699c4240f09480637813f004031dd0a2
:10762800042101201df0e8f9102101201df0dcfde6
:10763800a569002d40f09380002f3ff479afbc423c
:107648003ff476af3d78012d7ff472af7b781a074f
:1076580040f1a2806ff382037b7069e70df1160198
:1076680006a8adf816301df0ebf894f85230012b4f
:1076780018d1069aa36dbdf816101a44b4f8543000
:107688000b449bb240f2e1418b42c2f316020692d0
:1076980085bfa3f2e2430132adf81630adf81630db
:1076a80088bf06922b68bdf8160093f82e2203ebcc
:1076b8004203b3f8263203eb90001df087f9069acf
:1076c8000244c2f3160ae06ec4f81ca01df07ef94d
:1076d800a18ccdf81ca083b25a1892b2b2f5487f9b
:1076e80088bf4ff44872524488bfc1f54871c2f34d
:1076f800160288bf8bb2099200210df115028df890
:107708001410cdf820a001210df1200a019205aa3c
:107718008df815100092214607aa0920cdf808a077
:1077280000f0f0f9079b00939df815209df81410c0
:10773800534620460af0b0fa637860f38203637018
:10774800637858073ff56caf042101201df04cfd0c
:107758002b6893f8f931002b7ff454afcbe66378ac
:1077680013f0080210d02b78012b02d028461ef007
:10777800cbf9284620f019fc33460022294695f813
:10778800500011f047fd57e76b7859067ff554af65
:1077980062f386136b70e6e7384611f0effc324669
:1077a8002946384613f0bafbc2e600bf880100201c
:1077b8004ff4804101201df017fda3883bb12046fe
:1077c80011f0dcfc32460121204613f0a7fb627859
:1077d800d306bdd4a388002bbad0013b9bb2a380ab
:0c77e800002bb5d163f341026270b1e7e1
:020000040000fa
:020000040100f9
:1077f4002de9f04f044689b007f0c0fc94f84a2004
:1078040094f8503094f84b600093002a00f0b6804e
:10781400d4f8e430002e00f0b38003f14208d4f829
:10782400ac90002a00f06981d4f87cb194f84d70d2
:10783400dbf80c502a686ff302022a602a6894f875
:10784400241061f3c4022a602a68042161f3ca1275
:107854002a602a6861f3ce222a60aa49002e00f029
:107864009180086805f11002121a286892b262f336
:10787400de3028602a686ff3df722a60aa686ff32b
:107884000102aa60aa6842f00402aa60aa686ff31f
:10789400c802aa600a886868991a89b261f30f005d
:1078a40068606968a9eb020292b262f31f41012287
:1078b400696003948df81220002e68d08df8112091
:1078c4008df8147094f8f920002a67d194f8fc20fc
:1078d4008df8132000228df815200a228df810202f
:1078e40003a91a4694f8470001930ef085fa019b08
:1078f400002e55d0b4f8b020d71bbfb25a7894f8f4
:10790400361094f8240001931cf06df9019bcbf818
:107914000c500021cbe904318bf8081094f8f930ad
:107924008246002b3ed194f8fc308bf81c30331c7b
:1079340018bf01238bf81d309df8113073b100235b
:107944008df8183094f82430013b8df819305946dd
:107954000af5a57306a8079311f0d8ff9df8143013
:1079640099449df81130fbb10af5a57adbf800b013
:10797400eeb9c4e94eaa09b0bde8f08f134649e751
:10798400b0464ce72a6866f3de322a6072e7b4f840
:10799400b0208df811608df8142093e7012297e749
:1079a4003746abe70123c0e70af1700adee7dbf8ec
:1079b4000c502a686ff302022a602a6894f8241093
:1079c40061f3c4022a602a68042161f3ca122a609e
:1079d4002a68013e61f3ce2216f0ff062a60494967
:1079e4007cd0086805f11002121a286892b262f37a
:1079f400de3028602a686ff3df722a60aa686ff3aa
:107a04000102aa60aa6842f00402aa60aa686ff39d
:107a1400c802aa600a886868a8eb020189b261f307
:107a24000f0068606968a9eb020292b262f31f4119
:107a34000122696003948df81220002e53d0009b1c
:107a44008df811208df8143000228df813208df854
:107a540015200d228df8102003a9424694f8470002
:107a64000ef0caf99df81120002a41d0009bff1a9c
:107a7400bfb298f8012094f8361094f824001cf052
:107a8400b2f800210246701a18bf01208bf81d00bd
:107a94009df81100cbf80c508bf80810cbe9048a40
:107aa4008bf81c1078b18df8181094f824100192fa
:107ab40001398df8191002f5a571079106a85946e8
:107ac40011f024ff019a9df8141008f1420889442a
:107ad40086b10af5a57303eb020a47e72a6866f341
:107ae400de322a6086e78df811608df81470abe7fa
:107af4001746bee70af17003ede793469246174630
:087b040036e700bfa0010020dc
:020000040000fa
:020000040100f9
:107b0c002de9f04fc3b0064604920d4630220021f9
:107b1c0006a899461ff05cfc16f00304dff8e88217
:107b2c0010d0d8f8003093f81c425cb119f046fd27
:107b3c00d8f80030d3f80c721df0a0fa0024002ff6
:107b4c0040f0858016f03c0f0fd0d8f8003093f839
:107b5c001d3253b119f032fdd8f80030d3f814723d
:107b6c001df08cfa002f40f0928095f85030012bcc
:107b7c0009d1d8f80030d3f8083223b142aa02eb6d
:107b8c00840444f8f03c049bdff880a21b6801934a
:107b9c006b6a9944019b4ff0000b13fa89f9d8f8e2
:107bac00003002935d4606ab53f82b70002f00f0ab
:107bbc00b180029bfe69d3f808329f420cbfbb6aae
:107bcc003b6a039397f85230012b04bfbb6df61a36
:107bdc00029b93f82e2203eb420240f23911b2f8c9
:107bec002632b2f82a22b3fbf1f3b2fbf1f21344c2
:107bfc0003f1020308bf06ea0a060093a6eb03088a
:107c0c00039bf418009b04ea0a041c44fb6e08ea6c
:107c1c000a0804ea0a04002b40f0a5807b699f4205
:107c2c0040f0a180b86e1cf0cffe0590a8eb0903c4
:107c3c005b025ed489ea080313ea0a0f59d0182da7
:107c4c0067d00bf1010bbbf10c0facd162e019f05a
:107c5c00b5fcd7f800a01df011fabb689d4214d0fa
:107c6c005a78520711d5f70707d542a9621c01ebc8
:107c7c00840444f8f03cd4b207e0b00705d593f87f
:107c8c00511095f851209142efd8574657e719f00b
:107c9c0095fcd7f800a01df0f1f9ba68954217d001
:107cac005378590714d5ab689a4211d0730707d58e
:107cbc0042a9631c01eb840444f8f02cdcb207e00d
:107ccc00f70607d592f8511095f851309942efd834
:107cdc00574647e7300706d592f8511095f85130c2
:107cec009942f5d3e4e7b106f2d56b699a42efd12c
:107cfc00dee74b46019a214640461ff03cfce0b1c2
:107d0c0042ab03ebc5030135edb2182d43e93084ca
:107d1c0013d118254c9b6a1e1d7012a8002116f059
:107d2c0077f8002312981a464c99097891422bd86f
:107d3c004d9a137043b0bde8f08fbb6e002b3ff42f
:107d4c007eaf059b1e44009b06ea0a06a6eb0308c1
:107d5c00039b9c19009b04ea0a041c4408ea0a08c9
:107d6c0004ea0a0462e74b46019a214640461ff09a
:107d7c0002fc00283ff463af42ab03ebc5030135b3
:107d8c0043e93084edb25ae75ab904990c68211ac8
:107d9c004d0206d54e9901ebc301c1e900400133f8
:107dac00dbb24c99097801398a4202f1010413dae9
:107dbc0042a901ebc20151f8bc6c42a901ebc40110
:107dcc0051f8c05c711b490206d54e9901ebc301f9
:107ddc00c1e900650133dbb24c99097801398a425b
:107dec000fd142a901ebc20252f8bc1ca1eb090253
:107dfc00520206d54e9a02ebc302c2e900190133b6
:107e0c00dbb2e2b290e700bf88010020ffff7f00e9
:020000040000fa
:020000040100f9
:107e1c002de9f04186b0bb4b01900646009302223f
:107e2c0001231321ec200cf00bf9012e09d9b64fcc
:107e3c003868f02104301ff0d7fe044630b90c2509
:107e4c0063e01ff0dffc0028f1d0f8e7002e3ed0f5
:107e5c00032e4dd1ad4b1a7880f847209a7880f8d4
:107e6c002120ff2280f825201a465978017652f8f5
:107e7c00050fc4f81b009288a4f81f20b3f8032048
:107e8c00a4f8192093f84b3084f8943071b3002b7c
:107e9c000cbf1e25002517f0ffff14f057fe12f043
:107eac005bf9284310f0ff0f40f02a8194f847301b
:107ebc00012bc4d0657e012d1dd120461ff062fc24
:107ecc0010b394f8f830002b53d0032e58d03868e8
:107edc00f02104301ff088fe0446032e00f2fe80d1
:107eec00dfe816f070007c00a50003011e25d2e728
:107efc00012edbd8dee7adb9294604a81ef096f8b2
:107f0c009df81030002bdcd01225814b009301958d
:107f1c0001230022ff21ec200cf092f8284606b039
:107f2c00bde8f081ab1e012bcbd8a27e9df81030a2
:107f3c0062f300038df8103023464ff0000853f81d
:107f4c001b2fcdf811209b888df80e800df10e01a2
:107f5c0004a8adf8153017f0efff0028b1d0022db2
:107f6c00abd141460df10f001ef060f89df80f30bb
:107f7c00c8e7204607f0fefd05460028a5d0c4e75b
:107f8c00624de87a48b10df09dfdc4f8ac0020b10b
:107f9c00ea7a05f10c011ef09bfc95f82b00eb7aac
:107fac00a4f8b03048b10df08dfdc4f8bc0020b180
:107fbc0095f82b2057491ef08bfc95f82b30a4f824
:107fcc00c03084e794f8f810012902d120461df046
:107fdc0091f801201ff0fefb00259fe794f8f85064
:107fec00002df6d10121084613f05cfa94f84710e5
:107ffc00204608f02bfd94f84730474a012b1ebf52
:10800c00636905f271255d4342f21073c4f8343193
:10801c00002101232046c4f8305184f8f830217334
:10802c0013f0c0f9d4f8680112f08cfbd1e794f886
:10803c004710204608f00afd65691ff0f9fd4ff462
:10804c00c8635843b0fbf5f0304d1ff003fe1ef033
:10805c0097fb94f847202a70227e6a7094f82120ae
:10806c00aa70b4f81920a5f80320224652f81b1f59
:10807c00c5f805109288a5f80920b4f8b0202ab1eb
:10808c00d4f8ac1005f10c001ef022fcb4f8c020a2
:10809c00b4f8b030eb7222b1d4f8bc101d481ef00d
:1080ac0017fcb4f8c03085f82b3094f8943085f870
:1080bc004b3017f019ff16f049fa13f0e5fc0021cc
:1080cc0002232046c4f8301184f8f8302173124a88
:1080dc0013f068f9d4f8680112f034fb00201ff09b
:1080ec0079fb00201ff07efb76e71df09ffc08b1aa
:1080fc001ef046fb94f84710204608f0a7fcdee77c
:10810c001e2502e72f690201f000002048370120ec
:0c811c002e54020174370120f98c000180
:020000040000fa
:020000040100f9
:108128002de9f8431e464b0405468846174640f19c
:10813800988004681ef01efee27d237d002a40f030
:108148008d8013f0400f09d0d4f8cc001ff057fef3
:1081580004232375242128461ef024fe18f4805f8a
:1081680030d02c68237d99072cd510232375a37d47
:108178000133dbb2012ba3750bd1a94b617e5b697f
:108188005878e07719f01effd4f898301844c4f8ee
:108198009800e37d012b40f08780a37d012b82bfef
:1081a800a36f43f40063a36720461cf015f920462b
:1081b80019f046fc0121204602f01cfb2321284629
:1081c8001ef0f0fd18f4005f1cd02c68237d9b077f
:1081d80018d5142015f0bef98146082015f0baf913
:1081e80008238046014623754a4628460cf080f845
:1081f800002800f0858040461bf0eefa2221284630
:108208001ef0d0fdf30605d517f010ff17212846fc
:108218001ef0c8fdb40605d517f008ff162128463c
:108228001ef0c0fdf80617d52c68e07d002840f048
:10823800d580a36f190609d51df01affc4f8880068
:10824800204616f02fffb0fa80f04009237d9a06e9
:1082580002d5002800f0cd80bde8f88313f0010fa7
:1082680071e70c057ff57aaf0468e37d012b17d120
:10827800a26f6c4b1340802b09d1d4f8c83043f05f
:108288008073c4f8c8301df0f3fec4f88800237d5d
:1082980013f0010f3ff462af0223237520215ae740
:1082a800237d13f0400ff5e7d4f8cc001ff0a7fdad
:1082b80020461cf091f8a36fda037ff57fafa37d0a
:1082c800012b7ff47bafd4f8cc001ff074fed4f8f8
:1082d800a420a36f904288bf801ad4e9261223f401
:1082e800803398bf00209142a367bff467af8142f3
:1082f800bff464af43f04003a3672023237556e718
:10830800c4e96e9894f81780b8f1010f1fd1204680
:1083180019f096fb4146204602f06cfa94f86c304e
:10832800da070dd5e37f5bb1a37f4bb11ff094fa59
:1083380003688268e07f1344c4f8c0311df09cfbd9
:1083480094f86d3043f0800384f86d3056e794f864
:108358006e3060f3000384f86e30d4f8cc001ff060
:108368004efda36fd80330d594f86d0023f4803305
:1083780010f00108a36713d0a36f43f04003a3676d
:1083880020232375204619f05bfb0121204602f0cb
:1083980031fa94f86e3043f0010384f86e30bde78b
:1083a80094f86c30d90610d5d4f8cc001ff003fe31
:1083b800d4f8a430984288bfc01ad4e9263298bfae
:1083c8004046934201d28342d6d3a36f23f04003a1
:1083d80043f00053a367002323759fe7012808d1c2
:1083e800237d13f01e0f3ff437afd4f8cc001ff0f5
:1083f80006fda36f5b0602d520461ff0e2f8e37d79
:10840800012b0bd1a26f12f0400f08bf4023237538
:1084180028462521bde8f8431ef0c4bc4023f6e7f2
:08842800343301208000000242
:020000040000fa
:020000040100f9
:108430000c4b13f0ff0f08d04ff0200383f311888b
:10844000bff36f8fbff34f8ffee7074a934208d009
:108450004ff0200383f31188bff36f8fbff34f8f6b
:10846000fee770470070800000708000014b1860cc
:10847000704700bfa435012030b4184c1546184a87
:108480000c4404eb8030541e844208d24ff0200389
:1084900083f31188bff36f8fbff34f8ffee71c1874
:1084a000a24208d24ff0200383f31188bff36f8fed
:1084b000bff34f8ffee71944b1f5804f08dd4ff051
:1084c000200383f31188bff36f8fbff34f8ffee755
:1084d00001461a46284630bc1ef000ba00708000e3
:1084e00000f08000f8b5324d0d4405eb803517469d
:1084f000ea061c4608d04ff0200383f31188bff32f
:108500006f8fbff34f8ffee743b94ff0200383f324
:108510001188bff36f8fbff34f8ffee7254b5a1eb5
:10852000aa4208d24ff0200383f31188bff36f8f64
:10853000bff34f8ffee76219934208d24ff020033a
:1085400083f31188bff36f8fbff34f8ffee7214492
:10855000b1f5804f08dd4ff0200383f31188bff39e
:108560006f8fbff34f8ffee7134b1b6803b1984724
:10857000e3061ebf24f01f042034a4b24ff6e073bc
:108580002340fe183c46a64206d100bf1ff048f823
:108590000028fbd1f8bd00bf1ff042f80028fbd136
:1085a000e91b2144204619f0d1fa2034ebe700bf43
:1085b0000070800000f08000a435012038b5114c17
:1085c000114b04eb8034a34208d24ff0200383f315
:1085d0001188bff36f8fbff34f8ffee704f580451f
:1085e0001ff01ef80028fbd1204604f580541ff030
:1085f00011faac42f4d100bf1ff012f80028fbd1f1
:1086000038bd00bf00708000ffef800037b542b971
:108610004ff0200383f31188bff36f8fbff34f8fa9
:10862000fee71f4c0c4404eb80341e48431ea3425b
:1086300008d24ff0200383f31188bff36f8fbff38d
:108640004f8ffee71319984208d24ff0200383f3af
:108650001188bff36f8fbff34f8ffee71144b1f561
:10866000804f08dd4ff0200383f31188bff36f8f35
:10867000bff34f8ffee74ff0ff3201929db204220d
:108680000deb020120461ef01bf930b90434a3b2f1
:108690009d42f4d1012003b030bd0020fbe700bfb4
:1086a0000070800000f0800038b5154643b94ff0e7
:1086b000200383f31188bff36f8fbff34f8ffee763
:1086c000184c194a0c4404eb8030541e844208d2e2
:1086d0004ff0200383f31188bff36f8fbff34f8fe9
:1086e000fee71c18a24208d24ff0200383f3118842
:1086f000bff36f8fbff34f8ffee7ca18b2f5804ffd
:1087000008dd4ff0200383f31188bff36f8fbff3b1
:108710004f8ffee71a4629461ef0d2f8b0fa80f0d5
:10872000400938bd0070800000f080004ff0ff303d
:048730001cf052bf28
:020000040000fa
:020000040100f9
:10873400f0b589b0ae4b019106460f46009314463e
:10874400012302223e21ec200bf07efc612e3d68c9
:1087540053d013d8412e30d006d8a6f11303012be1
:1087640040f2e780002491e0542e37d0602e48d0a8
:10877400522ef7d1384613f025fdf3e7a02e00f072
:10878400ec8007d8802e14d0812eebd138461ef011
:1087940009f8e7e7a22e00f0f380c0f0ed80f12e97
:1087a400e0d1d5f8cc0000240ff0d6fdc5f8cc40bc
:1087b4006ce0284616f020fcd4e723685b8902931a
:1087c4002b8801938b4b0093022201233e21ec2042
:1087d4000bf03afc28461bf09cfac3e7d5f8c430ea
:1087e40013f0010452d023f0010395f8e010c5f80a
:1087f400c43028461df0b2fab4e738461ef068fad1
:10880400b0e723681d68a37a032b42d163681b7801
:1088140002932b880193784b0093022201233f217a
:10882400ec200bf011fc1ff029f828b323684361f6
:1088340063680361637a4373227a037b134323f0ef
:10884400040343f0010303736c4a0023036051687b
:108854000860506043606a4b59688160021d0a6079
:108864005a6063681b78022b84d1d5f8c43043f076
:108874000103c5f8c4307de7624b009307240194db
:10888400012302224221ec200bf0defb204609b03a
:10889400f0bd637a02932b8801935b4b0093022211
:1088a40001234021ec200bf0cffb1ef0dfff034639
:1088b40040b322688261a27a027522681268128823
:1088c400c28262680261627a4273217a027b0a433d
:1088d40022f0040242f002020026066002734b48b2
:1088e40042681360464a43605e6054689c60191d88
:1088f400216095f86d40516014f040040ad110f0e5
:1089040085f9c3e7424b0093072401940123022213
:108914004121b8e701681ef020fe0b7b43f00403fd
:108924000b7317f045faab6f43f01003ab673d21af
:108934005fe72b7e403b022b07d8a6f11303594275
:108944005941384615f0a6fd0ce7ac6f14f0040449
:108954009cd038460ff00ef904e705f10c001ef028
:108964001afb0446002840d00146384605f062fd53
:1089740020461ef01df8f5e6288811f0a3fef1e666
:1089840095f8e230112b3ff4edae95f8e430112b5d
:108994003ff4e8aed5f8a4311bb11b79012b3ff4a9
:1089a400e1ae2b8801931b4b009302220123432148
:1089b400ec200bf049fb2b88adf81030ea8f6b8f5d
:1089c400d5f83a10adf812300591adf81820adf88d
:1089d4001c30adf81a3095f86d3043f0080385f873
:1089e4006d3004a809f0e2fdbce607244ee700bfa1
:1089f400244901014349010167490101440100205f
:108a0400740100208e490101ab4901017c01002061
:088a1400cd490101eb4901010c
:020000040000fa
:020000040100f9
:108a1c0080b483b000af03460a46fb711346bb809b
:108a2c00134bfa7992b203f5805302331a80104b30
:108a3c0003f58053ba881a800d4b03f58053043329
:108a4c001b680b4943f4801201f5805304331a6000
:108a5c0000bf074b03f5805304331b6803f48013ea
:108a6c00002bf6d100bf0c37bd465df8047b704778
:108a7c000020014180b483b000af0346fb71144b5e
:108a8c00fa7992b203f5805302331a80104b03f536
:108a9c00805304331b680e4943f4802201f5805344
:108aac0004331a6000bf0a4b03f5805304331b6870
:108abc0003f48023002bf6d1054b03f581530833c7
:108acc001b689bb218460c37bd465df8047b70479b
:108adc000020014190b585b000af04460846114610
:108aec001a462346fb710346bb710b467b7113463a
:108afc007b80fb791846fff7bdff0346fb81ba79f3
:108b0c007b79d31a0133012202fa03f35a1e7b79c3
:108b1c0002fa03f31bb2db431ab2b7f90e3013405f
:108b2c001bb2fb81ba797b79d31a0133012202fa89
:108b3c0003f39bb2013b9bb21ab2b7f9023013405c
:108b4c001bb27b807a887b7902fa03f31ab2b7f9ed
:108b5c000e3013431bb2fb81fa89fb791146184680
:108b6c00fff756ff00bf1437bd4690bd80b584b0eb
:108b7c0000af0346fb710b46bb7113467b71fb794f
:108b8c001846fff777ff0346fb81fa89b9797b79a1
:108b9c00cb1a0133012101fa03f3591e7b7901fa37
:108bac0003f31a407b7942fa03f3bb81bb89184665
:108bbc001037bd4680bd80b483b000af114b03f5b8
:108bcc00f05314331b680f4943f0040201f5f053c2
:108bdc0014331a6000bf0b4b03f5f05314331b68ae
:108bec0003f00403002bf6d1064b03f5f0530c33c2
:108bfc001b68fb80fb8818460c37bd465df8047b70
:108c0c00704700bf0020014180b584b000af03461f
:108c1c00fb80fb889b007b81fff7cdff0346fb812c
:108c2c00fb893b810823bb8100bf00bf00bf1be059
:108c3c00fff7c1ff03463b813a89fb899a420ad26e
:108c4c003a89fb89d31a9ab2bb8913449bb203f2bb
:108c5c00e243bb8106e03a89fb89d31a9ab2bb89fd
:108c6c001344bb813b89fb81ba897b899a42dfd350
:108c7c0000bf1037bd4680bd80b586b000af03463f
:108c8c00fb80fb884ff47a7202fb03f33b613b6978
:108c9c001b09154aa2fb0323db09fb813a69130963
:108cac001149a1fb0313db094cf2503101fb03f317
:108cbc00d31abb810023fb8206e04cf25030fff745
:108ccc00a3fffb8a0133fb82fa8afb899a42f4d315
:108cdc00bb89002b03d0bb891846fff795ff00bf5b
:0c8cec001837bd4680bd00bfc55a7c0a89
:020000040000fa
:020000040100f9
:108cf80084b02de9f74305460ba880e80e000b4623
:108d0800042d00f2f980dfe815f00500f7002101d5
:108d180027012f010c680e9b9a49c4f828310d9b36
:108d28009948c4f82c3100230b7001210180974821
:108d38009df83c200370964884f8fb200370002ab5
:108d480000f0178194f8542094f89470ff26511974
:108d5800b94207da04eb8503d4f828019b6d9842e1
:108d680080f0cf803246002120460df09bfa894bd7
:108d780089481e70894b00221a70012384f8fa3042
:108d88001ef0e2ff94f84730012b04d1844904f522
:108d9800c67009f0cdf92146012010f093fc214658
:108da80001200af0c9f994f8fb70d4f8743104f57d
:108db800ba78d4e94a690fb1d4f89830c4f89c302d
:108dc8002046dd681af008fa20461df0f7ff204615
:108dd80016f088fd734b1a88482161f30e021a8039
:108de800a3f56b7294f835001188a3f5836360f3db
:108df800041111801a686ff34d321a6094f8241028
:108e080003201ef0e3fd2a464946404616f063fe5d
:108e1800002f3cd1d4f8743194f81880df68012110
:108e280001a814f0cbfb9df804100622b1fbf2f365
:108e380002fb1313dbb28df8043094f847100b29aa
:108e48004ff001020cd802fa01f111f0050f5cd1c4
:108e580040f6c870084018b911f0120f18bf022266
:108e6800514903eb43030b4412010021585c28fad3
:108e780000fc1cf0010f07d0d7f808c0253060f3bc
:108e8800c80cc7f808c0174401310329eed194f87b
:108e98004730052b06d9d4f87c311bb1434b20460b
:108ea8001b689847d4f87421002a30d194f84730c9
:108eb8003f49012ba1f104033fd10a68062060f362
:108ec8000f020a601a6842f002021a60394a1268f0
:108ed800ad1a1a68adb265f31f421a60364a1168b6
:108ee800b6b266f31f4111601a6842f001021a60b7
:108ef800d4f82c011df0bcf903b0bde8f04304b070
:108f080070470135ceb2edb221e70322a8e7d4f8c5
:108f18009c3093420ad8117ad368042908d00529cd
:108f280006d019b9186861f3461018601268bbe7d3
:108f380019686ff346111960f8e7086862f30f00c3
:108f48000860196862f341011960bfe79df83410a1
:108f580018681cf0adf9cfe70191184901ab04225c
:108f6800012014f097fcc7e7019101ab04221449d2
:108f7800f6e7ff2220460df095f9ff2384f85430d8
:108f88002a46e1e6c8010020c2010020c1010020f4
:108f9800cc350120c0010020fd290101d0010020ad
:108fa800008813006c38014194750201d401002037
:108fb8005c3e0141a0010020703e01410500010115
:048fc800060001019d
:020000040000fa
:020000040100f9
:108fcc002de9f04f002390f84750027e89b00446fb
:108fdc001e4600bf22fa03f1c90748bf013603f150
:108fec00010348bff6b2032bf4d1a5f1080b5ffacd
:108ffc008bfbbbf1010f00f29a80b4f8b02094f80f
:10900c0022308df81a3094f824308df81b3094f8f7
:10901c0038308df81e30214694f837308df81f30db
:10902c0006a88df8185003f00ffbab1f012b40f274
:10903c008d80bbf1010f00f2828094f84a5094f8b5
:10904c004b301d44edb236b23301181d03930cf0b6
:10905c0039fd82b20746002a7cd1864b0093fe2153
:10906c000123ec200af0ecff07f104094fea461a41
:10907c0050461ef07eff80460aeb060040000cf0c6
:10908c0021fdc4f8e000002d68d0042000eb051091
:10909c000cf018fd82b20646002a5dd1754b009388
:1090ac00fe210123ec200af0cbff331d029329b2e1
:1090bc004a011046059104921ef05bffdde9042184
:1090cc008246501840000cf0fdfcbbf1010fc4f8b7
:1090dc00e40040f2cb8042200cf0f4fcc4f8dc003d
:1090ec00ff200cf0effcc4f8d800b9f1000f40d110
:1090fc0038461af055fb30461af052fbd4f8e00013
:10910c001af04efbd4f8e4001af04afbd4f8dc0059
:10911c001af046fbd4f8d8001af042fb40461ef079
:10912c002aff50461ef027ff4ff0070b8ae0a5f1ef
:10913c000a03012b94bfb4f8c02000225fe70a3d5c
:10914c00012d05d894f84b5003357be703257ae7be
:10915c00002578e7814689e70290a8e7bbf1010f6b
:10916c0074d92e46aa46c3e73e46ba464ff0070bc3
:10917c0054e0029b002bbbd0d4f8e020002ab7d0df
:10918c00d4f8e420002ab3d0d4f8dc20002aafd0e5
:10919c000028add0b8f1000faad0baf1000fa7d0bb
:1091ac00039bc4f8a0704b441f46b94503d175b955
:1091bc004ff0000b46e0c8f80c90414604f5ba702d
:1091cc001ef0dffb09f1100908f12008ede7013d65
:1091dc00edb20135c4f8a4600aeb4515029bcaf840
:1091ec000c30514604f5be701ef0cbfb029b0af10d
:1091fc00200a103355450293f0d1d9e7002dcfd07a
:10920c004ff0000b002eb1d0d4f8e420002aadd0e2
:10921c00baf1000faad0bbf1000fc1d038461af03a
:10922c00bffa30461af0bcfad4f8e0001af0b8fadb
:10923c00d4f8e4001af0b4fa40461ef09cfe5046f6
:10924c001ef099fe584609b0bde8f08f002f8bd068
:10925c002e460295aa46d4f8e02012b1b8f1000fc0
:10926c00ccd1002d82d04ff0070bcbe7002ff2d1e1
:08927c00f9e700bf8c7d02013f
:020000040000fa
:020000040100f9
:109284002de9f04f054685b041208b4690461ef0ef
:1092940074fe044650b9a54b009302460423c22130
:1092a400ee200af0d1fe05b0bde8f08feb78c21dc8
:1092b40005f1040a039205f10b0900f1110600f10e
:1092c4002107002b40f0b280daf800300360baf8ce
:1092d400043083809af806308371d9f80030c0f8de
:1092e4000730b9f80430938099f806309371904ba5
:1092f4001b681a7882735a79c2735b780374bbf162
:10930400000f00f08d80dbf80030c0f81130dbf87e
:1093140004307360dbf80830b360dbf80c30f360c2
:10932400ea6d02f5c07204f1310b1368c4f8213000
:1093340053687b609368bb60d368fb60ea6d02f599
:10934400e07221461368c4f831305368cbf8043016
:109354009368cbf80830d368cbf80c30e86d412221
:1093640000f5e873063002f0abfed9f80030236054
:10937400b9f80430a38099f80630a371daf8003004
:10938400c4f80730baf80430a4f80b30e21d9af898
:1093940006309371eb6d93f8e430a373eb6d93f89f
:1093a400e530e373eb6d93f8e6302374b8f1000f06
:1093b40000f0b580d8f80030c4f81130d8f8043083
:1093c4007360d8f80830b360d8f80c30f360ea6df5
:1093d40002f5e07221461368c4f8213053687b60bb
:1093e4009368bb60d368fb60ea6d02f5c0721368d2
:1093f400c4f831305368cbf804309368cbf80830a4
:10940400d368cbf80c30e86d412200f5c873063000
:1094140002f056fe204605b0bde8f04f1ef0afbd89
:109424001022594630461df0d7ff79e7d9f80030ad
:109434000360b9f80430838099f806308371daf850
:109444000030c0f80730baf80430a0f80b30c21d61
:109454009af806309371eb6d93f8e4308373eb6df7
:1094640093f8e530c373eb6d93f8e6300374bbf106
:10947400000f4ed0dbf80030c0f81130dbf80430b8
:109484007360dbf80830b360dbf80c30f360ea6d2e
:1094940002f5c07204f1310b1368c4f8213053682b
:1094a4007b609368bb60d368fb60ea6d02f5e07291
:1094b40021461368c4f831305368cbf804309368fc
:1094c400cbf80830d368cbf80c30e86d412200f5b6
:1094d400e873063002f0f4fddaf800302360baf8dd
:1094e4000430a3809af80630a371d9f80030c4f888
:1094f4000730b9f80430a4f80b30e21d99f80630af
:1095040093710b4b1b681a78a2735a79e2735b78d8
:109514004be71022594630461df05effb7e7102294
:10952400414630461df058ff51e700bf3c7302012d
:04953400980100207a
:020000040000fa
:020000040100f9
:109538002de9f04f91b00025072906468df8135004
:1095480001d0152949d10132a1f1050805a806a9bc
:1095580006921ffa88f81df0b9fc06a90df116004d
:109568001df0b4fc424606a90ca81df07ffebdf80c
:109578001440002c00f00881bdf81630a342c0f05a
:109588000681747ae0073ed408ab01935ffa88f845
:1095980007ab009342460cabbdf81610bdf814009b
:1095a80010f00afd0446002800f0f480089b5b6870
:1095b800d3e9011210781ef0b7f8079a03468346dc
:1095c800d27b308801210ef07dfa87b2002f49d076
:1095d800adf814400024254603e0adf814502c469d
:1095e80004279df813305bb9002f40f0db802a4632
:1095f800214630461cf002ff10b128461ef0abfc95
:1096080011b0bde8f08fb37ad907bdd514f00c0faf
:1096180010d0002474724ff482701ef0acfc002845
:10962800b2d01022027032888280847104211bf02b
:109638002bfea9e75f4bb8f1020f1b88adf8243069
:1096480009d1424609a90ca81df036f918b944f009
:109658000804747298e744f0040400257472122711
:109668002c46bee7079b9a7b920777d49df8133068
:10967800002bafd1b0881ef045fc0546002800f04d
:109688008c80079b9b68b3f80090b3881a1f91459c
:109698008cbfa3f1020909f1020900f110031ffab6
:1096a80089f9092106a806931ef076fa5ffa89f16e
:1096b80006a81ef071fa214606a81ef073fa079b49
:1096c800a9f10202596892b206a81df0d9fd09f164
:1096d8000203a2469cb2089bda894ff6ff739a42ae
:1096e8003ff47faf04eb09030393039ab3889a42cc
:1096f8003ff777af08ab0af10100019307ab80b2df
:10970800009342460cabbdf81610adf8140010f0eb
:1097180053fc8246002843d0079a937b9b073ff56a
:1097280060af93681b8802334b457ff45aaf5b46a2
:10973800d27b308801210ef0c5f900287ff451afa3
:10974800514606a81ef02efa079b9a685968128897
:1097580006a81df095fdbdf80c40bce709933388b9
:10976800adf828300df11301082309a8adf82a40f7
:10977800adf82c708df82e3013f050fe00283ff411
:1097880075af3c46074626e72546012729e7002509
:109798002c46fae705460a2723e70446112720e75f
:1097a80007461ee7fbb2bdf81420082130460ff02b
:0897b80015fb25e72eb70101a6
:020000040000fa
:020000040100f9
:1097c00073b50468267e132e054640d003d8122eaa
:1097d0000cd002b070bd403e022efad8102901d044
:1097e0001229f6d1002005f059fbf2e7112924d007
:1097f00019d81029edd194f86d306ff3410384f836
:109800006d3020461ef00efb28461bf07df9132319
:109810002376607e17f0e2fb20461df0d6fe284638
:1098200010f026fad5e712290dd08129d1d10022d6
:109830008121284610f0d4f9cbe7114618f0c3fc7b
:1098400013232376c5e728460df048f8c1e7212900
:1098500000f0dc802ed81229f5d007d8102972d05c
:109860001129b6d1114618f0aefcb2e71629b0d3d3
:109870001729e8d92029acd1a36f1e0616d517f0f9
:10988000a3fed4f8c83023f08073c4f8c8301bf0ae
:10989000fbfb204615f00afc002871d017f094fe5f
:1098a000a36f43f08073a3671bf0eefb284614f010
:1098b00083fe8ee7242900f0a98023d8222969d0cd
:1098c000232986d11bf02cfe002882d1237d002b7a
:1098d0003ff47fafa36f5b0640f19080a37d012b27
:1098e00040f08c800021204616f0ecfe002800f0ad
:1098f000858017f069fea36f23f04003a3671bf078
:10990000c3fb7be0812992d0822900f09680252933
:109910007ff45faf17f03efb284619f03dfda36fc3
:109920005b067ff556af20461af012fd20b317f004
:109930004bfea36f23f04003a3671bf0a5fb284653
:1099400019f02afd45e794f86d306ff3410384f870
:109950006d303b4b1a686ff39a621a6020461ef016
:1099600061fa28460ef030ffa36f23f40003a367cb
:1099700028461bf0c9f84ce728461bf0c5f828e735
:1099800001a9d4f8cc001df0c9f9019b5b0ac4f809
:1099900088301ee7a36f13f0100203d0d4f8b8216b
:1099a000812147e794f86d10a4f8152062f3c711e0
:1099b000180784f86d1009d517f006fea36f23f47d
:1099c000005323f00803a3671bf05efbd4e96e216c
:1099d000284601f093fea36f59060cd500212046be
:1099e00016f070fe38b117f0effda36f23f04003bf
:1099f000a3671bf049fb28461cf04bfaa36f1a061d
:109a00007ff5e7ae28461cf0cbf8e2e6637d013334
:109a1000637517f0d9fda36f23f0400343f480630f
:109a2000a3671bf031fb28461bf07afd00287ff46a
:109a3000d0ae20461af0d4fc81e70022fae600bf3f
:049a4000303401417c
:020000040000fa
:020000040100f9
:109a44002de9f04f89b0d0f8e0300193d0f8dc3044
:109a54000293d0f8d830d0f8ec800393054640f652
:109a6400014306900199adf81c3006a811f0ccf81a
:109a74002b46002453f8282fc8f800209b88a8f808
:109a840004302b46264653f82e2fc8f806209b8810
:109a9400a8f80a30d5f87471fb68049395f89430eb
:109aa400b34202d809b0bde8f08fd7f80ca0dff8b4
:109ab400f091daf800306ff30203caf80030daf8f4
:109ac4000030012060f3c403caf80030daf8003033
:109ad4004ff0040b6bf3ca13caf80030daf8002015
:109ae40053466bf3ce2243f8102bd9f800209b1a6f
:109af400daf800209bb263f3de32caf80020daf809
:109b04000030019a6ff3df73caf80030b9f80030ff
:109b1400daf80410d21a92b262f30f01caf80410f0
:109b2400daf80420a8eb03039bb263f31f42caf8dc
:109b34000420daf8083060f30103caf80830daf8d0
:109b4400083043ea0b03caf80830019b95f8351036
:109b54005a7895f822001af046f8c7f80ca0019b31
:109b640005eb860a0022c7e904343a723a77caf848
:109b740064703f682318fc682168052060f30201c3
:109b840021602168012060f3c401216021686bf326
:109b9400ca11216021686bf3ce21216095f89410dd
:109ba40001398e4274d195f84710814204d1d9f815
:109bb400002004998a1a92b2216862f3de3121608e
:109bc400b9f800200593029b6068991a89b261f381
:109bd4000f006060039b61689a1a92b262f31f419e
:109be4006160a268022161f30102a260a26842f0ee
:109bf4000402a260a2686ff35822a260a268012145
:109c040061f35a62a26095f8351095f82200222279
:109c140019f0e9ff05223a72029bfc6000223b61c5
:109c24007a613a77caf870402168059b05eb4604cf
:109c3400c1f3cf31a4f88810caf87c20a4f88e2090
:109c440003f2371210440eb9c5f8240195f8942094
:109c5400013a964208d195f84720012a06bf0f4ad7
:109c6400c5f82021c5f82001caf8580095f8472006
:109c7400012a03f24d1407d1252295f8351095f8e1
:109c8400220019f0b0ff044401363f68f6b205e73c
:109c9400d9f8001004f11002521a8ce7008813005e
:049ca400a0010020fb
:020000040000fa
:020000040100f9
:109ca8002de9f04f054687b005f066fad5f87c71c6
:109cb800d5f8e460fc68d5f8ac202368dff824a266
:109cc8006ff302032360236895f8241061f3c4033b
:109cd800236023684ff0040969f3ca1323602168dd
:109ce800234669f3ce2143f8101bdaf800105b1afb
:109cf80021689bb263f3de31216023686ff3df7361
:109d08002360a3684ff0010b6bf30103a360a36802
:109d180043ea0903a360a3686ff3c803a360baf812
:109d280000306068f11a89b261f30f006060d31add
:109d380062689bb263f31f4262604ff00008684b91
:109d4800019532460deb09018df80d800293b5f8a7
:109d5800b03095f847008df80c300cf04bf872785d
:109d680095f8361095f8240019f03bfffc60c7e918
:109d7800046887f80880a7f81c803f68fc68226898
:109d8800052363f302022260226895f8241061f328
:109d9800c4022260226869f3ca122260226869f349
:109da800ce222260226868f3de322260d5f8dc1009
:109db800626800f17006baf80000091a89b261f306
:109dc8000f026260d5f8d8106268091a89b261f387
:109dd8001f426260a268022161f30102a260a268c8
:109de80042ea0902a26004f11002a168121a92b2b2
:109df80062f35821a160a2686bf35a62a260222222
:109e080095f8361095f8240019f0ebfe0523fc6050
:109e18003b72d5f8dc30a7f81c80c7e9043695f802
:109e28002430022b51d0032b51d05b4501d1a730f0
:109e380006443f68fc6823684ff0040868f302038f
:109e48002360236895f8242062f3c4032360236801
:109e580068f3ca132360236868f3ce23236023685a
:109e68006ff3de33236023686ff3df732360636867
:109e78006ff30f03636063686ff31f436360a36846
:109e8800022262f30103a360a36843ea0803a36004
:109e98000e2295f8361095f8240019f0a2fe00233a
:109ea800c7e90436fc6087f80880bb8395f824303e
:109eb800022b0ed0032b0fd0012b01d1064485367f
:109ec800c5e94e6607b0bde8f08fa130b0e7a9300c
:109ed800aee706448b36f3e706448336f0e700bf67
:089ee8000a000100a0010020a6
:020000040000fa
:020000040100f9
:109ef0002de9f0430446c3788e4ac06d617ca57a93
:109f000095b004ae002b63d112688df820100121aa
:109f100092f8009092f80580b2f801e0b0f8e47091
:109f2000b0f82cc0d0f8e6208df8221002218df870
:109f30002150adf82a708df823908df82480adf86b
:109f400025e0adf827c08df829100b9200f5c077f9
:109f500008adfa5c595d4a40f2540133102bf8d138
:109f60000caa31466f300cf057fce178231d04f148
:109f70000b02002940f08a8018689b88adf82430d5
:109f80001368cdf826309388adf82a300b910890ed
:109f90000cab08a910251a7811f8010b013d4240bd
:109fa00015f0ff0503f8012bf5d1e06d10aa0ca9ff
:109fb0006f300cf031fce76d102207f5b87110a876
:109fc0001cf07efc90b3042120460ff079fd5ae08e
:109fd00013688df82110012193f800e093f805c073
:109fe000b3f80120d0f8e470838db0f8e8808df8e4
:109ff000221002218df82050cdf82370adf82e30bc
:10a00000adf827808df829108df82ae08df82bc047
:10a01000adf82c20002300f5e07708adfa5c595d1f
:10a020004a40f2540133102bf8d199e707f5e0725a
:10a03000334610685168adf8045007f5c07203c389
:10a040001068516806ab03c307f17f02314607f180
:10a050006f00cde902550cf0dffbe16d20467f314a
:10a0600017f05cfb204608f02ffbe36d20887f3360
:10a0700001aa02a91af0e3f9e36d2a467f332946c3
:10a0800020460ef00ffa15b0bde8f08310689288f4
:10a09000adf824201a689b88adf82a300023cdf84b
:10a0a00026200b9308900caa08ab1025117813f802
:10a0b000010b013d414015f0ff0502f8011bf5d1f0
:10a0c000e06d10aa0ca96f300cf0a6fbe76d102212
:10a0d00007f5d87110a81cf0f3fb00287ff473afcc
:10a0e00007f5e07233461068516807f5c07203c384
:10a0f0001068516806ab03c307f17f02314607f1d0
:10a100006f000cf089fbe16d20467f3117f006fbf4
:10a11000e36d2a467f33294620460ef0c3f9e16df0
:10a12000204601f5c07114f02afd204608f0ccfa53
:08a13000a9e700bf980100201f
:020000040000fa
:020000040100f9
:10a138002de9f04f8bb00646894b0093022201238c
:10a148000321ec2009f07eff347896f801a0b6f8d8
:10a1580004b01df051fb8146002840f0f480814f87
:10a168003868214604301df041fd0546002800f0fe
:10a17800ec8090f8f83023b1aaf10303012b00f228
:10a18800e28005f1c8001df0b0f940f2726300ebff
:10a198000b08984509dd3868317804301df026fd34
:10a1a800002111f0d1ff072434e0baf1030f14d9cc
:10a1b80095f847300b2b05d840f61242da40d40701
:10a1c80009d413b19a1e012a2ed8baf1030f02d16d
:10a1d800bbf11f0f38d912241ce0bbf1000fe7d0e8
:10a1e80010201df0c8fe059058461df0c4fe059ac3
:10a1f8000346002a00f0ab800028059010460cbfeb
:10a20800072400241df0b9fe059b002b40f0a38015
:10a21800002ccdd0544b0093019401230022ff2140
:10a22800ec2009f00fff8ae0baf1040f56d195f837
:10a23800f820002acfd0d5f8ac20002acbd0bbf12b
:10a24800000fc8d1042bc6d9b8f1000f4fd0052b89
:10a258004dd98df81c3095f822308df81e3095f8c0
:10a2680024308df81f3095f838308df8223095f865
:10a2780037308df8233000238df81d30297e1a469b
:10a2880021fa03f0c00748bf013203f1010344bfbc
:10a29800d2b24ff00109032bf2d1b9f1000f01d06e
:10a2a8008df81d20b5f83530adf820301ffa88f24a
:10a2b800294607a805f0d6ff6a6940f2712353437f
:10a2c800984214d3cde90103284b009302220123bd
:10a2d8008421ec2009f0b6fe45249be7aaf1030a85
:10a2e800baf1010fb0d9bbf1000fadd173e73868ef
:10a2f800317804301df07afcb37880f8a930b3883f
:10a30800029390f825300193194b009305460123d9
:10a3180002220421ec2009f095fe73788df81c3098
:10a32800b388adf81e3007a8b368089300248df8e9
:10a338001d40099506f0e6fa01201df055fa204661
:10a348000bb0bde8f08f0c2464e7422462e70028d4
:10a358003ff429af072418461df00ffe58e700bf49
:10a36800de4b0201f00000207c4b020184d9010180
:04a37800f04b0201a3
:020000040000fa
:020000040100f9
:10a37c002de9f04f0478012c85b0054600f0b5802e
:10a38c002cb1032c00f0f88005b0bde8f08f847878
:10a39c00002cf9d1824ed6f800a00af1100300bfb0
:10a3ac0053f824705ffa84f977bb90201df0e1fd1f
:10a3bc0004f104084af82800336853f82800b0b1b7
:10a3cc00902239461df004f83368a4002344172169
:10a3dc001a6991801b6983f8029033681c4401222e
:10a3ec00236983f88d2023695f6523699f65336832
:10a3fc0053f8284064b96b4b00930022042392213c
:10a40c00ee2009f01dfebfe70134082cc8d1f2e79d
:10a41c00ab882380aa79e378002a32d143f0210358
:10a42c00e370614b1a6817689846e37a67bb98002b
:10a43c0053b11df09efde06030b1d8f80030d3f878
:10a44c000090b9f1000f4dd1b4f86430a178a16639
:10a45c0040f2014203f0f8031343a4f86430b4f85b
:10a46c007c30c4f8801003f0f8031a433368a4f866
:10a47c007c20db68002b87d0284605b0bde8f04f68
:10a48c00184743f01103cbe73a7c1344e3723f685f
:10a49c00cbe7b9f80c20012a0ffa83fbe26819d03c
:10a4ac00d9f8081031f8283022f82b30e26802eb8a
:10a4bc008b02002308f1010853805ffa88f899f8a1
:10a4cc00102008eb07034245dbb2e2d8d9f8009024
:10a4dc001f46b6e7404602eb8b0a1df0e3faaaf8da
:10a4ec000000e3e74ff00008e9e74588284619f03b
:10a4fc0081fe064650b9cde901542c4b009302461f
:10a50c0004239321ee2009f09bfd3de7037adb0742
:10a51c002cd54ff482701df02cfd40b1112202702d
:10a52c0032888280b27a827104211af0abfe4ff429
:10a53c0082701df01efd0446c0b1f07a80001df043
:10a54c0018fd054690b11223237033882381f37aca
:10a55c00a3726060f27af16892001cf0b9f920469f
:10a56c0004211af08ffe28461df005fdb07805b0c9
:10a57c00bde8f04f0df04abd0379002b7ff404af1a
:10a58c004588284619f036fe024628b9074b009339
:10a59c00cde901540423b4e7012380f88c30f3e6b1
:10a5ac009c0100205c070201a80000207607020134
:020000040000fa
:020000040100f9
:10a5bc0030b591ea030f00f18280841a71eb030c21
:10a5cc0005d2121953eb0c03001b71eb0c0140f27a
:10a5dc00000ccff6e07c1cea430f52d0bceb410fd1
:10a5ec005fd90c0da4eb135e5ff0010c6cf31f51e3
:10a5fc006cf31f53def1200c2ad303fa0cf540192f
:10a60c0041f1000122fa0ef5401923fa0ef56941c9
:10a61c0012fa0cf2cd0208d349085fea30005fea67
:10a62c00320228bf42f001020134013c5fea500cb7
:10a63c0072f1004250f1000051eb04514ff4001341
:10a64c0013eb410f38bf30bd6ff31301002030bd49
:10a65c00bef1200ebef1200f1ed223fa0ef54019ca
:10a66c0041f10001cef1200c124218bf012203fa75
:10a67c000cf52a43cee711ea5c0f04bf0020002141
:10a68c0030bd1cea410f04bf01f00041002030bd79
:10a69c0001f00041002030bd21f4801101eb045188
:10a6ac0030bd004218bf41f00101bceb410f08bfa7
:10a6bc0030bd4ff0fe4141f47801002030bd83f0f5
:10a6cc000043841a71eb030e07d28ef0004e001b70
:10a6dc0071eb0e01121953eb0e0340f2000ccff686
:10a6ec00e07c1cea430fc6d0bceb410f72d90c0db9
:10a6fc00a4eb135ec90241ea5051c00241f0004183
:10a70c00db0243ea5253d20243f00043def1200c49
:10a71c0041d312fa0cf522fa0ef203fa0cf542eac6
:10a72c00050218bf42f0010223fa0ef3801a994178
:10a73c00e30ac4f30a0411f0404f03d418d0013ccf
:10a74c0040004941013c23d44205c00a40ea415033
:10a75c00c90a51eac3715fea500c72f1004250f120
:10a76c00000051eb045130bd01002fd00020203ce3
:10a77c000029f9d0b1fa81fcdcf1200e11fa0cf1b0
:10a78c0030fa0ef510fa0cf02943a4eb0c04d9e7bf
:10a79c000020d90730bdaef1200ebef1200f0dd236
:10a7ac00cef1200c03fa0cf533fa0ef32a4318bf42
:10a7bc0043f00103c01a61f10001b9e721f0004137
:10a7cc00c00a40ea4150c90a01eb045130bd0020d7
:10a7dc00002130bd004218bf41f00101bceb410f1c
:0ea7ec007ff467afbceb430f3ff463af30bdab
:020000040000fa
:020000040100f9
:02a7fa007047a6
:020000040000fa
:020000040100f9
:10a7fc00f8b5037f8c4e022b044622d11df0ebf8ea
:10a80c00d4f8ac307bb92377a36f23f08053a367c4
:10a81c000123238433696362b4f86c3023f490739e
:10a82c00a4f86c3012e094f86d20920609d51b79cf
:10a83c0003f03003102b04d100232377c4f8ac3081
:10a84c00e2e7217f0029dfd0022967d0204611f0f2
:10a85c000bfba17e84f8220094f8210017f0b0fbca
:10a86c00d4f89830184494f82130c4f898001bb1ef
:10a87c00b4f85230a4f85830e37dd4f8cc00012b56
:10a88c0040f0b5801df095fbd4f8a430834238bf5e
:10a89c00c01ad4e9262328bf00209a42a36f80f067
:10a8ac00a380824280f0a080d90040f1948094f87b
:10a8bc006d2042f0010284f86d2043f04003a36741
:10a8cc0016f07cfe616af06819f00af9f36894f8e6
:10a8dc0022205a7094f86d3094f86c20f06803f0d4
:10a8ec000101c2f38013db0043ea011394f820103a
:10a8fc00d2090b4343ea820303701af0bffba36f28
:10a90c0013f0200108d194f86c2043f0200361f37c
:10a91c00410284f86c20a3670020f8bdd4f8ac2069
:10a92c0013895589ed1aa36f23f08053a36794f80c
:10a93c006d306ff3000384f86d30137903f0300041
:10a94c00102829d112891abb03f00303012b1fd045
:10a95c0084f82010d4f8ac20b4f8601013890c33b0
:10a96c001344a94263621ed310681cf06bffd4f829
:10a97c00ac301b7903f03003102b07461ed16068f6
:10a98c001cf060ff27b3a36f43f08053a3670fe065
:10a99c00012384f82030dde7032384f8203020469f
:10a9ac000cf02effd6e7a36f43f08053a3670d4640
:10a9bc0084f8215020461cf0f9fd47e7a0681cf0f4
:10a9cc0041ff94f86d309b06dcd5002fdbd1efe70f
:10a9dc000028d8d1ece794f86c20d2063ff56daf87
:10a9ec00a27d012a3ff469af23f0400367e71df015
:10a9fc00e0fad4f8a430d4f8a020834238bfc01aaf
:10aa0c00d4f8983028bf00209342bff459af83424a
:10aa1c00bff456afa36fdb0042bf94f86d3043f028
:0caa2c00010384f86d304be73433012047
:020000040000fa
:020000040100f9
:10aa380030b5046894f8ff300025d90793b0c4f8fe
:10aa4800685178d523f0010384f8ff3004f5d270fb
:10aa580009f040f894f81431002b78d094f81621b6
:10aa680084f81451002a6cd1d4f81c311d688db1ba
:10aa7800298820460df0deff2a8895f8b4308df835
:10aa8800063041f214016846adf80010adf8042014
:10aa980018f024ff94f8173163b1002384f81731b4
:10aaa8006e4b94f818211b681b68002a51d129881d
:10aab80020469847d4f87c312bb1012120460ff06d
:10aac800aafc17f04ffe002120460ff0a4fc94f8d2
:10aad800f830022b19d1b4f8b0304bb1d4f8ac002f
:10aae80008b118f05ffe0023c4f8ac30a4f8b03009
:10aaf800b4f8c0304bb1d4f8bc0008b118f052fe1d
:10ab08000023c4f8bc30a4f8c030002384f8f8301f
:10ab18001bf0d6fd18b90121022010f0c5fc94f8ed
:10ab2800153143b18623adf80030684600238df80f
:10ab3800043018f0d3fe94f8ff309a070cd40020a4
:10ab480025e04ff6ff7120460df074ffa2e71d4681
:10ab5800a0e74ff6ff71abe723f0020384f8ff305c
:10ab680094f8f830002bead03c4b1b685b6853b96b
:10ab780094f84710204610f00dff94f84730012b49
:10ab880007d1002309e0204698470028f0d013b0e9
:10ab980030bd626940f271235343d4f87c21c4f874
:10aba8003031002a3ed142f21073c4f834312c4ab5
:10abb8000021204610f0f8fbd4f87c316bb3d4f8b0
:10abc8002051d4f8383194f82320d4f83011e818fb
:10abd800002a41d0a1f5a5731b1a5b0803f5a573dc
:10abe80001fb02521a440344cb1ac4f84c31c4f88e
:10abf800482101211b4a204610f0d6fbd4e95a10ff
:10ac08001df0ddf9d4f87c313bb1d4e95a011df0cf
:10ac1800d8f9d4f86c010ff097fdd4f868010ff05b
:10ac280093fd8ce794f82310d4f82021d4f8380148
:10ac380079b102449b1aa3f5a5735b08b3fbf1f342
:10ac480042f210729342d4bfc4f83431c4f83421ac
:10ac5800ade742f21073f3e71346bfe7583501201a
:08ac6800f98c0001a1c20001fa
:020000040000fa
:020000040100f9
:10ac70002de9f04f05468fb00f460026bb5dab5562
:10ac80000136202efad13c464ff0000854f82c0f24
:10ac9000cdf82080616809abcde9068803c3a068c0
:10aca000e16803c306aa20691860114633461046be
:10acb0001af067f806aa8346294628461af061f872
:10acc000ba4683445af8300fdaf8041009ab03c3cc
:10acd000daf80800daf80c1006aa03c33346114666
:10ace0001046cdf834801af04cf85ffa8bfb8344a1
:10acf00006aa294628461af044f83b465ffa8bfb21
:10ad0000834453f8200f01935968cdf82c800df13e
:10ad10001809a9e803003a469868c9f8000052f8f3
:10ad2000380f049251680cabcde9098806aa03c319
:10ad30003346294628461af024f85ffa8bfb3a4638
:10ad40005844c3b252f8240f059351680292bb468f
:10ad500006ab03c39068c9f800005bf8340fdbf85a
:10ad6000041009ab03c3dbf80800186003937b6b86
:10ad70000c933b6a0d9306aa3346294628461af0df
:10ad800000f8059b6168cdf82c801844c3b2206898
:10ad9000059306ab03c33b6aa0680c93bb6ac9f872
:10ada00000000d9306aa334629462846cde90988b6
:10adb00019f0e6fb059bdaf80410181ac4b2daf8a9
:10adc000000006ab03c3daf80800daf80c1003c37e
:10add0007b6a0c93fb6a0d9306aa334629462846e4
:10ade000cde90a8819f0ccfbdbf80410019a241a8b
:10adf000dbf8000006ab03c3dbf808005168c9f8b4
:10ae00000000106809ab03c3039b906818603b6b9c
:10ae10000d9306aa334629462846cdf8308019f00e
:10ae2000affb049ae4b25168241a1068029a06ab88
:10ae300003c310685168c9f8008009ab03c3039bc2
:10ae4000906818607b6b0d9306aa33462946284606
:10ae5000cdf8308019f094fbe4b2241a64b2444572
:10ae60000f4e10db34b92022294630461af032fb4f
:10ae7000012812d0202332462946284619f080fbab
:10ae8000241a64b2eee7202332462946284619f0f8
:10ae900078ff044464b2002cf5db0fb0bde8f08ffe
:04aea0000484010124
:020000040000fa
:020000040100f9
:10aea4002de9ff478d7804680e7894f8f870012d29
:10aeb40038d9022d3cd094f82530cde90153794b93
:10aec4000093022201238f21ec2009f0bdf8764b78
:10aed40000930223ec2001961a46922109f0b4f85b
:10aee400b00640f1a180714e94f8039133689b69d8
:10aef4009847336804f5827a09f001098046db69d2
:10af04005146484698470546b8f1000f40f0818005
:10af140098b1674b0093022201231821ec2009f019
:10af240093f801e0002fc6d1002004b0bde8f087fb
:10af340094f8f930002bbed1f6e74ff4e471052004
:10af440010f060fe80460028eed0c4f81c010568ad
:10af5400336828881b6a52464946984794f8473014
:10af6400063b012b2cd8012385f8b43094f84720f4
:10af7400072a07d80123934013f0130f34d113f099
:10af8400c00f29d1ba1e57425741336885f8c4719e
:10af9400d3f88430d4f81021d4f8d8104046984718
:10afa400012120461af0aaf8002284f81621227bf7
:10afb400012384f81431002ab6d0a4f81731b3e77a
:10afc400d4f8dc301b78990604d50e201bf0cefb98
:10afd4000028c8d10023c7e794f82430022b08d0f6
:10afe400032b09d0012bcdd141f21113a5f819304f
:10aff400c8e741f21223f9e721236b7694f836303f
:10b00400012b0cbf22232323ab7694f83630eb7646
:10b01400b8e7284b0093022201231721ec2009f002
:10b0240013f8002d80d074e773060ad50121204659
:10b034001af064f8012384f814313c2384f816319f
:10b0440072e7237bb3b194f849209ab194f8fb30aa
:10b0540083b97db994f848300133dbb29a4284f85d
:10b06400483007d8012120461af048f844f2013349
:10b07400a4f8173194f84750012d08d129462046e9
:10b084001af03cf83c2384f8145184f81631022f4a
:10b094007ff44aaf012184f8151120461af02ef8e6
:10b0a40042e700bff20702010b08020158350120f4
:08b0b400170802012708020140
:020000040000fa
:020000040100f9
:10b0bc00f0b581ea030e0ef0004e40f20007cff619
:10b0cc00e07717ea41051ebf95ea070f17ea43041c
:10b0dc0094ea070f00f0c5806d0da5eb545707f5ea
:10b0ec0080674ff0004646eac12444ea5054c0023f
:10b0fc0046eac32343ea5253d202801a9c4104d23b
:10b10c000018644180185c41013f5b084fea320231
:10b11c000025002140f001004ff0070604e0801ae2
:10b12c009c4136d340416441801a9c4136d3404106
:10b13c006441801a9c4136d340416441801a9c4141
:10b14c0036d340416441801a9c4136d3404164411e
:10b15c00013e17d0801a9c4136d340416441801a7d
:10b16c009c4136d340416441801a9c4136d34041c6
:10b17c006441090201eb156190ea052520f0ff00fe
:10b18c004540cce7801a9c4156d335e080185c4191
:10b19c00c8d20018644180185c41c8d200186441c0
:10b1ac0080185c41c8d20018644180185c41c8d238
:10b1bc000018644180185c41c8d200186441013efb
:10b1cc0017d080185c41c8d20018644180185c41cb
:10b1dc00c8d20018644180185c41c8d20018644180
:10b1ec00090201eb156190ea052520f0ff004540ae
:10b1fc00cce780185c411fd3420918bf44f001040e
:10b20c00490101ebd56100f01f0000eb451021f462
:10b21c00801141ea0e01013041f10001244208bfc6
:10b22c0020f00100b7f5006f3eda013f49dd01eb7c
:10b23c000751bde8f0407047490101ebd56100f0c2
:10b24c001f0000eb451021f4801141ea0e01b7f507
:10b25c00006f29da013f34dd01eb0751bde8f04006
:10b26c007047004218bf41f00101124218bf43f071
:10b27c000103b7eb410f2cbfb7eb430f1ce0b7eb4f
:10b28c00410f04bfb7eb430f16e017ea410f04bfa1
:10b29c0017ea430f10e017ea410f12d017ea430fd9
:10b2ac0002d0b7eb430f0cd04ef0fe4141f47001cd
:10b2bc000020bde8f04070474ff0fe4141f47801aa
:06b2cc00f6e77146f4e70d
:020000040000fa
:020000040100f9
:02b2d2007047c3
:020000040000fa
:020000040100f9
:10b2d4002de9f04f84682378ef2b8fb004d9032431
:10b2e40020460fb0bde8f08f638823f07f03002b66
:10b2f400f5d162687849a2f120038b42efd8a368a4
:10b30400a3f120058d42ead89a42e8d8237b013b79
:10b31400062be4d8237d032be1d894f8168008f09b
:10b32400fd08b8f1010fdad1237e032bd7d8637e51
:10b334000f2bd4d8c36800931cf0e2fb0d2805d969
:10b34400e37e042bcbd8237f042bc8d8634e20780c
:10b354001bf0e6f87378b2781340ff2b604bd3f8f8
:10b36400009099f8333018bfb0fa80f7824614bfc2
:10b374007f090127002b00f0888099f83220019280
:10b3840004f10d0209f1340b00250292019a954251
:10b394006dd1002f00f0828099f82130022b76d0f5
:10b3a4000df127001bf0e6f823788df81c30638834
:10b3b400adf81e306368a288adf820201b0c8df810
:10b3c4002230a3682289607badf823201b0c8df802
:10b3d4002530237b8df826301cf044fd23468df860
:10b3e400280053f80e2fcdf829209b88adf82d3076
:10b3f400237d8df82f30637d8df83030a37d8df85b
:10b404003130e37d8df83230237e8df83330637e26
:10b414008df83430a37e8df83530e37e8df83630e8
:10b424000099237f8df8373007a816f087f8044673
:10b4340000287ff455af9df81c1008461bf070f8e7
:10b44400022808d17378ff2b43d0b378ff2b02d1a5
:10b4540046447170f570002f7ff442af05a81bf0cd
:10b4640067fe05a99df81c0014f0faff38e7594659
:10b474000722029803931bf021fa0bf1280b039b7c
:10b48400002886d00135edb280e7ff2581e75146db
:10b4940028460ff077fb002882d120e762889207c4
:10b4a40012d0002b3ff41baf99f83230ab423ff47b
:10b4b40016af514628460ff065fb00283ff40faf46
:10b4c40002238df827306fe701238df82730ff25fd
:10b4d4006ae7a046bce700bfe03f1f0082340120ba
:04b4e4009c000020a8
:020000040000fa
:020000040100f9
:10b4e8002de9f04f8bb006467d4b009302220123d5
:10b4f8000521ec2008f0a6fd347896f801b0b6f8de
:10b5080004a01cf079f98146002840f0dc80754fd2
:10b518003868214604301cf069fb0546002800f015
:10b52800d48090f8f8301bb1bbf1030f40f0cb800a
:10b5380005f1d0001bf0d9ff40f2726300eb0a0856
:10b54800984509dd3868317804301cf04ffb01213b
:10b5580010f0fafd072455e0bbf1030f37d995f831
:10b56800473013f0fd0f57d1bbf1030f5ed1baf18d
:10b578001f0f5bd83868317804301cf037fbb3787c
:10b5880080f8b930b388029390f825300193564b70
:10b5980000930446022206210123ec2008f052fd04
:10b5a80073788df81c30b388adf81e300125b36868
:10b5b800089307a809948df81d5005f0a3f92846ab
:10b5c8001cf012f9002420460bb0bde8f08fbaf148
:10b5d800000fc4d010201cf0cefc059050461cf083
:10b5e800cafc059a0346002a71d000280590104627
:10b5f8000cbf072400241cf0c0fc059b002b6ad15b
:10b60800002cacd0394b0093019401230022ff2178
:10b61800ec2008f017fdd6e7a3f10a02012a07d9a2
:10b62800bbf1030f02d1baf1000f01d01224e9e7f0
:10b63800b8f1000f9ed0052b9cd98df81c3095f8d9
:10b6480022308df81e3095f824308df81f3095f88b
:10b6580038308df8223095f837308df823300023b4
:10b668008df81d30297e1a4621fa03f0c00748bf1d
:10b67800013203f1010344bfd2b24ff00109032b99
:10b68800f2d1b9f1000f01d08df81d20b5f8353091
:10b69800adf820301ffa88f2294607a804f0e2fd29
:10b6a8006a6940f2712353439842fff463afcde9ce
:10b6b80001030f4b0093022201238421ec2008f0a0
:10b6c800c1fc45249ee70c249ce742249ae7002805
:10b6d8003ff440af072418461cf04ffc90e700bf2a
:10b6e800006f0201f0000020f04b02017c4b0201c8
:04b6f80084d90101ef
:020000040000fa
:020000040100f9
:10b6fc00f0b5046889b0054616461af0b3fba36f83
:10b70c0059020ed515f05affa36f23f48003a367db
:10b71c0019f0b4fc16b1304618f05cf8002009b0f2
:10b72c00f0bde17f19b1b4f85230a4f8583094f858
:10b73c006c7017f0010739d10027e26f93077fd5a2
:10b74c00d4e96c3194f8e200b4f850c0082818bf62
:10b75c000b4622f00302e2679989a4f85410598928
:10b76c000cbf012000208c4511d1b4f852e0b3f885
:10b77c0010c0e6450bd1b4f83ee0b3f812c0e64574
:10b78c0005d1b4f83ce0b3f80ec0e64556d0a4f8a9
:10b79c005010198aa4f85210588ae087db89a387c5
:10b7ac00a4f8581042f00402e26749e00029c3d023
:10b7bc00a37f002bc0d020461bf016fb0028bbd06b
:10b7cc00e37fd4f8c021c4f8d050834214bf0823bf
:10b7dc00002384f8d830a37fc4f8d420032b84f83a
:10b7ec00d90084f8da3017d11378022b07d115f071
:10b7fc00e5fea36f43f00043a36719f03ffcd4f8b8
:10b80c00d4301b78112b01d0072b05d1e36f9a078d
:10b81c0044bf23f00303e3672246039552f8d00f8d
:10b82c00516804ab03c39068d168142203c300961b
:10b83c0003ab3049012013f0b5fc7ee70028b1d1f1
:10b84c00002f3dd116b1304617f0c4ff1af0fefca4
:10b85c0094f92c3084f82b00002b3fd1c300e385e6
:10b86c0084f82c00d4f84431002b3ff457af94f8f3
:10b87c00e22092b994f8e420213a012a0dd91a7cdd
:10b88c0016070ad4b3f81530b4f85c209b1a1bb217
:10b89c00002b02dc28460bf059ffd4f844311a7cfb
:10b8ac0050067ff53bafd3f82220137a99067ff52b
:10b8bc0035af6ff345131372284608f0a5fc2de73e
:10b8cc0094f828000128c1d1022384f828300422de
:10b8dc0003ab0949039511f0dbffb7e7b4f92e3040
:10b8ec00a3ebe30303441bb2e385db1084f82c3099
:0cb8fc00b8e700bf600401010106010173
:020000040000fa
:020000040100f9
:10b90800f7b54388042b044605d0082120460ef0dd
:10b91800d3f803b0f0bdc06d0191e43001a91cf06b
:10b928001df8e06d01a9e5301cf018f8e06d01a9db
:10b93800e6301cf013f8e06d01a9e7301cf00ef8b2
:10b94800e06d01a9e8301cf009f8e06d01a9e930c3
:10b958001cf004f894f85520e36d3ab194f85410ab
:10b9680093f8e620914201d00521cfe7002284f820
:10b97800552093f8e72084f8522093f8e620d00762
:10b9880004d55d4a12685278d10701d401225a7150
:10b99800e26d92f8e730073b092b01d90621b5e79c
:10b9a80092f8e630544d13f0080f2b6803d19b79b9
:10b9b80023b10321aae75b78c3f3c00384f85730a7
:10b9c80020460ff0edfa04f1600715f0fafb4b4939
:10b9d800384606f0adfbe66d737813f1ff3218bff9
:10b9e800012284f8562094f85720002a4dd0012bc4
:10b9f80007d096f8e7300f2b03d8384608f06af8d6
:10ba0800cce794f8533083b9022019f037f80028ae
:10ba180037d12b68da789ab13949402204f11200fb
:10ba28001af058ff022384f85330204612f01ffe04
:10ba380004f11201204615f0a1fb0b23a37068e75f
:10ba48007278032a06d1996821b191f850300bb168
:10ba58004022e3e72b481bf02fff064600287ff41f
:10ba680054af2868022384f85330103008f032f8b5
:10ba78002b6883f828609b680bb183f850600a2311
:10ba8800dce7012384f85330f9e7204612f0effd94
:10ba9800e36d93f8e920d2075cbf01225a71e16d8a
:10baa8004b78012b0ad120466f3103f0afffe16dcf
:10bab800204601f5d87112f0dff92ae7022b13d1dd
:10bac8002b681b78022b03d1204615f03bfa20e7a0
:10bad800042b05d191f8e430022b01d0042bf3d1cb
:10bae80020461af07df914e7032b7ff412af2046a5
:10baf8001af087f90de700bf98010020a064d10172
:08bb0800cc1e0201e917020145
:020000040000fa
:020000040100f9
:10bb10002de9f84381460e4698469500284605f0e3
:10bb20009bfc002800f096800746542005f094fc0a
:10bb30000446002800f08b80542200211bf04efcac
:10bb400027632a46a52138461bf048fc043d236b99
:10bb50001d4425f007058eb1337884f8343053b195
:10bb6000334604f134010f3613f8012f01f8012f89
:10bb70000ab1b342f8d1002384f84330089b042b68
:10bb800028bf04231f46e3626364261d30461cf071
:10bb9000aef904f118001cf0aaf92461c7f10503fd
:10bba000a361646242464946284618f09dfd206024
:10bbb000099b03b11c601af0bff9424a13680133b4
:10bbc0001360414b1b68002b48d0404b1b683bb9ae
:10bbd0003d4b1b68da6ae36a9a429cbf3a4b1c6091
:10bbe0003b4a136801331360e36a3a49086801224b
:10bbf0009a4002430a60384a03eb830302eb830353
:10bc00005b68a3609968e1604e609e60e06a8100b5
:10bc10000b189b00d5186561014452f821100131c1
:10bc2000d1501bf04bfa294b1b68002b46d0264bfa
:10bc30001b68da6ae36a9a4242d2284b4ff080527c
:10bc40001a60bff34f8fbff36f8f012004e03846b7
:10bc50000cf00afe4ff0ff30bde8f8831a4b1c6071
:10bc6000184b1b68012bbbd11b4d28461bf006f956
:10bc700005f114001bf002f905f128001bf0fef895
:10bc800005f13c001bf0faf805f150001bf0f6f846
:10bc9000134f38461bf0f2f8124d28461bf0eef811
:10bca00011481bf0ebf811481bf0e8f810481bf0a6
:10bcb000e5f8104b1f60104b1d6091e70120cbe7aa
:10bcc0000120c9e7d8340120cc340120fc34012004
:10bcd000e4340120e83401208c30012004ed00e040
:10bce0004c33012060330120743301209c33012048
:0cbcf00088330120d0340120d43401201e
:020000040000fa
:020000040100f9
:10bcfc002de9f34114466a4607460e460d6801f0dd
:10bd0c00dbfe2378012262f305039df800202370eb
:10bd1c0012f0010c1fbfdbb2072161f30503237086
:10bd2c0012f0020006d02378c3f30501063161f34b
:10bd3c000503237012f0080107d02378c3f3050e16
:10bd4c000ef1020e6ef305032370d30607d523788c
:10bd5c00c3f3050e0ef1030e6ef305032370930669
:10bd6c0007d52378c3f3050e0ef1120e6ef30503ff
:10bd7c002370530607d52378c3f3050e0ef1010e7d
:10bd8c006ef305032370737a3bb12378c3f3050e6e
:10bd9c000ef1090e6ef30503237012f07b0f08d120
:10bdac0096f809e0bef1000f03d123786ef305037a
:10bdbc0023703379093b042b19d8dfe803f0030314
:10bdcc00090909003b78a3f1080ebef1010f03d855
:10bddc0023786ff3871309e0a3f1060ebef1010f70
:10bdec006dd823784ff0010e6ef3871323702378f0
:10bdfc00627013f03f0318bf0123bcf1000f0cd08d
:10be0c0003f1010cae46a4445ef8288fccf80080f8
:10be1c00bef804e0acf804e0063360b1581cac4644
:10be2c0020445cf82eefc0f800e0bcf804c0a0f889
:10be3c0004c00633dbb2d9b13878a0f10a0101296c
:10be4c00bdf8041042d8b5f8c20060f30b01adf890
:10be5c00041095f825009df8051060f307118df876
:10be6c000510e118bdf80400a1f801000233dbb2a3
:10be7c00d00644bf0333dbb2910644bf1233dbb2ae
:10be8c00520605d5e21895f8271051700133dbb234
:10be9c00727a8ab15a1c22441c44e96b08236370e1
:10beac00282353700b4653f81c0fc2f802001b7961
:10bebc0093714b8ba2f8073002b0bde8f0810a3bbe
:10becc00012b94d823784ff0020e8de70c280abf73
:0abedc00e86bb5f8b200c08db7e7bf
:020000040000fa
:020000040100f9
:02bee6007047a3
:020000040000fa
:020000040100f9
:10bee80008b54ff0884200bfd2f8203113f4007f24
:10bef800fad0684b41f202022721995203f5805289
:10bf080042f27801118041f204015a5842f4801239
:10bf18005a50614a136813f4801ffbd15f4b1b68aa
:10bf280003f47043b3f5805f40f092805c4a536a33
:10bf380013f0010ffbd04ff088430022c3f8d02044
:10bf4800584ac3f8d02002f12b42a2f54b12a2f6b0
:10bf5800ab42c3f8d02003f520634ff400721a6097
:10bf680001229a601a46136813f0010ffbd1494b5e
:10bf7800b3f8ba2442f00202a3f8ba24b3f8ba24f8
:10bf880002f0fd02a3f8ba244ff08843d3f8202129
:10bf980022f07f42c3f820214149ca6822f07e027c
:10bfa80042f00402ca600022c3f8d0203d4ac3f818
:10bfb800d02002f12b42a2f54b12a2f6ab42c3f8f5
:10bfc800d02003f52063384a1a620a46536a03f000
:10bfd8000303032bfad1314b344a1a6001229a60c9
:10bfe8001a46136813f0010ffbd12c4a48f20903d3
:10bff800c2f8803140f20123c2f8a0304ff4004368
:10c00800c2f8a8304ff088434ff41041c3f88010ad
:10c018000021c3f89010c3f8a010c3f8b01024484a
:10c02800c3f8e000c3f8f0102249c3f800111c4916
:10c03800486840f010004860086840f08870086060
:10c048000821116311644ff03332c3f8d02008bdc2
:10c05800104b41f202022e21995203f5805244f20c
:10c068002831118041f204015a5842f480125a5082
:10c07800094a136813f4801ffbd10f4b186820f48a
:10c088009f7020f001004ff2d0231b6840f48a70a3
:10c0980098474be70020014104300141000a004461
:10c0a80000400141556699aa080101c0010120001c
:0cc0b800e0070020feff730f002401448d
:020000040000fa
:020000040100f9
:10c0c4002de9f04f1646a1b0102281460c460deb27
:10c0d4000200002198461bf07ff930461bf04dff0b
:10c0e400074600287ed0a319421ea3427dd118ad75
:10c0f4001022002128461bf06ff90df1500a10227e
:10c1040000211ca81bf068f9872310220021504647
:10c114008df87f301bf060f910aa514648460af0aa
:10c1240079fb0cac10aa0023d17b19550133102bd9
:10c1340002f1ff32f8d19df93030002b5adb04a90b
:10c1440020461af087fa9df91030002b5cdb08a911
:10c1540004a81af07ffa06f10f00000906f00f0692
:10c164005cd01ffa80fb002e5ad100f180500138b8
:10c1740010aa04a907eb00101bf048f810220021b4
:10c1840068461bf029f900260bf1ff339e42224634
:10c1940065d310a968461bf039f80023e27bea5402
:10c1a4000133102b04f1ff34f8d11caa2946484668
:10c1b4000af030fb1cab0022d97b0df802100132cf
:10c1c400102a03f1ff33f7d10df10f02002300bf52
:10c1d40012f8011908f803100133102bf8d138466e
:10c1e4001bf0cdfe21b0bde8f08f13f8011d02f85d
:10c1f400011f7ae7294620461af02cfa04aa1ca942
:10c2040028461bf003f89ee7294604a81af022faf0
:10c2140008aa1ca928461af0f9ff9ce74ff0010b65
:10c224000bf18053013b1a010023b6b2194680205a
:10c234001ffa83fc66450cd907eb020c1cf803c0fb
:10c244000af803c00133102bf2d110aa08a95046f2
:10c2540092e70cbf0af803000af80310f2e707ebb1
:10c26400061168461af0d2ff0023d17be95401334a
:10c27400102b02f1ff32f8d11caa294648460af0d5
:10c28400c9fa1caa0023d17b0df803100133102b2b
:0cc2940002f1ff32f7d10136b6b275e7b7
:020000040000fa
:020000040100f9
:10c2a00084b02de9f34109ac84e80e00042800f2c3
:10c2b0008780dfe810f005008500b300c000c800eb
:10c2c0000c680c9bc4f840310b9bc4f84431604ba4
:10c2d000604801251d70604ba4f8fa501d805f4b2b
:10c2e00000221a701bf034fd284621460df0eef9ad
:10c2f0002146284606f024ffd4f87c312046dd682c
:10c30000d4e9506816f06cff20461af05bfd204619
:10c3100013f0ecfa94f82420514b022a04f5be776e
:10c3200053d0032a54d01a88482161f30e021a8090
:10c330004c4b94f836101a8861f304121a8053f8a3
:10c340006c2d6ff34d321a6094f8241003201bf00b
:10c3500041fb2a464146384613f0c1fb94f852206f
:10c36000d4f87c3102f03f02002b35d1d4f87c2187
:10c37000002a3ad13c4b1b680bb1204698473b4bf7
:10c380001a6819466ff30f021a6051f8042d6ff303
:10c3900041020a60364a1268ad1a0a68adb265f306
:10c3a0001f420a6053f8142fb6b266f31f421a6098
:10c3b0000b6843f001030b60d4f8440119f05cfff3
:10c3c00002b0bde8f04104b070471a882d21ace7f7
:10c3d0001a884ff4d271a8e7197a21b9d968886808
:10c3e00062f3c80088601b68bee7537fa3b1116980
:10c3f000c87810f0010f0cbf01230723870748bf3f
:10c400000633000744bf0233dbb20b4494f85200fa
:10c41000d97860f30501d9701268a9e70b6893f821
:10c42000fa30012bccd10cf079fd0b4a138843f084
:10c4300004031380c4e701910e4901ab04220120db
:10c4400011f02cfabce7019101ab04220a49f6e78e
:10c45000c801002029870101c2010020c10100207c
:10c460006c380141c03401419c3501205c3e0141e2
:0cc47000a00100200700010108000101ec
:020000040000fa
:020000040100f9
:10c47c002de9f04190f8e230062b92b0044640f0e2
:10c48c00dd8000210af0fcfbd4f84431d87d1af091
:10c49c0013ffd4f8443193f91b20197c003218bfd8
:10c4ac00012262f304111974d4f84421137c590746
:10c4bc00054621d56ff38203137441f22103adf8c5
:10c4cc0000302388adf8063002238df80830431c69
:10c4dc008df809300022d4f844318df80420197fee
:10c4ec008df80a109b7e8df80c20c3f3010368466f
:10c4fc008df80b3017f0f0f9d4f8443193f91c2077
:10c50c007e2a00f08b807f2a2dd02b441a71d4f810
:10c51c0044315a199b7e1373d4f844311a7c02f0bf
:10c52c001202122a1fd141f22102adf80020002282
:10c53c008df804202288adf8062001228df8082001
:10c54c00aa188df809205a19684692f904108df82a
:10c55c000a10127bc2f301028df80b20db7e8df8e2
:10c56c000c3017f0b9f9d4f844315b7f013bdbb2e6
:10c57c00fd2b53d8294620461af06afbd4f84421e7
:10c58c00537fc7b2fb1a5355d4f844612e448046ee
:10c59c000121304616f098f93072d4f844215357e3
:10c5ac00434517d0db1b82f82030d4f844315a199c
:10c5bc002946127ada77d4f844210123ab409377d9
:10c5cc002046d4f844611af043fb86f8210020463b
:10c5dc0018f053fbd4f844311a7cd2071ed541f223
:10c5ec002102adf8002000228df804208df80820df
:10c5fc002188adf806106a1c8df809205a578df861
:10c60c000a205a196846127ac2f301028df80b20df
:10c61c005b5ddb1b8df80c3017f05ef9d4f8443100
:10c62c001b7c1b070ed50a2009f04cfac4f8b0018c
:10c63c0020461af06aff12b0bde8f081242119f0ef
:08c64c0045fbf8e70120f6e7c9
:020000040000fa
:020000040100f9
:10c654002de9f04f03789146a3f10802012a87b02f
:10c6640080460f4665d891f8f920b9f1000f06d13c
:10c67400134622b991f8fc10002900f0b8804ff459
:10c684008073adf80930002301978df80d30002a2e
:10c694004dd197f8fc308df80b306a460a2301a976
:10c6a40040468df8083001f00bfa01a9684610f0f5
:10c6b400fef801266a46834601a940468df80960c2
:10c6c40001f0fef901a9684610f0f1f80025524b7b
:10c6d40002936a4601a90446404601978df80d501d
:10c6e40001f0eef901a9684610f0e1f86a4601a9e3
:10c6f400824640468df809601ffa8bfb01f0e0f991
:10c7040001a9684610f0d3f8cb4575d2a9eb04090a
:10c714001ffa89f329461ffa8afa01319a45c9b2e8
:10c7240003d21d1aabb2002bf7d1002565e001231b
:10c73400b1e70a3b012b4ff0000460d8b9f1000fb8
:10c7440062d0364b01916a4601a902938df80d40df
:10c7540001f0b6f901a9684610f0a9f84ff0010bf1
:10c764006a46824601a940468df809b001f0a8f94d
:10c7740001a9684610f09bf8274b02936a4601a969
:10c784000546404601978df80d4001f099f901a93d
:10c79400684610f08cf86a4601a9064640468df8b2
:10c7a40009b01ffa8afa01f08bf901a9684610f062
:10c7b4007ef8ca4525d2a9eb05091ffa89f321465b
:10c7c400b6b201319e42c9b224d21c1aa3b2002bc4
:10c7d400f7d11c4687f84a3087f84b1087f84d404c
:10c7e40087f8500087f84f5007b0bde8f08f104627
:10c7f400154614461146ede729460123eae720468b
:10c80400254621462346e5e748464d464c464946db
:10c814004b46dfe70024f5e70d0001000b000100a3
:020000040000fa
:020000040100f9
:10c82400f0b585b000230293adf8043090f852308f
:10c83400012b044601a902a82ad118f003f8029a90
:10c84400a36db4f854101a44bdf804300b449bb2e1
:10c8540040f2e1418b42c2f31602029285bfa3f279
:10c86400e2430132adf80430adf8043088bf0292df
:10c874006678636916f0040741d19c42dd6936d0bd
:10c884005b785b0707d446f04006667005b0f0bde0
:10c8940017f0d8ffece7a06e18f09af82844c0f31c
:10c8a400160067f34516e06166704f4b029a1b68e9
:10c8b40093f82e12801a03eb410340f27125c0f362
:10c8c40016006843bdf80420b3f8265205eb920520
:10c8d400c5eb50054ff4005194f8500018f086fc55
:10c8e4006464294604f1380005f024fccee7a06e08
:10c8f40018f06ef82844c0f31600e061d5e79c42b6
:10c90400029ae369a3eb0203c3f3160340f2712214
:10c9140002fb03f31cbf6ff345166670012b4fea4d
:10c92400530584bfbdf80430a5eb93052e4b1b685b
:10c9340093f82e2203eb4203b3f8263203f271225a
:10c94400aa4217d9a06828b1837843f008038370fa
:10c954000cf016fc4ff4002194f8500018f046fc3b
:10c96400204619f0d3f80022214694f850001bf019
:10c97400d1fa8be7ed1a94f852306464012b0df16f
:10c98400060103a82cd117f05dff039aa36db4f838
:10c9940054101a44bdf806300b449bb240f2e141f6
:10c9a4008b42c2f31602039285bfa3f2e243013223
:10c9b400adf80630adf8063088bf0392dde90223f6
:10c9c4009a4204d1bdf80630b3f5966f01d3a5f5ac
:10c9d4009c754ff4005194f8500018f007fc80e760
:0cc9e40017f030ffeae700bf88010020d8
:020000040000fa
:020000040100f9
:10c9f00070b5c56d86b00446002d00f0db8095f85b
:10ca00002e30de0722d511201bf080fa0646e8b151
:10ca100000f11003062104a804931bf0c1f82b4673
:10ca2000049953f8a02f0a605a684a609a688a608d
:10ca3000da68ca6006230093324600231121208859
:10ca400017f0a1f810b130461bf089fae56d95f8a2
:10ca50002e30980721d50b201bf058fa0646e0b17e
:10ca600000f11003072104a804931bf099f8049b1c
:10ca7000b5f8b0201a80049a55f8b23f13606b687d
:10ca8000536006230093324600230b21208817f0c1
:10ca90007af810b130461bf062fae56d95f82e3049
:10caa000590722d511201bf031fa0646e8b100f1f2
:10cab0001003082104a804931bf072f82b46049974
:10cac00053f8bc2f0a605a684a609a688a60da682c
:10cad000ca6006230093324600231121208817f0f4
:10cae00052f810b130461bf03afae36d93f82e304d
:10caf0001a0728d508201bf009fa054618b300f1db
:10cb00001003092103a803931bf04af80df111014a
:10cb100004a819f091fa9df8101003a81bf040f832
:10cb2000039bddf811201a60bdf815209a800623ba
:10cb300000932a4600230821208817f024f810b11a
:10cb400028461bf00cfae56d95f82e30db0622d551
:10cb500011201bf0dbf90646e8b100f110030a21b1
:10cb600004a804931bf01cf82b46049953f8d32f08
:10cb70000a605a684a609a688a60da68ca6006235e
:10cb80000093324600231121208816f0fcff10b1db
:10cb900030461bf0e4f9e36d93f8ea2052b95b7973
:10cba00013b920460bf0e4f9e06d18b11bf0e9f978
:08cbb0000023e36506b070bd2f
:020000040000fa
:020000040100f9
:10cbb8002de9f047c388172b8cb0074640f0bd809d
:10cbc800837a0c2b07d003f0fd03082b03d08020b9
:10cbd8000cb0bde8f0874ff440701bf0ccf98046ec
:10cbe8000028f4d01022002108a81af0f3fb5e4bad
:10cbf800cdf808801b681c6800250cbb28461bf074
:10cc0800baf90646002800f094802a4641461af0f0
:10cc180023fb40461bf0b1f904ab2a46314608a86d
:10cc2800fff74cfa30461bf0a8f93b685a6804ab8a
:10cc380003cb1060516003cb9060d1600020c7e740
:10cc4800a689e389b34201d22468d6e7b4f80c90e8
:10cc58006368a6eb090903eb091999f80e305b071d
:10cc68004fd4d9f8001001a81af090ffbdf804308d
:10cc7800a3f52052032a02d9b3f5245f44d1d9f889
:10cc8800083093f800a055441ffa85fa0af1040504
:10cc9800adb2b5f5407f4cd8314602a81af082fff4
:10cca800bdf8041002a81af07dffd9f80830d9f8a9
:10ccb80004101a7802a81af0e3fabdf8042042f624
:10ccc80002039a421dd1d9f808301b88042b18d1c9
:10ccd800d9f804100df106001af058ff03aa04a9a8
:10cce800bdf8060017f008f958b10af11405adb2fd
:10ccf800b5f5407f1dd8049b1022596802a81af088
:10cd0800bffa0136b6b29ce703f55643ff339bb230
:10cd1800042bf6d80435adb2b5f5407f09d83146b5
:10cd280002a81af03fffbdf8041002a81af03aff53
:10cd3800e7e740461bf021f949e7152b7ff447af99
:10cd4800837a0c2b04d003f0fd03082b7ff43faf4c
:10cd5800b88817f051fa00283ff439af3b68827a57
:0ccd68005b681a706ae700bfa80000209a
:020000040000fa
:020000040100f9
:10cd74002de9f04f07298db0054601d0152936d18c
:10cd8400053901321ffa81fb04a805a905921af09e
:10cd94009ff805a90df112001af09af808a85a464e
:10cda40005a91af065fa284614f0a4f918bb5a46e6
:10cdb4005b4908a819f082fd002840f0ab80bdf85b
:10cdc4001000002800f0a880bdf81210884200f27c
:10cdd400a38006ab5ffa8bfb07af0093019708ab08
:10cde4005a460df0ebf8044668b90a2003e0002324
:10cdf400adf810300420c3b2bdf81020102128462d
:10ce04000bf0eeff52e0079b5b68d3e90112107848
:10ce14001af08cfc069a03468246d27b28880121ac
:10ce24000af052fe80b210b1adf81040e3e7a888d2
:10ce34001bf06af88046002870d0069b9b68b3f804
:10ce4400009009f1040600f11003112105a8b6b2ff
:10ce540005931af0a3fef1b205a81af09ffe21462d
:10ce640005a81af0a1fe079b05a8d9891af09cfe13
:10ce7400069b9a685968128805a81af003fa09f102
:10ce84000604a4b2079bd8894ff6ff73984204d0d6
:10ce9400ab8804eb060999450bdd4246214628463a
:10cea40019f0aefa10b140461bf057f80db0bde8ca
:10ceb400f08f06ab013080b20093019708ab5a465d
:10cec400bdf81210adf810000df078f803900028aa
:10ced400e3d0069a93681b880433b342ddd15346ea
:10cee400d27b288801210af0effd0028d5d10399cf
:10cef40005a81af059fe079b05a8d9891af054fe13
:10cf0400069b9a685968128805a81af0bbf91ffa9b
:10cf140089f4b7e710206ee701206ce711206ae777
:04cf2400f87f02018f
:020000040000fa
:020000040100f9
:10cf280070b50468154620460e4615f046fd29786a
:10cf3800204610f077fb2b78023b232b13d8dfe831
:10cf480003f01e1212123e45124c123e535a125c46
:10cf580012643e3e6b727912121212121280801203
:10cf680012121286949fe37d002b00f09480e37ddb
:10cf7800012b00f0a0802b78022b02d007e0022eb4
:10cf880013d0d4f8c43023f00103c4f8c43029788e
:10cf9800204618f09dfe2046002109f073fe204629
:10cfa800012109f06ffe012070bd294620461af0c4
:10cfb8006bff29782046bde87040f6f79bbd012e2f
:10cfc80014bf00260126002ef3d1e0e7022eded1a1
:10cfd800294620461af05cffebe7092ed7d12946ef
:10cfe800204604f099fce4e7062ed0d129462046d5
:10cff80019f0aef8dde7022ee2e7182ec7d10f22ae
:10d008002946204610f068f8d3e7032ebfd12946f9
:10d0180020461af041ffcce7092eb8d12946204610
:10d0280011f068fcc5e7092eb1d12946204615f054
:10d038009fffbee7032eaad12946204618f0d4fc4c
:10d04800b7e7022e97d16b7884f82a30b1e7d4f885
:10d058004431002b9bd0042e99d12a4632f8011f67
:10d06800a3f8171092785a76a3e7d4f84431002b26
:10d078008dd0052e8bd1d5f80120c3f81a2098e75a
:10d08800d4f84431002b82d0052e80d1d5f8012068
:10d09800c3f81e208de70d4b1b68002b3ff46bafc8
:10d0a8002a4631462046984702283ff460af0128b7
:10d0b8003ff47faf5fe7064b1b68002b3ff45baf85
:10d0c8002a46314620469847f1e700bf64350120db
:04d0d8006835012096
:020000040000fa
:020000040100f9
:10d0dc0038b5684b1a68052060f31f721a601af095
:10d0ec0096fe03f57e7140f23b100a8860f30f0246
:10d0fc000a8003f20c4240f2e244108840f0010036
:10d10c001080088864f30f000880118841f0020138
:10d11c001180a3f5dc724ff43470116860f31a417e
:10d12c00116003f502723430118860f30f01118025
:10d13c00a3f2a4521420116860f31741116003f597
:10d14c000471a4f5db74088864f30f0008804ff0b9
:10d15c0088411546096c484803f5067201f44051a4
:10d16c00b1f5005f11880cbf24240c2464f3070173
:10d17c00118042490a886ff307020a801a686ff31c
:10d18c0007021a600a4652f81c3f6ff30003136043
:10d19c0013686ff34103136013686ff30413136088
:10d1ac0013686ff34513136013686ff386131360e2
:10d1bc000b4633f8244f6ff300041c801c886ff36c
:10d1cc0041041c801c886ff304141c801c886ff3b2
:10d1dc0045141c801c886ff386141c80146844f062
:10d1ec0004041460146844f0080414601a8842f0b3
:10d1fc0004021a801a8842f008021a802b685c22fa
:10d20c0062f30f232b60b0f85031a12262f30f238d
:10d21c00a0f85031b0f850318c2262f30703a0f81b
:10d22c005031d0f8143102f26f1262f3184301f24c
:10d23c00fc42c0f81431136843f000531360a1f59d
:10d24c0041731a686ff39e721a60a1f55573a1f5bc
:10d25c00f2711a686ff310421a60b0f8083c12228f
:10d26c0062f34913a0f8083c0b8843f003030b80ce
:10d27c0038bd00bf0c3a014100240141043a014180
:020000040000fa
:020000040100f9
:10d28c002de9f84f5d4b1b68002b40f0ae805c4bda
:10d29c001d6801351d60e5b15a4b1b68ab4225d9a1
:10d2ac000024594b1b68db6a03eb8303574a52f883
:10d2bc002330022b28bf0124554b1b68002b00f098
:10d2cc009180544b1b68002b18bf01242046bde8ed
:10d2dc00f88f514a1168514b186810601960504a08
:10d2ec0013680133136017f001fed5e700244a4898
:10d2fc00a3464c4e4ff0010c444adff80c8135e04c
:10d30c00404b4ff0ff321a60cbe73e4b1960c8e739
:10d31c00d96ad6f800a00cfa01f949ea0a09c6f84c
:10d32c00009001eb810102eb810149689960d1f811
:10d33c000890c3f80c90c9f804e0c1f808e0d3f8e1
:10d34c002c904fea890101eb090e02eb8e0ac3f80f
:10d35c0014a052f82e10013142f82e10d8f800e02b
:10d36c00d96adef82c30994288bf012403681b6807
:10d37c00002bc5d00368db68db6859688d42c4d3c9
:10d38c00d3f81490d9689f68b9609f684f6003f117
:10d39c00040ed9f80410714504bfd968c9f80410fb
:10d3ac00c3f814b0d9f800100139c9f80010d3f83b
:10d3bc002890b9f1000fabd0196adf69b960df6949
:10d3cc004f6003f1180ad9f80410514504bf196acb
:10d3dc00c9f80410c3f828b0d9f800100139c9f8fd
:10d3ec00001095e70af06dfc6be7094a13680133ee
:10d3fc0013600af066fc002468e700bfe0340120eb
:10d40c0000350120f0340120cc3401208c30012077
:10d41c00f834012004350120d0340120d43401200b
:08d42c00f4340120e834012072
:020000040000fa
:020000040100f9
:10d434002de9ff470025044689461f46057001f182
:10d44400ff3813780bb145450bd3624b1b7803b9f6
:10d454002370454588bf09f10105284604b0bde89d
:10d46400f087252b07d05b49097811b904f8013bf3
:10d4740001350132e5e75378252b37d0561c337834
:10d48400302b4ff000001ad101464ff00a0c725ca9
:10d49400a2f13003dbb2092b0ed922f0200eaef13b
:10d4a400410ea2f16103bef1050fdbb206d8052bd4
:10d4b40026d8a2f15703dbb2092b29d90e443378bd
:10d4c4006c2b08bf01363378702b5fd027d8632bc1
:10d4d40039d0642b51d0582b3ad13e4b3a681b7843
:10d4e40003920437002b68d1019058e03949097838
:10d4f400961c0029c3d104f8013b01353246a0e74c
:10d50400a2f14103052b02d8a2f13703d3e700238c
:10d5140001310cfb0030735c002bb8d1cee7752bc6
:10d5240018d0782bd9d0732b12d13b680437013b28
:10d534005a1c0dd013f8012f52b1454508d204f8f6
:10d54400012b0135f4e73b6804f8013b043701354e
:10d55400721c76e71f4b3a681b78039204370bbba7
:10d56400019000930a23a8eb050120460df09efece
:10d574005ffa80fa54445544eae7164b3a681b783c
:10d584000392043773b901900123eae7114b3a6817
:10d594001b78039204372bb90423019301230093ce
:10d5a4001023e0e7002808bf04205ffa80fa5246ff
:10d5b40003a9204619f090f9dce740b1c107c0f394
:10d5c400470af4d50af1010a5ffa8afaefe74ff045
:08d5d400010aece7c335012058
:020000040000fa
:020000040100f9
:10d5dc002de9f3410e4604464ff4003190f850000b
:10d5ec00174617f0fffd3378990604d5306920668d
:10d5fc0017f0d4f9206233785a0604d57069606646
:10d60c0017f0ccf960623378db0744bf737884f889
:10d61c00513033789d072bd5b3784bb301204ff4a1
:10d62c00006117f0dffda378580700f19f80d4f854
:10d63c000880b8f1000f66d098f80030012b4546f1
:10d64c0002d140460bf098fd0023c5e91a3385f84a
:10d65c005330ab702b886d6123f49f6323f0070369
:10d66c002b8028460ef08cfaab7843f00403ab7099
:10d67c003378590744bfb368a36533781a0744bf9e
:10d68c00b388a4f854303378db0639d5f368e269f3
:10d69c00e3655b0a9a4233d0012fe36130d001235a
:10d6ac0084f85330a36e5bb394f852300df1020141
:10d6bc0001a8002b36d117f0c1f8019be569ed1ad2
:10d6cc002b4b1b6893f82e2203eb4203edb2b3f8fd
:10d6dc00266206f27127384617f060f9a8423dd849
:10d6ec0040f271235d43bdf802309b08c3eb550338
:10d6fc009f4205d86464991b04f1380004f016fdb0
:10d70c0002b0bde8f0812569002db1d07822214608
:10d71c00284619f0ddf8a560ec60c4f80c80c5f85b
:10d72c00088091e717f08af8019aa36db4f85410a9
:10d73c001a44bdf802300b449bb240f2e1418b42db
:10d74c00c2f31602019285bfa3f2e2430132adf897
:10d75c000230adf8023088bf0192aee700231a46c2
:10d76c00194694f850000bf053fdc9e725466be7ba
:04d77c008801002000
:020000040000fa
:020000040100f9
:10d780002de9f743054635201af0f9fb0446102031
:10d790001af0f5fb064610201af0f1fb07460cb113
:10d7a00006b150b95c4b009300220423c321ee2044
:10d7b00006f04cfc03b0bde8f083584a13680360e0
:10d7c0005368436093688360d368c360e96d3346f0
:10d7d00020222f31fef776fc95f8038050484ff455
:10d7e000807904f1020e2b1d04f1090c05f10b01e7
:10d7f00004f11002a4f80090b8f1000f4ed1d3f854
:10d800000090c4f80290b3f80490aef804909b79ad
:10d810008ef806300b68c4f809308b88acf80430f9
:10d820008b798cf80630e96d01f5c0710b682361c6
:10d830004b6853608b689360cb68d360ea6d02f5e8
:10d84000e072214613682362536863629368a3629f
:10d85000d368e3620123206384f83430eb6d352212
:10d86000a0333046fef72efce96d2846a03113f0b8
:10d8700055ff84f83480eb6d35220633214630465f
:10d88000fef720fc20461af07cfb30461af079fbac
:10d89000384603b0bde8f0431af073bbd1f80080fe
:10d8a000c4f80280b1f80480aef8048089798ef85b
:10d8b00006101968c4f809109988acf804109b790f
:10d8c0008cf80630e96d01f5c0710b6823614b6877
:10d8d00053608b689360cb68d360ea6d02f5e072a9
:10d8e000214613682362536863629368a362d36816
:10d8f000e3620123206384f83430eb6d3522a033da
:10d900003046fef7dffbe96d2846a03113f006ff35
:10d91000002384f83430aee728730201d078020186
:04d92000656c74625c
:020000040000fa
:020000040100f9
:10d924002de9f04182b00378012b04d0022b76d08c
:10d9340002b0bde8f08144682378062bf8d801a230
:10d9440052f823f065d9000199d90001a9d9000141
:10d9540035d9000135d9000135d90001dbd90001e1
:10d96400a378002be4d1554b1d68ab784bb1012350
:10d97400a81c194610f8232022b10133082bf8d132
:10d98400d6e7002105eb810301229a70a38825f8cc
:10d994002130cde7608815f019fd0028c8d0002299
:10d9a4000260c5e76588284615f010fd0646002884
:10d9b400bed0c378002bbbd02379002b0cbf072328
:10d9c40008238df80030adf80250684612f0ecffe1
:10d9d4000023f370ace7394b1b6893f82a30002b13
:10d9e400a6d0b4f80480e788268965892b46324698
:10d9f400394640460cf0caf960b1adf80080adf884
:10da04000270adf80460adf806506946608815f000
:10da140065f88de73b21608815f07cf888e7446859
:10da24002378e3b1012b83d16588284615f0cefc19
:10da3400064600283ff47cafa388002b3ff478af60
:10da4400c378002b3ff474af08238df80030adf891
:10da54000250684612f0a8ff0023f37068e7658857
:10da6400284615f0b3fc00283ff462af134b1b6843
:10da740093f82a30002b3ff45baf63892289e18855
:10da8400a0880cf083f9a0b10021284615f0cef847
:10da9400a388adf80030e388adf802302389adf8ef
:10daa40004306389adf806306946608814f0faffe3
:10dab4003ee70121284615f0b9f839e798340120ea
:020000040000fa
:020000040100f9
:10dac40010b5137803f07b0313700b79093b042b17
:10dad40036d8dfe803f003599facb50004780b2c6b
:10dae4002ed80123a34013f44c6f49d19c0528d4ac
:10daf400db0525d54979137889b18178032908d1c3
:10db04006ff300031370137823f07a0343f01803c0
:10db140015e081790029f3d143f00103f2e781791b
:10db240081f0010161f3000303f0c5031370c379ad
:10db340013b18378032b4cd113786ff386131370ce
:10db440010bd4979137879b18178032923f003034f
:10db540004d11370137823f07803d7e7817900296f
:10db6400f7d143f00303f4e7817923f0030321b1f0
:10db74001370137823f03803d8e743f00303f7e76f
:10db8400137823f07b03c1e70378063b052bd7d832
:10db9400dfe803f0343a0326343a8378032b13780e
:10dba40001d18479ccb16ff300031370137823f09f
:10dbb4000a0343f0080313704c79dbb264f30413d3
:10dbc4001370c979dbb261f345131370c379002b69
:10dbd400b2d0137843f04003b1e743f00103e4e724
:10dbe4008378032b137823f0030301d1847914b1d0
:10dbf40013701378dde743f00303f9e7137823f098
:10dc04003b0343f00903e0e7137823f03b0343f0bd
:10dc14000b03dae7137823f00b0343f009031370c3
:10dc24004979dbb261f304136ff34513cde713783d
:10dc340023f0030313708c79dbb264f3c303eee7c0
:10dc4400137823f0030313708879dbb260f3c30302
:10dc540013704979dbb261f3041303f09f036ee799
:020000040000fa
:020000040100f9
:10dc640037b5428840f201139a4204460d4605d066
:10dc7400082120460bf022ff03b030bd09f000fc60
:10dc84000028f5d1e06d019501a9e43019f068fe92
:10dc9400e06d01a9e53019f063fee06d01a9e630fd
:10dca40019f05efee06d01a9e73019f059fee06d50
:10dcb40001a9e83019f054fee06d01a9e93019f02a
:10dcc4004ffee36d93f8e72084f85220a27a83f89c
:10dcd40058212346e26d53f8041fc2f859119b885a
:10dce400a2f85d31e36d93f8e620d50704d5414ae7
:10dcf40012685278d00701d401225a71e26d92f869
:10dd0400e730073b092b01d90621b2e792f8e63048
:10dd1400384d13f0080f2b6803d19b7923b10321ed
:10dd2400a7e75b78c3f3c00384f8573020460df0af
:10dd340039f92b68da7932b15b78590703d5e36d89
:10dd44005b78012bebd0204613f03dfae36d5a7853
:10dd540012f1ff3118bf012184f8561094f85710be
:10dd6400002940d0012a03d093f8e7200f2acbd909
:10dd740093f8e82022f0090283f8e820e26d92f893
:10dd8400e93023f0090382f8e930e26d92f82c308f
:10dd940092f8e8100b4023f0040382f82c30e26d73
:10dda40092f82d3092f8e9100b4023f0040382f826
:10ddb4002d3002231049a37004f1600004f0baf975
:10ddc40008201af0daf8014600283ff455af06237c
:10ddd400037023888380e36d93f8e6308371082011
:10dde4001af014f848e793f8e920d2075cbf01223f
:0cddf4005a71cae798010020a064d10118
:020000040000fa
:020000040100f9
:10de000030b5634d2b688bb0c3f80402044619f09b
:10de100091fe58b14ff4004194f8500017f0e8f922
:10de20000022012120460df07df84fe0002c4dd05e
:10de30002378022b4ad1adf80e000df10e0104a893
:10de400016f002fd94f85230012b18d1049aa36dfc
:10de5000bdf80e101a44b4f854300b449bb240f293
:10de6000e1418b42c2f31602049285bfa3f2e24362
:10de70000132adf80e30adf80e3088bf04922b6839
:10de8000049993f82e2203eb42032046b3f8223282
:10de9000bdf80e2015f0a8fda3785a071fd51b0763
:10dea0001dd5e5684ff48031012017f0a1f900225b
:10deb000012120460df036f82b78022b08d1284698
:10dec000fff79effa3786ff3c303a3700bb030bdc1
:10ded00000232246194601200bf0a0f9f2e72b6837
:10dee000d3f80822002a4dd100284dd1c3f80842aa
:10def000236f1b7a1a1f012a03d8042b3cd118f078
:10df0000d5fb206f19f0f4fea26a94f8500040f29d
:10df1000712353435b08e3624ff4007117f068f913
:10df2000a1782046c1f3800109f050fa2b68d3f89c
:10df3000343233b194f85100032894bf00200120fb
:10df40009847656f03232370002dbfd0236fcde961
:10df50000534e36d0793e36a0893a378c3f3800362
:10df60008df824300aab13e903008de8030005abfc
:10df70000ecb0020a847a9e7b4f85410a06d17f005
:10df8000a7fcbee70028a1d04ff4807144e700bf92
:04df900088010020e4
:020000040000fa
:020000040100f9
:10df9400f0b5a7b05d4819f0a1fd13f003fa09f03c
:10dfa4008dfc0bf06bfc002018f00efb17f0dcfa74
:10dfb400574817f0ebfa574b04af93e8070087e88c
:10dfc4000700554e18ac35460fcd0fc495e8030035
:10dfd40044f8040b217010ac06f118030fcb07c4ee
:10dfe400237039460c2014f0e9fd01258df8785092
:10dff4001223adf87a304ff400731f932093072354
:10e004008df884300024cdf8854022948df88c401e
:10e0140008238df88d308df88e500a238df88f30bb
:10e024008df890508df891508df892408df8934072
:10e034008df894400df107011ea814f0a3fd8df88e
:10e044001c5003238df81d308df81e401520adf8ab
:10e05400200019f0eafe099020b1bdf8202018a98b
:10e0640018f03afc07a815f09bfa099819f0e1fe9c
:10e0740001238df8283003238df8293000238df8ef
:10e084002a300d20adf82c0019f0cffe0c9020b1f1
:10e09400bdf82c2010a918f01ffc0aa815f09afa54
:10e0a4000c9819f0c6fe00248df85040adf852408b
:10e0b4008df854408df85e408df85f4014a815f03b
:10e0c400bdfaadf80a408df80c4003238df80830f2
:10e0d40009238df8093002a814f0c4fd01238df83a
:10e0e4003e308df83c300623adf834304ff44863ad
:10e0f400adf83630adf8384040f2f313adf83a30ad
:10e104000da818f0d5f927b0f0bd00bf4dd101011d
:0ce114004b400101f0790201804e020135
:020000040000fa
:020000040100f9
:10e120002de9f743d0e90358008916f069f8044651
:10e13000002800f0b78090f83d30002b00f0b4804c
:10e1400015b1b8f1000f11d18df8043019f0a4fc0d
:10e150000823adf806008df8053001a9208816f0d7
:10e1600029fd054655b984f83d5007e0082b4cd0f1
:10e170001c2019f004ff064620b90225284603b0ea
:10e18000bde8f0831820308094f83d300a2b0cbf96
:10e190000b230d23b3702b68c6f8033006f1030977
:10e1a0006b68c9f80430ab68c9f80830eb68c9f887
:10e1b0000c30d8f80030c6f81330d8f80430c6f860
:10e1c0001730a38883421ad8276c27b919f0d7fed5
:10e1d0000746002864d03146208812f0bffc05466f
:10e1e00048b932884946384618f078fb27643046eb
:10e1f00019f0c7feb6e7384619f0c3fef7e7314617
:10e20000208812f0abfc0546f1e71a2019f0b7fea2
:10e2100006460028b1d01a230380837019f03cfc15
:10e22000a6f803002b68c6f80530771d6b687b6085
:10e23000ab68bb60eb68fb60d8f80030c6f81530ff
:10e24000d8f80430c6f819303288a38802329a42ce
:10e2500021d9023b9bb23380b370d4f84080b8f12f
:10e26000000f04d1182019f08afe8046c0b1314653
:10e2700020880ef0fcf9054658b9434607f118020c
:10e2800057f8041b43f8041b9742f9d1c4f84080a7
:10e29000ade74046b0e7314620880ef0e8f9b2e736
:0ce2a0000225a4e7032569e7012567e7d4
:020000040000fa
:020000040100f9
:10e2ac00f0b587b003790393c37802930388019385
:10e2bc0005465c4b0093ec2001230222512105f012
:10e2cc00bffe288817f030fc002800f0a8800468f6
:10e2dc00204617f0c0f8002800f093800a2007f0c1
:10e2ec00f1fb0121c4f8b001204617f011fd00210b
:10e2fc000646204617f00cfdaa78032a074610d0d4
:10e30c00eb78b3421bd12979814218d1042e08d164
:10e31c00eb88012b08bfe376eb88022b01d100239d
:10e32c00e376304619f003f90546384619f0fff844
:10e33c00002302462946204615f066fa4ee012f0fc
:10e34c00010f18bf072384f84231ab78d4f8b02101
:10e35c009b0754bf2b79072384f84331eb88d38078
:10e36c005a1e012a07d8012b08bfe376eb88022b33
:10e37c0004bf0023e37694f8f23043f0020384f8f0
:10e38c00f230d4f844312bb32a79042a03d1e9882a
:10e39c00e1b9e17ee1b9da75d4f8443100261e7694
:10e3ac00e87818f089ff01462046d4f8445118f05b
:10e3bc004ffc6876d4f84421137c43f008031374a3
:10e3cc00204618f0b8fd304607b0f0bd0229e2d067
:10e3dc000822e0e7204619f098f808b10026f2e789
:10e3ec0094f8f23060f3410384f8f23007260e4bb8
:10e3fc000093019601230022ff21ec2005f020fe62
:10e40c00e1e72868696804ab03c3082204ab042164
:10e41c00204610f09bfa06460028e8d1dee70226db
:0ce42c00e5e700bf50510201425102011f
:020000040000fa
:020000040100f9
:10e43800f0b585b00468cb790293238801930d4623
:10e448005b4b0093022201235d21ec2005f0fafdcd
:10e45800eb79012b2bd059b219b1182b2ed005b05e
:10e46800f0bd94f8f230d80702d520460ff050ffdf
:10e478001121204616f018fc19f012fc0128eed9db
:10e4880094f8aa30002bead00021d4f8cc0019f077
:10e4980025fc0028e3d094f8aa30013b84f8aa3080
:10e4a80094f86d3043f0040384f86d30d7e71221f7
:10e4b800204605b0bde8f04016f0f6bb1321204613
:10e4c80016f0f2fb0121204617f024fc19f031f870
:10e4d80000210646204617f01dfc19f02af80023f3
:10e4e80002463146204615f091f9d4f84431bbb3c1
:10e4f800e57d012d2ed1032e43d1002583f8205030
:10e50800d4f844319a7ada77d4f8443104229a77e5
:10e5180002212046d4f8447118f09cfb87f82100aa
:10e52800204616f0acfbd4f8443183f82050d4f8d8
:10e538004431da7ada77d4f8443108229a77d4f871
:10e5480044513146204618f085fb85f821002046c5
:10e5580016f095fbd4f844311a7c6ff3c3021a7491
:10e56800144b1b681a7ad10754bf5a7a072284f8c9
:10e5780042211a7a92074cbf07239b7a84f84331c9
:10e588006de72946204615f08ff9d4f8443100226a
:10e5980083f82020d4f844311a188540127ada77a3
:10e5a800d4f844319d770146d4f84451cae700bff6
:08e5b8003646020100010020bb
:020000040000fa
:020000040100f9
:10e5c0002de9f04390f8018018f00408bbb0044630
:10e5d00010d190f85030d0f81490012b04d1484558
:10e5e00008d140f6111312e0484509d099f80120ee
:10e5f000520719d46078c0f380003bb0bde8f083c7
:10e60000c26d520ac261002bebd103f20123adf8b7
:10e61000183011e04ff001085ee0b8f1010ff9d1b8
:10e6200063786ff3820385e0002bdad142f2052391
:10e63000adf818304ff00108e06e16f0cbf9a38c5e
:10e6400087b2dd19adb2b5f5487f88bfc3f548770d
:10e65000d9f81c30079384bfbfb24ff4487517f048
:10e66000fbfc354b1b6893f82e2203eb4203b3f8f7
:10e670002612b3f82a6240f239130e44b6fbf3f6c1
:10e6800094f85230013606442c48012b06ea000665
:10e6900004d1e369a26d9b1a0340079301f2712034
:10e6a00016f098f9d9f8243000eb0309a06e16f0a3
:10e6b00091f9484503d2b8f1000f18bf4846079baf
:10e6c0001e4a03441340a3eb060818f48008f8d14f
:10e6d000013d1d440793154000238df8163001239a
:10e6e0008df81730079bcde908350df1170301931d
:10e6f00008ae0df1160306a8009302963b4607aa42
:10e70000214610f80800f9f701fa079b00939df8dd
:10e7100017209df816103346204603f0c1fa002852
:10e720003ff47bafe369eb1a5b023ff576af6378aa
:10e7300043f0040363705de788010020ffff7f0062
:020000040000fa
:020000040100f9
:10e740002de9ff470c4615f05bfd054620b9032473
:10e75000204604b0bde8f0872088013880b24ff62b
:10e76000fd739842f3d8ab886288033b9a42eed897
:10e7700002aa01a915f0c4fb0028e8d0019e4e4969
:10e780003068022218f09cf80028e0d194f8f820b4
:10e7900073681b2a1b784cd113f0100fd7d0208838
:10e7a000013002aa01a980b215f0aafb0028ced040
:10e7b00022880199013292b2284616f003f8002807
:10e7c000c5d1019b0df10200596819f0e3f994f8e5
:10e7d000f8601b2e32d1bdf80230da07b7d5b4f895
:10e7e000029034f804ab09f103081ffa88f8404698
:10e7f00019f08cfb074600285bd000f1100331466e
:10e8000003a8039319f0ccf9514603a819f0cef9e7
:10e8100021464a46039818f061f83a464146284690
:10e8200017f0f0fd0446002892d0384619f097fb07
:10e830008ee71d2ab3d113f0200fafe71d2e86d12e
:10e84000bdf802309b0782d523882b82ab7c73bb3b
:10e85000b4f80290b4f800a009f103081ffa88f890
:10e86000404619f053fb074618b300f11003314638
:10e8700003a8039319f094f9514603a819f096f9e7
:10e88000211d4a46039818f029f83a464146284681
:10e8900017f0b8fd04460028c7d10123ae74a5f8cf
:10e8a0007e30064905f1740003f046fc50e707246a
:10e8b0004ee702244ce700bff67f0201a064d101bd
:020000040000fa
:020000040100f9
:10e8c0002de9f04f044685b000230d4602a801a9aa
:10e8d000adf8043015f0b8ff94f85280b8f1010f8c
:10e8e00018d1029aa36dbdf804101a44b4f854303c
:10e8f0000b449bb240f2e1418b42c2f316020292fa
:10e9000085bfa3f2e2430132adf80430adf8043024
:10e9100088bf0292474b029f1b68bdf804b093f872
:10e920002e9203eb49095a46b9f81e323946204661
:10e9300015f05af8b8b1202194f8500016f058fca0
:10e9400094f8503053b920460af01cfc2a460121a5
:10e9500020460cf0e7fa05b0bde8f08f63786ff35e
:10e9600082036370f7e7e369dff8cca0b9f82612f9
:10e97000db1b03ea0a0301f2712240f23910b2fbf9
:10e98000f0f201329a4204d929462046f7f70afbf1
:10e99000e1e740f2712601eb9b0b5e43b8f1010ffa
:10e9a000cbeb56060df1060103a83ed115f04cff46
:10e9b000039ba26db4f85410134403ea0a02bdf895
:10e9c000063003920b449bb240f2e1418b4285bf7b
:10e9d000a3f2e2430132adf80630adf8063088bf4d
:10e9e0000392039b9f4205d1bdf8062040f29b4352
:10e9f0009a421dd96ff49c73f31840f2712293422e
:10ea0000c2d994f85000802116f0f2fb314604f18f
:10ea10003800646403f090fb20460af0b3fb042343
:10ea20002370204614f0faff95e715f00dffd8e7a4
:0cea30003346e2e788010020ffff7f0072
:020000040000fa
:020000040100f9
:10ea3c002de9f0410678012e86b0044667d026b148
:10ea4c00032e7bd006b0bde8f0818578002df9d17e
:10ea5c00524e376807f12c0353f82580b8f1000f9c
:10ea6c0020d178200a3519f084faaa0033681744ab
:10ea7c0013447860586818b17822414618f0a8fc05
:10ea8c00336803eb85056d6885b923780293a388f9
:10ea9c000193434b009300220423c921ee2005f07f
:10eaac00cffacfe70135082dd6d1eee70127af70ad
:10eabc00a6882e80a379eb70234653f8082f6a6042
:10eacc009b882b81e379003318bf0123ab72e37968
:10eadc00bb420fd8143400230622214604a8049309
:10eaec00adf8143017f0e6fe20b123686b60a388f4
:10eafc002b81af72102385f85230ab6e03f0f80304
:10eb0c0043f4a06343f00103c5e91a369ae745883c
:10eb1c00284615f09bff044638b9cde90156214b28
:10eb2c00009302460423ca21b8e7603004f0d0fffa
:10eb3c00204606b0bde8f04112f00cbe47883846be
:10eb4c0015f084ff054610b9cde90176e7e7237986
:10eb5c00002b7ff477af603004f0baffeb6dcbb1d4
:10eb6c00ea78012a12d195f857205ab95a794ab144
:10eb7c0093f82e20d20705d50022a0331146284643
:10eb8c0009f08afc2846fdf72dff03e093f8ea30e4
:10eb9c00002bf7d0012385f8593053e7980100205a
:08ebac000ee001013fe0010150
:020000040000fa
:020000040100f9
:10ebb40010b588b0f3f712f9fdf794f918f026fdb3
:10ebc4000cf0b4fd05f0ebfc10f01cfb18f042fa5d
:10ebd400002110200bf0cafe0120f3f79ff83b4bf5
:10ebe4003b4a1a603b4a5a603b4a9a603b4ada60a5
:10ebf4003b4a1a613b4a5a613b4a9a613b4ada6191
:10ec04003b4a1a623b4a5a623b4a9a623b4ada627c
:10ec14003b4a1a633b4a5a633b4a9a633b4ada6368
:10ec24003b4a1a643b49002017f050fc3a4c2060e0
:10ec34003a4900200ef0f0fa60600422202138489e
:10ec440017f026ff00230593069307930df1160092
:10ec5400f3f7a2fd9df8153060f300038df815302d
:10ec64000df11d00f3f7bcfd9df8153060f3410371
:10ec74008df8153005a8f3f7f5fd10b903238df8c9
:10ec840014300df11f010df11e00f7f7acf89df8db
:10ec9400153060f382038df815300024019402943a
:10eca400039404944ff4f840009019f0bef80190d6
:10ecb400049405ab6a460549194801f07ffd17f035
:10ecc40021fc0ef075fa08b010bd00bf2000002032
:10ecd400356a02013b6e020133ec010163740201e7
:10ece4004d6a02018122020175740201956a0201d2
:10ecf40045700201bd22020199740201ab74020144
:10ed04001d70020131700201516e02012f7e020159
:10ed1400377e0201207a0201180000202c7a0201b9
:04ed240014000020b7
:020000040000fa
:020000040100f9
:10ed28002de9f34790f85050012d04460fd0574b6a
:10ed38001b6893f82e2203eb4203b3f82652b3f86c
:10ed48002a321d4440f23913b5fbf3f50135504e14
:10ed58000027a06e15f024fee3691844e36d3040e7
:10ed6800c3f30803e06103eb402094f85230e065f8
:10ed78000df1020101a8fbb915f062fdddf8049060
:10ed8800d4f81c8009eb05033340a8eb03035a02af
:10ed980009d494f850305bb3637843f0040363708c
:10eda80002b0bde8f087013717f0ff07d1d0002186
:10edb800204616f0f3ffcce715f042fd019aa36d4b
:10edc800b4f854101a44bdf802300b449bb240f218
:10edd800e1418b4202ea0602019285bfa3f2e243b7
:10ede8000132adf80230adf8023088bf0192c5e7b4
:10edf80094f85230bdf80270012b08d1a36da8eb2e
:10ee08000308a9eb030908ea060809ea06091f4de1
:10ee180012f0d6fb2b68d3f814a216f031f9be080d
:10ee2800baf1000fb8d012f0cbfbdaf8007016f088
:10ee380027f9daf8080043785b0724d5c369434506
:10ee480021d1c36d08f10102c3f3080303eb422388
:10ee5800c261c365a2eb09022b6840f27121c2f3bb
:10ee680016024a4393f82e1203eb4103c6eb5202f3
:10ee7800b3f8261201f271239a4204d34064511a5e
:10ee8800383003f055f9ba46cae700bf88010020b8
:04ee9800ffff7f00f9
:020000040000fa
:020000040100f9
:10ee9c0070b55b4d2b68d3f808420646002c00f089
:10eeac008980d3f8383203b198472a6894f85030e7
:10eebc0002eb8303d3f8fc11a14204bf0021c3f879
:10eecc00fc11d2f80432a34204bf0023c2f804326e
:10eedc004ff4806194f8500016f084f904232370e9
:10eeec0026b1012231462046fef772fb2b68002228
:10eefc00c3f80822a36e13b1204617f05ffa2b68f3
:10ef0c00d3f8fc0108b9d3f80002c3f804020028b6
:10ef1c0051d00278022a4ed1fef76cffa378d907a4
:10ef2c0013d5b4f8013023f4817343f00203a4f831
:10ef3c00013020460df0baf9204616f0d1fd4ff005
:10ef4c00007194f8500016f04df9a26e002a4cd1c5
:10ef5c00637862f382036370a3789a0615d5a3785d
:10ef6c00e6686ff34513a3707eb920460df09ef949
:10ef7c00637866f300032046637016f09ffd4ff034
:10ef8c00807194f8500016f02df963786ff3c30379
:10ef9c006370a3691bb15a7842f020025a70a178b1
:10efac002046c1f3800108f00bfa2c6815f0daf852
:10efbc0084f83c0270bd93f8f83123b1002211465d
:10efcc00104618f0a3ff2b6893f8f931002ba5d04d
:10efdc0094f850004ff4805116f004f900231a46af
:10efec00194601200af014f998e7a3789b06b6d4c9
:10effc00204616f0e3f82046fdf70efcace700bf08
:04f00c008801002057
:020000040000fa
:020000040100f9
:10f010002de9f04716f090ff504b1a68013a1a603c
:10f020001b68002b40f093804d4b1b680bb90024ec
:10f030008ee000234b481d464b4c01264b4adff81f
:10f0400038a1dff830c1016800295dd0c368db68f2
:10f05000d3f828e0d9691f6a8f60196adf694f60a9
:10f0600003f11808def80410414504bf196acef810
:10f0700004109d62def800100139cef80010d3f8bc
:10f0800014e0d9689f68b9609f684f6003f1040875
:10f09000def80410414504bfd968cef804105d6164
:10f0a000def800100139cef80010d96ad4f80090cb
:10f0b00006fa01fe4eea090ec4f800e001eb8101f8
:10f0c00002eb810149689960d1f808e0c3f80ce0cf
:10f0d000cef80480c1f80880d3f82ce04fea8e0106
:10f0e00001eb0e0802eb8809c3f8149052f82810bf
:10f0f000013142f82810daf80010c96adf6a8f423d
:10f10000a1d9ccf800609ee70bb115f0f5fe184bc5
:10f110001c686cb1174e012501e0013c05d0fef7db
:10f12000b5f80028f9d03560f7e7114b00221a60d6
:10f13000104b1c6864b1104b1b68104b4ff0805291
:10f140001a60bff34f8fbff36f8f012400e00024dc
:10f1500017f0b4ff2046bde8f08700bfe03401207f
:10f16000d834012074330120e83401208c30012090
:10f17000f834012004350120cc34012004ed00e0f6
:020000040000fa
:020000040100f9
:10f180002de9f04fd0f87cb1d0f8e0a0d0f8746150
:10f190001bf1000389b018bf01234ff00009054699
:10f1a00001934f4695f89420ba4202d809b0bde8c1
:10f1b000f08ff4684d4822686ff3020222602268e3
:10f1c00095f8221061f3c40222602268042161f3e1
:10f1d000ca122260226861f3ce22226095f8942040
:10f1e000013a97426ad122686ff3de3222602268c8
:10f1f0006ff3df722260a2686ff30102a260a2685f
:10f2000042f00402a26002686168aaeb020292b2b4
:10f2100062f30f01616062686ff31f4262600395e1
:10f22000bbf1000f54d040f20112adf811200922b9
:10f230004ff000088df8102003a9524695f84700ba
:10f240008df81380adf8148006f0d8fd9af80120ef
:10f2500095f8351095f8220014f0c7fc0ffa87fed8
:10f26000c6e904a905eb8e01019bf46086f80880cd
:10f27000c6f8188086f81c8073774e660c67c1f854
:10f280007c8095f8942002f1ff3c674523d105eb83
:10f290004202a2f88680a2f88c80863081440fb9a1
:10f2a000c5f82491674508bfc5f820910137c1f81a
:10f2b00058900af1420a3668ffb273e7016804f118
:10f2c0001002521a216892b262f3de3121608ee799
:10f2d000adf811b0abe7054b1b6805eb4e021034df
:10f2e000e41aa2f88840a2f88e80d6e7a001002098
:020000040000fa
:020000040100f9
:10f2f0002de9f04705210546002016f042fdd5e92d
:10f300006c7395f8e2200446132a18bf1f460028a4
:10f3100000f08280182303737b7895f8426195f89a
:10f3200043911e403b7809ea03094ff00003a0f81f
:10f330000d300121284616f0f1fc002182462846b6
:10f3400016f0ecfc95f84311804695f8420115f053
:10f3500085fc20b93978787815f080fc70b316ea0e
:10f36000090605d0b24501d1b04501d06673a67338
:10f37000637bbb70a67bfe70637b1e434ed04ff059
:10f38000ff33e373237417f0bbff064600283fd01a
:10f390001823c37101234371bb1cc3600146284677
:10f3a00018f08afd2146284609f0e4fbb978284682
:10f3b0000bf0f2fca5f8600001202de006ea0a033c
:10f3c000dbb2002b18bf002619ea080f44d12eb17a
:10f3d000f0070cd4b1070dd5022309e0b9f1000ff5
:10f3e000c6d019f0010f09d00123a373c0e7012390
:10f3f0006373f6e77207f4d50423f9e719f0020ff7
:10f4000001d00223f1e719f0040fb1d00423ece797
:10f41000204618f0f3fc3046bde8f087e67326740a
:10f4200095f8f2309b0712d50121284616f076fc9c
:10f4300018f083f831468046284616f06ffc18f025
:10f440007cf8334602464146284614f0e3f913217e
:10f45000284615f02dfca5e7002e89d08146b7e798
:020000040000fa
:020000040100f9
:10f460002de9f0410468554b436023460027c4e969
:10f47000017743f80c7f0d4623618046164607f05e
:10f48000edfe2a46a782a77552f80c0f516804f1c9
:10f49000300303c39068d16803c310691860928a6f
:10f4a0009a8094f8373013b9012384f8373098f8ec
:10f4b0000830042b72d10023e375414a1188a4f867
:10f4c0004610d2f80210d2f80620e264002301228e
:10f4d000c4e91e33c4e93133c4e91423a36594f8a5
:10f4e0006c30a16423f03c0384f86c30ff23e38389
:10f4f000e37d84f82020002b54d194f86c3003f085
:10f500003f0384f86c3002236377b4f86c3023f443
:10f510008173002523f00103a4f86c302a4631469c
:10f520002046a4f8215065620ef01cf90623c4e9b8
:10f530002433c4f88850204608f074fb94f8b430a3
:10f54000a4f85c50bbbb84f8b630012384f8ba50f1
:10f55000a4f8b8301b4b1c4a1b88a4f86030a4f8f0
:10f560005e3094f86d301288a4f8622023f07003a6
:10f5700084f86d3094f84530144a62660020c3f375
:10f580004213c4e92b0084f82a300323c4f8cc00ca
:10f5900084f8280084f8aa30bde8f081052b8cd1ce
:10f5a000012389e7012baed194f86c3003f03f03bf
:10f5b00043f04003a5e784f8b650cbe7298100016a
:10f5c0004c010020b8350120ba3501201b0048014c
:020000040000fa
:020000040100f9
:10f5d000f0b58db0002304290546adf80c30adf828
:10f5e0000e308df809308df80a3040f297800539d9
:10f5f000013203a88fb204a9049217f06bfc04a98e
:10f600000df10e0017f066fc2846049e11f074fd03
:10f610000446002868d11221bdf80c0010f08afec3
:10f620000446002860d106aa05a9bdf80c0014f014
:10f6300067fc002876d0069b5b68d3e9011210783e
:10f6400018f076f8059a0346d27b2888102108f036
:10f650003dfa84b2002c47d1bdf80e301bb1059b9a
:10f660009b7bda0660d595f83b30072b5ed8059b6f
:10f670009b7bdb072ed52b88adf82430bdf80c30f2
:10f68000adf82630bdf80e30adf828301623adf8b1
:10f690002c300df10901059b07930df10a0207a813
:10f6a000adf82a70089605f041fc9df80a309df8e7
:10f6b0000b10044643b3072916d8063155f821002c
:10f6c00090b118f05efc9df80b300633002245f82f
:10f6d000232009e0bdf80c200df10b0128460ff0a6
:10f6e0002dfb04460028c6d09df8093053b9bdf85b
:10f6f0000c20ecb9bdf80e30009331463b4628464d
:10f700000ef098f90db0f0bd8b1d55f82330002b8d
:10f71000ead007aa28460df093f8e5e71e461f46f3
:10f720000424e1e70124dfe78024dde70924dbe7a7
:0cf73000e3b21621284609f055fbe3e780
:020000040000fa
:020000040100f9
:10f73c002de9f74f0223d0f8e0808df8043090f8d3
:10f74c00b030d0f8ec900090054606334146684640
:10f75c008df805300bf054fa2b4653f8282fc9f8c6
:10f76c0000209b88a9f80430b5f8b0202ab1d5f850
:10f77c00ac1009f1060017f0abf84ff0000ad5f801
:10f78c007471564695f89430b34202d803b0bde874
:10f79c00f08ffc68dff800b123686ff3020323607d
:10f7ac002368012262f3c40323602368042262f3fa
:10f7bc00ca132360236862f3ce23236095f8943038
:10f7cc00013b9e424ad123686ff3de3323602368ea
:10f7dc006ff3df732360bbf800306168a8eb0302a2
:10f7ec0092b262f30f0161606268a9eb03039bb2f2
:10f7fc0063f31f426260a3686ff30103a360a36805
:10f80c0043f00403a36098f8012095f8351095f89f
:10f81c00220014f0e4f90ffa86fcc7e9048a05eb20
:10f82c008c010023fc603b723b774f660c67cb6707
:10f83c0095f8942086308244501e864219d105ebef
:10f84c004202a2f88630a2f88c30feb1c5f820a195
:10f85c00c1f858a001363f68f6b293e7dbf80020f8
:10f86c0004f110039b1a22689bb263f3de32226010
:10f87c00ade705eb4c02dbf800c0a2f88e3010347b
:10f88c00a4eb0c04a2f88840002ee1d1c5f824a109
:0cf89c000028ddd1dae700bfa001002049
:020000040000fa
:020000040100f9
:10f8a8002de9f041052192b00446002016f065fad2
:10f8b8000646002800f09d80d4f84431d87d17f022
:10f8c800fdfc24233373d4f8443193f918200546fa
:10f8d800002a00f091800146204617f0bbf9d4f8c1
:10f8e8004421137ec7b23b445355d4f8443103eb4b
:10f8f80005080121404612f0e9ff88f80800d4f80d
:10f908004421535ddb1bd376d4f84421537fff2b6e
:10f918001cd153191b7a990718d092f91830002b6b
:10f92800535dccbf03f1ff3301335bb25355d4f8b9
:10f93800443103eb05080121404612f0c7ff88f85f
:10f948000800d4f84421535ddb1bd376d4f8443146
:10f958001a7cd2071ed541f22102adf80020002200
:10f968008df804208df808202188adf806106a1c4f
:10f978008df809205a578df80a205a196846127ac4
:10f98800c2f301028df80b205b5ddf1b8df80c7054
:10f9980013f0a4ff29462046d4f8447117f05af909
:10f9a8003877d4f844315a7fff2a1cbf00225a778f
:10f9b800d4f84421517f4b1edbb2fd2bb4f85c30e8
:10f9c8001cd81375b4f85c30d4f844210233a2f87b
:10f9d8001530d4f844311d4420462a7a9a76d4f852
:10f9e8004431d3f81a30c6f80d30314609f0bef864
:10f9f800012012b0bde8f081da76cbe7ff2903d108
:0cfa0800e17d09b90733e2e70133e0e7d4
:020000040000fa
:020000040100f9
:10fa14002de9f0430446c278c36da67a407c0d46b6
:10fa24008db05549002a5ad109688df8000001208b
:10fa340091f8009091f80580b1f801e0b3f82cc07a
:10fa4400b3f8e470d3f8e6108df8020002208df8c4
:10fa540009008df801608df803908df80480adf8ed
:10fa640005e0adf807c0adf80a70039108a803f5e6
:10fa7400e073995c1df80260714011540132102a40
:10fa8400f7d104aa08a9284606f0c4fee178231d8c
:10fa940004f10b02002951d118689b88adf8043099
:10faa4001368cdf8063093880090adf80a300391be
:10fab40004aa68461023117810f8016b013b7140c9
:10fac40013f0ff0302f8011bf5d1e26d02f5d872c1
:10fad40004a9284606f09efe0db0bde8f0830a682e
:10fae4008df80100012092f800e092f805c0b2f808
:10faf4000110d3f8e4709a8db3f8e8808df8020011
:10fb040002208df80900adf80e208df80060cdf8c4
:10fb14000370adf807808df80ae08df80bc0adf8de
:10fb24000c10002208a803f5c073995c1df802604c
:10fb3400714011540132102af7d1a2e7106892885b
:10fb4400adf804201a689b88adf80a300023cdf87c
:10fb540006200393009004a96b461022087813f83a
:10fb6400016b013a704012f0ff0201f8010bf5d16c
:0cfb7400e26d02f5b872abe798010020ca
:020000040000fa
:020000040100f9
:10fb80002de9f3410023027e04461d4622fa03f1cb
:10fb9000c90748bf013503f1010348bfedb2032b8c
:10fba000f4d194f8473013f0fd0f4cd1042005f048
:10fbb0008fff05eb4505c4f8e000edb24a2005f0e3
:10fbc00087ffc4f8ec00422005f082ffc4f8dc0097
:10fbd000ff2005f07dffc4f8d8002db24fea0518cc
:10fbe00008f1040005f074ff82b20646002a46d1ef
:10fbf0003c4b0093fe210123ec2004f027fa371d33
:10fc0000680118f0bcf994f84730032b054638d149
:10fc10003eb1d4f8e03023b1d4f8ec300bb1002879
:10fc20004fd1304613f0c2fdd4f8e00013f0befd12
:10fc3000d4f8ec0013f0bafd284618f0a2f907201a
:10fc400002b0bde8f081012b01d0042b08d10220c5
:10fc500005f03eff6d00c4f8e000edb20c20aee709
:10fc6000032b0ad1022005f033ffc4f8e000252061
:10fc700005f02effc4f8ec00afe70025ade707461e
:10fc8000bee766b1d4f8e0304bb1d4f8ec3033b114
:10fc9000d4f8dc301bb1d4f8d83003b188b9304681
:10fca00013f084fdd4f8e00013f080fdd4f8ec00ec
:10fcb00013f07cfdd4f8dc0013f078fdd4f8d80004
:10fcc000b8e7c4f8a060b844474501d10020b7e7c1
:10fcd000ef60294604f5ba7017f059fe1037203549
:08fce000f2e700bf977d02016d
:020000040000fa
:020000040100f9
:10fce8002de9f04385b00446884601921d46002759
:10fcf800534e46e0a66b2a46414620460cf004fccb
:10fd0800a36ca3b1022d00f0968020460ef0e6ff0a
:10fd180038b14b4b4ff080521a60bff34f8fbff38f
:10fd28006f8f17f0c7f9012005b0bde8f083636a4b
:10fd380053b90028f5d0424b4ff080521a60bff3f8
:10fd48004f8fbff36f8fece704f1240005f0c4f97f
:10fd58000028e6d03a4b4ff080521a60bff34f8f1d
:10fd6800bff36f8fdde717f0a5f90020dce702a8e5
:10fd780016f0e0fe12e0204609f0befffff744f956
:10fd8800012716f0d5f8a26be36b9a42b2d3022d85
:10fd980047d0019b002be6d0002fe8d017f08af956
:10fda80017f052fc16f0c4f894f844305bb2b3f183
:10fdb800ff3f04bf002384f8443094f845305bb219
:10fdc800b3f1ff3f04bf002384f8453017f072f900
:10fdd80001a902a80bf0e6fce0b916f0a9f8d4f8de
:10fde8003890e76b17f066f9b945c4d1019904f169
:10fdf800100016f077fb204609f07efffff704f9a4
:10fe08000028bdd14ff080533360bff34f8fbff34d
:10fe18006f8fb5e7204609f06ffffff7f5f8002070
:10fe280082e7a66b0222414620460cf06dfba36ccc
:10fe3800002b3ff47caf002e7ff473af65e700bf63
:04fe480004ed00e0e5
:020000040000fa
:020000040100f9
:10fe4c002de9f04f97b015f02bfd504bdff850918a
:10fe5c001a886ff3820283461a8000270beb070384
:10fe6c0023f0704303934a4b1d7859f825404ff00b
:10fe7c000208484b03ebc5030593002694b949f8d7
:10fe8c0025400024a6426dd8b8f1010f76d0404b26
:10fe9c001d7885f001054ff0010859f82540e8e779
:10feac004746dbe7039a6368d31a1a01e7d494f840
:10febc0014a0baf1000f2ad104200df049fb60b157
:10fecc00227a6af345122272a26842600279e168d2
:10fedc008160530718d114f09df816f0d3fb2d4b0d
:10feec00049053f83520d4f800a0eab92a4b0093bb
:10fefc0011460523ef2004f0a3f8049815f0befc7e
:10ff0c00002323755446b9e715f07cf8e5e71af0a1
:10ff1c00020fe2d02369636016aa731c02eb8606fb
:10ff2c0046f8404c9eb2d8e7944210d143f835a025
:10ff3c00baf1000fe1d1059a03ebc5035a60dce777
:10ff4c001a4623b9154b009301210523d2e71368f8
:10ff5c009c42f5d123681360002bced10d4b03ebe3
:10ff6c00c503ebe716ab03eb84030022039953f8ac
:10ff7c00400c013407f0b4f8e4b283e7002f8fd0c3
:10ff8c00584617b0bde8f04f0af0a0b8203e01412a
:10ff9c00c7350120e8330120531102016b11020116
:04ffac006c34012090
:020000040000fa
:020000040100f9
:10ffb00084b02de9f84308ac84e80f00002015f068
:10ffc0002dfc8146012015f029fc0746022015f082
:10ffd00025fc4b4b1d682e7f8046002e5dd1494c81
:10ffe000b4f8ac3043f04003a4f8ac30202205f163
:10fff0001d0104f5a06016f071fc2022424904f5b1
:020000040101f8
:10000000a46016f06bfc2022404904f5a86016f0ad
:1000100065fcb4f8a43066f34103a4f8a430b4f846
:10002000a43066f30413a4f8a430b4f8a43043f069
:100030008003a4f8a430b4f8a43066f30003a4f855
:10004000a430b4f8a43043f00203a4f8a4304ff66f
:10005000ff71002014f014f84ff6ff71012014f026
:100060000ff84ff6ff71022014f00af849460020fd
:1000700015f0e6fb3946012015f0e2fb414602206f
:1000800015f0defb47f40051012089b215f0d8fbd2
:10009000bde8f843002004b07047012ed7d1194cb9
:1000a000b4f8ac3043f04003a4f8ac302022a96986
:1000b00004f5a06016f012fc2022696904f5a46022
:1000c00016f00cfc69692022114404f5a86016f0b2
:1000d00005fcb4f8a4306ff34103a4f8a430b4f8dd
:1000e000a4306ff30413a4f8a430b4f8a43043f0a0
:1000f0008003a4f8a430b4f8a4306ff300039ee7a3
:100100000001002000240141e88601010887010167
:020000040000fa
:020000040101f8
:10011000f8b53b4e3b4d3c4f00243046002117f0d4
:1001200032ff214639482c7017f02dff2978384bc3
:100130003848dff818c1dff818e103eb011210604e
:100140003548506035489060c2f80cc04a1cd2b2a5
:1001500003eb021232485060324890603248d0605f
:1001600017608a1cd2b203eb0212c2f800e0dff87b
:10017000e4e0c2f804e0dff8e0e0c2f808e0dff80d
:10018000dce0c2f80ce0ca1cd2b203eb0212dff8ca
:10019000d0e0c2f804e0dff8cce01760c2e902e08a
:1001a0000a1ddff8c4e0d2b203eb0212c2e900e696
:1001b0001e4ec2e9026c4a1dd2b203eb02121c4e63
:1001c00056601c4e1760c2e902608a1dd2b203eb72
:1001d0000212194810601948506019489060194877
:1001e000d06007311848c9b201222970c0e9004324
:1001f00084608281c1810474bde8f84011f0f6b8d2
:1002000032320120bf350120f67f020196340120f1
:100210002c2e0120f87f0201ea7f0201ec7f02010f
:10022000357f02017e4e020105000001e6bf01019b
:10023000283801200e3e02018aec0101cf35012051
:10024000e2c6010101000001b033012002000001fb
:1002500006f20101a4320120b035012020001b115b
:0c026000307f0201ce3302014ad10101bf
:020000040000fa
:020000040101f8
:10026c002de9f0430d4697b080461746fcf7ecf9a4
:10027c0095f84a9095f84b40019519eb040318bf7b
:10028c0040f20113adf8093009238df8083006aaa5
:10029c00002301a940468df80b30adf80c30fbf76c
:1002ac0027fd9df80c209df8183098f8041098f84c
:1002bc000200c3f3050301321a44d2b213f08ffccf
:1002cc0098f80130863000fb03f6b9f1000f33d0fb
:1002dc00012301958df80a3094b38df8093095f807
:1002ec004d308df80c3095f8f93073bb95f8fc3027
:1002fc008df80b3000238df80d3006aa0a2301a9c6
:10030c0040468df80830fbf7f3fc9df80c209df867
:10031c00183098f8051095f82400c3f30503013242
:10032c001a44d2b213f05bfc06f5e8769df80c305b
:10033c00ff1a0644bfb254b9304617b0bde8f0837b
:10034c008df809408df80c70cde70123d0e7013c06
:10035c0014f0ff044ff000038df80a301fbf012387
:10036c008df8093095f850308df80c304ff00003b3
:10037c008df80b308df80d3006aa4ff00d0301a946
:10038c00404604bf8df809408df80c708df808308c
:10039c000195fbf7adfc9df80c209df8183098f8f2
:1003ac00051095f82400c3f3050301321a44d2b2a8
:0c03bc0013f015fc00f5e870b8e700bf76
:020000040000fa
:020000040101f8
:1003c80005292de9f74f81460d464ff000070ed05d
:1003d800adf800704ff0010a3e460424e3b25246dd
:1003e8000421484608f0fafc002e7fd07be0013259
:1003f80001a96846019216f069fd01a90df10200f4
:1004080016f064fd4846bdf800a010f071fe0446e1
:10041800002878d1bdf80030002b76d0bdf8022036
:100428009a4272d3b9f8040017f06cfd064608b971
:100438001124d3e706f11003294601a8019317f008
:10044800abfb4ff00108334bbdf80050bdf802007c
:100458001b681b68002b3dd09a89aa4202d990429a
:10046800f7d31546d989a942f3d35b68aa1a03ebd7
:10047800021b7db3b8f1010f9bf80e3039d103f0a0
:100488000403002b14bf02270127394601a814bf13
:100498001224042417f080fb4ff00208294601a813
:1004a80017f080fba21e92b2dbf8001001a8a0444e
:1004b80016f0e6fe1ffa88f8b9f8043008eb0402d3
:1004c8009a4207dc0135bdf80230adb2ab42adf857
:1004d8000050b8d2b8f1010f1ad03246414648460a
:1004e80015f08cff10b1304617f035fd03b0bde8ac
:1004f800f08f5b0703d5012fefd00227cee7022f3d
:10050800ebd00127cae73e4668e70646012465e7bf
:080518000a2463e7a80000209b
:020000040000fa
:020000040101f8
:100520002de9f04184b0044601914ff000084646a1
:1005300045464f4f43e0013ba36323684bb123691a
:100540005bb916f0bbfd4ff00108404604b0bde8b2
:10055000f08116f0bdfda060f1e704f1100004f099
:10056000bffd0028edd0424b4ff080521a60bff320
:100570004f8fbff36f8fe4e716f0a0fd4ff0000838
:10058000e3e702a816f0dafa23e015f0d5fca0683c
:1005900006f07ef8804616f091fd40e0204609f016
:1005a000affbfef735fd09e0204609f0a9fbfef799
:1005b0002ffd204616f057fc002844d1012615f0e7
:1005c000bbfca36b002bb6d1019b002bd4d0002e1b
:1005d000d7d016f073fd17f03bf815f0adfc94f88a
:1005e00044305bb2b3f1ff3f08bf84f8445094f845
:1005f00045305bb2b3f1ff3f08bf84f8455016f0b9
:100600005dfd01a902a80bf0d1f80028ccd120464d
:1006100016f029fc0028c1d02368002bb5d0019921
:1006200004f1240015f062ff204609f069fbfef793
:10063000effc0028c2d14ff080533b60bff34f8fd7
:10064000bff36f8fbae7b8f1000f3ff47eaf15f03c
:1006500073fc616a19b1236b1968c1f10501a068c7
:1006600008f050f916f02afd4ff000086de700bfc2
:0406700004ed00e0b5
:020000040000fa
:020000040101f8
:100674002de9f34180460c200f4615461e4617f01f
:100684007cfc0446002800f09380a0f8008087706a
:100694008580284617f071fca060002800f0858052
:1006a400a288314616f018f9a388b3f5297f16d825
:1006b400a278022a4ed1012b11d920883e4f14f082
:1006c4007dfc0828054615d13b6800250c331a78b3
:1006d40092b10135edb2082d03f10c03f7d1a068f6
:1006e40017f04dfc17f057fc204602b0bde8f0416e
:1006f40017f045bc13f062fca3683a6818880c2311
:1007040003fb05f6043080b202eb060803f57e73a2
:100714009842a8f81200e2d817f02ffc3b68c8f8fa
:10072400140033445a69002ad9d02288da8100227d
:100734001a82dff88480a288d8f800600c276f43ff
:100744003e44308a738a811899420add284613f0a0
:1007540035fcc4e7208814f031fc08280546e8d1ac
:10076400bde77369a168184416f0b6f8a288338a05
:100774001344728a9bb29342338213d1218800229c
:1007840001927069009001f5005189b240f20310a2
:1007940014f042f8d8f8003020881f449b68796927
:1007a4009847d3e70123337399e717f0f2fb9be7ec
:0c07b40002b0bde8f08100bf103501204c
:020000040000fa
:020000040101f8
:1007c000f0b5144687b0054618b90025284607b08d
:1007d000f0bd0029f9d0002af7d05268002af4d0e1
:1007e0002268002af1d0404adff81cc111603f4f57
:1007f0003f49404e404893b9404a8cf80030d2f807
:1008000000e0c1f800e00323b2f804e09279a1f817
:1008100004e08a713b70f82333700e231fe05a788e
:10082000d2074bbf1a46354a52f802efd2f800e021
:10083000c1f800e0b2f804e0a1f804e092798a710e
:10084000597811f0020218bf93f909208cf80020a2
:100850001a783a704f07ded59a7adb7a32700370d5
:10086000274b0e221a700ff005fa224603ab52f8fe
:10087000080f516803c390681860d4e90023590732
:1008800005d0d91d21f007011a44521a0b46cde9b3
:10089000012314f0e5fbdde901010ef02ffe2846ef
:1008a00004f08cf9054600288fd0164b4ff00072eb
:1008b000c3f88420bff34f8fbff36f8fa02183f85d
:1008c0003913c3f884215a6004f0e6f912f01cfbd6
:1008d00001a80ef039ff237bdb073ff577af11f05e
:1008e00035fb054672e700bfc0000020d4000020a1
:1008f000cc000020d5000020d3000020e07e0201c3
:0c090000c400002000e100e0c500002061
:020000040000fa
:020000040101f8
:10090c002de9f74f4578436807780193012db0f82e
:10091c000280846843d0002d48d0022d46d1e36b71
:10092c004ff0010b03f1240603f1340907f0fd022b
:10093c00012a52d1294620460bf004fc032f4ed03d
:10094c00012f08bf3773102017f013fb8246404667
:10095c0017f00ffb4246caf808008af80c80019980
:10096c0015f0b6ff0022caf80020d9f80420caf806
:10097c000420022fc2f800a0c9f804a02fd13773ad
:10098c00cdb994f8fe30d80702d5012384f8fd3098
:10099c002946204603b0bde8f04f08f054bb04f1e3
:1009ac00b80604f1d0094ff0000bbfe704f1a8061c
:1009bc0004f1c809f7e7012dead194f8fe30990744
:1009cc0048bf84f8fd50e3e7012d16d194f8fe20c2
:1009dc00930748bf84f8fd500fe0022fb3d9fa1edd
:1009ec00012a30d8032f08d1002dedd194f8fe2028
:1009fc00d20702d5012284f8fd2004eb0b0292f8f9
:100a0c00f82022b15a46012120460ef075fb032f27
:100a1c0013d1706818b112f0c3fe00237360b8f1e3
:100a2c00000f03d0404617f0a4fa7060a6f80880b7
:100a3c0042460199706815f04bff304603b0bde893
:0c0a4c00f04f15f08ebc03b0bde8f08f39
:020000040000fa
:020000040101f8
:100a58002de9f04f90f8199090f810a085b0044651
:100a6800884600f1280500f1410700f11b06b9f19d
:100a7800030f45d8dfe809f0020a161629460020b8
:100a880015f0d6fa002384f8343039e0baf1f00fc3
:100a980003d1284616f01cfc28e03b688362bb881b
:100aa800ab8023e09df80830827e62f300038df866
:100ab80008303368cdf8093002a8b388adf80d3096
:100ac8000ef0e6fe834698b10df1070102a80ff07b
:100ad80035fa94f8fd3023b19df80710012000f095
:100ae8001bfc29469df8070015f072fb0123cae795
:100af800b9f1020f41d1294615f09afa84f834b0b9
:100b080094f8383013b1ff2384f834309df8083056
:100b1800a27e657e62f300038df808303368cdf855
:100b280009304ff00009b3888df8079002a8023dfc
:100b3800adf80d3009f09efb012d04f12e0722d8e7
:100b480008b30df1070102a80ff0f8f99df8071096
:100b5800484600f0e1fb394602a811f099fe00234f
:100b680084f8fd300b4b196801eb88014b6a0bb117
:100b78002046984705b0bde8f08fbaf1f00f88d04d
:100b88003b68a3628be73368c4f82e30b388bb8018
:080b9800e5e700bf583501201c
:020000040000fa
:020000040101f8
:100ba0002de9ff410546502017f0e9f904461020d1
:100bb00017f0e5f9064604b150b9484b00930022fe
:100bc0000423c121ee2003f041fa04b0bde8f08116
:100bd000ea6d02f5c07204f11000136823605368d7
:100be00063609368a360d368e360eb7804f1300737
:100bf00005f11208002b68d1e96d2022eb3115f0c8
:100c00006dfe20224146384615f068fee86d3346f9
:100c10005022214600f5e070fbf754fa314603a854
:100c200016f004f803992e4ab1fbf2f302fb1313fa
:100c30000393eb6d102283f86f20eb6d32681a6717
:100c4000204617f09ef9304617f09bf90c20039cc4
:100c500017f095f901460028b7d0224ab4fbf2f309
:100c600003f13000887102fb13434ff47a7042f2b3
:100c70001072b3fbf2f33033cb71b4fbf2f302fb2f
:100c80001343b4fbf0f2b3fbf0f300fb124230333a
:100c90006420b2fbf0f230320b724a72b4fbf0f314
:100ca0000a2200fb1343b3fbf2f330338b72b4fb25
:100cb000f2f302fb134430340223cc720b702b8806
:100cc0008b800c2017f0a4f87fe72022414615f016
:100cd00005fee96d2022eb3195e700bf507302015c
:080ce00040420f00a086010054
:020000040000fa
:020000040101f8
:100ce80030b597b00c6808281fd8dfe800f0053742
:100cf8003b404459829094001578029523880193cb
:100d0800474b0093022201235e21ec2003f09af95d
:100d1800022d0dd11621204615f01ef8002384f867
:100d2800e2300021204613f0feff002017b030bd4e
:100d3800272df6d1e36f5a0706d523f00403e3679e
:100d48000021204610f05bfe94f8e230082b0cbf1f
:100d580000210121204605f095ffe2e7204611f029
:100d68002cfee2e72221204614f0f6ffdde72046bc
:100d780015f0c2fcd9e7204616f000f948b1122157
:100d8800204615f00efb0028cfd0042384f8e2306b
:100d9800cbe794f86e3043f0020384f86e30c4e772
:100da800d4f8443194f85c10187d8842bdd092f98b
:100db80000201a760021204612f076fdd4f844313e
:100dc800012101fa00f0d875204612f06dfd0146a8
:100dd8002046d4f8445115f03dff6876b4f85c30ed
:100de800d4f844210133a2f81530204616f0a5f8ae
:100df8009be74ff48153adf810302388adf81430d9
:100e080004a81388adf8163012f068fd8de7204667
:100e180004f022fd89e7204613f046f985e700bf74
:040e28005753020119
:020000040000fa
:020000040101f8
:100e2c002de9f0418ab0174602294ff00002064620
:100e3c000d468df804208df8052020d9013302a928
:100e4c000df10600029316f03ff83046ddf80880ed
:100e5c0010f04cf9044630b93946bdf806000ff0d5
:100e6c0063fa0446c0b1122f06d19df804301bb9a9
:100e7c0054b930460ff092fc0ab0bde8f081122f45
:100e8c00adf80620f8d10424e3b2bdf806201221f7
:100e9c00304607f0a1ffefe704aa03a9bdf806004e
:100eac0013f028f8002859d0049b5b68d3e9011291
:100ebc00107816f037fc039a0346d27b3088102149
:100ecc0006f0fefd84b2002ccdd1039a937b92895f
:100edc00033d13f0080fadb232d1aa4232d103f068
:100eec002103202b30d03388adf81c30bdf80630f0
:100efc00adf81e300023adf820308df825300df103
:100f0c000502039b059301a905a8adf822508df8a5
:100f1c002470cdf8188004f003f8039b9a7bd1075a
:100f2c000446a0d400289ed12a465868414615f0a4
:100f3c00cffc039b9a7b120795d59b681d8092e78b
:100f4c00aa42ccd20d248ee7bdf80620414630468d
:100f5c0005f0fafb0446002885d1c4e7012482e79a
:020000040000fa
:020000040101f8
:100f6c000378012b00d0704770b594b04468237897
:100f7c00002b62d1a3780bb114b070bd444b1e682a
:100f8c0033684bb1321d01231d4652f8041b21b1ad
:100f9c000133082bf8d1efe70025202016f041ff94
:100fac0046f825003a4b1e6856f825000028e3d079
:100fbc002022002116f00cfa56f82550002ddbd01b
:100fcc00a3882b80a379ab70281d234653f8072fd9
:100fdc006a609a889b79828083710123eb7006f09a
:100fec0071fea877082809d1a388adf80630012333
:100ffc008df8043001a80ff0d3fcbde74c22002182
:10100c0001a816f0e5f901a9a87f03f0c5fa00289c
:10101c00ead19df84c10c1f300029df8003062f348
:10102c004103c1f3400262f300038df800306a46bd
:10103c008908288810f037f8d6e7012b9cd10023bb
:10104c008df804306388adf8063060880ff084fcae
:10105c0060b1827f8df8082010f052fd0d4b1b788b
:10106c00002b89d000240c4e0a4d09e008238df882
:10107c000830f3e701342a78e3b29a427ff67caf6a
:10108c00e3b256f82330002bf4d001a89847f1e7cf
:0c109c00a034012000000020040000200f
:020000040000fa
:020000040101f8
:1010a8002de9f04f092989b007460d4601d01729c7
:1010b80027d1013205a904a8059215f007ff05a953
:1010c8000df1120015f002ff03a8022205a916f07f
:1010d800cdf83846ddf81490bdf8108010f008f807
:1010e800002874d1bdf81030002b72d0bdf8122042
:1010f8009a426ed3b88816f005ff044680b91120cd
:1011080005e00024adf810404ff001080420c3b2f8
:1011180042460621384607f061fe002c54d050e0c4
:1011280004f11003072105a8059316f035fd073dc6
:10113800adb20126dff8a0b00df11c0a06ab009392
:10114800cdf804a003ab0222bdf81210bdf81000c0
:1011580008f032ff58b30222594603a815f0acfb39
:101168000028ebd1069b9a681288aa4211d12a4618
:101178004946586815f0a0fb58b9079b05a89989f6
:1011880016f010fd079b05a8d98916f00bfd04364b
:10119800b6b2ba88331d934209d8079bbdf812200e
:1011a800db8901339bb29a42adf81030c2d2012ece
:1011b80001d10a20abe722463146384615f01ef920
:1011c80010b1204616f0c7fe09b0bde8f08f002424
:0c11d8009de7044601209ae7f87f020121
:020000040000fa
:020000040101f8
:1011e40070b586b005460e4614f004fb782016f060
:1011f400c4fe0446002800f087807822002116f0ff
:10120400ebf82822294604f1500015f065fb206e06
:10121400646115f06ffb02460b46f9f7cdf9002225
:101224003a4bf9f749ff41ec100b04f0b7fc51ecd1
:10123400100b14f0c5fc2062606e15f05bfb0246d7
:101244000b46f9f7b9f90022304bf9f735ff41ecb9
:10125400100b04f0a3fc51ec100b14f0b1fce36d83
:10126400a56e60625b0a0035e36118bf012514f0c6
:10127400f1fe94f85030cde90350002b3ad194f8a4
:101284005130cde90143224b009302231a467e21bb
:10129400ec2002f0d9fe94f85030012b09d17820cb
:1012a40016f06bfe054620b17822002116f094f862
:1012b4002561637843f008036370236c03f0f8033b
:1012c40043f4802323640023c4e902336364236f5b
:1012d4001b7a042b03d04bb994f8503033b90d4b1f
:1012e4001a6892f83032013382f8303234600020c8
:1012f40006b070bd94f85130cde90143064b00931c
:1013040002231a467f21c3e70720f1e700888340c0
:0c13140010bb0101880100204ebb01014c
:020000040000fa
:020000040101f8
:101320002de9f347464f82460d46c92601f00708ce
:1013300080f00109032101a80cf044f99df8063062
:10134000404c03f07f0343f040038df806303b68c8
:101350009a00fcd43c4b1a8842f040021a801a884a
:1013600042f020021a80baf1000f02d0284601f0a4
:1013700091f8d4f8683f9df8041068f31243c4f85c
:10138000683fb4f86c3f69f30003a4f86c3f2f4b3f
:101390001a6861f307021a601a689df8051061f374
:1013a0000f221a601a689df8061061f317421a603e
:1013b000d4f8683f43f48003c4f8683fd4f8683f2a
:1013c0005b02fbd43b6813f0807f214b1b6814bf8a
:1013d0001f200020013e13f0020f18bf1f2016f03f
:1013e000ff0601d01f28a5d0baf1000f24d0194b59
:1013f0001968d4f8a43f062202fb051181f8433195
:10140000d4f8a43fc3f3072381f84431d4f8a43fb0
:10141000c3f3074381f84531d4f8a43fc3f307630e
:1014200081f84631d4f8a83f81f84731d4f8a83f75
:10143000c3f3072381f8483102b0bde8f08700bf4d
:101440003034014100240141c434014110340141d0
:081450008c340141a4010020cd
:020000040000fa
:020000040101f8
:1014580070b5431e13f10a0f71d800f1080414f097
:10146800070305d0c3f10803da43a24267d31c443b
:1014780016f0eaf83c4b1b68002b67d0002c1cdbed
:1014880014b33a4b1e68a64221d339490b6823e0ae
:10149800384b37480260002141601344083b23f071
:1014a80007033148036059601960991a5160136045
:1014b800314b19602d4b1960e0e7fdf7a5fd16f0db
:1014c80002f80025284670bdfdf79efdf7e7fdf7f9
:1014d8009bfdf4e7194613465a68a24202d21a68dd
:1014e800002af7d1204a12689a4225d00d6808359b
:1014f8001a680a605868001b102805d91a19506024
:101508005c60086818510a605968761a17480660be
:101518001948006886423cbf1748066041f0004100
:10152800596000221a60154a136801331360fdf7e9
:101538006bfd002dc6d1c2e7fdf766fdbfe716f0cb
:1015480083f8094b1b68002bbed100240c4a12f00b
:10155800070f9dd0d11d21f0070102f594332433e4
:101568005b1a0a4695e700bfb8340120bc34012055
:101578003434012024280100c0340120c43401205f
:04158800f40100204a
:020000040000fa
:020000040101f8
:10158c0070b5044688b0008814f0cefa002800f03c
:10159c0087800568d5f84461002e00f08380d6f86a
:1015ac00223023b9092004f08dfac6f82200d5f8b0
:1015bc004431d3f82220002a76d0a378ff2b69d0af
:1015cc00e1780b441370d5f84431e178d3f822203c
:1015dc00a3785b1a5370d5f844316179d3f8222083
:1015ec0023790b449370d5f844316179d3f82220d8
:1015fc0023795b1ad370d5f84431e288d3f82230c2
:10160c009a80d5f84431d3f82220137a43f00103a1
:10161c001372d5f84431d3f8222000239371d3717f
:10162c00d5f84421d2f822100a7a42f020020a722c
:10163c00d5f84421d2f822100a7a42f006020a7236
:10164c00d5f84421d2f822100a7a42f018020a7214
:10165c001d46e38806936379059323790493e37815
:10166c000393a378029323880193104b00930222d7
:10167c0001235521ec2002f0e3fc45b10c4b009307
:10168c00019501230022fd21ec2002f0d9fc284613
:10169c0008b070bd1370d5f84421d2f8222099e718
:1016ac000225d6e71a25d4e70725d2e7d4e00101b5
:0416bc0026460201bb
:020000040000fa
:020000040101f8
:1016c00070b5c0b294b0154620b1012811d00020e9
:1016d00014b070bd434c15f059f823685b6c984703
:1016e00010b123681b6e98470021032009f0e0fe2b
:1016f000ede73d4c23681b7f01933c4b0093022395
:101700001a46ec20772102f0a1fc2368986c20b1e6
:1017100006f024fe236800229a642368186c20b126
:101720000ff0f0fb236800221a642e4a1368002190
:10173000197026682d78337f3db3012b14d141f207
:101740000903adf808308df80c502022ff210df16f
:101750000d0015f043fe3a2d33d1337f012b2cd1f0
:10176000706912f023f828e041f208032022ff21db
:101770000df10d00adf808308df80c5015f02efe6f
:101780002022ff210df12d00e3e7f3b912680121ba
:10179000517025688df80c3041f20802adf8082030
:1017a000296920220df10d0015f098f829692022f1
:1017b00011440df12d0015f091f82368186911f00e
:1017c000f5ff02a812f08ef881e741f2090320220a
:1017d0003169adf808300df10d008df80c5015f0a1
:1017e0007df8bde7fc00002000010020b07e020172
:020000040000fa
:020000040101f8
:1017f000f0b540f2ff7681ea030c16ea115e1ebfd7
:10180000b64516ea1355b54252d021ea465141f485
:101810008011a1fb024723ea465343f48013ae44f0
:10182000a0fb03650cf0004c36197d41a1fb03477a
:1018300047f10003a0fb0217f619654153f10003bd
:10184000094218bf46f0010640f2fe74b3f5007f6e
:1018500013d2aef5806ea64523d24cea033128039d
:1018600041ea155140ea16503203450872f1004230
:1018700050f1000051eb0e51f0bdaef2ff3ea64517
:101880000fd24ceac321e80241ea555140ea5650d2
:10189000f202450872f1004250f1000051eb0e5186
:1018a000f0bd1eea0e0f2dd50cf000410020f0bd5a
:1018b00016ea115f04bf01f000410020004218bf8a
:1018c00041f0010116ea135f04bf03f00043002258
:1018d000124218bf43f0010306ea1354b44218bf82
:1018e000b64503d00cf000410020f0bd21f00041ce
:1018f00023f00043b1eb065f0cd8b3eb065f09d8c9
:1019000041b13bb10cf0004141f0fe4141f47001a6
:101910000020f0bd40f20001c7f6f8710020f0bdd4
:020000040000fa
:020000040101f8
:1019200038b590f8e23003f0fd03012b04460d4674
:101930000ad1082004f0ccf82a46c4f8b00152f8c5
:10194000013f0360536843603e4b69781b681a7817
:101950000a4084f8ed20a9785a780a4084f8ee20ed
:10196000e9789a780a4084f8ef20da7829790a40f1
:1019700084f8f0206a791b79d4f844511340e26f5f
:1019800084f8f13042f00802e267002d3cd113f0f8
:10199000060f39d0262004f09bf8c4f8440198b310
:1019a0004ff07e330360d4f844215360d4f84431bf
:1019b0004ff002329a60d4f84431dd60d4f84431fb
:1019c0001d74e27dd4f84431002a37d107215975be
:1019d0009a75d4f84421002313751b4ad4f8441196
:1019e00050794874d4f8441190798874d4f844112b
:1019f000d279ca74d4f8442182f8223082f8233094
:101a000082f8243082f8253094f8ee301b075cbf52
:101a100040f64803a4f85631e37d73b9d4f8f030aa
:101a200003f48413b3f5004f01bf94f8f23023f0b0
:101a3000500343f0500384f8f23038bd5d759d7556
:0c1a4000c7e700bf00010020aa01002041
:020000040000fa
:020000040101f8
:101a4c002de9f043b9b00e4618af402204460021f0
:101a5c00384615f0bdfc96f9012000235200934244
:101a6c006fdb96f90040e5b26a00002352b21846cb
:101a7c0059b28a426ddc002860d006f10409224676
:101a8c003946484613f020fd01286dd107eb0408b8
:101a9c0022464146484613f017fd012864d12346df
:101aac00424628a803f03eff28a96846f9f7daf861
:101abc002022002110a815f08bfc96f9008003233e
:101acc003a4608ac8df840303946434628a803f016
:101adc0029ff28a92046f9f7c5f8434610aa214644
:101aec00204612f047fd18b14a46204613f043f940
:101afc0016f9843b3a46214628a803f013ff28a97f
:101b0c002046f9f7aff8434632462146204613f0fb
:101b1c0032f928b94246484613f0d6fc012805d0c4
:101b2c0043464a462146204612f024fd6b1e5bb20a
:101b3c0000201a0611d5b0fa80f0400939b0bde882
:101b4c00f08338a91944e05c01f8800c0133dbb256
:101b5c0085e7f95c013308438ae71df80320e15c53
:0c1b6c004a401043013be4e70020e7e79b
:020000040000fa
:020000040101f8
:101b7800f7b5c568008912f06bff0446002800f02d
:101b88008780c66d002e00f08380ab882868adf88a
:101b9800043000906b4606251a78013d303a15f05e
:101ba800ff0503f8012bf7d19df801209df80030bf
:101bb8009df803109df8047042f210705043354aa6
:101bc80002fb03039df805201344642212fb013233
:101bd8009df802304ff47a7101fb03230a2101fbbf
:101be800073106f16f0016f0ccf9e26dc2f87350b8
:101bf800c2f87750c2f87b50e36d01229a7094f8ce
:101c08005730e16d83b391f8713091f870201b045f
:101c180043ea022391f86f2013438b62e36d83f844
:101c28002650e36d93f82620996ad14001f001010e
:101c380041f08001204603f0d5fce378e16d3bb923
:101c480001f5d871204603b0bde8f0400cf014b996
:101c5800cb7813b9002003b0f0bdcd70e36d9d7053
:101c6800e16d01f5b871ede7e3782bb96f312046e6
:101c7800fdf7ccfee16de3e7cb78002bead0cd7021
:101c8800e36d9d70e16d20466f31fdf7bffee7e71c
:081c98000120e0e7a086010035
:020000040000fa
:020000040101f8
:101ca0002de9f341089d04461f4609b1002a35d0ad
:101cb000e06ec8b93b68ab4213d17b68216a5b1bfd
:101cc0009ab291420dd8e561b2f5487f4fea4525b9
:101cd000e565636a01d1a36202e09342fbd3a2628d
:101ce000012002b0bde8f081d1b10025bc46ff2142
:101cf0002b464ff6ff7e93420ed0dce90006361ae3
:101d0000206a06ea0e08404555d8a0784007c6f379
:101d1000160647d5f5b21946ff2905d10020e0e7a0
:101d2000d7e90035ed1aedb2637813f0040f0eb267
:101d30002ad194f85020012a42d1626a95423fd9b3
:101d40001b073dd402210df106000bf03bfc636a3a
:101d5000bdf80620c3f101032b44b2fbf3f503fbee
:101d6000152557f8363053fa85f5c5f31605e561a4
:101d7000e3695a02e26594f85220012a01bfa26d7c
:101d80009b18c3f31603e36107ebc603e2695b68c4
:101d90009b1a9ab2b2f5487f626aa0d09bb29a426f
:101da0009dd398e794f850000128b3d1b0b2854292
:101db00001d2f5b219460133dbb20cf1080c9ae7f7
:081dc00057f83630e361d3e768
:020000040000fa
:020000040101f8
:101dc800002170b50846444a444c14f007ff424ac3
:101dd8000021012014f002ff4ff4157016f0cbf823
:101de8004ff415720021206015f0f4fa23680022e0
:101df80003f50371c3e9841203f50571c3f81812da
:101e0800c3f80c2203f5c47103f5f870c1e9002189
:101e180008318142fad1c3e97c21c3f8802103f556
:101e2800c072c3f8842100230c26184606fb03f26f
:101e3800216888502168d1f88451114401334d60dc
:101e480029602168202b0a44c1f88421eed101239e
:101e580081f83c3281f82e0214f0eaf92368c0f3c5
:101e680007104ff49662b2fbf0f2a832a3f82622cc
:101e78004ff4c872b2fbf0f2a3f81e224ff4a0721e
:101e8800b2fbf0f2a3f82222a3f82a224ff4f06260
:101e9800b2fbf0f2a832a3f828224ff48262b2fb18
:101ea800f0f2a3f820224ff45272b2fbf0f2a3f83a
:101eb80024224ff47a72b2fbf0f0a3f82c0200202f
:101ec80015f03afe15f03efe054815f029fe0548c6
:101ed800bde8704015f01ebeb5390201880100202a
:081ee80045480101a178020147
:020000040000fa
:020000040101f8
:101ef00030b5c36d5a78012a89b0044601d0042a4e
:101f000012d10021204603f071fbe06d102200f594
:101f1000b87100f5f07014f0d3fc80b104212046b4
:101f200007f0cefd09b030bd022a08d193f8262073
:101f3000996ad14001f0010141f08001e3e7e26dcf
:101f40005378042b0bd12046fef72afe2046fbf7e0
:101f500017fc002211462046f7f794f9e2e7012b1f
:101f60000ed12046fbf70cfc002211462046f7f765
:101f700089f9e16d204601f5e8710cf02dfed1e7fd
:101f8000022b31d192f82630122b27d86846202117
:101f90000bf018fbe56d6b4603cb05f5e072c5f859
:101fa000c001516003cb9060d160e26d92f82630a1
:101fb000013382f82630e36d93f82620996ad140e8
:101fc00001f00101204641f0800103f00ffbe16dbb
:101fd000204601f5d8710bf053ffa3e72046fbf72d
:101fe000cffbe26d6f32c0e7032b9bd12046fbf79e
:101ff000c7fbe36d997809b103f16f0193f8e52010
:10200000002ab3d0024b1b689a684032aee700bf8b
:042010009801002013
:020000040000fa
:020000040101f8
:10201400002858d0454b1b683bb9454ad2f8643f69
:1020240043f00103c2f8643f70479a071fbf404959
:10203400d1f8642f42f00102c1f8642f13f00c0fa1
:102044001fbf3b49d1f8642f42f00202c1f8642f4c
:1020540013f0300f1fbf3649d1f8642f42f0040249
:10206400c1f8642f13f0c00f1fbf3149d1f8642f9a
:1020740042f00802c1f8642f13f4407f1fbf2c49bb
:10208400d1f8642f42f01002c1f8642f13f4406faa
:102094001fbf2749d1f8642f42f02002c1f8642ff2
:1020a40013f4405f1fbf2249d1f8642f42f040026d
:1020b400c1f8642f13f4404f36d01d4ad2f8643f60
:1020c40043f08003aee71a4bd3f8642f60f30002a9
:1020d400c3f8642fd3f8642f60f34102c3f8642f6c
:1020e400d3f8642f60f38202c3f8642fd3f8642f0b
:1020f40060f3c302c3f8642fd3f8642f60f30412af
:10210400c3f8642fd3f8642f60f34512c3f8642f27
:10211400d3f8642f60f38612c3f8642fd3f8642fc6
:1021240060f3c712c3f8642f704700bf7c350120e9
:042134000024014141
:020000040000fa
:020000040101f8
:102138002de9f3410e46044650b93f4b0093024641
:1021480005230421ef2001f07dff02b0bde8f081f6
:1021580013f04efb14f098fa7600804613f0a2fbb9
:1021680040f2e1439e42257a92bf022640f2712155
:10217800b6fbf1f6ab060644074626f0704609d4ce
:1021880045f020056660257201223946204604f094
:10219800a9ff18e015f0070518bf0125274b53f8cc
:1021a80025209442194619d1254a1278aa4222d1eb
:1021b80063681a1a44bf03f180531a1a012a08d80f
:1021c800022323752661404602b0bde8f04113f0b2
:1021d80057bb236841f8253007f07aff194b53f8ad
:1021e800352019465ab9184b009311460523ef209c
:1021f80001f028ff0ce0226843f82520eee7a24210
:102208000fd1226843f8352012b903ebc5056d607c
:102218006660b9e71a4623b90c4b009301210523e0
:10222800e5e71368a342f5d123681360002befd1cb
:1022380001ebc5056a60ebe73e1102016c34012031
:10224800c7350120e8330120531102016b11020147
:020000040000fa
:020000040101f8
:1022580070b5284d284e2846002115f090fe274bd2
:10226800274a1e62274e5e62274e9e620426de6261
:10227800264e1a60264a5a60c3e90c65254a264d3f
:1022880026499a609d63264a264dda60264a5a6195
:10229800c3e90f51254a264d9a615d64254a264daa
:1022a80026481961c3e91252254dda610024c3e9b1
:1022b80014500470234898652348c3e9170123493b
:1022c800596623492348c3e91a12234a1a67234a3d
:1022d8005a67234a9a67234ada67c0e90043224bc0
:1022e80083600122214bc36002740821bde870405d
:1022f8000ff078b8bc350120fe7f02010c300120b8
:10230800f87f0201da7f02010c800201f47f0201ea
:102318000e800201108002010a800201f67f02018c
:102328000200000102002011497f0201048002011d
:102338003f7f02010500000100800201cb3501202a
:10234800fa7f02010680020101000311447f0201a5
:1023580002800201c4330120fc7f0201f83301200e
:102368000880020110000201d67f02011000170048
:020000040000fa
:020000040101f8
:1023780038b504463e4b1d6872b6bff34f8fbff3a6
:102388006f8f0ef057fb08b962b638bd394b06227d
:102398001a6008331a680ab9374b1a68a54228bf69
:1023a8002546681e34490c6804fb0024334a126829
:1023b80012f0806f06d0314a4ff0007111602e4a3a
:1023c8001268a41a2e4a1268a24238bfa41a2d4acb
:1023d800146004320021116026490a6842f00102a3
:1023e8000a6025b1bff34f8f30bfbff36f8f62b65e
:1023f800bff34f8fbff36f8f72b6bff34f8fbff32b
:102408006f8f1c4906220a600a6812f4803f1ed0aa
:10241800194b1a681c4b1b681344013b1b1b1849ba
:102428000968994201d29a4200d2531e154a136094
:10243800154b00221a60083b07221a600e4b1b68d6
:10244800013b104a13600ff0adff62b69de70e4adc
:102458001168094a126805fb02f3581ab0fbf2f03a
:1024680000fb0222cb1a1344064a1360e0e700bfc0
:10247800b434012010e000e0b034012004ed00e0a5
:0c248800ac34012014e000e018e000e09b
:020000040000fa
:020000040101f8
:1024940070b5444b1c68444b272101fb0042d3f820
:1024a400845f92f8226066f31f65c3f8845fd3f8f3
:1024b400885f92f8236066f30705c3f8885fd3f852
:1024c400885f92f8246066f30f25c3f8885fd3f819
:1024d400885f92f8256066f31745c3f8885fd3f8e0
:1024e400885f92f8266066f31f65c3f8885fd3f8a7
:1024f4008c5f92f8276066f30705c3f88c5fd3f806
:102504008c5f92f8286066f30f25c3f88c5f92f80d
:102514002960d3f88c5f66f31745c3f88c5f92f893
:102524002a60d3f88c5f66f31f65c3f88c5f92f85a
:102534002b60d3f8905f66f30705c3f8905f92f8b9
:102544002c60d3f8905f66f30f25c3f8905fd3f83f
:10255400905f92f82d6066f31745c3f8905fd3f847
:10256400905f92f82e6066f31f65c3f8905fd3f80e
:10257400945f92f82f6066f30705c3f8945f92f8ae
:102584003050d3f8942f00fb011165f30f2221443e
:10259400c3f8942f897ad3f8942f61f31742c3f8c0
:0c25a400942f70bda40100200024014110
:020000040000fa
:020000040101f8
:1025b00070b586b0038801930546414b0093ec202b
:1025c000012302224c2101f041fd288813f0b2fac8
:1025d00000286ed00468e37d012b03d194f8ed3020
:1025e000990768d5204612f03cff002846d03020dd
:1025f00003f06efac4f8b0016b880380ab884380a7
:10260000eb8883802b89c3806b890381ab894381ed
:1026100094f86d301a0755bf94f8f2306ff3c30386
:1026200043f0010384f86d3058bf84f8f230064659
:1026300015f03afb01281fd97388628fd4f8cc00bb
:102640009a421abf40f2e2415943002115f04afb79
:10265000a4f8a800b4f8a82032b17188b2fbf1f355
:1026600001fb1323a4f8a830204610f044fe20b349
:102670000024204606b070bd0023f3e7286869688f
:10268000aa8902ab03c3a86818609a80204602abef
:102690000e2201210cf060f904460028e8d0094b15
:1026a0000093019401230022ff21ec2001f0cefcd5
:1026b000dfe70224f3e71a24f1e70724efe700bf7e
:0826c000285102014251020100
:020000040000fa
:020000040101f8
:1026c80070b5044686b00e2200210df10a0014f000
:1026d80081fee06d02a9b0f8b030adf8083000f125
:1026e800a0024f3004f094f8e16d2046a0310ff0bd
:1026f80011f8102015f03ffc054680bb334b0093c2
:1027080002460423c521ee2001f09cfc102015f0a0
:1027180032fc0546102015f02efc064605b180bb9c
:102728002b4b009300220423c421ee2001f08afce5
:10273800102015f020fc054678b11022002114f075
:1027480049fe0123ab70e06d294600f1d3024f30fa
:1027580004f05ef8284615f010fc06b070bd03239f
:1027680000f8013b0f22002114f034fee06d2946e9
:1027780000f18f025f3004f04bf8284615f0fdfb9e
:10278800c4e7e26d52f8b23f2b6053686b600023d8
:10279800ab60eb60e06d324629468f3004f038f8c4
:1027a800e26d337892f8b0104b4082f8b030e26da9
:1027b800737892f8b1104b40284682f8b13015f082
:1027c800dcfb304615f0d9fbb2e700bf63460201d7
:0427d8007a4602013a
:020000040000fa
:020000040101f8
:1027dc002de9f04385b00446884601920026354623
:1027ec00dff8f89035e04146204612f015ff7b1ecd
:1027fc00a36323692bb914f05bfc012005b0bde881
:10280c00f08304f1100002f065fc0028f3d0334b88
:10281c004ff080521a60bff34f8fbff36f8feae710
:10282c0014f046fc0020e9e702a814f081f91ae044
:10283c00204607f05ffafcf7e5fb09e0204607f0bd
:10284c0059fafcf7dffb204614f007fb002842d1b5
:10285c00012613f06bfba76b002fc4d1019b002b3f
:10286c00ded0002ee0d014f023fc14f0ebfe13f0bd
:10287c005dfb94f844305bb2b3f1ff3f08bf84f8c2
:10288c00445094f845305bb2b3f1ff3f08bf84f875
:10289c00455014f00dfc01a902a808f081ff002896
:1028ac00ccd1204614f0d9fa0028c1d0019904f1fa
:1028bc00240013f015fe204607f01cfafcf7a2fbcf
:1028cc000028c5d14ff08053c9f80030bff34f8fab
:1028dc00bff36f8fbce7002090e700bf04ed00e072
:020000040000fa
:020000040101f8
:1028ec002de9ff473c4e336890461a78824689465c
:1028fc00002a5ad1b8f1000f02d15b78002b54d0ca
:10290c00402003f0dff80546202003f0dbf80746f3
:10291c00002d5fd000285dd0304c12f067ff22688c
:10292c00012313773268514613702846202213f086
:10293c00cfff20224946a81813f0caff2368b8f12c
:10294c00000f1fd0264a9a611b2013f00bffe0b139
:10295c0015f0b4fa01462846fff772f8a8b92846d4
:10296c0010f01eff384610f01bff122402ab05229c
:10297c001c498df80c4001200af08aff204604b057
:10298c00bde8f08703f11d02dde72368c3e9047598
:10299c000af0aefe044648b13368002228461a708d
:1029ac0010f0fefe384610f0fbfe0c240e4b00938c
:1029bc00022201233421ec2001f042fb002cddd05b
:1029cc000a4b0093019401230022fd21ec2001f01d
:1029dc0037fbd3e70724e9e7fc00002000010020c7
:1029ec00d8e3010101050101407802019051020177
:020000040000fa
:020000040101f8
:1029fc0070b590f8fa30856890f8f86088b00446a5
:102a0c00d3b1394b1a686ff300021a60a3f24c432e
:102a1c0001461a686ff3db621a60002006f050fe64
:102a2c002146002000f086fb94f84730012b03d19f
:102a3c0004f5c67001f04cf82c4a00952c4d2d492c
:102a4c000023137084f8fa308df806302b88adf81b
:102a5c00043008226b4601200af01aff2b88264d01
:102a6c0013f0280137d1022e35d094f84720012ad3
:102a7c0031d013f4c27f1ed013f4c07f08bf0121e4
:102a8c00204606f0d3fdd4f8983013b101232b70f7
:102a9c0014e02b70194b94f894201b78013a934254
:102aac001cda0133dbb284f8543004eb83035b6e25
:102abc00c4f89830eae72b78002bebd018220021d1
:102acc0002a814f085fc02238df8083001238df840
:102adc000a3002a803e02b78002befd10020fcf782
:102aec00d7f908b070bd00bf583e0141d00100209d
:102afc00c201002000000101c1010020c001002022
:020000040000fa
:020000040101f8
:102b0c00f0b5d0e96cc715290cbf61463946b0f851
:102b1c0054610d894a89b0f856318c88b1f806e0b9
:102b2c00b54228bf3546934228bf13460a889442c3
:102b3c0028bf14464a88724528bf7246b0f85ee03a
:102b4c00ae450bd1b0f862e09e4507d1b0f864e019
:102b5c00a64503d1b0f866e0964555d01a2d27d876
:102b6c001b2590f8e260a0f86050b0f86050a0f817
:102b7c005e50132e20d1acf808501a2c22d81b24ee
:102b8c00a0f86440447ee40626d5b2f5a47f1dd29d
:102b9c004ff4a472a0f86620827ed20627d5b3f536
:102bac00a47f2ad24ff4a473a0f862300120f0bda8
:102bbc00b54228bf3546d4e790f8e460132e08bf21
:102bcc003d81dae7fb2c88bffb24d9e7c988914209
:102bdc00e0d2b0f85621dde7b2f5296f02d24ff4fe
:102bec002962d7e7c9888a4228bf0a46d2e7b3f5db
:102bfc00296f02d24ff42963d6e7b0f856219a42d6
:0c2c0c00d2d2a0f86220d1e70020d0e76f
:020000040000fa
:020000040101f8
:102c18002de9f3410446d0f86c0100230193c8b1b3
:102c280001a9d4f8206114f075f8054690b9d4f8d4
:102c380074310198db68d96812f0eafa344b98428b
:102c480008d813f0c9fd06f5a576864202d8314b9f
:102c5800984208d91f250127d4f874612eb928464f
:102c680002b0bde8f0812f46f6e7d6f8108098f854
:102c7800033043f0100388f80330f368d968002f55
:102c880042d1019812f0c4fa13f0a6fd224b9842e3
:102c980095bf1e234ff49673b0fbf3f0b0fbf3f02f
:102ca80099bfc0f30c00bc46c0f30c004ff0010cf8
:102cb80098f8032094f852e094f8241012f0010fc9
:102cc80014bf0723012312f0020f18bf063312079f
:102cd80044bf0233dbb243440ef03f0eda7818717a
:102ce8006ef3050202f0bf026cf3c712da705a796c
:102cf800013922f01f0201f0070142ea102061f3b6
:102d0800471058713668a9e700208446d0e700bf0d
:0c2d180038feff7fd47e2500c3bf0300ff
:020000040000fa
:020000040101f8
:102d24002de9f0430578012d85b0044656d05db1f8
:102d3400032d64d0394b1b681b68002b42d02046fe
:102d440005b0bde8f04318478578002df2d1334b28
:102d54001f68984607f1100353f825605ffa85f958
:102d64009ebb0c2015f009f92a1d47f82200d8f85b
:102d7400003053f82230a3b11e609e605e60d8f824
:102d8400003003eb850540212b6919812969012352
:102d9400cb71296981f80290d8f8001051f82210fb
:102da4008b72d8f8003053f8223093b92378029309
:102db400a38801931a4b0093002204235321ee208d
:102dc40001f042f905b0bde8f0830135082dc3d107
:102dd400ece7a2881a80a279da70abe7468830461d
:102de40011f0d8fc024630b90e4b0093cde90165d1
:102df40004235421e3e7807812f0c6fc9ae746885e
:102e0400304611f0c7fc02460028edd0237913b9ef
:102e14000123c3728ee70023fbe700bfa00000205c
:082e240048df010179df010123
:020000040000fa
:020000040101f8
:102e2c002de9f04786b081460e46174612f07cfe1f
:102e3c00002871d00468d4f84431002b6ed00021e6
:102e4c00204610f02ffdd4f84431804616b11a56a6
:102e5c007e2a07d0002f53d003eb080292f90420ee
:102e6c007e2a4dd1204612f0f6fa00283ad0d4f83a
:102e7c0044311a7c66f300021a74d4f844311a7c7b
:102e8c0067f341021a74d4f84421012303fa08f3be
:102e9c00d375d4f8443100251d7641462046d4f82c
:102eac0044a113f0d5fe8af81900204615f075f8e8
:102ebc001b4b0093cde90267cdf80490012302224d
:102ecc005421ec2001f0bcf845b1164b0093019550
:102edc0001230022fd21ec2001f0b2f8284606b0b7
:102eec00bde8f08705ab042207212046adf814900d
:102efc008df816608df817700bf028fd0546d7e796
:102f0c001a7c66f300021a74d4f844311a7c67f305
:102f1c0041021a740025cbe70225c9e71a25c7e739
:082f2c0087290201264602017b
:020000040000fa
:020000040101f8
:102f340038b5314a137813f001045bd143f001032f
:102f440040f20160137002f0c1fd2c4d286010b9ed
:102f54000724204638bd2a4b00f5c0626a60596ace
:102f640080b260f30f015962996992b262f30f0162
:102f74009961ff204ff4c063ac60c5e9033302f0ec
:102f8400a5fd68610028e3d01e4bc3e900431e4b36
:102f9400c3e900431d4bc3e900431d4b0e221a70c5
:102fa4001c4bcd221a801c4b1b221a801b4b02f295
:102fb4002d121a801a4b4ff001121a604ff4486216
:102fc4005c601a81174b21461822184614f004fa43
:102fd4008268154b02f0f801144a1c700a4382609f
:102fe4001349042014f016fe0ef0eefe114814f0fe
:102ff40029feaee70024ace7c93501202c010020ee
:10300400002401417c0100204401002074010020bf
:103014007001002084010020b8350120ba35012058
:103024004c01002058010020ca350120010161042f
:08303400358700015d5a02011d
:020000040000fa
:020000040101f8
:10303c0030b5c16d4b78042b89b004460fd101f526
:10304c00c0710bf096fd2046fdf7a4fd2046faf763
:10305c0091fb002211462046f6f70ef941e0012bb8
:10306c0004d101f5c0710bf084fdefe7022b47d1c1
:10307c0091f82630132b41d8896ad94001f001010f
:10308c0041f0800102f0acfae56d102205f5d87123
:10309c0005f5d07013f00efc58bb05f5c071204639
:1030ac000bf067fde36d93f82630122b1bd8202113
:1030bc0068460af081fae56d6b4603cb05f5c072e4
:1030cc00c5f88001516003cb9060d160e26d92f83d
:1030dc002630013382f82630e36d01229a700623e4
:1030ec00a37009b030bd2046faf744fbe26d6f3295
:1030fc00b0e70421204606f0ddfcf2e70121fae7f7
:10310c00032beed101f5c0710bf033fd2046faf71d
:10311c0031fbe36d93f8e51019b1054a126891681b
:10312c0040319a78002a96d003f16f0293e700bfe2
:04313c0098010020d6
:020000040000fa
:020000040101f8
:1031400070b50d463d4c00286ed001f12806304682
:103150000bf05efc04f6ac73a86a1860aa8d9a8026
:10316000b4f86c3f43f04003a4f86c3fd4f8683fd8
:1031700043f48063c4f8683f95f847200b2a05f1b3
:103180001b0019d840f69203d340db4313f0010330
:1031900012d1d4f89c2fa97e63f31842c4f89c2f57
:1031a00013f02cfb282002f02bfcd4f8643f43f4ee
:1031b0000073c4f8643f70bd95f82130032b0ed81e
:1031c000dfe803f00215212ad4f89c3f40f2ff12f9
:1031d00062f31843c4f89c3f0020fef71bff184b16
:1031e00018680028e7d1bde8704002f009bcd4f8a7
:1031f0009c3f202262f31843c4f89c3f082002f051
:10320000fffb0120e9e7d4f89c3f082262f3184352
:10321000c4f89c3f2020f2e7d4f89c3f6ff318439a
:10322000c4f89c3f2820eae7d4f8643f60f34923c0
:10323000c4f8643fbde87040fef7ecbe00240141d5
:043240007c350120b8
:020000040000fa
:020000040101f8
:103244002de9f04190f857300446b3b13a4dc66dbc
:10325400d5f8008098f8043033b94022374906f194
:10326400eb0013f02bfb40b104f11207eb362022e4
:103274003146384613f022fb28b90a212046bde81e
:10328400f04106f01bbc98f80310304614f05ffec2
:103294000328f2d008b10821f0e72b6883f828004e
:1032a400e27852bbe16d4a78022a12d11b78022bd4
:1032b40004d12046bde8f0410df046be042b03d1f5
:1032c40091f8e430022bf4d12046bde8f04112f02d
:1032d40089bd032a0dd15b7923b12046bde8f041b5
:1032e40012f06fbd204601f5e071bde8f0410bf02e
:1032f40044bc0623a370bde8f081394620460df096
:103304003fffe36d5b78012b01d0042b0bd12046ea
:10331400002102f069f9e16d204601f5b871bde8bc
:10332400f0410af0abbd032be3d12b685b79002b92
:10333400d3d10723dee700bf98010020cc1e020191
:020000040000fa
:020000040101f8
:103344002de9f347054612f08af8044620b9002413
:10335400204602b0bde8f0870b21002012f00ffddb
:1033640001460028f3d029230373324b324a1b68e9
:103374004ff0000cc0f80dc0c0f811c0a0f815c083
:103384001b7813f0100333d0d2f800800120e646f6
:10339400d8e918230193d8f8583002ea030ad8f878
:1033a4005c30019a1a4002ea0e070aea000656ea5d
:1033b40007034fea4c0901eb9c0309f0060914bf0b
:1033c4000122032202fa09f20cf1010c93f80d9088
:1033d40000185ffa8cfc49ea02094eeb0e0ebcf1b0
:1033e400250f83f80d90d3d1284605f0c1fbafe734
:1033f400d2f800c0012600274ff0030edce91602c4
:1034040006ea000807ea020958ea09020bd101ebaf
:1034140093005a0090f80da002f006020efa02f290
:1034240042ea0a0242730133b619dbb27f41252b0b
:0c343400e4d1d9e7d801002000010020fd
:020000040000fa
:020000040101f8
:103440000000000091760201010000009176020167
:103450000200000091760201050000009d69010153
:10346000060000009d69010107000000917602013d
:10347000080000009176020113000000917602011d
:1034800009000000917602010a000000b1760201f5
:103490000b000000a17602010c00000091760201f1
:1034a0000d000000917602010e0000009d690101ef
:1034b0000f0000009d69010110000000d17602019b
:1034c00011000000917602012000000091760201b7
:1034d00012000000917602011400000091760201b2
:1034e00015000000e176020116000000d17602010d
:1034f00017000000f176020118000000f1760201c9
:1035000019000000f17602011a000000d1760201d4
:103510001b000000e17602011c0000009176020110
:103520001f000000c17602011d000000917602011b
:083530001e000000917602016b
:020000040000fa
:020000040101f8
:103538002de9f74f2f4f304c3e78dff8e490b51e59
:10354800edb205f102084fea081ccde90023acf101
:103558002003234483468a460fcb04eb0c0e8ee8e7
:103568000f000cf1100eacf1100ca4449ce80f00f5
:10357800a6448ee80f00b11c204814f000fd3b78eb
:1035880048460222023300f8012b414604eb051598
:103598003b7014f0f4fc09f1030042f6042114f026
:1035a800eefc174a174bab60174beb60c5e90029d7
:1035b800164d5946284614f0e2fc5146a81c14f052
:1035c800defc0099281d14f0dafc013e0199a81dc3
:1035d80014f0d5fcf6b20e4b3a7804eb0614c4e9a5
:1035e80000350c4ba3600c4be3600c4bda8103b045
:1035f800bde8f08fbf3501202c2e0120293801208d
:10360800f67f02014e7e02010500000154340120bc
:103618007e220201e87f020108000001b033012088
:0436280091340120b8
:020000040000fa
:020000040101f8
:10362c002de9f04194b080460e4612f07dfa002848
:10363c0068d00568d5f84431741ee7b2002b63d00e
:10364c003b4493f904207e2a3ed1284611f003ff17
:10365c0070b3d5f844311a7c42f004021a74d5f8d0
:10366c0044210123a340d375d5f8443100241c76a2
:10367c0039462846d5f8446113f0eafa70762846a4
:10368c0014f089fc214b0093022201235321ec20de
:10369c0000f0d6fc44b11e4b009301940123002290
:1036ac00fd21ec2000f0ccfc204614b0bde8f081ec
:1036bc0002ab032206212846adf808808df80a607b
:1036cc000bf044f90446dde7002441f22102adf889
:1036dc0008208df80c402a88adf80e2002228df8b7
:1036ec0010208df8116093f904208df812201b7bab
:1036fc008df81440c3f3010302a88df8133010f0b9
:10370c00ebf8bfe70224bde71a24bbe74a690201c4
:04371c00264602013a
:020000040000fa
:020000040101f8
:1037200010b588b00023052904468df8033045d133
:10373000013202a901a8029213f0ccfb0df10600a0
:1037400002a913f0c7fb20460df0d6fc002838d1a3
:1037500004aa03a9bdf8040010f0d2fb00284bd046
:10376000049b5b68d3e90112107813f0e1ff039a20
:103770000346d27b2088012104f0a8f980b200bb67
:103780000399bdf806208b681b88934236d38b7b48
:1037900013f0020f28d02388adf81830bdf804309c
:1037a0000591adf81a300df103010c2305a8adf811
:1037b0001c208df81e3009f035fe02e0adf8043013
:1037c00004209df803306bb9d0b9039bbdf80610f7
:1037d0009a6858681288521a0d23014492b2204602
:1037e0000af0a6ff08b010bd9b06ead5bdf804207c
:1037f000204610f0e7ffe4e70120e2e70720e0e7da
:10380000c3b2bdf804200c21204605f0ebfae9e72d
:020000040000fa
:020000040101f8
:103810002de9f04106460f4600200c2112f0b1fac6
:10382000d6e96c3496f8e4200546112a18bf1c46e8
:10383000002839d00023f90703733dd56288082a90
:103840009abf02f1ff33dbb208232373b6f8a83026
:10385000e38122826368c4f81230ba0704d594f871
:103860002010638b11bb2382237b6b73e389eb8175
:10387000238a2b82638a6b82a38aab8213f040fd7a
:103880000746002837d000234ff001080c34c371dd
:10389000014680f80580c460304614f00dfb3046c8
:1038a000294605f067f94046bde8f081b3fbf1f227
:1038b00001fb12329b1ad6e7628b082a9abf02f1eb
:1038c000ff33dbb2082323737b0711d5a18c4ff69e
:1038d000ff73994206d10123e381e3692282c4f890
:1038e0001230c1e7b6f8a830002b08bf0b46f3e74b
:1038f000b6f8a830f0e7284614f080fa3846d3e747
:020000040000fa
:020000040101f8
:10390000f8b50468364d0cf01bf8a36f002643f49d
:10391000c073a36731462046c4f89860a6750ff0bf
:103920006df82b68228e62f30f032b602b68628e7a
:1039300062f31f432b602b4653f8302d42f00102f7
:103940001a602b4694f8341053f8042d61f30f22bb
:103950001a60b4f835101a6861f31f421a60a17e2c
:10396000607e05f01ffe1f4b022158690ef008f81b
:1039700013f076ff1c4b02681f882946d21b51f8b2
:10398000183d92b262f30f030b60436855f8102d97
:10399000db1b9bb263f30f0220462a6008f07cfd1c
:1039a000607e0df0cbffa17e012012f03ffa617e18
:1039b000022012f03bfa314620460ef0e5fbd4f827
:1039c00044314bb118567e2806d00bf043fb94f9d6
:1039d0002c00aff30080f8bd044b93f90100f4e72d
:1039e0006034014134330120a0010020aa010020ed
:020000040000fa
:020000040101f8
:1039f00030b50388132bc3b0044620d041f20a022d
:103a000093422cd0052b45d10579002d42d1c08899
:103a100010f0befa58b12f4bc5701a681378013bed
:103a2000dbb213701bb11821b1fbf3f35370e088c4
:103a300011f0c6fa08282dd010f0c2fa2ae0c0888a
:103a400010f0a6fa30b3227a83789b1a214adbb2af
:103a50001268837052789a421cd843b030bd037903
:103a6000c3b91c4a126802f16f0100bf11f82300ac
:103a700040bb02eb8303e188a3f86c104ff4807124
:103a8000a3f86e1013780133dbb213701821b1fb69
:103a9000f3f353702188104a002300bf32f823004b
:103aa000884213d102eb8303211d9b788df80430eb
:103ab000442202a812f012ff064b1b6801a85b68a3
:103ac0009847cae70133082bd0d1e3e70133202b15
:0c3ad000e4d1c2e71035012030b2010142
:020000040000fa
:020000040101f8
:103adc00f7b5064648b9324b009305230246194602
:103aec00ef2000f0adfa03b0f0bd11f07ffe12f044
:103afc00c9fd337a9b0605463ad511f0d1fe347ace
:103b0c00284b6ff34514347214f0070418bf0124ca
:103b1c00194653f8242096420ed1234a1278a24219
:103b2c00326819d1736841f824201f1a44bf03f17d
:103b3c0080531f1a012f0cd81c4b53f834201946f4
:103b4c006ab91b4b009311460523ef2000f078fa5d
:103b5c000ee006f0bbfaefe743f82420ece7b242a4
:103b6c0013d1326843f8342012b903ebc4046460f7
:103b7c00284603b0bde8f04011f080be1a4623b9c8
:103b8c000c4b009301210523dfe71368b342f5d1f9
:103b9c0033681360002bebd101ebc4046260e7e7e0
:103bac009c7202016c340120c7350120e8330120de
:083bbc00531102016b1102011b
:020000040000fa
:020000040101f8
:103bc40073b503790193354d354b009302220123dc
:103bd4000f210446ec2000f037fa2868f021043065
:103be40014f006f8064613f011fe002849d11eb160
:103bf40096f8f830002b44d12388203b9bb244f63e
:103c0400e072934248d86388203b9bb2934243d8e6
:103c1400637b002b40d02868f021043013f0e8ffc8
:103c2400237980f84730012380f82230617b0176c4
:103c340063884361a37b80f8213063794376a37959
:103c4400837654f8073fc0f81b30a388a0f81f30d0
:103c5400002380f8943000bf21fa03f2d20748bf52
:103c640090f8942003f1010344bf013280f89420ba
:103c7400032bf1d1012013f0b1fd0024204602b042
:103c840070bd0c24074b0093019401230022ff21f3
:103c9400ec2000f0d9f9f1e71124f3e7f00000205b
:083ca400165402012e54020126
:020000040000fa
:020000040101f8
:103cac002de9f04192b01e464b7906930b790593a2
:103cbc00cb7804938b7803934b7802930b78019316
:103ccc002e4b009380460d461746012302222021dd
:103cdc00ec2000f0b5f914f017f828b913f046fbf6
:103cec000446f0b1072412e0254c23685b6c98471e
:103cfc0060b923689b6c984740b92368db6c984784
:103d0c0020b923681b6d98470028e7d00c241d4b65
:103d1c000093019401230022ff21ec2000f090f984
:103d2c0028e09df8203068f3000360f341038df820
:103d3c0020302b68cdf82130ab88adf825303b68ae
:103d4c00cdf827307b68cdf82b30bb68cdf82f3001
:103d5c00fb68cdf833303368cdf837307368cdf865
:103d6c003b30b368cdf83f3008a8f368cdf843304a
:103d7c0005f09afa204612b0bde8f081da4c020147
:083d8c00fc0000207e6c020126
:020000040000fa
:020000040101f8
:103d9400f7b513780193354b009307460423ee20bf
:103da4000e4615469021022200f04ef9384610f0d6
:103db40025fa044658b92e4b009302460197042372
:103dc4009121ee2000f040f9002003b0f0bd83887b
:103dd400b342f9d329780d2929d02cd8062907d044
:103de4001cd8032923d00dd8012920d002290dd1b4
:103df400204b1b685b681bb12a4631462046984716
:103e04000120e2e70429f3d0052910d011f0400283
:103e1400f6d10623204604f0e3fff1e7092906d092
:103e240003d8072903d00829e1e70b29e0d1114b76
:103e34001b689b68dfe71729f9d00ad81229d7d065
:103e440003d81029d4d01129dfe71329efd016297c
:103e5400cde71b29ebd003d81829c9d01929d4e7f9
:103e64001e29c5d05229c3d01d29cee7cc2002017a
:083e7400e42002019c01002082
:020000040000fa
:020000040101f8
:103e7c0084b070b504ac84e80f00012011f0c8fccc
:103e8c004ff6ff710446012010f0f4f844f4007171
:103e9c00012089b211f0cefc049b2a48002b44d09f
:103eac00294c2268137813f0030308d1537022684d
:103ebc00937022681178d38063f382011170234bc5
:103ecc0000211970224b01701a88022666f38302b6
:103edc001a8003f5ac620325106865f3134010607b
:103eec00106865f31750106053f8902d61f30002c1
:103efc001a600ef09afd069d12f0d2fb23681a7818
:103f0c0066f301021a702268079b6d0a40f2712158
:103f1c002846b3fbf1f3138602f026fa23681b8eb6
:103f2c0053b1a81902f084fa06e00278094b18681c
:103f3c00002af7d102f018fabde87040002004b056
:103f4c00704700bfe4010020d8010020f1010020df
:083f5c00c0340141e001002026
:020000040000fa
:020000040101f8
:103f6400f8b5cb68477e1e785d78002102460ef0d6
:103f740009f9022e0446d37d2ad0042e2cd0012e1a
:103f840004d1012b4ff011012dd15176022d2ed0e9
:103f9400042d30d0012d39d1012b4ff0110134d132
:103fa4009176212f537e43d1212b31d0d2f880003a
:103fb400d2f884106ff4c6754ff49c73284403fb45
:103fc4000101b1fbf3f003fb1013c2e920301fe041
:103fd400012b4ff01201d7e7012b01d12121d4e7a6
:103fe400d17e11b923219176d0e72221fbe7012b61
:103ff4004ff01201d3e7012b06d1d37e13b923234b
:104004009376cee72223fbe721215176012bc8d0fa
:10401400d2f844515db1002110460ef0b3f82b578d
:104024002b54d2f84431184423441b7a0372f8bd4c
:10403400212bedd1d2f88000d2f8841003f21713ab
:0640440000f28d10bbe745
:020000040000fa
:020000040101f8
:02404a007047bd
:020000040000fa
:020000040101f8
:10404c002de9f041334d1e462b68a2b004460f46b5
:10405c009046002b58d013f091fd002854d113f04a
:10406c0051fd002850d1f20703d52b4b1b68db0701
:10407c000bd4b00703d5284b1b68990705d47207de
:10408c0042d5254b1b685b073ed5244b8df8008031
:10409c001b788df801408df80270002b37d1c4f1dc
:1040ac00ef041f4f04eb84042744384612f0a8fe9b
:1040bc0039460646c4b2024602a812f009fc22abed
:1040cc001e4401343a2306f8803ce4b202ab1819c2
:1040dc0029ab289a0193c4f17e01f9f7a5f954fa9a
:1040ec0080f0c0b222ab03440d2203f8802c431c99
:1040fc0022aa52fa83f302300a2203f8802cc1b2ae
:10410c002b6802aa6846984722b0bde8f08102a845
:10411c000024dde74435012048350120c33501205a
:04412c004c720201ce
:020000040000fa
:020000040101f8
:10413000f0b5324a324885b000231546c158d150f7
:104140000433102bfad12f4b2f4e1a8842f0010264
:104150001a801a8842f004021a801a8842f0020279
:104160001a801a8842f008021a801a68d007fcd414
:104170001a685107f9d41a689207f6d41a68c2f37c
:10418000c002002af1d1214b1968adf80010184681
:104190001c4650f8041dc1f30f41adf8021054f84d
:1041a000041fadf80410194651f8087fadf80670e9
:1041b0002468c4f30f44adf808401b68adf80a301a
:1041c0000368adf80c300b68adf80e306946134645
:1041d0000a460878ec5c01332043102b01f8010bf0
:1041e000f7d1b6f8a0350a4c6ff30003a6f8a03556
:1041f0000fca84e80f0005b0f0bd00bfd83301201e
:1042000018380120143e014100240141043e0141bf
:0442100080290141bf
:020000040000fa
:020000040101f8
:1042140073b505680646012128460df0b3ffd5f8ad
:104224004421104490f904307e2b39d095f82c1099
:10423400d2f822205b1a117ac1f3c100dbb2032841
:1042440042d8dfe800f02f023902d4789c423dd2f4
:1042540014789c4294bf02240124844228d0c1f3e0
:104264004100a042908800d0b0bbd288b5f85c1061
:104274000244c9430a44120412d58df804300622bc
:104284006b461b49009601208df8054009f004fb9c
:10429400d5f84431d3f822301a7a64f3c4021a727e
:1042a40002b070bd1078984212d99078984209d91a
:1042b400b5f85c30d380f3e7d07898420ad25078ce
:1042c4009842f5d30124cae70446c6e70024c4e7ac
:1042d4000224c4e70024c2e764f342011172d5f852
:1042e4004431b5f85c20d3f82230da80d8e700bf37
:0442f40006060101b8
:020000040000fa
:020000040101f8
:1042f800f8b5364b04685b6918785f7894f86c30c9
:10430800e7771646c21062f38203c0f3800200f01a
:10431800030562f3c303001160f30413a57784f85f
:104328006c3029b9dbb261f3410384f86c300ce0de
:1043380094f86c30c3f3801191422ed043f00203fd
:1043480084f86c3020460ef0dffa94f86c306ff386
:10435800000384f86c30aeb194f8c43113b11c4b2f
:104368001b787bb994f86c30c3f38002b2ebd31f8f
:1043780008d1627f012a05d0e27f8ab943f00103a0
:1043880084f86c30617ee07f0df01cfed4f8983024
:104398001844c4f8980000200be06ff34103c4e709
:1043a800204610f081fb28b1a36f43f01003a367e8
:1043b8000120f8bd94f8283023b9032d1cbf012330
:1043c80084f8283094f86c30d8e700bf34330120e3
:0443d800e5010020db
:020000040000fa
:020000040101f8
:1043dc002de9f0411c4693054ad53149314e0b78f5
:1043ec0083f00107002b56d12f4d2b685ffa83fe0b
:1043fc0033689a78187903eb020898f808c0864558
:10440c0098bf0cf1010c88f808c002f1010c9c4417
:10441c00d5f800809cf808e0c8f30728404528bf71
:10442c000ef1010e8cf808e002f1020c9c44d5f858
:10443c0000809cf808e0c8f30748404528bf0ef1ff
:10444c00010e03328cf808e013442d681a7a2d0ef5
:10445c0085428cbf1046501c187232680f709378ce
:10446c0012490433937000231a46184609f010fac7
:10447c0014f0300f11d00b4b1b681b7803f00303a7
:10448c00022b0ad100231a464ff484311846bde89a
:10449c00f04109f0fdb9064da7e7bde8f08100bf7a
:1044ac00f1010020d8010020583c01410108010015
:0444bc005c3c014122
:020000040000fa
:020000040101f8
:1044c00070b505460e460020182111f05afc04462e
:1044d000002845d00f2e067343d1d5f8b0311a8885
:1044e000a0f80d205a88a0f80f209a88a0f8112073
:1044f000db88a0f81330b5f8a8304ff6ff72002b18
:1045000008bf134603834ff0ff33c0f81a30c0f8da
:104510001e3080f8223080f82330b4f80d20b4f833
:104520000f309a4208bf0023637513f0bdfba98fbb
:10453000b5f85030b5f85c200131052813fb01f3c4
:104540008bbf03ebc30303eb430302eb430302eb19
:1045500083039bb22846e382214604f00bfb012033
:1045600070bd102ed9d1d5f8b4311a8ba0f80d201a
:104570005a8ba0f80f209a8ba0f81120da8ba0f8a4
:104580001320b5f8a82002b99a8c2283da8c6283b2
:104590001a8da2835a8de2839a8d2284db8d6384e7
:0245a000bbe777
:020000040000fa
:020000040101f8
:0245a200704760
:020000040000fa
:020000040101f8
:1045a400072865d870b50d4684b204f50056304628
:1045b400eef77cfc00285dd03046eef79afc08b993
:1045c400012058e0344608342046eef76ffcc8b1a9
:1045d4002046eef78efc08b901204ce0264c0fcca7
:1045e400c5f81700c5f81b10c5f81f20c5f82330ff
:1045f4002068c5f82700a288a379a5f82b2085f8a0
:104604002d300ce00022c5f81720c5f81b20c5f892
:104614001f20c5f82320c5f82720c5f82a20174ce9
:1046240026460fce28606960aa60eb603068286176
:10463400b288b379aa82ab75234653f8170f596829
:104644009e68dc68c5f82e00c5f83210c5f83660df
:10465400c5f83a4018695969c5f83e00c5f84210d2
:10466400198b9b7ea5f8461085f84830002002e09f
:1046740003207047032070bd84320120d031012013
:020000040000fa
:020000040101f8
:1046840030b50b4689b00c680c2810d8dfe800f070
:1046940007160f0f1a34386456525a0f60008a688e
:1046a4004968003218bf0122204607f05dfc002152
:1046b400204609b0bde8304002f086be20460bf02b
:1046c40095f8f4e7012194f8500010f08ffd637819
:1046d400db07ecd5a06828b1837843f00803837026
:1046e40004f04efd204611f011fa94f85000002217
:1046f400214613f00ffcdae720460cf095fbd6e7d1
:104704002278032ad3d14d6894f850004ff4001155
:1047140010f06cfd236f8df81450cde9033408ab11
:1047240013e903008de8030003ab0ecb656f022091
:10473400a847bce72046f9f761fbb8e78a6818790f
:104744002146d6e7002249682046f8f745ffaee740
:1047540003200bf0f7feaae7204611f0b3f9a6e711
:020000040000fa
:020000040101f8
:104764001fb5044611f076fc94f85030012b2378e1
:104774000194cde902302dd12d4b009302231a462a
:104784008521ec20fff760fca3785b0707d5294b54
:10479400009302231a468521ec20fff755fc0cf008
:1047a40011ff2378012b30d194f85030012b224b88
:1047b40005bf1a6894f851301b68313314bfd3f81d
:1047c400f00152f8330070b9002410f05bfc20466d
:1047d40004b010bd194b009302231a468621ec2025
:1047e400fff732fcdbe78268036894420bd1204672
:1047f40004f0c6fc204607f05dfd63786ff3000308
:1048040063700124e1e71846dde7023b012b09d878
:10481400a378012243f02003a370114620460bf035
:10482400effad1e704f13800fff756f9e2e700bfe9
:1048340040c201016ec201018801002086c201014b
:020000040000fa
:020000040101f8
:10484400f0b5324f324d3c6814f0040f5ad00028b2
:104854004ed12d6895f83c62002e48d057f8144f7d
:104864002c4f641a611e21f07041b9423fd84ff0b9
:10487400884c40f27121dcf8407061436ff41c7481
:10488400214407f4405740f60754b7f5005f0cbfc6
:1048940027464ff4126749081f4cb4fbf2f43c441a
:1048a400a14224d9091bdcf8404004f44054b4f577
:1048b400005f09d195f8304234b14ef28f24a14201
:1048c40015d9a1f5624190394ff47a77b1fbf7f02d
:1048d40007fb101102fb00f44a43b4fbf7f40e4942
:1048e400b2fbf1f214441c44c5f844423046f0bd16
:1048f4002a680a48d2f84442e41a84428cbf002051
:104904000120f4e72b6893f83c02f0e7203e0141d4
:1049140088010020feffff0740420f00feffff7fdb
:020000040000fa
:020000040101f8
:1049240054543a6d73674964203d203078253034ff
:10493400582c646576203d20307825303858004363
:104944004f4e4e3a41636c5478446f6e653a4864f6
:104954006c3d3078253034782c6c656e6774683d16
:10496400257800434f4e4e3a4374726c506475522e
:1049740063763a48646c3d3078253034782c4f7037
:10498400436f64653d3078257800434f4e4e3a4c72
:104994004c206465736320616c6c6f63206661698d
:1049a4006c3a2530327800434f4e4e3a446174617c
:1049b4005263763a48646c3d3078253034782c6cf8
:1049c400656e6774683d256400434f4e4e3a41431b
:1049d4004c206465736320616c6c6f63206661694d
:1049e4006c3a2530327800416e63686f72204d6fe7
:0e49f40076653a48646c3d30782530347800a2
:020000040000fa
:020000040101f8
:104a020070b58378062b044668d1c36d0122da7033
:104a1200c678c36d90f857500a68beb98db103f5d8
:104a2200f070c3f8e0214b6843608b688360cb6809
:104a3200c360e16d204601f5e071bde870400af007
:104a42009db803f5b870c3f87021ece725b3c3f83d
:104a5200a02103f5d0754b686b608b68ab60cb68a7
:104a6200eb60c26d136823f07f4323f0ff03b3f5bd
:104a7200813f33d192f82630916ad94001f0010189
:104a820041f0800100f0b1fde16d204601f5b87101
:104a9200bde8704009f0f3b9c3f8b02103f5d8704e
:104aa2004b6843608b688360cb68c360e16d4b7871
:104ab200012b04d0023b012b10d88b7873b16f31dc
:104ac2002046faf7a6ffe16d204601f5b87109f01c
:0e4ad200d6f9e26d00239370e26dd37070bdd3
:020000040000fa
:020000040101f8
:104ae0002de9f843c6683378ef2b60d8457a3f2d1f
:104af0005dd8077a1fb1032101200ff037fe32463f
:104b00002946384609f0ccfe044600282ad1002f59
:104b10002bd1002d30d1274b1870274b1a681378f2
:104b200023f0080319e000bf08fb01f3f05c11f06b
:104b3000f9fc01289fbf3b7809fa00f01843387050
:104b40000131cbb29d42efd81a4b1b78002be4d039
:104b5000194b1a68137843f00803137003210020df
:104b60000ff004fe2046bde8f88301464ff006082a
:104b7000104f4ff00109e4e70e4f01464ff00608d1
:104b80004ff0010908fb01f3f05c11f0cbfc0128a8
:104b90009cbf3b7809fa00f001f1010198bf23eabc
:104ba0000000cbb298bf38709d42ebd8cce703240d
:0c4bb000d8e700bf823401209c000020e8
:020000040000fa
:020000040101f8
:104bbc002de9ff412e4e2f4c2f4b2268009333686a
:104bcc0003922e4a029307460192002b3bd0236896
:104bdc0033b94ff4487013f0ccf92060002838d06a
:104bec00274d2b68a84623b9102013f0c2f9286072
:104bfc0078b33368029323680393224b3a685a6064
:104c0c0000210df1040c02ae6c460f46d8f80030b2
:104c1c000b44c3e900730020bcf8002082421cdc6a
:104c2c00083110290cf1020c06f1040604f10204ff
:104c3c00ecd1154b1a46002142f8081fc3e90013aa
:104c4c00da60012006e0902013f093f93060002820
:104c5c00bdd1002004b0bde8f0813568228800fb8e
:104c6c0002520130576017605d682a605a60d3e7c2
:104c7c00343501202c3501200c0028000c001400c8
:0c4c8c0030350120e8000020d800002096
:020000040000fa
:020000040101f8
:104c9800304b70b500251d702f4b80241c802f4b86
:104ca8001d802f4b302628464ff6ff711e800ff0cf
:104cb800e3f94ff6ff7101200ff0def94ff6ff71af
:104cc80002200ff0d9f9274b03f5d952118864f364
:104cd8000f011180918865f30f01918003f5d95276
:104ce800118966f30f01118103f5d9514ff6ff724f
:104cf800088a62f30f00088203f5d951888a62f3a3
:104d08000f00888203f5d95103f5d853088b62f355
:104d18000f000883998962f30f019981124b4ff4b0
:104d28008052c3f88420bff34f8fbff36f8f83f88f
:104d38002c43c3f884215a605200c3f88420bff37f
:104d48004f8fbff36f8f83f82d43c3f884215a60c8
:104d580070bd00bfc6350120b2350120b435012031
:0c4d6800b63501200024014100e100e00c
:020000040000fa
:020000040101f8
:104d740070b50646682013f000f92e4c2e4d2060c5
:104d84006822002112f028fb642013f0f6f8642254
:104d94000021286012f020fb2b684ff461729a8482
:104da4002368ff221a702368f9225a7023680122ab
:104db4009a7023680822da7022689188137941f482
:104dc400d8719180f1075cbf63f0410313710c2328
:104dd40082f844304ff0ff301f2140f20773c2e9dc
:104de4001601c2e91801a2f809302b6800204ff01f
:104df400884183f82e00096c01f44051b1f5005f3d
:104e040014bf07210146d17211735a6902f0f801e7
:104e14000a4a0a43c3e90520094ac3e91022c3e93f
:104e24001222c3e91422c3e91622064b064a5a6128
:104e340070bd00bf00010020fc000020010100053e
:0c4e4400af7f020160320120c1160101a5
:020000040000fa
:020000040101f8
:104e5000f0b58db0064607924b7906930b79059312
:104e6000cb7804938b7803934b7802930b78019360
:104e70002b4b00930c46012317462c210222ec20d9
:104e8000fff7e4f800238df8273012f043fff0b16c
:104e9000244d2b685b6c984750b10c25224b009336
:104ea000019501230022ff21ec20fff7cff834e029
:104eb0002b689b6c98470028efd12b68db6c9847d8
:104ec0000028ead12b681b6d98470028e5d19df892
:104ed000283006f0010666f300038df828302368b9
:104ee000cdf829300df12701a388adf82d300aa89f
:104ef0000bf028f805460028d0d19df8283066f33d
:104f000000038df828302368cdf829303946a3886e
:104f1000adf82d300aa803f0b3ff28460db0f0bd60
:0c4f20004c290201fc0000207e6c020104
:020000040000fa
:020000040101f8
:104f2c002de9f04104460089884617460ff062f9d6
:104f3c00064600284dd000233b7088f8003063896a
:104f4c00a3f11002072a04d82046bde8f04109f06d
:104f5c001bbf013b0d2b06d821460af021fa012379
:104f6c003b70bde8f0814ff4827013f002f80546f7
:104f7c0000283cd00b230370238983806389c38072
:104f8c00237c0372a3894381e3898381637c43720d
:104f9c00e2891ab161680e3011f09afc042128469e
:104fac0010f070f923689b7bd90712d5012388f880
:104fbc000030237c522b18bff374237c122b0ad1a4
:104fcc0023689b7b9a0604d56389b38263681b882c
:104fdc00f3820020c5e7162bfbd101233b7086f82a
:104fec00383096f83930013386f83930f1e72368d8
:0a4ffc009b7bdb07edd58020b3e7b7
:020000040000fa
:020000040101f8
:025006007047f1
:020000040000fa
:020000040101f8
:105008002de9f84300295ed00f4600242f4e304b7f
:1050180000f1010edff8bcc006e00cf801809a60d0
:10502800621c0134974244d9726802f00702012acf
:1050380018d09968dd684a1cd3f81080424528bf0b
:105048000022954236d010f80480756805f00705ef
:10505800012de2d14d000cf81180691c00250cf8d7
:105068000150dce7d3f80880d96808f101021d690e
:10507800aa4228bf002291421cd01ef8145010f8f2
:10508800141041ea0521756805f00705012d05d0c2
:10509800c9b20cf808109a60621cc2e74fea4805ca
:1050a8005ffa81f90cf818900135090a0cf8051017
:1050b800f1e7144611f00efd10b1044b01229a7568
:1050c8002046bde8f8830c46f4e700bf000c00401a
:0850d800903101208c2f012012
:020000040000fa
:020000040101f8
:1050e00038b5c368dc68a36ae169226a8a60e1694d
:1050f000516004f118015a688a4204bf226a5a605a
:105100000022a2621a68013a1a60254b1b68002b24
:105110003ad16369a168e2688a60a1685160211d83
:105120005a688a4204bfe2685a60002262611a68c3
:10513000013a1a60e36a1b48056801229a402a4333
:105140000260194a03eb830302eb83035b68a360ed
:105150009868e06041609960e06a81000b189b00ec
:10516000d5186561014452f821100131d1500ff07a
:10517000c3fe0e4b1b68e26adb6a9a4283bf0120c2
:105180000b4b1860002038bd0a4b5a68e2619068ea
:10519000206241609160a3621a6801321a60e8e7f8
:1051a000e0340120e83401208c300120cc3401208f
:0851b0000435012074330120d5
:020000040000fa
:020000040101f8
:1051b80073b50023022904461546adf8063054d1cc
:1051c8000bf096ff002852d16d78012d4dd894f838
:1051d8003b6094f838305eb9012b0ed12946204641
:1051e8000ef0bafe182384f83860e37402b070bd7c
:1051f800204613bb2db910f033f820460af042fcc4
:10520800f4e70ff0c5fe054678b90df10601204612
:1052180009f084fc054640b9204608f033f90546f4
:10522800204610f01df8002de7d0ebb2bdf806209f
:105238001821204603f0d2fdd8e735b910f010f850
:10524800294620460ef088fed0e70ff0a1fe05465d
:1052580078b90df10601204609f060fc054640b911
:10526800032384f838300121ebe70425dde7122514
:10527800dbe7204602210ef06ffe002384f8383069
:0852880020460ff0edffd0e716
:020000040000fa
:020000040101f8
:1052900070b50c2012f073fe274e284d30600024ac
:1052a000046044608460882012f069fe88222146f0
:1052b000286012f093f83268134643f8044f936065
:1052c00000f0c8fe002835d0f023037403f5e26334
:1052d0004361072303834ff48073a0f82130ff2339
:1052e00080f82530032380f8943080f84740847696
:1052f000134812f0c1fc134812f0c4fc124812f01b
:10530000c7fc124812f0a6fc114812f0c7fc114964
:10531000204612f081fc2b680f4a9a650f4ada6624
:105320000f4a1a670f4a9a670af03cf90cf0e4fa40
:10533000204670bd0720fce7f00000205835012012
:10534000f9600201c9660201f55802014d1d020112
:105350001959020119610201a5ae000139aa000123
:08536000c5fc010139610201e5
:020000040000fa
:020000040101f8
:10536800f0b585b0137801932f4b009306460423bc
:10537800ee200f461546c0210222fef763fe304696
:105388000ff066fb044658b9284b00930246019675
:105398000423c621ee20fef755fe012005b0f0bd1e
:1053a80003a90df10b00039512f0d8fa9df80b3004
:1053b800013bdab20d2a04d90821204604f07cfb0f
:1053c800ebe71b4ad25cba4201d00a21f5e7194a39
:1053d80052f8233013b103992046984794f859306e
:1053e800002bdad0e36d002bd7d093f8ea20002aff
:1053f800d3d01b789342d0d1e37813b92046f7f77e
:10540800f3fae36d5b7913b9204602f0adfde36d65
:10541800002583f8ea50e06d10b112f0aefde565a5
:105428000123a370b9e700bf4122020158220201fb
:08543800c67902019030020167
:020000040000fa
:020000040101f8
:1054400073b5c588032d04460e4617d1837a0c2bfd
:1054500005d003f0fd03082b01d080200ce0236869
:105460000df10700596810f0a7fd0028f5d1236859
:105470009df807209b681a8002b070bd12f00cfbeb
:10548000854239d1a0880ef0bbfe054608b9002040
:10549000f2e7a37a0c2b1bd1236880889a89511cd0
:1054a000884234d2218999b1296c002931d05868b9
:1054b00011f014fa236821899b89aa885b1a0133a9
:1054c0009a42e4d3286c12f05cfd00202864d3e7f4
:1054d0004ff4827012f053fd0028bed0a27aea7415
:1054e00085f83d2015220270a288828004210ff0e9
:1054f000cffe01233370cae7e58812f0d3fa854264
:10550000abd123685c6809f027ff6070bfe70b2010
:06551000b2e70e20b0e737
:020000040000fa
:020000040101f8
:025516007047dc
:020000040000fa
:020000040101f8
:1055180030b52b4c236885b02546002b47d0294948
:10552800294c012011f01efb2b68284a1a60284bd1
:1055380018689a889b798df80630264badf80420b8
:10554800254a1a6000254ff6ff53009002a8adf8cf
:105558000830cdf80a50adf80e5012f002fd23685d
:105568001d7023684ff461721a63694607200ef0b4
:10557800abfc2068213012f0bffc206890f8213085
:1055880013b122300df014fc0120144a062111f049
:1055980025fb2168d1f8ec3103f0f802104b1343d6
:1055a800c1f8ec31fef7c0fd002005b030bd302059
:1055b80012f0e1fc20600028b1d10220f5e700bf1d
:1055c80008350120217102019c000020602402019d
:1055d800787e0201a4000020414702010d36020135
:0455e80001060200b6
:020000040000fa
:020000040101f8
:1055ec002de9f341044641200f4612f0c2fc05465a
:1055fc0050b92f4b009302460423c821ee20fef72e
:10560c001ffd02b0bde8f081064604f1120806f851
:10561c00017be37800f121076bbb20224146304629
:10562c0011f056f9e16d2022eb31384611f050f9aa
:10563c00e06d412200f5b873294600f5c070f6f70d
:10564c003bfde16d2022eb31304611f041f9202277
:10565c004146384611f03cf9e06d412200f5d87313
:10566c00294600f5e070f6f727fd284602b0bde8a4
:10567c00f04112f080bce16d2022eb31304611f08c
:10568c0027f920224146384611f022f9e06d4122db
:10569c0000f5b873294600f5c070f6f70dfd202211
:1056ac004146304611f014f9e16d2022eb31d0e780
:0456bc001473020160
:020000040000fa
:020000040101f8
:1056c00090b484b000af0446084611461a462346fb
:1056d000fb710346bb710b467b7113467b80fb79e4
:1056e00003f1824303f5b0331b88fb81ba797b79e0
:1056f000d31a0133012202fa03f35a1e7b7902fa0c
:1057000003f31bb2db431ab2b7f90e3013401bb2de
:10571000fb817a887b7902fa03f31ab2b7f90e306b
:1057200013431bb2fb81fb7903f1824303f5b033d2
:105730001a46fb89138000bf1037bd4690bc7047e6
:1057400080b485b000af0346fb710b46bb711346b6
:105750007b71fb7903f1824303f5b0331b88fb8136
:10576000fa89b9797b79cb1a0133012101fa03f364
:10577000591e7b7901fa03f31a407b7942fa03f34d
:10578000bb81bb8918461437bd465df8047b704762
:020000040000fa
:020000040101f8
:105790002de9f0418ab01d462f4b0190074600933a
:1057a000ec200e469046012302224b21fef74efcd0
:1057b000384610f0bff9002848d0046820460ff0a2
:1057c00050fef8b194f8ed30db0741d53368c4f8ea
:1057d000ff307368c4f80331a4f808812b68c4f85b
:1057e000223104f591726b685360ab689360eb688b
:1057f000d36020460cf0d8ff60b3002420460ab0e6
:10580000bde8f081336828686968cdf80e307368a8
:10581000cdf8123006ab03c3a868e968adf80c7088
:1058200003c31c22204603ab0521adf8168009f006
:1058300093f804460028e0d0084b0093019401231c
:105840000022ff21ec20fef701fcd7e70224f3e75a
:105850001a24f1e70724efe7084c0201244c020167
:020000040000fa
:020000040101f8
:1058600038b5d0f8a4410546002c32d0012380f889
:10587000ac3123790a2b0bd8dfe803f0062c303546
:105880003c0a40464d0a5200a368188804f088f884
:10589000254b1b680bb120469847244b1b680bb166
:1058a0002046984795f8ac31012b0fd1d5f8a4319b
:1058b0001b68c5f8a4311bb905f5d273c5f8a8312a
:1058c000a06812f05efb204612f05bfb002385f817
:1058d000ac3138bda068fcf76bfed9e7a368188827
:1058e00004f0f2fed4e7a3689a885988188801f07a
:1058f0006ff9cde7a068f8f7d9fcc9e7a3689978f4
:105900001888fdf793fec3e7a368da7899781888ba
:10591000fdf78cfabce7a368187802f0d5fab7e770
:10592000a06801f03ffcb3e7f8000020f40000207d
:020000040000fa
:020000040101f8
:105930002de9f04f00252f462c4600bf4ffa85f881
:10594000984512db4fea430909f1ff3a4ff000088e
:105950005ffa88f606eb030e4ffa8efed64528db7b
:10596000484400f8014cbde8f08f4ff0000c02eb0a
:105970000509e64611f80ca019f8016944ea072464
:105980000afb06f616fa84f4a4b20cf1010ca64246
:1059900088bf0ef1010e4ffa8cf6b0454fea14277e
:1059a0005ffa8efee4b2e5da44553c4601357746af
:1059b000c4e701363d4676b2002700bf4ffa86fca9
:1059c000634505dc00f80e4008f101082c46bfe7ee
:1059d00002eb0e0cc6f1000b44ea05251cf80bb0d7
:1059e00011f806c00bfb0cfc1cfa85f5adb2ac45fa
:1059f00088bf0137ecb2ffb201362d0adee700bfe7
:020000040000fa
:020000040101f8
:105a0000324bd3f8602f10f0010114bf42f00102b5
:105a100061f30002c3f8602fd3f8602f10f0020189
:105a200014bf42f0020261f34102c3f8602fd3f8c1
:105a3000602f10f0040114bf42f0040261f38202ef
:105a4000c3f8602fd3f8602f10f0080114bf42f0a4
:105a5000080261f3c302c3f8602fd3f8602f10f07f
:105a6000100114bf42f0100261f30412c3f8602f5a
:105a7000d3f8602f10f0200114bf42f0200261f330
:105a80004512c3f8602fd3f8602f10f0400114bf07
:105a900042f0400261f38612c3f8602fd3f8602f02
:105aa00010f0800114bf42f0800261f3c712c3f806
:105ab000602fd3f8602f10f4807014bf42f480720e
:105ac00060f30822c3f8602f704700bf0024014133
:020000040000fa
:020000040101f8
:105ad0002de9f7432a4bd3f8008018ea000f04465b
:105ae00038d1002836d0083463071cbf24f00704df
:105af0000834002c2ed0234b1e68a642994629d389
:105b0000214b1d686a68a24202d22a68002a34d159
:105b10001e4a1268aa421dd02a681f681a606b6864
:105b20001b1b102b07f1080704d9281943606c6070
:105b30000af0befc16496a680868b61a864248ea46
:105b400002024ff00003c9f8006038bf0e606a60bf
:105b50002b6077b90f4b1b680bb1002098470e4b99
:105b600000930194052300220221ef20fef76efa34
:105b70000027384603b0bde8f0832b461546c1e741
:105b80001c350120203501205c34012028350120fe
:0c5b900024350120c8000020cc6b02016d
:020000040000fa
:020000040101f8
:045b9c000c6b02018b
:020000040000fa
:020000040101f8
:105ba00053ec102bc3f30a512de9f04140f2fd7084
:105bb0004e1e86421d4645d8a1f2ff30002835db37
:105bc000332831dc284bc0f120084ff0ff3c03faaa
:105bd00008f2a1f21f412cfa00fc10ee104a4cea28
:105be000020c23fa01f24cea020c23fa00fe04ea4a
:105bf0000c0605ea0e0724ea0c0256ea070425ea19
:105c00000e030fd0002a73f100040bdb4ff4801554
:105c100005fa08f425fa01f10c43121925fa00f0ef
:105c200040eb030343ec102bbde8f081002a73f135
:105c3000000303db9fed080bbde8f0819fed080b2f
:105c4000bde8f0810029efd10a4603f0004343eca0
:105c5000102be9e7aff30080000000000000f03fe8
:0c5c60000000000000000000ffff0f002b
:020000040000fa
:020000040101f8
:105c6c0010b586b00023032904468df8013038d1d5
:105c7c000df10200511c11f087ff20460bf036fa93
:105c8c00002831d102aa01a9bdf802000ef032f9a8
:105c9c0000283fd0029b5b68d3e90112107811f009
:105cac0041fd019a0346d27b2088012101f008ffb7
:105cbc0080b2c8b901998b7b9a0723d52388adf89c
:105ccc001030bdf802300391adf81230adf814006d
:105cdc000a230df1010103a88df8163007f09cfb87
:105cec0002e0adf8023004209df8013043b998b9b8
:105cfc0001998a68496812880b23204608f012fd26
:105d0c0006b010bd9b06efd5bdf8022020460ef064
:105d1c0053fde9e70120e7e7c3b2bdf802200a21f1
:085d2c00204603f059f8ebe7f3
:020000040000fa
:020000040101f8
:105d340038b5214c214d21782846222300f8013b17
:105d4400023112f01ef942f68831e81c12f019f9fa
:105d540023781b4a1b4802eb0311c1e900051a48ca
:105d640088601a48c860591cc9b202eb011118486e
:105d7400086018484860184888601848c860991c2a
:105d8400c9b202eb01121649116016495160164955
:105d9400164891601649d1600333027c1549dbb281
:105da40023709bb221f8223001eb820102240132dc
:105db4004c800274c38138bdbf3501208734012073
:105dc4002c2e0120f67f02016a5502010500000114
:105dd40082fb01011c330120e47f0201180002034d
:105de400f47f020196340120e27f0201b0330120e6
:085df400020020330c350120f0
:020000040000fa
:020000040101f8
:105dfc002de9f04385b00d689df8003095f81a90a8
:105e0c0069f300038df800302b461446174653f8ff
:105e1c001b2fcdf801200e469b88adf8053080462f
:105e2c00684604f025fa3279224917f8023b8a5c5d
:105e3c0062f3030343f02003237095f834200032ff
:105e4c0018bf0122dbb262f386132370dbb258b3a6
:105e5c0043f08003237095f822308df80a3095f8c2
:105e6c0024308df80b3095f838308df80e303379ae
:105e7c008df808800c2b0abfeb6b95f837301b8a1a
:105e8c003a4608bfc3f38013314602a88df80f3091
:105e9c00f5f72effa378c3f30502337a13440133cd
:105eac00637005b0bde8f083b9f1000fd0d169f390
:085ebc00c713cfe700790201d2
:020000040000fa
:020000040101f8
:105ec400f7b52e4b019004460f460093022201239e
:105ed4001121ec20fef7b8f811f098fc00283ed10f
:105ee4001f2c47d834b12046fff7f0fd002843d0db
:105ef4000df05afc224b1868f021043011f078fea2
:105f0400054654b32046fff7e1fd0646d5f8ac003c
:105f140020b10df049fc0023c5f8ac3034b1c5f80c
:105f2400ac6022463946304610f0d6fc95f8fe3077
:105f3400a5f8b040db0744bf012385f8fd3095f890
:105f4400f8301bb1022128460ff0d8f8012011f0d7
:105f540045fc0024204603b0f0bd2646d6e70c24b9
:105f6400084b0093019401230022ff21ec20fef74b
:105f74006bf8efe71224f3e70724f1e7166f020149
:085f8400f00000202e54020180
:020000040000fa
:020000040101f8
:105f8c00f7b52e4b019004460f46009302220123d5
:105f9c001221ec20fef754f811f034fc00283ed10d
:105fac001f2c47d834b12046fff78cfd002843d076
:105fbc000df0f6fb224b1868f021043011f014fea2
:105fcc00054654b32046fff77dfd0646d5f8bc00c8
:105fdc0020b10df0e5fb0023c5f8bc3034b1c5f899
:105fec00bc6022463946304610f072fc95f8fe3003
:105ffc00a5f8c0409b0744bf012385f8fd3095f8f8
:10600c00f8301bb1022128460ff074f8012011f072
:10601c00e1fb0024204603b0f0bd2646d6e70c2455
:10602c00084b0093019401230022ff21ec20fef782
:10603c0007f8efe71224f3e70724f1e7656902019b
:08604c00f00000202e540201b7
:020000040000fa
:020000040101f8
:1060540073b54ff4de71002005f0d4fd0546002829
:106064004ed004684ff4de720021204611f0b4f9da
:1060740004f1c803c4f8cc3004f1d003c4f8d4301c
:1060840004f5ba73c4f8783104f5be73c4f88031ea
:1060940004f5c273c4f888311b4ba5601a68002646
:1060a4002660916861600c6094601a68137801330b
:1060b40013703146182204f5c67011f08df9134b94
:1060c400c4f898511822c4f89431314604f5d270ba
:1060d40011f082f90e4bc4f8b051c4f8ac3101216f
:1060e4000df1070007f06cfa9df807102522b1fbab
:1060f400f2f302fb131384f85230064b6b6025460f
:10610400284602b070bd00bff0000020000101006d
:086114000101030095ff0101e8
:020000040000fa
:020000040101f8
:10611c002de9f8430446008911f017ff002855d0eb
:10612c0026893046d4e903790ef064f880460028bd
:10613c004ed0fa2011f01dff044600284ad011f071
:10614c00a5fc2080182060803b686360251d7b685f
:10615c006b60bb68ab60fb68eb60d9f800306361c7
:10616c00d9f80430a3611d2384f8f830b8f8043052
:10617c00834223d8013b6380d8f840701fb911f0db
:10618c00f8fe074600b330462146f8f7d3fa064628
:10619c0080b93b4605f1180255f8041b43f8041b63
:1061ac009542f9d1c8f84070204611f0e4fe304613
:1061bc00bde8f883384611f0defef5e7304621469f
:1061cc00f8f7b8fa0646efe70226ede70426eee705
:0861dc000326ece70226eae7c6
:020000040000fa
:020000040101f8
:1061e400304bd3f8842f6ff31f62c3f8842fd3f896
:1061f400882f6ff30702c3f8882fd3f8882f6ff323
:106204000f22c3f8882fd3f8882f6ff31742c3f8ef
:10621400882fd3f8882f6ff31f62c3f8882fd3f821
:106224008c2f6ff30702c3f88c2fd3f88c2f6ff3e6
:106234000f22c3f88c2fd3f88c2f6ff31742c3f8b7
:106244008c2fd3f88c2f6ff31f62c3f88c2fd3f8e5
:10625400902f6ff30702c3f8902fd3f8902f6ff3aa
:106264000f22c3f8902fd3f8902f6ff31742c3f87f
:10627400902fd3f8902f6ff31f62c3f8902fd3f8a9
:10628400942f6ff30702c3f8942fd3f8942f6ff36e
:106294000f22c3f8942fd3f8942f6ff31742c3f847
:0862a400942f70470024014112
:020000040000fa
:020000040101f8
:1062ac0070b590f84740052c01d8032c18d1a9b92a
:1062bc0000eb8200036f1fe000eb830200eb430155
:1062cc00126fb1f888401168013364f3de3111604c
:1062dc00dbb290f894209a42eed870bd0023f8e718
:1062ec0014f0fd0327d109bb00eb8200036f1a6881
:1062fc0061f3de321a60c36f1a6861f3de321a6022
:10630c00ebe71ab200eb820100eb42020c6fb2f821
:10631c008860256866f3de352560c96fb2f88e405b
:10632c000a68013364f3de320a60dbb290f8942021
:10633c009a42e6d8d1e7042ccfd10029b8d000235b
:10634c000de000bf00eb830200eb4301126fb1f8cc
:10635c0088401168013364f3de311160dbb290f8d0
:08636c0094209a42eed8b8e734
:020000040000fa
:020000040101f8
:1063740070b52d4c2268157815f0040553d1517869
:106384002a4b49001e68c9b261f307061e605178a2
:106394001e6801314900c9b261f30f261e605178ad
:1063a4001e6802314900c9b261f317461e60517874
:1063b4001e6803314900c9b261f31f661e6051783b
:1063c40004315170821c1a4922f070420a60a3f50c
:1063d4001472c0b2118860f307011180a3f58362bf
:1063e400a3f50b73116865f34d3111601a8842f0ff
:1063f40001021a8023685a78272a0ad95d70236813
:106404005a799979013a914202bf1a7842f004020a
:106414001a7023681a8e013a1a86da790132da710f
:10642400044b01221a7070bdd8010020503c014178
:08643400e0010020e40100205a
:020000040000fa
:020000040101f8
:10643c0070b52d4c2268157815f0040553d15178a0
:10644c002a4b49001e68c9b261f307061e605178d9
:10645c001e6801314900c9b261f30f261e605178e4
:10646c001e6802314900c9b261f317461e605178ab
:10647c001e6803314900c9b261f31f661e60517872
:10648c0004315170821c1a4922f070420a60a3f543
:10649c001372c0b2118860f307011180a3f21c4281
:1064ac00a3f50a73116865f34d3111601a8842f037
:1064bc0001021a8023685a78272a0ad95d7023684a
:1064cc005a799979013a914202bf1a7842f0040242
:1064dc001a7023681a8e013a1a86da790132da7147
:1064ec00044b00221a7070bdd8010020543c0141ad
:0864fc00e0010020e401002092
:020000040000fa
:020000040101f8
:10650400f0b5d0e9037585b000890ef0a3fa04460e
:10651400002854d0c16d002951d090f85730002b79
:106524004dd007b13db92046082103f0c7fa04460f
:10653400204605b0f0bd2b68c1f86f306b68c1f818
:106544007330ab68c1f87730eb68c1f87b30c36d4a
:1065540001229a70412011f010fd064688b30023f1
:1065640000f8013be16d2022eb3110f0b5f9e16d4b
:106574002022eb3106f1210010f0aef94122314620
:1065840028466b46f5f79cfd10226946384610f004
:1065940095f978b9e37853b9e16d204601f5e071d6
:1065a40008f0ebfa0446304611f0e9fcc0e7072393
:1065b400a370f7e70421204603f080faf2e70124f0
:0665c400b6e70224b4e773
:020000040000fa
:020000040101f8
:0265ca00fee7ea
:020000040000fa
:020000040101f8
:1065cc002de9f04104468846274b1d68274b1e6871
:1065dc00274b1f68274b1a68002182f85110186846
:1065ec0004300ff01efb48b9224b1a6822490b6885
:1065fc00d06a0122824023ea02030b60b4f1ff3f10
:10660c000dd02c441b4b1b685c60a5421ed9194b4a
:10661c001968043138460cf057ffbde8f081b8f129
:10662c00000feed0154a5168124b1868816018683b
:10663c008c68c46018680430606018680430886026
:10664c001b685a61136801331360e6e7094b19683c
:10665c00043130460cf038ff094b1b68a34284bf51
:10666c00074b1c60d9e700bf00350120d034012056
:10667c00d4340120cc340120e834012088330120ab
:04668c00f0340120c5
:020000040000fa
:020000040101f8
:10669000002856d070b50446c26a2b490968c96af9
:1066a0008a4245d28169002905db27490968c96a00
:1066b000c1f10501816102eb8202244901eb8202f2
:1066c0006169914205d0204a1268d26ae2620120d3
:1066d00036e0251d28460ff0aafa38b91c490b6888
:1066e000e06a0122824023ea02030b60164b1b681a
:1066f000db6ae36216490e68012000fa03f23243b6
:106700000a60124a03eb830302eb83035b68a36016
:106710009968e1604d609d60e56aa9004b199b0096
:10672000d6186661294452f821100144d15007e07f
:10673000054a1268406cd36a98422cbf00200120a1
:1067400070bd0020704700bfcc3401208c30012088
:04675000e834012008
:020000040000fa
:020000040101f8
:10675400f7b50446c07a15460023dab2904201d850
:1067640080201ee09e00e268925baa4203f10103ce
:10677400f3d10df1060011f00bfa6b1e0d2b12d89c
:1067840028460ff037fcbdf80630022be8d80bb1d1
:106794000342e5d0e26816447380237adb0717d4fa
:1067a400002003b0f0bd1a4b1b6818680028ead01b
:1067b400017c0023dab2914201d80068f6e78268ce
:1067c40002eb830201331788af42f3d15088dae732
:1067d4004ff4827011f0d1fb05460028e0d0e07a36
:1067e400800011f0cafb68600028d9d012232b70f6
:1067f40023882b81e27aaa72e168920010f06cf887
:10680400284604210ef042fd686811f0b8fbc7e782
:04681400a8000020b8
:020000040000fa
:020000040101f8
:106818002de9ff4705460e4614460ef0e9ff00270e
:10682800294b99461a689200fcd428686968274b56
:1068380003c3a868e96803c330687168a3f1dc0280
:1068480003c2b068f16803c2a3f1600aa3f1280883
:106858000af0b6fed9f8003043f00063c9f80030fa
:106868000ef00efcd9f800309b00fbd4daf80030ab
:10687800c3f3400353b9164a03ca2060616003cad0
:10688800e160e27ba06042b1184619e0b8f8003038
:1068980043f02003a8f80030dae72fb11022214690
:1068a800684610f009f858b1206861686b4603c360
:1068b8000137a068e168ffb2052f03c3b0d10120fa
:1068c80004b0bde8f08700bf30340141dc34014139
:0468d8002034014126
:020000040000fa
:020000040101f8
:1068dc0038b50468a36fd90505462bd51a0525d5ff
:1068ec0005f046fa294bda6a42f40032da62da6ac7
:1068fc006ff35142da62da6c42f40032da64da6c29
:10690c006ff35142da64da6c42f48022da64da6ca6
:10691c006ff39242da6494f96d30002b0bdb637ddc
:10692c000133637520460df055fd15e00ef0f2fdb8
:10693c000028d5d038bda36f1b0605d5e37d012bf0
:10694c001ad128460ff026f90af038fea36f23f06f
:10695c004003a3670ef092fbe37d012b06d1237d50
:10696c0013f0180f02d028460af00efb284600211f
:10697c00bde83840ecf702be0af020fea36f23f00e
:10698c008073a3670ef07afbdee700bf00240141a1
:020000040000fa
:020000040101f8
:10699c0030b503780e2bc3b0044622d00f2b3ed05b
:1069ac00062b1bd100250ce009238df8083004ebd5
:1069bc00850302a8db88adf80a3009f0ddf8013553
:1069cc00edb22379ab42efd800220434019200944b
:1069dc00222313214ff482700df01aff012043b0d3
:1069ec0030bd03798df80a300025411d20220df1b0
:1069fc000b008df808500ff06bff04f125012022dd
:106a0c000df12b000ff064ff043402a80ef094fe7d
:106a1c000195009441232a4640f63e01dae7012312
:106a2c00411d20228df8083003798df80a300df1c4
:106a3c000b000ff04dff02a80ef07efe0434002276
:0c6a4c0001920094212340f63e11c3e7a4
:020000040000fa
:020000040101f8
:106a5800f0b585b013780193294b009305460423bc
:106a6800ee200f46164650210222fdf7ebfa284683
:106a78000df08efe044658b9224b0093024601954c
:106a880004235221ee20fdf7ddfa002005b0f0bd09
:106a980003a902a8039610f061ff03a90df10900ec
:106aa80010f05cff03a90df10a0010f00ffabdf811
:106ab8000a203b1f9a4206d000231a461946284648
:106ac80002f092fee1e79df80930a3719df80830c5
:106ad800013bdab2192a07d900231a461946284673
:106ae80002f082fe0120d1e7074a52f8233023b191
:106af8003246394628469847f4e71846c6e700bfa5
:0c6b0800042202011b220201ecd2010158
:020000040000fa
:020000040101f8
:106b140003297fb5044615464cd10af0ebfa002848
:106b240049d1e3789a074dd413f0100f264b1b6814
:106b340005f101010df10a0014bf1e8a5e8a11f0ed
:106b440027f8bdf80a30162b9cbf1723adf80a307e
:106b5400bdf80a30b34228bf3346a380032011f0a6
:106b6400d3f90546b0b100f11003032103a8039340
:106b740011f014f8314603a811f016f80423009319
:106b84002a460023032120880cf0fbff10b128467d
:106b940011f0e3f94ff4827011f0eff940b10e22d5
:106ba400027022888280a288c28004210ef06efbcb
:106bb40004b070bd0420c3b200220221204602f0ba
:0c6bc4000ff9f5e70620f6e7a800002016
:020000040000fa
:020000040101f8
:106bd000f0b587b02b4b0190cde902120746009328
:106be000ec200e461546012302225021fdf72efa15
:106bf00038460ef09fff00283dd0046894f8ed3031
:106c00009a063ad520460ef02cfcd8b10c20fef79f
:106c10005fff94f8ee30c4f8b0011b07a4f854618c
:106c200004d440f648039d4228bf1d46fb23a4f828
:106c300056510380204610f065fc00b30024204626
:106c400007b0f0bd204604ab06220321adf810705a
:106c5000adf81260adf8145007f07efe044600282f
:106c6000ecd0094b0093019401230022ff21ec207a
:106c7000fdf7ecf9e3e70224f3e71a24f1e7072430
:0c6c8000efe700bfdd3d020142510201c0
:020000040000fa
:020000040101f8
:106c8c0037b5044659bb90f8e2300025032b18bfea
:106c9c0080f8e21080f8e350d0f8b00118b10cf095
:106cac007ffdc4f8b05120880ef03eff94f8e6301a
:106cbc00032b054621d194f8e7102046ecf718ff7a
:106ccc00d8b1002384f8e630d4f8a431dbb101aba1
:106cdc00042219490195032006f0dafd11e001297f
:106cec00e1d10025a0f8e450d0f8b4010028dad0a6
:106cfc000cf056fdc4f8b451d5e794f8e630002bef
:106d0c00e2d003b030bd94f86e309b07f9d594f8ff
:106d1c00e350002df5d1122120460ff040fb002846
:106d2c00efd094f86e3065f3410384f86e30042391
:0c6d3c0084f8e230e5e700bf0706010123
:020000040000fa
:020000040101f8
:106d480030b52c4d2b68da79013ada719a78272a0e
:106d580089b0294622d900249c702a689379013386
:106d6800dbb2937152799a4218d8012007f0b6f82d
:106d78002b681a789c7164f382021a702b681a784f
:106d880064f301021a702046f8f784f82346224675
:106d98001949012006f07efd09b030bd0b681a784c
:106da80002f00702022af7d11a8e5ab102ab142256
:106db8000021184610f00efb002200920fc8fdf7c4
:106dc80059f8e9e7d9790029e6d1182202a810f084
:106dd80001fb012007f082f89df8083043f0020318
:106de8008df8083002a801238df80a30f8f752f818
:0c6df800d2e700bfd80100200007010115
:020000040000fa
:020000040101f8
:106e040030b501792a4bf1b1012934d01a6842f026
:106e140080021a60274ad0f80510116052f8041f46
:106e2400407a60f3040111601a6842f040021a606b
:106e34001a685106fcd41a685200fcd51e4b186817
:106e4400c0f3054030bd1a46058852f80c4f65f36f
:106e54000f0414601468458865f31f4414601a68ad
:106e640061f34d321a601a46448952f85c1f64f388
:106e74000f011160cae703f500720488116864f316
:106e84001f41116003f501724488116864f30f0116
:106e94001160116841f4e02111601a6842f4005253
:106ea4001a601a46448952f8681f64f31f41e0e7e8
:0c6eb4005434014158340141b034014114
:020000040000fa
:020000040101f8
:106ec0002de9f843eff311874ff0200484f3118884
:106ed000bff36f8fbff34f8f856bc46ba54206d393
:106ee000022b04d0002087f31188bde8f8831d46eb
:106ef0009046044690f8456076b2d0f838901a462d
:106f000005f006fbb6f1ff3f21d1a36c7bb1022d4a
:106f100002d1b9f1000f24d1204607f0e3fe10b3ef
:106f2000b8f1000f21d00120c8f80000dbe7636a48
:106f30000bb90120d7e704f12400fef7d1f8b0b176
:106f4000b8f1000f15d00120c8f80000cbe710f011
:106f500079fd86420fd2013676b284f84560012071
:106f6000c1e70120bfe70120bde70120bbe7012009
:0a6f7000b9e70120b7e70120b5e7fb
:020000040000fa
:020000040101f8
:026f7a0070475e
:020000040000fa
:020000040101f8
:106f7c002de9f041294e2a4c4ff00108294f13e01e
:106f8c00226afab1616a236a40469847a36a0133c0
:106f9c00226b934228bf002314e0a26aedb2bd54c9
:106fac00a36294f83430fbb9337e13f0040f32d063
:106fbc00b56aa36a0133226b934228bf0023e26aad
:106fcc009a42ddd0e26a9a42eed0726802f0070271
:106fdc00012ae2d1a16a4a00e8b207f81100013295
:106fec00c5f30725bd54dbe70ff07efd236a002bac
:106ffc00dad0616a94f83c3033b1a36b9842d3d3a6
:10700c00236a00209847cfe7a36b9842ccd1236a20
:10701c0000209847c8e7bde8f08100bf000c004095
:08702c00903101200c2f01201e
:020000040000fa
:020000040101f8
:1070340030b50378152bc3b0044623d1851d0379dd
:1070440040798df80a3029460df090ff63898df858
:107054000b00d4f806000390adf8103002a80d23fd
:107064008df80830043408f08bfd0022019200945e
:10707400082341f23e314ff482700df0cdfb012024
:1070840043b030bd1b2bfad140790ff049fa0128e7
:10709400134b05d801228240187820ea02001870a8
:1070a400187840b90f4b1a68137823f0080313704b
:1070b40003210df059fb237a8df80e3054f8042f78
:1070c400cdf80a20122302a88df8083008f058fde4
:1070d4000022cde90042062341f23e21cbe700bf66
:0870e400823401209c00002011
:020000040000fa
:020000040101f8
:1070ec002de9f04f047a14f00704034618bf01246d
:1070fc00274850f8346084467eb900ebc4051e6006
:10710c0040f834306b60234840f82430002a3cd0df
:10711c000846bde8f04f02f0d9bfd3f804a04ff0f9
:10712c00000eaaeb010bb0463746f146bbf1000f3f
:10713c001ffa8ef5786807db401a002816daddb9dd
:10714c001e604cf83430dee7b9f1000f0ed1401a56
:10715c00002809db38680135adb20ef1010eb846d6
:10716c000028ecd00746e1e74ff001097868a0eb66
:10717c000a000028eedde2e7d8f800201a6012b908
:10718c000cebc4046360c8f80030bde8f08f00bf9e
:08719c00e83301206c340120ee
:020000040000fa
:020000040101f8
:1071a40030b5044687b000880ef0c2fc00284bd0ee
:1071b400e2880568a38802fb03336a8f534362891c
:1071c400b3eb820f42da95f8f13003f06003602be1
:1071d4003ed128460ef043f9eb6f10b31a0722d5bf
:1071e4001420fef773fcc5f8b00163880380a388fc
:1071f4004380e38883802389c3806389038128468d
:1072040007f0a9ff002814bf00240724114b0093a2
:10721400022201235b21ec20fcf716ff204607b075
:1072240030bd1b0702d4288803f04cfa206861683b
:1072340003ab03c3a06818600c2203ab0a212846e1
:1072440007f088fb0446e1e70224dfe71224dde7c8
:087254001a24dbe72c6f020194
:020000040000fa
:020000040101f8
:10725c0038b50468294a94f8f430126823f0030313
:10726c0084f8f4300023c4e96c33a4f8e230c4f899
:10727c00e43084f8f2301178c4f8ee30204b84f806
:10728c00ed10c4f85431137ad90754bf537a07233d
:10729c0084f84231137a9b0754bf937a072384f8fe
:1072ac004331184bc4f850310546014640f2026296
:1072bc0004f5ae700ff06bfb40f20362294604f547
:1072cc00ba700ff064fb40f20462294604f5c670f4
:1072dc000ff05dfb94f86e306ff3410384f86e3061
:1072ec0004f5d2720023c4f84431c4f84c31c4f80c
:1072fc00a431c4f8a82184f8ac3138bd00010020b9
:08730c00fb009042b80bdc0508
:020000040000fa
:020000040101f8
:107314002de9f0418ab00468294b0993236f5b027d
:10732400039340f20113adf80230638f15465a00ff
:1073340040f27123534306464ff0000820460f469f
:1073440005938df800800ef0a5ff628f049040f243
:10735400e24353438df80170cde90638089645bbe6
:10736400adf80450029504f1cc016846f9f738fff2
:10737400237e122b16d1e37da3b994f83700658fd1
:1073840003f2e24358435d430ef092fd00220d4b9d
:1073940010f0a0fd0ef014fc2a4681b2d4f8cc0003
:1073a40009f066fdd4f8cc0003f0d0f90ab0bde8ca
:1073b400f0812b68adf804306b680293d3e700bf0b
:0873c4006dea0101008883401d
:020000040000fa
:020000040101f8
:1073cc007fb590f85040064634bb294d2b68d3f856
:1073dc00483283b10ef03afe296891f850220346e8
:1073ec005ab13246d1f848122046aff300802b68d0
:1073fc000022c3f8482204b070bd012081f850026d
:10740c000092d1f848220393cde901266b46102255
:10741c00184906f03dfaeae7012cecd1144d2b6823
:10742c00d3f84c32002be6d0002918bf02240ef002
:10743c000dfe296891f85022034652b13246d1f81c
:10744c004c122046aff300802b680022c3f84c226c
:10745c00d1e7012081f850020094d1f84c2203931b
:10746c00cde901266b461022024906f011faebe732
:08747c00880100200d01000150
:020000040000fa
:020000040101f8
:1074840030b5c36d85b00446002b3ad04ff4f87282
:107494000021e06d0ff0a0ffe06dbc300ff070fb39
:1074a400684610f02bfde26d0098c2f8cc0002f1a2
:1074b400cc03bdf804109df80620998025469a71e6
:1074c40035f80b0b02a90ef055fdddf80930c4f8b0
:1074d4000b30bdf80d30ab809df80830e26d003301
:1074e40018bf01236374022382f82c30e26d82f802
:1074f4002d30104b1b68587810f001000ad105b0ec
:1075040030bd4ff4f87010f038fde0650028bdd1af
:107514000120f4e7e26d92f82c3043f0010382f885
:107524002c30e26d92f82d3043f0010382f82d30b7
:087534000020e4e798010020ab
:020000040000fa
:020000040101f8
:10753c00f7b5047a082c4cd8c5680023a5f12801ae
:10754c002820dab294423ed8254f3b681e78002e94
:10755c0041d130460af054fb0bf060fc3f6807f158
:10756c0034034ff4a072314618460ff031ff87f800
:10757c00324094b304eb8402d20029460ff0a8f9f0
:10758c00284609f0b5ff95f82720012a0fd12b7852
:10759c008df800302b46684653f8011fcdf80110ca
:1075ac009b88adf805308df807200cf0dff801361c
:1075bc00f6b2b44205f12805e2d101200af020fb15
:1075cc00002003b0f0bd013300fb03f28a5c012afa
:1075dc00b7d90320f5e70520f3e72046f1e700bf14
:0475ec009c000020df
:020000040000fa
:020000040101f8
:1075f00013b502460c4610f01bf9002847d0262a86
:107600002ad0292a35d0202a43d1234bf1b11b6837
:10761000da7812f0300f3cd01a7942f001021a7178
:1076200000241e4b0093022201232d21ec20fcf7a5
:107630000dfd44b11a4b0093019401230022ff2158
:10764000ec20fcf703fd204602b010bd1a68137948
:1076500023f001031371e4e70f4b1a68137929b182
:10766000980616d543f040031371d9e723f0400381
:10767000f0e7094b1a68537929b1d90709d543f0c6
:1076800002035371cce723f002035371c9e70c24c2
:10769000c7e71124c5e700bf0001002017740201ed
:0476a0007e6c0201f9
:020000040000fa
:020000040101f8
:1076a40030b5c278837885b004462abb0d2b0bd144
:1076b400c06d102200f5c8700ff000f9054628b11e
:1076c4000b21204602f0faf905b030bdadf80400f4
:1076d400cde9020020460bf0bff8e36d2088a0330b
:1076e40001aa02a90cf0a9fee36d2a46a03329469b
:1076f400204600f0d5fee7e7092be5d1c56d102241
:1077040005f5e8700ff0daf80028d9d16b78042b6e
:1077140016d101232b71e36d9a78002ad4d0187105
:10772400e36d9870e16d01f5c871204607f052fad7
:1077340020460bf091f8e36d0022a0331146d7e701
:10774400012b02d105f5c871efe7022bfad0032b08
:04775400bad1f7e7c8
:020000040000fa
:020000040101f8
:1077580073b50468638fd4f84451f02b94bf94f93f
:107768002c3094f92b3095f913209a4206460edcfa
:1077780094f92c3095f911209a4208dbb4f85c3062
:10778800d4f844210133a2f8153002b070bdaa7ca8
:107798000121d21a204652b20af0f2fc002a1edd5c
:1077a8002b181b7b9907e9d4144b009693f90830e2
:1077b8009a42b8bf1a46002a08da284490f90430d9
:1077c80099181031bcbfc3f1f00252b28df80420f1
:1077d8006b4605220a49012006f05cf8cee7cdd0b9
:1077e80029180b7bdb07c9d42b7c03f03003202b33
:1077f800c4d091f904300f33c0dbd5e7aa010020cb
:04780800050601016f
:020000040000fa
:020000040101f8
:10780c0070b5d0f8ac301e7b182e044602d034d89c
:10781c00012e34d8182ee56802d1b3f80f3073b3ab
:10782c006b7963b310f03afaa18fb4f85030b4f816
:10783c005c20052801fb03338cbf12210c2101fbba
:10784c000323012eab6028d0d6b1182e12d1d4e967
:10785c006c2094f8e260d4f8ac10132e18bf0246da
:10786c009bb29380a1f80f30d4f8442112b10733a6
:10787c00a2f8153000236b7101e0272e15d070bdd6
:10788c00d4e96c20d4f8ac1094f8e240112c18bf59
:10789c0002469bb2d382cb82ece7d4f8ac20d4f86e
:1078ac00b0119bb2cb805382e4e7c36f43f001036a
:0478bc00c367e4e7d3
:020000040000fa
:020000040101f8
:1078c00038b5254d254903200ff050f92b682c467b
:1078d00033b9502010f053fb286060b9022538e01e
:1078e0000025236803eb8503d86a08b109f038ff47
:1078f0000135082df5d15022002120680ff06efdd2
:107900002368174803221a70236809225a702268d4
:1079100010210023917053712268d3710cf040fc48
:107920000546b0b90f480cf053fc054688b90e4a1d
:10793000052101200ff056f90c4906200ef06cfbd2
:107940002268936903f0f80343f0011343f4a06342
:107950009361284638bd00bf9801002021770201bd
:107960003dea000131c3010159c701016953010119
:020000040000fa
:020000040101f8
:1079700070b583780b2b044641d1c06d4022eb30ab
:107980000ef0acff94f853308bb902200df07af86a
:1079900000283bd11f4d2b68da786ab11e4940227e
:1079a00004f112000ef09aff022384f853302046af
:1079b000bde87040fbf746bce278012a0ad1e26dcf
:1079c0005278032a06d1996821b191f850300bb151
:1079d0004022e5e711480ff073ff064680b928689a
:1079e000022384f853301030fcf778f82b6883f8c2
:1079f00028609b680bb183f850600c23a37070bda6
:107a000020460821bde8704002f05ab8012384f8ee
:107a10005330f2e798010020cc1e0201e917020161
:020000040000fa
:020000040101f8
:107a200080b485b000af0346fb71fb791b0443f0c3
:107a30008072134b1a604ff48073fb6000e000bf4c
:107a4000fb685a1efa60002bf9d10d4b5b6803f0fe
:107a50008003002b01d100230ce0094b5b681b0a5b
:107a6000dab2fb799a4201d0002303e0044b5b6851
:107a70001b0c9bb218461437bd465df8047b70475b
:107a8000003e014480b483b000af03463960fb710f
:107a9000fb791b0419460c4a3b680b43136000bf7b
:107aa000094b5b6803f08003002bf9d100bf064b44
:107ab0005b6803f08003002bf9d000bf0c37bd4694
:0c7ac0005df8047b704700bf003e0144ed
:020000040000fa
:020000040101f8
:107acc0073b51e4600230d4614468df806308df80e
:107adc0007300cf08ffb10b90f2002b070bd2c4298
:107aec0004d1012d0cbf02200320f6e7012d04d197
:107afc0014f00e0f1cd10020efe714f0e00ffad0b9
:107b0c00102d09d1610620d50df107030df10602e8
:107b1c000321008805f0effe9df8073003bb14f03d
:107b2c00ee0fe8d09df80630b342e4d20c20d4e737
:107b3c006507e9d4a2070ad414f0080fecd00df1b4
:107b4c0007030df106020121e3e7a30605d50df1ac
:107b5c0007030df106020221dbe714f0800fede7bd
:0c7b6c00012bb9d0022bc6d10520b6e7d2
:020000040000fa
:020000040101f8
:107b780073b50468636f628fdb6899889142064623
:107b880007d1a08fd988884203d1e08f198988420c
:107b98000ad0032184f8aa10998891421fbf0122b4
:107ba80022650022a4f858201a7884f837205a88c9
:107bb80022879a886287da88a2871b89216fe387e0
:107bc8002046012205f0cafda36f628f23f001034e
:107bd800a367e38f00252046c4f88850db00b3fb79
:107be800f2f3c4f8903000f019f8b4f8bc30009300
:107bf8006a46d4f8c03001930c213046fff786fb63
:107c080094f86d3065f3041384f86d30a36f23f096
:0c7c1800040343f00803a36702b070bd32
:020000040000fa
:020000040101f8
:107c240070b505460ef0c6fa6b8fb5f8604040f2a9
:107c3400e2465e43ab7e122b2bd0222b2dd0112b90
:107c440030d100ebc404e6346b7eb5f86400122b2b
:107c54002dd0222b2fd0112b32d104ebc004e634cb
:107c64000ef0a8fab44224f00042a4eb00004ff056
:107c7400000394bf341b002496422cbfb61a1e4640
:107c8400c5f8a400c5f89c40c5f8a060c5f89830b4
:107c940070bd00eb8404c234d6e700eb041404f591
:107ca4001974d1e700eb841404f26634cce704ebd6
:107cb4008004c234d4e704eb001404f51974cfe74c
:0a7cc40004eb801404f26634cae7f2
:020000040000fa
:020000040101f8
:027cce007047fd
:020000040000fa
:020000040101f8
:107cd0002de9f04383b00378032b42d00646684673
:107ce0000bf0c8fc002841d14ff40054204f07f19d
:107cf000010817e04846ebf7fef858b1072269463d
:107d00001c480ef0ddfd08b304e0711cf81d02f004
:107d1000b7fe38bb0135edb20134a4b242f208031c
:107d20009c421fd0e5b22046ebf7c2f80028f1d004
:107d30002046ebf7e0f80028ecd004f108091ffa20
:107d400089f94846ebf7b4f80028d3d13378022bf1
:107d5000dbd006224146701c0ef0b2fd0028d9d1be
:107d600000e00825284603b0bde8f0830825f9e7c0
:087d7000d03101208432012012
:020000040000fa
:020000040101f8
:107d780070b582b0254d264c264e14e0f25c8df885
:107d88000620013322699a4298bf0023e3606b689a
:107d980003f00703012b14bf9df80630bdf8063029
:107da800ab62237dbbb92b7e13f0010f2cd0a268e8
:107db800e3689a4225d06a6802f00702012addd1f9
:107dc8005a0016f813108df806100132b25c8df8bf
:107dd80007200133d6e70ff04ff92368002be2d0d4
:107de8006168237f33b1a3699842dcd323680320f9
:107df8009847d8e7a3699842d5d1236803209847c4
:107e0800d1e7024b01221a7502b070bd000c004088
:087e1800903101208c2f0120a4
:020000040000fa
:020000040101f8
:107e200010b5274c206890f82130032b8cb01ad164
:107e300022300ff07ff9206890f82130012b02d911
:107e400022300af0b9ff23680020d3f87431984734
:107e50002068038e2bb11b4900f5f2705943faf7e5
:107e60006bf90cb010bd022be5d1032104a805f07d
:107e7000a9fb0d2200210df113000ff0affa9df8c0
:107e8000123003f07f0343f0400368468df8123050
:107e90000ef078fe08aa04a96846fef7bdfc236828
:107ea000bdf820109df82220598483f82420bdf8c5
:107eb00010109df81220a3f8251083f82720bae7a8
:087ec0009c00002040420f006d
:020000040000fa
:020000040101f8
:107ec8002de9f347264e336807461d7bf8b9db7a60
:107ed800ab4201d90135edb2224b1c684ff00008c6
:107ee8004ff00109ccb9b9f1000f2cd03368204606
:107ef8001d733268137b0bb9012f2ed0d27a9a42a8
:107f080002d1002f08bf432002b0bde8f087012846
:107f1800e2d1002de0d0013ddde7a268137a043bf1
:107f2800012b0bd8d2f800a050460ff027f838b92b
:107f3800d4f80880814650460ff00af82468d1e743
:107f480033681d73f7e78df8047001ab022208212e
:107f5800d8f8000006f0fcfccbe74320d4e700bfcc
:087f680000010020900100203f
:020000040000fa
:020000040101f8
:107f700073b505460df1010168460ef05df89020dd
:107f80000ff0fdff0446002844d0e96d00f108061b
:107f9000442201f596714c300ef0a0fce96d4422ac
:107fa000a03130460ef09afc95f857305bb194f84a
:107fb000663043f0010384f8663094f8223043f0d1
:107fc000010384f8223095f856305bb194f866309e
:107fd00043f0020384f8663094f8223043f0020341
:107fe00084f8223095f8522094f8663062f38703c3
:107ff00084f8663095f8522094f8223062f38703b3
:1080000084f82230052323702b88a38021469020fa
:088010000ff0fefe02b070bd8e
:020000040000fa
:020000040101f8
:10801800072870b54cd8274d041d2b6853f82460e9
:10802800002e45d096f84e301bb106f15c00fbf7e8
:1080380051fdb37c1d2b03d106f17400fbf74afdfb
:108048002b6853f82430d86808b10ff096ff2b68d6
:1080580053f82430986c08b10ff08fff2b6853f851
:10806800240054300ef027ff68b12b6853f8240021
:1080780054300ff071fb064628b140680ff07dffc1
:1080880030460ff07aff2b6853f824000df0e8f81b
:108098002b6853f82430186c08b10ff06eff2b686a
:1080a80053f824000ff069ff2b68002243f82420be
:0880b80070bd00bf9c01002017
:020000040000fa
:020000040101f8
:1080c00073b5264e264c33681d7f1869202204f5af
:1080d000ac61b5bb0ef002fcb4f8a43043f0100361
:1080e000a4f8a430b4f8a43065f3c713a4f8a430fe
:1080f000b4f8a43043f00203a4f8a430336818693c
:10810000202204f5ac6110440ef0e8fbb4f8a43072
:1081100065f34103a4f8a430b4f8ac3065f38613da
:10812000a4f8ac300020f6f7b9fe00246b46052217
:108130000c498df80440012005f0b0fb204602b048
:1081400070bd0ef0cbfbb4f8a4306ff34103a4f87c
:10815000a430b4f8ac306ff38613e1e700010020df
:088160000024014101050101a9
:020000040000fa
:020000040101f8
:1081680070b505460ef024f86b8fb5f8604040f204
:10817800e2465e43ab7e122b2ad0222b2cd0112b49
:108188002fd100ebc404e6346b7eb5f86400122be3
:108198002cd0222b2ed0112b31d104ebc004e63485
:1081a8000ef006f824f00043b442a4eb000094bf9c
:1081b800341b00249e4234bf0023f61ac5f89c40a5
:1081c800c5f8a40034bfc5f89c30c5f8a06070bde0
:1081d80000eb8404c234d7e700eb041404f51974e7
:1081e800d2e700eb841404f26634cde704eb800494
:1081f800c234d5e704eb001404f51974d0e704eb96
:08820800801404f26634cbe798
:020000040000fa
:020000040101f8
:108210002de9f347044600890ff09dfe002848d061
:10822000278938460cf0b8fa064600283dd0c378b6
:10823000002b3ad01c20b4f80aa0b4f80c90b4f883
:108240000e80248a0ff09bfe054680b300f11003d8
:10825000122101a801930ff0a3fcf1794b1cf371db
:1082600001a80ff09dfc082101a80ff09ffc5146ca
:1082700001a80ff09bfc494601a80ff097fc41466e
:1082800001a80ff093fc214601a80ff08ffc2a46ad
:108290000c2138460cf001f9044610b128460ff0c5
:1082a00070fe204602b0bde8f0870124f9e7022401
:0682b000f7e70424f5e7e6
:020000040000fa
:020000040101f8
:0282b600fee7e1
:020000040000fa
:020000040101f8
:1082b80010b51d481d4c0ff081fc1d480ff084fcc3
:1082c8001c4903200ff068fa1b4904200ff064fad8
:1082d8001a4907200ff060fa19480ff07bfc214675
:1082e80006200ff061fa2146164c07200ff05cfac1
:1082f800214608200ff058fa2146134c09200ff0a8
:1083080053fa21460a200ff04ffa21460b200ff0ae
:108318004bfa0e480ff0cafc0d480ff07ffc0bf02b
:10832800e3ff002010bd00bff7440201a99c000133
:1083380051f5010125450201c9440201eb6e020114
:10834800cd8f0001f5770001b945000131b3010176
:0483580081cd0101d1
:020000040000fa
:020000040101f8
:10835c00f7b504460df04afaacb36378db0732d5b7
:10836c002046fcf7f9f930b30123184622460021c8
:10837c0000f04eff01ab042207210220019405f00e
:10838c0087fa4ff0807194f85000194d0cf02affc9
:10839c0094f850602b68012e1ad1d3f84c720df062
:1083ac0055fe224603463946304600f099fe2b68ae
:1083bc000022c3f84c22a06808b1fcf7cdf9206963
:1083cc0008b10ff0d8fd20460ff0d5fd03b0f0bd7d
:1083dc00d3f848620df03afe22460346314600209f
:1083ec0000f07efe2b680022c3f84822e3e700bfb2
:0483fc0088010020d4
:020000040000fa
:020000040101f8
:1084000020200001ffffffffffffffffffffffff37
:10841000000000000000000000000000010000005b
:10842000ffffffff512563fcc2cab9f3849e17a763
:10843000adfae6bcffffffffffffffff00000000fb
:10844000ffffffff96c298d84539a1f4a033eb2d6a
:10845000817d0377f240a463e5e6bcf847422ce156
:10846000f2d1176bf551bf376840b6cbce5e316b9a
:108470005733ce2b169e0f7c4aebe78e9b7f1afe5e
:10848000e242e34f4b60d2273e3cce3bf6b053ccaa
:10849000b0061d65bc86987655bdebb3e7933aaa46
:0484a000d835c65aab
:020000040000fa
:020000040101f8
:1084a4002de9f7430546a420884691461e460ff061
:1084b40064fd044678b30127af70a42200210ef0b6
:1084c4008bff002020702b88a38084f8068084f81a
:1084d4000790b8f1000f21d13268c4f809207268fe
:1084e400c4f80d20b268c4f81120f268c4f815204d
:1084f400eb6d63b15b7953b927728df8043085f85d
:1085040058702b88adf8063001a80ff0cff921463a
:10851400a4200ff07bfc03b0bde8f08395f8533042
:10852400022bf4d105f018f80028f0d0436803f0ca
:10853400f802034b134343600cf07cfde7e700bff4
:04854400010502002b
:020000040000fa
:020000040101f8
:10854800072847d8f8b50c4607460e46224d56f878
:10855800170f7168b268f3680fc530692860b28a6e
:10856800b37daa80ab71bdb205f500500830eaf7bb
:1085780051fb08b90120f8bd184f3e4620686168d4
:10858800a268e3680fc620693060a28aa37db28022
:10859800b37154f82e1f6268a668e068c7f8171010
:1085a800c7f81b20c7f81f60c7f823002169626954
:1085b800c7f82710c7f82b20218ba27ea7f82f1009
:1085c80087f8312005f50050eaf724fb80f0010018
:1085d800c0b2d0e70320704784320120d031012097
:020000040000fa
:020000040101f8
:1085e800224b1b681bb1224b01221a60704710b541
:1085f8001f4b00221a601f4b1b681b6b1a68b2f1d5
:10860800a53f03d15a68b2f1a53f25d0194b196887
:10861800186834310ef04eff174b1b68b3fa83f31a
:10862800dbb2c3f11f03154a9900c81802eb80009a
:1086380044686468446002460832944204bfc168d2
:10864800416003eb83030d4a02eb83035b68da683e
:10865800084b1a601b6810bd9a68b2f1a53fd5d1c6
:10866800db68b3f1a53fd1d1d6e700bfe0340120e4
:1086780004350120cc340120e83401208c3001205d
:020000040000fa
:020000040101f8
:10868800ffffffffffffffffffffffff00000000ee
:10869800000000000000000001000000ffffffffd5
:1086a800fcffffffffffffffffffffff00000000d1
:1086b800000000000000000001000000ffffffffb5
:1086c8004b60d2273e3cce3bf6b053ccb0061d657e
:1086d800bc86987655bdebb3e7933aaad835c65a07
:1086e80096c298d84539a1f4a033eb2d817d037744
:1086f800f240a463e5e6bcf847422ce1f2d1176bdf
:10870800f551bf376840b6cbce5e316b5733ce2bb1
:10871800169e0f7c4aebe78e9b7f1afee242e34fe0
:020000040000fa
:020000040101f8
:108728007fb5224b0193224b86681a681b798df816
:108738000d30044602210df10e00cdf80920002568
:1087480004f03cff01a88df80850fef757fb94f899
:10875800fa3084f85200012b12d1164b1a6865f3cf
:1087680000021a60a3f24c4321461a6865f3db62e3
:1087780028461a6000f0a6ff21462846faf7dcfcd6
:108788000d4b0e491b88adf80830002501ab0822b7
:1087980084f8fa50012001968df80a0005f07af85d
:1087a8002846f6f777fb04b070bd00bfdf4d17c24f
:1087b800c9010020583e0141c2010020000001010a
:020000040000fa
:020000040101f8
:1087c800f7b50568ec68064644b3ab6f234f43f42e
:1087d8008053ab67a388f3b9e2790abbab6f1a077a
:1087e8000ad5012323716b46082239460120cde9b9
:1087f800006405f04ff80ee043f40053ab67b5f89a
:108808005c30a268db4313441bb2002b03dc214617
:1088180028460ef035f82468002cdbd103b0f0bdf3
:10882800a368b5f85c105b1a1bb2002bf3dc0123bc
:108838009a4223710dd0182aedd121462846fbf71c
:108848008dfb2846fff78cfcab6f43f40013ab6736
:10885800c9e7214628460df0f6fac4e7a00401014d
:020000040000fa
:020000040101f8
:10886800002841d038b5044650f8042c002a02da12
:1088780050f8081c01b138bda0f1080522f00042eb
:1088880040f8042c0ef0e0fe54f8041c174a136854
:108898000b441360164a00e01a4613689d42fbd841
:1088a80050681418a5420ed06968681883420ed023
:1088b8002b60aa4218bf15600e4a13680133136073
:1088c800f6f7a2fbd7e7014451601546ece70a48e2
:1088d8000068834206d05b681944696013681b68a6
:1088e8002b60e6e72860e4e7704700bfbc3401204e
:0c88f80034340120c8340120b8340120c1
:020000040000fa
:020000040101f8
:10890400002846d038b50446426c914238bf11461f
:10891400c26a8a4202d0806c012800d038bde1626c
:10892400a0690028a4bfc1f10501a16102eb820284
:10893400184901eb820261699142efd1251d284655
:108944000df073f938b914490b68e06a01228240ca
:1089540023ea02030b60e36a0f49086801229a4084
:1089640002430a600b4a03eb830302eb83035b6855
:10897400a3609968e1604d609d60e06a81000b1816
:108984009b00d5186561014452f821100131d15082
:0c899400c4e770478c300120e83401205b
:020000040000fa
:020000040101f8
:1089a00013b50321846801a804f00cfe9df805307e
:1089b0009df804201f4820491b0243ea02439df80a
:1089c00006201343b3fbf1f201fb1232b3fbf0f1cb
:1089d000b2fbf0f200fb1131303242f21070227023
:1089e000b1fbf0f1b3fbf0f2303100fb12324ff487
:1089f0007a706170b2fbf0f2b3fbf0f1303200fb41
:108a000011316420b1fbf0f13031a270e170b3fba1
:108a1000f0f20a2100fb1232b2fbf1f23032227185
:108a2000b3fbf1f201fb123330330020637102b06b
:0c8a300010bd00bfa086010040420f00f6
:020000040000fa
:020000040101f8
:108a3c0010b592b0d0f8d8308df8042001228df802
:108a4c00082090f803218df8092000f58272adf80a
:108a5c00061041f20a0411689288adf80040cdf876
:108a6c000a10adf80e20da8aadf81c201a8badf87e
:108a7c001e205a8badf8202093f82130c3f34213fb
:108a8c008df8223000f585731a689b88adf81a3082
:108a9c00437ecdf81620012b08d800230493adf8a3
:108aac00143068460af018ff12b010bd90f834303c
:108abc00012bf2d190f82d305b06eed5034653f81e
:0c8acc00280f04909b88adf81430eae7f6
:020000040000fa
:020000040101f8
:108ad80070b5d0f8443193f921307f2b92b0054618
:108ae80040d00426012400bfd5f844319b7f1c42a6
:108af80032d020460ef0e2fbd5f844311a1893f82c
:108b080021301371d5f844311a18db7f1373d5f867
:108b180044311a7c92071fd541f22102adf800209a
:108b280000228df804202a88adf80620012210447e
:108b38008df8082093f821208df80a20da7f8df827
:108b48000900c2f3010293f820308df80b20684623
:108b58008df80c300af0c2fe013e640016f0ff06e4
:0c8b6800e4b2c1d1012012b070bd00bf0a
:020000040000fa
:020000040101f8
:108b740038b50b7b023b04460d46212b2fd8dfe88a
:108b840003f037112e112b2e112e11341b2e11111f
:108b94002e2e112e112e11112e112e2e2e112e2e9f
:108ba4002e2e2e1190f8f230174943f0040380f86a
:108bb400f23000f5ae700ce090f8e230022b0ed1ea
:108bc40094f8f230104943f0040384f8f23004f5c9
:108bd400ae70f9f7affa02e0c37d002bf0d029465e
:108be4002046bde838400ef0e1b9c37d012be6e72d
:108bf40090f8f23043f0040380f8f230c38f42f26d
:0c8c040010715943d5e700bf005a62020e
:020000040000fa
:020000040101f8
:108c10002de9f0411f4f3b68002b39d01e4b1c68db
:108c2000984614b90020bde8f081ff20fcf750ff02
:108c3000054650b9194b1c78002cf3d10122184974
:108c400018481a70f9f778faece7627b2169284630
:108c500008f0a4f83e68627b217de08a2b46b0478d
:108c6000114b1e6896b90c480ef079fc237b43f03b
:108c70000403237307f09ef8d8f80040002ce4d1d9
:108c800028460af093fd002ed4d1cbe70126f7e762
:108c90000220c8e7703501207c010020ca35012080
:0c8ca000a086010058010020743501205e
:020000040000fa
:020000040101f8
:108cac0073b5054600230df1020101a8adf80230a1
:108cbc000bf0c4fd95f85230012b18d1019aab6d15
:108ccc00bdf802101a44b5f854300b449bb240f274
:108cdc00e1418b42c2f31602019285bfa3f2e2433b
:108cec000132adf80230adf8023088bf0192114b61
:108cfc00bdf802001b68104e93f82e2203eb4203c2
:108d0c00b3f8263203eb90000bf048fe019c0444b0
:108d1c003440ec6100212846edf702fd6b782044cd
:108d2c003040e86143f004034002e8656b7002b028
:0c8d3c0070bd00bf88010020ffff7f0019
:020000040000fa
:020000040101f8
:108d4800f0b5044685b007200ff0dcf8054600288a
:108d58003fd0214e00f11003022103a803930ef027
:108d68001bff336803a819780ef016ff336803a8b1
:108d780059790ef011ff336803a859780ef00cffeb
:108d8800336803a899780ef007ffe36d03a893f8fa
:108d98002c100ef001ffe36d03a893f82d100627a1
:108da8000ef0fafe009700232a46072120880af0d1
:108db800e6fe064648b994f8573023b10b23a37052
:108dc800304605b0f0bda770fae728460ff0c3f8a3
:0c8dd800f6e70226f4e700bf9801002037
:020000040000fa
:020000040101f8
:108de40012292de9f34104460e4690461f462ad126
:108df400838a0bb10023838205200ff085f8054692
:108e0400002839d000f11003012101a801930ef0cc
:108e1400c5fe314601a80ef0c1fe414601a80ef080
:108e2400c3fe394601a80ef0b9fe20462a460521a4
:108e34000df0e6fa044610b128460ff08ef82046ed
:108e440002b0bde8f08116290ad190f83930013b0f
:108e5400dbb280f83930002bced180f83830cbe744
:108e64001829c9d190f83830032bc5d10cf0faf980
:0c8e7400002384f83830bfe70224e0e758
:020000040000fa
:020000040101f8
:108e8000f0b5244e0346006830609a889b79b28022
:108e9000a6f57764b371b4f86c3f43f00203a4f80d
:108ea0006c3fd4f8683f5a008bb00f4630d5756ad6
:108eb000d4f8683fc5f3026565f31243c4f8683f10
:108ec0002722314668460df009fd9df8003007f075
:108ed000010767f341032722694630468df80030c9
:108ee0000df0fcfcd4f8683f43f48013c4f8683fed
:108ef000d4f8683fdb02fbd4074b1b68272202fb38
:108f000005330020da7a67f34102da720bb0f0bd64
:0c8f10000220fbe770330141a4010020a7
:020000040000fa
:020000040101f8
:108f1c0038b5234b1a68a3f24c446ff31f421a6006
:108f2c002268022161f35a622260226842f00062d8
:108f3c0022601a6842f400621a601a681105fcd4a7
:108f4c0023686ff35a63236003200af02ffe236813
:108f5c006ff3db632360134b1a685207fcd11a685a
:108f6c0012f0380ff8d1104d2b6813f0606f00d150
:108f7c0038bd236843f00063236003200af016fe1b
:108f8c0023686ff3db63236003200af00ffe236872
:108f9c002268c3f34163013363f35a622260e3e74f
:0c8fac00583e0141703e0141203a014155
:020000040000fa
:020000040101f8
:108fb80010b5046820460cf09cfe04f5ae70faf774
:108fc80089fd94f8f430d4f8b40123f0030384f84d
:108fd800f43020b10af0e6fb0023c4f8b431d4f829
:108fe800b00120b10af0defb0023c4f8b031d4f898
:108ff8004431b3b1d3f8220060b10af0d3fbd4f8fe
:109008004431002283f8222083f8232083f8242087
:1090180083f82520d4f844010af0c4fb0023c4f8df
:109028004431d4f84c0120b10af0bcfb0023c4f849
:109038004c31002384f8e23084f8e43084f8e630d8
:0a9048002046bde810400bf07fbc8d
:020000040000fa
:020000040101f8
:1090520001292de9f0470546894615d021b102299b
:1090620017d000231b81ffde00f1c80700f1a8041e
:10907200a7b9002628462681494603f068f820460b
:10908200bde8f0470df072b900f1d00700f1b80465
:10909200eee7c46b04f134072434e9e73b680026a9
:1090a200ebb9002ee5d0606808b10af07efb3046cd
:1090b200fcf70dfd824660600028dad03f684ff071
:1090c2000008002fd6d03a7bb9680aeb08000df0f1
:1090d20004fc3b7b3f6898441ffa88f8f1e71a7b4f
:0890e2001b681644b6b2dbe77f
:020000040000fa
:020000040101f8
:0290ea00fee79f
:020000040000fa
:020000040101f8
:1090ec007fb515461e460446b0b91e4b00930223ad
:1090fc0001911a467f21ec20faf7a2ff029695f80f
:10910c0051300193184b009302231a467f21ec2017
:10911c00faf796ff04b070bd01280ed1134b0093e3
:10912c00022301911a467f21ec20faf789ff02965f
:10913c0095f8513001930e4be5e70228ead10b4b21
:10914c000191024600937f210346ec20faf778ff49
:10915c00029695f851300193064b00932246234614
:10916c00d4e700bf38cc010148cc01015dcc010132
:08917c006dcc010189cc010159
:020000040000fa
:020000040101f8
:10918400f8b590f85030234e012b05bf90f85130bc
:1091940032683368313314bfd3f8f04152f83340a6
:1091a400054604b9f8bd08f00dfa27680bf06aff0c
:1091b400a3689d422cd108f005fa95f85030012b94
:1091c400d4e900231ed10ab1536006e095f851108a
:1091d400326802ebc102c2f88c31d4e900231a6070
:1091e40095f850203368134493f8f821013a83f832
:1091f400f82100232b700bf045ff2046bde8f84012
:1092040009f0eeba002adfd13268c2f8f431e4e79b
:089214003c46c6e7880100207a
:020000040000fa
:020000040101f8
:10921c007fb50446184689b191f850300191cde9db
:10922c0002328b7813f0040f4ff00c0201ab31d0eb
:10923c001b49f0b9012004f02bfb18e0194b1b68fb
:10924c001d1995f8f85195b1012c14d103f5f4754d
:10925c0003f5c0732e6806b1b16829b1cde90114cc
:10926c0003924e78b607dcd5083dab42f2d104b080
:10927c0070bd0320dfe7d3f8f031002bf7d09b68eb
:10928c00002bf4d059788907f1d4cde9013403923d
:10929c0001ab0c2208210028cdd00220cbe700bf67
:0892ac00080100018801002007
:020000040000fa
:020000040101f8
:1092b400f8b527220146064620480df00dfb0cf0b8
:1092c400a9ff1f4bd3f8682f60f31242c3f8682f2d
:1092d400d3f8682f42f480120546c3f8682f00bf04
:1092e400d3f8682fc2f30052002af9d1012493f86d
:1092f400681fac40e4b2214383f8681f06f11703ea
:1093040006f1270113f8010b10b98b42fad101229f
:109314000c4f3b682b443046da7008f0a7fa27223a
:109324000b2012fb05053868314628440df0d4faa9
:109334003b681a7814431c70f8bd00bf70330141b8
:0893440000240141a4010020f6
:020000040000fa
:020000040101f8
:10934c0037b5214c23788342054627d0022828d1f3
:10935c001e4b1b884ff67f7119401f2009f01eff12
:10936c000df107010df106000df01efc184b9df8d8
:10937c0006101b8801f0e80123f0e80319430820cc
:10938c0009f00cff134b9df807101b8801f003012b
:10939c0023f003031943512009f000ff257003b09b
:1093ac0030bd022b01d0ff2bf8d1094b19880820b6
:1093bc0041f0e80109f0f2fe064b198821f0030197
:1093cc0041f00201e7e700bfb8010020bc0100201a
:0893dc00ba010020b6010020d7
:020000040000fa
:020000040101f8
:1093e40038b51e4c237813f0010534d143f0010342
:1093f40004202370fcf76afbe06010b907252846b7
:1094040038bd0420fcf762fb20610028f6d00a2056
:10941400fcf75cfb60610028f0d0e368104a1d7023
:10942400e3685d70e3689d70e368dd70e36812686b
:109434009b1a0c4a11689bb263f30f01116006205a
:1094440009490ef089fc094a094b1360094a136063
:109454000ef0b4f9d3e70025d1e700bf343301207f
:10946400a001002080340141a77502013c3801208d
:089474001380020140380120c1
:020000040000fa
:020000040101f8
:10947c002de9f0410c4600258046d1f8ac008f68f0
:10948c000af08ef9c4f8ac50a4f8b050d4f8bc0073
:10949c000af086f9e66bc4f8bc50a4f8c05026b1ab
:1094ac00b06a0af07df9b562b585e36b1bb1022198
:1094bc00204602f047fe0021204600f0aaff0121c1
:1094cc00204600f0a6ff2046022100f0a2ffe06b30
:1094dc0008b10ef050fdd4e900236ab15360d4e911
:1094ec0000231a60064b1a681378013b1370384638
:1094fc00bde8f04107f000bdc8f80430efe700bf4d
:04950c00f00000204b
:020000040000fa
:020000040101f8
:1095100070b58ab00b7806934b7805938b780493db
:10952000cb7803930b7902934b7901931a4d1b4b24
:109530000093064601230c4602221d21ec20faf777
:1095400085fd2b685b6d984750b10c24144b00933c
:10955000019401230022ff21ec20faf777fd18e0a7
:109560002b689b6d98470028efd12b68db6d9847df
:109570000028ead10df127022146304603f07afd9a
:1095800030b93146204602f0bbfb08b90724dde7bd
:10959000002420460ab070bdfc000020044d0201ea
:0495a0007e6c0201da
:020000040000fa
:020000040101f8
:1095a400234b1a686ff31f721a601a6812286ff33c
:1095b4001b621a601a461cd002d8112804d07047c6
:1095c4002138022824d9704712290cd002d8112935
:1095d40003d07047213902290ad81368162161f390
:1095e4001743136070471a68172161f317421a6012
:1095f4007047122909d002d8112903d070472139a4
:109604000229f5d813681a21e9e71a681b21ece747
:10961400122909d002d8112903d07047213902290f
:10962400e6d813681321dae71a681621dde700bfcc
:049634006834014154
:020000040000fa
:020000040101f8
:1096380030b4d0f87431ff2273b1d0f89c409c420a
:109648002dd81d7adc68042d25d0052d23d02dbbff
:109658002268c2f3411212bbc0f8983090f89410f7
:10966800ff2380f8543000f164020023994207d0a8
:1096780052f8044bd0f89850a5421cd180f85430c9
:109688000f4b90f854201b789a4217d8ff220121db
:1096980030bcfcf707be2268c2f341122ab11b682e
:1096a800cae731b11b68002bd6d01a7a022af8d83b
:1096b800d2e7203bf7e70133dbb2d7e730bc70478e
:0496c800c0010020bd
:020000040000fa
:020000040101f8
:1096cc002de9f0410746002088460cf0a1f806462b
:1096dc0001200cf09df8054602200cf099f8044688
:1096ec00f7b146f4605189b200200cf0a3f898f859
:1096fc00473013f0fd0f01d0042b0fd145f01001b2
:10970c0089b201200cf096f86fea04516fea1151fe
:10971c0089b20220bde8f0410cf08cb82946f0e784
:10972c004ff6ff7138460af0a5fc4ff6ff71012089
:10973c000af0a0fc4ff6ff7102200af09bfc3146a8
:10974c0038460cf077f8294601200cf073f82146c6
:02975c00dfe745
:020000040000fa
:020000040101f8
:02975e00fee724
:020000040000fa
:020000040101f8
:1097600000283ed038b50446c36b002b3bd0006cbc
:10977000a0fb03230bb1002036e00d460cf0dcfb10
:109780002268216ce36b03fb01f3d018a06000207a
:10979000a06362605b1a1344e360ff2384f84430e3
:1097a00084f84530a5b923691bb90df087fc012069
:1097b0001ae004f11000fbf793fc0028f5d00b4be6
:1097c0004ff080521a60bff34f8fbff36f8fece7fb
:1097d00004f110000df052fb04f124000df04efbdb
:1097e000e3e700207047002038bd00bf04ed00e033
:020000040000fa
:020000040101f8
:1097f0002de9ff478a46164699460af0cdff0546f1
:1098000020b90125284604b0bde8f0871ffa86f884
:1098100008f1060738460ef079fb04460028f0d020
:1098200000f11003012103a803930ef0b9f9a979ff
:1098300003a80ef0b5f908f1020103a80ef0b6f97d
:10984000514603a80ef0b2f926b1324649460398b4
:109850000df044f82888224639460af01efe0546d7
:109860000028cfd020460ef08cfb044b0093002242
:1098700004235121ee20faf7e9fbc3e71469020142
:020000040000fa
:020000040101f8
:1098800038b51849184c02200df070f9174b184ada
:109890001a602368254633b930200ef070fb206033
:1098a00048b902201ce0002420460134e4b20bf049
:1098b0006dff082cf8d13022002128680df08efdb4
:1098c0000c480af06dfc0c4b0c4a1b685a600c4aa1
:1098d0005a612b680b4a5a600b4a9a600b4ada604d
:1098e00038bd00bf5d710201a00000204c34012092
:1098f000807e0201252d0101ac000020596a010182
:1099000049710201117702015b7f0201695702016f
:020000040000fa
:020000040101f8
:10991000f0b5214b0a691b6820491b7b0578447808
:1099200013f01f0f4368d0780cbf012600268b422e
:1099300095bf1e214ff49671b3fbf1f3b3fbf1f326
:1099400095bfc3f30c03c3f30c030027012710f0ea
:10995000010f14bf0721012110f0020f18bf0631bb
:10996000000744bf0231c9b20a4405f03f05d1786f
:10997000137165f3050166f3861167f3c711d170a2
:10998000517921f01f0104f0070441ea132364f325
:1099900047135371f0bd00bf00010020c3bf030097
:020000040000fa
:020000040101f8
:1099a0007fb5204b019005460093022201235821e8
:1099b000ec20faf74bfb28460cf0bcf8064678b3cf
:1099c000046820460bf04dfd0146a8b194f8f23032
:1099d0001b070ad503ab042213490396032003f0a7
:1099e0005dff0024204604b070bd20460df0bffa94
:1099f0000028f6d1072409e0204603ab0222adf887
:109a00000c5004f0a9ff04460028ead0074b00934d
:109a1000019401230022ff21ec20faf717fbe1e774
:109a20000224f3e7d65e0201080601014251020159
:020000040000fa
:020000040101f8
:109a300008287fb50c4603d00d281bd004b070bd9c
:109a40000e6820791d4c8a6801233146edf744fdec
:109a50002368d3f84c52002df0d00cf0fdfa3246ba
:109a6000034629460220fff741fb23680022c3f882
:109a70004c22e3e7d4e90223087849680393cde94f
:109a800001128df80300fff731fb0c4b1b6800221d
:109a900083f85022aff300800028cfd103ab02aa95
:109aa00001a90df10300aff30080dde90223019964
:109ab0009df80300fff71afbece700bf88010020c8
:020000040000fa
:020000040101f8
:109ac000f0b5064685b002200f460ef01ffa054697
:109ad000c8b91e4b00930224024601940423c721f7
:109ae000ee20faf7b3fa06f16000f9f7f7ff304617
:109af00000233a460121fef7d5fc0023204686f8d4
:109b0000533005b0f0bd00f11003052103a8039305
:109b10000ef046f8394603a80ef042f806230093eb
:109b20002a460023022130880af02df80446002836
:109b3000d9d0064b0190009300220423c721ee20c8
:109b4000faf784fa28460ef00afacce70b5c020119
:020000040000fa
:020000040101f8
:109b50007fb5054607200ef0d9f9044600283ad013
:109b60001e4e00f11003012103a803930ef018f814
:109b7000336803a819780ef013f8336803a85979ed
:109b80000ef00ef8336803a859780ef009f8336820
:109b900003a899780ef004f8eb6d03a893f82c1045
:109ba0000df0feffeb6d03a893f82d100df0f8fffc
:109bb00006230093224600230721288809f0e3ffab
:109bc000064620b90423ab70304604b070bd204671
:109bd0000ef0c5f9f8e70226f6e700bf980100206d
:020000040000fa
:020000040101f8
:109be000f0b50468a36fdb0585b005460e46174641
:109bf0000ed505f0cffe02f0c1f807f0e5fca36f2b
:109c000023f48073a3670bf03ffa0020f5f746f9c1
:109c1000812e11d0822e13d0802e05d107f0d4fcd6
:109c2000402323760bf030fad4f8cc3063b12846c9
:109c30000cf038fe05b0f0bd07f0c6fc4123f0e79c
:109c400007f0c2fc4223ece703953fb1009703ab5a
:109c500004220649012005f0abfaebe703ab04222e
:109c60000249012003f01afee4e700bf14040101d9
:020000040000fa
:020000040101f8
:109c700037b5224c056806f0ddf902f07ff80123c4
:109c80002b7504f5a3539a896ff3cf329a81b5f8f7
:109c90008c10687e09f010ff01a9d5f8cc000df0fa
:109ca0003df804f5b052019b1188c3f3472363f3d9
:109cb000070104f5b15311801a68062161f31342bc
:109cc0001a601a6861f317521a6004f5b0527f20c7
:109cd000116960f30f011161116960f31f41116196
:109ce0001a6842f002021a601a8942f010021a81c0
:109cf0001a8942f001021a8103b030bd00240141eb
:020000040000fa
:020000040101f8
:109d000070b505460cf018f995f8454064b2002c82
:109d100019dd05f1240608e06b6aa3b13046fbf7b4
:109d2000dff968b9013c64b26cb1ab6c002bf3d0c5
:109d3000284604f0d7ff0028f4d00df089fef1e7a3
:109d40000df086feeee7ff2385f845300df0b6f9fd
:109d50000cf0f2f895f8444064b2002c11dd2b6948
:109d60007bb105f1100606e00df072fe013c64b215
:109d70003cb12b692bb13046fbf7b2f90028f5d086
:0e9d8000f2e7ff2385f844300df098f970bd2e
:020000040000fa
:020000040101f8
:029d8e00fee7ee
:020000040000fa
:020000040101f8
:109d900030b4841fa4b240f67a45ac4228d88c1f58
:109da000a4b2ac4227d8b2f5fa7f26d2a3f10a04b6
:109db000a4b240f67645ac4221d8884221d8541c42
:109dc00014fb01f46400a4b2b4ebc30f1bd8124b14
:109dd0001b685c8c844218d3188c884217d8d98ca5
:109de000914216d3988c90428cbf0020012000e055
:109df000002030bc70470020fbe70020f9e700207e
:109e0000f7e70020f5e70020f3e70020f1e7002066
:0c9e1000efe70020ede700bf98340120d0
:020000040000fa
:020000040101f8
:109e1c00f8b5eff311864ff0200383f31188bff3ed
:109e2c006f8fbff34f8f836bc26b9a4228d90f464b
:109e3c00044690f845506db201338363b5f1ff3f92
:109e4c0014d1836c33b104f047ffe8b1f7b10120b2
:109e5c00386016e0436a0bb9012012e02430fbf79e
:109e6c0039f9a8b1b7b1012038600ae00df0e4fd72
:109e7c00854211d201356db284f84550012000e0c5
:109e8c00002086f31188f8bd0120fae70120f8e7dd
:0c9e9c000120f6e70120f4e70120f2e7c6
:020000040000fa
:020000040101f8
:109ea80000283bd070b50446826c013a8264c06acf
:109eb800616c884234d00ab1002070bd251d284647
:109ec8000bf0b1fe38b917490b68e06a01228240ed
:109ed80023ea02030b60636ce362c3f10502a2612b
:109ee80010490e68012000fa03f232430a600e4a54
:109ef80003eb830302eb83035b68a3609968e1606b
:109f08004d609d60e56aa9004b199b00d6186661f3
:109f1800294452f821100144d150cee7002070475f
:0c9f28000020cae7e83401208c30012042
:020000040000fa
:020000040101f8
:109f3400f0b5214c2368197885b0002937d1c5685c
:109f4400067a7db16a881a86684610222f1d0df0a4
:109f540043fa1022394668460cf0b0fc10b138467a
:109f64000cf01afeb6b12b789a1e012a21d8688803
:109f7400421eb2f5e16f1cd2022b01d107f064fe40
:109f840023682a7883f821202368002083f833602b
:109f940005b0f0bd206821300df0b0ff206890f8c6
:109fa4002130012bf0d1223008f004ffece705202a
:0c9fb400eee70320ece700bf9c0000205b
:020000040000fa
:020000040101f8
:109fc0002de9f84f9946204b0a9f1b681d6888466b
:109fd000164604464ff6ff7a0db92c4630e0aa89a2
:109fe000a2420ed942450bd92d68f5e7102e1ce090
:109ff0005445f9d001340bf11003a4b23b6008e0e2
:10a000001446eb89a342efd36b68a21a03eb02124a
:10a010003a60eb89a342e7d34445e5d8d7f800b0ce
:10a020009bf80e305b07e1d4022ee1d1324649465f
:10a03000dbf800000cf044fc0028d9d10b9b1d601c
:0ca040002046bde8f88f00bfa8000020fb
:020000040000fa
:020000040101f8
:10a04c00f8b50446008a0df080ff00283ad0208a2b
:10a05c00a568a77ce6680af0cdf80446a0b3bdb1ac
:10a06c00b6b12b7843726b788372c772ba003146e3
:10a07c00c0680cf02dfc637adb0705d54ff6ff7238
:10a08c000121207804f07cfb237a43f00103237236
:10a09c00012304f1540584f83c3028460cf009ffe8
:10a0ac0078b128460df056fb0546426801892046da
:10a0bc0001f078f868680df05eff28460df05bff44
:0ca0cc000020f8bd0420fce70320fae7a8
:020000040000fa
:020000040101f8
:10a0d80030b51f4a1368002b31d059680b1a48bf96
:10a0e80001f18053516848bf1b1a39b349680c1aeb
:10a0f80044bf01f180510c1a1b1b002bd4bf002355
:10a108000123144852f82310134d02462b7052f8bd
:10a118001449c9b113684d6813f0040f12d024f024
:10a1280070439d4209d013886ff3820313804b68f4
:10a138000360138843f00403138030bd012383f0c8
:10a148000103dee70560f4e7138861f38203f3e7b0
:0ca158006c340120343e0141c735012069
:020000040000fa
:020000040101f8
:10a1640010b51c4b1c4ab3f8011011801b4cd97854
:10a1740011711946226811f8040b10725868c2f85c
:10a1840002008988d1802268d98a9184997a82f8d8
:10a1940026101349d88908801249188a0880998a98
:10a1a4005185598a9185104ad3e90a011268c2e996
:10a1b4001601194631f8180f897891721081d97aed
:10a1c400d172197b1173d3e90a2313430cbf1e20e8
:10a1d400002010bde8370120aa010020fc00002067
:0ca1e400b4010020a801002000010020b0
:020000040000fa
:020000040101f8
:10a1f00038b50d46044607f0e7f9012d1e4b2ad16c
:10a200001a6892f82e32012b11d094f8501092f85f
:10a210001c3292f81d0281b961698c420dd194f80b
:10a220005210034439b9012b01dd82f82e52bde8ea
:10a2300038400af029bf022bf6e7e16e034411b95a
:10a2400061698c4205d0022bf1dd012382f82e32a8
:10a25000ede7012bf8e71b6893f82e22002ae6d0e1
:10a2600093f81c2293f81d120a44012adcbf002235
:0ca2700083f82e22dbe700bf88010020ed
:020000040000fa
:020000040101f8
:10a27c0030b520490346006808609a889b798a802b
:10a28c008b7131f8042c42f0020221f8042c51f8a5
:10a29c00084cc4f380748bb01cb34a6a51f8080c98
:10a2ac00c2f3026262f3124041f8080c4d6a272295
:10a2bc0068460cf00dfbc5f3026500230deb0302a1
:10a2cc00d27982b90133102bf8d101220a4b1b68c9
:10a2dc001b78eb4013f0010307d11c4620460bb052
:10a2ec0030bd0025f1e70022f0e7002cf6d082f01b
:0ca2fc000104f3e770330141a4010020cd
:020000040000fa
:020000040101f8
:10a3080010b53c21062001f07bfc1a4b1860002890
:10a318002dd0194c194b1a49436003682360082053
:10a328000df018fd07f0aefe23680222da702368ec
:10a338001a786ff301021a702268137843f0100339
:10a348001370236820225a710e4a5a630df0cafb13
:10a3580023680d4a1978473018711268c2f34032e1
:10a3680062f3c301197023680020986310bd0720a9
:10a37800fce700bfdc010020d8010020dd4301011b
:0ca3880021430201400d03003838014160
:020000040000fa
:020000040101f8
:10a394002de9f043c3681f887a1eb2f5fa7f85b0b1
:10a3a40039d25c88621eb2f5fa7f34d29e88b6f543
:10a3b400fa7f30d2dd88b5f5fa7f2cd2b3f8089055
:10a3c400a9f10a039bb240f67642934223d8a742ee
:10a3d40021d806fb0443b3f5fa7f1cdcac421ad93e
:10a3e400b0f80880b8f5706f15d2404609f03efd0c
:10a3f40088b101a8adf80480adf80670adf8084046
:10a40400adf80a60adf80c50adf80e9008f09afc67
:0aa4140005b0bde8f0830320fae76d
:020000040000fa
:020000040101f8
:10a41e00f8b500ebc1060546d6f874710c468fb33d
:10a42e0089bbd0f8a00009f0baf938460df0a2fdac
:10a43e0005ebc403002703f5ba7305eb8404c6f8d5
:10a44e007471c6f87831d4f8e00018b109f0a7f9a4
:10a45e00c4f8e070d4f8ec0020b109f0a0f90023a4
:10a46e00c4f8ec30d5f8dc0020b109f098f90023df
:10a47e00c5f8dc30d5f8d80020b109f090f90023ea
:10a48e00c5f8d830f8bd012902d1d0f8a400cae72a
:0aa49e000229cad1c36bd86bc5e7d1
:020000040000fa
:020000040101f8
:10a4a80008b5194b9847194b9847eff3108172b6c6
:10a4b800174ad2f8883043f47003c2f88830bff3e3
:10a4c8004f8fbff36f8f01b962b6124a936823f0ba
:10a4d800010393601346da6812f0010ffbd10d4bac
:10a4e80024225a6001229a6008f0aefe0a4b23f03b
:10a4f8007f03074a9360094b9847094b9847094bd4
:10a5080098470df00ffafee717550101175501019d
:10a5180000ed00e00020004100020001c9ea01014d
:08a5280017550101175501014f
:020000040000fa
:020000040101f8
:10a5300000b587b049238df8083044238df80930e1
:10a540004c238df80a3045238df80b3000238df80d
:10a550000c30134a019200934ff4807202a9114803
:10a56000f1f7d6fa08b1012804d00f4b1b6807b0e9
:10a570005df804fb4ff0200383f31188bff36f8f66
:10a58000bff34f8f094b4ff0ff321a60084b012287
:10a590001a60084b00221a6005f00efee5e700bfc6
:10a5a000ec3401205102020134380120f034012042
:08a5b000fc34012000350120fc
:020000040000fa
:020000040101f8
:10a5b8002de9f84f067ad0f80c9090f810a00c20ee
:10a5c8000df0d9fc054610b90220bde8f88f194fe7
:10a5d8003b68d3f800801ffa86fbb8f1000f04d15e
:10a5e80028460df0cafc0320efe7d8f804309a6833
:10a5f80012885a4506d13246494658680cf05cf92b
:10a60800044610b1d8f80080e7e730460df0b3fcf7
:10a61800a8600028d8d0324649462e710cf05af965
:10a62800386885f805a0083029460cf0f7fd204663
:08a63800cbe700bfa8000020e1
:020000040000fa
:020000040101f8
:10a6400038b5164d164c28462178022300f8013bf8
:10a6500019440df098fc42f6f531e81c0df093fc1e
:10a660002378104a104802eb0311c1e900050f4896
:10a6700088600f48c860591cc9b202eb01120d492d
:10a6800011600d4951600d4991600d49d16002334f
:10a690000c4adbb2d381237038bd00bf8c3401205b
:10a6a000bf3501202c2e0120f67f02011a6a02011b
:10a6b000050000018a1a02012d380120e67f0201ff
:08a6c00002000201b033012089
:020000040000fa
:020000040101f8
:10a6c8007fb51f4b019006460093ec200123022220
:10a6d8004d21f9f7b7fc30460bf028fa68b3056846
:10a6e800eb7d012b19d195f8ed3013f0080f14bf4d
:10a6f80000241a2428460af0b0fe80b128460bf040
:10a708004ff9a8b907240f4b0093019401230022a5
:10a71800ff21ec20f9f796fc0ce00024eae702227e
:10a7280003ab11462846adf80c6004f011f9044655
:10a73800002ce8d1204604b070bd0224e3e700bf36
:08a748006059020142510201b7
:020000040000fa
:020000040101f8
:10a750001fb504460bf080fc94f8513094f850205b
:10a760000194cde902306abb194b009302231a46cb
:10a770007e21ec20f9f76afc06f026ff637843f0af
:10a780000103637094f85330012b06d1002384f841
:10a790005330637843f00403637063699c4202d0d2
:10a7a0005b78db0709d520460bf0b2f901230022c4
:10a7b000214694f85000fef731fd04b0bde810408a
:10a7c0000af062bc034b009302231a467f21d0e7b4
:08a7d000abdf0101dddf010137
:020000040000fa
:020000040101f8
:10a7d80038b51d4c2368254633b94ff410700df079
:10a7e800cafb206060b938bd00242b6804f18802d8
:10a7f80053f8220008b10df0c0fb0134082cf4d145
:10a808004ff41072002128680cf0e4fd2c680f4901
:10a818000f4a04f5bc7304f5ce7500bf43f8041b5a
:10a828009d42c3f88020f9d14822002104f5da704e
:10a838000cf0d0fd0023c4f89c316b60ab60054b75
:10a84800c4f874310120cee79c000020cf7f0201bc
:08a85800f17f0201f37f020110
:020000040000fa
:020000040101f8
:10a8600000b51f4b02460068186090889279988066
:10a870009a7133f8040c40f0020023f8040c53f8ea
:10a88000080cc0f380708bb0d0b1586ac0f302607e
:10a89000087053f8081c60f3124143f8081c272283
:10a8a000194668460cf01af8002300bf0deb0302ae
:10a8b000d07940b90133102bf8d10bb05df804fb0f
:10a8c000ff230b70f9e7074a1268272101fb0323d6
:10a8d000d87ac0f3400080f00100c0b2ede700bfbd
:08a8e00070330141a4010020c6
:020000040000fa
:020000040101f8
:10a8e80070b51b4b53f8044b21061d6809d5194b4d
:10a8f8001b6824f0800403b19847174b1b6803b109
:10a908009847e20509d5154b1b6824f4807403b1f8
:10a918009847134b1b6803b19847ab0614d5114be6
:10a928001a6842f008021a6033f8082f42f0080249
:10a938001a800df0dff946684eb12b462246b44620
:10a948000021bde87040604754ea0503f1d170bdad
:10a95800143f0141803501208835012084350120cc
:08a968008c350120203a014169
:020000040000fa
:020000040101f8
:10a9700038b505460c46edf75bfde6f791f9054b5a
:10a9800005481d80054b0c221c801421bde8384071
:10a990000cf080b804330120a035012006330120db
:10a9a00030b5044685b00d46ac4201d905b030bd86
:10a9b00069462046e8f780f9d8b1bdf8021041b9e0
:10a9c0004ff0200383f31188bff36f8fbff34f8fd6
:10a9d000fee700222046e6f717fa10f0fd0f08d038
:10a9e0004ff0200383f31188bff36f8fbff34f8fb6
:08a9f000fee70134a4b2d7e731
:020000040000fa
:020000040101f8
:10a9f800000001000201010001000501060102003a
:10aa08000801010001000b010c010d010e010100fc
:10aa1800010003000300130101000100010001000f
:10aa2800180101001a0101000100010001000100e4
:10aa38000100010001000100010001000100010006
:10aa480001000100010001000100010001002f01c7
:10aa580001000100010001000100010001000100e6
:10aa680001000100010001003c013d01010001005d
:06aa780001000100420193
:020000040000fa
:020000040101f8
:02aa7e00fee7f1
:020000040000fa
:020000040101f8
:10aa800010b5adf51a7d0c46103092ab96a900bffb
:10aa900010f8012d03f8012b8b42f9d192a96846d9
:10aaa00005f03efb18b100200df51a7d10bd002306
:10aab0009693979398938df8643263798df8653205
:10aac00023798df86632e3788df8673296ab92aad7
:10aad0001021684604f088ff90b9a3788df85832a9
:10aae00063788df8593223788df85a32032296a96b
:10aaf0000df255200bf0e4feb0fa80f04009d3e7e8
:04ab00000020d1e779
:020000040000fa
:020000040101f8
:10ab04002de9f0411c4ad36a956a89b30e46ab42db
:10ab140008bf002227d00122dff864c0174ca0f13f
:10ab2400020e0138144f0ce0e15c81540133396b9f
:10ab3400994298bf0023b24214d2511cab4212d0a6
:10ab44000a46dcf8041001f007010129ecd1590090
:10ab540014f813800ef812800131615c00f81210b1
:10ab64000133e4e71d46044bdd621046bde8f08185
:10ab74001d460a46f7e700bf903101200c2f012043
:04ab8400000c004081
:020000040000fa
:020000040101f8
:10ab88002de9f04385b00546684688460bf0f6ff88
:10ab98001a4b1b4ed3f8009099f83270af4283bf1e
:10aba800282303fb05954b356d460024a0451fd08f
:10abb8007378ff2b1cd01cb999f82130022b17d1c0
:10abc800f1788f420dd9282303fb019110224b31d4
:10abd80028460bf071fe58b905b0bde8f083012492
:10abe800e4e72cb91022694628460bf065fe10b13f
:10abf8000136002cf3d02046eee700bf9c00002071
:04ac08008234012071
:020000040000fa
:020000040101f8
:10ac0c002de9f34107689df80030be7e66f3000322
:10ac1c008df800303b46054653f81b2fcdf801202c
:10ac2c009b88adf8053068460c46fff721fb2a7966
:10ac3c00134923788a5c62f30303237080460e2049
:10ac4c000bf090fd237860f34513237097f83420b4
:10ac5c00003218bf0122dbb262f386132370dbb221
:10ac6c00b8f1000f07d043f0800323706b79637049
:10ac7c0002b0bde8f081002ef5d166f3c713f4e7fe
:04ac8c000079020148
:020000040000fa
:020000040101f8
:10ac90007fb506460d460af04dff70b30268d2f844
:10aca000443163b3d3f8221059b3097ac90728d5c0
:10acb000197c65f3861119742db3d2f84431d3f899
:10acc0002220137a43f01803137200240f4b0093d1
:10acd000cde90165012302225621ec20f9f7b6f9ee
:10ace00044b10b4b0093019401230022fd21ec2081
:10acf000f9f7acf9204604b070bd0224e6e71a2447
:10ad0000e4e70c24e2e72c46e0e700bf4838020104
:04ad100026460201d0
:020000040000fa
:020000040101f8
:10ad140037b51e4b019005460093ec200c460123e9
:10ad240002225c21f9f790f928460af001ff48b3a2
:10ad34000068c37d012b0cd00c24154b00930194a7
:10ad440001230022ff21ec20f9f77ef9204603b00d
:10ad540030bd2368c0f8223100f5917263685360f6
:10ad6400a3689360e368d36090f8e430213b012b3f
:10ad7400e2d890f8e530032bded10bf00bfa18b9ca
:10ad84000724dae70224d8e70024dfe7305302017e
:04ad9400495302011c
:020000040000fa
:020000040101f8
:10ad980000293ad04b0716d5b0f86030b0f86210e9
:10ada8009a0102f5747292b291422cd2a1f5747391
:10adb800c3f387131a2b2bd9b0f86020934200d91c
:10adc800d3b218467047ca070dd5b0f86030b0f84e
:10add8006210da00703292b2914214d2a1f170037b
:10ade800c3f3c703e6e78b0712d5b0f86030b0f8b5
:10adf80062109a003c3292b2914204d2a1f13c0313
:10ae0800c3f38703d6e7dbb2d4e790f86030d8e71e
:04ae18001b23d6e73b
:020000040000fa
:020000040101f8
:10ae1c00f7b51c4f3b681e78e6b91b4c0af0e6fcf4
:10ae2c00206820211d3002f0c7fb4020faf74afeb3
:10ae3c00054628b323681e773b6801221a702368e5
:10ae4c00186102f055fc044628b13b6828461e7078
:10ae5c0008f0a6fc0c240d4b009302220123332195
:10ae6c00ec20f9f7edf844b1094b00930194012360
:10ae7c000022fd21ec20f9f7e3f8204603b0f0bde9
:10ae8c000724e8e7fc00002000010020ee75020119
:04ae9c0090510201ce
:020000040000fa
:020000040101f8
:10aea00010b51478082c0b4611462ad007d8012c6f
:10aeb0001dd0b4b1032c1fd00224204610bd182c85
:10aec00024d005d80a2cf7d1013b5c425c41f4e761
:10aed000272c20d0282cefd1042b21d10bf03afcc9
:10aee00003e00c2be9d104f015ff0124e5e7082b62
:10aef00016d109f001fde0e7172b11d108f0d9feba
:10af0000f3e7092b0cd1f6f70bfdeee7052b07d184
:10af100009f008fde9e70b2b02d105f0b4fce4e7ea
:04af20000024cae758
:020000040000fa
:020000040101f8
:10af240070b504460e4690f85000082115460af004
:10af34005df92378032b32d0022b13d106f042fba8
:10af4400174b1a6894f8503002eb8303d3f8fc11c2
:10af5400a1424ff0000108bfc3f8fc11c2f804126b
:10af64000af090f8a26e1ab9637862f382036370f0
:10af7400042323701eb1294620460af011ffa36e54
:10af84006bb1a3789b060ad420460bf01bfa20462b
:10af94000af018f92046bde87040f1f741bc70bdd5
:04afa4008801002000
:020000040000fa
:020000040101f8
:10afa80090f85720c36d30b51c4c42b122685279d5
:10afb80012b993f8e52032b103225a7029e02268c9
:10afc8005279002af5d193f8e620510705d4226872
:10afd8005278520701d40122efe72468c578104a55
:10afe80093f8e41024786db901eb81010a44125ded
:10aff8005a7090f85720c36d62b15a78062a06d164
:10b008000422dae704eb84042244525cf0e7052ac0
:10b01800f6d030bd5a7822f00402cee7980100201d
:04b02800016a0201b6
:020000040000fa
:020000040101f8
:10b02c0030b585b0043205460c46039209f0aefbf0
:10b03c0038b10c2c07d000231a4619462846fef7c7
:10b04c00d1fb05b030bdc378012bf4d003a901a806
:10b05c000bf03aff03a90df106000bf035ff03a925
:10b06c0002a80bf031ff03a90df10a000bf02cff25
:10b07c0020460cf07eff01460028e2d0002303702e
:10b08c00bdf804308380bdf80630c380bdf80830ad
:10b09c000381bdf80a304381458020460cf08ffeb9
:02b0ac00cfe7ec
:020000040000fa
:020000040101f8
:02b0ae00fee7bb
:020000040000fa
:020000040101f8
:10b0b00000b5c5b01a4b1b7823b1012b1ed045b08b
:10b0c0005df804fb0bf0daf90bf0fcfc01208df8c5
:10b0d00004000023adf806308df8083001aa0146bf
:10b0e00006f040f90f4b188018b10d4b01221a7071
:10b0f000e5e711210c48f9f787fff6e74ff0ff323b
:10b1000003a90a480cf0c8f90028d8d09df80c30e3
:10b11000002bd4d10df10d0006f0d8fccfe700bf15
:10b12000640000206c000020e47002016800002030
:020000040000fa
:020000040101f8
:10b1300070b5c568008909f08ffc0446a0b3c66de0
:10b1400096b390f857207abb25b90821bde8704026
:10b15000fef7b6bc2b68c6f86f306b68c6f8733064
:10b16000ab68c6f87730eb68c6f87b30c36d012159
:10b170009970c378c16d53b96f31f4f74bfce16d31
:10b1800001f5d8712046bde8704002f079becb7859
:10b1900063b1ca70c36d9a70c16d6f31f4f73afc38
:10b1a000e16d01f5b871ede7012070bd1846fce7cf
:020000040000fa
:020000040101f8
:10b1b0002de9f04190f83c8006460d461746b8f15f
:10b1c000000f1cd1184b1b689b8adb0717d50c207e
:10b1d0000cf0d5fe044628b328460cf0d0fe606083
:10b1e00000b33946c4f8008025812a460bf076fb6f
:10b1f000214606f15400bde8f0410cf013b839784f
:10b200000a4a002312f83300884208d102ebc30334
:10b2100029463a4630465b68bde8f041184701339d
:10b220000c2befd1bde8f081a800002098e10101ce
:020000040000fa
:020000040101f8
:10b2300005000000080001000c00020010000500dd
:10b2400013000600300007005700200086001f0092
:10b250000110080002100a00031009000410110078
:10b2600005100b0006100c0007100d0008100e0052
:10b2700009100f000a1013000b1016000c1012001a
:10b280000d1010000e1017000f10180010101900ec
:10b2900011101a0012101b001310150014101400c6
:10b2a00020101d0021101c0023101e0000000000b3
:020000040000fa
:020000040101f8
:10b2b000f8b5079c07469df8180092b91b4e601e12
:10b2c0003d4620eae0742246302128460cf086f8fc
:10b2d000314628190cf054fd3846bde8f8400bf013
:10b2e00095bd00b30a2b1ed1002a1cda3d462d2045
:10b2f00005f8010b5242601e01396e1800213170b1
:10b300000cb10028ddddb2fbf3fc03fb1c21092995
:10b3100088bf07313031934206f8011d00f1ff303c
:10b32000cfd86246ece720463d46e5e7a5cc0101d3
:020000040000fa
:020000040101f8
:10b3300070b58ab003790593c37804938378039337
:10b340004378029303780193164b0093044602233b
:10b350001a468b21ec20f8f779fe206823790890b3
:10b360008df82430002607ab09220f4907960220ea
:10b3700002f094fac5b28db123790593e378049372
:10b38000a37803936378029323780193074b009388
:10b39000324601238c21ec20f8f758fe28460ab0eb
:10b3a00070bd00bf36e101010200010060e1010152
:020000040000fa
:020000040101f8
:10b3b00070b50c46182190b001fb04010023022c4b
:10b3c000d1f83061adf81a3018bfd1f834311649d0
:10b3d0000d93095d8df819100546182101fb0451e4
:10b3e000b4fa84f040098df81800d1f82001d1f8a2
:10b3f00024110a91a9680b90cde903630b4b0093cc
:10b40000cde90e12cde90140012302229021ec206a
:10b410000c96f8f71bfe04f15a0105eb810106a812
:10b42000f5f7e0fe10b070bdcdd901018c1d020111
:020000040000fa
:020000040101f8
:10b4300070b5c57d04460a468dbb90f8e230a3f195
:10b440002106012e18d8b0f8e23040f221118b42cb
:10b4500003d001f201318b4208d10323002084f88c
:10b46000e63084f8e72084f8e40070bd3d212046f2
:10b470000af076fc0020f8e790f8e42003ea0206e0
:10b48000f50613d593420cbf23222a2205f0f6fbc2
:10b490000028ead001212046fbf7f8fbeae7012d5e
:10b4a00004d190f8e430213b012bdfd90120dce707
:020000040000fa
:020000040101f8
:10b4b000022838b50d4618d0032827d0012813d10b
:10b4c000194c236893f8263043b90bf05ff92068d4
:10b4d0001649838c0c305943f6f72efe236893f8f7
:10b4e0002610294383f8261038bd0f4b186890f8b2
:10b4f00026100029f8d021ea050180f8261000293d
:10b50000f2d10c30bde83840f8f7e8ba064b1868bd
:10b5100090f82630002be7d0838c04490c30594337
:10b52000bde83840f6f708befc00002040420f009e
:020000040000fa
:020000040101f8
:10b5300037b50d4614460af0fdfac0b9ff232b704b
:10b5400023700224184b0093022201233721ec20a0
:10b55000f8f77cfd44b1154b0093019401230022c0
:10b56000fd21ec20f8f772fd204603b030bd0268e3
:10b57000937e122b10d002d3213b022b0ed9012334
:10b580002b70537e122b0bd002d3213b022b09d9f7
:10b59000012323700024d5e70223f1e70323efe71b
:10b5a0000223f6e70323f4e70f790201085f0201a3
:020000040000fa
:020000040101f8
:10b5b000f8b51e4e90f85020336803ebc2030446e2
:10b5c000d3f80c7267bb08f0bbfd0546846005f03c
:10b5d000fbff2f6094f85020336803ebc202d2f8cf
:10b5e00010226a6094f8502003ebc203d3f81032a3
:10b5f0001d6094f85020336803ebc202c2f8105269
:10b6000094f85020134493f81c22013283f81c2232
:10b6100009f03afd20460121bde8f840fef7e8bdfb
:10b62000bb689c42f6d03f68cce700bf8801002091
:020000040000fa
:020000040101f8
:10b6300084b030b587b00aac84e80f001b4c226898
:10b64000137803f00301022923d16ff382031370ef
:10b65000002002f047fc9df8305005bb1822294617
:10b6600068460bf0bbfe23681978012262f30101e2
:10b67000197023689978597023688df80220dd715c
:10b680009df8003043f002038df800306846f3f770
:10b6900005fc002007b0bde8304004b070472368c7
:10b6a0001a786ff301021a700020f0e7d801002029
:020000040000fa
:020000040101f8
:10b6b00010b50921044600200af063fb68b3142387
:10b6c0000373193b437300238373b4f85431a0f818
:10b6d0001130b4f8563144f29022934281bf6ff09a
:10b6e0006f03c3744223037598bfa0f8133094f816
:10b6f000ee3088bfa4f856211b070fd56ff06f03fb
:10b70000c37342230374d4f8b03144f2902201464b
:10b710005a802046fdf72efa012010bd4823c3733e
:0eb7200008230374d4f8b03140f64802efe776
:020000040000fa
:020000040101f8
:02b72e002a2bc4
:020000040000fa
:020000040101f8
:10b730001b4b1c4a1a604ff650429a814ff440321c
:10b740005a601a46d369002bfcd1154a136843f09e
:10b7500002031360d369002bfcd1134b00221a6241
:10b760009a62da6283f8342083f83c209a63da879d
:10b770001a609a60da601a751a779a61084b5b68ea
:10b7800003f00703012b084b14bf802240221a63e9
:10b790001a61034b80229a7504229a75704700bf84
:0cb7a000000c004004011040903101201a
:020000040000fa
:020000040101f8
:10b7ac0070b505460c460af0c1fb194b1a68194bcb
:10b7bc001b6893f851304bb1164b1b68002283f871
:10b7cc00512001240bf074fc204670bd2368b3f1aa
:10b7dc00ff3f1ad06968104800682e68864205d071
:10b7ec00914203d8002323600124ebe7501a8342d3
:10b7fc0003d8002323600124e4e79b1a0b44236045
:10b80c0028460bf095f90024dce70024dae700bfaa
:0cb81c0000350120cc340120f434012060
:020000040000fa
:020000040101f8
:10b8280073b50446019168460d4601a90bf04efb1d
:10b8380001a90df102000bf049fbbdf80230019a95
:10b84800062b1ad8dfe803f00b040b190d111500ad
:10b85800114b1b681b68bdf800102046984702b0c2
:10b8680070bd0d4b1b689b68f5e70b4b1b685b684d
:10b87800f1e7094b1b68db68ede7074e336829469b
:10b888005b69204698470128e9d0336829461b6937
:0cb8980020469847e3e700bfac0000200a
:020000040000fa
:020000040101f8
:10b8a40073b51b4b019006460093022201230c2121
:10b8b400ec20f8f7c9fb0bf0a1ffe0b9154d28689f
:10b8c400314604300cf094f900b390f8f83093b991
:10b8d40090f8f9407cb92868314604300cf088f9b6
:10b8e4002b680146181dfdf7c7fd01200bf07efff4
:10b8f400204602b070bd0c24074b00930194012331
:10b904000022ff21ec20f8f79ffbf1e74224f3e744
:0cb914008c630201f00000207c4b02015b
:020000040000fa
:020000040101f8
:10b9200073b51b4b0093022201230d21ec20f8f785
:10b930008dfb0bf065fff8b9164b1d686c6823464c
:10b940000bb9043510e093f8f820aab993f8f92060
:10b9500092b91b68f4e7237c2668f02b03d02146bc
:10b960002846fdf78bfd3446002cf4d101200bf066
:10b970003fff204602b070bd0c24074b009301949a
:10b9800001230022ff21ec20f8f760fbf1e700bf64
:0cb9900072790201f00000207c4b0201e3
:020000040000fa
:020000040101f8
:10b99c0073b51c4b01910d46009304460123022202
:10b9ac009521ec20f8f74cfb0c2d174e13d1d4f845
:10b9bc0084311bb102212046fef72bfde26b33686c
:10b9cc0051781b69204698472946204602b0bde8ad
:10b9dc007040f5f73bb8d4f874311bb10021204608
:10b9ec00fef717fdd4f87c311bb101212046fef780
:10b9fc0010fd3368052d94bfdb689b682046984783
:0cba0c00e2e700bfe466020158350120ab
:020000040000fa
:020000040101f8
:10ba180013b50388019304461a4b0093ec200123c5
:10ba280002224e21f8f70efb20880af07ff810b3a7
:10ba380000686288d0f8b4311a80a2885a80e288f7
:10ba48009a802289da8062891a81a2895a8190f8bb
:10ba5800e430112b11d10bf0b7fe80b907240a4b43
:10ba68000093019401230022ff21ec20f8f7eafa61
:10ba7800204602b010bd0224f1e70c24efe70024b1
:0cba8800f6e700bf8459020142510201a0
:020000040000fa
:020000040101f8
:10ba9400184a194b11881279da70184aa3f8011060
:10baa4001268114651f8020f586089881981117a79
:10bab4001970918cd98292f82610997210490988cc
:10bac400d981104909881982518d928d5a820e4a62
:10bad40099821268d2e91601c3e90a01114631f8c4
:10bae400080f897899761883d17ad972127b1a73e0
:10baf400704700bfaa010020e8370120fc000020a5
:0cbb0400b4010020a80100200001002076
:020000040000fa
:020000040101f8
:10bb100052433a41646452657120507265656d709c
:10bb200074203078253032782c7072696f726974a5
:10bb3000793a25642c706572696f646963616c3a47
:10bb400025642c636c6b3d3078253034780052438b
:10bb50003a416464526571204e6f726d616c2030a1
:10bb600078253032782c7072696f726974793a2551
:10bb7000642c20706572696f646963616c3a256436
:0cbb80002c636c6b3d307825303478006d
:020000040000fa
:020000040101f8
:10bb8c0038b5054608f0d6fa8560044605f016fd72
:10bb9c0095f850300022012b174b22601a6823d1e4
:10bbac0095f8511002ebc101d1f88c11616095f838
:10bbbc00511002ebc102d2f88c21146095f851108f
:10bbcc001a6802ebc102c2f88c4195f850201b6830
:10bbdc00134493f8f821013283f8f82101232b70d8
:10bbec00bde8384009f04abad2f8f421626014601a
:0cbbfc001a68c2f8f441e8e78801002054
:020000040000fa
:020000040101f8
:10bc0800f8b506460c200f460cf0b5f90446c8b145
:10bc18000025856005604560067238460cf0abf972
:10bc2800206078b129463a460bf0d4fb0c200cf082
:10bc3800a2f9054660b920680cf09ff9204605f086
:10bc48005df903e0204605f059f900252846f8bdbe
:10bc5800043e084b6360012e846002d8204606f03b
:10bc6800dbfd00232b60044b5a686a6015605d6039
:0cbc78002546ebe7ef7f02019001002061
:020000040000fa
:020000040101f8
:10bc840030b4c47882780346fcb9092a14d1c56d4e
:10bc94000a68c5f8802105f5c0744a6862608a683c
:10bca400a260ca68e26090f8572052b190f853201d
:10bcb400022a03d108229a7030bc704730bcf6f7d0
:10bcc40015b9184630bceef711b9072af4d1c56d81
:10bcd4000a68c5f8c02105f5e0744a6862608a689c
:10bce400a260ca68e26090f85720002ae9d090f870
:0cbcf4005320022aded030bcf7f79eb9c6
:020000040000fa
:020000040101f8
:10bd0000012970b506460d4603d9ff2923d000202e
:10bd10002ce0084604f03efc0728f8d803b203ebf9
:10bd20004302134b03eb420332681a60b2889a80d5
:10bd3000294600f039fb0522092313fb00230d4a95
:10bd40003168134400ebc00419601444b188998031
:10bd5000257101200ae0084b9b78db07f9d40846df
:10bd600004f018fc07288cbf0020012070bd00bf24
:0cbd700000330141983701207c35012090
:020000040000fa
:020000040101f8
:10bd7c0038b51b4b1b4c1b681b4d13f0100f1ad006
:10bd8c00236823f073032360236843f00c032360c0
:10bd9c00032007f00bff2b6823f073032b602b6839
:10bdac0043f00c032b60052007f000ff0520bde8d5
:10bdbc00384007f0fbbe2b6823f073032b602b6815
:10bdcc0043f00c032b60032007f0f0fe236823f0f4
:10bddc0073032360236843f00c032360e3e700bf85
:0cbdec00283a0141283a0141203a014167
:020000040000fa
:020000040101f8
:10bdf80030b5c4b285b0012c019222d01cb1022cfe
:10be08002cd000241ae001a902a809f02eff01a9ec
:10be180003a809f02aff039b9b040fd5012009f012
:10be2800f9fc4ff6ff710446012008f025f9214678
:10be3800012009f001fdfcf73ff90446204605b052
:10be480030bd084d0024204601342946e4b20af0ea
:10be5800bff9082c05f10605f5d1d2e702480bf029
:0cbe680037facee7023201207c340120c2
:020000040000fa
:020000040101f8
:10be740038b590f86c301c4d13f0200304462cd0d8
:10be840008f0e6ff2b4694f8f51053f8602f61f3a1
:10be940007021a601a6894f8f61061f30f221a6008
:10bea4001a6894f8f71061f317421a601a6894f844
:10beb400f81061f31f621a602b4694f8f91053f8d6
:10bec400642f61f307021a602b6843f000732b6040
:10bed40094f821000430c0b238bd2a6863f3596273
:0cbee4002a6090f82100f7e7303401419b
:020000040000fa
:020000040101f8
:10bef00070b51d4b91f845401a6864f30c221a6026
:10bf00001a68047864f305021a601a681c466ff315
:10bf10004d3244f8042b1a46468852f85c5f66f3ab
:10bf20000f0515600d6c256091f84450194651f8c5
:10bf3000084f65f304040c6019686ff3c7111960aa
:10bf4000196841f04001196019684c06fcd4196861
:10bf50004900fcd51268c2f3054242711b68c3f365
:0cbf60000563037170bd00bf5434014143
:020000040000fa
:020000040101f8
:10bf6c0070b50d4616460446b0b34ff0006190f81c
:10bf7c00500009f037f900212046fbf721fa1db9d2
:10bf8c00637843f0100363702378a580042b01d0f1
:10bf9c00012b15d1637843f002036370204600f047
:10bfac0085f9204609f09cfd94f850004ff0007183
:10bfbc0009f018f920460021bde87040fbf700bae3
:10bfcc00a37843f00103a37036b12046002204216c
:0abfdc00bde8704003f010bf70bd17
:020000040000fa
:020000040101f8
:02bfe600020057
:020000040000fa
:020000040101f8
:10bfe800f0b5074685b041200bf0c5ff054678b38c
:10bff8000646002306f8013b164c23689868102172
:10c00800403001f0dbfa23684022394698680af08c
:10c0180061fc23682022996830460af05bfc266898
:10c028002022b16805f121000af054fcb0686b4683
:10c03800412229464030f0f741f828460bf09dff91
:10c0480023689b68012283f85020684603f0fefeaf
:08c0580005b0f0bd98010020c5
:020000040000fa
:020000040101f8
:10c060002de9f8431b4e038937683d684ff00008ff
:10c070000db901200ce0aa899a4219d1bc684ff091
:10c0800000093cb93068424629460af061f90020af
:10c09000bde8f8836b682279996809788a4204d1ef
:10c0a0005968a0680af00cfc28b1a1462468e8e7aa
:10c0b000a8462d68dce707f108004a4621460af049
:10c0c00047f9a06808b10bf05cff20460bf059ff60
:08c0d000d8e700bfa800002022
:020000040000fa
:020000040101f8
:10c0d80073b51a4b1a4e0190022204460093ec20c5
:10c0e80001230d460021f7f7adff306821460430e3
:10c0f8000bf07cfd0246a8b13068214604300bf0f5
:10c1080075fd012280f840202a68c0f8412090f887
:10c11800f840aa88a0f845206cb1022108f0ecff8d
:10c12800002408e0074b0093422401940123ff21d7
:10c13800ec20f7f787ff204602b070bd5f4b020185
:08c14800f00000207c4b020115
:020000040000fa
:020000040101f8
:10c1500001292de9f04105460f460bd019b10229fe
:10c160000fd0bde8f08110f1c8060dd1002385f88d
:10c17000b430f6e710f1d00606d1002385f8c430bc
:10c18000efe7c66b343607d0346854b9012ff4d0ca
:10c19000002febd0022fe4d1eb6b002283f830208c
:10c1a000dfe7a068d4f800800bf0ebfed4e90023b1
:10c1b00042b15360d4e9002320461a600bf0e1fe3f
:08c1c0004446e2e77360f5e775
:020000040000fa
:020000040101f8
:10c1c800f8b5194e346807465cb3ff20f9f77cfcd4
:10c1d800054650b9154b1a781abb01221a70144932
:10c1e8001448bde8f840f5f7a3bf627b21692846eb
:10c1f80004f0d0fd2a46617b3846f0f791fe88b1fd
:10c2080009480bf0a8f9237b43f00403237303f0d8
:10c21800cdfd3468002ce8d1284607f0c3fa002c7d
:10c22800d8d1f8bd0124f7e744010020ca35012020
:08c23800a0860100580100205e
:020000040000fa
:020000040101f8
:10c2400052433a436c656172526571204e6f726d54
:10c25000616c203078253032782c73746174653dc0
:10c2600025642c636c6b3d30782530347800524364
:10c270003a436c656172206120636f6e74696e75fc
:10c2800065205265710052433a436c656172526594
:10c290007120507265656d707469766520307825ff
:10c2a0003032782c73746174653d25642c636c6b3b
:08c2b0003d30782530347800a0
:020000040000fa
:020000040101f8
:10c2b800f8b51c4e90f85020336803ebc2030546ce
:10c2c800d3f80c42f4b105f07bf9276808f0d8fee2
:10c2d800a3689d4224d105f073f9d4e90032bbb1bb
:10c2e8005a60d4e900231a6095f850203368134443
:10c2f80093f81c22013a83f81c2208f0c1fe20465c
:10c3080006f06cfa28460021bde8f840fdf76cbf3e
:10c3180095f85010336803ebc103c3f81022e0e727
:08c328003c46cfe7880100202c
:020000040000fa
:020000040101f8
:10c3300070b50378054613b1012b11d070bd194ead
:10c340003368db68002bf9d0847824b90330984730
:10c350003368dc60f2e72046bde8704005f096bd2a
:10c36000022008f08ffb044688b1ae78b6b9c06de4
:10c370002022e91c2f300af0b1faa37884f8536028
:10c38000082b04d1e37820462bb9f5f7b1fdbde8c1
:10c39000704005f007baf6f751fef8e7304605f0b1
:08c3a00075fdf4e7980100208f
:020000040000fa
:020000040101f8
:10c3a80007280cd8dfe800f0040c12181e242a30e5
:10c3b800184bd3f8642f61f31042c3f8642f704709
:10c3c800144bd3f8642f61f35142f6e7114bd3f8bd
:10c3d800642f61f39242f0e70e4bd3f8642f61f3b8
:10c3e800d342eae70b4bd3f8642f61f31452e4e726
:10c3f800084bd3f8642f61f35552dee7054bd3f8a9
:10c40800642f61f39652d8e7024bd3f8642f61f397
:08c41800d752d2e700240141d4
:020000040000fa
:020000040101f8
:10c4200007280bd8dfe800f0040b11171d23292f74
:10c43000184bd3f8643fc3f300430b707047154ba0
:10c44000d3f8643fc3f34043f7e7124bd3f8643f9c
:10c45000c3f38043f1e70f4bd3f8643fc3f3c0430a
:10c46000ebe70c4bd3f8643fc3f30053e5e7094b0c
:10c47000d3f8643fc3f34053dfe7064bd3f8643f80
:10c48000c3f38053d9e7034bd3f8643fc3f3c053de
:08c49000d3e700bf00240141c5
:020000040000fa
:020000040101f8
:10c49800438b222b04bf23238376428b40f2231342
:10c4a8009a420ad122238376164b1a8842f0030255
:10c4b8001a801a8842f0100212e0837e122b12d0e2
:10c4c80004d8112b4ff0010006d07047222bebd077
:10c4d800232b0ed0012070470a4b1a8860f3010203
:10c4e8001a8000207047074b1a88022161f3010265
:10c4f800f6e7044b1a8842f003021a801a886ff391
:08c508000412ede7c03401410b
:020000040000fa
:020000040101f8
:10c5100070b504461646856b026c5ab903681bb1a8
:10c5200000200135a56370bd8068fdf7bdfc0023c8
:10c53000a360f6e76eb940680af0d0f96368226c30
:10c5400013446360a268934219d323686360304642
:10c55000e7e7c0680af0c2f9226c5242e36813446c
:10c56000e36021688b4202d2a3681a44e260022e83
:10c5700001d00020d5e725b1013d0020d1e73046ac
:06c58000cfe70020cde72b
:020000040000fa
:020000040101f8
:10c586007fb50689b6f5706f30d2c46821888b1fd7
:10c596009bb240f67a40834228d86288931f9bb2aa
:10c5a600834223d8914221d8a388b3f5fa7f1dd2be
:10c5b600e3880a3b9bb240f67642934216d8304651
:10c5c60007f053fc054688b1837c8bb9adf8006053
:10c5d6002368cdf802306368cdf80630684606f069
:10c5e60078fb08b90123ab7404b070bd0320fbe7e8
:04c5f6000120f9e740
:020000040000fa
:020000040101f8
:10c5fa0070b5867a012e31d8008908f028fa0546e6
:10c60a0070b3c16d61b34b785b0729d526b10c2194
:10c61a00bde87040fdf74fbac3782bb901f5e87150
:10c62a00bde8704002f0d3ba0c79a4b10e71c16da5
:10c63a0001f5c87102f0cbfa044640b9eb6d024627
:10c64a00a03301462846fbf728ff204670bd334633
:10c65a0032460121f6e701238b70f6e70324f4e75b
:04c66a000124f2e7ce
:020000040000fa
:020000040101f8
:10c66e0073b50c4607f0c5fd054678b32388808860
:10c67e00023383422cd8eb7c082b29d10bf03ffce4
:10c68e00064608b300f11003092101a801930bf02f
:10c69e0080faa17801a80bf07cfa2146019831f8b6
:10c6ae00032b0bf06dfc21880231324689b22846ed
:10c6be0009f0a1fe044618b9e874204602b070bd18
:10c6ce0030460bf045fcf8e70224f6e70324f4e7c6
:04c6de000124f2e75a
:020000040000fa
:020000040101f8
:02c6e200010055
:020000040000fa
:020000040101f8
:10c6e4002de9f04387b004ad914698460e460746bf
:10c6f400039501f0dffd0446014603a8adf8087078
:10c704008df80a600bf04afa394603a80bf04cfa8c
:10c71400314603a80bf042fa99f8001003a80bf075
:10c724003dfa98f8001003a80bf038fa02ab009316
:10c7340001950423062242f2760140f2011008f02a
:10c744006bf8034b33f8140007b0bde8f08300bf67
:04c75400f8a901013e
:020000040000fa
:020000040101f8
:10c7580010b5c288012a10d014b214b1022a2ad006
:10c7680010bd008908f074f90028f9d02346224644
:10c778000221bde81040fbf791be022008f07ef9c7
:10c788000f4b1b68da6804465ab10bf0dcfb002833
:10c79800e6d0002ce4d020460821bde81040fdf783
:10c7a8008bb90028dcd0c06dd978eb300bf0cdfb0d
:10c7b8000028d5d0efe7bde8104004f0efbf00bf78
:04c7c80098010020b4
:020000040000fa
:020000040101f8
:10c7cc0070b51b4a048e1368418e64f30f0313601b
:10c7dc001368144661f31f4344f80839134653f8a1
:10c7ec000c1d6ff34d3119601146b0f85c6051f8b7
:10c7fc00505f66f30f050d601d6845f080051d60e8
:10c80c00056c256090f8444052f8040d64f3040064
:10c81c0010601a6842f040021a601a685006fcd484
:10c82c001a685200fcd50868c0f3054070bd00bf03
:04c83c006034014122
:020000040000fa
:020000040101f8
:10c84000f7b500eb81060546b36993f80431144649
:10c85000a3b901aa6946608907f052fb70b1009a3a
:10c86000a3899789b069bb4201d9072304e0e28913
:10c87000d118b94209dd0d2380f8043195f83b3019
:10c88000013385f83b3003b0f0bdb3f5807fecd8c1
:10c89000b1f5807fefdc0433616818440af01ef8bc
:10c8a000a189e389b2690b4451888b42c8bf538088
:02c8b000e4e7bb
:020000040000fa
:020000040101f8
:10c8b20070b5037813f0010618bf062613f00205bf
:10c8c20018bf06259a0813f0100418bf032402f0bb
:10c8d200020213f02000c3f3801343ea020303f1c0
:10c8e200020333441d4418bf12202c444b7a2044c7
:10c8f200c0b253b10930c0b20b790a2b09d00ed3a2
:10c902000d2b0cd8c043c0b270bd022808bf012055
:10c91200f2e70b6893f84730063b032bf1e7002060
:02c92200f2e73a
:020000040000fa
:020000040101f8
:10c9240038b5837c1d2b04461cd1002383744ff43b
:10c9340082700bf022fb054648b114230370238850
:10c94400838005f0a9fd0421284608f09ffc04f12a
:10c954007400f7f7c1f84ff482700bf00efb054634
:10c9640008b9208238bd0c23037023888380238a6e
:10c97400c380122b08d10023238205f08dfd2846a5
:10c98400bde838400bf0fbba0421bde8384008f09c
:02c994007dbc68
:020000040000fa
:020000040101f8
:10c99600f8b50c461f460646154609f05afb40f602
:10c9a600c4139c421bd003f2e2439c4219d040f2ce
:10c9b600e2418c420cbf04210021b5f5ab7f1cd0af
:10c9c60011d8a5f1fa035a425a41b38a052f01eb51
:10c9d600830108bf01f1ff31891a0844f8bd082117
:10c9e600ebe70c21e9e7b5f5517f08d040f2e662a6
:10c9f60095420cbf06220022e7e70222e5e7032262
:02ca0600e3e764
:020000040000fa
:020000040101f8
:10ca080030b50589b5f5706f85b02dd2c468218819
:10ca18008b1f9bb240f67a40834225d86288931fc9
:10ca28009bb2834220d891421ed8a388b3f5fa7fdf
:10ca38001ad2e3880a3b9bb240f67642934213d857
:10ca4800284607f011fa78b1084bcdf80a30adf84e
:10ca580000502368cdf802306368cdf80630684688
:10ca680005f0b0f805b030bd0320fbe7100020004a
:020000040000fa
:020000040101f8
:10ca7800f7b5044600890bf06afa78b32689304680
:10ca880007f086fe074628b3162064890bf073fa70
:10ca9800054608b300f11003132101a801930bf018
:10caa8007bf8b97901a80bf077f8022101a80bf0ff
:10cab80079f8214601a80bf075f82a460621304678
:10cac80007f0e7fc044610b128460bf056fa20465a
:10cad80003b0f0bd0124fae70224f8e70424f6e7de
:020000040000fa
:020000040101f8
:10cae80038b5008907f0b4ff044668b38378022b91
:10caf8002ad1fcf725f9054670b9204601f0b7fda3
:10cb0800e26d5378022b15d1104b1b681b78022b52
:10cb180004d1204604f016fa284638bd042b07d164
:10cb280092f8e430022b2046f4d109f059f9f3e7e2
:10cb38002046fae7032befd194f85730002bebd1be
:10cb4800204609f05ef9e7e70325e5e798010020ac
:020000040000fa
:020000040101f8
:10cb58002de9f041174d40f243180b270026164cdb
:10cb68002068e9192722384409f0b4fe20683844bf
:10cb7800fcf79cfb2368114a3344925dda70236802
:10cb880005eb0802434411681960013692889a80bf
:10cb9800082e07f1270708f10608e0d123682a784c
:10cba8001a70687809f024fb2368aa789a70bde89f
:10cbb800f08100bfd0350120a4010020d335012029
:020000040000fa
:020000040101f8
:10cbc80038b590f8f430194c13f00203054628d014
:10cbd80008f03cf9234695f8fa1053f8842f61f3ce
:10cbe80007021a601a6895f8fb1061f30f221a60a1
:10cbf8001a6895f8fc1061f317421a601a6895f8dc
:10cc0800fd1061f31f621a60234695f8fe1033f891
:10cc1800882f61f307021a80236843f0806323603a
:10cc280038bd226863f39a622260f9e73034014123
:020000040000fa
:020000040101f8
:10cc380052433a505f666c673d307825303878004b
:10cc480052433a7072693d25642c636c6b3d3078b1
:10cc5800253034780052433a4e5f666c673d307831
:10cc6800253038780052433a7072693d25642c6348
:10cc78006c6b3d3078253034782c636f6e743d30a2
:10cc88000052433a7072693d25642c636c6b3d30e9
:0dcc980078253034782c636f6e743d3100c8
:020000040000fa
:020000040101f8
:03cca5003000005c
:020000040000fa
:020000040101f8
:10cca800037a5bb310b4428803889a421dd3c188c3
:10ccb80084888c4219d8052b17d9b2f5486f14d837
:10ccc800b1f5fa7f11d2104b1b68012283f82a2094
:10ccd80002881a8442885a8482889a84c288da84ac
:10cce800027a83f82820002005e0074b1b68002201
:10ccf80083f82a2003205df8044b7047024b1b6819
:0ccd0800002083f82a00704798340120b6
:020000040000fa
:020000040101f8
:10cd140070b583681888a0f1200292b243f6e074db
:10cd2400a24224d85988a1f1200292b2a2421ed86c
:10cd340088421cd81e79042e19d81d7b6a1e062a27
:10cd440015d85c7b032c12d80a4a108051801671c6
:10cd540055719471084a53f8050f1168886201f1fe
:10cd6400280299889b7993719180002070bd0320db
:0ccd7400fce700bf443401209c000020bc
:020000040000fa
:020000040101f8
:10cd800030b58bb003790593c3780493837803930c
:10cd90004378029303780193114b009304460223d6
:10cda0001a468d21ec20f7f751f920682379089075
:10cdb0008df82430002507ab09220a490795022087
:10cdc00000f06cfdc4b23cb1074b00932a4601232e
:10cdd0008e21ec20f7f73af920460bb030bd00bfaa
:0ccde000340c020102000100600c020192
:020000040000fa
:020000040101f8
:10cdec0030b5172185b00546002008f0c4ff044675
:10cdfc0050b30c2101a800f0dffb01ab03cb05f510
:10ce0c008572039bc5f80a015160c5f81a31294691
:10ce1c000323237351f8ff3fc4f80d304b68c4f85b
:10ce2c001130b5f80831a4f815301368c4f8173070
:10ce3c005368c4f81b30d5f81a31c4f81f30284693
:0cce4c002146fbf791fe012005b030bd2f
:020000040000fa
:020000040101f8
:10ce580030b5174d02682b68c3f802208288da8043
:10ce68002b68012289b01a721b6c0446984710b1ce
:10ce78002b68db6b984700231a460e49022000f006
:10ce880009fd6379069323790593e3780493a378de
:10ce980003936378029323780193074b009302224c
:10cea80001231a21ec20f7f7cdf8002009b030bd96
:0cceb800fc0000200207010010410201f4
:020000040000fa
:020000040101f8
:10cec40013b5174b0093022201232321ec20f7f71b
:10ced400bbf80af01dff20b903f0a6fb002002b046
:10cee40010bd104c23685b6c984760b923689b6c39
:10cef400984740b92368db6c984720b923681b6db9
:10cf040098470028e8d00c24074b0093ec200194a8
:10cf140001230022ff21f7f797f82046dfe700bf3f
:0ccf2400e87d0201fc0000207e6c020190
:020000040000fa
:020000040101f8
:10cf300037b5174b174c0190009305460123022289
:10cf40002721ec20f7f782f823685b6c9847a0b99b
:10cf500023689b6c984780b92368db6c984760b95d
:10cf600023681b6d9847044638b9012d08bf284631
:10cf700009f042f9204603b030bd0c24064b009363
:10cf8000019401230022ff21ec20f7f75ff8f1e77d
:0ccf9000b8620201fc0000207e6c02016f
:020000040000fa
:020000040101f8
:10cf9c00f8b50e46074615460af0a2f900281146c8
:10cfac0030460cbf0024092405f0bcfbf8b9bcb911
:10cfbc00104b20460a2200bf02fb00f131f803c0df
:10cfcc00bcf5706f0ed15a180331178096700b4454
:10cfdc002a681a60aa889a80074a1378013313705a
:10cfec002046f8bd01300828e6d11f24f8e70b24b1
:0ccffc00f6e700bff0300120c83501202e
:020000040000fa
:020000040101f8
:10d0080070b5184d2c6824bb30200af0b4ff286096
:10d0180008b9002070bd302221460af0dbf9124c15
:10d0280026684eb918200af0a6ff20600028f0d024
:10d03800182231460af0cef92268002313602268cc
:10d04800c2e90133d3602a680120c2e90133d36001
:10d05800e0e7002420460134e4b2faf7d9ff082caf
:0cd06800f8d1dce79c010020a8000020ab
:020000040000fa
:020000040101f8
:10d07400ff282de9f84f80468a4617464ff00005f1
:10d08400144b05d11570987800f00100bde8f88fb5
:10d09400d3f80090104e680029fa00f000f0030461
:10d0a400012c5ffa85fb0cd106225146701d09f054
:10d0b40005fc30b93379434503d187f800b02046e5
:10d0c400e4e70135082d06f10906e4d107233b7096
:0cd0d4000020dbe77c35012098370120ac
:020000040000fa
:020000040101f8
:10d0e0000f2a38b505460c4626d190f8e43013bb1c
:10d0f0003020f8f7edfcc5f8b401e0b1b4f8013028
:10d100000383b4f803304383b4f805308383b4f861
:10d110000730c383637a80f8203063894384a3890e
:10d120008384e389c384238a0385638a4385a38a2e
:10d130008385e38ac38538bd90f8e230112b01d096
:0ad14000032bf8d1d5f8b001d7e7b2
:020000040000fa
:020000040101f8
:02d14a00012ab8
:020000040000fa
:020000040101f8
:10d14c0070b5c2b0044640880af06bfeb0b105461b
:10d15c006288616809f0bcfb2378042b10d0002294
:10d16c008df8042023788df805306388adf80730ee
:10d17c00cdf8095001a90b4809f05eff42b070bd13
:10d18c002b78122bebd1a87a80000af04afe0646c7
:10d19c000028e4d0aa7a9200696809f099fb6e60c5
:08d1ac00dde700bf6800002070
:020000040000fa
:020000040101f8
:10d1b400174bda6822f4e0621204120c42f0bf62e8
:10d1c40042f40032da60bff35f8f62b6e02183f885
:10d1d4002310104a82f800130120106082f8031310
:10d1e4000820106082f80f134ff4004111605a6a4e
:10d1f40042f480225a625a6942f010025a615a6a11
:10d2040042f400325a625a6a42f480325a627047d7
:08d2140000ed00e000e100e084
:020000040000fa
:020000040101f8
:10d21c0038b505460c46154b1b7843b1fdb90cb31c
:10d22c00134b93f900305bb14ff0ff3038bd114810
:10d23c0009f012fc01280fd10c4b01221a70ede7fa
:10d24c00a0680b4b986062685a6002211970536891
:10d25c00216898470020e9e74ff0ff30e6e74ff0f0
:10d26c00ff30e3e74ff0ff30e0e700bfbe350120b1
:08d27c0014340120a434012048
:020000040000fa
:020000040101f8
:10d2840070b50e46054638b102f010f80446c0b930
:10d294000146012007f068fa284604f075fc0446ac
:10d2a40078b9104b19680a786db922f001020a7036
:10d2b400186800f5da70f6f70ffc2146204607f0ef
:10d2c40053fa204670bd42f001020a70002ef8d0d5
:10d2d400186842f21071714300f5da70f4f72aff0e
:08d2e400efe700bf9c000020f1
:020000040000fa
:020000040101f8
:10d2ec00697a0201d57d0201d57d0201d57d02014d
:10d2fc00d57d0201697a0201697a0201d57d0201ac
:10d30c00d57d0201d57d0201d57d0201d57d0201bd
:10d31c00d57d0201d57d0201d57d0201d57d0201ad
:10d32c00d57d02012db001016d100201697a020157
:10d33c00697a0201697a0201d57d0201d57d02016b
:08d34c00d57d0201d57d02012f
:020000040000fa
:020000040101f8
:10d3540038b5008907f07efb044610b9012528463c
:10d3640038bdc278837802bb03f0fd03012bf5d1ed
:10d37400faf786f80028f1d1e36da27a83f85821f0
:10d384002346e26d53f8041fc2f859119b88a2f892
:10d394005d312046fcf7dafb05460028dfd105495c
:10d3a40004f16000f4f7c6fed9e7012bd6d102f0f0
:08d3b40047faf1e7a064d10182
:020000040000fa
:020000040101f8
:10d3bc0070b5164d2e68b3682c463bb12268d378f5
:10d3cc0073b11348fef70afe002070bd51200af01d
:10d3dc00d0fd2b68b0609b68002befd10220f4e7e6
:10d3ec009268022082f8503007f046fb054658b987
:10d3fc0020681030f6f76cfb2368064883f8285039
:10d40c00bde870400af056ba0720dee7980100200c
:08d41c00cc1e0201e9bf010171
:020000040000fa
:020000040101f8
:10d42400f8b500260e70c3885a1e0d2a05460f460d
:10d4340003d8bde8f840f8f701b8103b072b03d830
:10d44400bde8f840eff7b6bb4ff482700af095fde3
:10d454000446b8b1a88806f0d1fe90b1ab7ac37483
:10d464000a232370ab88a380eb88e380ab7a237212
:10d474002b8963812046042107f008ff01233b70b8
:08d484003046f8bd8020fce7f2
:020000040000fa
:020000040101f8
:10d48c0073b50546044600f12006a3692bb301aa27
:10d49c006946188806f02efde0b1a369194631f8eb
:10d4ac00042b032a1cd05a88009b586809f010fae8
:10d4bc00009ba2699b6852881a80009b9b7b9b06f1
:10d4cc0005d5a169284631f8042bf9f73df9a06977
:10d4dc000af051fd0434b442d7d1002002b070bd23
:08d4ec00987806f0bdffe8e7a7
:020000040000fa
:020000040101f8
:10d4f40037b5044600890af02cfd38b32089e56865
:10d5040006f07cfe044618b32b78132b08d1c37c99
:10d51400122b1fd103f046f900b9e07403b030bdfb
:10d52400172b0bd1c37c162b14d1a988eb886a88de
:10d53400009105f1080100f07bfaede7192b09d100
:10d54400c37c182b06d102f09ffae5e70420e5e737
:08d554000320e3e70120e1e7f9
:020000040000fa
:020000040101f8
:10d55c00202837b5054628d809f094f8144a042d2c
:10d56c0098bf136812689dbf1b68b3fa83f35b09fd
:10d57c00012302ebc302146844b12168116001b9a4
:10d58c0052601bb1237943f04003237108f076f904
:10d59c0044b9084b00930195052322460321ef2043
:10d5ac00f6f74efd204603b030bd0024fae700bf6d
:08d5bc00303501203872020134
:020000040000fa
:020000040101f8
:10d5c40070b505460e4603f0fdff134bb3f8a045b6
:10d5d40044f00104a3f8a045b3f8a04544f00204c4
:10d5e400a3f8a045d3f8a0259207fbd432460b49f3
:10d5f400284609f071f90a490a4a0023d058c8504c
:10d604000433102bfad1138c6ff300031384bde899
:10d61400704007f037bd00bf00240141902901414b
:08d624001838012080290141a2
:020000040000fa
:020000040101f8
:10d62c0025292dd8dfe801f01313132c1f2c13130d
:10d63c002c132c1313132c2c13132c132c132c13ff
:10d64c00132c2c2c2c2c132c2c2c2c2c131390f842
:10d65c00f2305a0714d56ff3820380f8f23000f5dc
:10d66c00ae70f6f735bac37d53b990f8f230054970
:10d67c0043f0040380f8f23000f5ae70f4f756bdb9
:08d68c00704700bf005a620262
:020000040000fa
:020000040101f8
:10d6940037b5164b01681b681a46f2e916459965b9
:10d6a40001791171d3e9160202f01f01a94208bfe2
:10d6b400a042c3e9160117d006f0def804460c4b6d
:10d6c4000093022201231f21ec20f6f7bdfc44b194
:10d6d400084b0093019401230022fd21ec20f6f76e
:10d6e400b3fc204603b030bd0024e8e7000100206d
:08d6f40078510201905102017e
:020000040000fa
:020000040101f8
:10d6fc0030b5164d8bb0042107202c68fef77efa4e
:10d70c002b6820641a6cfab1114951601a6c1368b9
:10d71c001a60104a0992002448f6b802cde9042296
:10d72c00cde906444ff440622968009203941b68cb
:10d73c00089348316846f3f74ffd2b68986cfdf75a
:10d74c0001f820460bb030bd0720fbe7000100209c
:08d75c00b5180201633302015c
:020000040000fa
:020000040101f8
:10d7640070b50e4690f8371040f2e24304464b433e
:10d77400b2b12033c0f88c300025204600f05afea8
:10d784004ff49c73b0fbf3f203fb1203c4e92032a1
:10d79400e37d73b9023664232667c4f88c3070bd08
:10d7a400058f03f282230035c0f88c3018bf0125a1
:10d7b400e3e7d4f88c3040f27222761b02fb053585
:08d7c4002667c4f88c50eae767
:020000040000fa
:020000040101f8
:10d7cc0010b5184a047802f58453596964f30f2193
:10d7dc0059615969447864f31741596159698478de
:10d7ec0064f31f61596102f58453c478996964f339
:10d7fc00070199619969047964f30f219961996919
:10d80c00447964f3174199619969847964f31f61d0
:10d81c00996102f58453c1799a8b61f307029a835b
:08d82c0010bd00bf0024014102
:020000040000fa
:020000040101f8
:10d834004741503a457674207263762c6e6f2061ae
:10d844007661696c20636f6e6e2c2068646c3d3069
:10d8540078253034782c2065767449643d307825f9
:10d86400303278004741503a457674207263762c02
:10d874006e6f206672656520636f6e6e2c2068641f
:10d884006c3d3078253034782c2065767449643dbd
:07d8940030782530327800e6
:020000040000fa
:020000040101f8
:10d89c002de9f041074690b20e4615469846fff723
:10d8ac0057fe044628b30279c680330e63f3020296
:10d8bc00330c0271437125b12a464146083009f0f8
:10d8cc0007f8032f15d8dfe807f002080c102046e4
:10d8dc0006f0a0fb0020bde8f081204607f092fb8b
:10d8ec00f8e7204606f0aefbf4e7204607f09efb77
:06d8fc00f0e71f20efe73a
:020000040000fa
:020000040101f8
:10d90200f8b50e4617461d4607f0a5f8044640b383
:10d9120090f852303b700020012e28700bd194f801
:10d9220059302bb994f858301bb902232b700020c0
:10d93200f8bd0123fae7022e08d194f85930002be2
:10d94200f0d094f85630002bf2d1eee7032eefd14f
:10d9520094f85930002be5d094f85730002be4d0de
:06d96200efe70320e4e7fb
:020000040000fa
:020000040101f8
:10d96800434d443a53657445787441647650617206
:10d97800616d2c73657449643d2564004144563ad1
:10d988004578742c65767442773d25642c696e74ed
:10d99800766c3d2564004144563a70726950687946
:10d9a8003d3078253032782c7365635068793d3086
:10d9b80078253032782c65767450726f703d3078e7
:05d9c800253034780059
:020000040000fa
:020000040101f8
:03d9cd000404054a
:020000040000fa
:020000040101f8
:10d9d000eff30980bff36f8f154b1a681ef0100f1d
:10d9e00008bf20ed108a20e9f04f10602de90900f2
:10d9f0004ff0200080f31188bff34f8fbff36f8f7c
:10da0000faf7f2fd4ff0000080f3118809bc1968a5
:10da10000868b0e8f04f1ef0100f08bfb0ec108a95
:10da200080f30988bff36f8f704700bfaff30080aa
:04da3000cc340120d1
:020000040000fa
:020000040101f8
:10da34002de9f7435d1dadb2074628468846914659
:10da44001e460af061fa044610b300f110031721d0
:10da540001a801930af0a2f8494601a80af0a4f823
:10da6400bdf8281001a80af09ff8324641460198f3
:10da740008f032ff29462246384608f0c1fc054624
:10da840010b120460af069fa284603b0bde8f083d5
:04da94000225f9e787
:020000040000fa
:020000040101f8
:10da9800f0b50e468bb00968cdf80e107168cdf858
:10daa800121007465968adf80c0018681288adf8ce
:10dab800162006ac03c49868d96803c431463846b2
:10dac800f7f762fe0df10b03019303ab8df80b0022
:10dad800009300221c2342f2190140f2011006f0c3
:10dae80099fe9df80b20024b33f812000bb0f0bde5
:04daf800f8a9010187
:020000040000fa
:020000040101f8
:10dafc00f0b58bb003ae0c4607460496fdf704f95f
:10db0c000546014604a80af045f8394604a80af06f
:10db1c0047f82368cdf816306368cdf81a30a3683f
:10db2c00cdf81e30e368cdf8223005ab009301969a
:10db3c001223032242f21a0140f20110adf81470c4
:10db4c0006f066fe024b33f815000bb0f0bd00bfbb
:04db5c00f8a9010122
:020000040000fa
:020000040101f8
:10db60002de9f04100f1200694b00d460a463146f9
:10db70008046f4f7bbfe03ac20278df80b003a4635
:10db80004146204608f0aafe3a4631460ba808f066
:10db9000a5fe0df10b03cde900430122412342f222
:10dba000260140f201108df84c5006f037fe9df82a
:10dbb0000b20034b33f8120014b0bde8f08100bf16
:04dbc000f8a90101be
:020000040000fa
:020000040101f8
:10dbc4002de9f341804617461c4606f0dff9064668
:10dbd40018b32379a4f8068023f00f0343f002035b
:10dbe4002371678120460af0d8f9054658b908f52b
:10dbf40000510c340190024600943b4689b24ff424
:10dc0400817006f009fe064b33f8150010b9b3789d
:10dc14000133b37002b0bde8f0814ff48170f9e7cd
:04dc24005077020132
:020000040000fa
:020000040101f8
:10dc2800144b70b54ff00072134c144ec3f8842196
:10dc380023681bb9bde8704008f0dcbf08f024fd7c
:10dc480025682b68236003b9646007f019fe012377
:10dc58006a7933700a4b284653f82230984795f969
:10dc68000430002b02db284605f0b6fd0023337094
:10dc7800dee700bf00e100e0d8000020c035012049
:04dc880064340120df
:020000040000fa
:020000040101f8
:10dc8c0030b585b0154b0093cde9010105460c4626
:10dc9c00ec20012302224f21f6f7d2f9284607f097
:10dcac0043ffa8b1006890f8e430112b12d1214643
:10dcbc0007f086fe80b90724094b009301940123d9
:10dccc000022ff21ec20f6f7bbf9204605b030bd51
:10dcdc000224f1e70c24efe70024f6e74e3c0201a6
:04dcec00425102019e
:020000040000fa
:020000040101f8
:10dcf0007fb5164b0093cde9010105460c46ec209b
:10dd0000012302225a21f6f7a1f9284607f012ff53
:10dd100088b106682146304608f032fe054658b9fb
:10dd2000a6f850416408a6f85241304604f049fe76
:10dd3000284604b070bd0225054b009301950123d0
:10dd40000022ff21ec20f6f781f9f1e7803c020187
:04dd50004251020139
:020000040000fa
:020000040101f8
:10dd540070b58cb0134b0b9300230993124e0791ab
:10dd640003f2712306930123029331680f4b089049
:10dd74001b680a930546383102a8f3f731fa0446c2
:10dd840018b93368986bfcf7e1fc094b00930195d3
:10dd940001230222d421ec20f6f756f920460cb0d8
:10dda40070bd00bfe5ff0101d8010020dc010020a7
:04ddb4003d740201b7
:020000040000fa
:020000040101f8
:10ddb80013b50c4607f0bafe28b3036893f8402061
:10ddc800227093f84120627093f84220a27093f871
:10ddd8004320e27093f84430237100240b4b0093e6
:10dde800022201233521ec20f6f72cf944b1084b27
:10ddf8000093019401230022fd21ec20f6f722f97b
:10de0800204602b010bd0224e8e700bff75e020119
:04de1800085f02019c
:020000040000fa
:020000040101f8
:10de1c002de9f0410646174600ebc205b94227da58
:10de2c00d5f800c04c1e06ebc1031868a0eb0c0221
:10de3c00520209d5013406ebc402d2e9008e1060ff
:10de4c0058685060c3e9008e08339d42edd1631cc5
:10de5c0006ebc303d3e9000c2a681a606a685a609f
:10de6c00c5e9000c22463046fff7d2ffa11cd5e7ce
:04de7c00bde8f0818c
:020000040000fa
:020000040101f8
:10de8000f0b5054685b011200e460af03ff804466d
:10de900030b300f11003032103a8039309f080febf
:10dea000039a3368136073685360b3689360f368d0
:10deb000d36006270097002322461121288805f009
:10dec00062fe064640b9eb781bb9af70304605b02c
:10ded000f0bd0723ab70f9e720460af040f8f5e7fc
:04dee0000226f3e73c
:020000040000fa
:020000040101f8
:10dee40008b5144a136823f400731b041b0c138035
:10def40078b900bf08f0cef86ff4e173c3189bb291
:10df0400942bf7d9a0f2134080b29428f2d9fdf7ec
:10df140033ff04f099f8084b00221a60074b084ab3
:10df24001b6811681b78c3f3c00363f34d311160a0
:10df340008bd00bf243f0141e0010020d8010020ba
:04df44003838014127
:020000040000fa
:020000040101f8
:10df48004c32433a457674207263762c6e6f2066a5
:10df580072656520636f6e6e2068646c3d3078254d
:10df68003034782c65767449643d307825303278c1
:10df7800004c32433a457674207263762c6e6f20db
:10df8800617661696c20636f6e6e2c68646c3d30dd
:10df980078253034782c65767449643d307825309e
:03dfa800327800cc
:020000040000fa
:020000040101f8
:10dfab0052433a53746172745265712050726565b5
:10dfbb006d7074203078253032782c7072696f72e6
:10dfcb006974793a25642c636c6b3d307825303459
:10dfdb00780052433a5374617274526571204e6fdc
:10dfeb00726d616c203078253032782c7072696fcd
:10dffb00726974793a25642c636c6b3d30782530eb
:03e00b0034780066
:020000040000fa
:020000040101f8
:10e00e00534d503a457674207263762c6e6f2066af
:10e01e0072656520636f6e6e2068646c3d30782586
:10e02e003034782c65767449643d307825303278fa
:10e03e0000534d503a457674207263762c6e6f20e5
:10e04e00617661696c20636f6e6e2c68646c3d3016
:10e05e0078253034782c65767449643d30782530d7
:03e06e0032780005
:020000040000fa
:020000040101f8
:10e0720073b5047a04b3c5680023e91fdab2944287
:10e082001fd804f0b4fe00262b78003318bf0123fa
:10e092008df800302b46013653f8012fcdf80120c0
:10e0a2009b88adf805306846f6b204f06efab442c9
:10e0b20005f10705e8d101e004f099fe002002b065
:10e0c20070bd0133c3ebc3028a5c032ad6d9032095
:02e0d200f5e770
:020000040000fa
:020000040101f8
:10e0d400434d443a536574506174684c6f73735282
:10e0e40065706f7274696e67506172616d2c4864fb
:10e0f4006c3d307825782c6869676854687265735c
:10e104003d25642c68696768487973743d25642cdf
:10e114006c6f7754687265733d25642c6c6f774817
:10e124007973743d25642c6d696e54696d653d2564
:02e13400640085
:020000040000fa
:020000040101f8
:10e136004144563a4c4c204348432c43684d617049
:10e146003d253032785f253032785f253032785f72
:10e15600253032785f25303278004144563a4f4fa9
:10e166004d284c4c2043684d617020557064617495
:10e17600652043684d61703d253032785f25303229
:10e18600785f253032785f253032785f25303278f7
:01e196000088
:020000040000fa
:020000040101f8
:10e1980002000000156b010104000000c903010121
:10e1a80006000000a91001010800000039950001cf
:10e1b8000a0000006d5c01010c000000213701011c
:10e1c8001000000075cd000112000000897e0201d8
:10e1d800520000007171020116000000d1f5000123
:10e1e80018000000b95101011e00000025c90101f5
:020000040000fa
:020000040101f8
:10e1f80070b5164d00242b6803eb84031a6992b19d
:10e20800d17881b1012656721b69188809f09ffee2
:10e2180048b1221d2b6853f8223031464ff6ff7261
:10e22800187800f0affa0134082ce4d14ff482706a
:10e2380009f0a1fe40b11022027000228280012262
:10e248008271042107f020f8002070bd9c01002095
:020000040000fa
:020000040101f8
:10e25800f0b589b006ad16460f46adf80e00059527
:10e26800fdf762f90446014605a809f095fcbdf8da
:10e278000e1005a809f096fc397805a809f08cfc61
:10e28800317805a809f088fc0df10e03009301957b
:10e298000223052242f2300140f2011006f0bafad8
:10e2a800024b33f8140009b0f0bd00bff8a9010112
:020000040000fa
:020000040101f8
:10e2b80073b50c4616461d4607f038fcf8b1611eca
:10e2c800c9b2006808f0c6fc0e4b307093f90130f3
:10e2d8002b7000240c4b0093022201235221ec20c6
:10e2e800f5f7b0fe44b1094b0093019401230022d5
:10e2f800fd21ec20f5f7a6fe204602b070bd0224f1
:10e30800e8e700bfaa0100200946020126460201eb
:020000040000fa
:020000040101f8
:10e3180000b593b041f20303adf8003090f8f23045
:10e328008df804106ff3000380f8f2300388adf81d
:10e338000630d0f8b03189b9d0f8b42190f8e2109d
:10e34800112918bf13469a8a1b690293adf80c204d
:10e35800684605f0c3fa13b05df804fb5a88adf8b7
:10e3680008209a88adf80a20db88adf80c30efe772
:020000040000fa
:020000040101f8
:10e3780013b5154b019004460093ec2001230222ab
:10e388008021f5f75ffe204607f0d0fba8b10068b2
:10e3980090f8e430213b012b11d806f0fdfe80b93e
:10e3a80007240a4b0093019401230022ff21ec204b
:10e3b800f5f748fe204602b010bd0224f1e70c2410
:10e3c800efe70024f6e700bf1c670201495302018a
:020000040000fa
:020000040101f8
:10e3d800bd1a3ccda6b8995899b740eb7b60ff4a67
:10e3e800503f10d2e3b3c974385fc5a3d4f6493f90
:10e3f800e69d350e480103ccdbfdf4ac1191f4ef3a
:10e40800b9a5f9e9a7832c5e2cbe97f2d203b020f8
:10e418008bd28915d08e1c742430ed8fc24563765b
:10e428005c15525abf9a32636deb2a65499c80dcb1
:020000040000fa
:020000040101f8
:10e4380038b50146c07d30b391f82a0008f02efcab
:10e44800114b1b680246187b08f028fc4d8f1044be
:10e45800684340f2e24404fb00f20c4cb2fbf4f0d7
:10e4680004fb102404b101304b7e212b40f27123b0
:10e4780003fb05f308bf00f28d10a3f1960290424a
:10e4880028bfa3f1970038bd0001002040420f00cb
:020000040000fa
:020000040101f8
:10e49800f8b50568ec680646284600f0abfd14b1ef
:10e4a800204608f083fa696829b10c68084609f023
:10e4b80064fd2146f8e7a86869600c4628b107683a
:10e4c800013409f05afd3846f8e7a8601cb1a1b23a
:10e4d800284606f0e8ff04f045f93046faf768fdeb
:10e4e800288804f099fd3046bde8f84002f006bde2
:020000040000fa
:020000040101f8
:10e4f80073b5c36d0446a3b94388012b11d10191ab
:10e508000df1030001a909f029fa104b9df80350f9
:10e518001b689b793bb12b0705d403212046fbf7e9
:10e52800cbfa02b070bd012684f8545084f85560c7
:10e53800082009f020fd01460028f2d00670238843
:10e5480083808571082009f05ffceae798010020c4
:020000040000fa
:020000040101f8
:10e558002de9f041134d40f243174ff00b08002608
:10e56800114b1c68272204eb080105eb080008f092
:10e57800b1f9a31908f12708da780c4b9a55e21972
:10e58800eb1911681960013692889a80082e07f1f4
:10e598000607e5d123782b7063786b70a378ab708e
:10e5a800bde8f081d0350120a4010020d335012039
:020000040000fa
:020000040101f8
:10e5b80037b50468a36f1b0405461ad403f000f8a6
:10e5c800a36f43f40043a36706f05afdd4e924136c
:10e5d80020465b1ad9b209f087f9d4f89030019532
:10e5e8005b1ac4f89030042201ab08490120fff7f8
:10e5f80051f9237d3bb102f0e3ffa36f43f0806341
:10e60800a36706f03dfd03b030bd00bfa1040101c2
:020000040000fa
:020000040101f8
:10e6180010b588b004461822002102a808f0dafed6
:10e628000df1020101a806f053fdbdf80220019b7f
:10e63800110423f07043019348bf03f1ff3304939f
:10e648009df8083058bfadf80c2023f00c0348bfe4
:10e6580002f2e24243f00c0302a9204648bfadf89b
:0ee668000c208df8083009f056fc08b010bdeb
:020000040000fa
:020000040101f8
:10e6760038b5c16d91f82c3091f8e85004461d402c
:10e6860091f8e90091f82d301840e378cbb9ea31da
:10e6960006f0d3fde16d2e31284606f0cefd94f846
:10e6a60057306bb1e26d92f8ea3023f0030382f83b
:10e6b600ea30e26d92f82e3023f0030382f82e3012
:0ee6c60038bd2e3106f0b9fde16dea31e4e712
:020000040000fa
:020000040101f8
:10e6d40008b51149012009f011f8104b1a68d2f855
:10e6e400bc3103f0f80343f4c06343f00103c2f800
:10e6f400bc310b4b4ff0082119604ff4e061998055
:10e7040000219971074bc2f87831074bc2f8fc31ec
:10e71400bde8084008f034bd546b02019c000020a1
:0ce72400443401206d560201595f0201cf
:020000040000fa
:020000040101f8
:10e730002de9f341064680880f461446984609f0b5
:10e74000e5fb054600b300f11003414601a8019323
:10e7500009f026fab388013b9c4288bf9cb224b1e1
:10e7600022463946019809f012fc611c2a4689b2fa
:10e77000304607f047fe044610b1284609f0effb8b
:0ce78000204602b0bde8f0811124f9e74a
:020000040000fa
:020000040101f8
:10e78c00f8b50f46154605f035fd064600b3fa20e0
:10e79c0009f0effb0446e8b10f4b40f8043b394657
:10e7ac0009f0ebfb2946a01d09f0e7fb1d2384f8bb
:10e7bc00f83021463088eff7bdff054618b9737a5b
:10e7cc0043f002037372204609f0d5fb2846f8bdce
:0ce7dc000325fbe70225f9e7120004000a
:020000040000fa
:020000040101f8
:10e7e80030b5c5b00288adf810208288837881687a
:10e7f8008df81230fb2a1346044628bffb2305a8d0
:10e808008df8133008f066f82046ebf791fc0df10f
:10e818000f0404ad8df80f00cde90054ff23012249
:10e8280042f2370140f2011005f0f4ff2278024b62
:0ce8380033f8120045b030bdf8a9010112
:020000040000fa
:020000040101f8
:10e8440070b50546c4b0ecf74dfe2a88adf810202b
:10e85400aa88ab788df80f00fb2a0df10f068df80e
:10e864001230a968134604ac28bffb2305a88df811
:10e87400133008f031f8cde90046ff23012242f2bb
:10e88400380140f2011005f0c7ff3278024b33f82b
:0ce89400120044b070bd00bff8a90101e3
:020000040000fa
:020000040101f8
:10e8a0002de9f041e2b00c4617468046e7f768fdd7
:10e8b0008df80d4004eb44040df10b058df80b00b1
:10e8c0006200394603ae0df10e008df80c8008f0a1
:10e8d00005f8cde900654ff4be73012242f239011b
:10e8e00040f2011005f09aff2a78034b33f812002a
:0ce8f00062b0bde8f08100bff8a9010192
:020000040000fa
:020000040101f8
:10e8fc0038b590f8e43004460d4633bb0c20f7f7de
:10e90c00e1f8c4f8b401b5f801300381d4f8b4319e
:10e91c00b5f803205a81d4f8b431b5f805209a80a3
:10e92c00d4f8b431b5f80720da80d4f8b431fb222e
:10e93c001a8094f8ee3013f0080fd4f8b43114bfe9
:0ce94c0044f2902240f648025a8038bd88
:020000040000fa
:020000040101f8
:10e958002de9f84390f8ac51064689461746984683
:10e96800edb90c2009f007fb044640b17fb13846e9
:10e9780009f001fba06020b9204609f0fefa07253e
:10e9880011e02560d6f8a8311c60c6f8a84184f8c3
:10e9980004903a464146a06807f09cff03e0022332
:0ce9a80080f8ac3100252846bde8f8835b
:020000040000fa
:020000040101f8
:10e9b40013b5124b124c0093022201231c21ec20ac
:10e9c400f5f742fb23685b6d984758b923689b6d44
:10e9d400984738b92368db6d984718b9094b186014
:10e9e40002b010bd0c24084b0093ec2001940123c9
:10e9f4000022ff21f5f728fb2046f1e7746c0201a1
:0cea0400fc0000207c3501207e6c02012b
:020000040000fa
:020000040101f8
:10ea1000154b0178d3f8b02f61f31742c3f8b02f2c
:10ea2000d3f8b02f417861f31f62c3f8b02fd3f849
:10ea3000b42f817861f30702c3f8b42fd3f8b42f51
:10ea4000c17861f30f22c3f8b42f0179d3f8b42f42
:10ea500061f31742c3f8b42f4179d3f8b42f61f3af
:0cea60001f62c3f8b42f7047002401416e
:020000040000fa
:020000040101f8
:10ea6c0084b01fb507ac84e80e000b46032809d808
:10ea7c00dfe800f0020d141a0b9b009394e80f00d2
:10ea8c0005f078fc04b0bde8104004b070470b9b57
:10ea9c00009394e80f0006f031fcf3e700221221fa
:10eaac00184608f095f9ede7039103ab04220249ef
:0ceabc000120fef7edfee5e71304010168
:020000040000fa
:020000040101f8
:10eac8000e4a38b5002313600d4a0e4c13600e4ae7
:10ead8000e4d13600e4a13600e4a13600e4a5362bd
:10eae80013610123936009f092fa09f090faac429d
:10eaf80000d338bd54f8043b9847f8e7ac350120fb
:10eb08004c3101203404000148310120380400014f
:0ceb180040310120443101205031012027
:020000040000fa
:020000040101f8
:10eb2400f7b5002407460e460c800546ab69ebb1e9
:10eb340001aa6946188805f0e1f938b9063480203d
:10eb440057f824301b88338003b0f0bd009a937bc0
:10eb5400928913f0080fab69598805d18a4205d010
:10eb64001b8833800d20efe78a42f9d30134082c47
:0aeb740005f10405dad10020e6e700
:020000040000fa
:020000040101f8
:10eb7e007fb5064611200d4609f0c1f9044610b3c3
:10eb8e0000f11003042103a8039309f002f8039a7d
:10eb9e002b6813606b685360ab689360eb68d3604f
:10ebae0006230093224600231121308804f0e4ff4f
:10ebbe00054620b90923b370284604b070bd20461f
:0aebce0009f0c6f9f8e70225f6e7a2
:020000040000fa
:020000040101f8
:10ebd8007fb5064611200d4609f094f9044610b396
:10ebe80000f110030d2103a8039308f0d5ff039a41
:10ebf8002b6813606b685360ab689360eb68d360f5
:10ec080006230093224600231121308804f0b7ff21
:10ec1800054620b90d23b370284604b070bd2046c0
:0aec280009f099f9f8e70225f6e774
:020000040000fa
:020000040101f8
:10ec320038b504461d4631b101291bd000230360bb
:10ec42004ff0ff301fe0012b01d900201be003220f
:10ec52000021012001f015fa206080b1012d0ed1b2
:10ec620000231a461946f1f73ef8012814bf002086
:10ec7200012008e01946104606f080fb206020685b
:08ec8200003018bf012038bd6d
:020000040000fa
:020000040101f8
:02ec8a00a62ab8
:020000040000fa
:020000040101f8
:10ec8c0008b5144b9b7df3b1124a137edbb2927d17
:10ec9c0012f0800f18d10f4a137edbb2927d12f066
:10ecac00010f04d013f0010f01d0f9f75ff8094af6
:10ecbc00137edbb2927d12f0040f04d013f0040f1c
:10eccc0001d0f8f755f908bd13f0800fe3d001f02f
:08ecdc0047fae0e7000c0040dc
:020000040000fa
:020000040101f8
:10ece40070b582b00190846ca26be36b9a4203d33b
:10ecf4000025284602b070bd94f8456076b2002223
:10ed040001a92046fdf702fc0546b6f1ff3f0ad1f2
:10ed1400636a002bedd004f12400f6f7dff9002834
:10ed240018bf0125e5e708f08bfe8642e1d20136e3
:08ed340076b284f84560dce7cb
:020000040000fa
:020000040101f8
:10ed3c002de9f843064689469046002500f1180354
:10ed4c0053f82540efb23cb12288424515d1002042
:10ed5c0089f80070bde8f8834ff4837009f009f965
:10ed6c0006eb8505a86168b14ff48372214608f063
:10ed7c002ffbab69a3f80080e9e70135082ddfd143
:08ed8c002f46e4e71120e3e744
:020000040000fa
:020000040101f8
:10ed940038b54389152b044620d1037c122b1fd18f
:10eda400008905f02bfa08b9002038bd63681b7888
:10edb400da0717d5037a0125db078572f4d54ff4fa
:10edc400827009f0daf80028eed01122027022894c
:10edd40082808571042106f059fae5e7132be3d00c
:08ede4008020e2e71320e0e7c4
:020000040000fa
:020000040101f8
:10edec002de9f04186b002ad1746064688460395dc
:10edfc00f7f7e8fe0446014603a8adf81060adf83d
:10ee0c001280adf8147008f0c5fe314603a808f066
:10ee1c00c7fe04ab009301950623032242f22201a4
:10ee2c0040f2011005f0f4fc024b33f8140006b06c
:08ee3c00bde8f081f8a9010115
:020000040000fa
:020000040101f8
:10ee440070b588b006ad0e46adf80e000595fef718
:10ee5400b1ff0446014605a808f0a0febdf80e1057
:10ee640005a808f0a1fe314605a8052208f00afa13
:10ee74000df10e03009301950223082242f21501bd
:10ee840040f2011005f0c8fc024b33f8140008b03e
:08ee940070bd00bff8a90101e7
:020000040000fa
:020000040101f8
:10ee9c002de9f04186b003ad174606468846059528
:10eeac00f3f7beff0446014605a8adf810608df8d7
:10eebc0012808df8137008f06dfe314605a808f02d
:10eecc006ffe04ab009301950423032242f27a01f6
:10eedc0040f2011005f09cfc024b33f8140006b014
:08eeec00bde8f081f8a9010165
:020000040000fa
:020000040101f8
:10eef40030b585b0124b0093cde9010105460c46af
:10ef0400ec20012302225721f5f79ef8284606f04b
:10ef14000ffe88b12146006808f004fb70b907248d
:10ef2400084b0093019401230022ff21ec20f5f704
:10ef34008bf8204605b030bd0224f1e70024f8e741
:08ef44003c540201425102019c
:020000040000fa
:020000040101f8
:10ef4c007fb5134b0190cde9021204460e461546cf
:10ef5c00009302223021ec200123f5f771f82a46a8
:10ef6c003146204607f010ff78b90a4b5c713444e7
:10ef7c002a0604ebd4744fea640454bf6d42802219
:10ef8c009c71de7154bf1d721a7204b070bd00bf4b
:08ef9c0088540201aa010020c3
:020000040000fa
:020000040101f8
:10efa40073b5124b01900093044601230d46164697
:10efb40032210222ec20f5f747f80d4b1b689b6bbe
:10efc4008bb12046324629469847044640b1094b46
:10efd4000093019401230022ff21ec20f5f734f87b
:10efe400204602b070bd0c24f1e700bf4c7502014d
:08eff400fc0000207e6c02010c
:020000040000fa
:020000040101f8
:10effc0000b5836fda0693b020d4027e422a12d178
:10f00c0090f829308df808300522adf80020002248
:10f01c008df804200288adf80620684604f05cfcec
:10f02c0013b05df804fb412a0ad01b040ad590f8f2
:10f03c00e230032b0cbf16230823e3e73d23e1e763
:08f04c001623dfe73e23dde798
:020000040000fa
:020000040101f8
:10f0540030b5114991f90420824209d091f9023066
:10f06400834203db91f90330834202dd9a4201d1ea
:10f0740030bd0346094a0a4c10780a4de289181a31
:10f0840045fa80f022f03f02007e1204120c024383
:10f09400e2810b71ece700bfaa010020b40100205b
:08f0a400006001417c5b0201e8
:020000040000fa
:020000040101f8
:10f0ac0037b50546d0f88840d0f8cc0001a907f058
:10f0bc002ffe0198eb7d400ac4f31604a0428abfd0
:10f0cc00c0f50000241a2418012b09bf084b09486d
:10f0dc001868c0f30e0002bf4ff49c73b0fbf3f042
:10f0ec000130a04234bf0020012003b030bd00bf6e
:08f0fc006c380141ffff3f00e9
:020000040000fa
:020000040101f8
:10f1040010b503460c46bab990f8012172b990f8cb
:10f11400ff1059b9002c14bf0122022280f80121ea
:10f12400d0f86c01224618b107f04ffc002010bd46
:10f134000146d3f86801f7e7d0f8001111f0ff1188
:10f14400f4d1002c14bf0122022280f802212246ad
:06f15400d0f87001e8e7ad
:020000040000fa
:020000040101f8
:10f15a0010b5c37d04461bbbd0f8b031b0f85c10c3
:10f16a001a88a0f846205a88a0f848209a88a0f859
:10f17a004a20da88a0f84c201a89a0f84e209981f2
:10f18a00598859815968c3f80e105a8201f051fb07
:10f19a0008b9002010bd082384f8e2300120f9e7fd
:06f1aa0002f02ffef4e765
:020000040000fa
:020000040101f8
:10f1b000f8b5069c054624b32079e1800f0e67f36d
:10f1c00002002071080c607122b1194604f1080098
:10f1d00007f084fb032d14d8dfe805f002070b0fbe
:10f1e000204604f01dff0020f8bd204605f010ff6a
:10f1f000f9e7204604f02cfff5e7204605f01cff58
:06f20000f1e71f20f0e71a
:020000040000fa
:020000040101f8
:02f20600002adc
:020000040000fa
:020000040101f8
:10f20800134b01221a801a46136913f0010ffbd120
:10f218000f4b4ff401421a801a46136913f4004f3a
:10f22800fbd10b4b00221a621a46136913f0200f08
:10f23800fbd1074b00225a621a46136913f0400f9c
:10f24800fbd1034b4ff480725a815a60704700bf5c
:04f25800000001426f
:020000040000fa
:020000040101f8
:10f25c0000b583b000230193032200924ff4007297
:10f26c000b490c48ecf74efc012800d0fee70a4b8a
:10f27c0001930123009300234ff48062074908484f
:10f28c00ecf740fcfbf74ef903b05df804fb00bf54
:10f29c00407602010d1d020110000020447602018f
:04f2ac00477e020196
:020000040000fa
:020000040101f8
:10f2b00030b5124c124d2379226885b08df8043098
:10f2c0002b68009293f8280008f0cefd2b688df88b
:10f2d000060053f8292fcdf807209b88adf80b3096
:10f2e0000df10500b4f80530adf80d3007f044f924
:10f2f000684603f0d5fc05b030bd00bf44340120a2
:04f300009c0000204d
:020000040000fa
:020000040101f8
:10f3040070b4806805886b1eb3f5fa7f1fd24388fa
:10f314005a1eb2f5fa7f1ad28188b1f5fa7f16d255
:10f32400c488b4f5fa7f12d202890a3a92b240f63e
:10f334007646b2420bd89d4209d801fb0331b1f5a0
:10f34400fa7f04dca34202d970bc03f0a3bd0320fe
:04f3540070bc7047d2
:020000040000fa
:020000040101f8
:10f3580010b5134b1b681a68012002b910bdd38978
:10f36800918901335b1a9bb200218cb29c4201d374
:10f378001268f2e7546804eb0114e47b14f0440fbc
:10f388000cd114f0220f07d1012803d114f0880ff3
:10f3980018bf02200131e8e70320fbe70420dde77e
:04f3a800a800002099
:020000040000fa
:020000040101f8
:10f3ac0073b54d89032d06460c461cd10b7c03f01e
:10f3bc00bf03122b08d14968a07b05f051f8b8b9ee
:10f3cc000025284602b070bd2a460df10701fff753
:10f3dc00affc05460028f4d122469df807103046b4
:10f3ec00fdf728faede708f051fb01308542e7d034
:04f3fc008025e6e79b
:020000040000fa
:020000040101f8
:10f4000070b586b004ad0e46adf80e00059501f05e
:10f4100075f80446014605a808f0c2fbbdf80e10b9
:10f4200005a808f0c3fb317805a808f0b9fb0df179
:10f430000e03009301950223042241f2054140f29c
:10f44000011005f0ebf9024b33f8140006b070bd63
:04f45000f8a9010115
:020000040000fa
:020000040101f8
:10f4540070b588b006ad0e46adf80e00059500f007
:10f46400c9f80446014605a808f098fbbdf80e103b
:10f4740005a808f099fb318805a808f095fb0df163
:10f484000e03009301950223052240f67b4140f2ce
:10f49400011005f0c1f9024b33f8140008b070bd37
:04f4a400f8a90101c1
:020000040000fa
:020000040101f8
:10f4a800f0b5040b012c85b005460e4601d106f0d7
:10f4b8009ff9efb20d4b0093c5f30325cde9014544
:10f4c8000397042301220021ee20f4f7bbfd084b2b
:10f4d80004f18044013c1b68324653f82430394615
:10f4e80028469847308005b0f0bd00bfdc450201d2
:04f4f80018350120a2
:020000040000fa
:020000040101f8
:10f4fc004b0705d0cb1d23f007030844c01a19464f
:10f50c000b4b002219605a600b18083b23f00703c1
:10f51c000848c3e900225a1ac1e900320360064bbd
:10f52c001a60064b1a60064b4ff000421a60704787
:10f53c005c340120283501202435012020350120a0
:04f54c001c35012049
:020000040000fa
:020000040101f8
:10f5500010b590f8fc3004467bb9d4f8c830abb98c
:10f56000d4f8d00088b194f8c430022b03d1012123
:10f570002046f9f76efd002007e0002380f8fc30fc
:10f58000074b1b6898470028e7d010bd94f8b430ab
:10f59000022be5d100212046f9f75bfde0e700bf33
:04f5a00054350120bd
:020000040000fa
:020000040101f8
:10f5a40010b50e4c0e49002008f000f92146012048
:10f5b40008f0fcf80b49022008f0f8f80a49032087
:10f5c40008f0f4f82146042008f0f0f8074808f0a1
:10f5d40009fb074808f048fb002010bd459a0001cc
:10f5e400456e0001bd6a00013df7000181fb000189
:04f5f400d9600201d7
:020000040000fa
:020000040101f8
:10f5f8007fb506460d4606f099fae0b10368b3f800
:10f6080050312b8000242b88cde901630b4b0093ec
:10f61800022201235921ec20f4f714fd44b1084bd0
:10f628000093019401230022ff21ec20f4f70afd46
:10f63800204604b070bd0224e5e700bfac3d0201de
:04f648004251020128
:020000040000fa
:020000040101f8
:10f64c0010b523210446fbf7edfe08b3d4f8443182
:10f65c00d87d07f031feff2811d0d4f8443193f94e
:10f66c0019207e2a12d094f8e220062a0cbfff2221
:10f67c0000225a772046bde81040f0f70fb920223f
:10f68c0020462321bde8104001f0f2ba1e22f7e714
:04f69c00012010bd7c
:020000040000fa
:020000040101f8
:10f6a00070b503210546002006f06bfb044600b34d
:10f6b00017230373d5f8b41195f843310a784978c4
:10f6c000134095f8422183730a404273014628464d
:10f6d000f9f750faee7d012e0ad1d5f8b431b5f81c
:10f6e00060201a81617b2846fbf756fba5f8600075
:04f6f000012070bdc8
:020000040000fa
:020000040101f8
:10f6f40030b50d2185b00546002006f040fb0446d8
:10f70400f0b10c2101a8fdf75bff01ab03cb05f5bc
:10f714008972039bc5f812015160c5f81e31042398
:10f7240023731368c4f80d305368c4f81130d5f846
:10f734001e31c4f8153028462146f9f719fa01207c
:04f7440005b030bd1f
:020000040000fa
:020000040101f8
:10f7480038b500240f4b0546214624220e48c3e94c
:10f75800004307f03ffe0d4b0d4a1c60012108468f
:10f7680007f03cfa2869f5f701fb00f013f8f2f707
:10f7780027fb00f07dff07f067f86868bde83840b0
:10f7880003f0babc90010020603201206c350120e2
:04f79800550d020108
:020000040000fa
:020000040101f8
:10f79c000c4b0d4a0d4910b51a600d4b00241c6022
:10f7ac000c4b1c700c4b07201c7008f02ffa0b4be9
:10f7bc0018222146184607f00bfe094a82602046a3
:10f7cc0010bd00bf2401002080841e00a54a00014a
:10f7dc001c01002028010020200100200401002031
:04f7ec00010102070e
:020000040000fa
:020000040101f8
:10f7f00038b5044618b34ff0806190f8500005f01a
:10f80000f7fc6378002523f012036370a58020467f
:10f81000fbf7cefe94f85330012b237808bf84f811
:10f820005350012b0bd1064b1b68d3f8082232b979
:10f83000214694f85000bde8384008f06dbb38bd53
:04f84000880100201b
:020000040000fa
:020000040101f8
:10f8440030b5054685b0022008f05efb0446e0b101
:10f8540000f110030b2103a8039308f09ff90c4b4c
:10f864001b6803a8597808f099f90623009328889f
:10f8740000232246022104f084f9054610b12046f3
:10f8840008f06bfb284605b030bd0225fae700bf3f
:04f8940098010020b7
:020000040000fa
:020000040101f8
:10f89800124b0246006818609188927999809a7193
:10f8a80033f8041c41f0020123f8041c53f8080c37
:10f8b800c0f3807080b15b6ac3f30263084a1168c1
:10f8c8000a781944c97830b122fa03f010f001001f
:10f8d80018bf81f0010070470023efe77033014142
:04f8e800a401002057
:020000040000fa
:020000040101f8
:10f8ec0030b5d0f8dc20fab1d0f8d830e3b10f49fc
:10f8fc000f480c880168121b92b262f31f41016021
:10f90c000146423251f8085f92b262f31f450d6016
:10f91c0002681b1b9bb263f30f0202600a68ff3381
:10f92c009bb263f30f020a6030bd00bfa001002040
:04f93c004834014109
:020000040000fa
:020000040101f8
:10f9400038b5002005f06aff0546012005f066ff86
:10f950004ff6ff710446002004f092fb4ff6ff7152
:10f96000012004f08dfb4ff6ff71022004f088fbac
:10f9700045f4f04189b2002005f062ff44f0100127
:10f9800089b2012005f05cff30210220bde838403b
:04f9900005f056bf69
:020000040000fa
:020000040101f8
:10f9940070b5002005f040ff0646012005f03cff4d
:10f9a4000546022005f038ff4ff6ff71044600209b
:10f9b40004f064fb4ff6ff71012004f05ffb4ff687
:10f9c400ff71022004f05afb3146002005f036ff97
:10f9d4002946012005f032ff21460220bde870408f
:04f9e40005f02cbf3f
:020000040000fa
:020000040101f8
:10f9e80070b505461e464ff08644236843f002036f
:10f9f80023604ff260031c6813460a463146a0474d
:10fa0800024660b94ff264031b68284698470246cd
:10fa180028b94ff270031b682846984702464ff0f2
:10fa280086410b6823f002030b60101c18bf0120ed
:02fa380070bd9f
:020000040000fa
:020000040101f8
:10fa3a0013b50489b4f5706f21d2817ac27a007b3a
:10fa4a0041ea0203034333f0070318d1adf800403b
:10fa5a0099b18df802302ab99df8023043f00203b9
:10fa6a008df80230adf8060068468df803108df85f
:10fa7a00042003f048f902b010bd0123e9e703208e
:02fa8a00f9e79a
:020000040000fa
:020000040101f8
:10fa8c0037b590f83830032b054607d1fdf7f8fc55
:10fa9c00284605f0e3fb002385f83830012008f0f8
:10faac002ffa044698b100f11003192101a8019313
:10fabc0008f070f828462246012106f09dfc054608
:10facc0010b1204608f045fa284603b030bd022597
:02fadc00fae747
:020000040000fa
:020000040101f8
:10fade002de9f04104680e46904625461db1ea68b0
:10faee00424503d16d691cb9bde8f0812d68f5e77b
:10fafe00237a022b0ed8e36843450bd36069401b73
:10fb0e0007f065fa237ae768012b014604d01bb192
:10fb1e00022b01d02468e6e7304601f0c8f9f86000
:02fb2e00f8e7f6
:020000040000fa
:020000040101f8
:10fb3000f8b508210746002006f023f90446d0b1a5
:10fb400007f0defb0546b8b10126c6714671d7f84d
:10fb5000b031c3600146384608f0aef92673d7f8d5
:10fb6000b0311a68c4f80d201b79637438462146f9
:10fb7000f9f700f83046f8bd204608f03ff928466e
:02fb8000f9e7a3
:020000040000fa
:020000040101f8
:02fb8200882bce
:020000040000fa
:020000040101f8
:10fb840070b5124e05460024336803eb8403d3f8a2
:10fb94009c310bb1284698470134032cf4d12b78bf
:10fba400182b12d84ff4807008f0e7f9044660b1be
:10fbb40029464ff4807206f08ffe22464ff480717e
:10fbc4000120bde8704005f003be70bd9c0000201c
:020000040000fa
:020000040101f8
:10fbd400f0b587b003ad06460f460495fef754f81a
:10fbe4000446014604a8adf814608df8167007f0b9
:10fbf400d5ff314604a807f0d7ff05ab0093019564
:10fc04000423032242f2210140f2011004f004fe15
:10fc1400024b33f8140007b0f0bd00bff8a901018e
:020000040000fa
:020000040101f8
:10fc2400f0b587b003ad06460f460495fef75ef8bf
:10fc34000446014604a807f0b1ff314604a807f0c2
:10fc4400b3ff05ab009301950423032240f67c41e6
:10fc540040f20110adf81460adf8167004f0dcfd4c
:10fc6400024b33f8140007b0f0bd00bff8a901013e
:020000040000fa
:020000040101f8
:10fc740000b5104a8bb01068516805ab03c3906897
:10fc8400d16803c3117c1970d2f8113001930a4b67
:10fc94000a4a186802909b88cdf80e0001a905a8ad
:10fca400adf80c30adf81230f6f7b4fd0bb05df8da
:10fcb40004fb00bff26f0201cd000020b000002061
:020000040000fa
:020000040101f8
:10fcc40010b5046894f8f8300bb900201ce0002348
:10fcd40084f801310d4b1b685b688bb994f84710ad
:10fce4002046fbf759fed4f8680107f06af9d4f806
:10fcf4007c31002be9d0d4f86c0107f062f9e4e719
:10fd0400204698470028e9d010bd00bf583501208f
:020000040000fa
:020000040101f8
:10fd140038b590f8e230112b05460c4601d0032b80
:10fd240002d1d5f8b00130b995f8e430112b0fd1d8
:10fd3400d5f8b40158b1637803736388c381a38889
:10fd44000382e3884382238983826389c38238bd23
:10fd5400002bfcd13020f5f7b9fec5f8b401e9e772
:020000040000fa
:020000040101f8
:10fd640037b5104b104d0190009304460123022235
:10fd74003121ec20f4f768f92b685b6c984720b9c3
:10fd84002b6883f82e4003b030bd0c24074b00933e
:10fd9400ec20019401230022ff21f4f755f92046b9
:10fda400f1e700bf5e640201fc0000207e6c0201ea
:020000040000fa
:020000040101f8
:10fdb40038b5124c002023687bb11a6872b9c4e9c3
:10fdc40000241a7a5207a3f104050fd422681a609a
:10fdd40042b962685a601360636038bd54601a683f
:10fde4002260eee75c6023605360f6e7284603f088
:10fdf400c5fd284608f0c3f80120dce774010020a3
:020000040000fa
:020000040101f8
:10fe040070b5436f88b004460e464bb103ad4ab19a
:10fe1400cde903012b46082206210220fdf73cfd13
:10fe240008b070bd4ff4001190f8500005f0def9f1
:10fe3400236f8df81460cde9033408ab13e9030094
:10fe44008de80300022095e80e00646fa047e7e701
:020000040000fa
:020000040101f8
:10fe540010b50446242008f090f80146e0b10246ab
:10fe64000a2302f8143b0d4b1b68986850f8403f76
:10fe74004b614368536083689360c368d3602368ad
:10fe84004b6063688b60a368cb60e3680b612420dc
:10fe9400bde8104007f0babf10bd00bf98010020b4
:020000040000fa
:020000040101f8
:10fea400f8b5104c104e2368104f336000253368aa
:10feb4006a00d34003f00303012b0cd1224606232e
:10fec40003fb057352f8051f196092889a80217903
:10fed400e8b2fcf767fa0135082d04f10904e6d10c
:10fee400f8bd00bf983701207c3501200033014163
:020000040000fa
:020000040101f8
:10fef400f8b5104c104d114f002226462b685100c6
:10ff0400cb4003f00303012b0cd1062303fb027344
:10ff1400d0b21968c4f805109b88a4f80930211dd3
:10ff2400fcf77cfa0132082a04f10904e6d12b68b3
:10ff34003360f8bd983701207c350120003301413e
:020000040000fa
:020000040101f8
:10ff4400114b0246006818609088927998809a71e3
:10ff540033f8040c40f0020023f8040c53f8082c86
:10ff640052000dd5094a5b6a12681278c3f3026322
:10ff7400da4012f0010f14bf002002200b7070470a
:10ff840002200023fae700bf70330141a4010020de
:020000040000fa
:020000040101f8
:10ff9400f0b587b00f4602ac014601a81d461646cf
:10ffa400019407f007fe394601a807f003fe314625
:10ffb40001a807f0fffd294601a807f0fbfd6b042b
:10ffc40042bf064b01221a704ff48031234610229f
:10ffd4000020fdf761fc07b0f0bd00bfcc35012067
:020000040000fa
:020000040101f8
:10ffe40084b01fb5022807ac84e80e000dd00328a6
:10fff40012d028b90b9b009394e80f00f3f73cff51
:020000040102f7
:1000040004b0bde8104004b070470b9b009394e823
:100014000f00fbf70bfbf3e7079b0393042203abef
:1000240002490120fdf738fceae700bf030701019c
:020000040000fa
:020000040102f7
:10003400114b1a68100241bf1a4632f8241f41f0ce
:10004400080111801a68510241bf0c490a8842f024
:1000540004020a801a68920241bf08490a8842f0e1
:1000640002020a801b68db0241bf044a138843f082
:1000740001031380704700bf0c3a0141303a01413b
:020000040000fa
:020000040102f7
:1000840070b5e8b10546a0fb0132e2b901fb00f00e
:1000940010f14d0f19d80c464c30f1f7dbf9064638
:1000a40078b114b100f14c0300e003463360f5630a
:1000b400346401213046f9f751fb0023b36400e0b6
:0e00c4000026304670bd0026fbe70026f9e757
:020000040000fa
:020000040102f7
:1000d20000f5997200f5857110b5044600f591702e
:1000e200f6f799fb04f1f5020023c4f8f530137119
:1000f20004f1fa02c4f8fa301371e17d41b903f058
:100102007f0284f8fe2063f07f0384f8f93010bd8b
:0e01120063f07f0284f8fe2003f07f03f5e720
:020000040000fa
:020000040102f7
:1001200070b584b006464ff08644236843f002035e
:1001300023606d464ff2d0031b680a461021284603
:10014000984706f1dc0395e8070083e807004ff2c3
:1001500040021268194630469047236823f0020394
:0c0160002360003018bf012004b070bd07
:020000040000fa
:020000040102f7
:10016c0008b5104b5b8b13f0070300d108bd0e4a8a
:10017c00d3870c4b80221a7607225a831b7e13f0ee
:10018c00040f05d0074b9a6a1a7e12f0040ffad1ad
:10019c00054b1b6a002be9d0034b596a1b6a0220e2
:0c01ac009847e3e7000c00409031012070
:020000040000fa
:020000040102f7
:1001b80010b50f4b1a6842f47f021a601a6842f0b1
:1001c8007f421a600024043b1c6000f00ffc094bbe
:1001d8001c6006f065ff084a136843f0404313604b
:1001e80004f072fef8f7fcf905f092fe204610bd07
:0c01f80020ed00e03038012034ef00e082
:020000040000fa
:020000040102f7
:10020400f8b50f4b1b68d3b10e4f0f4e0c4d05f0d4
:1002140091fefb68dc68201d05f007fd3368013b97
:1002240033602b68013b2b6006f046ff206bf8f728
:1002340019fb2046f8f716fb2b68002be7d1f8bd15
:0c024400dc3401209c330120d834012060
:020000040000fa
:020000040102f7
:1002500070b5104c104e4ff0805505e0f6f78dfe4e
:1002600002f086f804280ad8fff7ccff2368012b98
:10027000f4d93560bff34f8fbff36f8feee707f010
:10028000e7f902f075f8042801d9f2f775f8eef7ee
:0c029000bffee9e78c30012004ed00e027
:020000040000fa
:020000040102f7
:10029c0010b584682078831e012b1ad9012806d149
:1002ac0094f90630002b13da601c02f07ffd0a4b28
:1002bc0021681a68c2f8211002f12103a2889a80e1
:1002cc00a2799a71214611f8010b06f0cdf90020a4
:0c02dc0010bd0120fce700bf9c000020ca
:020000040000fa
:020000040102f7
:1002e80010b5fcf78dfea8b101f00cfe0a490446d2
:1002f800042006f037fc0949002007f001fd084bef
:10030800084a1b685a60084b1b684ff0f7121a61bd
:10031800204610bd0424fbe765730201d8240201be
:0c0328009c010020b1b10101a8000020e0
:020000040000fa
:020000040102f7
:10033400012837b50c4614d9013801aa694680b2a0
:1003440003f0dcfd70b1009d0b492868022206f021
:10035400b5fa70b96b68122c1b7805d113f0080f2d
:1003640000d1032003b030bd522cfbd113f0040f95
:0c037400f6e70020f6e700bff67f02016c
:020000040000fa
:020000040102f7
:1003800070b586b003ad06468df812100595adf830
:100390001000faf77dfc0446014605a807f000fcb2
:1003a000314605a807f002fc04ab00930195042335
:1003b000032242f2790140f2011004f02ffa024bbd
:0c03c00033f8140006b070bdf8a901016c
:020000040000fa
:020000040102f7
:1003cc0030b587b004adadf80e000595fdf7ceff46
:1003dc000446014605a807f0ddfbbdf80e1005a884
:1003ec0007f0defb0df10e030093019502230322af
:1003fc0042f21b0140f2011004f00afa024b33f8ee
:0c040c00140007b030bd00bff8a90101ca
:020000040000fa
:020000040102f7
:10041800f0b585b002ad0e460746039503f05cfec5
:100428000446014603a807f0b7fb397803a807f08c
:10043800b3fb317803a807f0affb002300930195c5
:10044800032242f24b0140f2011004f0e3f9024b9f
:0c04580033f8140005b0f0bdf8a9010154
:020000040000fa
:020000040102f7
:1004640030b50c4687b00546fbf734fe2368cdf85b
:100474001130a388adf815300df10f03019304abcf
:100484008df80f00009301221c2342f2350140f243
:1004940001108df8105004f0bff99df80f20024ba5
:0c04a40033f8120007b030bdf8a90101c8
:020000040000fa
:020000040102f7
:1004b00010b5104b1a68824219d35c68191988422a
:1004c00001bf416818460919596041684418a242a1
:1004d00008d1094c2468a24204d052680a44426000
:1004e0001a6812680260984218bf186010bd13465f
:0c04f000e0e700bf5c340120283501204b
:020000040000fa
:020000040102f7
:1004fc0013b50c4605f018fbc8b1036893f92c3002
:10050c00237000240b4b0093022201233d21ec208d
:10051c00f3f796fd44b1084b00930194012300229c
:10052c00fd21ec20f3f78cfd204602b010bd022417
:0c053c00e8e700bf90780201085f0201b0
:020000040000fa
:020000040102f7
:1005480030b5114c2368d3f8083289b00546cbb1d1
:100558005a6fbab193f850004ff4001104f044fefa
:1005680023688df81450d3f80842236fcde903347b
:1005780008ab13e903008de8030003ab0ecb646fef
:0c0588000220a04709b030bd880100200f
:020000040000fa
:020000040102f7
:1005940070b5114b196805460022540021fa04f67f
:1005a400b607d0b213d1ff2d02bf9a7842f00102f0
:1005b4009a704ff0030202fa04f51a680cbf032183
:1005c400012122ea0502a1400a431a6070bd0132ea
:0c05d400082ae2d11046f9e77c3501202e
:020000040000fa
:020000040102f7
:1005e000114bd3f8682f60f31242c3f8682fd3f889
:1005f000702fc2f307220a70d3f8702fc2f307429c
:100600004a70d3f8702fc2f307628a70d3f8742f40
:10061000ca70d3f8742fc2f307220a71d3f8743f5b
:0c062000c3f307434b71704700240141f5
:020000040000fa
:020000040102f7
:10062c0008b5104bd3f8682f42f40012c3f8682faa
:10063c001a4600bfd2f8683f9b02fbd40a4900233c
:10064c0082f8683f0a68012013700a681a44013363
:10065c00082bd070f9d1f5f7bffd0b6800229a700a
:0c066c0008bd00bf00240141a4010020d3
:020000040000fa
:020000040102f7
:1006780010b50e4c2c220021204606f0abfe0c4a89
:100688000121002006f0aafa30220021094806f0cc
:10069800a1fe094be36107f02bfa002100b202f03a
:1006a80047fdbde81040f9f72bbe00bf34320120ea
:0c06b800e152020102320120f9bd0101f3
:020000040000fa
:020000040102f7
:1006c40008b561b90e4b1a6802f01f02102a4ff0e8
:1006d400010313d80b4903fa02f2114071b10a2144
:1006e400407e03f0e7f9084b1a6842f010021a60e2
:1006f4001a6842f002021a60002008bd1846fce79e
:0c070400583801414ce00100203a01414e
:020000040000fa
:020000040102f7
:1007100001f000428b1aa3f16051b1f5801f0adb92
:10072000b1f17f6f09d242eac102c10071f100410b
:1007300042eb507070471046704701285b4113f53b
:10074000001f02d842f0ff407047c90041ea5070d4
:0c075000104340f4800040f080407047ef
:020000040000fa
:020000040102f7
:10075c00474154543a457674207263762c6e6f2060
:10076c006672656520636f6e6e00474154543a455e
:10077c007674207263762c6e6f20617661696c20c2
:10078c00636f6e6e2c68646c3d3078253034782c39
:0b079c006576743d307825303278001f
:020000040000fa
:020000040102f7
:1007a80037b5828a05462ab100f11601f5f7ceff62
:1007b8000023ab82012007f0a5fb044698b100f1a5
:1007c8001003132101a8019307f0e6f928462246f1
:1007d800012105f013fe054610b1204607f0bbfbca
:0a07e800284603b030bd0225fae7f1
:020000040000fa
:020000040102f7
:1007f2004144563a747970653d307825782c73659a
:100802007449643d30782578004144563a43523d5c
:1008120030782578004144563a4c696e6b206578f1
:1008220069737421004144563a4c696e6b732072ad
:0a08320065616368206d61782100a4
:020000040000fa
:020000040102f7
:10083c0010b50b210446002005f09dfae0b1d4e977
:10084c006c2394f8e410082918bf1346272202736e
:10085c005a89a0f80d209a89a0f80f20da89a0f8ff
:10086c0011201a8aa0f813205b8aa0f815300146d3
:0a087c002046f8f779f9012010bdbd
:020000040000fa
:020000040102f7
:1008860038b590f8e230082b05460c4601d0032b0c
:1008960002d1d5f8b00140b995f8e430a3b91420d7
:1008a600f5f713f9c5f8b40170b1b4f80130438116
:1008b600b4f803308381b4f80530c381b4f8073047
:0a08c6000382b4f80930438238bd04
:020000040000fa
:020000040102f7
:1008d0007fb5054602200e4607f018fb0446d0b14e
:1008e00000f110030e2103a8039307f059f93146d4
:1008f00003a807f055f90623009328880023224611
:10090000022103f040f9054610b1204607f027fb0d
:0a091000284604b070bd0225fae786
:020000040000fa
:020000040102f7
:10091a00f8b5064608460f46144607f04dfb05464d
:10092a00384607f0fdfa021992b20523002040f278
:10093a00e1418a4206d9a2f2e242013592b225f099
:10094a0070450130013bf4d13378b56023f00c03d4
:0a095a0043f00c03b2803370f8bdc7
:020000040000fa
:020000040102f7
:10096400104b19680a1f1c3113e08a420ad052f84e
:10097400043f002bf9d0dc78012cf6d11c8884428a
:10098400f3d100e0002318465df8044b70478a4217
:1009940005d052f8043f002bf9d010b4ebe7002344
:0809a40018467047a034012041
:020000040000fa
:020000040102f7
:1009ac00f8b507464088fff7d7ff40b1837f3b710e
:1009bc000b4b1b7893b100240a4e094d06e008231b
:1009cc00f5e701342a78e3b29a4207d9e3b256f834
:1009dc002330002bf5d038469847f2e7f8bd00bf1e
:0809ec000000002004000020bf
:020000040000fa
:020000040102f7
:1009f4000a4b4ff4fa321a60094b83221a60094bee
:100a04005e221a60084b00221a6008490a60084aec
:100a14000849116007221a60704700bfb0340120f2
:100a2400b4340120ac34012010e000e018e000e010
:080a340014e000e0fff30100f3
:020000040000fa
:020000040102f7
:100a3c000c4b1b687bb90c4b1b6873b90b4b1b68bd
:100a4c006bb90b4b1b68013b0a4a1068984214bfe8
:100a5c0001200220704700207047002070470020c2
:100a6c00704700bf7433012004350120f834012095
:080a7c00d83401208833012069
:020000040000fa
:020000040102f7
:100a84002de9f8430f4e1d4633688146db6b182071
:100a9400884617469847044688b14561a0f80890ef
:100aa400c0e90387014641f20b6003f09ffe3368ff
:100ab40025881b6c204698472846bde8f883022504
:080ac400fae700bfc0000020aa
:020000040000fa
:020000040102f7
:100acc00fd56020187c50101d956020109ca01016f
:100adc00b55602013bfa0101a96e0201515c0201fb
:100aec000d710201f9700201936e02015d7a02012f
:100afc0011440201214f0201cb530201dd1202010c
:080b0c009156020195a30101bd
:020000040000fa
:020000040102f7
:100b140007b50e4806f0d0ff0d4b0e4a1a604ff091
:100b2400ff3300936846cdf803303f238df8073038
:100b340007f01bfa0121262001f0a6f80121292043
:100b440001f0a2f803b05df804fb00bf757a02015e
:080b5400a4000020637f0201f0
:020000040000fa
:020000040102f7
:100b5c0038b50c4603f04efb0546b8b1a3780b2b09
:100b6c000ed1c27c12f00a0f12d02146284631f861
:100b7c00032bfdf7d7fd11280cd000b9e87438bd54
:100b8c000d2b05d1c27c12f00c0fede70320f6e71c
:080b9c000120f4e70220f2e75a
:020000040000fa
:020000040102f7
:100ba4007fb50d461446064603f0e6fe0df10b0331
:100bb400019303ab8df80b0000930122032342f24f
:100bc400310140f201108df80c608df80d508df854
:100bd4000e4003f021fe9df80b20024b33f8120067
:080be40004b070bdf8a9010185
:020000040000fa
:020000040102f7
:100bec00c10606d5103880b20d2818d80d4b185cec
:100bfc00704710f0010f00f0040304d0002b14bf59
:100c0c00072006207047820704d5002b14bf0b2049
:100c1c000a207047002b14bf0920082070470020c1
:080c2c00704700bf807902014e
:020000040000fa
:020000040102f7
:100c34004144563a486f7374204348432c43684deb
:100c440061703d253032785f253032785f2530324f
:100c5400785f253032785f25303278004144563a47
:100c64004f4f4d28486f73742043684d6170205571
:080c7400706461746529210020
:020000040000fa
:020000040102f7
:100c7c0070b5044690f8ed0010f004000e461546d1
:100c8c0010d00321002005f076f8014608b90020a9
:100c9c0070bd11230373467385732046f7f764ff09
:100cac000120f5e7022105f066f801460028eed098
:080cbc000d2303734573f0e7fb
:020000040000fa
:020000040102f7
:100cc40038b503210546002005f059f8d8b116239c
:100cd400037395f84231437395f8433183730146a6
:100ce4002846f7f745ffec7d012c0bd1d5f8b03140
:100cf400b5f860201a8195f842112846faf74af8a7
:080d0400a5f86000012038bdd4
:020000040000fa
:020000040102f7
:100d0c0030b5cc89b4f5fa7f1cd24b895a1eb2f59a
:100d1c00fa7f17d20a8ab2f5fa7f13d2934211d90d
:100d2c00498aa1f10a0292b240f67645aa4209d844
:100d3c00428f534304fb0333b3eb810fb4bf012049
:080d4c00002030bd0020fce78f
:020000040000fa
:020000040102f7
:100d5400f0b5c4880e4b876885b0e6b20093240ac8
:100d640002231a460546cde901468121ec20f3f71a
:100d74006bf9084b53f824303bb105f10c023946aa
:100d8400304605b0bde8f040184705b0f0bd00bfdf
:080d9400f27d02016032012032
:020000040000fa
:020000040102f7
:100d9c00f8b5144606460f4f084605f071ff7b6800
:100dac00621e024493423fbf1b1a01339bb2e41aea
:100dbc003abfa5b21c46002501462246304605f036
:100dcc0087fd35b12a4639683019bde8f84005f081
:080ddc007fbdf8bd2c010020d1
:020000040000fa
:020000040102f7
:100de40008b5f2f7a5f8a0b901f082fc094a137816
:100df40099070ad443f0020313700749074b084ac2
:100e0400084805f01dff05f07bffbde8084002f02f
:100e140085be08bdc9350120ed7202019dcf0101d7
:080e2400312702014d390201e2
:020000040000fa
:020000040102f7
:100e2c0070b58eb0044608ad18220021284606f095
:100e3c00cffa94f850004ff4800104f0d3f9236feb
:100e4c000595cde9033406ab93e803008de8030068
:100e5c0003ab0ecb666f0120b0470122294620461a
:080e6c00ecf7b6fb0eb070bdff
:020000040000fa
:020000040102f7
:100e740070b54378c56dc1666ff382034370002378
:100e840083660c4b1b681646012283f82e22044607
:100e9400edf794fb20b96378e56543f004036370d0
:100ea40000252046c4e91a652946f9f79ff9284622
:080eb40070bd00bf88010020a1
:020000040000fa
:020000040102f7
:100ebc0030b5c0f30802c1f308041319490ab3f59d
:100ecc009c7f01eb50210b4d0add6ff49c73e018f5
:100edc004b1c1044ab4280b209d840ea432030bdd1
:100eec00a94298b20b46f8d9a1f50003f5e74b1bc4
:080efc00f3e700bfffff7f00d8
:020000040000fa
:020000040102f7
:100f040070b5104e346805464cb9cdb12868b8b1f7
:100f140007f035f82846bde8704007f030b8a368fc
:100f2400ab4209d1d4e9002342b15360d4e9002390
:100f340020461a6007f023f82468e5e77360f5e7b4
:080f440070bd00bf9001002008
:020000040000fa
:020000040102f7
:100f4c0010b50446082007f014f80146c8b1032375
:100f5c000370238883800b4b1a681378022b0ed1f5
:100f6c00e36d93f8e63013f0100302d05378c3f31b
:100f7c0000138b710820bde8104006f043bf00231e
:080f8c00f7e710bd98010020f9
:020000040000fa
:020000040102f7
:100f940037b50468a36f002b054610da5b000ed545
:100fa40000f010fba36f23f00043a36704f06af87a
:100fb40001ab0422074901950120fcf76dfc00f008
:100fc40001fba36f23f08043a36704f05bf803b035
:080fd40030bd00bf540401010f
:020000040000fa
:020000040102f7
:100fdc0010b50446002006f0cdfb002006f0c2fb45
:100fec00122c12d002d8112c08d010bd213c022c8e
:100ffc00fbd8084b4ff4a5711a6802e0054b1a6830
:10100c00d82161f30f021a60efe7024b7c211a68ba
:08101c00f7e700bf6434014155
:020000040000fa
:020000040102f7
:1010240037b5054604f01bfa044668b104210020d4
:1010340004f0a5fe014690b10a4bc3602846f7f7b9
:1010440097fd204603b030bd01ab04220b21284696
:101054000195fdf77ffcb0fa80f46409f1e70446da
:08106400efe700bf28010514ad
:020000040000fa
:020000040102f7
:10106c00062937b505460c4606d000231a46194604
:10107c00f8f7b8fb03b030bd043201a90df1020042
:10108c00019205f021ff204606f073ff014600286f
:10109c00f0d001230370bdf80230458083802046d8
:0610ac0006f08dfee6e7f0
:020000040000fa
:020000040102f7
:1010b20037b50d46144603f0cefcd0b180f852503d
:1010c2002378c3f3000380f8563023780024c3f357
:1010d200400380f857308df80440012380f85830df
:1010e2000388adf8063001a806f0e1fb204603b004
:0610f20030bd0320fbe706
:020000040000fa
:020000040102f7
:1010f80038b5437ad907054601d4002038bd827a2d
:10110800d207fad513f00c0f10d0002444724ff414
:10111800827006f030ff0028efd0102202702a8873
:1011280082808471042104f0aff8e6e743f00403f9
:0611380043721220e2e701
:020000040000fa
:020000040102f7
:10113e00544d522c5374617274206e756c6c206910
:10114e006e7075740051554555452c52656d6f7610
:10115e006520656d707479206c6973740051554506
:10116e0055452c52656d6f766520656c6d20696ee8
:06117e0076616c6964005b
:020000040000fa
:020000040102f7
:101184007fb5054641200e4606f0befe0446c0b1ba
:101194000c2100f110030deb0100039306f0fefc9b
:1011a40040223146039805f097fb0623009322461c
:1011b40000234121288802f0e4fc10b1204606f007
:0611c400ccfe04b070bd7a
:020000040000fa
:020000040102f7
:1011ca0010b50446c06d10215f30fcf7f6f9e06dea
:1011da0010214f30fcf7f1f9e06d0821b230fcf72d
:1011ea00ecf9e06d0221b030fcf7e7f9e378e06d45
:1011fa0010212bb900f5e070bde81040fcf7ddb90d
:06120a0000f5c070f8e7da
:020000040000fa
:020000040102f7
:1012100010b50f4b1b688bb10d4b1c682c220021a5
:10122000204606f0dbf8234604f12000002200bf30
:1012300043f8042b8342fbd1012010bd2c2006f083
:10124000f6fd034b18600028e6d10020f5e700bf4b
:0412500098340120ad
:020000040000fa
:020000040102f7
:1012540038b50f4b1b688bb100240d4d2b6853f828
:10126400240000f051fc0134082cf7d12c22002179
:10127400074b186806f0b0f8012038bd2c2006f0a2
:10128400d4fd034b18600028f0d10020f5e700bf1f
:04129400a034012061
:020000040000fa
:020000040102f7
:10129800f8b50f4d2e68002406f5087353f824702e
:1012a8008fb9162006f067fe883446f824002b68ac
:1012b80053f8240018b11622394606f08bf82b682b
:1012c80053f82400f8bd0134082ce7d10020f9e7d1
:0412d8009c00002056
:020000040000fa
:020000040102f7
:1012dc0037b584682588b5f5706f19d2284602f0a9
:1012ec00c1fda8b1a3788df80230e3788df80330f6
:1012fc0023798df8043063798df805306846e388de
:10130c00adf80050adf8063000f0d0f803b030bda9
:04131c000320fbe7c8
:020000040000fa
:020000040102f7
:1013200013b50e4c60b9a378ff2b09d02379ff2b9e
:1013300006d1684605f0fefe6946a078fff792f8f0
:101340006078ff2808d0064b196891f82130012bee
:1013500002d92231fff786f802b010bd8234012095
:041360009c000020cd
:020000040000fa
:020000040102f7
:101364002de9f0410e4e33688046db6b10200f46aa
:1013740015469847044680b1c56080f808804772d6
:10138400014641f2033003f031fa336825881b6cbf
:10139400204698472846bde8f0810225fae700bfb9
:0413a400c000002065
:020000040000fa
:020000040102f7
:1013a80008b50b49032006f0a7f90a4b1a680a4b3f
:1013b800c2f87c31094b4ff0ff31196019710021d7
:1013c8001970074bc2f87431bde8084005f012bf28
:1013d8005c6502019c000020357001018234012007
:0413e80021130201ca
:020000040000fa
:020000040102f7
:1013ec0038b50f4b014618680368a2b98c894f2c8d
:1013fc0001d8302c11d13bb18d89dc89a54207d89d
:10140c00cc899b899c4208d203f0e8fd002038bdb2
:10141c001a461b68efe70022ede70120f7e700bf53
:04142c00a8000020f4
:020000040000fa
:020000040102f7
:1014300030b585b00c460546fdf75cfd0df10b039c
:10144000019303ab8df80b0000930122042340f2bb
:10145000064140f20110adf80c508df80e4003f03b
:10146000ddf99df80b20024b33f8120005b030bdba
:04147000f8a90101d5
:020000040000fa
:020000040102f7
:1014740030b585b00c460546f2f7d6f80df10b03ee
:10148400019303ab8df80b0000930122042342f275
:10149400770140f20110adf80c508df80e4003f0c6
:1014a400bbf99df80b20024b33f8120005b030bd98
:0414b400f8a9010191
:020000040000fa
:020000040102f7
:1014b800f0b585b002ae054607880396f0f762f8e6
:1014c8000446014603a806f067fb394603a806f060
:1014d80069fbcde900560823032242f2780140f265
:1014e800011003f097f9024b33f8140005b0f0bd72
:0414f800f8a901014d
:020000040000fa
:020000040102f7
:1014fc001fb50146044604f11703e21d11f8010b58
:10150c00f2f7cefb0df10f038df80f00cde9004380
:10151c000122272342f2270140f2011003f078f94f
:10152c009df80f20024b33f8120004b010bd00bf21
:04153c00f8a9010108
:020000040000fa
:020000040102f7
:10154000f0b585b002ad0f4606460395e5f730fecf
:101550000446014603a806f023fb397803a806f0e9
:101560001ffbcde900651c23022242f2360140f246
:10157000011003f053f9024b33f8140005b0f0bd2d
:04158000f8a90101c4
:020000040000fa
:020000040102f7
:1015840038b50d4d01222a700c4a1468230608d57b
:1015940006f0e0fa08b101f06ff8eef755fc24f01c
:1015a400800424b1064b1b680bb12046984705f014
:1015b40023fb00232b7038bdc5350120103f0141aa
:0415c4004c35012081
:020000040000fa
:020000040102f7
:1015c8000e4b1a78b2b90e4a4ff48051c2f8841003
:1015d800bff34f8fbff36f8f4900c2f88410bff37a
:1015e8004f8fbff36f8f0903c2f88410bff34f8f7b
:1015f800bff36f8f1a7801321a707047c435012013
:0416080000e100e01d
:020000040000fa
:020000040102f7
:10160c0010b506210446002004f0b5fba8b10c234c
:10161c0003730a4b1b784373094b1b88c3814ff42c
:10162c006273038294f8f23043f00803014684f8a5
:10163c00f2302046f7f798fa012010bd7001002017
:04164c0084010020f5
:020000040000fa
:020000040102f7
:1016500010b504210446002004f093fbc8b1062312
:1016600084f8e23023230373d4f8443133f8172f7e
:10167000a0f80d209b78c373d4f844311a7e197cee
:10168000d20962f34511197401462046f7f772fa40
:04169000012010bd68
:020000040000fa
:020000040102f7
:1016940010b50b4c207850b90a4b1b68596bfcf7fa
:1016a40057fb40b1084b09481968f0f743fd23780c
:1016b4000133237010bd064b01221a70f7e700bff7
:1016c40028010020d801002024010020040100206a
:0416d40020010020d1
:020000040000fa
:020000040102f7
:1016d80038b5c36d5a78022a044618d193f8e43015
:1016e800022b14d10a4b1b681b78022b0fd0082041
:1016f8000d7806f040fc014648b1092303702388a1
:1017080083808571bde83840082006f07dbb38bd70
:041718009801002014
:020000040000fa
:020000040102f7
:10171c0010b4c36d0e4a93f8e730102b0c4603d16e
:10172c0011688978102910d012689078834289bf8b
:10173c00c0f11002e018001900219cbfc3f1100287
:10174c0000215df8044b05f043be5df8044b704777
:04175c0098010020d0
:020000040000fa
:020000040102f7
:1017600070b50546c06d18b106f00bfc0023eb65a3
:101770000b4e3268002402f12c0300bf53f82420e2
:10178000aa4208d1284606f0fcfb336803eb840428
:101790000023e36270bd0134082cefd1fae700bfeb
:0417a000980100208c
:020000040000fa
:020000040102f7
:1017a40038b5012003f06cf9044678b10b4806f013
:1017b40085f8054658b9022384f85330084c20684c
:1017c4001030f2f789f9236883f8285038bd204691
:1017d4000821bde83840f8f771b900bfe9170201e4
:0417e4009801002048
:020000040000fa
:020000040102f7
:1017e80070b50646022003f049f9044690b100f1ad
:1017f800120540223146284605f06cf8a3780a2bda
:1018080009d12046fcf733ff29462046fff7b6fcee
:101818000b23a37070bd0c2bfcd12046bde8704093
:04182800f1f70cbd0b
:020000040000fa
:020000040102f7
:10182c0010b50378022b04461bd1807804f0cefb54
:10183c00a08806f025f9a3792bb1e389a2896189e7
:10184c002089f1f773fe06f057f90d2809d9237c8e
:10185c000bb1f4f769fa637c1bb1bde81040f8f7e3
:04186c00e9be10bd04
:020000040000fa
:020000040102f7
:101870002de9f0410e4e002400f117074ff0270824
:1018800035682b78e340db070ad508fb04501022ab
:101890003946223005f014f8003018bf0120a87036
:1018a00033689b7813b90134082ce9d1bde8f08185
:0418b000a40100206f
:020000040000fa
:020000040102f7
:1018b400f0b587b00f4602ac014601a816461d4696
:1018c400019406f077f9394601a806f073f9314618
:1018d40001a806f06ff9294601a806f06bf9234622
:1018e400102203490020fbf7d7ff07b0f0bd00bf6b
:0418f40000070100e8
:020000040000fa
:020000040102f7
:1018f800094b0a4910b500241c60094b1c60094bb0
:101908001c60094b1c60094b1c70094b20461c606d
:1019180006f020fa204610bdc401002091570001ae
:10192800943501209035012098350120c10100200f
:04193800d4010020b6
:020000040000fa
:020000040102f7
:10193c00122811d004d811284ff0010005d070479f
:10194c00213802280ed901207047094b1a8860f300
:10195c0083021a8000207047054b1a88022161f31c
:10196c008302f6e7024a138843f00c031380f1e775
:04197c00c034014131
:020000040000fa
:020000040102f7
:1019800070b50e4b1d880e4b03f58252441b9668b2
:10199000a4b264f31f46966003f582520139d668fb
:1019a00003f5825364f31f46d66008441a69401b4e
:1019b00080b260f31f421a6170bd00bfa001002019
:0419c00000240141bd
:020000040000fa
:020000040102f7
:1019c40010b503780b2bc2b0044617d1808802f0ff
:1019d4004dfa40b105238df8083002a8a388adf86c
:1019e4000a30fef7cdf800220434019200940c234f
:1019f40040f23e514ff4827002f00eff012042b0db
:021a040010bd13
:020000040000fa
:020000040102f7
:101a060010b5d0e96c3290f8e24092b0082c18bfbd
:101a1600134641f22302adf800200288adf80620f5
:101a26005a89adf808206846d3f80e205b8a8df8ef
:101a36000410cdf80a20adf80e3001f050ff12b0b8
:021a460010bdd1
:020000040000fa
:020000040102f7
:101a480090f86c30d9070ad5826f42f080428267dd
:101a5800da43c2f3c01262f3c71380f86c3090f80f
:101a68006c309a0741bf0222027783f04002c2f32a
:101a780080124bbf62f38613012380f86c30037722
:021a88007047a5
:020000040000fa
:020000040102f7
:021a8a00f52b3a
:020000040000fa
:020000040102f7
:101a8c0010b5054c227832b9044b13b10448aff3ae
:101a9c0000800123237010bde432012000000000ff
:101aac000000000008b5034b1bb103490348aff31a
:101abc00008008bd00000000e8320120000000009a
:020000040000fa
:020000040102f7
:101acc0010b504460378013b032b06d8dfe803f07e
:101adc00020c10144068e8f78afe204605f09cf9c9
:101aec00606806f0a2f910bd4068e9f7ecfbf4e77a
:101afc004068eaf7f2f9f0e7406805f0a3fcece780
:020000040000fa
:020000040102f7
:101b0c00d8b138b504460d4b1a68136898420ad000
:101b1c00043201231d4652f8041ba14204d00133a8
:101b2c00082bf7d138bd0025204606f07ef9034b73
:101b3c001b68002243f82520f4e77047a0340120ed
:020000040000fa
:020000040102f7
:101b4c0008b50246084611680c4b196451681965b2
:101b5c0091681966d16819671169c3f880105169c9
:101b6c00c3f890109169c3f8a010d269c3f8b020e3
:101b7c00022102f05ff9012008bd00bf00060044fd
:020000040000fa
:020000040102f7
:101b8c007fb58df80f00e6f743f90df117030193bc
:101b9c000df10f038df8170000930122202342f260
:101bac000a0140f2011002f033fe9df81720034b9e
:101bbc0033f8120007b05df804fb00bff8a901016f
:020000040000fa
:020000040102f7
:101bcc007fb502ae05460396f9f720ff04460146a1
:101bdc0003a805f0dfff298803a805f0e1ffcde994
:101bec0000560e23032242f2200140f2011002f0b3
:101bfc000ffe024b33f8140004b070bdf8a90101bc
:020000040000fa
:020000040102f7
:101c0c007fb58df80f00fbf78df90df117030193dc
:101c1c000df10f03009301238df817001a4642f2c1
:101c2c002d0140f2011002f0f3fd9df81720034b3b
:101c3c0033f8120007b05df804fb00bff8a90101ee
:020000040000fa
:020000040102f7
:101c4c007fb5adf80e0001f061fe0df117030193a5
:101c5c000df10e038df8170000930122022342f2be
:101c6c002e0140f2011002f0d3fd9df81720034b1a
:101c7c0033f8120007b05df804fb00bff8a90101ae
:020000040000fa
:020000040102f7
:101c8c001fb58df80d108df80c00f5f7abfc0df1b0
:101c9c000b03019303ab8df80b000093012202237d
:101cac0042f2740140f2011002f0b2fd9df80b20db
:101cbc00024b33f8120005b05df804fbf8a90101e2
:020000040000fa
:020000040102f7
:101ccc007fb58df80f00f9f7e7fd0df117030193c0
:101cdc000df10f03009301238df817001a4642f201
:101cec003c0140f2011002f093fd9df81720034bcc
:101cfc0033f8120007b05df804fb00bff8a901012e
:020000040000fa
:020000040102f7
:101d0c0073b50c4c0c4e0d4d23684ff0ff329b6a93
:101d1c0001a9304698470128f6d10198437955f826
:101d2c0023309847019890f90430002becdb01f03c
:101d3c0051fde9e7c0000020ec000020c432012076
:020000040000fa
:020000040102f7
:101d4c0038b505460c4604f0b9fca8b10b4b186825
:101d5c002946043005f048ff60b190f8f8305bb1cb
:101d6c0090f83430237050f8283f136083889380a8
:101d7c00002038bd4220fce70c20fae7f0000020e0
:020000040000fa
:020000040102f7
:101d8c004144563a6164645265712c6576743d2504
:101d9c00642c62573d256c75287573292c696e74fb
:101dac00766c3d256c75287573292c72616e676590
:101dbc00324f66667365743d256c75287573290002
:020000040000fa
:020000040102f7
:101dcc00084a094900231360084a1360084a136043
:101ddc00084a1360084a1360084a0620136005f08d
:101dec0015bf00bf64350120e90c010168350120e5
:101dfc005c35012060350120f8000020f400002043
:020000040000fa
:020000040102f7
:101e0c0010b50b210446002003f0b5ffb8b1d4f88f
:101e1c00b031262202731a88a0f80d205a88a0f837
:101e2c000f209a88a0f81120da88a0f813201b89bb
:101e3c00a0f8153001462046f6f796fe012010bd9d
:020000040000fa
:020000040102f7
:101e4c00d0f8b4110a8b4b8b9a4217d8063a92b23f
:101e5c0040f67a40824211d8063b9bb283420dd8a1
:101e6c008b8bb3f5fa7f09d2c88b0a3880b240f657
:101e7c00764398428cbf00200120704700207047a9
:020000040000fa
:020000040102f7
:101e8c003a2808b50fd10d4b186890f82830042b60
:101e9c0009d8013380f8283041f288311030bde880
:101eac000840f0f743b9022002f0e6fd20b108210a
:101ebc00bde80840f7f7febd08bd00bf9801002043
:020000040000fa
:020000040102f7
:101ecc00e69d350e480103ccdbfdf4ac1191f4ef2b
:101edc00b9a5f9e9a7832c5e2cbe97f2d203b020ea
:101eec008bd28915d08e1c742430ed8fc24563764d
:101efc005c15525abf9a32636deb2a65499c80dca3
:020000040000fa
:020000040102f7
:101f0c0008b50a4a0421012004f066fe084802f0d4
:101f1c0041f9084802f056f9074804f005ff074953
:101f2c00042004f073f8002008bd00bfc930020182
:101f3c007da300012d1802014d6d0201953d01019b
:020000040000fa
:020000040102f7
:101f4c0010b50e4a0321012004f046fe06f005f8f8
:101f5c0010b90024204610bd00f06cfb0028f8d00e
:101f6c0002f040f80028f4d000f046fb04460028ac
:101f7c00efd0fef7c9fd05f0a7fdebe7d17e02011e
:020000040000fa
:020000040102f7
:101f8c001fb50b7b0290022b8df80c300ed1016823
:101f9c008b6f43f480038b67009202ab08220749d6
:101fac000120fdf7fff805b05df804fb272b01bffe
:101fbc000168cb6f43f00203cb67ede7000601012c
:020000040000fa
:020000040102f7
:101fcc00122917d00bd8112911d00c4b1b68c3f355
:101fdc004113012b07d1000100f51970704722291c
:101fec00f9d02329f1d1800100f266307047c0008e
:101ffc00e63070478000c230704700bfc0340141ea
:020000040000fa
:020000040102f7
:10200c0010b5044605f026fc0369fe2b81bf0023a6
:10201c0063770368826894bf01239b18064a98bfb4
:10202c006377126898bf43699b1a044a11689bb284
:10203c0063f30f01116010bda00100204c3401416d
:020000040000fa
:020000040102f7
:10204c0010b50e4c3c20218801f0a8f86188442082
:10205c0001f0a4f8a388002203211c2003f047fa06
:10206c00e38810221621142003f041fa2389102250
:10207c0016216420bde8104003f039bae6010020b7
:020000040000fa
:020000040102f7
:10208c0010b53c2002f0fef80c4c2080442002f0ed
:10209c00f9f80022608003211c2004f0bcf9102206
:1020ac00a0801621142004f0b6f91022e08016212d
:1020bc00642004f0b0f9208110bd00bfe6010020bf
:020000040000fa
:020000040102f7
:1020cc00474154543a44617461207263762c4f70ca
:1020dc003d30782530327800474154543a4461748d
:1020ec0061207263762c6e6f20617661696c20635f
:0f20fc006f6e6e2c68646c3d3078253034780040
:020000040000fa
:020000040102f7
:10210c0037b5d0e9035401aa6946008901f0f2fe03
:10211c0088b1009b9a7b92060fd49a68218812880a
:10212c00914288bf228022885968284604f0d0fb4f
:0e213c00002003b030bd0320fbe70120f9e7cf
:020000040000fa
:020000040102f7
:10214a0010b509210446002003f016feb0b115238c
:10215a000373b4f86430a0f80d30b4f86630a0f810
:10216a000f30b4f86030a0f81130b4f86230a0f83b
:0e217a00133001462046f6f7f8fc012010bd98
:020000040000fa
:020000040102f7
:1021880059b1437e212b10d009d8112b13d0122b13
:1021980008bf012018bfff207047837ef2e7222b7b
:1021a8000bd0232b08bf0220f4e7c37e002b0cbf03
:0e21b80002200320704700207047032070476c
:020000040000fa
:020000040102f7
:1021c60070b50468a36f43f08003a36705460e4607
:1021d60003f0a3f990b9a36f23f0800343f40073cf
:1021e600a3672846f6f7edfa2046012100f003fc26
:0e21f60031462846bde87040e1f7c3b970bd20
:020000040000fa
:020000040102f7
:102204004c32433a44617461207263762c6f703da2
:10221400307825303278004c32433a44617461207e
:102224007263762c6e6f20617661696c20636f6ec9
:0d2234006e2c68646c3d30782530347800e5
:020000040000fa
:020000040102f7
:10224100534d503a44617461207263762c6f703d36
:1022510030782530327800534d503a446174612012
:102261007263762c6e6f20617661696c20636f6e8c
:0d2271006e2c68646c3d30782530347800a8
:020000040000fa
:020000040102f7
:02227e00042a30
:020000040000fa
:020000040102f7
:1022800000b583b00023019301a90068f7f7c6fdec
:1022900018b9002003b05df804fb019b4bb1064b5d
:1022a0004ff080521a60bff34f8fbff36f8f012042
:0c22b000f0e70120eee700bf04ed00e0c5
:020000040000fa
:020000040102f7
:1022bc0000b583b00023019301aa0068f4f7fafd7e
:1022cc00012803d0002003b05df804fb019b43b14f
:1022dc00054b4ff080521a60bff34f8fbff36f8fd7
:0c22ec00f1e70120efe700bf04ed00e087
:020000040000fa
:020000040102f7
:1022f80070b590b915460c460b4804f0c7fe78b186
:10230800094e56f8083b1b6829462046984704465c
:10231800304604f0affb204670bd4ff0ff34fae7bb
:0c2328004ff0ff34f7e700bf2034012025
:020000040000fa
:020000040102f7
:1023340070b590b915460c460b4804f0a9fe78b167
:10234400094e56f8083bdb68294620469847044660
:10235400304604f091fb204670bd4ff0ff34fae79d
:0c2364004ff0ff34f7e700bf20340120e9
:020000040000fa
:020000040102f7
:10237000094b1a68094b1b68d86a58b9084b1b6887
:10238000012b08d8012a06d8064b1868064b1b6893
:10239000c01a704700207047e8340120cc34012077
:0c23a0008c300120f034012000350120b9
:020000040000fa
:020000040102f7
:1023ac0010b504460a4b1b680a4a126803449a4249
:1023bc0004d0074b18682044186010bd03f0b6fd1c
:1023cc00054a13680133136004f072fe013cf0e718
:0c23dc0000350120f0340120f83401200d
:020000040000fa
:020000040102f7
:1023e80008b5037a012b15d893b9fcf75dff70b9ce
:1023f8000146012002f0b6f90220fff7c3fb30b90d
:10240800054b1a68137843f001031370002008bdc8
:0c2418000320f2e70320fae79c000020fc
:020000040000fa
:020000040102f7
:1024240038b50b4d0b49062005f068f92a680a49ae
:10243400c2f88411002400bf04f188022b6801341f
:1024440053f8220001f05ef8082cf5d1002038bdc5
:0c2454009c000020cc0a02016540000141
:020000040000fa
:020000040102f7
:10246000553b02019d020201077f0201717e0201bc
:10247000597e0201fb7e020173e001013d750101fd
:10248000359f0101c17d0201b77d0201617e02011c
:0c249000fd5502014979020105f301012c
:020000040000fa
:020000040102f7
:10249c0038b503780c2b044617d1808801f0aafebe
:1024ac0098b1037a0025db0745720ed54ff4827084
:1024bc0005f05ffd48b110220270a2888280857100
:0c24cc000421bde8384002f0ddbe38bd40
:020000040000fa
:020000040102f7
:1024d800df7d02012b4e0201f9e101014da001014e
:1024e80061c00101e9650201b165020105660201e9
:1024f800f5d401010d210201817a020100000000da
:0c25080021e100011d610101b9a50101e4
:020000040000fa
:020000040102f7
:102514001fb50146044611f8010bf3f7d1fc0df188
:102524000f038df80f00cde900430122202342f26e
:10253400080140f2011002f06ff99df80f20024be0
:0c25440033f8120004b010bdf8a901012a
:020000040000fa
:020000040102f7
:102550001fb50146044611f8010bf3f717fd0df105
:102560000f038df80f00cde900430122202342f232
:10257000090140f2011002f051f99df80f20024bc1
:0c25800033f8120004b010bdf8a90101ee
:020000040000fa
:020000040102f7
:10258c001fb50146044611f8010bf6f7bbff0df120
:10259c000f038df80f00cde900430122072342f20f
:1025ac00110140f2011002f033f99df80f20024b9b
:0c25bc0033f8120004b010bdf8a90101b2
:020000040000fa
:020000040102f7
:1025c80030b587b004ac0d46039403f031fd03a881
:1025d800002105f0e1fa294603a8062204f050fe7e
:1025e8000194002400942346072241f2090140f295
:0c25f800011002f00ff9204607b030bdc2
:020000040000fa
:020000040102f7
:1026040038b50c4c2368254663b12b688c22002115
:10261400184604f0e1fe18224270074805f0f4fa67
:10262400012038bd8c2005f0a8fc20600028ecd1e6
:0c263400f7e700bf10350120f13901016b
:020000040000fa
:020000040102f7
:1026400038b50b4c236825465bb12b68094a1a60e4
:102650002b68c3e90122da60074ac3e9042201209a
:1026600038bd182005f08bfc20600028edd1f7e77d
:0c267000ac000020737f0201777f0201a4
:020000040000fa
:020000040102f7
:10267c000b4b1a6842f480121a600a4a118e6ff3df
:10268c00c71111861a6a02f44032b2f5003ff9d133
:10269c005a6822f400025a60034b00221a707047e9
:0c26ac000040014100240141c135012023
:020000040000fa
:020000040102f7
:1026b80038b504460d460020092103f05efb88b1b9
:1026c800094b05731a681368c0f80d305368c0f8d1
:1026d8001130037c23f00803037401462046f6f703
:0c26e80045fa012038bd00bf00010020b1
:020000040000fa
:020000040102f7
:1026f4000b4b1b7813f0060311d10a4a13700a4ad4
:1027040008214ff47060013911f0ff0110809370bb
:10271400c2f80330a2f8073002f10a02f3d170477d
:0c272400c9350120c8350120f03001202b
:020000040000fa
:020000040102f7
:10273000f8b50d4d06460f4600242b88b3f5706f93
:1027400008d0ab78b34205d10622e91c384604f024
:10275000b7f838b10134e4b2082c05f10a05ecd120
:0c2760000020f8bd0120fce7f030012053
:020000040000fa
:020000040102f7
:10276c0010b50a4b1c78013ce4b21c706cb90848db
:10277c00f1f7aef9074b1a783ab11c70064b1b688f
:10278c00bde81040986bf5f7e3bd10bd28010020a3
:0c279c000401002020010020d8010020d2
:020000040000fa
:020000040102f7
:1027a80010b590f8f4309b0704460fd1faf71afbde
:1027b80008b9002010bd40f22113a4f8e23094f8c3
:1027c8006d3043f0200384f86d30f3e70a2103f0fd
:0c27d800e8fd0028edd040f22243eee7bf
:020000040000fa
:020000040102f7
:1027e40070b50446b8b10c4d2b68d3f88061fef780
:1027f400e9fe66b926602b68d3f8843163601c60f7
:102804002b68c3f88441bde8704002f03bbca6428b
:0c281400f9d03668ede770bd88010020a7
:020000040000fa
:020000040102f7
:10282000f8b50d4d06682b8840f6fe6293429abfbc
:1028300001339bb200232b8040f6fe772c88204684
:1028400003f078f908b93480f8bdbc429abf01346e
:0c285000a4b200242c80f1e744380120e1
:020000040000fa
:020000040102f7
:10285c0010b5044686b0c06d0a4b019304220debf3
:10286c00020102aba030e9f727fc074b0193e36da3
:10287c00042216330deb020102a8e9f71dfc06b089
:0c288c0010bd00bf31706d747262656c8d
:020000040000fa
:020000040102f7
:102898000d4a03460068106098889b799080937170
:1028a80032f8040c40f0020022f8040c52f8080c2c
:1028b800430041bf906a086002f12803002046bf28
:0c28c8009b888b801f20704770330141fb
:020000040000fa
:020000040102f7
:1028d40010b54ff000030c4a51b192f9011090f970
:1028e40000408c4207db017043f00203184610bd20
:1028f40092f90210f3e792f903209442dcbf0270cc
:0c29040043f00103f2e700bfaa0100202d
:020000040000fa
:020000040102f7
:1029100010b590f86c309b07014616d5d0f8ac3056
:102920009bb190f821201c8922441a8104f0d8ff21
:10293000d1f8ac3018895a89904206d1c1f8b0302c
:0c2940000846bde8104005f04cb810bd82
:020000040000fa
:020000040102f7
:10294c00434d443a536574507269766163794d6fa7
:10295c0064652c616464723d3078253032782530a2
:10296c00327825303278253032782530327825305f
:0b297c0032782c6d6f64653d2564000f
:020000040000fa
:020000040102f7
:10298700434d443a5365745478506f776572526576
:10299700706f7274696e67456e61626c652c48640e
:1029a7006c3d307825782c4c6f63616c3d25642c29
:0a29b70052656d6f74653d256400e4
:020000040000fa
:020000040102f7
:1029c20038b590f8f430db07044615d5b0f850114d
:1029d20042f21075694300f5ba70eff7acfbb4f838
:1029e200521104f5c6706943eff7a5fb94f86e30f7
:0a29f2006ff3410384f86e3038bd26
:020000040000fa
:020000040102f7
:1029fc0010b5044690f8b43031b123b9b0f8b83002
:102a0c000133a0f8b83010bd5bb90146b630f9f708
:102a1c0069fa94f8ba3084f8b6300123a4f8b830c7
:0a2a2c00f1e7bde81040f9f7cbbe5a
:020000040000fa
:020000040102f7
:102a360010b581213c2000f0b4fb8121442000f038
:102a4600b0fb00231a4603211c2002f053fd03238a
:102a560010221621142002f04dfd03231022162108
:0a2a66006420bde8104002f045bdf9
:020000040000fa
:020000040102f7
:102a7000f8b50c4e33680746db6b0c200d469847c3
:102a8000044668b18572078101464ff4b05001f0e9
:102a9000affe336825881b6c204698472846f8bd52
:082aa0000225fbe7c000002045
:020000040000fa
:020000040102f7
:102aa800f8b50c4e33680746db6b10200d46984787
:102ab800044668b1c5600781014641f2016001f032
:102ac80093fe336825881b6c204698472846f8bd36
:082ad8000225fbe7c00000200d
:020000040000fa
:020000040102f7
:102ae000f8b50c4e33680746db6b10200d4698474f
:102af000044668b1c5600781014641f2036001f0f8
:102b000077fe336825881b6c204698472846f8bd19
:082b10000225fbe7c0000020d4
:020000040000fa
:020000040102f7
:102b1800f8b50c4e33680746db6b0c200d4698471a
:102b2800044668b185720781014641f2046001f0ec
:102b38005bfe336825881b6c204698472846f8bdfd
:082b48000225fbe7c00000209c
:020000040000fa
:020000040102f7
:102b5000f8b50c4e33680746db6b10200d469847de
:102b6000044668b1c5600781014641f6010001f0e5
:102b70003ffe336825881b6c204698472846f8bde1
:082b80000225fbe7c000002064
:020000040000fa
:020000040102f7
:102b8800f8b50c4e33680746db6b10200d469847a6
:102b9800044668b1c0e9027501464ff4985001f047
:102ba80023fe336825881b6c204698472846f8bdc5
:082bb8000225fbe7c00000202c
:020000040000fa
:020000040102f7
:102bc000f8b50c4e33680746db6b10200d4698476e
:102bd000044668b1c5600772014641f2040001f085
:102be00007fe336825881b6c204698472846f8bda9
:082bf0000225fbe7c0000020f4
:020000040000fa
:020000040102f7
:102bf800f8b50c4e33680746db6b10200d46984736
:102c0800044668b1c5600772014641f20a0001f046
:102c1800ebfd336825881b6c204698472846f8bd8d
:082c28000225fbe7c0000020bb
:020000040000fa
:020000040102f7
:102c3000f8b50c4e33680746db6b0c200d46984701
:102c4000044668b145810781014642f2010001f066
:102c5000cffd336825881b6c204698472846f8bd71
:082c60000225fbe7c000002083
:020000040000fa
:020000040102f7
:102c68000278042a14d80b4b19680a701a688178fc
:102c78005171417851701b68c2789a710279da7182
:102c8800c07830b15a7842f008025a700020704774
:082c98000320704798010020a1
:020000040000fa
:020000040102f7
:102ca0001fb50446f0f78eff0df10f038df80f00ee
:102cb000cde900430122202342f2060140f2011037
:102cc00001f0acfd9df80f20024b33f8120004b068
:082cd00010bd00bff8a90101cd
:020000040000fa
:020000040102f7
:102cd8001fb50446eff768fc0df10f038df80f00e0
:102ce800cde9004301220e2342f2130140f2011004
:102cf80001f090fd9df80f20024b33f8120004b04c
:082d080010bd00bff8a9010194
:020000040000fa
:020000040102f7
:102d10001fb50446ebf7cafa0df10f038df80f004b
:102d2000cde900430122082342f2320140f20110b2
:102d300001f074fd9df80f20024b33f8120004b02f
:082d400010bd00bff8a901015c
:020000040000fa
:020000040102f7
:102d48001fb50446f4f72afa0df10f038df80f00aa
:102d5800cde9004301220c2342f27e0140f201102a
:102d680001f058fd9df80f20024b33f8120004b013
:082d780010bd00bff8a9010124
:020000040000fa
:020000040102f7
:102d80001fb50446faf786fc0df10f038df80f000e
:102d9000cde900430122052342f2140140f2011063
:102da00001f03cfd9df80f20024b33f8120004b0f7
:082db00010bd00bff8a90101ec
:020000040000fa
:020000040102f7
:102db8001fb50446faf74cf80df10f038df80f0014
:102dc800cde900430122062342f2050140f2011039
:102dd80001f020fd9df80f20024b33f8120004b0db
:082de80010bd00bff8a90101b4
:020000040000fa
:020000040102f7
:102df0001fb5fbf7dffd0df10f03019300238df8e5
:102e00000f000093012242f2100140f2011001f084
:102e100005fd9df80f20034b33f8120005b05df857
:082e200004fb00bff8a9010149
:020000040000fa
:020000040102f7
:102e28001fb5faf74bf80df10f03019300238df846
:102e38000f000093012242f2290140f2011001f033
:102e4800e9fc9df80f20034b33f8120005b05df83c
:082e580004fb00bff8a9010111
:020000040000fa
:020000040102f7
:102e60001fb5f7f7dbff0df10f03019300238df87a
:102e70000f000093012242f2250140f2011001f0ff
:102e8000cdfc9df80f20034b33f8120005b05df820
:082e900004fb00bff8a90101d9
:020000040000fa
:020000040102f7
:102e98001fb5044600f0dcf80df10f038df80f00a4
:102ea800cde9004301220a2342f27d0140f20110dc
:102eb80001f0b0fc9df80f20024b33f8120004b06b
:082ec80010bd00bff8a90101d3
:020000040000fa
:020000040102f7
:102ed0001fb5f8f725fd0df10f03019300238df8c1
:102ee0000f000093012242f23d0140f2011001f077
:102ef00095fc9df80f20034b33f8120005b05df8e8
:082f000004fb00bff8a9010168
:020000040000fa
:020000040102f7
:102f0800094a0a4900231370094a0b604b601146ad
:102f1800c2e9003241f8083fd160064a118863f3dc
:102f2800c3011180704700bfc73501206c340120f0
:082f3800e8330120203e0141b5
:020000040000fa
:020000040102f7
:102f400000b593b041f20403adf8003003888df86a
:102f50000410adf8063059b9d0f8b02110685168a6
:102f600002ab03c3684600f0bdfc13b05df804fb80
:082f70000023cde90233f5e76f
:020000040000fa
:020000040102f7
:102f780090f8e230052b01d0032b14d1d0f8b031f2
:102f88008bb1b1f801201a81d0f8b031b1f8032023
:102f98005a81d0f8b031b1f805209a80d0f8b03114
:082fa800b1f80720da80704740
:020000040000fa
:020000040102f7
:102fb00013b50c46087000212046fff78bfc084a29
:102fc00094f9003053700193064b009302220123c1
:102fd0002e21ec20f1f73af8002002b010bd00bf1e
:082fe000aa010020e85b0201d8
:020000040000fa
:020000040102f7
:102fe80013b50c46087000212046fff76ffc084a0d
:102ff80094f9003013700193064b009302220123c9
:103008002f21ec20f1f71ef8002002b010bd00bf00
:08301800aa0100203e5d020147
:020000040000fa
:020000040102f7
:103020000b4a30b500230a2404fb03f18d5a854274
:1030300008d14ff470635352064a1378013b137062
:10304000002030bd0133082beed10220f9e700bf8c
:08305000f0300120c835012019
:020000040000fa
:020000040102f7
:1030580007b50b4b02881a8042885a8082889a806a
:10306800c288da8002891a81064b00930222012362
:103078003c21ec20f0f7e6ff002003b05df804fbec
:083088004c010020e86902017f
:020000040000fa
:020000040102f7
:1030900065dc000109b90001034a010185bc010199
:1030a0002d4a0201014e02012d330201d74d0201ca
:1030b000513a0201ad4d0201f9e4010171790101ba
:0830c000a5760101d9160201f9
:020000040000fa
:020000040102f7
:1030c80010b5047a4ff4827004f055ff20b10d2238
:1030d8000270042102f0d8f8064b04341b6853f838
:1030e80024302bb113211888bde81040fff7bcbc71
:0830f80010bd00bf9c01002087
:020000040000fa
:020000040102f7
:1031000008b50b4b186004f00bfe002001f0a8f886
:10311000012001f0a5f8e9f7e1fff1f709f801f066
:1031200087f8044b00221a60bde8084000f020b880
:08313000a00100207c35012004
:020000040000fa
:020000040102f7
:10313800094b0a4a18800a4b1880c3b203f10b00e6
:10314800183bd370074bc2f8053040b2907010702e
:1031580050701071fbf77abfb4010020aa0100205b
:08316800a8010020e2d8cef618
:020000040000fa
:020000040102f7
:1031700008b5082001f08cf8074b18801f2001f0db
:1031800087f8064b1880512001f082f8044b188014
:10319000044bff221a7008bdba010020bc010020b8
:0831a000b6010020b801002077
:020000040000fa
:020000040102f7
:1031a8000c4bd3f8002c60f31742c3f8002cd3f86b
:1031b800002c61f30f02c3f8002cd3f8042c42f45e
:1031c8008012c3f8042c00bfd3f8042cd202fbd41d
:0831d800704700bf0024014113
:020000040000fa
:020000040102f7
:1031e0000c4b03f5d3521520d16860f31f61d160f9
:1031f000d168192003f5835360f31741d1609a68b1
:10320000062161f31f729a609a68022161f31b62c2
:083210009a607047002401419f
:020000040000fa
:020000040102f7
:1032180003780133dbb20370abb943780133dbb217
:10322800437083b983780133dbb283705bb9c378a9
:103238000133dbb2c37033b902797f2a01d103713c
:0832480070470132027170476a
:020000040000fa
:020000040102f7
:1032500070b50b480b4d4ff6ff76016821b94368f6
:1032600013b904f0d7fe70bd83684268334000f1a3
:103270000c0455f823302046984704eb8000ece717
:08328000482f0001c873020190
:020000040000fa
:020000040102f7
:103288004ff4001c1ceb410f98bf1ceb430f11d8e7
:1032980051ea030c50ea4c0c5cea020c0ad004d246
:1032a80082428b418041404270479042994180411f
:0832b8004042704700207047fe
:020000040000fa
:020000040102f7
:1032c00000b593b0024641f20503adf80030038823
:1032d000adf8043052f8ff3fcdf806305368cdf812
:1032e0000a30b0f80831adf80e30684600f0fafa4e
:0632f00013b05df804fbc1
:020000040000fa
:020000040102f7
:1032f60010b5c27d90f8ed3004468ab99a070bd511
:103306000f212046f1f7d9f808b9002010bd112386
:1033160084f8e2300120f9e70121f0f776faf3e7c5
:063326009b07f2d5ece765
:020000040000fa
:020000040102f7
:10332c0013b590f8593004469bb1c26d01911378d6
:10333c0043f002031370c06d022201a900f59e70c8
:10334c0003f092ffe06d082201a900f59f7003f0d5
:06335c008bff02b010bd62
:020000040000fa
:020000040102f7
:1033620084b013b505ac84e80e0030b101280bd04f
:1033720002b0bde8104004b07047099b009394e886
:103382000f00ecf714fef3e7099b009394e80f009b
:0633920000f095ffece7de
:020000040000fa
:020000040102f7
:1033980038b504680546fef713f9a36f23f08003d8
:1033a80043f48043a36701f06bfea36f5a0609d468
:1033b800227d0ab99b0005d528460021bde8384082
:0633c800e0f7deb838bd9d
:020000040000fa
:020000040102f7
:0233ce000500f8
:020000040000fa
:020000040102f7
:1033d00010b40b4b1c680023a11c02e00133082b26
:1033e0000ad011f82320012af8d134f82320824290
:1033f000f4d104eb830000e000205df8044b70473b
:0434000098340120db
:020000040000fa
:020000040102f7
:1034040038b570b90a4803f043fe68b1084c54f863
:10341400083b1b6998470546204603f02dfb2846c8
:1034240038bd4ff0ff35fae74ff0ff35f7e700bf3f
:04343400203401201f
:020000040000fa
:020000040102f7
:1034380038b570b90a4803f029fe68b1084c54f849
:10344800083b5b6998470546204603f013fb28466e
:1034580038bd4ff0ff35fae74ff0ff35f7e700bf0b
:0434680020340120eb
:020000040000fa
:020000040102f7
:10346c0038b570b90a4803f00ffe68b1084c54f82f
:10347c00083b9b6898470546204603f0f9fa284616
:10348c0038bd4ff0ff35fae74ff0ff35f7e700bfd7
:04349c0020340120b7
:020000040000fa
:020000040102f7
:1034a00038b570b90a4803f0f5fd68b1084c54f816
:1034b000083b5b6898470546204603f0dffa28463c
:1034c00038bd4ff0ff35fae74ff0ff35f7e700bfa3
:0434d0002034012083
:020000040000fa
:020000040102f7
:1034d40030b40d68b5f1ff3f02d000f1080202e0fc
:1034e400026904e01a4653681c68ac42fad953686e
:1034f4004b6099608a60516008610368013303601e
:0435040030bc704720
:020000040000fa
:020000040102f7
:1035080038b580b10a4d2a68002402f5087300bf57
:1035180053f82420824207d104f02ffd88342b6809
:10352800002243f8242038bd0134082cf0d1fae7f2
:043538009c000020d3
:020000040000fa
:020000040102f7
:10353c0070b50b4e33680546db6b0c209847044680
:10354c0060b1058101464ff4c05001f04bf933686e
:10355c0025881b6c20469847284670bd0225fbe742
:04356c00c00000207b
:020000040000fa
:020000040102f7
:1035700010b5047aef2c10d82046fef7a7fb0146c1
:1035800048b9204602f0ceff012804d8044b184465
:10359000ff234370c370084610bd0321fbe700bf43
:0435a0008234012050
:020000040000fa
:020000040102f7
:1035a40070b50b4e33680546db6b0c209847044618
:1035b40060b18560014641f2013001f017f93368ca
:1035c40025881b6c20469847284670bd0225fbe7da
:0435d400c000002013
:020000040000fa
:020000040102f7
:1035d80070b50b4e33680546db6b0c2098470446e4
:1035e80060b18560014641f2023001f0fdf83368b0
:1035f80025881b6c20469847284670bd0225fbe7a6
:04360800c0000020de
:020000040000fa
:020000040102f7
:10360c0070b5c3880a4e022b054604d133681b786b
:10361c000bb1f4f7fffb0024336803eb840328465b
:10362c00d3f8fc3101349847092cf5d170bd00bf9b
:04363c009c000020ce
:020000040000fa
:020000040102f7
:1036400070b50b4e33680546db6b0c20984704467b
:1036500060b1856001464ff4805001f0c9f83368cd
:1036600025881b6c20469847284670bd0225fbe73d
:04367000c000002076
:020000040000fa
:020000040102f7
:1036740070b50b4e33680546db6b0c209847044647
:1036840060b18560014641f2020001f0aff8336891
:1036940025881b6c20469847284670bd0225fbe709
:0436a400c000002042
:020000040000fa
:020000040102f7
:1036a80070b50b4e33680546db6b0c209847044613
:1036b80060b10581014643f2040001f095f83368d2
:1036c80025881b6c20469847284670bd0225fbe7d5
:0436d800c00000200e
:020000040000fa
:020000040102f7
:1036dc0070b50b4e33680546db6b0c2098470446df
:1036ec0060b10581014643f2060001f07bf83368b6
:1036fc0025881b6c20469847284670bd0225fbe7a1
:04370c00c0000020d9
:020000040000fa
:020000040102f7
:1037100070b50b4e33680546db6b0c2098470446aa
:1037200060b10581014643f2070001f061f833689a
:1037300025881b6c20469847284670bd0225fbe76c
:04374000c0000020a5
:020000040000fa
:020000040102f7
:1037440000000000791b010195650201fbc5010120
:1037540055d30101a1890101e9ca010115630201df
:10376400f762020131b1010105650101bdd3010117
:0437740033630201b8
:020000040000fa
:020000040102f7
:103778001fb504460146e27911f8010bf1f764fb25
:103788000df10f038df80f00cde900430122082346
:1037980042f24e0140f2011001f03cf89df80f0092
:0437a80004b010bd9c
:020000040000fa
:020000040102f7
:1037ac0098b10a4a50f8043c126813420dd050f8f4
:1037bc00081c51b9064923ea02030a6840f8043c84
:1037cc00134408380b60fcf76dbe70471c350120a4
:0437dc002035012073
:020000040000fa
:020000040102f7
:1037e00038b5044690b10379c3f3801502f050ff59
:1037f000074b1b68002203ebc503226059680c606d
:103800005c602271bde8384002f03eb838bd00bfb0
:04381000303501202e
:020000040000fa
:020000040102f7
:1038140010b592b041f20c04adf8004090f8f240bb
:103824008df804306ff34104038880f8f240684651
:10383400adf806308df808108df8092000f050f826
:0438440012b010bdf1
:020000040000fa
:020000040102f7
:10384800434d443a536574506174684c6f737352b6
:1038580065706f7274696e67456e61626c652c483d
:10386800646c3d3078253034782c456e61626c6527
:043878003d25640086
:020000040000fa
:020000040102f7
:10387c0010b50b4b1c680cb920460fe0a3681a7ae4
:10388c00052a01d02468f6e7186890f8f230db06b8
:10389c00f8d5eff751fd0028f4d1072010bd00bf7b
:0438ac009001002067
:020000040000fa
:020000040102f7
:1038b00039b1837e212b0dd005d8123b5842584197
:1038c0007047437ef6e7222b0ad0232b0cbf022041
:1038d00000207047c37e002b0cbf022003207047de
:0438e000032070470a
:020000040000fa
:020000040102f7
:1038e40013b503880193094b009304460123022274
:1038f4005f21ec20f0f7a8fb054b1b6823b12046a1
:1039040002b0bde81040184702b010bdaa79020108
:043914006c350120ed
:020000040000fa
:020000040102f7
:1039180013b50a4b01900446009302220123282183
:10392800ec20f0f78ffb064b1b6800219c840320da
:10393800f7f7bafd002002b010bd00bf2a740201db
:04394800fc0000205f
:020000040000fa
:020000040102f7
:10394c0038b505680446ebf785fd12232b7600226b
:10395c000b212046f3f7d8fc054b1b6893f9043078
:10396c00002b03dabde83840fdf78ebe38bd00bf32
:04397c000001002026
:020000040000fa
:020000040102f7
:10398000017b427b0b0721f008010173084944bf0a
:10399000131ddab2036908681b1a1344b3f5c06f2c
:1039a0008cbfa3f2026303f1ff33cb60704700bf0b
:0439b0002c010020c6
:020000040000fa
:020000040102f7
:1039b40008b5c38800f10801d8b213f47f4309d0d5
:1039c400b3f5807f09d0064b196800f0cffb81f86e
:1039d4003c0208bdf0f754fef5e7f6f727f8f2e7e6
:0439e4008801002036
:020000040000fa
:020000040102f7
:1039e80010b5c469601a10f4800f0fd14c40084913
:1039f8000c420bd003eb9203084040f27122504373
:103a0800b3eb500f2cbf0120002010bd0120fce7b4
:043a1800ffff7f002d
:020000040000fa
:020000040102f7
:103a1c0090f85230012b08bf826dc36908bf9b1a06
:103a2c00074a1168d1f8402208bfc3f3160312b934
:103a3c00c1f8403202e09a1a5202f9d4704700bf22
:043a4c0088010020cd
:020000040000fa
:020000040102f7
:103a500013b590f85930044693b1c26d01911378b3
:103a600043f008031370c06d01a900f5ac7003f0ba
:103a700079ffe06d062201a900f2591003f0fafb6c
:043a800002b010bdc3
:020000040000fa
:020000040102f7
:103a840008b5006890f847300a3b012b0dd8084b65
:103a940090f836201b68c3f341139a4205d0d0f83e
:103aa400441100f5be7000f080fd002008bd00bf89
:043ab400c0340141d8
:020000040000fa
:020000040102f7
:103ab80012280b4b11d003d8112807d00a3106e081
:103ac80021380228fad801f5d37100e04c311a8860
:103ad80061f30e021a80002070473731f7e700bf04
:043ae8006c380141f4
:020000040000fa
:020000040102f7
:103aec0030b50a4a0a4b02f584541b882568c01a63
:103afc0080b202f5825260f30f052560c91a136873
:103b0c0089b261f30f03136030bd00bf0024014183
:043b1c00a0010020e4
:020000040000fa
:020000040102f7
:103b200010b5f5f75ffc044660b9074a13789907aa
:103b300008d443f002030548137004f01bf904484d
:103b400004f0f4f8204610bd34330120c197000181
:043b500097c901010f
:020000040000fa
:020000040102f7
:103b540000b593b0826802238df804301368cdf861
:103b640006305368cdf80a309368cdf80e30d36828
:103b7400cdf8123001a801f0e3fd002013b05df888
:023b840004fb40
:020000040000fa
:020000040102f7
:103b8600f7b506460c461f4601a802f10c0315467a
:103b96000193043404f007f8bdf8201001a804f0de
:103ba60002f82b46a2b239463046faf708f803b0b7
:023bb600f0bd60
:020000040000fa
:020000040102f7
:103bb80038b5800085b202f07bfa044600bf00bf2a
:103bc80000bf0821a94200d338bd02f071fa84422f
:103bd80088bf01f2e241091b10fa81f189b204465b
:023be800f0e704
:020000040000fa
:020000040102f7
:103bea00022806d0032807d0012810d10a32d000b3
:103bfa0070470b329000704701294feac2020cbf8e
:103c0a00022008202b32424302f5bc707047002084
:023c1a007047f1
:020000040000fa
:020000040102f7
:103c1c0000b5836f93b043f40013836741f207033d
:103c2c00adf800300388adf80430036ecdf80630e3
:103c3c00436ecdf80a306846fff74efe13b05df8c0
:023c4c0004fb77
:020000040000fa
:020000040102f7
:103c4e00434d443a52656d7465436f6e6e506172aa
:103c5e00615265714e65675265706c792c48646c63
:103c6e003d3078253034782c726561736f6e3d254a
:023c7e006400e0
:020000040000fa
:020000040102f7
:103c8000434d443a5772697465417574685061795f
:103c90006c6f616454696d656f75742c48646c3d1c
:103ca0003078253034782c74696d656f75743d25d6
:023cb0006400ae
:020000040000fa
:020000040102f7
:103cb2000a4652f8013fc0f8ff305368c0f803319a
:103cc200b1f80930a0f808310a4652f80b3fc0f8a3
:103cd2000a315368c0f80e31d1f81330c0f81a31e6
:023ce200704729
:020000040000fa
:020000040102f7
:103ce400d0f8b431818f9a8b914210d1c18fda8b85
:103cf40091420cd193f820204ab9428f198b9142fa
:103d040005d8588b90422cbf002001207047012019
:023d14007047f6
:020000040000fa
:020000040102f7
:103d160070b504468068002550b1028943899a42ed
:103d260006d10668a66004f029f901353046f3e7a6
:103d3600a0602db1a9b22046bde8704001f0b4bb29
:023d460070bd4e
:020000040000fa
:020000040102f7
:103d480010b5044688b1c08801f0f0fe78b1237937
:103d5800012262f305130022237122602281214689
:103d6800006803f021f9104610bd0720fce7022087
:023d7800fae768
:020000040000fa
:020000040102f7
:103d7a004ff4001c1ceb410f98bf1ceb430f0cd8ef
:103d8a0050ea410c08bf52ea430c08d0904208bfdf
:103d9a0099420cbf01200020704700207047012083
:023daa00704760
:020000040000fa
:020000040102f7
:103dac00434d443a52656164417574685061796c55
:103dbc006f616454696d656f75742c48646c3d302b
:103dcc0078253034782c74696d656f75743d256475
:013ddc0000e6
:020000040000fa
:020000040102f7
:103ddd00434d443a536574446174614c656e677428
:103ded00682c48646c3d307825782c74784f63745a
:103dfd006574733d25642c747854696d653d256437
:013e0d0000b4
:020000040000fa
:020000040102f7
:023e0e000500ad
:020000040000fa
:020000040102f7
:103e100030b40a4b1c68231f1c3401e0a3420ad0b3
:103e200053f8042f002af9d0957f8542f6d11388e4
:103e30000b80002000e0012030bc7047a03401203e
:020000040000fa
:020000040102f7
:103e400038b5eff3108572b6084c20634ff4804309
:103e500063600f2262601140a160a36001f0aafbc1
:103e60004ff40043a36085f3108838bd000600447a
:020000040000fa
:020000040102f7
:103e700010b50a4b1a6802f5087102f5107200bffe
:103e800051f8043b23b1dc7814b11c88844202d081
:103e90009142f5d10023184610bd00bf9c000020c0
:020000040000fa
:020000040102f7
:103ea00008b50849082003f02bfcfef7bbfa40b91f
:103eb000054b064a1b68c3f88821bde8084002f09c
:103ec000bdbb08bd507e02019c000020c519020147
:020000040000fa
:020000040102f7
:103ed000202870b504460e460ed8084d28682022ca
:103ee0000021013003f07afa286822463146013079
:103ef00002f0f4fc002070bd0320fce79c000020d1
:020000040000fa
:020000040102f7
:103f000010b50a4b1b681b680bb918460de09c895d
:103f10008442f8d8dc898442f5d313609a895b68bf
:103f2000801a03eb00100860012010bda8000020db
:020000040000fa
:020000040102f7
:103f300070b50a4b1b689c6805460e460cb92046b6
:103f400070bd2379ab4206d12a463146a06802f003
:103f5000b7fc0028f3d02468f0e700bfa8000020d9
:020000040000fa
:020000040102f7
:103f600070b504464ff482700e4604f008f870b144
:103f70000b2202702288828018250022c2800572de
:103f8000c0f80a204672042101f082f9e57470bd80
:020000040000fa
:020000040102f7
:103f900010b50a4b1a68002302f16c01cc7834b1d9
:103fa0000c88844203d11b3302eb830010bd013324
:103fb000082b01f10401f1d10020f7e710350120b1
:020000040000fa
:020000040102f7
:103fc00038b50a4c23680c2101fb003105464869cd
:103fd00008b103f0d6ff0c2005fb0003206818444d
:103fe000002303604360836038bd00bf10350120ab
:020000040000fa
:020000040102f7
:103ff00038b5094c236825463bb12b68074ac3e90d
:104000000022c3e90222012038bd102003f0b7ffcf
:1040100020600028f1d1f7e7183501207b7f0201ed
:020000040000fa
:020000040102f7
:1040200038b50379044603f0070502f031fb00239d
:104030002360064b03ebc5035a6814605c6001f013
:1040400023fcbde8384002f0e5bd00bfd8000020e9
:020000040000fa
:020000040102f7
:1040500038b50379044603f0070502f019fb002385
:104060002360064b03ebc5035a6814605c6001f0e3
:104070000bfcbde8384002f0cdbd00bfd8000020e9
:020000040000fa
:020000040102f7
:1040800038b9084b1a68184620f8101b01681a80c6
:104090007047012801d1044bf4e70228f8d1034b03
:1040a000f0e700bf303f0141343f0141383f01415b
:020000040000fa
:020000040102f7
:1040b00000b593b00c23adf8003000238df8043028
:1040c0000388d0f8e820adf8063090f8ec30029282
:1040d00068468df80c30fff705fc13b05df804fb63
:020000040000fa
:020000040102f7
:1040e00007b5094b93f90320027093f902300b7066
:1040f000064b0093022201232921ec20eff7a6ffb3
:10410000002003b05df804fbaa0100209c790201a5
:020000040000fa
:020000040102f7
:10411000434d443a53657452616e64416464722c39
:10412000616464723d3078253032782530327825ec
:1041300030327825303278253032782530327800a8
:020000040000fa
:020000040102f7
:1041400010b5fdf741fa094b1b68d3f8804134b133
:10415000d4e9001239b14a60d4e900231a6000f0b2
:1041600093ff204610bdc3f88421f5e788010020a5
:020000040000fa
:020000040102f7
:104170000a4b1b68d3f8fc215ab9d3f8000250b996
:10418000b3f8f82142b9d3f80802b0fa80f0400938
:104190007047002070471046704700bf880100201c
:020000040000fa
:020000040102f7
:1041a0000a4b1b68d3f89c2142b1d3f8a02122b15d
:1041b000d3f8a42142b104207047012203eb82030b
:1041c000c3f89c01002070470222f7e79c00002002
:020000040000fa
:020000040102f7
:1041d0000a4b1a68d2f8a83143b1d2f8ac3123b1f6
:1041e000d2f8b0313bb10420704701236a3342f862
:1041f0002300002070470223f8e700bf9c00002046
:020000040000fa
:020000040102f7
:1042000010b50a4b1a6802f11001303251f8043b24
:1042100033b193f88d40012c02d11c88844202d026
:104220009142f3d10023184610bd00bf9c0100202d
:020000040000fa
:020000040102f7
:1042300008b540f2731003f0a2fe074b40f2731270
:104240000021186003f0caf8fcf7f0f9034a13687c
:1042500043f00803136008bda4010020d0380141d9
:020000040000fa
:020000040102f7
:1042600048b9094b1a6842f004021a601a68d1056d
:10427000fcd501207047054b1a8842f004021a80d1
:104280001a68d205fcd5f4e7203a0141283a0141e9
:020000040000fa
:020000040102f7
:104290000a4bd3f8002c60f31742c3f8002cd3f874
:1042a000042c42f48022c3f8042c00bfd3f8042c61
:1042b0005203fbd4d3f8280c80b27047002401418c
:020000040000fa
:020000040102f7
:1042c00084b007b50df1100c8ce80f003a238df87f
:1042d000043005226b4605490120f9f7dffa00207a
:1042e00003b05df804eb04b0704700bf01050101a5
:020000040000fa
:020000040102f7
:1042f00008b502f0bbfa074803f01efd064803f0bc
:1043000021fd064b4ff0ff321a601f221a71002068
:1043100008bd00bf853a0201a1730201c901002056
:020000040000fa
:020000040102f7
:1043200000b5014689b028b101280ed0002009b09f
:104330005df804fb03ab1422184603f04ff8079a0c
:1043400000920fc8f7f774f9f0e7f2f7fdfcede71c
:020000040000fa
:020000040102f7
:104350000a4b1a68012002f00f0200fa02f24ef234
:104360001c01114049b103f5e6731a8842f01002ae
:104370001a801a8802431a80002070475c38014175
:020000040000fa
:020000040102f7
:1043800084b008b50df1080c8ce80f00036893f8b1
:104390006d2012f0100207d00020eaf77ffdbde883
:1043a0000840002004b07047102102f017fdf6e726
:020000040000fa
:020000040102f7
:1043b000d0e92423b2ebd30f0ed3b2eb930f0dd37e
:1043c000b2eb530f2cbf002002209b1a032b28bff7
:1043d00001200630c0b270470420f6e70320f4e75e
:020000040000fa
:020000040102f7
:1043e00010b590f86c30044623f0030380f86c306d
:1043f000fdf7eaf8a36f1a0644bf23f08073a367a2
:10440000a36f23f04003a36700f03efe002010bd21
:020000040000fa
:020000040102f7
:1044100070b50589b5f5706f04460ed2867a042e04
:104420000bd82846fff724fd38b1d4e903233146e1
:0e4430002846bde87040f8f755b9032070bd6e
:020000040000fa
:020000040102f7
:10443e00b0f5706f2de9f04104460d4616461f4645
:10444e000ad2fff70efd38b13b46324629462046ca
:0e445e00bde8f041f9f719bb0320bde8f0817d
:020000040000fa
:020000040102f7
:10446c0010b5c0b0fff72efd044668b90a230df154
:10447c0003010df102008df8003001f097fd0446a8
:0e448c0010b96846fbf778fb204640b010bd23
:020000040000fa
:020000040102f7
:10449a0073b502f10c0306460c4601a815460193b2
:1044aa00043403f07efb01a8052103f07afb2b46b6
:0e44ba00a2b200213046f9f780fb02b070bdbf
:020000040000fa
:020000040102f7
:1044c80000b593b041f21303adf800300b88adf896
:1044d800043051f8023fcdf8063068468b88adf8b5
:0e44e8000a30fff7fbf9002013b05df804fb6b
:020000040000fa
:020000040102f7
:1044f60000b593b041f21203adf80030037c8df89d
:10450600053090f848308df804206846adf806105e
:0e4516008df80830fff7e3f913b05df804fbf1
:020000040000fa
:020000040102f7
:1045240010b5046894f8f83053b194f8ff304bb9df
:104534000121204600f0e2fd43f60143a4f81731bf
:0e454400002010bd43f0010384f8ff30f4e7bf
:020000040000fa
:020000040102f7
:1045520000b593b0d0f8b43141f20602adf80020b4
:104562000288adf8042068469a69db69cdf8062016
:0e457200cdf80a30fff7b5f913b05df804fb81
:020000040000fa
:020000040102f7
:10458000f0b500240746204665b2ab4200dcf0bd22
:104590000e5d12f804c0351aa5eb0c05edb2ae4263
:0e45a00002d034bf012000203d550134ece76d
:020000040000fa
:020000040102f7
:1045ae00f8b504680e46002504b9f8bd237a042b2d
:1045be000bd045b1a06902f00afd01463046e7680e
:0e45ce00fcf775fcf8602468eee70125fbe7ba
:020000040000fa
:020000040102f7
:1045dc00484f53543a436d64207263762c47727083
:1045ec003d3078253032782c5375623d307825304b
:0d45fc0032782c4f703d3078253032780039
:020000040000fa
:020000040102f7
:10460900434d443a456e68616e6365645265616401
:104619005478506f7765724c6576656c00455252d7
:0d4629003a5374617475733d307825780044
:020000040000fa
:020000040102f7
:104636004c4c43503a496e7374616e7455706461a4
:104646007465642c48646c3d3078253034782c6f62
:0d46560070436f64653d3078253032780088
:020000040000fa
:020000040102f7
:10466300534d503a47656e206b65792c64686b65d2
:1046730079206661696c00534d503a47656e206b33
:0d46830065792c65646976206661696c00bc
:020000040000fa
:020000040102f7
:1046900008b5084b9a8992b207494a604cf2ff323a
:1046a0009a819b890b6823b10b46486889681b680f
:0c46b000984708bd0000014208340120ba
:020000040000fa
:020000040102f7
:1046bc0000030000a94e0201f9220201a1340201fb
:1046cc006d34020135230201053402013934020133
:0c46dc000750010131760201dd110001e0
:020000040000fa
:020000040102f7
:1046e8004ff0807340f8043c21f0010140f8081ca9
:1046f800054b40f80c3c40f8202c6ff0020340f8c2
:0c470800243c4438704700bf195f0201d8
:020000040000fa
:020000040102f7
:1047140008b54ff0200383f31188bff36f8fbff305
:104724004f8fe8f7b1fd18b1034b4ff080521a6078
:0c473400002383f3118808bd04ed00e0b1
:020000040000fa
:020000040102f7
:1047400010b5094a0178002312f833408c4205d194
:1047500002ebc3035b689847012010bd01331f2b98
:0c476000f2d10020f9e700bf4034010155
:020000040000fa
:020000040102f7
:10476c00094b1b681a7832b908b1f3f753bb03f540
:10477c00f270eff7adb928b1032903d1d3f8743136
:0c478c0001201847704700bf9c0000206f
:020000040000fa
:020000040102f7
:1047980010b5094b1a6802f11001303251f8043b88
:1047a8002bb19c7a012c02d11c88844202d0914200
:0c47b800f4d10023184610bda000002022
:020000040000fa
:020000040102f7
:1047c40070b5c47a0d460023d9b28c4201d880203a
:1047d4000be0c16801eb830101330e889642f3d1eb
:0c47e4006868498803f0cdfb002070bd20
:020000040000fa
:020000040102f7
:1047f00038b5054604200c46f8f7b0fe68b183884a
:10480000c58003f0f80343f4407343f00103838051
:0c4810008460bde8384000f00fbc38bdeb
:020000040000fa
:020000040102f7
:10481c001fb5094c24686cb1adf80630069b0293a9
:10482c00079badf80000adf80210adf8042003931f
:0c483c006846a04704b010bd40350120c4
:020000040000fa
:020000040102f7
:10484800084b1a6842f005021a601a685207fcd42d
:104858001a68d207fcd4044b53f804290a801b6851
:0c48680003607047143e01410c3e01410a
:020000040000fa
:020000040102f7
:10487400084b1a6842f005021a601a685107fcd402
:104884001a68d207fcd4044b53f80419186889b287
:0c48940003f014bb143e01410c3e014136
:020000040000fa
:020000040102f7
:1048a00010b502210446002001f06bfa50b11d231f
:1048b0000373054b1b681b7b437301462046f4f7cb
:0c48c00059f9012010bd00bf00010020cc
:020000040000fa
:020000040102f7
:1048cc0010b502210446002001f055fa50b11e2308
:1048dc000373054b1b681b7b437301462046f4f79f
:0c48ec0043f9012010bd00bf00010020b6
:020000040000fa
:020000040102f7
:1048f80038b590f8e43005460c4673b90820f1f74e
:10490800e3f8c5f8b401e388c3802146d5f8b4318b
:0c49180051f8012f1a600a791a7138bd9d
:020000040000fa
:020000040102f7
:1049240090f8e230132b0ad1d0f8b03133b14a7881
:104934009a708a78da70b1f803209a80704790f8f8
:0c494400e430132bfad1d0f8b431efe7c7
:020000040000fa
:020000040102f7
:1049500038b50546d5f8a44104b938bd2368c5f873
:10496000a4311bb905f5d273c5f8a831a06803f0ce
:0c49700008fb204603f005fbece700bf4d
:020000040000fa
:020000040102f7
:10497c0007b5084b1b68187259729a72064b009354
:10498c00022201233821ec20eff75afb002003b060
:0c499c005df804fb000100200770020120
:020000040000fa
:020000040102f7
:1049a80008b501f0a5ff02460b46e5f703fe002215
:1049b800054be6f77ffb41ec100bf1f7edf851ecf6
:0c49c800100b01f0fbf808bd00888340d4
:020000040000fa
:020000040102f7
:1049d40008b501f08fff02460b46e5f7edfd002216
:1049e400054be6f769fb41ec100bf1f7d7f851ecf6
:0c49f400100b01f0e5f808bd00888340be
:020000040000fa
:020000040102f7
:104a0000094b012815bf18681b68d0f84832d3f845
:104a10004c226fea01010bbf0a400b40c3f84c2245
:0c4a2000c0f84832704700bf8801002039
:020000040000fa
:020000040102f7
:104a2c0013b5044680b101910df1030001a902f008
:104a3c0093ff04f16000eff74bf800239df803207f
:0c4a4c0001212046f3f728fd02b010bd48
:020000040000fa
:020000040102f7
:104a580010b5094b1a6802f12c014c3251f8043b8d
:104a680023b11c88844201d19c7814b99142f5d1b4
:0c4a78000023184610bd00bf980100206c
:020000040000fa
:020000040102f7
:104a840010b5094b1a6802f12c014c3251f8043b61
:104a94002bb19c781cb193f85340844202d09142cc
:0c4aa400f4d10023184610bd980100203a
:020000040000fa
:020000040102f7
:104ab00090f8f43013f0020309d0074b1b685b0039
:104ac00007d5c07f04288cbf0020012070471846fe
:0c4ad00070470120704700bf30340141e6
:020000040000fa
:020000040102f7
:104adc007fb50e7916f0300f04d1fdf751fa002096
:104aec0004b070bdcde90201009202ab082202496c
:0c4afc000120faf757fbf2e7410401012a
:020000040000fa
:020000040102f7
:104b080038b504680546fcf75bfda36f23f4f8137a
:104b180023f40463a36700f0b3faa36f1b0604d55c
:0c4b28002846bde83840eef7e7be38bd77
:020000040000fa
:020000040102f7
:104b3400434d443a536574457874416476456e61d7
:104b4400626c652c656e61626c653d256400414450
:0b4b5400563a73657449643d25640007
:020000040000fa
:020000040102f7
:104b5f00434d443a45787453657452616e644164b1
:104b6f0064722c68616e646c653d25640045525219
:0b4b7f003a7374617475733d25640087
:020000040000fa
:020000040102f7
:104b8a0000b585b00df10601fff73df910b105b08a
:104b9a005df804fb06238df80830bdf80630adf841
:0a4baa000a3002a8fbf7fdfef1e758
:020000040000fa
:020000040102f7
:104bb40038b50c46fff722fb054650b12378c17c7b
:104bc400994208d163786288f4f70af900b9e87465
:0a4bd40038bd0320fce70120fae7da
:020000040000fa
:020000040102f7
:104bde00434d443a53657445787441647644617428
:104bee0061004144563a73657449643d25642c64f2
:0a4bfe006174614c656e3d25640092
:020000040000fa
:020000040102f7
:104c0800434d443a5374617274456e63727970749b
:104c18002c48646c3d307825303478004552523a3f
:0a4c28007374617475733d25640018
:020000040000fa
:020000040102f7
:104c320000b593b041f21f03adf800300388adf820
:104c4200063090f82a308df8041068468df8083046
:0a4c5200fef747fe13b05df804fb07
:020000040000fa
:020000040102f7
:104c5c00042810d8012202fa00f313f017030ad02b
:104c6c00042908d802fa01f313f0170303d0431aee
:0a4c7c00584258417047002070476d
:020000040000fa
:020000040102f7
:104c860010b505210446002001f078f860b125230f
:104c96000373d4f84431d3f81e30c0f80d30014602
:0a4ca6002046f3f764ff012010bd63
:020000040000fa
:020000040102f7
:104cb00038b590f8e2308b4204460d4602d100210f
:104cc000f1f7e4ff94f8e430ab4205d1204601212e
:0a4cd000bde83840f1f7dabf38bd47
:020000040000fa
:020000040102f7
:104cda00434d443a416464524c2c616464723d30e1
:104cea0078253032782530327825303278253032be
:0a4cfa00782530327825303278003a
:020000040000fa
:020000040102f7
:104d0400434d443a416464574c2c616464723d30b1
:104d14007825303278253032782530327825303293
:0a4d2400782530327825303278000f
:020000040000fa
:020000040102f7
:104d2e0008b561b9031d406840b1018942899142bd
:104d3e0009d102681a6003f01df9012008bd00f1c7
:0a4d4e0008038068f0e70020f8e792
:020000040000fa
:020000040102f7
:104d58008a78042a04d80123934013f0170f01d14d
:104d680000238b70ca78042a04d80123934013f0d7
:0a4d7800170f01d10023cb70704724
:020000040000fa
:020000040102f7
:104d8200f0b50025074628466cb2a34200dcf0bd10
:104d92004e5d545d34440444e4b2a64202d08cbf5a
:0a4da200012000207c550135eee7ea
:020000040000fa
:020000040102f7
:104dac0090f8593083b1c26d137843f0100313702f
:104dbc00c06d0b68c0f85f3100f25f124b68536036
:0a4dcc008b689360cb68d3607047da
:020000040000fa
:020000040102f7
:104dd60090f8593083b1c26d137843f00403137011
:104de600c06d0b68c0f8483100f5a4724b6853607b
:0a4df6008b689360cb68d3607047b0
:020000040000fa
:020000040102f7
:104e000090f8593083b1c26d137843f001031370e9
:104e1000c06d0b68c0f82c3100f596724b6853607a
:0a4e20008b689360cb68d360704785
:020000040000fa
:020000040102f7
:104e2a0038b50446c568008903f090f848b120896e
:104e3a00fff7e1f938b129462089bde83840e9f79a
:0a4e4a007abc042038bd0320fce709
:020000040000fa
:020000040102f7
:104e540010b590f86d309a0704460dd443f0020360
:104e640080f86d3000f5997001f07aff04f58d70cb
:0a4e7400bde81040f8f7a8bc10bd1f
:020000040000fa
:020000040102f7
:024e7e0005002d
:020000040000fa
:020000040102f7
:104e80000201050c09706963333263782d627a364a
:104e90000416dafe0f0000000c09706963333263f8
:084ea000782d627a360000bf94
:020000040000fa
:020000040102f7
:104ea80060b910b50c46064801f0d8fd012804d1b8
:104eb8002268044b1a6001221a7110bd704700bfa6
:084ec8002834012020340120f0
:020000040000fa
:020000040102f7
:104ed00008480068006880f308884ff0000080f3fd
:104ee000148862b661b6bff34f8fbff36f8f00dfd8
:084ef00000bf000008ed00e026
:020000040000fa
:020000040102f7
:104ef800074b1b681b6823b9064b4ff0ff321a603b
:104f08007047034b1b68db681a68024b1a607047ce
:084f1800d0340120f034012027
:020000040000fa
:020000040102f7
:104f200038b50489b4f5706f0cd2857a042d09d890
:104f30002046fef79dff28b129462046bde83840af
:084f4000fcf798ba032038bd0c
:020000040000fa
:020000040102f7
:104f480080680378ef2b0dd84378033b012b09d8f1
:104f58008378012b06d8828840f272639a4201d87e
:084f6800f9f73ebc032070477d
:020000040000fa
:020000040102f7
:104f700010f0fd030ad001280ad14b7903f0c003d9
:104f8000402b07d0002b14bf012303231846704782
:084f90000123fbe70223f9e70e
:020000040000fa
:020000040102f7
:104f980010b500f1180300f1380200bf53f8044bb4
:104fa8002cb194f8044124b1a4b200f059f9204678
:084fb80010bd9342f2d1fae7ab
:020000040000fa
:020000040102f7
:104fc000084b1a6800230c321178012902d151884c
:104fd000814205d00133dbb2082b02f10c02f3d180
:084fe00018467047103501204e
:020000040000fa
:020000040102f7
:104fe800036810b413b14468944203d15df8044bcc
:104ff80002f014b922b90b6001605df8044b7047e8
:0850080013680b601160f8e76a
:020000040000fa
:020000040102f7
:1050100007b5074a0379019012680648526a03f0ff
:10502000070301a900eb8300904703b05df804fb80
:08503000c0000020e800002090
:020000040000fa
:020000040102f7
:1050380013b5074a0379019012680648146a03f009
:105048000703002201a900eb8300a04702b010bdae
:08505800c0000020e800002068
:020000040000fa
:020000040102f7
:1050600010b5064b06480024202221461c7002f091
:10507000b5f9044bc3e9004410bd00bfc0350120a1
:08508000c43201206434012058
:020000040000fa
:020000040102f7
:10508800074a13785bb1013bdbb213703bb9054ba0
:105098004ff480525a6052005a6012035a607047a7
:0850a800c435012000e100e025
:020000040000fa
:020000040102f7
:1050b000084b1a4642f8040b118053f8102f42f4a3
:1050c000e0421a601a689104fcd41a68d204f9d438
:0850d000704700bf003e0141e2
:020000040000fa
:020000040102f7
:1050d800074b1a8842f040021a801a685206fcd41c
:1050e800044b53f8042b02601b680b80704700bf09
:0850f800143e0141003e01419c
:020000040000fa
:020000040102f7
:1051000038b590f8ff3004460d4623b9d0f86c014d
:1051100038b1f3f723f994f8ff301d4384f8ff50ba
:0851200038bdd4f86801f4e782
:020000040000fa
:020000040102f7
:10512800434d443a436f6e6e5570646174652c4804
:10513800646c3d307825303478004552523a7374a7
:08514800617475733d256400dc
:020000040000fa
:020000040102f7
:10515000434d443a5365745068792c48646c3d3033
:105160007825782c7478506879733d25642c727892
:08517000506879733d256400cd
:020000040000fa
:020000040102f7
:10517800434d443a536574486f73744368616e6e67
:10518800656c436c617373004552523a5374617491
:0851980075733d3078257800a5
:020000040000fa
:020000040102f7
:1051a00038b5062203210446fbf768fd054648b1e1
:1051b00094f86d3023f0600384f86d3001212046af
:0851c000f1f764fd284638bd3b
:020000040000fa
:020000040102f7
:1051c80010b5c36e044613b9436998420bd063788f
:1051d8006ff3820363702046e9f7eef92046bde8d5
:0851e8001040fef717bc10bdda
:020000040000fa
:020000040102f7
:1051f000084b012815bf18681b68d0f84832d3f84f
:105200004c2213bf0b430a43c3f84c22c0f8483268
:08521000704700bf8801002077
:020000040000fa
:020000040102f7
:10521800c1f30803074a490a2bb94942114043ea36
:105228004121fbf747bec3f59c7301339bb2514044
:08523800f5e700bfffff7f0056
:020000040000fa
:020000040102f7
:1052400030b50023074c0b7040fa03f2d20744bf7d
:105250000a781d5d03f1010344bf2a430a70042b41
:08526000f2d130bdd27f020142
:020000040000fa
:020000040102f7
:1052680070b5054600f1180400f1380654f8040b2f
:1052780020b102f082fe002344f8043cb442f5d188
:08528800002385f83b3070bde6
:020000040000fa
:020000040102f7
:1052900038b5084b1b6804460d463bb922462846e4
:1052a0004ff48271bde8384000f094ba9847012865
:0852b000f4d138bd783501206e
:020000040000fa
:020000040102f7
:1052b80010b590f8fa300c463bb1f3f72bfe054bce
:1052c8001a881cb942f004021a8010bd42f0080284
:0852d800fae700bfc20100204b
:020000040000fa
:020000040102f7
:1052e00010b4c488074b220a53f8223033b100f1be
:1052f0000c028168e0b25df8044b18475df8044b7e
:08530000704700bf34320120a8
:020000040000fa
:020000040102f7
:1053080084b008b50df1080c8ce80f00036893f819
:105318006d30db0603d4049a112101f05bfdbde872
:085328000840002004b07047aa
:020000040000fa
:020000040102f7
:10533000434d443a4c746b5265715265706c792cd4
:1053400048646c3d30782578004552523a73746158
:075350007475733d25640034
:020000040000fa
:020000040102f7
:10535700434f4e4e3a4c6c63705478446f6e653ac7
:1053670048646c3d3078253034782c4f70436f6437
:07537700653d307825780048
:020000040000fa
:020000040102f7
:10537e0060b188420cd310b50c4602220021faf718
:10538e007afe034600b18463184610bd002300e088
:06539e00002318467047d1
:020000040000fa
:020000040102f7
:1053a40038b504460d4600f0c5fda36c23b10024b6
:1053b40001f082fe204638bda36b13b9a564012415
:0653c400f6e70024f4e707
:020000040000fa
:020000040102f7
:1053ca0038b50489b4f5706f05460ad22046fef74f
:1053da004afd30b1ea7aa97a2046bde83840f9f7a1
:0653ea0058bd032038bd90
:020000040000fa
:020000040102f7
:1053f00080680378ef2b0cd84378032b09d183788e
:10540000012b06d8828840f272639a4201d8f9f7dc
:0654100019ba03207047e9
:020000040000fa
:020000040102f7
:10541600434d443a536574416476506172616d2c14
:10542600747970653d2564004552523a737461740f
:0654360075733d256400c2
:020000040000fa
:020000040102f7
:10543c00434d443a446973636f6e6e6563742c48d4
:10544c00646c3d3078253034782c726561736f6ee6
:06545c003d253032640022
:020000040000fa
:020000040102f7
:1054620090f8e2305bb990f8e42042b990f8ac31a0
:105472003bb9d0f8a401b0fa80f04009704700208f
:0654820070470120704795
:020000040000fa
:020000040102f7
:10548800434d443a53657450434c50726573657488
:105498002c55703d25642c4c6f773d25642c737416
:0654a80065703d25640063
:020000040000fa
:020000040102f7
:1054ae0000b593b01323adf8003001238df804300e
:1054be000388adf806306846adf80810fef70bfa13
:0654ce0013b05df804fbc1
:020000040000fa
:020000040102f7
:1054d40010b5013a52b2130601d5002010bd845c08
:1054e4008b5c9c4205d802f1ff32f4d24ff0ff30be
:0654f400f4e70120f2e7dd
:020000040000fa
:020000040102f7
:1054fa0030b5891a00f1824000f5b0304d1c012107
:10550a00a94004880139914024ea010493401c43cc
:06551a00a4b2048030bdc4
:020000040000fa
:020000040102f7
:1055200008b503689a6f120601d4002008bdd3f8ad
:105530009020013ac3f89020002af6d18021f4f798
:065540004ffb0120f2e721
:020000040000fa
:020000040102f7
:1055460070b54ff4005442f20806e5b22046ddf786
:10555600acfc28b10135edb20134a4b2b442f4d1a9
:04556600284670bda6
:020000040000fa
:020000040102f7
:02556a0005003a
:020000040000fa
:020000040102f7
:10556c0008b5074801f054fa02f048fafbf76cfe54
:10557c00034608b9184608bdfbf744fe0346f9e795
:04558c008b4b020142
:020000040000fa
:020000040102f7
:10559000064b1b78012b07d8054a42f8230001333c
:1055a000024a13700020704704207047000000205a
:0455b00004000020d3
:020000040000fa
:020000040102f7
:1055b400064b00221a62064a1a6202f12b42a2f535
:1055c4004b12a2f6ab421a62704700bf00060044b9
:0455d400556699aad5
:020000040000fa
:020000040102f7
:1055d80038b50446eff3108572b6fff7e7ff24f0fd
:1055e8007f44034bc3f8f44085f3108838bd00bfef
:0455f8000006004465
:020000040000fa
:020000040102f7
:0455fc0001f0e0bd1d
:020000040000fa
:020000040102f7
:10560000074b19680868b0e8f04f80f30988bff3ca
:105610006f8f4ff0000080f311887047aff3008068
:04562000cc34012065
:020000040000fa
:020000040102f7
:10562400026c72b110b5c3681344c3608468a342aa
:1056340024bf0368c3600c46c168204601f04cf9de
:0456440010bd7047de
:020000040000fa
:020000040102f7
:1056480010b5024600210120faf718fd044638b1ca
:10565800002181600160c1600b460a46eaf740fb01
:04566800204610bd0b
:020000040000fa
:020000040102f7
:10566c0000b503781f2bc1b008d115238df800307d
:10567c0003798df802306846faf77efa012041b0c2
:04568c005df804fbc6
:020000040000fa
:020000040102f7
:1056900038b50489b4f5706f054609d22046fef787
:1056a000e7fb28b1a97a2046bde83840faf768be82
:0456b000032038bdde
:020000040000fa
:020000040102f7
:1056b40038b50489b4f5706f054609d22046fef763
:1056c400d5fb28b1a97a2046bde83840faf780ba5c
:0456d400032038bdba
:020000040000fa
:020000040102f7
:1056d80038b50489b4f5706f054609d22046fef73f
:1056e800c3fb28b1e9682046bde83840f9f784be15
:0456f800032038bd96
:020000040000fa
:020000040102f7
:1056fc0038b50489b4f5706f054609d22046fef71b
:10570c00b1fb28b1a97a2046bde83840fbf78abe28
:04571c00032038bd71
:020000040000fa
:020000040102f7
:1057200038b50489b4f5706f0ad2c5682046fef713
:105730009ffb28b129462046bde83840f8f7deb97e
:04574000032038bd4d
:020000040000fa
:020000040102f7
:1057440070b5074e05460024336804f16a0253f825
:1057540022300bb1284698470134032cf4d170bd94
:045764009c00002085
:020000040000fa
:020000040102f7
:10576800830708d5044b1a68002111601b68034a97
:105778005a60034a9a607047a0000020117702011e
:045788005b7f020140
:020000040000fa
:020000040102f7
:10578c00072838b50bd8064d041d2b6853f8240098
:10579c0028b102f0f0fb2b68002243f8242038bd1e
:0457ac00a000002039
:020000040000fa
:020000040102f7
:1057b00008b5fef7edfb40b1054b80781b685b78c0
:1057c00098422cbf0020012008bd0120fce700bf4b
:0457d000103501206f
:020000040000fa
:020000040102f7
:1057d40013b5074b8df800001446adf80210019282
:1057e4001b6868469847204602f0c9fb02b010bd0a
:0457f4001435012047
:020000040000fa
:020000040102f7
:1057f80010b500f049ff064b1b7804461bb1fcf7b7
:1058080039ffeaf71ffb2046bde8104000f038b822
:04581800c135012075
:020000040000fa
:020000040102f7
:10581c00012805d008b1022804d0034b1888704722
:10582c00024bfbe7024bf9e7b2350120b4350120fe
:04583c00b63501205c
:020000040000fa
:020000040102f7
:1058400010b9054b19807047012801d1034bf9e7c6
:105850000228f8d1024bf5e7203f0141243f0141e6
:04586000283f01419b
:020000040000fa
:020000040102f7
:1058640010b5064c01222270054a126802b1904715
:1058740001f0c2f90023237010bd00bfc53501201b
:04588400503501207a
:020000040000fa
:020000040102f7
:1058880007b5074a0190137833b1013bdbb21370b7
:1058980013b901a802f06ef903b05df804fb00bf6c
:0458a800c6350120e0
:020000040000fa
:020000040102f7
:1058ac00064b1a8842f001021a801a68d207fcd4ff
:1058bc00034b186820f07040704700bf143e014144
:0458cc00083e014150
:020000040000fa
:020000040102f7
:1058d00008b5fff7edfb064b1b6813f0060f05d06c
:1058e00040210020bde80840fef7cabb08bd00bf4c
:0458f000203f014113
:020000040000fa
:020000040102f7
:1058f400074b1b68586800b9704790f8f83013b12b
:1059040090f821300bb90068f5e70120704700bf1b
:04591400f00000207f
:020000040000fa
:020000040102f7
:1059180010b5074b1b685c6804b910bd94f8f830e3
:1059280023b1002211462046f9f7e8fb2468f3e783
:04593800f00000205b
:020000040000fa
:020000040102f7
:10593c0000b593b00823adf8003003888df804103f
:10594c006846adf806308df80820fdf7c5ff13b09a
:04595c005df804fbf3
:020000040000fa
:020000040102f7
:10596000434d443a5265616452656d6f7465557379
:10597000656446656174757265732c48646c3d306e
:04598000782578000e
:020000040000fa
:020000040102f7
:10598400434d443a52656d7465436f6e6e50617257
:1059940061725265715265706c792c48646c3d304b
:0459a40078257800ea
:020000040000fa
:020000040102f7
:1059a80010b5c37d04464bb90821fcf781fe08b940
:1059b800002010bd012084f8e200fae7012bf7d19e
:0459c8000e21f2e7d3
:020000040000fa
:020000040102f7
:1059cc0038b50a460f210546fbf752f9044638b1a3
:1059dc0095f8e430112b03d101212846f1f750f949
:0459ec00204638bd5c
:020000040000fa
:020000040102f7
:1059f00038b590f8e43004460d4653b90a20f0f764
:105a000067f8c4f8b4016b780370d4f8b431aa789d
:045a10005a7038bdd3
:020000040000fa
:020000040102f7
:105a140010b5837e113bdbb2122b96bf044a0021e2
:105a2400d15c0446f5f7b6f9a4f8600010bd00bfd8
:045a340004740201f3
:020000040000fa
:020000040102f7
:105a380010b5074bda69013ada6132b91a6ada61e4
:105a48000124f6f723f8204610bd0024f9e700bf2b
:045a5800e83701200a
:020000040000fa
:020000040102f7
:105a5c00074b1b680bb91846704799680a7a043ac9
:105a6c00012af6d80a68126b8242f2d101207047e3
:045a7c009001002075
:020000040000fa
:020000040102f7
:105a8000074a13691b1a136193680344b3f5c06f87
:105a900083bf6ff4c0615b180120002093607047e2
:045aa0002c010020b5
:020000040000fa
:020000040102f7
:105aa400d0f8b4311a7880f840205a7880f8412030
:105ab4009a7880f84220da7880f843201b7980f8bd
:045ac40044307047b3
:020000040000fa
:020000040102f7
:105ac80010b5446f88b05cb1036fcde9033008ab03
:105ad80013e903008de8030003ab0ecb0320a047b6
:045ae80008b010bd35
:020000040000fa
:020000040102f7
:105aec0010b5446f88b05cb1036fcde9033008abdf
:105afc0013e903008de8030003ab0ecb0420a04791
:045b0c0008b010bd10
:020000040000fa
:020000040102f7
:105b100010b54378da0704460bd500229b070270c4
:105b2000827001d4f5f744fd2046bde81040f6f739
:045b30002db810bdbf
:020000040000fa
:020000040102f7
:105b3400074b1b680bb91a4608e09a68117a0439b6
:105b44000129f6d8116809888142f2d110467047bc
:045b5400900100209c
:020000040000fa
:020000040102f7
:105b580038b5074d00242b681b78e340db07e1b21a
:105b680002d50120ebf7d8fb0134082cf3d138bd5e
:045b7800a401002064
:020000040000fa
:020000040102f7
:105b7c0024232221201f1e1d1c1b1a191817161551
:105b8c0014131211100f0e0d0c0b0a090807060541
:045b9c0004030201fb
:020000040000fa
:020000040102f7
:105ba00010b50468fbf710fda36fd4f8cc0023f008
:105bb000807343f00073a367f8f72efdbde8104033
:045bc000fff762bacf
:020000040000fa
:020000040102f7
:105bc4000b0d40f21e42d21a09dbcb0243ea5050bd
:105bd40040f00040202a28bf2022d04070474900ce
:045be4008041704745
:020000040000fa
:020000040102f7
:105be800434d443a536574436f6e6e5478506f77e3
:105bf80065725072657365742c73656c5077723d6d
:035c080025640010
:020000040000fa
:020000040102f7
:105c0b00534d503a446174612073656e642c70611e
:105c1b006972206661696c206572723d307825303f
:035c2b00347800ca
:020000040000fa
:020000040102f7
:105c2e000369416882688a60416851605a6882429d
:105c3e0004bf82685a600022026118680138186039
:025c4e0070479d
:020000040000fa
:020000040102f7
:105c5000017a427a41ea020313f0f80f07d1b1fa50
:105c600081f040090ab940f00200faf79bbf032017
:025c700070477b
:020000040000fa
:020000040102f7
:105c720010b50a68937854781b0403eb0423147854
:105c8200d278234403eb026303600b6804330b6096
:025c920010bd43
:020000040000fa
:020000040102f7
:105c940000b593b03023adf8003000238df8043004
:105ca4000388adf806306846fdf71afe13b05df8b8
:025cb40004fbef
:020000040000fa
:020000040102f7
:105cb60038b504460d460020022100f05ff838b1e1
:105cc60002230373457301462046f2f750ff012075
:025cd60038bdd7
:020000040000fa
:020000040102f7
:105cd80038b504460d460020022100f04ef838b1d0
:105ce80007230373457301462046f2f73fff01205f
:025cf80038bdb5
:020000040000fa
:020000040102f7
:105cfa0010b590f8f430db07044609d500f5ba7000
:105d0a00edf7e7fe04f5c670bde81040edf7e1be19
:025d1a0010bdba
:020000040000fa
:020000040102f7
:105d1c0049b1807e112808d0122808d010f020003c
:105d2c0018bf04207047407ef4e701207047022022
:025d3c007047ae
:020000040000fa
:020000040102f7
:105d3e00434d443a5365744164765478506f776599
:105d4e00725072657365742c73656c5077723d2555
:025d5e006400df
:020000040000fa
:020000040102f7
:105d600010b50c4680f829100088fff7e3fe162cca
:105d700003d1bde8104000f017bdbde8104000f0b1
:025d800021bd43
:020000040000fa
:020000040102f7
:105d820038b5054601f10c000c4602f0f7f838b1bf
:105d92000379448165f305130371002303810360d2
:025da20038bd0a
:020000040000fa
:020000040102f7
:105da40007b5426f3ab149b1019001ab0422052114
:105db4000220f7f771fd03b05df804fbfbf734f83c
:025dc400f9e7fd
:020000040000fa
:020000040102f7
:105dc60010b50446062002f0d7f8014640b1082374
:105dd600037023888380bde81040062002f015b8c2
:025de60010bdee
:020000040000fa
:020000040102f7
:105de80010b50446062002f0c6f8014640b1042367
:105df800037023888380bde81040062002f004b8b1
:025e080010bdcb
:020000040000fa
:020000040102f7
:105e0a0010b50446062002f0b5f8014640b1072352
:105e1a00037023888380bde81040062001f0f3bf99
:025e2a0010bda9
:020000040000fa
:020000040102f7
:105e2c0012290ad002d8112904d07047213902292d
:105e3c0005d97047012101f0c7bd0221fbe7032101
:025e4c00f9e774
:020000040000fa
:020000040102f7
:105e4e00cb681a7880f840205a7880f841209a78ea
:105e5e0080f84220da7880f843201b7980f84430ad
:025e6e0070477b
:020000040000fa
:020000040102f7
:105e700010b504680a46d4f8b01029b1fef72efe1a
:105e80000023c4f8b03010bd1046bde81040fdf747
:025e9000a7bcad
:020000040000fa
:020000040102f7
:105e920010b50468204601f02afdfbf794fba36fbe
:105ea20043f0006343f00103a367bde81040fff72e
:025eb200eab84c
:020000040000fa
:020000040102f7
:105eb40010f0004160b148bf40420a0d02f21d4299
:105ec400b0fa80f3d21a9840c30a400503eb02519a
:025ed400704715
:020000040000fa
:020000040102f7
:105ed600434d443a5265616452656d6f746556650b
:105ee60072496e666f2c48646c3d30782530347884
:015ef60000ab
:020000040000fa
:020000040102f7
:105ef700434d443a5265616443684d6170436d6434
:105f0700004552523a5374617475733d3078257861
:015f17000089
:020000040000fa
:020000040102f7
:105f180082b0002301934ff0200383f31188bff36d
:105f28006f8fbff34f8f019b002bfcd002b07047df
:020000040000fa
:020000040102f7
:105f38004ff0200383f31188bff36f8fbff34f8fa8
:105f4800024a136801331360704700bf30380120dc
:020000040000fa
:020000040102f7
:105f580000b58179c1b041b90846f7f78ff9082330
:105f680068468df80030f9f709fe41b05df804fb8a
:020000040000fa
:020000040102f7
:105f780010b50c46fdf778ff40b150f8043f236098
:105f88008388a3808379a371002010bd0320fce7d8
:020000040000fa
:020000040102f7
:105f980010b50489b4f5706f08d22046fdf764ff88
:105fa80020b12046bde81040faf70cba032010bd16
:020000040000fa
:020000040102f7
:105fb80030b5064d00232a681a44dcb2527812b96b
:105fc8000470104630bdca540133f4e79c00002029
:020000040000fa
:020000040102f7
:105fd800044b054a00280cbf18461046034b58616d
:105fe800704700bf357f02013a7f02012c2e012045
:020000040000fa
:020000040102f7
:105ff800054b1b7c2bb1054b1a88824201d158886e
:1060080070470020704700bfb03301200c350120d5
:020000040000fa
:020000040102f7
:10601800042802d0062804d07047044b1b689960f6
:106028007047024b1b68d960704700bfac00002066
:020000040000fa
:020000040102f7
:1060380010b1054b1b78037021b1044b1a680a6034
:106048009b888b80704700bfcc000020cd000020cb
:020000040000fa
:020000040102f7
:10605800054b1a8842f001021a801a68d207fcd44c
:10606800024b1868704700bf143e0141083e0141c9
:020000040000fa
:020000040102f7
:10607800054b1a8842f002021a801a689207fcd46b
:10608800024b1868704700bf143e0141003e0141b1
:020000040000fa
:020000040102f7
:10609800054b1a8842f008021a801a681207fcd4c5
:1060a800024b186880b27047143e0141043e01411a
:020000040000fa
:020000040102f7
:1060b800054b1a8842f004021a801a685207fcd469
:1060c800024b186880b27047143e01410c3e0141f2
:020000040000fa
:020000040102f7
:1060d80008b5064b1868f021043001f087fd00224e
:1060e8001146bde80840f9f709b800bff0000020e4
:020000040000fa
:020000040102f7
:1060f800064b1b68586800b9704790f8f8300bb128
:10610800037b0bb10068f6e701207047f000002020
:020000040000fa
:020000040102f7
:1061180010b5064b16301b6853f820300c4613b1e7
:10612800114620469847002010bd00bf5835012071
:020000040000fa
:020000040102f7
:1061380008b5036893f8ff1041b993f80121501e80
:1061480042424241d3f8680100f03dfc002008bdfe
:020000040000fa
:020000040102f7
:106158004b7880f8e8308b7880f8e930cb7880f895
:10616800ea300b7980f8eb304b7980f8ec307047e7
:020000040000fa
:020000040102f7
:106178004348433a434820496e6420432c25640031
:106188004348433a434820496e6420502c25640014
:020000040000fa
:020000040102f7
:1061980010b50446f9f799ff0521204600f001f9ea
:1061a80028b194f8f43043f0020384f8f43010bdb9
:020000040000fa
:020000040102f7
:1061b800064b1b6893f82e2203eb4203b3f8260222
:1061c800b3f82a32184480b2704700bf8801002013
:020000040000fa
:020000040102f7
:1061d800062340f2431203fb0020044b1b681844bb
:1061e80003680b6083888b80704700bfa401002080
:020000040000fa
:020000040102f7
:1061f800054bd3f8682f60f3d752c3f8682f034bc9
:106208001b685870704700bf00240141a40100209a
:020000040000fa
:020000040102f7
:10621800064b1b681a78002322fa03f1c907d8b283
:1062280003d50133082bf7d118467047a401002085
:020000040000fa
:020000040102f7
:10623800064b1b6ac3f30723012b04d9022b0cbf9f
:106248004020202070478020704700bf000a00448b
:020000040000fa
:020000040102f7
:10625800054bb3f85600054b1b7800f07f00184437
:10626800404240b2704700bf00600141a8010020d1
:020000040000fa
:020000040102f7
:1062780010b50446fef7fafa01462046fef7c8ffb5
:10628800024b984294bf0020012010bd38feff7fca
:020000040000fa
:020000040102f7
:1062980010b50446817e90f86000fbf793fe617e9e
:1062a80002460020fbf78efe92b212fa80f010bd73
:020000040000fa
:020000040102f7
:1062b800434d443a53657441646472526573456e44
:0f62c80061626c652c656e61626c653d256400da
:020000040000fa
:020000040102f7
:1062d80000b583b002238df80030adf802008df8c8
:0e62e80005106846faf75efb03b05df804fb94
:020000040000fa
:020000040102f7
:1062f60008b50089fef7adfb38b18378032b04d1ce
:0e6306000521bde80840f3f7d8bb032008bd11
:020000040000fa
:020000040102f7
:1063140008b50089fef79efb38b18378022b04d1bf
:0e6324000521bde80840f3f7c9bb032008bd02
:020000040000fa
:020000040102f7
:1063320010b5847a0089fef78efb30b1c36d23b1ac
:0e6342002146bde81040faf7c2ba012010bd96
:020000040000fa
:020000040102f7
:1063500003688b4206d10b68036043688b4208bf19
:0e63600042607047002af8d00b681360f5e722
:020000040000fa
:020000040102f7
:10636e0013b5044602210df10600f7f724f9bdf826
:0e637e00063062899a42f5d0638102b010bdec
:020000040000fa
:020000040102f7
:10638c00434d443a45787452656d6f766541647639
:0e639c005365742c68616e646c653d25640069
:020000040000fa
:020000040102f7
:1063aa0038b504460d4600200121fff7e5fc28b167
:0e63ba00057301462046f2f7d8fb012038bdde
:020000040000fa
:020000040102f7
:1063c80010b5c36e04464bb94369984206d1e8f745
:0e63d800a7fc2046bde81040fdf71cbb10bd21
:020000040000fa
:020000040102f7
:1063e60007b549b1019001ab042209210220f7f754
:0e63f60052fa03b05df804fbe7f7fffcf9e78d
:020000040000fa
:020000040102f7
:1064040007b5c378db0708d504230093008800236d
:0e641400fdf7b7fb03b05df804fb0120fae7cb
:020000040000fa
:020000040102f7
:1064220000f1824000f5b030891a03880131012061
:0e6432008840013890401840104180b27047f9
:020000040000fa
:020000040102f7
:1064400010b50023934206d113f0030018bf0120ba
:0e64500000eb930010bdc45ccc540133f2e7a6
:020000040000fa
:020000040102f7
:10645e00434d443a536574416476436f64696e6785
:0d646e00536368656d652c63733d25640004
:020000040000fa
:020000040102f7
:10647c0000b583b001f0bef80df107010e20fcf75a
:0c648c00b5fbe7f781fd03b05df804fbf1
:020000040000fa
:020000040102f7
:1064980008b5a0f500539bb2072b04d8024b1b6824
:0c64a8000bb1c0b2984708bd9c34012025
:020000040000fa
:020000040102f7
:1064b40010b50446807a01f09ffa034608b11846e5
:0c64c40010bd2046f6f7eefb0346f8e79b
:020000040000fa
:020000040102f7
:1064d0004a68044b1a60044b0a895a8002221a70d7
:0c64e000002070470c000020a8340120b0
:020000040000fa
:020000040102f7
:1064ec0010b50c46044b19681831fcf7edff01216f
:0c64fc002046f0f765f810bdcc340120fc
:020000040000fa
:020000040102f7
:1065080010b5054c0022227040f201114020f9f725
:0c651800b5fd606010bd00bf64000020f5
:020000040000fa
:020000040102f7
:10652400054b5a78824205d09b7883420cbf0120e8
:0c653400022070470020704782340120d4
:020000040000fa
:020000040102f7
:1065400008b5fcf7c5fc28b9034b4ff0ff321a60c1
:0c6550001a71187008bd00bf82340120d1
:020000040000fa
:020000040102f7
:10655c00d5b20001494f0201f1530201e14a010198
:0c656c007135020141650201f57e02015b
:020000040000fa
:020000040102f7
:10657800054b1b6893f821300bb903707047022b49
:0c6588000cbf03230123f8e79c00002057
:020000040000fa
:020000040102f7
:1065940008b50089fef75efa30b1c36d23b1082156
:0c65a400bde80840f3f78aba012008bdea
:020000040000fa
:020000040102f7
:1065b00010b50446008901f0cefc28b1e1682089bd
:0c65c000bde81040fef7f6ba042010bd44
:020000040000fa
:020000040102f7
:1065cc0010b50446f9f78afe034b1b689c82e9f769
:0c65dc0099fd002010bd00bfa8000020a9
:020000040000fa
:020000040102f7
:1065e80010b50446008901f0b2fc28b1e1682089a1
:0c65f800bde81040faf7aeba042010bd58
:020000040000fa
:020000040102f7
:1066040010b50446008901f0a4fc28b1e168208992
:0c661400bde81040f6f729b8042010bdc6
:020000040000fa
:020000040102f7
:1066200010b50c46f8f7befc2378ff2b16bf024bc3
:0c663000012033f8100010bdf8a9010192
:020000040000fa
:020000040102f7
:10663c0008b5faf7d1fb18b9bde8084001f07ab8f3
:0c664c00014b33f8100008bdf8a9010153
:020000040000fa
:020000040102f7
:1066580010b50f230022c45c42ea4402ca54c25c4b
:0c66680013f1ff334fead212f5d210bd3f
:020000040000fa
:020000040102f7
:10667400054b187029b10a68c3f801208a88a3f869
:0c6684000520f9f7f5ba00bfcc0000209b
:020000040000fa
:020000040102f7
:1066900007b501a801f05ff9034a019813780133a7
:0c66a000137003b05df804fbc635012048
:020000040000fa
:020000040102f7
:1066ac00054b1a6842f440721a601a68d105fcd482
:0c66bc001a689205f9d47047103e0141a5
:020000040000fa
:020000040102f7
:1066c800054b1b68586800b9704790f8f8300bb94b
:0c66d8000068f8e701207047f000002087
:020000040000fa
:020000040102f7
:1066e4004144563a7265736368446573632c61640c
:0c66f40076457674547970653d2564008d
:020000040000fa
:020000040102f7
:1067000000b593b05723adf800300388adf80430de
:0c6710006846fdf7e7f813b05df804fbe5
:020000040000fa
:020000040102f7
:10671c00434d443a4c746b5265714e6567526570cb
:0c672c006c792c48646c3d3078257800b6
:020000040000fa
:020000040102f7
:10673800034b1860034b1960034b1a60704700bf86
:0c6748006835012060350120f4000020bd
:020000040000fa
:020000040102f7
:106754004a7890f8f23062f3041380f8f2308b78c0
:0c67640080f84831cb7880f8493170474c
:020000040000fa
:020000040102f7
:10677000054b1a68c30800f00700d35c23fa00f049
:0c67800000f00100704700bf0001002085
:020000040000fa
:020000040102f7
:10678c0010b5fff7e3f900231a4603490220bde8d0
:0c679c001040f7f77db800bf01070100b6
:020000040000fa
:020000040102f7
:1067a80007b50422019001ab03490220f7f772f8fc
:0c67b80003b05df804fb00bf8106010087
:020000040000fa
:020000040102f7
:1067c40007b50422019001ab03490220f7f764f8ee
:0c67d40003b05df804fb00bf820601006a
:020000040000fa
:020000040102f7
:1067e000c0f3080310f4007f40f271224fea9020ba
:0c67f00002fb003018bf00f59c707047e1
:020000040000fa
:020000040102f7
:1067fc00054b0268c3f8362082885a875a6e61f3bb
:0c680c0059625a66704700bf003301411a
:020000040000fa
:020000040102f7
:10681800054bd3f8682f60f31242c3f8682fd3f8fa
:0c682800700f00f00100704700240141d7
:020000040000fa
:020000040102f7
:1068340070b5054601f060fa446834b10023294676
:0c684400a4461a46bde87040604770bdd5
:020000040000fa
:020000040102f7
:1068500008b5044801f086f90348bde8084001f096
:0c68600087b900bf35680201e9a80101fa
:020000040000fa
:020000040102f7
:10686c0010b5044b044800241c6001f077fa204654
:0c687c0010bd00bf9c350120192c01014b
:020000040000fa
:020000040102f7
:10688800836fca6843f002038367438f9b000367e3
:0c689800528803eb8203c0e91c317047fa
:020000040000fa
:020000040102f7
:1068a40007b50422019001ab03490120f6f7f4ff78
:0c68b40003b05df804fb00bff10401011b
:020000040000fa
:020000040102f7
:1068c00030b501390024a24206d0035d01340d5dcc
:0c68d000ab42f8d0581b00e0002030bda7
:020000040000fa
:020000040102f7
:1068dc005ab110b40a44431e11f8014b03f8014f8e
:0c68ec009142f9d15df8044b70477047f1
:020000040000fa
:020000040102f7
:1068f80050b140f21d42b0fa80f1521a8840c30ae2
:0c690800400503eb02517047010070478e
:020000040000fa
:020000040102f7
:106914004c32433a446174612073656e642c726531
:0b6924006a20727370206661696c00cd
:020000040000fa
:020000040102f7
:10692f00434d443a536574416476456e61626c65bc
:0b693f002c656e61626c653d256400f4
:020000040000fa
:020000040102f7
:10694a00434d443a5265616452656d6f746554787b
:0b695a00506f7765724c6576656c002d
:020000040000fa
:020000040102f7
:10696500434d443a5365745363616e527370446189
:0a69750074612c6c656e3d25640012
:020000040000fa
:020000040102f7
:10698000428fb0f850305343828f02fb0333b3eb96
:0a699000c10fccbf12200020704799
:020000040000fa
:020000040102f7
:10699a0038b50d4614460021182200f01afd40f2bf
:0a69aa000112c5600281448138bd6e
:020000040000fa
:020000040102f7
:1069b40010b5837904461bb1c06808b101f0dffa51
:0a69c4002046bde8104001f0dabae9
:020000040000fa
:020000040102f7
:1069ce001fb5cde90101039201ab0c22002102207b
:0a69de00f6f75dff05b05df804fb5d
:020000040000fa
:020000040102f7
:1069e800434d443a53657444656661756c745375d8
:0969f8006272617465436d640074
:020000040000fa
:020000040102f7
:106a01000101020102010502010602020201020165
:096a110001010101020602010667
:020000040000fa
:020000040102f7
:026a1a00050075
:020000040000fa
:020000040102f7
:106a1c0008b5034b18600348dcf79cf808bd00bfb1
:086a2c009c3401209964020171
:020000040000fa
:020000040102f7
:106a340008b518b1012804d0002008bd00f006fef6
:086a4400fae7fff777faf7e724
:020000040000fa
:020000040102f7
:106a4c0008b500231a4619460068e9f747f90128ea
:086a5c0014bf0020012008bd59
:020000040000fa
:020000040102f7
:106a640003680bb10020704710b504460120fef7ff
:086a7400e9fd2060012010bdc6
:020000040000fa
:020000040102f7
:106a7c0008b500231a4619460068e9f72ff90128d2
:086a8c0014bf0020012008bd29
:020000040000fa
:020000040102f7
:106a940010b50446084611460022f9f7f1fa2060c1
:086aa400003018bf012010bdf5
:020000040000fa
:020000040102f7
:106aac0008b5044b1b681bb1024b58681b68984710
:086abc0008bd00bf2c340120cd
:020000040000fa
:020000040102f7
:106ac400044a138843f002031380136913f0020f7e
:086ad400fbd1704700000142f4
:020000040000fa
:020000040102f7
:106adc00044a9368d06883423ebf024a12699b18ed
:086aec00181a704790310120d7
:020000040000fa
:020000040102f7
:106af400044bd86a9b6a984282bf024a126b9b1865
:086b0400181a704790310120be
:020000040000fa
:020000040102f7
:106b0c0005ab0101f56a02016d700201095001012a
:086b1c003f7e020181700201bd
:020000040000fa
:020000040102f7
:106b240000b583b0002301930a4601a9ebf754fe94
:086b3400019803b05df804fbb9
:020000040000fa
:020000040102f7
:106b3c00034b1b680360034b1b684360704700bf2b
:086b4c00f434012000350120a2
:020000040000fa
:020000040102f7
:106b5400817602017176020115cd01013b790201b2
:086b6400e9230201ad7d0201ed
:020000040000fa
:020000040102f7
:106b6c00042806d8034b00f1804001381b6843f819
:086b7c002010704718350120bc
:020000040000fa
:020000040102f7
:106b8400044a136803605368436093688360d3685e
:086b9400c3607047b00000204f
:020000040000fa
:020000040102f7
:106b9c00044a036813604368536083689360c36856
:086bac00d3607047b000002027
:020000040000fa
:020000040102f7
:106bb400034b1b780370034b1b780b70704700bfab
:086bc400d5000020d3000020e1
:020000040000fa
:020000040102f7
:106bcc004d454d2c416c6c6f63206661696c65643e
:086bdc002c6c656e3d25640080
:020000040000fa
:020000040102f7
:106be40018b9034b43f821207047024bfae700bf62
:086bf40064340120c4320120c9
:020000040000fa
:020000040102f7
:106bfc00044b4ff080521a60bff34f8fbff36f8f6f
:086c0c00704700bf04ed00e039
:020000040000fa
:020000040102f7
:106c1400044b4ff00072c3f80421bff34f8fbff34e
:086c24006f8f704700e100e0f2
:020000040000fa
:020000040102f7
:106c2c008b784a781b0403eb02230a781344ca7846
:086c3c0003eb026303607047e3
:020000040000fa
:020000040102f7
:106c440010b5044c2468c4e90612c4f88400236215
:086c540010bd00bf58350120fe
:020000040000fa
:020000040102f7
:106c5c00d0f8443158567e2804bf024b93f90100fa
:086c6c00704700bfaa010020df
:020000040000fa
:020000040102f7
:106c7400434d443a436c72574c004552523a737434
:086c8400617475733d25640085
:020000040000fa
:020000040102f7
:106c8c00044ad2e90231994238bf01f20161cb1ab0
:086c9c00136170472c01002078
:020000040000fa
:020000040102f7
:106ca4000138c0b206289abf024b185c4ff4fa7040
:086cb400704700bfe77e0201fa
:020000040000fa
:020000040102f7
:106cbc0008b50146406800f0c5fd20b98868bde8fc
:086ccc00084000f0bfbd08bd47
:020000040000fa
:020000040102f7
:106cd40008b5044b00221a70f5f774fabde80840b1
:086ce400f1f794bfca3501204d
:020000040000fa
:020000040102f7
:106cec0008b503790c2b05d183681868ecf724fbe5
:086cfc00012008bd0020fce7a7
:020000040000fa
:020000040102f7
:106d0400024a03490348fff715bd00bfed6c0201b9
:086d14003d4f0001a1ae010199
:020000040000fa
:020000040102f7
:106d1c0030b143785b0705d5c36d0b60002070471d
:086d2c000120704702207047ae
:020000040000fa
:020000040102f7
:106d3400044b1a68d36c0bb104207047d064184616
:086d4400704700bf9801002018
:020000040000fa
:020000040102f7
:106d4c0008b503783bb94088fdf754fa18b1012314
:086d5c00037280f83c3008bd11
:020000040000fa
:020000040102f7
:106d64000246044b0068516803c39068d16803c3aa
:086d7400704700bfa03401418b
:020000040000fa
:020000040102f7
:106d7c00044b1a6822f073021a601a6842f00c0273
:086d8c001a607047283a01412a
:020000040000fa
:020000040102f7
:106d940010f11d0f06da503104db002a0cbf11205c
:086da400002070471120704728
:020000040000fa
:020000040102f7
:106dac0007b50422019001ab41f483310020f6f7c2
:086dbc006ffd03b05df804fb5c
:020000040000fa
:020000040102f7
:106dc400037b1bb190f92700f8f742b9014b93f903
:086dd4000000f9e7aa0100200c
:020000040000fa
:020000040102f7
:106ddc00037a042b0cbf024b024b1b68184700bff5
:086dec003c3801204038012071
:020000040000fa
:020000040102f7
:106df40008b590f8f4309b0704d5fa30fcf70afa8a
:086e04000439c9b2084608bdbb
:020000040000fa
:020000040102f7
:106e0c0003783bb1034600bf13f8012f002afbd1d6
:086e1c00181a70471846704770
:020000040000fa
:020000040102f7
:106e240010b50446eaf7a0f82046def79bfa2046a0
:066e3400e6f776fd10bd3b
:020000040000fa
:020000040102f7
:106e3a0008b510b1012803d008bde8f7e4f8fbe76c
:066e4a0000f037f9f8e743
:020000040000fa
:020000040102f7
:106e500010b5044608681146fff764fe2060003054
:066e600018bf012010bd67
:020000040000fa
:020000040102f7
:106e660010b50446fff765f8a46b00f024f9b4faf0
:066e760084f0400910bd8c
:020000040000fa
:020000040102f7
:106e7c0000f1080343604ff0ff328260c36003618e
:066e8c00002303607047c3
:020000040000fa
:020000040102f7
:106e92000389b3f5706f04d2418911b11846f8f72e
:066ea200c0be0320704792
:020000040000fa
:020000040102f7
:106ea80003460089b0f5706f03d2d3e90312f7f7f0
:066eb800cfb90320704772
:020000040000fa
:020000040102f7
:106ebe00036833b100201b68013080b2002bfad179
:066ece00704718467047f2
:020000040000fa
:020000040102f7
:106ed40010b50a685478137803eb042303800b6815
:066ee40002330b6010bd3b
:020000040000fa
:020000040102f7
:106eea0010b503680024d3f86801c3f86c41f1f7c0
:066efa0030fa204610bd35
:020000040000fa
:020000040102f7
:106f0000434d443a5365744578745363616e5273cc
:066f100070446174610091
:020000040000fa
:020000040102f7
:106f1600434d443a536574416476446174612c6c04
:066f2600656e3d256400cc
:020000040000fa
:020000040102f7
:106f2c00434d443a5375627261746552657175656f
:066f3c007374436d640054
:020000040000fa
:020000040102f7
:106f420090f8e22032b990f8e430213b012b01d9cc
:066f5200faf77dbb704759
:020000040000fa
:020000040102f7
:106f580010b5044600f012f820b12046bde81040f4
:066f6800fdf79abc10bd0c
:020000040000fa
:020000040102f7
:106f6e00022310b580f8e2300446faf748fb08b960
:066f7e0084f8e20010bde2
:020000040000fa
:020000040102f7
:106f840090f8e2302bb990f8e400b0fa80f04009b0
:066f940070470020704769
:020000040000fa
:020000040102f7
:106f9a0003681bb119791a6811b102601846704763
:066faa0018461346f5e74e
:020000040000fa
:020000040102f7
:106fb00008b50b7913f0300f0cbf0430083000f027
:066fc000fbfc002008bdef
:020000040000fa
:020000040102f7
:106fc60007b50422019001ab01210220f6f763fc0c
:066fd60003b05df804fbae
:020000040000fa
:020000040102f7
:106fdc0040f271224000b0fbf2f302fb13005b02a3
:066fec0043ea500070476b
:020000040000fa
:020000040102f7
:106ff2004d6963726f636869702d42696742756398
:057002006b4144445203
:020000040000fa
:020000040102f7
:10700700434d443a53657444656661756c745068c2
:0570170079436d6400e7
:020000040000fa
:020000040102f7
:10701c0010b50446084600f009fd2060003018bf8a
:04702c00012010bd72
:020000040000fa
:020000040102f7
:1070300008b509680068fef7b5f9012814bf0020fb
:04704000012008bd66
:020000040000fa
:020000040102f7
:1070440008b500230068e8f74dfe012814bf0020ae
:04705400012008bd52
:020000040000fa
:020000040102f7
:1070580008b5034b186b0021fcf7eefe08bd00bf16
:0470680000060044da
:020000040000fa
:020000040102f7
:10706c0010b5034b1c6bfff73ffd013c201a10bd04
:04707c00903101202e
:020000040000fa
:020000040102f7
:1070800010b5034b1c69fff729fd013c201a10bd08
:04709000903101201a
:020000040000fa
:020000040102f7
:1070940008b54ff0ff31083000f0f3f9003018bfa5
:0470a400012008bd02
:020000040000fa
:020000040102f7
:1070a800dff80c00016841f47001016070470000ce
:0470b80088ed00e07f
:020000040000fa
:020000040102f7
:1070bc00034a1368013b13600bb983f311887047c3
:0470cc003038012037
:020000040000fa
:020000040102f7
:1070d000034b186810b1836c01338364704700bfa1
:0470e000cc3401208b
:020000040000fa
:020000040102f7
:1070e4004578742041647620456e61626c65640d58
:0470f4000a0000bfcf
:020000040000fa
:020000040102f7
:1070f8000389b3f5706f03d2c1681846f8f7a6b9cb
:0471080003207047a9
:020000040000fa
:020000040102f7
:10710c000389b3f5706f03d2c1681846f7f794bec4
:04711c000320704795
:020000040000fa
:020000040102f7
:10712000034b1b6853f82030104653f821301847a2
:0471300008350120fd
:020000040000fa
:020000040102f7
:1071340010b504460621f6f743fa637903f03f03da
:04714400637110bda6
:020000040000fa
:020000040102f7
:1071480008b5034b1b689b689847002008bd00bf23
:04715800a000002073
:020000040000fa
:020000040102f7
:10715c00034b53f82030104653f82130184700bf2a
:04716c004c3401207e
:020000040000fa
:020000040102f7
:107170001346427a12b1827ad20702d45222e9f738
:0471800055be704741
:020000040000fa
:020000040102f7
:1071840008b5eef783f8024b33f8100008bd00bfd2
:04719400f8a9010154
:020000040000fa
:020000040102f7
:1071980008b5fbf725ff024b33f8100008bd00bf08
:0471a800f8a9010140
:020000040000fa
:020000040102f7
:1071ac0008b5fbf7fffe024b33f8100008bd00bf1b
:0471bc00f8a901012c
:020000040000fa
:020000040102f7
:1071c00008b500f01dfd024b33f8100008bd00bfec
:0471d000f8a9010118
:020000040000fa
:020000040102f7
:1071d40008b5f7f7b9fe024b33f8100008bd00bf3d
:0471e400f8a9010104
:020000040000fa
:020000040102f7
:1071e80008b5f8f7bbfd024b33f8100008bd00bf27
:0471f800f8a90101f0
:020000040000fa
:020000040102f7
:1071fc0008b5f1f75bf8024b33f8100008bd00bf7f
:04720c00f8a90101db
:020000040000fa
:020000040102f7
:1072100030b50023c45ccd5c6c40d4540133102bda
:04722000f8d130bdb4
:020000040000fa
:020000040102f7
:1072240000230b60036813b9016041607047436831
:047234001960fae7fc
:020000040000fa
:020000040102f7
:107238004d53472c476574206661696c2c6c656eec
:047248003d2564007c
:020000040000fa
:020000040102f7
:10724c005359530000484f5354004c484349004c89
:04725c004c000000e2
:020000040000fa
:020000040102f7
:1072600001390244824200d1704711f8013f02f80f
:04727000013df7e7fe
:020000040000fa
:020000040102f7
:1072740038b50c4609681546fff72efb22682a44e8
:04728400226038bd8f
:020000040000fa
:020000040102f7
:1072880038b5044600681546fff724fb22682a44ef
:04729800226038bd7b
:020000040000fa
:020000040102f7
:10729c00544d522c53746f70206e756c6c20696e4b
:0472ac007075740085
:020000040000fa
:020000040102f7
:1072b00090f8e2309b065abf90f8e400c0f340100b
:0472c00001207047f2
:020000040000fa
:020000040102f7
:1072c4000138c0b207289abf014b185cff207047f1
:0472d400a87e02018d
:020000040000fa
:020000040102f7
:1072d800034b1b6853f8022f02609b88838070471a
:0472e800fc00002086
:020000040000fa
:020000040102f7
:1072ec00034b1878072894bf00200120704700bf7b
:0472fc00c835012070
:020000040000fa
:020000040102f7
:1073000008b5102000f03bfe18b100238380837184
:04731000c36008bd91
:020000040000fa
:020000040102f7
:10731400534d503a47656e206b65792c6634206670
:0473240061696c002f
:020000040000fa
:020000040102f7
:10732800534d503a47656e206b65792c663520665b
:0473380061696c001b
:020000040000fa
:020000040102f7
:10733c00534d503a47656e206b65792c6636206646
:04734c0061696c0007
:020000040000fa
:020000040102f7
:10735000534d503a47656e206b65792c6732206635
:0473600061696c00f3
:020000040000fa
:020000040102f7
:10736400034b53f82030104653f82130184700bf20
:04737400743401204c
:020000040000fa
:020000040102f7
:10737800034b1b681878a0f1ff0358425841704727
:04738800a40100203c
:020000040000fa
:020000040102f7
:10738c00034b1b681878b0fa80f04009704700bfb7
:04739c00a401002028
:020000040000fa
:020000040102f7
:1073a000034b0a681a600a791a710020704700bfff
:0473b000c9010020ef
:020000040000fa
:020000040102f7
:1073b40008b5d0f8cc0000f0b3fd0a289cbf01301a
:0473c400c0b208bd8e
:020000040000fa
:020000040102f7
:1073c800dd75020141640201df7f0201df7f0201f6
:0473d800df7f020150
:020000040000fa
:020000040102f7
:1073dc0032b1c9b20244034603f8011b9342fbd1fc
:0473ec00704700bf27
:020000040000fa
:020000040102f7
:1073f000034600bf11f8012b184603f8012b002aa1
:04740000f8d1704708
:020000040000fa
:020000040102f7
:107404000102000000000000000000000000000075
:0374140004040469
:020000040000fa
:020000040102f7
:10741700434d443a536574486f7374466561747598
:037427007265008b
:020000040000fa
:020000040102f7
:10742a00434d443a536574525041544f2c544f3d86
:03743a00256400c6
:020000040000fa
:020000040102f7
:10743d004348433a616464205265712c496e763d30
:03744d00256400b3
:020000040000fa
:020000040102f7
:1074500008b50378122b00d008bd406800f0ebfca3
:02746000fae749
:020000040000fa
:020000040102f7
:1074620008b50068e9f75bf8012814bf0020012085
:0274720008bd53
:020000040000fa
:020000040102f7
:1074740008b5006800f032f8ff2828bfff20c0b22a
:0274840008bd41
:020000040000fa
:020000040102f7
:1074860008b50068e9f749f8012814bf0020012073
:0274960008bd2f
:020000040000fa
:020000040102f7
:1074980008b50068ebf79ef9012814bf0020012009
:0274a80008bd1d
:020000040000fa
:020000040102f7
:1074aa0008b5006800f036fa012814bf0020012050
:0274ba0008bd0b
:020000040000fa
:020000040102f7
:1074bc004ff0200383f31188bff36f8fbff34f8f0f
:0274cc00fee7d9
:020000040000fa
:020000040102f7
:1074ce004ff0200383f31188bff36f8fbff34f8ffd
:0274de00fee7c7
:020000040000fa
:020000040102f7
:1074e00010b50446fef728fda46bfff7e7fd204624
:0274f00010bdcd
:020000040000fa
:020000040102f7
:1074f2000368002003b970471a7b1b68104480b2ee
:02750200f8e7a8
:020000040000fa
:020000040102f7
:1075040010b50446f4f7d2f810b1052384f8e2303c
:0275140010bda8
:020000040000fa
:020000040102f7
:1075160010b50446f9f7d3fb10b1132384f8e23013
:0275260010bd96
:020000040000fa
:020000040102f7
:1075280010b50446fef7c3fb10b1032384f8e2301c
:0275380010bd84
:020000040000fa
:020000040102f7
:10753a00012805d0022803d0042814bf0120032003
:02754a00704788
:020000040000fa
:020000040102f7
:10754c00434d443a5264416476412c68646c3d2549
:02755c006400c9
:020000040000fa
:020000040102f7
:10755e000346006820b102681a600ab95b60704782
:02756e00704764
:020000040000fa
:020000040102f7
:1075700010b50446f8f7dcfa10b1122384f8e230b3
:0275800010bd3c
:020000040000fa
:020000040102f7
:1075820010b5841a64024cbf501ac01ac0f380505e
:0275920010bd2a
:020000040000fa
:020000040102f7
:1075940000010200020101000201020002000102d6
:0275a4000100e4
:020000040000fa
:020000040102f7
:1075a60008b50b460022c1b21846fff714fc0020ae
:0275b60008bd0e
:020000040000fa
:020000040102f7
:1075b80090f86c3090f8f42062f3451380f86c3042
:0275c80070470a
:020000040000fa
:020000040102f7
:1075ca0010b50446f5f7fbfa2046bde81040faf775
:0275da0018bdda
:020000040000fa
:020000040102f7
:1075dc000a440023914201d10020704701f8013b7d
:0275ec00f8e7be
:020000040000fa
:020000040102f7
:1075ee00434d443a47656e5075624b6579436d6401
:0175fe00008c
:020000040000fa
:020000040102f7
:1076000008b5edf789fff7f765f8fcf749fc08bd09
:020000040000fa
:020000040102f7
:1076100008234ff08842536002f5285253607047a8
:020000040000fa
:020000040102f7
:10762000024b1868c0f3c030704700bf000600442a
:020000040000fa
:020000040102f7
:1076300010b9024b1879704703207047203401209d
:020000040000fa
:020000040102f7
:10764000424c45004150505f5461736b730000bf62
:020000040000fa
:020000040102f7
:10765000024a136801331360704700bfe034012011
:020000040000fa
:020000040102f7
:107660001f1f1c1c181814141414141414141414ac
:020000040000fa
:020000040102f7
:10767000806803781f2b01d8faf76abf0320704790
:020000040000fa
:020000040102f7
:10768000806803781f2b01d8faf744bf03207047a6
:020000040000fa
:020000040102f7
:10769000024b1b68d3f88431184700bf9c000020c0
:020000040000fa
:020000040102f7
:1076a000024b1b68d3f88831184700bf9c000020ac
:020000040000fa
:020000040102f7
:1076b000024b1b68d3f89031184700bf9c00002094
:020000040000fa
:020000040102f7
:1076c000024b1b68d3f87831184700bf9c0000209c
:020000040000fa
:020000040102f7
:1076d000024b1b68d3f89431184700bf9c00002070
:020000040000fa
:020000040102f7
:1076e000024b1b68d3f87c31184700bf9c00002078
:020000040000fa
:020000040102f7
:1076f000024b1b68d3f89831184700bf9c0000204c
:020000040000fa
:020000040102f7
:10770000024b1b6843f82010704700bf083501206a
:020000040000fa
:020000040102f7
:1077100008b500231a461946f2f76af8c0b208bd48
:020000040000fa
:020000040102f7
:10772000024b104653f82130184700bf443702017e
:020000040000fa
:020000040102f7
:1077300008b5fcf7fdfb08b1407908bd1020fce757
:020000040000fa
:020000040102f7
:1077400008b5024800f025fc002008bd75060101bf
:020000040000fa
:020000040102f7
:10775000000001000300010001000100010002001f
:020000040000fa
:020000040102f7
:1077600003681bb11a68026002b94260184670478c
:020000040000fa
:020000040102f7
:10777000024b1a8860f308221a807047183e0141b4
:020000040000fa
:020000040102f7
:10778000024b1a8860f349221a807047183e014163
:020000040000fa
:020000040102f7
:10779000037cf02b01d100f04bba90f84000704709
:020000040000fa
:020000040102f7
:1077a000024b16301b6843f82010704758350120f3
:020000040000fa
:020000040102f7
:1077b000024b1b6803eb8000416270475835012083
:020000040000fa
:020000040102f7
:1077c000024b01221a700020704700bfe501002023
:020000040000fa
:020000040102f7
:1077d000c37d13b90321ecf71bb81021ecf770be81
:020000040000fa
:020000040102f7
:1077e000024b1b6883f82700704700bffc00002095
:020000040000fa
:020000040102f7
:1077f000024b1b6883f82800704700bffc00002084
:020000040000fa
:020000040102f7
:10780000024b1b6893f82700704700bffc00002064
:020000040000fa
:020000040102f7
:10781000024b1b6893f82800704700bffc00002053
:020000040000fa
:020000040102f7
:10782000024b1b6893f82e00704700bffc0000203d
:020000040000fa
:020000040102f7
:10783000024b1878b0fa80f040097047c835012033
:020000040000fa
:020000040102f7
:10784000434d443a47656e44684b6579436d640027
:020000040000fa
:020000040102f7
:1078500028b1028943899a4201d10068f8e770474c
:020000040000fa
:020000040102f7
:1078600008b5fff713fa014808bd00bf2c0100203e
:020000040000fa
:020000040102f7
:1078700008b51c2000f083fb08b10223037308bd88
:020000040000fa
:020000040102f7
:1078800008b5182000f07bfb08b10123037308bd85
:020000040000fa
:020000040102f7
:10789000434d443a5265616452737369436d6400a9
:020000040000fa
:020000040102f7
:1078a000024b1b6893f83c02704700bf8801002020
:020000040000fa
:020000040102f7
:1078b000024b1b68db6c03b118477047980100202e
:020000040000fa
:020000040102f7
:1078c000024b1b68d86000f042bb00bf980100204b
:020000040000fa
:020000040102f7
:1078d000be83605adb0b376038a5f5aa9183886cac
:020000040000fa
:020000040102f7
:1078e00090f8f430db0702d5f530fbf795bc704714
:020000040000fa
:020000040102f7
:1078f000c38f428fdb00b3fbf2f3c0e92433704740
:020000040000fa
:020000040102f7
:0f79000000010203030405050607070707070830
:020000040000fa
:020000040102f7
:0f790f00434d443a52656164506879436d64009a
:020000040000fa
:020000040102f7
:0e791e00836bc06b984214bf0020012070479d
:020000040000fa
:020000040102f7
:0e792c0008b50020e7f740f9f7f792fcfce7fa
:020000040000fa
:020000040102f7
:0e793a00037a4189181c18bf0120f5f79ebc86
:020000040000fa
:020000040102f7
:0e794800827a90f9091090f90800fff73fbc11
:020000040000fa
:020000040102f7
:0e795600eff31083036072b6bff35f8f7047cc
:020000040000fa
:020000040102f7
:0e7964000b681b7803700b6801330b607047d3
:020000040000fa
:020000040102f7
:0e797200434d443a436c724164765365740091
:020000040000fa
:020000040102f7
:0e7980000300020000040000000000000001ef
:020000040000fa
:020000040102f7
:0e798e0000230b6043684b6019604160704736
:020000040000fa
:020000040102f7
:0e799c00434d443a526561645478507772004e
:020000040000fa
:020000040102f7
:0e79aa004556543a69643d30782530347800f3
:020000040000fa
:020000040102f7
:0e79b800036813b90160184670471846f8e7d7
:020000040000fa
:020000040102f7
:0e79c6000707111102110b11081102411102e5
:020000040000fa
:020000040102f7
:0e79d4000238012802d80846f1f7b6bc704709
:020000040000fa
:020000040102f7
:0e79e20010b50446fff769f9c4f8ac0010bdfb
:020000040000fa
:020000040102f7
:0c79f000706963333263782d627a3600d0
:020000040000fa
:020000040102f7
:0c79fc00014b1870002070472b2e01205a
:020000040000fa
:020000040102f7
:0c7a0800014b01221a7070472b2e012048
:020000040000fa
:020000040102f7
:0c7a140008b50421fcf712fa012008bd9f
:020000040000fa
:020000040102f7
:0c7a200000000000040000000000000056
:020000040000fa
:020000040102f7
:0c7a2c009c5b0101bc4602010000000050
:020000040000fa
:020000040102f7
:0c7a380008b500220421f8f721fb08bd6e
:020000040000fa
:020000040102f7
:0c7a4400014b1868704700bfd8340120c7
:020000040000fa
:020000040102f7
:0c7a5000014b01221a6070470435012030
:020000040000fa
:020000040102f7
:0c7a5c00d0e90423c1680089fcf7ebbcf2
:020000040000fa
:020000040102f7
:0c7a6800014b1b685b681847a000002061
:020000040000fa
:020000040102f7
:0c7a7400014b1b68184700bfa400002055
:020000040000fa
:020000040102f7
:0c7a80008368187808b1eaf7e7bb70478c
:020000040000fa
:020000040102f7
:0c7a8c000146014800f079ba32320120b6
:020000040000fa
:020000040102f7
:0c7a9800014bb3f8010070478734012057
:020000040000fa
:020000040102f7
:0c7aa400014bb3f8010070478c34012046
:020000040000fa
:020000040102f7
:0c7ab000014b33f8200070470c3501201a
:020000040000fa
:020000040102f7
:0c7abc00014b1b6858607047103501201a
:020000040000fa
:020000040102f7
:0c7ac800014b1b689860704710350120ce
:020000040000fa
:020000040102f7
:0c7ad4000148fff7f7bf00bf29b801010f
:020000040000fa
:020000040102f7
:0c7ae000014b1860704700bf14350120f6
:020000040000fa
:020000040102f7
:0c7aec00014b93f900007047c50000201a
:020000040000fa
:020000040102f7
:0c7af800014b93f900007047d4000020ff
:020000040000fa
:020000040102f7
:0c7b0400014b1878704700bfc40000203f
:020000040000fa
:020000040102f7
:0c7b1000014b1878704700bfc035012001
:020000040000fa
:020000040102f7
:0c7b1c00014b1860704700bf3c35012091
:020000040000fa
:020000040102f7
:0c7b2800014b1860704700bf3835012089
:020000040000fa
:020000040102f7
:0c7b3400014b1878704700bfc2350120db
:020000040000fa
:020000040102f7
:0c7b4000014b1870704700bfc2350120d7
:020000040000fa
:020000040102f7
:0c7b4c00014b00221a707047c135012067
:020000040000fa
:020000040102f7
:0c7b5800014b1878704700bfc1350120b8
:020000040000fa
:020000040102f7
:0c7b6400014b1860704700bf4c35012039
:020000040000fa
:020000040102f7
:0c7b7000014b1860704700bf5035012029
:020000040000fa
:020000040102f7
:0c7b7c00bff35f8f036883f3108870472d
:020000040000fa
:020000040102f7
:0c7b8800014b1878704700bfc535012084
:020000040000fa
:020000040102f7
:0c7b94004a780b7803eb02230380704753
:020000040000fa
:020000040102f7
:0c7ba0000368197003680133036070472c
:020000040000fa
:020000040102f7
:0c7bac000368198003680233036070470f
:020000040000fa
:020000040102f7
:0c7bb80003681960036804330360704721
:020000040000fa
:020000040102f7
:0c7bc400014b1b68186070475835012009
:020000040000fa
:020000040102f7
:0c7bd000014b1b685860704758350120bd
:020000040000fa
:020000040102f7
:0c7bdc00014b1b68986070475835012071
:020000040000fa
:020000040102f7
:0c7be800014b1b68d86070475835012025
:020000040000fa
:020000040102f7
:0c7bf400006810b1037c8b42fad170478e
:020000040000fa
:020000040102f7
:0c7c0000014b002018707047e5010020c7
:020000040000fa
:020000040102f7
:0c7c0c00014b1860704700bf6c35012070
:020000040000fa
:020000040102f7
:0c7c1800014b43f820107047603201203f
:020000040000fa
:020000040102f7
:0c7c2400014b1b68186570470001002030
:020000040000fa
:020000040102f7
:0c7c3000014b1b68187a7047fc00002014
:020000040000fa
:020000040102f7
:0c7c3c00014b1b68988c7047fc00002076
:020000040000fa
:020000040102f7
:0c7c4800014b1b6858637047fc000020d3
:020000040000fa
:020000040102f7
:0c7c5400014b1b6898637047fc00002087
:020000040000fa
:020000040102f7
:0c7c6000014bc3e907007047e837012022
:020000040000fa
:020000040102f7
:0c7c6c00014b1b68d8637047fc0000202f
:020000040000fa
:020000040102f7
:0c7c7800014b1b6818647047fc000020e2
:020000040000fa
:020000040102f7
:0c7c8400014b1b6858647047fc00002096
:020000040000fa
:020000040102f7
:0c7c9000014b1b6858657047fc00002089
:020000040000fa
:020000040102f7
:0c7c9c00014b1b6818667047fc000020bc
:020000040000fa
:020000040102f7
:0c7ca800014b1878704700bfc835012060
:020000040000fa
:020000040102f7
:0c7cb400014b1860704700bf1c0100204d
:020000040000fa
:020000040102f7
:0c7cc000014b1860704700bf70350120b8
:020000040000fa
:020000040102f7
:0c7ccc00014b01221a6070477435012042
:020000040000fa
:020000040102f7
:0c7cd800014b00221a6070477435012037
:020000040000fa
:020000040102f7
:0c7ce40008b5def721fdc0f3870008bde5
:020000040000fa
:020000040102f7
:0c7cf000014b1860704700bf8c010020a1
:020000040000fa
:020000040102f7
:0c7cfc00014b1868704700bf8c0100208d
:020000040000fa
:020000040102f7
:0c7d0800014b43f8201070477434012038
:020000040000fa
:020000040102f7
:0c7d1400014b1b6858787047a401002048
:020000040000fa
:020000040102f7
:0c7d2000014b1865704700bf00240141b2
:020000040000fa
:020000040102f7
:0c7d2c00014b1860704700bfc40100202c
:020000040000fa
:020000040102f7
:0c7d3800014b1860704700bf943501201b
:020000040000fa
:020000040102f7
:0c7d4400014b1860704700bf9035012013
:020000040000fa
:020000040102f7
:0c7d5000014b1860704700bf98350120ff
:020000040000fa
:020000040102f7
:0c7d5c00014b43f8201070473432012026
:020000040000fa
:020000040102f7
:0c7d6800014b1860704700bfd4010020e0
:020000040000fa
:020000040102f7
:0c7d7400014b1860704700bf4038012030
:020000040000fa
:020000040102f7
:0c7d800010b50446fff734fb204610bd90
:020000040000fa
:020000040102f7
:0b7d8c004552523a4c31364230730031
:020000040000fa
:020000040102f7
:0b7d97004552523a4c31364230730026
:020000040000fa
:020000040102f7
:0a7da20008b5fff79cfbc0b208bd56
:020000040000fa
:020000040102f7
:0a7dac00c168007a4a1cfef735bcde
:020000040000fa
:020000040102f7
:0a7db600c16890f90800fff7f6b964
:020000040000fa
:020000040102f7
:0a7dc000c16890f90800fff7e7b969
:020000040000fa
:020000040102f7
:0a7dca000a4601460220fdf700bd45
:020000040000fa
:020000040102f7
:0a7dd40000231a461946f1f709bd15
:020000040000fa
:020000040102f7
:0a7dde00427b017b8068f9f702bbcd
:020000040000fa
:020000040102f7
:0a7de800434d443a436c72524c00c4
:020000040000fa
:020000040102f7
:0a7df200307825782c3078257800d1
:020000040000fa
:020000040102f7
:0a7dfc0008b500f0c0f8002008bd33
:020000040000fa
:020000040102f7
:0a7e0600837843f010038370704787
:020000040000fa
:020000040102f7
:0a7e10000a4601460320fdf7ddbc21
:020000040000fa
:020000040102f7
:0a7e1a0000b9704700bf0138fae715
:020000040000fa
:020000040102f7
:0a7e2400836f43f4c0738367704757
:020000040000fa
:020000040102f7
:087e2e0008b5e9f712fb08bddd
:020000040000fa
:020000040102f7
:087e360008b5f0f716fd08bdc8
:020000040000fa
:020000040102f7
:087e3e0008b5fef74cfe08bd7b
:020000040000fa
:020000040102f7
:087e460008b5f3f732f9fce77f
:020000040000fa
:020000040102f7
:027e4e0005002d
:020000040000fa
:020000040102f7
:087e5000995f020121570201b4
:020000040000fa
:020000040102f7
:087e5800c168007afcf738b89c
:020000040000fa
:020000040102f7
:087e6000d0e90201f8f7d8badd
:020000040000fa
:020000040102f7
:087e6800003018bf0120704733
:020000040000fa
:020000040102f7
:087e7000d0e90201fef7a0b801
:020000040000fa
:020000040102f7
:087e7800504943333243580026
:020000040000fa
:020000040102f7
:087e80001182010179ca010120
:020000040000fa
:020000040102f7
:087e880013461222e8f7cebff9
:020000040000fa
:020000040102f7
:087e90004b7880f8e0307047e8
:020000040000fa
:020000040102f7
:087e98004b7880f8e1307047df
:020000040000fa
:020000040102f7
:087ea0008b7880f8e030704798
:020000040000fa
:020000040102f7
:087ea8000001ff02ffffff03d0
:020000040000fa
:020000040102f7
:087eb000456363446f6e650039
:020000040000fa
:020000040102f7
:087eb800c3680b60c160704754
:020000040000fa
:020000040102f7
:087ec000890841ea40207047e7
:020000040000fa
:020000040102f7
:087ec80000487047008401012d
:020000040000fa
:020000040102f7
:087ed0008168c088f7f7e8bae9
:020000040000fa
:020000040102f7
:087ed80083f00043e2f76ebbea
:020000040000fa
:020000040102f7
:077ee000009393936711006a
:020000040000fa
:020000040102f7
:077ee700fa96644b321e14f1
:020000040000fa
:020000040102f7
:067eee0000230361704750
:020000040000fa
:020000040102f7
:067ef400007afff777b9e8
:020000040000fa
:020000040102f7
:067efa008068faf740bfaa
:020000040000fa
:020000040102f7
:067f0000411cfaf761bb11
:020000040000fa
:020000040102f7
:067f06008068fff7fabfde
:020000040000fa
:020000040102f7
:067f0c00103000f036b851
:020000040000fa
:020000040102f7
:067f12000021faf7debcbd
:020000040000fa
:020000040102f7
:067f18000023dff7ddbad3
:020000040000fa
:020000040102f7
:067f1e000022e5f75cbb48
:020000040000fa
:020000040102f7
:067f240090f851007047c7
:020000040000fa
:020000040102f7
:067f2a00b0f8540070479e
:020000040000fa
:020000040102f7
:057f3000020500012a1a
:020000040000fa
:020000040102f7
:057f3500020300002a18
:020000040000fa
:020000040102f7
:057f3a000a0300002a0b
:020000040000fa
:020000040102f7
:057f3f000a1500292bca
:020000040000fa
:020000040102f7
:057f44000217002a2bca
:020000040000fa
:020000040102f7
:057f4900201200052ad2
:020000040000fa
:020000040102f7
:047f4e00faf787bff8
:020000040000fa
:020000040102f7
:047f5200f5f705be7c
:020000040000fa
:020000040102f7
:047f5600fdf72bbc4c
:020000040000fa
:020000040102f7
:047f5a00002070474c
:020000040000fa
:020000040102f7
:047f5e0000f010b867
:020000040000fa
:020000040102f7
:047f62000020704744
:020000040000fa
:020000040102f7
:047f6600f2f737bc3b
:020000040000fa
:020000040102f7
:047f6a00002070473c
:020000040000fa
:020000040102f7
:047f6e000020704738
:020000040000fa
:020000040102f7
:047f72000020704734
:020000040000fa
:020000040102f7
:047f76000020704730
:020000040000fa
:020000040102f7
:047f7a00002070472c
:020000040000fa
:020000040102f7
:047f7e00edf7a7bdb7
:020000040000fa
:020000040102f7
:047f8200fbf713bc3a
:020000040000fa
:020000040102f7
:047f860001807047bf
:020000040000fa
:020000040102f7
:047f8a0001607047db
:020000040000fa
:020000040102f7
:047f8e00fef7a5bc99
:020000040000fa
:020000040102f7
:047f9200fff795bea2
:020000040000fa
:020000040102f7
:047f9600fff799be9a
:020000040000fa
:020000040102f7
:047f9a00fff79dbe92
:020000040000fa
:020000040102f7
:047f9e00fbf7d3be5c
:020000040000fa
:020000040102f7
:047fa200f9f755bbdb
:020000040000fa
:020000040102f7
:047fa600f9f753bbd9
:020000040000fa
:020000040102f7
:047faa00800b704791
:020000040000fa
:020000040102f7
:047fae0000207047f8
:020000040000fa
:020000040102f7
:047fb200e6f705bb2e
:020000040000fa
:020000040102f7
:047fb600f3f7d9bf45
:020000040000fa
:020000040102f7
:047fba00f7f719bc00
:020000040000fa
:020000040102f7
:047fbe00c06a7047de
:020000040000fa
:020000040102f7
:047fc200806d704717
:020000040000fa
:020000040102f7
:047fc600416170475e
:020000040000fa
:020000040102f7
:047fca00816170471a
:020000040000fa
:020000040102f7
:047fce0000207047d8
:020000040000fa
:020000040102f7
:047fd200030c10008c
:020000040000fa
:020000040102f7
:047fd6001300020092
:020000040000fa
:020000040102f7
:047fda000100ffffa4
:020000040000fa
:020000040102f7
:047fde0000207047c8
:020000040000fa
:020000040102f7
:027fe20002009b
:020000040000fa
:020000040102f7
:027fe400180083
:020000040000fa
:020000040102f7
:027fe600020097
:020000040000fa
:020000040102f7
:027fe80008008f
:020000040000fa
:020000040102f7
:027fea0000187d
:020000040000fa
:020000040102f7
:027fec00020091
:020000040000fa
:020000040102f7
:027fee007047da
:020000040000fa
:020000040102f7
:027ff0007047d8
:020000040000fa
:020000040102f7
:027ff2007047d6
:020000040000fa
:020000040102f7
:027ff400022960
:020000040000fa
:020000040102f7
:027ff60003285e
:020000040000fa
:020000040102f7
:027ff80000285f
:020000040000fa
:020000040102f7
:027ffa00292b31
:020000040000fa
:020000040102f7
:027ffc002a2b2e
:020000040000fa
:020000040102f7
:027ffe00052a52
:020000040000fa
:020000040102f7
:02800000050079
:020000040000fa
:020000040102f7
:02800200050077
:020000040000fa
:020000040102f7
:02800400050075
:020000040000fa
:020000040102f7
:02800600010077
:020000040000fa
:020000040102f7
:02800800100066
:020000040000fa
:020000040102f7
:02800a00020072
:020000040000fa
:020000040102f7
:02800c0004006e
:020000040000fa
:020000040102f7
:02800e00011857
:020000040000fa
:020000040102f7
:0280100002006c
:020000040000fa
:020000040102f7
:028012007047b5
:020000040000fa
:020000040102f7
:028014007047b3
:020000040000fa
:020000040102f7
:028016007047b1
:00000001FF
