:02000004008179
:100F8800FFFF000000400E8438FC745F3B480014EB
:080F98000B006079000000006D
:040FBC000000001021
:020000040100F9
:1000000000000000000000000000000000000000F0
:1000100000000000000000005048434D00000000B8
:1000200000000000000000000000000000000000D0
:10003000000000000000000000000000FEFFFFFFC5
:100040000301000000007400000000010002000134
:100050000002000100970200000000000000000004
:100060000000000000000000000000000000000090
:100070000000000000000000000000000000000080
:100080000000000000000000000000000000000070
:100090000000000000000000000000000000000060
:1000A0000000000000000000000000000000000050
:1000B0000000000000000000000000000000000040
:1000C0000000000000000000000000000000000030
:1000D0000000000000000000000000000000000020
:1000E0000000000000000000000000000000000010
:1000F0000000000000000000000000000000000000
:1001000000000000000000000000000000000000EF
:1001100000000000000000000000000000000000DF
:1001200000000000000000000000000000000000CF
:1001300000000000000000000000000000000000BF
:1001400000000000000000000000000000000000AF
:10015000000000000000000000000000000000009F
:10016000000000000000000000000000000000008F
:10017000000000000000000000000000000000007F
:10018000000000000000000000000000000000006F
:10019000000000000000000000000000000000005F
:1001A000000000000000000000000000000000004F
:1001B000000000000000000000000000000000003F
:1001C000000000000000000000000000000000002F
:1001D000000000000000000000000000000000001F
:1001E000000000000000000000000000000000000F
:1001F00000000000000000000000000000000000FF
:10020000F0FF0720B1B301017F570101135A01012B
:10021000EF770101E3810101FF8901010000000086
:10022000000000000000000000000000B16D0201AD
:10023000235F01010000000041EF0101096002019C
:10024000DF4C0101DF4C0101DF4C0101E5830201BC
:10025000DF4C0101DF4C0101DF4C0101DF4C0101EA
:10026000DF4C0101DF4C0101DF4C0101DF4C0101DA
:10027000DF4C0101DF4C0101DF4C010125FE0101D2
:10028000DF4C0101DF4C0101DF4C0101DF4C0101BA
:10029000DF4C0101DF4C0101DF4C0101DF4C0101AA
:1002A000DF4C0101DF4C0101DF4C0101DF4C01019A
:1002B000DF4C0101DF4C0101DF4C0101DF4C01018A
:1002C000DF4C0101DF4C0101DF4C0101DF4C01017A
:1002D000DF4C0101DF4C0101DF4C0101DF4C01016A
:1002E000DF4C0101DF4C0101DF4C0101DF4C01015A
:1002F000552E020115700201DF4C0101DF4C010196
:10030000DF4C0101DF4C0101DF4C0101DF4C010139
:10031000DF4C0101DF4C0101DF4C0101DF4C010129
:10032000DF4C010161F201010F2020006C3301203C
:1003300000000000000000000E2020006C330120AF
:1003400000000000000000000D2020006C330120A0
:1003500000000000000000000C2020006C33012091
:1003600000000000000000000B2020006C33012082
:1003700000000000000000000A2020006C33012073
:100380000000000000000000092020006C33012064
:100390000000000000000000082020006C33012055
:1003A0000000000000000000072032008C32012015
:1003B0000000000000000000062032008C32012006
:1003C0000000000000000000052032008C320120F7
:1003D0000000000000000000042032008C320120E8
:1003E0000000000000000000032032008C320120D9
:1003F0000000000000000000022032008C320120CA
:100400000000000000000000012032008C320120BA
:100410000000000000000000002032008C320120AB
:100420000000000000000000F8B500BFF8BC08BCE8
:100430009E46704749340201F8B500BFF8BC08BCBD
:100440009E46704725340201D49700000100000049
:1004500008B5044B186818B1804780F00100C0B29D
:1004600008BD00BF702A012004292CD8DFE801F064
:100470000308161D2400184A93881844908070477A
:10048000154A9388184480B2C11C4FF6FC730B4088
:10049000984201D90430F1E7938070470E4A93885F
:1004A0000F33184420F00F00E8E70B4A93881F33FE
:1004B000184420F01F00E1E7074A93883F331844AF
:1004C00020F03F00DAE74FF0200383F31188BFF3F9
:1004D0006F8FBFF34F8FFEE7702A012070B5104A6F
:1004E00094790023D9B28C4201D800200BE05D1C26
:1004F0009B00D118B1F8076086420ED1B1F80920EF
:1005000012B10848184470BD4FF0200383F31188DE
:10051000BFF36F8FBFF34F8FFEE72B46E2E700BFBD
:10052000702A0120772A012010B50446FFF7D6FF74
:1005300040B14FF0200383F31188BFF36F8FBFF3F7
:100540004F8FFEE70B4B9879020608D54FF020033A
:1005500083F31188BFF36F8FBFF34F8FFEE7421C09
:100560009A7103EB80020733A2F8074003EB800087
:1005700010BD00BF702A012010B50446FFF7AEFF82
:1005800040B94FF0200383F31188BFF36F8FBFF39F
:100590004F8FFEE72046FFF7A1FF054A9379013B05
:1005A000DBB2937102EB8303D3F80730036010BD15
:1005B000702A012008B5FFF791FF00B1408808BDFF
:1005C00009B91046704780B1037883EA122383EAA1
:1005D000131343EA022282EA033282EA431292B2FE
:1005E00000B10130013989B2EAE7FF23EDE72DE9D7
:1005F000F04F85B081460E9E8A46904606B11E4455
:1006000043449CB247465546A74203D1012005B05A
:10061000BDE8F08F95B36A4610232946484608F096
:100620006FFDBDF80420944208D9BDF8063013448C
:100630009BB29F4202D29C4203D91F46BDF80A508A
:10064000E8E79742A4EB020128BFE31B89B234BF5D
:100650000B469BB2A4EB030432BFBDF80AB0474679
:10066000D346A4B246B110352944F61AC91A324607
:1006700089B2484608F044FD5D46C5E72846C6E70E
:100680002DE9F74FD48896888046894644F307259C
:100690004FF6FF77002D03DA384603B0BDE8F08F40
:1006A0001CD0A4F580741FFA84FA4FF48074DFF82C
:1006B00034B0CDF800B02346324649464046FFF7F5
:1006C00096FF38B13A4621465846FFF779FF26444F
:1006D000B6B20746013D6DB25446DBE7002CDBD0D5
:1006E000A246E4E7772C012010B5084C94F80703E4
:1006F00008F0A8FD4FF48042002194F8070308F0A9
:10070000C9FD10B14FF48073A38010BD702A012081
:100710002DE9F041094C05460E46174613460A4698
:10072000014694F8070308F021FD3B46324629466E
:1007300094F80703BDE8F04108F0FABD702A0120E3
:100740007FB545F24143ADF806300D4BCDE902309F
:100750000C4BC043B3F8083304904FF6FF721021DE
:100760000DF10600ADF81430FFF72AFF1222ADF8A4
:10077000040001A90020FFF7CBFF07B05DF804FBE0
:10078000534E7632702A01202DE9F041234CB4F803
:100790000A33B4F80C530B449BB2FF2B06460F46AA
:1007A000A4F80A3304F207280BD80A462844414625
:1007B0003D4427F0C7FF0127A4F80C533846BDE895
:1007C000F081C5F580724146284427F0BBFF4FF405
:1007D00080723146A088FFF79BFF07460028EDD0C6
:1007E00000214FF48070FFF73FFEB4F80A53B4F8CD
:1007F0000C13A5F580750023ADB2A4F80C33A4F852
:100800000A53002DDAD0C1F580712A4618FA81F119
:10081000304627F097FFA4F80C53CFE7702A012049
:100820002DE9F04F714C94F807738FB0002112231B
:1008300009AA3846A4F80E13A4F81013A4F80C1350
:10084000A4F80A1308F05CFC0B9B039394F807339D
:100850000133DBB2012B88BF002384F8073394F8FF
:100860000733BB4208D14FF0200383F31188BFF355
:100870006F8FBFF34F8FFEE7FFF736FF0028E5D0FD
:1008800000230293DFF86C8182E0029BDFF868A10D
:1008900004EB830B05AABBF80990102349463846A0
:1008A00008F02EFC0026BDF81C50ADF81A5005AA21
:1008B00049463846ADF81860CDF81E60FFF7E0FEF7
:1008C0004FF6FF72ADF814000E2105A8FFF778FE71
:1008D000F022ADF82200FF21504628F03BFA05AB8C
:1008E00003CB1035C8F80000C8F80410B4F80C2386
:1008F00003CBA388C8F80800ADB21344B5F5807FD8
:10090000C8F80C10ABF809301AD8CDF800A0BDF823
:100910001C30324649463846FFF769FE58B1A38875
:10092000B4F80C231344ABF8093029460AF1FB0054
:10093000FFF72AFF40BB002420460FB0BDE8F08F30
:10094000102300BFB5F5807FAA4628BF4FF4807AF8
:10095000AAEB030B1FFA8BFB4344009332465B4622
:1009600049463846FFF743FE0028E4D05146204868
:10097000FFF70AFF0028DED0A5EB0A055E44ADB202
:10098000B6B20023002DDDD1029B0133DBB202930E
:10099000A379029A93423FF678AFB4F80A23F2B9EA
:1009A000B4F80A030021FFF75FFDA388A4F8083319
:1009B000039B581EFFF7C4FE04460028BBD003214A
:1009C0000020FFF751FD1222FF2109A828F0C2F9EB
:1009D000122309AA0021384608F0C8FBACE70449F5
:1009E000A088FFF795FE0028DAD1A4E7702A01203D
:1009F000822D0120772C0120872C012008B50A4B7D
:100A00009B88C3F580439BB283420BD2FFF708FF5C
:100A100040B94FF0200383F31188BFF36F8FBFF30A
:100A20004F8FFEE708BD00BF702A01202DE9F84F67
:100A3000364D044605F2072988464FF48072FF219F
:100A4000484628F087F9E1884FF6FF724046FFF7E5
:100A5000B7FD4FF6FF7220800E212046FFF7B0FD54
:100A60002368E081C5F807326368C9F80430A368D9
:100A7000C9F80830E368C9F80C30E28802F11006C2
:100A8000B6B2B8F1000F07D0B6F5807F16D8414650
:100A900005F2172027F056FEE2881D49A888F02AA3
:100AA00028BFF022103292B2FFF732FE0746E088EC
:100AB0001030032180B2FFF7D7FC24E04FF0000B89
:100AC000102000BFB6F5807F344628BF4FF48074F5
:100AD000A4EB000A524608EB0B01484427F032FE13
:100AE00022460B49A888FFF713FE074658B1361B6C
:100AF00020460321DA44B6B2FFF7B6FC1FFA8AFBA0
:100B00000020002EDED13846BDE8F88F702A012083
:100B1000772C01202DE9F041624C00258EB0A571A3
:100B20004FF0FF38FF27122304AA0021284608F0BF
:100B3000E7FADDE906637340013326D19DF81230F0
:100B4000412B22D19DF81330542B1ED19DF8143027
:100B5000532B1AD19DF815304E2B16D19DF8163017
:100B6000762B12D19DF81730322B0ED14FF6FF7233
:100B700010210DF11200FFF723FDBDF81030834264
:100B800003D146453CBFB0462F46DDB1FF2F2BD1E8
:100B9000002384F807334FF6FF7500BFFFF7A4FD6D
:100BA00090B994F807330133DBB2012B84F8073393
:100BB000F4D94FF0200383F31188BFF36F8FBFF395
:100BC0004F8FFEE70125AEE76FF00100A4F8085350
:100BD000FFF7B6FD0028E4D00023A371012384F8B9
:100BE00012340EB0BDE8F0814FF48073A380384614
:100BF000122309AA002184F8077308F081FA4FF63E
:100C0000FF77A388B3F5804FE8D2BDF83420BA420D
:100C100001D09A4214D803210020FFF725FC0325B8
:100C200010236A46A18894F8070308F069FA0023A4
:100C30001DF80320FF2A1CD10133102BF8D1CDE77A
:100C40000025EDE729461020FFF70EFCD9E7BDF897
:100C500002603046FFF742FC10B93046FFF764FCF3
:100C6000A3884380BDF80830B3B93046FFF784FC51
:100C700012E03A460E216846FFF7A2FCBDF80E606E
:100C80008642DFD16A46A18894F80703FFF7F8FC93
:100C9000BDF800308342DAD0BDF806001030294696
:100CA00080B2D1E7702A012008B508F083FB044B1D
:100CB00093F812341BB9BDE80840FFF72BBF08BDFD
:100CC000702A01202DE9FF478A46164698460546B8
:100CD00030B12BB1FFF7BCFB044650B1052044E016
:100CE0004FF0200383F31188BFF36F8FBFF34F8F53
:100CF000FEE706F1100080B2FFF780FE2846FFF7FE
:100D0000EDFB0746A0B3B0F802901C4D10236A46D5
:100D1000494695F8070308F0F3F9BDF808300AEBE7
:100D200006029A4226D8B34218BFBDF80C40ADF86F
:100D300004A01CBF0134A4B241466846ADF80C4083
:100D4000ADF80660ADF80A90AC88FFF76FFE98B179
:100D5000BDF80C307C80642B4FF0000005D9BDF845
:100D60000230A5F80E33A5F8100304B0BDE8F087F3
:100D70000320FAE70420F8E70120F6E7702A0120B3
:100D800073B50C4615461E4628B123B1FFF712FC79
:100D900050B9032017E04FF0200383F31188BFF30D
:100DA0006F8FBFF34F8FFEE76319B3F5803F09D212
:100DB0000146074800962B46224690F80703FFF7A6
:100DC00016FC10B9042002B070BD0020FBE700BF84
:100DD000702A01201FB540B94FF0200383F311881A
:100DE000BFF36F8FBFF34F8FFEE7FFF7E3FB48B111
:100DF00001460648102390F807036A4608F080F978
:100E0000BDF8080005B05DF804FB00BF702A0120A2
:100E10002DE9F04F431E14469BB24FF6FD729342EC
:100E200089B007460D461DD8B1F5006F1AD8FFF7F7
:100E3000C1FB00BBFFF70CFB064650BB05F11000E1
:100E400080B2FFF7DBFD8E4B93F90620002A80F27B
:100E5000FA804FF0200383F31188BFF36F8FBFF345
:100E60004F8FFEE74FF0200383F31188BFF36F8F9E
:100E7000BFF34F8FFEE73846FFF7ACFF854210D037
:100E80007F4EA6F80E73A6F81053FFF7E1FAB146AD
:100E900008B105200EE0B6F8100370B9B6F80E33AD
:100EA0007BB9002C00F0E78023462A460021384613
:100EB000FFF766FF09B0BDE8F08F103080B2FFF792
:100EC0009DFDB9F80E03FFF709FB80460028E8D026
:100ED000B0F802A099F8070310230DEB0302514666
:100EE00008F00EF9B9F81033F3B9BDF81800103056
:100EF00080B2FFF783FDB9F80E03FFF7EFFA8046E3
:100F000040B94FF0200383F31188BFF36F8FBFF315
:100F10004F8FFEE7B0F802A099F8070310230DEBFE
:100F20000302514608F0ECF8B9F81023B9F8043080
:100F30000393BDF8183022B19342ADF8182028BFB2
:100F400013460022BDF81810ADF81420ADF81610A5
:100F5000CDF81A200DF1100CBCE80300DFF824B125
:100F6000C9F8070203F11006CBF80410BCE803002F
:100F7000B6B2B6F5807FCBF80800CBF80C1031D8AC
:100F80000BF11001009199F807035146FFF72FFB71
:100F9000002872D004AB03CBBDF81620C9F80702B5
:100FA000CBF8041003CB1032CBF80800CBF80C10B0
:100FB00092B25946B9F80400FFF7AAFB00283FF4A3
:100FC00070AFBDF816001030032180B2FFF74CFA65
:100FD0002B4B0022A3F80E23A3F81023039BA8F8A1
:100FE00002305EE793461023B6F5807FB14628BFF6
:100FF0004FF48079A9EB030292B20292214A204871
:10100000134400935A46029B90F807035146FFF79A
:10101000EEFA90B31B49A1F207204A468088FFF7F9
:1010200077FB00283FF43DAF03214846FFF71CFA49
:10103000029BA6EB09065B44B6B21FFA83FB0023B2
:10104000002ED1D1C4E7214604A8B3F80480ADF83E
:101050001270ADF81460ADF81650ADF81850CDF818
:101060001A60FFF7E3FC40B13846FFF75DFAA0F8DD
:10107000028002201EE720461CE701201AE700BF7D
:10108000702A0120772C0120F0B5074685B040B9C1
:101090004FF0200383F31188BFF36F8FBFF34F8F9F
:1010A000FEE7FFF787FA00283FD0FFF7D1F90446A3
:1010B00000283CD11020FFF7A1FC4FF6FF720E2153
:1010C0006846ADF80020ADF80270CDE90144ADF8F6
:1010D0000C40FFF775FA174DADF80E006B4603CBC9
:1010E00005F20726C5F80702716003CB1022B06035
:1010F000F160A8883146FFF70BFB60B91022A98880
:1011000095F8070308F0C6F818B903211020FFF777
:10111000ABF9012007E003211020FFF7A5F93846BD
:10112000FFF72AFA204605B0F0BD0320FBE70520B3
:10113000F9E700BF702A0120F8B50446FFF788F9E7
:10114000054660BB64B108F07DF8012008F07AF82C
:101150004FF400722946134827F0FCFD00201FE0E1
:10116000114DAF79E3B29F420CD8FFF759FB00282D
:10117000F4D14FF0200383F31188BFF36F8FBFF3D7
:101180004F8FFEE705EB8403B3F80760304603F0AA
:10119000D1FA10B93046FFF7EFF90134E2E7052044
:1011A000F8BD00BF772A0120702A0120014B18608A
:1011B000704700BF702A012008B5FFF7FBF9003027
:1011C00018BF012008BD08B5FFF72AFB40B94FF052
:1011D000200383F31188BFF36F8FBFF34F8FFEE7B8
:1011E00008BD00BF80B485B000AF184BFB60002382
:1011F0007B600EE00023BB6005E0FB680133FB6011
:10120000BB680133BB60BB680F2BF6D97B68013329
:101210007B607B68092BEDD946F65073FB60002399
:10122000BB6005E0FB680133FB60BB680133BB605A
:10123000BB680F2BF6D9FB68B3F5E04FEFD100BFC9
:101240001437BD465DF8047B704700BF0010810075
:1012500080B485B000AF78600B467B804FF6FF739B
:101260007B817B88002B03D17B89DB439BB22CE005
:101270000023FB737B685A1C7A601B78BB8117E0E4
:101280007A89BB8953409BB203F00103002B06D03F
:101290007B895B089AB2104B53407B8102E07B89CB
:1012A0005B087B81FB7B0133FB73BB895B08BB81E4
:1012B000FB7B072BE4D97B88013B7B807B88002B61
:1012C000D6D17B89DB437B817B8918461437BD46A9
:1012D0005DF8047B704700BF0884FFFF80B586B0CF
:1012E00000AFF8600B467A607B817B687B617B692D
:1012F0001B78ED2B21D17B695B78032B1DD17B699A
:101300009B78002B01D1002318E07B699B78012B8F
:1013100013D17B891946F868FFF79AFF03467B8251
:101320007A8A7B691B791B027969C9780B449A42D6
:1013300001D1002302E0012300E001231846183701
:10134000BD4680BD80B489B000AF78607B68BB616A
:10135000BB695A78274BA3FB021399080B465B0025
:101360000B445B00D31ADBB2002B01D001233AE01F
:10137000BB695B781F4AA2FB03239B08FB757B6854
:1013800002337B600023FB7728E07B683B613B698D
:101390005B781B023A691278134403F1824303F528
:1013A0009033FB60FB683A6992781A70FB680133EE
:1013B0001A463B69DB781370FB6802331A463B69B7
:1013C0001B791370FB6803331A463B695B79137012
:1013D0007B6806337B60FB7F0133FB77FA7FFB7D05
:1013E0009A42D2D3002318462437BD465DF8047BC9
:1013F000704700BFABAAAAAA80B48BB000AF7860D8
:101400000B46FB707B683B623B6A5A783A4BA3FB06
:10141000021399080B465B000B445B00D31ADBB246
:10142000002B01D0012360E03B6A5B78324AA2FBCB
:1014300003239B08FB777B6802337B60002387F8DC
:1014400027304CE07B68BB61BB695B789BB21B02B9
:101450009AB2BB691B789BB21344FB82FB8A03F1EF
:10146000824303F580333B61FB78022B02D0FB788B
:10147000032B15D13B69BA6992781A703B69013325
:101480001A46BB69DB7813703B6902331A46BB69A5
:101490001B7913703B6903331A46BB695B79137080
:1014A000FB8AA42B13D1BB699B785BB203F01F03AB
:1014B000FB73FB7B03F01003002B04D0FB7B63F07A
:1014C0001F035BB201E097F90F300C4A13707B6881
:1014D00006337B6097F82730013387F8273097F879
:1014E0002720FB7F9A42ADD3002318462C37BD46F8
:1014F0005DF8047B704700BFABAAAAAA7000002069
:1015000080B485B000AF78607B68FB60FB685B7877
:10151000022B0DD1FB68DB789BB21B029AB2FB68F1
:101520009B789BB213449AB2054B1A80002300E0CB
:10153000012318461437BD465DF8047B704700BF91
:101540005A35012080B485B000AF78607B68FB60BD
:101550007B680233BB60FB685B78042B12D1BB68ED
:10156000DB781A06BB689B781B041A43BB685B7860
:101570001B021343BA6812781343064A1360064BE2
:1015800001221A70002318461437BD465DF8047B0B
:10159000704700BF543501205835012080B586B012
:1015A00000AF786039600023FB7582E07B681B78B0
:1015B000DBB2FF2B2AD17B6803F01F03002B03D182
:1015C0007B6843F07F437CE00023BB757B6823F09E
:1015D000070308337B607A683B689A4202D34FF076
:1015E000FF336EE07B681B68B3F1FF3F0ED17B6871
:1015F00010331B68B3F1FF3F08D17B6803F01F0372
:10160000002B03D17B6843F07F435AE07B683B614A
:101610003B691B78012B49D13B695B78012B45D194
:101620003B699B781A467B6813440533FB607B68F3
:10163000033318463B699B789BB2FA681946FFF75B
:101640004DFE0346002B31D17B683AE03B68083BF6
:101650007A689A4200D32CE07B681B68B3F1FF3FA5
:1016600000D126E07B681B78DBB2EF2B1BD17B68B7
:1016700001331B78DBB2002B11D17B6802331B785E
:10168000DBB2ED2B0BD17B6803331B78DBB2032B72
:1016900005D10123FB757B6807337B6006E07B681F
:1016A00004337B6002E07B6801337B60FB7D002BB1
:1016B000CCD03B68083B7A689A42FFF477AF4FF092
:1016C000FF3318461837BD4680BD80B588B000AFDF
:1016D000F860B9603B601346FB710023FB77FB6841
:1016E000BB61BB699B789BB203339BB2BB8395E024
:1016F000FB687B617B693B610023FB773B691B785F
:10170000FA799A4202D13B6801221A703B691B7830
:10171000092B3ED0092B06DC072B16D0072B1EDC2D
:10172000022B0CD05FE00D2B1FD00D2B02DC0A2BFF
:1017300039D058E01A2B22D0552B3DD053E0786990
:10174000FFF7DEFE0346FB774DE097F82830002BCD
:1017500040D0786906F08BFD0346FB773AE0786964
:1017600006F0E8FC0346FB773DE097F82830002BB5
:1017700032D0786906F042FD0346FB772CE097F8FB
:101780002830002B2AD0786906F0CAFD0346FB7783
:1017900024E097F82830002B22D07869FFF7D2FD9B
:1017A0000346FB771CE097F8283019467869FFF765
:1017B00023FE0346FB7716E0FB681D4A934211D9CE
:1017C000FB681C4A93420DD87869FFF7BBFE0346BD
:1017D000FB7707E000BF06E000BF04E000BF02E0C7
:1017E00000BF00E000BFFB7F012B1CD0B7F91C300D
:1017F000002B18DDFA68BB689A4214D2BA8B3B6999
:101800005B789BB2D31A9BB2023B9BB2BB833B6912
:101810005B781A46FB6813440233FB60B7F91C304F
:10182000002B3FF765AFFB7F18462037BD4680BDD4
:10183000FF0F81006F1F810080B588B002AF3A6052
:101840001A460346FB710B46BB7113467B7100239E
:10185000FB75FB79002B04D1254B3B61254BFB60CD
:1018600038E0254B1B78002B01D185233BE0234B2F
:101870001B683B61214B1B6803F57763FB6029E024
:10188000F9683869FFF78AFE38613B69BB603B69DC
:1018900003F07F43002B08D03B6923F07F43144AB9
:1018A00093421CD10123FB7519E03B69B3F1FF3F63
:1018B00017D0BA797B7900933B68F9683869FFF7EC
:1018C00004FF0346FB75BB689B781A463B691344CB
:1018D0000A333B613A69FB689A42D1D302E000BF08
:1018E00000E000BFFB7D18461837BD4680BD00BF35
:1018F00000108100701F81005835012054350120EF
:1019000080B584B000AF03463960FB711346BB71EC
:10191000BB79F9793A680020FFF78EFF0346FB7325
:10192000084B1B78002B08D0BB7907F10E02002171
:101930000120FFF781FF0346FB73FB7B184610373E
:10194000BD4680BD5835012080B588B000AFF86035
:10195000B9603B601346FB710023FB77FB68BB61FA
:10196000BB699B789BB203339BB2BB83B6E0FB6839
:101970001B78FB75FB683B61FB79FF2B21D1FB7D5D
:10198000002B00F08C80FB7DFF2B00F08880BB6A71
:101990001B881A463B689818F9683B695B780233E4
:1019A0001A4626F0CFFEBB6A1A883B695B789BB269
:1019B00013449BB202339AB2BB6A1A800123FB77AD
:1019C0006DE0FA7DFB799A4269D197F82C30002BB3
:1019D0004CD0FB7D062B03D13B695B78072B22D0D3
:1019E000FB7D0B2B03D13B695B78042B1BD0FB7D6C
:1019F0000C2B03D13B695B78012B14D0FB7D102BA2
:101A000003D13B695B78182B0DD0FB7D152B03D1DF
:101A10003B695B78082B06D0FB7D182B1AD13B69FC
:101A20005B78042B16D1FB68023319463B695B785F
:101A30001A46386826F086FEBB6A1A883B695B78CE
:101A40009BB213449BB202339AB2BB6A1A80012341
:101A5000FB7724E0BB6A1A883B695B789BB213442E
:101A60009BB202339AB2BB6A1A8018E0BB6A1B8829
:101A70001A463B689818F9683B695B7802331A4646
:101A800026F060FEBB6A1A883B695B789BB2134400
:101A90009BB202339AB2BB6A1A800123FB77BA8BDE
:101AA0003B695B789BB2D31A9BB2023B9BB2BB8370
:101AB0003B695B781A46FB6813440233FB60B7F955
:101AC0001C30002B03DDFA68BB689A4206D3FB7F0B
:101AD000012B01D1002306E0802304E0B7F91C307C
:101AE000002B3FF744AF18462037BD4680BD80B578
:101AF0008AB002AF03463960FB711F4BFB611F4B7D
:101B00007B610023FB810023FB7626E07969F8697D
:101B1000FFF744FDF861FB693B61FB6903F07F431C
:101B2000002B1ED1FB69B3F1FF3F1AD0FA790123D4
:101B3000019307F10E0300933B687969F869FFF799
:101B400003FF0346002B01D10123FB763B699B7801
:101B50001A46FB6913440A33FB61FA697B699A42AE
:101B6000D4D3FB7E012B01D1002300E08023184653
:101B70002037BD4680BD00BF00108100701F81006E
:101B800080B582B000AF786079680620FFF7AFFFBC
:101B90000346002B01D1012300E00023184608373B
:101BA000BD4680BD80B582B000AF786079681520F1
:101BB000FFF79DFF0346002B01D1012300E0002326
:101BC00018460837BD4680BD80B483B000AF78604A
:101BD000054B93F900207B681A70012318460C37D7
:101BE000BD465DF8047B70477000002080B584B06E
:101BF00000AF786007F10C0319460B20FFF777FF61
:101C00000346002B05D1B7F90C207B681A8001230D
:101C100000E0002318461037BD4680BD80B584B073
:101C200000AF786007F10C0319460B20FFF75FFF48
:101C30000346002B05D1B7F90E207B681A800123DB
:101C400000E0002318461037BD4680BD80B584B043
:101C500000AF786007F10F0319460C20FFF747FF2C
:101C60000346002B05D197F90F207B681A700123DA
:101C700000E0002318461037BD4680BD80B400AF99
:101C8000034B1B781846BD465DF8047B704700BFC8
:101C90005835012080B483B000AF0346FB71044A7D
:101CA000FB79137000BF0C37BD465DF8047B7047AD
:101CB0005835012080B400AF034B1B681846BD4661
:101CC0005DF8047B704700BF543501200120704748
:101CD00080B400AF084B5B68074A43F4800353604D
:101CE000054B5B68044A23F40063536000BFBD46A4
:101CF0005DF8047B704700BF0040014180B400AF35
:101D0000244B254A1A60254B254A1A60254B264A42
:101D10001A60264B264A1A60264B274A1A60274B20
:101D2000274A1A60274B4FF414021A60264B274AA1
:101D30001A60274B274A1A60274B284A1A60284BFB
:101D40001D4A1A60274B284A1A60284B284A1A60F5
:101D5000284B294A1A60294B43F642421A60284B05
:101D600000221A60274B284A1A60284B284A1A601A
:101D7000284B294A1A60294B164A1A60284B294ACF
:101D80001A60294B294A1A6000BFBD465DF8047BE2
:101D9000704700BF006001412122008010600141B6
:101DA0000A1426061460014110320C10186001411B
:101DB0001A2740201C600141F7FF4C462460014176
:101DC00006421E3E286001412C6001410600060EBD
:101DD0003060014154760C0E346001411A260038FF
:101DE000386001413C6001413832544E406001414D
:101DF0003240002044600141544E4C46486001414D
:101E000050600141586001414E4838325C600141E8
:101E1000514B464060600141322C50C86460014122
:101E2000686001411926544E6C6001414C463832BD
:101E300080B483B000AF0023FB7118E000BF00BF87
:101E400000BF00BF00BF00BF00BF00BF00BF00BF9A
:101E500000BF00BF00BF00BF00BF00BF00BF00BF8A
:101E600000BF00BF00BF00BFFB790133FB71FB79EE
:101E7000C72BE3D900BF0C37BD465DF8047B704724
:101E800080B500AF41F24401032007F097FA43F612
:101E9000FF41522007F092FA47F20801542007F060
:101EA0008DFA48F24E515E2007F088FA47F28241DF
:101EB000602007F083FA4CF61701612007F07EFAE4
:101EC0004CF61701632007F079FA41F207316520DB
:101ED00007F074FA49F20721672007F06FFA47F21A
:101EE0008241682007F06AFA4BF21561692007F019
:101EF00065FA4BF215616B2007F060FA41F205318B
:101F00006D2007F05BFA49F205216F2007F056FAC1
:101F100048F20701772007F051FA49F61E61E920DF
:101F200007F04CFA4FF60171EF2007F047FA40F640
:101F30008321F92007F042FA00BF80BD80B400AFD2
:101F400000BFBD465DF8047B7047B0B58CB000AFF4
:101F50004FF00003FB61012302220221332007F02E
:101F60008FFA01230C220C21192007F089FA012392
:101F700000220021152007F083FA002308220A21FD
:101F8000082007F07DFA012307220721092007F026
:101F900077FA012301220121092007F071FA0023B9
:101FA00000220021092007F06BFA01230F220F21E4
:101FB000002014F021F800230D220D21002014F040
:101FC0001BF80023012201214C2014F015F80023F6
:101FD000032203214C2014F00FF8012304220421D2
:101FE0004C2014F009F84FF4007300220C21262035
:101FF00007F046FA142007F0DDFA0023FB62002305
:1020000087F82B301EE00123002200214C2013F022
:10201000F3FF002200214C2014F02EF80346002B81
:1020200000D0F6E700BF00220F214E2014F024F864
:1020300003461A46FB6A1344FB6297F82B300133C0
:1020400087F82B3097F82B30032BDCD9F86A26F071
:1020500095F804460D4697F82B30184626F08EF872
:1020600002460B462046294609F0EEFC03460C4684
:10207000C7E908344FF00002774BD7E9080122F096
:102080004DFE0346002B26D04FF00002734BD7E9DC
:10209000080127F083FB03460C46184621464FF003
:1020A00000026F4B09F0D0FC03460C46184621464F
:1020B00063A3D3E900230FF051FC03460C461846F6
:1020C00021464FF00002674B09F0BEFC03460C4668
:1020D000C7E908341CE04FF00002614BD7E9080162
:1020E00009F0B2FC03460C461846214654A3D3E936
:1020F00000230FF033FC03460C46184621464FF0F0
:102100000002584B09F0A0FC03460C46C7E908340E
:10211000D7E90834C7E90434534BD3E902341A46EB
:102120002346D7E9040127F039FB03460C46C7E9EB
:1021300002344D4BD3E904341A46234642A1D1E977
:10214000000109F081FC03460C461A462346D7E9F4
:1021500002010FF003FC03460C46C7E90034424B72
:10216000D3E900341A462346D7E9000127F016FBCD
:1021700003460C461846214635A3D3E9002309F04F
:1021800063FC03460C46184621461FF0BDFE03467D
:10219000FB61002300220C21262007F071F90023A7
:1021A00002220221332007F06BF900230C220C21BC
:1021B000192007F065F9002300220021152007F0FF
:1021C0005FF9052308220A21082007F059F90023A6
:1021D00007220721092007F053F9002301220121DA
:1021E000092007F04DF9002300220021092007F003
:1021F00047F900230F220F21002013F0FDFE0123D9
:102200000D220D21002013F0F7FE002301220121F1
:102210004C2013F0F1FE0023032203214C2013F085
:10222000EBFE0023042204214C2013F0E5FEFB69A1
:1022300007EE903AB0EE670A3037BD46B0BD00BF3A
:10224000666666666666E63F3D0AD7A3703DDA3F7E
:10225000BC5983F755B9603F0000E0400000F040F2
:10226000000090400000F83F8000002090B5A1B031
:1022700000AF03460A46FB8013467B71032387F8B1
:102280007F30A04A07F11C0311466022184626F051
:1022900059FA9D4B07F10C040FCB84E80F00B7F9F6
:1022A0000630272B0BDC0A2B1DDA13F10B0F16DC83
:1022B00013F1190F0FDA13F5004F24DB07E04F2B52
:1022C00002DC3C2B17DA12E0632B1CDC17E0002346
:1022D00087F87F301BE0012387F87F3017E0022367
:1022E00087F87F3013E0032387F87F300FE0042363
:1022F00087F87F300BE0052387F87F3007E006235F
:1023000087F87F3003E0072387F87F3000BF7F4BDB
:102310001B7897F87F209A4200F0F0807B4A97F86C
:102320007F3013707B79002B22D197F87F201346E2
:102330005B0013449B0007F180021344643B1B784D
:102340009BB20B220F21E52007F09AF897F87F2027
:1023500013465B0013449B0007F180021344633B68
:102360001B789BB20B220F21E72007F089F81BE0B6
:1023700097F87F305B0007F18002134413F8743C38
:102380009BB20B220F21E52007F07AF897F87F30F7
:102390005B0007F18002134413F8733C9BB20B22DD
:1023A0000F21E72007F06CF897F87F2013465B00B9
:1023B00013449B0007F180021344623B1B789BB2DD
:1023C00007220821FC2007F05BF897F87F201346CE
:1023D0005B0013449B0007F180021344613B1B78B0
:1023E0009BB204220521E12007F04AF897F87F20EC
:1023F00013465B0013449B0007F180021344603BCB
:102400001B789BB206220721E12007F039F897F8E4
:102410007F2013465B0013449B0007F180021344A6
:102420005F3B1B789BB202220321E52007F028F8CE
:1024300097F87F2013465B0013449B0007F180024E
:1024400013445E3B1B789BB200220321E72007F078
:1024500017F897F87F2013465B0013449B0007F1A1
:10246000800213445D3B1B789BB204220721E720C6
:1024700007F006F897F87F2013465B0013449B0093
:1024800007F1800213445C3B1B789BB201220321BD
:10249000E22006F0F5FF97F87F2013465B00134417
:1024A0009B0007F1800213445B3B1B789BB2032225
:1024B00004210A2006F0E4FF97F87F2013465B0012
:1024C00013449B0007F1800213445A3B1B789BB2D4
:1024D0000E220F21512006F0D3FF97F87F201346DC
:1024E0005B0013449B0007F180021344593B1B78A7
:1024F0009BB208220E21522006F0C2FF00BF843793
:10250000BD4690BDE8DC010148DD010178370120BE
:1025100080B582B000AF0346FB80104BB3F90030AA
:10252000B7F906209A4214D0B7F906307F2B02DDA6
:102530007F23FB8007E0B7F9063013F1800F02DA42
:102540004FF68073FB80FB88002207215A2006F09B
:1025500097FF00BF0837BD4680BD00BF7A37012016
:1025600080B483B000AF03460A46FB8013467B71FC
:1025700000BF0C37BD465DF8047B704780B400AFE8
:102580000C4B03F5F15308331A680B4B1B68D31A35
:1025900023F07043094A934205D8094B1B78002B5E
:1025A00001D0012300E000231846BD465DF8047BFE
:1025B000704700BF00200141A0000020FEFFFF0780
:1025C0007800002080B584B000AF0346FB71FFF7B0
:1025D000BCFCF0EE407AFDEEE77A17EE903AFB8114
:1025E000B7F90E301846FFF793FF0D4B1B78C3F376
:1025F0000003DBB21A46B7F90E3011461846FFF752
:1026000035FE084B03F5F15308331B6803F54033DF
:1026100023F07043044A136000BF1037BD4680BDED
:102620009800002000200141A000002080B584B067
:1026300000AF0346FB710023FB73264A13786FF348
:1026400000031370244B00221A70FB79002B03D077
:10265000FFF73EFBFFF752FBFA7907F10F0319462C
:102660000720FFF74DF9FB79002B2DD01B4805F013
:102670006BFE1A4BD3E900014FF000024FF000034C
:1026800022F0C0FF0346002B03D1154B01221A7024
:1026900002E0134B00221A70124B4FF440321A60C2
:1026A000114B40F271429A60FB79012B03D10E4B22
:1026B000FF229A6102E00C4B7F229A610A4B13229F
:1026C0001A60094B4022DA6005F06EFE00BF103739
:1026D000BD4680BD980000207000002080000020D2
:1026E00078000020A00000200010014180B400AF5D
:1026F00000BFBD465DF8047B704780B500AF002188
:10270000122006F05BFE00BF80BD00BF2DE9F04F38
:10271000B54C0546207893B00130079127F092F828
:10272000039020780130800027F08CF82F68049007
:1027300097F82C30002B00F08D83039B002B00F0CA
:102740008B83002800F08883079B3D6DDE7934235E
:1027500016FB03F31D4406931C22EB7895F801B099
:10276000059300210BA8EC6926F0F4FA9F4B009327
:10277000019601230222A121EC2012F023FBBBF1E0
:10278000070F40F06B83A37898064DD0A61C00215C
:10279000304611F0D3F8002846D0027812F0010F2D
:1027A0000CBF01230723910748BF0633500744BFDE
:1027B0000133DBB2110744BF0233DBB2D00644BFA2
:1027C0000333DBB2910644BF1233DBB25206A27868
:1027D00044BF0133DBB202F03F029A4224D1002110
:1027E000304611F0ABF803781B0711D503213046B2
:1027F00011F0A4F8002839D0B0F80080A678E31CC6
:1028000006F03F061E444FF00009059B4B4530D1B2
:10281000059B002B4FF0000914BF022301230893EE
:102820002646C846CA46BAE0714B009302220123ED
:10283000A221EC2012F0C6FA1F2495F82D200023C7
:1028400085F82E300AB185F82D30002387F82F3017
:10285000039B13B1184626F0F7FF049B13B11846EB
:1028600026F0F2FF204613B0BDE8F08F4FF0FF08CE
:10287000C4E706F1020A0021504611F05FF848B99A
:10288000B37809F1010903F03F0303361E445FFAF0
:1028900089F9BAE703781807F2D50321504611F0F9
:1028A0004DF803884345EBD0524B0093022201239D
:1028B000A321BEE795F8290025F01AFC40F002009C
:1028C0008DF830000DF1310195F829001FF084FAE0
:1028D0004FF00009FF22BBF1070F8DF83E2000F0FA
:1028E0009E804FF6FF71B8F1000F40F0AD8040467A
:1028F00017F0D6F88046002800F0A9803E4B0093E0
:1029000002220123A52194E7B31C002118468DF86B
:102910004610099311F012F80246002836D00178CB
:10292000C9071AD509900121B01C11F007F895F8D4
:102930002580099A8146B8F1000F40D095F829000A
:1029400025F0D6FB40F002008DF830000DF131018A
:1029500095F829001FF040FA099A1278930715D5C7
:1029600095F82720002A4DD0BA7B022A35D10221C2
:1029700070188DF8372010F0E1FF024600680E90C5
:102980009288ADF83C2001228DF84620B2780AF1F9
:10299000010A02F03F02033616445FFA8AFA089BE6
:1029A0009A45B1DBB8F1000F94D1144A9278D6075A
:1029B00031D4134B009302220123A42139E7337849
:1029C000C3F380138DF830300368CDF8313083883D
:1029D000ADF835304FF00108BFE702F0FD02012AE3
:1029E0000CBF03220022C2E708370120386301012F
:1029F000436301015D6301017C630101B036012085
:102A00007063010195F828200AB1FE22AFE7327801
:102A1000C2F3C012ABE7FF228DF830205AE7A61CA4
:102A20000021304610F08AFF00283FF45AAF0278A8
:102A300010077FF556AF0321304610F07FFF018865
:102A40000A0B8DF83E204EE70DF1310050E7B34BF5
:102A5000059A1B78934205D2B14B009302220123C1
:102A6000A621E6E6BBF1070F30D104F1020A0146C8
:102A7000504610F063FF064640B30378D9065ED592
:102A80000421504610F05AFF002840D0837813F0FC
:102A9000C00F03D003F0E002402A53D1059A002A68
:102AA00050D0C3F34213013329208DF8403025F074
:102AB000A1FA58B19DF84030032B07D12B7903F0D0
:102AC0000F03012B02D104238DF84030292025F07B
:102AD00091FA3B7C00283FD18DF83F30079BBBF13A
:102AE000070F1B788DF842303DD07F238DF84130A1
:102AF000D7F824A0AB780593D1464FF0000B059B87
:102B00005B4504EB4B0800F2D580002495E6A378E2
:102B100003F03F030193834B009302220123FB2127
:102B2000EC2012F04FF933788DF804307E4B00938F
:102B300002220123FC21EC2012F044F9C6E78DF8B3
:102B40004080C3E7794B009302220123A721EC20A8
:102B500012F038F91E2470E6032BBDD12A79120930
:102B600018BF0423B8E7059B03F1010B039B26461E
:102B700003F1010ABBF1000F77DC002321461E465A
:102B800088784A7800F03F00013A121A56FA82F625
:102B9000049AB6B242F82360CA1C10440133059A65
:102BA000DBB29A4280F0B8808B789806604B18BFF1
:102BB00091F803801B8818BFC8F30018B342A4D350
:102BC000A378D7F824A09B09012B40F2B580022BF3
:102BD0009BD10BA920461BF075FF4FF0000B039B08
:102BE000ADF844B05B788DF841300BAA5146584699
:102BF0008DF82CB019F0D4FF7B7C012B85D1002EF1
:102C000083D0A278059302F03F02144459466279BA
:102C100002F03F0214440834204610F08FFE0028D2
:102C200000F0DF800278059B12F0010F00F0D980E0
:102C30001946204610F082FE0146B9F1000F00F05F
:102C4000D080002800F0CD800622484624F062FDA6
:102C5000002800F0C680374B009302220123202178
:102C6000EC2012F0AFF85C46E7E5B31C00211846F3
:102C7000079310F063FED8B10278079B12F0400F63
:102C800016D01846062110F059FE03781A060BD507
:102C90000AF8013CB378033603F03F031E440BF1FE
:102CA000FF3B0AF1010A65E7132BF1D91423EFE783
:102CB0007F23EDE70BA9404600261BF003FF8DF8AC
:102CC0002C6098F8002002F00F01062908D8012690
:102CD0008E4016F055061EBF98F80160063EF6B20B
:102CE000BBF1010F0CD102F00F02042A7FF40DAFEB
:102CF00006224946504624F00DFD00287FF405AF1A
:102D00000BAA09F10601304619F04AFF98F8012094
:102D10000BF1010B9144F2E6014631E7083701203F
:102D200092630101A6630101B6630101C46301015D
:102D3000F2360120E06301010BA920461BF0C2FE20
:102D4000A37813F0C00F0ED1069A3B6D1344DB69D4
:102D50009878033300F03F00184483789A0624D112
:102D60000023ADF844300024E52E29D9E53E0123A7
:102D7000B6B2E5348DF82C304FF0E5094A4B1A789D
:102D800000239A4208D9049951F82310A14226D36E
:102D9000039AD35C8DF8413051460BAA484619F08E
:102DA000FFFECA44002EDFD1AFE6C3789B06D7D51D
:102DB0000521023010F0C2FD0028D1D04388D0E7B1
:102DC0005FFA86F93444B8F1000F04D002238DF87D
:102DD0002C300026D2E78DF82C804646CEE7013312
:102DE000CFE7BDF82E3043F00803ADF82E300024B5
:102DF000E52E1ED9E53E0123B6B2E5348DF82C3020
:102E00004FF0E509284B1A7800239A4208D9049913
:102E100051F82310A1421BD3039AD35C8DF84130A3
:102E200051460BAA484619F0BBFECA44002EDFD11A
:102E30006BE65FFA86F93444B8F1000F04D0022340
:102E40008DF82C300026DDE78DF82C804646D9E73A
:102E50000133DAE71F24F8E40724F6E495F8258027
:102E6000B8F1000F7FF426AD21787A6AC1F38011A2
:102E70008DF830101168CDF831109188ADF835100B
:102E8000217801F00F06012E09D1C1F3C0118DF890
:102E9000371052F8060F0E909288ADF83C20C146CC
:102EA0004FF0010816E500BF083701202DE9F74370
:102EB0009D4D036D2E78044634279C4806FB07364B
:102EC00026F08CF92A78236D02FB07331A786AB949
:102ED000237B002B61D008231E210B4403F29713A0
:102EE000B3F5D27F1CD24FF4D2731DE0012A53D127
:102EF000187D93F912209B694009002A00F1010016
:102F0000ACBF1E214FF4967102284FEA430311D043
:102F10000328E2D001281BD13D330B44472B02D9B3
:102F2000C3F30E0300E04823814A118863F30E01C6
:102F300011800DE028330B442C2B84BF47F6FE7222
:102F40001A407B4B198898BF2D2262F30E0119801D
:102F5000002024F03BF88046012024F037F8814619
:102F6000022024F033F848F40051074689B20020CB
:102F700024F03EF84946012024F03AF847F4E06195
:102F800089B2022024F034F8A37B6A4F032B16D8B1
:102F9000DFE803F0051D2A3F002319469DE7D7F817
:102FA000683F65496FF38A23C7F8683F002024F023
:102FB000C5FCB7F86C3F43F04003A7F86C3FE27BD9
:102FC0005C4B032A38D8DFE802F031313E3ED7F8B7
:102FD000683F564A43F48063C7F8683F564B106811
:102FE000186092889A80E4E7D7F8683F52496FF3F7
:102FF0008A23C7F8683F002024F0A0FC4F4B1878C4
:1030000026F0DCF8B7F86C3F0028D4D160F38613C3
:10301000D3E7D7F8683F454A43F48063C7F8683F71
:10302000454B1068186092889A80E7E7B3F86C2FD8
:103030006FF3CF32A3F86C2FE27B032A10D8DFE8BE
:1030400002F007270727B3F86C2F42F40042F1E79C
:10305000D3F89C2F40F2FF1161F31842C3F89C2F64
:10306000374F3B686BB1984758B1364B1B7843B923
:10307000304BD3F89C2F40F2FF1161F31842C3F894
:103080009C2FE37B032B0BD8DFE803F0073E073EC2
:10309000D3F89C2F6FF31842E0E700200FF098F967
:1030A00026F0A0FA18B1254B18780FF061FC264BDA
:1030B00093F900001DF084FC337873BB217C03205E
:1030C00026F000F92A78342312FB03F2236D995C71
:1030D000184B00293CD1D3F8281141F00801C3F85E
:1030E0002811D3F8281141F00201C3F82811D3F8B0
:1030F000281141F00401C3F82811D3F8281141F038
:103100000101C3F8281125E0104B186818B912F016
:1031100057FA0120C2E7D720F9E7012BD2D1317D40
:1031200049090131CBE700BFF5010020A835012096
:103130006C38014100240141AC33014110370120BA
:10314000C83601200F370120D2010020B0360120FF
:103150000129CCD0236D995C1F4B00293ED1D3F8B7
:10316000241141F00041C3F82411D3F8241141F097
:103170008041C3F82411D3F8241141F00051C3F861
:103180002411D3F8241141F08071C3F82411D3F82D
:10319000241141F08051C3F82411D3F8241141F0D7
:1031A0000061C3F82411D3F8241141F08061C3F801
:1031B0002411D3F8241141F00071C3F82411D3F87D
:1031C000241141F40001C3F82411D3F8241141F46F
:1031D0008001C3F8241103E0002401410129D6D065
:1031E000236D995CD34B002940F08481D3F82411DE
:1031F00041F40011C3F82411D3F8241141F48011D3
:10320000C3F82411D3F8241141F40021C3F8241188
:10321000D3F8241141F48021C3F82411D3F82411E8
:1032200041F40031C3F82411D3F8241141F4803162
:10323000C3F82411D3F8281141F48071C3F8281180
:10324000D3F8281141F08001C3F82811D3F82811D0
:1032500041F04001C3F82811D3F8281141F02001B2
:10326000C3F82811D3F8281141F01001C3F8281130
:10327000D3F8281141F40071C3F82811217BAD4B1C
:10328000002900F04D81D3F8041140F2D71060F30B
:103290000801C3F80411236D1A44A64B11780029C4
:1032A00040F05281A26B01F27121B2FBF1F2D3F82E
:1032B000041192B262F31F41C3F80411217CD3F8C8
:1032C000002161F38302C3F8002194F82020022A30
:1032D00004D0042A00F02881012A0BD1D3F804116C
:1032E00062F3CC21C3F80411D3F8001162F3061184
:1032F000C3F8001194F82030A17D0422013A12F0A5
:10330000FF0206D0042B1ABF5B00DBB20123194277
:10331000F4D184F82030874ED6F800316FF3DB63A8
:10332000C6F80031D6F8003143F00053C6F800313A
:10333000637CB046002B40F01C81D6F8003143F08E
:103340008043C6F800317B4BD3F80021962161F30E
:103350001742C3F80021D3F800216FF31962C3F8B4
:103360000021D3F800216FF39A62C3F80021227B79
:10337000002A00F00E81D3F800216FF30002C3F899
:1033800000212878266D6C4D342310FB03F0064491
:10339000D4E9061796F800C0F269664B2D8801390A
:1033A000013FBCF1000F40F0F980D3F808E1A2EB37
:1033B000050C1FFA8CFC6CF31F4EC3F808E1D3F820
:1033C0000CE16CF30F0EC3F80CE11144D3F80CC1FF
:1033D000491B89B261F31F4CC3F80CC1616AD3F871
:1033E00010C1491B89B261F30F0CC3F810C1616AA7
:1033F000D3F810C1491B89B261F31F4CC3F810C147
:10340000616A3944491BD3F8145189B261F30F053D
:10341000C3F814513262636AA362464DD5F818317D
:1034200043F48073C5F81831D5F82C316FF30F03CE
:10343000C5F82C31D5F81831032262F30713C5F80B
:103440001831D5F8183162F30303C5F818313B4B36
:103450001A68152161F31F621A601A68192161F355
:1034600017421A60A3F6042306211A6861F31F723B
:103470001A601A68022161F31B621A60236DE46B03
:103480001E180DEB0102204601A925F077FED5F8A4
:1034900000316FF31C73C5F80031BDF80220D5F878
:1034A000083162F30F03C5F808319DF80420D5F800
:1034B000283162F31743C5F828313378002B40F0E8
:1034C000A480D5F8003143F40043C5F8003122F060
:1034D0004BFE0146204623F09DFA194B984206D92F
:1034E000184A137843F00203137015F0DDF903B0A6
:1034F000BDE8F08301297FF4C1AED3F8241141F473
:103500008011C3F82411D3F8241141F40021C3F829
:103510002411D3F8241141F48021C3F824118FE63B
:10352000D3F804115720B2E6D3F8041141F4C05186
:10353000D8E600BF00240141C80100206C3E0141D3
:1035400038FEFF7FF401002001297FF4E4AE907C77
:10355000D3F8001160F3CC11C3F80011127DD3F839
:103560000011C2F34212013262F38301C3F8001169
:10357000D1E63B6833B1984720B1284B1B78002B2C
:103580003FF4DBAED8F800316FF39E73C8F800311A
:10359000D9E6D3F8002142F00102F0E6366AD3F80A
:1035A00008C1761BB6B266F31F4CC3F808C1D3F846
:1035B0000CC1561BB6B266F30F0CC3F80CC10A441B
:1035C000521BD3F80C1192B262F31F41C3F80C11D5
:1035D000A26AD3F81011521B92B262F30F01C3F822
:1035E0001011666AD3F81021761BB6B266F31F423B
:1035F000C3F81021626AD3F814113A44521B92B2F4
:1036000062F30F01C3F8141107E7012B7FF45FAFDA
:10361000D5F8003143F4804357E700BF0F3701204E
:10362000F7B50446BC4825F0D9FD94F8CD306BB908
:10363000237A002B64D008231E210B4403F2971336
:10364000B3F5D27F1ED24FF4D2731FE0012B56D1B7
:1036500094F8F60094F9F430D4F8F8204009002BDF
:1036600000F10100ACBF1E214FF4967102284FEA11
:10367000420311D00328E0D001281BD13D330B4475
:10368000472B02D9C3F30E0300E04823A34A118855
:1036900063F30E0111800DE028330B442C2B84BF03
:1036A00047F6FE721A409D4B198898BF2D2262F38F
:1036B0000E011980002023F089FC0646012023F02A
:1036C00085FC0746022023F081FC46F400510546A4
:1036D00089B2002023F08CFC3946012023F088FCBD
:1036E00045F4E06189B2022023F082FC237E8C4DF8
:1036F0008C4E032B16D8DFE803F005B0BDD20023B3
:1037000019469AE7D5F8683F874943F48063C5F8BE
:10371000683F002024F012F9B5F86C3F43F04003F5
:10372000A5F86C3F237A277C002B00F0C58040F27F
:1037300083107B4D11F044FFD5F89C3F6FF3184385
:10374000C5F89C3F002F00F0B980012F00F0C28027
:10375000357825F047FF10B128460FF009F9734B73
:1037600093F900001DF02CF994F8CD30002B40F0B7
:10377000BA80617E032025F0A5FD94F8CD30002BA2
:1037800040F0B8806A4A84F8E53004F1410104F160
:103790002D0300BF53F8040B42F8040B8B42F9D100
:1037A0001B8813805E4BD3F8282142F00802C3F82F
:1037B0002821D3F8282142F00402C3F82821D3F8A5
:1037C000282142F00202C3F82821D3F8282142F030
:1037D0000102C3F8282194F8CD20002A40F0AC80E3
:1037E000D3F8242142F00042C3F82421D3F8242145
:1037F00042F08042C3F82421D3F8242142F0005241
:10380000C3F82421D3F8242142F08072C3F8242184
:10381000D3F8242142F08052C3F82421D3F8242184
:1038200042F00062C3F82421D3F8242142F08062E0
:10383000C3F82421D3F8242142F00072C3F82421D4
:10384000D3F8242142F40002C3F82421D3F8242120
:1038500042F48002C3F8242171E0D5F8683F2E4A73
:1038600043F48063C5F8683F2F4B10681860928856
:103870009A8051E7D5F8683F2B496FF38A23C5F842
:10388000683F002024F05AF8307825F097FCB5F80E
:103890006C3F00287FF442AF60F3861340E7D5F811
:1038A000683F1D4A43F48063C5F8683F1E4B1068AB
:1038B000186092889A80E7E703203AE7617C04F178
:1038C000120024F007FCD5F8643F43F48073C5F878
:1038D000643F3DE7174B186808B911F071FE0120ED
:1038E0000EF076FD34E7012B04D194F8F610490967
:1038F00001313FE794F8E530222202FB03432D33E8
:103900000B4A03F1140100BF53F8040B42F8040BF7
:103910008B42F9D144E700BF9C3501206C3801414E
:10392000002401410D370120AC330141D2010020B8
:103930002E250141B0360120012A3FF469AFE24B48
:10394000D3F8242142F40012C3F82421D3F824210F
:1039500042F48012C3F82421D3F8242142F4002237
:10396000C3F82421D3F8242142F48022C3F824216F
:10397000D3F8242142F40032C3F82421D3F82421BF
:1039800042F48032C3F82421D3F8282142F4007293
:10399000C3F82821D3F8282142F48072C3F82821E3
:1039A000D3F8282142F08002C3F82821D3F8282137
:1039B00042F04002C3F82821D3F8282142F0200227
:1039C000C3F82821D3F8282142F01002C3F8282197
:1039D000227A002A00F03B81D3F8042140F28311BF
:1039E00061F30802C3F8042194F8CD20B64B002AF5
:1039F00040F04D81D4F8A42040F27121B2FBF1F2E5
:103A0000D3F8041192B262F31F41C3F80411617E2E
:103A1000D3F8002161F38302C3F8002194F8CE208B
:103A2000022A00F01881042A00F02381012A0ED115
:103A3000D3F8041162F3CC21C3F80411D3F80011B8
:103A400062F30611C3F80011022384F8CE309E4BB6
:103A5000D3F8002142F00062C3F80021D3F800211E
:103A60006FF35D72C3F80021D3F8002142F0804269
:103A7000C3F80021D3F80021962161F31742C3F85F
:103A80000021D3F80021022161F31962C3F800215B
:103A9000D3F800216FF39A62C3F80021227A002A3A
:103AA00000F00C81D3F800216FF30002C3F800216D
:103AB000864B1A6842F480421A6094F8CF20012A9B
:103AC0001A680CBF42F080026FF3C7121A6094F8B4
:103AD000CD107F4A7C4B1088002940F0FF80D4F83D
:103AE0008C20D3F80811121A92B262F31F41C3F866
:103AF0000811D4F88C20D3F80C11121A92B262F388
:103B00000F01C3F80C11D4F88C10D3F80C218331B9
:103B1000091A89B261F31F42C3F80C21D4F8882036
:103B2000D3F81011121A92B262F30F01C3F81011F8
:103B3000D4F88820D3F81011121A92B262F31F4100
:103B4000C3F81011D4F88820D3F814112432121AB3
:103B500092B262F30F01C3F81411D4F88C30C4F898
:103B60009430D4F88830C4F89030574DD5F81831D7
:103B700043F48073C5F81831D5F82C316FF30F0377
:103B8000C5F82C31D5F81831032262F30713C5F8B4
:103B90001831D5F8183162F30303C5F818314D4BCD
:103BA0001A68152161F31F621A601A68192161F3FE
:103BB00017421A60A3F6042306211A6861F31F72E4
:103BC0001A601A68022161F31B621A6094F8CD3002
:103BD000182202FB03430DEB0102D3F8A86001A9F0
:103BE000304625F0CBFAD5F800316FF31C73C5F8D9
:103BF0000031BDF80220D5F8083162F30F03C5F893
:103C000008319DF80420D5F8283162F31743C5F830
:103C1000283194F8CD30002B40F09F80D5F800314A
:103C200043F40043C5F8003122F09EFA01463046C5
:103C300022F0F0FE284B984207D994F8CC3043F09C
:103C4000020384F8CC3014F02FFE03B0F0BDD3F89B
:103C500004210321C4E6D3F8041162F3CC21C3F894
:103C60000411D3F8001162F30611C3F80011042304
:103C7000EBE6D3F8041141F4C051C3F80411D3F8B2
:103C8000001162F30611C3F800110123DDE6012AD9
:103C90007FF4DDAE94F8F410D3F8002161F3CC1278
:103CA000C3F8002194F8F620D3F80011C2F34212B1
:103CB000013262F38301C3F80011C8E6D3F8002192
:103CC00042F00102F2E600BF0024014154340141F8
:103CD000C80100206C3E014138FEFF7FD4F89420DB
:103CE000D3F80811121A92B262F31F41C3F80811F7
:103CF000D4F88C20D3F80C11121A92B262F30F018F
:103D0000C3F80C11D4F88C10D3F80C218431091AA3
:103D100089B261F31F42C3F80C21D4F89020D3F884
:103D20001011121A92B262F30F01C3F81011D4F8F5
:103D30008820D3F81011121A92B262F31F41C3F80F
:103D40001011D4F88820D3F814112532121A92B227
:103D500062F30F01C3F8141107E7012B7FF464AF7E
:103D6000D5F8003143F480435CE700BFEC33012019
:103D70001C00000000000000000000200400000003
:103D800000000000832E0120010000000000000060
:103D9000C435012008000000000000006C33012041
:103DA00020000000000000008C32012032000000E2
:103DB00000000000040000200C00000000000000D3
:103DC000CC3501200C00000000000000443501202B
:103DD0000800000000000000642F01200001000026
:103DE000000000004C3201204000000000000000F4
:103DF0002C3501200C00000000000000D835012007
:103E00000400000000000000FA360120010000005C
:103E100000000000383501200C0000000000000008
:103E2000DC3501200400000000000000100000202C
:103E30005800000000000000E03501200C000000E8
:103E400000000000743701200400000001000000A1
:103E5000AAAAAAAAEC350120140000000000000064
:103E60004C35012008000000000000004C0200203A
:103E70002428010000000000003601202C00000072
:103E80000000000070340120140000000000000059
:103E90002C360120040000000000000084340120C2
:103EA000280000000000000030360120080000005B
:103EB00000000000AC3401202800000000000000D9
:103EC000E4300120640000000000000038360120CA
:103ED000040000000000000068000020080000004E
:103EE0000000000011370120020000000100000066
:103EF000F80E00005435012008000000000000000A
:103F00007000002001000000000000007837012050
:103F10000400000001000000FF00FF7F7800002087
:103F20002C00000000000000FB3601200100000012
:103F3000000000003C3601200400000000000000EA
:103F4000A40000200400000000000000FC36012056
:103F500001000000000000005C350120100000009E
:103F600000000000A8000020100000000000000079
:103F7000EE3201200200000000000000FD360120AA
:103F80000200000000000000AE3501201600000015
:103F9000000000008C330120200000000000000021
:103FA000E83601200200000000000000403401203B
:103FB000180000000000000040360120040000004E
:103FC00000000000842E0120E0000000000000003E
:103FD000EA36012002000000000000006C350120DC
:103FE0000800000000000000D4340120140000008C
:103FF0000000000044360120040000000000000022
:10400000B800002004000000000000004836012035
:104010000800000000000000BC0000202A00000092
:1040200000000000503601200C00000000000000DD
:104030007435012008000000000000005C360120FB
:104040001000000000000000E80000201000000048
:1040500000000000FF360120010000000000000009
:104060007C3501200800000000000000AC33012076
:1040700020000000000000000037012001000000C7
:10408000000000006C360120080000000000000065
:1040900001370120010000000000000074360120FB
:1040A00008000000000000000237012001000000AD
:1040B000000000007C360120040000000000000029
:1040C000033701200300000000000000EC3601204F
:1040D0000200000000000000803601200400000003
:1040E00000000000EE360120040000000000000087
:1040F000843601200400000000000000FC34012090
:104100002000000000000000063701200100000030
:1041100000000000843501201000000000000000B5
:10412000F800002004000000000000008836012094
:104130001000000000000000FC000020080000004B
:10414000000000009836012004000000000000007C
:10415000483301202400000000000000AC310120A1
:10416000500000000000000007370120010000009F
:1041700000000000040100204400000000000000D6
:10418000F236012002000000000000000837012084
:104190000100000000000000083401201C000000A5
:1041A00000000000CC3301202000000000000000CF
:1041B0009C360120040000000000000009370120A7
:1041C0000100000000000000F03201202C0000007F
:1041D00000000000A03601200400000000000000E4
:1041E000480100200E000000000000000A370120F6
:1041F0000100000000000000A436012008000000BB
:1042000000000000F436012004000000000000005F
:104210000B370120010000000000000058010020C1
:104220006C00000000000000943501200800000030
:1042300000000000AC360120040000000000000077
:10424000C401002004000000000000000C37012021
:1042500001000000000000001C35012010000000DB
:1042600000000000F83601200200000000000000FD
:10427000643001208000000000000000E8340120CC
:104280001400000000000000C8010020040000002D
:1042900000000000B0360120040000000000000013
:1042A000CC0100201A00000000000000B4360120FC
:1042B00014000000000000009C35012006000000F2
:1042C000000000000D370120010000000000000088
:1042D000E80100200C00000000000000BE320120B8
:1042E0003000000000000000A235012006000000A0
:1042F000000000001C3301202C0000000000000022
:104300000E3701200100000000000000C836012027
:104310000C000000000000000F3701200100000029
:1043200000000000D436012004000000000000005E
:10433000A8350120060000000000000048310120DF
:1043400064000000000000001037012001000000A0
:1043500000000000F4010020400000000000000008
:104360005834012018000000000000003402002032
:104370000C00000000000000400200200B000000C4
:10438000000000004B0200200100000000000000BF
:10439000243401201C00000000000000D836012059
:1043A0000800000000000000702A01201304000033
:1043B00000000000E03601200400000000000000C2
:1043C000FC3101205000000000000000E436012014
:1043D00004000000000000000000000000000000D9
:1043E00066666666666666666666666680B588B098
:1043F00000AFB96011461A460346FB810B46BB81EC
:104400001346FB80FB893B82BB687B61BB893B8396
:10441000FB887B830E4B1B68FB6110E0FB691B680C
:1044200007F1100210469847034683F00103DBB200
:10443000002B01D0002306E0FB695B68FB61FB6990
:10444000002BEBD1012318462037BD4680BD00BFAD
:10445000243401201FB504466946008800F0AEF9F7
:1044600068B3BDF80230ABB1019B9BB1029BD3B9DD
:10447000A2882088CAB1A368BBB16188FCF722FC7E
:10448000D0B14FF0200383F31188BFF36F8FBFF3D8
:104490004F8FFEE74FF0200383F31188BFF36F8F38
:1044A000BFF34F8FFEE79847E2E7019BBDF802207C
:1044B0000021FCF707FCE3E7208800F0C6F904B010
:1044C00010BD7FB56946054600F078F910B90020A7
:1044D00004B070BDBDF80230A3B1019B93B1029B43
:1044E000CBB92846FCF776FC019ABDF802100646C7
:1044F0002846FCF78DFC022804460ED1B4FA84F05D
:104500004009E5E74FF0200383F31188BFF36F8F75
:10451000BFF34F8FFEE79847E3E740B14FF020032A
:1045200083F31188BFF36F8FBFF34F8FFEE73346DE
:10453000BDF8022001992846FFF758FF0028DDD179
:10454000C5E71FB504466946008800F037F910B981
:10455000002004B010BDBDF8023093B1019B83B1BF
:10456000029BBBB96188A288BDF8023088189842C6
:10457000EEDCA3682088FCF703FCB0FA80F0400969
:10458000E7E74FF0200383F31188BFF36F8FBFF38A
:104590004F8FFEE79847E5E773B5DFF840C00E4D53
:1045A00006460C4600226B46688891B2884201D8C4
:1045B00000200EE00CEBC20103C983E80300BDF844
:1045C0000610B14202F10102EED103CB206061601E
:1045D000012002B070BD00BF283401202804000172
:1045E0002DE970411E4B85B00646186824F047FC43
:1045F000002480462546A04510D865BB2A46314692
:10460000174824F0C7F9012825D04FF0200383F381
:104610001188BFF36F8FBFF34F8FFEE7002201A910
:104620000F4824F0EDFB01280CD1019A33680C48A7
:104630009A4208BF012501A90022013424F0AAF9F9
:10464000E4B2D8E74FF0200383F31188BFF36F8FF4
:10465000BFF34F8FFEE7012005B0BDE8708100BFBA
:10466000D836012010B5044688B108200DF0DEF8D8
:1046700040B94FF0200383F31188BFF36F8FBFF36E
:104680004F8FFEE7024B04601A694260186110BD4B
:104690002834012010B5044688B108200DF0C6F872
:1046A00040B94FF0200383F31188BFF36F8FBFF33E
:1046B0004F8FFEE7024B04601A684260186010BD1D
:1046C0002434012010B5044608200DF0AFF828B1BD
:1046D000034B04805A6942605861012010BD00BF3D
:1046E0002834012000F44063B3F5406F13B514D1B2
:1046F0006946FFF751FF70B9002002B010BD009B62
:1047000033F81400FCF7C0FC0134E4B2BDF8043007
:10471000A342F4D8F0E70024F8E7FCF7B5FCEBE798
:10472000034B00229880C3F80620181DDA6057E773
:1047300028340120054B5B690BB9184670471A886D
:10474000824201D05B68F7E70120704728340120DE
:104750007FB5184B184D5E6904464EB90120FCF731
:10476000EBFC3146286816F009FA002004B070BD51
:10477000FCF7E2FC24B10021286816F0FFF9F4E709
:10478000286824F07CFB0646A642EED9002201A947
:10479000284624F035FB012809D1BDF80400FFF7B5
:1047A000C9FF20B1002201A9284624F0F3F8013402
:1047B000E4B2E9E728340120D83601202DE9704120
:1047C000DFF848C0DFF8488085B086460E460025F1
:1047D0006C4600BFBCF80030AB4201D8002010E0AE
:1047E00008EB05130FCB84E80F00BDF800307345CC
:1047F0000AD1234603CB3060716003CBB060F16017
:10480000012005B0BDE870810135E3E728340120BF
:10481000280300011FB50446008800F44063B3F587
:10482000406F02D1002004B010BD6946FFF7C6FFFB
:104830000028F7D0A28863881344BDF80220934271
:10484000F0DC2046FFF7CCFEEDE738B5044B1C69E1
:10485000054604B938BD2368284698476468F8E7D8
:104860002834012030B585B0044669460088FFF73A
:10487000A5FF002845D0BDF80230D3B1019BC3B1DC
:10488000029BFBB92088FCF797FC2588E0B9019AC8
:10489000BDF802102846FCF7BBFA10F0FD0F2DD032
:1048A0004FF0200383F31188BFF36F8FBFF34F8F57
:1048B000FEE74FF0200383F31188BFF36F8FBFF340
:1048C0004F8FFEE79847DDE7A2887AB1A3686BB106
:1048D00061882846FCF7F6F980B14FF0200383F396
:1048E0001188BFF36F8FBFF34F8FFEE7019BBDF8B9
:1048F000022000212846FCF7E5F9EDE72088FFF7C4
:10490000A4FF05B030BD024B186824F09BBE00BF69
:10491000D836012030B5174D89B0002202A92846AB
:1049200024F06EFA012801D009B030BDBDF80800AE
:1049300000F44063B3F5406F17D16946FFF72CFED2
:104940000028EAD00024CDF816400794BDF80430C2
:10495000A342E2D9009B05A833F81430ADF8143017
:104960000134FFF77FFFE4B2F0E702A8FFF77AFF18
:10497000D3E700BFD836012030B50446008800F4E4
:104980004063B3F5406F85B003D10025284605B0DC
:1049900030BD6946FFF712FF05460028F5D0A28812
:1049A00063881344BDF802209342EEDC2046FFF7F3
:1049B00059FFEBE700F44063B3F5406F37B518D10A
:1049C0006946FFF7E9FD054688B900250CE0009B24
:1049D00033F81400FCF7F0FB0028F6D00134E4B201
:1049E000BDF80430A342F2D8284603B030BD0024FD
:1049F000F6E7FCF7E1FB0546F6E700F44063B3F5A4
:104A0000406F13B516D16946FFF7C6FD80B9012086
:104A100002B010BD009B33F81400FFF752FD0028D0
:104A2000F6D00134E4B2BDF80430A342F2D8EEE788
:104A30000024F8E7FFF745FDEAE7038803F4406345
:104A4000B3F5406F00D07CE5002070472DE9F043BE
:104A5000074689B018220E4602A8002124F07AF9F0
:104A60003C681EF019FA0023237521F00BFFA36F99
:104A7000DA0505D518F0E0FF1CF070FBAFF30080FD
:104A8000B4F85C3001339BB2A4F85C30EBB9B4F8F5
:104A9000503053B1B4F85420524292B2B2FBF3F109
:104AA00003FB11229B1AA4F85430E36FDB070CD5EB
:104AB000D4F8B4114B8943B18A89524292B2B2FB05
:104AC000F3F003FB10229B1A8B81B4F85A300BBB16
:104AD000E06F10F0010040F07D8101460546B4F81A
:104AE00050C0BCF1010F00F08B81D5B9B4F854204F
:104AF000B4F85C309A4240F27C81D21A92B2B2FB96
:104B0000FCF50CFB152292B2002A40F07B81A4F840
:104B1000582075E1013B9BB2A4F85A30002BD7D046
:104B20000025E37D012B66D1A36FDA010CD5D4F803
:104B3000CC0024F0A5FE8046D4F8CC0024F051FE31
:104B40000146404622F0C0FAD4F8C830DB0110D547
:104B500020461BF061FF60B1D4F8CC0024F090FE39
:104B60008046D4F8CC0024F03CFE0146404622F0BA
:104B7000ABFAA26FD4F8803012F0007900F06881AF
:104B8000D4E921929B00403302F1FF384FF6FC72CA
:104B90001A40D4F8CC1002A81DF0BBFAD4E92021A9
:104BA00040F272234B4303EB42032033A8EB090886
:104BB000C4F88C304FEA482305939DF8083043F041
:104BC00010038DF80830E37D012B14D1E3681BB985
:104BD000A36F23F48053A367A36F13F4505F00F017
:104BE0009F81180240F1F78123F40003A367D4F8F2
:104BF000CC0024F0D9FC002D3DD1A36F1A023AD489
:104C0000B4F85A30002B36D1B4F85450B4F85C20C4
:104C1000B4F8500095428CBFAB1A531B9BB2B3FB48
:104C2000F0F100FB1131954289B2E36F9CBF411A4C
:104C300089B2DB0717D5D4F8B4C1BCF80C50BCF866
:104C40000AC095428CBFAB1A531B98B2B0FBFCF361
:104C50000CFB13039BB295429CBFACEB03039BB2CE
:104C6000994228BF194631B1A4F85A100022D4F84D
:104C7000CC0024F093FC1EF00FF9A36F23F03C53FB
:104C800023F44C63A367D4F8C83023F08073C4F8CE
:104C9000C83021F0F7FDA36F9D0729D51EF0FCF861
:104CA000A36F23F0020343F00403A36721F0EAFD9E
:104CB00001A9D4F8CC0023F0D9FC019B5B0A019335
:104CC000226F13442367384623F04AFA94F86D3074
:104CD000D4F8CC0043F0100384F86D3024F0D0FDFC
:104CE000C4F8C000D4F8CC0024F07BFDA4F8BC00CC
:104CF000A36F980211D51EF0CFF8A36F23F4001311
:104D0000A36721F0BFFD204622F0F8FE9DF8083091
:104D1000069043F020038DF80830A36F990540F109
:104D20004181A38F002B00F04E81B4F86830002B36
:104D300000F04981013BA4F86830002384F8283052
:104D40001EF0AAF8A36FD80554BF23F4844323F4BC
:104D50008643A36721F096FD94F86D3059070CD572
:104D600001AB04229E49019701201AF04BF894F8F8
:104D70006D306FF3820384F86D30D4F8443143B161
:104D80001A7C520641BFD3F82220137A43F0200345
:104D9000137294F8F2305B060CD5019494F8F2305B
:104DA00090496FF3861384F8F230042201AB01209E
:104DB0001AF028F8002E00F00A8102AB03CB306015
:104DC000716003CBB060F16003CB3061716109B0F9
:104DD000BDE8F083D4E96D3194F8E420082A18BFC7
:104DE00019464D8905F1FF3CDCF1000545EB0C054A
:104DF00075E69A1A92B2002A7FF481AEA4F8585050
:104E000001258EE6B4F8582022B1013AA4F85820C2
:104E1000022586E600283FF483AE8A899A4212D999
:104E2000D31A9BB24889B3FBF0F200FB12339BB25A
:104E3000002BE5D0B4F85230012BE9D80B8A012BB6
:104E40007FF66EAEE4E79B1A9BB2002BD8D0E9E761
:104E500012F001023FD0D4F88C10D4F8840001F194
:104E6000200808EB430840F2722101FB0088607DB6
:104E700058B10321B0FBF1F101EB4101411A11F0EE
:104E8000FF0F04BF08F272289146B8F5004FBFF437
:104E90009AAE618F40F271224A43963A9045BFF430
:104EA00092AE9B0040334FF6FC721A40D4F8CC10FF
:104EB00002A81DF02EF9C4F88C8001A9D4F8CC000A
:104EC00023F0D4FBD4F88430019AC3EB5223A3EB34
:104ED00009035B0270E69B0003F598734FF6FC72C2
:104EE0001A40D4F8CC1002A81DF013F9D4F88C3075
:104EF000D4F88020D4F8CC007A3303EB4203D4F802
:104F0000842040F2722101FB0233C4F88C3001A9E5
:104F100023F0ACFBD4F88430019AC3EB5223D8E7DA
:104F200099067FF568AE94F86C2092077FF563AE22
:104F3000A18F00293FF45FAE18023FF59CAE25B16A
:104F4000B4F85020012A7FF496AEB4F85820002A15
:104F500041D1B4F85000A4F8681043F400030128CC
:104F6000A36704D1D4F8CC0024F018FB43E6B4F8CE
:104F700054E0B4F85CC0E6458CBFAEEB0C03ACEB80
:104F80000E039AB2B2FBF0F300FB13239BB2E6458B
:104F90009CBFC31A9BB211FB003189B2A4F85A100E
:104FA0000022DFE75A040ED51D047FF5C6AE204669
:104FB00020F0BAFE9DF808308DF8090043F0010397
:104FC0008DF80830B9E6204623F0B0FEF2E702A8DB
:104FD0000AF036FFFBE6002D3FF412AE4BE600BFB1
:104FE000A2040101050701012DE9F04F85B00B78FE
:104FF000012B05D0042B00F0ED8005B0BDE8F08F4B
:1050000004460028F9D04D682B78012B77D0032B6C
:1050100000F08880002BF0D1AB78002BEDD1A94BAC
:105020001F683B1F002600BF53F8042F1AB101363A
:10503000082EF9D1E1E7B046102024F04EFB47F8E6
:105040002600A04B1B6853F826203AB100211160BE
:1050500051609160D16053F82620967253F8286011
:10506000002ECAD0AB88338100233373AB79F3723F
:10507000082024F032FB3060924B1F6897F8F8301C
:105080007BB13A46002300BFB5F804C0B07AD16BBB
:1050900021F830C00133243297F8F800D9B28842A1
:1050A000F2D8336803B300221A605A60237813F0F1
:1050B000080F13D113F0020F01D0F27A2AB113F0C6
:1050C000040F11D0F27A012A0ED113F0010F0BD187
:1050D00001237373304615F081FA05E0237823F03D
:1050E000080323700123B37302238DF80C30338936
:1050F000ADF80E30744B1B6803A898477DE76888AD
:105100001FF0A8FA00283FF478AF1EF0DFFD03235C
:105110008DF80C306B88ADF80E306B4B1B6803A814
:1051200098476AE72B79002B7FF467AF68881FF0F8
:1051300091FA054600283FF460AF036823B39A79DB
:1051400012B3062A07D0082A08D0042A11D02B68E7
:1051500000229A7151E715F041FAF8E75A88198848
:10516000008922F0A5F90728F1D12B6808225A718D
:10517000EDE75A881988008922F0ABF90728E6D1B3
:105180002B6804225A71E2E7227812F0010F3FF4F3
:1051900034AF4C49096891F8F81000293FF42DAF5D
:1051A000002B3FF42AAFAB7B002B7FF426AF12F02D
:1051B000020F01D0EB7A3BB112F0040F3FF41DAFA8
:1051C000EB7A012B7FF419AF01236B73284615F09E
:1051D00005FA12E74F683B78132B3FF60EAF01A29A
:1051E00052F823F035520001FB4F0001CD5200016F
:1051F0004953000137540001FB4F0001FB4F0001F0
:10520000FB4F0001FB4F0001FB4F0001FB4F000172
:10521000FB4F0001FB4F0001FB4F0001FB4F000162
:10522000FB4F0001FB4F0001FB4F0001FB4F000152
:10523000F7540001B8881FF00DFA044600283FF427
:10524000DCAE437B002B3FF4D8AEBB7A0F2B0CD0E7
:10525000052B0AD0BB79062B18D0082B28D0042B9D
:105260007FF4CBAE1CF09EFFC7E62368BA799A7133
:10527000154B1B68002B3FF4C0AE01228DF80C20AB
:105280002289ADF80E2003A89847B6E603681A797C
:105290005AB15A881988008922F00AF907287FF440
:1052A000ACAE236808225A71A7E61CF07BFFA4E687
:1052B00019F00EFE00287FF4A0AE20461CF072FF0D
:1052C0009BE600BFD0350120D4350120B8881FF0FF
:1052D000C1F90446437B002B3FF48FAE0268797A14
:1052E0003B7A03EB012313800268F97ABB7A03EB64
:1052F000012353809A4B1A68037B03EBC30302EB31
:1053000083035B6B5BB1016809881980037B03EB46
:10531000C30302EB8302536B026852885A802368EE
:1053200001221A7197F8FE3093427FF466AE23682B
:105330005A881988208922F0BBF807287FF45DAECF
:10534000236808225A7158E6B8881FF083F9064688
:10535000437B002B3FF451AEBB79152B0CBF4FF0B4
:10536000100A4FF0020A3B89002B55D07C4BD3F832
:1053700000804FF000093DE00134337B03EBC303B1
:1053800008EB830393F84020E3B29A422BD955F8F7
:10539000043F1A7912F0010FEED11868037C5345CF
:1053A000EAD15246594622F0B5F90028E4D104EB7F
:1053B0004403726802EB430207EB0901C87A897A59
:1053C00001EB002191807068019ABA1892F80EC022
:1053D000517B01EB0C2120F81310117B726802EB5A
:1053E00043029170C8E7BB794B441FFA83F93B89AC
:1053F0004B4511D9CDF8049009F10F0BBB44337B19
:1054000003EBC30208EB8202956B92F84030002B4D
:10541000E9D0043D0024BAE797F8FF30012B7FF470
:10542000ECAD304619F054FD00287FF4E6AD30466F
:105430001CF0B8FEE1E5B8881FF00CF98046437B0C
:10544000002B3FF4DAAD3B8943B997F8FF30012BCD
:105450007FF4D3AD40461CF0A5FECEE5404BD3F81B
:1054600000904FF0000B4B462DE00635B44221D0A2
:1054700054F8043F1A7912F0010FF6D0D8F804203E
:1054800002EB050A525B002AEFD11868037C022B5D
:10549000EBD10222394622F03DF90028E5D1019FE7
:1054A0004B4607EB0B02D17A927A02EB0122AAF863
:1054B000002001E0019F4B460BF1040B1FFA8BFB10
:1054C0003A895A45C1D90BF10C09B94498F80C2016
:1054D00002EBC20103EB81018E6B91F84020002AA0
:1054E000EAD0341F013A92B206EB820600250197FA
:1054F0004F469946BCE7B8881FF0ACF80446437B9A
:10550000002B3FF47AAD02685379062B13D0082B99
:1055100016D0042B7FF471AD0023537103685A88B1
:105520001988008921F0D5FF07287FF466AD23682C
:1055300004225A7161E50023537115F04FF85CE5C0
:105540000023537103685A881988008921F0B0FF3D
:1055500007287FF452AD236808225A714DE500BF39
:10556000D0350120F8B58B1E04460E46232B38D8C3
:10557000DFE813F0240037003700370030007A00EE
:105580003700F20037000601490167013700780152
:105590003700E201260239023C0263027F02370033
:1055A000370037003700370037009A029E02370075
:1055B000370037003700A202A502A802D0F8C43095
:1055C000DE0702D501252846F8BD90F8E01021F04D
:1055D00059FBF7E790F8F4309D0712D43D2121F0F4
:1055E00051FBC84B1B68002B40F06F82C64B1D68F7
:1055F000002DE8D031462046A847051C18BF0125DC
:10560000E1E7C37DABB990F8E25094F86D3023F038
:10561000600384F86D3020461EF08CFF212D16D1DA
:1056200001220021204621F073FDE37DABB900216A
:1056300016E0062122F0DCFA0028D2D094F8F430EB
:1056400094F8E45043F0010384F8F430DDE7222DB0
:10565000EBD1204621F05FFFE7E7012BB2D101211A
:1056600020460EF055FCADE790F8E130162B44D003
:1056700014D80E2B28D008D8032BD8D190F8ED30B1
:105680006FF3000380F8ED30D1E70F2B26D0142BF9
:10569000CDD190F8ED306FF34513F3E7232BC6D34C
:1056A000252B3DD9283B012BC1D8D0F8500120B182
:1056B0001FF0A6FC0023C4F8503194F8F2306FF3C9
:1056C000041384F8F230B2E790F8ED306FF3C303BF
:1056D00080F8ED301A211FF099F9A8E790F8ED3025
:1056E0006FF3410380F8ED30C37D13B91FF032FB37
:1056F00068E71A2119F04AF999E7012121F03EFFE4
:1057000023F0E1FB00210546204621F037FF23F07E
:10571000DAFB1A230246294620461FF0D9FC86E709
:10572000D0F84431002B82D0D3F8220060B11FF0B2
:1057300067FCD4F84431002283F8222083F8232028
:1057400083F8242083F82520D4F844011FF058FC66
:105750000023C4F844316AE790F8E25005F0FD05F3
:10576000012D7FF42FAFD0F8B431002B3FF42AAFD6
:1057700000211FF04BF9002120460EF0C9FB22E763
:10578000C57D4DBB90F8E230222B7FF41BAF90F823
:10579000E330042B7FF416AF0B2122F029FA002806
:1057A0003FF41FAF204618F003FD054678B10123F2
:1057B00084F8E33094F8F43023F0030384F8F430F1
:1057C00094F86D3043F0400384F86D30FBE60146F9
:1057D000204620F0FCFE04E7012D7FF4F3AE90F8A4
:1057E000E430222B7FF4EEAE90F8E530042B7FF40A
:1057F000E9AE022380F8E53090F8F4306FF300034F
:1058000080F8F430DFE60C2116F0DAFD05460028BA
:105810003FF4D8AE94F8E230022B06D1002684F88B
:10582000E260204620F0B8F8A5E794F8F2301907B6
:105830003FF5C8AE20461EF029FC00287FF4C2AE1A
:10584000CFE623F0D3F900283FF4F1AE94F86D30A1
:1058500023F0600384F86D3000221A21204621F0E5
:1058600057FCE4E690F8E450002D7FF4ABAE1DF059
:1058700079FF002852D0112384F8E4300F2120460C
:1058800016F09EFD002800F00981D4F8B87123F0CD
:1058900067FE012826D97B8B628FD4F8CC009A4210
:1058A0001ABF40F2E2415943294623F01EF8A4F8FA
:1058B000A800B4F8A82032B1798BB2FBF1F301FB58
:1058C0001323A4F8A83020461FF06AFE054660B1F5
:1058D000204620F0E4FA94F8F23043F0010384F813
:1058E000F23070E6A4F8A850EDE7E37D73B9042127
:1058F00020460EF0EFFC00287FF464AE002384F80D
:10590000E4306EE6883601208C360120012B7FF4CE
:1059100059AE102120460FF001FDECE70F211E22A9
:1059200020461CF0EFFD0121054620460EF0F0FA5E
:10593000002D3FF456AE45E690F8E230132B2BD005
:105940000ED8082B37D0112B7FF471AEC37DDBB995
:1059500090F8E0101A2911D101210EF0BBFC6CE780
:10596000213B012B3FF663AE90F86D3090F8E010CC
:1059700023F0600380F86D30002270E790F8F23079
:10598000DA077FF554AEB5E690F8F230DB077FF525
:105990004EAE90F8E010ADE6012121F0EFFD23F0CE
:1059A00092FA00210546204621F0E8FD23F08BFA0B
:1059B00094F8E030AEE690F8E0101CF003F936E61B
:1059C000122116F0FDFC18B920461EF0B3FDF9E5D2
:1059D00094F8E430002BF7D11321204622F008F987
:1059E0000028F1D1FDE51EF0A5FD20E690F8E43099
:1059F000002B7FF4E7AD142116F0E2FC00284DD017
:105A000094F8E430002B7FF4DDAD142120460DF036
:105A1000FEFB054620461EF063F820B90121204612
:105A20000EF076FADDE5002D3FF419AE20461FF0AA
:105A30006CFD204621F0FCFB11E690F8E230052BCE
:105A400001D0032B10D1D4F8B4316BB1152120460D
:105A50000DF0DDFB00283FF4EAAD20461FF055FDB8
:105A6000204621F0E5FBE2E51521204621F075FDF9
:105A7000A8E590F8E430002B7FF4A4AD132380F860
:105A8000E430162116F09CFC40B1E37D204613B9AA
:105A900009F0DEF92FE71BF011FA2CE794F8E63055
:105AA000002B7FF48FADDAE520F0A0FB05463FE741
:105AB000002120F00EFDBAE515F092FAF6E706F0A7
:105AC000DDFBF3E711F0A8FFF0E7314620469847E9
:105AD00000283FF48BAD75E570B50378C4B004467B
:105AE000202B3BD8DFE813F021004C0013023A00D2
:105AF0003A003A003A006F003A0042013A003A0098
:105B0000710198023A003A003A009E01EC019200BD
:105B10001A023A003A003A003A003A003A003A00D3
:105B200022024D0271023A00CC01C58828461FF0BE
:105B3000E3FD0246A8B9B84B0093CDE90150042318
:105B40001021EE200FF03EF900220434019200945F
:105B5000062305214FF4827020F0F0FA012044B0B2
:105B600070BD1FF0E5F9E388ADF81230237A8DF8A7
:105B7000143004A801238DF810301BF0BDFBE3E7BF
:105B8000C58828461FF0B8FD024680B90123CDE93B
:105B90000153A14B009310210423EE200FF012F9C2
:105BA000002204340192009406230821D2E7032343
:105BB0008DF8103004A82379ADF812508DF8143008
:105BC0001BF09AFBECE7C58828461FF095FD0246BE
:105BD00080B90723CDE901538F4B00931021042393
:105BE000EE200FF0EFF80022043401920094042319
:105BF0003021AFE703238DF8103004A82379ADF8E6
:105C000012508DF814301BF077FBECE7037A834DCC
:105C1000012B60D1286800F5DA700EF01DFE2A68AD
:105C20001378002123F001031370084620F018FABE
:105C30001CF0BCFF2379002B40F08580E38800280E
:105C400062D12278CDE90132754B009302460423DC
:105C50001121EE200FF0B6F823798DF8123004F1FF
:105C60000A06E388ADF814303146237A607A8DF85D
:105C7000163020F08FFDE389ADF81C30637D8DF880
:105C8000170003F0C003D4F80A000690402B5FD140
:105C9000234653F8102FCDF81E209B88ADF82230F4
:105CA0002346002553F8160F09909B88ADF828303D
:105CB000A38BADF82A3004A8D4F81E300B9304341B
:105CC0008DF810501BF018FB0195009420232A46F4
:105CD0004FF49F713EE72A68137823F00403137092
:105CE0000221002020F0BCF92B6803F5087203F5AF
:105CF000107300BF52F8040B10B1C178012999D07C
:105D00009342F7D1002095E703800223C370237AE2
:105D10008370A38B8381E38BC381238C03822B68E5
:105D200093F821200271627D02F0C002402A0ABF6E
:105D3000234653F8221F53F8101FC0F80510421DC8
:105D40009B88938088E7002886D01FF0F1F883E7CE
:105D50002B6893F82120022A02D153F8222F9AE7C8
:105D60000023CDF81E30ADF8223099E7C5882846CB
:105D70001FF0C2FC024688B90923CDE90153264B26
:105D8000009310210423EE200FF01CF800220434AD
:105D9000019200940A2340F23E31DBE60023837433
:105DA00002238DF81030E388ADF8123023798DF896
:105DB00014302389ADF81630A268A389069204A88E
:105DC000ADF81C301BF098FAE0E7858828461FF0F4
:105DD00093FC024688B90C23CDE901530E4B009386
:105DE00010210423EE200EF0EDFF00220434019276
:105DF00000940A2340F23E61ACE606238DF8103091
:105E0000D4F80630059304A8D4F80A30ADF812503F
:105E100006931BF071FAE8E79CED0101A400002055
:105E2000D0ED0101C58828461FF066FC90B911230A
:105E3000CDE901537C4B0093024604231021EE2050
:105E40000EF0C0FF00220434019200940C2340F2B3
:105E50003E417FE62379002BF4D1237A9B0605D5BA
:105E600044F29022FB2100881AF01EFC17238DF8C3
:105E7000103004A8E388ADF812301BF03DFAE1E7DA
:105E8000858828461FF038FC024680B92023CDE9DA
:105E90000153654B009310210423EE200EF092FF76
:105EA00000220434019200940223572152E60B236E
:105EB00004A88DF81030ADF812501BF01DFAEFE772
:105EC000C58828461FF018FC024688B91223CDE980
:105ED0000153554B009310210423EE200EF072FF66
:105EE0000022043401920094062340F63E4131E63C
:105EF0000C238DF8103023798DF8143004A82389F1
:105F0000ADF81250ADF815301BF0F6F9E8E70022B5
:105F10000434019200940A230C211BE6002204346D
:105F200001920094042341F23E4113E6C5882846BD
:105F30001FF0E2FB024688B91C23CDE901533A4B1E
:105F4000009311210423EE200EF03CFF00220434C4
:105F5000019200940A2342F23E11FBE514238DF8CE
:105F6000103023798DF81230A26894F90C30ADF816
:105F7000145004A8CDF816208DF81A301BF0BCF987
:105F8000E4E7858828461FF0B7FB024688B91D2341
:105F9000CDE90153244B009311210423EE200EF090
:105FA00011FF0022043401920094042342F23E01C6
:105FB000D0E516238DF8103004A8E388ADF8125010
:105FC000ADF814301BF098F9EBE7C58828461FF0B0
:105FD00093FB024688B91E23CDE90153124B00936F
:105FE00011210423EE200EF0EDFE00220434019274
:105FF00000940C2343F63E61ACE518238DF8103075
:10600000A368CDF8163004A8E368ADF81450CDF8B5
:106010001A301BF071F9E8E7002204340192009471
:106020000A2340F23E7195E59CED01012DE9F04710
:106030008AB0C7B20E460192002F40F0B58001A988
:1060400003A821F057FA01A904A821F053FA01A9E5
:1060500005A821F04FFA039B9A0446D53568DFF86E
:1060600058822B6D98F8002095F80FA0342402FB7D
:10607000043494F82B30013384F82B3023F0B2FA37
:10608000002800F09580DFF82C92D9F86C0FC0F34F
:106090000030002840F08C80D9F8683F1B0340F1A5
:1060A00087800AF0FD0ABAF1010F40F08180D9F82B
:1060B000603F99057CD5D9F8683F9A0078D57C4A2D
:1060C000D9F8683F1278C3F302639A4270D020F087
:1060D00005FDD9F8283143F00803C9F82831D9F86B
:1060E000283143F00403C9F82831059BDB052CD582
:1060F000704BD3F81C31C3F3C303072B25D133688E
:106100006D4A1B6D1278342402FB04340021E569CA
:10611000023528460DF012FC68B10378DF060AD577
:10612000042128460DF00AFC28B181784909013183
:10613000032023F0C7F8614B1A682379C2F3411298
:1061400003F00F0343EA0213237105998C0515D55B
:106150003368594A10781A6D342300FB0323012257
:1061600083F82C20534BD3F81C21100240F1E3811B
:10617000D3F8242142F48022C3F824214B0513D5FF
:106180004D4B30681B788DF818304D4B1B788DF8CF
:106190001A304C4B1B788DF819304B4B06A91B78E5
:1061A0008DF81B3002F07EFC00200AB0BDE8F087BD
:1061B000FF238DF80B3022F0A5FD002847D123F0F6
:1061C0000BFA002843D13B4BD3F86C3F1B053ED460
:1061D0002A6D98F80010342301FB03239A78DB69B9
:1061E0003ABB93F80090686AC9F380190368CDF848
:1061F00019308388ADF81D309DF818300DF10B0172
:1062000069F3000306A88DF8183014F0BBFFF0B155
:10621000002020F063FC274BD3F8282142F008022D
:10622000C3F82821D3F8282142F00402C3F828211A
:106230005BE7987800F03F02D81C1044012110F869
:10624000029BC9F380190DF079FB0028CED1032001
:106250001FF042F9174BA278D3F8201102EB11621C
:10626000A270D3F82021E178C2F307420A44E27019
:10627000D3F8282142F00802C3F82821D3F82821B6
:1062800042F00402C3F82821D3F86C1F9DF80B409C
:10629000AA7B080500F15981D3F8681F890040F1F5
:1062A0005481032A1CD8DFE802F011ADBEDE00BF26
:1062B0001037012000240141F5010020C0340141C4
:1062C000F4010020F6010020F7010020D3F800219E
:1062D0006FF34102C3F80021A349002021F02EFBF7
:1062E0006B7C012B4CD198F800102A6D342301FBF4
:1062F00003239E491A78002A40F0C6809878D1F886
:106300001C21D1F81C110128C2F3C302C1F34101C1
:1063100006D193F82B00012802D162B1062A0AD0D7
:10632000588840F2011290422AD193F82B20022A79
:1063300026D1022924D18D4AD2F81C21C2F3C302EE
:1063400012B1062A40F0B1806C6A5CB1DFF8289285
:1063500006222146484621F0DDF9002840F0B580AC
:10636000834B9F7082498A780C2303FB02121379B6
:10637000013BDBB21371002B7FF44AAF01230B709A
:1063800098F80000794A342310FB03F0D2F81C314E
:10639000C3F340331BB9D2F81C31C3F38023D2F8C6
:1063A0006C1F0C0517D4296DD2F86C4F014414F4FE
:1063B000807F0B4400F0A680D2F8681FC1F34074C0
:1063C000890040F19F8083F82540D2F8682FC2F3FE
:1063D000026283F82920654AD2F86C3FDF043FF55A
:1063E00084AED2F86C1F2B6D8C05034440F18E8077
:1063F000D2F8682F1003C2F3C04140F1878083F8C0
:10640000271072E6D3F8002142F00202C3F80021FF
:1064100058481CE0FF2C0AD1D1F800316FF341033A
:10642000C1F8003158E7D3F8684FC4F3026420463E
:1064300022F0C4FE4D4BD3F8002100287FF448AF72
:1064400042F00202C3F80021204622F0BFFE19F0FC
:10645000B5FE45E7FF2C0AD1D1F8003143F0020325
:10646000C1F80031D4E7D3F8684FC4F30264204682
:1064700022F0A4FE3D4BD3F8002142F00202C3F803
:1064800000210028E0D0C3E75888D1F81C2140F251
:1064900001118842C2F341027FF472AF93F82B10CE
:1064A00001297FF46DAF022A44E7DC69A37803F089
:1064B0003F031C440534002120460DF03FFA2046DE
:1064C00001210DF03BFA04463FE70137FFB2082FE8
:1064D00009F10C097FF43CAF254B5A780C2101FBE4
:1064E000023001270771C0F806702168C0F80A1051
:1064F0005A789A70072AA188C1810CBF0022013204
:106500005A702FE7002283F8252064E7002283F8E1
:106510002720164AD2F86C1FC1F34020890506D502
:10652000D2F8682F120302D483F82800DDE5002298
:1065300083F82820D9E5D3F81C21D2017FF51EAEBF
:10654000D3F8242142F4002216E60849032A3FF634
:10655000C7AE01A050F822F0CD6200010564000131
:106560001564000155640001AC3301410024014170
:1065700048310120A8350120523101202DE9F04F8A
:10658000044699B005284CD8DFE810F006004B000F
:1065900037024A025D026302BF4E33681A78D7069B
:1065A00002D5D86B13F002F8BC4BD6F800E01D689A
:1065B000D5E91823CDE9042300220023C5E91823D7
:1065C0000EF106030EF12E0213F8010B04449A4259
:1065D000A4B2F9D1E408222C9CBFC4F12504E0B296
:1065E0004FF0000488BF0220A44600BF9EF803308D
:1065F00063451AD2D5E91823CDE90A23A84B9A6935
:10660000002A58D1DB68002B55D1A54B9B68002B85
:1066100040F0E581A04B186828220021063022F0C6
:1066200099FB002019B0BDE8F08F24214FF000083D
:106630008B1CDBB20C2B28D00B2B4FF001032FD877
:10664000CF18A1F11F02C7F1200603FA02F223FAC4
:1066500006F63243BB40D5E9167603EA070A02EA9A
:10666000060B5AEA0B0610D00EF10806765C66455A
:106670000BD1D5E918763B4332430134C5E91832D2
:10668000E4B2A04298BF4FF0010801398E1CCFD16F
:10669000B8F1000FAED10CF1010C5FFA8CFCA5E74C
:1066A000A1F12002C1F1200603FA02F223FA06F654
:1066B00032438B40CFE77B4BD3F800A0BAF1000FF9
:1066C000A3D0774DAB69002B00F05F81DAF808307A
:1066D0001A7A042A40F059811D686F4B012128461F
:1066E0001E6820F04BFFDDE90A23DDE9047843450D
:1066F00008BFBA4204D195F8F230990640F12281E0
:10670000C0F347000644284696F840B020F06EFAE1
:106710000990002800F0168195F8F2309A0644BFDF
:106720006FF3451385F8F230D5F850315B4A002BF2
:1067300000F09980D3E90031079301F01F0308931B
:106740001368D3E91810079B1940089B1840CDE93E
:10675000161000262622012334465C4503D2013A56
:1067600012F0FF026FD1079B0293089B01934E4BDF
:10677000009302220123D421EC200EF023FB5C4580
:1067800080F0BB80444B1B680D93DB781593DDE9EB
:10679000167300200693A4462421149086460C907C
:1067A0008B1CDBB20C2B39D00B2B4FF0010267D8BE
:1067B0008B189846C8F12009A1F11F0302FA03F3D0
:1067C00022FA09F9464643EA0903B2400D9E06F152
:1067D000080919F80190814520D102EA07061096B0
:1067E000069E1E401196DDE9108958EA090615D16A
:1067F000079E16401296089E1E401396DDE91289E8
:1068000058EA090652D017430134069AE4B21A43F3
:10681000A345069200F02281099B149301398E1C36
:10682000BED10130159BC0B2834227D2149B13B155
:10683000069B16971793DC45DDE9162342D200210B
:106840000846012794E001EA03070E9700EA0607CD
:106850000F97DDE90E7857EA08071CBF0134E4B250
:10686000DB18764179E71368D3E918234FF0FF3737
:10687000CDE916231F23CDE9077374E724218FE7A1
:10688000A1F12003C1F1200902FA03F322FA09F968
:1068900043EA09038A4099E72C02002044010020C2
:1068A000F8010020B80100203EC00101E345B5D940
:1068B00042EA0E0E0C9A0CF1010C1A430C925FFA8C
:1068C0008CFCABE70C994EEA02021943CBB2CDE93E
:1068D00016210193664B0292009302220123D421D8
:1068E000EC200EF06FFAD5F8503133B9614B1968CE
:1068F000DDE91623C1E918235C46DDE91623DDE94D
:1069000004018B4208BF82421CD0012128461CF0A2
:1069100049FFB8B108200FF0DFFD0346C5F8B40108
:106920009DF85C20169818601A71534B28469B6995
:106930009847524B0190009302220123D421EC206E
:106940000EF040FADAF800A0B8E600BFC1F1240664
:10695000A6F1200CC6F1200007FA0CFC27FA00F083
:106960004CEA000007FA06F6034309983243013166
:10697000CEB2B345EAD808B1CDE91623169B0293EF
:106980009DF85C3001933E4BA6E7EB68002BD9D015
:10699000DAF808301A7A052AD4D11E68354B1B68FC
:1069A000D3E91823DBB20193364B02920093022203
:1069B0000123D421EC200EF005FA96F8F230DA0625
:1069C000C0D5DDE90A23DDE904018B4208BF82421C
:1069D000B8D0EB68304698472B4B0190ABE7254A7F
:1069E0001068DDE90412D0E91845954208BF8C42D1
:1069F0003FF410AE603098470CE6244C236800202A
:106A0000196B18F0C3FC28B92268137843F01003FF
:106A1000137006E6184841681C300BF06BFD00E669
:106A20001A4C23681B78DB0604D5134841681C30D8
:106A30000BF060FD23681A786FF304121A70236854
:106A40000022DA63EDE5114B1B68D86B12F0AEFD46
:106A5000E7E5094B08465B699847E2E5069B9DF828
:106A600018601793169702970196094B34E700BFF9
:106A700051C0010144010020F801002079C001014A
:106A800065C0010189C001019BC001012C020020E9
:106A9000ABC001012DE9F04F04468BB000230D4639
:106AA00007A80DF11A01ADF81A301EF05DFF94F839
:106AB0005230012B18D1079AA36DBDF81A101A4451
:106AC000B4F854300B449BB240F2E1418B42C2F324
:106AD0001602079285BFA3F2E2430132ADF81A30E5
:106AE000ADF81A3088BF0792994E0799326892F82C
:106AF000403203F58C73204632F81330BDF81A206B
:106B00001EF0D0FB3746F8B1202194F850001FF05A
:106B10006DFF94F8503043B9204613F091F92A469E
:106B20000121204615F084F90BE063786FF38203AE
:106B300063703368D3F8081219B92A46012014F09B
:106B4000DBFA0BB0BDE8F08F1CF0A6F93368D3F880
:106B500004620EB9D3F808621FF094FE63699C4288
:106B600009D06378990606D44FF4802194F8500038
:106B70001FF03CFFD0E7002E52D096F80080B8F10D
:106B8000030F3DD0B8F1020F4AD1B3785A0737D47A
:106B900094F85230E069F169D4F824C0DFF8B4E128
:106BA000012B04BFA36DC01A96F8523008BFC0F382
:106BB0001600012B08BFB26D3B6804BF8A1AC2F3EE
:106BC000160193F8402203EB4203B3F83822B3F8DE
:106BD0003C321A4440F23913B2FBF3F2B36A013289
:106BE00013440B448A1A0CEB000103EA0E0302EA79
:106BF0000E0201EA0E0122F081F9002800F08F80D8
:106C000094F85010002940F08E8096F85030012BF7
:106C100066D1B8F1030F2A4674D130461AF084FCCD
:106C200094F850300193002B40F08780E36E002BE6
:106C300040F08C80A36E003318BF01230022CDE901
:106C4000082213F0010202921EBF3A68D2F80C2209
:106C5000089213F0100305930CD0029A029B0AA924
:106C600001EB820239680133D1F8141242F8081C92
:106C7000DBB2029308AB0493D7F80090354A0023A7
:106C800003934FF0FF3B984640F2391EDDE90213B3
:106C90008B4240F0C680236A5B4540F2F580A362D8
:106CA000B8F1000F00F0F680019B002B40F00D8141
:106CB00098F85030012B00F0ED8094F8512098F8AE
:106CC00051309A4280F0E680204613F0B9F82A4607
:106CD0000121204615F0ACF844457FF432AFD9E0ED
:106CE000B37813F0100301D02A4696E794F85110B8
:106CF00096F8512091420AD9B8F1030F2A4601D1E2
:106D000019468AE70121304615F092F888E72046B7
:106D100013F096F82A460121204615F089F8B4426E
:106D20007FF40FAF7CE74FF4000101201FF05EFEFF
:106D300063786FF382036370F1E7019B012B05D148
:106D4000E36E002B14BF0023112377E7002375E7C0
:106D5000B0010020FFFF7F0004980B680360886883
:106D600084425ED043785B075BD5059B2BB190F8DE
:106D7000511094F85130994253D994F8523099F8FF
:106D80004072012B08BFA16DE36908BF5B1A90F840
:106D9000521008BF1340012908BF866DC16904BFA6
:106DA000891B1140CE1A16F4800F46D009EB470715
:106DB000B7F83862B7F83C72B6FBFEF6B7FBFEF7E1
:106DC0003744066A0E440237164037441740DF1B2B
:106DD0007F024BD499F8406209EB4606B6F838C2F8
:106DE000B6F83C62BCFBFEFCB6FBFEF6B4440CF10C
:106DF000020C00BFA1EB0C071740A7EB030A1AF423
:106E0000800F02D0866E002E34D1D91B490202D4E5
:106E10007B40134205D10AEA020ADA453CBFD34659
:106E20008046049B1968002996D1039B0133DBB28D
:106E30000393049B0433049328E709EB4707D4F832
:106E400020C0B7F83862B7F83C72B6FBFEF6B7FB65
:106E5000FEF73E4403EB0C07023617403E44164053
:106E60008E1B7602B6D5C4F828C001E0236AA3625F
:106E7000804619E706F59C76760040F27127B6FB4E
:106E8000F7F631441140B5E7636A9B4594BFC4F8F7
:106E900028B0A3622378012B7FF453AE402194F8ED
:106EA00050001FF0A3FD204612F0CAFF02232370FA
:106EB0000B4B94F850201B6803EB82032946C3F860
:106EC000FC41204620F0C1FE3BE64FF400010120CA
:106ED0001FF08CFD63786FF382036370FCE600BFE4
:106EE000B001002070B596B00378032B04D0012BBD
:106EF00000F07A8116B070BD44682378062BF9D86B
:106F000001A252F823F000BFE36F0001256F0001DA
:106F1000F56E0001F56E0001F56E00016370000171
:106F20007B6F0001BD4B1B78002BE3D0A0881EF0C7
:106F3000B3FB04460028DDD08378002BDAD103A907
:106F4000807F0DF03FFA70B911AB0DF142020DF1E7
:106F50003A01208820F072FC0028CBD10121208842
:106F600020F0ECFDC6E7208821F066F90028C1D1A9
:106F70000021208820F0E2FDBCE7A84B1B78002B05
:106F8000B8D0A0881EF088FB05460028B2D08378D0
:106F9000012BAFD14C22002103A821F0DBFE03A975
:106FA000A87F0DF00FFA70B99DF8542012F0020F6F
:106FB00009D0A37913F0040F0FD012F0010F02D003
:106FC00013F0080F09D0A08821F043F9002891D1CF
:106FD0000021A08820F0B2FD8CE7A08821F046F9BE
:106FE00088E7A3795BBBA0881EF056FB0546002806
:106FF00080D0A288237A03218DF80C10ADF80E20E2
:1070000000228DF811208DF8123003A81BF08AFDA4
:107010000123EB72D4F80900D4F80D10D4F8112034
:10702000D4F81530E86029616A61AB61AB78002B58
:107030007FF460AF0121288820F080FD5AE7A18805
:10704000E27904208DF80C00ADF80E1000218DF8C7
:1070500011108DF812308DF8132003A81BF062FD7B
:1070600048E7A0881EF018FB064600283FF442AF10
:107070004C2022F032FB054600283FF43BAF4C2267
:10708000002121F067FE04F1780393E803002860F3
:10709000A980090CA971284611F0B2FC0346082802
:1070A00053D0B377B278002A7DD194F8222012F021
:1070B000010F64D0A668E06821696269AE63E86385
:1070C00029646A64A66EE06E216F626FC5F807607E
:1070D000C5F80B00C5F80F10C5F8132094F822204E
:1070E000920895F8481062F3870185F8481094F8E3
:1070F0002220C2F34002C9B262F3410185F8481070
:1071000094F8221095F8482061F3000285F8482091
:10711000666AA06AE16A226BC5F81E60C5F82200A3
:10712000C5F82610C5F82A20606BC5F81700218F16
:1071300094F83A20A5F81B106A77294618460FF0F4
:10714000A3FF284622F0CDFAD4E61FF0E7FD034660
:107150000828A6D105238DF80C303388ADF80E3001
:1071600008238DF8113003A81BF0DCFC1FF0D6FDBE
:107170000346082895D1284622F0B3FABAE6E66C11
:10718000206D616DA26DAE63E86329646A64D4F812
:107190005E10D4F86220C5F82E10C5F83220B4F87D
:1071A0005C20EA868EE7D4F808C0E068216962694D
:1071B000C5F838C0E86329646A64D4F808C0E06898
:1071C00021696269C6F80CC030617161B261A66E56
:1071D000E06E216F626FC5F80760C5F80B00C5F857
:1071E0000F10C5F8132079E744682378052B17D0D2
:1071F000032B7FF47FAE2379002B6DD163880322AC
:107200008DF80C20ADF80E3001238DF811300023DD
:107210008DF8123003A81BF085FC6BE6832E01204D
:1072200060881EF039FA054600283FF463AE01215C
:10723000008820F083FCEB7AA3BB03A9A87F0DF0A4
:10724000C1F8C8B911A9288820F0BCFD00283FF476
:1072500051AE638804228DF80420ADF80630012376
:107260008DF8093000238DF80A308DF80B300DEBC6
:1072700002001BF057FC3DE6288820F0D0FF638811
:1072800004228DF80420ADF8063001238DF8093072
:1072900000238DF80A308DF80B300DEB02001BF047
:1072A00041FC27E6294631F80C0B20F08BFD002825
:1072B0003FF420AE638804228DF80C20ADF80E3028
:1072C00001238DF8113000238DF812308DF8133022
:1072D00003A81BF027FC0DE6638804228DF80C2020
:1072E000ADF80E3001238DF8113000238DF81230E7
:1072F0008DF8133003A81BF015FCFBE52DE9F04FCA
:10730000D3B00D46044600230146782214A80C93FE
:1073100021F018FA05B12E95DDF8B8A0BAF1000FEA
:1073200000F0C0811B9B0A93AA4B1B680193D3F802
:107330000C220023029312BB9DF8A23011932A9BCA
:1073400012931C9B0F930A9B0093029B03930C23A5
:107350000E93049206929346039B2BB10E9B013B26
:1073600013F0FF030E9320D1049B0BB1009B1B93E2
:107370001B980A9BC01AC0B253B0BDE8F08F936847
:107380009C4210D0D96E71B959698B420BD1996E5C
:1073900049B1029952A800EB810141F8803C029B5F
:1073A0000133DBB202931268C5E752AB03EB8B03E8
:1073B00053F8805C002D00F06F81AF6EBA458BBF33
:1073C000BAFBF7F3B7FBFAF307FB13A30AFB13733C
:1073D00023B3AAFB07013E465246C6B933461EF008
:1073E000D3FC012908BF002880F09980002800F014
:1073F0005581B0FBFAF3DBB2092B0C9305D9B0FB36
:10740000F7F0C0B2092800F28A80022307E0B2FB3D
:10741000F6F306FB132332461E46DEE70123EA6934
:107420000592119A012A05BF009A1299DDF8008091
:10743000A2EB010895F8522008BFC8F31608012AEC
:1074400005BFAC6D059A059C141B08BFC4F3160458
:10745000012B2B6A099340F08380A8EB04035802A8
:107460001ED5019B5C4893F8401203EB410107F5E0
:107470009C72B1F83832B1F83C120B4440F2391129
:10748000B3FBF1F3A4EB0801DB43520040F2712798
:107490000140B2FBF7F213448B429CBFA41A044094
:1074A000019B4D4D93F8402203EB420240F2391903
:1074B000B2F83802B2F83C32099AB0FBF9F0224433
:1074C00017460F9AB3FBF9F308EB020901332F407B
:1074D00009EA050901301F449944221A2F4009EA9C
:1074E0000509A8EB00003B462A404946284021F008
:1074F00005FD064698B1A9EB07035902009B0490CD
:1075000054BFA9EB0808A7EB080803F1030908EA30
:1075100005054D44C5F316030093CDF818B00BF1E3
:1075200001035FFA83FB029B5B4508BF4FF0000B32
:10753000039B013B13F0FF0303937FF40DAF002E79
:107540003FF412AF069A029B01325FFA82FB029A65
:10755000013BDBB25A4508BFDDF80CB00393FBE6F4
:10756000019B1D4893F8402203EB420240F239117F
:10757000B2F83862B6FBF1F301330793E31A034024
:107580000D93099BE518B2F83C32B3FBF1F20540CC
:107590000132334407F59C77B3FBF1F3013305EB7C
:1075A000020810937F0040F271234FF00009B7FBEF
:1075B000F3F313931223089208EA00080B934E4644
:1075C0000C9B99450AD3069B002E18BF5B46069379
:1075D000A5E700BFB0010020FFFF7F000B9B013B30
:1075E00013F0FF030B935BD00AFB09F707F59C77B9
:1075F00040F271237F00B7FBF3F7009B079A1F440B
:10760000294B1F40B81A0F9AB918089A194011440B
:1076100018401940EA1B520205D57A1B02EA030CF6
:10762000109A624522D343460D9A21F067FC68B355
:10763000109B0799059C04901D441B4B1D40EF1B9C
:10764000009D1F4003357A190092059A521A1A407C
:107650000D920999059A5518089A1D4002EB0508E4
:1076600008EA03084FF000090646A9E7139A1444F4
:10767000079A1C40A21A1A400D92099A1519089AE5
:107680001D4002EB050808EA0308C3E709F10109F8
:107690005FFA89F93046E7E72E4640E706463EE7BF
:1076A0000B9E3CE7504667E6FFFF7F002DE9F04167
:1076B00088B0C7B20E460192002F40F0D98001A9D0
:1076C00003A81FF017FF01A904A81FF013FF01A9C9
:1076D00005A81FF00FFF039B9C043AD5346821F0E6
:1076E00081FF002800F0C880C54DD5F86C3FD80454
:1076F00000F1C280D5F8683F190340F1BD80D5F88C
:10770000603F9A0540F1B880D5F8683F9B0040F192
:10771000B380BC4AD5F8683F1278C3F302639A423B
:1077200000F0AA8094F8CC3043F0020384F8CC3007
:1077300011F0BAF894F8CD302BB9D5F8283143F0D0
:107740000803C5F82831D5F8283143F00403C5F8FB
:107750002831059BDA0545D5A94B3468D3F81C318F
:10776000C3F3C303DAB2072A84F8F03040F044814F
:10777000D4F88C5005F10208002140460CF0DEF8E8
:1077800080B30378DB062DD5042140460CF0D6F8F3
:1077900088B10388A4F8F430837884F8F6308178CF
:1077A0004909012900F02681022908BF0227013179
:1077B000032021F087FDAB7803F0C003402B11D1EB
:1077C000222303FB07432D338F4A03F1140100BF2B
:1077D00053F8040B42F8040B8B42F9D11B88138039
:1077E00084F8E570059B98053CD5336893F8CD2067
:1077F000002A40F00F81824BD3F8282142F0080282
:10780000C3F82821D3F8282142F00402C3F8282124
:10781000D3F8282142F00202C3F82821D3F8282106
:1078200042F00102C3F82821D3F80C21D3F8081143
:1078300092B262F31F41C3F80811D3F81021D3F8B4
:107840001011120C62F30F01C3F810116C4BD3F836
:107850001C21110240F1E780D3F8242142F4802258
:10786000C3F82421059B5B0502D5306800F08CFF2E
:10787000002008B0BDE8F081FF238DF80B3021F027
:1078800041FA00284CD121F0A7FE002848D15C4BDA
:10789000D3F86C3F1D0543D494F8F030072BD4F88F
:1078A0008C302FD01D78D4F88800C5F3801503687C
:1078B000CDF819308388ADF81D309DF818300DF1E2
:1078C0000B0165F3000306A88DF8183013F05AFC7D
:1078D00030B394F8CC3043F0020384F8CC3010F08D
:1078E000E3FF94F8CD20464B2AB9D3F8282142F083
:1078F0000802C3F82821D3F8282142F00402C3F873
:10790000282126E7987800F03F02D81C1044012176
:1079100010F8025BC5F380150CF010F80028C6D1F2
:107920000023A376364B9DF80B50D3F86C1F227EB4
:10793000080504F11B0800F18080D3F8681F890056
:107940007BD5032A3FF605AFDFE802F00F021239BC
:10795000D3F8002142F00202C3F800212B4818F0AE
:107960002DFCF6E6FF2D07D1254BD3F800210AE0C8
:10797000D3F8685FC5F30265284621F01FFC204B51
:10798000D3F8002140B16FF34102C3F80021204930
:1079900000201FF0D3FFDCE642F00202C3F8002112
:1079A000284621F013FC054618F008FC0123A376B5
:1079B0002B68C4F81B30AB88A8F80430C9E6D3F8AC
:1079C000685FC5F30265284621F0F8FB0C4BD3F83D
:1079D000002142F00202C3F800210028E0D0BDE7F8
:1079E000FF2DF0D1064AD2F8003143F00203C2F86D
:1079F0000031B3E70F46DAE6002384F8E530F1E61C
:107A0000002401410D3701202E2501419C35012024
:107A1000AC33014193F8CC2042F0020283F8CC2031
:107A200010F042FF12E7D3F81C21D2017FF51AAF04
:107A3000D3F8242142F4002212E7032A3FF689AE4C
:107A400001A151F822F000BF6B79000151790001CA
:107A500065790001E17900012DE9F04F93B0C44B45
:107A60000791002400930646012302224421EC20C2
:107A7000ADF828408DF82A40ADF82440ADF82C40F0
:107A80008DF82E400DF09EF9CDE90C4421F026FB37
:107A900050B10C25B74B0093019501230022FF2123
:107AA000EC200DF08FF949E12A2020F0A3FA20B94B
:107AB0003378012B01D91125ECE774781FF016FB00
:107AC00005460028E5D1737A13F0050F01D1122580
:107AD000E0E77CB9214610A81FF030FF9DF8403048
:107AE000002BF4D1737A5A07E5D021F09DF860B3EA
:107AF0000725CFE7012C04D121F00EFD0028F1D19C
:107B0000E5E7A31E012BEDD89DF84030B2788DF843
:107B1000230062F300038DF8403033460DF123015A
:107B200053F8032FCDF841209B88ADF8453010A8BD
:107B300019F096FA0028D5D0022CDDD129460EA8DE
:107B40001FF0FCFE9DF83830CAE7B2783078F31C9D
:107B500002F001021946069313F0FCF905460028CD
:107B600098D1737A03F001045B0748BF0134002702
:107B7000FBB2A342C0F0E6800027FBB2A342C0F0F4
:107B8000EE80002D86D1CDE90E55CDE910552F465A
:107B9000FBB2A342C0F0F8800027FBB2A342C0F0C2
:107BA0000981002D7FF476AF777A17F001021DBFAF
:107BB00001238DF828308DF824302B4618BF13464A
:107BC00017F0020006D001218DF82D300B448DF8FE
:107BD0002910DBB217F004071FBF01218DF82A100E
:107BE0008DF82E308DF82510002A40F0F7800028FF
:107BF00000F0EE809DF82D704FF0000809AB18F8EA
:107C00000330002B00F09480FC21022015F07AF95B
:107C1000594B046843600023C4E93433574BE06098
:107C200043F82840B8F1000F40F0DD80012363766F
:107C30004346079A02EB0313327822747278227655
:107C4000B2786274069A1268C4F81220069A928872
:107C5000E282B3F80090B3F802A0D14508D14FF604
:107C6000FC7ACA4528BFCA460AF103091FFA89F9F6
:107C7000434B0093CDE9029A0123CDF80480022200
:107C80009E21EC200DF09EF804F12D0305934FF09A
:107C9000000B0AAB1BF80330002B00F0A9800BABE4
:107CA0001BF80310079B059809B203EB01110BF1B8
:107CB000010B4B890A89C98816F044FA059BBBF170
:107CC000030F03F122030593E3D140F2712303FB79
:107CD0000AF3C4F89C304FF47A73C4F8A0308420BF
:107CE0000EF0FAFBC4F88C0025200EF0F5FB4FF0E7
:107CF000010B4FF400734FF0000AA4F8EA30C4F807
:107D0000880084F808B084F8CEB0A4F8E6A00E206D
:107D100020F070F9042184F8CF0084F898B0584618
:107D200014F08EFB4B46174A5146204610F0BAFC21
:107D3000B8F1000F54D0404621F0C8F9284613B0DE
:107D4000BDE8F08FFC21022015F0DCF80CAB43F805
:107D50002700013700287FF40BAF07250CE70CAB99
:107D600053F8270008B11AF0EDFC013705E700BF12
:107D7000243A0201553A020149FC01018C350120E7
:107D8000363A0201B91B010184200EF0A5FB0EABAF
:107D9000804643F8270025200EF09EFB10AB43F8E9
:107DA0002700B8F1000F03D0013700287FF4F0AEB0
:107DB0000725F1E60EAB53F8270008B11DF020F9B6
:107DC00010AB53F8270008B11DF01AF90137E4E6AB
:107DD000002F3FF411AF9DF82E700DE700270BE741
:107DE0004FF001080AE703229DF82E30627620E763
:107DF000394657E72DE9F047BB4D1E462B6803EB8C
:107E00008002BAB0D2F8FC210F464AB1117802299B
:107E100006D1314610461FF018FF3AB0BDE8F08792
:107E2000002867D193F8F821002AF6D0D3F8F03172
:107E30009C68637899073CD402211EF0D7FD6378D3
:107E40005A070CD5042100201EF03EFA1021002014
:107E50001EF0CCFD31462046FEF71CFEDDE76269D0
:107E6000944214D1204611F0B9F963785D07E9D442
:107E7000042100201EF0BAFD63699C42CDD06178D8
:107E800011F0080509D0204611F0DAFFC5E71F07F9
:107E9000EED5204621F0F0FCE7E75B785807BCD52B
:107EA000204611F0CDFF32462946204613F0C0FF90
:107EB000B3E74FF480411EF099FDA3883BB1204603
:107EC00011F0BEFF32460121204613F0B1FF627867
:107ED000D106A2D4A388013B9BB2A380002B9CD1E6
:107EE00063F341022046627017F01EFE204614F034
:107EF000A7FB92E793F8F931002B8ED04FF00C08D6
:107F00002B6808F1310253F8323043B92B6893F8EB
:107F1000F931002B81D018F1FF38F1D27DE79C6850
:107F2000D3F8009063789A0700F1E080A3785B07AC
:107F300002D50EB94B46E8E7022101201EF056FD9E
:107F400063699C4240F09B80637813F004031DD06A
:107F5000042101201EF0B8F9102101201EF046FD79
:107F6000A569002D40F09A80002F3FF473AFBC420A
:107F70003FF470AF3D78012D7FF46CAF7B781A072A
:107F800040F1A8806FF382037B7063E70DF1160167
:107F900006A8ADF816301DF0E7FC94F85230012B1E
:107FA00018D1069AA36DBDF816101A44B4F85430CF
:107FB0000B449BB240F2E1418B42C2F3160206929F
:107FC00085BFA3F2E2430132ADF81630ADF81630AA
:107FD00088BF06922968BDF8160091F8403203F573
:107FE0008E730DF1200A31F81320E16E069B02EB2F
:107FF000900202F59C7240F271205200B2FBF0F246
:108000001A4401F59C735B00B3FBF0F3A08C9BB2A8
:10801000191889B2B1F5487FC2F3160288BF4FF430
:108020004871E261079208920A44C2F3160288BFBF
:10803000C0F5487309924FF000000DF115028DF85C
:10804000140001924FF0010005AA88BF9BB28DF881
:1080500015000092214607AA0920CDF808A000F0DB
:1080600005FA079B00939DF815209DF814105346C0
:10807000204609F0F5FF637860F38203637063784C
:1080800058073FF565AF042101201EF0AFFC2B68B7
:1080900093F8F931002B7FF44DAFBEE6637813F00F
:1080A00008020FD02B78012B02D028461FF02CF9A4
:1080B000284621F0E1FB3246002195F8500013F0EC
:1080C0001BF851E76B7859067FF54EAF62F38613C4
:1080D0006B70E7E7384611F0B3FE32462946384662
:1080E00013F0A6FEB6E600BFB00100204FF48041B9
:1080F00001201EF07BFCA3883BB1204611F0A0FEBE
:1081000032460121204613F093FE6278D306BED496
:10811000A388002BBBD0013B9BB2A380002BB6D120
:1081200063F341022046627017F0FEFC204614F013
:1081300087FAACE780B58AB000AF78602D4B9B68BA
:108140003B623B6A23F47F433B623B6A43F4A433C4
:108150003B62284A3B6A93607B68FB61FB695A7803
:10816000254BA3FB021359080B465B000B44D31AA3
:10817000DBB2002B01D0012337E0FB695B781E4A9C
:10818000A2FB03235B08FB767B6802337B60002342
:1081900087F8273017E07B687B617B699B781B023F
:1081A0001A467B695B7813443B617B691B783969AC
:1081B000184610F0FDF97B6803337B6097F8273091
:1081C000013387F8273097F82720FB7E9A42E2D3C5
:1081D000192010F0BBF9F860FB6823F05003FB6036
:1081E000F968192010F0E4F9002318462837BD4635
:1081F00080BD00BF003E0144ABAAAAAA80B489B0EA
:1082000000AF78607B68BB61BB695B7803F00303F8
:10821000DBB2002B01D0012323E0BB695B789B0814
:10822000FB757B6802337B600023FB7714E07B687F
:108230003B613B691B889BB203F1824303F5B0337A
:10824000FB60FB683A69528892B21A807B680433FB
:108250007B60FB7F0133FB77FA7FFB7D9A42E6D39D
:10826000002318462437BD465DF8047B704780B56F
:1082700086B000AF78607B683B613B695A78254BDC
:10828000A3FB021359080B465B000B44D31ADBB265
:10829000002B01D0012338E03B695B781D4AA2FB2B
:1082A00003235B08FB737B6802337B600023FB7551
:1082B00026E07B68BB60BB681878BB689B789BB284
:1082C0001B029AB2BB685B789BB213449BB21946FF
:1082D00001F074F8BB681B78082B03D1BB685A788F
:1082E0000D4B1A70BB681B78512B03D1BB685A78B1
:1082F0000A4B1A707B6803337B60FB7D0133FB758F
:10830000FA7DFB7B9A42D4D3002318461837BD462A
:1083100080BD00BFABAAAAAA1137012012370120E5
:1083200080B483B000AF7860064A7B680233196876
:1083300011601B79137100BF18460C37BD465DF8FC
:10834000047B70479800002080B582B000AF786051
:1083500018220021786820F0FDFC79681020F9F7D8
:10836000C6FB0346002B01D1012300E00023184681
:108370000837BD4680BD80B483B000AF78603960F7
:10838000074B1A787B681A70064B1A783B681A708C
:10839000012318460C37BD465DF8047B704700BFCB
:1083A000113701201237012080B485B000AF0023BF
:1083B000FB730023BB7300237B734FF088431B6860
:1083C00003F48063BB60BB6803F48063002B04D0BC
:1083D0004FF088434FF480625A60214B1B681B0D9D
:1083E000DBB203F00F03FB731E4B1B681B0EDBB2EB
:1083F00003F00F03BB731A4B1B681B0ADBB203F0BD
:108400001F037B73184BDB697B607B6823F01F23A2
:1084100023F4F8137B60FB7B1B0603F0F852BB7B55
:108420001B0403F4F8131A437B7B1B0203F4F85379
:1084300013437A6813437B600B4A7B68D361BB6844
:1084400003F48063002B04D04FF088434FF4806224
:108450009A6000BF1437BD465DF8047B704700BFCB
:108460001003004420030044003E01442DE9F04F76
:10847000C3B0064604920D463022002106A8994654
:1084800020F068FC16F00304DFF8F48210D0D8F86E
:10849000003093F81C425CB11AF0FEFCD8F80030B2
:1084A000D3F80C721EF0EEF90024002F40F08B8000
:1084B00016F03C0F0FD0D8F8003093F81D3253B1AE
:1084C0001AF0EAFCD8F80030D3F814721EF0DAF98A
:1084D000002F40F0988095F85030012B09D1D8F842
:1084E0000030D3F8083223B142AA02EB840444F8E6
:1084F000F03C049BDFF88CA21B6801936B6A9944E3
:10850000019B4FF0000B13FA89F9D8F80030029361
:108510005D4606AB53F82B70002F00F0B780029B2E
:10852000FE69D3F808329F420CBFBB6A3B6A0393D3
:1085300097F85230012B04BFBB6DF61A029B93F8DB
:10854000402203EB420240F23911B2F83832B2F85D
:108550003C22B3FBF1F3B2FBF1F2134403F102034B
:1085600008BF06EA0A060093A6EB0308039BF4186B
:10857000009B04EA0A041C44FB6E08EA0A0804EAA9
:108580000A04002B40F0AB807B699F4240F0A7803B
:10859000BB6E03F59C735B0040F27122B3FBF2F3F8
:1085A000059300BFA8EB09035B025ED489EA0803C8
:1085B00013EA0A0F59D0182D67D00BF1010BBBF14C
:1085C0000C0FA6D162E01AF067FCD7F800A01EF0ED
:1085D00059F9BB689D4214D05A78520711D5F70754
:1085E00007D542A9621C01EB840444F8F03CD4B2E4
:1085F00007E0B00705D593F8511095F85120914246
:10860000EFD8574651E71AF047FCD7F800A01EF004
:1086100039F9BA68954217D05378590714D5AB6821
:108620009A4211D0730707D542A9631C01EB840459
:1086300044F8F02CDCB207E0F70607D592F85110A9
:1086400095F851309942EFD8574641E7300706D5A3
:1086500092F8511095F851309942F5D3E4E7B106FC
:10866000F2D56B699A42EFD1DEE74B46019A21467B
:10867000404620F043FCE0B142AB03EBC5030135BB
:10868000EDB2182D43E9308413D118254C9B6A1E96
:108690001D7012A8002116F0DDFE002312981A4664
:1086A0004C99097891422BD84D9A137043B0BDE88C
:1086B000F08FBB6E002B3FF47EAF059B1E44009BEA
:1086C00006EA0A06A6EB0308039B9C19009B04EA32
:1086D0000A041C4408EA0A0804EA0A0462E74B4652
:1086E000019A2146404620F009FC00283FF463AF80
:1086F00042AB03EBC503013543E93084EDB25AE7E1
:108700005AB904990C68211A4D0206D54E9901EB0D
:10871000C301C1E900400133DBB24C99097801394A
:108720008A4202F1010413DA42A901EBC20151F8B5
:10873000BC6C42A901EBC40151F8C05C711B490239
:1087400006D54E9901EBC301C1E900650133DBB2E7
:108750004C99097801398A420FD142A901EBC20232
:1087600052F8BC1CA1EB0902520206D54E9A02EB4C
:10877000C302C2E900190133DBB2E2B290E700BFE5
:10878000B0010020FFFF7F002DE9F04F90F89930F5
:10879000C668012B89B0044640F08B80B94894F834
:1087A000F220D0F82031C3F3076384F8F130D0F819
:1087B00020311B0E1EBFD0F81C31C3F3C30384F855
:1087C000F030D0F82031C3F30743134484F8F2307B
:1087D000AD4B1B68C3F3411384F8F330D0F8443138
:1087E0001FFA83F9D0F844314FEA134AD0F84831E0
:1087F000D0F81C51C5F3C025C3F3080845B9D0F81B
:108800001C51C5F300251DB1D0F81C51C5F3C0158E
:108810009E4B1B68002B52D02046984783469C4BAA
:108820001F6817B12046B8470746002D00F0158194
:1088300094F8CC30D4F88C0063F07F0384F8CC300B
:1088400094F8F0300121072B84F8E71039D005782F
:10885000D4F88880C5F380158A4BD3F86C2F12F4B6
:10886000006F04F1DF0A04F1D90940F0D680D3F893
:108870006C2FD10540F1D380D3F8682F920040F1DE
:10888000CE80D3F8685FC5F3026528461FF030FC40
:1088900040F0020084F8D800D8F80030C4F8DF3087
:1088A000B8F80430AAF804304946284619F094FA7A
:1088B0001AE04FF00008C246C1464546A8E79B466D
:1088C000ADE78378033003F03F0303449878033324
:1088D00000F03F00184410F8025B0BF02FF8C5F3CE
:1088E000801580460028B7D194F8E53094F8F02040
:1088F000222000FB0340072A00F1210040F09F8066
:10890000012B00F0A080002B00F0A180022B40F092
:10891000A18094F8F330012B02F2DF6240F6A661E9
:1089200008BF4FF45172042314F0EFFE02ABCDE9FF
:10893000026008225749012016F064FA17B100239B
:1089400084F8E83094F89970012F3BD1524B4D4D8B
:108950001A686FF3DB621A6000201EF037FB824654
:1089600038461EF033FB814602201EF02FFB4FF6E7
:10897000FF71804600201AF04BFA4FF6FF7138461F
:108980001AF046FA4FF6FF7102201AF041FA5146EA
:1089900000201EF02DFB494638461EF029FB022020
:1089A00041461EF025FBB5F86C3F6FF38613A5F822
:1089B0006C3FD5F8643F6FF30823C5F8643F00208F
:1089C00009F006FD94F8CC308DF8043000256B4694
:1089D0000522324984F899500120009616F012FAC7
:1089E0001822294602A820F0B5F994F8CD30002BC2
:1089F00045D194F8CC3013F0110F40D19DF80830D8
:108A000043F002038DF8083001238DF80A3002A8E4
:108A100007F016FA09B0BDE8F08F002535E700230E
:108A200084F8D850C4F8DF30AAF80430D8F8003001
:108A3000C4F8D930B8F80430A9F8043054E700225B
:108A400040F2E2416FE7FA2240F6C4116BE74FF4BF
:108A5000AB72F9E70022114665E7BBF1000F3FF466
:108A60006DAF94F8CC3043F0400384F8CC300C4B1D
:108A700052461D68494643462046A8475EE7002007
:108A8000C6E700BF00240141C0340141EC010020D1
:108A9000E8010020010201010C3A0141000201013C
:108AA000F00100202DE9F0470F78FF2F88B0054630
:108AB0000E4600F01A813423046D17FB03F94C4471
:108AC00094F82430012B63D1A278B04B32B12278D4
:108AD00022B9D3F81C21C2F3C3026270AC4A1168F8
:108AE0002279C1F3411122F00F020A432271D3F817
:108AF0004421E280D3F84421C2F30F422281D3F80B
:108B00004821C2F308026281D3F84821C2F30F4220
:108B1000A281D3F84C21E281D3F84C31C3F308434E
:108B200023829C4B1B681BBB4FF000089A4B1B68B1
:108B300063B139462846984740B13A460221284653
:108B40000BF076F8B37843F04003B370934B1B6897
:108B50000BBBB8F1000F25D12B6D4B449B780BB3A9
:108B60006378072B78D02B7B3A462BB3012124E086
:108B700039462846984780460028D5D03A460321F2
:108B800028460BF055F8B37863F07F03B370CDE758
:108B90004FF00008DAE798470028DAD0804B1B78BE
:108BA000002BD6D17378012B0AD194F82D303BB12C
:108BB000002384F82D3003E0414628460BF038F8B6
:108BC0006B7C012B5ED1714B764AD3F81C01D3F834
:108BD0001C111378C0F34030C1F380215FFA80FE8E
:108BE0005FFA81FC9046002B4CD02B6D97784B445C
:108BF000BEF1000F32D0002288F8002093F82B201D
:108C0000022A40F0A4800C2303FB078300211A7A78
:108C100059720132D2B2022A1A7206D101221A7294
:108C2000DA88012A01D05208DA80012102A812F064
:108C300073FF0C2202FB07839DF808109B79013B10
:108C40000B40FF2B18BF01338DF8083002FB07875C
:108C50009DF808303B7115E03A4687E7BCF1000FFC
:108C600009D010701A78002A40F0898093F82B30D0
:108C7000022BC8D86EE00C2303FB072711703B7949
:108C800001333B7194F82470012F2BD1464B1A68A5
:108C90006FF3DB621A6000201EF098F982463846B6
:108CA0001EF094F9814602201EF090F94FF6FF71F4
:108CB000804600201AF0ACF84FF6FF7138461AF0E3
:108CC000A7F84FF6FF7102201AF0A2F851460020D3
:108CD0001EF08EF9494638461EF08AF941460220B8
:108CE0001EF086F9002384F82430AB680093B6F8B0
:108CF00001302E495BBAADF80430F3788DF80630B8
:108D000033788DF8073008226B46012016F07AF888
:108D1000B47814F0040517D11822294602A820F0CF
:108D200019F8737804F01104234301BF9DF808304B
:108D300043F002038DF8083002A80ABF0123284639
:108D40008DF80A3007F07CF808B0BDE8F087BCF178
:108D5000000F87D10C2303FB078300215A7A197275
:108D60000132D2B2022A5A727FF45FAF01225A72E4
:108D7000DA88B2F5807F3FF458AF520054E7012AF9
:108D8000E8D193F82B30012B73E700BF0024014199
:108D9000C0340141CC360120D0360120C836012034
:108DA0000F370120483101200C3A01410401010133
:108DB0002DE9F8431E464B0405468846174640F108
:108DC000988004681FF082FCE27D237D002A40F039
:108DD0008D8013F0400F09D0D4F8CC0020F069FC4E
:108DE00004232375242128461FF088FC18F4805F93
:108DF00030D02C68237D99072CD510232375A37DB3
:108E00000133DBB2012BA3750BD1A94B617E5B69EA
:108E10005878E0771AF086FDD4F898301844C4F8F2
:108E20009800E37D012B40F08780A37D012B82BF5A
:108E3000A36F43F40063A36720461CF08DFF204618
:108E40001AF08DFA0121204601F07AFF23212846ED
:108E50001FF054FC18F4005F1CD02C68237D9B0786
:108E600018D5142015F05EFD8146082015F05AFD36
:108E700008238046014623754A4628460CF0DCF953
:108E8000002800F0858040461CF0D4F822212846B6
:108E90001FF034FCF30605D519F010F81721284609
:108EA0001FF02CFCB40605D519F008F81621284649
:108EB0001FF024FCF80617D52C68E07D002840F050
:108EC000D580A36F190609D51EF058FDC4F8880097
:108ED000204617F0A1FDB0FA80F04009237D9A06E4
:108EE00002D5002800F0CD80BDE8F88313F0010F13
:108EF00071E70C057FF57AAF0468E37D012B17D18C
:108F0000A26F6C4B1340802B09D1D4F8C83043F0CA
:108F10008073C4F8C8301EF031FDC4F88800237D8A
:108F200013F0010F3FF462AF0223237520215AE7AB
:108F3000237D13F0400FF5E7D4F8CC0020F0B9FB07
:108F400020461CF009FFA36FDA037FF57FAFA37DF6
:108F5000012B7FF47BAFD4F8CC0020F08FFCD4F849
:108F6000A420A36F904288BF801AD4E9261223F46C
:108F7000803398BF00209142A367BFF467AF81425E
:108F8000BFF464AF43F04003A3672023237556E783
:108F9000C4E96F9894F81780B8F1010F1FD12046EB
:108FA0001AF0DDF94146204601F0CAFE94F86C3013
:108FB000DA070DD5E37F5BB1A37F4BB120F0B6F8A4
:108FC00003688268E07F1344C4F8C4311EF066F978
:108FD00094F86D3043F0800384F86D3056E794F8D0
:108FE0006E3060F3000384F86E30D4F8CC0020F0CB
:108FF00060FBA36FD80330D594F86D0023F4803361
:1090000010F00108A36713D0A36F43F04003A367D8
:109010002023237520461AF0A2F90121204601F0F1
:109020008FFE94F86E3043F0010384F86E30BDE794
:1090300094F86C30D90610D5D4F8CC0020F01EFC82
:10904000D4F8A430984288BFC01AD4E9263298BF19
:109050004046934201D28342D6D3A36F23F040030C
:1090600043F00053A367002323759FE7012808D12D
:10907000237D13F01E0F3FF437AFD4F8CC0020F05F
:1090800018FBA36F5B0602D520461FF05BFFE37D54
:10909000012B0BD1A26F12F0400F08BF40232375A4
:1090A00028462521BDE8F8431FF028BB4023F6E7FA
:1090B00058340120800000020C4B13F0FF0F08D041
:1090C0004FF0200383F31188BFF36F8FBFF34F8FEF
:1090D000FEE7074A934208D04FF0200383F311883C
:1090E000BFF36F8FBFF34F8FFEE7704700708000B4
:1090F00000708000014B1860704700BFDC36012013
:1091000030B4184C1546184A0C4404EB8030541EF9
:10911000844208D24FF0200383F31188BFF36F8F8E
:10912000BFF34F8FFEE71C18A24208D24FF0200376
:1091300083F31188BFF36F8FBFF34F8FFEE719449E
:10914000B1F5804F08DD4FF0200383F31188BFF3A2
:109150006F8FBFF34F8FFEE701461A46284630BC9B
:109160001FF0F0BA0070800000F08000F8B5324DBA
:109170000D4405EB80351746EA061C4608D04FF033
:10918000200383F31188BFF36F8FBFF34F8FFEE788
:1091900043B94FF0200383F31188BFF36F8FBFF300
:1091A0004F8FFEE7254B5A1EAA4208D24FF02003EC
:1091B00083F31188BFF36F8FBFF34F8FFEE7621900
:1091C000934208D24FF0200383F31188BFF36F8FCF
:1091D000BFF34F8FFEE72144B1F5804F08DD4FF01C
:1091E000200383F31188BFF36F8FBFF34F8FFEE728
:1091F000134B1B6803B19847E3061EBF24F01F04FE
:109200002034A4B24FF6E0732340FE183C46A64239
:1092100006D100BF1FF0BAFE0028FBD1F8BD00BF89
:109220001FF0B4FE0028FBD1E91B214420461AF0B0
:1092300019F92034EBE700BF0070800000F08000D7
:10924000DC36012038B5114C114B04EB8034A342BD
:1092500008D24FF0200383F31188BFF36F8FBFF361
:109260004F8FFEE704F580451FF090FE0028FBD1EC
:10927000204604F5805420F04DF8AC42F4D100BFF4
:109280001FF084FE0028FBD138BD00BF00708000B5
:10929000FFEF800037B542B94FF0200383F3118808
:1092A000BFF36F8FBFF34F8FFEE71F4C0C4404EBEF
:1092B00080341E48431EA34208D24FF0200383F39C
:1092C0001188BFF36F8FBFF34F8FFEE713199842DA
:1092D00008D24FF0200383F31188BFF36F8FBFF3E1
:1092E0004F8FFEE71144B1F5804F08DD4FF02003AA
:1092F00083F31188BFF36F8FBFF34F8FFEE74FF0FB
:10930000FF3201929DB204220DEB020120461EF0B5
:1093100001FA30B90434A3B29D42F4D1012003B064
:1093200030BD0020FBE700BF0070800000F080002F
:1093300038B5154643B94FF0200383F31188BFF3C6
:109340006F8FBFF34F8FFEE7184C194A0C4404EBA4
:109350008030541E844208D24FF0200383F31188DA
:10936000BFF36F8FBFF34F8FFEE71C18A24208D2E6
:109370004FF0200383F31188BFF36F8FBFF34F8F3C
:10938000FEE7CA18B2F5804F08DD4FF0200383F3E3
:109390001188BFF36F8FBFF34F8FFEE71A46294640
:1093A0001EF0B8F9B0FA80F0400938BD00708000B6
:1093B00000F080004FF0FF301DF0E6BC80B483B0B9
:1093C00000AF03460A46FB711346BB80134BFA7984
:1093D00092B203F5805302331A80104B03F5805389
:1093E000BA881A800D4B03F5805304331B680B4970
:1093F00043F4801201F5805304331A6000BF074B19
:1094000003F5805304331B6803F48013002BF6D15B
:1094100000BF0C37BD465DF8047B7047002001415A
:1094200080B483B000AF0346FB71144BFA7992B25B
:1094300003F5805302331A80104B03F58053043335
:109440001B680E4943F4802201F5805304331A60EF
:1094500000BF0A4B03F5805304331B6803F48023D9
:10946000002BF6D1054B03F5815308331B689BB2E3
:1094700018460C37BD465DF8047B7047002001415B
:1094800090B585B000AF0446084611461A462346FB
:10949000FB710346BB710B467B7113467B80FB79E6
:1094A0001846FFF7BDFF0346FB81BA797B79D31AD3
:1094B0000133012202FA03F35A1E7B7902FA03F305
:1094C0001BB2DB431AB2B7F90E3013401BB2FB815B
:1094D000BA797B79D31A0133012202FA03F39BB2E2
:1094E000013B9BB21AB2B7F9023013401BB27B802A
:1094F0007A887B7902FA03F31AB2B7F90E30134374
:109500001BB2FB81FA89FB7911461846FFF756FF1B
:1095100000BF1437BD4690BD80B584B000AF034690
:10952000FB710B46BB7113467B71FB791846FFF745
:1095300077FF0346FB81FA89B9797B79CB1A01332E
:10954000012101FA03F3591E7B7901FA03F31A4052
:109550007B7942FA03F3BB81BB8918461037BD46BD
:1095600080BD80B483B000AF114B03F5F0531433CA
:109570001B680F4943F0040201F5F05314331A60DD
:1095800000BF0B4B03F5F05314331B6803F00403C7
:10959000002BF6D1064B03F5F0530C331B68FB8010
:1095A000FB8818460C37BD465DF8047B704700BF4A
:1095B0000020014180B584B000AF0346FB80FB88EA
:1095C0009B007B81FFF7CDFF0346FB81FB893B813D
:1095D0000823BB8100BF00BF00BF1BE0FFF7C1FF36
:1095E00003463B813A89FB899A420AD23A89FB8930
:1095F000D31A9AB2BB8913449BB203F2E243BB81F4
:1096000006E03A89FB89D31A9AB2BB891344BB811D
:109610003B89FB81BA897B899A42DFD300BF10372F
:10962000BD4680BD80B586B000AF0346FB80FB8899
:109630004FF47A7202FB03F33B613B691B09154A45
:10964000A2FB0323DB09FB813A6913091149A1FB42
:109650000313DB094CF2503101FB03F3D31ABB8136
:109660000023FB8206E04CF25030FFF7A3FFFB8A99
:109670000133FB82FA8AFB899A42F4D3BB89002B1F
:1096800003D0BB891846FFF795FF00BF1837BD46CA
:1096900080BD00BFC55A7C0A70B5612888B00E46EF
:1096A00014460D6853D013D8412830D006D8A0F105
:1096B0001303012B40F2E880002492E0542837D0B5
:1096C000602848D05228F7D1084613F003FEF3E78C
:1096D000A02800F0ED8007D8802814D08128EBD195
:1096E00008461EF0BFFCE7E7A22800F0F480C0F0B7
:1096F000EE80F128E0D1D5F8CC0000240FF056FF21
:10970000C5F8CC406DE0284617F02EF9D4E7136871
:109710005B8902932B8801938A4B009302220123D9
:109720003E21EC200BF04EFB28461BF052FFC3E716
:10973000D5F8C43013F0010453D023F0010395F899
:10974000E010C5F8C43028461DF09CFAB4E708467E
:109750001EF080FFB0E713681D68937A032B43D196
:1097600053681B7802932B880193774B0093022256
:1097700001233F21EC200BF025FB1FF0E7FC30B369
:109780002368436163680361637A4373227A037BCE
:10979000134323F0040343F0010303736B4A0023D4
:1097A00003605168086050604360694B596881608C
:1097B000021D0A605A6063681B78022B05D1D5F838
:1097C000C43043F00103C5F8C43030467DE7614B37
:1097D000009307240194012302224221EC200BF084
:1097E000F1FA204608B070BD537A02932B8801939A
:1097F000594B0093022201234021EC200BF0E2FAA6
:109800001FF09CFC034640B322688261A27A027575
:10981000226812681288C28262680261627A4273A8
:10982000217A027B0A4322F0040242F0020200265F
:1098300006600273494842681360454A43605E60AF
:1098400054689C60191D216095F86D40516014F0BA
:1098500040040AD110F072F9C3E7414B009307248A
:109860000194012302224121B8E701681FF034FB73
:109870000B7B43F004030B7317F02EFEAB6F43F02A
:109880001003AB673D215EE72B7E403B022B07D8E0
:10989000A0F1130359425941304618F005FA0BE77D
:1098A000AC6F14F004049CD008460EF051FF03E79F
:1098B00005F10C001FF003F80446002840D00146D3
:1098C000304605F041F920461EF01EFDF4E62888DA
:1098D00011F03AFEF0E695F8E230112B3FF4ECAED1
:1098E00095F8E430112B3FF4E7AED5F8A8311BB161
:1098F0001B79012B3FF4E0AE2B880193194B0093A9
:10990000022201234321EC200BF05CFA2B88ADF8F6
:109910001030EA8F6B8FD5F83A10ADF81230059100
:10992000ADF81820ADF81C30ADF81A3095F86D3050
:1099300043F0080385F86D3004A809F033F9BBE65D
:1099400007244EE7C8720101EC720101700100208A
:10995000A00100201373010130730101A801002050
:1099600052730101707301012DE9F04F054685B076
:1099700041208B4690461FF065FF044650B9A54B29
:10998000009302460423C221EE200BF01BFA05B01F
:10999000BDE8F08FEB78C21D05F1040A039205F1D2
:1099A0000B0900F1110600F12107002B40F0B280F5
:1099B000DAF800300360BAF8043083809AF8063091
:1099C0008371D9F80030C0F80730B9F804309380BB
:1099D00099F806309371904B1B681A7882735A7904
:1099E000C2735B780374BBF1000F00F08D80DBF86D
:1099F0000030C0F81130DBF804307360DBF8083059
:109A0000B360DBF80C30F360EA6D02F5C07204F16C
:109A1000310B1368C4F8213053687B609368BB60D6
:109A2000D368FB60EA6D02F5E07221461368C4F862
:109A300031305368CBF804309368CBF80830D368E2
:109A4000CBF80C30E86D412200F5E873063002F0E7
:109A5000FFFDD9F800302360B9F80430A38099F8ED
:109A60000630A371DAF80030C4F80730BAF80430D1
:109A7000A4F80B30E21D9AF806309371EB6D93F861
:109A8000E430A373EB6D93F8E530E373EB6D93F87B
:109A9000E6302374B8F1000F00F0B580D8F800303C
:109AA000C4F81130D8F804307360D8F80830B360C7
:109AB000D8F80C30F360EA6D02F5E07221461368C5
:109AC000C4F8213053687B609368BB60D368FB6047
:109AD000EA6D02F5C0721368C4F831305368CBF8F0
:109AE00004309368CBF80830D368CBF80C30E86DBD
:109AF000412200F5C873063002F0AAFD204605B0E9
:109B0000BDE8F04F1FF0A0BE1022594630461FF0AE
:109B100021F979E7D9F800300360B9F8043083807F
:109B200099F806308371DAF80030C0F80730BAF8D7
:109B30000430A0F80B30C21D9AF806309371EB6D1B
:109B400093F8E4308373EB6D93F8E530C373EB6DFA
:109B500093F8E6300374BBF1000F4ED0DBF8003011
:109B6000C0F81130DBF804307360DBF80830B36004
:109B7000DBF80C30F360EA6D02F5C07204F1310BD2
:109B80001368C4F8213053687B609368BB60D36866
:109B9000FB60EA6D02F5E07221461368C4F83130CB
:109BA0005368CBF804309368CBF80830D368CBF80F
:109BB0000C30E86D412200F5E873063002F048FDF4
:109BC000DAF800302360BAF80430A3809AF806303F
:109BD000A371D9F80030C4F80730B9F80430A4F8FC
:109BE0000B30E21D99F8063093710B4B1B681A7805
:109BF000A2735A79E2735B784BE7102259463046DC
:109C00001FF0A8F8B7E71022414630461FF0A2F82F
:109C100051E700BFA08C0201C00100202DE9F047F0
:109C200086468C460846089E154674461946002B03
:109C300040F0C2808242B2FA82F245D94AB1C2F102
:109C4000200300FA02FC2EFA03F3954043EA0C0CC1
:109C500094404FEA154EA8B2BCFBFEF8230C0EFB55
:109C600018CC08FB00F943EA0C43994528D9EB18B6
:109C700008F1FF3704D2994502D9A8F102072B4415
:109C8000A3EB0903A4B2B3FBFEFC0EFB1C330CFBDD
:109C900000F044EA0344A04214D92C190CF1FF331C
:109CA00004D2A04202D9ACF102032C44241A43EAA4
:109CB00007401EB1D440002334607360BDE8F087D4
:109CC0004746DDE76346F1E792BB431B01214FEABC
:109CD000154EAFB2B3FBFEFC200C0EFB1C330CFB8D
:109CE00007F840EA0343984562D9EB180CF1FF30BE
:109CF00004D2984502D9ACF102002B44A3EB08032F
:109D0000A4B2B3FBFEFC0EFB1C330CFB07F744EACA
:109D10000344A7424ED92C190CF1FF3304D2A742B9
:109D200002D9ACF102032C44E41B43EA0040C0E733
:109D3000C2F1200320FA03F1954090402EFA03F37C
:109D400003434FEA154EAFB2B1FBFEFC0EFB1C10F5
:109D5000190C0CFB07F841EA0041884504FA02F4AB
:109D600022D969180CF1FF3004D2884502D9ACF130
:109D700002002944A1EB08019BB2B1FBFEFC0EFBE3
:109D80001C110CFB07F743EA01439F420ED9EB1865
:109D90000CF1FF3104D29F4202D9ACF102012B44F5
:109DA000DB1B41EA004192E76046E3E76146F7E7E3
:109DB0006046A3E76346B7E7834206D916B9002198
:109DC00008467BE7C6E900E0F9E7B3FA83F78FB905
:109DD000834201D3724508D8BEEB020460EB030353
:109DE00001209C461EB9002168E73846FAE7C6E91B
:109DF000004CF8E7C7F1200CBB4022FA0CF41C43DE
:109E00002EFA0CF120FA0CF3B84001434FEA144942
:109E10000EFA07F5B3FBF9F81FFA84FE09FB1830B8
:109E20000B0C08FB0EFA43EA00439A4502FA07F2CC
:109E300040D9E31808F1FF3004D29A4502D9A8F1BD
:109E400002002344A3EB0A0389B2B3FBF9F809FB30
:109E5000183308FB0EFE41EA03418E452CD96118E8
:109E600008F1FF3304D28E4502D9A8F10203214440
:109E700043EA0040A0FB0298A1EB0E014145CE460B
:109E8000434602D306D14D4504D2B9EB020E68EB2E
:109E900004030138002EA6D0B5EB0E0261EB0301DE
:109EA00001FA0CFC22FA07F34CEA0303F940C6E975
:109EB000003198E74046C5E74346D9E770B50468E6
:109EC000267E132E054641D002D8122E0CD070BD2E
:109ED000403E022EFBD8102901D01229F7D10020D4
:109EE000BDE8704005F0ACBF11293AD01ED810294A
:109EF000EDD194F86D306FF3410384F86D30204656
:109F00001FF0E6FB28461CF08FFA20461FF011F8E0
:109F10000021204600F014FF20461FF013F8042112
:109F200028460CF00BFC13232376D0E7122908D027
:109F30008129CCD1002281212846BDE8704010F053
:109F4000D5BD2846BDE870400DF05EB9212900F06E
:109F5000E28016D81229F4D009D8102946D0112948
:109F6000B5D128461146BDE8704019F016BE162935
:109F7000ADD31729E5D92029A9D1BDE8704015F046
:109F800093BE242900F0C78010D822295CD0232951
:109F90009DD11CF0B0FE0646002898D128461AF044
:109FA0002AFFA36F5B0692D531468FE08129C1D08D
:109FB000822900F0C680252989D118F06DFFA36F92
:109FC00023F04003A3671CF05DFC284618F06EFCEC
:109FD00020461BF0CFF988B318F05EFFA36F23F47F
:109FE0008033A367BDE870401CF04CBC94F86D3022
:109FF0006FF3410384F86D30534B1A686FF39A6224
:10A000001A601A686FF359621A6020461FF060FBED
:10A0100028460FF0BBFB28461CF006FA204619F034
:10A020009EF90021204600F08BFE20461EF08AFF9C
:10A0300028460421BDE870400CF080BB18F02CFFCE
:10A04000A36F43F48033CCE7A36F13F0100203D067
:10A05000D4F8BC21812170E794F86D10A27562F3E9
:10A06000C7111B0784F86D1009D518F015FFA36FF1
:10A0700023F4005323F00803A3671CF003FCD4E986
:10A080006F21284601F0D4FB94F8E230032B2846D8
:10A0900033D194F86C309E072FD41CF02CFE00288E
:10A0A0007FF415AF237D4BB994F86E30D90742BFCA
:10A0B00094F86C3023F0030384F86C3028461AF0CF
:10A0C0009AFEA36F5A067FF502AF0021204617F0D3
:10A0D000CFFEA8B118F0E0FEA36F23F04003A36702
:10A0E0001CF0D0FB00212846FAF7B0FC94F86C3045
:10A0F00023F0030384F86C30E9E61DF0FAFAD1E7A7
:10A1000018F0CAFEA36F23F4F81323F40063A367C7
:10A110001CF0B8FBEAE718F0BFFEA36F43F48063BE
:10A12000A3671CF0AFFB28461CF0E5FD00287FF478
:10A13000CEAE20461BF010FE2846BDE870401AF057
:10A140005ABE0022F9E600BF303401412DE9F04F3C
:10A1500091B00025072906468DF8135001D0152926
:10A1600049D10132A1F1050805A806A906921FFAF6
:10A1700088F81EF057FB06A90DF116001EF052FBE1
:10A18000424606A90CA81EF013FDBDF81440002C91
:10A1900000F00881BDF81630A342C0F00681747A41
:10A1A000E0073ED408AB01935FFA88F807AB009351
:10A1B00042460CABBDF81610BDF8140010F0F8FDC7
:10A1C0000446002800F0F480089B5B68D3E9011284
:10A1D00010781EF043FF079A03468346D27B3088EF
:10A1E00001210EF009FA87B2002F49D0ADF81440D2
:10A1F0000024254603E0ADF814502C4604279DF8B2
:10A2000013305BB9002F40F0DB802A4621463046F0
:10A210001DF02AFD10B128461FF004FB11B0BDE867
:10A22000F08FB37AD907BDD514F00C0F10D00024ED
:10A2300074724FF482701FF005FB0028B2D0102218
:10A24000027032888280847104211CF01FFCA9E70F
:10A250005F4BB8F1020F1B88ADF8243009D142469C
:10A2600009A90CA81DF056FA18B944F00804747234
:10A2700098E744F004040025747212272C46BEE7C8
:10A28000079B9A7B920777D49DF81330002BAFD1B0
:10A29000B0881FF09DFA0546002800F08C80079BCF
:10A2A0009B68B3F80090B3881A1F91458CBFA3F147
:10A2B000020909F1020900F110031FFA89F90921C5
:10A2C00006A806931FF0FEF85FFA89F106A81FF0B2
:10A2D000F9F8214606A81FF0FBF8079BA9F1020236
:10A2E000596892B206A81EF06DFC09F10203A2465D
:10A2F0009CB2089BDA894FF6FF739A423FF47FAF16
:10A3000004EB09030393039AB3889A423FF777AFAC
:10A3100008AB0AF10100019307AB80B200934246FB
:10A320000CABBDF81610ADF8140010F041FD8246DC
:10A33000002843D0079A937B9B073FF560AF936853
:10A340001B8802334B457FF45AAF5B46D27B308883
:10A3500001210EF051F900287FF451AF514606A8B3
:10A360001FF0B6F8079B9A685968128806A81EF075
:10A3700029FCBDF80C40BCE709933388ADF82830C0
:10A380000DF11301082309A8ADF82A40ADF82C708F
:10A390008DF82E3014F02AFA00283FF475AF3C46B1
:10A3A000074626E72546012729E700252C46FAE738
:10A3B00005460A2723E70446112720E707461EE73C
:10A3C000FBB2BDF81420082130460FF005FC25E74C
:10A3D0000E9D01012DE9F04186B01F468B4B019087
:10A3E00080460D4616460093022201236121EC208F
:10A3F0000AF0E8FC1EF072FE50B10C24844B00936E
:10A40000019401230022FF21EC200AF0DBFC91E003
:10A41000022D0CD10EB91224F0E7002FFBD00A2236
:10A420004FF4A06372437B439A4203D3F3E70EB128
:10A43000002FF4D1774B1B681A68774B04921B6886
:10A44000B8F1010F1B68059334D0B8F1000F58D054
:10A450000EF07AFC0446002864D1704B5D70704D9C
:10A4600015F0D2FA2A786F4B6E80012A5F801F4662
:10A4700000F09A80002A00F08280022A00F0A78073
:10A480003E78002E00F0AC80012E4BD1664B00933D
:10A4900002223346B721EC200AF094FC63480AF00C
:10A4A000DBF900231A466249032014F0ABFC0023B9
:10A4B0003B7037E092F82E409CB993F82E30002B79
:10A4C0009BD004AB53F8243093F82E202AB1997B0B
:10A4D00001F0FD01012906D051B1002CB8D10124B1
:10A4E000EFE70024EDE71FF017F80028F5D192E719
:10A4F0000DF10F001DF022FA9DF80F30002BECD06B
:10A5000089E716F005FD044660B9454D1BF0B0FE25
:10A510002A78012A12D0022A1ED0424D2B78012B14
:10A520001FD000241DF07AFA01201EF0CFFD002C70
:10A530007FF464AF204606B0BDE8F0813D4B009348
:10A54000B12113460222EC200AF03CFC281D0AF03F
:10A5500083F985F80080E0E7374B0093B2210123AF
:10A56000F1E7364A0092B8210222EC200AF02AFCD8
:10A5700005F108000AF070F900232B70D2E7002ED5
:10A580003FF47EAF2E4B0093019601230222AE21B1
:10A59000EC200AF017FC42F210717143281D07F0FD
:10A5A000A9FF01232B706BE7264B0093AF211346C5
:10A5B000EC2002220AF006FC281D0AF04DF9234681
:10A5C000224621492C70032014F01CFC58E7002E71
:10A5D0003FF456AF1D4B009301960123B021D7E7FE
:10A5E0007C88002C9DD06B88002B9AD0184B009350
:10A5F00002220123B621EC200AF0E4FB15490B48A6
:10A60000BC8007F077FF01233B708AE72C9801019B
:10A610004ED20101500100204C01002054010020C5
:10A6200008340120CC330120BD980101D43301202E
:10A63000080101014A980101589801016698010139
:10A64000749801018A98010107010101989801019C
:10A65000AE980101008813002DE9F04F0D4689B036
:10A660000821044691461AF01EFF8046002878D142
:10A6700004F15C000AF0F0F8032D72D999F801702A
:10A68000023DADB21FFA87FBAB456AD894F84C3057
:10A69000F02B09F1020919D120461DF00FFF4FF4EC
:10A6A00082701FF0CFF8064600285AD005230370A9
:10A6B00023888380877105812A4649460A301EF027
:10A6C00041F8042130461CF0E1F94AE0F52B40F056
:10A6D000A280B5FBF7F64FF6FF7307FB1656ADF8F1
:10A6E0000630002E40F08E8028461FF0ABF88046E2
:10A6F000002840F08580B4F84620BDF806309A4224
:10A7000011D84FF482701FF09DF860B122888280CA
:10A710000F220270002282710281012280F8FF2044
:10A7200004211CF0B3F9B8F1000F65D1BDF8063073
:10A73000B4F846209A426AD901339BB2A4F8443057
:10A74000ADF8083042F6030102230DF10D00ADF81B
:10A750000A208DF80C301FF079F802A9204610F07D
:10A7600015F809B0BDE8F08FABF105020AF105015B
:10A7700092B2494402A81FF06DF80AF1030149445E
:10A780000DF106001EF098FE7A1FA16C02A81CF0C5
:10A79000C1FF48B908EB06003A4609EB0A011DF073
:10A7A000D1FF5E44B6B200BFDA441FFA8AFA0AEB60
:10A7B00007039D42D8DA002E9DD04FF482701FF01F
:10A7C00041F80546C0B1238883800F230370877149
:10A7D0000681324641460A301DF0B4FFB4F84630D7
:10A7E000BDF8062093428CBF0023012385F8FF307B
:10A7F000042128461CF04AF940461FF025F895E749
:10A80000B246D4E7B4F84630ADF8063073E72046D8
:10A810001DF054FEA5E7F12BA3D1B5FBF7F307FB21
:10A820001353002B3AD1E91B49440DF106001EF0E9
:10A8300043FEB4F84620BDF80630511E8B4234D298
:10A8400001339BB2A4F84430ADF8083042F603015E
:10A8500002230DF10D00ADF80A208DF80C301EF02A
:10A86000F5FF02A920460FF091FF4FF000084FF4CA
:10A8700082701EF0E7FF064600283FF472AF032304
:10A880000370238883808771058125B12A46494654
:10A890000A301DF057FF86F8FF8012E7B4F8463003
:10A8A000ADF8063045464746C3E70023636484F8A5
:10A8B0004C304FF00108DAE72DE9F0430446C37845
:10A8C0008E4AC06D617CA57A95B004AE002B63D131
:10A8D00012688DF82010012192F8009092F80580FE
:10A8E000B2F801E0B0F8E470B0F82CC0D0F8E6207F
:10A8F0008DF8221002218DF82150ADF82A708DF8C4
:10A9000023908DF82480ADF825E0ADF827C08DF8B0
:10A9100029100B9200F5C07708ADFA5C595D4A40EA
:10A92000F2540133102BF8D10CAA31466F300BF0E2
:10A9300039FEE178231D04F10B02002940F08A80E2
:10A9400018689B88ADF824301368CDF826309388BA
:10A95000ADF82A300B9108900CAB08A910251A7895
:10A9600011F8010B013D424015F0FF0503F8012BE2
:10A97000F5D1E06D10AA0CA96F300BF013FEE76D56
:10A98000102207F5B87110A81CF0C4FE90B3042182
:10A99000204610F01BF85AE013688DF821100121B1
:10A9A00093F800E093F805C0B3F80120D0F8E47004
:10A9B000838DB0F8E8808DF8221002218DF82050A8
:10A9C000CDF82370ADF82E30ADF827808DF8291022
:10A9D0008DF82AE08DF82BC0ADF82C20002300F56F
:10A9E000E07708ADFA5C595D4A40F2540133102B10
:10A9F000F8D199E707F5E072334610685168ADF871
:10AA0000045007F5C07203C31068516806AB03C356
:10AA100007F17F02314607F16F00CDE902550BF0D7
:10AA2000C1FDE16D20467F3118F0BEFA204608F0E6
:10AA300045F9E36D20887F3301AA02A91BF0D3F901
:10AA4000E36D2A467F33294620460EF06BFC15B095
:10AA5000BDE8F08310689288ADF824201A689B88BE
:10AA6000ADF82A300023CDF826200B9308900CAACD
:10AA700008AB1025117813F8010B013D414015F08A
:10AA8000FF0502F8011BF5D1E06D10AA0CA96F308B
:10AA90000BF088FDE76D102207F5D87110A81CF0A7
:10AAA00039FE00287FF473AF07F5E0723346106873
:10AAB000516807F5C07203C31068516806AB03C341
:10AAC00007F17F02314607F16F000BF06BFDE16D7E
:10AAD00020467F3118F068FAE36D2A467F33294615
:10AAE00020460EF01FFCE16D204601F5C07115F007
:10AAF00078FC204608F0E2F8A9E700BFC00100207A
:10AB000030B591EA030F00F18280841A71EB030CD7
:10AB100005D2121953EB0C03001B71EB0C0140F230
:10AB2000000CCFF6E07C1CEA430F52D0BCEB410F87
:10AB30005FD90C0DA4EB135E5FF0010C6CF31F5199
:10AB40006CF31F53DEF1200C2AD303FA0CF54019E5
:10AB500041F1000122FA0EF5401923FA0EF5694180
:10AB600012FA0CF2CD0208D349085FEA30005FEA1E
:10AB7000320228BF42F001020134013C5FEA500C6E
:10AB800072F1004250F1000051EB04514FF40013F8
:10AB900013EB410F38BF30BD6FF31301002030BD00
:10ABA000BEF1200EBEF1200F1ED223FA0EF5401981
:10ABB00041F10001CEF1200C124218BF012203FA2C
:10ABC0000CF52A43CEE711EA5C0F04BF00200021F8
:10ABD00030BD1CEA410F04BF01F00041002030BD30
:10ABE00001F00041002030BD21F4801101EB04513F
:10ABF00030BD004218BF41F00101BCEB410F08BF5E
:10AC000030BD4FF0FE4141F47801002030BD83F0AB
:10AC10000043841A71EB030E07D28EF0004E001B26
:10AC200071EB0E01121953EB0E0340F2000CCFF63C
:10AC3000E07C1CEA430FC6D0BCEB410F72D90C0D6F
:10AC4000A4EB135EC90241EA5051C00241F0004139
:10AC5000DB0243EA5253D20243F00043DEF1200C00
:10AC600041D312FA0CF522FA0EF203FA0CF542EA7D
:10AC7000050218BF42F0010223FA0EF3801A99412F
:10AC8000E30AC4F30A0411F0404F03D418D0013C86
:10AC900040004941013C23D44205C00A40EA4150EA
:10ACA000C90A51EAC3715FEA500C72F1004250F1D7
:10ACB000000051EB045130BD01002FD00020203C9A
:10ACC0000029F9D0B1FA81FCDCF1200E11FA0CF167
:10ACD00030FA0EF510FA0CF02943A4EB0C04D9E776
:10ACE0000020D90730BDAEF1200EBEF1200F0DD2ED
:10ACF000CEF1200C03FA0CF533FA0EF32A4318BFF9
:10AD000043F00103C01A61F10001B9E721F00041ED
:10AD1000C00A40EA4150C90A01EB045130BD00208D
:10AD2000002130BD004218BF41F00101BCEB410FD2
:10AD30007FF467AFBCEB430F3FF463AF30BD7047A8
:10AD4000F8B5037F8C4E022B044622D11EF0C8FAC0
:10AD5000D4F8AC307BB92377A36F23F08053A3677B
:10AD60000123238433696362B4F86C3023F4907355
:10AD7000A4F86C3012E094F86D20920609D51B7986
:10AD800003F03003102B04D100232377C4F8AC3038
:10AD9000E2E7217F0029DFD0022967D0204612F0A8
:10ADA0006BF9A17E84F8220094F8210018F0BAFD16
:10ADB000D4F89830184494F82130C4F898001BB1A6
:10ADC000B4F85230A4F85830E37DD4F8CC00012B0D
:10ADD00040F0B5801EF052FDD4F8A430834238BF55
:10ADE000C01AD4E9262328BF00209A42A36F80F01E
:10ADF000A380824280F0A080D90040F1948094F832
:10AE00006D2042F0010284F86D2043F04003A367F7
:10AE100018F042F8616AF0681AF0C6FAF36894F81C
:10AE200022205A7094F86D3094F86C20F06803F08A
:10AE30000101C2F38013DB0043EA011394F82010F0
:10AE4000D2090B4343EA820303701BF01BFDA36F7F
:10AE500013F0200108D194F86C2043F0200361F333
:10AE6000410284F86C20A3670020F8BDD4F8AC2020
:10AE700013895589ED1AA36F23F08053A36794F8C3
:10AE80006D306FF3000384F86D30137903F03000F8
:10AE9000102829D112891ABB03F00303012B1FD0FC
:10AEA00084F82010D4F8AC20B4F8601013890C3367
:10AEB0001344A94263621ED310681EF02FF9D4F820
:10AEC000AC301B7903F03003102B07461ED16068AD
:10AED0001EF024F927B3A36F43F08053A3670FE05C
:10AEE000012384F82030DDE7032384F82030204656
:10AEF0000CF068F8D6E7A36F43F08053A3670D46C4
:10AF000084F8215020461EF00BF847E7A0681EF099
:10AF100005F994F86D309B06DCD5002FDBD1EFE707
:10AF20000028D8D1ECE794F86C20D2063FF56DAF3D
:10AF3000A27D012A3FF469AF23F0400367E71EF0CA
:10AF40009DFCD4F8A430D4F8A020834238BFC01AA6
:10AF5000D4F8983028BF00209342BFF459AF834201
:10AF6000BFF456AFA36FDB0042BF94F86D3043F0DF
:10AF7000010384F86D304BE758340120102938B5AF
:10AF800004460D4600F0898007D8052948D00E29CF
:10AF90006CD0042923D000251FE0192900F08480FB
:10AFA00012D81729F7D190F8E23003F0EF03032B02
:10AFB00078D1D0F8B431002B74D0C37D002B71D17F
:10AFC000BDE8384003F044BF262900F09C80A1F181
:10AFD000290CDCF1000545EB0C05284638BD90F83E
:10AFE000E230213B012B0ED890F8E30001280AD172
:10AFF000022384F8E33094F86D3043F0400384F882
:10B000006D300125E9E706220321204617F07AFA80
:10B0100005460028E1D00021204608F079FFDCE752
:10B0200090F8E230213B012BEBD890F8E330022B73
:10B0300014D116F018FB062120461CF0D9FD054658
:10B040000028A8D0032384F8E33094F8F43023F0E8
:10B05000030343F0030384F8F430BEE70622032120
:10B0600017F050FA0546002895D0D4E711F0A8F95A
:10B0700080B194F8E43073B9E37D2BB920460921FF
:10B08000BDE8384018F0E4BF29462046BDE8384006
:10B090001CF063BA012005469FE70221BDE8384055
:10B0A00009F018B91721F0E790F8E430002BA8D187
:10B0B00011F086F930B9012594F8E630002B8CD1D7
:10B0C0000121A9E7E37DC3B9D4F8B831384A19782A
:10B0D0005B781268022B38BF0223252B28BF25235B
:10B0E000CD0748BF82F84030880748BF82F841301A
:10B0F0004907E0D582F84230DDE7294620461CF0BA
:10B100002CFA0546D8E790F8E430002B7FF479AFAD
:10B1100011F056F9002841D0E37D002B34D194F88A
:10B12000F1305B0606D41A222621204617F0EAF9F0
:10B130000546C5E7204617F069FC054610B3D4F86C
:10B14000B831B4F85C209A81B4F848105A888A4221
:10B1500028BF0A4699885A81D981B4F84C00D98809
:10B16000814238BF01468A429CBF02F1FF3291B250
:10B170001A8919825A82082384F8E430204616F08E
:10B180007EFF2AE71E22CFE794F8E630002B7FF4FB
:10B1900038AF294620461CF0E0F9C9E794F8E630BC
:10B1A000002B7FF42EAF0121204608F0B1FE28E7E6
:10B1B0002C0200202DE9F04F05468FB00F460026E7
:10B1C000BB5DAB550136202EFAD13C464FF000084E
:10B1D00054F82C0FCDF82080616809ABCDE90688C2
:10B1E00003C3A068E16803C306AA2069186011467A
:10B1F000334610461BF000FA06AA83462946284625
:10B200001BF0FAF9BA4683445AF8300FDAF8041002
:10B2100009AB03C3DAF80800DAF80C1006AA03C376
:10B22000334611461046CDF834801BF0E5F95FFA3D
:10B230008BFB834406AA294628461BF0DDF93B46D2
:10B240005FFA8BFB834453F8200F01935968CDF8C4
:10B250002C800DF11809A9E803003A469868C9F84E
:10B26000000052F8380F049251680CABCDE9098800
:10B2700006AA03C33346294628461BF0BDF95FFAE8
:10B280008BFB3A465844C3B252F8240F05935168D9
:10B290000292BB4606AB03C39068C9F800005BF896
:10B2A000340FDBF8041009AB03C3DBF808001860A7
:10B2B00003937B6B0C933B6A0D9306AA3346294696
:10B2C00028461BF099F9059B6168CDF82C8018443D
:10B2D000C3B22068059306AB03C33B6AA0680C9316
:10B2E000BB6AC9F800000D9306AA334629462846D2
:10B2F000CDE909881AF0EAFD059BDAF80410181A5E
:10B30000C4B2DAF8000006AB03C3DAF80800DAF8D2
:10B310000C1003C37B6A0C93FB6A0D9306AA334699
:10B3200029462846CDE90A881AF0D0FDDBF804103A
:10B33000019A241ADBF8000006AB03C3DBF808000F
:10B340005168C9F80000106809AB03C3039B9068FB
:10B3500018603B6B0D9306AA334629462846CDF864
:10B3600030801AF0B3FD049AE4B25168241A1068D0
:10B37000029A06AB03C310685168C9F8008009AB94
:10B3800003C3039B906818607B6B0D9306AA33463A
:10B3900029462846CDF830801AF098FDE4B2241AE8
:10B3A00064B244450F4E10DB34B9202229463046A2
:10B3B0001BF07BFC012812D0202332462946284668
:10B3C0001AF084FD241A64B2EEE72023324629469F
:10B3D00028461BF011F9044464B2002CF5DB0FB0D1
:10B3E000BDE8F08F849201012DE9F047067A012E25
:10B3F00090B004D90324204610B0BDE8F087D0E90E
:10B4000003528DF804602B788DF805302C4654F8E3
:10B41000013FCDF80730A388ADF80B3000238DF83D
:10B420000D301378A3B35788032FE3D990880328EE
:10B43000E0D9D1888B1F9BB240F67A4C6345D9D8AE
:10B44000B2F808E0AEF106039BB26345D2D8B2F879
:10B450000A80B8F5FA7FCDD2B2F80CC0ACF10A037D
:10B460009BB240F676494B45C4D801238DF80D3088
:10B47000ADF80E70ADF81000ADF81210ADF814E094
:10B48000ADF81680ADF818C0ADF81A10ADF81C1064
:10B49000917B002942D0B2F81090B9F1030FA9D9DD
:10B4A000B2F81280B8F1030FA4D9908A811F89B233
:10B4B00040F67A47B9429DD8B2F816E0AEF10601DF
:10B4C00089B2B94296D8B2F818C0BCF5FA7F91D2C9
:10B4D000578BA7F10A0189B240F6764A514589D8BF
:10B4E0009DF80D1041F002018DF80D1010A901EB2F
:10B4F0000311013321F8329C21F8308C21F82E0CF5
:10B5000021F82CEC10A901EB0311DBB221F83ACCA5
:10B5100021F8387C21F8360C21F8340C117F0029F1
:10B5200046D0B2F81E80B8F1030F7FF663AFB2F8D1
:10B5300020E0BEF1030F7FF65DAF518C881F80B213
:10B5400040F67A47B8423FF655AFB2F824C0ACF1A6
:10B55000060080B2B8423FF64DAFD78CB7F5FA7F00
:10B56000BFF448AF108DA0F10A0292B240F67649BE
:10B570004A453FF63FAF9DF80D2042F004028DF89A
:10B580000D2010AA02EB0312013322F8328C22F8AC
:10B5900030EC22F82E1C22F82CCC10AA02EB03135C
:10B5A00023F83A7C23F8380C23F8361C23F8341C93
:10B5B00017F0FCFA074630B38DF8046028781EF0C7
:10B5C000B5F88DF806002368CDF80730A388ADF8EC
:10B5D0000B300DF105001CF01FFC022101201AF0B8
:10B5E0003FFD01A818F0BCFC044640B90123FB70E4
:10B5F000064B1A68137843F004031370FBE63846D1
:10B6000019F096FCF7E60424F5E600BFA40000203C
:10B610002DE9F0430B4695B0042818D8DFE810F068
:10B6200005001B009C00A500F7007B4B14780093DD
:10B63000022201234721EC2009F0C4FB774B009341
:10B64000022301941A464821EC2009F0BBFB00209C
:10B6500015B0BDE8F0831C6894F8E930002BF6D1F2
:10B66000D2F8008094F8D8701DF0DEFA04F1D90900
:10B6700007F0010706464946384618F043FD0546DF
:10B68000002E5ED158B1664B0093022201234A215D
:10B69000EC2009F097FB002384F8E730D7E74FF45C
:10B6A000E671042011F02EFC06460028F3D0C4F801
:10B6B000EC0005684A463946288812F087FE94F85F
:10B6C000F030072B0BD1012385F8B43094F8F0301B
:10B6D000072B0FD041F21113A5F8193012E0D4F85E
:10B6E0008C301B789B0603D594F8CF30012BEBD020
:10B6F0000023E9E794F8E530012B14D0002BE9D0C2
:10B70000022B13D094F8E510222303FB01413046AD
:10B71000424621311BF054FF0123A4F8EA300020F7
:10B7200016F02AFAB7E741F21223D5E794F8F3307E
:10B73000EB762122012B6A7614BF23222222AA76DD
:10B74000E0E7384B0093022201234921EC2009F065
:10B7500039FB002D9FD096E733490C68002C3FF44D
:10B7600076AF11461846A04771E71C6894F8E920A7
:10B77000E6680023C4F8D030002A3FF468AF84F8AC
:10B78000E93084F898301BF0B1FC18B9042102208C
:10B7900010F056FE94F8EA30D3B194F8EB2072BB67
:10B7A000D4F8EC301D68204629880EF0A5FD94F8E9
:10B7B000EB306BB92A8895F8B430ADF80C2041F223
:10B7C000140102A8ADF808108DF80E3019F0E8FC4D
:10B7D000D4F88C0019F014FCD4F8880019F010FC8F
:10B7E000124B1A68944210D05A68944203D1012235
:10B7F000002143F82210304616F0A4FF27E74FF649
:10B80000FF7120460EF078FDE2E70022F0E71B68AA
:10B810000022C3F8D4201AE7153C02011F3C0201A4
:10B820002D3C02013D3C0201F80000208C35012036
:10B83000F0B5046889B0054616461BF049FFA36FB2
:10B8400059020ED517F028FBA36F23F48003A367DA
:10B850001BF018F816B1304619F0ECFB002009B0C7
:10B86000F0BDE17F19B1B4F85230A4F8583094F823
:10B870006C7017F001073DD10027E26F930740F18C
:10B88000858094F8E23022F00302082BE26701D0B1
:10B89000032B03D1D4F8B431002B73D1D4F8B831D1
:10B8A00000219889A4F854005889B4F850C0844500
:10B8B00011D1B4F852E0B3F810C0E6450BD1B4F89A
:10B8C0003EE0B3F812C0E64505D1B4F83CE0B3F869
:10B8D0000EC0E64558D0A4F85000198AA4F85210BA
:10B8E000588AE087DB89A387A4F8581042F0040245
:10B8F000E2674BE00029BFD0A37F002BBCD02046DD
:10B900001CF014FF0028B7D0E37FD4F8C421C4F89A
:10B91000D050834214BF0823002384F8D830A37F7B
:10B92000C4F8D420032B84F8D90084F8DA3017D176
:10B930001378022B07D117F0AFFAA36F43F000433F
:10B94000A3671AF09FFFD4F8D4301B78112B01D0D5
:10B95000072B05D1E36F9A0744BF23F00303E36786
:10B960002246039552F8D00F516804AB03C3906888
:10B97000D168142203C3009603AB3149012015F0AE
:10B98000F8F87AE701218CE70029AFD1002F3DD1EB
:10B9900016B1304619F04EFB1CF0A0F894F92C308B
:10B9A00084F82B00002B3FD1C300E38584F82C00E2
:10B9B000D4F84431002B3FF451AF94F8E22092B90F
:10B9C00094F8E420213A012A0DD91A7C16070AD4EA
:10B9D000B3F81530B4F85C209B1A1BB2002B02DCC4
:10B9E00028460CF04BFBD4F844311A7C50067FF506
:10B9F00035AFD3F82220137A99067FF52FAF6FF376
:10BA000045131372284609F0A5FB27E794F8280090
:10BA10000128C1D1022384F82830042203AB09494C
:10BA2000039513F0EFF9B7E7B4F92E30A3EBE30376
:10BA300003441BB2E385DB1084F82C30B8E700BF69
:10BA40006004010101060101F0B581EA030E0EF068
:10BA5000004E40F20007CFF6E07717EA41051EBF1F
:10BA600095EA070F17EA430494EA070F00F0C58030
:10BA70006D0DA5EB545707F580674FF0004646EA79
:10BA8000C12444EA5054C00246EAC32343EA525355
:10BA9000D202801A9C4104D20018644180185C4193
:10BAA000013F5B084FEA32020025002140F001000F
:10BAB0004FF0070604E0801A9C4136D340416441B0
:10BAC000801A9C4136D340416441801A9C4136D350
:10BAD00040416441801A9C4136D340416441801A00
:10BAE0009C4136D340416441013E17D0801A9C41AD
:10BAF00036D340416441801A9C4136D34041644171
:10BB0000801A9C4136D340416441090201EB156122
:10BB100090EA052520F0FF004540CCE7801A9C41C3
:10BB200056D335E080185C41C8D2001864418018B3
:10BB30005C41C8D20018644180185C41C8D200182A
:10BB4000644180185C41C8D20018644180185C418F
:10BB5000C8D200186441013E17D080185C41C8D299
:10BB60000018644180185C41C8D2001864418018F4
:10BB70005C41C8D200186441090201EB156190EAEA
:10BB8000052520F0FF004540CCE780185C411FD31D
:10BB9000420918BF44F00104490101EBD56100F0EE
:10BBA0001F0000EB451021F4801141EA0E01013025
:10BBB00041F10001244208BF20F00100B7F5006FF9
:10BBC0003EDA013F49DD01EB0751BDE8F040704727
:10BBD000490101EBD56100F01F0000EB451021F495
:10BBE000801141EA0E01B7F5006F29DA013F34DD1B
:10BBF00001EB0751BDE8F0407047004218BF41F02B
:10BC00000101124218BF43F00103B7EB410F2CBFF3
:10BC1000B7EB430F1CE0B7EB410F04BFB7EB430F8B
:10BC200016E017EA410F04BF17EA430F10E017EAC6
:10BC3000410F12D017EA430F02D0B7EB430F0CD0DD
:10BC40004EF0FE4141F470010020BDE8F040704725
:10BC50004FF0FE4141F47801F6E77146F4E7704792
:10BC60002DE9F04786B07E4B009306460123022261
:10BC70004521EC2009F0A6F81DF038FA002840F024
:10BC8000EA80784F347B3B6823B193F89830012BDE
:10BC900000F0E1808CB9214604A81BF04FFE9DF80E
:10BCA00010308BB11225704B0093019501230022B7
:10BCB000FF21EC2009F086F89CE0012C40F09E80EA
:10BCC0001DF02AFC0028EDD01CF0AEFF002840F04B
:10BCD000C4807279307906F1060802F0010241460B
:10BCE0000FF038F905460028DDD1FC21022011F0C3
:10BCF00009F9824684200AF0EFFB814625200AF0EC
:10BD0000EBFB0446BAF1000F00F0A380B9F1000F7D
:10BD100000F09D80002808BF0725504616F012FD50
:10BD2000B9F1000F02D0484619F06AF914B1204663
:10BD300019F066F9002DB6D1FC21022011F0E2F8CD
:10BD400004684A4B4360C4E93455E0603C60337991
:10BD5000237401236376337B728837882376737963
:10BD60006374D8F80030C4F81230B8F80430E382B5
:10BD700040F2712353439742C4F89C304FF47A73D6
:10BD800008BF0337C4F8A0304FF0840008BFBFB22B
:10BD90000AF0A2FBC4F88C0025200AF09DFB4FF0AE
:10BDA00001084FF400734FF00009A4F8EA30C4F81A
:10BDB000880084F8089084F8CE80A4F8E6900E20DD
:10BDC0001CF018F9042184F8CF0084F898804046CC
:10BDD00010F036FBB38A728A318A04F12D0012F01A
:10BDE000B1F920463B46224A49460CF05BFC4046EE
:10BDF0001DF064F9284606B0BDE8F087A31E012BAC
:10BE00003FF662AF9DF81030727962F300038DF84F
:10BE100010303346002553F8062F8DF80E509B88BE
:10BE2000CDF811200DF10E0104A8ADF8153015F074
:10BE300017F900283FF448AF022C7FF441AF2946A0
:10BE40000DF10F001BF07AFD9DF80F3029E7072553
:10BE500063E7072564E70C2525E7072523E700BFEF
:10BE6000E07C02018C350120EF7C020149FC0101DC
:10BE7000B91B0101F7B54388032B044605D00821FF
:10BE800020460EF0A3FD03B0F0BDC06D0191E4307B
:10BE900001A91DF0EDF9E06D01A9E5301DF0E8F90B
:10BEA000E06D01A9E6301DF0E3F9E06D01A9E7308E
:10BEB0001DF0DEF9E06D01A9E8301DF0D9F9E06D63
:10BEC00001A9E9301DF0D4F994F85520E36D3AB199
:10BED00094F8541093F8E620914201D00521CFE761
:10BEE000002284F8552093F8E72084F8522093F834
:10BEF000E620D00704D55D4A12685278D10701D4F4
:10BF000001225A71E26D92F8E730073B092B01D903
:10BF10000621B5E792F8E630544D13F0080F2B6870
:10BF200003D19B7923B10321AAE75B78C3F3C00354
:10BF300084F8573020460FF0BDFF04F1600716F07B
:10BF4000ABFD4B49384606F0D5FAE66D737813F130
:10BF5000FF3218BF012284F8562094F85720002A97
:10BF60004DD0012B07D096F8E7300F2B03D8384679
:10BF700008F072FCCCE794F8533083B902201AF031
:10BF8000E5F9002837D12B68DA789AB1394940228F
:10BF900004F112001CF0D6FB022384F85330204633
:10BFA00013F010FF04F11201204616F052FD0A238F
:10BFB000A37068E77278032A06D1996821B191F8D5
:10BFC00050300BB14022E3E72B481DF0E7F806465E
:10BFD00000287FF454AF2868022384F853301030CF
:10BFE00008F03AFC2B6883F828609B680BB183F853
:10BFF00050600923DCE7012384F85330F9E7204639
:10C0000013F0E0FEE36D93F8E920D2075CBF012254
:10C010005A71E16D4B78012B0AD120466F3103F044
:10C02000C5FFE16D204601F5D87113F045FA2AE706
:10C03000022B13D12B681B78022B03D1204616F05C
:10C04000A5FB20E7042B05D191F8E430022B01D0A9
:10C05000042BF3D120461BF0F7FA14E7032B7FF4EF
:10C0600012AF20461BF001FB0DE700BFC00100200E
:10C07000A064D1012438020175300201F0B50378C3
:10C08000102BADF5037D044640F08A80794B1B7878
:10C09000022B05D0016A407F17F004FA00287BD0FC
:10C0A000617F206A05F05CF9002875D0A3798DF8CE
:10C0B0000A3004F10907C3F341133946207A8DF899
:10C0C0000B301AF067FBD4F80930E27BCDF80D3065
:10C0D00004F11706B4F80D308DF80C00ADF81130EE
:10C0E0008DF81320A38A2269A07D05923146ADF810
:10C0F00018301AF04FFBD4F81730CDF81B30B4F8D5
:10C100001B30216A8DF81A00E522ADF81F300DF1C1
:10C110002200637F8DF8213042AD1CF013FB072312
:10C1200002A88DF8083015F0E7F801232B70E3889A
:10C130006B803946207A1AF02DFBD4F8093028712B
:10C14000E27BCDF80D31B4F80D30ADF81131A38A92
:10C15000EA722269EA602B823146A07D1AF01AFB4E
:10C16000D4F81730A874CDF81B31B4F81B30ADF8F3
:10C170001F31637F6B76E522216A0DF591701CF00B
:10C18000E1FA0022CDE900524FF4807340F63E51AF
:10C190004FF4827019F0D2FF01200DF5037DF0BD40
:10C1A000162B4ED1C61D83888079ADF80A313146F1
:10C1B0001AF0F0FA04F10E05D4F807308DF80C01EE
:10C1C0002946CDF80D31607BB4F80B30ADF8113154
:10C1D0001AF0E0FA638A8DF81301ADF81831D4F83B
:10C1E0000E00237D45908DF81A3142A80E238DF85C
:10C1F000083115F081F8A388A079ADF808303146F0
:10C200001AF0C8FA02AFD4F80730B8702946CDF852
:10C210000B30607BB4F80B30ADF80F301AF0BAFA7F
:10C22000D4F80E307872CDF81230638AADF816303B
:10C230000022237D3B7440F63E31CDE9007211238C
:10C24000A6E71A2BA8D10C4B1A68137823F0020327
:10C2500013700121002019F003FF132342A88DF869
:10C26000083115F049F80023CDE900331A4641F2B0
:10C270003E118DE7FB360120A40000202DE9F0419E
:10C2800090F8E230062B92B0044640F0EA8000219C
:10C2900007F03EFED4F84431D87D1CF0B1FCD4F850
:10C2A000443193F91B20197C003218BF012262F33C
:10C2B00004111974D4F84421137C5907054621D57B
:10C2C0006FF38203137441F22103ADF80030238829
:10C2D000ADF8063002238DF80830431C8DF8093084
:10C2E0000022D4F844318DF80420197F8DF80A100B
:10C2F0009B7E8DF80C20C3F3010368468DF80B304C
:10C3000018F04EFFD4F8443193F91C207E2A00F037
:10C310008C807F2A00F099802B441A71D4F8443124
:10C320005A199B7E1373D4F844311A7C02F012021E
:10C33000122A1FD141F22102ADF8002000228DF80F
:10C3400004202288ADF8062001228DF80820AA18C2
:10C350008DF809205A1992F904108DF80A10127BF1
:10C36000C2F301028DF80B20DB7E8DF80C3068469D
:10C3700018F016FFD4F844315B7F013BDBB2FD2B94
:10C3800053D8294620461CF01DF9D4F84421537F88
:10C39000C7B2FB1A5355D4F844612E44804601219C
:10C3A000304617F0F9FF3072D4F844215357434513
:10C3B00017D0DB1B82F82030D4F844315A192946B3
:10C3C000127ADA77D4F844210123AB4093772046E0
:10C3D000D4F844611CF0F6F886F8210020461AF0E3
:10C3E000A2F8D4F844311A7CD2071ED541F22102BA
:10C3F000ADF8002000228DF804208DF80820218857
:10C40000ADF806106A1C8DF809205A578DF80A20DD
:10C410005A196846127AC2F301028DF80B205B5D4F
:10C42000DB1B8DF80C3018F0BBFED4F844311B7CBC
:10C430001B071AD50A200AF04FF8C4F8B4012046A9
:10C440001CF02FFD12B0BDE8F0814FF48153ADF820
:10C4500000302388ADF804304FF6FF73ADF8063096
:10C4600085E724211BF079F8ECE70120EAE7704723
:10C4700030B585B000230293ADF8043090F8523007
:10C48000012B044601A902A82AD119F06DFA029ADB
:10C49000A36DB4F854101A44BDF804300B449BB299
:10C4A00040F2E1418B42C2F31602029285BFA3F231
:10C4B000E2430132ADF80430ADF8043088BF029297
:10C4C0006178626911F004054BD19442D0693BD088
:10C4D00053785B0707D441F04001617005B030BD6F
:10C4E00019F042FAECE7A26E02F59C735B0040F291
:10C4F0007122B3FBF2F30344C3F3160365F3451152
:10C50000E3616170514ABDF804001168029A9B1AF8
:10C5100091F8402202F58E7240F27125C3F31603A2
:10C520006B4331F812504FF4005105EB900594F82D
:10C530005000C5EB53051AF059FA6464294604F11A
:10C54000380005F0D7FFC9E7A26E02F59C735B00C7
:10C5500040F27122B3FBF2F30344C3F31603E36129
:10C56000D0E79442E369029AA3EB0203C3F31603F4
:10C5700040F2712202FB03F31CBF6FF3451161709F
:10C58000012B4FEA530584BFBDF80430A5EB93059A
:10C590002E4B1A6892F8403203F58E7332F813303E
:10C5A00003F27122AA4217D9A06828B1837843F018
:10C5B000080383700DF044FC4FF4002194F8500000
:10C5C0001AF014FA20461AF09FFE0022214694F831
:10C5D00050001DF000F981E7ED1A94F852306464C0
:10C5E000012B0DF1060103A82CD119F0BDF9039A16
:10C5F000A36DB4F854101A44BDF806300B449BB236
:10C6000040F2E1418B42C2F31602039285BFA3F2CE
:10C61000E2430132ADF80630ADF8063088BF039230
:10C62000DDE902239A4204D1BDF80630B3F5966FD6
:10C6300001D3A5F59C754FF4005194F850001AF001
:10C64000D5F97BE719F090F9EAE700BFB0010020C7
:10C650002DE9F04F1646A1B0102281460C460DEB95
:10C660000200002198461CF075FB30461DF0EAF8E8
:10C67000074600287ED0A319421EA3427DD118ADE3
:10C680001022002128461CF065FB0DF1500A1022F3
:10C6900000211CA81CF05EFB8723102200215046BD
:10C6A0008DF87F301CF056FB10AA5146484609F021
:10C6B00079FF0CAC10AA0023D17B19550133102B44
:10C6C00002F1FF32F8D19DF93030002B5ADB04A97A
:10C6D00020461BF03BFC9DF91030002B5CDB08A9C9
:10C6E00004A81BF033FC06F10F00000906F00F064A
:10C6F0005CD01FFA80FB002E5AD100F18050013827
:10C7000010AA04A907EB00101CF020FA1022002147
:10C7100068461CF01FFB00260BF1FF339E422246A9
:10C7200065D310A968461CF011FA0023E27BEA5495
:10C730000133102B04F1FF34F8D11CAA29464846D6
:10C7400009F030FF1CAB0022D97B0DF8021001323A
:10C75000102A03F1FF33F7D10DF10F02002300BFC0
:10C7600012F8011908F803100133102BF8D13846DC
:10C770001DF06AF821B0BDE8F08F13F8011D02F832
:10C78000011F7AE7294620461BF0E0FB04AA1CA9FA
:10C7900028461CF0DBF99EE7294604A81BF0D6FBCF
:10C7A00008AA1CA928461CF0D1F99CE74FF0010B00
:10C7B0000BF18053013B1A010023B6B219468020C9
:10C7C0001FFA83FC66450CD907EB020C1CF803C06A
:10C7D0000AF803C00133102BF2D110AA08A9504661
:10C7E00092E70CBF0AF803000AF80310F2E707EB20
:10C7F000061168461CF0AAF90023D17BE9540133E5
:10C80000102B02F1FF32F8D11CAA2946484609F044
:10C81000C9FE1CAA0023D17B0DF803100133102B95
:10C8200002F1FF32F7D10136B6B275E72DE9F843D0
:10C8300007460D4698469600304604F0F7FF00285C
:10C8400000F098808146542004F0F0FF0446002850
:10C8500000F08D80542200211CF07CFAC4F8309046
:10C860003246A52148461CF075FA043E236B1E444F
:10C8700026F0070685B105F1FF3C04F1330E05F102
:10C880000F0300BF1CF8015F0EF8015F0DB19C455E
:10C89000F8D1002384F84330089B042B28BF0423DD
:10C8A0009946E3626364251D28461CF082FF04F16B
:10C8B00018001CF07EFF2461C9F10503A3616462C6
:10C8C00042463946304619F089FB2060099B03B186
:10C8D0001C601AF083FF3E4A1368013313603D4B1E
:10C8E0001B68002B4AD03C4B1B683BB9394B1B687B
:10C8F000DA6AE36A9A429CBF364B1C60374A136877
:10C9000001331360E36A3649086801229A40024302
:10C910000A60344A03EB830302EB83035B68A36082
:10C920009968E1604D609D60E36A03EB830102EB6F
:10C930008100606152F82130013342F821301CF04F
:10C940006FF8254B1B68002B3DD0224B1B68DA6A21
:10C95000E36A9A4239D24FF0E0234FF08052C3F895
:10C96000042DBFF34F8FBFF36F8F012004E04846C3
:10C970000CF09AF84FF0FF30BDE8F883154B1C60BF
:10C98000134B1B68012BB9D1164E06F164073046D4
:10C990001BF011FF1436BE42F9D1134F38461BF07D
:10C9A0000AFF124E30461BF006FF11481BF003FF32
:10C9B00010481BF000FF10481BF0FDFE0F4B1F60DE
:10C9C0000F4B1E609AE70120D6E70120D4E700BF95
:10C9D00028360120383601201C3601200C36012073
:10C9E00020360120E4300120C0340120AC34012085
:10C9F0009834012084340120703401203436012021
:10CA0000303601202DE9F043066896F82C3085B0C9
:10CA1000C3B10A79336D96F82D70342402FB0434C7
:10CA20002FB1002084F82D0005B0BDE8F083D1F8C7
:10CA30000080042108F1020006F080FF054618B9C5
:10CA400084F82D001F20EFE7837813F0C00F0FD07C
:10CA500003F0E003402B0BD05B4B00933A460123DD
:10CA6000FA21EC2008F0AEF984F82D700020DBE705
:10CA70002B886382AB78237595F90000AB786A78D0
:10CA8000002803F01F0742EA0727BCBF4FF4967146
:10CA900017FB01F72978A8BFC7EB071703F01F039F
:10CAA000A8BF7F0011F0400F42EA03220CBF4FF4F1
:10CAB000FA7132210028AEBFC2EB02124FF4967316
:10CAC00012FB03F2414801F5FA73A8BF52005A4322
:10CAD000B2FBF0F100FB112202B101312368A16128
:10CAE00023F47F0323F47F43002B55D1327C98F845
:10CAF0000130022A54D0032A56D00533DB003322FA
:10CB0000A7F17208A8EB0101CB1AA3EB0208638915
:10CB1000D4F806009B004FF6FC7119401CF032FE61
:10CB2000814640461BF0ECFE0146484615F0E6FD06
:10CB3000AB785B0903932B7803F03F03CDE90173D6
:10CB4000234B0093804601230222A821EC2008F009
:10CB500039F9204B0093CDE9019801230222A92144
:10CB6000EC2008F02FF92A78A37C62F30503A37464
:10CB7000AB78227D5B0963F347124FF47A73227519
:10CB80000121C6E90C33C6F83C8004F13003124A97
:10CB900030460FF0D5FC69E7AA7852090132A6E7C2
:10CBA00005339B001E22ABE722791209012A09BF37
:10CBB0001B019B01563302F5C6721CBF03F25113D1
:10CBC00040F28D129CE700BF9604020140420F0024
:10CBD000AB040201D20402013527010108B54FF070
:10CBE000884200BFD2F8203113F4007FFAD0664BA0
:10CBF00027225A8042F278021A805A6842F4801240
:10CC00005A601A46536813F4801FFBD15F4B1B68B0
:10CC100003F47043B3F5805F40F099805C4A536A37
:10CC200013F0010FFBD04FF088430022C3F8D0204F
:10CC3000584AC3F8D02002F12B42A2F54B12A2F6BB
:10CC4000AB42C3F8D02003F520634FF400721A60A2
:10CC500001229A601A46136813F0010FFBD14E4A65
:10CC6000B2F8BA349BB243F00203A2F8BA34B2F875
:10CC7000BA3403F0FD03A2F8BA344FF08843D3F876
:10CC8000202122F07F42C3F820211A6D42F0405249
:10CC900042F00C021A653E49CA6822F07E0242F058
:10CCA0000402CA600022C3F8D0203A4AC3F8D02058
:10CCB00002F12B42A2F54B12A2F6AB42C3F8D020F0
:10CCC00003F52063354A1A620A46536A03F00303E8
:10CCD000032BFAD12D4B324A1A6001229A601A4670
:10CCE000136813F0010FFBD1284A48F20903C2F878
:10CCF000803140F20123C2F8A0304FF40043C2F863
:10CD0000A8304FF088434FF41041C3F88010002141
:10CD1000C3F89010C3F8A010C3F8B0102148C3F8AE
:10CD2000E000C3F8F0102049C3F800111849486822
:10CD300040F010004860086840F0887008600821E2
:10CD4000116311644FF03332C3F8D02008BD0E4B8D
:10CD50002E225A8044F228321A805A6842F48012F5
:10CD60005A601A46536813F4801FFBD10F4B1868A2
:10CD700020F49F7020F001004FF47043D3F8D032BC
:10CD800040F48A70984749E700300141000A0044A6
:10CD900000400141556699AA00200141080101C0E7
:10CDA00001012000E0070120FEFF730F0024014471
:10CDB00070B5C56D86B00446002D00F0DB8095F897
:10CDC0002E30DE0722D511201CF002FD0646E8B108
:10CDD00000F11003062104A804931CF073FB2B46FA
:10CDE000049953F8A02F0A605A684A609A688A60CA
:10CDF000DA68CA6006230093324600231121208896
:10CE000018F038FB10B130461CF00CFDE56D95F8BC
:10CE10002E30980721D50B201CF0DAFC0646E0B135
:10CE200000F11003072104A804931CF04BFB049BA2
:10CE3000B5F8B0201A80049A55F8B23F13606B68B9
:10CE4000536006230093324600230B21208818F0FC
:10CE500011FB10B130461CF0E5FCE56D95F82E3065
:10CE6000590722D511201CF0B3FC0646E8B100F1A9
:10CE70001003082104A804931CF024FB2B460499FA
:10CE800053F8BC2F0A605A684A609A688A60DA6868
:10CE9000CA6006230093324600231121208818F02F
:10CEA000E9FA10B130461CF0BDFCE36D93F82E306A
:10CEB0001A0728D508201CF08BFC054618B300F192
:10CEC0001003092103A803931CF0FCFA0DF11101D2
:10CED00004A81AF033FD9DF8101003A81CF0F2FA14
:10CEE000039BDDF811201A60BDF815209A800623F7
:10CEF00000932A4600230821208818F0BBFA10B1BD
:10CF000028461CF08FFCE56D95F82E30DB0622D507
:10CF100011201CF05DFC0646E8B100F110030A2167
:10CF200004A804931CF0CEFA2B46049953F8D32F8F
:10CF30000A605A684A609A688A60DA68CA6006239A
:10CF40000093324600231121208818F093FA10B183
:10CF500030461CF067FCE36D93F8EA2052B95B7928
:10CF600013B920460BF044FFE06D18B11CF06CFCC7
:10CF70000023E36506B070BD2DE9F047C388172B89
:10CF80008CB0074640F0BD80837A0C2B07D003F0AD
:10CF9000FD03082B03D080200CB0BDE8F0874FF4D0
:10CFA00040701CF04FFC80460028F4D01022002175
:10CFB00008A81BF0CFFE5E4BCDF808801B681C68EC
:10CFC00000250CBB28461CF03DFC0646002800F05E
:10CFD00094802A4641461BF0E1FD40461CF034FC9B
:10CFE00004AB2A46314608A8FFF732FB30461CF056
:10CFF0002BFC3B685A6804AB03CB1060516003CB39
:10D000009060D1600020C7E7A689E389B34201D2CE
:10D010002468D6E7B4F80C906368A6EB090903EB23
:10D02000091999F80E305B074FD4D9F8001001A800
:10D030001CF042FABDF80430A3F52052032A02D9AD
:10D04000B3F5245F44D1D9F8083093F800A05544D3
:10D050001FFA85FA0AF10405ADB2B5F5407F4CD848
:10D06000314602A81CF034FABDF8041002A81CF0E6
:10D070002FFAD9F80830D9F804101A7802A81BF052
:10D08000A1FDBDF8042042F602039A421DD1D9F851
:10D0900008301B88042B18D1D9F804100DF10600B4
:10D0A0001CF00AFA03AA04A9BDF8060018F09CFBBC
:10D0B00058B10AF11405ADB2B5F5407F1DD8049BF7
:10D0C0001022596802A81BF07DFD0136B6B29CE71C
:10D0D00003F55643FF339BB2042BF6D80435ADB2AB
:10D0E000B5F5407F09D8314602A81CF0F1F9BDF82A
:10D0F000041002A81CF0ECF9E7E740461CF0A4FB82
:10D1000049E7152B7FF447AF837A0C2B04D003F04B
:10D11000FD03082B7FF43FAFB88818F05DFD0028B1
:10D120003FF439AF3B68827A5B681A706AE700BFE8
:10D13000B40000202DE9F3410E4604464FF40031BF
:10D1400090F85000174619F051FC3378990609D52C
:10D150003369236603F59C735B0040F27122B3FBD5
:10D16000F2F3236233785A0609D57369636603F5CF
:10D170009C735B0040F27122B3FBF2F3636233787D
:10D18000DB0744BF737884F8513033789D072BD583
:10D19000B3784BB301204FF4006119F027FCA3785A
:10D1A000580700F1A080D4F80880B8F1000F68D0CB
:10D1B00098F80030012B454602D140460CF040FE65
:10D1C0000023C5E91A3385F85330AB702B886D61A5
:10D1D00023F49F6323F007032B8028460FF054FEAF
:10D1E000AB7843F00403AB703378590744BFB3689E
:10D1F000A36533781A0744BFB388A4F85430337852
:10D20000DB063BD5F368E269E3655B0A9A4235D0F9
:10D21000012FE36132D0012384F85330A36E6BB346
:10D2200094F852300DF1020101A8002B38D118F00A
:10D230009BFB01992D4AE3695B1A116891F8402222
:10D2400002F58E72DBB231F8121001F2A9325200EF
:10D2500040F27120B2FBF0F29A423DD85843BDF83B
:10D2600002309B08C3EB500301F271229A4205D8A9
:10D270006464591A04F1380005F03CF902B0BDE8C5
:10D28000F0812569002DAFD07822214628461BF079
:10D2900059FAA560EC60C4F80C80C5F808808FE7E7
:10D2A00018F062FB019AA36DB4F854101A44BDF84B
:10D2B00002300B449BB240F2E1418B42C2F31602B2
:10D2C000019285BFA3F2E2430132ADF80230ADF81E
:10D2D000023088BF0192ACE70022114694F850005A
:10D2E0000DF00AFFCAE725466AE700BFB00100203B
:10D2F00038B5634B1A68052060F31F721A601CF082
:10D30000E2F960490A8840F23B1060F30F020A809C
:10D310005D4A108840F001001080088840F2E24425
:10D3200064F30F000880118841F002011180A2F21D
:10D33000C4524FF43470116860F31A41116002F561
:10D3400070723430118860F30F011180A2F2AC7258
:10D350001420116860F3174111604C490888A4F546
:10D36000DB7464F30F0008804FF088411446096CA9
:10D3700002F2BC7201F440511088B1F5005F0CBF9D
:10D3800024250C2565F307001080414A4149108887
:10D390006FF3070010801A686FF307021A603E4AA5
:10D3A00013686FF30003136013686FF34103136096
:10D3B00013686FF30413136013686FF3451313605E
:10D3C00013686FF386131360344B18886FF30000F3
:10D3D000188018886FF34100188018886FF30410C4
:10D3E000188018886FF34510188018886FF386101E
:10D3F0001880106840F004001060106840F00800C9
:10D4000010601A8842F004021A801A8842F008025A
:10D410001A8023685C2262F30F232360B1F8503135
:10D42000A12262F30F23A1F85031B1F850318C22C0
:10D4300062F30703A1F85031D1F8143102F26F12F0
:10D4400062F31843164AC1F81431136843F00053CD
:10D450001360144B1A686FF39E721A60503B1A687F
:10D460006FF310421A60B1F8083C122262F34913BC
:10D470000D4AA1F8083C138843F00303138038BD1C
:10D480000C3A0141043E0141183E01411C3C01415E
:10D49000043A014100240141203A0141283A014166
:10D4A000003F014100370141203801412DE9F04F93
:10D4B00007298DB0054601D0152936D1053901322D
:10D4C0001FFA81FB04A805A905921BF0ABF905A979
:10D4D0000DF112001BF0A6F908A85A4605A91BF089
:10D4E00067FB284615F04CFA18BB5A465B4908A85A
:10D4F0001AF010F9002840F0AB80BDF810000028A9
:10D5000000F0A880BDF81210884200F2A38006AB9C
:10D510005FFA8BFB07AF0093019708AB5A460DF0FB
:10D5200047FC044668B90A2003E00023ADF8103038
:10D530000420C3B2BDF81020102128460CF04CFB8B
:10D5400052E0079B5B68D3E9011210781BF086FD5F
:10D55000069A03468246D27B288801210BF04CF8BC
:10D5600080B210B1ADF81040E3E7A8881CF030F9A4
:10D570008046002870D0069B9B68B3F8009009F1A4
:10D58000040600F11003112105A8B6B205931BF0A3
:10D5900099FFF1B205A81BF095FF214605A81BF0E5
:10D5A00097FF079B05A8D9891BF092FF069B9A68F5
:10D5B0005968128805A81BF005FB09F10604A4B2FE
:10D5C000079BD8894FF6FF73984204D0AB8804EBD1
:10D5D000060999450BDD4246214628461AF044FBD0
:10D5E00010B140461CF01EF90DB0BDE8F08F06AB3F
:10D5F000013080B20093019708AB5A46BDF8121073
:10D60000ADF810000DF0D4FB03900028E3D0069A8B
:10D6100093681B880433B342DDD15346D27B2888FC
:10D6200001210AF0E9FF0028D5D1039905A81BF0D4
:10D630004FFF079B05A8D9891BF04AFF069B9A68F4
:10D640005968128805A81BF0BDFA1FFA89F4B7E7DC
:10D6500010206EE701206CE711206AE7B498020100
:10D660002DE9F84F5D4B1B68002B40F0AF805C4B01
:10D670001D6801351D6095B15A4B1B68AB4200F225
:10D680008B80594B1B681B68B3B100245648A346D6
:10D69000564E4FF0010C564ADFF8608144E0524A82
:10D6A0001168544B186810601960534A13680133AD
:10D6B000136019F047F8DFE700244A4B4FF0FF32C0
:10D6C0001A606AE0474B196067E0D96AD6F800A093
:10D6D0000CFA01F949EA0A09C6F8009001EB810148
:10D6E00002EB810149689960D1F80890C3F80C9069
:10D6F000C9F804E0C1F808E0D96A01EB810E02EB39
:10D700008E09C3F8149052F82E10013142F82E10F1
:10D71000D8F800E0D96ADEF82C30994288BF01249D
:10D7200003681B68002BC8D00368DB68DB68596896
:10D730008D42C7D3D3F81490D9689F68B9609F68A9
:10D740004F6003F1040ED9F80410714504BFD96885
:10D75000C9F80410C3F814B0D9F800100139C9F899
:10D760000010D3F82890B9F1000FAED0196ADF6924
:10D77000B960DF694F6003F1180AD9F80410514508
:10D7800004BF196AC9F80410C3F828B0D9F800100A
:10D790000139C9F8001098E70024184B1B68DB6AB0
:10D7A00003EB8303124A52F82330022B28BF0124D3
:10D7B000134B1B683BB1134B1B68002B18BF012494
:10D7C0002046BDE8F88F0BF0B6FCF4E70C4A13686E
:10D7D000013313600BF0AFFC0024F1E700360120A9
:10D7E000243601200836012034360120203601205D
:10D7F000E430012030360120103601203836012077
:10D8000018360120143601202DE9FF470025044673
:10D8100089461F46057001F1FF3813780BB1454565
:10D820000BD3624B1B7803B92370454588BF09F1C0
:10D830000105284604B0BDE8F087252B07D05B49D9
:10D84000097811B904F8013B01350132E5E7537855
:10D85000252B37D0561C3378302B4FF000001AD1CF
:10D8600001464FF00A0C725CA2F13003DBB2092BC7
:10D870000ED922F0200EAEF1410EA2F16103BEF1ED
:10D88000050FDBB206D8052B26D8A2F15703DBB271
:10D89000092B29D90E4433786C2B08BF0136337815
:10D8A000702B5FD027D8632B39D0642B51D0582BE5
:10D8B0003AD13E4B3A681B7803920437002B68D16B
:10D8C000019058E039490978961C0029C3D104F821
:10D8D000013B01353246A0E7A2F14103052B02D8F6
:10D8E000A2F13703D3E7002301310CFB0030735C56
:10D8F000002BB8D1CEE7752B18D0782BD9D0732B4D
:10D9000012D13B680437013B5A1C0DD013F8012F8C
:10D9100052B1454508D204F8012B0135F4E73B68C4
:10D9200004F8013B04370135721C76E71F4B3A6857
:10D930001B78039204370BBB019000930A23A8EBDA
:10D94000050120460EF0FCFC5FFA80FA5444554471
:10D95000EAE7164B3A681B780392043773B90190D3
:10D960000123EAE7114B3A681B78039204372BB97D
:10D9700004230193012300931023E0E7002808BF4C
:10D9800004205FFA80FA524603A920461AF0DAFE14
:10D99000DCE740B1C107C0F3470AF4D50AF1010A38
:10D9A0005FFA8AFAEFE74FF0010AECE7023701204D
:10D9B000F0B587B003790393C3780293038801938A
:10D9C0000546634B0093EC2001230222512107F00E
:10D9D000F9F9288819F0AAFC002800F0B78004683B
:10D9E000204619F003F9002800F0A2800A2008F070
:10D9F00073FD0121C4F8B401204619F0BFFD0021D8
:10DA00000646204619F0BAFDAA78032A074610D028
:10DA1000EB78B34223D12979814220D1042E08D159
:10DA2000EB88012B08BFE376EB88022B01D10023A2
:10DA3000E37630461BF047FA064638461BF043FAB9
:10DA400000250746D4F8B40117F0DAFAC4F8B45147
:10DA50002B463A463146204617F03AFB44E012F096
:10DA6000010F18BF072384F84231AB78D4F8B421F2
:10DA70009B0754BF2B79072384F84331EB88D3806D
:10DA80005A1E012A07D8012B08BFE376EB88022B28
:10DA900004BF0023E37694F8F23043F0020384F8E5
:10DAA000F230D4F8443133B32A79042A03D1E98817
:10DAB000E9B9E17EE9B9DA75D4F8443100261E7679
:10DAC000E8781BF09DF801462046D4F844511AF03E
:10DAD00079FD6876D4F84421137C43F0080313746D
:10DAE00020461AF0B5FE0025284607B0F0BD0229F1
:10DAF000E1D00822DFE720461BF0D3F905460028D5
:10DB0000F1D194F8F23060F3410384F8F230D4F8A4
:10DB1000B40117F075FAC4F8B45107250D4B009302
:10DB2000019501230022FF21EC2007F04BF9DBE7F0
:10DB30002868696804AB03C3082204AB04212046AB
:10DB400012F0B2FA05460028E8D1CCE70225E5E755
:10DB5000D4680201C66802012DE9F74F0546008925
:10DB60001BF05AFE002800F0C2802889EC6818F0EB
:10DB700033F80546002800F0BC8083886788033BA3
:10DB80009F4200F2B68094F8F860122E37D190F8D8
:10DB90004E30002B40F0A78007F103091FFA89F9E6
:10DBA0004846B4F800A01BF013FE8046002800F0A1
:10DBB0009C8000F11003314601A801931BF082FC08
:10DBC000514601A81BF084FC211D3A4601981AF029
:10DBD000B9FD4246494628461AF046F80446A0BB1D
:10DBE00085F84E60A5F850A0A5F86600424905F1F9
:10DBF0005C0004F07FFC204603B0BDE8F08F522E9D
:10DC000027D107F103091FFA89F9484634F804AB14
:10DC10001BF0DEFD8046002867D000F1100331467E
:10DC200001A801931BF04EFC514601A81BF050FCCB
:10DC300021463A4601981AF085FD42464946284653
:10DC40001AF012F804460028D5D040461BF0EAFD31
:10DC5000D1E7162E1DD190F84E30002B43D107F19D
:10DC600005091FFA89F94846B4F800A0B4F8FAB0DB
:10DC70001BF0AEFD8046C0B300F11003314601A891
:10DC800001931BF01FFC514601A81BF021FC5946D3
:10DC900097E7182E2DD194F8FC70012F29D890F811
:10DCA0004E3003BB0220B4F800801BF091FD064605
:10DCB000D8B100F11003182101A801931BF002FC58
:10DCC000394601A81BF0FEFB32460221284619F016
:10DCD000CBFF044628B9182385F84E30A5F85080AC
:10DCE00082E73046B2E7072485E7022483E704246D
:10DCF00081E703247FE700BFA064D10170B5046809
:10DD0000154620460E4616F015FC2978204610F0E0
:10DD100071FE2B78023B232B13D8DFE803F01E1291
:10DD20001212363D124412364B521254125C3636E1
:10DD3000636A711212121212127878121212127E83
:10DD40008C97E37D002B00F08C80E37D012B00F0AD
:10DD500098802B78022B02D007E0022E0BD0D4F84B
:10DD6000C43023F00103C4F8C4302978204619F0E8
:10DD7000F4FB012070BD294620461BF0EBFC2978FE
:10DD80002046BDE87040F7F7EDBB012E14BF00261A
:10DD90000126002EF3D1E8E7022EE6D129462046DF
:10DDA0001BF0DCFCEBE7092EDFD12946204603F00F
:10DDB0000BFCE4E7062ED8D12946204619F00EFECA
:10DDC000DDE7022EE2E7182ECFD10F2229462046AA
:10DDD00010F09EFBD3E7032EC7D1294620461BF047
:10DDE000C1FCCCE7092EC0D12946204612F02EF9FD
:10DDF000C5E7092EB9D12946204616F023FEBEE715
:10DE0000032EB2D12946204619F000FAB7E7022EB8
:10DE10009FD16B7884F82A30B1E7D4F84431002BD5
:10DE2000A3D0042EA1D12A4632F8011FA3F817105F
:10DE300092785A76A3E7D4F84431002B95D0052E7A
:10DE400093D1D5F80120C3F81A2098E7D4F84431CB
:10DE5000002B8AD0052E88D1D5F80120C3F81E20CA
:10DE60008DE70D4B1B68002B3FF473AF2A463146FC
:10DE70002046984702283FF468AF01283FF47FAF5F
:10DE800067E7064B1B68002B3FF463AF2A46314619
:10DE900020469847F1E700BF9036012094360120D4
:10DEA0002DE9F743054635201BF0CCFC0446102035
:10DEB0001BF0C8FC064610201BF0C4FC07460CB142
:10DEC00006B150B95C4B009300220423C321EE201D
:10DED00006F078FF03B0BDE8F083584A136803608A
:10DEE0005368436093688360D368C360E96D3346C9
:10DEF00020222F31FEF7ACFB95F8038050484FF4F9
:10DF0000807904F1020E2B1D04F1090C05F10B01BF
:10DF100004F11002A4F80090B8F1000F4ED1D3F82C
:10DF20000090C4F80290B3F80490AEF804909B7986
:10DF30008EF806300B68C4F809308B88ACF80430D2
:10DF40008B798CF80630E96D01F5C0710B6823619F
:10DF50004B6853608B689360CB68D360EA6D02F5C1
:10DF6000E072214613682362536863629368A36278
:10DF7000D368E3620123206384F83430EB6D3522EB
:10DF8000A0333046FEF764FBE96D2846A03115F05A
:10DF90000BF884F83480EB6D352206332146304689
:10DFA000FEF756FB20461BF04FFC30461BF04CFCA6
:10DFB000384603B0BDE8F0431BF046BCD1F8008002
:10DFC000C4F80280B1F80480AEF8048089798EF834
:10DFD00006101968C4F809109988ACF804109B79E8
:10DFE0008CF80630E96D01F5C0710B6823614B6850
:10DFF00053608B689360CB68D360EA6D02F5E07282
:10E00000214613682362536863629368A362D368EE
:10E01000E3620123206384F83430EB6D3522A033B2
:10E020003046FEF715FBE96D2846A03114F0BCFF21
:10E03000002384F83430AEE78C8C0201AC910201ED
:10E04000656C74622DE9F04182B00378012B04D035
:10E05000022B75D002B0BDE8F08144682378062B0E
:10E06000F8D801A252F823F085E00001B7E00001E2
:10E07000C7E0000155E0000155E0000155E0000156
:10E08000F9E00001A378002BE4D1554B1868002378
:10E09000811C00BF11F823201AB10133082BF9D1DC
:10E0A000D8E700EB830201219170002AD2D0A28828
:10E0B00020F82320CEE7608816F0B8FE0028C9D0EB
:10E0C00000220260C6E76588284616F0AFFE0646C5
:10E0D0000028BFD0C378002BBCD02379002B14BFFD
:10E0E000082307238DF80030ADF80250684614F07D
:10E0F00019FD0023F370ADE7394B1B6893F82A3004
:10E10000002BA7D0B4F80480E788268965892B46C0
:10E110003246394640460BF0D9FB60B1ADF800807D
:10E12000ADF80270ADF80460ADF80650694660883D
:10E1300019F03AFE8EE73B21608819F00EFD89E761
:10E1400044682378E3B1012B84D16588284616F012
:10E150006DFE064600283FF47DAFA388002B3FF4F8
:10E1600079AFC378002B3FF475AF08238DF80030EA
:10E17000ADF80250684614F0D5FC0023F37069E74F
:10E180006588284616F052FE00283FF463AF144B12
:10E190001B6893F82A30002B3FF45CAF6389228917
:10E1A000E188A0880BF092FBA0B10021284619F06D
:10E1B000E3FCA388ADF80030E388ADF80230238992
:10E1C000ADF804306389ADF806306946608819F00F
:10E1D000DDFD3FE70121284619F0CEFC3AE700BFFC
:10E1E000C435012037B5428840F201139A420446F3
:10E1F0000D4605D0082120460CF0E8FB03B030BDE9
:10E2000009F01EFD0028F5D1E06D019501A9E4306B
:10E210001BF02EF8E06D01A9E5301BF029F8E06D48
:10E2200001A9E6301BF024F8E06D01A9E7301BF0EE
:10E230001FF8E06D01A9E8301BF01AF8E06D01A9A4
:10E24000E9301BF015F8E36D93F8E72084F85220CD
:10E25000A27A83F858212346E26D53F8041FC2F8CE
:10E2600059119B88A2F85D31E36D93F8E620D5073C
:10E2700004D5414A12685278D00701D401225A715C
:10E28000E26D92F8E730073B092B01D90621B2E78E
:10E2900092F8E630384D13F0080F2B6803D19B79C4
:10E2A00023B10321A7E75B78C3F3C00384F8573099
:10E2B00020460DF0FFFD2B68DA7932B15B78590703
:10E2C00003D5E36D5B78012BEBD0204614F0E4FB23
:10E2D000E36D5A7812F1FF3118BF012184F856100E
:10E2E00094F85710002940D0012A03D093F8E72072
:10E2F0000F2ACBD993F8E82022F0090283F8E8200E
:10E30000E26D92F8E93023F0090382F8E930E26D1A
:10E3100092F82C3092F8E8100B4023F0040382F8B6
:10E320002C30E26D92F82D3092F8E9100B4023F07A
:10E33000040382F82D3002231049A37004F1600019
:10E3400004F0D8F808201BF07DFA014600283FF4BD
:10E3500055AF0623037023888380E36D93F8E6307E
:10E36000837108201BF0AAF948E793F8E920D20747
:10E370005CBF01225A71CAE7C0010020A064D1012C
:10E38000F0B5046887B094F8E9300191002B40F0B3
:10E39000A18001A905A819F0ADF801A90DF10E00A1
:10E3A000059F1AF03FFA01A904A81AF03BFA01A947
:10E3B0000DF112001AF036FA0421B81C05F0BEFA6D
:10E3C000054620B984F8E6001F2007B0F0BD038899
:10E3D000A4F8F430837884F8F63090F900608278FD
:10E3E0004178002E02F01F0341EA0323BCBF4FF423
:10E3F000967013FB00F32878A8BFC3EB031302F059
:10E400001F02A8BF5B0010F0400F41EA02210CBFC1
:10E410004FF4FA703220002EADBFC1EB01114FF462
:10E42000967211FB02F1490000F5FA723648514329
:10E43000B1FBF0F600FB161101B1013694F8CD20C6
:10E44000C4F8F860002A47D194F8F220002A43D19A
:10E45000617E7A78022943D0032945D00532D20063
:10E460003321723B9E1BBDF80E00BDF8103040EA10
:10E470000340BDF812300590B21A561A9B004FF6B1
:10E48000FC7119401BF07EF9074630461AF038FA45
:10E490000146384614F032F92A7894F8F43062F3E1
:10E4A000050384F8F430AB7894F8F620C4F8C00083
:10E4B0005B0963F3471200254FF47A7384F8F62062
:10E4C000C4E92D3384F8E6502B46104A012120463A
:10E4D0000AF0E8F8002078E7A97849090131B8E79F
:10E4E000053292001E21BCE794F8F310012909BF00
:10E4F00012019201563201F5C6711CBF02F251128F
:10E5000040F28D11ADE700BF40420F0009A00101AC
:10E5100030B5624D2B688BB0C3F8040204461AF084
:10E520009BFF58B14FF4004194F8500018F05EFA88
:10E530000022012120460DF07BFC4FE0002C4DD045
:10E540002378022B4AD1ADF80E000DF10E0104A87C
:10E5500017F00AFA94F85230012B18D1049AA36DDF
:10E56000BDF80E101A44B4F854300B449BB240F27C
:10E57000E1418B42C2F31602049285BFA3F2E2434B
:10E580000132ADF80E30ADF80E3088BF04922B6822
:10E59000049993F8402203EB42032046B3F8343247
:10E5A000BDF80E2016F07EFEA3785A071ED51B0775
:10E5B0001CD5E5684FF48031012018F017FA0022CD
:10E5C000012120460DF034FC2B78022B08D128467F
:10E5D000FFF79EFFA3786FF3C303A3700BB030BDAA
:10E5E0000022214601200CF087FDF3E72B68D3F8C9
:10E5F0000822002A4DD100284DD1C3E98104236FA0
:10E600001B7A1A1F012A03D8042B3CD119F0D6FC1F
:10E61000206F1AF0CFFFA26A94F8500040F27123E5
:10E6200053435B08E3624FF4007118F0DFF9A178FF
:10E630002046C1F3800109F0A7FA2B68D3F84432D1
:10E6400033B194F85100032894BF0020012098476B
:10E65000656F03232370002DC0D0236FCDE90534EF
:10E66000E36D0793E36A0893A378C3F380038DF8FF
:10E6700024300AAB13E903008DE8030005AB0ECB91
:10E680000020A847AAE7B4F85410A06D18F01CFDAC
:10E69000BEE70028A2D04FF4807145E7B00100200A
:10E6A0002DE9F041477817F00407BAB0044610D1BD
:10E6B00090F85030D0F81480012B04D1404508D197
:10E6C00040F6111312E0404509D098F80120520796
:10E6D00017D46078C0F380003AB0BDE8F081C26D15
:10E6E000520AC261002BEBD103F20123ADF81830BE
:10E6F0000EE0012766E0012FFBD163786FF3820300
:10E700008FE0002BDCD142F20523ADF81830012751
:10E71000E66E06F59C7640F271237600B6FBF3F6C2
:10E72000A38CB6B29D19ADB2B5F5487F88BFC3F5CD
:10E730004876D8F81C30079384BFB6B24FF44875BA
:10E7400019F00CF9384BDFF8E4C01A6892F840323F
:10E7500002EB430240F23911B2F83832B2F83C22EF
:10E760001A44B2FBF1F20132104494F85220012A0B
:10E7700000EA0C0005D1E269A16D521A02EA0C020E
:10E780000792D8F82420A16E03F2A93340F2712C2D
:10E790005B00B3FBFCF3134401F59C725200B2FB27
:10E7A000FCF29A4202D2002F18BF1A46079B1F495B
:10E7B00013440B401F1A17F48007F9D1013D1D4483
:10E7C00007930D4000238DF8163001238DF8173084
:10E7D000079BCDE908350DF1170301930DF12008D2
:10E7E0000DF1160306A80093CDF80880334607AA5A
:10E7F0002146C05DF9F73AFE079B00939DF817206C
:10E800009DF816104346204603F02AFC00283FF4EA
:10E8100072AFE369EB1A5B023FF56DAF637843F0CB
:10E820000403637055E700BFB0010020FFFF7F00C5
:10E830002DE9F743D0E90358008917F0CDF90446D4
:10E84000002800F0B78090F83D30002B00F0B48035
:10E8500015B1B8F1000F11D18DF804301AF0AEFDEA
:10E860000823ADF806008DF8053001A9208817F0BF
:10E8700006FE054655B984F83D5007E0082B4CD0FC
:10E880001C201AF0DFFF064620B90225284603B0F7
:10E89000BDE8F0831820308094F83D300A2B0CBF7F
:10E8A0000B230D23B3702B68C6F8033006F1030960
:10E8B0006B68C9F80430AB68C9F80830EB68C9F870
:10E8C0000C30D8F80030C6F81330D8F80430C6F849
:10E8D0001730A38883421AD8276C27B91AF0B2FFE1
:10E8E0000746002864D03146208813F00FFD054606
:10E8F00048B932884946384619F024FF2764304623
:10E900001AF0A2FFB6E738461AF09EFFF7E7314645
:10E91000208813F0FBFC0546F1E71A201AF092FF5D
:10E9200006460028B1D01A23038083701AF046FDF2
:10E93000A6F803002B68C6F80530771D6B687B606E
:10E94000AB68BB60EB68FB60D8F80030C6F81530E8
:10E95000D8F80430C6F819303288A38802329A42B7
:10E9600021D9023B9BB23380B370D4F84080B8F118
:10E97000000F04D118201AF065FF8046C0B131465F
:10E9800020880EF0ABFF054658B9434607F1180240
:10E9900057F8041B43F8041B9742F9D1C4F8408090
:10E9A000ADE74046B0E7314620880EF097FFB2E76A
:10E9B0000225A4E7032569E7012567E770B5C0B222
:10E9C000012894B0154615D028B1022800F0968091
:10E9D000002014B070BD574C19F01AFB23689B6CD3
:10E9E000984710B123685B6E9847002103200DF013
:10E9F00027FDEDE7504C23681B7F01934F4B00939D
:10EA000002231A46EC20772106F0DCF92368986C83
:10EA100020B10AF0CBFD236800229A642368186CA9
:10EA200020B113F08FFE236800221A64414A136854
:10EA30000021197026682D78337FA5B3012B21D1D1
:10EA400041F20903ADF808308DF80C502022FF2167
:10EA50000DF10D001AF07EF93A2D0FD1337F012B05
:10EA600005D1706916F0CCFA236800225A61236838
:10EA7000186916F0C5FA236800221A6102A816F078
:10EA80008FFBA5E741F208032022FF210DF10D00C5
:10EA9000ADF808308DF80C501AF05CF92022FF21F7
:10EAA0000DF12D00D6E7BBB9126801215170256820
:10EAB0008DF80C3041F20802ADF8082029692022B7
:10EAC0000DF10D0019F03EFE2969202211440DF1CF
:10EAD0002D0019F037FECAE741F20903ADF80830FE
:10EAE0008DF80C50202231690DF10D0019F02AFE2D
:10EAF000706916F085FA23685D61B8E71678104DE5
:10EB00000D2400BF55F8043B73B9013C14F0FF0419
:10EB1000F8D1012014F004FA0A4B8DF80C401C7057
:10EB20000E23ADF80830A9E7304698470028ECD00E
:10EB30004EE700BF3C010020440100207497020111
:10EB40000801002040010020F0B585B00468CB79B1
:10EB50000293238801930D465B4B0093022201230D
:10EB60005D21EC2006F02EF9EB79012B2BD059B268
:10EB700019B1182B2ED005B0F0BD94F8F230D8079B
:10EB800002D520460FF002FF1121204617F0E0FCCD
:10EB90001AF0E6FC0128EED994F8AA30002BEAD04E
:10EBA0000021D4F8CC0019F0A0FE0028E3D094F89E
:10EBB000AA30013B84F8AA3094F86D3043F0040386
:10EBC00084F86D30D7E71221204605B0BDE8F0404B
:10EBD00017F0BEBC1321204617F0BAFC01212046D5
:10EBE00018F0CCFC1AF06FF900210646204618F008
:10EBF000C5FC1AF068F9002302463146204616F09B
:10EC000067FAD4F84431BBB3E57D012D2ED1032E34
:10EC100043D1002583F82050D4F844319A7ADA772A
:10EC2000D4F8443104229A7702212046D4F8447162
:10EC300019F0C8FC87F82100204617F074FCD4F8BE
:10EC4000443183F82050D4F84431DA7ADA77D4F8B2
:10EC5000443108229A77D4F844513146204619F0BD
:10EC6000B1FC85F82100204617F05DFCD4F8443152
:10EC70001A7C6FF3C3021A74144B1B681A7AD107FB
:10EC800054BF5A7A072284F842211A7A92074CBF5D
:10EC900007239B7A84F843316DE72946204616F016
:10ECA0004BFAD4F84431002283F82020D4F84431C0
:10ECB0001A188540127ADA77D4F844319D770146E4
:10ECC000D4F84451CAE700BF545F02014401002058
:10ECD0002DE9FF470C4616F07FFF054620B90324B7
:10ECE000204604B0BDE8F0872088013880B24FF696
:10ECF000FD739842F3D8AB886288033B9A42EED802
:10ED000002AA01A916F070FD0028E8D0019E4E4924
:10ED10003068022218F0FEFC0028E0D194F8F820B8
:10ED200073681B2A1B784CD113F0100FD7D02088A2
:10ED3000013002AA01A980B216F056FD0028CED0FB
:10ED400022880199013292B2284617F0CBF90028A7
:10ED5000C5D1019B0DF1020059681AF0ADFB94F882
:10ED6000F8601B2E32D1BDF80230DA07B7D5B4F8FF
:10ED7000029034F804AB09F103081FFA88F8404602
:10ED80001AF026FD074600285BD000F1100331463B
:10ED900003A803931AF096FB514603A81AF098FBB8
:10EDA00021464A46039819F0CDFC3A46414628468A
:10EDB00018F05AFF0446002892D038461AF032FD67
:10EDC0008EE71D2AB3D113F0200FAFE71D2E86D199
:10EDD000BDF802309B0782D523882B82AB7C73BBA6
:10EDE000B4F80290B4F800A009F103081FFA88F8FB
:10EDF00040461AF0EDFC074618B300F11003314607
:10EE000003A803931AF05EFB514603A81AF060FBB7
:10EE1000211D4A46039819F095FC3A46414628467A
:10EE200018F022FF04460028C7D10123AE74A5F8CC
:10EE30007E30064905F1740003F05CFB50E70724BF
:10EE40004EE702244CE700BFB2980201A064D10152
:10EE50002DE9F04705460521002018F0C2FB95F882
:10EE6000E23003F0EF03032B044602D1D5F8B4716E
:10EE70000FB9D5F8B871002C00F0A28018232373C5
:10EE80007B7895F8426195F843911E403B7809EAFA
:10EE900003094FF00003A4F80D300121284618F0B3
:10EEA0006DFB00218246284618F068FB95F8431157
:10EEB000804695F8420117F021FB20B9397878781F
:10EEC00017F01CFB70B316EA090605D0B24501D154
:10EED000B04501D06673A673637BBB70A67BFE70E2
:10EEE000637B1E434ED04FF0FF33E373237419F05E
:10EEF000B9FE064600283FD01823C3710123437191
:10EF0000BB1CC360014628461AF038FC214628463F
:10EF10000AF0ACFAB97828460CF082FEA5F8600039
:10EF200001202DE006EA0A03DBB2002B18BF002601
:10EF300019EA080F46D12EB1F0070CD4B1070DD550
:10EF4000022309E0B9F1000FC6D019F0010F09D072
:10EF50000123A373C0E701236373F6E77207F4D5B7
:10EF60000423F9E719F0020F01D00223F1E719F0A9
:10EF7000040FB1D00423ECE720461AF095FB30468D
:10EF8000BDE8F087E673267495F8F2309B0712D53A
:10EF90000121284618F0F2FA19F095FF3146804613
:10EFA000284618F0EBFA19F08EFF33460246414628
:10EFB000284616F08DF81321284617F0C9FAA5E760
:10EFC0002046DDE7002E87D08146B5E72DE9F347DF
:10EFD00090F85050012D04460FD0594B1B6893F800
:10EFE000402203EB4203B3F83852B3F83C321D44DD
:10EFF00040F23913B5FBF3F50135524F0026A36EED
:10F0000003F59C7340F271225B00B3FBF2F3E269FB
:10F010001344E26D3B40C2F30802E36102EB432379
:10F02000E36594F852300DF1020101A8FBB916F026
:10F030009BFCDDF80490D4F81C8009EB05033B40F1
:10F04000A8EB03035A0209D494F850305BB36378F9
:10F0500043F00403637002B0BDE8F087013616F098
:10F06000FF06CCD00021204618F0CCFAC7E716F0F6
:10F070007BFC019AA36DB4F854101A44BDF8023019
:10F080000B449BB240F2E1418B4202EA070201923B
:10F0900085BFA3F2E2430132ADF80230ADF8023091
:10F0A00088BF0192C5E794F85230BDF80260012B89
:10F0B00008D1A36DA8EB0308A9EB030908EA070828
:10F0C00009EA07091E4D13F0E7FE2B68D3F814A2D6
:10F0D00017F0D8FBB608BAF1000FB8D013F0DCFE79
:10F0E000DAF8007017F0CEFBDAF8080043785B0717
:10F0F00024D5C369434521D1C36D08F10102C3F38F
:10F100000803C26103EB4223A2EB090240F2712122
:10F11000C2F316024A432968C36591F8403203F5E9
:10F120008E73C6EB520231F8131001F271239A422A
:10F1300004D34064511A383003F0DCF9BA46CAE708
:10F14000B0010020FFFF7F002DE9FF470678012E68
:10F15000054672D02EB1032E00F09A8004B0BDE8AF
:10F16000F0878478002CF9D1534ED6F800A00AF12C
:10F17000100300BF53F824705FFA84F977BB902026
:10F180001AF060FB04F104084AF82800336853F8C9
:10F190002800B0B19022394619F0DCFD3368A40094
:10F1A000234417211A6991801B6983F80290336800
:10F1B0001C440122236983F88D2023695F6523693C
:10F1C0009F65336853F8284064B93C4B0093002294
:10F1D00004239221EE2005F0F5FDBFE70134082C51
:10F1E000C8D1F2E7AB882380AA79E37812BB43F059
:10F1F0002103E37020460CF09FFEB4F86430A17840
:10F20000A16640F2014203F0F8031343A4F864300E
:10F21000B4F87C30C4F8801003F0F8031A43336864
:10F22000A4F87C20DB68002B98D0284604B0BDE809
:10F23000F047184743F01103DBE74588284616F0EE
:10F24000CBFC044650B9CDE901561D4B0093024654
:10F2500004239321EE2005F0B5FD7FE7037ADB0759
:10F2600010D54FF482701AF0EDFA40B111220270FD
:10F2700022888280A27A8271042117F007FC20463E
:10F2800013F03CFFA07804B0BDE8F04709F004BEDD
:10F290000379002B7FF462AF4488204616F09CFC73
:10F2A000024628B9064B0093CDE901460423D0E776
:10F2B000012380F88C3051E7C4010020541F020163
:10F2C0006E1F02012DE9F0410678012E86B004463A
:10F2D00067D026B1032E7BD006B0BDE8F0818578DB
:10F2E000002DF9D1524E376807F12C0353F82580D1
:10F2F000B8F1000F20D178200A351AF0A3FAAA003D
:10F300003368174413447860586818B1782241462E
:10F3100019F020FD336803EB85056D6885B9237806
:10F320000293A3880193434B009300220423C92135
:10F33000EE2005F047FDCFE70135082DD6D1EEE7E9
:10F340000127AF70A6882E80A379EB70234653F86F
:10F35000082F6A609B882B81E379003318BF012353
:10F36000AB72E379BB420FD8143400230622214646
:10F3700004A80493ADF8143018F0CCF920B1236838
:10F380006B60A3882B81AF72102385F85230AB6E6F
:10F3900003F0F80343F4A06343F00103C5E91A3610
:10F3A0009AE74588284616F0BBFF044638B9CDE9F0
:10F3B0000156214B009302460423CA21B8E760306E
:10F3C00005F04AFA204606B0BDE8F04113F00EBE43
:10F3D0004788384616F0A4FF054610B9CDE90176F6
:10F3E000E7E72379002B7FF477AF603005F034FA3C
:10F3F000EB6DCBB1EA78012A12D195F857205AB9B2
:10F400005A794AB193F82E20D20705D50022A033AD
:10F410001146284609F086FF2846FDF7C9FC03E09F
:10F4200093F8EA30002BF7D0012385F8593053E7E1
:10F43000C00100207FF50101B0F5010110B588B0D1
:10F44000F3F754F9FDF7CAFB18F0DCFE03F065FF93
:10F450000DF0B6F919F0B2FA002110200CF050FAB4
:10F460000120F3F7E3F83C4B3C4A1A603C4A5A60EF
:10F470003C4A9A603C4ADA603C4A1A613C4A5A610A
:10F480003C4A9A613C4ADA613C4A1A623C4A5A62F6
:10F490003C4A9A623C4ADA623C4A1A633C4A5A63E2
:10F4A0003C4A9A633C4ADA633C4A1A643C4900206D
:10F4B00018F042FC3B4C20603B4900200FF0C6F89E
:10F4C000606000231A461946384811F011F80023ED
:10F4D0000593069307930DF11600F2F751FB9DF883
:10F4E000153060F300038DF815300DF11D00F2F7B3
:10F4F0006BFB9DF8153060F341038DF8153005A8BE
:10F50000F2F7A4FB10B903238DF814300DF11F019D
:10F510000DF11E00F8F72FFF9DF8153060F3820300
:10F520008DF81530002301930293039304934FF455
:10F53000F84000901AF0D1F801900223049305AB33
:10F540006A460549194801F04BFB18F011FC10F010
:10F55000DBF808B010BD00BF20000020A187020129
:10F56000A9890201F1040201258E02019D83020195
:10F5700087440201378E02016D83020195890201E1
:10F580004D440201018E0201138E02016D890201B8
:10F590008189020185830201DB960201E396020163
:10F5A0002C93020118000020209302011400002077
:10F5B0002DE9F04718F012F9514B1A68013A1A6018
:10F5C0001B68002B40F093804E4B1B68002B00F013
:10F5D00094804D4B1B68002B67D04B4D00244B484B
:10F5E00001264B4ADFF834A1DFF82CC1EB68DB6859
:10F5F000D3F828E0196ADF69B960DF694F6003F169
:10F600001808DEF80410414504BF196ACEF804104A
:10F610009C62DEF800100139CEF80010D3F814E037
:10F62000D9689F68B9609F684F6003F10408DEF8ED
:10F630000410414504BFD968CEF804105C61DEF8BF
:10F6400000100139CEF80010D96AD0F8009006FAFF
:10F6500001FE4EEA090EC0F800E001EB810102EB69
:10F66000810149689960D1F808E0C3F80CE0CEF850
:10F670000480C1F80880D96A01EB810E02EB8E0884
:10F68000C3F8148052F82E10013142F82E10DAF827
:10F6900000E0D96ADEF82C30994288BFCCF80060CF
:10F6A0002B68002BA2D117F04DF81A4B1C686CB1D7
:10F6B000194E012501E0013C05D0FDF7D1FF0028DE
:10F6C000F9D03560F7E7134B00221A60124B1C6823
:10F6D00074B1124B1B684FF0E0234FF08052C3F817
:10F6E000042DBFF34F8FBFF36F8F012400E0002480
:10F6F00019F096F92046BDE8F0870024F8E700BF2E
:10F7000000360120283601209834012020360120BF
:10F71000E43001201836012014360120383601204B
:10F720002DE9F0410468554B436023460027C4E9A6
:10F73000017743F80C7F0D4623618046164608F09A
:10F740000FF92A46A782A77552F80C0F516804F1E9
:10F75000300303C39068D16803C310691860928AAC
:10F760009A8094F8373013B9012384F8373098F829
:10F770000830042B72D10023E375414A1188A4F8A4
:10F780004610D2F80210D2F80620E26400230122CB
:10F79000C4E91E33C4E93133C4E91423A36594F8E2
:10F7A0006C30A16423F03C0384F86C30FF23E383C6
:10F7B000E37D84F82020002B54D194F86C3003F0C2
:10F7C0003F0384F86C3002236377B4F86C3023F481
:10F7D0008173002523F00103A4F86C302A463146DA
:10F7E0002046A4F8215065620FF0A0F90623C4E971
:10F7F0002433C4F88850204609F0ACF894F8B430AB
:10F80000A4F85C50BBBB84F8B630012384F8BA502E
:10F81000A4F8B8301B4B1C4A1B88A4F86030A4F82D
:10F820005E3094F86D301288A4F8622023F07003E3
:10F8300084F86D3094F84530144A62660020C3F3B2
:10F840004213C4E92B0084F82A300323C4F8CC0007
:10F8500084F8280084F8AA30BDE8F081052B8CD10B
:10F86000012389E7012BAED194F86C3003F03F03FC
:10F8700043F04003A5E784F8B650CBE7B18D000113
:10F8800078010020F4360120F63601201B004801E3
:10F890002DE9F04385B00446884601921D460027B5
:10F8A0003E464CE0A66B2A46414620460DF0F2FE4D
:10F8B000A36CB3B1022D00F09D80204610F044FEF1
:10F8C00048B14FF0E0234FF08052C3F8042DBFF34E
:10F8D0004F8FBFF36F8F19F0A3F8012005B0BDE87B
:10F8E000F083636A63B90028F5D04FF0E0234FF04E
:10F8F0008052C3F8042DBFF34F8FBFF36F8FEAE739
:10F9000004F1240006F0F2F80028E4D04FF0E023E0
:10F910004FF08052C3F8042DBFF34F8FBFF36F8FAA
:10F92000D9E719F07DF80020D8E702A818F096FD75
:10F9300012E020460BF0B2FCFFF73AFE012717F069
:10F940004DFFA26BE36B9A42ACD3022D48D0019BD2
:10F95000002BE6D0002FE8D019F062F819F026FB52
:10F9600017F03CFF94F8442052B2B2F1FF3F08BFB9
:10F9700084F8446094F8452052B2B2F1FF3F08BFCA
:10F9800084F8456019F04CF801A902A80CF094FF26
:10F99000F8B917F023FFD4F83890E76B19F040F866
:10F9A000B945C6D1019904F1100018F0D3F92046E9
:10F9B0000BF074FCFFF7FCFD0028BFD14FF0E023F3
:10F9C0004FF08052C3F8042DBFF34F8FBFF36F8FFA
:10F9D000B4E720460BF062FCFFF7EAFD00207DE76C
:10F9E000A66B2A46414620460DF054FEA36C002B20
:10F9F0003FF477AF002E7FF46EAF5EE7F0B58DB0C9
:10FA0000002304290546ADF80C30ADF80E308DF812
:10FA100009308DF80A3040F297800539013203A889
:10FA20008FB204A9049218F0FDFE04A90DF10E0096
:10FA300018F0F8FE2846049E12F0A2FF04460028A3
:10FA400068D11221BDF80C0011F0B2FF0446002865
:10FA500060D106AA05A9BDF80C0015F0C5FE002866
:10FA600076D0069B5B68D3E90112107819F0F6FA9C
:10FA7000059A0346D27B2888102108F0BDFD84B288
:10FA8000002C47D1BDF80E301BB1059B9B7BDA06DD
:10FA900060D595F83B30072B5ED8059B9B7BDB0739
:10FAA0002ED52B88ADF82430BDF80C30ADF82630BB
:10FAB000BDF80E30ADF828301623ADF82C300DF11E
:10FAC0000901059B07930DF10A0207A8ADF82A70FA
:10FAD000089605F031FF9DF80A309DF80B1004469A
:10FAE00043B3072916D8063155F8210090B119F013
:10FAF000ABFE9DF80B300633002245F8232009E0C9
:10FB0000BDF80C200DF10B01284610F075FD0446E0
:10FB10000028C6D09DF8093053B9BDF80C20ECB9C7
:10FB2000BDF80E30009331463B4628460FF0D0FA20
:10FB30000DB0F0BD8B1D55F82330002BEAD007AA7D
:10FB400028460EF026F8E5E71E461F460424E1E7A6
:10FB50000124DFE78024DDE70924DBE7E3B2162197
:10FB600028460AF039F8E3E72DE9F843DFF8589121
:10FB70003D4E3E4CDFF854813D4F00254846002164
:10FB800019F064FE29463B48357019F05FFE337862
:10FB900039493A4804EB0312116039495160394937
:10FBA00091603949D1605A1CD2B204EB0212506004
:10FBB0003648D760C2F8008090609A1CD2B204EB3D
:10FBC0000212334810603348506033489060334825
:10FBD000D060DA1CD2B204EB0212314850603148D6
:10FBE000C2F80080C2E902071A1D2F48D2B204EB06
:10FBF0000212C2E90009DFF8D8902C480533C2E9A7
:10FC0000020148463370022300F8013B072119F036
:10FC10001DFE09F1030042F6A62119F017FE317806
:10FC2000234A244804EB0113C3E902270122C3E954
:10FC300000898B18204F0270DBB204EB0313C3E979
:10FC400000701E4898601E48D8601E480231C0E906
:10FC50000054C9B285608281C18105743170BDE8EC
:10FC6000F84311F02FB800BFFD360120842E01208B
:10FC700005000001C2350120B4980201ED97020190
:10FC8000A4980201A6980201020000019A770201DD
:10FC90007AE501018C330120E836012020001B1198
:10FCA000E897020122340201BEC70101DAA5010171
:10FCB000AE5F0201FE36012076DC010196AC010147
:10FCC00001000001D4340120EE320120B29802017B
:10FCD000AE3501202DE9F041052192B00446002007
:10FCE00017F07FFC0646002800F09D80D4F84431D0
:10FCF000D87D18F085FF24233373D4F8443193F969
:10FD000018200546002A00F091800146204618F090
:10FD100059FCD4F84421137EC7B23B445355D4F860
:10FD2000443103EB05080121404614F035FB88F807
:10FD30000800D4F84421535DDB1BD376D4F844216A
:10FD4000537FFF2B1CD153191B7A990718D092F9B6
:10FD50001830002B535DCCBF03F1FF3301335BB28E
:10FD60005355D4F8443103EB05080121404614F003
:10FD700013FB88F80800D4F84421535DDB1BD376CD
:10FD8000D4F844311A7CD2071ED541F22102ADF8D5
:10FD9000002000228DF804208DF808202188ADF87D
:10FDA00006106A1C8DF809205A578DF80A205A1936
:10FDB0006846127AC2F301028DF80B205B5DDF1BEF
:10FDC0008DF80C7015F0ECF929462046D4F84471F2
:10FDD00018F0F8FB3877D4F844315A7FFF2A1CBF5B
:10FDE00000225A77D4F84421517F4B1EDBB2FD2B01
:10FDF000B4F85C301CD81375B4F85C30D4F84421E6
:10FE00000233A2F81530D4F844311D4420462A7A32
:10FE10009A76D4F84431D3F81A30C6F80D3031460A
:10FE200009F024FB012012B0BDE8F081DA76CBE7BF
:10FE3000FF2903D1E17D09B90733E2E70133E0E7A8
:10FE400070B5594D2B68D3F808420646002C00F0D7
:10FE50008680D3F8483203B1984794F850202B6835
:10FE600003EB82034FF48061D3F8FC21A24204BF6C
:10FE70000022C3F8FC2194F8500016F0B7FD0023CF
:10FE8000237026B1012231462046FDF753F92B6835
:10FE90000022C3F80822A36E13B1204617F0B7FE64
:10FEA0002B68D3F8FC0118B9D3F80002002857D00A
:10FEB0000278022A54D1FEF72BFBA378D90716D576
:10FEC000B4F8013023F4817343F00203A4F8013045
:10FED00020460EF05FFE20460DF074FA204617F023
:10FEE00001FA4FF0007194F8500016F07FFDA26EF9
:10FEF000002A4ED1637862F382036370A3789A0676
:10FF000018D5A378E6686FF34513A37096B9204619
:10FF10000DF058FA20460FF007FE637866F30003F1
:10FF20002046637017F0CCF94FF0807194F85000C0
:10FF300016F05CFD63786FF3C3036370A3691BB1B4
:10FF40005A7842F020025A70A1782046C1F380010D
:10FF500007F01AFE2C6815F0DFFD84F84C0270BD26
:10FF600093F8F83123B100221146104619F033FC02
:10FF70002B6893F8F931002B9FD094F850004FF480
:10FF8000805116F033FD0022114601200BF0B4F829
:10FF900093E7A3789B06B4D4204616F013FD2046C1
:10FFA000FCF766FAAAE700BFB00100202DE9F04394
:10FFB0000446C278C36DA67A407C0D468DB0554983
:10FFC000002A5AD109688DF80000012091F80090AC
:10FFD00091F80580B1F801E0B3F82CC0B3F8E470F3
:10FFE000D3F8E6108DF8020002208DF809008DF894
:10FFF00001608DF803908DF80480ADF805E0ADF850
:020000040101F8
:1000000007C0ADF80A70039108A803F5E073995C86
:100010001DF80260714011540132102AF7D104AA70
:1000200008A9284606F0BEFAE178231D04F10B0268
:10003000002951D118689B88ADF804301368CDF8B9
:10004000063093880090ADF80A30039104AA684600
:100050001023117810F8016B013B714013F0FF037E
:1000600002F8011BF5D1E26D02F5D87204A9284609
:1000700006F098FA0DB0BDE8F0830A688DF801002B
:10008000012092F800E092F805C0B2F80110D3F810
:10009000E4709A8DB3F8E8808DF8020002208DF8A4
:1000A0000900ADF80E208DF80060CDF80370ADF8B2
:1000B00007808DF80AE08DF80BC0ADF80C10002217
:1000C00008A803F5C073995C1DF8026071401154D3
:1000D0000132102AF7D1A2E710689288ADF8042007
:1000E0001A689B88ADF80A300023CDF806200393E8
:1000F000009004A96B461022087813F8016B013AAE
:10010000704012F0FF0201F8010BF5D1E26D02F52B
:10011000B872ABE7C001002084B02DE9F84308AC09
:1001200084E80F00002016F051FF8046012016F0F1
:100130004DFFDFF84C910646022016F047FFD9F834
:1001400000100D7F0746002D59D1474C4748B4F8A1
:10015000AC3043F04003A4F8AC3020221D3118F03D
:10016000F1FA20224249434818F0ECFA2022424991
:10017000424818F0E7FAB4F8A43065F34103A4F854
:10018000A430B4F8A43065F30413A4F8A430B4F890
:10019000A43043F08003A4F8A430B4F8A43065F38D
:1001A0000003A4F8A430B4F8A43043F00203A4F888
:1001B000A4304FF6FF71002012F02AFE4FF6FF71B7
:1001C000012012F025FE4FF6FF71022012F020FEF2
:1001D0004146002016F00CFF3146012016F008FFC2
:1001E0003946022016F004FF46F40051012089B27E
:1001F00016F0FEFEBDE8F843002004B07047012D64
:10020000D7D1194C1948B4F8AC3043F04003A4F8E6
:10021000AC302022896918F095FAD9F800301548D9
:100220005969202218F08EFAD9F80030134859691C
:100230002022114418F086FAB4F8A4306FF3410379
:10024000A4F8A430B4F8A4306FF30413A4F8A430D5
:10025000B4F8A43043F08003A4F8A430B4F8A43078
:100260006FF300039DE700BF002401410029014115
:100270006C950101202901418C9501014029014122
:10028000440100202DE9F04F97B016F0F9FE504BD5
:10029000DFF850911A886FF3820283461A80002794
:1002A0000BEB070323F0704303934A4B1D7859F877
:1002B00025404FF00208484B03EBC5030593002689
:1002C00094B949F825400024A6426DD8B8F1010F31
:1002D00076D0404B1D7885F001054FF0010859F8A4
:1002E0002540E8E74746DBE7039A6368D31A1A011B
:1002F000E7D494F814A0BAF1000F2AD104200EF02C
:1003000011FB60B1227A6AF345122272A268426040
:100310000279E1688160530718D115F0F5FA17F0FA
:1003200031FE2D4B049053F83520D4F800A0EAB9E3
:100330002A4B009311460523EF2004F043FD049857
:1003400016F07AFE002323755446B9E712F026F81A
:10035000E5E71AF0020FE2D02369636016AA731C66
:1003600002EB860646F8404C9EB2D8E7944210D184
:1003700043F835A0BAF1000FE1D1059A03EBC503AC
:100380005A60DCE71A4623B9154B00930121052377
:10039000D2E713689C42F5D123681360002BCED1BD
:1003A0000D4B03EBC503EBE716AB03EB8403002215
:1003B000039953F8400C013407F01AFAE4B283E7CA
:1003C000002F8FD0584617B0BDE8F04F0AF026BA7C
:1003D000203E0141063701200C350120DB290201B6
:1003E000F32902018435012084B02DE9FF41022860
:1003F0000BAC84E80E0058D003285BD000284FD106
:10040000DDE90D570C689DF83C6019F0EBF860B120
:10041000DFF8308198F80000013000F0070088F81C
:10042000000018F079FC0028F4D066B12946E06C91
:1004300016F0F0FA3B4B984222D817F03DFE636B62
:1004400098421DD3A06394F82F30CBB9227B002AA9
:10045000226D14BF4FF0040C4FF0010C2D324FF001
:10046000340E5178D8B20EFB03F819B9917809B956
:10047000117839B30133D9B2614502F13402F0D3B6
:10048000FF23294AADF8003010238DF8023013788D
:100490008DF80330591C117020466946F8F702FBAD
:1004A00004B0BDE8F04104B070479DF8340016F088
:1004B00015FBF5E700916B4604221C4901200EF064
:1004C000A1FCEDE71A4B18701A4B19701A4B1970F2
:1004D000154B1A78511C1970184B1A705EB9A38A03
:1004E00040F27120584318F00BFA0146284612F0EA
:1004F00005F9A763E064236DE56343444FF0000210
:10050000A3F82B204FF470621A60012283F8242094
:100510000B4A1378B3FA83F35B0920461370F2F7A2
:10052000C5FCBDE738FEFF7F0E3701200901010140
:10053000F5010020F4010020F6010020F701002061
:100540000F3701201037012005292DE9F74F81468B
:100550000D464FF000070ED0ADF800704FF0010AC5
:100560003E460424E3B252460421484609F034FBD7
:10057000002E7FD07BE0013201A96846019218F07D
:1005800051F901A90DF1020018F04CF94846BDF8E7
:1005900000A012F0F5F90446002878D1BDF800302B
:1005A000002B76D0BDF802209A4272D3B9F804002D
:1005B00019F00EF9064608B91124D3E706F1100325
:1005C000294601A8019318F07DFF4FF00108334B35
:1005D000BDF80050BDF802001B681B68002B3DD021
:1005E0009A89AA4202D99042F7D31546D989A942DD
:1005F000F3D35B68AA1A03EB021B7DB3B8F1010FBA
:100600009BF80E3039D103F00403002B14BF0227EE
:100610000127394601A814BF1224042418F052FF00
:100620004FF00208294601A818F052FFA21E92B20C
:10063000DBF8001001A8A04418F0C4FA1FFA88F8EB
:10064000B9F8043008EB04029A4207DC0135BDF822
:100650000230ADB2AB42ADF80050B8D2B8F1010FE4
:100660001AD032464146484617F0FEFA10B13046DD
:1006700019F0D8F803B0BDE8F08F5B0703D5012F60
:10068000EFD00227CEE7022FEBD00127CAE73E4684
:1006900068E70646012465E70A2463E7B400002002
:1006A00030B597B00C68082827D8DFE800F005427D
:1006B000464B4F648D9B9F001578029523880193CC
:1006C0004C4B0093022201235E21EC2004F07AFBC4
:1006D000252D04D008D8022D12D0192D09D10221C0
:1006E000204603F015FC04E0272D11D001D3292D5D
:1006F000F5D90021204615F06AFF002017B030BD63
:100700001621204616F0BEFA002384F8E230F0E706
:10071000E36F5A0706D523F00403E3670021204660
:1007200011F050FA94F8E230082B0CBF002101219F
:10073000D6E7204613F0FEFEDFE72221204616F022
:10074000A1FADAE7204617F047FCD6E7204618F072
:10075000A0F848B11221204617F04AFA0028CCD060
:10076000042384F8E230C8E794F86E3043F00203C3
:1007700084F86E30C1E7D4F8443194F85C10187DE9
:100780008842BAD092F900201A760021204614F04F
:10079000D3FCD4F84431012101FA00F0D875204689
:1007A00014F0CAFC01462046D4F8445117F00AFF61
:1007B0006876B4F85C30D4F844210133A2F81530DF
:1007C000204618F045F898E74FF48153ADF8103003
:1007D0002388ADF8143004A81388ADF8163014F04F
:1007E000DFFC8AE7204605F03FFD86E7204615F04E
:1007F000D3F882E72C6B02012DE9FF411D464D4BDA
:100800000093CDE9012180460F46164601230222BE
:100810006021EC2004F0D6FA18F060FC00287AD1B0
:100820002A2017F0E7FB10B917F00C0F7ED116F055
:10083000050F7BD0A9886B88994206F0010206F06B
:10084000040675D83C4B1B6819683C4B1B681C6838
:10085000002381F82E3084F82E304AB3012381F82A
:100860000E80CF730B742A784A746B884B82A888E9
:10087000888295F806C081F816C0834209D14FF6E8
:10088000FB70834284BF4FF6FC738B828B8A0333E9
:100890004B82888A012381F82E300390498ACDE962
:1008A0000121274A0092D6210222EC2004F08AFA84
:1008B0003EB3032384F80E80E77323742A786274AE
:1008C0006B886382A988A182A879A0758B4209D11F
:1008D0004FF6FB718B4284BF4FF6FC73A382A38A51
:1008E00003336382A18A012384F82E300391618A45
:1008F000CDE90121134A0092A0210222EC2004F04C
:1009000061FA17F08BF8012018F0E0FB0024204674
:1009100004B0BDE8F0810C240B4B0093019401233B
:100920000022FF21EC2004F04DFAF0E71124F3E758
:100930001224F1E7E4D10101500100204C01002014
:1009400005D2010128D201014ED201012DE9F34166
:1009500080460C200F4615461E4618F073FF0446CD
:10096000002800F09380A0F80080877085802846DA
:1009700018F068FFA060002800F08580A28831464A
:1009800017F0E0FEA388B3F5297F16D8A278022AD3
:100990004ED1012B11D920883E4F15F037FF082882
:1009A000054615D13B6800250C331A7892B1013504
:1009B000EDB2082D03F10C03F7D1A06818F044FF45
:1009C00018F04EFF204602B0BDE8F04118F03CBFE1
:1009D00014F06AFFA3683A6818880C2303FB05F635
:1009E000043080B202EB060803F57E739842A8F843
:1009F0001200E2D818F026FF3B68C8F81400334410
:100A00005A69002AD9D02288DA8100221A82DFF8B6
:100A10008480A288D8F800600C276F433E44308A57
:100A2000738A811899420ADD284614F03DFFC4E715
:100A3000208815F0EBFE08280546E8D1BDE773696C
:100A4000A168184417F07EFEA288338A1344728A84
:100A50009BB29342338213D12188002201927069A4
:100A6000009001F5005189B240F2031015F066FBC9
:100A7000D8F8003020881F449B6879699847D3E7ED
:100A80000123337399E718F0E9FE9BE702B0BDE854
:100A9000F08100BF44360120F0B585B004460191D5
:100AA00000263746354642E0013BA36323683BB14D
:100AB00023694BB917F0B4FF0126304605B0F0BDED
:100AC00017F0B8FFA060F3E704F1100005F00EF88E
:100AD0000028EFD04FF0E0234FF08052C3F8042DF0
:100AE000BFF34F8FBFF36F8FE4E717F099FF002636
:100AF000E3E702A817F0B2FC23E016F06FFEA0684F
:100B000006F03AF9064617F08BFF40E020460AF05F
:100B1000C5FBFEF74DFD09E020460AF0BFFBFEF7DE
:100B200047FD204617F052FE002847D1012716F056
:100B300055FEA36B002BB7D1019B002BD5D0002F06
:100B4000D7D017F06DFF18F031FA16F047FE94F881
:100B500044305BB2B3F1FF3F08BF84F8445094F8CF
:100B600045305BB2B3F1FF3F08BF84F8455017F042
:100B700057FF01A902A80BF09FFE0028CCD1204608
:100B800017F024FE0028C1D02368002BB5D00199AE
:100B900004F1240017F0DEF820460AF07FFBFEF790
:100BA00007FD0028C2D14FF0E0234FF08052C3F878
:100BB000042DBFF34F8FBFF36F8FB7E7002E3FF4C5
:100BC0007CAF16F00BFE616A19B1236B1968C1F195
:100BD0000501A06808F0C8FE17F022FF00266CE7A8
:100BE000F0B5144687B020B919B10025284607B0E2
:100BF000F0BD002CF9D06268002AF6D02268002AE5
:100C0000F3D03F4A3F4F11603F4A40491060404E89
:100C1000404D41488BB9414A3B70D2F800C0C1F801
:100C200000C00323B2F804C09279A1F804C08A710D
:100C30003370F8232B700E231EE05A78D2074BBF77
:100C40001A46364A52F802CFD2F800C0C1F800C0A6
:100C5000B2F804C0A1F804C092798A71597811F0F1
:100C6000020218BF93F909203A701A7832704E07C1
:100C7000DFD59A7ADB7A2A700370294B0E221A701C
:100C800010F0B2FB224603AB52F8080F516803C3C1
:100C900090681860D4E90023590705D0D91D21F0C8
:100CA00007011A44521A0B46CDE9012315F0D6FD6F
:100CB000DDE9010110F0AEF805F006FA054600285E
:100CC00093D0184B4FF00072C3F88420BFF34F8FBE
:100CD000BFF36F8FA02183F83913C3F884215A60C2
:100CE00004F04EFD13F076FE01A80DF097FA237B79
:100CF000DB073FF57BAF12F0D5FD054676E700BF79
:100D0000D0000020D5000020CC000020DC00002016
:100D1000E4000020E5000020E3000020A497020189
:100D2000D400002000E100E02DE9FF4105465020FD
:100D300018F088FD0446102018F084FD064604B122
:100D400050B9484B009300220423C121EE2004F047
:100D500039F804B0BDE8F081EA6D02F5C07204F123
:100D6000100013682360536863609368A360D368BE
:100D7000E360EB7804F1300705F11208002B68D12D
:100D8000E96D2022EB3117F0DDFC20224146384688
:100D900017F0D8FCE86D33465022214600F5E0708C
:100DA000FBF756FC314603A817F0F4FB03992E4AD3
:100DB000B1FBF2F302FB13130393EB6D102283F8E4
:100DC0006F20EB6D32681A67204618F03DFD304603
:100DD00018F03AFD0C20039C18F034FD0146002861
:100DE000B7D0224AB4FBF2F303F13000887102FB62
:100DF00013434FF47A7042F21072B3FBF2F33033C4
:100E0000CB71B4FBF2F302FB1343B4FBF0F2B3FB80
:100E1000F0F300FB124230336420B2FBF0F23032C8
:100E20000B724A72B4FBF0F30A2200FB1343B3FBCC
:100E3000F2F330338B72B4FBF2F302FB1344303421
:100E40000223CC720B702B888B800C2018F036FCA0
:100E50007FE72022414617F075FCE96D2022EB3137
:100E600095E700BFB48C020140420F00A08601004C
:100E70002DE9F0418AB0174602294FF000020646DC
:100E80000D468DF804208DF8052020D9013302A9E4
:100E90000DF10600029317F0C5FC3046DDF808801E
:100EA00011F06EFD044630B93946BDF8060010F069
:100EB0007FFD0446C0B1122F06D19DF804301BB946
:100EC00054B9304611F0B6F80AB0BDE8F081122FDF
:100ED000ADF80620F8D10424E3B2BDF806201221B3
:100EE000304608F079FEEFE704AA03A9BDF8060032
:100EF00014F07AFC002859D0049B5B68D3E90112F6
:100F0000107818F0ABF8039A0346D27B3088102192
:100F100007F072FB84B2002CCDD1039A937B9289A7
:100F2000033D13F0080FADB232D1AA4232D103F023
:100F30002103202B30D03388ADF81C30BDF80630AB
:100F4000ADF81E300023ADF820308DF825300DF1BE
:100F50000502039B059301A905A8ADF822508DF861
:100F60002470CDF8188004F0E7FC039B9A7BD1072E
:100F70000446A0D400289ED12A465868414617F05E
:100F8000E1FB039B9A7B120795D59B681D8092E736
:100F9000AA42CCD20D248EE7BDF806204146304649
:100FA00009F04CFF0446002885D1C4E7012482E7FC
:100FB0002DE9F04F092989B007460D4601D01729C0
:100FC00027D1013205A904A8059217F02BFC05A929
:100FD0000DF1120017F026FC03A8022205A917F054
:100FE000E7FD3846DDF81490BDF8108011F0C8FC1C
:100FF000002874D1BDF81030002B72D0BDF812203B
:101000009A426ED3B88818F0E3FB044680B91120E9
:1010100005E00024ADF810404FF001080420C3B2F1
:1010200042460621384608F0D7FD002C54D050E047
:1010300004F11003072105A8059318F043FA073DB2
:10104000ADB20126DFF8A0B00DF11C0A06AB00938B
:10105000CDF804A003AB0222BDF81210BDF81000B9
:1010600009F0A6FE58B30222594603A816F052FB17
:101070000028EBD1069B9A681288AA4211D12A4611
:101080004946586816F046FB58B9079B05A8998948
:1010900018F01EFA079B05A8D98918F019FA04362A
:1010A000B6B2BA88331D934209D8079BBDF8122007
:1010B000DB8901339BB29A42ADF81030C2D2012EC7
:1010C00001D10A20ABE722463146384616F0CCFD66
:1010D00010B1204618F0A6FB09B0BDE8F08F00243F
:1010E0009DE7044601209AE7B49802012DE9F341F7
:1010F00007460C46C92501F00706032101A80AF09E
:101100000BFD9DF80630DFF81C8103F07F0343F0F0
:1011100040038DF8063000BFD8F800309900FBD4AA
:101120003B4B1A8842F040021A801A8842F0200293
:101130001A8017B1204601F01BFC364BD3F8682FFC
:1011400066F31242C3F8682FB3F86C1F87F00102F0
:1011500062F30001304AA3F86C1F11689DF8040087
:1011600060F30701116011689DF8050060F30F211D
:10117000116011689DF8060060F317411160D3F803
:10118000682F42F48002C3F8682F00BFD3F8682F9D
:101190005202FBD4D8F8003013F0807F1F4B1B683D
:1011A00014BF1F200020013D13F0020F18BF1F20A5
:1011B00015F0FF0501D01F289FD02FB3184B1968D9
:1011C000144B062505FB0411D3F8A42F81F8432105
:1011D000D3F8A42FC2F3072281F84421D3F8A42F17
:1011E000C2F3074281F84521D3F8A42FC2F3076266
:1011F00081F84621D3F8A82F81F84721D3F8A83FDA
:10120000C3F3072381F8483102B0BDE8F08100BF85
:10121000C434014100240141103401418C340141A6
:10122000CC010020303401412DE9F043046894F8EA
:101230002C3095B00F46002B00F08C80CB7963B139
:101240000193454B009300220123BE21EC2003F0C3
:10125000B9FD1E2015B0BDE8F083236D93F8028020
:1012600008F1FF32012A07D93C4B0093CDF80480E6
:1012700001230222BF21E9E7666ADD6994F80F9035
:101280004FF6FF71304608F00BFC002848D1226D64
:1012900092F82830002B56D0A9F10209B9F1010FBC
:1012A00051D841F20B03ADF80830F979A3F60A736F
:1012B000ADF80C30342301FB032393F82520B2B39F
:1012C00093F82990484616F013FF40F002008DF87D
:1012D0000E000DF10F01484610F07EFD2B78C3F390
:1012E000C0138DF81530334602A853F8062FCDF8F9
:1012F00016209B88ADF81A303B788DF81C3013F01F
:101300004FFFB8F1020F0BD1AB7803F00F03042BA2
:1013100006D16A7823463244A91C384605F067FC9A
:10132000236D002083F82E0084F82F0092E72B789D
:10133000C3F380138DF80E303368CDF80F30B388C7
:10134000ADF81330CAE7234632462946384605F041
:101350004EFCD6E71F207DE7746902018469020113
:101360002DE9F74F4A4E346807468946002C77D05E
:101370003379257823F0070315F0010533710CD07C
:101380000023ADF806300DF10602092312F0AAF889
:10139000BDF80610002968D1002523789A0733D5B7
:1013A0000023ADF80630A37C022B6FD0042B0CBFBA
:1013B000202321230DF106024946384612F092F807
:1013C000BDF8063003B310F0FF001DD094F812A052
:1013D00094F823B00AEB0B02904215D107EB0308F7
:1013E0005246414604F1130016F094F960B95A468A
:1013F00008EB0A0104F1240016F08CF920B93379C6
:1014000043F002033371012523785B0729D50023BC
:10141000ADF806300DF10602FF234946384612F0BA
:1014200061F8BDF80630E3B110F0FF0019D094F870
:10143000368008F10202904213D11F44022239463D
:1014400004F1340016F066F958B94246B91C04F1AB
:10145000370016F05FF920B9337943F00403337194
:101460000125284603B0BDE8F08F002894D020461F
:10147000394410F8012F013016F04CF900288BD1B7
:10148000337943F001033371012586E7162391E791
:101490005C35012070B5044688B0008815F046FF21
:1014A000002800F087800568D5F84461002E00F020
:1014B0008380D6F8223023B9092005F00DF8C6F84C
:1014C0002200D5F84431D3F82220002A76D0A37820
:1014D000FF2B69D0E1780B441370D5F84431E178E3
:1014E000D3F82220A3785B1A5370D5F84431617980
:1014F000D3F8222023790B449370D5F844316179D5
:10150000D3F8222023795B1AD370D5F84431E288CE
:10151000D3F822309A80D5F84431D3F82220137AB8
:1015200043F001031372D5F84431D3F8222000238D
:101530009371D371D5F84421D2F822100A7A42F07F
:1015400020020A72D5F84421D2F822100A7A42F019
:1015500006020A72D5F84421D2F822100A7A42F023
:1015600018020A721D46E38806936379059323796E
:101570000493E3780393A378029323880193104B99
:101580000093022201235521EC2003F01BFC45B1FE
:101590000C4B0093019501230022FD21EC2003F068
:1015A00011FC284608B070BD1370D5F84421D2F85C
:1015B000222099E70225D6E71A25D4E70725D2E7A6
:1015C000A6F60101445F020138B590F8E230012B24
:1015D00004460D460ED1D0F8B4316BB9082004F0A2
:1015E0007BFF2A46C4F8B40152F8013F03605368F8
:1015F000436001E0032BF1D03E4B69781B681A78F9
:101600000A4084F8ED20A9785A780A4084F8EE2040
:10161000E9789A780A4084F8EF20DA7829790A4044
:1016200084F8F0206A791B79D4F844511340E26FB2
:1016300084F8F13042F00802E267002D3CD113F04B
:10164000060F39D0262004F047FFC4F8440198B3B0
:101650004FF07E330360D4F844215360D4F8443112
:101660004FF002329A60D4F84431DD60D4F844314E
:101670001D74E27DD4F84431002A37D10721597511
:101680009A75D4F84421002313751B4AD4F84411E9
:1016900050794874D4F8441190798874D4F844117E
:1016A000D279CA74D4F8442182F8223082F82330E7
:1016B00082F8243082F8253094F8EE301B075CBFA6
:1016C00040F64803A4F85A31E37D73B9D4F8F030FA
:1016D00003F48413B3F5004F01BF94F8F23023F004
:1016E000500343F0500384F8F23038BD5D759D75AA
:1016F000C7E700BF44010020D20100200378012B7E
:1017000000D07047F0B595B044682378002B5ED1C7
:10171000A3780BB115B0F0BD414B1E68331F0025F7
:1017200053F8042F1AB10135082DF9D1F2E72F46ED
:10173000202017F0D2FF46F82500394B1E6856F8D6
:10174000250018B12022002117F004FB56F827507D
:10175000002DDFD0A3882B80A379AB70281DD4F88F
:1017600007306B60B4F80B20637B2A8183710123FF
:10177000EB7007F045F9A877082809D1A388ADF8E0
:10178000063001238DF8043001A811F0CBF9C1E730
:101790004C22002101A817F0DDFA01A9A87F02F070
:1017A00011FE0028EAD19DF84C10C1F300029DF80B
:1017B000003062F34103C1F3400262F300038DF88D
:1017C00000306A468908288811F0B7F8D6E7012B5F
:1017D000A0D100238DF804306088ADF8060013F026
:1017E0005BFF60B1827F8DF8082012F017FF0D4B70
:1017F0001B78002B8ED00C4D00240A4E08E00823E5
:101800008DF80830F3E701343278E3B29A4281D997
:1018100055F8043B002BF6D001A89847F3E700BF2A
:10182000CC350120040000200800002070B5431EC4
:1018300013F10A0F5CD800F1080410F0070305D07B
:10184000A3F10902A24253D31030C41A17F0AEFB21
:101850003B4B1B68002B52D0002C09DB7CB1394B71
:101860001E68A6420ED338490B6810E0374B52E091
:10187000FDF79EFE17F0FAFA0025284670BDFDF729
:1018800097FEF7E7FDF794FEF4E7194613465A680A
:10189000A24202D21A68002AF7D1294A12689A4253
:1018A00023D00D6808351A680A605868001B102894
:1018B00005D91A1950605C60086818510A605968A7
:1018C000761A204806602248006886423CBF2048BD
:1018D000066041F00041596000221A601D4A1368F9
:1018E00001331360FDF764FEC7E7FDF761FEC1E752
:1018F00017F05CFB124B1B68002BC0D10024164A6A
:1019000012F0070FB2D0D11D21F0070102F5943279
:101910002432531A0A460C480260002141601344E5
:10192000083B23F007030648036059601960991AC1
:1019300051601360064B1960024B19608CE700BFC1
:10194000FC350120F83501204C3501202428010008
:10195000F4350120F03501204C020020F0B540F2B2
:10196000FF7681EA030C16EA115E1EBFB64516EA41
:101970001355B54252D021EA465141F48011A1FBE2
:10198000024723EA465343F48013AE44A0FB0365A9
:101990000CF0004C36197D41A1FB034747F10003D1
:1019A000A0FB0217F619654153F10003094218BF65
:1019B00046F0010640F2FE74B3F5007F13D2AEF597
:1019C000806EA64523D24CEA0331280341EA155123
:1019D00040EA16503203450872F1004250F100000F
:1019E00051EB0E51F0BDAEF2FF3EA6450FD24CEAD0
:1019F000C321E80241EA555140EA5650F202450837
:101A000072F1004250F1000051EB0E51F0BD1EEAA0
:101A10000E0F2DD50CF000410020F0BD16EA115F2D
:101A200004BF01F000410020004218BF41F0010155
:101A300016EA135F04BF03F000430022124218BFEE
:101A400043F0010306EA1354B44218BFB64503D06D
:101A50000CF000410020F0BD21F0004123F00043D4
:101A6000B1EB065F0CD8B3EB065F09D841B13BB1CF
:101A70000CF0004141F0FE4141F470010020F0BD46
:101A800040F20001C7F6F8710020F0BD2DE9F043E7
:101A9000B9B00E4618AF402204460021384617F070
:101AA00059F996F901200023520093426FDB96F911
:101AB0000040E5B26A00002352B2184659B28A4289
:101AC0006DDC002860D006F10409224639464846FC
:101AD00015F0EBF801286DD107EB040822464146CA
:101AE000484615F0E2F8012864D12346424628A86A
:101AF00004F08AFC28A96846F9F75CFB2022002143
:101B000010A817F027F996F9008003233A4608AC8D
:101B10008DF840303946434628A804F075FC28A9C2
:101B20002046F9F747FB434610AA2146204614F009
:101B3000CDF918B14A46204614F05EFD16F9843BF3
:101B40003A46214628A804F05FFC28A92046F9F768
:101B500031FB434632462146204614F04DFD28B95C
:101B60004246484615F0A1F8012805D043464A46AA
:101B70002146204614F0AAF96B1E5BB200201A061B
:101B800011D5B0FA80F0400939B0BDE8F08338A92A
:101B90001944E05C01F8800C0133DBB285E7F95CA5
:101BA000013308438AE71DF80320E15C4A401043F3
:101BB000013BE4E70020E7E784B02DE9F341022888
:101BC00009AC84E80E0066D003287AD048BB0C68C4
:101BD0009DF8347084F8CC00DDE90B5617F002FD57
:101BE00068B1DFF8FC8000BF98F80000013000F019
:101BF000070088F8000017F08FF80028F4D0EFB144
:101C0000344B2946186814F005FF334B98420DD920
:101C100094F8CC3043F0100384F8CC302046F6F72B
:101C2000B3FD02B0BDE8F04104B0704716F044FACD
:101C3000D4F8A0309842EBD3C4F8A4000021204689
:101C400016F069FE0028E3D1C7B194F8CE30012B1D
:101C50000CBF04235B0884F8CE300122002384F8F3
:101C600099200F22C4F8A85084F8CD30A4F8F020B1
:101C700084F8F2302046F1F7D3FCD2E7D4F89C0088
:101C800016F03EFE0146284610F038FD114BC4F810
:101C9000A4601860E1E79DF82C200B68511E022912
:101CA00008D893F8CC2042F0010283F8CC2006F04B
:101CB000FBFDB6E7002AFAD193F8CC2042F00202ED
:101CC000F3E7019101AB0422044901200DF09AF8D9
:101CD000A7E700BFC436012038FEFF7F03020101E1
:101CE0000D3701202DE9F7430E460421074614461F
:101CF00013F0D9FB002878D107F15C0002F0ACFDAD
:101D0000052E72D997F84C3094F80180F22B04F12B
:101D10000204019469D14FF4827017F093FD0546D7
:101D2000002862D004230370023E3B888380B8F110
:101D3000010FB6B23BD116F003043FD1A14601A971
:101D4000684616F06FFD01A90DF1020016F06AFD5C
:101D5000BDF80230A3F52453FF2B07D8019B53F89D
:101D6000042C2B190434C3F80A20A4B209F1040985
:101D70001FFA89F909F10403B342E0D9B7F8462004
:101D8000BDF800108A4233D9013189B2A7F8441056
:101D900038460BF069FD2CB3002385F806802C81B2
:101DA00085F8FF300421284614F070FE1DE0122350
:101DB000B6FBF3F403FB1464A4B28CB1B7F846305D
:101DC000ADF800300024D9E701996846194417F0AE
:101DD00073FB1FFA89F303F11209B145F4D9CDE77A
:101DE0002346F8E7284617F02FFD03B0BDE8F0833F
:101DF0000023002C7B6487F84C3008BF4FF00008AC
:101E0000012385F8FF302C8185F80680CAE77047EA
:101E1000F7B5C568008914F083FA0446002800F07D
:101E20008780C66D002E00F08380AB882868ADF8EF
:101E3000043000906B4606251A78013D303A15F0C3
:101E4000FF0503F8012BF7D19DF801209DF8003024
:101E50009DF803109DF8047042F210705043354A0B
:101E600002FB03039DF805201344642212FB013298
:101E70009DF802304FF47A7101FB03230A2101FB24
:101E8000073106F16F0017F0E3FCE26DC2F8735002
:101E9000C2F87750C2F87B50E36D01229A7094F833
:101EA0005730E16D83B391F8713091F870201B04C5
:101EB00043EA022391F86F2013438B62E36D83F8AA
:101EC0002650E36D93F82620996AD14001F0010174
:101ED00041F08001204604F025F8E378E16D3BB93C
:101EE00001F5D871204603B0BDE8F0400DF0E4BA2A
:101EF000CB7813B9002003B0F0BDCD70E36D9D70B9
:101F0000E16D01F5B871EDE7E3782BB96F3120464B
:101F1000FEF74CF8E16DE3E7CB78002BEAD0CD700B
:101F2000E36D9D70E16D20466F31FEF73FF8E7E706
:101F30000120E0E7A086010070B586B004460023CA
:101F40000DF1120105A8ADF8123013F00DFD059B3F
:101F500094F85020039394F85130CDE90143002ABE
:101F600065D13B4B009302231A467E21EC2002F000
:101F700029FF10F091FF637843F00103637094F838
:101F80005330012B4FF000051DD16378E66984F8CA
:101F9000535043F004036370059BF61A2D4B1A68E7
:101FA00092F8403203F58E73C6F3160632F81350DA
:101FB00040F2391105F27125B5FBF1F50135B54255
:101FC0002CBF0025012563699C4202D05B78DB07AA
:101FD00029D595B31F4BBDF81200196891F840221E
:101FE00002F58E7240F27123734331F8126006EBF2
:101FF0009006C6EB5306E3690293059B0193164BCB
:10200000009302231A467F21EC2002F0DBFE3146CA
:1020100004F13800646400F06DFA204613F05CF9B6
:1020200020460AF00DFB14F02DFC06B070BD0B4BE2
:10203000009302231A467F2198E7204615F064F9A1
:102040000122294694F8500009F056F8EBE700BF4A
:10205000E0B60101B001002043B7010112B7010150
:102060002DE9F341089D04461F4609B1002A35D0E9
:10207000E06EC8B93B68AB4213D17B68216A5B1B39
:102080009AB291420DD8E561B2F5487F4FEA4525F5
:10209000E565636A01D1A36202E09342FBD3A262C9
:1020A000012002B0BDE8F081D1B10025BC46FF217E
:1020B0002B464FF6FF7E93420ED0DCE90006361A1F
:1020C000206A06EA0E08404555D8A0784007C6F3B6
:1020D000160647D5F5B21946FF2905D10020E0E7DD
:1020E000D7E90035ED1AEDB2637813F0040F0EB2A4
:1020F0002AD194F85020012A42D1626A95423FD9F0
:102100001B073DD402210DF1060009F005FD636AAD
:10211000BDF80620C3F101032B44B2FBF3F503FB2A
:10212000152557F8363053FA85F5C5F31605E561E0
:10213000E3695A02E26594F85220012A01BFA26DB8
:102140009B18C3F31603E36107EBC603E2695B6800
:102150009B1A9AB2B2F5487F626AA0D09BB29A42AB
:102160009DD398E794F850000128B3D1B0B28542CE
:1021700001D2F5B219460133DBB20CF1080C9AE733
:1021800057F83630E361D3E730B593B0424817F0E3
:1021900039F910F097F800214A2013F0C5FA15F02C
:1021A0005DFB15F07BFB06F075F808F0A7FA002040
:1021B00015F094FE00200CF027FF15F0EFFA3748D9
:1021C00014F0BEFD10F012F8354817F09DF8354AAE
:1021D00004AB07CA03C31A8004A90A2015F02AFE1B
:1021E00000248DF83840ADF83A408DF83C408DF829
:1021F00046408DF847400EA816F03CF901258DF8B1
:1022000028508DF82940A022ADF82A202023ADF8CF
:102210002C308DF82E408DF830508DF83140ADF8CF
:102220003220ADF834308DF836400AA9204615F03A
:10223000D7FD0DF107010E2015F00AFEADF80A409A
:102240008DF80C4003238DF8083009238DF80930F0
:1022500002A812F037FA8DF826508DF82450062384
:10226000ADF81C304FF44863ADF81E30ADF8204097
:1022700040F2F313ADF8223007A816F086FA0A4AA6
:10228000137803F0FE0343F0020303F0FB0364F34F
:10229000C303137013B030BD7DE501016FC40001AD
:1022A0000F1E0101A03302010000002030B5C36DF4
:1022B0005A78012A89B0044601D0042A12D100219B
:1022C000204603F02FFEE06D102200F5B87100F5F6
:1022D000F07015F01FFA80B10421204608F076FB5B
:1022E00009B030BD022A08D193F82620996AD1405E
:1022F00001F0010141F08001E3E7E26D5378042B26
:102300000BD12046FEF710FD2046FBF7C9FD002249
:1023100011462046F7F728FBE2E7012B0ED12046B5
:10232000FBF7BEFD002211462046F7F71DFBE16DCD
:10233000204601F5E8710EF081F8D1E7022B31D18A
:1023400092F82630122B27D86846202109F0E4FBAA
:10235000E56D6B4603CB05F5E072C5F8C001516031
:1023600003CB9060D160E26D92F82630013382F8A1
:102370002630E36D93F82620996AD14001F00101DF
:10238000204641F0800103F0CDFDE16D204601F5CE
:10239000D8710DF091F8A3E72046FBF781FDE26DBF
:1023A0006F32C0E7032B9BD12046FBF779FDE36D2D
:1023B000997809B103F16F0193F8E520002AB3D0B1
:1023C000024B1B689A684032AEE700BFC001002094
:1023D000002858D0454B1B683BB9454AD2F8643FAA
:1023E00043F00103C2F8643F70479A071FBF40499A
:1023F000D1F8642F42F00102C1F8642F13F00C0FE2
:102400001FBF3B49D1F8642F42F00202C1F8642F8C
:1024100013F0300F1FBF3649D1F8642F42F0040289
:10242000C1F8642F13F0C00F1FBF3149D1F8642FDA
:1024300042F00802C1F8642F13F4407F1FBF2C49FB
:10244000D1F8642F42F01002C1F8642F13F4406FEA
:102450001FBF2749D1F8642F42F02002C1F8642F32
:1024600013F4405F1FBF2249D1F8642F42F04002AD
:10247000C1F8642F13F4404F36D01D4AD2F8643FA0
:1024800043F08003AEE71A4BD3F8642F60F30002E9
:10249000C3F8642FD3F8642F60F34102C3F8642FAC
:1024A000D3F8642F60F38202C3F8642FD3F8642F4B
:1024B00060F3C302C3F8642FD3F8642F60F30412EF
:1024C000C3F8642FD3F8642F60F34512C3F8642F68
:1024D000D3F8642F60F38612C3F8642FD3F8642F07
:1024E00060F3C712C3F8642F704700BFB0360120F5
:1024F000002401412DE9F3410E46044650B93F4BFB
:102500000093024605230421EF2002F05BFC02B099
:10251000BDE8F08114F048FD15F034FD76008046EA
:1025200014F0AEFD40F2E1439E42257A92BF0226AE
:1025300040F27121B6FBF1F6AB060644074626F0E1
:10254000704609D445F0200566602572012239469F
:10255000204605F04DF918E015F0070518BF0125D4
:10256000274B53F825209442194619D1254A127851
:10257000AA4222D163681A1A44BF03F180531A1A7F
:10258000012A08D8022323752661404602B0BDE81F
:10259000F04114F051BD236841F8253008F03EF9B0
:1025A000194B53F8352019465AB9184B0093114668
:1025B0000523EF2002F006FC0CE0226843F82520FA
:1025C000EEE7A2420FD1226843F8352012B903EB9F
:1025D000C5056D606660B9E71A4623B90C4B0093D8
:1025E00001210523E5E71368A342F5D123681360B1
:1025F000002BEFD101EBC5056A60EBE7C6290201AC
:1026000084350120063701200C350120DB29020129
:10261000F329020170B5284D284E2846002117F0F5
:1026200015F9274B274A1E62274E5E62274E9E628F
:102630000426DE62264E1A60264A5A60C3E90C65FB
:10264000254A264D26499A609D63264A264DDA6022
:10265000264A5A61C3E90F51254A264D9A615D64A5
:10266000254A264D26481961C3E91252254DDA61E3
:102670000024C3E914500470234898652348C3E933
:1026800017012349596623492348C3E91A12234AEB
:102690001A67234A5A67234A9A67234ADA67C0E9C6
:1026A0000043224B83600122214BC3600274082146
:1026B000BDE870400EF006BBF8360120BA98020162
:1026C00064300120B498020190980201C898020178
:1026D000B0980201CA980201CC980201C698020182
:1026E000B2980201020000010200201101980201CB
:1026F000C0980201F797020105000001BC98020191
:102700000C370120B6980201C298020101000311A2
:10271000FC970201BE980201E8340120B89802013A
:102720001C350120C4980201100002018C9802019E
:102730001000170084B02DE9F04385B005460DA8C0
:1027400080E80E0000270B460E99032D3FD8DFE8E6
:1027500005F0024351591E68DDE90F98346D2B4690
:10276000226B8A4257D00133DBB2042B04F13404CC
:10277000F6D11F250024304616F0ABFD3DBB2F4B94
:1027800078B142F20102ADF801201A788DF800709C
:10279000511C19708DF8032069463046F6F782F90E
:1027A00015E0274A27491770274A157001220A7039
:1027B000197888181870254BC6E90E89197084F8A5
:1027C0002420227084F82C503046F0F76FFB05B0BF
:1027D000BDE8F04304B070471868026D0023303242
:1027E00014688C421CD00133DBB2042B02F134029A
:1027F000F6D1ECE7144A137843F00103137006F0A6
:1028000053F8E4E7CDE9003108226B461049012076
:102810000CF0F8FADBE7002284F82B201F46AAE729
:10282000064A8DF8003040F20143ADF801301378CC
:102830008DF80330591C11706946AFE70E3701203F
:10284000F5010020F6010020F4010020F70100202E
:102850000A010101A0F14A03B3F5C56F70B55DD857
:1028600010295BD82E4B2F4A5A612F4B00221A6039
:102870002E4B18802E4B00294ED1B0F5007F94BF0F
:10288000042208221A70012211462A480BF07CFB10
:10289000072804463ED00322012127480BF074FB91
:1028A0000728044636D0254E3046002518222946F2
:1028B00000F8045B16F04EFA214BF360214E3046CF
:1028C0001822294600F8085B16F044FA1E4B3361C3
:1028D0001E49012016F04AFE1D49022016F046FE50
:1028E0001C49032016F042FE1B49052016F03EFE4F
:1028F0001A49062016F03AFE1949072016F036FE4E
:102900001849082016F032FE174816F07DFE1748C9
:1029100016F080FE204670BD1970B4E71124F9E767
:1029200008010020C1C401019C360120F2360120BB
:1029300008370120500100204C01002008340120FC
:1029400001010501CC330120010106010D27000121
:10295000595A020105CA0001A9F90101617E01016C
:102960004141020195250201A1A001011D3302018F
:1029700070B5444B1C68444B272101FB0042D3F83F
:10298000845F92F8226066F31F65C3F8845FD3F812
:10299000885F92F8236066F30705C3F8885FD3F871
:1029A000885F92F8246066F30F25C3F8885FD3F838
:1029B000885F92F8256066F31745C3F8885FD3F8FF
:1029C000885F92F8266066F31F65C3F8885FD3F8C6
:1029D0008C5F92F8276066F30705C3F88C5FD3F825
:1029E0008C5F92F8286066F30F25C3F88C5F92F82D
:1029F0002960D3F88C5F66F31745C3F88C5F92F8B3
:102A00002A60D3F88C5F66F31F65C3F88C5F92F879
:102A10002B60D3F8905F66F30705C3F8905F92F8D8
:102A20002C60D3F8905F66F30F25C3F8905FD3F85E
:102A3000905F92F82D6066F31745C3F8905FD3F866
:102A4000905F92F82E6066F31F65C3F8905FD3F82D
:102A5000945F92F82F6066F30705C3F8945F92F8CD
:102A60003050D3F8942F00FB011165F30F2221445D
:102A7000C3F8942F897AD3F8942F61F31742C3F8DF
:102A8000942F70BDCC0100200024014138B50446CC
:102A9000414B1D6872B6BFF34F8FBFF36F8F0FF0BE
:102AA000C9FB08B962B638BD4FF0E02306221A61AF
:102AB0009A690AB9394B1A682B46A54228BF2346A2
:102AC000581E3649096801FB00224FF0E021D1F879
:102AD000041D11F0806F08D04FF0E0214FF000741A
:102AE000C1F8044D2D490968521A2D4909689142CF
:102AF00038BF521A4FF0E0214A6100248C610C6902
:102B000044F001040C6123B1BFF34F8F30BFBFF31A
:102B10006F8F62B6BFF34F8FBFF36F8F72B6BFF385
:102B20004F8FBFF36F8F4FF0E02106240C610969CE
:102B300011F4803F1FD0194B19684FF0E0239B69B7
:102B40000B44013B9B1A164A12689A4201D29942E1
:102B500000D24B1E4FF0E02253614FF0E0230022E1
:102B60009A6107221A610D4A1268013A5A6111F0FE
:102B700025F962B697E74FF0E024A169074A126889
:102B800002FB03F3581AB0FBF2F000FB0222C91A51
:102B90000A446261E1E700BFE4350120E835012025
:102BA000E035012070B586B0038801930546414B9E
:102BB0000093EC20012302224C2102F003F9288823
:102BC00014F0B4FB00286ED00468E37D012B03D120
:102BD00094F8ED30990768D5204614F007F80028DE
:102BE00046D0302003F078FCC4F8B4016B88038031
:102BF000AB884380EB8883802B89C3806B890381FA
:102C0000AB89438194F86D301A0755BF94F8F230C0
:102C10006FF3C30343F0010384F86D3058BF84F8A9
:102C2000F230064616F09CFC01281FD97388628F8B
:102C3000D4F8CC009A421ABF40F2E2415943002135
:102C400015F053FEA4F8A800B4F8A82032B171889A
:102C5000B2FBF1F301FB1323A4F8A830204612F0D5
:102C600079F820B30024204606B070BD0023F3E7B6
:102C700028686968AA8902AB03C3A86818609A80AB
:102C8000204602AB0E2201210DF00EFA0446002868
:102C9000E8D0094B0093019401230022FF21EC208E
:102CA00002F090F8DFE70224F3E71A24F1E70724A3
:102CB000EFE700BFAC680201C668020170B50446C8
:102CC00086B00E2200210DF10A0016F043F8E06DE7
:102CD00002A9B0F8B030ADF8083000F1A0024F30D2
:102CE00003F060FCE16D2046A03110F05DF910208A
:102CF00016F0A8FD054680BB334B00930246042323
:102D0000C521EE2002F05EF8102016F09BFD05466E
:102D1000102016F097FD064605B180BB2B4B0093A3
:102D200000220423C421EE2002F04CF8102016F0FB
:102D300089FD054678B11022002116F00BF8012319
:102D4000AB70E06D294600F1D3024F3003F02AFC4E
:102D5000284616F079FD06B070BD032300F8013B4C
:102D60000F22002115F0F6FFE06D294600F18F02D9
:102D70005F3003F017FC284616F066FDC4E7E26DED
:102D800052F8B23F2B6053686B600023AB60EB607E
:102D9000E06D324629468F3003F004FCE26D337853
:102DA00092F8B0104B4082F8B030E26D737892F830
:102DB000B1104B40284682F8B13016F045FD304640
:102DC00016F042FDB2E700BF815F0201985F020189
:102DD0002DE9F04192B01E464B7906930B7905938D
:102DE000CB7804938B7803934B7802930B78019301
:102DF000384B009380460C461746012302222021BF
:102E0000EC2001F0DFFF16F0E7FB00283CD1B8F121
:102E1000010F4DD033463A46214640460BF022FF83
:102E200000284AD115F064FF0546002850D19DF8CE
:102E3000203068F3000360F341038DF820302368ED
:102E4000CDF82130A388ADF825303B68CDF8273088
:102E50007B68CDF82B30BB68CDF82F30FB68CDF800
:102E600033303368CDF837307368CDF83B30B36812
:102E7000CDF83F3008A8F368CDF843300CF0B4FE2D
:102E8000284612B0BDE8F081134D2B689B6C984723
:102E900060B92B68DB6C984740B92B681B6D98476D
:102EA00020B92B685B6D98470028B0D00C2505E051
:102EB000637903F0C003C02BACD01225074B0093FD
:102EC000019501230022FF21EC2001F07BFFD7E7D1
:102ED0000725F3E77A6502013C010020E68502013F
:102EE0002DE9FF473C4E336890461A788246894662
:102EF000002A5AD1B8F1000F02D15B78002B54D0D0
:102F0000402003F0E9FA0546202003F0E5FA0746E1
:102F1000002D5FD000285DD0304C14F045F82268B9
:102F2000012313773268514613702846202215F08A
:102F300009FC20224946A81815F004FC2368B8F1C2
:102F4000000F1FD0264A9A611B2015F053F8E0B1FC
:102F500016F01CFC01462846FEF798FDA8B9284645
:102F600012F04EF8384612F04BF8122402AB05224C
:102F70001C498DF80C4001200BF044FF204604B0A2
:102F8000BDE8F08703F11D02DDE72368C3E904759E
:102F90000BF064FD044648B13368002228461A70DD
:102FA00012F02EF8384612F02BF80C240E4B00933A
:102FB000022201233421EC2001F004FF002CDDD09B
:102FC0000A4B0093019401230022FD21EC2001F023
:102FD000F9FED3E70724E9E73C0100204401002083
:102FE00048F90101010501010C9102013C6902014E
:102FF00038B5324A137813F001045DD143F0010370
:1030000013702F4B2F4A5A6240F2016003F064FAAA
:103010002D4D286010B90724204638BD2B4B00F5F4
:10302000C0626A60596A80B260F30F01596299699F
:1030300092B262F30F019961FF204FF4C063AC605C
:10304000C5E9033303F048FA68610028E3D0204B58
:10305000C3E900431F4BC3E900431F4BC3E90043CF
:103060001E4B1B221A801E4B02F22D121A801D4B82
:103070004FF001121A604FF448621A815C601A4BDB
:1030800018222146184615F065FE8268174B02F09B
:10309000F801174A1C700A4382601649042016F092
:1030A0002FFA10F01FFB144816F03CFA0DF030FC1C
:1030B000124B70221A80AFE70024ADE70A370120D7
:1030C00008010020A94E01015801002000240141FF
:1030D000A801002070010020A0010020F43601208A
:1030E000F636012078010020840100200B370120F2
:1030F0000101610499960001797202019C0100208E
:103100002DE9F04184B004468846019200273E46EE
:1031100037E04146204613F05DFE013DA56323697B
:103120002BB915F07DFC012004B0BDE8F08104F15D
:10313000100002F0DBFC0028F3D04FF0E0234FF04A
:103140008052C3F8042DBFF34F8FBFF36F8FE8E7B2
:1031500015F066FC0020E7E702A815F07FF91AE0F9
:10316000204608F09BF8FCF723FA09E0204608F017
:1031700095F8FCF71DFA204615F028FB002844D1ED
:10318000012714F02BFBA56B002DC2D1019B002B56
:10319000DED0002FE0D015F043FC15F007FF14F04F
:1031A0001DFB94F844305BB2B3F1FF3F08BF84F8D5
:1031B000446094F845305BB2B3F1FF3F08BF84F838
:1031C000456015F02DFC01A902A809F075FB002847
:1031D000CCD1204615F0FAFA0028C1D0019904F1AB
:1031E000240014F0B7FD204608F058F8FCF7E0F989
:1031F0000028C5D14FF0E0234FF08052C3F8042DD2
:10320000BFF34F8FBFF36F8FBAE700208CE7F0B5A5
:10321000D0E96DC715290CBF61463946B0F8586131
:103220000D894A89B0F85A318C88B1F806E0B54268
:1032300028BF3546934228BF13460A88944228BFC8
:1032400014464A88724528BF7246B0F85EE0AE4523
:103250000BD1B0F862E09E4507D1B0F864E0A64516
:1032600003D1B0F866E0964555D01A2D27D81B2516
:1032700090F8E260A0F86050B0F86050A0F85E509E
:10328000132E20D1ACF808501A2C22D81B24A0F8F9
:103290006440447EE40626D5B2F5A47F1DD24FF4E7
:1032A000A472A0F86620827ED20627D5B3F5A47F4B
:1032B0002AD24FF4A473A0F862300120F0BDB542C9
:1032C00028BF3546D4E790F8E460132E08BF3D814F
:1032D000DAE7FB2C88BFFB24D9E7C9889142E0D20A
:1032E000B0F85A21DDE7B2F5296F02D24FF4296216
:1032F000D7E7C9888A4228BF0A46D2E7B3F5296FC3
:1033000002D24FF42963D6E7B0F85A219A42D2D2BA
:10331000A0F86220D1E70020D0E770472DE9F04304
:103320000578012D85B0044656D05DB1032D64D0DB
:10333000394B1B681B68002B42D0204605B0BDE806
:10334000F04318478578002DF2D1334B1F6898461B
:1033500007F1100353F825605FFA85F99EBB0C2036
:1033600016F070FA2A1D47F82200D8F8003053F8FA
:103370002230A3B11E609E605E60D8F8003003EB7F
:10338000850540212B69198129690123CB712969A0
:1033900081F80290D8F8001051F822108B72D8F8FA
:1033A000003053F8223093B923780293A388019315
:1033B0001A4B0093002204235321EE2001F002FD5A
:1033C00005B0BDE8F0830135082DC3D1ECE7A28834
:1033D0001A80A279DA70ABE74688304612F056FEC2
:1033E000024630B90E4B0093CDE901650423542108
:1033F000E3E7807813F07EFD9AE74688304612F0C6
:1034000045FE02460028EDD0237913B90123C3728B
:103410008EE70023FBE700BFA80000201CF5010198
:103420004DF501012DE9F04786B081460E4617465D
:1034300013F07CFF002871D00468D4F84431002BCD
:103440006ED00021204611F077FED4F8443180463A
:1034500016B11A567E2A07D0002F53D003EB08026C
:1034600092F904207E2A4DD1204613F0BFFB00289C
:103470003AD0D4F844311A7C66F300021A74D4F8B6
:1034800044311A7C67F341021A74D4F844210123B1
:1034900003FA08F3D375D4F8443100251D7641466C
:1034A0002046D4F844A115F08DF88AF8190020467A
:1034B00016F0DEF91B4B0093CDE90267CDF80490BE
:1034C000012302225421EC2001F07CFC45B1164B73
:1034D0000093019501230022FD21EC2001F072FCF4
:1034E000284606B0BDE8F08705AB04220721204638
:1034F000ADF814908DF816608DF817700CF0D4FDAF
:103500000546D7E71A7C66F300021A74D4F84431F2
:103510001A7C67F341021A740025CBE70225C9E73C
:103520001A25C7E7FA440201445F020170B586B06C
:1035300006460D4613F038FD782016F083F9044650
:1035400000286FD07822002115F004FC3146282293
:1035500004F1500015F0F6F8236EA66E646103F5D1
:103560009C72636E03F59C7340F271215B00B3FBA8
:10357000F1F36362E36D5B0A0036E3614FEA4202F6
:10358000B2FBF1F2226218BF012614F0E7F994F8B9
:103590005030CDE90360002B3AD194F85130CDE999
:1035A0000143214B009302231A467E21EC2001F0B7
:1035B00009FC94F85030012B09D1782016F042F91B
:1035C000064620B17822002115F0C4FB26616378FD
:1035D00043F008036370236C03F0F80343F4802383
:1035E00023640023C4E902336364236F1B7A042B32
:1035F00003D04BB994F8503033B90C4B1A6892F899
:103600004232013382F842322C60002006B070BD95
:1036100094F85130CDE90143054B009302231A463B
:103620007F21C3E70720F1E70CCE0101B0010020A4
:103630004ACE010170B53F4C4FF419720021206849
:1036400015F088FB2368002203F5C071C3F88021C0
:10365000C3F884110C26154606FB02F123685D5061
:103660002368D3F884010B44013258600360236857
:10367000202A1944C3F88411EED103F5C47103F56F
:10368000F8700022C1E9002108318842FAD103F51F
:103690000371C3F8101203F50871C3F8241203F57F
:1036A0000571C3F8181203F50A71C3E97C20C3F849
:1036B0000C22C3F82022C3F81422C3F8282283F86E
:1036C0004022C3F82C1214F0F9F92368C0F3071054
:1036D0004FF49662B2FBF0F2A832A3F838224FF40E
:1036E000C872B2FBF0F2A3F830224FF4A072B2FB22
:1036F000F0F2A3F83422A3F83C224FF4F062B2FBBC
:10370000F0F2A832A3F83A224FF48262B2FBF0F250
:10371000A3F832224FF45272B2FBF0F2A3F8362231
:103720004FF47A72B2FBF0F00122A3F83E0283F864
:103730004C2270BDB001002030B5C16D4B78042B18
:1037400089B004460FD101F5C0710CF04AFE204645
:10375000FDF7EAFA2046FAF7A3FB002211462046BD
:10376000F6F702F941E0012B04D101F5C0710CF02C
:1037700038FEEFE7022B47D191F82630132B41D8C2
:10378000896AD94001F0010141F0800102F0CAFBD1
:10379000E56D102205F5D87105F5D07013F0BAFF6C
:1037A00058BB05F5C07120460CF01BFEE36D93F885
:1037B0002630122B1BD82021684608F0ADF9E56DA4
:1037C0006B4603CB05F5C072C5F88001516003CB91
:1037D0009060D160E26D92F82630013382F8263095
:1037E000E36D01229A700523A37009B030BD204615
:1037F000FAF756FBE26D6F32B0E70421204607F07E
:10380000E5F8F2E70121FAE7032BEED101F5C071EB
:103810000CF0E7FD2046FAF743FBE36D93F8E51063
:1038200019B1054A1268916840319A78002A96D0F9
:1038300003F16F0293E700BFC00100202DE9F041C2
:1038400090F857300446B3B13A4DC66DD5F80080B4
:1038500098F8043033B94022374906F1EB0013F0F1
:1038600059FF40B104F11207EB36202231463846A9
:1038700013F050FF28B90A212046BDE8F04107F0B7
:10388000A5B898F80310304615F0C4FF0328F2D00D
:1038900008B10821F0E72B6883F82800E27852BBD2
:1038A000E16D4A78022A12D11B78022B04D12046FE
:1038B000BDE8F0410EF06ABF042B03D191F8E4306B
:1038C000022BF4D12046BDE8F04113F0BDBE032A1F
:1038D0000DD15B7923B12046BDE8F04113F0A3BEC2
:1038E000204601F5E071BDE8F0410CF07ABD0523FA
:1038F000A370BDE8F081394620460FF0AAF8E36DC9
:103900005B78012B01D0042B0BD12046002102F063
:1039100009FBE16D204601F5B871BDE8F0410BF0FF
:10392000CBBD032BE3D12B685B79002BD3D10623CE
:10393000DEE700BFC001002024380201037813F045
:103940003F0278D04A1E062A73D8DFE802F00A0444
:10395000111B2A3D5500427812F0010F0CBF0121C6
:10396000072103F03F038B4265D9013108447047BA
:10397000427812F0010F0CBF012107219207F0D508
:103980000631EEE7427812F0010F14BF0721012142
:1039900012F0020F18BF06311207E2D50231C9B288
:1039A000DFE7427812F0010F14BF0721012112F066
:1039B000020F18BF063112F0080F1CBF0231C9B246
:1039C000D206CED50331EAE7427812F0010F14BFD8
:1039D0000721012112F0020F18BF063112F0080F63
:1039E0001CBF0231C9B212F0100F1CBF0331C9B2A3
:1039F0009206B6D51231D2E7427812F0010F08BF15
:103A0000012112F0020F1CBF0631C9B212F0080FDB
:103A10001CBF0231C9B212F0100F1CBF0331C9B272
:103A200012F0200F1CBF1231C9B2520699D50131D4
:103A3000B5E7002195E700207047704770B504682E
:103A40000DF062FBA36F002543F4C073A367294602
:103A50002046C4F89850A57510F0A6FD2E4B218E77
:103A60001A6861F30F021A601A68618E61F31F42CF
:103A70001A602A4A136843F001031360284B94F834
:103A800034101A6861F30F221A60B4F835101A68FE
:103A900061F31F421A60A17E607E06F00BFD214B90
:103AA000022158690FF0F6FB15F040FB1E4B02682F
:103AB00019881E4B521A1E6892B262F30F061E60DE
:103AC0001B4A43685B1A11689BB263F30F011160D4
:103AD000204609F0A3FD607E0FF0BAFBA17E012015
:103AE00013F0D4FD617E022013F0D0FD294620465C
:103AF00010F034F8D4F844314BB118567E2806D073
:103B00000CF05EFF94F92C00AFF3008070BD094B00
:103B100093F90100F4E700BF603401413034014102
:103B20005C34014158340120C8010020483401416F
:103B300050340141D201002000000000BD8F02017D
:103B400001000000BD8F020102000000BD8F0201D4
:103B500005000000457401010600000045740101E4
:103B600007000000BD8F020108000000BD8F0201A8
:103B700013000000BD8F020109000000BD8F02018B
:103B80000A000000DD8F02010B000000CD8F020152
:103B90000C000000BD8F02010D000000BD8F02016E
:103BA0000E000000457401010F0000004574010182
:103BB00010000000FD8F020111000000BD8F020106
:103BC00020000000BD8F020112000000BD8F020125
:103BD00014000000BD8F0201150000000D900201CD
:103BE00016000000FD8F0201170000001D90020169
:103BF000180000001D900201190000001D90020134
:103C00001A000000FD8F02011B0000000D90020150
:103C10001C000000BD8F02011F000000ED8F02019B
:103C20001D000000BD8F02011E000000BD8F0201BB
:103C30002DE9F0474FF0340A036DD0F8088012FBED
:103C40000AFA012906460D46174603EB0A092AD847
:103C50000C200AF067FE044600285AD0012389F898
:103C60002E3086F82F300020A38803F0F80343F4A9
:103C7000807343F00103A380012D45F48073E3803A
:103C80003CD813F02BFF244BC4F808801A689B889B
:103C90002073C4F80D20A4F81130E7742046BDE865
:103CA000F0470EF07BBB022908D105200AF03AFE4E
:103CB000044670B3012389F82F30D4E7032928D1B3
:103CC00009200AF02FFE044618B3012389F82D308D
:103CD000124B39461B6830469847114A114BD2F8AF
:103CE00000C0326DD3F8081152440CEB114111623F
:103CF000D3F810311CFA83F3B362B5E7022DC4F890
:103D0000088001D12773C9E7032D04BFE060277441
:103D1000C4E7BDE8F08700BFA8350120D4360120F4
:103D2000C8010020002401412DE9F74F2F4F304CEE
:103D30003E78DFF8E490B51EEDB205F102084FEAD7
:103D4000081CCDE90023ACF12003234483468A46B6
:103D50000FCB04EB0C0E8EE80F000CF1100EACF143
:103D6000100CA4449CE80F00A6448EE80F00B11C80
:103D7000204815F06BFD3B7848460222023300F8DC
:103D8000012B414604EB05153B7015F05FFD09F171
:103D9000030042F6042115F059FD174A174BAB609A
:103DA000174BEB60C5E90029164D5946284615F01A
:103DB0004DFD5146A81C15F049FD0099281D15F030
:103DC00045FD013E0199A81D15F040FDF6B20E4BD0
:103DD0003A7804EB0614C4E900350C4BA3600C4B95
:103DE000E3600C4BDA8103B0BDE8F08FFD360120B3
:103DF000842E0120AF350120B2980201EE9202011B
:103E0000050000016C350120DE2A0201A2980201A2
:103E100008000001D4340120BD3501202DE9F04116
:103E200094B080460E4613F081FA002868D00568E9
:103E3000D5F84431741EE7B2002B63D03B4493F9AC
:103E400004207E2A3ED1284612F0D0FE70B3D5F869
:103E500044311A7C42F004021A74D5F8442101233B
:103E6000A340D375D5F8443100241C763946284642
:103E7000D5F8446114F0A6FB7076284615F0F6FCE0
:103E8000214B0093022201235321EC2000F09AFFE2
:103E900044B11E4B0093019401230022FD21EC202C
:103EA00000F090FF204614B0BDE8F08102AB032281
:103EB00006212846ADF808808DF80A600CF0F4F869
:103EC0000446DDE7002441F22102ADF808208DF818
:103ED0000C402A88ADF80E2002228DF810208DF8B3
:103EE000116093F904208DF812201B7B8DF814408B
:103EF000C3F3010302A88DF8133011F051F9BFE7A5
:103F00000224BDE71A24BBE7B3810201445F02012A
:103F100030B5044685B00D46B1BB90F8E230019350
:103F2000354B0093EC2001230222132100F04AFFBD
:103F300094F8E230D4F8B401032B18BF84F8E250AF
:103F4000002584F8E35018B111F05AF8C4F8B451C0
:103F5000208813F0EBF994F8E630032B05462CD1BA
:103F600094F8E7102046F1F7FDFA30B3002384F807
:103F7000E630D4F8A83133B303AB04221F490395CC
:103F800003200AF03FFF1CE00129E1D190F8E43062
:103F900001931B4B0093EC200B460222132100F0EF
:103FA00011FFD4F8B8010025A4F8E4500028CFD0C0
:103FB00011F026F8C4F8B851CAE794F8E630002B9F
:103FC000D7D005B030BD94F86E309B07F9D594F882
:103FD000E350002DF5D11221204613F009FE0028F0
:103FE000EFD094F86E3065F3410384F86E3004230B
:103FF00084F8E230E5E700BF02170201070601017D
:104000002817020130B584682388043B9BB243F62D
:10401000FC72934289B066D86388043B9BB293429A
:1040200061D82379012B5ED8A1898B1F9BB240F602
:104030007A40834257D8E289931F9BB2834252D879
:10404000914250D8238AB3F5FA7F4CD2638A0A3B57
:104050009BB240F67642934245D80EF0A7FD054646
:10406000002842D02388ADF804306388ADF80630CC
:10407000607923798DF8083015F058FB23468DF8C8
:10408000090053F8062FCDF80A209B88ADF80E30B2
:10409000A389ADF81230E289ADF81420228AADF878
:1040A0001620628AADF8182004A8ADF81A30ADF8D1
:1040B0001C3013F0B1FE0221012011F0D1FF01A844
:1040C00010F08CFB044650B90123EB70084B1A68C2
:1040D000137843F004031370204609B030BD28461E
:1040E00010F026FFF8E70324F6E70424F4E700BF06
:1040F000A4000020F0B585B013780193364B0093EF
:1041000005460423EE200F4616465021022200F0F9
:1041100059FE284611F0BAFF044658B92F4B0093B8
:104120000246019504235221EE2000F04BFE0020B0
:1041300005B0F0BD03A902A8039615F099F803A9EC
:104140000DF1090015F094F803A90DF10A0014F01F
:1041500069FBBDF80A203B1F9A4213D0062015F0D8
:1041600071FB014638B1072303700023458083802B
:10417000062015F076FA00231A461946284606F05E
:1041800075FAD4E79DF80930A3719DF80830013B1A
:10419000DAB2192A14D9062015F054FB014638B1B9
:1041A00007230370002345808380062015F059FA09
:1041B00000231A461946284606F058FA0120B7E7A8
:1041C000074A52F8233023B13246394628469847E9
:1041D000F4E71846ACE700BFD83B0201EF3B020111
:1041E000B4E6010110B588B00023052904468DF816
:1041F000033045D1013202A901A8029214F012FB4A
:104200000DF1060002A914F00DFB20460EF0B8FBDC
:10421000002838D104AA03A9BDF8040011F0E4FA7B
:1042200000284BD0049B5B68D3E90112107814F08E
:1042300015FF039A0346D27B2088012104F0DCF9A4
:1042400080B200BB0399BDF806208B681B8893429F
:1042500036D38B7B13F0020F28D02388ADF81830AB
:10426000BDF804300591ADF81A300DF103010C23AF
:1042700005A8ADF81C208DF81E300AF0B7FA02E050
:10428000ADF8043004209DF803306BB9D0B9039B1E
:10429000BDF806109A6858681288521A0D23014416
:1042A00092B220460BF076FE08B010BD9B06EAD510
:1042B000BDF80420204611F015FFE4E70120E2E7F5
:1042C0000720E0E7C3B2BDF804200C21204605F02A
:1042D00083FCE9E72DE9F04106460F4600200C215A
:1042E00013F07FF9D6E96D3496F8E4200546112ADB
:1042F00018BF1C46002839D00023F90703733DD5A9
:104300006288082A9ABF02F1FF33DBB208232373C5
:10431000B6F8A830E38122826368C4F81230BA0785
:1043200004D594F82010638B11BB2382237B6B731D
:10433000E389EB81238A2B82638A6B82A38AAB8217
:1043400014F090FC0746002837D000234FF00108F6
:104350000C34C371014680F80580C460304615F006
:104360000DFA3046294605F081F84046BDE8F08157
:10437000B3FBF1F201FB12329B1AD6E7628B082ADB
:104380009ABF02F1FF33DBB2082323737B0711D5F9
:10439000A18C4FF6FF73994206D10123E381E369B3
:1043A0002282C4F81230C1E7B6F8A830002B08BF4B
:1043B0000B46F3E7B6F8A830F0E7284615F074F995
:1043C0003846D3E707286AD870B50D4600F5005681
:1043D0003046F0F7EFFA002863D03046F0F70DFBD7
:1043E00008B901205EE0344608342046F0F7E2FACE
:1043F000C8B12046F0F701FB08B9012052E02A4C71
:104400000FCCC5F81700C5F81B10C5F81F20C5F85C
:1044100023302068C5F82700A288A379A5F82B20AF
:1044200085F82D300CE00023C5F81730C5F81B3097
:10443000C5F81F30C5F82330C5F82730C5F82A3035
:104440001A4C26460FCE28606960AA60EB6030687F
:104450002861B288B379AA82AB75D4F81720D4F852
:104460001B30D4F81F00D4F82310C5F82E20C5F84F
:104470003230C5F83600C5F83A10D4F82720D4F801
:104480002B30C5F83E20C5F84230B4F82F2094F800
:104490003130A5F8462085F84830002002E003209E
:1044A0007047032070BD00BF6C3301208C320120A7
:1044B00030B50388132BC3B0044620D041F20A0262
:1044C00093422CD0052B45D10579002D42D1C088CF
:1044D00011F0D2F958B12F4BC5701A681378013B0F
:1044E000DBB213701BB11821B1FBF3F35370E088FA
:1044F00012F08CF908282DD011F0D6F92AE0C088E6
:1045000011F0BAF930B3227A83789B1A214ADBB2D0
:104510001268837052789A421CD843B030BD037938
:10452000C3B91C4A126802F16F0100BF11F82300E1
:1045300040BB02EB8303E188A3F86C104FF4807159
:10454000A3F86E1013780133DBB213701821B1FB9E
:10455000F3F353702188104A002300BF32F8230080
:10456000884213D102EB8303211D9B788DF8043020
:10457000442202A814F0E6F8064B1B6801A85B6809
:104580009847CAE70133082BD0D1E3E70133202B4A
:10459000E4D1C2E744360120C0C201012DE9F04751
:1045A00090F82C5004460F46002D69D1037B002B58
:1045B00014BF4FF004084FF001082E46464515D3AE
:1045C000786801F089FF6062002833D03B68A361FE
:1045D0007B68A28AE36140F27123534323634FF463
:1045E0007A736363002334211A462DE0236D386803
:1045F0004FF0340916FB09F903EB090A01F06CFFCF
:10460000CAF81C00236D4B44DB698BB10136F6B24E
:10461000D4E73426236D15FB06F63344D86928B158
:1046200010F0EEFC236D1E440023F3610135EDB262
:104630004545EED307252846BDE8F08713FB01F07A
:10464000266D01333254DBB24345F7D3A37DDA073D
:1046500014D513F0020F0CBF02230423012084F8A9
:10466000203084F82C00022107F0EAFE04F1480310
:10467000044A0021204607F063FFDCE70123EDE751
:104680000025D8E7E90301012DE9F0430C468BB082
:1046900010210746164610F006FF0546002857D1A0
:1046A00007F15C0000F0D8F8052C51D9023C96F8CF
:1046B0000180A4B2A0454BD8B4FBF8F308FB134328
:1046C0000236002B47D1A4EB0801023131440DF131
:1046D0000E0014F0F1FEB7F84620BDF80E309A42F5
:1046E00040D001339BB20DF11505A7F84430ADF869
:1046F00010304FF4205102232846ADF812208DF8D7
:10470000143015F0A3F800959DF81430BDF8122070
:10471000BDF81010384606F08FFE4FF000094FF438
:10472000827015F08FF8054690B1012303703B8825
:10473000838080F80680048124B1224631460A3005
:1047400014F000F885F8FF900421284612F09EF935
:104750000BB0BDE8F083B7F84630ADF80E302C460C
:10476000A846B8E7384613F0A9FE4FF00109D6E78E
:104770007FB5304A304800231446C158D150043325
:10478000102BFAD12D4B1A8842F001021A801A8898
:1047900042F004021A801A8842F002021A801A8833
:1047A00042F008021A801A68D007FCD41A68510730
:1047B000F9D41A689207F6D41A68C2F3C002002A24
:1047C000F1D11F4D1F482B68ADF800300368C3F3CB
:1047D0000F43ADF802301C4B1968ADF804101B49AB
:1047E0000E68ADF806601B68C3F30F43ADF80830E0
:1047F0002B68ADF80A300368ADF80C300B68ADF8E3
:104800000E30694613460A460878E55C01332843B2
:10481000102B01F8010BF7D10D4B0E4CB3F8A0157E
:104820006FF30001A3F8A0150FCA84E80F0004B0CD
:1048300070BD00BFFC34012064370120143E0141EB
:10484000043E0141003E0141083E01410C3E014150
:104850000024014180290141F7B5064648B9324B91
:104860000093052302461946EF2000F0ABFA03B08F
:10487000F0BD12F099FB13F085FB337A9B060546D9
:104880003AD512F0FDFB347A284B6FF3451434729D
:1048900014F0070418BF0124194653F82420964247
:1048A0000ED1234A1278A242326819D1736841F8B6
:1048B00024201F1A44BF03F180531F1A012F0CD864
:1048C0001C4B53F8342019466AB91B4B0093114610
:1048D0000523EF2000F076FA0EE005F09FFFEFE7EA
:1048E00043F82420ECE7B24213D1326843F8342075
:1048F00012B903EBC4046460284603B0BDE8F0407D
:1049000012F09ABB1A4623B90C4B009301210523E0
:10491000DFE71368B342F5D133681360002BEBD1A6
:1049200001EBC4046260E7E7D88B02018435012003
:10493000063701200C350120DB290201F329020191
:10494000F7B513780193354B009307460423EE2007
:104950000E4615469021022200F034FA384611F036
:104960003BF9044658B92E4B0093024601970423A5
:104970009121EE2000F026FA002003B0F0BD8388DC
:10498000B342F9D329780D2929D02CD8062907D08C
:104990001CD8032923D00DD8012920D002290DD1FC
:1049A000204B1B685B681BB12A463146204698475E
:1049B0000120E2E70429F3D0052910D011F04002CC
:1049C000F6D10623204605F007F9F1E7092906D0BC
:1049D00003D8072903D00829E1E70B29E0D1114BBF
:1049E0001B689B68DFE71729F9D00AD81229D7D0AE
:1049F00003D81029D4D01129DFE71329EFD01629C5
:104A0000CDE71B29EBD003D81829C9D01929D4E741
:104A10001E29C5D05229C3D01D29CEE7633A020111
:104A20007B3A0201C401002084B070B504AC84E874
:104A30000F00012012F0CAFA4FF6FF710446012060
:104A40000EF0E6F944F4007189B2012012F0D0FAB8
:104A5000049B2C4C002B48D02268137813F00303DE
:104A600008D153702268937022681178938063F3A1
:104A70008201117023681A786FF345121A70224B65
:104A800000211970214B1A88022666F383021A80CE
:104A900003F5AC6303201A6860F313421A601A68C6
:104AA00060F317521A60A3F5BE631A6861F300023F
:104AB0001A600FF096FD069D13F080FA23681A78AD
:104AC00066F301021A702268079B6D0A40F2712199
:104AD0002846B3FBF1F3D38502F0B0F92368DB8DF0
:104AE00053B1A81902F00CFA06E023681A78586B43
:104AF0009306F7D402F0A2F9BDE87040002004B09C
:104B0000704700BF2C0200204B020020C03401413E
:104B10002DE9F0411C4693054BD53149314A0B78BC
:104B2000314E83F00107002B56D1304D2B681078A1
:104B30005FFA83FE33689A7803EB020898F806C0A0
:104B4000864598BF0CF1010C88F806C002F1010CF3
:104B50009C44D5F800809CF806E0C8F3072840453F
:104B600028BF0EF1010E8CF806E002F1020C9C4405
:104B7000D5F800809CF806E0C8F30748404528BFF8
:104B80000EF1010E03328CF806E013442D689A7979
:104B90002D0E85428CBF1046501C987132680F70E4
:104BA000937813490433937000231A4618460AF089
:104BB00029F914F0300F11D00B4B1B681B7803F050
:104BC0000303022B0AD100231A464FF484311846FE
:104BD000BDE8F0410AF016B9064DA7E7BDE8F0813F
:104BE0004B020020F80100202C020020583C01411B
:104BF000010801005C3C0141F8B5CB68477E1E7896
:104C00005D78002102460EF0A9FF022E0446D37DF6
:104C10002AD0042E2CD0012E04D1012B4FF01101EB
:104C20002DD15176022D2ED0042D30D0012D39D129
:104C3000012B4FF0110134D19176212F537E43D1B6
:104C4000212B31D0D2F88000D2F884106FF4C675D1
:104C50004FF49C73284403FB0101B1FBF3F003FB09
:104C60001013C2E920301FE0012B4FF01201D7E7EB
:104C7000012B01D12121D4E7D17E11B923219176D5
:104C8000D0E72221FBE7012B4FF01201D3E7012BE4
:104C900006D1D37E13B923239376CEE72223FBE7F5
:104CA00021215176012BC8D0D2F844515DB10021A9
:104CB00010460EF053FF2B572B54D2F844311844B2
:104CC00023441B7A0372F8BD212BEDD1D2F880006A
:104CD000D2F8841003F2171300F28D10BBE7FEE741
:104CE00030B52F4C236885B02546002B4FD02D4979
:104CF0002D4C012013F0EEFB2B682C4A1A602C4B34
:104D000018689A889B798DF806302A4BADF80420F4
:104D1000294A1A6000254FF6FF53009002A8ADF80B
:104D20000830CDF80A50ADF80E5014F081FD23681C
:104D30001D7023684FF461721A636946072010F0F2
:104D40000BFD2068213014F03DFD206890F82130E3
:104D500013B122300FF096FD012126200EF042FC07
:104D6000012129200EF03EFC0120144A062113F0F7
:104D7000EDFB2168D1F8EC3103F0F802104B13433E
:104D8000C1F8EC31FFF7F4FC002005B030BD302055
:104D900014F058FD20600028A9D10220F5E700BFDB
:104DA0003C360120718A0201A4000020342C02014B
:104DB0003C970201AC00002035600201654F020102
:104DC000010602002DE9F041334D1E462B68A2B0CA
:104DD00004460F469046002B58D014F067FB00287D
:104DE00054D114F027FB002850D1F20703D52B4BE8
:104DF0001B68DB070BD4B00703D5284B1B6899074A
:104E000005D4720742D5254B1B685B073ED5244B62
:104E10008DF800801B788DF801408DF80270002B12
:104E200037D1C4F1EF041F4F04EB84042744384604
:104E300013F094FC39460646C4B2024602A813F0A9
:104E400081FC22AB1E4401343A2306F8803CE4B2D4
:104E500002AB181929AB289A0193C4F17E01F8F727
:104E6000D3FC54FA80F0C0B222AB03440D2203F805
:104E7000802C431C22AA52FA83F302300A2203F840
:104E8000802CC1B22B6802AA6846984722B0BDE8C0
:104E9000F08102A80024DDE7783601207C3601206D
:104EA00002370120888B02012DE9F0412E4D2C683C
:104EB00080460027002C35D12C4B2D4D70221A80B6
:104EC0002C4B1B221A802C4B02F22D121A802B4BDA
:104ED0004FF001121A604FF448625C601A812B781F
:104EE0001BB12748FFF7B8FC2C70B8F1010F16D1A1
:104EF000244CE068002510F083F82069E56010F08C
:104F00007FF86069256110F07BF865611E4C2068B0
:104F100010F076F86069256010F072F86561002085
:104F2000BDE8F081A268137A043B012B17D81668FC
:104F3000F06808B113F0E8F90021304611F07CFE6A
:104F40000121304611F078FEA06804F093FE30880D
:104F50000FF0CCFDA0680DF0F5FB1FB92C682746BB
:104F60002468A7E73C46FAE7B80100209C0100202E
:104F70000B370120F4360120F6360120780100209D
:104F80008401002058340120580100201FB5044638
:104F900012F0E4FC94F85030012B23780194CDE911
:104FA00002302DD12E4B009302231A468521EC208E
:104FB000FFF708FFA3785B0707D52A4B009302236E
:104FC0001A468521EC20FFF7FDFE0DF065FF2378E2
:104FD000012B33D194F85030012B234B05BF1A68B5
:104FE00094F851301B68313314BFD3F8F00152F8F4
:104FF000330070B9002411F045FC204604B010BD08
:105000001A4B009302231A468621EC20FFF7DAFEA2
:10501000DBE78268036894420ED1204604F010FF5B
:10502000204608F0CFF920460AF07EFD63786FF342
:10503000000363700124DEE71846DAE7023B012B28
:1050400009D8A378012243F02003A370114620461B
:105050000CF06AFACEE704F13800FFF7FDFBDFE75A
:105060004CD301017AD30101B001002092D3010198
:10507000F0B5324C324D246814F0040F5AD0002899
:105080004ED12D6895F84C62002E48D02D4C2E4FF5
:105090002468641A611E21F07041B9423FD84FF074
:1050A000884C40F27121DCF8407061436FF41C744D
:1050B000214407F4405740F60754B7F5005F0CBF92
:1050C00027464FF412674908204CB4FBF2F43C44E5
:1050D000A14224D9091BDCF8404004F44054B4F543
:1050E000005F09D195F8424234B14EF28F24A142BB
:1050F00015D9A1F5624190394FF47A77B1FBF7F0F9
:1051000007FB101102FB00F44A43B4FBF7F40F490C
:10511000B2FBF1F214441C44C5F854423046F0BDD1
:105120002A680B48D2F85442E41A84428CBF00200B
:105130000120F4E72B6893F84C02F0E7203E014190
:10514000B0010020343E0141FEFFFF0740420F0046
:10515000FEFFFF7F73B505680646012128460EF065
:10516000FDFCD5F84421104490F904307E2B39D051
:1051700095F82C10D2F822205B1A117AC1F3C100E5
:10518000DBB2032842D8DFE800F02F023902D478DE
:105190009C423DD214789C4294BF02240124844254
:1051A00028D0C1F34100A042908800D0B0BBD28883
:1051B000B5F85C100244C9430A44120412D58DF8B4
:1051C000043006226B461B49009601208DF80540ED
:1051D00009F018FED5F84431D3F822301A7A64F376
:1051E000C4021A7202B070BD1078984212D9907839
:1051F000984209D9B5F85C30D380F3E7D07898426B
:105200000AD250789842F5D30124CAE70446C6E78B
:105210000024C4E70224C4E70024C2E764F3420187
:105220001172D5F84431B5F85C20D3F82230DA8019
:10523000D8E700BF06060101F8B5364B04685B6984
:1052400018785F7894F86C30E7771646C21062F3EE
:105250008203C0F3800200F0030562F3C303001170
:1052600060F30413A57784F86C3029B9DBB261F3DD
:10527000410384F86C300CE094F86C30C3F3801177
:1052800091422ED043F0020384F86C3020460FF098
:10529000A1F894F86C306FF3000384F86C30AEB171
:1052A00094F8C83113B11C4B1B787BB994F86C305F
:1052B000C3F38002B2EBD31F08D1627F012A05D06D
:1052C000E27F8AB943F0010384F86C30617EE07FAD
:1052D0000EF028FBD4F898301844C4F89800002049
:1052E0000BE06FF34103C4E7204611F071F828B1D9
:1052F000A36F43F01003A3670120F8BD94F8283092
:1053000023B9032D1CBF012384F8283094F86C3096
:10531000D8E700BF583401203802002070B5054698
:105320000E460020182112F05CF90446002845D0F2
:105330000F2E067343D1D5F8B4311A88A0F80D208A
:105340005A88A0F80F209A88A0F81120DB88A0F8CE
:105350001330B5F8A8304FF6FF72002B08BF134684
:1053600003834FF0FF33C0F81A30C0F81E3080F8C6
:10537000223080F82330B4F80D20B4F80F309A4270
:1053800008BF0023637514F0EBF8A98FB5F850300F
:10539000B5F85C200131052813FB01F38BBF03EB4B
:1053A000C30303EB430302EB430302EB83039BB210
:1053B0002846E382214604F059F8012070BD102EE2
:1053C000D9D1D5F8B8311A8BA0F80D205A8BA0F896
:1053D0000F209A8BA0F81120DA8BA0F81320B5F8D3
:1053E000A82002B99A8C2283DA8C62831A8DA28358
:1053F0005A8DE2839A8D2284DB8D6384BBE77047EC
:105400002DE9F04104460D462E4B1E682E4B1F68B9
:105410002E4BD3F800802E4B1A68002182F85110D1
:105420001868043012F011F848B9294B1A68294954
:105430000B68D06A0122824023EA02030B60B4F1B8
:10544000FF3F0DD03444224B1B685C60A6421CD940
:105450001F4B1968043140460FF0DAFFBDE8F081B8
:1054600005B31D4A51681A4B1868816018688C682A
:10547000C4601868043060601868043088601B6875
:105480005A61136801331360E8E7114B196804315E
:1054900038460FF0BDFF114B1B68A342DED90F4BFE
:1054A0001C60DBE7731E0A4A126853609E42CFD825
:1054B000074B1968043138460FF0AAFF074B1B68E9
:1054C000CCE700BF243601203436012030360120DD
:1054D00038360120203601207034012008360120A2
:1054E00030B50B4689B00C680C2810D8DFE800F006
:1054F00007160F0F1A34386456525A0F60008A6824
:105500004968003218BF0122204607F041FC002103
:10551000204609B0BDE8304002F036BB20460AF014
:105520001FFEF4E7012194F8500011F05FFA637850
:10553000DB07ECD5A06828B1837843F008038370BB
:1055400004F07EFC204611F0DFFE94F850000022AB
:10555000214614F040F9DAE720460DF087F8D6E747
:105560002278032AD3D14D6894F850004FF40011EB
:1055700011F03CFA236F8DF81450CDE9033408ABD9
:1055800013E903008DE8030003AB0ECB656F022027
:10559000A847BCE72046F8F7BBFFB8E78A68187948
:1055A0002146D6E7002249682046F7F7C3FDAEE75B
:1055B00003200CF09FFBAAE7204611F081FEA6E72E
:1055C000364BD3F8602F10F0010114BF42F00102F6
:1055D00061F30002C3F8602F304BD3F8602F10F056
:1055E000020114BF42F0020261F34102C3F8602FCE
:1055F0002A4BD3F8602F10F0040114BF42F00402CC
:1056000061F38202C3F8602F244BD3F8602F10F0AF
:10561000080114BF42F0080261F3C302C3F8602F0F
:105620001E4BD3F8602F10F0100114BF42F010028F
:1056300061F30412C3F8602F184BD3F8602F10F0F9
:10564000200114BF42F0200261F34512C3F8602F1D
:10565000124BD3F8602F10F0400114BF42F040020B
:1056600061F38612C3F8602F0C4BD3F8602F10F053
:10567000800114BF42F0800261F3C712C3F8602FAB
:10568000064BD3F8602F10F4807014BF42F4807280
:1056900060F30822C3F8602F704700BF0024014167
:1056A00070B58378052B044668D1C36D0122DA708A
:1056B000C678C36D90F857500A68BEB98DB103F52E
:1056C000F070C3F8E0214B6843608B688360CB685F
:1056D000C360E16D204601F5E071BDE870400AF05D
:1056E00080BE03F5B870C3F87021ECE725B3C3F8AA
:1056F000A02103F5D0754B686B608B68AB60CB68FD
:10570000EB60C26D136823F07F4323F0FF03B3F512
:10571000813F33D192F82630916AD94001F00101DE
:1057200041F0800100F0FEFBE16D204601F5B8710B
:10573000BDE8704009F0C0BEC3F8B02103F5D870D1
:105740004B6843608B688360CB68C360E16D4B78C6
:10575000012B04D0023B012B10D88B7873B16F3131
:105760002046FAF723FCE16D204601F5B87109F0F7
:10577000A3FEE26D00239370E26DD37070BDFEE76F
:10578000304B70B500251D702F4B80241C802F4B93
:105790001D802F4B302628464FF6FF711E800DF0DE
:1057A00037FB4FF6FF7101200DF032FB4FF6FF7112
:1057B00002200DF02DFB274B03F5D952118864F31D
:1057C0000F011180918865F30F01918003F5D95283
:1057D000118966F30F01118103F5D9514FF6FF725C
:1057E000088A62F30F00088203F5D951888A62F3B0
:1057F0000F00888203F5D95103F5D853088B62F363
:105800000F000883998962F30F019981124B4FF4BD
:105810008052C3F88420BFF34F8FBFF36F8F83F89C
:105820002C43C3F884215A605200C3F88420BFF38C
:105830004F8FBFF36F8F83F82D43C3F884215A60D5
:1058400070BD00BF05370120EC360120EE36012087
:10585000F03601200024014100E100E0F0B58DB0F8
:10586000064607924B7906930B790593CB78049300
:105870008B7803934B7802930B7801932B4B009317
:105880000C46012317462C210222EC20FFF79AFA3E
:1058900000238DF8273013F09FFEF0B1244D2B68C4
:1058A0009B6C984750B10C25224B00930195012326
:1058B0000022FF21EC20FFF785FA34E02B68DB6C37
:1058C00098470028EFD12B681B6D98470028EAD134
:1058D0002B685B6D98470028E5D19DF8283006F0CD
:1058E000010666F300038DF828302368CDF82930CF
:1058F0000DF12701A388ADF82D300AA80BF0B0FBFD
:1059000005460028D0D19DF8283066F300038DF8B5
:1059100028302368CDF829303946A388ADF82D30DA
:105920000AA803F093FE28460DB0F0BD1044020112
:105930003C010020E68502012DE9F0410446008982
:105940008846174610F048F9064600284DD0002337
:105950003B7088F800306389A3F11002072A04D84D
:105960002046BDE8F0410AF073BE013B0D2B06D87E
:1059700021460BF07DF901233B70BDE8F0814FF427
:10598000827013F05FFF054600283CD00B230370A4
:10599000238983806389C380237C0372A389438125
:1059A000E3898381637C4372E2891AB161680E30B6
:1059B00012F0C8FE0421284611F068F823689B7B8A
:1059C000D90712D5012388F80030237C522B18BF49
:1059D000F374237C122B0AD123689B7B9A0604D58F
:1059E0006389B38263681B88F3820020C5E7162BA6
:1059F000FBD101233B7086F8383096F839300133FB
:105A000086F83930F1E723689B7BDB07EDD58020F2
:105A1000B3E7FEE72DE9F8438C4600295DD001236A
:105A20002F4D304A00F1FF3E871E2F4E0AE0440002
:105A300006F81080601C002434549160591C6345A2
:105A400041D20B465C1E696801F00701012914D0A0
:105A50009068D2F80C80411CD2F81090494528BFBC
:105A60000021884530D01EF803806C6804F00704DC
:105A7000012CDCD006F80080DFE7D2F80880D0687F
:105A800008F10101D2F81090494528BF0021884251
:105A90001AD01EF8134017F8130040EA04206C686F
:105AA00004F00704012C04D0C0B206F8080091608D
:105AB000C4E74FEA48045FFA80F906F81890013409
:105AC000000A3055F3E71C4612F098FC10B1044B65
:105AD00001229A752046BDE8F8830C46F4E700BF22
:105AE000000C00404C320120642F012038B5C368FF
:105AF000DC68A36AE169226A8A60E169516004F1A5
:105B000018015A688A4204BF226A5A600022A262BF
:105B10001A68013A1A60254B1B68002B3AD1636959
:105B2000A168E2688A60A1685160211D5A688A42B2
:105B300004BFE2685A60002262611A68013A1A6082
:105B4000E36A1B48056801229A402A430260194A09
:105B500003EB830302EB83035B68A3609868E06058
:105B600041609960E36A03EB830102EB81006061AD
:105B700052F82130013342F8213010F0E3FD0E4B92
:105B80001B68E26ADB6A9A4283BF01200B4B1860F4
:105B9000002038BD0A4B5A68E2619068206241607B
:105BA0009160A3621A6801321A60E8E700360120AA
:105BB00020360120E430012038360120143601203F
:105BC000983401202DE9F3410446008913F024FEA6
:105BD00000285DD020896789B4F80C800FF0FCFFA5
:105BE0000546002856D090F84E30B8F1000F29D164
:105BF000002B49D1032013F0EBFD0646002845D0C9
:105C000000F110030A2101A8019313F05BFC39464F
:105C100001A813F05DFC32460321284612F024F857
:105C2000044668BB0A23A5F8660085F84E30A5F83F
:105C30005070194905F15C00FCF75CFC204602B08D
:105C4000BDE8F08103BB052013F0C2FD0646E8B1B4
:105C500000F110030C2101A8019313F033FC394625
:105C600001A813F035FC414601A813F031FC32467F
:105C70000521284611F0F8FF044608B90C23D2E7A5
:105C8000304613F0CFFDD9E70724D7E70224D5E744
:105C90000424D3E70324D1E7A064D10173B5002322
:105CA000022904461546ADF8063054D10CF068FEC2
:105CB000002852D16D78012D4DD894F83B6094F8AE
:105CC00038305EB9012B0ED1294620460FF0BCFDBD
:105CD000182384F83860E37402B070BD204613BB0B
:105CE0002DB910F0BFFE20460BF0B4FAF4E710F027
:105CF00079FD054678B90DF1060120460AF044FB0E
:105D0000054640B9204608F0A5FD0546204610F09E
:105D1000A9FE002DE7D0EBB2BDF8062018212046E1
:105D200003F05AFFD8E735B910F09CFE294620460B
:105D30000FF08AFDD0E710F055FD054678B90DF15A
:105D4000060120460AF020FB054640B9032384F8EB
:105D500038300121EBE70425DDE71225DBE720469B
:105D600002210FF071FD002384F83830204610F036
:105D700079FED0E7F0B585B0137801932F4B0093EF
:105D800006460423EE200F461546C0210222FFF7E7
:105D900019F8304610F0C4FA044658B9284B00935D
:105DA000024601960423C621EE20FFF70BF80120DE
:105DB00005B0F0BD03A90DF10B00039513F058FADF
:105DC0009DF80B30013BDAB20D2A04D90821204698
:105DD00004F0FCFDEBE71B4AD25CBA4201D00A2179
:105DE000F5E7194A52F8233013B103992046984732
:105DF00094F85930002BDAD0E36D002BD7D093F80C
:105E0000EA20002AD3D01B789342D0D1E37813B98B
:105E10002046F6F7CDFFE36D5B7913B9204602F01B
:105E2000E7FFE36D002583F8EA50E06D10B113F051
:105E30000BFDE5650123A370B9E700BF8F3C0201AC
:105E4000A63C0201B6920201CC4B020173B5C58893
:105E5000032D04460E4617D1837A0C2B05D003F090
:105E6000FD03082B01D080200CE023680DF1070012
:105E7000596811F003FD0028F5D123689DF807202B
:105E80009B681A8002B070BD13F098FA854239D130
:105E9000A0880FF0A1FE054608B90020F2E7A37A1A
:105EA0000C2B1BD1236880889A89511C884234D2DC
:105EB000218999B1296C002931D0586812F042FC2F
:105EC000236821899B89AA885B1A01339A42E4D30B
:105ED000286C13F0B9FC00202864D3E74FF48270DB
:105EE00013F0B0FC0028BED0A27AEA7485F83D20F9
:105EF00015220270A2888280042110F0C7FD0123C0
:105F00003370CAE7E58813F05FFA8542ABD12368A6
:105F10005C6809F0ABF86070BFE70B20B2E70E20B9
:105F2000B0E7FEE72DE9F341044641200F4613F0A8
:105F300089FC054650B92F4B009302460423C82123
:105F4000EE20FEF73FFF02B0BDE8F081064604F107
:105F5000120806F8017BE37800F121076BBB2022D1
:105F60004146304612F0EEFBE16D2022EB3138461F
:105F700012F0E8FBE06D412200F5B873294600F508
:105F8000C070F6F765FBE16D2022EB31304612F070
:105F9000D9FB20224146384612F0D4FBE06D412265
:105FA00000F5D873294600F5E070F6F751FB284656
:105FB00002B0BDE8F04113F047BCE16D2022EB31A7
:105FC000304612F0BFFB20224146384612F0BAFBA1
:105FD000E06D412200F5B873294600F5C070F6F770
:105FE00037FB20224146304612F0ACFBE16D202207
:105FF000EB31D0E7788C020190B484B000AF044656
:10600000084611461A462346FB710346BB710B46F0
:106010007B7113467B80FB7903F1824303F5B03338
:106020001B88FB81BA797B79D31A0133012202FAEA
:1060300003F35A1E7B7902FA03F31BB2DB431AB255
:10604000B7F90E3013401BB2FB817A887B7902FAD4
:1060500003F31AB2B7F90E3013431BB2FB81FB797D
:1060600003F1824303F5B0331A46FB89138000BF66
:106070001037BD4690BC704780B485B000AF034672
:10608000FB710B46BB7113467B71FB7903F18243B5
:1060900003F5B0331B88FB81FA89B9797B79CB1A78
:1060A0000133012101FA03F3591E7B7901FA03F34D
:1060B0001A407B7942FA03F3BB81BB891846143737
:1060C000BD465DF8047B70472DE9FF412C4E2D4CF9
:1060D0002D4B22680093336803922C4A029301925D
:1060E000002B38D0236833B94FF4487013F0AAFB63
:1060F0002060002835D0264D2B68A84623B91020F3
:1061000013F0A0FB286060B333680293002123687A
:1061100003930DF1040C02AE6C460F46D8F8003024
:106120000B44C3E900730020BCF8002082421CDC51
:10613000083110290CF1020C06F1040604F10204E6
:10614000ECD1144B1A46002142F8081FC3E9001392
:10615000DA60012006E0902013F074FB3060002824
:10616000C0D1002004B0BDE8F0813568228800FB72
:1061700002520130576017605D682A605A60D3E7A9
:1061800068360120603601200C0028000C00140045
:1061900064360120E80000202DE9F0418AB01D4658
:1061A0002F4B019007460093EC200E4690460123AA
:1061B00002224B21FEF706FE384611F0B7F8002800
:1061C00048D00468204610F011FDF8B194F8ED3085
:1061D000DB0741D53368C4F8FF307368C4F8033176
:1061E000A4F808812B68C4F8223104F591726B6819
:1061F0005360AB689360EB68D36020460DF0FAFF04
:1062000060B3002420460AB0BDE8F08133682868F6
:106210006968CDF80E307368CDF8123006AB03C351
:10622000A868E968ADF80C7003C31C22204603ABD4
:106230000521ADF8168009F037FF04460028E0D0AC
:10624000084B0093019401230022FF21EC20FEF76C
:10625000B9FDD7E70224F3E71A24F1E70724EFE7B3
:10626000A8640201C464020138B5D0F8A84105460B
:10627000002C32D0012380F8B03123790A2B0BD8BF
:10628000DFE803F0062C30353C0A40464D0A520048
:10629000A368188804F00AFB254B1B680BB1204645
:1062A0009847244B1B680BB12046984795F8B031AE
:1062B000012B0FD1D5F8A8311B68C5F8A8311BB93F
:1062C00005F5D473C5F8AC31A06813F0BDFA2046CB
:1062D00013F0BAFA002385F8B03138BDA068FCF796
:1062E00061FCD9E7A368188805F02EF9D4E7A36804
:1062F0009A885988188801F061F9CDE7A068F7F706
:1063000057FBC9E7A36899781888FDF787FDC3E7AD
:10631000A368DA7899781888FDF784F8BCE7A36851
:10632000187802F0BDFCB7E7A06801F0BDFAB3E74A
:1063300000010020FC00002053434E3A7469643D84
:106340002564005741524E3A45787448644C656E56
:10635000204E6F74204D617463686564005741522C
:106360004E3A6164694E6F74416C69676E65640092
:106370005741524E3A6E6F416464720053434E3A35
:10638000736B6970527074286361636865486974DF
:1063900029005741524E3A546F6F4D616E795365E3
:1063A00063506B7473004552523A45787448644C9C
:1063B000656E3D2564004552523A457874466C67D7
:1063C0003D25640053434E3A736B697052707428D4
:1063D00061757850687920696E76616C696429000E
:1063E0005741524E21204155585F5343414E5F5211
:1063F00053502041646472204E6F7420436F6E735B
:10640000697374656E7421002DE9F04F00252F46E5
:106410002C4600BF4FFA85F8984512DB4FEA430936
:1064200009F1FF3A4FF000085FFA88F606EB030E19
:106430004FFA8EFED64528DB484400F8014CBDE8F3
:10644000F08F4FF0000C02EB0509E64611F80CA0A6
:1064500019F8016944EA07240AFB06F616FA84F4DF
:10646000A4B20CF1010CA64288BF0EF1010E4FFA46
:106470008CF6B0454FEA14275FFA8EFEE4B2E5DAF7
:1064800044553C4601357746C4E701363D4676B271
:10649000002700BF4FFA86FC634505DC00F80E407C
:1064A00008F101082C46BFE702EB0E0CC6F1000B09
:1064B00044EA05251CF80BB011F806C00BFB0CFCD8
:1064C0001CFA85F5ADB2AC4588BF0137ECB2FFB21E
:1064D00001362D0ADEE700BF2DE9F7432A4BD3F83A
:1064E000008018EA000F044638D1002836D008345E
:1064F00063071CBF24F007040834002C2ED0234B64
:106500001E68A642994629D3214B1D686A68A2429B
:1065100002D22A68002A34D11E4A1268AA421DD02B
:106520002A681F681A606B681B1B102B07F108078D
:1065300004D9281943606C600BF0ACFA16496A68FC
:106540000868B61A864248EA02024FF00003C9F80A
:10655000006038BF0E606A602B6077B90F4B1B6814
:106560000BB1002098470E4B0093019405230022A5
:106570000221EF20FEF726FC0027384603B0BDE8D5
:10658000F0832B461546C1E75036012054360120D2
:10659000743501205C36012058360120D8000020D7
:1065A000348502012DE9FF4705460E46144610F0DA
:1065B000FBFC0027294B98461A689200FCD42868F7
:1065C0006968274BDFF8A0A0DFF8A09003C3A86894
:1065D000E96803C330687168DC3B03C3B068F168E5
:1065E00003C30CF059FCD8F8003043F00063C8F83E
:1065F000003010F047F900BFD8F800309B00FBD402
:10660000DAF80030C3F3400353B9164A03CA2060D6
:10661000616003CAE160E27BA06042B1184619E004
:10662000B9F8003043F02003A9F80030D9E72FB1C2
:1066300010222146684611F06DF858B12068616853
:106640006B4603C30137A068E168FFB2052F03C39F
:10665000B0D1012004B0BDE8F08700BF3034014163
:10666000DC340141203401418C340141C434014106
:106670002DE9F7432E4FDFF8C09080460B25013DF2
:1066800015F0FF0550D004210DEB010005F044FA90
:106690003B689B6B002B3DD13B685B6B002B3ED175
:1066A000019C20460FF090F90528E8D8E0430FF050
:1066B0008BF90528E3D884EA09000FF0C3FD01280F
:1066C000DDD9E6B2C4F307239E4206D1C4F30743E3
:1066D0009E4202D1B6EB146FD1D02021204610F09B
:1066E0000DF91828CBD80621A00E10F007F90128C3
:1066F000C5D930460FF0A6FD0228C0D91021A0B29E
:1067000010F0FCF80B28BAD8019BC8F8003003B091
:10671000BDE8F083019898470028BDD0AFE7019805
:1067200098470028BCD0AAE7024B0193ECE700BFD2
:106730003C010020F6782B9DD6BE898E73B50E469F
:1067400005682B4C0BF0BAFB07F076F9294B1A8839
:106750006FF3CF321A80B5F88C10687E0EF0F0FD22
:106760002368062262F313432360236862F31753FE
:106770002360214B1A687F2161F30F021A601A68A7
:1067800061F31F421A6001A9D5F8CC0011F06EFF29
:10679000019A1A4B042EC2F3472214D120212975E5
:1067A0001749088862F3070008801A8842F001023E
:1067B0001A80236843F010032360236843F0020328
:1067C000236002B070BD012129750E49088862F36B
:1067D00007000880226842F0020222601A8842F014
:1067E00010021A801A8842F001021A80E9E700BFFD
:1067F000203A01416C380141103A0141283A0141E7
:10680000083A0141003A014110B586B0002303293E
:1068100004468DF8013038D10DF10200511C12F000
:106820004BFE20460CF0ACF8002831D102AA01A999
:10683000BDF802000EF0D8FF00283FD0029B5B6835
:10684000D3E90112107812F009FC019A0346D27BB9
:106850002088012101F0D0FE80B2C8B901998B7B5C
:106860009A0723D52388ADF81030BDF80230039184
:10687000ADF81230ADF814000A230DF1010103A8A0
:106880008DF8163007F0B2FF02E0ADF802300420B8
:106890009DF8013043B998B901998A68496812880E
:1068A0000B23204609F076FB06B010BD9B06EFD502
:1068B000BDF8022020460FF015FCE9E70120E7E7CC
:1068C000C3B2BDF802200A21204603F085F9EBE7A8
:1068D00038B5214C214D21782846222300F8013B70
:1068E000023112F0B3FF42F68831E81C12F0AEFF1D
:1068F00023781B4A1B4802EB0311C1E900051A4823
:1069000088601A48C860591CC9B202EB01111848C6
:10691000086018484860184888601848C860991C82
:10692000C9B202EB011216491160164951601649AD
:10693000164891601649D1600333027C1549DBB2D9
:1069400023709BB221F8223001EB82010224013234
:106950004C800274C38138BDFD360120B33501205F
:10696000842E0120B29802011A7D02010500000167
:1069700022FE0101403401200698020118000203A2
:10698000B0980201C23501200A970201D4340120D7
:1069900002002033403601202DE9F84304460089E7
:1069A00012F03AFF002855D026893046D4E9037901
:1069B0000FF012F9804600284ED0FA2012F042FF64
:1069C000044600284AD012F0F9FC2080182060808C
:1069D0003B686360251D7B686B60BB68AB60FB68D0
:1069E000EB60D9F800306361D9F80430A3611D234E
:1069F00084F8F830B8F80430834223D8013B638030
:106A0000D8F840701FB912F01DFF074600B330469A
:106A10002146F8F75DF9064680B93B4605F11802B4
:106A200055F8041B43F8041B9542F9D1C8F840708F
:106A3000204612F009FF3046BDE8F883384612F0D0
:106A400003FFF5E730462146F8F742F90646EFE73F
:106A50000226EDE70426EEE70326ECE70226EAE746
:106A6000304BD3F8842F6FF31F62C3F8842FD3F811
:106A7000882F6FF30702C3F8882FD3F8882F6FF39E
:106A80000F22C3F8882FD3F8882F6FF31742C3F86B
:106A9000882FD3F8882F6FF31F62C3F8882FD3F89D
:106AA0008C2F6FF30702C3F88C2FD3F88C2F6FF362
:106AB0000F22C3F88C2FD3F88C2F6FF31742C3F833
:106AC0008C2FD3F88C2F6FF31F62C3F88C2FD3F861
:106AD000902F6FF30702C3F8902FD3F8902F6FF326
:106AE0000F22C3F8902FD3F8902F6FF31742C3F8FB
:106AF000902FD3F8902F6FF31F62C3F8902FD3F825
:106B0000942F6FF30702C3F8942FD3F8942F6FF3E9
:106B10000F22C3F8942FD3F8942F6FF31742C3F8C2
:106B2000942F704700240141F0B5D0E9037585B07A
:106B300000890FF0F5FB0446002854D0C16D0029F0
:106B400051D090F85730002B4DD007B13DB92046B9
:106B5000082103F03BFF0446204605B0F0BD2B683A
:106B6000C1F86F306B68C1F87330AB68C1F877302B
:106B7000EB68C1F87B30C36D01229A70412012F09E
:106B800061FE064688B3002300F8013BE16D202238
:106B9000EB3111F0D7FDE16D2022EB3106F1210040
:106BA00011F0D0FD4122314628466B46F5F750FDE5
:106BB00010226946384610F0ADFD78B9E37853B934
:106BC000E16D204601F5E07109F00BFC044630460A
:106BD00012F03AFEC0E70623A370F7E7042120462F
:106BE00003F0F4FEF2E70124B6E70224B4E72DE94E
:106BF000F04115460A7890F807C0064602F00F00EB
:106C0000062892B00F4616D80124844014F055048B
:106C100002D04C78063CE4B241F20201ADF800101B
:106C200001218DF80410062837D8DFE800F00607A8
:106C30003236343630000024EEE700218DF805109E
:106C4000196D34230CFB031393F8251039B393F813
:106C50002980404611F04CFA40F002008DF8060001
:106C60000DF1070140460BF0B7F83B788DF80D4069
:106C700013F0090F0CBF06350025337804956846DC
:106C80008DF814300EF08CFA12B0BDE8F0810221BC
:106C9000D4E70321D2E70421D0E7FF21CEE72B6818
:106CA000CDF80730C2F38012AB888DF80620ADF81E
:106CB0000B30DAE72DE9F0412C4E2D4C4FF0010856
:106CC0002C4F19E0226A2AB3616A236A404698472A
:106CD000A36A0133226B934228BF00231AE0A16A02
:106CE0004A00E8B207F811000132C5F30725BD5488
:106CF000A36294F83430CBB9337E13F0040F32D052
:106D0000B56AA36A0133226B934228BF0023E26A6B
:106D10009A42D7D0E26A9A42EED0726802F0070235
:106D2000012ADCD0A26AEDB2BD54E1E711F072FB9A
:106D30000F4B1B6A002BDFD00D4B596A93F83C3088
:106D400043B10B4B9B6B9842D6D3094B1B6A002077
:106D50009847D1E7064B9B6B9842CDD1044B1B6AF9
:106D600000209847C8E7BDE8F08100BF000C004054
:106D70004C320120E42F0120002856D070B5044683
:106D8000C36A2B4A1268D26A934245D28269002AAA
:106D900005DB274A1268D26AC2F10502826103EB61
:106DA0008303244A02EB830362699A4205D0204B95
:106DB0001B68DB6AE362012036E0251D284610F0DF
:106DC00044FB38B91C490B68E06A0122824023EA7F
:106DD00002030B60164B1B68DB6AE36216490E6800
:106DE000012000FA03F232430A60124A03EB8303E4
:106DF00002EB83035B68A3609968E1604D609D606E
:106E0000E36A03EB830102EB8105656152F82130EF
:106E1000034442F8213007E0054B1B68406CDB6AF5
:106E200098422CBF0020012070BD0020704700BF99
:106E300038360120E43001202036012070B52C4C7A
:106E40002268157815F0040551D15178294B490075
:106E50001E68C9B261F307061E6051781E680131D1
:106E60004900C9B261F30F261E6051781E680231D5
:106E70004900C9B261F317461E6051781E6803319C
:106E80004900C9B261F31F661E6053780433537022
:106E90002368821C22F070425A63174A1188C0B2DC
:106EA00060F307011180A2F5E472116865F34D31BA
:106EB000116012490A8842F001020A805A78272A92
:106EC0000AD95D702368DA781979013A914202BFD4
:106ED0001A7842F004021A702368DA8D013ADA85D2
:106EE0005A7901325A711A7842F020021A7070BD34
:106EF0002C020020503C0141003A0141243A01415A
:106F000070B52C4C2268157815F0040551D15178D4
:106F1000294B49001E68C9B261F307061E6051780B
:106F20001E6801314900C9B261F30F261E60517815
:106F30001E6802314900C9B261F317461E605178DC
:106F40001E6803314900C9B261F31F661E605378A1
:106F5000043353702368821C22F070425A63174A2C
:106F60001188C0B260F307011180A2F5E8721168C0
:106F700065F34D31116012490A8842F001020A801E
:106F80005A78272A0AD95D702368DA781979013A84
:106F9000914202BF1A7842F004021A702368DA8D17
:106FA000013ADA855A7901325A711A786FF345122B
:106FB0001A7070BD2C020020543C0141083A014176
:106FC0002C3A014170B5D0F8AC301E7B182E044627
:106FD00002D038D8012E38D8182EE56802D1B3F87F
:106FE0000F3093B36B7983B312F0BAFAA18FB4F870
:106FF0005030B4F85C20052801FB03338CBF12210C
:107000000C2101FB0323012EAB6030D0F6B1182E0A
:1070100016D194F8E220D4F8AC1002F0EF02032A63
:1070200002D1D4F8B4210AB9D4F8B8219BB2938024
:10703000A1F80F30D4F8442112B10733A2F815306B
:1070400000236B7101E0272E19D070BD94F8E22067
:10705000D4F8AC10112A01D0032A02D1D4F8B421FB
:107060000AB9D4F8B8219BB2D382CB82E8E7D4F82E
:10707000AC20D4F8B4119BB2CB805382E0E7C36F4D
:1070800043F00103C367E0E7072856D870B506460A
:107090000C462B4DD1F81700D1F81B10D4F81F2047
:1070A000D4F823300FC5D4F827002860B4F82B207B
:1070B00094F82D30AA80AB7106F500500830EDF73A
:1070C0002FFB08B9012070BD1E4DAC4620686168D9
:1070D000A268E368ACE80F002069CCF80000A28A3F
:1070E000A37DACF804208CF80630D4F82E20D4F818
:1070F0003230D4F83600D4F83A10C5F81720C5F865
:107100001B30C5F81F00C5F82310D4F83E20D4F872
:107110004230C5F82720C5F82B30B4F8462094F843
:107120004830A5F82F2085F8313006F50050EDF7EE
:10713000F7FA80F00100C0B2C5E70320704700BF36
:107140006C3301208C320120F0B585B02A4B0190C0
:1071500004460D460093022201236421EC20FDF732
:1071600031FE11F0C3FF002844D1012C234E10D072
:107170003368186874B304224A2302A9CDE90223B4
:10718000FDF70CFA044658BB1D4B5D7008F03CFC43
:1071900026E033681F68B97B11F0FD0110D102A809
:1071A00010F0CCFB9DF8083053B11224154B00931E
:1071B000019401230022FF21EC20FDF703FE16E0DD
:1071C000BB7B03F0FD03012BD2D112F0A5F90028FF
:1071D000CED1EAE706F042F8044608B90FF048F8C5
:1071E0000CF0CCFF012011F069FF002CDED120460D
:1071F00005B0F0BD0C24D9E7E98102014801002067
:10720000540100204E3B020138B50468A36FD90534
:1072100005462BD51A0525D506F00EFC294BDA6A52
:1072200042F40032DA62DA6A6FF35142DA62DA6CFF
:1072300042F40032DA64DA6C6FF35142DA64DA6CE9
:1072400042F48022DA64DA6C6FF39242DA6494F9E1
:107250006D30002B0BDB637D0133637520460EF030
:107260007BFD15E00FF047FD0028D5D038BDA36F9A
:107270001B0605D5E37D012B1AD1284610F08CF8AA
:107280000BF00AFEA36F23F04003A3670FF0FAFA96
:10729000E37D012B06D1237D13F0180F02D0284681
:1072A0000BF004FB28460021BDE83840EDF7CEBBCB
:1072B0000BF0F2FDA36F23F08073A3670FF0E2FAE7
:1072C000DEE700BF00240141434F4E4E3A41636C5C
:1072D0005478446F6E653A48646C3D30782530349C
:1072E000782C6C656E6774683D257800434F4E4E70
:1072F0003A4374726C5064755263763A48646C3DDC
:107300003078253034782C4F70436F64653D307889
:10731000257800434F4E4E3A4C4C206465736320F1
:10732000616C6C6F63206661696C3A25303278005D
:10733000434F4E4E3A446174615263763A48646CEE
:107340003D3078253034782C6C656E6774683D2547
:107350006400434F4E4E3A41434C206465736320B2
:10736000616C6C6F63206661696C3A25303278001D
:10737000416E63686F72204D6F76653A48646C3D6C
:07738000307825303478005D
:107388002DE9F843044690461D46EFF311864FF069
:10739800200383F31188BFF36F8FBFF34F8F826B86
:1073A800C36B9A4206D3022D04D0002086F31188BD
:1073B800BDE8F88394F845707FB2D4F838902A462F
:1073C800204606F063F9B7F1FF3F21D1A36C7BB1EA
:1073D800022D02D1B9F1000F24D1204609F0B0F8EE
:1073E80010B3B8F1000F21D00120C8F80000DDE784
:1073F800636A0BB90120D9E704F12400FEF772FB98
:10740800B0B1B8F1000F15D00120C8F80000CDE7E1
:1074180011F094FF87420FD201377FB284F845708C
:107428000120C3E70120C1E70120BFE70120BDE734
:107438000120BBE70120B9E70120B7E730B50378A1
:107448000E2BC3B0044622D00F2B3ED0062B1BD1E7
:1074580000250CE009238DF8083004EB850302A809
:10746800DB88ADF80A3009F043FF0135EDB2237926
:10747800AB42EFD800220434019200942223132156
:107488004FF482700EF056FE012043B030BD0379F0
:107498008DF80A300025411D20220DF10B008DF8D2
:1074A800085011F04BF904F1250120220DF12B00B1
:1074B80011F044F9043402A80FF0F4FC019500948B
:1074C80041232A4640F63E01DAE70123411D2022E6
:1074D8008DF8083003798DF80A300DF10B0011F0A2
:1074E8002DF902A80FF0DEFC04340022019200946A
:1074F800212340F63E11C3E703297FB5044615460C
:107508004CD10BF039FA002849D1E3789A074DD4C9
:1075180013F0100F264B1B6805F101010DF10A004D
:1075280014BF1E8A5E8A11F0C3FFBDF80A30162BFD
:107538009CBF1723ADF80A30BDF80A30B34228BF04
:107548003346A380032012F03FF90546B0B100F19D
:107558001003032103A8039311F0B0FF314603A8D9
:1075680011F0B2FF042300932A4600230321208848
:107578000DF07CFF10B1284612F050F94FF48270DC
:1075880012F05CF940B10E22027022888280A28833
:10759800C28004210FF076FA04B070BD0420C3B293
:1075A80000220221204602F013FBF5E70620F6E749
:1075B800B4000020F0B587B02B4B0190CDE9021242
:1075C80007460093EC200E4615460123022250215F
:1075D800FDF7F4FB38460FF0A5FE00283DD00468FF
:1075E80094F8ED309A063AD520460FF0FBFAD8B158
:1075F8000C20FEF76DFF94F8EE30C4F8B4011B07B9
:10760800A4F8586104D440F648039D4228BF1D469B
:10761800FB23A4F85A510380204611F035FC00B32F
:107628000024204607B0F0BD204604AB0622032103
:10763800ADF81070ADF81260ADF8145008F030FDD8
:1076480004460028ECD0094B009301940123002242
:10765800FF21EC20FDF7B2FBE3E70224F3E71A244D
:10766800F1E70724EFE700BF67560201C668020189
:1076780030B52C4D2B685A79013A5A719A78272AD5
:1076880089B0294622D900249C702A6813790133CD
:10769800DBB21371D2789A4218D8012008F0B8FDED
:1076A8002B681A781C7164F382021A702B681A7896
:1076B80064F301021A702046F8F7BEFB23462246FF
:1076C8001949012007F09AFB09B030BD0B681A78F8
:1076D80002F00702022AF7D1DA8D5AB102AB14225E
:1076E8000021184611F032FB002200920FC8FDF766
:1076F80097F9E9E759790029E6D1182202A811F08B
:1077080025FB012008F084FD9DF8083043F00203B2
:107718008DF8083002A801238DF80A30F8F78CFBA1
:10772800D2E700BF2C020020000701012DE9FF412C
:107738000C460621074616460DF0B1FE0546002800
:1077480042D107F15C00FDF783F8042C3CD997F887
:107758004C30F42B38D1013CA4B2A30706F1010642
:1077680035D1A11E31440DF10E0011F0A1FEB7F87C
:107778004620BDF80E108A422FD9BB6C0193013107
:1077880097F84D30009389B2A7F844104FF420536E
:10779800384602F019FD4FF000084FF4827012F0DD
:1077A8004DF8054680B1022303703B888380C4806E
:1077B80024B122463146083010F0C0FF85F8FE801B
:1077C800042128460FF05EF904B0BDE8F081B7F84F
:1077D8004630ADF80E302C46C9E7384610F06AFE40
:1077E8004FF00108D9E7FEE72DE9F04F047A14F0CD
:1077F8000704034618BF0124274850F8346084461C
:107808007EB900EBC4051E6040F834306B60234835
:1078180040F82430002A3CD00846BDE8F04F02F07A
:10782800F9BFD3F804A04FF0000EAAEB010BB04645
:107838003746F146BBF1000F1FFA8EF5786807DB73
:10784800401A002816DADDB91E604CF83430DEE73D
:10785800B9F1000F0ED1401A002809DB386801354C
:10786800ADB20EF1010EB8460028ECD00746E1E7AC
:107878004FF001097868A0EB0A000028EEDDE2E786
:10788800D8F800201A6012B90CEBC4046360C8F879
:107898000030BDE8F08F00BF0C3501208435012091
:1078A80030B5044687B000880FF03CFD00284BD067
:1078B800E2880568A38802FB03336A8F5343628911
:1078C800B3EB820F42DA95F8F13003F06003602BD6
:1078D8003ED128460FF086F9EB6F10B31A0722D570
:1078E8001420FEF7F5FDC5F8B40163880380A3886A
:1078F8004380E38883802389C38063890381284682
:1079080009F0DDF8002814BF00240724114B009368
:10791800022201235B21EC20FDF750FA204607B034
:1079280030BD1B0702D4288803F00AFE206861686E
:1079380003AB03C3A06818600C2203AB0A212846D6
:1079480008F0AEFB0446E1E70224DFE71224DDE796
:107958001A24DBE73A88020138B50468294A94F802
:10796800F430126823F0030384F8F4300023C4E9E8
:107978006D33A4F8E230C4F8E43084F8F2301178BA
:10798800C4F8EE30204B84F8ED10C4F85831137A5F
:10799800D90754BF537A072384F84231137A9B07D7
:1079A80054BF937A072384F84331184BC4F85431F1
:1079B8000546014640F2026204F5B07010F079FC09
:1079C80040F20362294604F5BC7010F072FC40F2E4
:1079D8000462294604F5C87010F06BFC94F86E3008
:1079E8006FF3410384F86E3004F5D4720023C4F8B1
:1079F8004431C4F85031C4F8A831C4F8AC2184F833
:107A0800B03138BD44010020FB009042B80BDC05C2
:107A180070B5D0F8443193F921307F2B92B00446E9
:107A280043D00426012500BFD4F844319B7F1D4272
:107A380032D0284611F0E0F8D4F844311A1893F8F7
:107A480021301371D4F844311A18DB7F1373D4F83A
:107A580044311A7C92071FD541F22102ADF800206B
:107A680000228DF804202288ADF806200122104457
:107A78008DF809008DF8082093F821208DF80A2048
:107A8800DA7FC2F301028DF80B2093F820308DF8CD
:107A98000C3068460DF080FB013E6D0016F0FF06C5
:107AA800EDB2C1D1012012B070BD4FF48153ADF8D1
:107AB80000300388ADF8043068464FF6FF73ADF820
:107AC80006300DF069FBEDE72DE9F0418AB0046856
:107AD800294B0993236F5B02039340F20113ADF81E
:107AE8000230638F15465A0040F27123534306460D
:107AF8004FF0000820460F4605938DF800800FF0E0
:107B0800F9FF628F049040F2E24353438DF801700D
:107B1800CDE90638089645BBADF80450029504F146
:107B2800CC016846FBF7FEFC237E122B16D1E37DC1
:107B3800A3B994F83700658F03F2E24358435D43D5
:107B48000FF0F5FD00220D4B11F024FE0FF032FC72
:107B58002A4681B2D4F8CC000AF0A8FDD4F8CC00AB
:107B6800FAF7E6F90AB0BDE8F0812B68ADF8043001
:107B78006B680293D3E700BFD102020100888340FB
:107B88007FB590F85040064634BB294D2B68D3F892
:107B9800583283B10FF0DEFE296891F8602203465F
:107BA8005AB13246D1F858122046AFF300802B68FC
:107BB8000022C3F8582204B070BD012081F8600289
:107BC8000092D1F858220393CDE901266B46102282
:107BD800184907F013F9EAE7012CECD1144D2B688A
:107BE800D3F85C32002BE6D0002918BF02240FF02E
:107BF800B1FE296891F86022034652B13246D1F8A5
:107C08005C122046AFF300802B680022C3F85C2288
:107C1800D1E7012081F860020094D1F85C22039337
:107C2800CDE901266B461022024907F0E7F8EBE799
:107C3800B00100200D01000130B5C36D85B00446C8
:107C4800002B3AD04FF4F8720021E06D11F07EF865
:107C5800E06DBC3010F046FC684611F0AFFDE26DF7
:107C68000098C2F8CC0002F1CC03BDF804109DF8CE
:107C78000620998025469A7135F80B0B02A90FF05A
:107C8800C9FDDDF80930C4F80B30BDF80D30AB8004
:107C98009DF80830E26D003318BF01236374022396
:107CA80082F82C30E26D82F82D30104B1B68587822
:107CB80010F001000AD105B030BD4FF4F87011F092
:107CC800BDFDE0650028BDD10120F4E7E26D92F822
:107CD8002C3043F0010382F82C30E26D92F82D30FD
:107CE80043F0010382F82D300020E4E7C0010020B2
:107CF800F7B5047A082C4CD8C5680023A5F12801EB
:107D08002820DAB294423ED8254F3B681E78002ED0
:107D180041D130460BF022FC0CF0E8FD3F6807F13A
:107D280034034FF4A0723146184611F00FF887F863
:107D3800324094B304EB8402D200294610F0FEFCD2
:107D480028460BF01DF895F82720012A0FD12B782B
:107D58008DF800302B46684653F8011FCDF8011006
:107D68009B88ADF805308DF807200DF02BF901360A
:107D7800F6B2B44205F12805E2D101200BF0EEFB82
:107D8800002003B0F0BD013300FB03F28A5C012A36
:107D9800B7D90320F5E70520F3E72046F1E700BF50
:107DA800A400002013B502460C4611F0A3F90028E0
:107DB80047D0262A2AD0292A35D0202A43D1234B36
:107DC800F1B11B68DA7812F0300F3CD01A7942F022
:107DD80001021A7100241E4B0093022201232D2157
:107DE800EC20FCF7EBFF44B11A4B009301940123FC
:107DF8000022FF21EC20FCF7E1FF204602B010BD75
:107E08001A68137923F001031371E4E70F4B1A681A
:107E1800137929B1980616D543F040031371D9E7B1
:107E280023F04003F0E7094B1A68537929B1D907C1
:107E380009D543F002035371CCE723F002035371D1
:107E4800C9E70C24C7E71124C5E700BF4401002097
:107E58008F8D0201E6850201F7B5244D2E78012E9B
:107E680034D1AC886F88013CA4B2AC808CBB00F0E4
:107E780067FF20BB1E4C0CF051FE2278AF80022A0F
:107E880010D1658875B11B4B0093B5213346EC20A2
:107E98000195FCF793FF42F210716943201DFAF730
:107EA80025FB2670144B0093BA21EC2001230222F3
:107EB800FCF784FF11491248FAF718FB06E023463D
:107EC80022461049AE80032006F098FF002003B038
:107ED800F0BD0D4B0093BB21EC20019433460222E8
:107EE800FCF76CFF054905F10800E5E7CC330120F4
:107EF80008340120523C0201683C0201008813004A
:107F0800D433012006010101773C020130B5C27863
:107F1800837885B004462ABB0C2B0BD1C06D102288
:107F280000F5C8700FF0F2FB054628B10B2120467A
:107F380002F048FD05B030BDADF80400CDE90200FF
:107F480020460CF0ADF9E36D2088A03301AA02A900
:107F58000DF045FFE36D2A46A0332946204601F07F
:107F6800DDF9E7E7082BE5D1C56D102205F5E870C6
:107F78000FF0CCFB0028D9D16B78042B16D1012344
:107F88002B71E36D9A78002AD4D01871E36D98703C
:107F9800E16D01F5C871204608F04CFA20460CF056
:107FA8007FF9E36D0022A0331146D7E7012B02D1F8
:107FB80005F5C871EFE7022BFAD0032BBAD1F7E722
:107FC80084B030B587B00AAC84E80F00274C22682B
:107FD800137803F0030102293CD19DF830506FF368
:107FE80082031370002008F013F9DDB9182229461E
:107FF800684610F0ABFE23681978012262F301018C
:10800800197023689978597023685D719DF800305C
:108018008DF8022043F002038DF800306846F7F728
:108028000BFF17E02368032D1A7819D1012565F392
:1080380001021A7023689A785A70236800205871D0
:10804800F7F7FAFE0A9B009304226B460849284674
:1080580006F0D4FE002007B0BDE8304004B07047F9
:108068006FF301021A700020D9E700BF2C0200202C
:108078000407010173B50468638FD4F84451F02BE9
:1080880094BF94F92C3094F92B3095F913209A4227
:1080980006460EDC94F92C3095F911209A4208DB3B
:1080A800B4F85C30D4F844210133A2F8153002B09A
:1080B80070BDAA7C0121D21A204652B20BF04AFDAB
:1080C800002A1EDD2B181B7B9907E9D4144B009658
:1080D80093F908309A42B8BF1A46002A08DA2844A9
:1080E80090F9043099181031BCBFC3F1F00252B2B4
:1080F8008DF804206B4605220A49012006F07EFE11
:10810800CEE7CDD029180B7BDB07C9D42B7C03F035
:108118003003202BC4D091F904300F33C0DBD5E7EE
:10812800D201002005060101F8B50446008A11F0C5
:108138006FFB00284DD0208AA768A67CE5680DF063
:1081480047FD0446002846D04FB345B33B784372F9
:108158007B78837205EB86060023E27A9A4211D96E
:1081680098002A4609E0E16817880144B1F800C080
:10817800BC4504BF57884F8004329642F3D101337F
:10818800DBB2EAE7637ADB0705D54FF6FF72012118
:10819800207807F029FF237A43F001032372012393
:1081A80004F1540584F83C30284610F02CFB78B1D3
:1081B800284610F067FF054642680189204603F00B
:1081C800FBFF686811F03CFB284611F039FB0020E2
:1081D800F8BD0420FCE70320FAE7FEE770B5037852
:1081E8000A2BCEB004464BD1C61D012331468DF86B
:1081F8000C30437980798DF80D300EF0C7FA03AD55
:10820800D4F80730667BCDF80F30B4F80B30ADF8F2
:108218001330A8706E721F2200210DF1160010F0A5
:1082280095FD324621690DF1160010F087FA237D7D
:1082380085F829300022CDE900522A2340F23E2158
:108248004FF482700DF076FF0F4B657B1B78022B85
:1082580004D0216928460BF021F988B12946206904
:10826800F9F77AF860B129220DF10D010DF13A0004
:1082780010F064FA04230EA88DF8383009F038F8A5
:1082880001204EB070BD00BFFC36012038B5254D29
:108298002549032010F01AF92B682C4633B95020D1
:1082A80011F0CCFA286060B9022538E0002523686F
:1082B80003EB8503D86A08B10AF094FE0135082D4E
:1082C800F5D150220021206810F040FD236817489E
:1082D80003221A70236809225A7022681021002389
:1082E800917053712268D3710DF042FC0546B0B904
:1082F8000F480DF055FC054688B90E4A05210120A6
:1083080010F020F90C4906200FF004FB226893694D
:1083180003F0F80343F0011343F4A0639361284684
:1083280038BD00BFC00100204D900201C5F2000118
:108338003DD40101C5D90101755D010170B583788E
:108348000A2B044641D1C06D4022EB3010F0F6F9FB
:1083580094F853308BB902200DF0F4FF00283BD17C
:108368001F4D2B68DA786AB11E49402204F11200C9
:1083780010F0E4F9022384F853302046BDE8704039
:10838800FBF758BAE278012A0AD1E26D5278032A3B
:1083980006D1996821B191F850300BB14022E5E738
:1083A800114810F0F7FE064680B92868022384F8C1
:1083B80053301030FCF74CFA2B6883F828609B6820
:1083C8000BB183F850600B23A37070BD20460821C1
:1083D800BDE8704002F0F6BA012384F85330F2E7A2
:1083E800C00100202438020175300201F8B5274D7C
:1083F800274C284F19E05A0017F8131061F30706A5
:10840800B6B20132BA5C62F31F26013322699A427E
:1084180098BF0023E3606B6803F00703012B1ABFC2
:10842800F3B2AB62AE62237D93B92B7E13F0010FDA
:108438002BD0A268E3689A4224D06A6802F0070247
:10844800012AD8D0FA5C62F30706B6B20133DDE739
:1084580010F0C4FA2368002BE7D06168237F43B18A
:108468000B4B9B699842E0D3094B1B680320984744
:10847800DBE7074B9B699842D7D1054B1B68032064
:108488009847D2E7014B01221A75F8BD000C00404D
:108498004C320120642F012008B5254B1B681BB105
:1084A800244B01221A6008BD224B00221A60224B7D
:1084B8001B681B6B1A68B2F1A53F03D15A68B2F169
:1084C800A53F26D01C4B19681868343110F0C1FC40
:1084D8001A4B1B68B3FA83F3DBB2C3F11F03184AC4
:1084E80003EB830102EB810148684068486003EBB5
:1084F800830102EB81020832904213D003EB83031D
:108508000F4A02EB83035B68DA680B4B1A601B683F
:10851800C9E79A68B2F1A53FD4D1DB68B3F1A53FAA
:10852800D0D1D5E7064A02EB8102D1685160E5E770
:10853800003601201436012038360120203601206B
:10854800E430012080B485B000AF0346FB71FB79AD
:108558001B0443F08072134B1A604FF48073FB6066
:1085680000E000BFFB685A1EFA60002BF9D10D4BE2
:108578005B6803F08003002B01D100230CE0094B5A
:108588005B681B0ADAB2FB799A4201D0002303E048
:10859800044B5B681B0C9BB218461437BD465DF84C
:1085A800047B7047003E014480B483B000AF0346AB
:1085B8003960FB71FB791B0419460C4A3B680B4375
:1085C800136000BF094B5B6803F08003002BF9D1EF
:1085D80000BF064B5B6803F08003002BF9D000BF97
:1085E8000C37BD465DF8047B704700BF003E014470
:1085F80073B51E4600230D4614468DF806308DF8D7
:1086080007300DF0E5FA10B90F2002B070BD2C420A
:1086180004D1012D0CBF02200320F6E7012D04D15F
:1086280014F00E0F1CD10020EFE714F0E00FFAD081
:10863800102D09D1610620D50DF107030DF10602B1
:108648000321008806F00DFC9DF8073003BB14F0E9
:10865800EE0FE8D09DF80630B342E4D20C20D4E700
:108668006507E9D4A2070AD414F0080FECD00DF17D
:1086780007030DF106020121E3E7A30605D50DF175
:1086880007030DF106020221DBE714F0800FEDE786
:10869800012BB9D0022BC6D10520B6E730B500EBC7
:1086A80081048BB0D4F8D050A5BB099229BB40F205
:1086B80071225A438DF80310069240F20133ADF847
:1086C8000030182303FB01033431D3F89C50D3F84E
:1086D800A03004930022C3688DF8022000EB8101CA
:1086E8006846059507920893FAF71CFFD4F8D0005E
:1086F80008B1F9F71DFC0BB030BD01238DF803302C
:10870800182303FB01030695D3F8A83003934FF40D
:108718004073D4E70023CDE90033029370238DF82A
:108728000030182303FB01012846D1F8A830039331
:10873800D1F8A0300493D1F89C30059369460FF026
:1087480071FAD4F8D000D4E773B50468636F628F08
:10875800DB6899889142064607D1A08FD98888425C
:1087680003D1E08F198988420AD0032184F8AA101E
:10877800998891421FBF012222650022A4F858203F
:108788001A7884F837205A8822879A886287DA8884
:10879800A2871B89216FE3872046012206F0C2F9D0
:1087A800A36F628F23F00103A367E38F00252046A0
:1087B800C4F88850DB00B3FBF2F3C4F8903000F043
:1087C800C5F8B4F8BC3000936A46D4F8C0300193B9
:1087D8000C213046FFF778F994F86D3065F30413EF
:1087E80084F86D30A36F23F0040343F00803A367F4
:1087F80002B070BD0229F8B506460C4617464BD99B
:10880800037A13F0010F137809D090F88C2032B94D
:108818001D2B41D13046BDE8F8400BF0A4BE1B2B00
:108828004FF4827001D0222B18D111F007F80546B9
:1088380090B30823037033888380791C063010F0C6
:1088480037FEE21EF91C2A8105F10A000FF076FFB7
:1088580028460421BDE8F8400EF014B910F0EEFFE8
:10886800054690B10923037033888380791C06304C
:1088780010F01EFEE21EF91C2A8105F10A000FF015
:108888005DFF042128460EF0FDF8044B1B88DB072A
:10889800C0D51D2386F84F30F8BD00BFB0000020BA
:1088A80038B5274C274D236843F0C06323602368FD
:1088B80043F00063236003200CF00AFED5F8003172
:1088C80043F40053C5F80031D5F800319904FBD4BE
:1088D8001D4B1D461A689205FCD523686FF35A6331
:1088E800236003200CF0F4FD23686FF3DB6323603F
:1088F800144B00BFD3F8282112F0706FFAD1D3F8C7
:10890800282112F0E04FF5D12B6813F0606F00D1E9
:1089180038BD236843F00063236003200CF0D8FDC2
:1089280023686FF3DB63236003200CF0D1FD236819
:108938002268C3F34163013363F35A622260E3E7B9
:108948000C3A014100240141203A014170B5054625
:108958000FF070F86B8FB5F8604040F2E2465E4366
:10896800AB7E122B2BD0222B2DD0112B30D100EB2C
:10897800C404E6346B7EB5F86400122B2DD0222B8C
:108988002FD0112B32D104EBC004E6340FF052F88B
:10899800B44224F00042A4EB00004FF0000394BF5F
:1089A800341B002496422CBFB61A1E46C5F8A400F4
:1089B800C5F89C40C5F8A060C5F8983070BD00EBBC
:1089C8008404C234D6E700EB041404F51974D1E723
:1089D80000EB841404F26634CCE704EB8004C23460
:1089E800D4E704EB001404F51974CFE704EB801402
:1089F80004F26634CAE7FEE72DE9F04182B0037855
:108A0800032B43D0074668460FF03CFD00283FD1B2
:108A18004FF4005442F2080613E04046EBF7E9FF32
:108A280058B1072269461B480EF070FEE8B104E011
:108A3800791C194803F02AF820BB0134A4B2B442C7
:108A48001ED0E5B22046EBF7B1FF0028F5D020464E
:108A5800EBF7CFFF0028F0D004F108081FFA88F8D8
:108A68004046EBF7A3FF0028D7D13B78022BDFD095
:108A780006220A49781C0EF049FE0028DDD101E0E3
:108A88000135EDB2284602B0BDE8F0810825F9E7C6
:108A98000825F7E76C330120933201208D3201203D
:108AA800002847D038B5044650F8043C002B00DBBA
:108AB80038BD50F8082C002AFAD1A0F1080523F097
:108AC800004340F8043C10F06DFA54F8041C1A4AAC
:108AD80013680B441360194B1A461B689D42FBD858
:108AE800506802EB000C65450FD054F8040C2918A7
:108AF8008B4213D02B60AA4218BF1560104A136826
:108B080001331360F6F750FDD2E70144516008467F
:108B180011448B4201D01360F0E7154609490968F2
:108B28008B4205D05B6803446B6013681B68E1E700
:108B38000B46DFE7704700BFF83501204C350120B0
:108B4800EC350120FC35012010B5274C206890F841
:108B58002130032B8CB01AD122300FF08FFF206800
:108B680090F82130012B02D922300BF087FE2368C0
:108B78000020D3F8743198472068038E2BB11B4925
:108B880000F5F2705943F9F7B1FC0CB010BD022B97
:108B9800E5D1032104A802F0BBFF0D2200210DF14D
:108BA800130010F0D3F89DF8123003F07F0343F060
:108BB800400368468DF812300FF094FC08AA04A907
:108BC8006846FDF7EBFC2368BDF820109DF82220CD
:108BD800598483F82420BDF810109DF81220A3F8BA
:108BE800251083F82720BAE7A400002040420F0090
:108BF8002DE9F047D0F850310446884653B990F82B
:108C0800F23043F0200380F8F2300520FDF760FCD5
:108C1800C4F85001D4F8501100293BD0D1E90063C1
:108C2800002003F01F074FF000094FF0000A4FF033
:108C3800010CC0F3850545444FEA400E6D780EF0EF
:108C4800060E45FA0EF5AB0711D4A0F12005C0F1C8
:108C5800200E2CFA0EFE0CFA05F545EA0E050CFA64
:108C680000FE4EEA090E45EA0A05F146AA46013019
:108C78002528DED1BA450FBFB14594F8F20040F07F
:108C8800200084F8F200C1F80090D4F850314FEA7F
:108C980019121A71BDE8F0872DE9F347264E33689B
:108CA80007461D7BF8B9DB7AAB4201D90135EDB235
:108CB800224B1C684FF000084FF00109CCB9B9F1FC
:108CC800000F2CD0336820461D733268137B0BB914
:108CD800012F2ED0D27A9A4202D1002F08BF43200A
:108CE80002B0BDE8F0870128E2D1002DE0D0013DB7
:108CF800DDE7A268137A043B012B0BD8D2F800A059
:108D080050460FF0C2FD38B9D4F808808146504665
:108D18000FF0A5FD2468D1E733681D73F7E78DF8D8
:108D2800047001AB02220821D8F8000007F0B8F956
:108D3800CBE74320D4E700BF44010020B80100205E
:108D480030B5234B1A7885B0422302FB03330293D4
:108D5800204B1B880393204B1B68186890F82E3013
:108D68002BB302A9FBF716FC1C4B01900546009398
:108D780002220123AA21EC20FCF720F8184B1B68DB
:108D8800186890F82E30F3B102A9FBF703FC154BD5
:108D980001900093044601230222AB21EC20FCF74A
:108DA8000DF8072D05D10724204605B030BD0C2548
:108DB800E4E7072CF7D00C2D03D10C2C18BF0024A6
:108DC800F2E70024F0E7072DEDD00C24F3E700BF0D
:108DD80008370120F236012050010020E13302015A
:108DE8004C0100200034020173B505460DF1010164
:108DF80068460EF09FFD902010F020FD04460028E4
:108E080044D0E96D00F10806442201F596714C3012
:108E18000FF094FCE96D4422A03130460FF08EFC2F
:108E280095F857305BB194F8663043F0010384F845
:108E3800663094F8223043F0010384F8223095F824
:108E480056305BB194F8663043F0020384F866301C
:108E580094F8223043F0020384F8223095F8522027
:108E680094F8663062F3870384F8663095F85220E8
:108E780094F8223062F3870384F8223005232370A4
:108E88002B88A3802146902010F014FC02B070BDFE
:108E9800072870B54CD8274D041D2B6853F824605B
:108EA800002E45D096F84E301BB106F15C00FBF75A
:108EB800CFFCB37C1D2B03D106F17400FBF7C8FC73
:108EC8002B6853F82430D86808B110F0B9FC2B6827
:108ED80053F82430986C08B110F0B2FC2B6853F8A2
:108EE800240054300FF08FFC68B12B6853F824002D
:108EF800543010F0C7F8064628B1406810F0A0FCBE
:108F0800304610F09DFC2B6853F824000DF0A6FDA8
:108F18002B6853F82430186C08B110F091FC2B68BA
:108F280053F8240010F08CFC2B68002243F824200E
:108F380070BD00BFC401002073B5254E254C3368B1
:108F480025491D7F18692022ADBB0FF0F7FBB4F847
:108F5800A430214943F01003A4F8A430B4F8A43095
:108F680065F3C713A4F8A430B4F8A43043F002039F
:108F7800A4F8A43033681869202210440FF0DEFBEF
:108F8800B4F8A43065F34103A4F8A430B4F8AC30C5
:108F980065F38613A4F8AC300020F6F74DFF0024E3
:108FA8006B4605220D498DF80440012005F026FF87
:108FB800204602B070BD0FF0C1FBB4F8A4306FF3C7
:108FC8004103A4F8A430B4F8AC306FF38613E1E79A
:108FD80044010020002401416029014101050101EB
:108FE80070B505460EF026FD6B8FB5F8604040F26F
:108FF800E2465E43AB7E122B2AD0222B2CD0112BBB
:109008002FD100EBC404E6346B7EB5F86400122B54
:109018002CD0222B2ED0112B31D104EBC004E634F6
:109028000EF008FD24F00043B442A4EB000094BF06
:10903800341B00249E4234BF0023F61AC5F89C4016
:10904800C5F8A40034BFC5F89C30C5F8A06070BD51
:1090580000EB8404C234D7E700EB041404F5197458
:10906800D2E700EB841404F26634CDE704EB800405
:10907800C234D5E704EB001404F51974D0E704EB07
:10908800801404F26634CBE72DE9F34704460089DF
:1090980010F0BEFB002848D0278938460CF0F2FFB4
:1090A800064600283DD0C378002B3AD01C20B4F8DF
:1090B8000AA0B4F80C90B4F80E80248A10F0BEFB15
:1090C800054680B300F11003122101A8019310F0A6
:1090D800F5F9F1794B1CF37101A810F0EFF90821AB
:1090E80001A810F0F1F9514601A810F0EDF9494630
:1090F80001A810F0E9F9414601A810F0E5F9214668
:1091080001A810F0E1F92A460C2138460CF095FE2A
:10911800044610B1284610F093FB204602B0BDE883
:10912800F0870124F9E70224F7E70424F5E77047FC
:109138007FB5244B00930546012302226221EC20CF
:10914800FBF73CFE0FF0CEFF00282ED11E4B1B680C
:109158001C6894F82C30012B27D0AB8803936B88BC
:1091680002932B780193194B00936321EC20012380
:109178000222FBF723FEAB79A373EB79E3736B88C9
:109188006382AA88A282934204BF033363822B7846
:109198006374012626742B7AA3750AF0EBFF304618
:1091A8000FF088FF002004B070BD0C24084B00931A
:1091B800EC20019401230022FF21FBF7FFFD20464C
:1091C800F1E700BF1E3B0201480100202E3B0201CF
:1091D8004E3B020173B5054600230DF1020101A8BB
:1091E800ADF802300CF0BCFB95F85230012B18D1C9
:1091F800019AAB6DBDF802101A44B5F854300B440F
:109208009BB240F2E1418B42C2F31602019285BF44
:10921800A3F2E2430132ADF80230ADF8023088BF64
:109228000192134BBDF802101A68124E92F84032A0
:1092380003F58E7340F2712032F8134004EB910469
:1092480004F59C746400B4FBF0F4019804443440C1
:10925800EC6100212846EEF74DF86B782044304049
:10926800E86143F004034002E8656B7002B070BD2A
:10927800B0010020FFFF7F0020200001FFFFFFFF5B
:10928800FFFFFFFFFFFFFFFF0000000000000000DE
:109298000000000001000000FFFFFFFF512563FCF4
:1092A800C2CAB9F3849E17A7ADFAE6BCFFFFFFFF59
:1092B800FFFFFFFF00000000FFFFFFFF96C298D8E6
:1092C8004539A1F4A033EB2D817D0377F240A463E7
:1092D800E5E6BCF847422CE1F2D1176BF551BF37F0
:1092E8006840B6CBCE5E316B5733CE2B169E0F7CC3
:1092F8004AEBE78E9B7F1AFEE242E34F4B60D22790
:109308003E3CCE3BF6B053CCB0061D65BC86987685
:1093180055BDEBB3E7933AAAD835C65A2DE9F743BA
:109328000546A420884691461E4610F087FA044652
:1093380078B30127AF70A42200210FF007FD0020A9
:1093480020702B88A38084F8068084F80790B8F1F1
:10935800000F21D13268C4F809207268C4F80D20C2
:10936800B268C4F81120F268C4F81520EB6D63B137
:109378005B7953B927728DF8043085F858702B88BB
:10938800ADF8063001A80FF0FDFE2146A42010F02C
:1093980091F903B0BDE8F08395F85330022BF4D16E
:1093A80005F0BCFA0028F0D0436803F0F802034B3C
:1093B8001343436009F012F8E7E700BF0105020014
:1093C8002DE9F843264D00242A6802EB840211692E
:1093D80000293FD0002691F80B80CF68CE72106923
:1093E80002F0A6FD334607EB8800261D2A6852F8CE
:1093F8002620D27A9A4221D94FEA830C3A464FF076
:10940800000E16E0296851F82610C9686144A1F8D1
:1094180002E02968B2F8008051F82610C968614452
:10942800B1F80090C14504BFB2F80280A1F80280EB
:1094380004329042E6D10133DBB2D7E717B13846A0
:1094480010F0FEF92B6853F82600037ADB0701D5E4
:1094580009F050FE0134082CB6D1BDE8F88300BFEE
:10946800C401002037B50B7B01930D46234B0093B5
:109478000446012302221321EC20FBF79FFC2B7BDF
:10948800023B212B25D8DFE803F02E1524152124D3
:109498001524152B11241515242415241524151508
:1094A80024152424241524242424241594F8E23093
:1094B800022B0ED194F8F230114943F0040384F8DA
:1094C800F23004F5B070F9F711F802E0E37D002BF3
:1094D800F0D02946204603B0BDE830400FF0F6B979
:1094E800E37D012BE5E794F8F23043F0040384F8B8
:1094F800F230E38F42F210715943E2E7CE81020164
:10950800005A6202FFFFFFFFFFFFFFFFFFFFFFFFA1
:109518000000000000000000000000000100000042
:10952800FFFFFFFFFCFFFFFFFFFFFFFFFFFFFFFF46
:109538000000000000000000000000000100000022
:10954800FFFFFFFF4B60D2273E3CCE3BF6B053CC2B
:10955800B0061D65BC86987655BDEBB3E7933AAA6D
:10956800D835C65A96C298D84539A1F4A033EB2D00
:10957800817D0377F240A463E5E6BCF847422CE11D
:10958800F2D1176BF551BF376840B6CBCE5E316B61
:109598005733CE2B169E0F7C4AEBE78E9B7F1AFE25
:1095A800E242E34FF7B504460DF0FAFCA4B3637842
:1095B800DB0731D52046FBF7E5FC28B3012210462E
:1095C800214601F095FD01AB0422072102200194F8
:1095D80005F014FC4FF0807194F85000184D0DF010
:1095E80001FA94F850602B68012E1AD1D3F85C72F6
:1095F8000EF0B0F9224603463946304600F0D0FB5B
:109608002B680022C3F85C22A06808B1FBF7BAFCFB
:10961800206908B110F014F9204610F011F903B0D0
:10962800F0BDD3F858620EF095F92246034631464C
:10963800002000F0B5FB2B680022C3F85822E3E7AE
:10964800B0010020F0B5244E244C03460068306079
:109658009A889B79B371B280B4F86C3F43F00203E7
:10966800A4F86C3FD4F8683F5A008BB00F4631D548
:10967800D4F8945FD4F8683FC5F3026565F31243E4
:10968800C4F8683F2722314668460FF057F89DF81E
:10969800003007F0010767F3410327226946304687
:1096A8008DF800300FF04AF8D4F8683F43F480137F
:1096B800C4F8683FD4F8683FDB02FBD4084B1B684A
:1096C800272202FB05350020EB7A67F34103EB7292
:1096D8000BB0F0BD0220FBE77033014100240141CB
:1096E800CC0100202DE9F047DFF894A088B080462F
:1096F8000E4691461F460025DAF800301A78EA40EF
:10970800D20737D5272404FB0534B8F1000F2FD032
:1097180022340E2200210DF102000FF017FBB6F8DB
:1097280003207379ADF80020694604AA20468DF815
:109738000230FCF733FFE8B9032204A930460DF0E4
:10974800E5FFB8B9DAF8002027235D432A440C3531
:10975800D37AC3F3000389F80030DAF800301D44E7
:1097680001202B683B60AB88BB8008B0BDE8F08760
:109778001234CEE70135082DBED10020F5E700BF31
:10978800CC010020F7B50568EC68064644B3AB6F1A
:10979800234F43F48053AB67A388F3B9E2790ABB3C
:1097A800AB6F1A070AD5012323716B460822394685
:1097B8000120CDE9006405F021FB0EE043F40053DD
:1097C800AB67B5F85C30A268DB4313441BB2002BCF
:1097D80003DC214628460EF0B1FC2468002CDBD1BE
:1097E80003B0F0BDA368B5F85C105B1A1BB2002B80
:1097F800F3DC01239A4223710DD0182AEDD12146BA
:109808002846FBF7F5F92846FFF7EAFBAB6F43F468
:109818000013AB67C9E7214628460DF044FFC4E7AB
:10982800A0040101434D443A536574457874536369
:109838006E456E61626C652C656E61626C653D2576
:10984800640053434E3A445453746F7028322900CD
:1098580053434E3A445453746F702833290053438A
:109868004E3A505453746F702832290053434E3A7D
:10987800445453746172742831292C6475723D25DF
:10988800640053434E3A445453746F70283129008E
:1098980053434E3A445453746172742832292C64E9
:1098A80075723D25640053434E3A505453746172A7
:1098B800742831290053434E3A505453746F70281A
:0398C80031290043
:1098CC0000B5A0F1060C1FFA8CFC40F67A4EF4455C
:1098DC002FD8A1F1060C1FFA8CFCF4452CD8B2F54C
:1098EC00FA7F2BD2A3F10A0C1FFA8CFC40F6764EB1
:1098FC00F44525D8884225D802F1010C1CFB01FC4B
:10990C004FEA4C0C1FFA8CFCBCEBC30F1CD8124B4F
:10991C001B68B3F822C0844518D3188C884217D81A
:10992C00D98C914216D3988C90428CBF0020012088
:10993C0000E000205DF804FB0020FBE70020F9E7C5
:10994C000020F7E70020F5E70020F3E70020F1E71F
:10995C000020EFE70020EDE7C4350120002846D0B9
:10996C0038B50446436C994238BF1946C36A8B42DA
:10997C0002D0826C012A00D038BDC1628269002AF3
:10998C00A4BFC1F10501816103EB8303184A02EB0B
:10999C00830342699A42EFD1051D28460DF04FFD15
:1099AC0038B914490B68E06A0122824023EA0203A9
:1099BC000B60E36A0F49086801229A4002430A606F
:1099CC000B4A03EB830302EB83035B68A360996888
:1099DC00E1604D609D60E36A03EB830102EB810063
:1099EC00606152F82130013342F82130C4E77047EE
:1099FC00E43001202036012013B50321846801A82E
:109A0C0002F084F89DF805309DF804201F48204989
:109A1C001B0243EA02439DF806201343B3FBF1F209
:109A2C0001FB1232B3FBF0F1B2FBF0F200FB11318F
:109A3C00303242F210702270B1FBF0F1B3FBF0F255
:109A4C00303100FB12324FF47A706170B2FBF0F2DD
:109A5C00B3FBF0F1303200FB11316420B1FBF0F1BB
:109A6C003031A270E170B3FBF0F20A2100FB12322C
:109A7C00B2FBF1F230322271B3FBF1F201FB123383
:109A8C0030330020637102B010BD00BFA08601000E
:109A9C0040420F002DE9F843224B1B78012B054661
:109AAC000E4628D1204B1F684FF6FF797C1C07F21D
:109ABC00F5181DBB14F8010CA0F1FF0358425841D6
:109ACC004E452BD0B4F8073008B1B34214D00A3449
:109ADC00A045EED115490B7803EB830207EB42024C
:109AEC001681A5B9FF20107001333220B3FBF0F2C0
:109AFC0000FB12330B700020BDE8F88306222946C8
:109B0C0020460DF001FEB0FA80F04009D8E7286835
:109B1C00C2F80100A888A2F80500E5E70028D6D015
:109B2C00EAE700BF54010020A036012009370120CC
:109B3C002DE9F0411F4F3B68002B39D01E4B1C68A0
:109B4C00984614B90020BDE8F081FF20FCF7BEFC5C
:109B5C00054650B9194B1C78002CF3D10122184939
:109B6C0018481A70F8F7C0FCECE7627B21692846AC
:109B7C0008F052FD3E68627B217DE08A2B46B0479F
:109B8C00114B1E6896B90C480FF0A0F9237B43F0DB
:109B9C000403237307F09AFCD8F80040002CE4D19E
:109BAC0028460BF027FA002ED4D1CBE70126F7E795
:109BBC000220C8E7A4360120A80100200B370120A1
:109BCC00A086010084010020A836012012292DE96D
:109BDC00F34104460E4690461F462AD1838A0BB1A8
:109BEC000023838205200FF0EDFD0546002839D0B7
:109BFC0000F11003012101A801930FF05DFC314627
:109C0C0001A80FF059FC414601A80FF05BFC394646
:109C1C0001A80FF051FC20462A4605210EF01EF833
:109C2C00044610B128460FF0F7FD204602B0BDE8FF
:109C3C00F08116290AD190F83930013BDBB280F85B
:109C4C003930002BCED180F83830CBE71829C9D168
:109C5C0090F83830032BC5D10CF0FEFE002384F8AD
:109C6C003830BFE70224E0E710B5046820460EF058
:109C7C0097FC04F5B070FAF7E9FD94F8F430D4F8D9
:109C8C00B80123F0030384F8F43020B10BF0B2F9DF
:109C9C000023C4F8B831D4F8B40120B10BF0AAF900
:109CAC000023C4F8B431D4F84431B3B1D3F8220052
:109CBC0060B10BF09FF9D4F84431002283F82220D4
:109CCC0083F8232083F8242083F82520D4F844013A
:109CDC000BF090F90023C4F84431D4F8500120B1B2
:109CEC000BF088F90023C4F85031002384F8E230DB
:109CFC0084F8E43084F8E6302046BDE810400CF0DF
:109D0C0085BA2A2B0378072B00D0704730B597B053
:109D1C0004461F22002101A80FF016F83222002160
:109D2C0009A80FF011F801AB627E04F11A010920A9
:109D3C0004F0CCF9054608B917B030BD024601A9AC
:109D4C0009A80EF0F9FC05F158036B44202203F826
:109D5C00342C6A1C09AB53FA82F2211D062008F040
:109D6C0019F905F10D0316AA52FA83F30D2203F823
:109D7C00342C05F10E0316AA52FA83F30A2203F8C7
:109D8C00342C05F10F01C9B209A8FBF73DFE024BBB
:109D9C008022DA63D0E700BF002A00447FB5154665
:109DAC001E460446B0B91E4B0093022301911A467D
:109DBC007F21EC20FBF700F8029695F851300193C7
:109DCC00184B009302231A467F21EC20FAF7F4FF7C
:109DDC0004B070BD01280ED1134B009302230191E6
:109DEC001A467F21EC20FAF7E7FF029695F85130DE
:109DFC0001930E4BE5E70228EAD10B4B0191024689
:109E0C0000937F210346EC20FAF7D6FF029695F8D3
:109E1C0051300193064B009322462346D4E700BFF2
:109E2C0068E0010178E001018DE001019DE0010194
:109E3C00B9E00101F8B590F85030234E012B05BF65
:109E4C0090F8513032683368313314BFD3F8F04195
:109E5C0052F83340054604B9F8BD09F017F82768E5
:109E6C000CF00AFDA3689D422CD109F00FF895F86F
:109E7C005030012BD4E900231ED10AB1536006E007
:109E8C0095F85110326802EBC102C2F88C31D4E95A
:109E9C0000231A6095F850203368134493F8F82186
:109EAC00013A83F8F82100232B700CF0E5FC2046D6
:109EBC00BDE8F8400AF0B6B9002ADFD13268C2F822
:109ECC00F431E4E73C46C6E7B00100207FB5044618
:109EDC0007200FF077FC054600283FD0204E00F1FC
:109EEC001003022103A803930FF0E6FA336803A8CA
:109EFC0019780FF0E1FA336803A859790FF0DCFAFE
:109F0C00336803A859780FF0D7FA336803A8997807
:109F1C000FF0D2FAE36D03A893F82C100FF0CCFAE3
:109F2C00E36D03A893F82D100FF0C6FA06230093E7
:109F3C002A460023072120880BF096FA064648B9DA
:109F4C0094F8573023B10A23A370304604B070BD87
:109F5C000523F9E728460FF05FFCF6E70226F4E745
:109F6C00C001002037B5214C23788342054627D009
:109F7C00022828D11E4B1B884FF67F7119401F20D9
:109F8C000AF08EFE0DF107010DF106000EF0C0FA7D
:109F9C00184B9DF806101B8801F0E80123F0E8032C
:109FAC00194308200AF07CFE134B9DF807101B8800
:109FBC0001F0030123F00303194351200AF070FE52
:109FCC00257003B030BD022B01D0FF2BF8D1094B0B
:109FDC001988082041F0E8010AF062FE064B198846
:109FEC0021F0030141F00201E7E700BFE00100208E
:109FFC00E4010020E2010020DE01002084B073B5F2
:10A00C0007AC84E80E00032822D8DFE800F0022613
:10A01C002E380C68002384F8CC3001212046DDE971
:10A02C0009560EF072FC48B194F8CC3043F0200382
:10A03C0084F8CC302046EEF7A1FB09E00123C4E9FB
:10A04C002F6584F8CD3084F899302046E9F7E2FA90
:10A05C0002B0BDE8704004B07047086890F8CC308E
:10A06C0043F0040380F8CC30E5E70A6892F8CC3072
:10A07C0043F0010382F8CC30FEF710FCE8E70191C5
:10A08C0001AB04220249012004F0B6FEE0E700BF58
:10A09C000402010108B5026D342301FB032393F87C
:10A0AC002420012A01D0002008BD1A78002AFAD1F8
:10A0BC005A78072AF7D19A78002AF4D01A4AD2F89B
:10A0CC00242112F0FF0FEED193F82C30002BEAD1A3
:10A0DC0009F01EF9C378DB06E5D504210230F9F747
:10A0EC0027FC0028DFD090F900308278002B4378D1
:10A0FC0002F01F0243EA0223BCBF4FF4967213FB1B
:10A10C0002F3094AD2F80021A8BFC3EB0313C2F330
:10A11C000742A8BF5B00C2EB0212B3EBC20F8CBFAD
:10A12C0001200020C0E700BF0024014138B51E4CBF
:10A13C00237813F0010534D143F00103042023707C
:10A14C00FCF7C4F9E06010B90725284638BD042097
:10A15C00FCF7BCF920610028F6D00A20FCF7B6F910
:10A16C0060610028F0D0E368104A1D70E3685D70F0
:10A17C00E3689D70E368DD70E36812689B1A0C4A13
:10A18C0011689BB263F30F011160062009490FF0AF
:10A19C002FFA094A094B1360094A13600EF078FF35
:10A1AC00D3E70025D1E700BF58340120C8010020B7
:10A1BC00803401410F8F020134020020CF9802013C
:10A1CC003C0200202DE9F347984690F84E30BDF83C
:10A1DC00287005468A469146002B37D1FC1DA4B247
:10A1EC0020460FF0EFFA064690B300F1100306215B
:10A1FC0001A801930FF060F9514601A80FF062F924
:10A20C00494601A80FF05EF9414601A80FF05AF932
:10A21C003A460B9901A80EF0CFFC2146324628464F
:10A22C000DF01CFD044668B90623A5F8660085F8F8
:10A23C004E30084905F15C00F8F756F9204602B09B
:10A24C00BDE8F08730460FF0E7FAF7E70724F5E7AB
:10A25C000224F3E7A064D101F0B585B00C460BF0F5
:10A26C00B5FC054600283AD0C3789B0739D490F842
:10A27C004E7087BB03200FF0A5FA064668B300F1B9
:10A28C001003022103A803930FF016F9F72C2146B3
:10A29C0028BFF721172938BF172103A80FF012F98F
:10A2AC0004232888009332463B4603210BF0DCF84C
:10A2BC00044660B90223A5F8660085F84E300A49B9
:10A2CC0005F15C00F8F710F9204605B0F0BD3046FA
:10A2DC000FF0A2FAF8E70724F6E70224F4E70324C8
:10A2EC00F2E70124F0E700BFA064D10110B592B0F1
:10A2FC0090F8E5308DF8042000228DF8082090F8B5
:10A30C00D8208DF809200246ADF8061052F8D91F56
:10A31C00CDF80A109288ADF80E20222202FB03031E
:10A32C0041F20A04ADF80040D3F83720B3F83B10E3
:10A33C00ADF82010079293F84230C3F342138DF816
:10A34C002230034653F8DF2FCDF816209B88ADF84A
:10A35C001A30037E012B08D800230493ADF8143077
:10A36C0068460AF017FF12B010BD837E012BF3D1A3
:10A37C00034653F81B0F04909B88ADF81430EFE79D
:10A38C00012870B5204C214D0CD120680AF032FE0A
:10A39C000026286826600AF02DFE2E600EF098FC30
:10A3AC00002070BD2368186920B10AF023FE2368D1
:10A3BC0000221A612368586920B10AF01BFE236839
:10A3CC0000225A612368186C20B108F0B5F9236893
:10A3DC0000221A642268002393642A6813702A6886
:10A3EC0053702A68C2F8023028681372D3800C307C
:10A3FC0043830377FAF72AFA01F0E4F8044B0121BE
:10A40C00186809F069FFCBE7440100203C010020EB
:10A41C00C801002070B58AB00B7806934B78059371
:10A42C008B780493CB7803930B7902934B7901933C
:10A43C001A4D1B4B0093064601230C4602221D218C
:10A44C00EC20FAF7B9FC2B689B6D984750B10C24A3
:10A45C00144B0093019401230022FF21EC20FAF706
:10A46C00ABFC18E02B68DB6D98470028EFD12B680C
:10A47C001B6E98470028EAD10DF127022146304681
:10A48C0004F00AF830B93146204603F049F808B90F
:10A49C000724DDE7002420460AB070BD3C010020F3
:10A4AC00A4650201E6850201234B1A686FF31F7243
:10A4BC001A601A6812286FF31B621A601A461CD0B5
:10A4CC0002D8112804D070472138022824D97047AB
:10A4DC0012290CD002D8112903D070472139022936
:10A4EC000AD81368162161F31743136070471A6872
:10A4FC00172161F317421A607047122909D002D84C
:10A50C00112903D0704721390229F5D813681A2173
:10A51C00E9E71A681B21ECE7122909D002D81129A6
:10A52C0003D0704721390229E6D813681321DAE7E2
:10A53C001A681621DDE700BF6834014170B5057A51
:10A54C00032D86B002D9032006B070BDC3681C78F9
:10A55C00ACB15C78012CF6D858880328F3D99988CB
:10A56C000329F0D99A7912F0F80FECD18DF8084044
:10A57C00ADF80A00ADF80C108DF80E2001241A7AF3
:10A58C00D2B15E7A012EDED858890328DBD999899D
:10A59C000329D8D99A7B12F0F80FD4D106AA02EB72
:10A5AC00C40244F0040402F8106C22F80E0C22F8D9
:10A5BC000C1C9B7902F80A3C01A80DF027FC01A8A1
:10A5CC008DF805508DF8064009F046F8BCE70200FE
:10A5DC0030B587B00446214B1D68037B03EBC302E7
:10A5EC0005EB8202817AD26B02EBC102506860608B
:10A5FC0003EBC30305EB830393F8402002EB420209
:10A60C00520000210EF0A0FB236800221A605A6051
:10A61C000123ADF800304FF6FF73ADF80230237B09
:10A62C0003EBC30205EB820292F830208DF8042074
:10A63C0003EBC30305EB830120310DF105000EF094
:10A64C007BF8694620890DF019FC072801D007B06A
:10A65C0030BD236806225A71F9E700BFD0350120BE
:10A66C002DE9FF478A46164699460BF009FD05462B
:10A67C0020B90125284604B0BDE8F0871FFA86F8FA
:10A68C0008F1060738460FF09DF804460028F0D074
:10A69C0000F11003012103A803930EF00DFFA9791B
:10A6AC0003A80EF009FF08F1020103A80EF00AFF3F
:10A6BC00514603A80EF006FF26B1324649460398D0
:10A6CC000EF03AF82888224639460BF0B4FB0546C2
:10A6DC000028CFD020460FF0B1F8044B0093002295
:10A6EC0004235121EE20FAF767FBC3E7988102019E
:10A6FC0038B51849184C02200DF0E6FE174B184AD5
:10A70C001A602368254633B930200FF095F8206085
:10A71C0048B902201CE0002420460134E4B20CF0BD
:10A72C00E3FB082CF8D13022002128680EF00CFB3A
:10A73C000C480BF01BFA0C4B0C4A1B685A600C4A69
:10A74C005A612B680B4A5A600B4A9A600B4ADA60C2
:10A75C0038BD00BFAD8A0201A8000020643501207D
:10A76C00449702011D330101B8000020F54001019E
:10A77C00998A02013D90020121980201D16E0201D9
:10A78C002DE9F34790F84E3005460C46002B39D195
:10A79C0091F80480B1F800A0B1F8029008F1050717
:10A7AC0038460FF00FF8064670B300F1100308217D
:10A7BC0001A801930EF080FE514601A80EF082FE16
:10A7CC00494601A80EF07EFE611D424601A80EF01E
:10A7DC00F3F93246394628460DF040FA044668B97A
:10A7EC000823A5F8660085F84E30084905F15C0091
:10A7FC00F7F77AFE204602B0BDE8F08730460FF03E
:10A80C000BF8F7E70724F5E70224F3E7A064D1017E
:10A81C0010B51F4A1368002B30D059680B1A48BF6B
:10A82C0001F18053516848BF1B1A31B349680C1AA7
:10A83C0044BF01F180510C1A1B1B002BD4BF002309
:10A84C00012352F823201349134C08682370134B2F
:10A85C00CAB11C6814F0040F546812D020F0704078
:10A86C00844209D018886FF38200188052680A60FD
:10A87C001A8842F004021A8010BD012383F00103F0
:10A88C00DFE70C60F4E7198862F382011980F3E7C3
:10A89C0084350120343E014106370120203E014120
:10A8AC007FB5204B019005460093022201235821CD
:10A8BC00EC20FAF781FA28460CF032FD064678B304
:10A8CC00046820460CF08CF90146A8B194F8F230DB
:10A8DC001B070AD503AB042213490396032004F08B
:10A8EC008BFA0024204604B070BD20460DF0C0FF4A
:10A8FC000028F6D1072409E0204603AB0222ADF86C
:10A90C000C5005F0CBFB04460028EAD0074B009313
:10A91C00019401230022FF21EC20FAF74DFAE1E724
:10A92C000224F3E75877020108060101C668020108
:10A93C0008287FB50C4603D00D281BD004B070BD81
:10A94C000E6820791D4C8A6801233146EDF74CFACC
:10A95C002368D3F85C52002DF0D00CF0F9FF32468E
:10A96C00034629460220FFF719FA23680022C3F890
:10A97C005C22E3E7D4E90223087849680393CDE924
:10A98C0001128DF80300FFF709FA0C4B1B6800222B
:10A99C0083F86022AFF300800028CFD103AB02AA6A
:10A9AC0001A90DF10300AFF30080DDE90223019949
:10A9BC009DF80300FFF7F2F9ECE700BFB0010020AF
:10A9CC00F0B5064685B002200F460EF0FBFE05469C
:10A9DC00C8B91E4B00930224024601940423C721DC
:10A9EC00EE20FAF7E9F906F16000F9F72FFF30468F
:10A9FC0000233A460121FEF78FFC0023204686F8FF
:10AA0C00533005B0F0BD00F11003052103A80393EA
:10AA1C000EF052FD394603A80EF04EFD06230093AE
:10AA2C002A460023022130880AF01EFD0446002825
:10AA3C00D9D0064B0190009300220423C721EE20AD
:10AA4C00FAF7BAF928460EF0E7FECCE726740201B5
:10AA5C007FB5054607200EF0B5FE044600283AD017
:10AA6C001E4E00F11003012103A803930EF024FDE8
:10AA7C00336803A819780EF01FFD336803A85979C1
:10AA8C000EF01AFD336803A859780EF015FD3368E3
:10AA9C0003A899780EF010FDEB6D03A893F82C1019
:10AAAC000EF00AFDEB6D03A893F82D100EF004FDCB
:10AABC000623009322460023072128880AF0D4FCA1
:10AACC00064620B90323AB70304604B070BD204657
:10AADC000EF0A2FEF8E70226F6E700BFC001002048
:10AAEC00F0B50468A36FDB0585B005460E46174626
:10AAFC000ED506F02DFB02F099FF08F0C7F9A36FF5
:10AB0C0023F48073A3670BF0B7FE0020F5F792F9DE
:10AB1C00812E11D0822E13D0802E05D108F0B6F9DB
:10AB2C00402323760BF0A8FED4F8CC3063B1284632
:10AB3C000DF010FB05B0F0BD08F0A8F94123F0E7CB
:10AB4C0008F0A4F94223ECE703953FB1009703AB5F
:10AB5C0004220649012006F006F8EBE703AB0422B9
:10AB6C000249012004F048F9E4E700BF1404010194
:10AB7C00002840D038B50D460446C36B002B3CD0A2
:10AB8C00026CA2FB03230BB1002037E00CF020FE7B
:10AB9C002268216CE36B01FB03F3D018A06000204A
:10ABAC00A06362605B1A1A44E260FF2384F84430AD
:10ABBC0084F84530B5B923691BB90DF02BFF012082
:10ABCC001CE004F11000FAF78BFF0028F5D04FF0D1
:10ABDC00E0234FF08052C3F8042DBFF34F8FBFF327
:10ABEC006F8FEAE704F110000DF0DFFD04F1240093
:10ABFC000DF0DBFDE1E700207047002038BDF8B513
:10AC0C00EFF311854FF0200383F31188BFF36F8F9F
:10AC1C00BFF34F8F836BC26B9A4228D904460E4602
:10AC2C0090F845707FB201338363B7F1FF3F14D1C5
:10AC3C00836C33B105F082FCE8B1F6B101203060D1
:10AC4C0016E0436A0BB9012012E02430FAF748FFF2
:10AC5C00A8B1B6B1012030600AE00EF06DFB87425E
:10AC6C0011D201377FB284F84570012000E000203A
:10AC7C0085F31188F8BD0120FAE70120F8E70120DF
:10AC8C00F6E70120F4E70120F2E7010000283BD0B1
:10AC9C0070B50446836C013B8364C16A426C91427B
:10ACAC0034D00BB1002070BD051D28460CF0C7FB3D
:10ACBC0038B917490B68E06A0122824023EA020383
:10ACCC000B60636CE362C3F10502A26110490E686C
:10ACDC00012000FA03F232430A600E4A03EB8303AD
:10ACEC0002EB83035B68A3609968E1604D609D6033
:10ACFC00E36A03EB830102EB8105656152F82130B5
:10AD0C00034442F82130CEE7002070470020CAE708
:10AD1C0020360120E4300120F0B5214C236819784D
:10AD2C0085B0002937D1C568067A7DB16A881A8644
:10AD3C00684610222F1D0EF007F81022394668467F
:10AD4C000CF0E2FC10B138460DF0D6FBB6B12B7806
:10AD5C009A1E012A21D86888421EB2F5E16F1CD2D6
:10AD6C00022B01D108F018FC23682A7883F82120E3
:10AD7C002368002083F8336005B0F0BD20682130D3
:10AD8C000EF01AFD206890F82130012BF0D1223002
:10AD9C0009F072FDECE70520EEE70320ECE700BFBD
:10ADAC00A40000202DE9F84F9946204B0A9F1B6800
:10ADBC001D688846164604464FF6FF7A0DB92C4698
:10ADCC0030E0AA89A2420ED942450BD92D68F5E78D
:10ADDC00102E1CE05445F9D001340BF11003A4B231
:10ADEC003B6008E01446EB89A342EFD36B68A21AD0
:10ADFC0003EB02123A60EB89A342E7D34445E5D852
:10AE0C00D7F800B09BF80E305B07E1D4022EE1D1ED
:10AE1C0032464946DBF800000CF076FC0028D9D10C
:10AE2C000B9B1D602046BDE8F88F00BFB4000020CE
:10AE3C00F7B50446C07A15460023DAB2904201D821
:10AE4C00802022E09E00E268925BAA4203F101039B
:10AE5C00F3D10DF106000EF029FB6B1E0D2B16D84D
:10AE6C0028460CF045FDBDF80630022BE8D80BB196
:10AE7C000342E5D0E26816447380207A10F001009A
:10AE8C0003D0204608F034F9002003B0F0BD0A4B83
:10AE9C001B6818680028E6D0017C0023DAB29142C6
:10AEAC0001D80068F6E7826802EB83020133178849
:10AEBC00AF42F3D15088D6E7B400002038B5174D17
:10AECC00174C28462178022300F8013B19440EF058
:10AEDC00B7FC42F6F531E81C0EF0B2FC2378114AAF
:10AEEC00114802EB0311C1E90005104888601048B5
:10AEFC00C860104840F201110180591CC9B202EB24
:10AF0C0001120D49C2E900100C4991600C49D16045
:10AF1C0002330C4ADBB2D381237038BDB835012023
:10AF2C00FD360120842E0120B29802018A8F020185
:10AF3C0005000001EA360120A6120201A0980201C8
:10AF4C0002000201D434012030B50D4687B008BB95
:10AF5C0002F00104204609F0CFF8C8B994B36C791B
:10AF6C0014F040042ED004AB0DF10F022946FEF76D
:10AF7C00B7FB30B304A99DF80F0009F0BDF800B37E
:10AF8C00124B0093022201234521EC20F9F714FF08
:10AF9C000B2417E00E4B1B689BB1002404AA0DF187
:10AFAC000F01204609F0B6F920B10134E4B2082CA7
:10AFBC00F4D1EDE704A99DF80F0009F09DF80028E5
:10AFCC00F3D10024204607B030BD00BF688F0201CA
:10AFDC00B036012010B5232192B0044601F0EAF9F5
:10AFEC0000283BD0D4F84431D87D0DF003FEFF2867
:10AFFC002CD0D4F8443193F919207E2A2CD07F2AF6
:10B00C0015D0D87D0DF0F6FDD4F8443118445B7E94
:10B01C00037194F8E230062BD4F844310CBFFF22B4
:10B02C0000225A772046F4F74FFE12B010BD4FF4B1
:10B03C008153ADF800302388ADF8043068464FF6E4
:10B04C00FF73ADF806300AF0A5F8E2E720222321C1
:10B05C00204607F051FAE8E71E22F8E70120E4E762
:10B06C0038B50D46044607F011FF012D1E4B2AD1B1
:10B07C001A6892F84032012B11D094F8501092F8C3
:10B08C001C3292F81D0281B961698C420DD194F881
:10B09C005210034439B9012B01DD82F84052BDE84E
:10B0AC0038400BF0E9BB022BF6E7E16E034411B913
:10B0BC0061698C4205D0022BF1DD012382F840320C
:10B0CC00EDE7012BF8E71B6893F84022002AE6D045
:10B0DC0093F81C2293F81D120A44012ADCBF0022AB
:10B0EC0083F84022DBE700BFB00100207FB50346A8
:10B0FC0010461F4A1268D41894F8F84114B3012B67
:10B10C0022D102F5F475002402F5C0722E6806B146
:10B11C00B468A4B1CDE9014303916678B6070ED4A7
:10B12C00A37813F0040F4FF00C0201AB1BD01149A4
:10B13C0018B9012003F060FE04E00320FAE7083D93
:10B14C009542E3D104B070BDD2F8F021002AF9D0B9
:10B15C009268002AF6D05478A407F3D4CDE90123E1
:10B16C00039101AB0C2208210028E3D00220E1E777
:10B17C00B00100200801000110B50C461E49034621
:10B18C00006808609A889B798B711C4B8A80B3F895
:10B19C006C2F42F00202A3F86C2FD3F8680FC0F3A7
:10B1AC0080708AB0C8B1D3F8942FC2F302622270B7
:10B1BC00D3F8680F62F31240C3F8680F2722684671
:10B1CC000DF0BAFA002300BF0DEB0302D07938B9A9
:10B1DC000133102BF8D10AB010BDFF232370FAE70E
:10B1EC00074A1268272101FB0323D87AC0F34000D9
:10B1FC0080F00100C0B2EEE7703301410024014140
:10B20C00CC01002084B070B504AC84E80F001F4B57
:10B21C00B3F8A4206FF34102A3F8A420B3F8AC2038
:10B22C006FF38612A3F8AC20B3F8A4206FF30002DE
:10B23C00A3F8A42000200BF0C3FE064601200BF05F
:10B24C00BFFE054602200BF0BBFE4FF6FF71044615
:10B25C00002007F0D7FD4FF6FF71012007F0D2FD5B
:10B26C004FF6FF71022007F0CDFD314600200BF0A8
:10B27C00B9FE294601200BF0B5FE214602200BF049
:10B28C00B1FEBDE87040002004B0704700240141BD
:10B29C0070B505460CF09CFA95F8454064B2002C4C
:10B2AC0019DD05F1240608E06B6AA3B13046FAF704
:10B2BC0017FC68B9013C64B26CB1AB6C002BF3D0D9
:10B2CC00284605F03BF90028F4D00EF03BF8F1E7E6
:10B2DC000EF038F8EEE7FF2385F845300DF09AFBB9
:10B2EC000CF076FA95F8444064B2002C0FDD05F1B1
:10B2FC00100602E0013C64B24CB12B693BB1304604
:10B30C00FAF7EEFB0028F5D00EF01CF8F2E7FF235D
:10B31C0085F844300DF07EFB70BD2DE9F043C36819
:10B32C001F887A1EB2F5FA7F85B039D25C88621E0E
:10B33C00B2F5FA7F34D29E88B6F5FA7F30D2DD882A
:10B34C00B5F5FA7F2CD2B3F80890A9F10A039BB299
:10B35C0040F67642934223D8A74221D806FB0443F9
:10B36C00B3F5FA7F1CDCAC421AD9B0F80880B8F5FA
:10B37C00706F15D240460AF0B9F988B101A8ADF842
:10B38C000480ADF80670ADF80840ADF80A60ADF871
:10B39C000C50ADF80E9009F0FFF905B0BDE8F08344
:10B3AC000320FAE708B5194B9847194B9847EFF368
:10B3BC00108172B6174AD2F8883043F47003C2F881
:10B3CC008830BFF34F8FBFF36F8F01B962B6124A4B
:10B3DC00936823F001039360D36813F0010FFBD142
:10B3EC000D4B24225A6001229A6009F0F1FF0B4B9D
:10B3FC0023F07F03074A9360094B9847094B984702
:10B40C00094B98470DF012FFFEE700BFFF530101F7
:10B41C00FF53010100ED00E000200041000200019B
:10B42C002D030201FF530101FF5301012DE9F743E5
:10B43C001F4690F84E300546894690469BBB7C1DB6
:10B44C00A4B220460EF0BEF9064670B300F110030C
:10B45C00102101A801930EF02FF8494601A80EF017
:10B46C0031F8414601A80EF02DF83A460A9901A888
:10B47C000DF0A2FB2146324628460CF0EFFB0446A9
:10B48C0068B91023A5F8660085F84E30084905F117
:10B49C005C00F7F729F8204603B0BDE8F08330468E
:10B4AC000EF0BAF9F7E70724F5E70224F3E700BF3B
:10B4BC00A064D1012DE9F84F067AD0F80C9090F8E1
:10B4CC0010A00C200EF0B8F9054610B90220BDE80A
:10B4DC00F88F194F3B68D3F800801FFA86FBB8F140
:10B4EC00000F04D128460EF0A9F90320EFE7D8F895
:10B4FC0004309A6812885A4506D132464946586833
:10B50C000CF002F9044610B1D8F80080E7E7304699
:10B51C000EF092F9A8600028D8D0324649462E7118
:10B52C000DF00AF9386885F805A0083029460DF0A9
:10B53C0011FB2046CBE700BFB40000207FB51F4BAA
:10B54C00019006460093EC20012302224D21F9F7CD
:10B55C0033FC30460BF0E4FE68B30568EB7D012B41
:10B56C0019D195F8ED3013F0080F14BF00241A24EC
:10B57C0028460BF035FB80B128460BF00BFEA8B922
:10B58C0007240F4B0093019401230022FF21EC2090
:10B59C00F9F712FC0CE00024EAE7022203AB114697
:10B5AC002846ADF80C6004F079FD0446002CE8D177
:10B5BC00204604B070BD0224E3E700BF34710201E1
:10B5CC00C668020138B51F4D1F4C0DF027FF2B68C4
:10B5DC004FF461729A842368FF221A702368F9224F
:10B5EC005A70236801229A7023680822DA7009F0D5
:10B5FC00B7FD2A68136BDB075FBF21680B7943F03B
:10B60C000E030B7123680C2183F844104FF0FF30AC
:10B61C001F21C3E91601C3E9180140F20771A3F811
:10B62C000910002182F82E104FF08842126C02F49F
:10B63C004052B2F5005F14BF07220A46DA721A7341
:10B64C0038BD00BF3C01002044010020134A1448BF
:10B65C00002310B51360134A1360134A1360134A86
:10B66C001360134A1380134B134A1A610DF05AFFDF
:10B67C0012480DF063FF124B124A1A61124A5A62B9
:10B68C001249134A9A6201200DF034FF0BF058F95D
:10B69C00044608B903F048FB204610BD48010020C1
:10B6AC0089140201500100204C010020A036012019
:10B6BC00540100200801002015CD010119DF010102
:10B6CC00F03201201DCC0101D58202012D80020136
:10B6DC00111C020152433A53746172745265712009
:10B6EC00507265656D7074203078253032782C700E
:10B6FC0072696F726974793A25642C636C6B3D3096
:10B70C0078253034780052433A5374617274526520
:10B71C0071204E6F726D616C203078253032782C30
:10B72C007072696F726974793A25642C636C6B3D25
:10B73C003078253034780052433A46617220616E7D
:10B74C0063686F722C204E6F773A307825303478DE
:10B75C0020616E6B3A3078253034780038B51D4C4A
:10B76C002368254633B94FF410700EF065F820604D
:10B77C0060B938BD00242B6804F1880253F822000C
:10B78C0008B10EF05BF80134082CF4D14FF41072B0
:10B79C00002128680DF0D8FA2C680F490F4A04F5DF
:10B7AC00BC7304F5CE7500BF43F8041B9D42C3F86F
:10B7BC008020F9D14822002104F5DA700DF0C4FA8A
:10B7CC000023C4F89C316B60AB60054BC4F874313A
:10B7DC000120CEE7A400002085980201AD9802015B
:10B7EC00AF98020170B51B4B1C6853F8045F21061F
:10B7FC0009D5194B1B6824F0800403B19847174BEB
:10B80C001B6803B19847E20509D5154B1B6824F456
:10B81C00807403B19847134B1B6803B19847AB0670
:10B82C0013D5114A136843F008031360138943F0CE
:10B83C00080313810DF0BEFE46684EB12B4622461E
:10B84C00B4460021BDE87040604754EA0503F1D1CD
:10B85C0070BD00BF143F0141B4360120BC3601203D
:10B86C00B8360120C0360120203A01412DE9F043C1
:10B87C00012587B01E4680F8E65002AB80F8E850F0
:10B88C0004460F469046019305F00EFC164A174BE2
:10B89C0081461B68D2F8080103EB1040C4F89400F1
:10B8AC00D2F8101113FA81F1C4F8901001A8E168D4
:10B8BC000DF00EFE494601A80DF00AFE394601A80E
:10B8CC000DF000FE414601A80DF0FCFD314601A82B
:10B8DC000DF0F8FD019B06490E22284603F08CFA68
:10B8EC00002007B0BDE8F08300240141C80100200E
:10B8FC000202010138B505460C46EDF7D7FBE5F71A
:10B90C00CDF9054B05481D80054B0C221C801421DC
:10B91C00BDE838400CF024BD28340120D836012075
:10B92C002A34012030B5044685B00D46AC4201D90D
:10B93C0005B030BD69462046E8F73AFFD8B1BDF8EE
:10B94C00021041B94FF0200383F31188BFF36F8FBE
:10B95C00BFF34F8FFEE700222046E5F753FA10F0B5
:10B96C00FD0F08D04FF0200383F31188BFF36F8FC6
:10B97C00BFF34F8FFEE70134A4B2D7E730B50446CE
:10B98C0087B000890DF042FF002838D02089E56887
:10B99C000AF01CF9044670B328790DF04DFFA06431
:10B9AC0058B3F52384F84C302B88A4F844306B88BA
:10B9BC00A4F846302A7984F84D20691D0CF0BCFEA1
:10B9CC002B88ADF800306B88ADF8023042F60301DD
:10B9DC0002230DF105008DF804300DF031FF69469E
:10B9EC002046FEF7CDFE054610B120460CF060FD5A
:10B9FC00284607B030BD0325FAE70225F8E70425F1
:10BA0C00F6E700000100020101000100050106013A
:10BA1C0002000801010001000B010C010D010E01D7
:10BA2C0001000100030003001301010001000100EB
:10BA3C000100180101001A010100010001000100C0
:10BA4C0001000100010001000100010001000100E2
:10BA5C0001000100010001000100010001000100D2
:10BA6C002F01010001000100010001000100010093
:10BA7C00010001000100010001003C013D01010039
:10BA8C00010001000100420110B5ADF51A7D0C4614
:10BA9C00103092AB0DF5167C10F8012D03F8012B2C
:10BAAC009C45F9D192A9684606F099FA18B1002084
:10BABC000DF51A7D10BD00239693979398938DF8EE
:10BACC00643263798DF8653223798DF86632E378C8
:10BADC008DF8673296AB92AA1021684604F0C2FF2B
:10BAEC0090B9A3788DF8583263788DF85932237851
:10BAFC008DF85A32032296A90DF255200BF004FE54
:10BB0C00B0FA80F04009D3E70020D1E770B50546C4
:10BB1C000E4607F0BBF9174BB3F8A04544F00104EF
:10BB2C00A3F8A045B3F8A04544F00204A3F8A0453F
:10BB3C001C4600BFD4F8A0359B07FBD432462846E0
:10BB4C000D490CF0F9FD0D4B1A680D4B1A600D4A9E
:10BB5C0012685A600C4A12689A600C4A1268DA60D1
:10BB6C00B4F8A0356FF30003A4F8A035BDE870401D
:10BB7C000AF082BE00240141902901418029014133
:10BB8C006437012084290141882901418C29014114
:10BB9C007FB506460D460BF0C3FB70B30268D2F8B6
:10BBAC00443163B3D3F8221059B3097AC90728D5A5
:10BBBC00197C65F3861119742DB3D2F84431D3F87E
:10BBCC002220137A43F01803137200240F4B0093B6
:10BBDC00CDE90165012302225621EC20F9F7ECF89E
:10BBEC0044B10B4B0093019401230022FD21EC2066
:10BBFC00F9F7E2F8204604B070BD0224E6E71A24F7
:10BC0C00E4E70C24E2E72C46E0E700BF0451020114
:10BC1C00445F020100293AD04B0716D5B0F86030CA
:10BC2C00B0F862109A0102F5747292B291422CD261
:10BC3C00A1F57473C3F387131A2B2BD9B0F86020BA
:10BC4C00934200D9D3B218467047CA070DD5B0F845
:10BC5C006030B0F86210DA00703292B2914214D2B5
:10BC6C00A1F17003C3F3C703E6E78B0712D5B0F855
:10BC7C006030B0F862109A003C3292B2914204D219
:10BC8C00A1F13C03C3F38703D6E7DBB2D4E790F80A
:10BC9C006030D8E71B23D6E770B5064668200DF058
:10BCAC00CBFD6825154B164C18602A4600210DF06B
:10BCBC004BF828460DF0C0FD00212A4620600DF0FF
:10BCCC0043F8104B104A1A6023681E63FFF77AFC86
:10BCDC0023685A6902F0F8010C4A0A435A6100229F
:10BCEC009A610B4AC3E91122C3E91322C3E9152255
:10BCFC00C3E91722074B084A5A6170BD4401002062
:10BD0C003C010020080100208DA301010101000568
:10BD1C007598020148330120BDE90001F7B51C4FAD
:10BD2C003B681E78E6B91B4C0BF038F920682021D3
:10BD3C001D30FFF7EBFE4020FAF7C8FB054628B391
:10BD4C0023681E773B6801221A702368186102F081
:10BD5C007FFE044628B13B6828461E7009F04AF95C
:10BD6C000C240D4B0093022201233321EC20F9F714
:10BD7C0023F844B1094B0093019401230022FD21C7
:10BD8C00EC20F9F719F8204603B0F0BD0724E8E7DA
:10BD9C003C01002044010020798F02013C69020122
:10BDAC0008B50B4611461278102A2FD007D8052A51
:10BDBC001ED00E2A25D0042A14D0022008BD192A20
:10BDCC001AD006D8172AF8D1032B29D10BF010FE64
:10BDDC000CE0262A1FD0292AEFD10B2B20D1FCF7FF
:10BDEC0005FF03E00D2B1BD10CF054FA0120E5E705
:10BDFC00013B58425841E1E7032B11D10BF0EEF90E
:10BE0C00F4E7092B0CD1F5F7D9FBEFE7182B07D189
:10BE1C0002F078FBEAE70B2B02D108F0B0FFE5E764
:10BE2C000020CBE770B504460E4690F85000082170
:10BE3C0015460AF0D5FD2378032B32D0022B13D1F3
:10BE4C0007F024F8174B1A6894F8503002EB830370
:10BE5C00D3F8FC11A1424FF0000108BFC3F8FC114C
:10BE6C00C2F804120AF008FDA26E1AB9637862F3E4
:10BE7C0082036370002323701EB1294620460BF009
:10BE8C00BBFBA36E6BB1A3789B060AD420460BF0C8
:10BE9C00B8FE20460AF090FD2046BDE87040F0F751
:10BEAC00E1BA70BDB001002090F85720C36D30B5D9
:10BEBC001C4C42B12268527912B993F8E52032B188
:10BECC0003225A7029E022685279002AF5D193F89E
:10BEDC00E620510705D422685278520701D401227A
:10BEEC00EFE72468C578104A93F8E41024786DB90C
:10BEFC0001EB81010A44125D5A7090F85720C36D12
:10BF0C0062B15A78062A06D10422DAE704EB8404DB
:10BF1C002244525CF0E7052AF6D030BD5A7822F064
:10BF2C000402CEE7C00100203B8302012DE9F84357
:10BF3C001E4D2A681468804698F80B3064B9980036
:10BF4C0043B10DF079FCC8F80C0018B12B681F68D0
:10BF5C0025464FBBBDE8F883227C134488F80B3090
:10BF6C002468E9E7BB89012B24B2D8F80C3013D034
:10BF7C00BA6832F8262023F82420D8F80C3003EBCA
:10BF8C008404013600236380F6B23B7C7419B342FF
:10BF9C00E4B2E7D83F68DBE7304603EB84090DF0E9
:10BFAC0013FAA9F80000E8E70026EEE7B400002039
:10BFBC0030B585B0043205460C4603920AF060F8A1
:10BFCC0038B10C2C07D000231A4619462846FEF728
:10BFDC0047FB05B030BDC378012BF4D003A901A8F1
:10BFEC000CF01AFC03A90DF106000CF015FC03A9CA
:10BFFC0002A80CF011FC03A90DF10A000CF00CFCCA
:10C00C0020460DF019FC01460028E2D000230370F5
:10C01C00BDF804308380BDF80630C380BDF808300D
:10C02C000381BDF80A304381458020460DF013FB97
:10C03C00CFE74348433A63684D706D3A2530325828
:10C04C0025303858004348433A63684D7073323A90
:10C05C002530325825303858004348433A63684DF0
:10C06C007073333A253032582530385800434843E2
:10C07C003A434820496E6420432C256400434843CE
:10C08C003A63684D703A25303258253038580043A1
:10C09C0048433A434820496E6420502C25640043A1
:10C0AC0048433A63684D7073313A25303258253025
:03C0BC00385800F1
:10C0C0002DE9F04102461B48C36A856A8C4669B374
:10C0D000AB4208BF002025D00120174F174CA2F11A
:10C0E000020E511E134E13E05A0014F813800EF87E
:10C0F00010800132A25C01F810200133326B9A42A9
:10C1000098BF002384450CD9421CAB420AD010468C
:10C110007A6802F00702012AE6D0E25C0A54013391
:10C12000ECE71D46034BDD62BDE8F0811D46084685
:10C13000F8E700BF4C320120000C0040E42F012042
:10C1400070B5C56800890AF0EBF80446A0B3C66D67
:10C1500096B390F857207ABB25B90821BDE8704006
:10C16000FEF734BC2B68C6F86F306B68C6F87330C6
:10C17000AB68C6F87730EB68C6F87B30C36D012139
:10C180009970C378C16D53B96F31F3F70FFFE16D4B
:10C1900001F5D8712046BDE8704003F08DB9CB7829
:10C1A00063B1CA70C36D9A70C16D6F31F3F7FEFE53
:10C1B000E16D01F5B871EDE7012070BD1846FCE7AF
:10C1C0002DE9F04190F83C8006460D461746B8F13F
:10C1D000000F1CD1184B1B689B8ADB0717D50C205E
:10C1E0000DF030FB044628B328460DF02BFB6060B1
:10C1F00000B33946C4F8008025812A460CF0A2FA23
:10C20000214606F15400BDE8F0410CF0A9BC397894
:10C210000A4A002312F83300884208D102EBC30314
:10C2200029463A4630465B68BDE8F041184701337D
:10C230000C2BEFD1BDE8F081B4000020C8F701015C
:10C240002DE9F8431D4E038937683D684FF000081B
:10C250000DB9012010E0AA899A421DD1BC684FF0A7
:10C2600000095CB93068424629460BF0B2FC287CD4
:10C2700010B1FDF7A9F80020BDE8F8836B682279BA
:10C28000996809788A4204D15968A0680BF042FA8B
:10C2900028B1A1462468E4E7A8462D68D8E707F14D
:10C2A00008004A4621460BF094FCA06808B10DF046
:10C2B000CBFA20460DF0C8FAD4E700BFB400002046
:10C2C00005000000080001000C000200100005003D
:10C2D00013000600300007005700200086001F00F2
:10C2E0000110080002100A000310090004101100D8
:10C2F00005100B0006100C0007100D0008100E00B2
:10C3000009100F000A1013000B1016000C10120079
:10C310000D1010000E1017000F101800101019004B
:10C3200011101A0012101B00131015001410140025
:10C3300020101D0021101C0023101E000000000012
:10C34000F8B5079C07469DF8180092B91B4E601E71
:10C350003D4620EAE0742246302128460CF0FAFCE3
:10C36000314628190DF062F93846BDE8F8400CF066
:10C37000F5B900B30A2B1ED1002A1CDA3D462D2048
:10C3800005F8010B5242601E01396E180021317010
:10C390000CB10028DDDDB2FBF3FC03FB1C210929F5
:10C3A00088BF07313031934206F8011D00F1FF309C
:10C3B000CFD86246ECE720463D46E5E7D5E00101EF
:10C3C00070B5C57D04460A468DBB90F8E230A3F1F6
:10C3D0002106012E18D8B0F8E23040F221118B422C
:10C3E00003D001F201318B4208D10323002084F8ED
:10C3F000E63084F8E72084F8E40070BD3D21204653
:10C400000AF040FC0020F8E790F8E42003EA020676
:10C41000F50613D593420CBF23222A2206F072F8A8
:10C420000028EAD001212046F7F772FDEAE7012D46
:10C4300004D190F8E430213B012BDFD90120DCE767
:10C44000022838B50D4618D0032827D0012813D16B
:10C45000194C236893F8263043B90BF0D9FD2068B6
:10C460001649838C0C305943F6F744F8236893F847
:10C470002610294383F8261038BD0F4B186890F812
:10C4800026100029F8D021EA050180F8261000299D
:10C49000F2D10C30BDE83840F8F7DEB9064B186829
:10C4A00090F82630002BE7D0838C04490C30594398
:10C4B000BDE83840F6F71EB83C01002040420F00AE
:10C4C000F0B585B01A4B02931A4B039340F2013337
:10C4D0000746ADF80430002402AB53F82400056889
:10C4E000ADB901AB01211A5D01F04EFD6CB11248EE
:10C4F000002400F8044BF8F7AFF9104800F8084B97
:10C50000F8F7AAF9204605B0F0BD0124E4E70121BF
:10C51000284600F0C1FB012FE8D12E68306D0DF0E8
:10C5200093F900233365284606F00CF9DEE700BFD7
:10C53000500100204C01002008340120CC330120A0
:10C5400070B51C461B688AB0D0E90C563BBBE1B9FC
:10C5500003F201338DF80310418AADF80030903BAF
:10C560004B43069300238DF80230079383682146DE
:10C570006846CDE90465CDE90832F6F7D7FF2068B3
:10C5800008B1F5F7D9FC0AB070BD01218DF8031090
:10C59000C16B03914FF44071ADF80010E1E7002248
:10C5A000CDE90022029270228DF80020C26B059521
:10C5B00018466946CDE903260BF038FB2068E0E712
:10C5C00037B50D4614460AF0B1FEC0B9FF232B70F3
:10C5D00023700224184B0093022201233721EC2000
:10C5E000F8F7F0FB44B1154B0093019401230022AE
:10C5F000FD21EC20F8F7E6FB204603B030BD0268D1
:10C60000937E122B10D002D3213B022B0ED9012393
:10C610002B70537E122B0BD002D3213B022B09D956
:10C62000012323700024D5E70223F1E70323EFE77A
:10C630000223F6E70323F4E71B9202018A77020143
:10C64000F8B51E4E90F85020336803EBC203044641
:10C65000D3F80C7267BB09F077FA0546846006F0E0
:10C660001BFC2F6094F85020336803EBC202D2F811
:10C6700010226A6094F8502003EBC203D3F8103202
:10C680001D6094F85020336803EBC202C2F81052C8
:10C6900094F85020134493F81C22013283F81C2292
:10C6A0000AF0F0F820460121BDE8F840FEF7DEBCB4
:10C6B000BB689C42F6D03F68CCE700BFB0010020C9
:10C6C00030B51B4B91F845401A6864F30C221A6090
:10C6D0001A68047864F305021A601A686FF34D3221
:10C6E0001A60144A4588146865F30F041460124CEC
:10C6F0000D6C256091F8445010490C6865F30404F2
:10C700000C6019686FF3C7111960196841F0400196
:10C71000196019684C06FCD419684900FCD51268E8
:10C72000C2F3054242711B68C3F30563037130BD58
:10C7300054340141B0340141583401415C34014169
:10C7400010B50921044600200AF04BFF68B31423FA
:10C750000373193B437300238373B4F85831A0F873
:10C760001130B4F85A3144F29022934281BF6FF0F5
:10C770006F03C3744223037598BFA0F8133094F875
:10C78000EE3088BFA4F85A211B070FD56FF06F0356
:10C79000C37342230374D4F8B43144F290220146A7
:10C7A0005A802046FCF762FE012010BD4823C37367
:10C7B00008230374D4F8B43140F64802EFE7012AA5
:10C7C0001B4B1C4A1A604FF650429A814FF440327C
:10C7D0005A601A46D369002BFCD1154A136843F0FE
:10C7E00002031360D369002BFCD1134B00221A62A1
:10C7F0009A62DA6283F8342083F83C209A63DA87FD
:10C800001A609A60DA601A751A779A61084B5B6849
:10C8100003F00703012B084B14BF802240221A6348
:10C820001A61034B80229A7504229A75704700BFE3
:10C83000000C0040040110404C32012000B587B0CC
:10C84000164902AA11F8013B02F8013B002BF9D16D
:10C85000134B0193002300934FF4807202A91148F7
:10C86000EFF7E4FF012804D00F4B1B6807B05DF819
:10C8700004FB4FF0200383F31188BFF36F8FBFF3E6
:10C880004F8F0A4B4FF0FF321A60094B01221A609A
:10C89000084B00221A6004F007FDE5E7BC330201F3
:10C8A00004360120351802010898020108360120DB
:10C8B0001C3601202436012070B504460D460AF0CE
:10C8C0008DFF194B19686268184B1B6893F851303B
:10C8D0004BB1164B1B68002283F8512001240CF049
:10C8E0009FF8204670BD2B68B3F1FF3F19D0104868
:10C8F00000682668864205D08A4203D800232B6050
:10C900000124ECE7881A834203D800232B6001241A
:10C91000E5E75B1A13442B6020460BF09FFD0024D3
:10C92000DDE70024DBE700BF243601203836012094
:10C9300010360120F8B50C4616461F46054608B3CA
:10C94000022A2DD801292BD80121084609F088FB9D
:10C950003FB1144B14491868794300F5E670F5F7B8
:10C96000C9FD2146284606F031FA044640B90F4B6E
:10C970001E700C4B1A6813785DB143F002031370FC
:10C980002046F8BD074B186800F5E670F7F764FF1E
:10C99000E7E723F002031370012109F061FBEFE7E1
:10C9A0000324EDE7A4000020A0860100FC3601204E
:10C9B0002DE9F3410E4616210746154608F073FD92
:10C9C000804680BB07F15C00F7F746FF4FF48270AA
:10C9D0000CF038FF044630B34FF4827241460CF03D
:10C9E000B9F9072323703B88A380B7F8503023811F
:10C9F000053E1723A37101A904F10800A6810135A2
:10CA000001950BF00FFF01A904F10A000BF00AFFDA
:10CA1000A28922B1019904F10E000BF093FE0421CA
:10CA200020460AF033F802B0BDE8F08173B5044641
:10CA3000019168460D4601A90BF0F4FE01A90DF124
:10CA400002000BF0EFFEBDF80230019A062B1AD857
:10CA5000DFE803F00B040B190D111500114B1B68D7
:10CA60001B68BDF800102046984702B070BD0D4B02
:10CA70001B689B68F5E70B4B1B685B68F1E7094B8C
:10CA80001B68DB68EDE7074E336829465B69204683
:10CA900098470128E9D0336829461B692046984702
:10CAA000E3E700BFB800002013B5038801930446F4
:10CAB0001A4B0093EC20012302224E21F8F782F951
:10CAC00020880AF033FC10B300686288D0F8B831CF
:10CAD0001A80A2885A80E2889A802289DA80628944
:10CAE0001A81A2895A8190F8E430112B11D10CF0EF
:10CAF000DDFA80B907240A4B009301940123002238
:10CB0000FF21EC20F8F75EF9204602B010BD0224A8
:10CB1000F1E70C24EFE70024F6E700BF58710201AB
:10CB2000C6680201D3B5194B01681B681A46F2E9C1
:10CB30001667996501791171D3E9160202F01F0198
:10CB4000C3E91601124B1C6844B1124B1C692CB18D
:10CB5000B94208BFB04216D0A04704460E4B00931E
:10CB6000022201231F21EC20F8F72CF944B10B4BD2
:10CB70000093019401230022FD21EC20F8F722F913
:10CB8000204602B0D0BD0024E8E700BF44010020E9
:10CB90002C020020F8010020246902013C690201F6
:10CBA00010B592B041F20D03ADF8003001231478B6
:10CBB0008DF8043053888DF81D0043EA4413ADF816
:10CBC000063013798DF808301346002853F8054FC6
:10CBD000CDF809409B88ADF80D30D37A8DF816302A
:10CBE000134608BF002153F80C4FCDF817409B881F
:10CBF000ADF81B30B2F81330ADF80F30937C8DF8E0
:10CC00001130B2F81530ADF812306846138BADF81C
:10CC10001430089108F0C4FA12B010BD10B50368C2
:10CC20000C788878CA78497886B0B9B9CDE902021B
:10CC30001B7C0193154B0093022201236521EC20FC
:10CC4000F8F7C0F8124B0093022301941A4683218F
:10CC5000EC20F8F7B7F8002006B010BD196DCDE94B
:10CC60000302342302FB0313EC209A7C02F03F0200
:10CC700002921B7D5B0901330193064B0093022254
:10CC800001236621F8F79EF8DCE700BFB416020125
:10CC9000F6160201D31602012DE9F0410468237B48
:10CCA000002B0F4614BF4FF004084FF00108002579
:10CCB00045454FF03406206D16D306FB08F20021DF
:10CCC0000CF048F8606A18B108F09AF90023636222
:10CCD000002384F82F30A385A3641FB1227B72B197
:10CCE00084F82E30BDE8F08105FB0606F06918B126
:10CCF00008F086F90023F3610135EDB2D8E74FF46F
:10CD00008033C4F80E30024BC4F812300123E7E739
:10CD10001300100070B5054617480468E4B90122F5
:10CD2000214601F031F9154B4FF00002012D1A8018
:10CD300004D12C22002112480CF00CF8114B1B6876
:10CD40000BB10BF07BFF0DB90CF0A4FD0E4B0020D6
:10CD500018700E4B187070BD01212046FFF79CFF24
:10CD6000012DE0D12668306D0CF06EFD0023336597
:10CD7000204605F0E7FCD6E74801002054010020DA
:10CD8000F0320120A03601200E370120F7010020EB
:10CD900070B50D4616460446B8B34FF0006190F8E2
:10CDA000500009F023FE00212046FAF7EDFE1DB9E0
:10CDB000637843F0100363702378A580012B18D8A3
:10CDC000637843F002036370204601F0E3FE2046DF
:10CDD00000F0F8FA20460AF085FA94F850004FF077
:10CDE000007109F003FE20460021BDE87040FAF70B
:10CDF000CBBEA37843F00103A37036B120460022D6
:10CE00000421BDE8704004F08FBB70BD52433A412D
:10CE1000646452657120507265656D70742030785D
:10CE2000253032782C7072696F726974793A256492
:10CE30002C706572696F646963616C3A25642C6358
:10CE40006C6B3D3078253034780052433A4164644D
:10CE5000526571204E6F726D616C203078253032D2
:10CE6000782C7072696F726974793A25642C20701D
:10CE70006572696F646963616C3A25642C636C6BDD
:10CE80003D3078253034780038B5054608F05CFE32
:10CE90008560044606F000F895F850300022012B1A
:10CEA000174B22601A6823D195F8511002EBC1018B
:10CEB000D1F88C11616095F8511002EBC102D2F8E3
:10CEC0008C21146095F851101A6802EBC102C2F867
:10CED0008C4195F850201B68134493F8F8210132D7
:10CEE00083F8F82101232B70BDE8384009F0CABC53
:10CEF000D2F8F421626014601A68C2F8F441E8E7DD
:10CF0000B0010020F8B506460C200F460CF09AFC44
:10CF10000446C8B100258560056045600672384644
:10CF20000CF090FC206078B129463A460BF012FFD5
:10CF30000C200CF087FC054660B920680CF084FCDE
:10CF4000204605F0FFFB03E0204605F0FBFB002533
:10CF50002846F8BD043E084B6360012E846002D869
:10CF6000204607F083F900232B60044B5A686A605F
:10CF700015605D602546EBE7AB980201B801002023
:10CF800030B4C47882780346FCB9082A14D1C56D40
:10CF90000A68C5F8802105F5C0744A6862608A682D
:10CFA000A260CA68E26090F8572052B190F853200E
:10CFB000022A03D107229A7030BC704730BCF5F7C3
:10CFC00075B9184630BCEDF777BC062AF4D1C56DAB
:10CFD0000A68C5F8C02105F5E0744A6862608A688D
:10CFE000A260CA68E26090F85720002AE9D090F861
:10CFF0005320022ADED030BCF6F79EBB30B5C4B257
:10D0000085B0012C019222D01CB1022C2CD000241E
:10D010001AE001A902A80AF06DFA01A903A80AF012
:10D0200069FA039B9B040FD5012009F0CFFF4FF64F
:10D03000FF710446012005F0EBFE2146012009F0B6
:10D04000D7FFFBF77DFF0446204605B030BD084DF5
:10D050000024204601342946E4B20AF0FFFC082CE3
:10D0600005F10605F5D1D2E702480BF0D3FDCEE776
:10D07000BE320120A235012038B590F86C301B4D2E
:10D0800013F02003044629D009F01FFB184B94F835
:10D09000F5101A6861F307021A601A6894F8F6101E
:10D0A00061F30F221A601A6894F8F71061F31742BF
:10D0B0001A601A6894F8F81061F31F621A605A68CF
:10D0C00094F8F91061F307025A602B6843F000737B
:10D0D0002B6094F821000430C0B238BD2A6863F395
:10D0E00059622A6090F82100F7E700BF303401410F
:10D0F00090340141F0B5074685B041200CF0A2FB09
:10D10000054678B30646002306F8013B164C236813
:10D11000986810214030FEF7FFFC23684022394612
:10D1200098680BF00FFB23682022996830460BF0BB
:10D1300009FB26682022B16805F121000BF002FBF3
:10D14000B0686B46412229464030EFF781FA284605
:10D150000CF07AFB23689B68012283F85020684614
:10D1600004F00AFA05B0F0BDC00100207FB51B4BEA
:10D170001D680646002425B3AB681A7A042A12D12A
:10D180001C680121204606F00DFB70B10820F9F75C
:10D19000A3F9C4F8B40133680360337903712046FE
:10D1A00003F0BCFC04462D68E5E730683379029053
:10D1B0008DF80C30204602AB0522092102F074FFE5
:10D1C000044644B1064B0093019401230022FF2141
:10D1D000EC20F7F7F7FD204604B070BDB801002041
:10D1E000C4640201434D443A5365744578745363F3
:10D1F0006E506172616D2C706879733D25642C6688
:10D20000703D25640053434E3A314D2C747970655E
:10D210003D25642C696E74766C3D307825782C77CA
:10D22000696E3D307825780053434E3A436F64650C
:10D23000642C747970653D25642C696E74766C3D40
:10D24000307825782C77696E3D3078257800455206
:10D25000523A7374617475733D256400F7B5037BAE
:10D26000002B90F82C3014BF04270127012B054612
:10D2700011D190F82D4074B980F82D30BC420DD3F7
:10D28000124B0093EC2001230222C221F7F79AFDF2
:10D29000A86CFCF78BF9002003B0F0BD34262B6D91
:10D2A00014FB06F633441B6B6BB1094B0093EC2067
:10D2B000012301940222C121F7F784FD2B6D1E4446
:10D2C000306BFCF773F90134E4B2D7E7187402014C
:10D2D00003740201F8B5194E346807465CB3FF20A9
:10D2E000F9F7FAF8054650B9154B1A781ABB01221E
:10D2F0001A7014491448BDE8F840F5F7FBB8627B92
:10D300002169284605F08EF92A46617B3846F0F7F8
:10D31000F5FC88B109480BF0DFFD237B43F00403E3
:10D32000237304F0D9F83468002CE8D1284607F0BC
:10D3300067FE002CD8D1F8BD0124F7E7700100206A
:10D340000B370120A08601008401002052433A439C
:10D350006C656172526571204E6F726D616C203028
:10D3600078253032782C73746174653D25642C63A4
:10D370006C6B3D3078253034780052433A436C650D
:10D380006172206120636F6E74696E7565205265ED
:10D39000710052433A436C6561725265712050725C
:10D3A00065656D7074697665203078253032782C2B
:10D3B00073746174653D25642C636C6B3D30782516
:10D3C00030347800F8B51C4E90F85020336803EBE9
:10D3D000C2030546D3F80C42F4B105F05DFD2768A1
:10D3E00009F050FAA3689D4224D105F055FDD4E917
:10D3F0000032BBB15A60D4E900231A6095F850207E
:10D400003368134493F81C22013A83F81C2209F074
:10D4100039FA204606F00CFF28460021BDE8F84006
:10D42000FDF724BE95F85010336803EBC103C3F831
:10D430001022E0E73C46CFE7B001002070B503784A
:10D44000054613B1012B11D070BD194E3368DB684E
:10D45000002BF9D0847824B9033098473368DC6016
:10D46000F2E72046BDE8704006F0BCB9022008F0A3
:10D470006DFF044688B1AE78B6B9C06D2022E91CB4
:10D480002F300BF05FF9A37884F85360072B04D199
:10D49000E37820462BB9F4F709FFBDE8704005F0AA
:10D4A000C7BDF6F749F9F8E7304606F09BF9F4E70F
:10D4B000C001002007280CD8DFE800F0040C121887
:10D4C0001E242A30184BD3F8642F61F31042C3F89E
:10D4D000642F7047144BD3F8642F61F35142F6E781
:10D4E000114BD3F8642F61F39242F0E70E4BD3F85F
:10D4F000642F61F3D342EAE70B4BD3F8642F61F357
:10D500001452E4E7084BD3F8642F61F35552DEE779
:10D51000054BD3F8642F61F39652D8E7024BD3F84A
:10D52000642F61F3D752D2E700240141012970B57D
:10D5300006460D4603D9FF2921D000202AE00846DF
:10D5400004F0FEFB0728F8D8134A062313FB002338
:10D5500032681A60B2889A802946FFF7ABFF05222D
:10D56000092313FB00230D4A3168134400EBC00468
:10D5700019601444B1889980257101200AE0084B94
:10D580009B78DB07F9D4084604F0DAFB07288CBF48
:10D590000020012070BD00BF00330141143701207D
:10D5A000B036012007280BD8DFE800F0040B111774
:10D5B0001D23292F184BD3F8643FC3F300430B708E
:10D5C0007047154BD3F8643FC3F34043F7E7124B62
:10D5D000D3F8643FC3F38043F1E70F4BD3F8643FC4
:10D5E000C3F3C043EBE70C4BD3F8643FC3F30053E2
:10D5F000E5E7094BD3F8643FC3F34053DFE7064B3D
:10D60000D3F8643FC3F38053D9E7034BD3F8643FA7
:10D61000C3F3C053D3E700BF00240141438B222B47
:10D6200004BF23238376428B40F223139A420AD10C
:10D6300022238376164B1A8842F003021A801A8836
:10D6400042F0100212E0837E122B12D004D8112B6C
:10D650004FF0010006D07047222BEBD0232B0ED0C9
:10D66000012070470A4B1A8860F301021A800020DB
:10D670007047074B1A88022161F30102F6E7044B59
:10D680001A8842F003021A801A886FF30412EDE739
:10D69000C034014170B504461546866B026C5AB918
:10D6A00003681BB100200136A66370BD8068FDF7DA
:10D6B000F3FA0023A360F6E76DB940680BF042F877
:10D6C0006368226C13446360A268934219D3236891
:10D6D00063602846E7E7C0680BF034F8226C5142DB
:10D6E000E3689B1AE3602268934202D2A3680B446A
:10D6F000E360022D01D00020D5E726B1013E0020D5
:10D70000D1E72846CFE70020CDE7F8B50C461F4605
:10D71000064615460AF022F940F6C4139C4211D081
:10D7200003F2E2439C420FD040F2E2418C420CBF34
:10D7300004210021052FB38A08D101EB83010139AF
:10D740000844F8BD0821F5E70C21F3E7B5F5AB7FF8
:10D7500012D007D8A5F1FA025542554101EB8301D9
:10D76000491BEDE7B5F5517F08D040F2E6629542DE
:10D770000CBF06250025F1E70225EFE70325EDE7BD
:10D780007FB50689B6F5706F30D2C46821888B1FCB
:10D790009BB240F67A40834228D86288931F9BB29E
:10D7A000834223D8914221D8A388B3F5FA7F1DD2B2
:10D7B000E3880A3B9BB240F67642934216D8304645
:10D7C00007F09AFF054688B1837C8BB9ADF80060FD
:10D7D0002368CDF802306368CDF80630684606F05D
:10D7E000A9FF08B90123AB7404B070BD0320FBE7A7
:10D7F0000120F9E770B5867A012E31D8008908F04A
:10D800008FFD054670B3C16D61B34B785B0729D5B9
:10D8100026B10C21BDE87040FDF7D8B8C3782BB90C
:10D8200001F5E871BDE8704002F008BE0C79A4B1C2
:10D830000E71C16D01F5C87102F000FE044640B9D9
:10D84000EB6D0246A03301462846FBF76BFD2046F0
:10D8500070BD334632460121F6E701238B70F6E7AF
:10D860000324F4E70124F2E7F7B590F84E300546BB
:10D870000F46144663BB05200BF0AAFF064648B3CB
:10D88000042100F110030DEB010001930BF01AFECF
:10D89000394601A80BF01CFE214601A80BF018FE2A
:10D8A0003246052128460AF0DFF9044660B9042310
:10D8B000A5F8660085F84E30074905F15C00F4F7DD
:10D8C00019FE204603B0F0BD30460BF0ABFFF8E781
:10D8D0000724F6E70224F4E7A064D10173B50C46EF
:10D8E00008F07AF9054678B32388808802338342AA
:10D8F0002CD8EB7C082B29D10BF06AFF064608B325
:10D9000000F11003092101A801930BF0DBFDA178C0
:10D9100001A80BF0D7FD2146019831F8032B0BF03D
:10D9200099FF21880231324689B228460AF09CF9D3
:10D93000044618B9E874204602B070BD30460BF0BA
:10D9400071FFF8E70224F6E70324F4E70124F2E785
:10D950002DE9F04387B004AD914698460E46074640
:10D96000039501F0C1FF0446014603A8ADF8087015
:10D970008DF80A600BF0A6FD394603A80BF0A8FD50
:10D98000314603A80BF09EFD99F8001003A80BF098
:10D9900099FD98F8001003A80BF094FD02AB0093DA
:10D9A00001950423062242F2760140F2011008F0AC
:10D9B000C5FB034B33F8140007B0BDE8F08300BF8C
:10D9C0000EBA010110B5C288012A10D014B214B1E8
:10D9D000022A2AD010BD008908F0A2FC0028F9D044
:10D9E000234622460221BDE81040FBF79BBC0220E3
:10D9F00008F0ACFC0F4B1B68DA6804465AB10BF018
:10DA000007FF0028E6D0002CE4D020460821BDE81E
:10DA10001040FCF7DBBF0028DCD0C06DD978EB30BC
:10DA20000BF0F8FE0028D5D0EFE7BDE8104005F078
:10DA3000FFBA00BFC001002038B51A4C1A4D236848
:10DA400013F0100F1AD0236823F0730323602368A8
:10DA500043F00C032360032007F03EFD2B6823F006
:10DA600073032B602B6843F00C032B60052007F039
:10DA700033FD0520BDE8384007F02EBD2B6823F0AC
:10DA800073032B602B6843F00C032B60032007F01B
:10DA900023FD236823F073032360236843F00C0302
:10DAA0002360E3E7283A0141203A014110B5194BC0
:10DAB000048E1A68418E64F30F021A601A6861F3CB
:10DAC0001F421A600C3B1A686FF34D321A60124AFB
:10DAD000B0F85C40116864F30F011160196841F0FF
:10DAE000800119600D49046C0C6090F8444048684E
:10DAF00064F304004860196841F040011960196836
:10DB00004806FCD419684900FCD51068C0F30540EC
:10DB100010BD00BF60340141B034014158340141AF
:10DB200073B5044600890BF077FE80B32089E56861
:10DB300008F052F8044630B328790BF083FEA06455
:10DB400018B3F42384F84C302B88A4F844306B8845
:10DB5000A4F846302A7984F84D206E1D31460AF02B
:10DB6000F1FD6A88298801962B79009320464FF4AD
:10DB70002053FCF72DFB054610B120460AF09EFC11
:10DB8000284602B070BD0325FAE70225F8E7042510
:10DB9000F6E7F7B500EB81060546B36993F8043163
:10DBA0001446A3B901AA6946608907F01DFE70B149
:10DBB000009AA3899789B069BB4201D9072304E081
:10DBC000E289D118B94209DD0D2380F8043195F8B6
:10DBD0003B30013385F83B3003B0F0BDB3F5807FB7
:10DBE000ECD8B1F5807FEFDC0433616818440AF0AB
:10DBF000A9FDA189E389B2690B4451888B42C8BF52
:10DC00005380E4E738B5837C1D2B04461CD10023E8
:10DC100083744FF482700BF015FE054648B114234F
:10DC200003702388838006F005F90421284608F054
:10DC30002DFF04F17400F6F70FFE4FF482700BF025
:10DC400001FE054608B9208238BD0C2303702388E5
:10DC50008380238AC380122B08D10023238206F0FD
:10DC6000E9F82846BDE838400BF0EEBD0421BDE8D8
:10DC7000384008F00BBFA62A00B5C5B0174B1B787B
:10DC800083B1012B22D14FF0FF3203A914480BF0CE
:10DC9000B7F8D8B19DF80C30C3B90DF10D0003F001
:10DCA00057FD13E001F046F90023ADF806300122DC
:10DCB0008DF804208DF80530ADF8083001A9022058
:10DCC0000AF09CF828B1054B01221A7045B05DF8A6
:10DCD00004FB1C210348F7F79DFEF4E768000020D1
:10DCE0006C000020C4330201141403030301010A71
:10DCF0000603033C131303030301010A0603033C59
:10DD0000121202020201010A0502023C1111020272
:10DD10000201010A0502023C121102020201030B78
:10DD200005020246131203030301050C0502024615
:10DD3000131303030301060D050202461414030323
:10DD40000301070E050202461F1F1C1C181814149D
:10DD5000141414141414141430B50589B5F5706F27
:10DD600085B02DD2C46821888B1F9BB240F67A40C3
:10DD7000834225D86288931F9BB2834220D8914268
:10DD80001ED8A388B3F5FA7F1AD2E3880A3B9BB268
:10DD900040F67642934213D8284607F0ADFC78B19E
:10DDA000084BCDF80A30ADF800502368CDF80230AA
:10DDB0006368CDF80630684605F0B4FB05B030BDA9
:10DDC0000320FBE710002000F7B5044600890BF0A4
:10DDD00023FD78B32689304608F058F9074628B362
:10DDE000162064890BF02EFD054608B300F11003E0
:10DDF000132101A801930BF065FBB97901A80BF081
:10DE000061FB022101A80BF063FB214601A80BF086
:10DE10005FFB2A460621304608F013F8044610B18D
:10DE200028460BF011FD204603B0F0BD0124FAE7AF
:10DE30000224F8E70424F6E738B5008908F070FA00
:10DE4000044668B38378022B2AD1FCF745F80546CF
:10DE500070B9204601F0B6FFE26D5378022B15D160
:10DE6000104B1B681B78022B04D1204604F08EFC5B
:10DE7000284638BD042B07D192F8E430022B204607
:10DE8000F4D109F0E1FBF3E72046FAE7032BEFD1E9
:10DE900094F85730002BEBD1204609F0E6FBE7E77A
:10DEA0000325E5E7C0010020052937B504461546DE
:10DEB00030D15C30F6F7D0FC013501A968460195F8
:10DEC0000BF0D6F901A90DF102000AF0ABFC01A993
:10DED0000DF101000BF0CCF99DF80010204607F081
:10DEE000E2FA0546B0B94FF482700BF0ABFC70B1AA
:10DEF0000570228882809DF800208271BDF8022082
:10DF000002819DF801208272042108F0BFFD2046A5
:10DF10000AF0D4FA03B030BD184B1A6802B1126887
:10DF2000174B1B6803B11B681649086800B10068ED
:10DF300042B192F82C10012904D1D27B02F0FD02EB
:10DF4000012A15D043B193F82C20012A04D1DB7BA0
:10DF500003F0FD03012B0DD078B190F82C30012B8C
:10DF60000AD1C07B00F0FD00431E58425841704763
:10DF7000104670471846704700207047480100203F
:10DF8000500100204C0100202DE9F0470C1E804676
:10DF90004FF054014FF00100914614BF4FF0040AB6
:10DFA0004FF0010AFEF7AEFF0646E0B10568104BE0
:10DFB0004360342707FB0AF7A8602C7338460BF040
:10DFC00041FC3A46286500210AF0C4FE4CB9094BD1
:10DFD000C5F81130012385F81090EC816C7585F837
:10DFE0002E30002000E00720C8F80060BDE8F08770
:10DFF000853102010013001038B590F8F430184D47
:10E0000013F00203044625D008F05FFB154B94F88B
:10E01000FA101A6861F307021A601A6894F8FB1084
:10E0200061F30F221A601A6894F8FC1061F317422A
:10E030001A601A6894F8FD1061F31F621A609A88DA
:10E0400094F8FE1061F307029A802B6843F0806316
:10E050002B6038BD2A6863F39A622A60F9E700BF33
:10E0600030340141B434014152433A505F666C6729
:10E070003D3078253038780052433A7072693D253A
:10E08000642C636C6B3D3078253034780052433A11
:10E090004E5F666C673D3078253038780052433AE1
:10E0A0007072693D25642C636C6B3D30782530348B
:10E0B000782C636F6E743D300052433A7072693D44
:10E0C00025642C636C6B3D3078253034782C636F7D
:10E0D0006E743D3100300000012A2ED938B5054656
:10E0E0000C464FF0010C00BF14F80C10A9420CD0E4
:10E0F0000CF1010EA4441CF8011C51FA8EFC5FFACD
:10E100008CFC6245F0D8002038BD624517D90CF16F
:10E11000FF35605D0CEB00010139914201DD00200B
:10E12000F2E70CF1010C421E04EB0C0118460AF058
:10E1300009FB605D0138C0B2E6E7002070470020AF
:10E14000E2E700BF10B504464181C3818281F8F740
:10E150008FFA631EA11CAA2013F8012F4240994296
:10E160001A71F9D10BF091FA0C23B0FBF3F202FB18
:10E170001300627D0D4B053060F304021B6862756D
:10E18000197B61F3471262756289092A0BD908214C
:10E19000502AE17128BF5022228153F8602F22615A
:10E1A0001B79237510BD511EE171F5E74401002074
:10E1B00030B5172185B00546002009F012FA044653
:10E1C00050B30C2101A8FDF7A7FC01AB03CB05F56B
:10E1D0008572039BC5F80A015160C5F81A312946BA
:10E1E0000323237351F8FF3FC4F80D304B68C4F884
:10E1F0001130B5F80831A4F815301368C4F8173099
:10E200005368C4F81B30D5F81A31C4F81F302846BB
:10E210002146FBF72BF9012005B030BD38B50024AD
:10E22000124B0546214624221148C3E900430AF057
:10E2300091FD104B104A1C60104B01211C70104BBB
:10E2400008461C700AF082F90E480BF02DFB286975
:10E25000FDF728FD02F0B0FE04F0E0FA09F064FFDB
:10E2600021466868BDE8384006F03CB8B801002097
:10E2700048330120983601200908020104010020DA
:10E28000400100206D51020130B5174D02682B6826
:10E29000C3F802208288DA802B68012289B01A72C2
:10E2A0005B6C0446984710B12B681B6C98470023A1
:10E2B0001A460E49022000F0A5FD637906932379E2
:10E2C0000593E3780493A378039363780293237808
:10E2D0000193074B0093022201231A21EC20F6F749
:10E2E00071FD002009B030BD3C0100200207010093
:10E2F000285A020113B5174B009302220123232150
:10E30000EC20F6F75FFD0BF067F920B903F08AFD0A
:10E31000002002B010BD104C23689B6C984760B978
:10E320002368DB6C984740B923681B6D984720B978
:10E3300023685B6D98470028E8D00C24074B0093B6
:10E34000EC20019401230022FF21F6F73BFD20463B
:10E35000DFE700BF949602013C010020E685020140
:10E3600037B5174B174C0190009305460123022245
:10E370002721EC20F6F726FD23689B6C9847A0B96F
:10E380002368DB6C984780B923681B6D984760B998
:10E3900023685B6D9847044638B9012D08BF2846AD
:10E3A00009F06CFB204603B030BD0C24064B0093F3
:10E3B000019401230022FF21EC20F6F703FDF1E791
:10E3C0001C7B02013C010020E6850201F8B50E46E7
:10E3D000074615460AF028FC0028114630460CBFB7
:10E3E0000024092405F08EFEF8B9BCB9104B204674
:10E3F0000A2200BF02FB00F131F803C0BCF5706FC8
:10E400000ED15A180331178096700B442A681A608F
:10E41000AA889A80074A1378013313702046F8BD02
:10E4200001300828E6D11F24F8E70B24F6E700BFE7
:10E43000AC3101200737012070B5184D2C6824BB82
:10E4400030200BF0FFF9286008B9002070BD3022A1
:10E4500021460AF07FFC124C26684EB918200BF0BA
:10E46000F1F920600028F0D0182231460AF072FC41
:10E470002268002313602268C2E90133D3602A684E
:10E480000120C2E90133D360E0E7002420460134D3
:10E49000E4B2FAF701FD082CF8D1DCE7C401002052
:10E4A000B4000020FF282DE9F84F80468A46174621
:10E4B0004FF00005144B05D11570987800F001005D
:10E4C000BDE8F88FD3F80090104E680029FA00F0EC
:10E4D00000F00304012C5FFA85FB0CD106225146A3
:10E4E000701D09F017F930B93379434503D187F826
:10E4F00000B02046E4E70135082D06F10906E4D115
:10E5000007233B700020DBE7B036012014370120E1
:10E510000F2A38B505460C4626D190F8E43013BBD7
:10E520003020F7F7D9FFC5F8B801E0B1B4F80130F1
:10E530000383B4F803304383B4F805308383B4F81D
:10E540000730C383637A80F8203063894384A389CA
:10E550008384E389C384238A0385638A4385A38AEA
:10E560008385E38AC38538BD90F8E230112B01D052
:10E57000032BF8D1D5F8B401D7E7002A70B5C2B0A3
:10E58000044640880BF0A9F8B0B10546628861687E
:10E590000AF0D8F82378042B10D000228DF804203C
:10E5A00023788DF805306388ADF80730CDF8095031
:10E5B00001A90B480AF0EEF942B070BD2B78122B7E
:10E5C000EBD1A87A80000BF088F806460028E4D04A
:10E5D000AA7A920069680AF0B5F86E60DDE700BFBC
:10E5E0006C000020037A4BB3428803889A421ED302
:10E5F000C188B0F804C08C4519D8052B17D9B2F5DD
:10E60000486F14D8B1F5FA7F11D20F4B1B68012265
:10E6100083F82A2002881A8442885A8482889A843D
:10E62000C288DA84027A83F8282000207047064BDB
:10E630001B68002283F82A2003207047024B1B68C6
:10E64000002083F82A007047C435012038B50546FC
:10E650000C46154B1B7843B1FDB90CB3134B93F922
:10E6600000305BB14FF0FF3038BD114809F0A2FE19
:10E6700001280FD10C4B01221A70EDE7A0680B4B5B
:10E68000986062685A60022119705368216898473F
:10E690000020E9E74FF0FF30E6E74FF0FF30E3E717
:10E6A0004FF0FF30E0E700BFFA3601203835012097
:10E6B000D83501208D9302016D9602016D960201FD
:10E6C0006D9602016D9602018D9302018D930201F8
:10E6D0006D9602016D9602016D9602016D96020122
:10E6E0006D9602016D9602016D9602016D96020112
:10E6F0006D9602016D960201BDBF0101F528020170
:10E700008D9302018D9302018D9302016D9602019A
:10E710006D9602016D9602016D96020170B5164D5F
:10E720002E68B3682C463BB12268D37873B1134886
:10E73000FEF7E0FC002070BD51200BF083F82B6841
:10E74000B0609B68002BEFD10220F4E792680220B2
:10E7500082F8503007F0FAFD054658B920681030AD
:10E76000F6F77AF82368064883F82850BDE8704029
:10E770000AF014BD0720DEE7C001002024380201A2
:10E78000F5D0010101000000A9DE01010300000035
:10E79000A5EF010105000000E51C010107000000D4
:10E7A000357701010900000059A600010B000000A7
:10E7B000895702010D000000B95702011100000045
:10E7C0008946010113000000031202011700000036
:10E7D000B1C9010119000000191902011B00000054
:10E7E000FD8701011D000000FD870101F8B500262D
:10E7F0000E70C3885A1E0D2A05460F4603D8BDE881
:10E80000F840F7F723BB103B072B03D8BDE8F840CF
:10E81000EEF7B2BB4FF482700BF014F80446B8B1B7
:10E82000A88807F0D9F990B1AB7AC3740A23237092
:10E83000AB88A380EB88E380AB7A23722B8963815A
:10E840002046042108F022F901233B703046F8BD30
:10E850008020FCE773B50546044600F12006A36955
:10E860002BB301AA6946188806F0BEFFE0B1A36980
:10E87000194631F8042B032A1CD05A88009B58688B
:10E8800009F060FF009BA2699B6852881A80009B78
:10E890009B7B9B0605D5A169284631F8042BFCF724
:10E8A000CDFAA0690AF0D0FF0434B442D7D10020D9
:10E8B00002B070BD987807F0ADFAE8E737B50446C6
:10E8C00000890AF0A9FF38B32089E56807F084F9C8
:10E8D000044618B32B78132B08D1C37C122B1FD1FD
:10E8E00003F0A8FB00B9E07403B030BD172B0BD1C7
:10E8F000C37C162B14D1A988EB886A88009105F196
:10E90000080100F0E5FBEDE7192B09D1C37C182BBA
:10E9100006D102F09FFCE5E70420E5E70320E3E7EA
:10E920000120E1E7202837B5054628D809F02AFB61
:10E93000144A042D98BF136812689DBF1B68B3FA70
:10E9400083F35B09012302EBC302146844B121681D
:10E95000116001B952601BB1237943F04003237168
:10E9600008F06AFB44B9084B009301950523224641
:10E970000321EF20F6F726FA204603B030BD00242D
:10E98000FAE700BF64360120748B020100B593B032
:10E9900041F20303ADF8003090F8F2308DF8041026
:10E9A0006FF3000380F8F2300388ADF80630A9B9A0
:10E9B00090F8E230112B01D0032B02D1D0F8B43102
:10E9C0000BB9D0F8B8319A8A1B690293ADF80C20C4
:10E9D000684606F0E5FB13B05DF804FBD0F8B431EF
:10E9E0005A88ADF808209A88ADF80A20DB88ADF87F
:10E9F0000C30EDE725292DD8DFE801F01313132C97
:10EA00001F2C13132C132C1313132C2C13132C1334
:10EA10002C132C13132C2C2C2C2C132C2C2C2C2C9A
:10EA2000131390F8F2305A0714D56FF3820380F86D
:10EA3000F23000F5B070F5F70FBFC37D53B990F811
:10EA4000F230054943F0040380F8F23000F5B0706D
:10EA5000F3F750BD704700BF005A620230B5164D43
:10EA60008BB0042107202C68FEF74CFA2B68206439
:10EA70001A6CFAB1114951601A6C13681A60104A85
:10EA80000992002448F6B802CDE90422CDE90644F3
:10EA90004FF440622968009203941B680893483140
:10EAA0006846F4F743FD2B68986CF3F745FA204667
:10EAB0000BB030BD0720FBE744010020C931020143
:10EAC00065280201037803F00F03072B1CD8DFE849
:10EAD00003F004070B1B0D1B091113234B80704718
:10EAE0001523FBE71223F9E71023F7E74B8843F0E0
:10EAF0000803F3E78378C3F38113DAB2012A0BD05A
:10EB00005BB223B1022A0BD04FF6FF73E6E78B7E90
:10EB1000002BE3D00423E1E78B7E2BB10523DDE757
:10EB20008B7E0BB10623D9E74A80704770B50E463D
:10EB300090F8371040F2E24304464B43B2B1203321
:10EB4000C0F88C300025204600F0BEFF4FF49C73C7
:10EB5000B0FBF3F203FB1203C4E92032E37D73B987
:10EB6000023664232667C4F88C3070BD058F03F22B
:10EB700082230035C0F88C3018BF0125E3E7D4F8B4
:10EB80008C3040F27222761B02FB05352667C4F8F2
:10EB90008C50EAE7F8B5184E90F85030326844339C
:10EBA000044652F8337007BB06F0CEFF054684607A
:10EBB00004F072F92F6094F85020336803EBC2021E
:10EBC000D2F824226A6094F8502003EBC203D3F8F1
:10EBD00024321D6094F85020336803EBC203C3F85D
:10EBE0002452BDE8F84007F04DBEBB689C4201D0FE
:10EBF0003F68D8E7F8BD00BFB001002010B5184A43
:10EC0000047802F58453596964F30F2159615969F5
:10EC1000447864F3174159615969847864F31F613A
:10EC2000596102F58453C478996964F307019961C5
:10EC30009969047964F30F2199619969447964F3BE
:10EC4000174199619969847964F31F61996102F5AB
:10EC50008453C1799A8B61F307029A8310BD00BF78
:10EC6000002401412DE9F0479A46174B1C6814F81F
:10EC70000B6B074688469146002500BF26FA05F330
:10EC8000DB0717D5237803F00103BB4212D106221C
:10EC90004146601C08F03EFD60B910224946E01D67
:10ECA00008F038FD30B91022514604F1170008F081
:10ECB00031FD38B10135082D04F12704DED10020E3
:10ECC000BDE8F0870120FBE7CC01002008B590F8F3
:10ECD0009920012A01D0002008BD90F8CD20002AFB
:10ECE000F9D1B0F8F02040F207139A42F3D102F0C4
:10ECF000E1F9C378DB06EED504210230F4F71EFEFD
:10ED00000028E8D090F90030002B4378807800F09C
:10ED10001F0043EA0020ADBFC0EB00104FF4967314
:10ED200010FB03F0400044F25063984294BF00206F
:10ED30000120D1E70E4B10B500241C700D4B1C6058
:10ED40000D4B1C600D4B1C600D4B1C6006F0A4FFAE
:10ED50000C4B0D491C700D4B1C700D4B1C700D4B5A
:10ED60001C700D4B01201C700AF048FC204610BDA1
:10ED70000F370120C8360120CC360120D0360120C3
:10ED8000D43601200E3701202D600001F70100204C
:10ED9000F6010020F5010020F40100204741503A1F
:10EDA000457674207263762C6E6F20617661696C93
:10EDB00020636F6E6E2C2068646C3D307825303493
:10EDC000782C2065767449643D307825303278009F
:10EDD0004741503A457674207263762C6E6F2066F8
:10EDE00072656520636F6E6E2C2068646C3D3078B0
:10EDF000253034782C2065767449643D3078253090
:03EE000032780065
:10EE04002DE9F041074690B20E4615469846FFF7A5
:10EE140087FD044628B30279C680330E63F30202E9
:10EE2400330C0271437125B12A464146083009F07A
:10EE340087FC032F15D8DFE807F002080C102046E2
:10EE440006F060FD0020BDE8F081204603F0A4FA3E
:10EE5400F8E7204606F06EFDF4E7204603F0C0FA1A
:10EE6400F0E71F20EFE7F8B50E4617461D4607F0FA
:10EE740055FA044640B390F852303B700020012EFE
:10EE840028700BD194F859302BB994F858301BB929
:10EE940002232B700020F8BD0123FAE7022E08D1CB
:10EEA40094F85930002BF0D094F85630002BF2D15E
:10EEB400EEE7032EEFD194F85930002BE5D094F807
:10EEC4005730002BE4D0EFE70320E4E7174B1A6830
:10EED400037B03EBC30102EB8101896B03EBC303E7
:10EEE40002EB830292F84020EAB110B504460B46C7
:10EEF40001EB820153F8042B127912F0010F03D1B4
:10EF04008B42F7D1002010BD23685A8819882089C4
:10EF140008F0DDFA072801D00120F4E72368042271
:10EF24005A710120EFE70020704700BFD03501205F
:10EF340008B5F5F7D3FEF3F725F908BDEFF309801B
:10EF4400BFF36F8F154B1A681EF0100F08BF20ED2A
:10EF5400108A20E9F04F10602DE909004FF02000DD
:10EF640080F31188BFF34F8FBFF36F8FF9F796FAD1
:10EF74004FF0000080F3118809BC19680868B0E8F4
:10EF8400F04F1EF0100F08BFB0EC108A80F3098810
:10EF9400BFF36F8F704700BFAFF300803836012096
:10EFA40073B50E4602210446154606F07AFAF0B906
:10EFB40004F15C00F5F74EFC032E18D1691C0DF129
:10EFC40006000AF077FABDF80630172B11D817237C
:10EFD400A3804FF482700AF033FC40B10E22027019
:10EFE40022888280A288C280042107F04DFD02B0ED
:10EFF40070BD034A5288934228BF1346E8E700BF16
:10F00400B000002038B5124C23680546F3B111490D
:10F01400042009F05DFA01200F490AF0D5FA2368AB
:10F02400002403F1100203F1300000BF52F8041B66
:10F0340001B18C648242F9D1084AF72115805180CC
:10F04400074A9A60074ADA60002038BD0120FCE7CD
:10F05400C4010020C98C0201B8600201B000002084
:10F06400BD670201BD78020170B5174B1B681E68AD
:10F0740001250EB9284670BD7468D4E901131878C7
:10F0840009F0EAFFF289B1890132521A92B2234699
:10F0940004EB02129A4201D13668EAE7D97B11F0F7
:10F0A400440F01D010280CD011F0660F07D1012DA8
:10F0B40003D111F0880F18BF02251033EAE70325A6
:10F0C400FBE70425D6E700BFB40000202DE9F74391
:10F0D4005D1DADB207462846884691461E460AF095
:10F0E40075FB044610B300F11003172101A8019326
:10F0F4000AF0E6F9494601A80AF0E8F9BDF8281033
:10F1040001A80AF0E3F932464146019809F018FBD8
:10F1140029462246384608F0A5FD054610B120468A
:10F124000AF07EFB284603B0BDE8F0830225F9E728
:10F13400F0B50E468BB00968CDF80E107168CDF8A5
:10F14400121007465968ADF80C0018681288ADF81B
:10F15400162006AC03C49868D96803C431463846FF
:10F16400F7F718F80DF10B03019303AB8DF80B00BF
:10F17400009300221C2342F2190140F2011006F010
:10F18400DBFF9DF80B20024B33F812000BB0F0BDEF
:10F194000EBA01012DE9F04100F1200694B00D46AC
:10F1A4000A4631468046F3F799FE03AC20278DF8D2
:10F1B4000B003A464146204609F0C2FA3A46314627
:10F1C4000BA809F0BDFA0DF10B03CDE900430122B0
:10F1D400412342F2260140F201108DF84C5006F012
:10F1E400ABFF9DF80B20034B33F8120014B0BDE8BD
:10F1F400F08100BF0EBA01012DE9F34180461746A4
:10F204001C4606F037FB064618B32379A4F806809B
:10F2140023F00F0343F002032371678120460AF0B1
:10F224001FFB054658B908F500510C3401900246FD
:10F2340000943B4689B24FF4817006F07DFF064B83
:10F2440033F8150010B9B3780133B37002B0BDE8D8
:10F25400F0814FF48170F9E77C900201144B70B592
:10F264004FF00072134C144EC3F8842123681BB969
:10F27400BDE8704009F074B908F082FE25682B6877
:10F28400236003B9646007F0D5FE01236A79337003
:10F294000A4B284653F82230984795F90430002B3E
:10F2A40002DB284605F0C4FE00233370DEE700BF0E
:10F2B40000E100E0E8000020FF3601207C35012059
:10F2C40030B585B0154B0093CDE9010105460C46D8
:10F2D400EC20012302224F21F5F772FD284608F0A5
:10F2E40023F8A8B1006890F8E430112B12D121461C
:10F2F40007F066FF80B90724094B009301940123AA
:10F304000022FF21EC20F5F75BFD204605B030BD5F
:10F314000224F1E70C24EFE70024F6E73C55020150
:10F32400C66802017FB5164B0093CDE9010105467D
:10F334000C46EC20012302225A21F5F741FD284610
:10F3440007F0F2FF88B106682146304608F099FFBD
:10F35400054658B9A6F854416408A6F85641304603
:10F3640005F0E6F8284604B070BD0225054B00936D
:10F37400019501230022FF21EC20F5F721FDF1E79F
:10F384006E550201C668020170B58CB0134B0B9325
:10F3940000230993124E079103F27123069301236C
:10F3A400029331680F4B08901B680A9305463C3161
:10F3B40002A8F4F7B9F8044618B93368D86BF2F721
:10F3C400B9FD094B0093019501230222D421EC20BD
:10F3D400F5F7F6FC20460CB070BD00BFC91502015C
:10F3E4002C02002030020020DB8D020113B50C46F4
:10F3F40007F09AFF28B3036893F84020227093F82B
:10F404004120627093F84220A27093F84320E27086
:10F4140093F84430237100240B4B00930222012300
:10F424003521EC20F5F7CCFC44B1084B0093019452
:10F4340001230022FD21EC20F5F7C2FC204602B096
:10F4440010BD0224E8E700BF797702018A77020140
:10F454002DE9F0410646174600EBC205B94227DA0A
:10F46400D5F800C04C1E06EBC1031868A0EB0C02D3
:10F47400520209D5013406EBC402D2E9008E1060B1
:10F4840058685060C3E9008E08339D42EDD1631C77
:10F4940006EBC303D3E9000C2A681A606A685A6051
:10F4A400C5E9000C22463046FFF7D2FFA11CD5E780
:10F4B400BDE8F081F0B5054685B011200E460AF08E
:10F4C40085F9044630B300F11003032103A8039324
:10F4D40009F0F6FF039A3368136073685360B368E6
:10F4E4009360F368D3600627009700232246112116
:10F4F400288805F0BDFF064640B9EB7823B90523FB
:10F50400AB70304605B0F0BDAF70FAE720460AF0A4
:10F5140087F9F6E70226F4E74C32433A457674203D
:10F524007263762C6E6F206672656520636F6E6EF3
:10F534002068646C3D3078253034782C65767449C5
:10F54400643D307825303278004C32433A45767445
:10F55400207263762C6E6F20617661696C20636F14
:10F564006E6E2C68646C3D3078253034782C65766A
:10F574007449643D30782530327800534D503A4513
:10F584007674207263762C6E6F20667265652063D4
:10F594006F6E6E2068646C3D3078253034782C654D
:10F5A400767449643D30782530327800534D503AB2
:10F5B400457674207263762C6E6F20617661696C77
:10F5C40020636F6E6E2C68646C3D3078253034781F
:10F5D4002C65767449643D3078253032780038B52E
:10F5E400E5F78FF90446E2F7C7FFACB900B938BDB7
:10F5F400012009F0D3F80546012005F033FD044647
:10F604002946012009F0CEF9002CF0D0012C13D1A9
:10F614000120E2F7D5FF0FE0012009F0BFF805460D
:10F62400012005F01FFD04462946012009F0BAF91E
:10F63400002CDCD0E5F76CF9002005F013FDD6E7CB
:10F6440073B5047A04B3C5680023E91FDAB294429F
:10F654001FD805F031F900262B78003318BF012399
:10F664008DF800302B46013653F8012FCDF80120D8
:10F674009B88ADF805306846F6B204F015FCB44238
:10F6840005F10705E8D101E005F016F9002002B004
:10F6940070BD0133C3EBC3028A5C032AD6D90320AD
:10F6A400F5E7434D443A536574506174684C6F7385
:10F6B400735265706F7274696E67506172616D2CFC
:10F6C40048646C3D307825782C68696768546872A2
:10F6D40065733D25642C68696768487973743D25B2
:10F6E400642C6C6F7754687265733D25642C6C6F61
:10F6F40077487973743D25642C6D696E54696D6522
:10F704003D256400154BDA6822F4E0621204120C01
:10F7140042F0BF6242F40032DA60BFF35F8F62B638
:10F72400E02183F823100E4A82F8031308201060A6
:10F7340082F80F134FF4004111605A6A42F4802298
:10F744005A625A6942F010025A615A6A42F400320B
:10F754005A625A6A42F480325A62704700ED00E0FD
:10F7640000E100E038B5008906F0D8FD044610B980
:10F774000125284638BDC36D002BF9D1C378E3B900
:10F78400F8F75CFA0028F3D1E36DA27A83F85821E4
:10F794002346E26D53F8041FC2F859119B88A2F85E
:10F7A4005D312046FBF758F905460028E1D10449AC
:10F7B40004F16000F2F79CFEDBE701F025FCF3E7BF
:10F7C400A064D101020000000175010104000000E1
:10F7D4004905010106000000B10F01010800000005
:10F7E4004DA100010A000000096801010C0000009D
:10F7F400E541010110000000ADD400011200000039
:10F804004D97020152000000C18A02011600000057
:10F81400FDF90001180000009D5C01011E000000BC
:10F8240005DC010170B5164D00242B6803EB84033D
:10F834001A6992B1D17881B1012656721B69188870
:10F8440009F0E8FF48B1221D2B6853F822303146F5
:10F854004FF6FF72187800F0C9FB0134082CE4D18C
:10F864004FF4827009F0ECFF40B1102202700022C4
:10F87400828001228271042107F006F9002070BD04
:10F88400C4010020F0B589B006AD16460F46ADF8A8
:10F894000E000595FCF792FE0446014605A809F002
:10F8A4000FFEBDF80E1005A809F010FE397805A862
:10F8B40009F006FE317805A809F002FE0DF10E03E9
:10F8C400009301950223052242F2300140F2011017
:10F8D40006F032FC024B33F8140009B0F0BD00BF4F
:10F8E4000EBA010173B50C4616461D4607F01CFD01
:10F8F400F8B1611EC9B2006808F062FE0E4B3070A8
:10F9040093F901302B7000240C4B00930222012345
:10F914005221EC20F5F754FA44B1094B00930194B9
:10F9240001230022FD21EC20F5F74AFA204602B01B
:10F9340070BD0224E8E700BFD2010020275F020166
:10F94400445F0201BD1A3CCDA6B8995899B740EB63
:10F954007B60FF4A503F10D2E3B3C974385FC5A33C
:10F96400D4F6493FE69D350E480103CCDBFDF4ACEB
:10F974001191F4EFB9A5F9E9A7832C5E2CBE97F297
:10F98400D203B0208BD28915D08E1C742430ED8F15
:10F99400C24563765C15525ABF9A32636DEB2A6591
:10F9A400499C80DC30B5134D2C78012C95B017D1CF
:10F9B40001F0ACFAB8B9104B5B8802222A706BB91B
:10F9C4000E4B0093EC202346B421F5F7F9F941F2EC
:10F9D400110302A8ADF8083005F0E0FB06F06AF860
:10F9E400002015B030BD00231A4605490320FFF757
:10F9F40007FAF5E708340120CC33012038960201D8
:10FA04000501010137B5144D2B786C781BB1012B1E
:10FA140015D003B030BD013C012CFAD806F032F801
:10FA24000E4B01900446009302220123C521EC20D1
:10FA3400F5F7C6F9002CECD101232B70E9E7002C73
:10FA4400E7D1074A0092C6210222EC20F5F7B8F963
:10FA540009F0F2F82C70DCE754010020E85A0201A6
:10FA6400055B020110B5144C226892F8383013B3C8
:10FA740004281AD01149096891F9041000291ADAE6
:10FA8400FF2812D1002382F838300D48F4F7E2FE43
:10FA940022681378D9060ED56FF304131370236804
:10FAA400BDE81040D86BF9F77FBD013BDBB282F8AB
:10FAB4003830002BE9D010BD2C0200204401002076
:10FAC4001402002038B50146C07D30B391F82A00F5
:10FAD40008F0A6FD114B1B680246187B08F0A0FD38
:10FAE4004D8F1044684340F2E24404FB00F20C4C96
:10FAF400B2FBF4F004FB102404B101304B7E212B43
:10FB040040F2712303FB05F308BF00F28D10A3F14B
:10FB14009602904228BFA3F1970038BD440100200B
:10FB240040420F00F8B5164D90F850202968443231
:10FB3400064651F8324004B9F8BD03F0ABF9276822
:10FB440006F09EFEA3689E4217D103F0A3F9D4E900
:10FB5400003253B15A60D4E900231A6006F090FED3
:10FB64002046BDE8F84004F061BB96F850102B68BD
:10FB740003EBC103C3F82422EDE73C46DBE700BFF7
:10FB8400B001002073B5C36D0446A3B94388012BAB
:10FB940011D101910DF1030001A909F067FB104B8C
:10FBA4009DF803501B689B793BB12B0705D40321B7
:10FBB4002046FAF709FF02B070BD012684F85450BC
:10FBC40084F85560082009F03BFE01460028F2D075
:10FBD4000670238883808571082009F06DFDEAE7AB
:10FBE400C001002070B5044607F056FF01460546E3
:10FBF400204602F0C9F804F1170304F1270200BFFC
:10FC040013F8011BC9B99342FAD101220C4E33688F
:10FC14002B442046DA7003F091FA272230680B2334
:10FC240012FB05331844214608F08AFD326801238B
:10FC3400AB4015781D43157070BD0022E6E700BF88
:10FC4400CC010020F0B587B00F4602AC014601A8F4
:10FC54001D461646019409F03FFC394601A809F0F7
:10FC64003BFC314601A809F037FC294601A809F0FC
:10FC740033FCA9050AD50A4BD3F81C21120203D47C
:10FC8400D3F81C31DB0101D5F8F70CFE2346102212
:10FC94004FF481310020FFF7B3F807B0F0BD00BF87
:10FCA4000024014137B50468A36F1B0405461AD428
:10FCB40003F0F0F8A36F43F40043A36706F0E0FDFC
:10FCC400D4E9241320465B1AD9B209F095FAD4F882
:10FCD400903001955B1AC4F89030042201AB0849B6
:10FCE4000120FFF78DF8237D3BB103F0D3F8A36F18
:10FCF40043F08063A36706F0C3FD03B030BD00BFCB
:10FD0400A104010110B588B004461822002102A8FC
:10FD140009F01EF80DF1020101A806F039FABDF848
:10FD24000220019B110423F07043019348BF03F1A7
:10FD3400FF3304939DF8083058BFADF80C2023F02E
:10FD44000C0348BF02F2E24243F00C0302A920462E
:10FD540048BFADF80C208DF8083009F0A3FA08B0BC
:10FD640010BD70B540B3002007F02EF906460120FF
:10FD740007F02AF90546022007F026F904464FF653
:10FD8400FF71002003F042F84FF6FF71012003F0E9
:10FD94003DF84FF6FF71022003F038F83146002099
:10FDA40007F024F92946012007F020F92146022012
:10FDB400BDE8704007F01AB9044605460646DEE77A
:10FDC40038B5C16D91F82C3091F8E85004461D40C7
:10FDD40091F8E90091F82D301840E378CBB9EA3175
:10FDE40006F02AFEE16D2E31284606F025FE94F831
:10FDF40057306BB1E26D92F8EA3023F0030382F8D6
:10FE0400EA30E26D92F82E3023F0030382F82E30AC
:10FE140038BD2E3106F010FEE16DEA31E4E7882B9F
:10FE240008B5154B9B7DD3B1134A137EDBB2927D8B
:10FE340012F0800F14D1104A137EDBB2927D12F0BF
:10FE4400010F02D013F0010F10D10B4A137EDBB265
:10FE5400927D12F0040F02D013F0040F09D108BDF3
:10FE640013F0800FE7D001F097FCE4E7F8F7C0FA4D
:10FE7400EBE7F6F71DFFF2E7000C004070B5C4682D
:10FE8400067A237843B1022E20D86378022B1DD83A
:10FE94000121084606F0E2F8204603F001FC05467D
:10FEA40048B90B4B22781E700A4B32B11A6813788A
:10FEB40043F002031370284670BD1A68137823F0C8
:10FEC40002031370012106F0C9F8F4E70325F2E7F1
:10FED400FB360120A400002030B583681C78012C77
:10FEE40085B025D85888021F92B243F6FC75AA4201
:10FEF4001ED899880A1F92B2AA4219D89A79032A5D
:10FF040016D8DB7913F0F80F12D1ADF806000DF115
:10FF14000A008DF80440ADF808108DF80B208DF818
:10FF24000C3007F077FF01A804F036FD05B030BDB2
:10FF34000320FBE730B5044689B0008909F06AFC68
:10FF440010B3208905F046FE0446D8B1F32380F8A7
:10FF54004C300DF10D050D4B436402934FF42051C9
:10FF6400022328468DF80C3009F06EFC00959DF8AC
:10FF74000C30BDF80A20BDF808102046FBF75AFAE9
:10FF840009B030BD0320FBE70420F9E70100FFFFBF
:10FF94002DE9F341064680880F461446984609F039
:10FFA40015FC054600B300F11003414601A8019376
:10FFB40009F086FAB388013B9C4288BF9CB224B105
:10FFC40022463946019809F043FC611C2A4689B24D
:10FFD400304607F047FE044610B1284609F020FCDD
:10FFE400204602B0BDE8F0811124F9E7F8B50F46C8
:0CFFF400154605F0EFFD064600B3FA20AC
:020000040102F7
:1000000009F020FC0446E8B10F4B40F8043B3946A8
:1000100009F01CFC2946A01D09F018FC1D2384F8DA
:10002000F83021463088EEF753FE054618B9737A4A
:1000300043F002037372204609F006FC2846F8BD1F
:100040000325FBE70225F9E71200040038B590F814
:10005000E43004460D4633BB0C20F6F73DFAC4F8F5
:10006000B801B5F801300381D4F8B831B5F80320F0
:100070005A81D4F8B831B5F805209A80D4F8B8314F
:10008000B5F80720DA80D4F8B831FB221A8094F84A
:10009000EE3013F0080FD4F8B83114BF44F29022B8
:1000A00040F648025A8038BD2DE9F84390F8B05127
:1000B0000646894617469846EDB90C2009F0C2FB62
:1000C000044640B17FB1384609F0BCFBA06020B9BE
:1000D000204609F0B9FB072511E02560D6F8AC31C0
:1000E0001C60C6F8AC4184F804903A464146A068CA
:1000F00008F028FB03E0022380F8B03100252846F1
:10010000BDE8F88313B5124B124C00930222012371
:100110001C21EC20F4F756FE23689B6D984758B9D4
:100120002368DB6D984738B923681B6E984718B968
:10013000094B186002B010BD0C24084B0093EC2052
:10014000019401230022FF21F4F73CFE2046F1E751
:10015000DC8502013C010020B0360120E685020169
:1001600038B5044630B34FF0806190F8500006F087
:100170003DFC6378002523F0120363702046A580C0
:10018000FFF7D2FC2046FCF75BFA94F85330012BC2
:10019000237808BF84F85350012B0BD1064B1B6802
:1001A000D3F8082232B9214694F85000BDE838400F
:1001B00009F011BB38BD00BFB0010020154B01781C
:1001C000D3F8B02F61F31742C3F8B02FD3F8B02F94
:1001D000417861F31F62C3F8B02FD3F8B42F817850
:1001E00061F30702C3F8B42FD3F8B42FC17861F3D9
:1001F0000F22C3F8B42F0179D3F8B42F61F317425B
:10020000C3F8B42F4179D3F8B42F61F31F62C3F858
:10021000B42F70470024014108B5134A136823F432
:1002200000731B041B0C138078B900BF07F0B6FBEA
:100230006FF4E173C3189BB2942BF7D9A0F213406B
:1002400080B29428F2D9FDF7F7FB03F0ABFB074B24
:100250001B6800225A63064A1B781168C3F3801397
:1002600063F34D31116008BD243F01412C02002091
:100270003838014110B544210620FCF743FE0F4BEE
:100280001860C0B10E4B43600E4C0F4B02680F4913
:100290001A60082009F0B2F903F0A4FB342200210F
:1002A000204608F057FD09F0B3F84730207002F0FF
:1002B000ADFF002010BD0720FCE700BF300200208A
:1002C000114B0101F80100202C020020C95C020141
:1002D00084B01FB507AC84E80E000B46032809D88C
:1002E000DFE800F0020D141A0B9B009394E80F0056
:1002F00005F002FD04B0BDE8104004B070470B9B50
:10030000009394E80F0006F0FDFBF3E700221221B2
:10031000184608F0FFF9EDE7039103AB0422024908
:100320000120FEF76FFDE5E7130401010E4A38B521
:10033000002313600D4A0E4C13600E4A0E4D1360DD
:100340000E4A13600E4A13600E4A53621361012372
:10035000936009F0BEFA09F0BCFAAC4200D338BD94
:1003600054F8043B9847F8E7E436012008320120AE
:10037000340400010432012038040001FC31012062
:10038000003201200C320120F7B5002407460E464A
:100390000C800546AB69EBB101AA6946188805F0E7
:1003A00023FA38B90634802057F824301B8833806C
:1003B00003B0F0BD009A937B928913F0080FAB69EC
:1003C000598805D18A4205D01B8833800D20EFE77C
:1003D0008A42F9D30134082C05F10405DAD1002052
:1003E000E6E77FB5064611200D4609F0F1F904460F
:1003F00010B300F11003042103A8039309F062F87D
:10040000039A2B6813606B685360AB689360EB686A
:10041000D36006230093224600231121308805F083
:1004200029F8054620B90823B370284604B070BDEA
:10043000204609F0F7F9F8E70225F6E77FB506460A
:1004400011200D4609F0C4F9044610B300F1100361
:100450000D2103A8039309F035F8039A2B68136064
:100460006B685360AB689360EB68D36006230093BE
:10047000224600231121308804F0FCFF054620B9F4
:100480000C23B370284604B070BD204609F0CAF9A9
:10049000F8E70225F6E745525221617574507472EF
:1004A000206E6F742076616C69640053434E3A612C
:1004B00075784F66667365743D256C752C2063688E
:1004C0004964783D25642C206175785068793D2514
:1004D000640053434E3A636C6B55313D3078256C64
:0F04E000782C20636C6B55323D3078256C78009A
:1004F00038B504461D4631B101291BD000230360E5
:100500004FF0FF301FE0012B01D900201BE0032238
:100510000021012001F080F8206080B1012D0ED172
:1005200000231A461946EFF7B3F9012814BF00203B
:10053000012008E02946104607F060F92060206895
:10054000003818BF012038BD70B582B00190846CAE
:10055000A26BE36B9A4203D30025284602B070BD1C
:1005600094F8456076B2002201A92046FDF792F882
:100570000546B6F1FF3F0AD1636A002BEDD004F1C6
:100580002400F5F7B3FA002818BF0125E5E708F0C5
:10059000D9FE8642E1D2013676B284F84560DCE7C6
:1005A00070B5044686B0008909F036F910B3208989
:1005B0006689A58905F010FB0446C8B1F12380F8CF
:1005C0004C30A0F84460A0F84650022342F60301E4
:1005D0000DF10500ADF80060ADF802508DF8043063
:1005E00009F034F969462046FAF7D0F806B070BD34
:1005F0000320FBE70420F9E72DE9F8430646894686
:100600009046002500F1180353F82540EFB23CB1A5
:100610002288424515D1002089F80070BDE8F88392
:100620004FF4837009F00EF906EB8505A86168B1F7
:100630004FF48372214608F08DFBAB69A3F800806C
:10064000E9E70135082DDFD12F46E4E71120E3E784
:1006500038B54389152B044620D1037C122B1FD1BA
:10066000008905F0B9FA08B9002038BD63681B7825
:10067000DA0717D5037A0125DB078572F4D54FF425
:10068000827009F0DFF80028EED011220270228972
:1006900082808571042106F0F9F9E5E7132BE3D098
:1006A0008020E2E71320E0E72DE9F04186B002ADBB
:1006B0001746064688460395F6F780FF044601462E
:1006C00003A8ADF81060ADF81280ADF8147008F012
:1006D000F9FE314603A808F0FBFE04AB0093019538
:1006E0000623032242F2220140F2011005F026FD0A
:1006F000024B33F8140006B0BDE8F0810EBA0101D8
:1007000070B588B006AD0E46ADF80E000595FEF743
:100710006FFE0446014605A808F0D4FEBDF80E1091
:1007200005A808F0D5FE314605A8052208F04AFACA
:100730000DF10E03009301950223082242F21501E8
:1007400040F2011005F0FAFC024B33F8140008B037
:1007500070BD00BF0EBA01012DE9F04186B003ADB6
:100760001746064688460595F2F75CFE04460146A4
:1007700005A8ADF810608DF812808DF8137008F0A0
:10078000A1FE314605A808F0A3FE04AB0093019535
:100790000423032242F27A0140F2011005F0CEFC5C
:1007A000024B33F8140006B0BDE8F0810EBA010127
:1007B00030B585B0124B0093CDE9010105460C46DA
:1007C000EC20012302225721F4F7FCFA284606F018
:1007D000ADFD88B12146006808F06CFB70B90724B4
:1007E000084B0093019401230022FF21EC20F4F731
:1007F000E9FA204605B030BD0224F1E70024F8E70D
:10080000C66B0201C6680201F0B5C488114B876847
:1008100085B0260A0093E4B202231A460546CDE9C4
:1008200001648121EC20F4F7CDFA0B4B1B781BB14E
:10083000052E0DD1022C0BD1084B53F826303BB1BD
:1008400005F10C023946204605B0BDE8F0401847D6
:1008500005B0F0BD9E960201400100204833012002
:100860007FB5134B0190CDE9021204460E461546A2
:10087000009302223021EC200123F4F7A3FA2A4648
:100880003146204607F02EFF78B90A4B5C7134449C
:100890002A0604EBD4744FEA640454BF6D428022EC
:1008A0009C71DE7154BF1D721A7204B070BD00BF1E
:1008B000126C0201D201002038B504461048F3F74B
:1008C000CBFF012C11D10F4B1C78013CE4B21C7002
:1008D0004CB90D4D08F0BCF92868446001F032FFB6
:1008E0000A4B2C601C60002038BD084B44220021BC
:1008F000186808F02FFA02F089FC06F04FF8F2E7CA
:100900001402002004010020300200202C020020EC
:1009100010B50E4C23789BB9FFF7ACFC0C4B0D4A7D
:100920005A605A6A02F0F8010B4A0A435A620B4BAA
:100930000B4A0C499A62072008F0E2FD06F02EF8F7
:10094000237801332370002010BD00BF0401002074
:10095000F801002080841E00010102070801002028
:10096000B90802017D65000100B5836FDA0693B016
:1009700020D4027E422A12D190F829308DF8083016
:100980000522ADF8002000228DF804200288ADF881
:100990000620684604F004FC13B05DF804FB412A0D
:1009A0000AD01B040AD590F8E230032B0CBF1623A3
:1009B0000823E3E73D23E1E71623DFE73E23DDE7F6
:1009C00030B5114991F90420824209D091F90230E1
:1009D000834203DB91F90330834202DD9A4201D165
:1009E00030BD0346094A0A4C10780A4DE289181AAC
:1009F00045FA80F022F03F02007E1204120C0243FE
:100A0000E2810B71ECE700BFD2010020DC01002085
:100A1000006001417473020137B50546D0F8884083
:100A2000D0F8CC0001A907F021FE0198EB7D400A27
:100A3000C4F31604A0428ABFC0F50000241A24188B
:100A4000012B09BF084B09481868C0F30E0002BF0C
:100A50004FF49C73B0FBF3F00130A04234BF002090
:100A6000012003B030BD00BF6C380141FFFF3F00E3
:100A700038B504468E4619464FF0864CDCF80030F7
:100A800043F00203CCF800304FF470431D6E134660
:100A90007246A847024660B94FF470435B6E204629
:100AA0009847024628B94FF470431B6F2046984779
:100AB00002464FF086410B6823F002030B60101EC4
:100AC00018BF012038BD10B5C37D04461BBBD0F84C
:100AD000B431B0F85C101A88A0F846205A88A0F803
:100AE00048209A88A0F84A20DA88A0F84C201A8971
:100AF000A0F84E209981598859815968C3F80E1081
:100B00005A8201F0BCFA08B9002010BD082384F80D
:100B1000E2300120F9E702F005FEF4E770B50821A4
:100B20000546002006F05DFD044600B308F09AF883
:100B30000146C8B10126C6714671D5F8B431C3600B
:100B4000284608F01BFE2673D5F8B4311A68C4F89D
:100B50000D201B79637428462146F8F787FC122381
:100B600085F8E230002070BD204608F09DFD07208A
:100B7000F9E7F8B5069C054624B32079E1800F0E0D
:100B800067F302002071080C607122B1194604F16C
:100B9000080007F0D7FD032D14D8DFE805F00207A1
:100BA0000B0F204604F0B0FE0020F8BD204601F0F7
:100BB000F5FBF9E7204604F0BFFEF5E7204601F01B
:100BC00011FCF1E71F20F0E700B583B0002301938B
:100BD000032200924FF400720B490C48EBF726FEFB
:100BE000012800D0FEE70A4B019301230093002364
:100BF0004FF4806207490848EBF718FEFBF71EFE2A
:100C000003B05DF804FB00BFAC330201856F020145
:100C100064000020B0330201F396020170B48068D2
:100C200005886B1EB3F5FA7F1FD243885A1EB2F5B2
:100C3000FA7F1AD28188B1F5FA7F16D2C488B4F54A
:100C4000FA7F12D202890A3A92B240F67646B2424E
:100C50000BD89D4209D801FB0331B1F5FA7F04DCC2
:100C6000A34202D970BC03F07DBE032070BC704764
:100C700073B54D89032D06460C461CD10B7C03F041
:100C8000BF03122B08D14968A07B05F0C3F8B8B99F
:100C90000025284602B070BD2A460DF10701FFF776
:100CA000ABFC05460028F4D122469DF807103046DB
:100CB000FCF76FFFEDE708F081FB01308542E7D0DC
:100CC0008025E6E738B5134B044618680368D2B9A7
:100CD000A1894F2901D8302919D13BB1A589D989DA
:100CE0008D420DD8E1899B8999420ED2214605F0AB
:100CF000A1FD0025237C0BB1F8F766FB284638BD23
:100D00001A461B68E9E70022E7E70125F2E701251B
:100D1000F4E700BFB400002070B586B004AD0E4605
:100D2000ADF80E00059500F099FF0446014605A8B0
:100D300008F0C8FBBDF80E1005A808F0C9FB317813
:100D400005A808F0BFFB0DF10E03009301950223E7
:100D5000042241F2054140F2011005F0EFF9024B87
:100D600033F8140006B070BD0EBA010170B588B03A
:100D700006AD0E46ADF80E00059500F075F8044678
:100D8000014605A808F09EFBBDF80E1005A808F066
:100D90009FFB318805A808F09BFB0DF10E03009323
:100DA00001950223052240F67B4140F2011005F037
:100DB000C5F9024B33F8140008B070BD0EBA01013A
:100DC000F0B5040B012C85B005460E4601D106F0A6
:100DD000EBF8EFB20D4B0093C5F30325CDE90145C8
:100DE0000397042301220021EE20F3F7EBFF084BC9
:100DF00004F18044013C1B68324653F824303946E4
:100E000028469847308005B0F0BD00BFFA5E020169
:100E10004C3601204B0705D0CB1D23F007030844B7
:100E2000C01A19460B4B002219605A600B18083B78
:100E300023F007030848C3E900225A1AC1E9003227
:100E40000360064B1A60064B1A60064B4FF00042D7
:100E50001A607047743501205C3601205836012035
:100E600054360120503601207FB506460D4606F067
:100E70005DFAE0B10368B3F854312B8000242B886D
:100E8000CDE901630B4B0093022201235921EC2091
:100E9000F3F798FF44B1084B00930194012300221B
:100EA000FF21EC20F3F78EFF204604B070BD022432
:100EB000E5E700BF36560201C668020170B503219E
:100EC0000546002006F08DFB044600B3172303738C
:100ED000D5F8B81195F843310A784978134095F858
:100EE000422183730A40427301462846F8F7BEFA4E
:100EF000EE7D012E0AD1D5F8B831B5F860201A81FF
:100F0000617B2846FAF78CFEA5F86000012070BDD1
:100F100037B5104B1B681868FCF7A0F90E4B019011
:100F2000044600930222AC210123EC20F3F74AFF90
:100F30000A4B1B681868FCF791F9094B00930546AA
:100F4000019401230222AD21EC20F3F73BFF284658
:100F500003B030BD50010020D83202014C01002006
:100F6000F8320201042810B505D0104B1B6893F924
:100F70000430002B13DA0E4C236893F8380040B984
:100F8000196BFEF703FA58B10A4841681C30F1F7B3
:100F9000B1FA226892F83830013382F8383010BD47
:100FA0002268137843F010031370F2E74401002025
:100FB0002C020020F801002010B5104C0021224620
:100FC000084607F0C3FA22460021012007F0BEFAC6
:100FD0004FF4197008F036FC094B1860F2F72AFB41
:100FE000002008F03FFA08F043FA064808F02EFA0D
:100FF0000548BDE8104008F023BA00BF7152020155
:10100000B0010020715001016D91020130B505461B
:1010100085B0022008F0DCFB0446E0B100F11003CB
:101020000B2103A8039308F04DFA0C4B1B6803A88F
:10103000597808F047FA06230093288800232246AF
:10104000022104F017FA054610B1204608F0EAFB29
:10105000284605B030BD0225FAE700BFC0010020D8
:10106000124B024600681860908892799A7133F8A2
:10107000042C988042F0020223F8042C53F8082C28
:101080005200A3F577630ED5094AD3F8943F12684E
:101090001278C3F30263DA4012F0010F14BF00208C
:1010A00002200B70704702200023FAE770330141E1
:1010B000CC01002090F8CD20124BD0F8940082B9DA
:1010C000D3F82031821CC3F30743013BDBB2FF2B73
:1010D00000D17047127802F03F0203321044821CA4
:1010E000F3E7D3F82031821CC3F30743013B13F02D
:1010F000FF0300D17047127802F03F020332104420
:10110000821CF3E70024014138B5002005F05EFFA2
:101110000546012005F05AFF4FF6FF7104460020F6
:1011200001F076FE4FF6FF71012001F071FE4FF6DF
:10113000FF71022001F06CFE45F4F04189B20020FD
:1011400005F056FF44F0100189B2012005F050FF70
:1011500030210220BDE8384005F04ABF70B50020BC
:1011600005F034FF0646012005F030FF0546022059
:1011700005F02CFF4FF6FF710446002001F048FEF9
:101180004FF6FF71012001F043FE4FF6FF71022080
:1011900001F03EFE3146002005F02AFF29460120DD
:1011A00005F026FF21460220BDE8704005F020BF73
:1011B00013B50489B4F5706F21D2817AC27A007BAD
:1011C00041EA0203034333F0070318D1ADF80040AE
:1011D00099B18DF802302AB99DF8023043F002032C
:1011E0008DF80230ADF8060068468DF803108DF8D2
:1011F000042003F0BBFA02B010BD0123E9E703208D
:10120000F9E770B50C461221054604F04CF9064684
:10121000F8B905F15C00F3F71FFB052C19D84FF462
:10122000827008F00FFB044698B131464FF4827289
:1012300007F090FD072323702B88A380B5F850306A
:1012400023811323A37120460421BDE8704005F0DB
:101250001DBC70BD37B590F83830032B054607D15B
:10126000FDF7F8FA284605F0FDFB002385F8383035
:10127000012008F0ADFA044698B100F110031921DD
:1012800001A8019308F01EF928462246012106F024
:10129000EBFC054610B1204608F0C4FA284603B01E
:1012A00030BD0225FAE7F52B38B54FF0E024D4F82D
:1012B000203D43F47F03C4F8203DD4F8203D43F0A3
:1012C0007F43C4F8203D0025C4F81C5D03F0DEF91F
:1012D000084B1D6007F09AFBD4F8343F43F04043BD
:1012E000C4F8343F05F01AFAF7F7DAF806F066FAB0
:1012F000284638BD7437012070B5124E05460024CB
:10130000336803EB8403D3F89C310BB1284698472C
:101310000134032CF4D12B78182B12D84FF48070A1
:1013200008F090FA044660B129464FF4807207F045
:1013300009FA22464FF480710120BDE8704005F0A3
:101340000FBE70BDA4000020F0B587B003AD064607
:101350000F460495FDF7B6FF0446014604A8ADF814
:1013600014608DF8167008F0ADF8314604A808F046
:10137000AFF805AB009301950423032242F221014B
:1013800040F2011004F0DAFE024B33F8140007B00B
:10139000F0BD00BF0EBA0101F0B587B003AD06463F
:1013A0000F460495FDF7C0FF0446014604A808F067
:1013B00089F8314604A808F08BF805AB0093019535
:1013C0000423032240F67C4140F20110ADF8146082
:1013D000ADF8167004F0B2FE024B33F8140007B0FB
:1013E000F0BD00BF0EBA010100B5104A8BB0106805
:1013F000516805AB03C39068D16803C3117C1970B1
:10140000D2F8113001930A4B0A4A186802909B885F
:10141000CDF80E0001A905A8ADF80C30ADF81230DA
:10142000F5F7C0F80BB05DF804FB00BF2C89020192
:10143000DD000020BC0000201FB5114B00930222EC
:1014400001234621EC2000240394F3F7BBFC05F0B4
:101450004DFE024650B103A800F08EFB039B40F204
:101460000122A3F8EA20204604B010BD0C24054B4D
:10147000009301940123FF21EC20F3F7A3FCF2E792
:1014800041890201EF7C0201104B1A6802B1126817
:101490000F4B1B6803B11B680E49086800B1006858
:1014A0001AB192F82C20012A0BD01BB193F82C30E2
:1014B000012B08D040B190F82C00431E58425841EF
:1014C0007047104670471846704700BF480100201B
:1014D000500100204C01002038B5124C0020236838
:1014E0007BB11A6872B9C4E900241A7A5207A3F1D1
:1014F00004050FD422681A6042B962685A6013600A
:10150000636038BD54601A682260EEE75C60236057
:101510005360F6E7284603F091FE284608F094F958
:101520000120DCE7A001002070B5436F88B00446BD
:101530000E464BB103AD4AB1CDE903012B4608225B
:1015400006210220FDF75EFC08B070BD4FF40011CB
:1015500090F8500005F04AFA236F8DF81460CDE939
:10156000033408AB13E903008DE80300022095E87B
:101570000E00646FA047E7E710B50446242008F08A
:1015800061F90146E0B102460A2302F8143B0D4B13
:101590001B68986850F8403F4B614368536083680C
:1015A0009360C368D36023684B6063688B60A368F3
:1015B000CB60E3680B612420BDE8104008F07EB8E2
:1015C00010BD00BFC001002084B01FB5022807ACC9
:1015D00084E80E000DD0032812D028B90B9B00938D
:1015E00094E80F00F3F720FA04B0BDE8104004B00F
:1015F00070470B9B009394E80F00F6F7E5FCF3E7C8
:10160000079B0393042203AB02490120FDF7FAFB79
:10161000EAE700BF0307010170B5E8B10C460646D2
:10162000A1FB0023DBB901FB00F010F14D0F18D82E
:101630004C30F0F7FBF8054678B114B100F14C03DB
:1016400000E003462B60EE632C6401212846F9F785
:1016500095FA0023AB6400E00025284670BD002504
:10166000FBE70025F9E700F5997200F5857110B5E3
:10167000044600F59170F4F795FF04F1F50200239C
:10168000C4F8F530137104F1FA02C4F8FA3013719A
:10169000E17D41B903F07F0284F8FE2063F07F030F
:1016A00084F8F93010BD63F07F0284F8FE2003F067
:1016B0007F03F5E753434E3A436C6F73652C7068B4
:1016C000793D25642C636E743D25642C7469643DFA
:1016D00025640053434E3A7068793D25642C736548
:1016E000634E756D3D25642C636E743D25642C74CA
:1016F00069643D25640053434E3A43523D3078259A
:101700007800434F4E4E3A4C6C6370204C6F6361CF
:101710006C2046696E6973682C50726F63656475DE
:1017200072653D3078257800434F4E4E3A4C6C63DD
:10173000702052656D6F74652046696E6973682C00
:0F17400050726F6365647572653D30782578006F
:1017500010B504460378013B032B06D8DFE803F0FD
:10176000021014184068F8F7D3FA204607F002F880
:1017700021460948E3F738FC606807F0B2FF10BD66
:101780004068E9F7DCFAF0E74068EAF768FAECE766
:10179000406807F02CFBE8E70000002008B5104B7C
:1017A0005B8B13F0070300D108BD0E4AD3870C4BA7
:1017B00080221A7607225A831B7E13F0040F05D06D
:1017C000074B9A6A1A7E12F0040FFAD1054B1B6A76
:1017D000002BE9D0034B596A1B6A02209847E3E7C4
:1017E000000C00404C320120F8B50F4B1B68D3B100
:1017F0000E4F0F4E0C4D05F0F1FFFB68DC68201D0D
:1018000005F023FE3368013B33602B68013B2B60FE
:1018100007F006F9206BF7F747F92046F7F744F988
:101820002B68002BE7D1F8BD2C3601208434012031
:101830002836012070B5114C4FF0E0264FF080554E
:101840000BE0C6F8045DBFF34F8FBFF36F8F07F057
:1018500054FF02F095FA042805D8FFF7C5FF236866
:10186000012BEED8F3E707F0A1FB02F089FA042878
:1018700001D9F1F70BF9EDF79BFEEEE7E43001201B
:1018800010B584682078831E012B1AD9012806D14F
:1018900094F90630002B13DA601C02F0F3FF0A4BB8
:1018A00021681A68C2F8211002F12103A2889A80E7
:1018B000A2799A71214611F8010B06F055FB002020
:1018C00010BD0120FCE700BFA4000020F8B5114DB9
:1018D00007462B79007823F0070310F007042B71DB
:1018E0002E460DD02B681BB9472007F0ABFF2860B0
:1018F000306860B14722394606F024FF0020F8BD69
:1019000028680028FBD007F09FFF2C60F6E7022034
:10191000F5E700BF5C35012070B51821054603F0DE
:10192000C2FD0646E8B905F15C00F2F795FF4FF4F9
:10193000827007F087FF044698B131464FF48272F7
:1019400007F008FA072323702B88A380B5F85030DE
:1019500023811923A37120460421BDE8704005F0BE
:1019600095B870BD10B5FCF767FDA8B101F07AFF1E
:101970000A490446042006F0ADFD0949002007F09D
:1019800025FE084B084A1B685A60084B1B684FF03D
:10199000F7121A61204610BD0424FBE7C98C02012E
:1019A000703E0201C4010020C1C10101B400002049
:1019B000012837B50C4614D9013801AA694680B20E
:1019C00003F012FF70B1009D0B492868022205F058
:1019D000A1FE70B96B68122C1B7805D113F0080FAB
:1019E00000D1032003B030BD522CFBD113F0040F03
:1019F000F6E70020F6E700BFB298020170B586B0A6
:101A000003AD06468DF812100595ADF81000FAF7F3
:101A1000C5F80446014605A807F054FD314605A85F
:101A200007F056FD04AB009301950423032242F214
:101A3000790140F2011004F081FB024B33F81400ED
:101A400006B070BD0EBA0101F0B585B002AD0E460C
:101A50000746039503F0D0FF0446014603A807F0AC
:101A600031FD397803A807F02DFD317803A807F080
:101A700029FD002300930195032242F24B0140F21D
:101A8000011004F05BFB024B33F8140005B0F0BD0D
:101A90000EBA010110B5104B1A68824219D35C6866
:101AA0001919884201BF41681846091959604168EF
:101AB0004418A24208D1094C2468A24204D05268BA
:101AC0000A4442601A6812680260984218BF18609F
:101AD00010BD1346E0E700BF743501205C360120DD
:101AE000084B094A1A62094B094A1A60094B0A4A0B
:101AF0001A600A4B0A4A1A600A4B0B4A1A60002005
:101B0000704700BF0801002069980201F80000201A
:101B100081E30001EC010020CDEC0101E80100208F
:101B2000A57C0201F001002079B801010B4B0C4AA1
:101B30000C4810B5DA610C4B0024C3E900440B4B90
:101B40001C6007F0FBFC0A4807F004FD094902206D
:101B500007F0D6FC04F010FC204610BD0801002060
:101B600075240201ED7002018C350120F80000207F
:101B70009D50020111B60001F8B5114F054602262D
:101B8000002300BF57F8044B94B194F89820012A21
:101B90000ED194F8E91059B9D4F8D40084F8E920AA
:101BA00008B1F7F703FDD4F8D000F7F7FFFC2346A0
:101BB000012E03D105B12B600020F8BD0126E1E71D
:101BC0008C35012000B590F8E230082B93B001D09D
:101BD000032B02D1D0F8B4310BB9D0F8B8318DF85D
:101BE000041041F22302ADF800200288ADF806206F
:101BF0005A89ADF808206846D3F80E205B8ACDF8E4
:101C00000A20ADF80E3003F0CBFA13B05DF804FBF8
:101C100037B505680A682B6D002430331968914286
:101C200005D00134E4B2042C03F13403F6D10A4B9D
:101C30000093019401230222D521EC20F3F7C2F88E
:101C4000042C05D02A6D342304FB032400232363D2
:101C5000002003B030BD00BFEE82020113B50C4678
:101C600005F064FBC8B1036893F92C30237000249D
:101C70000B4B0093022201233D21EC20F3F7A2F845
:101C800044B1084B0093019401230022FD21EC2074
:101C9000F3F798F8204602B010BD0224E8E700BF31
:101CA0005C9102018A77020170B50468E668054616
:101CB0002046FEF759FE16B1304606F025FB0021FE
:101CC000204604F0B9FF0121204604F0B5FF18B109
:101CD00081B2204604F0C3FF0420FDF7C5FE28466C
:101CE000F7F7C8FF208802F001FF2846BDE87040E2
:101CF00000F028BD30B5114C2368D3F8083289B004
:101D00000546CBB15A6FBAB193F850004FF40011A9
:101D100004F06CFE23688DF81450D3F80842236F4A
:101D2000CDE9033408AB13E903008DE8030003ABEE
:101D30000ECB646F0220A04709B030BDB001002077
:101D400070B5114B196805460022540021FA04F6BB
:101D5000B607D0B213D1FF2D02BF9A7842F001022C
:101D60009A704FF0030202FA04F51A680CBF0321BF
:101D7000012122EA0502A1400A431A6070BD013226
:101D8000082AE2D11046F9E7B036012010B5272223
:101D90000C4601460D4806F0D5FC0D4BD3F8682FD4
:101DA00064F31242C3F8682FD3F8682F42F480120C
:101DB000C3F8682FD3F8682FD202FBD4054A012359
:101DC0001178A3401943C9B2117010BD703301419D
:101DD0000024014168330141114BD3F8682F60F3AF
:101DE0001242C3F8682FD3F8702FC2F307220A708B
:101DF000D3F8702FC2F307424A70D3F8702FC2F3A2
:101E000007628A70D3F8742FCA70D3F8742FC2F3A4
:101E100007220A71D3F8743FC3F307434B7170472D
:101E20000024014108B50F4BD3F8682F42F400128B
:101E3000C3F8682FD3F8682F9202FBD40A4A0B49E3
:101E4000002313700A68012013700A681A440133D2
:101E5000082BD070F9D1F4F703FE0B6800229A70BA
:101E600008BD00BF0024014168330141CC010020BE
:101E700008B561B90E4B1A6802F01F02102A4FF024
:101E8000010313D80B4903FA02F2114071B10A2180
:101E9000407E03F055FA084B1A6842F010021A60AF
:101EA0001A6842F002021A60002008BD1846FCE7DA
:101EB000583801414CE00100203A0141104B1A68AA
:101EC000100241BF0F490A8842F008020A801A68CE
:101ED000510241BF0B490A8842F004020A801A6885
:101EE000920241BF07490A8842F002020A801B6839
:101EF000DB0241BF034A138843F00103138070479C
:101F00000C3A0141303A014101F000428B1AA3F131
:101F10006051B1F5801F0ADBB1F17F6F09D242EA4F
:101F2000C102C10071F1004142EB50707047104690
:101F3000704701285B4113F5001F02D842F0FF40B3
:101F40007047C90041EA5070104340F4800040F0EF
:101F500080407047474154543A4576742072637606
:101F60002C6E6F206672656520636F6E6E00474150
:101F700054543A457674207263762C6E6F206176E5
:101F800061696C20636F6E6E2C68646C3D307825DF
:0F1F90003034782C6576743D3078253032780007
:101FA00011B38C4602B300B54FEA400E1EF0FF0E8F
:101FB00018D00EF1FF331A440021C1F346001CF87B
:101FC000003003F00F03092B94BF30333733137005
:101FD0001CF800301B090CF800300131013ACBB27B
:101FE0009E45EAD85DF804FB7047F0B585B005461C
:101FF0000A464FF08644236843F0020323606E468E
:102000004FF47047D7F8D03010213046984705F18B
:10201000DC0396E8070083E807003A6C1946284677
:102020009047236823F002032360003818BF012083
:1020300005B0F0BD37B5828A05462AB100F1160118
:10204000F8F7FCFE0023AB82012007F0C1FB044639
:1020500098B100F11003132101A8019307F032FA9F
:1020600028462246012105F0FFFD054610B1204615
:1020700007F0D8FB284603B030BD0225FAE710B5BB
:102080000B210446002005F0ACFAE0B1D4E96D2341
:1020900094F8E410082918BF1346272202735A89BE
:1020A000A0F80D209A89A0F80F20DA89A0F8112055
:1020B0001A8AA0F813205B8AA0F815300146204642
:1020C000F7F7D4F9012010BD7FB5054602200E4672
:1020D00007F07EFB0446D0B100F110030E2103A8E7
:1020E000039307F0EFF9314603A807F0EBF9062355
:1020F0000093288800232246022103F0BBF90546FD
:1021000010B1204607F08EFB284604B070BD0225B2
:10211000FAE7F8B5064608460F46144607F0B0FB46
:102120000546384607F05DFB021992B205230020F0
:1021300040F2E1418A4206D9A2F2E242013592B26E
:1021400025F070450130013BF4D13378B56023F0C0
:102150000C0343F00C03B2803370F8BD104B1A68C7
:10216000131F02F11C0C08E013880B80002000E014
:1021700001205DF804FB63450FD053F8042F002ABB
:10218000F9D000B592F81EE08645EDD06345EFD05A
:1021900053F8042F002AF5D1F8E70120704700BF5B
:1021A000CC35012000B583B0037B0133DBB2037370
:1021B0000C4A126892F8F8209A4204D9F8F70EFAFD
:1021C00003B05DF804FB00234373074B1B68002B2F
:1021D000F6D000228DF804200289ADF8062001A86F
:1021E0009847EDE7D0350120D435012038B5104BA4
:1021F0001B6813B100240E4D10E0FC2007F06DFAAF
:102200000B4B186090B1FC220021094B186806F0B6
:10221000A1FD012038BD0134082CF4D02B6853F8FF
:1022200024000028F7D001F051FDF4E70020F1E789
:10223000D03501200C4B1B687BB90C4B1B6873B964
:102240000B4B1B686BB90B4B1B68013B0A4A1068B0
:1022500098420CBF022001207047002070470020E8
:1022600070470020704700BF9834012014360120C9
:10227000183601202836012070340120039702010E
:1022800081D70101656E020159DD0101416E020134
:10229000B1110201F98702016D7402015D8A020128
:1022A000498A0201E38702015D930201B95D0201DF
:1022B0006D6702017B6B0201F12B02011D6E0201B1
:1022C00027B3010108B50D49022006F0AFFE0C4B03
:1022D0001A68D2F8D43103F0F80343F0011343F441
:1022E000C063C2F8D431074BC2F89031064BC2F834
:1022F0001432BDE8084006F015BC00BF809302010F
:10230000A4000020E5810101A16B020138B50C4653
:1023100003F062FC0546B8B1A3780B2B0ED1C27C4A
:1023200012F00A0F12D02146284631F8032BFDF790
:1023300031FE11280CD000B9E87438BD0D2B05D141
:10234000C27C12F00C0FEDE70320F6E70120F4E762
:102350000220F2E77FB50D461446064603F09EFFC5
:102360000DF10B03019303AB8DF80B0000930122D9
:10237000032342F2310140F201108DF80C608DF818
:102380000D508DF80E4003F0D9FE9DF80B20024B46
:1023900033F8120004B070BD0EBA010170B50379B4
:1023A000044603F0070505F0EDFD002323600A4B0A
:1023B00003EBC5035A6814605C6004F03DFE074BF4
:1023C0001B682BB1064A5B691068BDE8704018476E
:1023D000BDE8704007F054B9E8000020D0000020AC
:1023E000CC00002070B50379044603F0070505F022
:1023F000C9FD002323600A4B03EBC5035A68146030
:102400005C6004F019FE074B1B682BB1064A1B6980
:102410001068BDE870401847BDE8704007F030B95B
:10242000E8000020D0000020CC00002070B50E4D48
:102430000E4EAB6803B970BD05F0A4FDAC6823680F
:10244000AB600BB90A4BEB6004F0F6FD63792046F4
:1024500056F82330984794F90430002BE9DB2046E6
:1024600002F0E8FDE4E700BFE8000020AC33012003
:10247000F000002038B5104C256865B1D5F88C0007
:1024800002F0BEFDD5F8880002F0BAFDE86800F061
:1024900059F900232360656865B1D5F88C0002F016
:1024A000AFFDD5F8880002F0ABFDE86800F04AF90E
:1024B00000236360002038BD8C35012037B5054608
:1024C00004F094FB044668B10421002005F089F86B
:1024D000014690B10A4BC3602846F6F7C7FF204675
:1024E00003B030BD01AB04220B2128460195FDF756
:1024F000DBFDB0FA80F46409F1E70446EFE700BFC2
:102500002801051470B5044690F8ED0010F00400A1
:102510000E46154610D00321002005F062F8014652
:1025200008B9002070BD11230373467385732046DC
:10253000F6F79CFF0120F5E7022105F052F801466D
:102540000028EED00D2303734573F0E738B503215F
:102550000546002005F045F8D8B11623037395F819
:102560004231437395F84331837301462846F6F7A9
:102570007DFFEC7D012C0BD1D5F8B431B5F860208E
:102580001A8195F842112846F9F74AFBA5F8600030
:10259000012038BD13B50D4C2378A3B90C4A6388CC
:1025A0005288A3807AB173B10A4B009302220123AF
:1025B000B921EC20F2F706FC074904F10800EFF717
:1025C00099FF01232370002002B010BDCC330120FD
:1025D000083401200C9202010088130013B50F4B40
:1025E0001B680446BBB11A7860F3C3021A7070B955
:1025F000FF20FDF739FA0A4B0093EC2001940123E8
:1026000002223D21F2F7DEFB002002B010BDFF20C8
:10261000FEF7A8FCEFE70C20F7E700BF2C02002034
:10262000EA8E0201F8B5144606460F4F084605F03B
:10263000EDFF7B68621E024493423FBF1B1A0133C9
:102640009BB2E41A3ABFA5B21C46002501462246B9
:10265000304606F077F835B12A4639683019BDE8BA
:10266000F84006F06FB8F8BD5801002070B58EB084
:10267000044608AD18220021284606F06BFB94F8AA
:1026800050004FF4800104F0B1F9236F0595CDE9B6
:10269000033406AB93E803008DE8030003AB0ECBD5
:1026A000666F0120B047012229462046EAF742FD25
:1026B0000EB070BD70B54378C56DC1666FF382030F
:1026C0004370002383660C4B1B681646012283F877
:1026D00040220446EBF7E4FF20B96378E56543F058
:1026E0000403637000252046C4E91A652946F8F7FB
:1026F000BDFC284670BD00BFB001002030B5C0F35E
:102700000802C1F308041319490AB3F59C7F01EBD1
:1027100050210B4D0ADD6FF49C73E0184B1C1044E4
:10272000AB4280B209D840EA432030BDA94298B2FA
:102730000B46F8D9A1F50003F5E74B1BF3E700BF03
:10274000FFFF7F0070B5104E346805464CB9CDB11F
:102750002868B8B107F078F82846BDE8704007F05F
:1027600073B8A368AB4209D1D4E9002342B15360E6
:10277000D4E9002320461A6007F066F82468E5E7EC
:102780007360F5E770BD00BFB801002010B50446C6
:10279000082007F057F80146C8B1032303702388C7
:1027A00083800B4B1A681378022B0ED1E36D93F8DC
:1027B000E63013F0100302D05378C3F300138B718B
:1027C0000820BDE8104006F079BF0023F7E710BDF0
:1027D000C001002010B50446008907F01DF898B12B
:1027E000208903F0F9F990B10B4B1B8813F001031A
:1027F0000FD090F84F101D2907D1002380F84F30DB
:10280000BDE8104001F0B3BE0423184610BD0323F9
:10281000FBE70123F9E700BFB000002010B50D4C25
:102820002C220021204606F095FA0B4A01210020B7
:1028300005F08CFE00213022084806F08BFA084B88
:10284000E36106F0EBFD002100B2BDE8104002F0AC
:10285000F5B900BF1C330120B56A0201BE32012068
:10286000FDCF010184B013B5012805AC84E80E004A
:102870000ED030B1022812D002B0BDE8104004B032
:102880007047099B009394E80F00EDF745FCF3E7D0
:10289000099B009394E80F0003F0E6F9ECE7099B2D
:1028A000009394E80F00F8F7B3FCE5E737B5046848
:1028B000A36F002B054610DA5B000ED500F0ECFA92
:1028C000A36F23F00043A36703F0DCFF01AB0422F6
:1028D000074901950120FCF795FA00F0DDFAA36F96
:1028E00023F08043A36703F0CDFF03B030BD00BFEA
:1028F00054040101062937B505460C4606D00023CD
:102900001A461946F7F7B2FE03B030BD043201A9EA
:102910000DF10200019205F085FF204606F092FFBE
:1029200001460028F0D001230370BDF80230458035
:102930008380204606F095FEE6E737B50D4614463F
:1029400003F0EEFCD0B180F852502378C3F30003BB
:1029500080F8563023780024C3F3400380F85730C2
:102960008DF80440012380F858300388ADF8063014
:1029700001A806F00BFC204603B030BD0320FBE7A6
:1029800038B5437AD907054601D4002038BD827A8C
:10299000D207FAD513F00C0F10D0002444724FF474
:1029A000827006F04FFF0028EFD0102202702A88B4
:1029B00082808471042104F069F8E6E743F004039F
:1029C00043721220E2E7544D522C5374617274200A
:1029D0006E756C6C20696E70757400515545554567
:1029E0002C52656D6F766520656D707479206C6909
:1029F00073740051554555452C52656D6F766520B1
:102A0000656C6D20696E76616C69640030B5D0F8D4
:102A1000B821B0F84A309488A34218D31189B0F88D
:102A20004E308B4213D35588B0F846309D420ED3BA
:102A30001388B0F848209A4209D3428F534304FBCD
:102A40000333B3EB810FB4BF0120002030BD002061
:102A5000FCE77FB5054641200E4606F0B9FE044668
:102A6000C0B10C2100F110030DEB0100039306F03F
:102A700029FD40223146039805F064FE06230093A9
:102A8000224600234121288802F0F4FC10B12046A0
:102A900006F0C8FE04B070BD10B50446C06D10212C
:102AA0005F30F9F739F8E06D10214F30F9F734F85D
:102AB000E06D0821B230F9F72FF8E06D0221B03057
:102AC000F9F72AF8E378E06D10212BB900F5E070F2
:102AD000BDE81040F9F720B800F5C070F8E7042A07
:102AE00010B50F4B1B688BB10D4B1C682C220021BD
:102AF000204606F02FF9234604F12000002200BFF3
:102B000043F8042B8342FBD1012010BD2C2006F09A
:102B1000E4FD034B18600028E6D10020F5E700BF74
:102B2000C4350120F8B50646408802F0B5FD40B135
:102B3000837F33710A4B1B788BB10A4D0024084FF9
:102B400008E00823F5E73046984701343A78E3B2C5
:102B50009A4204D955F8043B002BF4D1F5E7F8BDAF
:102B6000040000200800002038B50F4B1B688BB113
:102B700000240D4D2B6853F8240001F04FFD013463
:102B8000082CF7D12C220021074B186806F0E2F838
:102B9000012038BD2C2006F0A0FD034B1860002852
:102BA000F0D10020F5E700BFCC350120F8B50F4D7E
:102BB0002E68002406F5087353F824708FB9162088
:102BC00006F040FE883446F824002B6853F82400B1
:102BD00018B11622394606F0BDF82B6853F82400C8
:102BE000F8BD0134082CE7D10020F9E7A40000204B
:102BF00037B584682588B5F5706F19D2284602F07C
:102C00007BFDA8B1A3788DF80230E3788DF803300E
:102C100023798DF8043063798DF805306846E388B0
:102C2000ADF80050ADF8063000F08CF803B030BDC0
:102C30000320FBE74354020181180201CB970201F4
:102C4000359702011D970201BF97020145F6010168
:102C5000F97C010125AD0101599602014F9602014F
:102C6000259702010D980201479202011D0C0201F5
:102C700069930201B99702012DE9F84307464FF421
:102C80008270894690461D46089E06F0DBFD04468C
:102C900090B106230370A0F80490A0F8008105818C
:102CA000877131462A460A3005F04CFD2046042142
:102CB000BDE8F84303F0EABEBDE8F88330B585B05F
:102CC0000C460546FDF774FD0DF10B03019303ABB4
:102CD0008DF80B0000930122042340F2064140F2DC
:102CE0000110ADF80C508DF80E4003F027FA9DF856
:102CF0000B20024B33F8120005B030BD0EBA0101B3
:102D000030B585B00C460546F1F788F80DF10B0398
:102D1000019303AB8DF80B0000930122042342F2D0
:102D2000770140F20110ADF80C508DF80E4003F021
:102D300005FA9DF80B20024B33F8120005B030BDA8
:102D40000EBA0101F0B585B002AE054607880396BC
:102D5000EEF7A0FB0446014603A806F0B3FB394694
:102D600003A806F0B5FBCDE900560823032242F282
:102D7000780140F2011003F0E1F9024B33F814003E
:102D800005B0F0BD0EBA01011FB50146044604F1BD
:102D90001703E21D11F8010BF0F71AF80DF10F03FC
:102DA0008DF80F00CDE900430122272342F22701CD
:102DB00040F2011003F0C2F99DF80F20024B33F8E6
:102DC000120004B010BD00BF0EBA010130B585B0CD
:102DD0000C460546F4F7B8F90DF10B03019303AB6C
:102DE0008DF80B0000930122022342F20C0140F205
:102DF00001108DF80C508DF80D4003F09FF99DF8EF
:102E00000B20024B33F8120005B030BD0EBA0101A1
:102E100030B90A4B1A681980094909681A80704745
:102E2000012804D1074B1A6819800749F5E70228E1
:102E3000F5D1064B1A6819800549EEE7303F01418C
:102E4000403F0141343F0141443F0141383F01418E
:102E5000483F014138B50D4D01222A700C4A1468D3
:102E6000230608D506F00AFB08B101F0D3F8EDF708
:102E700009FA24F0800424B1064B1B680BB12046EC
:102E8000984705F06FFB00232B7038BD04370120F5
:102E9000103F0141803601200E4B1A78B2B90E4A1C
:102EA0004FF48051C2F88410BFF34F8FBFF36F8F80
:102EB0004900C2F88410BFF34F8FBFF36F8F09032F
:102EC000C2F88410BFF34F8FBFF36F8F1A780132AF
:102ED0001A7070470337012000E100E010B50421AB
:102EE0000446002004F07DFBC8B1062384F8E230DC
:102EF00023230373D4F8443133F8172FA0F80D209F
:102F00009B78C373D4F844311A7E197CD20962F3DA
:102F10004511197401462046F6F7A8FA012010BDA4
:102F200010B5044678B10D490D4A0B681807FCD15D
:102F30001368DB06F9D1FFF7AFFF0120FCF713FFA1
:102F400005F02EF806E0FFF7A7FF04F087F820460B
:102F5000FCF709FFBDE8104003F094BC5C38014168
:102F60005838014138B5C36D5A78022A044618D141
:102F700093F8E430022B14D10A4B1B681B78022B08
:102F80000FD008200D7806F05DFC014648B10923FA
:102F90000370238883808571BDE83840082006F0DF
:102FA0008DBB38BDC001002010B4C36D0E4A93F82C
:102FB000E730102B0C4603D111688978102910D006
:102FC00012689078834289BFC0F11002E01800199E
:102FD00000219CBFC3F1100200215DF8044B05F0F5
:102FE000B9BE5DF8044B7047C001002070B50546BE
:102FF000C06D18B106F028FC0023EB650B4E32685B
:10300000002402F12C0300BF53F82420AA4208D167
:10301000284606F019FC336803EB84040023E362BE
:1030200070BD0134082CEFD1FAE700BFC0010020C9
:1030300038B5012003F08AF9044678B10B4806F050
:10304000ADF8054658B9022384F85330084C20687F
:103050001030F1F701FC236883F8285038BD204672
:103060000821BDE83840F7F7B1BC00BF7530020158
:10307000C001002070B50646022003F067F904463F
:1030800090B100F1120540223146284605F05AFB66
:10309000A378092B09D12046FCF794FE2946204647
:1030A000FFF7D7FC0A23A37070BD0B2BFCD1204681
:1030B000BDE87040F0F7C2BB10B50378022B0446A0
:1030C0001BD1807804F00AFCA08806F071F9A3797E
:1030D0002BB1E389A28961892089F0F725FE06F0EA
:1030E000A3F90D2809D9237C0BB1F3F7F1FB637C1D
:1030F0001BB1BDE81040F7F7E7BE10BD38B5054677
:103100004FF4827006F09EFB0446C0B1E87A80005E
:1031100006F098FB606090B1122323702B88238106
:10312000EA7AA272E968920005F00CFB20460421BD
:1031300003F0ACFC6068BDE8384006F085BB38BDE4
:103140002DE9F0410E4E002400F117074FF027083B
:1031500035682B78E340DB070AD508FB04501022C2
:103160003946223004F0D6FA003018BF0120A8708A
:1031700033689B7813B90134082CE9D1BDE8F0819C
:10318000CC010020F0B587B00F4602AC014601A883
:1031900016461D46019406F0A1F9394601A806F02D
:1031A0009DF9314601A806F099F9294601A806F0D3
:1031B00095F92346102203490020FBF723FE07B0B0
:1031C000F0BD00BF00010100F0B587B00F4602ACB2
:1031D000014601A816461D46019406F07FF93946BE
:1031E00001A806F07BF9314601A806F077F92946D7
:1031F00001A806F073F92346102203490020FBF7CB
:1032000001FE07B0F0BD00BF000701000E4B0F4AE2
:10321000196812680878C2F3403262F386100870A9
:103220001A6811786FF30101117019680A7842F079
:1032300008020A701A682021D1701A68D17841F604
:103240006A034B43136370472C0200203838014156
:10325000122811D004D811284FF0010005D0704772
:10326000213802280ED901207047094B1A8860F3D3
:1032700083021A8000207047054B1A88022161F3EF
:103280008302F6E7024A138843F00C031380F1E748
:10329000C034014170B50E4B1D880E4B03F58252B0
:1032A000441B9668A4B264F31F46966003F58252ED
:1032B0000139D66803F5825364F31F46D66008448B
:1032C0001A69401B80B260F31F421A6170BD00BFD3
:1032D000C80100200024014153434E3A64697361E0
:1032E000626C6520314D2053434E2C6572726F72B3
:1032F000436F64653D25640053434E3A64697361CE
:10330000626C6520436F6465642053434E2C657284
:0B331000726F72436F64653D2564001E
:10331C00026D342301FB03210A78086ACB788AB941
:10332C00013BDBB2FF2B00F1020200D17047127897
:10333C0002F03F0203321044F2E7127802F03F022F
:10334C0003321044013B13F0FF0300F10202F4D1ED
:10335C00704790F86C30D9070AD5826F42F08042E2
:10336C008267DA43C2F3C01262F3C71380F86C3081
:10337C0090F86C309A0741BF0222027783F040022A
:10338C00C2F380124BBF62F38613012380F86C30BA
:10339C00037770474D6963726F6368697000000052
:1033AC00424C45004150505F5461736B73000000F8
:1033BC0049444C4500000000457874416476205324
:1033CC0063616E20456E61626C6520537563636545
:1033DC0073730D0A0053434E3A656E61626C65203F
:1033EC00314D2053434E2C6572726F72436F64657E
:1033FC003D25640053434E3A656E61626C65204313
:10340C006F6465642053434E2C6572726F72436F08
:10341C0064653D256400050010B5054C237833B96F
:10342C00044B13B10448AFF300800123237010BD8B
:10343C00EC330120000000000000000008B5034B35
:10344C001BB103490348AFF3008008BD0000000026
:10345C00F03301200000000008B503460846196847
:10346C000C4A11645968116599681166D96811671D
:10347C001969C2F880105969C2F890109969C2F89C
:10348C00A010DB69C2F8B030022102F017F901205C
:10349C0008BD00BF0006004470B50E4B1E7800221C
:1034AC00824202D30023184670BD8C5CA042F9D333
:1034BC008D186B78012B04D13EB9AD7815F0030F44
:1034CC00F1D101342244D2B2EAE7AB7813F0010314
:1034DC00F6E700BFFC36012070B5E0B14AB11688A2
:1034EC000024A64203D805196D789D4208D08C4261
:1034FC0001D300200FE0055D01352C44A4B2F0E7A8
:10350C008C42F6D2005DA31C01389BB280B21C1811
:10351C008C42EEDC138070BD7FB502AE054603967F
:10352C00F9F7BCFA0446014603A805F0C5FF298843
:10353C0003A805F0C7FFCDE900560E23032242F283
:10354C00200140F2011002F0F3FD024B33F814009D
:10355C0004B070BD0EBA01017FB58DF80F00FAF7FB
:10356C00F9FE0DF1170301930DF10F0300930123E5
:10357C008DF817001A4642F22D0140F2011002F0AC
:10358C00D7FD9DF81720034B33F8120007B05DF8F8
:10359C0004FB00BF0EBA01017FB5ADF80E0001F0BF
:1035AC0013FE0DF1170301930DF10E038DF81700A7
:1035BC0000930122022342F22E0140F2011002F08C
:1035CC00B7FD9DF81720034B33F8120007B05DF8D8
:1035DC0004FB00BF0EBA01011FB58DF80D108DF85C
:1035EC000C00F4F7DDFB0DF10B03019303AB8DF82D
:1035FC000B0000930122022342F2740140F20110ED
:10360C0002F096FD9DF80B20024B33F8120005B02A
:10361C005DF804FB0EBA01017FB502AD06460395B9
:10362C0004F00CFD0446014603A805F045FF317873
:10363C0003A805F047FF002300930195022240F6F2
:10364C00484140F2011002F073FD024B33F81400B4
:10365C0004B070BD0EBA01011FB50446031D82787B
:10366C0041780078EDF7C2F80DF10F038DF80F00DB
:10367C00CDE900430122142342F2410140F2011032
:10368C0002F056FD9DF80F20024B33F8120004B0E7
:10369C0010BD00BF0EBA01011FB5044683884288D5
:1036AC0041780078E6F790FE0DF10F038DF80F00CE
:1036BC00CDE900430122062342F2420140F20110FF
:1036CC0002F036FD9DF80F20024B33F8120004B0C7
:1036DC0010BD00BF0EBA0101084A0949002313604E
:1036EC00084A1360084A1360084A1360084A1360BA
:1036FC00084A0620136005F0FDBE00BF903601207D
:10370C00A106010194360120883601208C36012057
:10371C0000010020FC00002010B50B210446002005
:10372C0003F059FFB8B1D4F8B431262202731A88C9
:10373C00A0F80D205A88A0F80F209A88A0F8112024
:10374C00DA88A0F813201B89A0F815300146204612
:10375C00F5F786FE012010BDD0F8B8110A8B4B8B03
:10376C009A4217D8063A92B240F67A40824211D861
:10377C00063B9BB283420DD88B8BB3F5FA7F09D2F3
:10378C00C88B0A3880B240F6764398428CBF002032
:10379C0001207047002070471FB590F8E23090F878
:1037AC00E420002914BF3021202113F0300F01D167
:1037BC0011420DD0CDE90132064B0093EC200123D0
:1037CC000222D421F1F7F8FA002005B05DF804FBD1
:1037DC000120FAE7547202013A2808B50FD10D4BBB
:1037EC00186890F82830042B09D8013380F8283059
:1037FC0041F288311030BDE80840EEF775BE02206A
:10380C0002F09EFD20B10821BDE80840F7F7D8B8BA
:10381C0008BD00BFC0010020E69D350E480103CC59
:10382C00DBFDF4AC1191F4EFB9A5F9E9A7832C5E9B
:10383C002CBE97F2D203B0208BD28915D08E1C747B
:10384C002430ED8FC24563765C15525ABF9A3263B1
:10385C006DEB2A65499C80DC08B50A4A04210120DD
:10386C0004F06EFE084802F081F9084802F096F95F
:10387C00074804F001FF0749042004F049F8002030
:10388C0008BD00BF054C020149F10001B93002012D
:10389C009D8602014149010110B50E4A0321012008
:1038AC0004F04EFE05F0BCFF10B90024204610BDFC
:1038BC0000F08CFB0028F8D002F008F80028F4D0B7
:1038CC0000F066FB04460028EFD000F011FF05F075
:1038DC008DFDEBE7959702011FB50B7B0290022B38
:1038EC008DF80C300ED101688B6F43F480038B671D
:1038FC00009202AB082207490120FDF734F905B00C
:10390C005DF804FB272B01BF0168CB6F43F002036A
:10391C00CB67EDE700060101122917D00BD811294E
:10392C0011D00C4B1B68C3F34113012B07D10001C1
:10393C0000F5197070472229F9D02329F1D18001A3
:10394C0000F266307047C000E63070478000C2302D
:10395C00704700BFC034014110B5044605F0E0FBD0
:10396C000369FE2B81BF002363770368826894BFD1
:10397C0001239B18064A98BF6377126898BF436966
:10398C009B1A044A11689BB263F30F01116010BDBE
:10399C00C80100204C34014110B50E4C3C2021884C
:1039AC0001F07EF96188442001F07AF9A3880022A5
:1039BC0003211C2003F086F9E38810221621142021
:1039CC0003F080F92389102216216420BDE81040F1
:1039DC0003F078B94002002010B53C2002F026F923
:1039EC000C4C2080442002F021F90022608003213D
:1039FC001C2004F042F91022A0801621142004F09F
:103A0C003CF91022E0801621642004F036F9208164
:103A1C0010BD00BF40020020434D443A457874432A
:103A2C007265617465436F6E6E00494E493A506819
:103A3C00793D25642C696E74766C3D307825782C34
:103A4C0077696E3D30782578004552523A7374612F
:103A5C007475733D256400474154543A4461746154
:103A6C00207263762C4F703D3078253032780047C9
:103A7C004154543A44617461207263762C6E6F2009
:103A8C00617661696C20636F6E6E2C68646C3D307E
:103A9C0078253034780037B5D0E9035401AA69464B
:103AAC00008901F09BFE88B1009B9A7B92060FD493
:103ABC009A6821881288914288BF2280228859688E
:103ACC00284604F039FE002003B030BD0320FBE78C
:103ADC000120F9E710B509210446002003F07BFD15
:103AEC00B0B115230373B4F86430A0F80D30B4F8FA
:103AFC006630A0F80F30B4F86030A0F81130B4F88C
:103B0C006230A0F8133001462046F5F7A9FC0120DD
:103B1C0010BD434D443A53657453636E50617261EA
:103B2C006D0053434E3A747970653D25642C696E73
:103B3C0074766C3D307825782C77696E3D3078251D
:103B4C0078004552523A7374617475733D25640064
:103B5C0059B1437E212B10D009D8112B13D0122B25
:103B6C0008BF012018BFFF207047837EF2E7222B8D
:103B7C000BD0232B08BF0220F4E7C37E002B0CBF15
:103B8C00022003207047002070470320704770B557
:103B9C000468A36F43F08003A36705460E4603F049
:103BAC00A4F890B9A36F23F0800343F40073A367C8
:103BBC002846F5F7E5FD2046012100F0EFFC3146E3
:103BCC002846BDE87040E0F73BBF70BD4C32433A2D
:103BDC0044617461207263762C6F703D30782530AF
:103BEC003278004C32433A44617461207263762C13
:103BFC006E6F20617661696C20636F6E6E2C6864E9
:103C0C006C3D30782530347800494E493A436C6F1E
:103C1C00736500494E493A43523D3078253032782D
:103C2C0000494E493A4C696E6B2065786973742172
:103C3C0000494E493A4C696E6B732072656163683A
:103C4C00206D6178210053434E3A44545374617291
:103C5C00742834292C6475723D25640053434E3A04
:103C6C00505453746172742833290053434E3A50A4
:103C7C005453746172742834292C5054636E743DFF
:103C8C00256400534D503A44617461207263762C64
:103C9C006F703D30782530327800534D503A446186
:103CAC007461207263762C6E6F20617661696C2072
:103CBC00636F6E6E2C68646C3D3078253034780000
:103CCC0038B50546006808B105F005FD0A4B1B68C0
:103CDC00043B002453F8042FAA4203D00134082CCF
:103CEC00F8D138BD284605F0F6FC034B1B680022C2
:103CFC0043F82420F5E700BFD035012070B590B90A
:103D0C000C4615460B4804F071FE78B1094E56F876
:103D1C00083B1B682946204698470446304604F069
:103D2C004FFB204670BD4FF0FF34FAE74FF0FF34E5
:103D3C00F7E700BF2C35012070B590B90C4615463D
:103D4C000B4804F053FE78B1094E56F8083BDB687B
:103D5C002946204698470446304604F031FB20465D
:103D6C0070BD4FF0FF34FAE74FF0FF34F7E700BFB8
:103D7C002C350120094B1B68094A1268D06A50B9CE
:103D8C00084A12681343012B06D8074B1868074BD7
:103D9C001B68C01A70470020704700BF20360120F6
:103DAC0038360120E4300120083601202436012069
:103DBC0010B504460A4B1B680A4A126803449A421F
:103DCC0004D0074A13682344136010BD03F000FDB0
:103DDC00054A13680133136004F01CFE013CF0E744
:103DEC0024360120083601201836012038B50B4D39
:103DFC000B49062005F014F92A680A49C2F8841107
:103E0C00002400BF04F188022B68013453F822000F
:103E1C0001F088F8082CF5D1002038BDA400002052
:103E2C007C220201D95A000138B503780C2B0446C8
:103E3C0017D1808801F0CAFE98B1037A0025DB0700
:103E4C0045720ED54FF4827005F0F6FC48B1102285
:103E5C000270A288828085710421BDE8384002F08E
:103E6C000FBE38BD77960201A166020129F8010147
:103E7C003181010141C20101F97E0201C17E0201C1
:103E8C00157F0201BDE80101A33A0201A5930201CD
:103E9C000000000031E8000199690101C1B4010181
:103EAC001FB50146044611F8010BF6F7B3FA0DF1F4
:103EBC000F038DF80F00CDE900430122072342F2D6
:103ECC00110140F2011002F033F99DF80F20024B62
:103EDC0033F8120004B010BD0EBA01011FB58DF8F5
:103EEC000C00FEF775FB0DF10F03019303AB009370
:103EFC0001238DF80F001A4640F6494140F201109B
:103F0C0002F016F99DF80F20024B33F8120005B0A1
:103F1C005DF804FB0EBA010130B587B004AC0D4658
:103F2C00039403F005FD03A8002105F0C5FA29460A
:103F3C0003A8062204F040FE0194002400942346BA
:103F4C00072241F2090140F2011002F0F1F820467B
:103F5C0007B030BD1FB500F10A010446E3F776FD4A
:103F6C000DF10F038DF80F00CDE9004301223A2328
:103F7C0042F2430140F2011002F0DAF89DF80F20F2
:103F8C00024B33F8120004B010BD00BF0EBA010191
:103F9C0038B50C4C2368254663B12B688C22002164
:103FAC00184604F0D1FE18224270074805F09CFA1E
:103FBC00012038BD8C2005F03FFC20600028ECD19E
:103FCC00F7E700BF44360120B144010138B50B4C72
:103FDC00236825465BB12B68094A1A602B68C3E934
:103FEC000122DA60074AC3E90422012038BD1820F7
:103FFC0005F022FC20600028EDD1F7E7B800002086
:10400C00399802013D9802010B4B1A6842F4801258
:10401C001A600A4A118E6FF3C71111861A6A02F4DC
:10402C004032B2F5003FF9D15A6822F400025A60CE
:10403C00034B00221A7070470040014100240141DB
:10404C000037012038B504460D460020092103F045
:10405C00C2FA88B1094B05731A681368C0F80D30A1
:10406C005368C0F81130037C23F008030374014635
:10407C002046F5F7F5F9012038BD00BF44010020BA
:10408C0038B506210546002003F0A5FA044690B188
:10409C000C23037305F0C2F9074B6073C4F80E30A0
:1040AC0095F8F23043F00803284685F8F2302146A3
:1040BC00F5F7D6F9012038BDCD00ED030B4B1B787D
:1040CC0013F0060311D10A4A13700A4A08214FF45F
:1040DC007060013911F0FF0110809370C2F8033049
:1040EC00A2F8073002F10A02F3D170470A37012017
:1040FC0007370120AC310120F8B50D4D06460F46AF
:10410C0000242B88B3F5706F08D0AB78B34205D17F
:10411C000622E91C384603F0F7FA38B10134E4B250
:10412C00082C05F10A05ECD10020F8BD0120FCE7B4
:10413C00AC31012037B50C4C237893B9658885B127
:10414C000A4B009302220123B321EC200195F0F7D6
:10415C0033FE42F210716943201DEEF7C5F90123BD
:10416C002370002003B030BD08340120A888020160
:10417C0010B50C4C236843B11B68186D05F05EFB41
:10418C002068FEF7D9FA00232360074C236843B15B
:10419C001B68186D05F052FB2068FEF7CDFA002362
:1041AC00236010BD500100204C01002008B503799C
:1041BC00092B0ED00B2B10D0052B13D18268114676
:1041CC0002F10C0331F8020B5289F1F7DFFF0120E9
:1041DC0008BD8068F8F7C4FFF9E783681868FEF734
:1041EC0067F9F4E70020F3E710B590F8F4309B077B
:1041FC0004460FD1F9F7D6FF08B9002010BD40F2E4
:10420C002113A4F8E23094F86D3043F0200384F8C5
:10421C006D30F3E70A2103F0E5FC0028EDD040F205
:10422C002243EEE770B50446B8B10C4D2B68D3F8B9
:10423C008061FEF72BFE66B926602B68D3F88431BB
:10424C0063601C602B68C3F88441BDE8704002F0C9
:10425C0013BBA642F9D03668EDE770BDB001002063
:10426C00F8B50D4D06682B8840F6FE6293429ABF56
:10427C0001339BB200232B8040F6FE772C8820461E
:10428C0003F04EF808B93480F8BDBC429ABF013433
:10429C00A4B200242C80F1E79C01002010B5044648
:1042AC0086B0C06D0A4B019304220DEB020102ABE8
:1042BC00A030E8F7C7F9074B0193E36D04221633DE
:1042CC000DEB020102A8E8F7BDF906B010BD00BF66
:1042DC0031706D747262656C0C4B10B50C461860C5
:1042EC0005F080F9002001F089FC012001F086FC2A
:1042FC00E8F7F8FFF0F736FA204600F029F8044BFF
:10430C0000221A60BDE8104000F0AEBCC8010020CD
:10431C00B0360120072838B514D80B4C246843005C
:10432C0024FA03F303F00303012B0BD1074C0623F0
:10433C0013FB00431C6814609B889380F9F72CF9DD
:10434C00002038BD1F20FCE7B036012000330141AE
:10435C0010B50C4C20B900F2731005F06DFA20600A
:10436C0040F273120021206804F0EEFCFDF754FDBE
:10437C00002003F07DFB044A136843F0080313602C
:10438C0010BD00BFCC010020D038014110B54FF05A
:10439C0000030C4A51B192F9011090F900408C4283
:1043AC0007DB017043F00203184610BD92F90210AE
:1043BC00F3E792F903209442DCBF027043F001034F
:1043CC00F2E700BFD201002010B590F86C309B07CB
:1043DC00014616D5D0F8AC309BB190F821201C8941
:1043EC0022441A8104F0FCFED1F8AC3018895A89A9
:1043FC00904206D1C1F8B0300846BDE8104004F038
:10440C0069BF10BD434D443A53657450726976616F
:10441C0063794D6F64652C616464723D307825302E
:10442C003278253032782530327825303278253084
:0F443C003278253032782C6D6F64653D25640031
:10444C0000B583B00023019301AA0068F2F796FF30
:10445C00012803D0002003B05DF804FB019B53B18D
:10446C004FF0E0234FF08052C3F8042DBFF34F8F71
:10447C00BFF36F8FEFE70120EDE700B583B00023AA
:10448C00019301A90068F6F7BAFB18B9002003B034
:10449C005DF804FB019B5BB14FF0E0234FF08052C1
:1044AC00C3F8042DBFF34F8FBFF36F8F0120EEE7DE
:1044BC000120ECE770B50446008905F0A7F990B12E
:1044CC0020896589A68901F081FB70B1F22280F800
:1044DC004C20A0F84450A0F8466032462946BDE86E
:1044EC007040F9F7BBB9042070BD0320FCE7434DC5
:1044FC00443A5365745478506F7765725265706F97
:10450C007274696E67456E61626C652C48646C3DB3
:10451C00307825782C4C6F63616C3D25642C52658A
:10452C006D6F74653D25640038B590F8F430DB0789
:10453C00044615D5B0F8541142F21075694300F5D4
:10454C00BC70EDF7D1FFB4F8561104F5C87069438F
:10455C00EDF7CAFF94F86E306FF3410384F86E30B8
:10456C0038BD37B50546012005F02CF9044698B145
:10457C0000F110031E2101A8019304F09DFF2846B1
:10458C002246012103F06AFB054610B1204605F0D6
:10459C0043F9284603B030BD0225FAE710B50446AE
:1045AC0090F8B43031B123B9B0F8B8300133A0F879
:1045BC00B83010BD5BB90146B630F8F77BF894F80B
:1045CC00BA3084F8B6300123A4F8B830F1E7BDE86E
:1045DC001040F9F765BA10B581213C2000F060FB62
:1045EC008121442000F05CFB00231A4603211C208F
:1045FC0002F068FB032310221621142002F062FB48
:10460C000323102216216420BDE8104002F05ABB8F
:10461C00B8B110B501460B4B1B68043B002400BF1E
:10462C0053F8042F8A4203D00134082CF8D110BD62
:10463C00084605F050F8034B1B68002243F8242071
:10464C00F5E77047CC35012010B40C4B1C68211FCA
:10465C00002302E00133082B0BD051F8042F002A61
:10466C00F8D0B2F808C08445F4D1937254F8230002
:10467C0000E000205DF8044B704700BFD0350120EE
:10468C00094B4FF4FA321A60084B83221A60084B1C
:10469C005E221A604FF0E02300221A619A61054AEB
:1046AC005A6107221A617047E8350120E435012070
:1046BC00E0350120FFF301000278042A14D80B4BDB
:1046CC0019680A701A6881785171417851701B68A9
:1046DC00C2789A710279DA71C07830B15A7842F0A6
:1046EC0008025A700020704703207047C001002058
:1046FC0007B50A4804F06EFE094B0A4A1A604FF0DF
:10470C00FF3300936846CDF803303F238DF8073014
:10471C0005F08AF803B05DF804FB00BF9993020121
:10472C00AC000020299802011FB50446EEF734FABC
:10473C000DF10F038DF80F00CDE9004301220E237C
:10474C0042F2130140F2011001F0F2FC9DF80F202F
:10475C00024B33F8120004B010BD00BF0EBA0101B9
:10476C001FB50446E9F71EF90DF10F038DF80F0084
:10477C00CDE900430122082342F2320140F201103C
:10478C0001F0D6FC9DF80F20024B33F8120004B058
:10479C0010BD00BF0EBA01011FB50446F3F77EF839
:1047AC000DF10F038DF80F00CDE9004301220C230E
:1047BC0042F27E0140F2011001F0BAFC9DF80F208C
:1047CC00024B33F8120004B010BD00BF0EBA010149
:1047DC001FB50446E7F73EFA0DF10F038DF80F00F5
:1047EC00CDE9004301221A2342F20D0140F20110DF
:1047FC0001F09EFC9DF80F20024B33F8120004B020
:10480C0010BD00BF0EBA01011FB5FCF70FFE0DF174
:10481C000F03019300238DF80F000093012242F245
:10482C000E0140F2011001F083FC9DF80F20034BA8
:10483C0033F8120005B05DF804FB00BF0EBA01019D
:10484C001FB50446F8F768F90DF10F038DF80F004A
:10485C00CDE900430122052342F2140140F201107C
:10486C0001F066FC9DF80F20024B33F8120004B0E7
:10487C0010BD00BF0EBA01011FB50446F9F7FEFCCE
:10488C000DF10F038DF80F00CDE900430122062333
:10489C0042F2050140F2011001F04AFC9DF80F2094
:1048AC00024B33F8120004B010BD00BF0EBA010168
:1048BC001FB5FBF721FC0DF10F03019300238DF8BD
:1048CC000F000093012242F2100140F2011001F09E
:1048DC002FFC9DF80F20034B33F8120005B05DF848
:1048EC0004FB00BF0EBA01011FB5F9F7FDFC0DF179
:1048FC000F03019300238DF80F000093012242F265
:10490C00290140F2011001F013FC9DF80F20034B1C
:10491C0033F8120005B05DF804FB00BF0EBA0101BC
:10492C001FB5F7F7FBF90DF10F03019300238DF879
:10493C000F000093012242F2250140F2011001F018
:10494C00F7FB9DF80F20034B33F8120005B05DF810
:10495C0004FB00BF0EBA01011FB5044600F0F8F8C5
:10496C000DF10F038DF80F00CDE9004301220A234E
:10497C0042F27D0140F2011001F0DAFB9DF80F20AC
:10498C00024B33F8120004B010BD00BF0EBA010187
:10499C001FB50446F4F7CAFB0DF10F038DF80F0099
:1049AC00CDE9004301220A2342F20B0140F201102F
:1049BC0001F0BEFB9DF80F20024B33F8120004B03F
:1049CC0010BD00BF0EBA0101094A0A490023137039
:1049DC00094A0B604B601146C2E9003241F8083FAE
:1049EC00D160064A118863F3C3011180704700BF80
:1049FC0006370120843501200C350120203E014171
:104A0C0000B593B041F20403ADF8003003888DF883
:104A1C000410ADF8063059B9D0F8B42110685168BB
:104A2C0002AB03C3684600F0B5FB13B05DF804FBA2
:104A3C000023CDE90233F5E790F8E230052B01D0E5
:104A4C00032B14D1D0F8B4318BB1B1F801201A81F9
:104A5C00D0F8B431B1F803205A81D0F8B431B1F8A0
:104A6C0005209A80D0F8B431B1F80720DA8070476D
:104A7C0013B50C46087000212046FFF787FC084A46
:104A8C0094F9003053700193064B009302220123DA
:104A9C002E21EC20F0F790F9002002B010BD00BFE1
:104AAC00D2010020E073020113B50C4608700021FE
:104ABC002046FFF76BFC084A94F900301370019301
:104ACC00064B0093022201232F21EC20F0F774F9FE
:104ADC00002002B010BD00BFD20100209E75020163
:104AEC000B4A30B500230A2404FB03F18D5A85428E
:104AFC0008D14FF470635352064A1378013B13707C
:104B0C00002030BD0133082BEED10220F9E700BFA5
:104B1C00AC3101200737012073B50B4C23788BB9CE
:104B2C006678022E0ED100F0A9FF084B01900546C5
:104B3C00009332460123C921EC20F0F73DF90DB961
:104B4C000123237002B070BD54010020FD7C0201D2
:104B5C0007B50B4B02881A8042885A8082889A804B
:104B6C00C288DA8002891A81064B00930222012343
:104B7C003C21EC20F0F720F9002003B05DF804FB99
:104B8C00780100202283020110B50446B0B1C08820
:104B9C0002F0C6FB20B9204604F050FE022010BDE6
:104BAC002379012262F305130022237122602281F2
:104BBC002146006803F088FE1046F0E70720EEE778
:104BCC00E5E1000175BE0001A156010181CF010193
:104BDC00F562020177660201C14D02014D660201C8
:104BEC000D5302012366020189FB0101458301017A
:104BFC00157F0101652F020110B5047A4FF4827004
:104C0C0004F01AFE20B10D220270042101F038FFCD
:104C1C00064B04341B6853F824302BB1132118882D
:104C2C00BDE8104002F02DBC10BD00BFC401002037
:104C3C00094B0A4A18800A4B1880C3B203F10B00C7
:104C4C00183BD370074BC2F8053040B2907010700F
:104C5C0050701071FBF7AEBEDC010020D2010020B9
:104C6C00D0010020E2D8CEF608B5082000F0DEFF17
:104C7C00074B18801F2000F0D9FF064B18805120DD
:104C8C0000F0D4FF044B1880044BFF221A7008BDAF
:104C9C00E2010020E4010020DE010020E001002000
:104CAC000C4BD3F8002C60F31742C3F8002CD3F84C
:104CBC00002C61F30F02C3F8002CD3F8042C42F43F
:104CCC008012C3F8042C00BFD3F8042CD202FBD4FE
:104CDC00704700BF0024014103780133DBB203703D
:104CEC00ABB943780133DBB2437083B983780133BA
:104CFC00DBB283705BB9C3780133DBB2C37033B9F9
:104D0C0002797F2A01D10371704701320271704719
:104D1C004FF4001C1CEB410F98BF1CEB430F11D838
:104D2C0051EA030C50EA4C0C5CEA020C0AD004D297
:104D3C0082428B4180414042704790429941804170
:104D4C00404270470020704710B5C27D90F8ED309E
:104D5C0004468AB99A070BD50F212046F0F7D8FAEA
:104D6C0008B9002010BD112384F8E2300120F9E7C6
:104D7C000121EFF7A9FAF3E79B07F2D5ECE738B579
:104D8C0090F8E43005460C469BB91420F1F79EFBD5
:104D9C00C5F8B801B4F801300380B4F8033043808F
:104DAC00B4F805308380B4F80730C380B4F8093008
:104DBC00038138BD13B590F8593004469BB1C26DD0
:104DCC000191137843F002031370C06D022201A904
:104DDC0000F59E7003F0E6FEE06D082201A900F5D7
:104DEC009F7003F0DFFE02B010BD38B504680546B5
:104DFC00FEF74CF8A36F23F0800343F48043A367C2
:104E0C0001F03AFDA36F5A0609D4227D0AB99B0022
:104E1C0005D528460021BDE83840DFF711BE38BD66
:104E2C0010B40B4B1C680023A11C02E00133082BAF
:104E3C000AD011F82320012AF8D134F82320824219
:104E4C00F4D104EB830000E000205DF8044B7047C4
:104E5C00C435012038B570B90A4803F0C7FD68B1F4
:104E6C00084D55F8083B1B6998470446284603F043
:104E7C00A7FA204638BD4FF0FF34FAE74FF0FF3465
:104E8C00F7E700BF2C35012038B570B90A4803F09C
:104E9C00ADFD68B1084D55F8083B5B699847044671
:104EAC00284603F08DFA204638BD4FF0FF34FAE760
:104EBC004FF0FF34F7E700BF2C35012038B570B93F
:104ECC000A4803F093FD68B1084D55F8083B9B6800
:104EDC0098470446284603F073FA204638BD4FF035
:104EEC00FF34FAE74FF0FF34F7E700BF2C35012011
:104EFC0038B570B90A4803F079FD68B1084D55F81A
:104F0C00083B5B6898470446284603F059FA20464C
:104F1C0038BD4FF0FF34FAE74FF0FF34F7E700BF2E
:104F2C002C35012038B580B10A4D2A68002402F5D1
:104F3C00087300BF53F82420824207D104F07EFC92
:104F4C0088342B68002243F8242038BD0134082C07
:104F5C00F0D1FAE7A400002070B5C3880A4E022BEA
:104F6C00054604D133681B780BB1F3F7EBFD002435
:104F7C00336803EB84032846D3F8FC31013498479B
:104F8C00092CF5D170BD00BFA4000020000000006A
:104F9C00111E01016D7E0201F5D7010169F70101B6
:104FAC00059A010139DE0101977B0201A5840201FA
:104FBC0041C10101296B01011DE70101B57B020112
:104FCC001FB504460146E27911F8010BF0F740FCDD
:104FDC000DF10F038DF80F00CDE9004301220823DA
:104FEC0042F24E0140F2011001F0A2F89DF80F00C0
:104FFC0004B010BD98B10A4A50F8043C1268134230
:10500C000DD050F8081C51B9064923EA02030A686E
:10501C0040F8043C134408380B60FCF735BD70476E
:10502C00503601205436012038B5044690B103792E
:10503C00C3F3801502F0A0FF074B1B68002203EBA3
:10504C00C503226059680C605C602271BDE8384071
:10505C0001F0ECBF38BD00BF6436012008B568B163
:10506C00084B1B68984740B1074B01221A70074B3D
:10507C001B78002B0CBF1046022008BD024B187089
:10508C00FBE700BF703601200137012000370120FB
:10509C000B4B1A6832B192F89810012902D1107C8E
:1050AC0001280BD0586848B190F89830012B04D1E6
:1050BC00007C431E5842584170470020704700BF87
:1050CC008C35012010B592B041F20C04ADF80040C3
:1050DC0090F8F2408DF804306FF34104038880F8A7
:1050EC00F2406846ADF806308DF808108DF80920AE
:1050FC0000F050F812B010BD434D443A5365745053
:10510C006174684C6F73735265706F7274696E67FB
:10511C00456E61626C652C48646C3D30782530348A
:10512C00782C456E61626C653D25640039B1837ED7
:10513C00212B0DD005D8123B584258417047437E65
:10514C00F6E7222B0AD0232B0CBF0220002070473D
:10515C00C37E002B0CBF0220032070470320704736
:10516C000D2811D9094B1B681A7942F030011971BD
:10517C0007490968096B89075CBF62F04F021A7115
:10518C005A7942F001025A71704700BF4401002065
:10519C003C01002013B503880193094B009304468E
:1051AC00012302225F21EC20EFF706FE054B1B6862
:1051BC0023B1204602B0BDE81040184702B010BD24
:1051CC008C9202019836012013B50A4B01900446CB
:1051DC000093022201232821EC20EFF7EDFD064B72
:1051EC001B6800219C840320F7F724F9002002B0EF
:1051FC0010BD00BFA28D02013C01002010B5EDF7DF
:10520C00F1FE044680B9FEF759FF084A1378590796
:10521C0004D443F00403137002F03AFF01F0BCF81D
:10522C00044608B903F0E0F9204610BD0A37012006
:10523C00017B427B0B0721F008010173084944BF35
:10524C00131DDAB2036908681B1A1344B3F5C06F57
:10525C008CBFA3F2026303F1FF33CB60704700BF36
:10526C005801002008B5C38800F10801D8B213F426
:10527C007F4309D0B3F5807F09D0064B196800F045
:10528C0045FC81F84C0208BDF0F724F9F5E7F5F779
:10529C004FFBF2E7B001002010B5C469601A10F49E
:1052AC00800F0FD14C4008490C420BD003EB9203FA
:1052BC00084040F271225043B3EB500F2CBF012039
:1052CC00002010BD0120FCE7FFFF7F0090F852305A
:1052DC00012B08BF826DC36908BF9B1A074A11686E
:1052EC00D1F8502208BFC3F3160312B9C1F85032DB
:1052FC0002E09A1A5202F9D4704700BFB0010020A4
:10530C0013B590F85930044693B1C26D01911378DE
:10531C0043F008031370C06D01A900F5AC7003F0E5
:10532C00A1FFE06D062201A900F2591003F03AFC2E
:10533C0002B010BD12280B4B11D003D8112807D086
:10534C000A3106E021380228FAD801F5D37100E0C1
:10535C004C311A8861F30E021A80002070473731E5
:10536C00F7E700BF6C3801410A4B1B68012003F0C2
:10537C000F0300FA03F34EF21C021A4042B1064B23
:10538C001A8842F010021A801A8802431A800020F0
:10539C00704700BF5C380141283A014130B50A4AD8
:1053AC000A4B02F584541B882568C01A80B202F59A
:1053BC00825260F30F052560C91A136889B261F334
:1053CC000F03136030BD00BF00240141C801002051
:1053DC0038B50A480A4D016821B9436813B904F07D
:1053EC0071FA38BD0389426855F8233000F10C047A
:1053FC002046984704EB8000EDE700BF6C3D0001B0
:10540C00408D020130B40D68B5F1FF3F11D000F1B1
:10541C0008031C465B681A68AA42FAD963684B6099
:10542C0099608C606160086103680133036030BC73
:10543C0070470469F2E700B593B0826802238DF8D7
:10544C0004301368CDF806305368CDF80A309368F1
:10545C00CDF80E30D368CDF8123001A801F020FD44
:10546C00002013B05DF804FBF7B506460C461F464A
:10547C0001A802F10C0315460193043404F022F840
:10548C00BDF8201001A804F01DF82B46A2B2394635
:10549C003046F9F7ADFE03B0F0BD38B590F84E309C
:1054AC008B42044610D1002580F84E504FF4827088
:1054BC0004F0C2F938B113220270228882800421D0
:1054CC0001F0DEFA284638BD0120FCE738B5800033
:1054DC0085B202F06DFA044600BF00BF00BF082180
:1054EC00A94200D338BD02F063FA844288BF01F2AE
:1054FC00E241091B10FA81F189B20446F0E700B5CC
:10550C00836F93B043F40013836741F20703ADF844
:10551C0000300388ADF80430036ECDF80630436ECE
:10552C00CDF80A306846FFF735FE13B05DF804FB82
:10553C00434D443A52656D7465436F6E6E506172A3
:10554C00615265714E65675265706C792C48646C5C
:10555C003D3078253034782C726561736F6E3D2543
:10556C006400434D443A57726974654175746850D0
:10557C0061796C6F616454696D656F75742C4864E6
:10558C006C3D3078253034782C74696D656F75748A
:10559C003D256400D0F8B831818F9A8B914210D19F
:1055AC00C18FDA8B91420CD193F820204AB9428FEB
:1055BC00198B914205D8588B90422CBF00200120AA
:1055CC0070470120704770B504468068002550B1C3
:1055DC00028943899A4206D10668A66004F02EF926
:1055EC0001353046F3E7A0602DB1A9B22046BDE8E5
:1055FC00704001F02EBB70BD4FF4001C1CEB410F32
:10560C0098BF1CEB430F0CD850EA410C08BF52EA70
:10561C00430C08D0904208BF99420CBF01200020D7
:10562C0070470020704701207047434D443A526543
:10563C006164417574685061796C6F616454696D13
:10564C00656F75742C48646C3D3078253034782C3B
:10565C0074696D656F75743D256400434D443A5310
:10566C006574446174614C656E6774682C48646C35
:10567C003D307825782C74784F63746574733D25B0
:10568C00642C747854696D653D25640084460A4B1E
:10569C001A68131F1C3201E093420AD053F8040F0E
:1056AC000028F9D0C1780129F6D101886145F3D1E0
:1056BC0000E00020704700BFCC35012038B5EFF377
:1056CC00108572B6084C20634FF4804363600F2240
:1056DC0062601140A160A36001F03EFB4FF40043F7
:1056EC00A36085F3108838BD0006004410B50A4B42
:1056FC001A6802F5087102F5107200BF51F8043BEC
:10570C0023B1DC7814B11C88844202D09142F5D1CB
:10571C000023184610BD00BFA400002038B5044675
:10572C000D460520064903F07BFC064B064A1B6818
:10573C00C3F8942129462046BDE8384003F0F6B959
:10574C0014970201A40000207DC00001202870B530
:10575C0004460E460ED8084D286820220021013040
:10576C0003F0F2FA286822463146013002F0E4FFD9
:10577C00002070BD0320FCE7A400002073B50D468B
:10578C000A2104461646FFF788FE68B904F15C004E
:10579C00EFF75CF801366B1E00969BB2B4F8502004
:1057AC0021880B20FDF762FA02B070BD73B50D466F
:1057BC000C2104461646FFF770FE68B904F15C0034
:1057CC00EFF744F801366B1E00969BB2B4F85020EC
:1057DC0021880D20FDF74AFA02B070BD10B50A4BB6
:1057EC001B681B680BB918460DE09C898442F8D8DD
:1057FC00DC898442F5D313609A895B68801A03EBC9
:10580C0000100860012010BDB400002070B50A4BD8
:10581C001B689C6805460E460CB9204670BD237962
:10582C00AB4206D12A463146A06801F06DFF002834
:10583C00F3D02468F0E700BFB400002070B5044634
:10584C004FF482700E4603F0F7FF70B10B2202701A
:10585C002288828018250022C2800572C0F80A2096
:10586C004672042101F00CF9E57470BD10B50A4BB9
:10587C001A68002302F16C01CC7834B10C88844294
:10588C0003D11B3302EB830010BD0133082B01F154
:10589C000401F1D10020F7E74436012038B50A4C59
:1058AC0023680C2101FB00310546486908B103F05F
:1058BC00C5FF0C2005FB000320681844002303607F
:1058CC004360836038BD00BF4436012038B5094CB5
:1058DC00236825463BB12B68074AC3E90022C3E97C
:1058EC000222012038BD102003F0A6FF2060002802
:1058FC00F1D1F7E74C3601204198020138B5037914
:10590C00044603F0070502F037FB00232360064B27
:10591C0003EBC5035A6814605C6001F087FBBDE8BB
:10592C00384002F025BE00BFE800002038B50379EE
:10593C00044603F0070502F01FFB00232360064B0F
:10594C0003EBC5035A6814605C6001F06FFBBDE8A3
:10595C00384002F00DBE00BFE8000020084B1A686A
:10596C0042F005021A601A685207FCD41A68D20772
:10597C00FCD4044B1B680B80034B1B680360704703
:10598C00143E01410C3E0141083E014100B593B06B
:10599C000C23ADF8003000238DF804300388D0F8C8
:1059AC00E820ADF8063090F8EC30029268468DF89D
:1059BC000C30FFF7EFFB13B05DF804FB002330B5A0
:1059CC001A461C46012500BF05FA03F1014008D018
:1059DC0001320133202BF7D19442204638BF1046B8
:1059EC0030BD944238BF14460A46F2E707B5094B5E
:1059FC0093F90320027093F902300B70064B00935D
:105A0C00022201232921EC20EFF7D6F9002003B064
:105A1C005DF804FBD20100207E920201434D443A12
:105A2C0053657452616E64416464722C6164647277
:105A3C003D30782530327825303278253032782553
:105A4C0030327825303278253032780038B5046819
:105A5C0094F82C306BB10D78074B29461B68204607
:105A6C009847236D342105FB0131002081F82F006C
:105A7C0038BD1F20FCE700BF9C36012010B54FF449
:105A8C00FA7003F0D9FE074A106048B10024064BA7
:105A9C004FF4FA7221461C7003F056F9204610BDE3
:105AAC000720FCE7A03601200937012013B5094C6B
:105ABC002378012B0CD16278022A09D10649009176
:105ACC00EC20C821EFF778F903F0B2F8002323702B
:105ADC0002B010BD54010020B58D020153434E3A63
:105AEC0046444361636865496E69742831292C7397
:105AFC0074617475733D25640053434E3A464443B8
:105B0C006163686546726565283129000A4B1B681C
:105B1C00D3F8FC215AB9D3F8000250B9B3F8F821E4
:105B2C0042B9D3F80802B0FA80F04009704700205F
:105B3C0070471046704700BFB001002010B5FDF74C
:105B4C00A5F9094B1B68D3F8804134B1D4E9001294
:105B5C0039B14A60D4E900231A6000F08DFE20466A
:105B6C0010BDC3F88421F5E7B00100200A4B1B6877
:105B7C00D3F89C2142B1D3F8A02122B1D3F8A421AF
:105B8C0042B104207047012203EB8203C3F89C014D
:105B9C00002070470222F7E7A40000200A4B1A6885
:105BAC00D2F8A83143B1D2F8AC3123B1D2F8B0312C
:105BBC003BB10420704701236A3342F823000020D4
:105BCC0070470223F8E700BFA400002010B50A4B71
:105BDC001A6802F11001303251F8043B33B193F8DA
:105BEC008D40012C02D11C88844202D09142F3D109
:105BFC000023184610BD00BFC401002048B9094B52
:105C0C001A6842F004021A601A68D105FCD501200A
:105C1C007047054B1A8842F004021A801A68D205A4
:105C2C00FCD5F4E7203A0141283A01410A4BD3F85C
:105C3C00002C60F31742C3F8002CD3F8042C42F468
:105C4C008022C3F8042C00BFD3F8042C5203FBD4DD
:105C5C00D3F8280C80B270470024014184B007B5FA
:105C6C000DF1100C8CE80F003A238DF8043005224E
:105C7C006B4605490120F9F7BFF8002003B05DF829
:105C8C0004EB04B0704700BF010501010A4B002270
:105C9C0010B501201A809A7011460132D2B2082A2E
:105CAC001871D88019725972C3F80A10D98103F18E
:105CBC000C03F2D110BD00BF4831012000B50146E4
:105CCC0089B028B101280ED0002009B05DF804FB82
:105CDC0003AB1422184603F037F8079A00920FC84A
:105CEC00F2F76CF9F0E7F1F7C1FCEDE784B008B519
:105CFC000DF1080C8CE80F00036893F86D2012F07E
:105D0C00100207D00020EAF795F8BDE80840002003
:105D1C0004B07047102102F0F7FCF6E7D0E9242319
:105D2C00B2EBD30F0ED3B2EB930F0DD3B2EB530FE9
:105D3C002CBF002002209B1A032B28BF0120063009
:105D4C00C0B270470420F6E70320F4E710B590F8D2
:105D5C006C30044623F0030380F86C30FDF796F8A2
:105D6C00A36F1A0644BF23F08073A367A36F23F0BD
:105D7C004003A36700F080FD002010BD53B94AB961
:105D8C00002908BF00281CBF4FF0FF314FF0FF3037
:105D9C0003F07EBDADF1080C6DE904CEE3F738FFDE
:105DAC00DDF804E0DDE9022304B0704770B5058925
:105DBC00B5F5706F04460ED2867A042E0BD82846A1
:105DCC00FFF794FC38B1D4E9032331462846BDE8EB
:105DDC007040F7F7B7BD032070BDB0F5706F2DE9BB
:105DEC00F04104460D4616461F460AD2FFF77EFCCC
:105DFC0038B13B46324629462046BDE8F041F9F71A
:105E0C0093B90320BDE8F08110B5C0B0FFF79EFC3C
:105E1C00044668B90A230DF103010DF102008DF857
:105E2C00003001F025FD044610B96846FBF75EFA18
:105E3C00204640B010BD73B502F10C0306460C466B
:105E4C0001A815460193043403F03CFB01A805217D
:105E5C0003F038FB2B46A2B200213046F9F7C8F903
:105E6C0002B070BD38B50446008903F0CFFC60B1B8
:105E7C002089E568FFF7AAFE48B1F02280F84C2093
:105E8C002946BDE83840F4F77BBC042038BD03201C
:105E9C00FCE700B593B0D0F8B83141F20602ADF88A
:105EAC0000200288ADF8042068469A69DB69CDF8B9
:105EBC000620CDF80A30FFF76DF913B05DF804FB3E
:105ECC00F0B500240746204665B2AB4200DCF0BDBD
:105EDC000E5D12F804C0351AA5EB0C05EDB2AE42FE
:105EEC0002D034BF012000203D550134ECE7484F6F
:105EFC0053543A436D64207263762C4772703D3074
:105F0C0078253032782C5375623D307825303278D4
:105F1C002C4F703D30782530327800434D443A4553
:105F2C006E68616E636564526561645478506F7716
:105F3C0065724C6576656C004552523A53746174C7
:105F4C0075733D30782578004C4C43503A496E734C
:105F5C0074616E74557064617465642C48646C3D36
:105F6C003078253034782C6F70436F64653D307811
:105F7C002530327800534D503A47656E206B657969
:105F8C002C64686B6579206661696C00534D503ADE
:105F9C0047656E206B65792C65646976206661694E
:105FAC006C00050000030000F5660201093D0201CA
:105FBC00FD4E0201C94E0201453D0201614E020136
:105FCC00954E02013B3A01019D8F0201CD1C00014F
:105FDC004FF0807340F8043C21F0010140F8081C9C
:105FEC00054B40F80C3C40F8202C6FF0020340F8B5
:105FFC00243C4438704700BFBD77020108B54FF010
:10600C00200383F31188BFF36F8FBFF34F8FE7F734
:10601C0021FB28B14FF0E0234FF08052C3F8042D40
:10602C00002383F3118808BD10B5094A01780023B9
:10603C0012F833408C4205D102EBC3035B689847DE
:10604C00012010BD01331F2BF2D10020F9E700BF56
:10605C00383B0101094B1B681A7832B908B1F2F7C9
:10606C0071BD03F5F270EEF7F1BB28B1032903D132
:10607C00D3F8743101201847704700BFA4000020EA
:10608C0010B5094B1A6802F11001303251F8043B7B
:10609C002BB19C7A012C02D11C88844202D09142F3
:1060AC00F4D10023184610BDA8000020C55B0101E7
:1060BC0059DB0001D5270201A57E020139FF010140
:1060CC0021DB0101A105020189B90101C1440201D1
:1060DC00715E02010000000070B5C47A0D46002309
:1060EC00D9B28C4201D880200BE0C16801EB83014E
:1060FC0001330E889642F3D16868498803F0A0FBFF
:10610C00002070BD38B5054604200C46F8F704FC99
:10611C0068B18388C58003F0F80343F4407343F0FF
:10612C00010383808460BDE83840FCF755B938BD65
:10613C001FB5094C24686CB1ADF80630069B029370
:10614C00079BADF80000ADF80210ADF804200393E6
:10615C006846A04704B010BD74360120084B1A687D
:10616C0042F005021A601A685107FCD41A68D2076B
:10617C00FCD4044B1968043B89B2186803F0FCBAD0
:10618C00143E01410C3E0141074B1A8842F040027B
:10619C001A801A685206FCD4044B1B680360044B2B
:1061AC001B680B80704700BF143E0141003E01414B
:1061BC00043E014110B502210446002001F00BFA07
:1061CC0050B11D230373054B1B681B7B43730146A6
:1061DC002046F3F745F9012010BD00BF4401002013
:1061EC0010B502210446002001F0F5F950B11E2330
:1061FC000373054B1B681B7B437301462046F3F767
:10620C002FF9012010BD00BF4401002038B5054610
:10621C00D5F8A84104B938BD2368C5F8A8311BB915
:10622C0005F5D473C5F8AC31A06803F007FB204624
:10623C0003F004FBECE700BF430803F05533C31A2B
:10624C00980800F0333003F03333184400EB10108F
:10625C0000F00F3000EB102000F0FF1000EB1040AE
:10626C0080B2704713B5084C2378012B0AD1074A2A
:10627C000092C7210222EC20EEF79EFD02F0D8FC22
:10628C000023237002B010BD54010020C88D020100
:10629C0007B5084B1B68187259729A72064B00931B
:1062AC00022201233821EC20EEF786FD002003B0FA
:1062BC005DF804FB4401002056890201094B0128BA
:1062CC0015BF18681B68D0F85832D3F85C226FEAF7
:1062DC0001010BBF0A400B40C3F85C22C0F85832D6
:1062EC00704700BFB001002013B5044680B1019186
:1062FC000DF1030001A902F0B5FF04F16000EEF707
:10630C00A5FA00239DF8032001212046F3F704F899
:10631C0002B010BD10B5094B1A6802F12C014C32B9
:10632C0051F8043B23B11C88844201D19C7814B9E8
:10633C009142F5D10023184610BD00BFC0010020CA
:10634C0010B5094B1A6802F12C014C3251F8043B80
:10635C002BB19C781CB193F85340844202D09142EB
:10636C00F4D10023184610BDC0010020064B07498C
:10637C0010B500241C60064B1C60064B02201C60F0
:10638C0003F036F9204610BDEC010020AD7600017B
:10639C00E8010020F001002010B5F3F7C7FE044619
:1063AC0048B9064A1378590705D443F00403044846
:1063BC00137003F02FF9204610BD00BF5834012094
:1063CC00BD9E000190F8F43013F0020309D0074B86
:1063DC001B685B0007D5C07F04288CBF0020012000
:1063EC007047184670470120704700BF3034014198
:1063FC007FB50E7916F0300F04D1FDF76DFA002041
:10640C0004B070BDCDE90201009202AB0822024932
:10641C000120FAF7A8FBF2E74104010138B5046842
:10642C000546FCF733FDA36F23F4F81323F4046340
:10643C00A36700F021FAA36F1B0604D52846BDE81C
:10644C003840EDF7F5BA38BD00B585B00DF1060151
:10645C00FBF77EFE10B105B05DF804FB06238DF84A
:10646C000830BDF80630ADF80A3002A8FCF754FB32
:10647C00F1E738B50C46FFF7A9FB054650B1237878
:10648C00C17C994208D163786288F3F79FFB00B90D
:10649C00E87438BD0320FCE70120FAE7434D443A89
:1064AC005374617274456E63727970742C48646CA9
:1064BC003D307825303478004552523A737461740B
:1064CC0075733D25640000B593B041F21F03ADF820
:1064DC0000300388ADF8063090F82A308DF804109F
:1064EC0068468DF80830FEF755FE13B05DF804FBD6
:1064FC00042810D8012202FA00F313F017030AD073
:10650C00042908D802FA01F313F0170303D0431A35
:10651C005842584170470020704710B50521044679
:10652C00002001F058F860B125230373D4F84431EE
:10653C00D3F81E30C0F80D3001462046F2F790FF1C
:10654C00012010BD38B590F8E2308B4204460D4660
:10655C0002D10021EDF7D6FC94F8E430AB4205D122
:10656C0020460121BDE83840EDF7CCBC38BD434D89
:10657C00443A416464524C2C616464723D30782519
:10658C003032782530327825303278253032782503
:10659C003032782530327800434D443A41646457A8
:1065AC004C2C616464723D30782530327825303261
:1065BC0078253032782530327825303278253032D3
:1065CC00780008B561B9031D406840B10189428962
:1065DC00914209D102681A6003F030F9012008BD1C
:1065EC0000F108038068F0E70020F8E7F0B500251B
:1065FC00074628466CB2A34200DCF0BD4E5D545DEC
:10660C0034440444E4B2A64202D08CBF01200020E2
:10661C007C550135EEE790F8593083B1C26D137893
:10662C0043F010031370C06D0B68C0F85F3100F2BB
:10663C005F124B6853608B689360CB68D360704774
:10664C0090F8593083B1C26D137843F00403137082
:10665C00C06D0B68C0F8483100F5A4724B685360EC
:10666C008B689360CB68D360704790F8593083B1D6
:10667C00C26D137843F001031370C06D0B68C0F842
:10668C002C3100F596724B6853608B689360CB6825
:10669C00D360704738B50446C568008903F0B6F876
:1066AC0048B12089FFF792FA38B129462089BDE814
:1066BC003840E8F707BB042038BD0320FCE710B5D1
:1066CC0090F86D309A0704460DD443F0020380F81D
:1066DC006D3000F5997001F0E7FF04F58D70BDE8A1
:1066EC001040F8F785BA10BD00B1704710B50C46D4
:1066FC00054801F059FE012804D12268034B1A60A9
:10670C0001221A7110BD00BF343501202C35012037
:10671C0008480068006880F308884FF0000080F398
:10672C00148862B661B6BFF34F8FBFF36F8F00DF73
:10673C0000BF000008ED00E0074B1B681B6823B985
:10674C00064B4FF0FF321A607047034B1B68DB6837
:10675C001A68024B1A607047343601200836012043
:10676C0038B50489B4F5706F0CD2857A042D09D82C
:10677C002046FEF7BBFF28B129462046BDE838402D
:10678C00FCF7B8BA032038BD10F0FD030AD001287D
:10679C000AD14B7903F0C003402B07D0002B14BF58
:1067AC0001230323184670470123FBE70223F9E773
:1067BC0070B41578074C002314F83360AE4204D142
:1067CC0004EBC30370BC5B68184701330D2BF3D18A
:1067DC0070BC704784E7010110B500F1180300F19B
:1067EC00380200BF53F8044B2CB194F8044124B187
:1067FC00A4B200F031F9204610BD9342F2D1FAE771
:10680C00084B1A6800230C321178012902D15188E7
:10681C00814205D00133DBB2082B02F10C02F3D11B
:10682C001846704744360120036810B413B144680D
:10683C00944203D15DF8044B02F08CB922B90B6081
:10684C0001605DF8044B704713680B601160F8E74A
:10685C0010B5064B06480024202221461C7002F07D
:10686C0073FA044BC3E9004410BD00BFFF3601208E
:10687C00AC3301207C350120074A13785BB1013B16
:10688C00DBB213703BB9054B4FF480525A60520087
:10689C005A6012035A6070470337012000E100E090
:1068AC00434D443A436F6E6E5570646174652C4869
:1068BC00646C3D307825303478004552523A73740C
:1068CC00617475733D256400434D443A53657450AF
:1068DC0068792C48646C3D307825782C7478506835
:1068EC0079733D25642C7278506879733D2564006A
:1068FC0010F0010F4FEA400318BF43F001032029A9
:10690C001DBF012202FA01F101F1FF314FF0FF31FD
:10691C0058400840FFF790BC434D443A53657448C7
:10692C006F73744368616E6E656C436C6173730056
:10693C004552523A5374617475733D307825780022
:10694C0010B5012200210648F7F718FB072804466A
:10695C0003D00449002002F003FE204610BD00BF06
:10696C00480100202912010153434E3A455252214D
:10697C00207469643D25640053434E3A5741524E8E
:10698C0021207072696D506475436E743D256400EE
:10699C00084A136840F20221A3F84010022183F840
:1069AC00421019786FF30411197013680022DA631E
:1069BC00704700BF2C02002010B5C36E044613B9FB
:1069CC00436998420BD063786FF38203637020465F
:1069DC00E7F760FE2046BDE81040FEF777BC10BD1F
:1069EC00084B012815BF18681B68D0F85832D3F82B
:1069FC005C2213BF0B430A43C3F85C22C0F8583225
:106A0C00704700BFB0010020C1F30803074A490AD0
:106A1C002BB94942114043EA4121FBF769BEC3F54A
:106A2C009C7301339BB25140F5E700BFFFFF7F0021
:106A3C0030B50023074C0B7040FA03F2D20744BF69
:106A4C000A781D5D03F1010344BF2A430A70042B2D
:106A5C00F2D130BD8898020170B5054600F11804DA
:106A6C0000F1380654F8040B20B102F0E7FE0023C5
:106A7C0044F8043CB442F5D1002385F83B3070BD9A
:106A8C0038B5084B1B6804460D463BB922462846D0
:106A9C004FF48271BDE8384000F05CBA9847012889
:106AAC00F4D138BDAC36012010B4C488074B220A8F
:106ABC0053F8223033B100F10C028168E0B25DF87A
:106ACC00044B18475DF8044B704700BF1C33012082
:106ADC00431E022B06D8074A137843F001031370A8
:106AEC00F1F7DCBE0028FBD1024A137843F0020315
:106AFC00F5E700BFF401002084B008B50DF1080CD7
:106B0C008CE80F00036893F86D30DB0603D4049A0D
:106B1C00112101F0F9FDBDE80840002004B07047D8
:106B2C00434F4E4E3A4C6C63705478446F6E653ADA
:106B3C0048646C3D3078253034782C4F70436F644A
:076B4C00653D30782578005B
:106B540038B504460D4600F03FFEA36C23B1002473
:106B640001F05CFF204638BDA36B13B9A564012472
:106B7400F6E70024F4E738B50489B4F5706F0546E8
:106B84000AD22046FEF7B6FD30B1EA7AA97A204649
:106B9400BDE83840F9F7DEBD032038BD00B5817982
:106BA4000129C1B00AD1002318460222F5F7C0FE1C
:106BB400132368468DF80030FAF79CFB41B05DF86A
:106BC40004FB434D443A446973636F6E6E656374AA
:106BD4002C48646C3D3078253034782C72656173B0
:106BE4006F6E3D253032640090F8E2305BB990F866
:106BF400E42042B990F8B0313BB9D0F8A801B0FA1A
:106C040080F0400970470020704701207047434DD1
:106C1400443A53657450434C5072657365742C55F3
:106C2400703D25642C4C6F773D25642C737465701E
:106C34003D25640070B549B9051D4068002448B17C
:106C44000668013402F0FEFD3046F8E700F108055D
:106C54008068F3E72860204670BD00B593B0132325
:106C6400ADF8003001238DF804300388ADF8063008
:106C74006846ADF80810FEF791FA13B05DF804FB0E
:106C840010B580F8291000880C4600F04DFB48B17F
:106C9400162C03D1BDE8104001F0E2B9BDE8104064
:106CA40001F0ECB910BD10B5013A52B2130601D58A
:106CB400002010BD845C8B5C9C4205D802F1FF323D
:106CC400F4D24FF0FF30F4E70120F2E730B5891A2F
:106CD40000F1824000F5B0304D1C0121A940048828
:106CE4000139914024EA010493401C43A4B2048076
:106CF40030BD08B503689A6F120601D4002008BDA0
:106D0400D3F89020013AC3F89020002AF6D18021CC
:106D1400F3F7EAFE0120F2E770B54FF4005442F2B3
:106D24000806E5B22046DDF743FE28B10134A4B2DB
:106D3400B442F6D10135EDB2284670BD064B1B783E
:106D4400012B07D8054A42F823000133024A137085
:106D54000020704704207047040000200800002031
:106D6400064B00221A62064A1A6202F12B42A2F56D
:106D74004B12A2F6AB421A62704700BF00060044F1
:106D8400556699AA38B50446EFF3108572B6FFF735
:106D9400E7FF24F07F44034BC3F8F44085F31088E5
:106DA40038BD00BF000600442C840201074B19685B
:106DB4000868B0E8F04F80F30988BFF36F8F4FF095
:106DC400000080F311887047AFF30080383601204B
:106DD4000346026C6AB110B50846D9681144D960FB
:106DE4009C68A14224BF1968D960D96801F0A8FC45
:106DF40010BD704710B5024600210120FAF70AFCC5
:106E0400044638B1002181600160C1600B460A4626
:106E1400E8F73CFD204610BD38B50489B4F5706F21
:106E2400054609D22046FEF765FC28B1A97A20461A
:106E3400BDE83840FAF7E0BD032038BD38B5048911
:106E4400B4F5706F054609D22046FEF753FC28B10D
:106E5400A97A2046BDE83840FAF774BA032038BD51
:106E640038B50489B4F5706F054609D22046FEF79B
:106E740041FC28B1E9682046BDE83840F9F74ABF2B
:106E8400032038BD08B5074B1A68137823F00403B0
:106E9400137002210020FFF7E1F8BDE80840FDF778
:106EA400B7BC00BFA400002070B5074E05460024FF
:106EB400336804F16A0253F822300BB1284698472C
:106EC4000134032CF4D170BDA4000020830708D53D
:106ED400044B1A68002111601B68034A5A60034A74
:106EE4009A607047A80000203D9002012198020199
:106EF400072838B50BD8064D041D2B6853F8240019
:106F040028B102F09FFC2B68002243F8242038BDEE
:106F1400A800002008B5FAF707FE18B1054B33F8AE
:106F2400100008BDFEF76EF90028F7D1BDE808404F
:106F340002F09AB80EBA010108B5FEF79BFC40B105
:106F4400054B80781B685B7898422CBF0020012099
:106F540008BD0120FCE700BF4436012013B5074BF0
:106F64008DF800001446ADF8021001921B686846C3
:106F74009847204602F066FC02B010BD4836012056
:106F840008B5064C064D2B682068DB684FF0FF31CE
:106F940098470128F7D1FBF747FAF4E7CC00002023
:106FA400D000002010B500F0EBFF064B1B78044620
:106FB4001BB1FDF72DF8E9F763F92046BDE8104051
:106FC40000F038B800370120012805D008B10228A4
:106FD40004D0034B18887047024BFBE7024BF9E7D8
:106FE400EC360120EE360120F036012010B9054BB5
:106FF40019807047012801D1034BF9E70228F8D121
:10700400024BF5E7203F0141243F0141283F014164
:1070140010B5064C01222270054A126802B190474D
:1070240001F09EFA0023237010BD00BF0437012035
:107034008436012007B5074A0190137833B1013B28
:10704400DBB2137013B901A802F028FA03B05DF89B
:1070540004FB00BF05370120064A136823F08003B0
:107064001B041B0C1380044A138823F08003138031
:10707400704700BF203F0141EC360120064B1A88BF
:1070840042F001021A801A68D207FCD4034B186834
:1070940020F07040704700BF143E0141083E01419A
:1070A400074B1860998010331A6842F4E0421A6062
:1070B4001A689104FCD41A68D204F9D4704700BF4A
:1070C400003E014108B5FFF7EBFF064B1B6813F0C8
:1070D400060F05D040210020BDE80840FBF796BE0E
:1070E40008BD00BF203F0141074B1A681AB192F84E
:1070F4009800012806D0586820B190F89800431EE3
:1071040058425841704700BF8C35012000B593B0F8
:107114000823ADF8003003888DF804106846ADF8F4
:1071240006308DF80820FEF739F813B05DF804FB3B
:10713400434D443A5265616452656D6F746555738D
:10714400656446656174757265732C48646C3D3082
:1071540078257800434D443A52656D7465436F6EEB
:107164006E50617261725265715265706C792C480F
:10717400646C3D307825780010B51C46044B1860CB
:10718400044B1046196002F0BFF9034A146010BDA5
:1071940090360120883601200001002010B5C37DFF
:1071A40004464BB90821FCF751FF08B9002010BD73
:1071B400012084F8E200FAE7012BF7D10E21F2E76F
:1071C40038B50A460F210546FBF79AF9044638B14B
:1071D40095F8E430112B03D101212846ECF796FEF3
:1071E400204638BD38B590F8E43004460D4653B90E
:1071F4000220EFF76FF9C4F8B8016B780370D4F884
:10720400B831AA785A7038BD38B590F8E4300446DD
:107214000D4653B90A20EFF75DF9C4F8B8016B784D
:107224000370D4F8B831AA785A7038BD10B5837E8B
:10723400113BDBB2122B96BF044A0021D15C0446F9
:10724400F4F7ECFCA4F8600010BD00BF7C8D0201D3
:107254004348433A53706F6E20412043686B206665
:1072640061696C3A6C6F633A25642C2052656D6FCA
:107274003A256400074B1B680BB918467047996898
:107284000A7A043A012AF6D80A68126B8242F2D1C9
:1072940001207047B8010020074A13691B1A1361C3
:1072A40093680344B3F5C06F83BF6FF4C0615B1888
:1072B40001200020936070475801002010B5446FEE
:1072C40088B05CB1036FCDE9033008AB13E9030068
:1072D4008DE8030003AB0ECB0320A04708B010BD1C
:1072E40010B5446F88B05CB1036FCDE9033008ABCF
:1072F40013E903008DE8030003AB0ECB0420A04781
:1073040008B010BD10B54378DA0704460BD5002247
:107314009B070270827001D4F5F790F92046BDE80E
:107324001040F5F7AFBD10BD074B1B680BB91A46EB
:1073340008E09A68117A04390129F6D81168098895
:107344008142F2D110467047B801002038B5074D8C
:1073540000242B681B78E340DB07E1B202D501204F
:10736400E9F7C2FE0134082CF3D138BDCC0100206A
:1073740024232221201F1E1D1C1B1A191817161541
:1073840014131211100F0E0D0C0B0A090807060531
:107394000403020110B50468FBF77CFDA36FD4F865
:1073A400CC0023F0807343F00073A367F8F7AAFCC2
:1073B400BDE81040FFF764BA0B0D40F21E42D21A2A
:1073C40009DBCB0243EA505040F00040202A28BF9A
:1073D4002022D0407047490080417047434D443AD1
:1073E400536574436F6E6E5478506F776572507244
:1073F400657365742C73656C5077723D2564005316
:10740400434E3A636C725365635265712C746964BC
:107414003D25640053434E3A636C72507269526561
:107424007100534D503A446174612073656E642C4D
:1074340070616972206661696C206572723D307892
:05744400253034780042
:10744A000369416882688A60416851605A68824269
:10745A0004BF82685A600022026118680138186005
:10746A007047017A427A41EA020313F0F80F07D112
:10747A00B1FA81F040090AB940F00200FAF765BF93
:10748A0003207047B0F5706F38B504460D4608D230
:10749A00FEF72DF928B129462046BDE83840FBF70A
:1074AA0008BC032038BD1FB5ADF80800ADF80A10B6
:1074BA0044F206106946ADF80C20FEF724FEBDF82A
:1074CA00000005B05DF804FB1FB5ADF80800ADF883
:1074DA000A1044F208106946ADF80C20FEF713FEB4
:1074EA00BDF8000005B05DF804FB10B50A68937892
:1074FA0054781B0403EB04231478D278234403EB57
:10750A00026303600B6804330B6010BD00B593B0CF
:10751A003023ADF8003000238DF804300388ADF82D
:10752A0006306846FDF737FE13B05DF804FB38B540
:10753A0004460D460020022100F04EF838B102231D
:10754A000373457301462046F1F78BFF012038BDCE
:10755A0038B504460D460020022100F03DF838B146
:10756A0007230373457301462046F1F77AFF01208A
:10757A0038BD49B1807E112808D0122808D010F0F1
:10758A00200018BF04207047407EF4E701207047AE
:10759A0002207047434D443A5365744164765478E7
:1075AA00506F7765725072657365742C73656C5091
:1075BA0077723D25640038B505680446E8F7ABF8EC
:1075CA00122320462B7600220B21F0F77CFA0420A6
:1075DA00BDE83840F9F7C1BC38B5054601F10C00E1
:1075EA000C4602F02AF938B10379448165F3051390
:1075FA00037100230381036038BD07B5426F3AB1B6
:10760A0049B1019001AB042205210220F7F7F5FBED
:10761A0003B05DF804FBFBF724F8F9E710B504465C
:10762A00062002F00AF9014640B1082303702388B4
:10763A008380BDE81040062002F03BB810BD10B5AB
:10764A000446062002F0F9F8014640B1042303700B
:10765A0023888380BDE81040062002F02AB810BDB6
:10766A0010B50446062002F0E8F8014640B10723A7
:10767A00037023888380BDE81040062002F019B801
:10768A0010BD12290AD002D8112904D07047213915
:10769A00022905D97047012101F00FBE0221FBE73B
:1076AA000321F9E7CB681A7880F840205A7880F8E5
:1076BA0041209A7880F84220DA7880F843201B79B2
:1076CA0080F84430704710B504680A46D4F8B01000
:1076DA0029B1FEF78EFE0023C4F8B03010BD104663
:1076EA00BDE81040FDF7A1BC10B50468204601F0C2
:1076FA0080FDFBF7CCFBA36F43F0006343F001036B
:10770A00A367BDE81040FFF7B8B8F0B500244F1ED4
:10771A00A24209D0651C035D7E5DB34202D00A5DB8
:10772A00981AF0BD2C46F3E70020FAE710F0004162
:10773A0060B148BF40420A0D02F21D42B0FA80F31E
:10774A00D21A9840C30A400503EB02517047434DD1
:10775A00443A5265616452656D6F74655665724943
:10776A006E666F2C48646C3D30782530347800435F
:10777A004D443A5265616443684D6170436D6400DB
:10778A004552523A5374617475733D3078257800C6
:10779A00050008B5064800F0D8FD01F0AAFDFBF780
:1077AA00DEF900B908BDFBF796F9FBE700BF55649F
:1077BA00020182B0002301934FF0200383F3118862
:1077CA00BFF36F8FBFF34F8F019B002BFCD002B02A
:1077DA0070474FF0200383F31188BFF36F8FBFF315
:1077EA004F8F024A136801331360704700BF743722
:1077FA00012050B110B50C46884208D3022200215C
:10780A00F9F705FF20B1846302E0002070470020E9
:10781A0010BD10B50C46FDF76AFF40B150F8043FA1
:10782A0023608388A3808379A371002010BD03207D
:10783A00FCE77FB5ADF80800CDE9031241F20B6011
:10784A0069460593FEF75FFCBDF8000007B05DF8D6
:10785A0004FB08B50649072001F0E3FBFCF7C7FA69
:10786A0018B9BDE80840FFF752BB08BD00BF0C9726
:10787A00020130B5064D00232A681A44DCB2527858
:10788A0012B90470104630BDCA540133F4E7A4009B
:10789A00002008B50649092001F0C3FBFCF7A7FA46
:1078AA0018B9BDE8084000F03EBB08BD00BF1C98EF
:1078BA000201037853B9837843B9837933B9034B07
:1078CA005988172902D98088F2F7C7BC7047B000D7
:1078DA000020044B054A00280CBF18461046034BEB
:1078EA005861704700BFED970201F2970201842E9A
:1078FA000120054B1B7C2BB1054B1A88824201D112
:10790A00588870470020704700BFD43401204036A1
:10791A000120042802D0062804D07047044B1B68B3
:10792A0099607047024B1B68D960704700BFB80066
:10793A00002010B1054B1B78037021B1044B1A6863
:10794A000A609B888B80704700BFDC000020DD0046
:10795A000020054B1A8842F001021A801A68D207E1
:10796A00FCD4024B1868704700BF143E0141083E20
:10797A000141054B1A8842F002021A801A689207DE
:10798A00FCD4024B1868704700BF143E0141003E08
:10799A000141054B1A8842F008021A801A68120738
:1079AA00FCD4024B186880B27047143E0141043E71
:1079BA000141054B1A8842F004021A801A685207DC
:1079CA00FCD4024B186880B27047143E01410C3E49
:1079DA0001414B7880F8E8308B7880F8E930CB7831
:1079EA0080F8EA300B7980F8EB304B7980F8EC308C
:1079FA00704790F8E23003F0EF03032B08D1D0F878
:107A0A00B4312BB14A781A70D0F8B4318A785A70E6
:107A1A00704710B5064C236843B11B68186D01F016
:107A2A000EFF2068FAF789FE0023236010BD480183
:107A3A000020064B1B6893F8402203EB4203B3F87D
:107A4A003802B3F83C32184480B2704700BFB00124
:107A5A000020062340F2431203FB0020044B1B685C
:107A6A00184403680B6083888B80704700BFCC0181
:107A7A000020054BD3F8682F60F3D752C3F8682F5C
:107A8A00034B1B685870704700BF00240141CC01AA
:107A9A000020064B1B681A78002322FA03F1C90753
:107AAA00D8B203D50133082BF7D118467047CC0159
:107ABA000020064B1B6AC3F30723012B04D9022BB0
:107ACA000CBF4020202070478020704700BF000A6A
:107ADA000044054BB3F85600054B1B7800F07F00B5
:107AEA001844404240B2704700BF00600141D001D3
:107AFA00002010B50446817E90F86000FBF70DFF68
:107B0A00617E02460020FBF708FF92B212FA80F06B
:107B1A0010BD434D443A53657441646472526573AF
:107B2A00456E61626C652C656E61626C653D2564AB
:017B3A00004A
:107B3C0000B583B002238DF80030ADF802008DF84B
:107B4C0005106846FAF7E8FF03B05DF804FB1FB5B3
:107B5C00ADF80C008DF80E1041F2046001A9FEF78F
:107B6C00D1FABDF8040005B05DF804FB1FB5ADF803
:107B7C000C00ADF80E1042F2010001A9FEF7C2FA9A
:107B8C00BDF8040005B05DF804FB08B50089FEF7EC
:107B9C00C1FB38B18378022B04D10521BDE8084024
:107BAC00F2F70EBF032008BD10B5847A0089FEF7EA
:107BBC00B1FB30B1C36D23B12146BDE81040FAF7DB
:107BCC007DBA012010BD03688B4206D10B6803609F
:107BDC0043688B4208BF42607047002AF8D00B689C
:107BEC001360F5E738B504460D4600200121FFF778
:107BFC00F2FC28B1057301462046F1F731FC012057
:107C0C0038BD10B5C36E04464BB94369984206D1D2
:107C1C00E7F7D6F92046BDE81040FDF757BB10BD7D
:107C2C0007B54378DB0707D5CDE900016B46082281
:107C3C000A210220F7F7E0F803B05DF804FB07B562
:107C4C0049B1019001AB042209210220F7F7D4F8C5
:107C5C0003B05DF804FBE6F755FCF9E707B5C3780C
:107C6C00DB0708D50423009300880023FDF7FCFBF9
:107C7C0003B05DF804FB0120FAE700F1824000F547
:107C8C00B030891A038801310120884001389040B6
:107C9C001840104180B2704790F8E8304BB190F822
:107CAC00CC2012F0240F04D190F8CD305A1E534240
:107CBC0053411846704710B50023934206D113F078
:107CCC00030018BF012000EB930010BDC45CCC5422
:107CDC000133F2E7434D443A437265617465436F77
:107CEC006E6E004552523A7374617475733D25641F
:107CFC000053434E3A46444361636865496E697468
:107D0C002832292C7374617475733D256400050049
:107D1C0008B5A0F500539BB2072B04D8024B1B6887
:107D2C000BB1C0B2984708BDC83501204A68044B56
:107D3C001A60044B0A895A8002221A70002070477C
:107D4C0010000020DC35012010B50C46044B1968DE
:107D5C001831FDF757FB01212046EDF74BFB10BD09
:107D6C003836012010B5054C0022227040F201116A
:107D7C004020F9F74BFC606010BD00BF680000208C
:107D8C001FB5ADF80800039141F201606946FEF79A
:107D9C00B9F9BDF8000005B05DF804FB1FB5ADF8EE
:107DAC000800039141F203606946FEF7ABF9BDF898
:107DBC00000005B05DF804FB1FB5ADF80800039199
:107DCC0041F601006946FEF79DF9BDF8000005B0CB
:107DDC005DF804FB1FB58DF8080003914FF4A85013
:107DEC006946FEF78FF9BDF8000005B05DF804FB9D
:107DFC001FB58DF80800039141F201506946FEF75A
:107E0C0081F9BDF8000005B05DF804FB054B1B685B
:107E1C0093F821300BB903707047022B0CBF03236E
:107E2C000123F8E7A40000201FB58DF8080003918A
:107E3C0041F204006946FEF765F9BDF8000005B093
:107E4C005DF804FB1FB58DF80800039141F20A00A0
:107E5C006946FEF757F9BDF8000005B05DF804FB64
:107E6C0008B50089FEF756FA30B1C36D23B108216D
:107E7C00BDE80840F2F7A4BD012008BD1FB5ADF860
:107E8C000800039144F205106946FEF73BF9BDF872
:107E9C00000005B05DF804FB10B50446008901F044
:107EAC00B5FC28B161892089BDE81040F2F7D4B93E
:107EBC00042010BD10B50446008901F0A7FC28B1C0
:107ECC00E1682089BDE81040FEF7D3BA042010BD4C
:107EDC0010B50446F9F740FD034B1B689C82E7F78D
:107EEC003DFE002010BD00BFB400002010B50446BC
:107EFC00008901F08BFC28B1E1682089BDE81040B5
:107F0C00FAF7FEB9042010BD10B50446008901F043
:107F1C007DFC28B1E1682089BDE81040F5F7D8BC9C
:107F2C00042010BD08B5F9F7D5FD18B9BDE8084017
:107F3C0001F096B8014B33F8100008BD0EBA0101E0
:107F4C0010B50F230022C45C42EA4402CA54C25C3E
:107F5C0013F1FF334FEAD212F5D210BD054B187056
:107F6C0029B10A68C3F801208A88A3F80520F9F71B
:107F7C0035BA00BFDC00002007B501A801F06BF991
:107F8C00034A019813780133137003B05DF804FBB6
:107F9C0005370120044A138843F0800319461380E7
:107FAC00024B1980704700BFEC360120203F014185
:107FBC00054B1A6842F440721A601A68D105FCD459
:107FCC001A689205F9D47047103E014100B593B080
:107FDC005723ADF800300388ADF804306846FDF740
:107FEC00D9F813B05DF804FB054B1A68C30800F010
:107FFC000700D35C23FA00F000F00100704700BFCB
:10800C004401002010B5FFF79DF900231A460349DF
:10801C000220BDE81040F6F7EFBE00BF01070100DB
:10802C0010B5054B53F820300C4613B111462046C1
:10803C009847002010BD00BFF0320120054B1B6893
:10804C002BB11B78C3F3C0030370002070470C20C6
:10805C00704700BF2C02002007B50422019001AB31
:10806C0003490220F6F7C8FE03B05DF804FB00BF1D
:10807C008106010007B50422019001AB03490220DF
:10808C00F6F7BAFE03B05DF804FB00BF82060100F0
:10809C00024B034A03490448FFF76AB8B94102018D
:1080AC006DD101017DAF0001ADBD0101C0F308032D
:1080BC0010F4007F40F271224FEA902002FB003056
:1080CC0018BF00F59C707047054B0246006818609D
:1080DC0092889A805A6B61F318625A63704700BF9A
:1080EC0030330141054BD3F8682F60F31242C3F8CB
:1080FC00682FD3F8700F00F0010070470024014185
:10810C0070B5054601F056FA446834B1002329468F
:10811C00A4461A46BDE87040604770BD08B50448D7
:10812C0001F0ACF90348BDE8084001F0ADB900BF5F
:10813C000D810201F1B70101836FCA6843F002039C
:10814C008367438F9B000367528803EB8203C0E96C
:10815C001C31704707B50422019001AB0349012083
:10816C00F6F74AFE03B05DF804FB00BFF104010111
:10817C0050B140F21D42B0FA80F1521A8840C30A45
:10818C00400503EB02517047010070474C32433AF3
:10819C00446174612073656E642C72656A2072731D
:1081AC0070206661696C00434D443A5265616452BB
:1081BC00656D6F74655478506F7765724C65766534
:1081CC006C00434F4E4E3A4E657754785265712C85
:1081DC00204F70436F64653D3078257800434D44E3
:1081EC003A53657453636E456E61626C652C656EB3
:1081FC0061626C653D2564004FF0884308225A602B
:10820C0003F5285300221A6380225A6188225A608F
:10821C0070471FB5ADF80C0001A94FF4C050FDF725
:10822C0071FFBDF8040005B05DF804FB1FB5ADF897
:10823C000C0001A943F20400FDF764FFBDF8040033
:10824C0005B05DF804FB1FB5ADF80C0001A943F2B5
:10825C000600FDF757FFBDF8040005B05DF804FB00
:10826C001FB5ADF80C0001A943F20700FDF74AFF5A
:10827C00BDF8040005B05DF804FB428FB0F8503037
:10828C005343828F02FB0333B3EBC10FCCBF1220DD
:10829C00002070470A4652F8013FC0F8123153686B
:1082AC00C0F81631D1F80930C0F81E31704738B516
:1082BC000D4614460021182200F046FD40F2011232
:1082CC00C5600281448138BD08B50021F4F7DEFC9D
:1082DC00F9F7D4F818B902210846F4F7ABF80020E6
:1082EC0008BD53434E3A636C7252657143622873F6
:1082FC0065632E292C7469643D25640010B583795F
:10830C0004461BB1C06808B101F098FA2046BDE8DC
:10831C00104001F093BA434D443A5365744465667A
:10832C0061756C7453756272617465436D640001A0
:10833C000102010201050201060202020102010111
:10834C00010101020602010608B5034B186003483F
:10835C00DCF782F908BD00BFC83501201D7D020184
:10836C0010B50446084611460022F9F74FF9206073
:10837C00003818BF012010BD10B504460B4611463D
:10838C00186800F059F82060003818BF012010BDA3
:10839C0008B500231A4619460068E7F773FA012856
:1083AC0014BF0020012008BD03680BB100207047EA
:1083BC0010B504460120FEF719FD2060012010BD08
:1083CC0008B500231A4619460068E7F75BFA01283E
:1083DC0014BF0020012008BD08B5044B1B681BB15D
:1083EC00024B58681B68984708BD00BF44350120F4
:1083FC00044A9368D06883423EBF024A12699B18B4
:10840C00181A70474C320120044BD86A9B6A984268
:10841C0082BF024A126B9B18181A70474C3201200B
:10842C00C1C0010115840201D1890201155A010153
:10843C00EB960201E589020100B583B00A460023E0
:10844C00019301A9EAF756FE019803B05DF804FB0D
:10845C00034B1B680360034B1B684360704700BFF2
:10846C0010360120243601201FB5039001A94FF4CA
:10847C008050FDF747FEBDF8040005B05DF804FB25
:10848C001FB5039001A941F20200FDF73BFEBDF8B8
:10849C00040005B05DF804FB08B50089FDF73AFF50
:1084AC0020B10521BDE80840F2F78ABA032008BDC7
:1084BC0038B5002504464564A0F84C50806C10B1CA
:1084CC0001F0BCF9A56438BD042806D8034B00F1B3
:1084DC00804001381B6843F8201070474C3601204F
:1084EC00044A136803605368436093688360D368DD
:1084FC00C3607047BC000020044A036813604368E3
:10850C00536083689360C368D3607047BC000020DD
:10851C00034B1B780370034B1B780B70704700BF29
:10852C00E5000020E30000204D454D2C416C6C6FA4
:10853C0063206661696C65642C6C656E3D25640016
:10854C0018B9034B43F821207047024BFAE700BFE0
:10855C007C350120AC330120044B4FF080521A6063
:10856C00BFF34F8FBFF36F8F704700BF04ED00E078
:10857C00044B4FF00072C3F80421BFF34F8FBFF3CD
:10858C006F8F704700E100E08B784A781B0403EB97
:10859C0002230A781344CA7803EB02630360704722
:1085AC0010B5044600F5BC70ECF750F904F5C87032
:1085BC00BDE81040ECF74AB9D0F8443158567E2843
:1085CC0004BF024B93F90100704700BFD201002099
:1085DC00434D443A436C72574C004552523A7374B3
:1085EC00617475733D256400024B034A9A61034A1A
:1085FC005A617047F80100201D0B0201BD240201D5
:10860C00044AD2E90231994238BF01F20161CB1A16
:10861C0013617047580100200138C0B206289ABF78
:10862C00024B185C4FF4FA70704700BFAB97020115
:10863C0008B50146406800F06BFD20B98868BDE8BC
:10864C00084000F065BD08BD08B5044B00221A7047
:10865C00F4F73AFEBDE80840F1F76ABA0B3701208F
:10866C0030B143785B0705D5C36D0B6000207047B4
:10867C000120704702207047044B1A68D36C0BB171
:10868C0004207047D0641846704700BFC00100201A
:10869C0008B503783BB94088FDF798FA18B1012367
:1086AC00037280F83C3008BD0246044B00685168E8
:1086BC0003C39068D16803C3704700BFA034014165
:1086CC00044B1A6822F073021A601A6842F00C020A
:1086DC001A607047283A014110F11D0F06DA50312B
:1086EC0004DB002A0CBF11200020704711207047BA
:1086FC0007B50422019001AB41F483310020F6F759
:10870C007BFB03B05DF804FB037A042B0CBF024B1C
:10871C00024B1B68184700BF340200203C020020AB
:10872C0008B590F8F4309B0704D5FA30FCF7D4FA6E
:10873C000439C9B2084608BD4AB1431E84460A44EE
:10874C0011F8010B03F8010F9142F9D16046704703
:10875C0003783BB1034600BF13F8012F002AFBD16D
:10876C00181A70471846704710B50446E8F7C0FF52
:10877C002046DEF7B1FB2046E5F75EFC10BD10B5D8
:10878C000446807A00F0AEFD00B110BD2046F5F72E
:10879C0023FFFAE708B520B1012804D1FFF718F838
:1087AC0001E000F0FDFB002008BD00F10803436070
:1087BC004FF0FF328260C360036100230360704797
:1087CC0010B50446FFF704F8A46B00F023F9B4FAD3
:1087DC0084F0400910BD0389B3F5706F04D2418950
:1087EC0011B11846F8F7D2BD032070470346008933
:1087FC00B0F5706F03D2D3E90312F7F73FB803203B
:10880C007047036833B100201B68013080B2002B25
:10881C00FAD170471846704710B50A685478137827
:10882C0003EB042303800B6802330B6010BD434D34
:10883C00443A5375627261746552657175657374EF
:10884C00436D640090F8E22032B990F8E430213B9B
:10885C00012B01D9FAF73CBB704710B5044600F068
:10886C0012F820B12046BDE81040FDF7A3BC10BDA6
:10887C00022310B580F8E2300446FBF701FC08B97E
:10888C0084F8E20010BD90F8E2302BB990F8E400C7
:10889C00B0FA80F0400970470020704753434E3ABD
:1088AC00445453746172742833292C6475723D25B9
:1088BC00640003681BB119791A6811B1026018467B
:1088CC00704718461346F5E708B50B7913F0300FCF
:1088DC000CBF0430083000F0DAFC002008BD08B5ED
:1088EC00437813F0010303D0DEF702FDC0F38703D6
:1088FC00184608BD40F271224000B0FBF2F302FBB7
:10890C0013005B0243EA50007047034690F8E60000
:10891C0029B920B993F8E80008B993F8E700704733
:10892C004D6963726F636869702D42696742756344
:10893C006B41444452434D443A4372656174654300
:10894C006F6E6E43616E63656C00434D443A5365C4
:0F895C007444656661756C74506879436D64008E
:10896C0010B50446084600F0E1FC2060003818BF42
:10897C00012010BD08B509680068FEF7E5F801286C
:10898C0014BF0020012008BD08B500230068E6F7DD
:10899C0079FF012814BF0020012008BD08B520B1C3
:1089AC00012804D100F036F801E0E6F7FBFD08BD24
:1089BC0008B5034B186B0021FCF780FE08BD00BF07
:1089CC000006004410B5034B1C6BFFF71DFD013C6A
:1089DC00201A10BD4C32012010B5034B1C69FFF757
:1089EC0007FD013C201A10BD4C32012008B54FF098
:1089FC00FF31083000F022FA003818BF012008BD02
:108A0C00DFF80C00016841F4700101607047000050
:108A1C0088ED00E0034A1368013B13600BB983F344
:108A2C001188704774370120034B186810B1836CA0
:108A3C0001338364704700BF383601200389B3F5D6
:108A4C00706F03D2C1681846F8F78AB903207047D3
:108A5C000389B3F5706F03D2C1681846F7F74ABEA5
:108A6C0003207047034B1B6853F82030104653F813
:108A7C00213018473C36012010B504460621F3F787
:108A8C0045F8637903F03F03637110BD08B5034BE0
:108A9C001B689B689847002008BD00BFA8000020F9
:108AAC00034B53F82030104653F82130184700BFC1
:108ABC00643501201346427A12B1827AD20702D46D
:108ACC005222E8F7CFB9704708B5FBF7EDFF024B20
:108ADC0033F8100008BD00BF0EBA010108B5FBF752
:108AEC00C7FF024B33F8100008BD00BF0EBA0101DE
:108AFC0008B500F0F3FC024B33F8100008BD00BFC2
:108B0C000EBA010108B5F7F7A5FE024B33F81000B9
:108B1C0008BD00BF0EBA010108B5F2F797FD024B74
:108B2C0033F8100008BD00BF0EBA010108B5E9F713
:108B3C008BFE024B33F8100008BD00BF0EBA0101CA
:108B4C0030B50023C45CCD5C6C40D4540133102B85
:108B5C00F8D130BD00230B60036813B9016041608C
:108B6C00704743681960FAE74D53472C47657420EA
:108B7C006661696C2C6C656E3D256400535953001D
:108B8C0000484F5354004C484349004C4C000000E3
:108B9C0001390244824200D1704711F8013F02F8BA
:108BAC00013DF7E738B50C4609681546FFF7C4FDDB
:108BBC0022682A44226038BD38B504460068154640
:108BCC00FFF7BAFD22682A44226038BD544D522C5E
:108BDC0053746F70206E756C6C20696E70757400B8
:108BEC0090F8E2309B065ABF90F8E400C0F34010B6
:108BFC00012070470138C0B207289ABF014B185C9E
:108C0C00FF2070476C970201034B1B6853F8022F2F
:108C1C0002609B88838070473C010020034B1878CE
:108C2C00072894BF00200120704700BF07370120A0
:108C3C0010B5034C206800F001FE0023236010BD2A
:108C4C00A0360120034B00229A60C3E90522C3E938
:108C5C0003227047F801002008B5102000F0ECFD4D
:108C6C0018B1002383808371C36008BD534D503A03
:108C7C0047656E206B65792C6634206661696C00E3
:108C8C00534D503A47656E206B65792C66352066DE
:108C9C0061696C00534D503A47656E206B65792CB9
:108CAC006636206661696C00534D503A47656E20FC
:108CBC006B65792C6732206661696C00034B53F845
:108CCC002030104653F82130184700BF943501204E
:108CDC0010B5034C2068FCF78DF90023236010BD00
:108CEC00CC010020034B1B681878A0F1FF035842FD
:108CFC0058417047CC010020034B1B681878B0FA20
:108D0C0080F04009704700BFCC010020034B1B686A
:108D1C001B7823FA00F000F001007047CC01002012
:108D2C0008B5D0F8CC0000F053FD0A289CBF0130E8
:108D3C00C0B208BD578F0201C37C02019998020191
:108D4C00999802019998020132B1C9B202440346C2
:108D5C0003F8011B9A42FBD1704700BF034600BFCA
:108D6C0011F8012B184603F8012B002AF8D1704793
:108D7C0001020000000000000000000000000000E4
:108D8C00040404434D443A536574486F7374466548
:108D9C00617475726500434D443A53657452504189
:108DAC00544F2C544F3D25640053434E3A46444394
:108DBC0061636865467265652833290053434E3AF2
:108DCC0046444361636865467265652832290043F1
:108DDC0048433A616464205265712C496E763D2596
:108DEC00640008B50378122B00D008BD406800F071
:108DFC0072FCFAE708B50068EAF77CF9012814BFA1
:108E0C000020012008BD08B5006800F008FA012810
:108E1C0014BF0020012008BD08B50068E7F736FE36
:108E2C00012814BF0020012008BD08B5006800F01F
:108E3C0020F8FF2828BFFF20C0B208BD08B5006885
:108E4C00E7F724FE012814BF0020012008BD4FF0D5
:108E5C00200383F31188BFF36F8FBFF34F8FFEE7AF
:108E6C004FF0200383F31188BFF36F8FBFF34F8F45
:108E7C00FEE710B50446FEF7ABFCA46BFFF7CAFD8A
:108E8C00204610BD10B50446F3F754FC10B1052371
:108E9C0084F8E23010BD10B50446F9F751FB10B15F
:108EAC00132384F8E23010BD10B50446FEF73EFBE8
:108EBC0010B1032384F8E23010BD012805D002283C
:108ECC0003D0042814BF0120032070470346006818
:108EDC0020B102681A600AB95B6070477047434D55
:108EEC00443A5743684173736D4D6F643A2564007F
:108EFC0010B5841A64024CBF501AC01AC0F38050CB
:108F0C0010BD08B50B460022C1B21846FFF7FCFB9A
:108F1C00002008BD90F86C3090F8F42062F34513F3
:108F2C0080F86C30704790F86C3003F03F0380F899
:108F3C006C3002230377704710B50446F5F756F8EA
:108F4C002046BDE81040FAF707BD0A4400239142C1
:108F5C0001D10020704701F8013BF8E7494E493A2E
:108F6C002052504120636865636B656400434D4437
:108F7C003A47656E5075624B6579436D6400050028
:108F8C00024B1868C0F3C030704700BF00060044A5
:108F9C0010B9024B18797047032070472C3501200B
:108FAC00024A136801331360704700BF003601207A
:108FBC00024B1B68D3F88431184700BFA400002073
:108FCC00024B1B68D3F88831184700BFA40000205F
:108FDC00024B1B68D3F89031184700BFA400002047
:108FEC00024B1B68D3F87831184700BFA40000204F
:108FFC00024B1B68D3F89431184700BFA400002023
:10900C00024B1B68D3F87C31184700BFA40000202A
:10901C00024B1B68D3F89831184700BFA4000020FE
:10902C00024B1B6843F82010704700BF3C360120F0
:10903C0008B500231A461946F1F712FBC0B208BD59
:10904C00024B104653F82130184700BF984F0201CD
:10905C0008B5FCF7DBFB08B1407908BD1020FCE734
:10906C0008B5024800F0F2FB002008BD4D090101D3
:10907C0000000100030001000100010001000200DA
:10908C0003681BB11A68026002B942601846704747
:10909C00024B01221A700020704700BF38020020DA
:1090AC00C37D13B90321EBF70FB91021ECF730B9DD
:1090BC00024B1B6883F82700704700BF3C0100205F
:1090CC00024B1B6883F82800704700BF3C0100204E
:1090DC00024B1B6893F82700704700BF3C0100202F
:1090EC00024B1B6893F82800704700BF3C0100201E
:1090FC00024B1878B0FA80F040097047073701200E
:10910C00434D443A47656E44684B6579436D640042
:10911C0028B1028943899A4201D10068F8E7704767
:10912C0008B5FFF76DFA014808BD00BF58010020D3
:10913C0008B51C2000F080FB08B10223037308BDA6
:10914C0008B5182000F078FB08B10123037308BDA3
:10915C00434D443A5265616452737369436D6400C4
:10916C00024B1B6893F84C02704700BFB001002003
:10917C0040F2FC7303EA8003400A138008607047D6
:10918C00024B1B68DB6C03B118477047C001002011
:10919C00024B1B68D86000F035BB00BFC00100203B
:1091AC00BE83605ADB0B376038A5F5AA9183886CB7
:1091BC00024B1B681844C078704700BFCC010020DC
:1091CC00024B00EB400003EB40007047BE32012025
:1091DC00024B1A6802609B8883807047A23501207D
:1091EC0090F8F430DB0702D5F530FBF775BD70470E
:1091FC00C38F428FDB00B3FBF2F3C0E9243370471B
:10920C0053434E3A505453746172742832290043BC
:10921C004D443A52656164506879436D6400836BC8
:10922C00C06B984214BF00200120704708B5002085
:10923C00E6F7FEF8F7F7C2FCFCE7827A90F9091022
:10924C0090F90800FFF75EBC10B504460830F8F73B
:10925C0037FB208010BDEFF31083036072B6BFF3B1
:10926C005F8F70470B681B7803700B6801330B60C2
:10927C007047434D443A526561645478507772009C
:10928C004556543A69643D3078253034780003688B
:10929C0013B90160184670471846F8E74378DB07A6
:1092AC0002D50022E3F740BF7047070711110211E6
:1092BC000B110811024111020238012802D808468C
:1092CC00F0F750BE704790F82F30002B14BF0720DA
:1092DC000020704710B50446FFF7AAF9C4F8AC009B
:1092EC0010BD0500014B187000207047832E012023
:1092FC00014B01221A707047832E0120014B18601C
:10930C00704700BFD435012008B50421FCF7D6F90D
:10931C00012008BDAC6D0201B05F0201000000002D
:10932C0000000000040000000000000008B500224E
:10933C000421F8F76BF908BD014B1868704700BFA2
:10934C0028360120014B01221A6070471436012087
:10935C00D0E90423C1680089FCF73FBD806808B1DF
:10936C00FAF75AB9032070478389827A417A007AD6
:10937C00F3F7DABADDFE0101759302015592020191
:10938C00014B1B685B681847A8000020014B1B6849
:10939C00184700BFAC0000208368187808B1E9F7C3
:1093AC0033B970470146014800F04ABAEE32012049
:1093BC00014BB3F801007047B3350120014BB3F8F2
:1093CC0001007047B8350120014B33F8200070477D
:1093DC0040360120014B1B68586070474436012011
:1093EC00014B1B6898607047443601200148FFF719
:1093FC00F7BF00BF2DCA0101014B1860704700BFB9
:10940C0048360120014B93F900007047D50000202D
:10941C00014B93F900007047E4000020014B1878D1
:10942C00704700BFD4000020014B1878704700BF74
:10943C00FF360120014B1860704700BF70360120C9
:10944C00014B1860704700BF6C360120014B187837
:10945C00704700BF01370120014B1870704700BFE7
:10946C0001370120014B00221A7070470037012090
:10947C00014B1878704700BF00370120014B186072
:10948C00704700BF80360120014B1860704700BF49
:10949C0084360120BFF35F8F036883F31088704715
:1094AC00014B1878704700BF043701204A780B78BD
:1094BC0003EB0223038070470368197003680133C0
:1094CC0003607047036819800368023303607047B8
:1094DC00036819600368043303607047014B002074
:1094EC001870704738020020014B1860704700BF9D
:1094FC0098360120014B43F8201070474833012067
:10950C00014B1B68D864704744010020014B1B6859
:10951C00187A70473C010020014B1B689863704718
:10952C003C010020014B1B68D86470473C010020B3
:10953C00014B1B68186570473C010020014B1B68F0
:10954C00D86570473C010020014B1B6818667047BA
:10955C003C010020014B1878704700BF07370120F1
:10956C00014B43F820107047F0320120014B18607A
:10957C00704700BFA4360120014B01221A607047CE
:10958C00A8360120014B00221A607047A836012032
:10959C004378DB0701D5F3F7F5BB70474378DB075E
:1095AC0001D5F6F7D7BD7047014B1860704700BF67
:1095BC00B4010020014B1868704700BFB4010020B3
:1095CC00014B43F82010704794350120014B1B6868
:1095DC0058787047CC010020014B1B689878704775
:1095EC00CC010020014B1860704700BF5024014192
:1095FC00014B43F8201070471C330120014B1860BD
:10960C00704700BFCC360120014B1860704700BF7B
:10961C00D4360120014B1860704700BF3402002083
:10962C0010B50446FFF79AFB204610BD53434E3A43
:07963C007363616E544F00DF
:1096440008B5FFF71AFCC0B208BDC16890F908005C
:10965400FFF748BAC16890F90800FFF739BA0A461B
:1096640001460220FDF77ABC00231A461946F0F79A
:10967400FBBF427B017B8068F7F722BBBFF34F8FB0
:10968400BFF36F8F704708B5FEF766F9C0B208BD27
:10969400434D443A436C72524C00307825782C3058
:1096A4007825780008B500F0CDF8002008BD83784F
:1096B40043F01003837070470A4601460320FDF708
:1096C4004DBC00B9704700BF0138FAE7836F43F41B
:1096D400C0738367704708B5E8F7A6F808BD08B5F6
:1096E400EFF7E0F908BD08B5FEF786FE08BD08B53A
:1096F400F4F7C0FAFCE708B5F5F771FF08BD817A05
:109704000089FDF7C2BE020005400101896E020115
:1097140049A5010181FE0101C168007AFCF71AB86C
:10972400D0E90201F8F78EB9003018BF0120704764
:10973400D0E90201FEF7A0B8504943333243580040
:1097440091900101C9DD010113461222E7F78EBB96
:109754004B7880F8E03070474B7880F8E130704700
:109764008B7880F8E03070470001FF02FFFFFF03B1
:10977400456363446F6E6500C3680B60C1607047E6
:10978400890841EA402070470048704780920101EF
:109794008168C088F7F712BB83F00043E1F7AEB9E4
:1097A40000939393671100FA96644B321E140023BE
:1097B40003617047007AFAF795BB8068FBF744B8F9
:1097C400411CFAF7ADBB8068FFF7FABF103000F018
:1097D40037B80023DEF70CBB90F851007047B0F89F
:1097E40054007047020500012A020300002A0A03FC
:1097F40000002A0A1500292B0217002A2B20120028
:10980400052A180004000000FFF776B9FBF78CB8AE
:10981400F5F7C0BCFDF790BBE9B300010020704729
:1098240000F010B800207047F1F79CBF002070478B
:1098340000207047002070470020704700207047C8
:10984400ECF748BEFBF7DABB018070470160704754
:10985400FEF776BFFFF78EBEFFF792BEFFF796BE08
:10986400FBF796B900207047F9F736BBF9F734BB1C
:1098740000207047E4F712BFC06A7047806D7047DC
:1098840000207047030C1000130002000100FFFFCA
:10989400FCF700BA00207047704700BF02000800C0
:1098A4000018020070477047704770470229032868
:1098B4000028292B2A2B052A050005000500010094
:1098C400100002000400011802007047704770473E
:00000001FF
