:02000004008179
:100F8800FFFF000000E00EC438FC745F3B4800140B
:080F98000B006079000000006D
:040FBC000000001021
:020000040100F9
:1000000000000000000000000000000000000000F0
:1000100000000000000000005048434D00000000B8
:1000200000000000000000000000000000000000D0
:10003000000000000000000000000000FEFFFFFFC5
:100040000301020000007400000000030002000130
:100050000002000180A6020002000000A45A7E3EB9
:10006000B92CCDB34635BF3BA26B6539DE6987AA93
:1000700077C064570069CADAEBF463CA13C89C49B5
:100080007087BC26934A2662B010F9C3CFB5889713
:100090000CBB4213FBAFA88B010C424800000000D0
:1000A0000000000000000000000000000000000050
:1000B000000000000000000000000000E6316E3982
:1000C0006CC60D382A1C59636848A4ECD2F8041495
:1000D00032DB5B0FCF71D93E2CB55530136C5B977B
:1000E00005DE76DDA6B344C439168820AFB0695763
:1000F000F4786B85117FFC26546B0E2B00000000FA
:1001000000000000000000000000000000000000EF
:1001100000000000000000000000000000000000DF
:1001200000000000000000000000000000000000CF
:1001300000000000000000000000000000000000BF
:1001400000000000000000000000000000000000AF
:10015000000000000000000000000000000000009F
:10016000000000000000000000000000000000008F
:10017000000000000000000000000000000000007F
:10018000000000000000000000000000000000006F
:10019000000000000000000000000000000000005F
:1001A000000000000000000000000000000000004F
:1001B000000000000000000000000000000000003F
:1001C000000000000000000000000000000000002F
:1001D000000000000000000000000000000000001F
:1001E000000000000000000000000000000000000F
:1001F00000000000000000000000000000000000FF
:10020000F0FF072011B50101DF0302010B270201F6
:10021000D36E020187760201FF8702010000000011
:1002200000000000000000000000000091770201C3
:10023000676702010000000071ED0101ED67020136
:10024000696702016DFD0101D79602014990020123
:10025000D7960201D7960201D7960201D7960201DE
:10026000D7960201D56E0201FD6E0201D7960201FA
:10027000D7960201D7960201D79602019104020196
:10028000D7960201D7960201D7960201D7960201AE
:10029000D7960201D79602014D6F0201D79602014F
:1002A000D7960201D7960201D7960201D79602018E
:1002B000D7960201D7960201D7960201D79602017E
:1002C000D7960201D7960201D7960201D79602016E
:1002D000D7960201D7960201D7960201D79602015E
:1002E000D7960201D7960201D7960201D79602014E
:1002F000E5340201197A0201D7960201D79602016C
:10030000D7960201D7960201D7960201D79602012D
:10031000D7960201D7960201D7960201D79602011D
:10032000D79602012DF00101082020001838012085
:100330000000000000000000092020001838012003
:1003400000000000000000000A20200018380120F2
:1003500000000000000000000B20200018380120E1
:1003600000000000000000000C20200018380120D0
:1003700000000000000000000D20200018380120BF
:1003800000000000000000000E20200018380120AE
:1003900000000000000000000F202000183801209D
:1003A0000000000000000000002032000C37012097
:1003B0000000000000000000012032000C37012086
:1003C0000000000000000000022032000C37012075
:1003D0000000000000000000032032000C37012064
:1003E0000000000000000000042032000C37012053
:1003F0000000000000000000052032000C37012042
:100400000000000000000000062032000C37012030
:100410000000000000000000072032000C3701201F
:100420000000000000000000F8B500BFF8BC08BCE8
:100430009E467047113A0201F8B500BFF8BC08BCEF
:100440009E467047ED39020114980000010000003B
:1004500008B5044B186818B1804780F00100C0B29D
:1004600008BD00BF7C2A012004292CD8DFE801F058
:100470000308161D2400184A93881844908070477A
:10048000154A9388184480B2C11C4FF6FC730B4088
:10049000984201D90430F1E7938070470E4A93885F
:1004A0000F33184420F00F00E8E70B4A93881F33FE
:1004B000184420F01F00E1E7074A93883F331844AF
:1004C00020F03F00DAE74FF0200383F31188BFF3F9
:1004D0006F8FBFF34F8FFEE77C2A012070B5104A63
:1004E00094790023D9B28C4201D800200BE05D1C26
:1004F0009B00D118B1F8076086420ED1B1F80920EF
:1005000012B10848184470BD4FF0200383F31188DE
:10051000BFF36F8FBFF34F8FFEE72B46E2E700BFBD
:100520007C2A0120832A012010B50446FFF7D6FF5C
:1005300040B14FF0200383F31188BFF36F8FBFF3F7
:100540004F8FFEE70B4B9879020608D54FF020033A
:1005500083F31188BFF36F8FBFF34F8FFEE7421C09
:100560009A7103EB80020733A2F8074003EB800087
:1005700010BD00BF7C2A012010B50446FFF7AEFF76
:1005800040B94FF0200383F31188BFF36F8FBFF39F
:100590004F8FFEE72046FFF7A1FF054A9379013B05
:1005A000DBB2937102EB8303D3F80730036010BD15
:1005B0007C2A012008B5FFF791FF00B1408808BDF3
:1005C00009B91046704780B1037883EA122383EAA1
:1005D000131343EA022282EA033282EA431292B2FE
:1005E00000B10130013989B2EAE7FF23EDE72DE9D7
:1005F000F04F85B081460E9E8A46904606B11E4455
:1006000043449CB247465546A74203D1012005B05A
:10061000BDE8F08F95B36A4610232946484608F096
:10062000E9FEBDF80420944208D9BDF80630134411
:100630009BB29F4202D29C4203D91F46BDF80A508A
:10064000E8E79742A4EB020128BFE31B89B234BF5D
:100650000B469BB2A4EB030432BFBDF80AB0474679
:10066000D346A4B246B110352944F61AC91A324607
:1006700089B2484608F0BEFE5D46C5E72846C6E793
:100680002DE9F74FD48896888046894644F307259C
:100690004FF6FF77002D03DA384603B0BDE8F08F40
:1006A0001CD0A4F580741FFA84FA4FF48074DFF82C
:1006B00034B0CDF800B02346324649464046FFF7F5
:1006C00096FF38B13A4621465846FFF779FF26444F
:1006D000B6B20746013D6DB25446DBE7002CDBD0D5
:1006E000A246E4E7832C012010B5084C94F80703D8
:1006F00008F022FF4FF48042002194F8070308F02D
:1007000043FF10B14FF48073A38010BD7C2A0120F9
:100710002DE9F041094C05460E46174613460A4698
:10072000014694F8070308F09BFE3B4632462946F3
:1007300094F80703BDE8F04108F074BF7C2A01205B
:100740007FB545F24143ADF806300D4BCDE902309F
:100750000C4BC043B3F8083304904FF6FF721021DE
:100760000DF10600ADF81430FFF72AFF1222ADF8A4
:10077000040001A90020FFF7CBFF07B05DF804FBE0
:10078000534E76327C2A01202DE9F041234CB4F8F7
:100790000A33B4F80C530B449BB2FF2B06460F46AA
:1007A000A4F80A3304F207280BD80A462844414625
:1007B0003D4428F0E1FA0127A4F80C533846BDE87F
:1007C000F081C5F580724146284428F0D5FA4FF4EF
:1007D00080723146A088FFF79BFF07460028EDD0C6
:1007E00000214FF48070FFF73FFEB4F80A53B4F8CD
:1007F0000C13A5F580750023ADB2A4F80C33A4F852
:100800000A53002DDAD0C1F580712A4618FA81F119
:10081000304628F0B1FAA4F80C53CFE77C2A012027
:100820002DE9F04F714C94F807738FB0002112231B
:1008300009AA3846A4F80E13A4F81013A4F80C1350
:10084000A4F80A1308F0D6FD0B9B039394F8073322
:100850000133DBB2012B88BF002384F8073394F8FF
:100860000733BB4208D14FF0200383F31188BFF355
:100870006F8FBFF34F8FFEE7FFF736FF0028E5D0FD
:1008800000230293DFF86C8182E0029BDFF868A10D
:1008900004EB830B05AABBF80990102349463846A0
:1008A00008F0A8FD0026BDF81C50ADF81A5005AAA6
:1008B00049463846ADF81860CDF81E60FFF7E0FEF7
:1008C0004FF6FF72ADF814000E2105A8FFF778FE71
:1008D000F022ADF82200FF21504629F005F905ABC2
:1008E00003CB1035C8F80000C8F80410B4F80C2386
:1008F00003CBA388C8F80800ADB21344B5F5807FD8
:10090000C8F80C10ABF809301AD8CDF800A0BDF823
:100910001C30324649463846FFF769FE58B1A38875
:10092000B4F80C231344ABF8093029460AF1FB0054
:10093000FFF72AFF40BB002420460FB0BDE8F08F30
:10094000102300BFB5F5807FAA4628BF4FF4807AF8
:10095000AAEB030B1FFA8BFB4344009332465B4622
:1009600049463846FFF743FE0028E4D05146204868
:10097000FFF70AFF0028DED0A5EB0A055E44ADB202
:10098000B6B20023002DDDD1029B0133DBB202930E
:10099000A379029A93423FF678AFB4F80A23F2B9EA
:1009A000B4F80A030021FFF75FFDA388A4F8083319
:1009B000039B581EFFF7C4FE04460028BBD003214A
:1009C0000020FFF751FD1222FF2109A829F08CF821
:1009D000122309AA0021384608F042FDACE7044979
:1009E000A088FFF795FE0028DAD1A4E77C2A012031
:1009F0008E2D0120832C0120932C012008B50A4B59
:100A00009B88C3F580439BB283420BD2FFF708FF5C
:100A100040B94FF0200383F31188BFF36F8FBFF30A
:100A20004F8FFEE708BD00BF7C2A01202DE9F84F5B
:100A3000364D044605F2072988464FF48072FF219F
:100A4000484629F051F8E1884FF6FF724046FFF71B
:100A5000B7FD4FF6FF7220800E212046FFF7B0FD54
:100A60002368E081C5F807326368C9F80430A368D9
:100A7000C9F80830E368C9F80C30E28802F11006C2
:100A8000B6B2B8F1000F07D0B6F5807F16D8414650
:100A900005F2172028F070F9E2881D49A888F02A8D
:100AA00028BFF022103292B2FFF732FE0746E088EC
:100AB0001030032180B2FFF7D7FC24E04FF0000B89
:100AC000102000BFB6F5807F344628BF4FF48074F5
:100AD000A4EB000A524608EB0B01484428F04CF9FD
:100AE00022460B49A888FFF713FE074658B1361B6C
:100AF00020460321DA44B6B2FFF7B6FC1FFA8AFBA0
:100B00000020002EDED13846BDE8F88F7C2A012077
:100B1000832C01202DE9F041624C00258EB0A57197
:100B20004FF0FF38FF27122304AA0021284608F0BF
:100B300061FCDDE906637340013326D19DF8123074
:100B4000412B22D19DF81330542B1ED19DF8143027
:100B5000532B1AD19DF815304E2B16D19DF8163017
:100B6000762B12D19DF81730322B0ED14FF6FF7233
:100B700010210DF11200FFF723FDBDF81030834264
:100B800003D146453CBFB0462F46DDB1FF2F2BD1E8
:100B9000002384F807334FF6FF7500BFFFF7A4FD6D
:100BA00090B994F807330133DBB2012B84F8073393
:100BB000F4D94FF0200383F31188BFF36F8FBFF395
:100BC0004F8FFEE70125AEE76FF00100A4F8085350
:100BD000FFF7B6FD0028E4D00023A371012384F8B9
:100BE00012340EB0BDE8F0814FF48073A380384614
:100BF000122309AA002184F8077308F0FBFB4FF6C3
:100C0000FF77A388B3F5804FE8D2BDF83420BA420D
:100C100001D09A4214D803210020FFF725FC0325B8
:100C200010236A46A18894F8070308F0E3FB002329
:100C30001DF80320FF2A1CD10133102BF8D1CDE77A
:100C40000025EDE729461020FFF70EFCD9E7BDF897
:100C500002603046FFF742FC10B93046FFF764FCF3
:100C6000A3884380BDF80830B3B93046FFF784FC51
:100C700012E03A460E216846FFF7A2FCBDF80E606E
:100C80008642DFD16A46A18894F80703FFF7F8FC93
:100C9000BDF800308342DAD0BDF806001030294696
:100CA00080B2D1E77C2A012008B508F0FDFC044B96
:100CB00093F812341BB9BDE80840FFF72BBF08BDFD
:100CC0007C2A01202DE9FF478A46164698460546AC
:100CD00030B12BB1FFF7BCFB044650B1052044E016
:100CE0004FF0200383F31188BFF36F8FBFF34F8F53
:100CF000FEE706F1100080B2FFF780FE2846FFF7FE
:100D0000EDFB0746A0B3B0F802901C4D10236A46D5
:100D1000494695F8070308F06DFBBDF808300AEB6B
:100D200006029A4226D8B34218BFBDF80C40ADF86F
:100D300004A01CBF0134A4B241466846ADF80C4083
:100D4000ADF80660ADF80A90AC88FFF76FFE98B179
:100D5000BDF80C307C80642B4FF0000005D9BDF845
:100D60000230A5F80E33A5F8100304B0BDE8F087F3
:100D70000320FAE70420F8E70120F6E77C2A0120A7
:100D800073B50C4615461E4628B123B1FFF712FC79
:100D900050B9032017E04FF0200383F31188BFF30D
:100DA0006F8FBFF34F8FFEE76319B3F5803F09D212
:100DB0000146074800962B46224690F80703FFF7A6
:100DC00016FC10B9042002B070BD0020FBE700BF84
:100DD0007C2A01201FB540B94FF0200383F311880E
:100DE000BFF36F8FBFF34F8FFEE7FFF7E3FB48B111
:100DF00001460648102390F807036A4608F0FAFAFD
:100E0000BDF8080005B05DF804FB00BF7C2A012096
:100E10002DE9F04F431E14469BB24FF6FD729342EC
:100E200089B007460D461DD8B1F5006F1AD8FFF7F7
:100E3000C1FB00BBFFF70CFB064650BB05F11000E1
:100E400080B2FFF7DBFD8E4B93F90620002A80F27B
:100E5000FA804FF0200383F31188BFF36F8FBFF345
:100E60004F8FFEE74FF0200383F31188BFF36F8F9E
:100E7000BFF34F8FFEE73846FFF7ACFF854210D037
:100E80007F4EA6F80E73A6F81053FFF7E1FAB146AD
:100E900008B105200EE0B6F8100370B9B6F80E33AD
:100EA0007BB9002C00F0E78023462A460021384613
:100EB000FFF766FF09B0BDE8F08F103080B2FFF792
:100EC0009DFDB9F80E03FFF709FB80460028E8D026
:100ED000B0F802A099F8070310230DEB0302514666
:100EE00008F088FAB9F81033F3B9BDF818001030DB
:100EF00080B2FFF783FDB9F80E03FFF7EFFA8046E3
:100F000040B94FF0200383F31188BFF36F8FBFF315
:100F10004F8FFEE7B0F802A099F8070310230DEBFE
:100F20000302514608F066FAB9F81023B9F8043004
:100F30000393BDF8183022B19342ADF8182028BFB2
:100F400013460022BDF81810ADF81420ADF81610A5
:100F5000CDF81A200DF1100CBCE80300DFF824B125
:100F6000C9F8070203F11006CBF80410BCE803002F
:100F7000B6B2B6F5807FCBF80800CBF80C1031D8AC
:100F80000BF11001009199F807035146FFF72FFB71
:100F9000002872D004AB03CBBDF81620C9F80702B5
:100FA000CBF8041003CB1032CBF80800CBF80C10B0
:100FB00092B25946B9F80400FFF7AAFB00283FF4A3
:100FC00070AFBDF816001030032180B2FFF74CFA65
:100FD0002B4B0022A3F80E23A3F81023039BA8F8A1
:100FE00002305EE793461023B6F5807FB14628BFF6
:100FF0004FF48079A9EB030292B20292214A204871
:10100000134400935A46029B90F807035146FFF79A
:10101000EEFA90B31B49A1F207204A468088FFF7F9
:1010200077FB00283FF43DAF03214846FFF71CFA49
:10103000029BA6EB09065B44B6B21FFA83FB0023B2
:10104000002ED1D1C4E7214604A8B3F80480ADF83E
:101050001270ADF81460ADF81650ADF81850CDF818
:101060001A60FFF7E3FC40B13846FFF75DFAA0F8DD
:10107000028002201EE720461CE701201AE700BF7D
:101080007C2A0120832C0120F0B5074685B040B9A9
:101090004FF0200383F31188BFF36F8FBFF34F8F9F
:1010A000FEE7FFF787FA00283FD0FFF7D1F90446A3
:1010B00000283CD11020FFF7A1FC4FF6FF720E2153
:1010C0006846ADF80020ADF80270CDE90144ADF8F6
:1010D0000C40FFF775FA174DADF80E006B4603CBC9
:1010E00005F20726C5F80702716003CB1022B06035
:1010F000F160A8883146FFF70BFB60B91022A98880
:1011000095F8070308F040FA18B903211020FFF7FB
:10111000ABF9012007E003211020FFF7A5F93846BD
:10112000FFF72AFA204605B0F0BD0320FBE70520B3
:10113000F9E700BF7C2A0120F8B50446FFF788F9DB
:10114000054660BB64B108F0F7F9012008F0F4F936
:101150004FF400722946134828F0C6FC00201FE017
:10116000114DAF79E3B29F420CD8FFF759FB00282D
:10117000F4D14FF0200383F31188BFF36F8FBFF3D7
:101180004F8FFEE705EB8403B3F80760304602F0AB
:1011900011FA10B93046FFF7EFF90134E2E7052004
:1011A000F8BD00BF832A01207C2A0120014B186072
:1011B000704700BF7C2A012008B5FFF7FBF900301B
:1011C00018BF012008BD08B5FFF72AFB40B94FF052
:1011D000200383F31188BFF36F8FBFF34F8FFEE7B8
:1011E00008BD00BFF83801201C000000000000000E
:1011F0008F2E012001000000000000008A3C012029
:1012000002000000000000009A3C012002000000E3
:10121000000000001C3B0120040000000000000052
:10122000CC37012028000000000000000000002052
:101230000C00000000000000203B0120080000001E
:10124000000000001838012020000000000000000D
:101250000C3701203200000000000000283B012074
:1012600004000000000000008D3C0120010000008F
:10127000000000002C3B01201000000000000000D6
:101280008E3C012001000000000000003C3B0120DA
:101290000800000000000000283A012020000000A3
:1012A000000000008F3C0120010000000000000051
:1012B0009E3C01200200000000000000913C012043
:1012C0000200000000000000443B01200800000074
:1012D00000000000933C012001000000000000001D
:1012E000AE3C012002000000000000004C3B012049
:1012F0000400000000000000953C012001000000F7
:1013000000000000503B01200C0000000000000025
:101310003838012020000000000000005C3B012064
:101320000C000000000000005838012020000000E0
:10133000000000005835012070000000000000008F
:10134000603901201400000000000000E04201208C
:101350000800000001000000312E302E302E300039
:10136000EE42012002000000010000000800000021
:101370006042012011000000010000004D616E7507
:1013800066616374757265204E616D6500000000D2
:10139000BA3C012002000000010000001100000022
:1013A000C44201200F0000000100000050494333F7
:1013B00032574D5F425A36323034000072420120BB
:1013C00002000000010000000F000000B03C0120FE
:1013D0000200000000000000AC3C01200200000000
:1013E00000000000A83C01200100000000000000F7
:1013F000A43C01200100000000000000A03C0120EE
:101400000100000000000000004301200600000071
:101410000100000001000100010000002C4001203B
:1014200090000000010000001FA80201A09D020121
:101430002A860101100000010AA602011497020188
:10144000A26B010113000001909D0201A03C01204C
:1014500004430120010006090AA60201EC960201DC
:101460008257010113000001709D0201A83C012078
:1014700000430120F7000D903E9D0201B03C012089
:1014800016760101020021990AA6020100970201C5
:10149000BA5B010113000001809D0201A43C012000
:1014A00002430120F7000D903E9D0201AC3C01205B
:1014B000C280010102002199FC41012014000000BA
:1014C00001000000000000002C40012024A60201C1
:1014D00000010801020000009C3C01200200000005
:1014E00000000000983C0120020000000000000005
:1014F000943C01200100000000000000903C01200D
:1015000001000000000000008C3C012001000000F0
:1015100000000000744201203000000001000000C3
:101520007E3B07FF1C51492FB3398A4C4353534923
:10153000B39B7234BEECD4A8F4434188435353495F
:1015400016962447C62361BAD94B4D1E43535349BF
:101550002442012013000000010000001CA7007EAF
:101560003B07FF1C51492FB3398A4C435353490061
:101570003842012013000000010000000CA500B358
:101580009B7234BEECD4A8F44341884353534900C2
:101590004C420120130000000100000018A20016B8
:1015A000962447C62361BAD94B4D1E435353490075
:1015B00010420120140000000100000000000000A3
:1015C000BC4001202CA60201A000A80002000000DF
:1015D000A4420120100000000100000055E405D2E3
:1015E000AF9FA98FE54A7DFE43535349064301202F
:1015F00006000000010000000100010001000000E1
:10160000BC40012090000000010000001FA8020162
:10161000A442012086B40101100000010AA60201C3
:101620004C4201200E9B0101130000019442012055
:101630008C3C01200A430120F7000D103E9D020161
:10164000983C012052AC0101020021110AA60201BE
:1016500038420120929001011300000184420120D0
:10166000903C012008430120F7000D100AA602015A
:1016700024420120BA8C01011300000174420120B0
:10168000943C012006430120F7000D103E9D02010D
:101690009C3C012066A0010102002111902E012036
:1016A000000300000000000040370120300000006F
:1016B00000000000A83A012008000000000000001F
:1016C000783A01200C00000000000000D83301200F
:1016D0000001000000000000CC36012040000000A6
:1016E00000000000B03A01200800000000000000E7
:1016F000843A01200C00000000000000703201203C
:10170000C800000000000000683B01200400000049
:1017100000000000963C01200100000000000000D5
:10172000903A01200C000000000000000C00002096
:1017300050000000000000006C3B01200C00000085
:10174000000000009C410120040000000100000096
:10175000AAAAAAAA783B0120040000000000000009
:101760005802002024280100000000007C3B0120DA
:101770001000000000000000B83A0120080000003E
:10178000000000008C3B01200C0000000000000065
:10179000C83501206400000000000000983B0120D3
:1017A000140000000000000074390120280000002F
:1017B00000000000AC3B0120100000000000000011
:1017C0009C3901201400000000000000BC3B0120F7
:1017D0000400000000000000B039012028000000D3
:1017E00000000000C03B01200800000000000000D5
:1017F000F04201200400000001000000040000008D
:10180000C83B01200800000000000000D83901207A
:101810002800000000000000D03B01200C00000068
:1018200000000000973C01200100000000000000C3
:10183000374201200100000001000000010000000B
:101840005C00002007000000000000006400002091
:10185000080000000000000078380120400000006F
:101860000000000038330120A0000000000000004C
:10187000DC3B01200400000000000000A13C01202E
:101880000100000000000000D04101202C000000F9
:1018900001000000102000000000002D16020111C0
:1018A0002101E84201200000000012220000000097
:1018B00000B5560201132303E94201200000000095
:1018C000D44201200C000000010000004001E84269
:1018D00001204102EC420120E84201200600000004
:1018E000010000000055FFFF00000000F44201204D
:1018F0000800000001000000000048C2000048C2CB
:10190000783C012002000000000000009C3A012009
:101910000C000000000000000C4301200200000049
:1019200001000000F80E0000C03A0120080000008D
:10193000000000006C00002001000000000000001A
:10194000FC4201200400000001000000FF00FF7FB6
:10195000700000202C00000000000000143901205D
:101960001C00000000000000E03B01200800000017
:10197000000000007C2A0120130400000000000089
:10198000C83A01200800000000000000E83B0120E8
:1019900004000000000000009C0000200400000083
:1019A00000000000D03A0120080000000000000004
:1019B000A00000200C000000000000003E370120C5
:1019C0000200000000000000A23C01200200000014
:1019D00000000000063B012016000000000000008F
:1019E000B838012020000000000000007A3C0120EF
:1019F0000200000000000000303901201800000043
:101A000000000000EC3B012004000000000000008A
:101A100090310120E0000000000000007C3C01202B
:101A20000200000000000000D83A01200800000079
:101A300000000000003A0120140000000000000037
:101A4000F03B01200400000000000000AC0000207A
:101A50000400000000000000F43B0120080000002A
:101A600000000000B00000202A000000000000007C
:101A7000FC3B01200C00000000000000E03A0120C7
:101A80000800000000000000083C012010000000D9
:101A900000000000DC00002010000000000000003A
:101AA000A53C01200100000000000000E83A0120F0
:101AB0000800000000000000D838012020000000CD
:101AC00000000000A63C0120010000000000000012
:101AD000183C01200800000000000000A73C012085
:101AE0000100000000000000203C01200800000070
:101AF00000000000A93C01200100000000000000DF
:101B0000283C01200400000000000000AA3C012045
:101B10000200000000000000B23C012001000000B3
:101B2000000000007E3C01200200000000000000D8
:101B30002C3C01200400000000000000803C01203B
:101B40000400000000000000303C01200400000000
:101B500000000000483A01202000000000000000C2
:101B6000B33C01200100000000000000F03A012019
:101B70000800000000000000343C012004000000C8
:101B800000000000EC000020040000000000000045
:101B9000383C01201000000000000000F000002090
:101BA0000800000000000000483C01200400000084
:101BB00000000000F43701202400000000000000B5
:101BC0002C3601205000000000000000B43C012031
:101BD0000100000000000000F800002044000000A8
:101BE00000000000B53C01200100000000000000E2
:101BF0004C3C01200800000000000000843C012053
:101C00000400000000000000B63C012001000000BC
:101C1000000000003C0100206C00000000000000FB
:101C2000F83A01200800000000000000543C0120A8
:101C30000400000000000000A801002004000000D3
:101C400000000000B73C012001000000000000007F
:101C5000683A01201000000000000000883C0120CC
:101C60000200000000000000D834012080000000C5
:101C700000000000143A01201400000000000000E1
:101C8000AC0100200400000000000000583C0120CE
:101C90000400000000000000B00100201A00000055
:101CA00000000000B83C012001000000000000001E
:101CB0005C3C01201000000000000000CC0100206E
:101CC00020000000000000007037012030000000FC
:101CD00000000000003B01200600000000000000A2
:101CE000A03701202C00000000000000EC010020C3
:101CF00054000000000000004839012018000000D6
:101D00000000000040020020180000000000000059
:101D10006C3C012008000000000000007C3601201F
:101D20005000000000000000743C0120040000008E
:101D3000000000000000000000000000666666660B
:101D40006666666680B485B000AF184BFB60002302
:101D50007B600EE00023BB6005E0FB680133FB60A5
:101D6000BB680133BB60BB680F2BF6D97B680133BE
:101D70007B607B68092BEDD946F65073FB6000232E
:101D8000BB6005E0FB680133FB60BB680133BB60EF
:101D9000BB680F2BF6D9FB68B3F5E04FEFD100BF5E
:101DA0001437BD465DF8047B704700BF001081000A
:101DB00080B485B000AF78600B467B804FF6FF7330
:101DC0007B817B88002B03D17B89DB439BB22CE09A
:101DD0000023FB737B685A1C7A601B78BB8117E079
:101DE0007A89BB8953409BB203F00103002B06D0D4
:101DF0007B895B089AB2104B53407B8102E07B8960
:101E00005B087B81FB7B0133FB73BB895B08BB8178
:101E1000FB7B072BE4D97B88013B7B807B88002BF5
:101E2000D6D17B89DB437B817B8918461437BD463D
:101E30005DF8047B704700BF0884FFFF80B586B063
:101E400000AFF8600B467A607B817B687B617B69C1
:101E50001B78ED2B21D17B695B78032B1DD17B692E
:101E60009B78002B01D1002318E07B699B78012B24
:101E700013D17B891946F868FFF79AFF03467B82E6
:101E80007A8A7B691B791B027969C9780B449A426B
:101E900001D1002302E0012300E001231846183796
:101EA000BD4680BD80B489B000AF78607B68BB61FF
:101EB000BB695A78274BA3FB021399080B465B00BA
:101EC0000B445B00D31ADBB2002B01D001233AE0B4
:101ED000BB695B781F4AA2FB03239B08FB757B68E9
:101EE00002337B600023FB7728E07B683B613B6922
:101EF0005B781B023A691278134403F1824303F5BD
:101F00009033FB60FB683A6992781A70FB68013382
:101F10001A463B69DB781370FB6802331A463B694B
:101F20001B791370FB6803331A463B695B791370A6
:101F30007B6806337B60FB7F0133FB77FA7FFB7D99
:101F40009A42D2D3002318462437BD465DF8047B5D
:101F5000704700BFABAAAAAA80B48BB000AF78606C
:101F60000B46FB707B683B623B6A5A783A4BA3FB9B
:101F7000021399080B465B000B445B00D31ADBB2DB
:101F8000002B01D0012360E03B6A5B78324AA2FB60
:101F900003239B08FB777B6802337B60002387F871
:101FA00027304CE07B68BB61BB695B789BB21B024E
:101FB0009AB2BB691B789BB21344FB82FB8A03F184
:101FC000824303F580333B61FB78022B02D0FB7820
:101FD000032B15D13B69BA6992781A703B690133BA
:101FE0001A46BB69DB7813703B6902331A46BB693A
:101FF0001B7913703B6903331A46BB695B79137015
:10200000FB8AA42B13D1BB699B785BB203F01F033F
:10201000FB73FB7B03F01003002B04D0FB7B63F00E
:102020001F035BB201E097F90F300C4A13707B6815
:1020300006337B6097F82730013387F8273097F80D
:102040002720FB7F9A42ADD3002318462C37BD468C
:102050005DF8047B704700BFABAAAAAA6C00002001
:1020600080B485B000AF78607B68FB60FB685B780C
:10207000022B0DD1FB68DB789BB21B029AB2FB6886
:102080009B789BB213449AB2054B1A80002300E060
:10209000012318461437BD465DF8047B704700BF26
:1020A000C63A012080B485B000AF78607B68FB60E1
:1020B0007B680233BB60FB685B78042B12D1BB6882
:1020C000DB781A06BB689B781B041A43BB685B78F5
:1020D0001B021343BA6812781343064A1360064B77
:1020E00001221A70002318461437BD465DF8047BA0
:1020F000704700BFC03A0120C43A012080B586B0C5
:1021000000AF786039600023FB7582E07B681B7844
:10211000DBB2FF2B2AD17B6803F01F03002B03D116
:102120007B6843F07F437CE00023BB757B6823F032
:10213000070308337B607A683B689A4202D34FF00A
:10214000FF336EE07B681B68B3F1FF3F0ED17B6805
:1021500010331B68B3F1FF3F08D17B6803F01F0306
:10216000002B03D17B6843F07F435AE07B683B61DF
:102170003B691B78012B49D13B695B78012B45D129
:102180003B699B781A467B6813440533FB607B6888
:10219000033318463B699B789BB2FA681946FFF7F0
:1021A0004DFE0346002B31D17B683AE03B68083B8B
:1021B0007A689A4200D32CE07B681B68B3F1FF3F3A
:1021C00000D126E07B681B78DBB2EF2B1BD17B684C
:1021D00001331B78DBB2002B11D17B6802331B78F3
:1021E000DBB2ED2B0BD17B6803331B78DBB2032B07
:1021F00005D10123FB757B6807337B6006E07B68B4
:1022000004337B6002E07B6801337B60FB7D002B45
:10221000CCD03B68083B7A689A42FFF477AF4FF026
:10222000FF3318461837BD4680BD80B588B000AF73
:10223000F860B9603B601346FB710023FB77FB68D5
:10224000BB61BB699B789BB203339BB2BB8395E0B8
:10225000FB687B617B693B610023FB773B691B78F3
:10226000FA799A4202D13B6801221A703B691B78C5
:10227000092B3ED0092B06DC072B16D0072B1EDCC2
:10228000022B0CD05FE00D2B1FD00D2B02DC0A2B94
:1022900039D058E01A2B22D0552B3DD053E0786925
:1022A000FFF7DEFE0346FB774DE097F82830002B62
:1022B00040D0786906F04DF90346FB773AE078693B
:1022C00006F0AAF80346FB773DE097F82830002B8C
:1022D00032D0786906F004F90346FB772CE097F8D2
:1022E0002830002B2AD0786906F08CF90346FB775A
:1022F00024E097F82830002B22D07869FFF7D2FD30
:102300000346FB771CE097F8283019467869FFF7F9
:1023100023FE0346FB7716E0FB681D4A934211D962
:10232000FB681C4A93420DD87869FFF7BBFE034651
:10233000FB7707E000BF06E000BF04E000BF02E05B
:1023400000BF00E000BFFB7F012B1CD0B7F91C30A1
:10235000002B18DDFA68BB689A4214D2BA8B3B692D
:102360005B789BB2D31A9BB2023B9BB2BB833B69A7
:102370005B781A46FB6813440233FB60B7F91C30E4
:10238000002B3FF765AFFB7F18462037BD4680BD69
:10239000FF0F81006F1F810080B588B002AF3A60E7
:1023A0001A460346FB710B46BB7113467B71002333
:1023B000FB75FB79002B04D1254B3B61254BFB6062
:1023C00038E0254B1B78002B01D185233BE0234BC4
:1023D0001B683B61214B1B6803F57763FB6029E0B9
:1023E000F9683869FFF78AFE38613B69BB603B6971
:1023F00003F07F43002B08D03B6923F07F43144A4E
:1024000093421CD10123FB7519E03B69B3F1FF3FF7
:1024100017D0BA797B7900933B68F9683869FFF780
:1024200004FF0346FB75BB689B781A463B6913445F
:102430000A333B613A69FB689A42D1D302E000BF9C
:1024400000E000BFFB7D18461837BD4680BD00BFC9
:1024500000108100701F8100C43A0120C03A0120A1
:1024600080B584B000AF03463960FB711346BB7181
:10247000BB79F9793A680020FFF78EFF0346FB73BA
:10248000084B1B78002B08D0BB7907F10E02002106
:102490000120FFF781FF0346FB73FB7B18461037D3
:1024A000BD4680BDC43A012080B588B000AFF86059
:1024B000B9603B601346FB710023FB77FB68BB618F
:1024C000BB699B789BB203339BB2BB83B6E0FB68CE
:1024D0001B78FB75FB683B61FB79FF2B21D1FB7DF2
:1024E000002B00F08C80FB7DFF2B00F08880BB6A06
:1024F0001B881A463B689818F9683B695B78023379
:102500001A4626F039FCBB6A1A883B695B789BB295
:1025100013449BB202339AB2BB6A1A800123FB7741
:102520006DE0FA7DFB799A4269D197F82C30002B47
:102530004CD0FB7D062B03D13B695B78072B22D067
:10254000FB7D0B2B03D13B695B78042B1BD0FB7D00
:102550000C2B03D13B695B78012B14D0FB7D102B36
:1025600003D13B695B78182B0DD0FB7D152B03D174
:102570003B695B78082B06D0FB7D182B1AD13B6991
:102580005B78042B16D1FB68023319463B695B78F4
:102590001A46386826F0F0FBBB6A1A883B695B78FC
:1025A0009BB213449BB202339AB2BB6A1A800123D6
:1025B000FB7724E0BB6A1A883B695B789BB21344C3
:1025C0009BB202339AB2BB6A1A8018E0BB6A1B88BE
:1025D0001A463B689818F9683B695B7802331A46DB
:1025E00026F0CAFBBB6A1A883B695B789BB213442E
:1025F0009BB202339AB2BB6A1A800123FB77BA8B73
:102600003B695B789BB2D31A9BB2023B9BB2BB8304
:102610003B695B781A46FB6813440233FB60B7F9E9
:102620001C30002B03DDFA68BB689A4206D3FB7F9F
:10263000012B01D1002306E0802304E0B7F91C3010
:10264000002B3FF744AF18462037BD4680BD80B50C
:102650008AB002AF03463960FB711F4BFB611F4B11
:102660007B610023FB810023FB7626E07969F86912
:10267000FFF744FDF861FB693B61FB6903F07F43B1
:10268000002B1ED1FB69B3F1FF3F1AD0FA79012369
:10269000019307F10E0300933B687969F869FFF72E
:1026A00003FF0346002B01D10123FB763B699B7896
:1026B0001A46FB6913440A33FB61FA697B699A4243
:1026C000D4D3FB7E012B01D1002300E080231846E8
:1026D0002037BD4680BD00BF00108100701F810003
:1026E00080B582B000AF786079680620FFF7AFFF51
:1026F0000346002B01D1012300E0002318460837D0
:10270000BD4680BD80B582B000AF78607968152085
:10271000FFF79DFF0346002B01D1012300E00023BA
:1027200018460837BD4680BD80B483B000AF7860DE
:10273000054B93F900207B681A70012318460C376B
:10274000BD465DF8047B70476C00002080B584B006
:1027500000AF786007F10C0319460B20FFF777FFF5
:102760000346002B05D1B7F90C207B681A800123A2
:1027700000E0002318461037BD4680BD80B584B008
:1027800000AF786007F10C0319460B20FFF75FFFDD
:102790000346002B05D1B7F90E207B681A80012370
:1027A00000E0002318461037BD4680BD80B584B0D8
:1027B00000AF786007F10F0319460C20FFF747FFC1
:1027C0000346002B05D197F90F207B681A7001236F
:1027D00000E0002318461037BD4680BD80B400AF2E
:1027E000034B1B781846BD465DF8047B704700BF5D
:1027F000C43A012080B483B000AF0346FB71044AA1
:10280000FB79137000BF0C37BD465DF8047B704741
:10281000C43A012080B400AF034B1B681846BD4684
:102820005DF8047B704700BFC03A0120262A00BF34
:1028300080B400AF084B5B68074A43F480035360E1
:10284000054B5B68044A23F40063536000BFBD4638
:102850005DF8047B704700BF0040014180B400AFC9
:10286000244B254A1A60254B254A1A60254B264AD7
:102870001A60264B264A1A60264B274A1A60274BB5
:10288000274A1A60274B4FF414021A60264B274A36
:102890001A60274B274A1A60274B284A1A60284B90
:1028A0001D4A1A60274B284A1A60284B284A1A608A
:1028B000284B294A1A60294B43F642421A60284B9A
:1028C00000221A60274B284A1A60284B284A1A60AF
:1028D000284B294A1A60294B164A1A60284B294A64
:1028E0001A60294B294A1A6000BFBD465DF8047B77
:1028F000704700BF0060014121220080106001414B
:102900000A1426061460014110320C1018600141AF
:102910001A2740201C600141F7FF4C46246001410A
:1029200006421E3E286001412C6001410600060E51
:102930003060014154760C0E346001411A26003893
:10294000386001413C6001413832544E40600141E1
:102950003240002044600141544E4C4648600141E1
:1029600050600141586001414E4838325C6001417D
:10297000514B464060600141322C50C864600141B7
:10298000686001411926544E6C6001414C46383252
:1029900080B483B000AF0023FB7118E000BF00BF1C
:1029A00000BF00BF00BF00BF00BF00BF00BF00BF2F
:1029B00000BF00BF00BF00BF00BF00BF00BF00BF1F
:1029C00000BF00BF00BF00BFFB790133FB71FB7983
:1029D000C72BE3D900BF0C37BD465DF8047B7047B9
:1029E00080B500AF41F24401032006F061FE43F6DA
:1029F000FF41522006F05CFE47F20801542006F029
:102A000057FE48F24E515E2006F052FE47F28241D8
:102A1000602006F04DFE4CF61701612006F048FEDE
:102A20004CF61701632006F043FE41F207316520A2
:102A300006F03EFE49F20721672006F039FE47F214
:102A40008241682006F034FE4BF21561692006F0E1
:102A50002FFE4BF215616B2006F02AFE41F2053184
:102A60006D2006F025FE49F205216F2006F020FEBC
:102A700048F20701772006F01BFE49F61E61E920A7
:102A800006F016FE4FF60171EF2006F011FE40F63B
:102A90008321F92006F00CFE00BF80BD80B400AF9A
:102AA00000BFBD465DF8047B7047B0B58CB000AF89
:102AB0004FF00003FB61012302220221332006F0C4
:102AC00059FE01230C220C21192006F053FE01238C
:102AD00000220021152006F04DFE002308220A21C5
:102AE000082006F047FE012307220721092006F0EF
:102AF00041FE012301220121092006F03BFE0023B3
:102B000000220021092006F035FE01230F220F21AB
:102B1000002013F0BDF800230D220D21002013F03A
:102B2000B7F80023012201214C2013F0B1F8002353
:102B3000032203214C2013F0ABF8012304220421CB
:102B40004C2013F0A5F84FF4007300220C2126202E
:102B500006F010FE142006F0A7FE0023FB620023FF
:102B600087F82B301EE00123002200214C2013F0B7
:102B70008FF8002200214C2013F0CAF80346002BE6
:102B800000D0F6E700BF00220F214E2013F0C0F85E
:102B900003461A46FB6A1344FB6297F82B30013355
:102BA00087F82B3097F82B30032BDCD9F86A26F006
:102BB000F1F804460D4697F82B30184626F0EAF84F
:102BC00002460B462046294608F06CFE03460C469A
:102BD000C7E908344FF00002774BD7E9080122F02B
:102BE00029FC0346002B26D04FF00002734BD7E997
:102BF000080127F083FD03460C46184621464FF096
:102C000000026F4B08F04EFE03460C461846214664
:102C100063A3D3E900230EF0B1FC03460C4618462B
:102C200021464FF00002674B08F03CFE03460C467D
:102C3000C7E908341CE04FF00002614BD7E90801F6
:102C400008F030FE03460C461846214654A3D3E94B
:102C500000230EF093FC03460C46184621464FF025
:102C60000002584B08F01EFE03460C46C7E9083424
:102C7000D7E90834C7E90434534BD3E902341A4680
:102C80002346D7E9040127F039FD03460C46C7E97E
:102C900002344D4BD3E904341A46234642A1D1E90C
:102CA000000108F0FFFD03460C461A462346D7E90B
:102CB00002010EF063FC03460C46C7E90034424BA8
:102CC000D3E900341A462346D7E9000127F016FD60
:102CD00003460C461846214635A3D3E9002308F0E5
:102CE000E1FD03460C46184621461FF0BFFB034694
:102CF000FB61002300220C21262006F03BFD00236F
:102D000002220221332006F035FD00230C220C2183
:102D1000192006F02FFD002300220021152006F0C7
:102D200029FD052308220A21082006F023FD00239F
:102D300007220721092006F01DFD002301220121A1
:102D4000092006F017FD002300220021092006F0CB
:102D500011FD00230F220F21002012F099FF012303
:102D60000D220D21002012F093FF002301220121EA
:102D70004C2012F08DFF0023032203214C2012F07F
:102D800087FF0023042204214C2012F081FFFB69FD
:102D900007EE903AB0EE670A3037BD46B0BD00BFCF
:102DA000666666666666E63F3D0AD7A3703DDA3F13
:102DB000BC5983F755B9603F0000E0400000F04087
:102DC000000090400000F83F7800002090B5A1B0CE
:102DD00000AF03460A46FB8013467B71032387F846
:102DE0007F30A04A07F11C0311466022184625F0E7
:102DF000C3FF9D4B07F10C040FCB84E80F00B7F91C
:102E00000630272B0BDC0A2B1DDA13F10B0F16DC17
:102E100013F1190F0FDA13F5004F24DB07E04F2BE6
:102E200002DC3C2B17DA12E0632B1CDC17E00023DA
:102E300087F87F301BE0012387F87F3017E00223FB
:102E400087F87F3013E0032387F87F300FE00423F7
:102E500087F87F300BE0052387F87F3007E00623F3
:102E600087F87F3003E0072387F87F3000BF7F4B70
:102E70001B7897F87F209A4200F0F0807B4A97F801
:102E80007F3013707B79002B22D197F87F20134677
:102E90005B0013449B0007F180021344643B1B78E2
:102EA0009BB20B220F21E52006F064FC97F87F20EF
:102EB00013465B0013449B0007F180021344633BFD
:102EC0001B789BB20B220F21E72006F053FC1BE07E
:102ED00097F87F305B0007F18002134413F8743CCD
:102EE0009BB20B220F21E52006F044FC97F87F30BF
:102EF0005B0007F18002134413F8733C9BB20B2272
:102F00000F21E72006F036FC97F87F2013465B0080
:102F100013449B0007F180021344623B1B789BB271
:102F200007220821FC2006F025FC97F87F20134695
:102F30005B0013449B0007F180021344613B1B7844
:102F40009BB204220521E12006F014FC97F87F20B3
:102F500013465B0013449B0007F180021344603B5F
:102F60001B789BB206220721E12006F003FC97F8AC
:102F70007F2013465B0013449B0007F1800213443B
:102F80005F3B1B789BB202220321E52006F0F2FB97
:102F900097F87F2013465B0013449B0007F18002E3
:102FA00013445E3B1B789BB200220321E72006F00E
:102FB000E1FB97F87F2013465B0013449B0007F169
:102FC000800213445D3B1B789BB204220721E7205B
:102FD00006F0D0FB97F87F2013465B0013449B005C
:102FE00007F1800213445C3B1B789BB20122032152
:102FF000E22006F0BFFB97F87F2013465B001344E6
:103000009B0007F1800213445B3B1B789BB20322B9
:1030100004210A2006F0AEFB97F87F2013465B00E0
:1030200013449B0007F1800213445A3B1B789BB268
:103030000E220F21512006F09DFB97F87F201346AA
:103040005B0013449B0007F180021344593B1B783B
:103050009BB208220E21522006F08CFB00BF843761
:10306000BD4690BD7CDB0101DCDB0101FC4201209F
:1030700080B582B000AF0346FB80104BB3F900303F
:10308000B7F906209A4214D0B7F906307F2B02DD3B
:103090007F23FB8007E0B7F9063013F1800F02DAD7
:1030A0004FF68073FB80FB88002207215A2006F030
:1030B00061FB00BF0837BD4680BD00BFFE42012056
:1030C00080B483B000AF03460A46FB8013467B7191
:1030D00000BF0C37BD465DF8047B704780B400AF7D
:1030E0000C4B03F5F15308331A680B4B1B68D31ACA
:1030F00023F07043094A934205D8094B1B78002BF3
:1031000001D0012300E000231846BD465DF8047B92
:10311000704700BF0020014198000020FEFFFF071C
:103120007000002080B584B000AF0346FB71FFF74C
:10313000BCFCF0EE407AFDEEE77A17EE903AFB81A8
:10314000B7F90E301846FFF793FF0D4B1B78C3F30A
:103150000003DBB21A46B7F90E3011461846FFF7E6
:1031600035FE084B03F5F15308331B6803F5403374
:1031700023F07043044A136000BF1037BD4680BD82
:1031800090000020002001419800002080B584B00C
:1031900000AF0346FB710023FB73264A13786FF3DD
:1031A00000031370244B00221A70FB79002B03D00C
:1031B000FFF73EFBFFF752FBFA7907F10F031946C1
:1031C0000720FFF74DF9FB79002B2DD01B4805F0A8
:1031D0002DFA1A4BD3E900014FF000024FF0000323
:1031E00022F0ECFD0346002B03D1154B01221A708F
:1031F00002E0134B00221A70124B4FF440321A6057
:10320000114B40F271429A60FB79012B03D10E4BB6
:10321000FF229A6102E00C4B7F229A610A4B132233
:103220001A60094B4022DA6005F030FA00BF10370F
:10323000BD4680BD900000206C000020780000207A
:1032400070000020980000200010014180B400AF01
:1032500000BFBD465DF8047B704780B500AF00211C
:10326000122006F025FA00BF80BD00BF80B588B0EF
:1032700000AFB96011461A460346FB810B46BB817D
:103280001346FB80FB893B82BB687B61BB893B8328
:10329000FB887B830E4B1B68FB6110E0FB691B689E
:1032A00007F1100210469847034683F00103DBB292
:1032B000002B01D0002306E0FB695B68FB61FB6922
:1032C000002BEBD1012318462037BD4680BD00BF3F
:1032D000143901201FB504466946008800F0AEF994
:1032E00068B3BDF80230ABB1019B9BB1029BD3B96F
:1032F000A2882088CAB1A368BBB16188FDF7E2FC4F
:10330000D0B14FF0200383F31188BFF36F8FBFF369
:103310004F8FFEE74FF0200383F31188BFF36F8FC9
:10332000BFF34F8FFEE79847E2E7019BBDF802200D
:103330000021FDF7C7FCE3E7208800F0C6F904B0E0
:1033400010BD7FB56946054600F078F910B9002038
:1033500004B070BDBDF80230A3B1019B93B1029BD4
:10336000CBB92846FDF736FD019ABDF80210064696
:103370002846FDF74DFD022804460ED1B4FA84F02C
:103380004009E5E74FF0200383F31188BFF36F8F07
:10339000BFF34F8FFEE79847E3E740B14FF02003BC
:1033A00083F31188BFF36F8FBFF34F8FFEE7334670
:1033B000BDF8022001992846FFF758FF0028DDD10B
:1033C000C5E71FB504466946008800F037F910B913
:1033D000002004B010BDBDF8023093B1019B83B151
:1033E000029BBBB96188A288BDF802308818984258
:1033F000EEDCA3682088FDF7C3FCB0FA80F040093A
:10340000E7E74FF0200383F31188BFF36F8FBFF31B
:103410004F8FFEE79847E5E773B5DFF840C00E4DE4
:1034200006460C4600226B46688891B2884201D855
:1034300000200EE00CEBC20103C983E80300BDF8D5
:103440000610B14202F10102EED103CB20606160AF
:10345000012002B070BD00BF18390120280400010E
:103460002DE970411E4B85B00646186826F0BEFB5C
:10347000002480462546A04510D865BB2A46314623
:10348000174826F065F9012825D04FF0200383F373
:103490001188BFF36F8FBFF34F8FFEE7002201A9A2
:1034A0000F4826F07FFB01280CD1019A33680C48A5
:1034B0009A4208BF012501A90022013426F048F9EB
:1034C000E4B2D8E74FF0200383F31188BFF36F8F86
:1034D000BFF34F8FFEE7012005B0BDE8708100BF4C
:1034E000E03B012010B5044688B108200DF078FEBD
:1034F00040B94FF0200383F31188BFF36F8FBFF300
:103500004F8FFEE7024B04601A694260186110BDDC
:103510001839012010B5044688B108200DF060FE6E
:1035200040B94FF0200383F31188BFF36F8FBFF3CF
:103530004F8FFEE7024B04601A684260186010BDAE
:103540001439012010B5044608200DF049FE28B1B9
:10355000034B04805A6942605861012010BD00BFCE
:103560001839012000F44063B3F5406F13B514D14E
:103570006946FFF751FF70B9002002B010BD009BF3
:1035800033F81400FDF780FD0134E4B2BDF80430D7
:10359000A342F4D8F0E70024F8E7FDF775FDEBE768
:1035A000034B00229880C3F80620181DDA6057E705
:1035B00018390120054B5B690BB9184670471A880A
:1035C000824201D05B68F7E701207047183901207B
:1035D0007FB5184B184D5E6904464EB90120FDF7C2
:1035E000ABFD3146286817F065F8002004B070BDC7
:1035F000FDF7A2FD24B10021286817F05BF8F4E77D
:10360000286826F0F3FA0646A642EED9002201A960
:10361000284626F0C7FA012809D1BDF80400FFF7B3
:10362000C9FF20B1002201A9284626F091F80134F3
:10363000E4B2E9E718390120E03B01202DE97041AF
:10364000DFF848C0DFF8488085B086460E46002582
:103650006C4600BFBCF80030AB4201D8002010E03F
:1036600008EB05130FCB84E80F00BDF8003073455D
:103670000AD1234603CB3060716003CBB060F160A8
:10368000012005B0BDE870810135E3E7183901205C
:10369000280300011FB50446008800F44063B3F519
:1036A000406F02D1002004B010BD6946FFF7C6FF8D
:1036B0000028F7D0A28863881344BDF80220934203
:1036C000F0DC2046FFF7CCFEEDE738B5044B1C6973
:1036D000054604B938BD2368284698476468F8E76A
:1036E0001839012030B585B0044669460088FFF7D7
:1036F000A5FF002845D0BDF80230D3B1019BC3B16E
:10370000029BFBB92088FDF757FD2588E0B9019A97
:10371000BDF802102846FDF77BFB10F0FD0F2DD001
:103720004FF0200383F31188BFF36F8FBFF34F8FE8
:10373000FEE74FF0200383F31188BFF36F8FBFF3D1
:103740004F8FFEE79847DDE7A2887AB1A3686BB197
:1037500061882846FDF7B6FA80B14FF0200383F365
:103760001188BFF36F8FBFF34F8FFEE7019BBDF84A
:10377000022000212846FDF7A5FAEDE72088FFF793
:10378000A4FF05B030BD024B186826F0E7BE00BFAD
:10379000E03B012030B5174D89B0002202A9284630
:1037A00026F000FA012801D009B030BDBDF80800AC
:1037B00000F44063B3F5406F17D16946FFF72CFE64
:1037C0000028EAD00024CDF816400794BDF8043054
:1037D000A342E2D9009B05A833F81430ADF81430A9
:1037E0000134FFF77FFFE4B2F0E702A8FFF77AFFAA
:1037F000D3E700BFE03B012030B50446008800F469
:103800004063B3F5406F85B003D10025284605B06D
:1038100030BD6946FFF712FF05460028F5D0A288A3
:1038200063881344BDF802209342EEDC2046FFF784
:1038300059FFEBE700F44063B3F5406F37B518D19B
:103840006946FFF7E9FD054688B900250CE0009BB5
:1038500033F81400FDF7B0FC0028F6D00134E4B2D0
:10386000BDF80430A342F2D8284603B030BD00248E
:10387000F6E7FDF7A1FC0546F6E700F44063B3F573
:10388000406F13B516D16946FFF7C6FD80B9012018
:1038900002B010BD009B33F81400FFF752FD002862
:1038A000F6D00134E4B2BDF80430A342F2D8EEE71A
:1038B0000024F8E7FFF745FDEAE7038803F44063D7
:1038C000B3F5406F00D07CE5002070472DE9F0474C
:1038D00082B00378012B05D0042B00F0AA8002B03F
:1038E000BDE8F08744682378012B3CD05AB292B1EE
:1038F000092BF4D160881EF0E1FF04460028EED0C9
:1039000041680029EBD0037A013B032BE7D8DFE8BD
:1039100003F05A636D86A378002BE0D1A34B1B689C
:1039200073B1A34A01231D4652F8041B49B1013368
:10393000082BF8D100221146062024F05FFCCEE7C8
:103940000025102026F076FE984B43F8250000282D
:10395000F0D00023036043608360C3600123837061
:10396000A3880380BBE76288924B1B889A4216D0DB
:1039700060881EF0A3FF04460028B0D024F067FA48
:103980008A4B1868844216D01A1D01231D4652F82E
:10399000040B844210D00133082BF7D19FE700239A
:1039A000854A1370854A1370824B4FF6FF721A8056
:1039B00020F05CF8DCE7002526F040FE7B4B00227F
:1039C00043F825208BE7008825F016F8002886D1DB
:1039D000204624F03CFA82E7008825F037F80028DA
:1039E0007FF47DAF204624F032FA78E7008825F096
:1039F0003BF800287FF473AF606826F01FFE0023B9
:103A000063602372E16800293FF469AF204604F047
:103A10009FFEE06826F012FE0023E3605FE7008867
:103A200024F0C0FF00287FF45AAF204624F00FFA9C
:103A300055E7446823780A2B00F084810B2B7FF430
:103A40004EAFA58828461EF039FF064600283FF4F1
:103A500046AF4368002B7FF442AFE38840F2071281
:103A600093422AD0A3F5827292B2012A03D9B3F508
:103A7000847F7FF434AF524A1268002A00F0B78185
:103A8000227A122A00F0F3800625042026F0D2FDC7
:103A9000706000283FF423AF237A03707368E288D4
:103AA0005A8073685D707168A08824F0A5FF0028B3
:103AB00000F044810123337211E73E4B1B88AB4277
:103AC0007FF40DAF3C4B1B78042B26D1A2893D4BD4
:103AD0001D885319B3F5806F23D80023ADF800304B
:103AE000394B186804F10E01284425F045F9A389E3
:103AF0001D44ADB2334A1580344A12681344344A27
:103B00001268934211D2B5F5806F36D1314B1B78D4
:103B1000022B00F09780002710E001211CF060FCD0
:103B2000DDE603211CF05CFCD9E62A4B1B78022B56
:103B300000F08480002D00F083800027DFF8A0A033
:103B40005EE0214B1B683B44234A126849462348E8
:103B500000681BF0BFFC0346002866D0184625F01D
:103B600078F9014600286FD1164ABDF80030118857
:103B70000B44ADF8003000231380BDF8003073B162
:103B8000144B1B78022B66D000250195082269464C
:103B9000022024F033FB294630461CF021FC0B4A5E
:103BA000A38911680B44136099E600BF38380120DF
:103BB0003C3801209E3C0120953C01208F3C012097
:103BC000583B0120AE3C01205C3B0120443B0120DE
:103BD0004C3B0120923C0120603B0120543B0120E2
:103BE000913C0120484623F097FD03460028B5D1BB
:103BF0004F44BFB2944A136843441360BD421BD97B
:103C0000A5EB0708B8F5007F28BF4FF400781FFA2E
:103C100088F99AF80030002B93D18C4B19684246F2
:103C200039448B4B186825F0A7F8894B1968894BE4
:103C30001B78012BDCD1D5E700238FE700238DE72C
:103C40002B468BE7002389E7834B05221A70304609
:103C50001CF0C6FB43E67D4B1B6801937E4B06229E
:103C60001A7008226946032024F0C8FA97E740F248
:103C70000512934200F0BD80B3F5847F00F0CF8041
:103C8000B3F5827F37D0FA2026F0D4FC706000288C
:103C90003FF425AE132303707168A08824F0E4FE7E
:103CA00000283AD0E388B3F5827F7FF418AEA58967
:103CB0000E35ADB2284626F0BDFCF06018B12A469C
:103CC000214625F059F80323337208E6634B1B782D
:103CD00043F00103AEE040F2051293425F4B1B78C4
:103CE0000CBF03F0FE0303F0FD035C4A13705A4B54
:103CF00000221A70C7E7584B1B78EBB1584B1B8852
:103D00004FF6FF72934203D09D42BCD00325BCE620
:103D1000A37B022BB7D00325B7E6304624F097F8F3
:103D2000E388B3F5827F7FF4DAAD2146304604F0B4
:103D30000FFDD4E58025A8E60325A6E6304624F04D
:103D400086F8CCE5E388B3F5817F7FF4C8ADA08821
:103D50001EF0B4FD054600283FF4C1AD4368002BBA
:103D60007FF4BDAD3F4B1B6823B33B4B1B781BB3AC
:103D7000237A0A2B01D006261FE0FA2026F05AFCEF
:103D8000686000283FF4ABAD022303806B680B2210
:103D90009A706A680123D3706A6813716968A08891
:103DA00024F054FE10B102232B7298E5284624F02B
:103DB0004EF894E5802600E00226042026F03AFC26
:103DC000686000283FF48BAD237A03706B68E2884B
:103DD0005A806B685E706968A08824F00DFE10B18F
:103DE00001232B727BE5284624F031F877E5802506
:103DF0004BE6E17BA27B02EB012292B2012A3FF467
:103E000065AF002A96D1164A12884FF6FF718A4292
:103E10003FF461AF95423FF45EAF032535E6E17BA9
:103E2000A27B02EB012292B2012AEAD10B4B1B7852
:103E300043F00203094A137013F0010F3FF423AF5C
:103E4000054B01221A701EE7503B01205C3B01200C
:103E5000603B0120933C0120953C01208F3C0120D8
:103E60009E3C0120583B01202DE9F043074689B0D4
:103E700018220E4602A8002125F036FE3C681FF0ED
:103E800053FB0023237523F079F9A36FDA0505D5D9
:103E900019F054FD1DF05CFAAFF30080B4F85C300B
:103EA00001339BB2A4F85C30EBB9B4F8503053B195
:103EB000B4F85420524292B2B2FBF3F103FB112248
:103EC0009B1AA4F85430E36FDB070CD5D4F8B41177
:103ED0004B8943B18A89524292B2B2FBF3F003FBA1
:103EE00010229B1A8B81B4F85A300BBBE06F10F094
:103EF000010040F07D8101460546B4F850C0BCF198
:103F0000010F00F08B81D5B9B4F85420B4F85C30BF
:103F10009A4240F27C81D21A92B2B2FBFCF50CFBC1
:103F2000152292B2002A40F07B81A4F8582075E156
:103F3000013B9BB2A4F85A30002BD7D00025E37D7B
:103F4000012B66D1A36FDA010CD5D4F8CC0026F092
:103F500053FC8046D4F8CC0026F0FBFB01464046DB
:103F600023F0B4FDD4F8C830DB0110D520461CF096
:103F70004FFD60B1D4F8CC0026F03EFC8046D4F86A
:103F8000CC0026F0E6FB0146404623F09FFDA26FE1
:103F9000D4F8803012F0007900F06881D4E92192E1
:103FA0009B00403302F1FF384FF6FC721A40D4F800
:103FB000CC1002A81EF05FFBD4E9202140F272234E
:103FC0004B4303EB42032033A8EB0908C4F88C30C1
:103FD0004FEA482305939DF8083043F010038DF80D
:103FE0000830E37D012B14D1E3681BB9A36F23F4E0
:103FF0008053A367A36F13F4505F00F09F811802F2
:1040000040F1F78123F40003A367D4F8CC0026F035
:104010005DFA002D3DD1A36F1A023AD4B4F85A309C
:10402000002B36D1B4F85450B4F85C20B4F85000EA
:1040300095428CBFAB1A531B9BB2B3FBF0F100FB54
:104040001131954289B2E36F9CBF411A89B2DB07F7
:1040500017D5D4F8B4C1BCF80C50BCF80AC09542CE
:104060008CBFAB1A531B98B2B0FBFCF30CFB1303D1
:104070009BB295429CBFACEB03039BB2994228BF15
:10408000194631B1A4F85A100022D4F8CC0026F019
:1040900017FA1FF049FAA36F23F03C5323F44C6343
:1040A000A367D4F8C83023F08073C4F8C83023F075
:1040B00065F8A36F9D0729D51FF036FAA36F23F08B
:1040C000020343F00403A36723F058F801A9D4F8CE
:1040D000CC0025F075F9019B5B0A0193226F134414
:1040E0002367384624F02CFE94F86D30D4F8CC00C9
:1040F00043F0100384F86D3026F07EFBC4F8C00056
:10410000D4F8CC0026F025FBA4F8BC00A36F9802DD
:1041100011D51FF009FAA36F23F40013A36723F04E
:104120002DF8204624F06AFA9DF80830069043F0F6
:1041300020038DF80830A36F990540F14181A38FCA
:10414000002B00F04E81B4F86830002B00F049815C
:10415000013BA4F86830002384F828301FF0E4F90C
:10416000A36FD80554BF23F4844323F48643A36785
:1041700023F004F894F86D3059070CD501AB0422F4
:104180009E49019701201AF087FD94F86D306FF376
:10419000820384F86D30D4F8443143B11A7C52065E
:1041A00041BFD3F82220137A43F02003137294F80E
:1041B000F2305B060CD5019494F8F23090496FF31D
:1041C000861384F8F230042201AB01201AF064FD5A
:1041D000002E00F00A8102AB03CB3060716003CB8C
:1041E000B060F16003CB3061716109B0BDE8F0836C
:1041F000D4E96D3194F8E420082A18BF19464D8996
:1042000005F1FF3CDCF1000545EB0C0575E69A1A5B
:1042100092B2002A7FF481AEA4F8585001258EE6B0
:10422000B4F8582022B1013AA4F85820022586E6B5
:1042300000283FF483AE8A899A4212D9D31A9BB2DE
:104240004889B3FBF0F200FB12339BB2002BE5D0A0
:10425000B4F85230012BE9D80B8A012B7FF66EAEF1
:10426000E4E79B1A9BB2002BD8D0E9E712F00102D9
:104270003FD0D4F88C10D4F8840001F1200808EB6A
:10428000430840F2722101FB0088607D58B1032190
:10429000B0FBF1F101EB4101411A11F0FF0F04BF36
:1042A00008F272289146B8F5004FBFF49AAE618FBC
:1042B00040F271224A43963A9045BFF492AE9B0079
:1042C00040334FF6FC721A40D4F8CC1002A81EF00E
:1042D000D2F9C4F88C8001A9D4F8CC0025F070F88C
:1042E000D4F88430019AC3EB5223A3EB09035B0299
:1042F00070E69B0003F598734FF6FC721A40D4F8F1
:10430000CC1002A81EF0B7F9D4F88C30D4F8802075
:10431000D4F8CC007A3303EB4203D4F8842040F283
:10432000722101FB0233C4F88C3001A925F048F852
:10433000D4F88430019AC3EB5223D8E799067FF56D
:1043400068AE94F86C2092077FF563AEA18F0029C8
:104350003FF45FAE18023FF59CAE25B1B4F8502093
:10436000012A7FF496AEB4F85820002A41D1B4F85F
:104370005000A4F8681043F400030128A36704D197
:10438000D4F8CC0026F09CF843E6B4F854E0B4F836
:104390005CC0E6458CBFAEEB0C03ACEB0E039AB2EF
:1043A000B2FBF0F300FB13239BB2E6459CBFC31A9C
:1043B0009BB211FB003189B2A4F85A100022DFE74A
:1043C0005A040ED51D047FF5C6AE204622F070F8C3
:1043D0009DF808308DF8090043F001038DF808308E
:1043E000B9E6204625F06CFBF2E702A80BF002FBD1
:1043F000FBE6002D3FF412AE4BE600BFA204010124
:1044000005070101F8B58B1E04460E46232B38D84C
:10441000DFE813F0240037003700370030007A005F
:104420003700F200370006014901670137007801C3
:104430003700E201260239023C0263027F023700A4
:10444000370037003700370037009A029E023700E6
:10445000370037003700A202A502A802D0F8C43006
:10446000DE0702D501252846F8BD90F8E01023F0BC
:10447000BEF8F7E790F8F4309D0712D43D2123F001
:10448000B6F8C84B1B68002B40F06F82C64B1D6806
:10449000002DE8D031462046A847051C18BF01254D
:1044A000E1E7C37DABB990F8E25094F86D3023F0AA
:1044B000600384F86D30204620F001FC212D16D1D8
:1044C00001220021204623F037FBE37DABB9002118
:1044D00016E0062124F039F90028D2D094F8F430FF
:1044E00094F8E45043F0010384F8F430DDE7222D22
:1044F000EBD1204623F022FDE7E7012BB2D10121C9
:1045000020460FF021FDADE790F8E130162B44D0A6
:1045100014D80E2B28D008D8032BD8D190F8ED3022
:104520006FF3000380F8ED30D1E70F2B26D0142B6A
:10453000CDD190F8ED306FF34513F3E7232BC6D3BD
:10454000252B3DD9283B012BC1D8D0F8500120B1F3
:1045500021F032F90023C4F8503194F8F2306FF3AF
:10456000041384F8F230B2E790F8ED306FF3C30330
:1045700080F8ED301A2120F0B9FDA8E790F8ED3071
:104580006FF3410380F8ED30C37D13B920F0A5FF30
:1045900068E71A211AF0E0F999E7012123F001FDFB
:1045A00025F05AFB00210546204623F0FAFC25F0B1
:1045B00053FB1A2302462946204621F04BF986E791
:1045C000D0F84431002B82D0D3F8220060B121F022
:1045D000F3F8D4F84431002283F8222083F8232012
:1045E00083F8242083F82520D4F8440121F0E4F84E
:1045F0000023C4F844316AE790F8E25005F0FD0565
:10460000012D7FF42FAFD0F8B431002B3FF42AAF47
:10461000002120F06BFD002120460FF095FC22E7E1
:10462000C57D4DBB90F8E230222B7FF41BAF90F894
:10463000E330042B7FF416AF0B2124F086F800281A
:104640003FF41FAF204619F0FBFC054678B101236B
:1046500084F8E33094F8F43023F0030384F8F43062
:1046600094F86D3043F0400384F86D30FBE601466A
:10467000204622F086FB04E7012D7FF4F3AE90F88C
:10468000E430222B7FF4EEAE90F8E530042B7FF47B
:10469000E9AE022380F8E53090F8F4306FF30003C0
:1046A00080F8F430DFE60C2117F0BCFF0546002847
:1046B0003FF4D8AE94F8E230022B06D1002684F8FD
:1046C000E260204621F0A4FDA5E794F8F230190736
:1046D0003FF5C8AE204620F0F5F800287FF4C2AEC2
:1046E000CFE625F061F900283FF4F1AE94F86D3083
:1046F00023F0600384F86D3000221A21204623F055
:104700001BFAE4E690F8E450002D7FF4ABAE1FF006
:10471000EDFB002852D0112384F8E4300F2120460D
:1047200017F080FF002800F00981D4F8B87125F057
:10473000AFFE012826D97B8B628FD4F8CC009A4239
:104740001ABF40F2E2415943294624F08EFFA4F8F3
:10475000A800B4F8A82032B1798BB2FBF1F301FBC9
:104760001323A4F8A830204621F0F6FA054660B1DC
:10477000204621F070FF94F8F23043F0010384F8F2
:10478000F23070E6A4F8A850EDE7E37D73B9042198
:1047900020460FF043FD00287FF464AE002384F828
:1047A000E4306EE6383C01203C3C0120012B7FF4D4
:1047B00059AE1021204610F069FCECE70F211E22B3
:1047C00020461EF02BFA0121054620460FF0BCFBC7
:1047D000002D3FF456AE45E690F8E230132B2BD077
:1047E0000ED8082B37D0112B7FF471AEC37DDBB907
:1047F00090F8E0101A2911D101210FF00FFD6CE79C
:10480000213B012B3FF663AE90F86D3090F8E0103D
:1048100023F0600380F86D30002270E790F8F230EA
:10482000DA077FF554AEB5E690F8F230DB077FF596
:104830004EAE90F8E010ADE6012123F0B2FB25F07A
:104840000BFA00210546204623F0ABFB25F004FAC5
:1048500094F8E030AEE690F8E0101DF08BFC36E600
:10486000122117F0DFFE18B9204620F028FAF9E5EA
:1048700094F8E430002BF7D11321204623F065FF94
:104880000028F1D1FDE520F01AFA20E690F8E43096
:10489000002B7FF4E7AD142117F0C4FE00284DD0A3
:1048A00094F8E430002B7FF4DDAD142120460EF0A7
:1048B000CFFB054620461FF0D7FC20B9012120463A
:1048C0000FF042FBDDE5002D3FF419AE204621F04C
:1048D000DFF9204623F09CF911E690F8E230052B31
:1048E00001D0032B10D1D4F8B4316BB1152120467F
:1048F0000EF0AEFB00283FF4EAAD204621F0C8F9E7
:10490000204623F085F9E2E51521204623F038FB07
:10491000A8E590F8E430002B7FF4A4AD132380F8D1
:10492000E430162117F07EFE40B1E37D204613B936
:104930000AF066F82FE71CF0BBFB2CE794F8E63092
:10494000002B7FF48FADDAE522F02CF805463FE727
:10495000002122F083F9BAE516F0ACFBF6E707F088
:10496000B1F9F3E712F0C8FFF0E731462046984767
:1049700000283FF48BAD75E570B50378C4B00446EC
:10498000202B3BD8DFE813F021004C0013023A0043
:104990003A003A003A006F003A0042013A003A0009
:1049A000710198023A003A003A009E01EC0192002F
:1049B0001A023A003A003A003A003A003A003A0045
:1049C00022024D0271023A00CC01C588284621F02E
:1049D000FFFA0246A8B9B84B0093CDE90150042371
:1049E0001021EE2010F0A6F8002204340192009469
:1049F000062305214FF4827021F07CFF012044B092
:104A000070BD20F071FEE388ADF81230237A8DF886
:104A1000143004A801238DF810301CF02FFEE3E7BA
:104A2000C588284621F0D4FA024680B90123CDE991
:104A30000153A14B009310210423EE2010F07AF8CB
:104A4000002204340192009406230821D2E70323B4
:104A50008DF8103004A82379ADF812508DF8143079
:104A60001CF00CFEECE7C588284621F0B1FA02469E
:104A700080B90723CDE901538F4B00931021042304
:104A8000EE2010F057F80022043401920094042321
:104A90003021AFE703238DF8103004A82379ADF857
:104AA00012508DF814301CF0E9FDECE7037A834DC9
:104AB000012B60D1286800F5DA700FF011FD2A682B
:104AC0001378002123F001031370084621F0BAFE89
:104AD0001EF0F8FB2379002B40F08580E388002846
:104AE00062D12278CDE90132754B0093024604234E
:104AF0001121EE2010F01EF823798DF8123004F108
:104B00000A06E388ADF814303146237A607A8DF8CE
:104B1000163022F0CFFAE389ADF81C30637D8DF8B2
:104B2000170003F0C003D4F80A000690402B5FD1B1
:104B3000234653F8102FCDF81E209B88ADF8223065
:104B40002346002553F8160F09909B88ADF82830AE
:104B5000A38BADF82A3004A8D4F81E300B9304348C
:104B60008DF810501CF08AFD0195009420232A46F0
:104B70004FF49F713EE72A68137823F00403137003
:104B80000221002021F05EFE2B6803F5087203F578
:104B9000107300BF52F8040B10B1C178012999D0ED
:104BA0009342F7D1002095E703800223C370237A54
:104BB0008370A38B8381E38BC381238C03822B6857
:104BC00093F821200271627D02F0C002402A0ABFE0
:104BD000234653F8221F53F8101FC0F80510421D3A
:104BE0009B88938088E7002886D020F07DFD83E7AE
:104BF0002B6893F82120022A02D153F8222F9AE73A
:104C00000023CDF81E30ADF8223099E7C58828463C
:104C100021F0DEF9024688B90923CDE90153264B7C
:104C2000009310210423EE200FF084FF00220434AF
:104C3000019200940A2340F23E31DBE600238374A4
:104C400002238DF81030E388ADF8123023798DF807
:104C500014302389ADF81630A268A389069204A8FF
:104C6000ADF81C301CF00AFDE0E78588284621F0ED
:104C7000AFF9024688B90C23CDE901530E4B0093DE
:104C800010210423EE200FF055FF0022043401927E
:104C900000940A2340F23E61ACE606238DF8103002
:104CA000D4F80630059304A8D4F80A30ADF81250B1
:104CB00006931CF0E3FCE8E730EC01019C000020C7
:104CC00064EC0101C588284621F082F990B91123CE
:104CD000CDE901537C4B0093024604231021EE20C2
:104CE0000FF028FF00220434019200940C2340F2BC
:104CF0003E417FE62379002BF4D1237A9B0605D52C
:104D000044F29022FB2100881BF09EFC17238DF8B3
:104D1000103004A8E388ADF812301CF0AFFCE1E7D6
:104D20008588284621F054F9024680B92023CDE930
:104D30000153654B009310210423EE200FF0FAFE7F
:104D400000220434019200940223572152E60B23DF
:104D500004A88DF81030ADF812501CF08FFCEFE76E
:104D6000C588284621F034F9024688B91223CDE9D6
:104D70000153554B009310210423EE200FF0DAFE6F
:104D80000022043401920094062340F63E4131E6AD
:104D90000C238DF8103023798DF8143004A8238962
:104DA000ADF81250ADF815301CF068FCE8E70022B1
:104DB0000434019200940A230C211BE600220434DF
:104DC00001920094042341F23E4113E6C58828462F
:104DD00021F0FEF8024688B91C23CDE901533A4B75
:104DE000009311210423EE200FF0A4FE00220434CE
:104DF000019200940A2342F23E11FBE514238DF840
:104E0000103023798DF81230A26894F90C30ADF887
:104E1000145004A8CDF816208DF81A301CF02EFC82
:104E2000E4E78588284621F0D3F8024688B91D2397
:104E3000CDE90153244B009311210423EE200FF000
:104E400079FE0022043401920094042342F23E01D0
:104E5000D0E516238DF8103004A8E388ADF8125081
:104E6000ADF814301CF00AFCEBE7C588284621F0A9
:104E7000AFF8024688B91E23CDE90153124B0093C7
:104E800011210423EE200FF055FE0022043401927C
:104E900000940C2343F63E61ACE518238DF81030E6
:104EA000A368CDF8163004A8E368ADF81450CDF827
:104EB0001A301CF0E3FBE8E700220434019200946E
:104EC0000A2340F23E7195E530EC01012DE9F04FE7
:104ED000044699B005284CD8DFE810F006004B00D6
:104EE00037024A025D026302BF4E33681A78D70662
:104EF00002D5D86B14F05EFABC4BD6F800E01D6802
:104F0000D5E91823CDE9042300220023C5E918239D
:104F10000EF106030EF12E0213F8010B04449A421F
:104F2000A4B2F9D1E408222C9CBFC4F12504E0B25C
:104F30004FF0000488BF0220A44600BF9EF8033053
:104F400063451AD2D5E91823CDE90A23A84B9A69FB
:104F5000002A58D1DB68002B55D1A54B9B68002B4C
:104F600040F0E581A04B186828220021063024F08B
:104F7000BBFD002019B0BDE8F08F24214FF00008E0
:104F80008B1CDBB20C2B28D00B2B4FF001032FD83E
:104F9000CF18A1F11F02C7F1200603FA02F223FA8B
:104FA00006F63243BB40D5E9167603EA070A02EA61
:104FB000060B5AEA0B0610D00EF10806765C664521
:104FC0000BD1D5E918763B4332430134C5E9183299
:104FD000E4B2A04298BF4FF0010801398E1CCFD136
:104FE000B8F1000FAED10CF1010C5FFA8CFCA5E713
:104FF000A1F12002C1F1200603FA02F223FA06F61B
:1050000032438B40CFE77B4BD3F800A0BAF1000FBF
:10501000A3D0774DAB69002B00F05F81DAF8083040
:105020001A7A042A40F059811D686F4B01212846E5
:105030001E6822F0B6FFDDE90A23DDE90478434566
:1050400008BFBA4204D195F8F230990640F12281A6
:10505000C0F347000644284696F840B022F07BFA99
:105060000990002800F0168195F8F2309A0644BFA6
:105070006FF3451385F8F230D5F850315B4A002BB9
:1050800000F09980D3E90031079301F01F030893E2
:105090001368D3E91810079B1940089B1840CDE905
:1050A000161000262622012334465C4503D2013A1D
:1050B00012F0FF026FD1079B0293089B01934E4BA6
:1050C000009302220123D421EC200FF033FD5C4534
:1050D00080F0BB80444B1B680D93DB781593DDE9B2
:1050E000167300200693A4462421149086460C9043
:1050F0008B1CDBB20C2B39D00B2B4FF0010267D885
:105100008B189846C8F12009A1F11F0302FA03F396
:1051100022FA09F9464643EA0903B2400D9E06F118
:10512000080919F80190814520D102EA0706109676
:10513000069E1E401196DDE9108958EA090615D130
:10514000079E16401296089E1E401396DDE91289AE
:1051500058EA090652D017430134069AE4B21A43BA
:10516000A345069200F02281099B149301398E1CFD
:10517000BED10130159BC0B2834227D2149B13B11C
:10518000069B16971793DC45DDE9162342D20021D2
:105190000846012794E001EA03070E9700EA060794
:1051A0000F97DDE90E7857EA08071CBF0134E4B217
:1051B000DB18764179E71368D3E918234FF0FF37FE
:1051C000CDE916231F23CDE9077374E724218FE768
:1051D000A1F12003C1F1200902FA03F322FA09F92F
:1051E00043EA09038A4099E7380200203801002089
:1051F000040200209C01002022C30101E345B5D92F
:1052000042EA0E0E0C9A0CF1010C1A430C925FFA52
:105210008CFCABE70C994EEA02021943CBB2CDE904
:1052200016210193664B0292009302220123D4219E
:10523000EC200FF07FFCD5F8503133B9614B196881
:10524000DDE91623C1E918235C46DDE91623DDE913
:1052500004018B4208BF82421CD0012128461EF067
:1052600065FEB8B1082010F01BFF0346C5F8B40175
:105270009DF85C20169818601A71534B28469B695C
:105280009847524B0190009302220123D421EC2035
:105290000FF050FCDAF800A0B8E600BFC1F1240618
:1052A000A6F1200CC6F1200007FA0CFC27FA00F04A
:1052B0004CEA000007FA06F603430998324301312D
:1052C000CEB2B345EAD808B1CDE91623169B0293B6
:1052D0009DF85C3001933E4BA6E7EB68002BD9D0DC
:1052E000DAF808301A7A052AD4D11E68354B1B68C3
:1052F000D3E91823DBB20193364B029200930222CA
:105300000123D421EC200FF015FC96F8F230DA06D8
:10531000C0D5DDE90A23DDE904018B4208BF8242E2
:10532000B8D0EB68304698472B4B0190ABE7254A45
:105330001068DDE90412D0E91845954208BF8C4297
:105340003FF410AE603098470CE6244C23680020F0
:10535000196B19F001FF28B92268137843F0100384
:10536000137006E6184841681C300CF0CFFE00E6CA
:105370001A4C23681B78DB0604D5134841681C309F
:105380000CF0C4FE23681A786FF304121A702368B5
:105390000022DA63EDE5114B1B68D86B14F00AF8B4
:1053A000E7E5094B08465B699847E2E5069B9DF8EF
:1053B00018601793169702970196094B34E700BFC0
:1053C00035C3010138010020040200205DC3010142
:1053D00049C301016DC301017FC3010138020020EF
:1053E0008FC30101292A00BF2DE9F04F2DED028B5B
:1053F000D2E9008997B0CDE90C138B6808930B694B
:105400000F90D1E900B61493CD68002200234046E6
:10541000494620F02BF840B91BF0040F32D11BF0A5
:105420000803059330D0202303E089F00043994618
:105430002D232B70089B03F1FF3A012305934C4960
:1054400029F0004300208B4208BF80451FD10D9BEF
:10545000413B192B059B94BF464947492B441846AD
:1054600025F070F8284624F023F8CDF800B0024665
:10547000089B0F98294616F0D1FE17B0BDEC028BA1
:10548000BDE8F08F2B23D4E7DDF820A0D7E79942C1
:1054900008BF404509D20D9B413B192B059B94BF8A
:1054A000364937492B441846DAE7002200234046A4
:1054B000494620F083FC9FED2C7B8DED027B48B3A9
:1054C00000240D9824F074FE002EC3B20993C0F29C
:1054D000D781672B5AD1002E08BF0126231D02DB7E
:1054E000B442C0F2C681652761E09DED067B8DED7B
:1054F000027B01340022234BDDE902010CF03EF86F
:1055000042464B46CDE906011FF094FF0028ECD03F
:1055100000271FE00446EDE714F5967F11DA87B9FE
:105520000022194B404649460CF028F800228046DC
:105530008946154BDDE902010CF020F8CDE90201A6
:105540000127DDE9020100220E4B06F0ABF9CDE99F
:105550000201013CDDE90223404649461FF086FF77
:105560000028D9D1ADE700BF000000000000F03FE7
:105570000000F07FB0A00201B4A00201B8A00201B7
:10558000BCA002010000244000005043099F662F88
:1055900006F101060BD1002C04DA9FEDBD7B8DEDE9
:1055A000027B0024099B672B18BF361966279DEDE7
:1055B000027BCDE906898DED0A7B00230E93DDE9A0
:1055C0000A23DDE9060106F06DF941EC100B10F03D
:1055D0009BFE51EC100BB0EE408AF0EE608A1DF09D
:1055E0006FF8B0EE480AF0EE680A069B1093079B2E
:1055F000159083F0004311939DED0A1B9DED102B38
:1056000021F0C2FA53EC102B83F000430793DDE93D
:105610000A01A34B8DED060A002206F043F90E9B0A
:1056200001339E42CDE90A010E93C8D100229D4B61
:105630000BF0A4FFCDE90A0102460B46DDE90601A5
:105640001FF014FF002840F08180DDE90A23DDE926
:10565000060120F0B3FB10B1159BDA0776D5DDE922
:105660000A234046494605F08DFA0022CDE906019D
:105670008B4BDDE902010BF081FFDDE90623CDE96B
:105680000A011FF0C3FA002865D0662F04F1010457
:1056900065D10136A146A9EB06034FF00008059E2F
:1056A0001093CDF80880109B994540F08180029BB3
:1056B000002B00F0C880A8190022652F027029D1A4
:1056C000149B1499013B9442EA54C1F1030EBCBFF0
:1056D000644201220A21002C40F0BC800EEB030C36
:1056E000BCF1000F00F3B680002A03F1FF3114BFB4
:1056F0002D222B226A540D9A023B413A192A05EBBE
:10570000030198BF45279E420F70AAF1020A01DAF1
:1057100024F018FF0BF00303022B7FF4A3AEBAF1C1
:10572000000F7FF79FAE284623F0C2FE05EB0A0369
:10573000059A824240F39980059B2B4418465246B5
:10574000302124F0D1F9002308938BE69FED527BA2
:105750008DED0A7B83E79DED027B8DED0A7B652F46
:1057600014BFA1464FF0000995E7029A52B9B9F16A
:10577000000F07DA0E992E226A54012201360AF12F
:10578000FF3A029205EB0801AA193144302001E0EA
:1057900002F8010B9142FBD108EB06023033AAEB71
:1057A000080808F1FF3A561CAB544FF0000828E0F7
:1057B0000C9B0E961B69053BB3427FF678AFDDE983
:1057C0000A23DDE9060106F06DF841EC100B10F03C
:1057D0009BFD51EC100BB0EE408AF0EE608A1CF09D
:1057E0006FFF0BF0100209280346A8BF09230243EC
:1057F000BBD1099A672AB8D1B9F1000FC2DA08F112
:105800000108069B1293079BB0EE480AF0EE680A67
:1058100083F0004313939DED0A1B9DED122B21F0A5
:10582000B3F953EC102B83F000430793DDE90A0131
:1058300000221B4B8DED060A06F034F809F1FF3902
:10584000CDE90A012FE71BF0100F1EBF2E23AB5529
:10585000013630E7B4FBF1FC013B01FB1C44303462
:10586000EC540AF1FF3A644635E72A5C1A540138D1
:105870005EE7002CBFF69AAE662788E606262DE680
:10588000099B672BFAD01F46062680E6AFF30080FF
:10589000000000000000F03F0000000000000000D9
:1058A00000002440000014402DE9F04F95B0CDE9F0
:1058B00012030B68089392ED007B4B680A938B6888
:1058C00009930B690D93CC680022002351EC170B50
:1058D0008DED047B1FF0CAFD40B9089B580734D4F6
:1058E000089B13F0080732D0202306E0DDE90421ED
:1058F00081F00043CDE904232D232370099B012768
:105900005A1EDDE90403DFF8F8B223F000414FF03E
:10591000000A594508BF50451BD1139B413B192B29
:1059200004EB070094BFB049B04924F00BFEAF4828
:1059300023F0BEFD089B00930246099B1298214666
:1059400016F06CFC15B0BDE8F08F2B23D5E7099A53
:10595000D7E7139B8B45A3F1410308BF82450B9307
:1059600009D2192B04EB070094BFA149A14924F0E7
:10597000E9FDA048DCE73021E1550B997B1C1A2991
:1059800034BF58217821E154931E0793002200234D
:10599000DDE90401023720F011FA002800F07B81D4
:1059A0009FED8F7B8DED027B00250A9BDDE902894F
:1059B000002BDDE904ABB8BF18230E930026424646
:1059C0004B465046594605F06DFF41EC100B10F068
:1059D0009BFC42464B4651EC100B8DED100B0BF02F
:1059E000CDFD02460B465046594624F087FE824BB9
:1059F00082468B464046494600220BF0BFFD731C91
:105A00000C930A9B002B8046894606DA002200236D
:105A10005046594620F0D2F928B90E9BB34200F304
:105A2000408101330C930022744B404649460BF0F1
:105A3000A5FD8046894602460B46504659461FF052
:105A400015FD002840F02F8142464B4650465946EE
:105A500020F0B4F930B1DDE910011CF031FEC107CE
:105A600040F1218142464B46DDE9040105F08AF808
:105A7000CDE90401DDE9042121F000436049002063
:105A80008B4208BF82423FF448AF4FF000083E46C9
:105A9000C246C1460D9B053BB342B34633D9DDE94F
:105AA0000223DDE9040105F0FDFE41EC100B10F0CE
:105AB0002BFC51EC100B8DED0E0B1CF001FE0028A1
:105AC00040F0F680B9F1000F00F0F28008F1010813
:105AD000DDE90223DDE90E010BF050FD02460B4625
:105AE000DDE9040124F00AFE434BCDE90401002264
:105AF000DDE902010BF042FD0C9B09F101094B4568
:105B0000CDE90201C6D1BAF1000F1ED1B8F1000FE4
:105B100000F015810A9B002B40F31181089BDA07E6
:105B200000F10D81A3192E221A7008EB06022244FF
:105B3000302100BF03F8011F9A42FBD1079B464466
:105B40006FEA08084344013607930D9B0D99002224
:105B5000A019013B95420270B8BF6D42E254C1F1F9
:105B6000020EB8BF01224FF00A08002D40F0D78086
:105B70000EEB030CBCF1010F00F0D180002A03F101
:105B8000FF3114BF2D222B2262540B9A023B1A2A9A
:105B900004EB030134BF502270229E420A7001DAE6
:105BA00024F0D0FC089B03F00303022B14D1079BC5
:105BB000A3F10208B8F1000F0EDD204623F078FCB7
:105BC00004EB0803B84280F2B68042463021E01967
:105BD00023F08AFF002309932046A9E6AFF3008053
:105BE000000000000000F03FA0A00201A4A00201FC
:105BF000A8A00201ACA002010000B03F00002040BC
:105C00000000F07FCDE902890135DDE9022310466D
:105C1000194604F0B7FF8046894602460B46DDE987
:105C200004011FF023FC0028ECD0DFF82CB1DFF8D2
:105C30002C914FF0000A4FF00008DDE90223DDE966
:105C400004011FF013FC00283FF4AFAE52465B4640
:105C5000DDE902010BF092FC0022002320F0AEF8F7
:105C600078B142464B46DDE902010BF087FC424623
:105C7000CDE902014B46DDE904010BF07FFCCDE9E3
:105C80000401DDE9020152465B460BF077FC013D61
:105C9000CDE90201D1E79FED2E7B05468DED027B1C
:105CA000B3E70C9E8BE64FF000084FF00009D9E6F1
:105CB000BAF1000F0BD1B9F1000F08D02E2304F870
:105CC0000B30079B013B013607934FF0010A04EBB1
:105CD0000803A2193344302102E000BF02F8011B7F
:105CE0009A42FBD1079B06EB080BA3EB08080B9B22
:105CF0000928D4BF30305730192B06D840F0200384
:105D0000613B192B01D824F05AFA08F1FF330BF14B
:105D1000010604F80B0007934FF00008D8E6079936
:105D2000B5FBF8FC013B08FB1C5530350139E55447
:105D30000791654619E7225C1A54013842E7089B2F
:105D4000DB067FF502AF2E23A3550136FDE600BF2B
:105D5000000000000000F03F0000E03F0000504362
:105D60002DE9F04F04468BB000230D4607A80DF136
:105D70001A01ADF81A3020F033FA94F85230012BA2
:105D800018D1079AA36DBDF81A101A44B4F854300C
:105D90000B449BB240F2E1418B42C2F316020792E0
:105DA00085BFA3F2E2430132ADF81A30ADF81A30E4
:105DB00088BF0792994E0799326892F8403203F5EE
:105DC0008C73204632F81330BDF81A201FF02CFED9
:105DD0003746F8B1202194F8500021F06FFA94F87A
:105DE000503043B9204613F077FF2A460121204660
:105DF00016F00CF90BE063786FF38203637033687D
:105E0000D3F8081219B92A46012015F025FA0BB06B
:105E1000BDE8F08F1DF088FB3368D3F804620EB93B
:105E2000D3F8086221F0AAF963699C4209D063782B
:105E3000990606D44FF4802194F8500021F03EFAE0
:105E4000D0E7002E52D096F80080B8F1030F3DD075
:105E5000B8F1020F4AD1B3785A0737D494F85230C8
:105E6000E069F169D4F824C0DFF8B4E1012B04BF84
:105E7000A36DC01A96F8523008BFC0F31600012B6C
:105E800008BFB26D3B6804BF8A1AC2F3160193F8CB
:105E9000402203EB4203B3F83822B3F83C321A44F1
:105EA00040F23913B2FBF3F2B36A013213440B44EC
:105EB0008A1A0CEB000103EA0E0302EA0E0201EA61
:105EC0000E0123F0EDFE002800F08F8094F85010B2
:105ED000002940F08E8096F85030012B66D1B8F141
:105EE000030F2A4674D130461BF058FD94F8503009
:105EF0000193002B40F08780E36E002B40F08C80F4
:105F0000A36E003318BF01230022CDE9082213F04D
:105F1000010202921EBF3A68D2F80C22089213F0D6
:105F2000100305930CD0029A029B0AA901EB82028E
:105F300039680133D1F8141242F8081CDBB202931D
:105F400008AB0493D7F80090354A002303934FF031
:105F5000FF3B984640F2391EDDE902138B4240F0C8
:105F6000C680236A5B4540F2F580A362B8F1000F5A
:105F700000F0F680019B002B40F00D8198F8503026
:105F8000012B00F0ED8094F8512098F851309A429E
:105F900080F0E680204613F09FFE2A46012120462D
:105FA00016F034F844457FF432AFD9E0B37813F0FB
:105FB000100301D02A4696E794F8511096F8512024
:105FC00091420AD9B8F1030F2A4601D119468AE74E
:105FD0000121304616F01AF888E7204613F07CFEBF
:105FE0002A460121204616F011F8B4427FF40FAF83
:105FF0007CE74FF40001012021F060F963786FF332
:1060000082036370F1E7019B012B05D1E36E002B46
:1060100014BF0023112377E7002375E794010020C4
:10602000FFFF7F0004980B680360886884425ED09D
:1060300043785B075BD5059B2BB190F8511094F822
:106040005130994253D994F8523099F84072012B4B
:1060500008BFA16DE36908BF5B1A90F8521008BF32
:106060001340012908BF866DC16904BF891B114017
:10607000CE1A16F4800F46D009EB4707B7F83862FE
:10608000B7F83C72B6FBFEF6B7FBFEF73744066A7C
:106090000E440237164037441740DF1B7F024BD4B3
:1060A00099F8406209EB4606B6F838C2B6F83C6289
:1060B000BCFBFEFCB6FBFEF6B4440CF1020C00BFC8
:1060C000A1EB0C071740A7EB030A1AF4800F02D0CC
:1060D000866E002E34D1D91B490202D47B40134274
:1060E00005D10AEA020ADA453CBFD3468046049B42
:1060F0001968002996D1039B0133DBB20393049BFB
:106100000433049328E709EB4707D4F820C0B7F815
:106110003862B7F83C72B6FBFEF6B7FBFEF73E44BA
:1061200003EB0C07023617403E4416408E1B7602E6
:10613000B6D5C4F828C001E0236AA362804619E7F7
:1061400006F59C76760040F27127B6FBF7F63144EF
:106150001140B5E7636A9B4594BFC4F828B0A362B9
:106160002378012B7FF453AE402194F8500021F0A6
:10617000A5F8204613F0B0FD022323700B4B94F8D2
:1061800050201B6803EB82032946C3F8FC412046DC
:1061900022F0F9FA3BE64FF40001012021F08EF8DD
:1061A00063786FF382036370FCE600BF9401002004
:1061B0002DE9F04184B00378012B05D0042B00F0C9
:1061C000B38004B0BDE8F08144682378012B4DD042
:1061D0005AB2EAB1092BF4D160881CF093FB044653
:1061E000002800F08280C16841B1437A012B00F0A1
:1061F0008780022B00F08E8022F0DEFE6378012B78
:10620000DFD1E3790C2BDCD920461BF09FFDD8E7CA
:10621000A378002BD5D1954B1B6893B1944A0123E9
:106220001D4652F8041B69B10133082BF8D107232E
:106230008DF804308F4B1B68002BC2D001A8984703
:10624000BFE70025942024F0F5F90646874B43F874
:1062500025000028EBD09422002123F045FC1723D1
:10626000B38001237370A3887380AAE760881CF051
:1062700049FB04460028A4D0037CD3B1002511E0DB
:1062800024F0DCF9A37C04EBC3039D61A37C013300
:10629000DBB20F2B94BFA374A574237C013BDBB24C
:1062A000237433B1A37C04EBC30398690028E7D1BE
:1062B000ECE7E36813B1204622F07EFE6B4B1868D2
:1062C00084420AD01A1D01231D4652F8040B844251
:1062D00004D00133082BF7D173E7002524F0AEF981
:1062E000624B002243F825206BE707238DF804302A
:1062F000604B1B68002B3FF464AF01A8984760E730
:10630000408822F0B1FB00287FF478AF204622F0CD
:1063100053FE73E7408822F06FFB00287FF46EAFD6
:10632000204622F049FE69E7446823780B2B0BD006
:106330000E2B7FF446AFA0881CF0E4FA00283FF44F
:1063400040AFE28882803CE7E588A5F1A1039BB2DB
:10635000072B3FF636AFA0881CF0D4FA064688B16A
:10636000277A162F17D1F368002B00F02581072319
:106370008DF804303F4B1B68002B3FF422AF01A87F
:1063800098471EE7237A162BEDD08025237A122B0F
:106390007FF417AFA8E0A33D052D00F2F580DFE8FC
:1063A00015F00600F3002900F3006B00D300002372
:1063B000019302930393E27BA37B03EB02239BB243
:1063C000012B11D093B9337002238DF804307388F8
:1063D000ADF8083033788DF80A30264B1B683BB196
:1063E00001A89847002579E03370EDE7802575E036
:1063F000002573E0337C0F2B01D90025C6E7A58962
:106400000023019302930393284624F013F9804656
:1064100008B32A4604F10E0122F0AEFC737C06EBB1
:10642000C3021775D582C2F818800133DBB20F2B77
:1064300088BF00237374337C0133337405238DF8D4
:1064400004307388ADF808300A4B1B680BB101A803
:106450009847002542E008238DF80430054B1B685F
:106460000BB101A89847002538E000BF583801203B
:106470005C380120643B0120A28900230193029330
:106480000393A37B142B14D0152B48D01F2B24D996
:10649000564B1B680BB306218DF804107188ADF8BC
:1064A0000810ADF80A2004F10E02039201A89847E3
:1064B00013E0B37943F00203B3711023F371304654
:1064C0001BF044FC494B1B683BB103228DF80420B0
:1064D0007288ADF8082001A898470025237A03F0B8
:1064E000FB03122B7FF46DAEF368002B7FF43FAFFC
:1064F000002D62D1FA2024F09DF8F060002845D0EC
:1065000013230370012373720146A08822F0ACFAB2
:1065100000287FF456AE304622F04EFD51E6B379A6
:1065200043F00103B371337AE27B134433722F4B90
:106530001B68002BD1D004228DF804207288ADF89E
:10654000082001A89847C8E700230193029303930A
:10655000E27BA37B03EB02239BB2012B10D8234ADF
:1065600012687AB101218DF804107188ADF8081015
:10657000012B08BF8DF80A3001A890470025ADE730
:106580008025ABE70025A9E70025A7E708238DF8BC
:106590000430164B1B68002B3FF413AE01A898473C
:1065A0000FE608238DF80430104B1B68002B3FF4D6
:1065B00008AE01A8984704E60625042024F03AF81E
:1065C000F0600028EDD0237A0370E38843804570A3
:1065D000022373720146A08822F00EFA00287FF48D
:1065E000F0AD304622F0E8FCEBE500BF643B012053
:1065F0000829F8B504460E4600F0FD8009D80129A7
:1066000000F0988049B299B3032E00F0C7800020B3
:106610002DE0182900F0048122D80A29F7D190F83A
:10662000E450002D40F0F88190F8F4309A0740F1E2
:10663000F3810B2122F089F8C8B140F22243A4F87B
:10664000E43094F8F43065F3410384F8F43094F8BE
:106650006D3023F0600343F0600384F86D3006E092
:10666000272900F05581A1F1280460426041F8BD5E
:10667000C37D012B54D190F8E42090F8E2305AB158
:10668000112B01D0032B02D1D4F8B41121B9112A56
:1066900002D001252846EAE7D4E96D52112B18BF34
:1066A0001546B4F85C20EB8A9B1A9BB247F6FE7243
:1066B00093422CD823F0AAF9014608B90025E9E74E
:1066C00094F8F230D80711D4628F2B8A9A4207D1FE
:1066D000A28F6B8A9A4203D1E28FAB8A9A4205D08D
:1066E00094F8F23043F0010384F8F2300023CB71C8
:1066F000EB8A8B600C35CD60204623F0EFFF94F8D9
:10670000E230112BC5D0112384F8E430C1E72046D4
:10671000112120F0F7FA2821204620F068FFB8E781
:1067200021F02EFC05460028C8D01121204620F07B
:10673000E9FAAFE7C57D012D28D190F8E430002BB0
:10674000A8D1D0F8B831B0F85C20DB889B1A9BB296
:1067500047F6FE72934213D823F058F901460028F9
:10676000ACD0C571D4F8B831DB888360D4F8B831C7
:10677000C360204623F0B2FF122384F8E43089E797
:1067800021F0A0FA29460DF0DFFB83E721F0F8FBAA
:106790000546002892D031462046F4E790F8E430D0
:1067A00013B1222B7FF475AFE27D012A1DD113B9FD
:1067B000212384F8E43020461AF0A4FC0546002882
:1067C0003FF468AF032384F8E53094F86D3023F08C
:1067D000600343F06003204684F86D301EF062FED3
:1067E00004F58D7018F0BCF954E703212046BDE88C
:1067F000F84021F0C5BB15F015FF00283FF407AFA6
:1068000094F8E430002B7FF402AFE37D012B05D137
:1068100020460921BDE8F8401EF036B83146E5E7CC
:1068200090F8E23003F0EF02032A02D1D0F8B4610D
:106830000EB9D4F8B861132B03D094F8E430132BBD
:1068400064D1E57D012D57D13389A4F860303146FC
:10685000204620F0ABFA7788DFB9132120F052FAF6
:1068600094F8F2309B077FF515AF2946204621F0BA
:1068700098FB23F0F1F939460646204621F091FBBA
:1068800023F0EAF93B460246314620461EF0E2FF7D
:1068900000E7B4F85C20B3889B1A9BB247F6FE72FF
:1068A000934221D8B17811B921F07BFBB070F37815
:1068B00023B90121204621F074FBF07023F0A6F8E3
:1068C000014600283FF4FAAE1823C371B3888360F1
:1068D000B31CC360204623F001FFB178204615F0B9
:1068E000CFFAA4F86000D4E6132120F00BFA282197
:1068F000204620F07CFECDE61821204621F040FB0A
:10690000054600283FF4DAAE13210FE718216DE7A2
:1069100090F8E4304BB190F8E230082B01D0032B13
:106920007AD1D4F8B431002B76D0E67D012E77D120
:1069300094F8E230082B01D0032B02D1D4F8B451E3
:1069400015B9D4F8B8510026294620461CF0AEF9F6
:106950000746002846D0A88923F046FF03283FD1E8
:10696000B4F85C0023F040FF002839D16B894BB1AB
:10697000AA89524292B2B2FBF3F103FB11229B1A95
:10698000A4F854306B89B4F850209A420CD1B4F872
:1069900052102A8A914207D1E18F6A8A914203D12B
:1069A000A18FEA89914239D0A4F850302A8AA4F8FC
:1069B00052206B8AE387E989A187DB00618FB3FBF3
:1069C000F1F3C4E92433A36FA4F85820002143F461
:1069D0008063A4F85A10A36720461BF0CBFB12E09B
:1069E000AB89CDE727211E2220461CF017F994F829
:1069F000E230082B0CBF3946012120460DF0A4FAE5
:106A00001E21002EE8D194F8E230082B0CBF0021A3
:106A1000012120460DF098FA012028E60021F0E738
:106A20002721204621F0ACFA0028ECD11FE6704760
:106A3000F0B597B00378032B04D0012B00F08581CB
:106A400017B0F0BD44682378062BF9D801A252F89C
:106A500023F000BF2F6B0001716A0001416A000141
:106A6000416A0001416A0001A96B0001C76A000187
:106A7000C34B1B78002BE3D0A0881BF0B3FE044669
:106A80000028DDD08378002BDAD103A9807F0EF0B7
:106A90006FFB70B911AB0DF142020DF13A01208884
:106AA00021F01CFC0028CBD10121208821F0C6FD5B
:106AB000C6E7208822F0F4F90028C1D100212088FF
:106AC00021F0BCFDBCE7AE4B1B78002BB8D0A088F2
:106AD0001BF088FE05460028B2D08378012BAFD189
:106AE0004C22002103A822F0FFFF03A9A87F0EF08B
:106AF0003FFB70B99DF8542012F0020F09D0A37922
:106B000013F0040F0FD012F0010F02D013F0080F92
:106B100009D0A08822F0D1F9002891D10021A088C5
:106B200021F08CFD8CE7A08822F0D4F988E7A379C6
:106B300043BBA0881BF056FE0546002880D0A288E3
:106B4000237A03218DF80C10ADF80E2000228DF869
:106B500011208DF8123003A81BF020FE0123EB72E8
:106B600054F8096F6068A168E268EE6028616961A5
:106B7000AA61AB78002B7FF463AF0121288821F054
:106B80005DFD5DE7A188E27904208DF80C00ADF889
:106B90000E1000218DF811108DF812308DF8132091
:106BA00003A81BF0FBFD4BE7A0881BF01BFE06466D
:106BB00000283FF445AF4C2023F03CFD054600285B
:106BC0003FF43EAF4C22002122F08EFF04F1780307
:106BD00093E803002860A980090CA971284611F0E8
:106BE00025FD024608285AD0B277B378002B40F032
:106BF000868094F8223013F0010F6AD0214651F8B4
:106C0000087F4E688868C968AF63EE63286469646A
:106C1000214651F8687F4E688868C968C5F80770D2
:106C2000C5F80B60C5F80F00C5F8131094F82230B2
:106C30009B0895F8481063F3870185F8481094F88D
:106C40002230C3F34003C9B263F3410185F8481011
:106C500094F8221095F8483061F3000385F8483025
:106C6000234653F8247F5E689868DB68C5F81E7079
:106C7000C5F82260C5F82600C5F82A30606BC5F853
:106C80001700208F94F83A10A5F81B006977294661
:106C9000104612F0FFF9284623F0D0FCD0E620F091
:106CA00029FD024608289FD105238DF80C30338832
:106CB000ADF80E3008238DF8113003A81BF06EFDDF
:106CC00020F018FD024608288ED1284623F0B6FC95
:106CD000B6E6214651F84C7F4E688868C968AF63B4
:106CE000EE6328646964234653F85E1F5B68C5F849
:106CF0002E10C5F83230B4F85C30EB8688E72346B6
:106D000053F808EFD3F804C09F68D868C5F838E096
:106D1000C5F83CC02F646864D3F800C05F68986809
:106D2000DB68C6F80CC037617061B361214651F869
:106D3000687F4E688868C968C5F80770C5F80B6039
:106D4000C5F80F00C5F8131070E744682378052BC9
:106D500018D0032B7FF474AE2379002B6ED1638897
:106D600003228DF80C20ADF80E3001238DF8113080
:106D700000238DF8123003A81BF010FD60E600BF61
:106D80008D3C012060881BF02DFD054600283FF456
:106D900057AE0121008821F051FCEB7AA3BB03A977
:106DA000A87F0EF0E5F9C8B911A9288821F0A6FD41
:106DB00000283FF445AE638804228DF80420ADF826
:106DC000063001238DF8093000238DF80A308DF844
:106DD0000B300DEB02001BF0E1FC31E6288822F0BD
:106DE00045F8638804228DF80420ADF806300123AD
:106DF0008DF8093000238DF80A308DF80B300DEB3B
:106E000002001BF0CBFC1BE6294631F80C0B21F0ED
:106E100075FD00283FF414AE638804228DF80C2021
:106E2000ADF80E3001238DF8113000238DF81230AB
:106E30008DF8133003A81BF0B1FC01E6638804222F
:106E40008DF80C20ADF80E3001238DF811300023A1
:106E50008DF812308DF8133003A81BF09FFCEFE57E
:106E60002DE9F04FC0B28DB001280D4601924FF0D0
:106E7000000700F0EB8130B1022800F0F58100201E
:106E80000DB0BDE8F08F01A904A821F046F801A9D2
:106E900005A821F042F801A906A821F03EF8049BBC
:106EA000190505D5AE4B1B6813B1019928469847C3
:106EB000049BDA0415D52B6893F8FA208AB193F86D
:106EC0004720042A08D8012A04D1D3F8DC305B78A3
:106ED000252B01D912F05EFBA24A138843F08003F0
:106EE0001380049B9B0416D52B6893F8FA2092B16B
:106EF00093F84730042B09D8012B07D09A4B1B7805
:106F0000002B00F0C680994B01221A70954A138815
:106F100043F480731380059BDE0620D52C6894F81B
:106F2000FA30E3B1914E32780AB112F033FB00230C
:106F3000337094F8193193B18D4B1B787BB98D4A1E
:106F400013780133DBB2137094F894209A4206D17F
:106F5000894B94F836101A8861F304121A80069B44
:106F60009C042FD52C68D4E9366822F09FFD0028B8
:106F700040F0928023F0C2FA002840F08D807F4BD1
:106F8000D3F86C3FC3F3C029B9F1000F40F08480FF
:106F90003368CDF82530B388ADF8293098F8003043
:106FA0009DF82420C3F3801363F3000207A909A806
:106FB0008DF8242014F096F900286DD0494620461B
:106FC00020F0E0F9069B5A0431D52C68D4E93668E4
:106FD00022F06CFD002840F0F48023F08FFA0028A6
:106FE00040F0EF80654BD3F86C3FC3F3C029B9F193
:106FF000000F40F0E6803368CDF82530B388ADF857
:10700000293098F800309DF82420C3F3801363F3EF
:1070100000020DF10F0109A88DF8242014F062F987
:10702000002800F0CE804946204620F0ABF9069BB0
:10703000D80425D5524C2B68226891060ED42268BC
:1070400052060BD42268170608D42268D60505D448
:107050002268900502D42268510511D593F8FA30C0
:1070600073B112F097FA3F4A138843F0100313806C
:1070700023685A0641BF434A138843F0080313802C
:10708000069B1B047FF5FBAE3F4B28681B689847A7
:10709000F5E612F07FFA39E7F38A063B9BB240F639
:1070A0007A4293428ED8738B0A3B9BB2043A934246
:1070B00088D896F821301B3303F01F030B2B81D89F
:1070C000324B1A689946002A3FF47CAF94F8FA30A4
:1070D00023B1244A138843F020031380274BD3F8AD
:1070E0006C2F12F4006F04F5857B04F5827A51D180
:1070F000D3F86C2FD0054DD5D3F8682F910049D522
:10710000D3F8683FC3F30268404621F0D3FD40F056
:10711000020084F803013368C4F80A31B388ABF87D
:107120000430514640461BF009F994F84730063BBD
:10713000012B41D894F82430013BDBB2022B3ED81E
:10714000134A32F81310D9F80060002E3FF43AAF1A
:1071500005230022D4F8D800B047C4F8100131E765
:10716000D0010020DA010020B83C0120F401002009
:10717000E5010020F5010020C03401410024014157
:10718000583E0141803E0141E8010020DC01002021
:1071900058A7020198F80030C3F3801384F8033134
:1071A0000023C4F80A31ABF804303368C4F8043162
:1071B000B388AAF80430B8E740F2E241C3E70021FF
:1071C000C1E794F82630012B7FF431AF294AD2F879
:1071D0006C3F1B052BD4D2F86C3FC3F3002343B1A3
:1071E000D2F8683FC3F340731BB1D2F8687FC7F38E
:1071F0000267227C8DF81C20DBB1384621F05AFD55
:1072000040F002008DF81D000DF11E0138461BF004
:1072100095F807AB93E803000CAB09950C2203E942
:10722000030009AB1449012017F036FDFFE60023E7
:10723000DFE798F80030C3F380138DF81D30336812
:10724000CDF81E30B388ADF82230E2E70B6893F832
:10725000FA30012B7FF413AE12F09CF9074A138821
:1072600043F0400313800AE6054B11681960127958
:107270001A7104E60024014104000101DA01002032
:10728000E00100202DE9F04FD3B00D460446002365
:107290000146782214A80C9321F06EFD05B12E95BD
:1072A000DDF8B8A0BAF1000F00F0C0811B9B0A9373
:1072B000AA4B1B680193D3F80C220023029312BB44
:1072C0009DF8A23011932A9B12931C9B0F930A9B4B
:1072D0000093029B03930C230E9304920692934611
:1072E000039B2BB10E9B013B13F0FF030E9320D1A8
:1072F000049B0BB1009B1B931B980A9BC01AC0B246
:1073000053B0BDE8F08F93689C4210D0D96E71B92C
:1073100059698B420BD1996E49B1029952A800EB81
:10732000810141F8803C029B0133DBB20293126879
:10733000C5E752AB03EB8B0353F8805C002D00F0E4
:107340006F81AF6EBA458BBFBAFBF7F3B7FBFAF3A9
:1073500007FB13A30AFB137323B3AAFB07013E46E3
:107360005246C6B933461FF0D3F8012908BF00289A
:1073700080F09980002800F05581B0FBFAF3DBB271
:10738000092B0C9305D9B0FBF7F0C0B2092800F225
:107390008A80022307E0B2FBF6F306FB1323324692
:1073A0001E46DEE70123EA690592119A012A05BF0C
:1073B000009A1299DDF80080A2EB010895F852209E
:1073C00008BFC8F31608012A05BFAC6D059A059CD5
:1073D000141B08BFC4F31604012B2B6A099340F059
:1073E0008380A8EB040358021ED5019B5C4893F8E8
:1073F000401203EB410107F59C72B1F83832B1F845
:107400003C120B4440F23911B3FBF1F3A4EB080139
:10741000DB43520040F271270140B2FBF7F2134404
:107420008B429CBFA41A0440019B4D4D93F840220F
:1074300003EB420240F23919B2F83802B2F83C329A
:10744000099AB0FBF9F0224417460F9AB3FBF9F3FF
:1074500008EB020901332F4009EA050901301F44F6
:107460009944221A2F4009EA0509A8EB00003B467F
:107470002A404946284022F013FC064698B1A9EB61
:1074800007035902009B049054BFA9EB0808A7EB1F
:10749000080803F1030908EA05054D44C5F316037E
:1074A0000093CDF818B00BF101035FFA83FB029B48
:1074B0005B4508BF4FF0000B039B013B13F0FF033C
:1074C00003937FF40DAF002E3FF412AF069A029B98
:1074D00001325FFA82FB029A013BDBB25A4508BFD8
:1074E000DDF80CB00393FBE6019B1D4893F84022A6
:1074F00003EB420240F23911B2F83862B6FBF1F305
:1075000001330793E31A03400D93099BE518B2F882
:107510003C32B3FBF1F205400132334407F59C776E
:10752000B3FBF1F3013305EB020810937F0040F247
:1075300071234FF00009B7FBF3F313931223089262
:1075400008EA00080B934E460C9B99450AD3069B0C
:10755000002E18BF5B460693A5E700BF94010020EC
:10756000FFFF7F000B9B013B13F0FF030B935BD0EE
:107570000AFB09F707F59C7740F271237F00B7FB00
:10758000F3F7009B079A1F44294B1F40B81A0F9A24
:10759000B918089A1940114418401940EA1B5202C0
:1075A00005D57A1B02EA030C109A624522D34346A2
:1075B0000D9A22F075FB68B3109B0799059C049007
:1075C0001D441B4B1D40EF1B009D1F4003357A19C6
:1075D0000092059A521A1A400D920999059A551867
:1075E000089A1D4002EB050808EA03084FF000095D
:1075F0000646A9E7139A1444079A1C40A21A1A4097
:107600000D92099A1519089A1D4002EB050808EA1F
:107610000308C3E709F101095FFA89F93046E7E792
:107620002E4640E706463EE70B9E3CE7504667E69F
:10763000FFFF7F0084B02DE9F74305460BA880E8E3
:107640000E000B46042D00F25481DFE815F0050012
:10765000520184018A01BB010C689DF83C3084F81A
:10766000FB300E9BC4F828310DF1020101A81EF079
:10767000B7FDBDF80210019823F034F8BD4B19682E
:107680001BF0C8FBBC4AC4F82C0100231370BB4A92
:1076900001211180BA4A1370BA4A137094F8193153
:1076A000DBB994F8FB30002B00F0918194F8542062
:1076B00094F89470FF265119B94207DA04EB850358
:1076C000D4F828019B6D984280F018813246002141
:1076D00020460FF09FF9AC4B1E70AC4AAC4800231B
:1076E0001370AC4A1370012384F8FA3022F018FFAB
:1076F00094F84730012B04D1A74904F5C6700AF06D
:1077000005FD2146012011F021FC214601200BF04E
:1077100017FC94F8FB80D4F8743104F5BA77D4E9F7
:107720004A69B8F1000F01D0D4F89830C4F89C3001
:107730002046DD681DF02AFE204621F095FE2046F9
:1077400019F0B2FD94F81921944B002A00F0E18061
:1077500094F82420022A00F0D580032A00F0D58076
:107760001A88482161F30E021A808D4B94F8351067
:107770001A8861F304121A806C3B03201A686FF3B5
:107780004D321A6094F8241022F004FD2A4649462E
:10779000384619F082FE94F81931B3B1D4F87C312F
:1077A0009BB1D4F82001C43021F06AFF0146D4F81F
:1077B0002C011BF02FFBD4F87C31C4F844010146A6
:1077C000DA6804F5BE7019F068FEB8F1000F3FD119
:1077D000D4F8743194F81890D3F80C8001210DEB93
:1077E000010014F045FA9DF801100622B1FBF2F3F6
:1077F00002FB131394F84710DBB20B298DF801300C
:107800004FF001020DD802FA01F111F0050F40F01E
:10781000838040F6C870084018B911F0120F18BFE5
:107820000222604903EB43030B4412010021585C20
:1078300029FA00FC1CF0010F07D0D8F808C0253049
:1078400060F3C80CC8F808C0904401310329EED198
:1078500094F84730052B09D9D4F87C3133B194F82A
:1078600019311BB9504B20461B689847D4F8743126
:10787000002B53D194F8193173B104F5BE7894F804
:107880005210404621F040FA394620461DF046F994
:10789000414620461DF042F9444B1B6823B194F841
:1078A00019210AB12046984794F84730404A012BE5
:1078B0001168404B48D1062060F30F0111601A682F
:1078C00042F002021A603C4A1268AD1A1A68ADB260
:1078D00065F31F421A60394A1168B6B266F31F4158
:1078E00011601A6842F001021A60D4F82C0120F0ED
:1078F00075FE03B0BDE8F04304B070470135CEB269
:10790000EDB2D8E61A882D212CE71A884FF4D271EF
:1079100028E71A88482125E7032282E7D4F89C202B
:107920009A420AD8197ADA68042908D0052906D0BB
:1079300019B9106861F3461010601B6898E7116868
:107940006FF346111160F8E76FF30F0111601A68C9
:107950006FF34102B6E79DF8341018681FF012FD6E
:10796000C7E70191164901AB0422012017F094F9F1
:10797000BFE700BFD4010020E5010020DA010020AC
:10798000D8010020B83C0120CC010020F4010020E7
:107990004D230101F5010020008813006C380141DE
:1079A000C0340141B29C0201FC010020EC01002026
:1079B0005C3E0141583E0141AC010020703E014156
:1079C00005000101019101AB04220549CDE7FF2229
:1079D00020460FF01FF8FF2384F854302A4667E64C
:1079E000060001012DE9F04FD0F8E070D0F8ECB0BE
:1079F00089B0BB1C0193D0F8DC300393D0F8D830A9
:107A0000049308238DF81C3090F8B030069004469B
:107A100006332546394606A88DF81D3014F06AF95C
:107A20005A4655F8283F42F8253BAB88ABF804305E
:107A30000292B4F8B0202AB1D4F8AC100BF10600D1
:107A400021F09AF905238DF81C3094F8C030069483
:107A50000633B91C06A88DF81D3014F04BF92B68BD
:107A6000CBF82530029AAB889380B4F8C0202AB1B5
:107A7000D4F8BC100BF12B0021F07EF90023D4F8D0
:107A800074511E4694F89420B24202D809B0BDE861
:107A9000F08FD5F80C800093D8F80020DFF8C8925A
:107AA0006FF30202C8F80020D8F80020012363F326
:107AB000C402C8F80020D8F800204FF0040A6AF386
:107AC000CA12C8F80020D8F8001042466AF3CE2146
:107AD00042F8101BD9F80010521AD8F8001092B2D0
:107AE00062F3DE31C8F80010D8F800206FF3DF72BF
:107AF000C8F80020B9F80020D8F80400B91A89B2F3
:107B000061F30F00C8F80400D8F80410ABEB0202D0
:107B100092B262F31F41C8F80410D8F8082063F34A
:107B20000102C8F80820D8F8082042EA0A02C8F87A
:107B300008207A7894F8351094F822001EF08FF817
:107B400004EB8601009BC5F80C8000222A722A777C
:107B50006B612F614D66D5F800800091D8F80C500C
:107B600029680344052060F3020129602968012087
:107B700060F3C401296029686AF3CA112960296881
:107B80006AF3CE21296094F8941001398E421EBF09
:107B9000D9F8001005F12002521A296818BF92B2D4
:107BA00062F3DE312960B9F800100593039B686821
:107BB0005A1A92B262F30F006860049B68685A1AFE
:107BC00092B262F31F406860AA68022060F301026B
:107BD000AA60AA6842F00402AA6005F11002521AD3
:107BE000A96892B262F35821A960AA686FF35A6239
:107BF000AA6094F8351094F8220025221EF02FF880
:107C0000039BC8F810300522009B88F8082000224A
:107C1000C8F80C50C8F8142088F81C201D672A6882
:107C200004EB4605C2F3CF32A5F8882094F835104E
:107C300094F822000C221EF012F8FA7894F835100D
:107C4000814694F822001EF00AF8059B03F5CE72D7
:107C5000914448440EB9C4F8240194F89420013AA0
:107C60009642009A08BFC4F820019065D8F80090A9
:107C7000D9F80C80D8F80010042262F30201C8F889
:107C80000010D8F80010012060F3C401C8F80010FB
:107C9000D8F8001062F3CA11C8F80010D8F8001024
:107CA00062F3CE21C8F8001094F89420013A96426D
:107CB00003F24D134AD1D8F800206FF3DE32C8F832
:107CC0000020294A05931288019BD8F80400991ACC
:107CD00089B261F30F00C8F80400029BD8F80410C1
:107CE0009A1A92B262F31F41C8F80410D8F808201B
:107CF000022161F30102C8F80820D8F8082042F0F8
:107D00000402C8F80820FA7894F8351094F8220094
:107D10001DF0A5FF019BC9F810300422009B89F8D3
:107D200008200022C9F80C80C9F8142089F81C200A
:107D3000C3F87C80D8F80020059BC2F3CF32A5F8A9
:107D40008E200136D9F80050F6B29BE60649096844
:107D500008F11002521AD8F8001092B262F3DE3124
:107D6000C8F80010ADE700BFAC0100202DE9F04FCE
:107D700089B0D0F8E030009302330193D0F8DC30C2
:107D80000393D0F8D830049300238DF81C3090F87A
:107D9000B030D0F8ECB00690044606332546009982
:107DA0008DF81D3006A813F0A5FF5A4655F8283F58
:107DB00042F8253BAB88ABF804300292B4F8B0200F
:107DC0002AB1D4F8AC100BF1060020F0D5FF052342
:107DD0008DF81C3094F8C03001990694063306A83B
:107DE0008DF81D3013F086FF2B68CBF82530029AF2
:107DF000AB889380B4F8C0202AB1D4F8BC100BF142
:107E00002B0020F0B9FF0027D4F874513E4600BF84
:107E100094F89430B34202D809B0BDE8F08FD5F899
:107E20000C80DFF8B092D8F800306FF30203C8F886
:107E30000030D8F80030012060F3C403C8F80030E7
:107E4000D8F800304FF0040A6AF3CA13C8F80030BB
:107E5000D8F8002043466AF3CE2243F8102BD9F815
:107E600000209B1AD8F800209BB263F3DE32C8F8DA
:107E70000020D8F80030009A6FF3DF73C8F80030A4
:107E8000B9F80030D8F80410D21A92B262F30F0198
:107E9000C8F80410D8F80420ABEB03039BB263F3DB
:107EA0001F42C8F80420D8F8083060F30103C8F86E
:107EB0000830D8F8083043EA0A03C8F80830009BB5
:107EC00094F835105A7894F822001DF0C8FE009BF3
:107ED000C5F80C8004EB860800222A722A77C5E9CF
:107EE0000437C8F864502B68DD682968074405200A
:107EF00060F3020129602968012060F3C401296050
:107F000029686AF3CA11296029686AF3CE212960B9
:107F100094F8941001398E421EBFD9F8001005F173
:107F20002002521A296818BF92B262F3DE3129602A
:107F3000B9F800100593039B68685A1A92B262F36D
:107F40000F006860049B68685A1A92B262F31F407F
:107F50006860AA68022060F30102AA60AA6842F081
:107F60000402AA6005F11002521AA96892B262F3E3
:107F70005821A960AA6860F35A62AA6094F8351083
:107F800094F8220025221DF06AFE059B05221A7234
:107F9000039A1A610022DD605A611A77C8F870509E
:107FA0002A6804EB4605C2F3CF32A5F8882094F87E
:107FB000351094F8220022221DF051FE07F23712EC
:107FC0001044059B0EB9C4F8240194F89420013A9A
:107FD000964208BFC4F82001C8F85800D3F800A0A2
:107FE000DAF80C90D9F80020042363F30202C9F8F0
:107FF0000020D9F80020012161F3C402C9F8002053
:10800000D9F8002063F3CA12C9F80020D9F800207B
:1080100063F3CE22C9F8002094F89430013B9E42CD
:1080200007F24D1748D1D9F800306FF3DE33C9F8A5
:108030000030284B019A1B88D9F80410D21A92B24A
:1080400062F30F01C9F80410029AD31AD9F8042078
:108050009BB263F31F42C9F80420D9F8083002220A
:1080600062F30103C9F80830D9F8083043F004037B
:10807000C9F80830009B94F83510DA7894F822009B
:108080001DF0EDFD04238AF80830019BCAF810307A
:108090000023CAF80C90CAF814308AF81C30C8F8CB
:1080A0007C90D9F80030C3F3CF33A5F88E30013679
:1080B000DAF80050F6B2ABE6064A126809F110038E
:1080C0009B1AD9F800209BB263F3DE32C9F8002076
:1080D000AFE700BFAC0100202DE9F047BB4D1E46C5
:1080E0002B6803EB8002BAB0D2F8FC210F464AB1EC
:1080F0001178022906D13146104620F044FB3AB0EF
:10810000BDE8F087002867D193F8F821002AF6D05F
:10811000D3F8F0319C68637899073CD402211FF0B2
:10812000CDF863785A070CD5042100201EF092FC8C
:10813000102100201FF0C2F831462046FDF710FE46
:10814000DDE76269944214D1204610F0B7FD6378F0
:108150005D07E9D4042100201FF0B0F863699C4258
:10816000CDD0617811F0080509D0204611F0B4FD9A
:10817000C5E71F07EED5204622F03AFBE7E75B781C
:108180005807BCD5204611F0A7FD324629462046A7
:1081900013F03CFFB3E74FF480411FF08FF8A38842
:1081A0003BB1204611F098FD32460121204613F0E4
:1081B0002DFF6278D106A2D4A388013B9BB2A38095
:1081C000002B9CD163F341022046627017F022FC21
:1081D000204614F0E7FA92E793F8F931002B8ED09D
:1081E0004FF00C082B6808F1310253F8323043B9D4
:1081F0002B6893F8F931002B81D018F1FF38F1D2B8
:108200007DE79C68D3F8009063789A0700F1E080DE
:10821000A3785B0702D50EB94B46E8E7022101209F
:108220001FF04CF863699C4240F09B80637813F028
:1082300004031DD0042101201EF00CFC102101209C
:108240001FF03CF8A569002D40F09A80002F3FF404
:1082500073AFBC423FF470AF3D78012D7FF46CAF3B
:108260007B781A0740F1A8806FF382037B7063E785
:108270000DF1160106A8ADF816301DF0B1FF94F807
:108280005230012B18D1069AA36DBDF816101A446E
:10829000B4F854300B449BB240F2E1418B42C2F33C
:1082A0001602069285BFA3F2E2430132ADF8163002
:1082B000ADF8163088BF06922968BDF8160091F80F
:1082C000403203F58E730DF1200A31F81320E16E70
:1082D000069B02EB900202F59C7240F27120520064
:1082E000B2FBF0F21A4401F59C735B00B3FBF0F3B0
:1082F000A08C9BB2191889B2B1F5487FC2F316025F
:1083000088BF4FF44871E261079208920A44C2F3B1
:10831000160288BFC0F5487309924FF000000DF1B6
:1083200015028DF8140001924FF0010005AA88BFD4
:108330009BB28DF815000092214607AA0920CDF8BE
:1083400008A000F09DFB079B00939DF815209DF869
:1083500014105346204609F0FDFB637860F3820356
:108360006370637858073FF565AF042101201EF064
:10837000A5FF2B6893F8F931002B7FF44DAFBEE6D3
:10838000637813F008020FD02B78012B02D0284617
:108390001FF0CEFC284622F02BFA3246002195F839
:1083A000500012F059FF51E76B7859067FF54EAF38
:1083B00062F386136B70E7E7384611F08DFC3246A6
:1083C0002946384613F022FEB6E600BF940100208D
:1083D0004FF4804101201EF071FFA3883BB120467D
:1083E00011F07AFC32460121204613F00FFE62782C
:1083F000D306BED4A388002BBBD0013B9BB2A38085
:10840000002BB6D163F341022046627017F002FBE5
:10841000204614F0C7F9ACE780B58AB000AF7860A9
:108420002D4B9B683B623B6A23F47F433B623B6A74
:1084300043F4A4333B62284A3B6A93607B68FB6148
:10844000FB695A78254BA3FB021359080B465B00C6
:108450000B44D31ADBB2002B01D0012337E0FB69B8
:108460005B781E4AA2FB03235B08FB767B68023322
:108470007B60002387F8273017E07B687B617B698E
:108480009B781B021A467B695B7813443B617B69CE
:108490001B78396918460FF04DFF7B6803337B600A
:1084A00097F82730013387F8273097F82720FB7E8D
:1084B0009A42E2D319200FF00BFFF860FB6823F01B
:1084C0005003FB60F96819200FF034FF00231846B1
:1084D0002837BD4680BD00BF003E0144ABAAAAAA12
:1084E00080B489B000AF78607B68BB61BB695B78A2
:1084F00003F00303DBB2002B01D0012323E0BB69AF
:108500005B789B08FB757B6802337B600023FB77FD
:1085100014E07B683B613B691B889BB203F182439B
:1085200003F5B033FB60FB683A69528892B21A8057
:108530007B6804337B60FB7F0133FB77FA7FFB7D35
:108540009A42E6D3002318462437BD465DF8047BE3
:10855000704780B586B000AF78607B683B613B694F
:108560005A78254BA3FB021359080B465B000B44BA
:10857000D31ADBB2002B01D0012338E03B695B78D2
:108580001D4AA2FB03235B08FB737B6802337B60FD
:108590000023FB7526E07B68BB60BB681878BB686E
:1085A0009B789BB21B029AB2BB685B789BB2134468
:1085B0009BB2194601F07CF8BB681B78082B03D1ED
:1085C000BB685A780D4B1A70BB681B78512B03D1CE
:1085D000BB685A780A4B1A707B6803337B60FB7D5B
:1085E0000133FB75FA7DFB7B9A42D4D300231846F6
:1085F0001837BD4680BD00BFABAAAAAA0C43012014
:108600000D43012080B483B000AF7860064A7B68D8
:108610000233196811601B79137100BF18460C37BB
:10862000BD465DF8047B70479000002080B582B0A5
:1086300000AF786018220021786821F055FA796837
:108640001020FAF704F80346002B01D1012300E0C3
:10865000002318460837BD4680BD80B483B000AF04
:1086600078603960074B1A787B681A70064B1A7865
:108670003B681A70012318460C37BD465DF8047B31
:10868000704700BF0C4301200D43012080B485B02A
:1086900000AF0023FB730023BB7300237B734FF0F9
:1086A00088431B6803F48063BB60BB6803F480638A
:1086B000002B04D04FF088434FF480625A60214B66
:1086C0001B681B0DDBB203F00F03FB731E4B1B6813
:1086D0001B0EDBB203F00F03BB731A4B1B681B0AA4
:1086E000DBB203F01F037B73184BDB697B607B6895
:1086F00023F01F2323F4F8137B60FB7B1B0603F09E
:10870000F852BB7B1B0403F4F8131A437B7B1B0258
:1087100003F4F85313437A6813437B600B4A7B6876
:10872000D361BB6803F48063002B04D04FF088430F
:108730004FF480629A6000BF1437BD465DF8047B39
:10874000704700BF1003004420030044003E014472
:1087500070B588B005468B7B023B032B00F24B8142
:10876000DFE813F004008700190144010C46AB4B0D
:108770001B78023BDBB2052B5AD98B89132B61D0B6
:108780000E2B5AD10022217C637C1B0403EB0123B6
:10879000E17B0B44A17C03EB01630093217D637DAE
:1087A0001B0403EB0123E17C0B44A17D03EB01637C
:1087B0000493217E637E1B0403EB0123E17D0B44C4
:1087C000A17E03EB01630593E37E95490B70002ABC
:1087D0003AD0617F227F02EB0122ADF81820A17F01
:1087E000904A117094F82000E27F02EB0022ADF86D
:1087F0001A20012B33D8032931D8022940F03081C7
:10880000A388ADF80830009B0393864A12788DF850
:108810001C20854A1360834B1B78022B25D07F4B8D
:1088200002221A70182202A900201FF0E7FCE2E0E1
:108830000022012111F01FF9DDE00022022111F0D8
:108840001AF9D8E001229EE70022ADF818207549F8
:1088500001200870ADF81A20834240F2CE80002239
:108860000221284611F007F9C5E06D4B00221A706D
:10887000D5E76A4B1E78032E0DD18B89022B0FD1C1
:10888000CB7B6A4A1370012B0FD0022203212846AA
:1088900017F03DFAAFE00122032117F038FAAAE001
:1088A0000222032117F033FAA5E05E4B1B78022B5E
:1088B00036D15D4B1A685E4B1A604FF4806021F030
:1088C000B9FE5C4B1860574B1B78022B34D1544BCC
:1088D0001B78012B37D0574B1B68002B55D0514BC1
:1088E0001B78022B03D0544B1B68002B4FD04C4BF2
:1088F0001B78012B2ED04D4B1B788DF80830474B41
:1089000004221A7000234D4A13604D4A13804D4AC9
:108910001360012202A910461FF070FC0022B5E787
:108920001FF04CFC20F095FA3F4B1A68404B1A6040
:1089300002460028AAD1C0E74FF4007021F07AFE69
:108940003D4B1860C3E74FF4127021F073FE3E4BAD
:108950001860C0E73C4B1868D8B1344B1B788DF8D1
:1089600008302E4B04221A700023344A1360344A14
:108970001380344A1360354A354918F0B7FD20F0AA
:1089800068FA0246002881D1C3E732467EE73246C4
:108990007CE732467AE7214B1B78082B0ED0032B5D
:1089A00011D9284B1A68224B1B689A420BD300231B
:1089B0008DF80830194B07221A7011E001220421AA
:1089C00017F0A5F917E01BF051F801238DF80830D6
:1089D00000220421284617F09AF9104B08221A7039
:1089E000012202A904201FF009FC04E00022114624
:1089F00005201FF003FC08B070BD01238DF8043082
:108A0000684613F06FF820F024FA014690BBA38863
:108A1000ADF80830009B0393FF22F8E6953C012057
:108A2000913C0120923C0120483B0120933C0120D5
:108A30004C3B01205C3B0120603B0120503B01206E
:108A4000AE3C0120443B0120543B0120283A012048
:108A5000383A0120A388ADF80830009B0393D4E690
:108A60008DF80410684613F03DF820F0F2F9014645
:108A70000028EFD00022284610F0FDFFBBE700BF22
:108A80002DE9F04FC3B0064604920D463022002176
:108A900006A8994621F028F816F00304DFF8F482BE
:108AA00010D0D8F8003093F81C425CB11AF03CFDAD
:108AB000D8F80030D3F80C721EF060FB0024002FB1
:108AC00040F08B8016F03C0F0FD0D8F8003093F8B0
:108AD0001D3253B11AF028FDD8F80030D3F81472C3
:108AE0001EF04CFB002F40F0988095F85030012B81
:108AF00009D1D8F80030D3F8083223B142AA02EBEA
:108B0000840444F8F03C049BDFF88CA21B680193BA
:108B10006B6A9944019B4FF0000B13FA89F9D8F85E
:108B2000003002935D4606AB53F82B70002F00F027
:108B3000B780029BFE69D3F808329F420CBFBB6A24
:108B40003B6A039397F85230012B04BFBB6DF61AB2
:108B5000029B93F8402203EB420240F23911B2F833
:108B60003832B2F83C22B3FBF1F3B2FBF1F213441A
:108B700003F1020308BF06EA0A060093A6EB030806
:108B8000039BF418009B04EA0A041C44FB6E08EAE9
:108B90000A0804EA0A04002B40F0AB807B699F427C
:108BA00040F0A780BB6E03F59C735B0040F271221E
:108BB000B3FBF2F3059300BFA8EB09035B025ED49D
:108BC00089EA080313EA0A0F59D0182D67D00BF170
:108BD000010BBBF10C0FA6D162E01AF0A5FCD7F88F
:108BE00000A01EF0CBFABB689D4214D05A78520701
:108BF00011D5F70707D542A9621C01EB840444F89C
:108C0000F03CD4B207E0B00705D593F8511095F8C1
:108C100051209142EFD8574651E71AF085FCD7F81A
:108C200000A01EF0ABFABA68954217D053785907E6
:108C300014D5AB689A4211D0730707D542A9631CBB
:108C400001EB840444F8F02CDCB207E0F70607D50A
:108C500092F8511095F851309942EFD8574641E7B4
:108C6000300706D592F8511095F851309942F5D356
:108C7000E4E7B106F2D56B699A42EFD1DEE74B46E5
:108C8000019A2146404621F00BF8E0B142AB03EBDC
:108C9000C5030135EDB2182D43E9308413D11825F1
:108CA0004C9B6A1E1D7012A8002116F0B9FA002311
:108CB00012981A464C99097891422BD84D9A137004
:108CC00043B0BDE8F08FBB6E002B3FF47EAF059B39
:108CD0001E44009B06EA0A06A6EB0308039B9C19A8
:108CE000009B04EA0A041C4408EA0A0804EA0A048D
:108CF00062E74B46019A2146404620F0D1FF00280A
:108D00003FF463AF42AB03EBC503013543E9308465
:108D1000EDB25AE75AB904990C68211A4D0206D5EA
:108D20004E9901EBC301C1E900400133DBB24C991C
:108D3000097801398A4202F1010413DA42A901EBF0
:108D4000C20151F8BC6C42A901EBC40151F8C05CEE
:108D5000711B490206D54E9901EBC301C1E90065BB
:108D60000133DBB24C99097801398A420FD142A90B
:108D700001EBC20252F8BC1CA1EB0902520206D55B
:108D80004E9A02EBC302C2E900190133DBB2E2B230
:108D900090E700BF94010020FFFF7F002DE9F8431A
:108DA0001E464B0405468846174640F198800468E5
:108DB00020F036FBE27D237D002A40F08D8013F009
:108DC000400F09D0D4F8CC0021F0FFFB0423237519
:108DD0002421284620F03CFB18F4805F30D02C681A
:108DE000237D99072CD510232375A37D0133DBB296
:108DF000012BA3750BD1A94B617E5B695878E07795
:108E00001BF054F9D4F898301844C4F89800E37D66
:108E1000012B40F08780A37D012B82BFA36F43F419
:108E20000063A36720461DF05BFB20461AF0BDFDE2
:108E30000121204601F0C6FF2321284620F008FB2F
:108E400018F4005F1CD02C68237D9B0718D51420D4
:108E500015F04EFD8146082015F04AFD0823804696
:108E6000014623754A4628460CF09EF8002800F07B
:108E7000858040461CF0BAFC2221284620F0E8FA02
:108E8000F30605D519F0CCFA1721284620F0E0FAB0
:108E9000B40605D519F0C4FA1621284620F0D8FAF0
:108EA000F80617D52C68E07D002840F0D580A36F28
:108EB000190609D51FF092FAC4F88800204617F069
:108EC000A7FDB0FA80F04009237D9A0602D500285C
:108ED00000F0CD80BDE8F88313F0010F71E70C05B9
:108EE0007FF57AAF0468E37D012B17D1A26F6C4B3D
:108EF0001340802B09D1D4F8C83043F08073C4F8F4
:108F0000C8301FF06BFAC4F88800237D13F0010FFE
:108F10003FF462AF0223237520215AE7237D13F02B
:108F2000400FF5E7D4F8CC0021F04FFB20461DF0B0
:108F3000D7FAA36FDA037FF57FAFA37D012B7FF410
:108F40007BAFD4F8CC0021F055FCD4F8A420A36F5B
:108F5000904288BF801AD4E9261223F4803398BF48
:108F600000209142A367BFF467AF8142BFF464AFB2
:108F700043F04003A3672023237556E7C4E96F98A5
:108F800094F81780B8F1010F1FD120461AF00DFD9B
:108F90004146204601F016FF94F86C30DA070DD5F3
:108FA000E37F5BB1A37F4BB121F02AF803688268AD
:108FB000E07F1344C4F8C4311EF072FE94F86D30A3
:108FC00043F0800384F86D3056E794F86E3060F318
:108FD000000384F86E30D4F8CC0021F0F6FAA36FC9
:108FE000D80330D594F86D0023F4803310F00108D5
:108FF000A36713D0A36F43F04003A3672023237517
:1090000020461AF0D2FC0121204601F0DBFE94F844
:109010006E3043F0010384F86E30BDE794F86C3095
:10902000D90610D5D4F8CC0021F0E4FBD4F8A43054
:10903000984288BFC01AD4E9263298BF404693426E
:1090400001D28342D6D3A36F23F0400343F00053F1
:10905000A367002323759FE7012808D1237D13F020
:109060001E0F3FF437AFD4F8CC0021F0AEFAA36F57
:109070005B0602D5204620F037FEE37D012B0BD1A5
:10908000A26F12F0400F08BF402323752846252108
:10909000BDE8F84320F0DCB94023F6E74839012069
:1090A000800000022DE9F041AEB00646154605915C
:1090B000002705990B78002B00F0FA8000244FF070
:1090C000FF33CDE909430EAB0C9380230B940D9332
:1090D0000B5D0BB1252B26D134B1224630461EF054
:1090E0008DF9059B23440593059B1A78252A40F0AA
:1090F000D78003F10108CDF81480059803782B2B55
:109100001AD025D8202B1BD0232B1DD02A2B27D0BB
:109110001AF071F80B90059B1A78303A092A2ED86C
:1091200001330593F7E70134D2E7099B43F00103CC
:10913000013009930590E0E7099B43F00403F7E74A
:10914000099B43F00803F3E7099B43F01003EFE7A3
:109150002D2BEAD0302BD9D1099B43F00203E7E74E
:109160002B681A1D1B682A600130002B05900B9399
:1091700005DA099A5B4282F0010209920B93099B7E
:10918000DA0744BF23F002030993059B1A782E2ABD
:109190000DD10022581C0A9205905A782A2A25D10E
:1091A000023305932B681A1D1B682A600A9305A8D1
:1091B0001BF00EFD059B0390187820F0F9FF69283D
:1091C000039979D032DC632800F0CB8019DC2528A4
:1091D00000F0D980612853D000234FF0FF32CDF842
:1091E000148009930B930A920093D4E01AF003F8C9
:1091F0000A90059B1A78303A092AD8D8013305938A
:10920000F7E7642858D06728E6DC2A4606A81DF050
:109210004BFE002800F0A180059B5A1C05921B788C
:1092200006AA09A93046FCF7DFF838E0702873D0A9
:1092300015DC6E2800F08C806F28CDD12B460022E3
:1092400006A80FF047F9002800F08780059B06AAC2
:10925000013309A93046059314F056FC1FE0752828
:109260003AD0782848D07328B6D1802975D1059B8B
:109270002A6801330593131D2B60126800237DE0DB
:109280002A4606A81DF010FE002866D0059B5A1C31
:1092900005921B7806AA09A93046FCF705FB044491
:1092A0003C44A7427ADD3E4B4F221A604FF0FF3715
:1092B00038462EB0BDE8F0812B46012206A80FF0FB
:1092C00009F9002849D0059B06AA013309A93046AF
:1092D00005930FF04BFCE2E72B46002206A80FF0A7
:1092E000F9F8002839D0059B06AA013309A93046B0
:1092F000059317F066FCD2E72B46002206A80FF074
:10930000E9F850B3059B5A1C05921B7806AA09A9D7
:10931000304608F069FEC2E72B460022F02106A87D
:109320000FF0D8F8C8B1059B01330593DDE906239A
:1093300013430BD11B4820F0BBF8099B009319493C
:109340000B9B0246304612F069FFA8E77823DDE761
:109350002B463A1906A813F087FE059B01330593A7
:109360009EE78029F9D1059B013305932B681A1DCF
:109370001B682A608DF8183006AA012309A9304617
:1093800017F072FB8BE78029E7D1059B013305932A
:10939000099B00930B9B04490122D3E7274688E6EB
:1093A000703C012004A702010AA702010C4B13F034
:1093B000FF0F08D04FF0200383F31188BFF36F8FA6
:1093C000BFF34F8FFEE7074A934208D04FF02003C8
:1093D00083F31188BFF36F8FBFF34F8FFEE77047A2
:1093E0000070800000708000014B1860704700BF63
:1093F000E43B012030B4184C1546184A0C4404EBE9
:109400008030541E844208D24FF0200383F3118829
:10941000BFF36F8FBFF34F8FFEE71C18A24208D235
:109420004FF0200383F31188BFF36F8FBFF34F8F8B
:10943000FEE71944B1F5804F08DD4FF0200383F3B8
:109440001188BFF36F8FBFF34F8FFEE701461A46B7
:10945000284630BC1FF090BC0070800000F08000F7
:10946000F8B5324D0D4405EB80351746EA061C462B
:1094700008D04FF0200383F31188BFF36F8FBFF341
:109480004F8FFEE743B94FF0200383F31188BFF3FA
:109490006F8FBFF34F8FFEE7254B5A1EAA4208D2AB
:1094A0004FF0200383F31188BFF36F8FBFF34F8F0B
:1094B000FEE76219934208D24FF0200383F311882C
:1094C000BFF36F8FBFF34F8FFEE72144B1F5804F9D
:1094D00008DD4FF0200383F31188BFF36F8FBFF3D4
:1094E0004F8FFEE7134B1B6803B19847E3061EBF7F
:1094F00024F01F042034A4B24FF6E0732340FE187A
:109500003C46A64206D100BF20F072FC0028FBD1E9
:10951000F8BD00BF20F06CFC0028FBD1E91B214402
:1095200020461AF0E3FA2034EBE700BF0070800019
:1095300000F08000E43B012038B5114C114B04EBE6
:109540008034A34208D24FF0200383F31188BFF385
:109550006F8FBFF34F8FFEE704F5804520F048FC86
:109560000028FBD1204604F5805420F04DFEAC428B
:10957000F4D100BF20F03CFC0028FBD138BD00BF77
:1095800000708000FFEF800037B542B94FF0200334
:1095900083F31188BFF36F8FBFF34F8FFEE71F4C2C
:1095A0000C4404EB80341E48431EA34208D24FF003
:1095B000200383F31188BFF36F8FBFF34F8FFEE754
:1095C0001319984208D24FF0200383F31188BFF398
:1095D0006F8FBFF34F8FFEE71144B1F5804F08DD69
:1095E0004FF0200383F31188BFF36F8FBFF34F8FCA
:1095F000FEE74FF0FF3201929DB204220DEB020113
:1096000020461FF0ABFB30B90434A3B29D42F4D125
:10961000012003B030BD0020FBE700BF00708000D8
:1096200000F0800038B5154643B94FF0200383F3AE
:109630001188BFF36F8FBFF34F8FFEE7184C194AA5
:109640000C4404EB8030541E844208D24FF02003B7
:1096500083F31188BFF36F8FBFF34F8FFEE71C18A2
:10966000A24208D24FF0200383F31188BFF36F8F1B
:10967000BFF34F8FFEE7CA18B2F5804F08DD4FF0F9
:10968000200383F31188BFF36F8FBFF34F8FFEE783
:109690001A4629461FF062FBB0FA80F0400938BD37
:1096A0000070800000F080004FF0FF301EF058B8CE
:1096B00080B483B000AF03460A46FB711346BB80FB
:1096C000134BFA7992B203F5805302331A80104B90
:1096D00003F58053BA881A800D4B03F58053043389
:1096E0001B680B4943F4801201F5805304331A6060
:1096F00000BF074B03F5805304331B6803F480134A
:10970000002BF6D100BF0C37BD465DF8047B7047D7
:109710000020014180B483B000AF0346FB71144BBD
:10972000FA7992B203F5805302331A80104B03F595
:10973000805304331B680E4943F4802201F58053A3
:1097400004331A6000BF0A4B03F5805304331B68CF
:1097500003F48023002BF6D1054B03F58153083326
:109760001B689BB218460C37BD465DF8047B7047FA
:109770000020014190B585B000AF0446084611466F
:109780001A462346FB710346BB710B467B71134699
:109790007B80FB791846FFF7BDFF0346FB81BA7952
:1097A0007B79D31A0133012202FA03F35A1E7B7923
:1097B00002FA03F31BB2DB431AB2B7F90E301340BF
:1097C0001BB2FB81BA797B79D31A0133012202FAE9
:1097D00003F39BB2013B9BB21AB2B7F902301340BC
:1097E0001BB27B807A887B7902FA03F31AB2B7F94D
:1097F0000E3013431BB2FB81FA89FB7911461846E0
:10980000FFF756FF00BF1437BD4690BD80B584B04A
:1098100000AF0346FB710B46BB7113467B71FB79AE
:109820001846FFF777FF0346FB81FA89B9797B7900
:10983000CB1A0133012101FA03F3591E7B7901FA96
:1098400003F31A407B7942FA03F3BB81BB891846C4
:109850001037BD4680BD80B483B000AF114B03F517
:10986000F05314331B680F4943F0040201F5F05321
:1098700014331A6000BF0B4B03F5F05314331B680D
:1098800003F00403002BF6D1064B03F5F0530C3321
:109890001B68FB80FB8818460C37BD465DF8047BCF
:1098A000704700BF0020014180B584B000AF03467F
:1098B000FB80FB889B007B81FFF7CDFF0346FB818C
:1098C000FB893B810823BB8100BF00BF00BF1BE0B9
:1098D000FFF7C1FF03463B813A89FB899A420AD2CE
:1098E0003A89FB89D31A9AB2BB8913449BB203F21B
:1098F000E243BB8106E03A89FB89D31A9AB2BB895D
:109900001344BB813B89FB81BA897B899A42DFD3AF
:1099100000BF1037BD4680BD80B586B000AF03469E
:10992000FB80FB884FF47A7202FB03F33B613B69D7
:109930001B09154AA2FB0323DB09FB813A691309C2
:109940001149A1FB0313DB094CF2503101FB03F376
:10995000D31ABB810023FB8206E04CF25030FFF7A4
:10996000A3FFFB8A0133FB82FA8AFB899A42F4D374
:10997000BB89002B03D0BB891846FFF795FF00BFBA
:109980001837BD4680BD00BFC55A7C0A70B5612836
:1099900088B00E4614460D6853D013D8412830D0F5
:1099A00006D8A0F11303012B40F2E880002492E0D6
:1099B000542837D0602848D05228F7D1084613F0F1
:1099C000CDFBF3E7A02800F0ED8007D8802814D065
:1099D0008128EBD108461FF027F9E7E7A22800F01D
:1099E000F480C0F0EE80F128E0D1D5F8CC0000245E
:1099F0000FF0E0FCC5F8CC406DE0284616F0B0FF53
:109A0000D4E713685B8902932B8801938A4B0093F8
:109A1000022201233E21EC200BF08CF828461CF09A
:109A2000B4F9C3E7D5F8C43013F0010453D023F0E0
:109A3000010395F8E010C5F8C43028461DF0D7FDA5
:109A4000B4E708461FF098FCB0E713681D68937AE6
:109A5000032B43D153681B7802932B880193774BD8
:109A60000093022201233F21EC200BF063F820F049
:109A7000D7FA30B32368436163680361637A437341
:109A8000227A037B134323F0040343F0010303739F
:109A90006B4A002303605168086050604360694B63
:109AA00059688160021D0A605A6063681B78022B46
:109AB00005D1D5F8C43043F00103C5F8C4303046B1
:109AC0007DE7614B00930724019401230222422188
:109AD000EC200BF02FF8204608B070BD537A0293AB
:109AE0002B880193594B0093022201234021EC2043
:109AF0000BF020F820F08CFA034640B32268826114
:109B0000A27A0275226812681288C28262680261B3
:109B1000627A4273217A027B0A4322F0040242F005
:109B20000202002606600273494842681360454AF3
:109B300043605E6054689C60191D216095F86D401B
:109B4000516014F040040AD10FF0ACFEC3E7414B62
:109B5000009307240194012302224121B8E7016800
:109B600020F08CF80B7B43F004030B7317F0C6FE58
:109B7000AB6F43F01003AB673D215EE72B7E403BAC
:109B8000022B07D8A0F1130359425941304618F06F
:109B90003DFB0BE7AC6F14F004049CD008460EF0BC
:109BA00043FC03E705F10C001FF049FD04460028C3
:109BB00040D00146304604F021FC20461FF0BEF99B
:109BC000F4E6288811F0B4FDF0E695F8E230112BA8
:109BD0003FF4ECAE95F8E430112B3FF4E7AED5F846
:109BE000A8311BB11B79012B3FF4E0AE2B88019308
:109BF000194B0093022201234321EC200AF09AFF23
:109C00002B88ADF81030EA8F6B8FD5F83A10ADF88D
:109C100012300591ADF81820ADF81C30ADF81A30AF
:109C200095F86D3043F0080385F86D3004A808F00E
:109C3000C7FDBBE607244EE73470010158700101EF
:109C400054010020840100207F7001019C700101FB
:109C50008C010020BE700101DC7001012DE9F04F84
:109C6000099F154604468E461E46002B40F0CC80C8
:109C70008A42B2FA82FC4CD9BCF1000F0BD0CCF175
:109C8000200801FA0CFE20FA08F802FA0CF548EA5E
:109C90000E0E00FA0CF44FEA15491FFA85F8BEFBC8
:109CA000F9FA210C09FB1AE30AFB08FB41EA03431A
:109CB0009B452AD9EB180AF1FF3004D29B4502D903
:109CC000AAF102002B44A3EB0B03A4B2B3FBF9F2FD
:109CD00009FB123302FB08F844EA0344A04516D9F5
:109CE0002C1902F1FF3303D2A04501D9931E2C4455
:109CF000A4EB080443EA004027B124FA0CF4002343
:109D00003C607B603146BDE8F08F5046DBE7134690
:109D1000EEE702B9FFDEBCF1000F2ED18B1A01264F
:109D20004FEA154EAAB2B3FBFEF8210C0EFB183316
:109D300008FB02F941EA0343994561D9EB1808F1A0
:109D4000FF3004D2994502D9A8F102002B44A3EBBD
:109D50000903A4B2B3FBFEF10EFB11334A4344EAFC
:109D60000344A2424ED92C1901F1FF3303D2A2427F
:109D700001D98B1E2C44A41ABCE7CCF1200E02FAA8
:109D80000CF521FA0EF901FA0CF320FA0EFE4EEA58
:109D900003034FEA154800FA0CF4B9FBF8F11FFA77
:109DA00085FE08FB1192180C01FB0EF640EA0242F8
:109DB000964221D9AA1801F1FF3003D2964201D967
:109DC000881E2A44921B9BB2B2FBF8F908FB1922A9
:109DD00009FB0EFE43EA02439E450FD9EB1809F139
:109DE000FF3604D29E4502D9A9F102062B44A3EB0B
:109DF0000E0346EA004693E70846E3E74E46F6E7D9
:109E00004046A4E70B46B6E78B4206D9002F7ED02A
:109E10000026C7E90001304674E7B3FA83FCBCF1C1
:109E2000000F0FD18B4201D3824209D8841A61EB13
:109E3000030E0120002F6DD0C7E9004E002661E718
:109E40006046F7E7CCF1200E03FA0CF322FA0EF588
:109E500021FA0EF41D4301FA0CF320FA0EF10B4324
:109E60004FEA154A00FA0CF6B4FBFAF91FFA85F826
:109E70000AFB19401C0C09FB08F144EA0044A1420A
:109E800002FA0CF23FD92C1909F1FF3004D2A14299
:109E900002D9A9F102002C44641A9BB2B4FBFAF96E
:109EA0000AFB194409FB08F843EA044188452CD908
:109EB000691809F1FF3304D2884502D9A9F10203D8
:109EC000294443EA0040A1EB0801A0FB028949456F
:109ED000C2464C4602D306D1464504D2B8EB020A2C
:109EE00069EB05040138AFB1B6EB0A0361EB040678
:109EF00006FA0EFE23FA0CF34EEA030326FA0CF6DA
:109F0000C7E900369AE74846C6E74B46D9E73E46DA
:109F10003846F7E63E46F5E62DE9F04F054685B0B2
:109F200041208B46904620F049FC044650B9A54B91
:109F3000009302460423C221EE200AF0FBFD05B087
:109F4000BDE8F08FEB78C21D05F1040A039205F11C
:109F50000B0900F1110600F12107002B40F0B2803F
:109F6000DAF800300360BAF8043083809AF80630DB
:109F70008371D9F80030C0F80730B9F80430938005
:109F800099F806309371904B1B681A7882735A794E
:109F9000C2735B780374BBF1000F00F08D80DBF8B7
:109FA0000030C0F81130DBF804307360DBF80830A3
:109FB000B360DBF80C30F360EA6D02F5C07204F1B7
:109FC000310B1368C4F8213053687B609368BB6021
:109FD000D368FB60EA6D02F5E07221461368C4F8AD
:109FE00031305368CBF804309368CBF80830D3682D
:109FF000CBF80C30E86D412200F5E873063002F032
:10A0000037FAD9F800302360B9F80430A38099F802
:10A010000630A371DAF80030C4F80730BAF804301B
:10A02000A4F80B30E21D9AF806309371EB6D93F8AB
:10A03000E430A373EB6D93F8E530E373EB6D93F8C5
:10A04000E6302374B8F1000F00F0B580D8F8003086
:10A05000C4F81130D8F804307360D8F80830B36011
:10A06000D8F80C30F360EA6D02F5E072214613680F
:10A07000C4F8213053687B609368BB60D368FB6091
:10A08000EA6D02F5C0721368C4F831305368CBF83A
:10A0900004309368CBF80830D368CBF80C30E86D07
:10A0A000412200F5C873063002F0E2F9204605B0FF
:10A0B000BDE8F04F20F084BB1022594630461FF017
:10A0C00013FD79E7D9F800300360B9F804308380D4
:10A0D00099F806308371DAF80030C0F80730BAF822
:10A0E0000430A0F80B30C21D9AF806309371EB6D66
:10A0F00093F8E4308373EB6D93F8E530C373EB6D45
:10A1000093F8E6300374BBF1000F4ED0DBF800305B
:10A11000C0F81130DBF804307360DBF80830B3604E
:10A12000DBF80C30F360EA6D02F5C07204F1310B1C
:10A130001368C4F8213053687B609368BB60D368B0
:10A14000FB60EA6D02F5E07221461368C4F8313015
:10A150005368CBF804309368CBF80830D368CBF859
:10A160000C30E86D412200F5E873063002F080F90A
:10A17000DAF800302360BAF80430A3809AF8063089
:10A18000A371D9F80030C4F80730B9F80430A4F846
:10A190000B30E21D99F8063093710B4B1B681A784F
:10A1A000A2735A79E2735B784BE710225946304626
:10A1B0001FF09AFCB7E71022414630461FF094FC8E
:10A1C00051E700BF489A0201A40100202DE9F04F99
:10A1D00091B00025072906468DF8135001D01529A6
:10A1E00049D10132A1F1050805A806A906921FFA76
:10A1F00088F81FF0D7F906A90DF116001FF0D2F963
:10A20000424606A90CA81FF0B1FBBDF81440002C73
:10A2100000F00881BDF81630A342C0F00681747AC0
:10A22000E0073ED408AB01935FFA88F807AB0093D0
:10A2300042460CABBDF81610BDF8140010F068FED5
:10A240000446002800F0F480089B5B68D3E9011203
:10A2500010781FF055FE079A03468346D27B30885C
:10A2600001210EF08BF887B2002F49D0ADF81440D1
:10A270000024254603E0ADF814502C4604279DF831
:10A2800013305BB9002F40F0DB802A462146304670
:10A290001EF088FA10B1284620F080FA11B0BDE80F
:10A2A000F08FB37AD907BDD514F00C0F10D000246D
:10A2B00074724FF4827020F081FA0028B2D010221C
:10A2C000027032888280847104211DF047F8A9E76A
:10A2D0005F4BB8F1020F1B88ADF8243009D142461C
:10A2E00009A90CA81EF03AFD18B944F008047472CC
:10A2F00098E744F004040025747212272C46BEE748
:10A30000079B9A7B920777D49DF81330002BAFD12F
:10A31000B08820F015FA0546002800F08C80079BD5
:10A320009B68B3F80090B3881A1F91458CBFA3F1C6
:10A33000020909F1020900F110031FFA89F9092144
:10A3400006A8069320F038F85FFA89F106A820F0F5
:10A3500033F8214606A820F035F8079BA9F1020240
:10A36000596892B206A81FF00BFB09F10203A2463E
:10A370009CB2089BDA894FF6FF739A423FF47FAF95
:10A3800004EB09030393039AB3889A423FF777AF2C
:10A3900008AB0AF10100019307AB80B2009342467B
:10A3A0000CABBDF81610ADF8140010F0B1FD8246EC
:10A3B000002843D0079A937B9B073FF560AF9368D3
:10A3C0001B8802334B457FF45AAF5B46D27B308803
:10A3D00001210DF0D3FF00287FF451AF514606A8AC
:10A3E0001FF0F0FF079B9A685968128806A81FF0B3
:10A3F000C7FABDF80C40BCE709933388ADF82830A4
:10A400000DF11301082309A8ADF82A40ADF82C700E
:10A410008DF82E3014F0D0F900283FF475AF3C468B
:10A42000074626E72546012729E700252C46FAE7B7
:10A4300005460A2723E70446112720E707461EE7BB
:10A44000FBB2BDF81420082130460FF079FA25E759
:10A4500021A8020173B50468267E132E054641D05B
:10A4600003D8122E0CD002B070BD403E022EFAD896
:10A47000102901D01229F6D1002005F0BBFAF2E72D
:10A48000112925D01AD81029EDD194F86D306FF329
:10A49000410384F86D30204620F0A6F828461CF0D1
:10A4A0005DFB13232376607E18F08CFD20461FF0A1
:10A4B0001BFC052128460BF0BFFED4E712290DD066
:10A4C0008129D0D100228121284610F033FBCAE730
:10A4D000114619F007FF13232376C4E728460CF032
:10A4E00049FDC0E7212900F0DC802ED81229F5D0E3
:10A4F00007D8102972D01129B5D1114619F0F2FEF2
:10A50000B1E71629AFD31729E8D92029ABD1A36F1A
:10A510001E0616D519F008F8D4F8C83023F0807359
:10A52000C4F8C8301CF02AFE204616F071FA002844
:10A5300071D018F0F9FFA36F43F08073A3671CF08C
:10A540001DFE284615F0F6FA8DE7242900F0A980B3
:10A5500023D8222969D0232985D11DF081F800282C
:10A5600081D1237D002B3FF47EAFA36F5B0640F1CA
:10A570009080A37D012B40F08C800021204617F0B5
:10A5800029FF002800F0858018F0CEFFA36F23F08C
:10A590004003A3671CF0F2FD7BE0812992D0822961
:10A5A00000F0968025297FF45EAF18F0E7FC28467E
:10A5B0001AF0C9FFA36F5B067FF555AF20461BF06D
:10A5C0009BFA20B318F0B0FFA36F23F04003A367FA
:10A5D0001CF0D4FD28461AF0B6FF44E794F86D301D
:10A5E0006FF3410384F86D303A4B1A686FF39A6247
:10A5F0001A6020461FF0F8FF28460EF07BFFA36F7D
:10A6000023F40003A36728461CF0A8FA4BE728466A
:10A610001CF0A4FA27E701A9D4F8CC001EF0D0FE64
:10A62000019B5B0AC4F888301DE7A36F13F010028A
:10A6300003D0D4F8BC21812147E794F86D10A4F829
:10A64000152062F3C711180784F86D1009D518F0AA
:10A650006BFFA36F23F4005323F00803A3671CF0E0
:10A660008DFDD4E96F21284601F010F8A36F59063B
:10A670000CD50021204617F0ADFE38B118F054FF7C
:10A68000A36F23F04003A3671CF078FD28461DF05C
:10A6900032FDA36F1A067FF5E6AE28461DF090FB4B
:10A6A000E1E6637D0133637518F03EFFA36F23F08D
:10A6B000400343F48063A3671CF060FD28461CF050
:10A6C000CFFF00287FF4CFAE20461BF009FF81E7C3
:10A6D0000022FAE6303401412DE9F04F89B0D0F87C
:10A6E000E0300193D0F8DC300293D0F8D830D0F8C5
:10A6F000EC800393054640F6014306900199ADF8BE
:10A700001C3006A811F0F6FA2B46002453F8282F27
:10A71000C8F800209B88A8F804302B46264653F83A
:10A720002E2FC8F806209B88A8F80A30D5F8747137
:10A73000FB68049395F89430B34202D809B0BDE8A1
:10A74000F08FD7F80CA0DFF8F091DAF800306FF353
:10A750000203CAF80030DAF80030012060F3C403C5
:10A76000CAF80030DAF800304FF0040B6BF3CA136C
:10A77000CAF80030DAF8002053466BF3CE2243F8D3
:10A78000102BD9F800209B1ADAF800209BB263F353
:10A79000DE32CAF80020DAF80030019A6FF3DF7376
:10A7A000CAF80030B9F80030DAF80410D21A92B2C0
:10A7B00062F30F01CAF80410DAF80420A8EB0303CF
:10A7C0009BB263F31F42CAF80420DAF8083060F342
:10A7D0000103CAF80830DAF8083043EA0B03CAF874
:10A7E0000830019B95F835105A7895F822001BF037
:10A7F00036FAC7F80CA0019B05EB860A0022C7E9D0
:10A8000004343A723A77CAF864703F682318FC68D7
:10A810002168052060F3020121602168012060F3B6
:10A82000C401216021686BF3CA11216021686BF3B8
:10A83000CE21216095F8941001398E4274D195F89B
:10A840004710814204D1D9F8002004998A1A92B2A3
:10A85000216862F3DE312160B9F800200593029B84
:10A860006068991A89B261F30F006060039B6168A8
:10A870009A1A92B262F31F416160A268022161F3E9
:10A880000102A260A26842F00402A260A2686FF313
:10A890005822A260A268012161F35A62A26095F871
:10A8A000351095F8220022221BF0D9F905223A72C0
:10A8B000029BFC6000223B617A613A77CAF87040E3
:10A8C0002168059B05EB4604C1F3CF31A4F888103D
:10A8D000CAF87C20A4F88E2003F2371210440EB977
:10A8E000C5F8240195F89420013A964208D195F8CC
:10A8F0004720012A06BF0F4AC5F82021C5F82001CC
:10A90000CAF8580095F84720012A03F24D1407D1E0
:10A91000252295F8351095F822001BF0A0F9044483
:10A9200001363F68F6B205E7D9F8001004F11002CD
:10A93000521A8CE700881300AC0100202DE9F04387
:10A940000446C3788E4AC06D617CA57A95B004AE8A
:10A95000002B63D112688DF82010012192F800902D
:10A9600092F80580B2F801E0B0F8E470B0F82CC0BD
:10A97000D0F8E6208DF8221002218DF82150ADF894
:10A980002A708DF823908DF82480ADF825E0ADF87D
:10A9900027C08DF829100B9200F5C07708ADFA5C3E
:10A9A000595D4A40F2540133102BF8D10CAA3146BC
:10A9B0006F300BF0DBFBE178231D04F10B02002963
:10A9C00040F08A8018689B88ADF824301368CDF871
:10A9D00026309388ADF82A300B9108900CAB08A96B
:10A9E00010251A7811F8010B013D424015F0FF05C2
:10A9F00003F8012BF5D1E06D10AA0CA96F300BF014
:10AA0000B5FBE76D102207F5B87110A81EF0A6F986
:10AA100090B3042120460FF0FDFF5AE013688DF833
:10AA20002110012193F800E093F805C0B3F801204C
:10AA3000D0F8E470838DB0F8E8808DF82210022100
:10AA40008DF82050CDF82370ADF82E30ADF827806A
:10AA50008DF829108DF82AE08DF82BC0ADF82C2048
:10AA6000002300F5E07708ADFA5C595D4A40F254E6
:10AA70000133102BF8D199E707F5E07233461068DF
:10AA80005168ADF8045007F5C07203C310685168EF
:10AA900006AB03C307F17F02314607F16F00CDE932
:10AAA00002550BF063FBE16D20467F3118F0C4FDC9
:10AAB000204607F09BFFE36D20887F3301AA02A99F
:10AAC0001BF06DFDE36D2A467F33294620460EF0CC
:10AAD00099F915B0BDE8F08310689288ADF824208C
:10AAE0001A689B88ADF82A300023CDF826200B93F6
:10AAF00008900CAA08AB1025117813F8010B013D42
:10AB0000414015F0FF0502F8011BF5D1E06D10AAD8
:10AB10000CA96F300BF02AFBE76D102207F5D871F6
:10AB200010A81EF01BF900287FF473AF07F5E07240
:10AB300033461068516807F5C07203C31068516846
:10AB400006AB03C307F17F02314607F16F000BF03C
:10AB50000DFBE16D20467F3118F06EFDE36D2A4656
:10AB60007F33294620460EF04DF9E16D204601F570
:10AB7000C07115F0DAFB204607F038FFA9E700BFE7
:10AB8000A401002030B591EA030F00F18280841AFD
:10AB900071EB030C05D2121953EB0C03001B71EB84
:10ABA0000C0140F2000CCFF6E07C1CEA430F52D0BF
:10ABB000BCEB410F5FD90C0DA4EB135E5FF0010CF1
:10ABC0006CF31F516CF31F53DEF1200C2AD303FAF0
:10ABD0000CF5401941F1000122FA0EF5401923FA53
:10ABE0000EF5694112FA0CF2CD0208D349085FEA6A
:10ABF00030005FEA320228BF42F001020134013C1A
:10AC00005FEA500C72F1004250F1000051EB045128
:10AC10004FF4001313EB410F38BF30BD6FF3130136
:10AC2000002030BDBEF1200EBEF1200F1ED223FA4F
:10AC30000EF5401941F10001CEF1200C124218BF6F
:10AC4000012203FA0CF52A43CEE711EA5C0F04BF98
:10AC50000020002130BD1CEA410F04BF01F000417B
:10AC6000002030BD01F00041002030BD21F48011F2
:10AC700001EB045130BD004218BF41F00101BCEBB3
:10AC8000410F08BF30BD4FF0FE4141F47801002074
:10AC900030BD83F00043841A71EB030E07D28EF0AF
:10ACA000004E001B71EB0E01121953EB0E0340F224
:10ACB000000CCFF6E07C1CEA430FC6D0BCEB410F82
:10ACC00072D90C0DA4EB135EC90241EA5051C002C7
:10ACD00041F00041DB0243EA5253D20243F0004309
:10ACE000DEF1200C41D312FA0CF522FA0EF203FA2F
:10ACF0000CF542EA050218BF42F0010223FA0EF3F6
:10AD0000801A9941E30AC4F30A0411F0404F03D4B6
:10AD100018D0013C40004941013C23D44205C00AFF
:10AD200040EA4150C90A51EAC3715FEA500C72F11E
:10AD3000004250F1000051EB045130BD01002FD012
:10AD40000020203C0029F9D0B1FA81FCDCF1200E72
:10AD500011FA0CF130FA0EF510FA0CF02943A4EBBD
:10AD60000C04D9E70020D90730BDAEF1200EBEF1AA
:10AD7000200F0DD2CEF1200C03FA0CF533FA0EF3AE
:10AD80002A4318BF43F00103C01A61F10001B9E77B
:10AD900021F00041C00A40EA4150C90A01EB0451C8
:10ADA00030BD0020002130BD004218BF41F001013C
:10ADB000BCEB410F7FF467AFBCEB430F3FF463AFD5
:10ADC00030BD7047F8B5037F8C4E022B044622D16C
:10ADD0001FF0E7F9D4F8AC307BB92377A36F23F0E9
:10ADE0008053A3670123238433696362B4F86C3012
:10ADF00023F49073A4F86C3012E094F86D2092065E
:10AE000009D51B7903F03003102B04D100232377DD
:10AE1000C4F8AC30E2E7217F0029DFD0022967D0F7
:10AE2000204612F0E3F8A17E84F8220094F8210075
:10AE300019F03CF9D4F89830184494F82130C4F84B
:10AE400098001BB1B4F85230A4F85830E37DD4F820
:10AE5000CC00012B40F0B5801FF0CCFCD4F8A4301E
:10AE6000834238BFC01AD4E9262328BF00209A4263
:10AE7000A36F80F0A380824280F0A080D90040F1CF
:10AE8000948094F86D2042F0010284F86D2043F024
:10AE90004003A36718F048FB616AF0681AF046FEA9
:10AEA000F36894F822205A7094F86D3094F86C206E
:10AEB000F06803F00101C2F38013DB0043EA0113E1
:10AEC00094F82010D2090B4343EA820303701CF06C
:10AED00055F9A36F13F0200108D194F86C2043F0CA
:10AEE000200361F3410284F86C20A3670020F8BDC1
:10AEF000D4F8AC2013895589ED1AA36F23F0805341
:10AF0000A36794F86D306FF3000384F86D30137904
:10AF100003F03000102829D112891ABB03F0030373
:10AF2000012B1FD084F82010D4F8AC20B4F86010A6
:10AF300013890C331344A94263621ED310681FF0B7
:10AF400057F8D4F8AC301B7903F03003102B0746C8
:10AF50001ED160681FF04CF827B3A36F43F08053F5
:10AF6000A3670FE0012384F82030DDE7032384F892
:10AF7000203020460BF03CFFD6E7A36F43F0805310
:10AF8000A3670D4684F8215020461EF0A4FE47E733
:10AF9000A0681FF02DF894F86D309B06DCD5002FCB
:10AFA000DBD1EFE70028D8D1ECE794F86C20D2068B
:10AFB0003FF56DAFA27D012A3FF469AF23F0400356
:10AFC00067E71FF017FCD4F8A430D4F8A020834220
:10AFD00038BFC01AD4F8983028BF00209342BFF47D
:10AFE00059AF8342BFF456AFA36FDB0042BF94F862
:10AFF0006D3043F0010384F86D304BE74839012090
:10B000002DE9F04F05468FB00F460026BB5DAB55CE
:10B010000136202EFAD13C464FF0000854F82C0F90
:10B02000CDF82080616809ABCDE9068803C3A0682C
:10B03000E16803C306AA206918601146334610462A
:10B040001BF0C9FE06AA8346294628461BF0C3FE0C
:10B05000BA4683445AF8300FDAF8041009AB03C338
:10B06000DAF80800DAF80C1006AA03C333461146D2
:10B070001046CDF834801BF0AEFE5FFA8BFB8344A4
:10B0800006AA294628461BF0A6FE3B465FFA8BFB24
:10B09000834453F8200F01935968CDF82C800DF1AB
:10B0A0001809A9E803003A469868C9F8000052F860
:10B0B000380F049251680CABCDE9098806AA03C386
:10B0C0003346294628461BF086FE5FFA8BFB3A463C
:10B0D0005844C3B252F8240F059351680292BB46FC
:10B0E00006AB03C39068C9F800005BF8340FDBF8C7
:10B0F000041009AB03C3DBF80800186003937B6BF3
:10B100000C933B6A0D9306AA3346294628461BF04A
:10B1100062FE059B6168CDF82C801844C3B220689C
:10B12000059306AB03C33B6AA0680C93BB6AC9F8DE
:10B1300000000D9306AA334629462846CDE9098822
:10B140001BF0A0FA059BDAF80410181AC4B2DAF85A
:10B15000000006AB03C3DAF80800DAF80C1003C3EA
:10B160007B6A0C93FB6A0D9306AA33462946284650
:10B17000CDE90A881BF086FADBF80410019A241A3C
:10B18000DBF8000006AB03C3DBF808005168C9F820
:10B190000000106809AB03C3039B906818603B6B09
:10B1A0000D9306AA334629462846CDF830801BF079
:10B1B00069FA049AE4B25168241A1068029A06AB3C
:10B1C00003C310685168C9F8008009AB03C3039B2F
:10B1D000906818607B6B0D9306AA33462946284673
:10B1E000CDF830801BF04EFAE4B2241A64B2444524
:10B1F0000F4E10DB34B92022294630461CF00AFAE3
:10B20000012812D020233246294628461BF03AFA5C
:10B21000241A64B2EEE720233246294628461BF062
:10B22000DAFD044464B2002CF5DB0FB0BDE8F08F0A
:10B23000648D01012DE9FF478D7804680F7894F83B
:10B24000F860012D38D9022D3CD094F82530CDE995
:10B2500001537F4B0093022201238F21EC2009F040
:10B2600069FC7C4B00930223EC2001971A46922143
:10B2700009F060FCB80640F1A180774F94F8039183
:10B280003B689B6998473B6804F5827A09F001099D
:10B290008046DB695146484698470546B8F1000F9D
:10B2A00040F0818098B16D4B009302220123182158
:10B2B000EC2009F03FFC01E0002EC6D1002004B0D4
:10B2C000BDE8F08794F8F930002BBED1F6E74FF4D3
:10B2D000E671052011F0D0FD80460028EED0C4F8BC
:10B2E0001C0105683B6828881B6A524649469847F6
:10B2F00094F84730063B012B2CD8012385F8B43055
:10B3000094F84720072A07D80123934013F0130F1E
:10B3100034D113F0C00F29D1B21E564256413B68BA
:10B3200085F8C861D3F88430D4F81021D4F8D81047
:10B3300040469847012120461BF034FF002284F844
:10B340001621227B012384F81431002AB6D0A4F8F8
:10B350001731B3E7D4F8DC301B78990604D50E20FA
:10B360001DF038FC0028C8D10023C7E794F824302A
:10B37000022B08D0032B09D0012BCDD141F21113A0
:10B38000A5F81930C8E741F21223F9E721236B76BB
:10B3900094F83630012B0CBF22232323AB7694F88C
:10B3A0003630EB76B8E72E4B0093022201231721AB
:10B3B000EC2009F0BFFB002D80D074E77B060AD596
:10B3C000012120461BF0EEFE012384F814313C23BA
:10B3D00084F8163172E7237BC3B194F84920AAB1EF
:10B3E00094F8FB3093B98DB9022E0FD094F8483001
:10B3F0000133DBB29A4284F8483007D80121204655
:10B400001BF0D0FE44F20133A4F8173194F84770D2
:10B41000012F08D1394620461BF0C4FE3C2384F896
:10B42000147184F81631022E7FF448AFD4F86C31D1
:10B430004BB1012D7FF442AF84F8155129462046C7
:10B440001BF0B0FE3AE7012184F81511F7E700BFC1
:10B450004E25020167250201343C012073250201BB
:10B46000832502012DE9F04186B0844B0190064608
:10B470000093022201231321EC2009F05BFB012E33
:10B4800009D97F4F3868F02104301EF0ADFF054622
:10B4900030B90C2440E01EF093FD0028F1D0F8E70D
:10B4A00006B3032E2BD116F089F9044616F0C6FA1E
:10B4B00011F0F8FF0FF044FE204310F0FF0F40F0B2
:10B4C000DA8095F84730012BE3D06C7E012C19D13E
:10B4D00028461EF045FDF0B195F8F830002B4FD00E
:10B4E000032E54D03868F02104301EF07DFF04464E
:10B4F000032E00F2AE80DFE806F04E5A83B3012E31
:10B50000DFD8E2E7ACB9214604A81CF047FF9DF85C
:10B510001030002BE0D012245A4B009301940123E9
:10B520000022FF21EC2009F005FB204606B0BDE813
:10B53000F081A31E012BCFD8AA7E9DF8103062F3B4
:10B5400000038DF810302B464FF0000853F81B2FE6
:10B55000CDF811209B888DF80E800DF10E0104A806
:10B56000ADF8153015F076FE0028B5D0022CAFD11D
:10B5700041460DF10F001CF011FF9DF80F30C8E798
:10B58000284603F0BFF804460028A9D0C4E728469F
:10B5900016F03CF9A6E794F8F810012902D12046EC
:10B5A0001BF000FE01201EF0FBFC0024BDE794F818
:10B5B000F850002DF6D10121084611F073F894F8E7
:10B5C0004710204605F04AFA94F847302E4A012BDE
:10B5D0001EBF636905F271255D4342F21073C4F822
:10B5E0003431002101232046C4F8305184F8F8306A
:10B5F00021730EF0D9FAD4F8680106F017FAD1E7F2
:10B6000094F84710204605F029FA65691EF00AFFF4
:10B610004FF4C8635843B0FBF5F01EF015FF1DF062
:10B62000E7FA204612F08AFB16F030FA12F0B8FE64
:10B6300011F02AFB002102232046C4F8301184F8BF
:10B64000F8302173104A0EF0AFFAD4F8680106F012
:10B65000EDF900201EF0A4FC00201EF0A9FCA4E7D8
:10B660001CF0FAFA08B11DF0C3FA94F8471020460E
:10B6700005F0F4F9DEE71E244EE700BFE78D020176
:10B68000EC0000202275020135760001F0B5046857
:10B6900089B0054616461CF01DFDA36F59020ED554
:10B6A00017F042FFA36F23F48003A3671BF066FD2E
:10B6B00016B130461AF09AF8002009B0F0BDE17FCB
:10B6C00019B1B4F85230A4F8583094F86C7017F0EF
:10B6D00001073DD10027E26F930740F1858094F880
:10B6E000E23022F00302082BE26701D0032B03D1E2
:10B6F000D4F8B431002B73D1D4F8B8310021988933
:10B70000A4F854005889B4F850C0844511D1B4F855
:10B7100052E0B3F810C0E6450BD1B4F83EE0B3F800
:10B7200012C0E64505D1B4F83CE0B3F80EC0E645DA
:10B7300058D0A4F85000198AA4F85210588AE0870B
:10B74000DB89A387A4F8581042F00402E2674BE0BB
:10B750000029BFD0A37F002BBCD020461DF09CFE4B
:10B760000028B7D0E37FD4F8C421C4F8D050834276
:10B7700014BF0823002384F8D830A37FC4F8D42052
:10B78000032B84F8D90084F8DA3017D11378022B10
:10B7900007D117F0C9FEA36F43F00043A3671BF066
:10B7A000EDFCD4F8D4301B78112B01D0072B05D138
:10B7B000E36F9A0744BF23F00303E3672246039530
:10B7C00052F8D00F516804AB03C39068D1681422BB
:10B7D00003C3009603AB3149012015F0C7F97AE79E
:10B7E00001218CE70029AFD1002F3DD116B13046A1
:10B7F00019F0FCFF1CF0E2FE94F92C3084F82B00C9
:10B80000002B3FD1C300E38584F82C00D4F84431E9
:10B81000002B3FF451AF94F8E22092B994F8E42061
:10B82000213A012A0DD91A7C16070AD4B3F815302B
:10B83000B4F85C209B1A1BB2002B02DC28460CF0EB
:10B840008DFBD4F844311A7C50067FF535AFD3F820
:10B850002220137A99067FF52FAF6FF345131372E9
:10B86000284609F02FFB27E794F828000128C1D1CA
:10B87000022384F82830042203AB0949039513F00E
:10B880000BFAB7E7B4F92E30A3EBE30303441BB282
:10B89000E385DB1084F82C30B8E700BF60040101B9
:10B8A00001060101F0B581EA030E0EF0004E40F2F0
:10B8B0000007CFF6E07717EA41051EBF95EA070FAC
:10B8C00017EA430494EA070F00F0C5806D0DA5EB5D
:10B8D000545707F580674FF0004646EAC12444EA12
:10B8E0005054C00246EAC32343EA5253D202801A9C
:10B8F0009C4104D20018644180185C41013F5B0800
:10B900004FEA32020025002140F001004FF0070607
:10B9100004E0801A9C4136D340416441801A9C4126
:10B9200036D340416441801A9C4136D34041644142
:10B93000801A9C4136D340416441801A9C4136D3E1
:10B9400040416441013E17D0801A9C4136D34041AA
:10B950006441801A9C4136D340416441801A9C4125
:10B9600036D340416441090201EB156190EA052597
:10B9700020F0FF004540CCE7801A9C4156D335E0CB
:10B9800080185C41C8D20018644180185C41C8D25C
:10B990000018644180185C41C8D2001864418018C6
:10B9A0005C41C8D20018644180185C41C8D20018BC
:10B9B0006441013E17D080185C41C8D20018644130
:10B9C00080185C41C8D20018644180185C41C8D21C
:10B9D00000186441090201EB156190EA052520F089
:10B9E000FF004540CCE780185C411FD3420918BFD7
:10B9F00044F00104490101EBD56100F01F0000EBA8
:10BA0000451021F4801141EA0E01013041F100019D
:10BA1000244208BF20F00100B7F5006F3EDA013F75
:10BA200049DD01EB0751BDE8F0407047490101EBEA
:10BA3000D56100F01F0000EB451021F4801141EAB0
:10BA40000E01B7F5006F29DA013F34DD01EB075134
:10BA5000BDE8F0407047004218BF41F001011242BA
:10BA600018BF43F00103B7EB410F2CBFB7EB430FF7
:10BA70001CE0B7EB410F04BFB7EB430F16E017EA2A
:10BA8000410F04BF17EA430F10E017EA410F12D02D
:10BA900017EA430F02D0B7EB430F0CD04EF0FE4134
:10BAA00041F470010020BDE8F04070474FF0FE41C6
:10BAB00041F47801F6E77146F4E77047F7B543883B
:10BAC000032B044605D0082120460EF0A3FF03B047
:10BAD000F0BDC06D0191E43001A91EF02AFBE06DBC
:10BAE00001A9E5301EF025FBE06D01A9E6301EF04E
:10BAF00020FBE06D01A9E7301EF01BFBE06D01A902
:10BB0000E8301EF016FBE06D01A9E9301EF011FBD4
:10BB100094F85520E36D3AB194F8541093F8E62068
:10BB2000914201D00521CFE7002284F8552093F8F7
:10BB3000E72084F8522093F8E620D00704D55D4A28
:10BB400012685278D10701D401225A71E26D92F83D
:10BB5000E730073B092B01D90621B5E792F8E6301B
:10BB6000544D13F0080F2B6803D19B7923B10321A7
:10BB7000AAE75B78C3F3C00384F85730204610F07F
:10BB800087FA04F1600717F013FB4B49384606F0BB
:10BB9000BDFAE66D737813F1FF3218BF012284F805
:10BBA000562094F85720002A4DD0012B07D096F844
:10BBB000E7300F2B03D8384608F092FCCCE794F816
:10BBC000533083B902201AF087FF002837D12B6841
:10BBD000DA789AB13949402204F112001DF0CCF80C
:10BBE000022384F85330204614F062F804F1120165
:10BBF000204617F0BAFA0A23A37068E77278032A7E
:10BC000006D1996821B191F850300BB14022E3E799
:10BC10002B481EF025FA064600287FF454AF28680A
:10BC2000022384F85330103008F05AFC2B6883F854
:10BC300028609B680BB183F850600923DCE701237F
:10BC400084F85330F9E7204614F032F8E36D93F8A6
:10BC5000E920D2075CBF01225A71E16D4B78012BBC
:10BC60000AD120466F3103F07BFFE16D204601F5DC
:10BC7000D87113F007FB2AE7022B13D12B681B782E
:10BC8000022B03D1204617F00DF920E7042B05D134
:10BC900091F8E430022B01D0042BF3D120461CF0A4
:10BCA000D5F914E7032B7FF412AF20461CF0DFF91F
:10BCB0000DE700BFA4010020A064D101AC3F020148
:10BCC000053702012DE9F04190F8E230062B92B0E1
:10BCD000044640F0EA80002108F036F9D4F84431F7
:10BCE000D87D1DF06BFED4F8443193F91B20197CEC
:10BCF000003218BF012262F304111974D4F84421F0
:10BD0000137C5907054621D56FF38203137441F262
:10BD10002103ADF800302388ADF8063002238DF8FA
:10BD20000830431C8DF809300022D4F844318DF8D6
:10BD30000420197F8DF80A109B7E8DF80C20C3F328
:10BD4000010368468DF80B3019F006FED4F8443133
:10BD500093F91C207E2A00F08C807F2A00F09980C5
:10BD60002B441A71D4F844315A199B7E1373D4F8BA
:10BD700044311A7C02F01202122A1FD141F2210230
:10BD8000ADF8002000228DF804202288ADF80620AE
:10BD900001228DF80820AA188DF809205A1992F965
:10BDA00004108DF80A10127BC2F301028DF80B20EB
:10BDB000DB7E8DF80C30684619F0CEFDD4F84431A6
:10BDC0005B7F013BDBB2FD2B53D8294620461DF09B
:10BDD0008BFAD4F84421537FC7B2FB1A5355D4F8D9
:10BDE00044612E4480460121304618F079FE3072BD
:10BDF000D4F844215357434517D0DB1B82F8203039
:10BE0000D4F844315A192946127ADA77D4F8442101
:10BE10000123AB4093772046D4F844611DF064FAC7
:10BE200086F8210020461AF043FFD4F844311A7CEA
:10BE3000D2071ED541F22102ADF8002000228DF874
:10BE400004208DF808202188ADF806106A1C8DF8B2
:10BE500009205A578DF80A205A196846127AC2F3F7
:10BE600001028DF80B205B5DDB1B8DF80C3019F0A7
:10BE700073FDD4F844311B7C1B071AD50A200AF045
:10BE80000FF9C4F8B40120461DF0D4FE12B0BDE88D
:10BE9000F0814FF48153ADF800302388ADF80430C1
:10BEA0004FF6FF73ADF8063085E724211CF068F8E3
:10BEB000ECE70120EAE7050008B54FF0884200BF33
:10BEC000D2F8203113F4007FFAD06C4B41F2020219
:10BED0002721995203F5805242F27801118041F2F4
:10BEE00004015A5842F480125A50654A136813F4F8
:10BEF000801FFBD1634B1B6803F47043B3F5805F75
:10BF000040F09A80604A536A13F0010FFBD04FF063
:10BF100088430022C3F8D0205C4AC3F8D02002F145
:10BF20002B42A2F54B12A2F6AB42C3F8D02003F588
:10BF300020634FF400721A6001229A601A46136857
:10BF400013F0010FFBD14D4BB3F8BA2442F00202BB
:10BF5000A3F8BA24B3F8BA2402F0FD02A3F8BA2475
:10BF60004FF08843D3F8202122F07F42C3F82021EC
:10BF70001A6D42F0405242F00C021A654249CA68FA
:10BF800022F07E0242F00402CA600022C3F8D020F0
:10BF90003E4AC3F8D02002F12B42A2F54B12A2F682
:10BFA000AB42C3F8D02003F52063394A1A620A462F
:10BFB000536A03F00303032BFAD1324B354A1A605C
:10BFC00001229A601A46136813F0010FFBD12D4A23
:10BFD00048F20903C2F8803140F20123C2F8A030D0
:10BFE0004FF40043C2F8A8304FF0884349F20901EA
:10BFF000C3F880100021C3F890104FF41000C3F86C
:10C00000A000C3F8B0102448C3F8E000C3F8F01053
:10C010002249C3F800111C49486840F010004860EC
:10C02000086840F0887008600821116311644FF0BF
:10C030003332C3F8D02008BD104B41F202022E214A
:10C04000995203F5805244F22831118041F20401E3
:10C050005A5842F480125A50094A136813F4801F48
:10C06000FBD10F4B186820F49F7020F001004FF2B5
:10C07000D0231B6840F48A70984743E700200141B1
:10C0800004300141000A004400400141556699AA6C
:10C09000080001C00301200060000020FEFF630FC4
:10C0A000002401442DE9F84381460E469846950048
:10C0B000284605F095F8002800F0968007465420A1
:10C0C00005F08EF80446002800F08B8054220021F1
:10C0D0001DF00AFD27632A46A52138461DF004FD00
:10C0E000043D236B1D4425F007058EB1337884F899
:10C0F000343053B1334604F134010F3613F8012FB5
:10C1000001F8012F0AB1B342F8D1002384F843307B
:10C11000089B042B28BF04231F46E3626364261D8B
:10C1200030461EF0FEFA04F118001EF0FAFA2461FF
:10C13000C7F10503A36164624246494628461AF0E6
:10C140003FFB2060099B03B11C601CF077F8424A5A
:10C15000136801331360414B1B68002B48D0404BE0
:10C160001B683BB93D4B1B68DA6AE36A9A429CBF85
:10C170003A4B1C603B4A136801331360E36A3A4947
:10C18000086801229A4002430A60384A03EB83039D
:10C1900002EB83035B68A3609968E1604E609E6078
:10C1A000E06A81000B189B00D5186561014452F8C4
:10C1B00021100131D1501DF007FB294B1B68002BCA
:10C1C00046D0264B1B68DA6AE36A9A4242D2284B71
:10C1D0004FF080521A60BFF34F8FBFF36F8F012073
:10C1E00004E038460DF026FA4FF0FF30BDE8F88342
:10C1F0001A4B1C60184B1B68012BBBD11B4D2846EA
:10C200001DF099F905F114001DF095F905F12800CC
:10C210001DF091F905F13C001DF08DF905F150007C
:10C220001DF089F9134F38461DF085F9124D284647
:10C230001DF081F911481DF07EF911481DF07BF9C0
:10C2400010481DF078F9104B1F60104B1D6091E7EE
:10C250000120CBE70120C9E7983B01208C3B01205E
:10C26000BC3B0120A43B0120A83B0120C835012094
:10C2700004ED00E074390120883901209C39012047
:10C28000C4390120B0390120903B0120943B0120AA
:10C2900030B585B000230293ADF8043090F85230E9
:10C2A000012B044601A902A82AD119F099FF029A8C
:10C2B000A36DB4F854101A44BDF804300B449BB27B
:10C2C00040F2E1418B42C2F31602029285BFA3F213
:10C2D000E2430132ADF80430ADF8043088BF029279
:10C2E0006178626911F004054BD19442D0693BD06A
:10C2F00053785B0707D441F04001617005B030BD51
:10C3000019F06EFFECE7A26E02F59C735B0040F241
:10C310007122B3FBF2F30344C3F3160365F3451133
:10C32000E3616170514ABDF804001168029A9B1ADA
:10C3300091F8402202F58E7240F27125C3F3160384
:10C340006B4331F812504FF4005105EB900594F80F
:10C350005000C5EB53051AF0B1FF6464294604F19F
:10C36000380005F0D3FEC9E7A26E02F59C735B00AE
:10C3700040F27122B3FBF2F30344C3F31603E3610B
:10C38000D0E79442E369029AA3EB0203C3F31603D6
:10C3900040F2712202FB03F31CBF6FF34511617081
:10C3A000012B4FEA530584BFBDF80430A5EB93057C
:10C3B0002E4B1A6892F8403203F58E7332F8133020
:10C3C00003F27122AA4217D9A06828B1837843F0FA
:10C3D000080383700DF080FC4FF4002194F85000A6
:10C3E0001AF06CFF20461BF0A3FC0022214694F8B3
:10C3F00050001EF0A8F981E7ED1A94F852306464F9
:10C40000012B0DF1060103A82CD119F0E9FE039AC6
:10C41000A36DB4F854101A44BDF806300B449BB217
:10C4200040F2E1418B42C2F31602039285BFA3F2B0
:10C43000E2430132ADF80630ADF8063088BF039212
:10C44000DDE902239A4204D1BDF80630B3F5966FB8
:10C4500001D3A5F59C754FF4005194F850001AF0E3
:10C460002DFF7BE719F0BCFEEAE700BF9401002036
:10C470002DE9F04F1646A1B0102281460C460DEB77
:10C480000200002198461DF02FFB30461EF096F961
:10C49000074600287ED0A319421EA3427DD118ADC5
:10C4A0001022002128461DF01FFB0DF1500A10221A
:10C4B00000211CA81DF018FB8723102200215046E4
:10C4C0008DF87F301DF010FB10AA5146484609F048
:10C4D0004DFE0CAC10AA0023D17B19550133102B53
:10C4E00002F1FF32F8D19DF93030002B5ADB04A95C
:10C4F00020461CF0E3FA9DF91030002B5CDB08A904
:10C5000004A81CF0DBFA06F10F00000906F00F0684
:10C510005CD01FFA80FB002E5AD100F18050013808
:10C5200010AA04A907EB00101DF0EEF9102200215B
:10C5300068461DF0D9FA00260BF1FF339E422246D1
:10C5400065D310A968461DF0DFF90023E27BEA54A9
:10C550000133102B04F1FF34F8D11CAA29464846B8
:10C5600009F004FE1CAB0022D97B0DF80210013249
:10C57000102A03F1FF33F7D10DF10F02002300BFA2
:10C5800012F8011908F803100133102BF8D13846BE
:10C590001EF016F921B0BDE8F08F13F8011D02F866
:10C5A000011F7AE7294620461CF088FA04AA1CA934
:10C5B00028461DF0A9F99EE7294604A81CF07EFA3A
:10C5C00008AA1CA928461DF09FF99CE74FF0010B13
:10C5D0000BF18053013B1A010023B6B219468020AB
:10C5E0001FFA83FC66450CD907EB020C1CF803C04C
:10C5F0000AF803C00133102BF2D110AA08A9504643
:10C6000092E70CBF0AF803000AF80310F2E707EB01
:10C61000061168461DF078F90023D17BE9540133F7
:10C62000102B02F1FF32F8D11CAA2946484609F026
:10C630009DFD1CAA0023D17B0DF803100133102BA4
:10C6400002F1FF32F7D10136B6B275E770B5C56DAC
:10C6500086B00446002D00F0DB8095F82E30DE0712
:10C6600022D511201EF06CF80646E8B100F1100347
:10C67000062104A804931DF09FFE2B46049953F84D
:10C68000A02F0A605A684A609A688A60DA68CA60AD
:10C6900006230093324600231121208819F0ADFAB9
:10C6A00010B130461EF07AF8E56D95F82E309807F7
:10C6B00021D50B201EF044F80646E0B100F110032E
:10C6C000072104A804931DF077FE049BB5F8B02061
:10C6D0001A80049A55F8B23F13606B6853600623C2
:10C6E0000093324600230B21208819F086FA10B1FE
:10C6F00030461EF053F8E56D95F82E30590722D5D7
:10C7000011201EF01DF80646E8B100F110030821C3
:10C7100004A804931DF050FE2B46049953F8BC2F37
:10C720000A605A684A609A688A60DA68CA600623B2
:10C730000093324600231121208819F05EFA10B1CF
:10C7400030461EF02BF8E36D93F82E301A0728D5EB
:10C7500008201DF0F5FF054618B300F1100309216C
:10C7600003A803931DF028FE0DF1110104A81BF08E
:10C7700015FE9DF8101003A81DF01EFE039BDDF8AA
:10C7800011201A60BDF815209A80062300932A46CE
:10C7900000230821208819F030FA10B128461DF036
:10C7A000FDFFE56D95F82E30DB0622D511201DF03A
:10C7B000C7FF0646E8B100F110030A2104A804935C
:10C7C0001DF0FAFD2B46049953F8D32F0A605A68DE
:10C7D0004A609A688A60DA68CA6006230093324623
:10C7E00000231121208819F008FA10B130461DF0FD
:10C7F000D5FFE36D93F8EA2052B95B7913B920466F
:10C800000CF064F8E06D18B11DF0DAFF0023E36569
:10C8100006B070BD2DE9F0410D46654B1A68024423
:10C82000644B1B68644909680B449A4200F2A68075
:10C830000446074610F01F0840F0A580431E9BB237
:10C84000B3F5806F80F0A2801DF0D2FA0028FBD1F2
:10C85000574B1B68C3F30B025AB123F47F6121F0DD
:10C860000F015A1E224422F47F6222F00F029142ED
:10C8700012D2013B181920F47F6020F00F001DF048
:10C88000C3FC002800F085801DF0B2FA0028FBD11F
:10C890001DF0A6FA00287FD1464B1B6803F14C021D
:10C8A00043490E68B2421ED3A8694449884276D1F2
:10C8B00003F13C018E4206D8A019814203D2891BA4
:10C8C0004FF0FF306850A1198A420CD23C490968E8
:10C8D00001F44041B1F5404FA2EB06020CBF3949CB
:10C8E00003F50071A950B34220D0314B1B681C44A2
:10C8F000A64241D23446A81B2146204417F0F6F840
:10C9000000284FD01DF074FA0028FBD11DF068FA02
:10C9100000284AD12034264B1B683B44A342EAD866
:10C92000234B1C60284B03221A7029E0274B1B68FD
:10C93000C3B1264B1B68D5F800C06868A968EA68CF
:10C94000C3F800C058609960DA60D5F810C0686913
:10C95000A969EA69C3F810C058619961DA612036A3
:10C960002035C2E720201DF065FE184B1860002816
:10C97000DFD14FF0020803E03446D1E74FF003085F
:10C980004046BDE8F0814FF00308F9E74FF0030897
:10C99000F6E74FF00108F3E74FF00108F0E74FF03A
:10C9A0000308EDE74FF00108EAE74FF00108E7E779
:10C9B0002C3B0120383B0120343B01205048434DA3
:10C9C00040040044000200018E3C0120403B012055
:10C9D0002DE9F047C388172B8CB0074640F0BD8087
:10C9E000837A0C2B07D003F0FD03082B03D08020A3
:10C9F0000CB0BDE8F0874FF440701DF0DFFE8046BC
:10CA00000028F4D01022002108A81DF06DF85E4B1C
:10CA1000CDF808801B681C6800250CBB28461DF05B
:10CA2000CDFE0646002800F094802A4641461CF0C0
:10CA300093FF40461DF0C4FE04AB2A46314608A8C9
:10CA4000FFF716FD30461DF0BBFE3B685A6804AB8D
:10CA500003CB1060516003CB9060D1600020C7E72A
:10CA6000A689E389B34201D22468D6E7B4F80C90D2
:10CA70006368A6EB090903EB091999F80E305B0707
:10CA80004FD4D9F8001001A81DF090FCBDF8043077
:10CA9000A3F52052032A02D9B3F5245F44D1D9F873
:10CAA000083093F800A055441FFA85FA0AF10405EE
:10CAB000ADB2B5F5407F4CD8314602A81DF082FCDE
:10CAC000BDF8041002A81DF07DFCD9F80830D9F893
:10CAD00004101A7802A81CF053FFBDF8042042F697
:10CAE00002039A421DD1D9F808301B88042B18D1B3
:10CAF000D9F804100DF106001DF058FC03AA04A992
:10CB0000BDF8060019F0ACFA58B10AF11405ADB23F
:10CB1000B5F5407F1DD8049B1022596802A81CF06F
:10CB20002FFF0136B6B29CE703F55643FF339BB2A5
:10CB3000042BF6D80435ADB2B5F5407F09D831469F
:10CB400002A81DF03FFCBDF8041002A81DF03AFC3D
:10CB5000E7E740461DF034FE49E7152B7FF447AF69
:10CB6000837A0C2B04D003F0FD03082B7FF43FAF36
:10CB7000B88819F00DFC00283FF439AF3B68827A81
:10CB80005B681A706AE700BFA80000202DE9F34136
:10CB90000E4604464FF4003190F8500017461AF044
:10CBA0008DFB3378990609D53369236603F59C73A9
:10CBB0005B0040F27122B3FBF2F3236233785A0632
:10CBC00009D57369636603F59C735B0040F27122BB
:10CBD000B3FBF2F363623378DB0744BF737884F806
:10CBE000513033789D072BD5B3784BB301204FF4E8
:10CBF00000611AF063FBA378580700F1A080D4F815
:10CC00000880B8F1000F68D098F80030012B454635
:10CC100002D140460DF060F80023C5E91A3385F8CB
:10CC20005330AB702B886D6123F49F6323F00703AF
:10CC30002B80284610F0E2F8AB7843F00403AB7089
:10CC40003378590744BFB368A36533781A0744BFE4
:10CC5000B388A4F854303378DB063BD5F368E26937
:10CC6000E3655B0A9A4235D0012FE36132D001239C
:10CC700084F85330A36E6BB394F852300DF1020177
:10CC800001A8002B38D119F0ABFA01992D4AE369BC
:10CC90005B1A116891F8402202F58E72DBB231F80E
:10CCA000121001F2A932520040F27120B2FBF0F2F0
:10CCB0009A423DD85843BDF802309B08C3EB50035D
:10CCC00001F271229A4205D86464591A04F13800BD
:10CCD00005F01CFA02B0BDE8F0812569002DAFD047
:10CCE0007822214628461CF047F8A560EC60C4F87D
:10CCF0000C80C5F808808FE719F072FA019AA36DCD
:10CD0000B4F854101A44BDF802300B449BB240F200
:10CD1000E1418B42C2F31602019285BFA3F2E243C6
:10CD20000132ADF80230ADF8023088BF0192ACE7B5
:10CD30000022114694F850000EF08EFACAE72546FC
:10CD40006AE700BF9401002038B5634B1A680520DC
:10CD500060F31F721A601DF042FC60490A8840F2BD
:10CD60003B1060F30F020A805D4A108840F001001A
:10CD70001080088840F2E24464F30F0008801188B4
:10CD800041F002011180A2F2C4524FF434701168D4
:10CD900060F31A41116002F570723430118860F34B
:10CDA0000F011180A2F2AC721420116860F31741D8
:10CDB00011604C490888A4F5DB7464F30F00088007
:10CDC0004FF088411446096C02F2BC7201F44051E4
:10CDD0001088B1F5005F0CBF24250C2565F3070012
:10CDE0001080414A414910886FF3070010801A688B
:10CDF0006FF307021A603E4A13686FF30003136073
:10CE000013686FF34103136013686FF30413136027
:10CE100013686FF34513136013686FF38613136081
:10CE2000344B18886FF30000188018886FF34100A6
:10CE3000188018886FF30410188018886FF3451055
:10CE4000188018886FF386101880106840F004006E
:10CE50001060106840F0080010601A8842F0040268
:10CE60001A801A8842F008021A8023685C2262F352
:10CE70000F232360B1F85031A12262F30F23A1F8F0
:10CE80005031B1F850318C2262F30703A1F85031D0
:10CE9000D1F8143102F26F1262F31843164AC1F846
:10CEA0001431136843F000531360144B1A686FF386
:10CEB0009E721A60503B1A686FF310421A60B1F804
:10CEC000083C122262F349130D4AA1F8083C13886A
:10CED00043F00303138038BD0C3A0141043E014185
:10CEE000183E01411C3C0141043A0141002401412A
:10CEF000203A0141283A0141003F014100370141F8
:10CF0000203801412DE9F04F07298DB0054601D0A9
:10CF1000152936D1053901321FFA81FB04A805A96C
:10CF200005921CF03FFB05A90DF112001CF03AFB25
:10CF300008A85A4605A91CF019FD284616F0CFF896
:10CF400018BB5A465B4908A81BF008FF002840F0B0
:10CF5000AB80BDF81000002800F0A880BDF81210CA
:10CF6000884200F2A38006AB5FFA8BFB07AF009309
:10CF7000019708AB5A460DF0CBFF044668B90A206A
:10CF800003E00023ADF810300420C3B2BDF8102038
:10CF9000102128460CF0D4FC52E0079B5B68D3E9D3
:10CFA000011210781CF0ACFF069A03468246D27B31
:10CFB000288801210BF0E2F980B210B1ADF81040E1
:10CFC000E3E7A8881DF0BCFB8046002870D0069BD4
:10CFD0009B68B3F8009009F1040600F110031121D9
:10CFE00005A8B6B205931DF0E7F9F1B205A81DF04A
:10CFF000E3F9214605A81DF0E5F9079B05A8D989A5
:10D000001DF0E0F9069B9A685968128805A81CF083
:10D01000B7FC09F10604A4B2079BD8894FF6FF7349
:10D02000984204D0AB8804EB060999450BDD4246D3
:10D03000214628461BF0B6FB10B140461DF0AEFB62
:10D040000DB0BDE8F08F06AB013080B200930197C0
:10D0500008AB5A46BDF81210ADF810000DF058FF9D
:10D0600003900028E3D0069A93681B880433B342E8
:10D07000DDD15346D27B288801210BF07FF90028AF
:10D08000D5D1039905A81DF09DF9079B05A8D9895D
:10D090001DF098F9069B9A685968128805A81CF03B
:10D0A0006FFC1FFA89F4B7E710206EE701206CE7E8
:10D0B00011206AE71FA802012DE9F84F5D4B1B689C
:10D0C000002B40F0AE805C4B1D6801351D60E5B162
:10D0D0005A4B1B68AB4225D90024594B1B68DB6AAD
:10D0E00003EB8303574A52F82330022B28BF012455
:10D0F000554B1B68002B00F09180544B1B68002B94
:10D1000018BF01242046BDE8F88F514A1168514BE1
:10D11000186810601960504A13680133136019F0E1
:10D1200051FFD5E700244A48A3464C4E4FF0010C6E
:10D13000444ADFF80C8135E0404B4FF0FF321A6073
:10D14000CBE73E4B1960C8E7D96AD6F800A00CFAC5
:10D1500001F949EA0A09C6F8009001EB810102EBE6
:10D16000810149689960D1F80890C3F80C90C9F81A
:10D1700004E0C1F808E0D3F82C904FEA890101EBF4
:10D18000090E02EB8E0AC3F814A052F82E100131DA
:10D1900042F82E10D8F800E0D96ADEF82C30994217
:10D1A00088BF012403681B68002BC5D00368DB68B7
:10D1B000DB6859688D42C4D3D3F81490D9689F684E
:10D1C000B9609F684F6003F1040ED9F804107145EF
:10D1D00004BFD968C9F80410C3F814B0D9F8001016
:10D1E0000139C9F80010D3F82890B9F1000FABD07D
:10D1F000196ADF69B960DF694F6003F1180AD9F86D
:10D200000410514504BF196AC9F80410C3F828B0C6
:10D21000D9F800100139C9F8001095E712F0A5FD02
:10D220006BE7094A13680133136012F09EFD002476
:10D2300068E700BFA03B0120C03B0120B03B0120BC
:10D240008C3B0120C8350120B83B0120C43B0120A4
:10D25000903B0120943B0120B43B0120A83B0120DE
:10D260002DE9FF470025044689461F46057001F158
:10D27000FF3813780BB145450BD3624B1B7803B9CC
:10D280002370454588BF09F10105284604B0BDE873
:10D29000F087252B07D05B49097811B904F8013BC9
:10D2A00001350132E5E75378252B37D0561C33780A
:10D2B000302B4FF000001AD101464FF00A0C725C7F
:10D2C000A2F13003DBB2092B0ED922F0200EAEF111
:10D2D000410EA2F16103BEF1050FDBB206D8052BAA
:10D2E00026D8A2F15703DBB2092B29D90E44337893
:10D2F0006C2B08BF01363378702B5FD027D8632B97
:10D3000039D0642B51D0582B3AD13E4B3A681B7818
:10D3100003920437002B68D1019058E0394909780D
:10D32000961C0029C3D104F8013B01353246A0E721
:10D33000A2F14103052B02D8A2F13703D3E7002362
:10D3400001310CFB0030735C002BB8D1CEE7752B9C
:10D3500018D0782BD9D0732B12D13B680437013BFE
:10D360005A1C0DD013F8012F52B1454508D204F8CC
:10D37000012B0135F4E73B6804F8013B0437013524
:10D38000721C76E71F4B3A681B78039204370BBB7D
:10D39000019000930A23A8EB050120460FF002F943
:10D3A0005FFA80FA54445544EAE7164B3A681B7812
:10D3B0000392043773B901900123EAE7114B3A68ED
:10D3C0001B78039204372BB90423019301230093A4
:10D3D0001023E0E7002808BF04205FFA80FA5246D5
:10D3E00003A920461BF0C8FCDCE740B1C107C0F32D
:10D3F000470AF4D50AF1010A5FFA8AFAEFE74FF01B
:10D40000010AECE7A93C0120F0B587B0037903934A
:10D41000C3780293038801930546634B0093EC2085
:10D4200001230222512107F085FB28881AF092FC83
:10D43000002800F0B780046820461AF08CF8002815
:10D4400000F0A2800A2008F02BFE0121C4F8B401EC
:10D4500020461AF0A6FD0021064620461AF0A1FD3E
:10D46000AA78032A074610D0EB78B34223D1297952
:10D47000814220D1042E08D1EB88012B08BFE3762E
:10D48000EB88022B01D10023E37630461CF0E4FB4D
:10D49000064638461CF0E0FB00250746D4F8B401E8
:10D4A00018F08AF9C4F8B4512B463A463146204662
:10D4B00018F0D0F944E012F0010F18BF072384F8E8
:10D4C0004231AB78D4F8B4219B0754BF2B790723A2
:10D4D00084F84331EB88D3805A1E012A07D8012BE8
:10D4E00008BFE376EB88022B04BF0023E37694F8B1
:10D4F000F23043F0020384F8F230D4F8443133B30D
:10D500002A79042A03D1E988E9B9E17EE9B9DA7513
:10D51000D4F8443100261E76E8781CF04FFA014614
:10D520002046D4F844511BF0DFFE6876D4F844213D
:10D53000137C43F00803137420461CF054F80025B4
:10D54000284607B0F0BD0229E1D00822DFE72046D7
:10D550001CF070FB05460028F1D194F8F23060F31E
:10D56000410384F8F230D4F8B40118F025F9C4F876
:10D57000B45107250D4B0093019501230022FF2193
:10D58000EC2007F0D7FADBE72868696804AB03C32F
:10D59000082204AB0421204612F0FCFC05460028BA
:10D5A000E8D1CCE70225E5E7F4710201E67102015A
:10D5B00070B50468154620460E4617F080FB2978A2
:10D5C000204611F0FDF92B78023B232B13D8DFE81E
:10D5D00003F01E121212363D124412364B521254F0
:10D5E000125C3636636A71121212121212787812B5
:10D5F0001212127E8C97E37D002B00F08C80E37D6D
:10D60000012B00F098802B78022B02D007E0022E2D
:10D610000BD0D4F8C43023F00103C4F8C430297807
:10D6200020461AF0ADFC012070BD294620461DF0B1
:10D6300041F829782046BDE87040F6F7E3BE012E98
:10D6400014BF00260126002EF3D1E8E7022EE6D112
:10D65000294620461DF032F8EBE7092EDFD1294696
:10D66000204603F0F1FEE4E7062ED8D129462046F5
:10D670001AF024FFDDE7022EE2E7182ECFD10F22A9
:10D680002946204610F0F7FED3E7032EC7D12946DE
:10D6900020461DF017F8CCE7092EC0D129462046B8
:10D6A00012F04AFCC5E7092EB9D12946204617F0E9
:10D6B00039FDBEE7032EB2D1294620461AF096FA6C
:10D6C000B7E7022E9FD16B7884F82A30B1E7D4F8FF
:10D6D0004431002BA3D0042EA1D12A4632F8011FD9
:10D6E000A3F8171092785A76A3E7D4F84431002BA8
:10D6F00095D0052E93D1D5F80120C3F81A2098E7CC
:10D70000D4F84431002B8AD0052E88D1D5F80120D9
:10D71000C3F81E208DE70D4B1B68002B3FF473AF41
:10D720002A4631462046984702283FF468AF012830
:10D730003FF47FAF67E7064B1B68002B3FF463AFF6
:10D740002A46314620469847F1E700BF403C012079
:10D75000443C01202DE9F743054635201DF02EF805
:10D76000044610201DF02AF8064610201DF026F869
:10D7700007460CB106B150B95C4B0093002204235C
:10D78000C321EE2007F0D6F903B0BDE8F083584A74
:10D79000136803605368436093688360D368C36011
:10D7A000E96D334620222F31FEF762FE95F80380A3
:10D7B00050484FF4807904F1020E2B1D04F1090C3E
:10D7C00005F10B0104F11002A4F80090B8F1000F6C
:10D7D0004ED1D3F80090C4F80290B3F80490AEF89C
:10D7E00004909B798EF806300B68C4F809308B885A
:10D7F000ACF804308B798CF80630E96D01F5C07116
:10D800000B6823614B6853608B689360CB68D3606F
:10D81000EA6D02F5E0722146136823625368636281
:10D820009368A362D368E3620123206384F83430F1
:10D83000EB6D3522A0333046FEF71AFEE96D28461F
:10D84000A03115F0F9FE84F83480EB6D35220633F3
:10D8500021463046FEF70CFE20461CF0B1FF304654
:10D860001CF0AEFF384603B0BDE8F0431CF0A8BF83
:10D87000D1F80080C4F80280B1F80480AEF80480CA
:10D8800089798EF806101968C4F809109988ACF8DF
:10D8900004109B798CF80630E96D01F5C0710B68B6
:10D8A00023614B6853608B689360CB68D360EA6DEB
:10D8B00002F5E0722146136823625368636293683D
:10D8C000A362D368E3620123206384F83430EB6DF4
:10D8D0003522A0333046FEF7CBFDE96D2846A03156
:10D8E00015F0AAFE002384F83430AEE7349A020122
:10D8F00070A00201656C74622DE9F04182B003787A
:10D90000012B04D0022B76D002B0BDE8F081446830
:10D910002378062BF8D801A252F823F039D9000158
:10D920006DD900017DD9000109D9000109D9000193
:10D9300009D90001AFD90001A378002BE4D1554BE0
:10D940001D68AB784BB10123A81C194610F82320A1
:10D9500022B10133082BF8D1D6E7002105EB810372
:10D9600001229A70A38825F82130CDE7608817F04E
:10D9700005FE0028C8D000220260C5E76588284659
:10D9800017F0FCFD06460028BED0C378002BBBD0A4
:10D990002379002B0CBF072308238DF80030ADF846
:10D9A0000250684614F0FAFE0023F370ACE7394BDE
:10D9B0001B6893F82A30002BA6D0B4F80480E788BF
:10D9C000268965892B463246394640460DF042F994
:10D9D00060B1ADF80080ADF80270ADF80460ADF84C
:10D9E0000650694660881AF07BFF8DE73B2160880E
:10D9F0001AF051FE88E744682378E3B1012B83D104
:10DA00006588284617F0BAFD064600283FF47CAF2B
:10DA1000A388002B3FF478AFC378002B3FF474AF9A
:10DA200008238DF80030ADF80250684614F0B6FEB9
:10DA30000023F37068E76588284617F09FFD0028EB
:10DA40003FF462AF134B1B6893F82A30002B3FF46E
:10DA50005BAF63892289E188A0880DF0FBF8A0B153
:10DA6000002128461AF026FEA388ADF80030E3888E
:10DA7000ADF802302389ADF804306389ADF8063083
:10DA8000694660881AF01EFF3EE7012128461AF019
:10DA900011FE39E7283B012037B5428840F20113D7
:10DAA0009A4204460D4605D0082120460CF0B2FFEC
:10DAB00003B030BD0AF034F80028F5D1E06D0195CF
:10DAC00001A9E4301CF035FBE06D01A9E5301CF044
:10DAD00030FBE06D01A9E6301CF02BFBE06D01A9E5
:10DAE000E7301CF026FBE06D01A9E8301CF021FBBB
:10DAF000E06D01A9E9301CF01CFBE36D93F8E72011
:10DB000084F85220A27A83F858212346E26D53F814
:10DB1000041FC2F859119B88A2F85D31E36D93F898
:10DB2000E620D50704D5414A12685278D00701D4BF
:10DB300001225A71E26D92F8E730073B092B01D9B7
:10DB40000621B2E792F8E630384D13F0080F2B6843
:10DB500003D19B7923B10321A7E75B78C3F3C0030B
:10DB600084F8573020460EF093FA2B68DA7932B1F8
:10DB70005B78590703D5E36D5B78012BEBD020462A
:10DB800015F016FBE36D5A7812F1FF3118BF012131
:10DB900084F8561094F85710002940D0012A03D079
:10DBA00093F8E7200F2ACBD993F8E82022F0090256
:10DBB00083F8E820E26D92F8E93023F0090382F857
:10DBC000E930E26D92F82C3092F8E8100B4023F027
:10DBD000040382F82C30E26D92F82D3092F8E910AF
:10DBE0000B4023F0040382F82D3002231049A37068
:10DBF00004F1600004F08AFA08201CF0DFFD014601
:10DC000000283FF455AF0623037023888380E36D1B
:10DC100093F8E630837108201CF0DCFC48E793F8A9
:10DC2000E920D2075CBF01225A71CAE7A401002093
:10DC3000A064D10130B5624D2B688BB0C3F80402EB
:10DC400004461CF083FB58B14FF4004194F8500097
:10DC500019F034FB0022012120460EF0D7F94FE0E5
:10DC6000002C4DD02378022B4AD1ADF80E000DF1D7
:10DC70000E0104A818F0B4FA94F85230012B18D110
:10DC8000049AA36DBDF80E101A44B4F854300B4436
:10DC90009BB240F2E1418B42C2F31602049285BF6F
:10DCA000A3F2E2430132ADF80E30ADF80E3088BF7A
:10DCB00004922B68049993F8402203EB4203204618
:10DCC000B3F83432BDF80E2017F0AEFEA3785A0731
:10DCD0001ED51B071CD5E5684FF48031012019F0D3
:10DCE000EDFA0022012120460EF090F92B78022B4C
:10DCF00008D12846FFF79EFFA3786FF3C303A370F4
:10DD00000BB030BD0022214601200DF0A5FAF3E74B
:10DD10002B68D3F80822002A4DD100284DD1C3E941
:10DD20008104236F1B7A1A1F012A03D8042B3CD1CC
:10DD30001AF0FCFE206F1CF0CFFBA26A94F8500092
:10DD400040F2712353435B08E3624FF4007119F012
:10DD5000B5FAA1782046C1F3800109F085FE2B6851
:10DD6000D3F8443233B194F85100032894BF002013
:10DD700001209847656F03232370002DC0D0236FC7
:10DD8000CDE90534E36D0793E36A0893A378C3F301
:10DD900080038DF824300AAB13E903008DE80300FB
:10DDA00005AB0ECB0020A847AAE7B4F85410A06D2D
:10DDB00019F08CFEBEE70028A2D04FF4807145E731
:10DDC000940100202DE9F041477817F00407BAB01C
:10DDD000044610D190F85030D0F81480012B04D1B3
:10DDE000404508D140F6111312E0404509D098F89B
:10DDF0000120520717D46078C0F380003AB0BDE824
:10DE0000F081C26D520AC261002BEBD103F20123F3
:10DE1000ADF818300EE0012766E0012FFBD16378E2
:10DE20006FF382038FE0002BDCD142F20523ADF8C3
:10DE300018300127E66E06F59C7640F271237600D5
:10DE4000B6FBF3F6A38CB6B29D19ADB2B5F5487F1B
:10DE500088BFC3F54876D8F81C30079384BFB6B2A4
:10DE60004FF448751AF0AAFA384BDFF8E4C01A6884
:10DE700092F8403202EB430240F23911B2F83832E4
:10DE8000B2F83C221A44B2FBF1F20132104494F889
:10DE90005220012A00EA0C0005D1E269A16D521A54
:10DEA00002EA0C020792D8F82420A16E03F2A933EB
:10DEB00040F2712C5B00B3FBFCF3134401F59C7240
:10DEC0005200B2FBFCF29A4202D2002F18BF1A464F
:10DED000079B1F4913440B401F1A17F48007F9D101
:10DEE000013D1D4407930D4000238DF8163001239A
:10DEF0008DF81730079BCDE908350DF11703019315
:10DF00000DF120080DF1160306A80093CDF8088046
:10DF1000334607AA2146C05DFAF7B2FD079B00937E
:10DF20009DF817209DF816104346204603F012FE78
:10DF300000283FF472AFE369EB1A5B023FF56DAF67
:10DF4000637843F00403637055E700BF9401002039
:10DF5000FFFF7F0084B02DE9F34109AC84E80E0097
:10DF6000042800F28180DFE800F0037F8B98A00096
:10DF70000C680C9BC4F840310B9BC4F844314D4BEA
:10DF80004D4801251D704D4BA4F8FA501D804C4B97
:10DF900000221A701CF0C4FA284621460AF0D6FF67
:10DFA0002146284604F0CCFFD4F87C312046DD68B9
:10DFB000D4E9506817F0EAF920461BF055FA2046DC
:10DFC00013F072F994F824203E4B022A04F5BE7730
:10DFD0004FD0032A50D01A88482161F30E021A80CC
:10DFE000394B94F836101A8861F304121A806C3B8E
:10DFF00003201A686FF34D321A6094F824101CF055
:10E00000C9F82A464146384613F047FA94F85210A8
:10E0100038461AF079FE3946204616F07FFD2B4B24
:10E020001B680BB120469847294B1A686FF30F0203
:10E030001A60043BB6B21A686FF341021A60254AAF
:10E040001268AD1A1A68ADB265F31F421A60224A0F
:10E05000116866F31F4111601A6842F001021A60EC
:10E06000D4F844011AF0BAFA02B0BDE8F04104B0A5
:10E0700070471A882D21B0E71A884FF4D271ACE7A7
:10E080000B6893F8FA30012BEED10BF083FA0B4AB0
:10E09000138843F004031380E6E701910F4901ABB5
:10E0A0000422012010F0F8FDDEE7019101AB04220B
:10E0B0000B49F6E7E5010020ADDD0101DA010020A2
:10E0C000D80100206C380141C03401410002002019
:10E0D0005C3E0141AC010020703E0141070001019E
:10E0E000080001012DE9F743D0E90358008918F031
:10E0F0004FF90446002800F0B78090F83D30002B1F
:10E1000000F0B48015B1B8F1000F11D18DF80430D2
:10E110001CF0CEF80823ADF806008DF8053001A9F3
:10E12000208818F071FD054655B984F83D5007E088
:10E13000082B4CD01C201CF041FB064620B90225C0
:10E14000284603B0BDE8F0831820308094F83D30B5
:10E150000A2B0CBF0B230D23B3702B68C6F80330BA
:10E1600006F103096B68C9F80430AB68C9F80830D8
:10E17000EB68C9F80C30D8F80030C6F81330D8F87E
:10E180000430C6F81730A38883421AD8276C27B901
:10E190001CF014FB0746002864D03146208814F098
:10E1A00089FC054648B93288494638461AF0E4FDEC
:10E1B000276430461CF004FBB6E738461CF000FB31
:10E1C000F7E73146208814F075FC0546F1E71A2080
:10E1D0001CF0F4FA06460028B1D01A23038083709D
:10E1E0001CF066F8A6F803002B68C6F80530771D0A
:10E1F0006B687B60AB68BB60EB68FB60D8F8003095
:10E20000C6F81530D8F80430C6F819303288A3881B
:10E2100002329A4221D9023B9BB23380B370D4F8C8
:10E220004080B8F1000F04D118201CF0C7FA8046D6
:10E23000C0B1314620880FF0D3FA054658B943469D
:10E2400007F1180257F8041B43F8041B9742F9D151
:10E25000C4F84080ADE74046B0E7314620880FF073
:10E26000BFFAB2E70225A4E7032569E7012567E7BE
:10E2700070B5C0B2012894B0154615D028B1022857
:10E2800000F09680002014B070BD574C1AF0B0FC1E
:10E2900023689B6C984710B123685B6E98470021F8
:10E2A00003200EF0FFF9EDE7504C23681B7F01932C
:10E2B0004F4B009302231A46EC20772106F03AFCDC
:10E2C0002368986C20B10BF075F8236800229A64DB
:10E2D0002368186C20B114F0C1FD236800221A6471
:10E2E000414A13680021197026682D78337FA5B341
:10E2F000012B21D141F20903ADF808308DF80C5003
:10E300002022FF210DF10D001BF0EEFB3A2D0FD165
:10E31000337F012B05D1706917F04EFA2368002274
:10E320005A612368186917F047FA236800221A61B6
:10E3300002A817F011FBA5E741F208032022FF21F4
:10E340000DF10D00ADF808308DF80C501BF0CCFB32
:10E350002022FF210DF12D00D6E7BBB91268012163
:10E36000517025688DF80C3041F20802ADF8082094
:10E37000296920220DF10D001AF0FEFC29692022E6
:10E3800011440DF12D001AF0F7FCCAE741F2090320
:10E39000ADF808308DF80C50202231690DF10D00D8
:10E3A0001AF0EAFC706917F007FA23685D61B8E7B4
:10E3B0001678104D0D2400BF55F8043B73B9013C8D
:10E3C00014F0FF04F8D1012015F0F2F80A4B8DF893
:10E3D0000C401C700E23ADF80830A9E73046984772
:10E3E0000028ECD04EE700BF3001002038010020AB
:10E3F000D4A60201FC00002034010020F0B585B055
:10E400000468CB790293238801930D465B4B0093FC
:10E41000022201235D21EC2006F08CFBEB79012B1D
:10E420002BD059B219B1182B2ED005B0F0BD94F8ED
:10E43000F230D80702D5204610F08EFA112120467E
:10E4400018F060FC1CF024F80128EED994F8AA30EA
:10E45000002BEAD00021D4F8CC001BF006F90028EC
:10E46000E3D094F8AA30013B84F8AA3094F86D30D8
:10E4700043F0040384F86D30D7E71221204605B03D
:10E48000BDE8F04018F03EBC1321204618F03AFCDD
:10E490000121204619F085FD1BF0DEFB0021064618
:10E4A000204619F07EFD1BF0D7FB002302463146C3
:10E4B000204617F0CFF9D4F84431BBB3E57D012DE8
:10E4C0002ED1032E43D1002583F82050D4F84431B7
:10E4D0009A7ADA77D4F8443104229A7702212046D6
:10E4E000D4F844711AF000FF87F82100204618F094
:10E4F000DFFBD4F8443183F82050D4F84431DA7A81
:10E50000DA77D4F8443108229A77D4F84451314666
:10E5100020461AF0E9FE85F82100204618F0C8FBD5
:10E52000D4F844311A7C6FF3C3021A74144B1B687D
:10E530001A7AD10754BF5A7A072284F842211A7AEC
:10E5400092074CBF07239B7A84F843316DE7294635
:10E55000204617F0CDF9D4F84431002283F820206A
:10E56000D4F844311A188540127ADA77D4F8443155
:10E570009D770146D4F84451CAE700BF0C670201F9
:10E58000380100202DE9FF470C4617F001FF054632
:10E5900020B90324204604B0BDE8F0872088013864
:10E5A00080B24FF6FD739842F3D8AB886288033B84
:10E5B0009A42EED802AA01A917F052FD0028E8D02D
:10E5C000019E4E49306802221AF0C8FB0028E0D1B3
:10E5D00094F8F82073681B2A1B784CD113F0100FA5
:10E5E000D7D02088013002AA01A980B217F038FDE7
:10E5F0000028CED022880199013292B2284618F024
:10E600004DF90028C5D1019B0DF1020059681BF09E
:10E61000CDFE94F8F8601B2E32D1BDF80230DA0737
:10E62000B7D5B4F8029034F804AB09F103081FFA27
:10E6300088F840461CF084F8074600285BD000F1BB
:10E640001003314603A803931BF0B6FE514603A8FE
:10E650001BF0B8FE21464A4603981AF08DFB3A4655
:10E66000414628461AF09EF80446002892D03846C3
:10E670001CF094F88EE71D2AB3D113F0200FAFE7FA
:10E680001D2E86D1BDF802309B0782D523882B82B0
:10E69000AB7C73BBB4F80290B4F800A009F1030896
:10E6A0001FFA88F840461CF04BF8074618B300F1F3
:10E6B0001003314603A803931BF07EFE514603A8C6
:10E6C0001BF080FE211D4A4603981AF055FB3A467E
:10E6D000414628461AF066F804460028C7D10123AF
:10E6E000AE74A5F87E30064905F1740003F00EFD06
:10E6F00050E707244EE702244CE700BF0AA60201B8
:10E70000A064D1012DE9F3410023027E04461D4699
:10E7100022FA03F1C90748BF013503F1010348BFDD
:10E72000EDB2032BF4D194F8473013F0FD0F51D123
:10E73000042007F0B5FC05EB4505C4F8E000EDB298
:10E740004A2007F0ADFCC4F8EC00422007F0A8FC1A
:10E75000C4F8DC00FF2007F0A3FCC4F8D8002DB2F9
:10E760004FEA051808F1040007F09AFC82B2064649
:10E77000002A4BD1424B0093FE210123EC2006F0EE
:10E78000D9F9371D68011CF019F894F84730032BAC
:10E7900005463DD13EB1D4F8E03023B1D4F8EC3099
:10E7A0000BB100285BD1304617F006F80026D4F8EC
:10E7B000E00017F001F8C4F8E060D4F8EC0016F0BF
:10E7C000FBFFC4F8EC6028461BF0FAFF072002B0FC
:10E7D000BDE8F081012B01D0042B08D1022007F005
:10E7E0005FFC6D00C4F8E000EDB20C20A9E7032B3C
:10E7F0000AD1022007F054FCC4F8E000252007F0FD
:10E800004FFCC4F8EC00AAE70025A8E70746B9E7E3
:10E8100066B1D4F8E0304BB1D4F8EC3033B1D4F871
:10E82000DC301BB1D4F8D83003B1C0B9304616F093
:10E83000C3FF0026D4F8E00016F0BEFFD4F8EC00C9
:10E84000C4F8E06016F0B8FFD4F8DC00C4F8EC605F
:10E8500016F0B2FFD4F8D80016F0AEFFB3E7C4F854
:10E86000A060B844474501D10020B0E7EF602946D9
:10E8700004F5BA701BF064FC10372035F2E700BFD6
:10E8800050A5020100B589B0F4F7E0FCFDF714FBD8
:10E8900015F0C0FD12F014FA1AF064FF0EF042F801
:10E8A0000EF07EF80DF0DBF80BF02CFE12F06EFE91
:10E8B00010F040FE0120F4F769FC3C4B3C4A1A6022
:10E8C0003C4A5A603C4A9A603C4ADA603C4A1A61C7
:10E8D0003C4A5A613C4A9A613C4ADA613C4A1A62B3
:10E8E0003C4A5A623C4A9A623C4ADA623C4A1A639F
:10E8F0003C4A5A633C4A9A633C4ADA633C4A1A648B
:10E900000A211A200CF08CFE3A4900200FF050FE2C
:10E91000394B186000231A461946384811F08CFD0F
:10E9200000230593069307930DF11600F3F7D8FE25
:10E930009DF8153060F300038DF815300DF11D00C2
:10E94000F3F7F2FE9DF8153060F341038DF81530B2
:10E9500005A8F3F72BFF10B903238DF814300DF140
:10E960001F010DF11E00F9F778FE9DF8153060F3D8
:10E9700082038DF8153000230193029303930493CF
:10E980004FF4F84000901BF055FE019002230493D1
:10E9900005AB6A460549194801F0BCFF19F076FF3E
:10E9A0000BF0F8FD09B05DF804FB00BF1400002077
:10E9B000D18F02010B950201390402016F9B020104
:10E9C000E98F02019D430201819B02013190020106
:10E9D00051970201D9430201A59B0201B79B020195
:10E9E000299702013D9702012195020135A60201F6
:10E9F0003DA6020114A20201100000200C0000201C
:10EA00002DE9F04705460521002019F0ECFA95F8AC
:10EA1000E23003F0EF03032B044602D1D5F8B471C2
:10EA20000FB9D5F8B871002C00F0A2801823237319
:10EA30007B7895F8426195F843911E403B7809EA4E
:10EA400003094FF00003A4F80D300121284619F006
:10EA5000A8FA00218246284619F0A3FA95F8431136
:10EA6000804695F8420118F00EF920B93978787887
:10EA700018F009F970B316EA090605D0B24501D1BC
:10EA8000B04501D06673A673637BBB70A67BFE7036
:10EA9000637B1E434ED04FF0FF33E37323741AF0B1
:10EAA000B5FF064600283FD01823C37101234371E8
:10EAB000BB1CC360014628461BF010FE21462846B9
:10EAC0000AF0D8FBB97828460DF0DAF9A5F860000D
:10EAD00001202DE006EA0A03DBB2002B18BF002656
:10EAE00019EA080F46D12EB1F0070CD4B1070DD5A5
:10EAF000022309E0B9F1000FC6D019F0010F09D0C7
:10EB00000123A373C0E701236373F6E77207F4D50B
:10EB10000423F9E719F0020F01D00223F1E719F0FD
:10EB2000040FB1D00423ECE720461BF049FD30462A
:10EB3000BDE8F087E673267495F8F2309B0712D58E
:10EB40000121284619F02DFA1BF086F8314680463F
:10EB5000284619F026FA1BF07FF833460246414654
:10EB6000284616F077FE1321284618F0CBF8A5E7C3
:10EB70002046DDE7002E87D08146B5E72DE9F34733
:10EB800090F85050012D04460FD0594B1B6893F854
:10EB9000402203EB4203B3F83852B3F83C321D4431
:10EBA00040F23913B5FBF3F50135524F0026A36E41
:10EBB00003F59C7340F271225B00B3FBF2F3E26950
:10EBC0001344E26D3B40C2F30802E36102EB4323CE
:10EBD000E36594F852300DF1020101A8FBB917F07A
:10EBE000FFFADDF80490D4F81C8009EB05033B40E4
:10EBF000A8EB03035A0209D494F850305BB363784E
:10EC000043F00403637002B0BDE8F087013616F0EC
:10EC1000FF06CCD00021204619F0F6F9C7E717F01F
:10EC2000DFFA019AA36DB4F854101A44BDF802300B
:10EC30000B449BB240F2E1418B4202EA070201928F
:10EC400085BFA3F2E2430132ADF80230ADF80230E5
:10EC500088BF0192C5E794F85230BDF80260012BDD
:10EC600008D1A36DA8EB0308A9EB030908EA07087C
:10EC700009EA07091E4D14F057FC2B68D3F814A2BB
:10EC800018F07CFAB608BAF1000FB8D014F04CFCBA
:10EC9000DAF8007018F072FADAF8080043785B07C7
:10ECA00024D5C369434521D1C36D08F10102C3F3E3
:10ECB0000803C26103EB4223A2EB090240F2712177
:10ECC000C2F316024A432968C36591F8403203F53E
:10ECD0008E73C6EB520231F8131001F271239A427F
:10ECE00004D34064511A383003F010FABA46CAE728
:10ECF00094010020FFFF7F002DE9FF470678012ED9
:10ED0000054672D02EB1032E00F09A8004B0BDE803
:10ED1000F0878478002CF9D1534ED6F800A00AF180
:10ED2000100300BF53F824705FFA84F977BB90207A
:10ED30001BF044FD04F104084AF82800336853F836
:10ED40002800B0B1902239461AF0CEFE3368A400F4
:10ED5000234417211A6991801B6983F80290336854
:10ED60001C440122236983F88D2023695F65236990
:10ED70009F65336853F8284064B93C4B00930022E8
:10ED800004239221EE2005F0D5FEBFE70134082CC4
:10ED9000C8D1F2E7AB882380AA79E37812BB43F0AD
:10EDA0002103E37020460DF0B5F9B4F86430A17882
:10EDB000A16640F2014203F0F8031343A4F8643063
:10EDC000B4F87C30C4F8801003F0F8031A433368B9
:10EDD000A4F87C20DB68002B98D0284604B0BDE85E
:10EDE000F047184743F01103DBE74588284617F042
:10EDF000CFFA044650B9CDE901561D4B00930246A7
:10EE000004239321EE2005F095FE7FE7037ADB07CC
:10EE100010D54FF482701BF0D1FC40B1112202706A
:10EE200022888280A27A8271042118F097FA204603
:10EE300014F0ACFCA07804B0BDE8F04709F09ABD2E
:10EE40000379002B7FF462AF4488204617F0A0FAC4
:10EE5000024628B9064B0093CDE901460423D0E7CA
:10EE6000012380F88C3051E7A8010020B82402016A
:10EE7000D22402012DE9F04F85B0FCF71EFEDFF829
:10EE800060A1DFF86091DFF860B101ADDAF8003021
:10EE90001C6894B1DB681C681AF0C2FF284610F0A9
:10EEA00093FF0646019A3ABBA04214D300F05AF9E8
:10EEB0003146204614F03AFE20E01AF0B1FF284611
:10EEC00010F082FF0646019BB3B9444B1B681A68D9
:10EED000B2FA82F25209A11BD9F8000012F075FEB5
:10EEE00000F040F950B94FF08053CBF80030BFF339
:10EEF0004F8FBFF36F8F01E000F034F900232B60D8
:10EF00006B60AB601F462E463A463146D9F800008A
:10EF100003F0F6FD0028B9D0019B002BF4DB039C25
:10EF2000636913B1201D18F0A3FF684610F04CFF71
:10EF30008046019B013B082BE6D8DFE803F005057E
:10EF40002A314005052A310094F8243043F00103AA
:10EF500084F824300299A0690B46424601442046B9
:10EF600013F03CFD0028CFD094F8243013F0040FA8
:10EF700007D123F0010384F82430236A2046984700
:10EF8000C2E7A369424602991944204618F097FA4D
:10EF9000F3E794F8243023F0010384F82430B3E736
:10EFA00094F8243043F0010384F824300299A161DD
:10EFB000034602460144204613F010FDA4E794F8EE
:10EFC000243013F0020F04D023F0010384F824301E
:10EFD0009AE720460AF02EFB96E700BFCC3B0120C3
:10EFE000C83B0120D43B012004ED00E02DE9F041B5
:10EFF0000678012E86B0044667D026B1032E7BD05A
:10F0000006B0BDE8F0818578002DF9D1524E376801
:10F0100007F12C0353F82580B8F1000F20D1782098
:10F020000A351BF0CBFBAA00336817441344786001
:10F03000586818B1782241461AF056FD336803EB40
:10F0400085056D6885B923780293A3880193434BA6
:10F05000009300220423C921EE2005F06BFDCFE7C9
:10F060000135082DD6D1EEE70127AF70A6882E8096
:10F07000A379EB70234653F8082F6A609B882B8195
:10F08000E379003318BF0123AB72E379BB420FD899
:10F09000143400230622214604A80493ADF814304A
:10F0A00019F05CFE20B123686B60A3882B81AF72DE
:10F0B000102385F85230AB6E03F0F80343F4A063DD
:10F0C00043F00103C5E91A369AE74588284617F048
:10F0D000EDFC044638B9CDE90156214B00930246B8
:10F0E0000423CA21B8E7603005F0FAF9204606B0DB
:10F0F000BDE8F04114F0C2BA4788384617F0D6FC94
:10F10000054610B9CDE90176E7E72379002B7FF4B6
:10F1100077AF603005F0E4F9EB6DCBB1EA78012A06
:10F1200012D195F857205AB95A794AB193F82E203E
:10F13000D20705D50022A0331146284609F062FE09
:10F140002846FDF783FA03E093F8EA30002BF7D066
:10F15000012385F8593053E7A40100204BF3010146
:10F160007CF301012DE9F04719F068F8504B1A685B
:10F17000013A1A601B68002B40F093804D4B1B68CE
:10F180000BB900248EE000234B481D464B4C012652
:10F190004B4ADFF838A1DFF830C1016800295DD0A3
:10F1A000C368DB68D3F828E0D9691F6A8F60196AE1
:10F1B000DF694F6003F11808DEF80410414504BF11
:10F1C000196ACEF804109D62DEF800100139CEF8FD
:10F1D0000010D3F814E0D9689F68B9609F684F6049
:10F1E00003F10408DEF80410414504BFD968CEF8E5
:10F1F00004105D61DEF800100139CEF80010D96A04
:10F20000D4F8009006FA01FE4EEA090EC4F800E0B8
:10F2100001EB810102EB810149689960D1F808E0B6
:10F22000C3F80CE0CEF80480C1F80880D3F82CE0D5
:10F230004FEA8E0101EB0E0802EB8809C3F8149027
:10F2400052F82810013142F82810DAF80010C96A83
:10F25000DF6A8F42A1D9CCF800609EE70BB117F0AE
:10F26000B1FE184B1C686CB1174E012501E0013C42
:10F2700005D0FDF721FF0028F9D03560F7E7114BE5
:10F2800000221A60104B1C6864B1104B1B68104BB5
:10F290004FF080521A60BFF34F8FBFF36F8F01247E
:10F2A00000E000241AF090FA2046BDE8F08700BF85
:10F2B000A03B0120983B01209C390120A83B012064
:10F2C000C8350120B83B0120C43B01208C3B012004
:10F2D00004ED00E02DE9F0410468554B43602346FE
:10F2E0000027C4E9017743F80C7F0D46236180466F
:10F2F000164608F0A5FA2A46A782A77552F80C0F01
:10F30000516804F1300303C39068D16803C31069E6
:10F310001860928A9A8094F8373013B9012384F8E0
:10F32000373098F80830042B72D10023E375414A36
:10F330001188A4F84610D2F80210D2F80620E26430
:10F3400000230122C4E91E33C4E93133C4E9142384
:10F35000A36594F86C30A16423F03C0384F86C300E
:10F36000FF23E383E37D84F82020002B54D194F81D
:10F370006C3003F03F0384F86C3002236377B4F8F9
:10F380006C3023F48173002523F00103A4F86C3062
:10F390002A4631462046A4F8215065620FF078FBDA
:10F3A0000623C4E92433C4F88850204609F0E8F85D
:10F3B00094F8B430A4F85C50BBBB84F8B630012399
:10F3C00084F8BA50A4F8B8301B4B1C4A1B88A4F828
:10F3D0006030A4F85E3094F86D301288A4F8622092
:10F3E00023F0700384F86D3094F84530144A626657
:10F3F0000020C3F34213C4E92B0084F82A3003230E
:10F40000C4F8CC0084F8280084F8AA30BDE8F08164
:10F41000052B8CD1012389E7012BAED194F86C30F8
:10F4200003F03F0343F04003A5E784F8B650CBE771
:10F430009D8D00015C010020843C0120863C012060
:10F440001B004801F0B58DB0002304290546ADF836
:10F450000C30ADF80E308DF809308DF80A3040F2DE
:10F4600097800539013203A88FB204A904921AF0DB
:10F4700099F804A90DF10E001AF094F82846049E9C
:10F4800013F02DFE0446002868D11221BDF80C00AF
:10F4900012F08CFD0446002860D106AA05A9BDF82B
:10F4A0000C0016F0DDFD002876D0069B5B68D3E9E2
:10F4B000011210781AF024FD059A0346D27B2888A1
:10F4C000102108F05BFF84B2002C47D1BDF80E304C
:10F4D0001BB1059B9B7BDA0660D595F83B30072B6B
:10F4E0005ED8059B9B7BDB072ED52B88ADF824309F
:10F4F000BDF80C30ADF82630BDF80E30ADF8283030
:10F500001623ADF82C300DF10901059B07930DF181
:10F510000A0207A8ADF82A70089606F0C5F89DF80B
:10F520000A309DF80B10044643B3072916D806315C
:10F5300055F8210090B11BF043F99DF80B300633CC
:10F54000002245F8232009E0BDF80C200DF10B0145
:10F55000284611F021F804460028C6D09DF809304D
:10F5600053B9BDF80C20ECB9BDF80E30009331460C
:10F570003B4628460FF060FC0DB0F0BD8B1D55F8E2
:10F580002330002BEAD007AA28460EF084FAE5E7DC
:10F590001E461F460424E1E70124DFE78024DDE75F
:10F5A0000924DBE7E3B2162128460AF0C9F9E3E7AC
:10F5B0002DE9F843DFF858913D4E3E4CDFF8548179
:10F5C0003D4F0025484600211BF0FCF829463B48EA
:10F5D00035701BF0F7F8337839493A4804EB0312D9
:10F5E000116039495160394991603949D1605A1CDB
:10F5F000D2B204EB021250603648D760C2F80080E5
:10F6000090609A1CD2B204EB021233481060334867
:10F610005060334890603348D060DA1CD2B204EBBB
:10F620000212314850603148C2F80080C2E9020736
:10F630001A1D2F48D2B204EB0212C2E90009DFF80A
:10F64000D8902C480533C2E90201484633700223A2
:10F6500000F8013B07211BF0B5F809F1030042F661
:10F66000A6211BF0AFF83178234A244804EB01139C
:10F67000C3E902270122C3E900898B18204F0270D9
:10F68000DBB204EB0313C3E900701E4898601E4808
:10F69000D8601E480231C0E90054C9B28560828139
:10F6A000C18105743170BDE8F84311F0DBBB00BFC8
:10F6B000A23C012090310120050000011A3B0120ED
:10F6C0001FA8020163A7020148A802014AA802017B
:10F6D0000200000138A802012CA80201B83801205C
:10F6E0007A3C012020001B115EA7020134A8020110
:10F6F00028A8020124A8020136A80201A33C012087
:10F700002AA8020126A8020101000001003A0120F6
:10F710003E3701200AA60201063B01202DE9F74FE2
:10F720000223D0F8E0808DF8043090F8B030D0F8A3
:10F73000EC90009005460633414668468DF805304A
:10F740000CF0D8FA2B4653F8282FC9F800209B88D4
:10F75000A9F80430B5F8B0202AB1D5F8AC1009F1F9
:10F76000060019F009FB4FF0000AD5F874715646EF
:10F7700095F89430B34202D803B0BDE8F08FFC682E
:10F78000DFF800B123686FF30203236023680122CE
:10F7900062F3C40323602368042262F3CA13236064
:10F7A000236862F3CE23236095F89430013B9E4298
:10F7B0004AD123686FF3DE33236023686FF3DF736E
:10F7C0002360BBF800306168A8EB030292B262F3D9
:10F7D0000F0161606268A9EB03039BB263F31F42F0
:10F7E0006260A3686FF30103A360A36843F004039E
:10F7F000A36098F8012095F8351095F8220016F0CE
:10F800002EFA0FFA86FCC7E9048A05EB8C01002367
:10F81000FC603B723B774F660C67CB6795F8942092
:10F8200086308244501E864219D105EB4202A2F86E
:10F830008630A2F88C30FEB1C5F820A1C1F858A0DE
:10F8400001363F68F6B293E7DBF8002004F11003BD
:10F850009B1A22689BB263F3DE322260ADE705EBB0
:10F860004C02DBF800C0A2F88E301034A4EB0C047C
:10F87000A2F88840002EE1D1C5F824A10028DDD1EE
:10F88000DAE700BFAC0100202DE9F041052192B07C
:10F890000446002018F0A7FB0646002800F09D80D3
:10F8A000D4F84431D87D1AF089F824233373D4F87E
:10F8B000443193F918200546002A00F09180014652
:10F8C000204619F011FDD4F84421137EC7B23B4401
:10F8D0005355D4F8443103EB05080121404615F097
:10F8E000FFF888F80800D4F84421535DDB1BD37679
:10F8F000D4F84421537FFF2B1CD153191B7A99074D
:10F9000018D092F91830002B535DCCBF03F1FF33B0
:10F9100001335BB25355D4F8443103EB05080121A0
:10F92000404615F0DDF888F80800D4F84421535D0E
:10F93000DB1BD376D4F844311A7CD2071ED541F2B2
:10F940002102ADF8002000228DF804208DF8082057
:10F950002188ADF806106A1C8DF809205A578DF8D9
:10F960000A205A196846127AC2F301028DF80B2058
:10F970005B5DDF1B8DF80C7015F0EEFF294620460D
:10F98000D4F8447119F0B0FC3877D4F844315A7F78
:10F99000FF2A1CBF00225A77D4F84421517F4B1E06
:10F9A000DBB2FD2BB4F85C301CD81375B4F85C30B6
:10F9B000D4F844210233A2F81530D4F844311D4460
:10F9C00020462A7A9A76D4F84431D3F81A30C6F809
:10F9D0000D30314609F04EFC012012B0BDE8F08137
:10F9E000DA76CBE7FF2903D1E17D09B90733E2E7F6
:10F9F0000133E0E770B5594D2B68D3F8084206464D
:10FA0000002C00F08680D3F8483203B1984794F870
:10FA100050202B6803EB82034FF48061D3F8FC2164
:10FA2000A24204BF0022C3F8FC2194F8500017F052
:10FA300045FC0023237026B1012231462046FDF704
:10FA4000A5F82B680022C3F80822A36E13B1204644
:10FA500018F08AFE2B68D3F8FC0118B9D3F800021D
:10FA6000002857D00278022A54D1FEF7E3F8A37891
:10FA7000D90716D5B4F8013023F4817343F002039B
:10FA8000A4F8013020460FF037F820460DF0DEFBD9
:10FA9000204618F03BF94FF0007194F8500017F031
:10FAA0000DFCA26E002A4ED1637862F3820363706C
:10FAB000A3789A0618D5A378E6686FF34513A37068
:10FAC00096B920460DF0C2FB20460FF0A3FF6378E5
:10FAD00066F300032046637018F006F94FF080715A
:10FAE00094F8500017F0EAFB63786FF3C303637078
:10FAF000A3691BB15A7842F020025A70A1782046BF
:10FB0000C1F3800107F0B0FF2C6816F0E1FB84F828
:10FB10004C0270BD93F8F83123B100221146104613
:10FB20001AF011FE2B6893F8F931002B9FD094F84E
:10FB300050004FF4805117F0C1FB00221146012004
:10FB40000BF08AFB93E7A3789B06B4D4204617F00A
:10FB5000A1FB2046FCF79CFBAAE700BF9401002014
:10FB60002DE9F0430446C278C36DA67A407C0D4669
:10FB70008DB05549002A5AD109688DF8000001203E
:10FB800091F8009091F80580B1F801E0B3F82CC02D
:10FB9000B3F8E470D3F8E6108DF8020002208DF877
:10FBA00009008DF801608DF803908DF80480ADF8A0
:10FBB00005E0ADF807C0ADF80A70039108A803F599
:10FBC000E073995C1DF80260714011540132102AF3
:10FBD000F7D104AA08A9284606F0C8FAE178231D3F
:10FBE00004F10B02002951D118689B88ADF804304C
:10FBF0001368CDF8063093880090ADF80A30039171
:10FC000004AA68461023117810F8016B013B71407B
:10FC100013F0FF0302F8011BF5D1E26D02F5D87273
:10FC200004A9284606F0A2FA0DB0BDE8F0830A68E0
:10FC30008DF80100012092F800E092F805C0B2F8BA
:10FC40000110D3F8E4709A8DB3F8E8808DF80200C3
:10FC500002208DF80900ADF80E208DF80060CDF877
:10FC60000370ADF807808DF80AE08DF80BC0ADF891
:10FC70000C10002208A803F5C073995C1DF80260FF
:10FC8000714011540132102AF7D1A2E7106892880E
:10FC9000ADF804201A689B88ADF80A300023CDF82F
:10FCA00006200393009004A96B461022087813F8ED
:10FCB000016B013A704012F0FF0201F8010BF5D11F
:10FCC000E26D02F5B872ABE7A401002084B02DE923
:10FCD000F84308AC84E80F00002017F079FE804656
:10FCE000012017F075FEDFF84C910646022017F050
:10FCF0006FFED9F800100D7F0746002D59D1474CF3
:10FD00004748B4F8AC3043F04003A4F8AC302022AC
:10FD10001D3119F031F820224249434819F02CF8DE
:10FD200020224249424819F027F8B4F8A43065F37C
:10FD30004103A4F8A430B4F8A43065F30413A4F884
:10FD4000A430B4F8A43043F08003A4F8A430B4F88D
:10FD5000A43065F30003A4F8A430B4F8A43043F051
:10FD60000203A4F8A4304FF6FF71002013F098FBB3
:10FD70004FF6FF71012013F093FB4FF6FF71022045
:10FD800013F08EFB4146002017F034FE314601206F
:10FD900017F030FE3946022017F02CFE46F40051D1
:10FDA000012089B217F026FEBDE8F843002004B018
:10FDB0007047012DD7D1194C1948B4F8AC3043F035
:10FDC0004003A4F8AC302022896918F0D5FFD9F897
:10FDD000003015485969202218F0CEFFD9F80030BC
:10FDE000134859692022114418F0C6FFB4F8A43012
:10FDF0006FF34103A4F8A430B4F8A4306FF30413F4
:10FE0000A4F8A430B4F8A43043F08003A4F8A430DC
:10FE1000B4F8A4306FF300039DE700BF0024014154
:10FE200000290141749301012029014194930101AA
:10FE3000402901413801002030B5046894F8FF30B2
:10FE40000025D90793B0C4F868517BD523F001038E
:10FE500084F8FF3004F5D27004F042FB94F81431BA
:10FE6000002B7CD094F8162184F81451002A70D10C
:10FE7000D4F81C311D688DB12988204609F0C4FCD6
:10FE80002A8895F8B4308DF8063041F2140168469E
:10FE9000ADF80010ADF8042015F05EFD94F81731B0
:10FEA00063B1002384F817313C4B94F818211B6888
:10FEB0001B68002A55D1298820469847D4F87C3100
:10FEC00033B12046012109F093F800200FF042FDE4
:10FED0000021204609F08CF894F8F830022B19D153
:10FEE000B4F8B0304BB1D4F8AC0008B115F064FCF4
:10FEF0000023C4F8AC30A4F8B030B4F8C0304BB133
:10FF0000D4F8BC0008B115F057FC0023C4F8BC308D
:10FF1000A4F8C030002384F8F83018F015FE18B9A2
:10FF2000012102200CF0BEFB94F8153153B10023DF
:10FF300084F8153186226846ADF800208DF804302B
:10FF400015F00AFD94F8FF309A070DD4002013B085
:10FF500030BD4FF6FF71204609F056FC9EE71D4666
:10FF60009CE74FF6FF71A7E723F0020384F8FF3008
:10FF700094F8F830002BE9D0084B1B685B6843B954
:10FF8000204694F847100CF087FD204603F0F6FC5D
:10FF9000DCE7204698470028F2D0D8E7343C01201F
:10FFA0002DE9F04385B00446884601921D4600279E
:10FFB000534E46E0A66B2A46414620460DF026FBEE
:10FFC000A36CA3B1022D00F09680204610F08CFAAD
:10FFD00038B14B4B4FF080521A60BFF34F8FBFF3D5
:10FFE0006F8F19F0F1FB012005B0BDE8F083636A63
:10FFF00053B90028F5D0424B4FF080521A60BFF33E
:020000040101F8
:100000004F8FBFF36F8FECE704F1240005F026FC5F
:100010000028E6D03A4B4FF080521A60BFF34F8F62
:10002000BFF36F8FDDE719F0CFFB0020DCE702A8FC
:1000300019F05EF812E020460AF0C4FDFFF792F8CE
:10004000012718F0FBF8A26BE36B9A42B2D3022DA2
:1000500047D0019B002BE6D0002FE8D019F0B4FB6D
:1000600019F0DEFE18F0EAF894F844305BB2B3F110
:10007000FF3F04BF002384F8443094F845305BB25E
:10008000B3F1FF3F04BF002384F8453019F09CFB17
:1000900001A902A80FF07EFAE0B918F0CFF8D4F861
:1000A0003890E76B19F090FBB945C4D1019904F180
:1000B000100018F0DDFB20460AF084FDFFF752F82F
:1000C0000028BDD14FF080533360BFF34F8FBFF393
:1000D0006F8FB5E720460AF075FDFFF743F8002063
:1000E00082E7A66B0222414620460DF08FFAA36CF0
:1000F000002B3FF47CAF002E7FF473AF65E700BFA9
:1001000004ED00E02DE9F04F97B017F0BBFC504B29
:10011000DFF850911A886FF3820283461A80002715
:100120000BEB070323F0704303934A4B1D7859F8F8
:1001300025404FF00208484B03EBC503059300260A
:1001400094B949F825400024A6426DD8B8F1010FB2
:1001500076D0404B1D7885F001054FF0010859F825
:100160002540E8E74746DBE7039A6368D31A1A019C
:10017000E7D494F814A0BAF1000F2AD104200EF0AD
:10018000B7FB60B1227A6AF345122272A26842601C
:100190000279E1688160530718D115F0F1FF18F07A
:1001A000A9FC2D4B049053F83520D4F800A0EAB9EF
:1001B0002A4B009311460523EF2004F0BBFC049862
:1001C00017F03CFC002323755446B9E712F0BAFC43
:1001D000E5E71AF0020FE2D02369636016AA731CE8
:1001E00002EB860646F8404C9EB2D8E7944210D106
:1001F00043F835A0BAF1000FE1D1059A03EBC5032E
:100200005A60DCE71A4623B9154B009301210523F8
:10021000D2E713689C42F5D123681360002BCED13E
:100220000D4B03EBC503EBE716AB03EB8403002296
:10023000039953F8400C013407F04AFAE4B283E71B
:10024000002F8FD0584617B0BDE8F04F0AF00ABB18
:10025000203E0141B33C0120583A012039310201CE
:1002600051310201F03A01202DE9F04104460378B2
:10027000032B7DD8DFE803F002597E8F4A4B9B8821
:100280004BB1494A01231E46118B29B10133143267
:10029000082BF8D16CE0002600231A461946A088E6
:1002A00017F02AFE404FB500AA199200BB1803218F
:1002B000B954A2799A70A2889A80628BDA81A28B53
:1002C0001A82E28B5A82E2799A7135444FEA8508A4
:1002D00008F10703FA1854F8081FF950A38893800F
:1002E0003249002015F044FE08F10D043C44FD1D88
:1002F0004544DFF8CC80002714F8012D41463846EC
:100300000EF08AF9AC42F7D106EB8606264B03EBDA
:100310008606B288264900200EF07EF9032015F0EB
:10032000AFFD244B80225A6322E045881E4B03F127
:10033000A000002208E01A605A609A60DA601A6130
:100340001A701433834203D09988A942F9D1F2E795
:100350006288194900200EF05FF9608818F0ECFE01
:1003600019F066FD16F042FE1449002015F000FE5B
:10037000BDE8F0810379002BFAD14588284614F0B6
:1003800011FD0028F4D08580E288C2816289028252
:10039000A2894282ECE70379002BE9D0132140883F
:1003A00018F06AF9E4E700BF38330120F8AD010125
:1003B00024AE0101002A004444AE010164AE0101F3
:1003C0001CAE010105292DE9F74F81460D464FF07E
:1003D00000070ED0ADF800704FF0010A3E4604242D
:1003E000E3B252460421484609F0AAFA002E7FD013
:1003F0007BE0013201A96846019219F0D3F801A906
:100400000DF1020019F0CEF84846BDF800A012F038
:1004100066FE0446002878D1BDF80030002B76D067
:10042000BDF802209A4272D3B9F804001AF088F994
:10043000064608B91124D3E706F11003294601A89E
:10044000019319F0B9FF4FF00108334BBDF800508C
:10045000BDF802001B681B68002B3DD09A89AA4298
:1004600002D99042F7D31546D989A942F3D35B68E4
:10047000AA1A03EB021B7DB3B8F1010F9BF80E30F3
:1004800039D103F00403002B14BF0227012739469A
:1004900001A814BF1224042419F08EFF4FF00208A3
:1004A000294601A819F08EFFA21E92B2DBF80010B7
:1004B00001A8A04419F064FA1FFA88F8B9F80430CA
:1004C00008EB04029A4207DC0135BDF80230ADB2F8
:1004D000AB42ADF80050B8D2B8F1010F1AD0324695
:1004E0004146484618F05EF910B130461AF056F908
:1004F00003B0BDE8F08F5B0703D5012FEFD00227D3
:10050000CEE7022FEBD00127CAE73E4668E7064652
:10051000012465E70A2463E7A800002030B597B0FE
:100520000C68082827D8DFE800F00542464B4F64E6
:100530008D9B9F0015780295238801934C4B009367
:10054000022201235E21EC2004F0F4FA252D04D0D0
:1005500008D8022D12D0192D09D10221204603F00E
:10056000F3FC04E0272D11D001D3292DF5D900216A
:10057000204616F006FC002017B030BD162120469C
:1005800017F035F8002384F8E230F0E7E36F5A07FC
:1005900006D523F00403E3670021204611F0EAFDAD
:1005A00094F8E230082B0CBF00210121D6E7204649
:1005B00014F085FBDFE72221204617F018F8DAE770
:1005C000204618F0DDFAD6E7204619F02DF848B19C
:1005D0001221204618F0B9F80028CCD0042384F862
:1005E000E230C8E794F86E3043F0020384F86E30CE
:1005F000C1E7D4F8443194F85C10187D8842BAD031
:1006000092F900201A760021204615F071F9D4F8ED
:100610004431012101FA00F0D875204615F068F93F
:1006200001462046D4F8445118F05EFE6876B4F8CE
:100630005C30D4F844210133A2F81530204618F07C
:10064000D2FF98E74FF48153ADF810302388ADF80E
:10065000143004A81388ADF8163015F07DF98AE738
:10066000204605F04DFC86E7204615F0D1FD82E7D7
:100670004B7402012DE9F04184B0044601914FF022
:100680000008464645464F4F43E0013BA3632368BD
:100690004BB123695BB919F097F84FF00108404658
:1006A00004B0BDE8F08119F099F8A060F1E704F119
:1006B000100005F0D3F80028EDD0424B4FF08052E7
:1006C0001A60BFF34F8FBFF36F8FE4E719F07CF828
:1006D0004FF00008E3E702A818F00AFD23E017F046
:1006E000ADFDA06806F05EFA804619F06DF840E0B6
:1006F00020460AF067FAFEF735FD09E020460AF0C9
:1007000061FAFEF72FFD204618F020FF002844D1A3
:10071000012617F093FDA36B002BB6D1019B002B94
:10072000D4D0002ED7D019F04FF819F079FB17F07C
:1007300085FD94F844305BB2B3F1FF3F08BF84F805
:10074000445094F845305BB2B3F1FF3F08BF84F8E2
:10075000455019F039F801A902A80EF01BFF002836
:10076000CCD1204618F0F2FE0028C1D02368002B1F
:10077000B5D0019904F1240018F07AF820460AF067
:1007800021FAFEF7EFFC0028C2D14FF080533B6006
:10079000BFF34F8FBFF36F8FBAE7B8F1000F3FF48D
:1007A0007EAF17F04BFD616A19B1236B1968C1F177
:1007B0000501A06808F08CFF19F006F84FF000085A
:1007C0006DE700BF04ED00E02DE9F34180460C2009
:1007D0000F4615461E4619F0F1FF0446002800F0AA
:1007E0009380A0F8008087708580284619F0E6FF86
:1007F000A060002800F08580A288314618F0BCFA7D
:10080000A388B3F5297F16D8A278022A4ED1012BEE
:1008100011D920883E4F16F075FC0828054615D1E1
:100820003B6800250C331A7892B10135EDB2082DE2
:1008300003F10C03F7D1A06819F0C2FF19F0CCFF47
:10084000204602B0BDE8F04119F0BABF15F068FCCF
:10085000A3683A6818880C2303FB05F6043080B2BD
:1008600002EB060803F57E739842A8F81200E2D85E
:1008700019F0A4FF3B68C8F8140033445A69002AF1
:10088000D9D02288DA8100221A82DFF88480A288F7
:10089000D8F800600C276F433E44308A738A811871
:1008A00099420ADD284615F03BFCC4E7208816F083
:1008B00029FC08280546E8D1BDE77369A1681844FA
:1008C00018F05AFAA288338A1344728A9BB2934270
:1008D000338213D12188002201927069009001F5C2
:1008E000005189B240F2031016F004F8D8F8003035
:1008F00020881F449B6879699847D3E701233373A5
:1009000099E719F067FF9BE702B0BDE8F08100BFEF
:10091000F03B0120F0B5144687B020B919B100258D
:10092000284607B0F0BD002CF9D06268002AF6D046
:100930002268002AF3D03F4A3F4F11603F4A4049A6
:100940001060404E404D41488BB9414A3B70D2F84F
:1009500000C0C1F800C00323B2F804C09279A1F826
:1009600004C08A713370F8232B700E231EE05A786E
:10097000D2074BBF1A46364A52F802CFD2F800C00F
:10098000C1F800C0B2F804C0A1F804C092798A711D
:10099000597811F0020218BF93F909203A701A78B9
:1009A00032704E07DFD59A7ADB7A2A700370294BB2
:1009B0000E221A7010F0DAFE224603AB52F8080F2E
:1009C000516803C390681860D4E90023590705D023
:1009D000D91D21F007011A44521A0B46CDE9012313
:1009E00016F0B8FBDDE9010110F0E4FA05F0B8F902
:1009F0000546002893D0184B4FF00072C3F88420AE
:100A0000BFF34F8FBFF36F8FA02183F83913C3F863
:100A100084215A6004F06CFD14F04CFB01A80DF029
:100A200045FB237BDB073FF57BAF13F0FFFA054661
:100A300076E700BFC4000020C9000020C0000020ED
:100A4000D0000020D8000020D9000020D7000020CE
:100A50000CA70201C800002000E100E02DE9F04FE2
:100A600090F8199090F810A085B00446884600F1DF
:100A7000280500F1410700F11B06B9F1030F45D825
:100A8000DFE809F0020A16162946002017F086FC56
:100A9000002384F8343039E0BAF1F00F03D128464E
:100AA00018F096FF28E03B688362BB88AB8023E0A8
:100AB0009DF80830827E62F300038DF808303368B9
:100AC000CDF8093002A8B388ADF80D300FF01AFB4D
:100AD000834698B10DF1070102A810F0BBFB94F812
:100AE000FD3023B19DF80710012000F0DBFA294604
:100AF0009DF8070017F022FD0123CAE7B9F1020FA4
:100B000041D1294617F04AFC84F834B094F83830C3
:100B100013B1FF2384F834309DF80830A27E657E3F
:100B200062F300038DF808303368CDF809304FF0D8
:100B30000009B3888DF8079002A8023DADF80D308A
:100B400009F062F9012D04F12E0722D808B30DF146
:100B5000070102A810F07EFB9DF80710484600F040
:100B6000A1FA394602A812F033FE002384F8FD30C2
:100B70000B4B196801EB88014B6A0BB12046984773
:100B800005B0BDE8F08FBAF1F00F88D03B68A362E2
:100B90008BE73368C4F82E30B388BB80E5E700BF2D
:100BA000343C01202DE9FF410546502019F006FE96
:100BB0000446102019F002FE064604B150B9484B15
:100BC000009300220423C121EE2003F0B3FF04B000
:100BD000BDE8F081EA6D02F5C07204F110001368FF
:100BE0002360536863609368A360D368E360EB7825
:100BF00004F1300705F11208002B68D1E96D2022BD
:100C0000EB3118F0B9F820224146384618F0B4F814
:100C1000E86D33465022214600F5E070FBF728FCD2
:100C2000314603A818F03CFB03992E4AB1FBF2F3BE
:100C300002FB13130393EB6D102283F86F20EB6D0F
:100C400032681A67204619F0BBFD304619F0B8FD2E
:100C50000C20039C19F0B2FD01460028B7D0224AAF
:100C6000B4FBF2F303F13000887102FB13434FF43D
:100C70007A7042F21072B3FBF2F33033CB71B4FBF3
:100C8000F2F302FB1343B4FBF0F2B3FBF0F300FB0F
:100C9000124230336420B2FBF0F230320B724A72EF
:100CA000B4FBF0F30A2200FB1343B3FBF2F330333F
:100CB0008B72B4FBF2F302FB134430340223CC7288
:100CC0000B702B888B800C2019F084FC7FE720228E
:100CD000414618F051F8E96D2022EB3195E700BF4D
:100CE0005C9A020140420F00A08601002DE9F0410C
:100CF0008AB0174602294FF0000206460D468DF8CD
:100D000004208DF8052020D9013302A90DF1060039
:100D1000029318F047FC3046DDF8088012F0DFF946
:100D2000044630B93946BDF8060011F03FF90446D3
:100D3000C0B1122F06D19DF804301BB954B930460A
:100D400011F0E0FB0AB0BDE8F081122FADF80620EB
:100D5000F8D10424E3B2BDF806201221304608F091
:100D6000EFFDEFE704AA03A9BDF8060015F078F936
:100D7000002859D0049B5B68D3E90112107819F060
:100D8000BFF8039A0346D27B3088102107F0F6FAA9
:100D900084B2002CCDD1039A937B9289033D13F04A
:100DA000080FADB232D1AA4232D103F02103202B79
:100DB00030D03388ADF81C30BDF80630ADF81E30A9
:100DC0000023ADF820308DF825300DF10502039B8E
:100DD000059301A905A8ADF822508DF82470CDF82F
:100DE000188004F061FC039B9A7BD1070446A0D4D1
:100DF00000289ED12A465868414617F0BDFF039B44
:100E00009A7B120795D59B681D8092E7AA42CCD2A7
:100E10000D248EE7BDF80620414630460AF0BEF8A4
:100E20000446002885D1C4E7012482E70378012B1A
:100E300000D0704770B594B044682378002B62D11D
:100E4000A3780BB114B070BD444B1E6833684BB12E
:100E5000321D01231D4652F8041B21B10133082B1A
:100E6000F8D1EFE70025202019F0E4FB46F8250033
:100E70003A4B1E6856F825000028E3D020220021B6
:100E800018F032FE56F82550002DDBD0A3882B80B9
:100E9000A379AB70281D234653F8072F6A609A8800
:100EA0009B79828083710123EB7007F0BFFBA877E9
:100EB000082809D1A388ADF8063001238DF8043045
:100EC00001A811F06BFCBDE74C22002101A818F02D
:100ED0000BFE01A9A87F04F04BF90028EAD19DF888
:100EE0004C10C1F300029DF8003062F34103C1F3DE
:100EF000400262F300038DF800306A4689082888B2
:100F000012F0CAF8D6E7012B9CD100238DF80430EB
:100F10006388ADF80630608811F064FC60B1827FB0
:100F20008DF8082012F082FD0D4B1B78002B89D024
:100F300000240C4E0A4D09E008238DF80830F3E731
:100F400001342A78E3B29A427FF67CAFE3B256F8D6
:100F50002330002BF4D001A89847F1E7203B012073
:100F600000000020040000202DE9F04F092989B07D
:100F700007460D4601D0172927D1013205A904A83B
:100F8000059218F00FFB05A90DF1120018F00AFBED
:100F900003A8022205A918F0E9FC3846DDF81490F0
:100FA000BDF8108012F09BF8002874D1BDF8103005
:100FB000002B72D0BDF812209A426ED3B88819F077
:100FC000BFFB044680B9112005E00024ADF81040B5
:100FD0004FF001080420C3B242460621384608F00B
:100FE000AFFC002C54D050E004F11003072105A8F9
:100FF000059319F0E1F9073DADB20126DFF8A0B085
:101000000DF11C0A06AB0093CDF804A003AB02223D
:10101000BDF81210BDF8100009F07AFF58B3022293
:10102000594603A817F09AFE0028EBD1069B9A6850
:101030001288AA4211D12A464946586817F08EFEF6
:1010400058B9079B05A8998919F0BCF9079B05A811
:10105000D98919F0B7F90436B6B2BA88331D93426C
:1010600009D8079BBDF81220DB8901339BB29A4255
:10107000ADF81030C2D2012E01D10A20ABE72246D2
:101080003146384617F08EFB10B1204619F086FB2A
:1010900009B0BDE8F08F00249DE7044601209AE7DF
:1010A0001FA802012DE9F34107460C46C92501F0AE
:1010B0000706032101A80AF0DBFD9DF80630DFF8E2
:1010C0001C8103F07F0343F040038DF8063000BF1E
:1010D000D8F800309900FBD43B4B1A8842F040020C
:1010E0001A801A8842F020021A8017B1204601F0B7
:1010F000D9FA364BD3F8682F66F31242C3F8682F3B
:10110000B3F86C1F87F0010262F30001304AA3F8C4
:101110006C1F11689DF8040060F3070111601168ED
:101120009DF8050060F30F21116011689DF806001D
:1011300060F317411160D3F8682F42F48002C3F8BE
:10114000682F00BFD3F8682F5202FBD4D8F80030C4
:1011500013F0807F1F4B1B6814BF1F200020013D30
:1011600013F0020F18BF1F2015F0FF0501D01F2834
:101170009FD02FB3184B1968144B062505FB04119B
:10118000D3F8A42F81F84321D3F8A42FC2F3072268
:1011900081F84421D3F8A42FC2F3074281F84521F6
:1011A000D3F8A42FC2F3076281F84621D3F8A82F01
:1011B00081F84721D3F8A83FC3F3072381F84831CA
:1011C00002B0BDE8F08100BFC434014100240141F8
:1011D000103401418C340141B00100203034014110
:1011E00070B5431E13F10A0F71D800F1080414F012
:1011F000070305D0C3F10803DA43A24267D31C44B6
:1012000018F00EFE3C4B1B68002B67D0002C1CDB3B
:1012100014B33A4B1E68A64221D339490B6823E028
:10122000384B37480260002141601344083B23F0EB
:1012300007033148036059601960991A51601360BF
:10124000314B19602D4B1960E0E7FDF78BFF18F06B
:10125000C4FC0025284670BDFDF784FFF7E7FDF7C5
:1012600081FFF4E7194613465A68A24202D21A686F
:10127000002AF7D1204A12689A4225D00D68083515
:101280001A680A605868001B102805D91A1950609E
:101290005C60086818510A605968761A1748066039
:1012A0001948006886423CBF1748066041F000417B
:1012B000596000221A60154A136801331360FDF764
:1012C00051FF002DC6D1C2E7FDF74CFFBFE718F074
:1012D000A7FD094B1B68002BBED100240C4A12F05D
:1012E000070F9DD0D11D21F0070102F5943324335F
:1012F0005B1A0A4695E700BF783B01207C3B012042
:10130000B83A012024280100803B0120843B0120C1
:101310005802002070B5044688B0008816F01AFD07
:10132000002800F087800568D5F84461002E00F0A1
:101330008380D6F8223023B9092004F0B1FEC6F824
:101340002200D5F84431D3F82220002A76D0A378A1
:10135000FF2B69D0E1780B441370D5F84431E17864
:10136000D3F82220A3785B1A5370D5F84431617901
:10137000D3F8222023790B449370D5F84431617956
:10138000D3F8222023795B1AD370D5F84431E28850
:10139000D3F822309A80D5F84431D3F82220137A3A
:1013A00043F001031372D5F84431D3F8222000230F
:1013B0009371D371D5F84421D2F822100A7A42F001
:1013C00020020A72D5F84421D2F822100A7A42F09B
:1013D00006020A72D5F84421D2F822100A7A42F0A5
:1013E00018020A721D46E3880693637905932379F0
:1013F0000493E3780393A378029323880193104B1B
:101400000093022201235521EC2003F093FB45B108
:101410000C4B0093019501230022FD21EC2003F0E9
:1014200089FB284608B070BD1370D5F84421D2F866
:10143000222099E70225D6E71A25D4E70725D2E727
:1014400072F40101FC66020138B590F8E230012B1C
:1014500004460D460ED1D0F8B4316BB9082004F023
:101460001FFE2A46C4F8B40152F8013F03605368D6
:10147000436001E0032BF1D03E4B69781B681A787A
:101480000A4084F8ED20A9785A780A4084F8EE20C2
:10149000E9789A780A4084F8EF20DA7829790A40C6
:1014A00084F8F0206A791B79D4F844511340E26F34
:1014B00084F8F13042F00802E267002D3CD113F0CD
:1014C000060F39D0262004F0EBFDC4F8440198B390
:1014D0004FF07E330360D4F844215360D4F8443194
:1014E0004FF002329A60D4F84431DD60D4F84431D0
:1014F0001D74E27DD4F84431002A37D10721597593
:101500009A75D4F84421002313751B4AD4F844116A
:1015100050794874D4F8441190798874D4F84411FF
:10152000D279CA74D4F8442182F8223082F8233068
:1015300082F8243082F8253094F8EE301B075CBF27
:1015400040F64803A4F85A31E37D73B9D4F8F0307B
:1015500003F48413B3F5004F01BF94F8F23023F085
:10156000500343F0500384F8F23038BD5D759D752B
:10157000C7E700BF38010020B6010020F0B540F2F7
:10158000FF7681EA030C16EA115E1EBFB64516EA25
:101590001355B54252D021EA465141F48011A1FBC6
:1015A000024723EA465343F48013AE44A0FB03658D
:1015B0000CF0004C36197D41A1FB034747F10003B5
:1015C000A0FB0217F619654153F10003094218BF49
:1015D00046F0010640F2FE74B3F5007F13D2AEF57B
:1015E000806EA64523D24CEA0331280341EA155107
:1015F00040EA16503203450872F1004250F10000F3
:1016000051EB0E51F0BDAEF2FF3EA6450FD24CEAB3
:10161000C321E80241EA555140EA5650F20245081A
:1016200072F1004250F1000051EB0E51F0BD1EEA84
:101630000E0F2DD50CF000410020F0BD16EA115F11
:1016400004BF01F000410020004218BF41F0010139
:1016500016EA135F04BF03F000430022124218BFD2
:1016600043F0010306EA1354B44218BFB64503D051
:101670000CF000410020F0BD21F0004123F00043B8
:10168000B1EB065F0CD8B3EB065F09D841B13BB1B3
:101690000CF0004141F0FE4141F470010020F0BD2A
:1016A00040F20001C7F6F8710020F0BD82B0009052
:1016B00007EE902AF8EE676ADFED457A86EEA77AA4
:1016C0000191002958D007EE901AF8EE675ADFED25
:1016D000407A85EEA75A06EE900AF8EE665A85EE35
:1016E000A76AF1EE087A26EE276AB4EE676AF1EE91
:1016F00010FA64D0FCEEC64AF7EE007A77EEC56ABF
:1017000066EE876AF8EE645A36EE656A66EE055A4A
:1017100077EEE55A65EE875A37EEC66A26EE056A19
:1017200077EEC67A67EE877A14EE902A042A20D8DC
:10173000DFE802F03E030A111800F0EE667AF0EEE0
:10174000476AB0EE657A1BE017EE102AB0EE667AB3
:1017500006EE902A14E0F0EE477AB0EE667AF0EEEC
:10176000656A0DE017EE102AB0EE677A07EE902A50
:1017700006E0F0EE657A03E0F0EE477AF0EE476AB5
:101780009FED146A27EE067ABCEEC77A83ED007AE5
:1017900066EE866AFCEEE66A029BC3ED006A67EEBF
:1017A000867AFCEEE77A039BC3ED007A02B07047BD
:1017B00016EE902AF0EE676A07EE902AE0E7F7EE61
:1017C000006A76EEC56A66EE876AF0EE667AD7E75B
:1017D00000007F4300FF7F472DE9F043B9B00E467C
:1017E00018AF402204460021384618F07DF996F9DA
:1017F00001200023520093426FDB96F90040E5B2CE
:101800006A00002352B2184659B28A426DDC0028A1
:1018100060D006F1040922463946484615F0FAFE22
:1018200001286DD107EB040822464146484615F0D1
:10183000F1FE012864D12346424628A804F0C8FBE3
:1018400028A96846F9F7DCFB2022002110A818F02F
:101850004BF996F9008003233A4608AC8DF84030E6
:101860003946434628A804F0B3FB28A92046F9F7D7
:10187000C7FB434610AA2146204614F003FF18B1C7
:101880004A46204615F0A7FA16F9843B3A46214607
:1018900028A804F09DFB28A92046F9F7B1FB434690
:1018A00032462146204615F096FA28B94246484667
:1018B00015F0B0FE012805D043464A462146204691
:1018C00014F0E0FE6B1E5BB200201A0611D5B0FAD0
:1018D00080F0400939B0BDE8F08338A91944E05CD4
:1018E00001F8800C0133DBB285E7F95C0133084372
:1018F0008AE71DF80320E15C4A401043013BE4E71E
:101900000020E7E7F7B5C568008915F0CFF8044671
:10191000002800F08780C66D002E00F08380AB8821
:101920002868ADF8043000906B4606251A78013D12
:10193000303A15F0FF0503F8012BF7D19DF801208F
:101940009DF800309DF803109DF8047042F210706D
:101950005043354A02FB03039DF8052013446422DB
:1019600012FB01329DF802304FF47A7101FB032320
:101970000A2101FB073106F16F0018F025FFE26D27
:10198000C2F87350C2F87750C2F87B50E36D012261
:101990009A7094F85730E16D83B391F8713091F8F3
:1019A00070201B0443EA022391F86F2013438B62DB
:1019B000E36D83F82650E36D93F82620996AD140B1
:1019C00001F0010141F08001204604F0F7F8E378CE
:1019D000E16D3BB901F5D871204603B0BDE8F04098
:1019E0000DF050BCCB7813B9002003B0F0BDCD7022
:1019F000E36D9D70E16D01F5B871EDE7E3782BB90A
:101A00006F312046FEF7ACF8E16DE3E7CB78002BB1
:101A1000EAD0CD70E36D9D70E16D20466F31FEF729
:101A20009FF8E7E70120E0E7A086010070B586B0E7
:101A3000044600230DF1120105A8ADF8123014F090
:101A4000CFFB059B94F85020039394F85130CDE9D7
:101A50000143002A65D13B4B009302231A467E21A5
:101A6000EC2003F067F811F05FFD637843F00103A9
:101A7000637094F85330012B4FF000051DD163784B
:101A8000E66984F8535043F004036370059BF61A2B
:101A90002D4B1A6892F8403203F58E73C6F3160682
:101AA00032F8135040F2391105F27125B5FBF1F50A
:101AB0000135B5422CBF0025012563699C4202D047
:101AC0005B78DB0729D595B31F4BBDF81200196869
:101AD00091F8402202F58E7240F27123734331F87F
:101AE000126006EB9006C6EB5306E3690293059B72
:101AF0000193164B009302231A467F21EC2003F03A
:101B000019F8314604F13800646400F0FFFA204609
:101B100013F0A4FF20460AF045FE15F02FFB06B097
:101B200070BD0B4B009302231A467F2198E7204695
:101B300016F0FEF80122294694F8500009F08CFBBB
:101B4000EBE700BF40B8010194010020A3B80101F8
:101B500072B801012DE9F341089D04461F4609B101
:101B6000002A35D0E06EC8B93B68AB4213D17B6820
:101B7000216A5B1B9AB291420DD8E561B2F5487FAC
:101B80004FEA4525E565636A01D1A36202E093420D
:101B9000FBD3A262012002B0BDE8F081D1B10025E3
:101BA000BC46FF212B464FF6FF7E93420ED0DCE968
:101BB0000006361A206A06EA0E08404555D8A07875
:101BC0004007C6F3160647D5F5B21946FF2905D1D9
:101BD0000020E0E7D7E90035ED1AEDB2637813F0A5
:101BE000040F0EB22AD194F85020012A42D1626A21
:101BF00095423FD91B073DD402210DF106000AF0A2
:101C000037F8636ABDF80620C3F101032B44B2FB29
:101C1000F3F503FB152557F8363053FA85F5C5F370
:101C20001605E561E3695A02E26594F85220012A3B
:101C300001BFA26D9B18C3F31603E36107EBC60354
:101C4000E2695B689B1A9AB2B2F5487F626AA0D0DB
:101C50009BB29A429DD398E794F850000128B3D1E3
:101C6000B0B2854201D2F5B219460133DBB20CF1B4
:101C7000080C9AE757F83630E361D3E72DE9F743CC
:101C8000D0F84C318046002B55D116F097FB98F8D0
:101C900048314FF4207202FB030020F07040C8F876
:101CA0004C010021404612F041F9002870D00B2170
:101CB000002016F098F9014600286BD0364A2923F7
:101CC000037312680023C0F80D30C0F81130A0F87B
:101CD00015301278314812F0080237D007684FF0FB
:101CE000010C9946D7E918620192BA6D06EA020E14
:101CF000FA6D019E164006EA09050EEA0C0454EA44
:101D000005024FEA430001EB930200F0060014BF06
:101D10000126032686400133507B1CEB0C0CDBB202
:101D200040EA060049EB0909252B5073DAD14046F9
:101D300007F0A0FA06E016F041FBD8F84C31C01AC3
:101D40000301A2D5002003B0BDE8F083D0F800C0A5
:101D5000012300254FF0030EDCE9164003EA0406D8
:101D600005EA000756EA07000BD101EB9204500088
:101D700094F80D9000F006000EFA00F040EA090019
:101D800060730132DB18D2B26D41252AE4D1CEE76F
:101D90004320D8E70720D6E738020020380100208A
:101DA00030B5C36D5A78012A89B0044601D0042A9F
:101DB00012D10021204603F001FFE06D102200F552
:101DC000B87100F5F07016F0C9FF80B1042120460B
:101DD00008F020FE09B030BD022A08D193F8262071
:101DE000996AD14001F0010141F08001E3E7E26D21
:101DF0005378042B0BD12046FEF7D4FE2046FBF788
:101E0000A9FC002211462046F8F786F8E2E7012BEC
:101E10000ED12046FBF79EFC002211462046F8F723
:101E20007BF8E16D204601F5E8710EF0ABFAD1E7E1
:101E3000022B31D192F82630122B27D86846202168
:101E400009F016FFE56D6B4603CB05F5E072C5F8AA
:101E5000C001516003CB9060D160E26D92F82630F2
:101E6000013382F82630E36D93F82620996AD14039
:101E700001F00101204641F0800103F09FFEE16D79
:101E8000204601F5D8710DF0FDF9A3E72046FBF7D8
:101E900061FCE26D6F32C0E7032B9BD12046FBF75C
:101EA00059FCE36D997809B103F16F0193F8E520CE
:101EB000002AB3D0024B1B689A684032AEE700BFDD
:101EC000A4010020002858D0454B1B683BB9454A67
:101ED000D2F8643F43F00103C2F8643F70479A07A9
:101EE0001FBF4049D1F8642F42F00102C1F8642FAE
:101EF00013F00C0F1FBF3B49D1F8642F42F00202D0
:101F0000C1F8642F13F0300F1FBF3649D1F8642F8A
:101F100042F00402C1F8642F13F0C00F1FBF314913
:101F2000D1F8642F42F00802C1F8642F13F4407F07
:101F30001FBF2C49D1F8642F42F01002C1F8642F62
:101F400013F4406F1FBF2749D1F8642F42F02002DD
:101F5000C1F8642F13F4405F1FBF2249D1F8642FEA
:101F600042F04002C1F8642F13F4404F36D01D4AAE
:101F7000D2F8643F43F08003AEE71A4BD3F8642FE6
:101F800060F30002C3F8642FD3F8642F60F34102BA
:101F9000C3F8642FD3F8642F60F38202C3F8642F70
:101FA000D3F8642F60F3C302C3F8642FD3F8642F0F
:101FB00060F30412C3F8642FD3F8642F60F3451262
:101FC000C3F8642FD3F8642F60F38612C3F8642F2C
:101FD000D3F8642F60F3C712C3F8642F704700BFB3
:101FE000583C0120002401412DE9F04F0E4649687C
:101FF0003568D6F80890F7688BB0CDE9032300293F
:10200000ACBF25F00205012115F010030593039BD9
:102010008346D3E900232FD052EA03002CD0A9F144
:102020000208346915F0080004F1FF3408904FF0FD
:102030000000385518BF08F1FF388A46012C1DDC16
:10204000059B002B54D1089B13B1013C20233B5529
:1020500032690095013A4B46121B391958460AF06D
:10206000DDF8DBF80430DB0503D573689842B8BFB0
:1020700018460BB0BDE8F08FC846D2E752EA03001D
:1020800009D1BAF1000F06DCA8EB0100504400288A
:10209000D6DDA807D4D502F00F000928D4BF00F17F
:1020A000300E00F1570E0498A0F1410CBCF1190F4D
:1020B00004F1FF3410D84EF0200CACF1610CBCF1EF
:1020C000190F09D870460991CDE9062318F077F861
:1020D000DDE9062309998646100940EA03704FEAB4
:1020E000131C07F804E00AF1FF3A02466346A5E72D
:1020F000039BD3E9000150EA0103A4D03A19049BE1
:1021000002F8013C023C30233B559CE72DE9F341AA
:102110000E46044650B93F4B009302460523042166
:10212000EF2002F007FD02B0BDE8F08115F03EFCA3
:1021300016F0E0FC7600804615F0A4FC40F2E14386
:102140009E42257A92BF022640F27121B6FBF1F63B
:10215000AB060644074626F0704609D445F0200534
:102160006660257201223946204605F0B1FA18E072
:1021700015F0070518BF0125274B53F82520944279
:10218000194619D1254A1278AA4222D163681A1A2F
:1021900044BF03F180531A1A012A08D80223237579
:1021A0002661404602B0BDE8F04115F047BC236807
:1021B00041F8253008F056FB194B53F835201946E5
:1021C0005AB9184B009311460523EF2002F0B2FCD8
:1021D0000CE0226843F82520EEE7A2420FD12268E6
:1021E00043F8352012B903EBC5056D606660B9E7A9
:1021F0001A4623B90C4B009301210523E5E7136828
:10220000A342F5D123681360002BEFD101EBC50584
:102210006A60EBE724310201F03A0120B33C01206F
:10222000583A0120393102015131020170B5284D6F
:10223000284E2846002118F0C5FA274B274A1E626F
:10224000274E5E62274E9E620426DE62264E1A608C
:10225000264A5A60C3E90C65254A264D26499A60EC
:102260009D63264A264DDA60264A5A61C3E90F511A
:10227000254A264D9A615D64254A264D26481961F6
:10228000C3E91252254DDA610024C3E914500470E9
:10229000234898652348C3E9170123495966234910
:1022A0002348C3E91A12234A1A67234A5A67234A62
:1022B0009A67234ADA67C0E90043224B8360012210
:1022C000214BC36002740821BDE870400EF0CABD06
:1022D000883C012058A80201D83401201FA802011F
:1022E00010A8020166A802013E9D020168A8020131
:1022F0006AA8020164A802010AA602010200000104
:102300000200201177A702015EA802016DA7020159
:10231000050000015AA80201B73C012054A802019F
:1023200060A802010100031172A702015CA802016A
:10233000143A012056A80201683A012062A802015D
:10234000100002010CA802011000170070B590F8EF
:102350001931856888B004460BB112F0FDFB94F882
:10236000FA3094F8F860D3B13A4B1A686FF3000270
:102370001A60A3F24C4321461A686FF3DB621A60BD
:10238000002006F0E3FD2146002000F0D9FD94F87E
:102390004730012B03D104F5C67002F0A1F82E4A94
:1023A00000952E4D2E490023137084F8FA308DF8D5
:1023B00006302B88ADF8043008226B4601200CF063
:1023C0006BFC2B88274D13F0280F3AD1022E38D002
:1023D00094F81911A9BB94F84720012A31D013F4BD
:1023E000C27F1ED013F4C07F08BF0121204607F032
:1023F000F7FFD4F8983013B101232B7014E02B7041
:10240000194B94F894201B78013A93421CDA01335B
:10241000DBB284F8543004EB83035B6EC4F898306D
:10242000EAE72B78002BEBD01822002102A817F046
:102430005BFB02238DF8083001238DF80A3002A8D7
:1024400003E02B78002BEFD10020FDF7D3FA08B082
:1024500070BD00BF583E0141F4010020DA010020A8
:1024600000000101D8010020CC01002038B504464D
:102470003E4B1D6872B6BFF34F8FBFF36F8F10F0E6
:1024800089FA08B962B638BD394B06221A6008339A
:102490001A680AB9374B1A68A54228BF2546681E34
:1024A00034490C6804FB0024334A126812F0806F30
:1024B00006D0314A4FF0007111602E4A1268A41AFA
:1024C0002E4A1268A24238BFA41A2D4A1460043260
:1024D0000021116026490A6842F001020A6025B114
:1024E000BFF34F8F30BFBFF36F8F62B6BFF34F8F15
:1024F000BFF36F8F72B6BFF34F8FBFF36F8F1C495F
:1025000006220A600A6812F4803F1ED0194B1A682E
:102510001C4B1B681344013B1B1B1849096899425B
:1025200001D29A4200D2531E154A1360154B002265
:102530001A60083B07221A600E4B1B68013B104AC9
:10254000136011F0DFFF62B69DE70E4A1168094A79
:10255000126805FB02F3581AB0FBF2F000FB0222EE
:10256000CB1A1344064A1360E0E700BF743B012016
:1025700010E000E0703B012004ED00E06C3B012026
:1025800014E000E018E000E000B583B00023019300
:1025900007F06AFD8DED010A8DED000ADDED017A8F
:1025A000F5EEC07AF1EE10FA33D4DDED017AB2EE39
:1025B000047A67EE877AFCEEE77A17EE903A9BB2E0
:1025C000344A53711B0A137117F042FE032836D0A8
:1025D000314BD3ED007ADDED006AB7EE007A37EECD
:1025E000877AB4EEE67AF1EE10FA0AD49DED007A1D
:1025F000F7EE006A77EEE67AF4EEC77AF1EE10FABB
:1026000004DD18F02FF8009A234B1A6003B05DF830
:1026100004FBDDED017AF1EE677ACDED017ADDEDB7
:10262000017AB2EE047A67EE877AFCEEE77A17EE6B
:10263000903A6FEA43436FEA53439BB2C0E7174BAC
:10264000D3ED007ADDED006AB7EE007A37EE877AD7
:10265000B4EEE67AF1EE10FA0AD49DED007AF7EEC8
:10266000006A77EEE67AF4EEC77AF1EE10FACDDD85
:1026700041218A2008F090FF0028C7D10098074B1D
:10268000186013F087FA02460B46054900200BF04C
:10269000C3FFBBE7E8420120F4420120F8420120D9
:1026A0003C70020170B5444B1C68444B272101FB70
:1026B0000042D3F8845F92F8226066F31F65C3F886
:1026C000845FD3F8885F92F8236066F30705C3F848
:1026D000885FD3F8885F92F8246066F30F25C3F80B
:1026E000885FD3F8885F92F8256066F31745C3F8D2
:1026F000885FD3F8885F92F8266066F31F65C3F899
:10270000885FD3F88C5F92F8276066F30705C3F8FB
:102710008C5FD3F88C5F92F8286066F30F25C3F8BE
:102720008C5F92F82960D3F88C5F66F31745C3F885
:102730008C5F92F82A60D3F88C5F66F31F65C3F84C
:102740008C5F92F82B60D3F8905F66F30705C3F8AF
:10275000905F92F82C60D3F8905F66F30F25C3F872
:10276000905FD3F8905F92F82D6066F31745C3F839
:10277000905FD3F8905F92F82E6066F31F65C3F800
:10278000905FD3F8945F92F82F6066F30705C3F863
:10279000945F92F83050D3F8942F00FB011165F349
:1027A0000F222144C3F8942F897AD3F8942F61F330
:1027B0001742C3F8942F70BDB001002000240141DE
:1027C00070B586B0038801930546414B0093EC2019
:1027D000012302224C2102F0ADF9288815F0BAFA43
:1027E00000286ED00468E37D012B03D194F8ED300E
:1027F000990768D5204614F0AEFE002846D0302058
:1028000003F04EFCC4F8B4016B880380AB884380AE
:10281000EB8883802B89C3806B890381AB894381DB
:1028200094F86D301A0755BF94F8F2306FF3C30374
:1028300043F0010384F86D3058BF84F8F230064647
:1028400017F026FE01281FD97388628FD4F8CC00B8
:102850009A421ABF40F2E2415943002116F005FFA7
:10286000A4F8A800B4F8A82032B17188B2FBF1F343
:1028700001FB1323A4F8A830204612F02EFE20B34B
:102880000024204606B070BD0023F3E7286869687D
:10289000AA8902AB03C3A86818609A80204602ABDD
:1028A0000E2201210DF076FB04460028E8D0094BEA
:1028B0000093019401230022FF21EC2002F03AF959
:1028C000DFE70224F3E71A24F1E70724EFE700BF6C
:1028D000CC710201E671020138B52F4B2F4A1A6004
:1028E0002F4A5A602F4A9A6002229A8100229A73D4
:1028F0000121D9732C4C1C612C4858612C489861DB
:10290000052098839A77D9772A4D1D622A4D5D62FA
:102910002A4D9D6211259D8583F82E2083F82F1066
:102920001C63274D5D63274D9D63988783F83E2088
:1029300083F83F10244D1D64244D5D64244D9D6437
:102940000F25A3F84C5083F84E2083F84F101C65D8
:10295000204C5C65204C9C65A3F85C0083F85E20ED
:1029600083F85F101D4818661D4858661D48986614
:102970000820A3F86C0083F86E2083F86F101A48C3
:10298000026043608260802383818623C381027456
:10299000072115F0A0FA38BD583501201FA8020103
:1029A0007CA70201EE5401010AA6020114A602014D
:1029B0004E4A0101E453000160420120BA3C01206B
:1029C0001CA602016E51010104630101C4420120F1
:1029D000724201200CA60201B6BE00012C280001A3
:1029E000E0420120EE4201206039012070B504462A
:1029F00086B00E2200210DF10A0017F075F8E06D87
:102A000002A9B0F8B030ADF8083000F1A0024F30A4
:102A100003F0ACFBE16D2046A03110F00DFE10205C
:102A200017F0CCFE054680BB334B009302460423CF
:102A3000C521EE2002F07EF8102017F0BFFE0546FB
:102A4000102017F0BBFE064605B180BB2B4B009350
:102A500000220423C421EE2002F06CF8102017F0AD
:102A6000ADFE054678B11022002117F03DF8012394
:102A7000AB70E06D294600F1D3024F3003F076FBD6
:102A8000284617F09DFE06B070BD032300F8013BF9
:102A90000F22002117F028F8E06D294600F18F027F
:102AA0005F3003F063FB284617F08AFEC4E7E26D4F
:102AB00052F8B23F2B6053686B600023AB60EB6051
:102AC000E06D324629468F3003F050FBE26D3378DB
:102AD00092F8B0104B4082F8B030E26D737892F803
:102AE000B1104B40284682F8B13017F069FE3046ED
:102AF00017F066FEB2E700BF3967020150670201B6
:102B00002DE9F04385B004468846019200263546FB
:102B1000DFF8F89035E04146204614F04BFE7B1E6E
:102B2000A36323692BB916F04FFE012005B0BDE861
:102B3000F08304F1100002F091FE0028F3D0334B33
:102B40004FF080521A60BFF34F8FBFF36F8FEAE7E9
:102B500016F03AFE0020E9E702A816F0C9FA1AE0DA
:102B6000204608F02FF8FCF7FDFA09E0204608F0AF
:102B700029F8FCF7F7FA204616F0E8FC002842D1C5
:102B8000012615F05BFBA76B002FC4D1019B002B26
:102B9000DED0002EE0D016F017FE17F041F915F048
:102BA0004DFB94F844305BB2B3F1FF3F08BF84F8AB
:102BB000445094F845305BB2B3F1FF3F08BF84F84E
:102BC000455016F001FE01A902A80CF0E3FC002814
:102BD000CCD1204616F0BAFC0028C1D0019904F1EE
:102BE000240015F045FE204607F0ECFFFCF7BAFA8A
:102BF0000028C5D14FF08053C9F80030BFF34F8F84
:102C0000BFF36F8FBCE7002090E700BF04ED00E04A
:102C10002DE9F04192B01E464B7906930B7905934E
:102C2000CB7804938B7803934B7802930B780193C2
:102C3000384B009380460C46174601230222202180
:102C4000EC2001F077FF17F059FC00283CD1B8F1D7
:102C5000010F4DD033463A46214640460BF0B4FFB3
:102C600000284AD116F018FF0546002850D19DF8DB
:102C7000203068F3000360F341038DF820302368AF
:102C8000CDF82130A388ADF825303B68CDF827304A
:102C90007B68CDF82B30BB68CDF82F30FB68CDF8C2
:102CA00033303368CDF837307368CDF83B30B368D4
:102CB000CDF83F3008A8F368CDF843300CF00AFF98
:102CC000284612B0BDE8F081134D2B689B6C9847E5
:102CD00060B92B68DB6C984740B92B681B6D98472F
:102CE00020B92B685B6D98470028B0D00C2505E013
:102CF000637903F0C003C02BACD01225074B0093BF
:102D0000019501230022FF21EC2001F013FFD7E7FA
:102D10000725F3E72E6D0201300100200A9302011E
:102D20002DE9FF473C4E336890461A788246894623
:102D3000002A5AD1B8F1000F02D15B78002B54D091
:102D4000402003F0ADF90546202003F0A9F907461D
:102D5000002D5FD000285DD0304C14F027FE226893
:102D6000012313773268514613702846202216F04B
:102D700003F820224946A81815F0FEFF2368B8F191
:102D8000000F1FD0264A9A611B2015F023FFE0B1E7
:102D900017F0ACFC01462846FEF71EFDA8B92846F0
:102DA00012F00AFD384612F007FD122402AB05228C
:102DB0001C498DF80C4001200BF06EFF204604B03A
:102DC000BDE8F08703F11D02DDE72368C3E9047560
:102DD0000BF02AFE044648B13368002228461A70D8
:102DE00012F0EAFC384612F0E7FC0C240E4B00937C
:102DF000022201233421EC2001F09CFE002CDDD0C6
:102E00000A4B0093019401230022FD21EC2001F0E4
:102E100091FED3E70724E9E73001002038010020C4
:102E2000F4F8010101050101E09F02013472020181
:102E300038B5324A137813F001045DD143F0010331
:102E400013702F4B2F4A5A6240F2016003F028F9A9
:102E50002D4D286010B90724204638BD2B4B00F5B6
:102E6000C0626A60596A80B260F30F015962996961
:102E700092B262F30F019961FF204FF4C063AC601E
:102E8000C5E9033303F00CF968610028E3D0204B57
:102E9000C3E900431F4BC3E900431F4BC3E9004391
:102EA0001E4B1B221A801E4B02F22D121A801D4B44
:102EB0004FF001121A604FF448621A815C601A4B9D
:102EC00018222146184616F00FFE8268174B02F0B2
:102ED000F801174A1C700A4382601649042017F053
:102EE00095FA10F0C3FF144817F0A2FA0DF00CFD8C
:102EF000124B70221A80AFE70024ADE7B53C0120E9
:102F0000FC000020194C01013C010020002401417B
:102F10008C0100205401002084010020843C012009
:102F2000863C01205C01002068010020B63C0120A5
:102F3000010161048D9900017D7C02018001002066
:102F400038B50D46002872D001F1280420460DF056
:102F5000ABF83C4BA86A1860AA8D3B4C9A80B4F839
:102F60006C3F43F04003A4F86C3FD4F8683F43F44F
:102F70008063C4F8683F95F847200B2A05F11B00D1
:102F800019D840F69203D340DB4313F0010312D16A
:102F9000D4F89C2FA97E63F31842C4F89C2F15F037
:102FA0007BFE282002F0C4F9D4F8643F43F4007398
:102FB000C4F8643F38BD95F82130032B0FD8DFE803
:102FC00003F00216232D204BD3F89C2F40F2FF1163
:102FD00061F31842C3F89C2F0020FEF773FF1B4BD0
:102FE00018680028E6D1BDE8384002F0A1B9164BB8
:102FF000D3F89C2F202161F31842C3F89C2F08209E
:1030000002F096F90120E8E70F4BD3F89C2F082136
:1030100061F31842C3F89C2F2020F1E70A4BD3F844
:103020009C2F6FF31842C3F89C2F2820E8E7064B2B
:10303000D3F8642F60F34922C3F8642FBDE8384009
:10304000FEF740BFAC33014100240141583C012050
:10305000F0B5D0E96DC715290CBF61463946B0F807
:1030600058610D894A89B0F85A318C88B1F806E068
:10307000B54228BF3546934228BF13460A8894427A
:1030800028BF14464A88724528BF7246B0F85EE0F1
:10309000AE450BD1B0F862E09E4507D1B0F864E0D0
:1030A000A64503D1B0F866E0964555D01A2D27D82D
:1030B0001B2590F8E260A0F86050B0F86050A0F8CE
:1030C0005E50132E20D1ACF808501A2C22D81B24A5
:1030D000A0F86440447EE40626D5B2F5A47F1DD254
:1030E0004FF4A472A0F86620827ED20627D5B3F5ED
:1030F000A47F2AD24FF4A473A0F862300120F0BD5F
:10310000B54228BF3546D4E790F8E460132E08BFD7
:103110003D81DAE7FB2C88BFFB24D9E7C9889142BF
:10312000E0D2B0F85A21DDE7B2F5296F02D24FF4B0
:103130002962D7E7C9888A4228BF0A46D2E7B3F591
:10314000296F02D24FF42963D6E7B0F85A219A4288
:10315000D2D2A0F86220D1E70020D0E72DE9F043D9
:103160000578012D85B0044656D05DB1032D64D09D
:10317000394B1B681B68002B42D0204605B0BDE8C8
:10318000F04318478578002DF2D1334B1F689846DD
:1031900007F1100353F825605FFA85F99EBB0C20F8
:1031A00017F00CFB2A1D47F82200D8F8003053F81E
:1031B0002230A3B11E609E605E60D8F8003003EB41
:1031C000850540212B69198129690123CB71296962
:1031D00081F80290D8F8001051F822108B72D8F8BC
:1031E000003053F8223093B923780293A3880193D7
:1031F0001A4B0093002204235321EE2001F09AFC85
:1032000005B0BDE8F0830135082DC3D1ECE7A288F5
:103210001A80A279DA70ABE74688304613F028FBB3
:10322000024630B90E4B0093CDE9016504235421C9
:10323000E3E7807814F072FB9AE74688304613F093
:1032400017FB02460028EDD0237913B90123C3727E
:103250008EE70023FBE700BFA0000020E8F2010199
:1032600019F301012DE9F04786B081460E46174655
:1032700014F070FD002871D00468D4F84431002B9C
:103280006ED00021204612F033FBD4F84431804642
:1032900016B11A567E2A07D0002F53D003EB08022E
:1032A00092F904207E2A4DD1204614F054F90028CA
:1032B0003AD0D4F844311A7C66F300021A74D4F878
:1032C00044311A7C67F341021A74D4F84421012373
:1032D00003FA08F3D375D4F8443100251D7641462E
:1032E0002046D4F844A115F0FFFF8AF819002046C3
:1032F00017F078FA1B4B0093CDE90267CDF80490E4
:10330000012302225421EC2001F014FC45B1164B9C
:103310000093019501230022FD21EC2001F00AFC1D
:10332000284606B0BDE8F08705AB042207212046F9
:10333000ADF814908DF816608DF817700CF02AFE19
:103340000546D7E71A7C66F300021A74D4F84431B4
:103350001A7C67F341021A740025CBE70225C9E7FE
:103360001A25C7E7834C0201FC66020170B586B0DE
:1033700006460D4614F01AFB782017F01FFA044693
:1033800000286FD07822002116F0AEFB31462822AB
:1033900004F1500015F0F0FC236EA66E646103F595
:1033A0009C72636E03F59C7340F271215B00B3FB6A
:1033B000F1F36362E36D5B0A0036E3614FEA4202B8
:1033C000B2FBF1F2226218BF012614F0F7FF94F865
:1033D0005030CDE90360002B3AD194F85130CDE95B
:1033E0000143214B009302231A467E21EC2001F079
:1033F000A1FB94F85030012B09D1782017F0DEF9A9
:10340000064620B17822002116F06EFB2661637813
:1034100043F008036370236C03F0F80343F4802344
:1034200023640023C4E902336364236F1B7A042BF3
:1034300003D04BB994F8503033B90C4B1A6892F85A
:103440004232013382F842322C60002006B070BD57
:1034500094F85130CDE90143054B009302231A46FD
:103460007F21C3E70720F1E780CD0101940100200F
:10347000BECD01010378012B02D0062B04D070478A
:1034800082883B4B1A807047F0B587B00346876847
:103490003978384A92F800C0614510D0344B18880A
:1034A00002238DF8043000238DF8053001238DF8B8
:1034B000063001AB03220BF047F807B0F0BD00293E
:1034C000ECD02B4A1088B3F804E07045E8D1A2F89C
:1034D00000E0284B5D78002D37D05968BE780B7816
:1034E000B34241D00A4600230133DBB2AB422CD0B9
:1034F00012F80B4FB442F7D103EB830403EB4404FF
:103500002144D1F807308BB338469847194A53689D
:10351000234414789D78AA1C8DF804205A788DF8DD
:1035200005208DF8060045B9EA1C01ABD2B2214650
:103530000F4800880BF008F8BFE72A46D3F80310BD
:103540000DF1070015F018FCEEE7BA7802238DF8AC
:1035500004308DF805208DF8063001AB032261465A
:1035600070460AF0F1FFA8E70023C5E70020CDE789
:10357000783C01209C3A012070B53F4C4FF4197201
:103580000021206816F0B0FA2368002203F5C0710C
:10359000C3F88021C3F884110C26154606FB02F1FE
:1035A00023685D502368D3F884010B4401325860CE
:1035B00003602368202A1944C3F88411EED103F56F
:1035C000C47103F5F8700022C1E900210831884276
:1035D000FAD103F50371C3F8101203F50871C3F8AB
:1035E000241203F50571C3F8181203F50A71C3E933
:1035F0007C20C3F80C22C3F82022C3F81422C3F89D
:10360000282283F84022C3F82C1214F0C7FF236845
:10361000C0F307104FF49662B2FBF0F2A832A3F8A1
:1036200038224FF4C872B2FBF0F2A3F830224FF404
:10363000A072B2FBF0F2A3F83422A3F83C224FF4BC
:10364000F062B2FBF0F2A832A3F83A224FF48262A1
:10365000B2FBF0F2A3F832224FF45272B2FBF0F256
:10366000A3F836224FF47A72B2FBF0F00122A3F8ED
:103670003E0283F84C2270BD9401002030B5C16D2C
:103680004B78042B89B004460FD101F5C0710CF0C2
:103690004CFE2046FDF786FA2046FAF75BF800223A
:1036A00011462046F6F738FC41E0012B04D101F524
:1036B000C0710CF03AFEEFE7022B47D191F82630AB
:1036C000132B41D8896AD94001F0010141F08001F2
:1036D00002F074FAE56D102205F5D87105F5D07089
:1036E00015F03CFB58BB05F5C07120460CF01DFEE3
:1036F000E36D93F82630122B1BD82021684608F082
:10370000B7FAE56D6B4603CB05F5C072C5F88001CD
:10371000516003CB9060D160E26D92F826300133A6
:1037200082F82630E36D01229A700523A37009B058
:1037300030BD2046FAF70EF8E26D6F32B0E7042193
:10374000204607F067F9F2E70121FAE7032BEED1F3
:1037500001F5C0710CF0E9FD2046F9F7FBFFE36DC0
:1037600093F8E51019B1054A1268916840319A78CA
:10377000002A96D003F16F0293E700BFA401002056
:103780002DE9F04190F857300446B3B13A4DC66D7B
:10379000D5F8008098F8043033B94022374906F153
:1037A000EB0015F0DBFA40B104F11207EB362022F2
:1037B0003146384615F0D2FA28B90A212046BDE82C
:1037C000F04107F027B998F80310304616F0E0FFF3
:1037D0000328F2D008B10821F0E72B6883F828000D
:1037E000E27852BBE16D4A78022A12D11B78022B93
:1037F00004D12046BDE8F0410FF054BB042B03D1A7
:1038000091F8E430022BF4D12046BDE8F04114F0E9
:103810001DBC032A0DD15B7923B12046BDE8F041E0
:1038200014F003BC204601F5E071BDE8F0410CF056
:103830007CBD0523A370BDE8F081394620460FF01A
:1038400094FCE36D5B78012B01D0042B0BD1204657
:10385000002102F0B3F9E16D204601F5B871BDE831
:10386000F0410BF00FBD032BE3D12B685B79002BEC
:10387000D3D10623DEE700BFA4010020AC3F020144
:1038800010B588B00378052B3CD8DFE803F003417E
:10389000443B476D0446002302930393049305932E
:1038A0000693CDF81B301722ADF8022001930DF1DD
:1038B000020202A9862014F02AFF98B99DF8083068
:1038C000A3F130029DF80A30303B1B0443EA026347
:1038D0009DF80E20303A13439DF80C20303A43EA0D
:1038E00002230193A088224B1880237E012B0BD04A
:1038F0000121204B197001AA0DF0B8F91C4B188852
:1039000006F0B8FD08B010BDE28A1B4B1A80EFE745
:1039100015F0DAFDF6E715F0E2FDF3E70379DBB920
:10392000154B188816F014FA70B914F057FC38B11A
:1039300000200DF003FE0E4B18880EF0E7FEE1E7C5
:1039400001200DF0FBFDDDE700200DF0F7FD084B39
:1039500018880EF0DBFED5E700200DF0EFFD044BDC
:1039600018880EF0D3FECDE716F0E1F9CAE700BFE4
:103970008A3C01208F2E01209A3C012038B590F816
:103980004730012B1EBF426940F271235343D0F8E8
:103990007C2108BF00230446C0F83031002A3DD105
:1039A00042F21073C4F83431314A0021204606F047
:1039B000FBF8D4F87C315BB394F8193143BBD4F8ED
:1039C0002051D4F8383194F82320D4F83011E81875
:1039D000002A41D0A1F5A5731B1A5B0803F5A57356
:1039E00001FB02521A440344CB1AC4F84C31C4F808
:1039F000482101211F4A204606F0D6F8D4E95A1082
:103A000016F0FCFED4F87C3113B194F819312BB3C5
:103A1000D4F86801BDE83840FEF708B890F81921DD
:103A2000002ABDD194F82310D0F82021D0F8380115
:103A300079B102449B1AA3F5A5735B08B3FBF1F3BC
:103A400042F210729342D4BFC4F83431C4F8342126
:103A5000AAE742F21073F3E71346BFE7D4E95A012D
:103A600016F0CEFED4F86C01FDF7E0FFD0E700BF02
:103A70003576000155DF000170B504680DF03EFC9D
:103A8000A36F002543F4C073A36729462046C4F8FA
:103A90009850A57511F030F92E4B218E1A6861F3FC
:103AA0000F021A601A68618E61F31F421A602A4A77
:103AB000136843F001031360284B94F834101A681C
:103AC00061F30F221A60B4F835101A6861F31F42CF
:103AD0001A60A17E607E06F039FC214B02215869F4
:103AE0000FF020FF16F08CFA1E4B026819881E4B4F
:103AF000521A1E6892B262F30F061E601B4A436898
:103B00005B1A11689BB263F30F011160204609F044
:103B100005FD607E0FF0E4FEA17E012014F0B8FAEE
:103B2000617E022014F0B4FA2946204610F0BBFB57
:103B3000D4F844314BB118567E2806D00CF03CFF27
:103B400094F92C00AFF3008070BD094B93F901008C
:103B5000F4E700BF60340141303401415C3401417D
:103B600048390120AC010020483401415034014162
:103B7000B601002000000000619E0201010000006B
:103B8000619E020102000000619E0201050000002A
:103B9000B171010106000000B171010107000000D0
:103BA000619E020108000000619E020113000000F6
:103BB000619E020109000000619E02010A000000EE
:103BC000819E02010B000000719E02010C000000AA
:103BD000619E02010D000000619E02010E000000C6
:103BE000B17101010F000000B1710101100000006E
:103BF000A19E020111000000619E02012000000050
:103C0000619E020112000000619E0201140000008A
:103C1000619E020115000000B19E02011600000025
:103C2000A19E020117000000C19E020118000000C1
:103C3000C19E020119000000C19E02011A0000008D
:103C4000A19E02011B000000B19E02011C000000A9
:103C5000619E02011F000000919E02011D000000F4
:103C6000619E02011E000000619E02012DE9F043E9
:103C700087B004460F469046354A03AB07CA03C3D4
:103C800023F8022B120C1A70324B53F82400002830
:103C90003AD015F0B4FF81462E4E002500952B46F4
:103CA0002A46032156F824000FF080FF00952B468A
:103CB0002A46052156F824000FF078FF46F82450D4
:103CC00004F130038DF81530B8F1000F23D0224BEA
:103CD00000934B460122394603A80FF097F91D4B7C
:103CE00043F824001B4B53F824502DB316F098FAD8
:103CF000002300930246012128460FF057FFB0B180
:103D0000002007B0BDE8F083012016F093FC814647
:103D1000D8B10470D4E7114B00934B4600223946CA
:103D200003A80FF073F90B4B43F82400DAE7484679
:103D300016F084FC0120E4E7484616F07FFC054BB2
:103D4000002243F824200420DBE70220D9E700BF4B
:103D5000CCA10201CC37012055270201FDDE010173
:103D60002DE9F74F2F4F304C3E78DFF8E490B51E29
:103D7000EDB205F102084FEA081CCDE90023ACF1D1
:103D80002003234483468A460FCB04EB0C0E8EE8B7
:103D90000F000CF1100EACF1100CA4449CE80F00C5
:103DA000A6448EE80F00B11C204816F00BFD3B78AE
:103DB00048460222023300F8012B414604EB051568
:103DC0003B7016F0FFFC09F1030042F6042116F0E7
:103DD000F9FC174A174BAB60174BEB60C5E900299C
:103DE000164D5946284616F0EDFC5146A81C16F013
:103DF000E9FC0099281D16F0E5FC013E0199A81D7B
:103E000016F0E0FCF6B20E4B3A7804EB0614C4E967
:103E100000350C4BA3600C4BE3600C4BDA8103B014
:103E2000BDE8F08FA23C012090310120073B01202A
:103E30000AA602013EA8020105000001D83A0120AD
:103E400032A8020146A8020108000001003A012040
:103E5000153B01202DE9F04194B080460E4613F049
:103E600079FF002868D00568D5F84431741EE7B2A0
:103E7000002B63D03B4493F904207E2A3ED1284690
:103E800013F069FB70B3D5F844311A7C42F0040298
:103E90001A74D5F844210123A340D375D5F84431D1
:103EA00000241C7639462846D5F8446115F01CFAE2
:103EB0007076284616F094FC214B009302220123D1
:103EC0005321EC2000F036FE44B11E4B00930194C8
:103ED00001230022FD21EC2000F02CFE204614B02E
:103EE000BDE8F08102AB032206212846ADF8088028
:103EF0008DF80A600CF04EF80446DDE7002441F22C
:103F00002102ADF808208DF80C402A88ADF80E206B
:103F100002228DF810208DF8116093F904208DF89D
:103F200012201B7B8DF81440C3F3010302A88DF807
:103F3000133011F011FDBFE70224BDE71A24BBE7DF
:103F4000028E0201FC66020130B5044685B00D46C2
:103F5000B1BB90F8E2300193354B0093EC20012384
:103F60000222132100F0E6FD94F8E230D4F8B40107
:103F7000032B18BF84F8E250002584F8E35018B1F1
:103F800011F01AFCC4F8B451208813F0E3FE94F841
:103F9000E630032B05462CD194F8E7102046F0F7C5
:103FA00031FA30B3002384F8E630D4F8A83133B3C3
:103FB00003AB04221F49039503200AF06DFE1CE0A9
:103FC0000129E1D190F8E43001931B4B0093EC20E0
:103FD0000B460222132100F0ADFDD4F8B8010025F4
:103FE000A4F8E4500028CFD011F0E6FBC4F8B85193
:103FF000CAE794F8E630002BD7D005B030BD94F86E
:104000006E309B07F9D594F8E350002DF5D11221BD
:10401000204614F09AFB0028EFD094F86E3065F338
:10402000410384F86E30042384F8E230E5E700BFF2
:10403000661C0201070601018C1C0201F0B585B067
:1040400013780193364B009305460423EE200F4668
:1040500016465021022200F06DFD284612F008FCA1
:10406000044658B92F4B0093024601950423522170
:10407000EE2000F05FFD002005B0F0BD03A902A80E
:10408000039616F056F803A90DF1090016F051F841
:1040900003A90DF10A0015F085FABDF80A203B1FAF
:1040A0009A4213D0062016F089FB014638B1072347
:1040B0000370002345808380062016F063FA0023F6
:1040C0001A461946284606F03DFBD4E79DF809300C
:1040D000A3719DF80830013BDAB2192A14D90620E1
:1040E00016F06CFB014638B10723037000234580AE
:1040F0008380062016F046FA00231A461946284601
:1041000006F020FB0120B7E7074A52F8233023B11D
:104110003246394628469847F4E71846ACE700BFD0
:104120002243020139430201E8E6010110B588B0DB
:104130000023052904468DF8033045D1013202A938
:1041400001A8029215F02EFA0DF1060002A915F051
:1041500029FA20460EF0C3FF002838D104AA03A98B
:10416000BDF8040011F07CFF00284BD0049B5B6875
:10417000D3E90112107815F0C3FE039A0346D27BEF
:104180002088012104F0FAF880B200BB0399BDF841
:1041900006208B681B88934236D38B7B13F0020F6B
:1041A00028D02388ADF81830BDF804300591ADF85B
:1041B0001A300DF103010C2305A8ADF81C208DF871
:1041C0001E300AF0F9FA02E0ADF8043004209DF840
:1041D00003306BB9D0B9039BBDF806109A685868D4
:1041E0001288521A0D23014492B220460BF048FE69
:1041F00008B010BD9B06EAD5BDF80420204612F099
:104200004DFBE4E70120E2E70720E0E7C3B2BDF899
:1042100004200C21204605F093FBE9E72DE9F0414D
:1042200006460F4600200C2113F0DDFED6E96D3462
:1042300096F8E4200546112A18BF1C46002839D0FC
:104240000023F90703733DD56288082A9ABF02F15B
:10425000FF33DBB208232373B6F8A830E381228250
:104260006368C4F81230BA0704D594F82010638B41
:1042700011BB2382237B6B73E389EB81238A2B821F
:10428000638A6B82A38AAB8215F0C0FB07460028C5
:1042900037D000234FF001080C34C371014680F879
:1042A0000580C460304616F019FA3046294604F0FD
:1042B000E1FF4046BDE8F081B3FBF1F201FB1232B1
:1042C0009B1AD6E7628B082A9ABF02F1FF33DBB252
:1042D000082323737B0711D5A18C4FF6FF739942F6
:1042E00006D10123E381E3692282C4F81230C1E7D9
:1042F000B6F8A830002B08BF0B46F3E7B6F8A83095
:10430000F0E7284616F05CF93846D3E730B5038865
:10431000132BC3B0044620D041F20A0293422CD0A2
:10432000052B45D10579002D42D1C08811F0E0FE62
:1043300058B12F4BC5701A681378013BDBB213706C
:104340001BB11821B1FBF3F35370E08812F0DAFED1
:1043500008282DD011F0E4FE2AE0C08811F0C8FE34
:1043600030B3227A83789B1A214ADBB212688370B9
:1043700052789A421CD843B030BD0379C3B91C4A65
:10438000126802F16F0100BF11F8230040BB02EB7D
:104390008303E188A3F86C104FF48071A3F86E10CA
:1043A00013780133DBB213701821B1FBF3F35370B0
:1043B0002188104A002300BF32F82300884213D11D
:1043C00002EB8303211D9B788DF80430442202A860
:1043D00014F0D2FC064B1B6801A85B689847CAE73B
:1043E0000133082BD0D1E3E70133202BE4D1C2E71E
:1043F000F03B012024C501017FB5304A304800233D
:104400001446C158D1500433102BFAD12D4B1A88C1
:1044100042F001021A801A8842F004021A801A88B7
:1044200042F002021A801A8842F008021A801A68C2
:10443000D007FCD41A685107F9D41A689207F6D449
:104440001A68C2F3C002002AF1D11F4D1F482B6821
:10445000ADF800300368C3F30F43ADF802301C4BD6
:104460001968ADF804101B490E68ADF806601B68AA
:10447000C3F30F43ADF808302B68ADF80A3003687A
:10448000ADF80C300B68ADF80E30694613460A469D
:104490000878E55C01332843102B01F8010BF7D1B4
:1044A0000D4B0E4CB3F8A0156FF30001A3F8A01547
:1044B0000FCA84E80F0004B070BD00BF483A012065
:1044C000B4420120143E0141043E0141003E01413D
:1044D000083E01410C3E0141002401418029014177
:1044E000F7B5064648B9324B0093052302461946F4
:1044F000EF2000F01FFB03B0F0BD13F057FA14F0EB
:10450000F9FA337A9B0605463AD513F0BBFA347AAA
:10451000284B6FF34514347214F0070418BF0124BC
:10452000194653F8242096420ED1234A1278A2420B
:10453000326819D1736841F824201F1A44BF03F16F
:1045400080531F1A012F0CD81C4B53F834201946E6
:104550006AB91B4B009311460523EF2000F0EAFADD
:104560000EE006F07FF9EFE743F82420ECE7B242D3
:1045700013D1326843F8342012B903EBC4046460E9
:10458000284603B0BDE8F04013F058BA1A4623B9E4
:104590000C4B009301210523DFE71368B342F5D1EB
:1045A00033681360002BEBD101EBC4046260E7E7D2
:1045B00094990201F03A0120B33C0120583A0120BD
:1045C000393102015131020173B503790193354D3F
:1045D000354B0093022201230F210446EC2000F00A
:1045E000A9FA2868F021043015F0FEFE064615F001
:1045F000E7FC002849D11EB196F8F830002B44D1D1
:104600002388203B9BB244F6E072934248D86388EB
:10461000203B9BB2934243D8637B002B40D0286859
:10462000F021043015F0E0FE237980F847300123B3
:1046300080F82230617B017663884361A37B80F838
:10464000213063794376A379837654F8073FC0F825
:104650001B30A388A0F81F30002380F8943000BFDF
:1046600021FA03F2D20748BF90F8942003F1010326
:1046700044BF013280F89420032BF1D1012015F0C2
:104680008FFC0024204602B070BD0C24074B009321
:10469000019401230022FF21EC2000F04BFAF1E706
:1046A0001124F3E7EC0000200A75020122750201D3
:1046B000F7B513780193354B009307460423EE209A
:1046C0000E4615469021022200F034FA384611F0C9
:1046D0005FFE044658B92E4B00930246019704230F
:1046E0009121EE2000F026FA002003B0F0BD83886F
:1046F000B342F9D329780D2929D02CD8062907D01F
:104700001CD8032923D00DD8012920D002290DD18E
:10471000204B1B685B681BB12A46314620469847F0
:104720000120E2E70429F3D0052910D011F040025E
:10473000F6D10623204605F003F9F1E7092906D052
:1047400003D8072903D00829E1E70B29E0D1114B51
:104750001B689B68DFE71729F9D00AD81229D7D040
:1047600003D81029D4D01129DFE71329EFD0162957
:10477000CDE71B29EBD003D81829C9D01929D4E7D4
:104780001E29C5D05229C3D01D29CEE7AC41020154
:10479000C4410201A801002084B070B504AC84E8D3
:1047A0000F00012013F014F94FF6FF7104460120A9
:1047B0000EF076FE44F4007189B2012013F01AF96C
:1047C000049B2C4C002B48D02268137813F0030371
:1047D00008D153702268937022681178938063F334
:1047E0008201117023681A786FF345121A70224BF8
:1047F00000211970214B1A88022666F383021A8061
:1048000003F5AC6303201A6860F313421A601A6858
:1048100060F317521A60A3F5BE631A6861F30002D1
:104820001A6010F086FA069D14F080F923681A7851
:1048300066F301021A702268079B6D0A40F271212B
:104840002846B3FBF1F3D38502F00EFA2368DB8D23
:1048500053B1A81902F06AFA06E023681A78586B77
:104860009306F7D402F000FABDE87040002004B0CF
:10487000704700BF3802002057020020C0340141B9
:104880002DE9F0411C4693054BD53149314A0B784F
:10489000314E83F00107002B56D1304D2B68107834
:1048A0005FFA83FE33689A7803EB020898F806C033
:1048B000864598BF0CF1010C88F806C002F1010C86
:1048C0009C44D5F800809CF806E0C8F307284045D2
:1048D00028BF0EF1010E8CF806E002F1020C9C4498
:1048E000D5F800809CF806E0C8F30748404528BF8B
:1048F0000EF1010E03328CF806E013442D689A790C
:104900002D0E85428CBF1046501C987132680F7076
:10491000937813490433937000231A4618460AF01B
:10492000BBF914F0300F11D00B4B1B681B7803F050
:104930000303022B0AD100231A464FF48431184690
:10494000BDE8F0410AF0A8B9064DA7E7BDE8F0813F
:10495000570200200402002038020020583C014188
:10496000010801005C3C0141F8B5CB68477E1E7828
:104970005D78002102460FF096FC022E0446D37D9E
:104980002AD0042E2CD0012E04D1012B4FF011017E
:104990002DD15176022D2ED0042D30D0012D39D1BC
:1049A000012B4FF0110134D19176212F537E43D149
:1049B000212B31D0D2F88000D2F884106FF4C67564
:1049C0004FF49C73284403FB0101B1FBF3F003FB9C
:1049D0001013C2E920301FE0012B4FF01201D7E77E
:1049E000012B01D12121D4E7D17E11B92321917668
:1049F000D0E72221FBE7012B4FF01201D3E7012B77
:104A000006D1D37E13B923239376CEE72223FBE787
:104A100021215176012BC8D0D2F844515DB100213B
:104A200010460FF040FC2B572B54D2F84431184459
:104A300023441B7A0372F8BD212BEDD1D2F88000FC
:104A4000D2F8841003F2171300F28D10BBE70500B3
:104A500030B52F4C236885B02546002B4FD02D490B
:104A60002D4C012014F0BCFB2B682C4A1A602C4BF7
:104A700018689A889B798DF806302A4BADF8042087
:104A8000294A1A6000254FF6FF53009002A8ADF89E
:104A90000830CDF80A50ADF80E5015F085FE2368A9
:104AA0001D7023684FF461721A636946072011F084
:104AB000BFFA2068213015F03DFE206890F82130C3
:104AC00013B1223010F06AFA012126200FF04EF9BE
:104AD000012129200FF04AF90120144A062114F07F
:104AE000BBFB2168D1F8EC3103F0F802104B134303
:104AF000C1F8EC31FFF780FC002005B030BD30205C
:104B000015F05CFE20600028A9D10220F5E700BF67
:104B1000E83B0120419802019C0000204C33020137
:104B20009CA60201A4000020196802011D57020181
:104B3000010602002DE9F041334D1E462B68A2B05C
:104B400004460F469046002B58D015F029FC00284B
:104B500054D115F0E9FB002850D1F20703D52B4BB7
:104B60001B68DB070BD4B00703D5284B1B689907DC
:104B700005D4720742D5254B1B685B073ED5244BF5
:104B80008DF800801B788DF801408DF80270002BA5
:104B900037D1C4F1EF041F4F04EB84042744384697
:104BA00014F086FC39460646C4B2024602A814F048
:104BB000E3F822AB1E4401343A2306F8803CE4B209
:104BC00002AB181929AB289A0193C4F17E01F8F7BA
:104BD00047FB54FA80F0C0B222AB03440D2203F825
:104BE000802C431C22AA52FA83F302300A2203F8D3
:104BF000802CC1B22B6802AA6846984722B0BDE853
:104C0000F08102A80024DDE7243C0120283C01209B
:104C1000A93C0120449902012DE9F0412E4D2C6858
:104C200080460027002C35D12C4B2D4D70221A8048
:104C30002C4B1B221A802C4B02F22D121A802B4B6C
:104C40004FF001121A604FF448625C601A812B78B1
:104C50001BB12748FFF744FC2C70B8F1010F16D1A7
:104C6000244CE068002510F0A7FD2069E56010F0F5
:104C7000A3FD6069256110F09FFD65611E4C2068F1
:104C800010F09AFD6069256010F096FD65610020C6
:104C9000BDE8F081A268137A043B012B17D816688F
:104CA000F06808B114F04AF90021304612F079FC9E
:104CB0000121304612F075FCA06804F08FFE3088A8
:104CC00010F084FAA0680EF0C9F81FB92C682746C6
:104CD0002468A7E73C46FAE79C01002080010020F9
:104CE000B63C0120843C0120863C01205C01002070
:104CF00068010020483901203C0100201FB504460E
:104D000013F05CFB94F85030012B23780194CDE92B
:104D100002302DD12E4B009302231A468521EC2020
:104D2000FFF708FFA3785B0707D52A4B0093022300
:104D30001A468521EC20FFF7FDFE0EF0F5FB2378E7
:104D4000012B33D194F85030012B234B05BF1A6847
:104D500094F851301B68313314BFD3F8F00152F886
:104D6000330070B9002412F009FA204604B010BDD7
:104D70001A4B009302231A468621EC20FFF7DAFE35
:104D8000DBE78268036894420ED1204604F0A4FF5A
:104D9000204608F05BFA20460AF03CFE63786FF389
:104DA000000363700124DEE71846DAE7023B012BBB
:104DB00009D8A378012243F02003A37011462046AE
:104DC0000CF0ECFDCEE704F13800FFF789FBDFE7DC
:104DD000D4D1010102D20101940100201AD20101B3
:104DE000F0B5324C324D246814F0040F5AD000282C
:104DF0004ED12D6895F84C62002E48D02D4C2E4F88
:104E00002468641A611E21F07041B9423FD84FF006
:104E1000884C40F27121DCF8407061436FF41C74DF
:104E2000214407F4405740F60754B7F5005F0CBF24
:104E300027464FF412674908204CB4FBF2F43C4477
:104E4000A14224D9091BDCF8404004F44054B4F5D5
:104E5000005F09D195F8424234B14EF28F24A1424D
:104E600015D9A1F5624190394FF47A77B1FBF7F08B
:104E700007FB101102FB00F44A43B4FBF7F40F499F
:104E8000B2FBF1F214441C44C5F854423046F0BD64
:104E90002A680B48D2F85442E41A84428CBF00209E
:104EA0000120F4E72B6893F84C02F0E7203E014123
:104EB00094010020343E0141FEFFFF0740420F00F5
:104EC000FEFFFF7F73B505680646012128460FF0F7
:104ED000EAF9D5F84421104490F904307E2B39D0FA
:104EE00095F82C10D2F822205B1A117AC1F3C10078
:104EF000DBB2032842D8DFE800F02F023902D47871
:104F00009C423DD214789C4294BF022401248442E6
:104F100028D0C1F34100A042908800D0B0BBD28815
:104F2000B5F85C100244C9430A44120412D58DF846
:104F3000043006226B461B49009601208DF805407F
:104F400009F0AAFED5F84431D3F822301A7A64F376
:104F5000C4021A7202B070BD1078984212D99078CB
:104F6000984209D9B5F85C30D380F3E7D0789842FD
:104F70000AD250789842F5D30124CAE70446C6E71E
:104F80000024C4E70224C4E70024C2E764F342011A
:104F90001172D5F84431B5F85C20D3F82230DA80AC
:104FA000D8E700BF06060101F8B5364B04685B6917
:104FB00018785F7894F86C30E7771646C21062F381
:104FC0008203C0F3800200F0030562F3C303001103
:104FD00060F30413A57784F86C3029B9DBB261F370
:104FE000410384F86C300CE094F86C30C3F380110A
:104FF00091422ED043F0020384F86C3020460FF02B
:10500000C9FD94F86C306FF3000384F86C30AEB1D6
:1050100094F8C83113B11C4B1B787BB994F86C30F1
:10502000C3F38002B2EBD31F08D1627F012A05D0FF
:10503000E27F8AB943F0010384F86C30617EE07F3F
:105040000FF034F8D4F898301844C4F898000020D1
:105050000BE06FF34103C4E7204611F053FD28B184
:10506000A36F43F01003A3670120F8BD94F8283024
:1050700023B9032D1CBF012384F8283094F86C3029
:10508000D8E700BF483901204402002070B505462A
:105090000E460020182112F0A6FF0446002845D035
:1050A0000F2E067343D1D5F8B4311A88A0F80D201D
:1050B0005A88A0F80F209A88A0F81120DB88A0F861
:1050C0001330B5F8A8304FF6FF72002B08BF134617
:1050D00003834FF0FF33C0F81A30C0F81E3080F859
:1050E000223080F82330B4F80D20B4F80F309A4203
:1050F00008BF0023637515F0CBF9A98FB5F85030C0
:10510000B5F85C200131052813FB01F38BBF03EBDD
:10511000C30303EB430302EB430302EB83039BB2A2
:105120002846E382214604F0A5F8012070BD102E28
:10513000D9D1D5F8B8311A8BA0F80D205A8BA0F828
:105140000F209A8BA0F81120DA8BA0F81320B5F865
:10515000A82002B99A8C2283DA8C62831A8DA283EA
:105160005A8DE2839A8D2284DB8D6384BBE7050030
:10517000072865D870B50D4684B204F50056304650
:10518000EEF758FB00285DD03046EEF776FB08B905
:10519000012058E0344608342046EEF74BFBC8B1F6
:1051A0002046EEF76AFB08B901204CE0264C0FCCF4
:1051B000C5F81700C5F81B10C5F81F20C5F8233027
:1051C0002068C5F82700A288A379A5F82B2085F8C8
:1051D0002D300CE00022C5F81720C5F81B20C5F8BB
:1051E0001F20C5F82320C5F82720C5F82A20174C12
:1051F00026460FCE28606960AA60EB60306828619F
:10520000B288B379AA82AB75234653F8170F596851
:105210009E68DC68C5F82E00C5F83210C5F8366007
:10522000C5F83A4018695969C5F83E00C5F84210FA
:10523000198B9B7EA5F8461085F84830002002E0C7
:1052400003207047032070BD183801200C3701205F
:1052500030B50B4689B00C680C2810D8DFE800F098
:1052600007160F0F1A34386456525A0F60008A68B6
:105270004968003218BF0122204607F043FD002193
:10528000204609B0BDE8304002F0EEBB20460AF0EF
:10529000DDFEF4E7012194F8500012F00FF8637876
:1052A000DB07ECD5A06828B1837843F0080383704E
:1052B00004F012FD204612F03BFD94F8500000224D
:1052C000214615F040FADAE720460DF05BFDD6E7FF
:1052D0002278032AD3D14D6894F850004FF400117E
:1052E00011F0ECFF236F8DF81450CDE9033408ABB7
:1052F00013E903008DE8030003AB0ECB656F0220BA
:10530000A847BCE72046F8F795FCB8E78A68187903
:105310002146D6E7002249682046F7F737FCAEE77A
:1053200003200CF099FFAAE7204612F0DDFCA6E767
:10533000364BD3F8602F10F0010114BF42F0010288
:1053400061F30002C3F8602F304BD3F8602F10F0E8
:10535000020114BF42F0020261F34102C3F8602F60
:105360002A4BD3F8602F10F0040114BF42F004025E
:1053700061F38202C3F8602F244BD3F8602F10F042
:10538000080114BF42F0080261F3C302C3F8602FA2
:105390001E4BD3F8602F10F0100114BF42F0100222
:1053A00061F30412C3F8602F184BD3F8602F10F08C
:1053B000200114BF42F0200261F34512C3F8602FB0
:1053C000124BD3F8602F10F0400114BF42F040029E
:1053D00061F38612C3F8602F0C4BD3F8602F10F0E6
:1053E000800114BF42F0800261F3C712C3F8602F3E
:1053F000064BD3F8602F10F4807014BF42F4807213
:1054000060F30822C3F8602F704700BF00240141F9
:1054100070B58378052B044668D1C36D0122DA701C
:10542000C678C36D90F857500A68BEB98DB103F5C0
:10543000F070C3F8E0214B6843608B688360CB68F1
:10544000C360E16D204601F5E071BDE870400AF0EF
:105450006CBF03F5B870C3F87021ECE725B3C3F84F
:10546000A02103F5D0754B686B608B68AB60CB688F
:10547000EB60C26D136823F07F4323F0FF03B3F5A5
:10548000813F33D192F82630916AD94001F0010171
:1054900041F0800100F092FBE16D204601F5B8710A
:1054A000BDE8704009F0EEBEC3F8B02103F5D87036
:1054B0004B6843608B688360CB68C360E16D4B7859
:1054C000012B04D0023B012B10D88B7873B16F31C4
:1054D0002046FAF745FBE16D204601F5B87109F069
:1054E000D1FEE26D00239370E26DD37070BD0200B7
:1054F000304B70B500251D702F4B80241C802F4B26
:105500001D802F4B302628464FF6FF711E800DF070
:10551000C7FF4FF6FF7101200DF0C2FF4FF6FF717C
:1055200002200DF0BDFF274B03F5D952118864F31B
:105530000F011180918865F30F01918003F5D95215
:10554000118966F30F01118103F5D9514FF6FF72EE
:10555000088A62F30F00088203F5D951888A62F342
:105560000F00888203F5D95103F5D853088B62F3F5
:105570000F000883998962F30F019981124B4FF450
:105580008052C3F88420BFF34F8FBFF36F8F83F82F
:105590002C43C3F884215A605200C3F88420BFF31F
:1055A0004F8FBFF36F8F83F82D43C3F884215A6068
:1055B00070BD00BFB23C01207E3C0120803C012038
:1055C000823C01200024014100E100E0F0B58DB0F3
:1055D000064607924B7906930B790593CB78049393
:1055E0008B7803934B7802930B7801932B4B0093AA
:1055F0000C46012317462C210222EC20FFF79AFAD1
:1056000000238DF8273014F079FFF0B1244D2B687A
:105610009B6C984750B10C25224B009301950123B8
:105620000022FF21EC20FFF785FA34E02B68DB6CC9
:1056300098470028EFD12B681B6D98470028EAD1C6
:105640002B685B6D98470028E5D19DF8283006F05F
:10565000010666F300038DF828302368CDF8293061
:105660000DF12701A388ADF82D300AA80BF0F2FD4B
:1056700005460028D0D19DF8283066F300038DF848
:1056800028302368CDF829303946A388ADF82D306D
:105690000AA803F0DFFE28460DB0F0BD484C020119
:1056A000300100200A9302012DE9F04104460089EF
:1056B0008846174610F06CFE064600284DD00023A1
:1056C0003B7088F800306389A3F11002072A04D8E0
:1056D0002046BDE8F0410AF08BBF013B0D2B06D8F8
:1056E00021460BF095FB01233B70BDE8F0814FF4A0
:1056F000827015F063F8054600283CD00B23037038
:10570000238983806389C380237C0372A3894381B7
:10571000E3898381637C4372E2891AB161680E3048
:1057200013F02AFB0421284611F018FE23689B7B06
:10573000D90712D5012388F80030237C522B18BFDB
:10574000F374237C122B0AD123689B7B9A0604D521
:105750006389B38263681B88F3820020C5E7162B38
:10576000FBD101233B7086F8383096F8393001338D
:1057700086F83930F1E723689B7BDB07EDD5802085
:10578000B3E713002DE9F84300295ED00F4600244B
:105790002F4E304B00F1010EDFF8BCC006E00CF8D4
:1057A00001809A60621C0134974244D9726802F009
:1057B0000702012A18D09968DD684A1CD3F81080C6
:1057C000424528BF0022954236D010F80480756803
:1057D00005F00705012DE2D14D000CF81180691C80
:1057E00000250CF80150DCE7D3F80880D96808F1EF
:1057F00001021D69AA4228BF002291421CD01EF856
:10580000145010F8141041EA0521756805F00705D9
:10581000012D05D0C9B20CF808109A60621CC2E7CD
:105820004FEA48055FFA81F90CF818900135090A2A
:105830000CF80510F1E7144613F01EFC10B1044BF0
:1058400001229A752046BDE8F8830C46F4E700BFB4
:10585000000C0040CC3601205834012038B5C36814
:10586000DC68A36AE169226A8A60E169516004F137
:1058700018015A688A4204BF226A5A600022A26252
:105880001A68013A1A60254B1B68002B3AD16369EC
:10589000A168E2688A60A1685160211D5A688A4245
:1058A00004BFE2685A60002262611A68013A1A6015
:1058B000E36A1B48056801229A402A430260194A9C
:1058C00003EB830302EB83035B68A3609868E060EB
:1058D00041609960E06A81000B189B00D5186561F2
:1058E000014452F821100131D15011F06BFB0E4BE5
:1058F0001B68E26ADB6A9A4283BF01200B4B186087
:10590000002038BD0A4B5A68E2619068206241600D
:105910009160A3621A6801321A60E8E7A03B012097
:10592000A83B0120C83501208C3B0120C43B01204D
:105930009C39012073B50023022904461546ADF8B1
:10594000063054D10DF0CBFB002852D16D78012DDB
:105950004DD894F83B6094F838305EB9012B0ED1E5
:105960002946204610F0ACFB182384F83860E37415
:1059700002B070BD204613BB2DB911F0DBFC2046F0
:105980000BF062FDF4E711F0A9FB054678B90DF1C3
:10599000060120460AF09CFC054640B9204608F066
:1059A0003FFF0546204611F0C5FC002DE7D0EBB2C5
:1059B000BDF806201821204603F0C2FFD8E735B90C
:1059C00011F0B8FC2946204610F07AFBD0E711F020
:1059D00085FB054678B90DF1060120460AF078FCF2
:1059E000054640B9032384F838300121EBE704254C
:1059F000DDE71225DBE72046022110F061FB0023E2
:105A000084F83830204611F095FCD0E7F0B585B029
:105A1000137801932F4B009306460423EE200F4684
:105A20001546C0210222FFF785F8304611F03EF8F6
:105A3000044658B9284B0093024601960423C62118
:105A4000EE20FFF777F8012005B0F0BD03A90DF1B6
:105A50000B00039514F06DFB9DF80B30013BDAB29F
:105A60000D2A04D90821204604F0D4FFEBE71B4A95
:105A7000D25CBA4201D00A21F5E7194A52F8233024
:105A800013B103992046984794F85930002BDAD087
:105A9000E36D002BD7D093F8EA20002AD3D01B78EF
:105AA0009342D0D1E37813B92046F6F7CFFDE36DEA
:105AB0005B7913B9204602F009FFE36D002583F8F6
:105AC000EA50E06D10B114F07BFEE5650123A37090
:105AD000B9E700BF5F4302017643020186A10201DC
:105AE0007452020173B5C588032D04460E4617D1C2
:105AF000837A0C2B05D003F0FD03082B01D0802006
:105B00000CE023680DF10700596812F007FC00282B
:105B1000F5D123689DF807209B681A8002B070BDFC
:105B200014F0C6FB854239D1A08810F031FC05463F
:105B300008B90020F2E7A37A0C2B1BD123688088D8
:105B40009A89511C884234D2218999B1296C002943
:105B500031D0586813F010F9236821899B89AA88ED
:105B60005B1A01339A42E4D3286C14F029FE00201A
:105B70002864D3E74FF4827014F020FE0028BED0D2
:105B8000A27AEA7485F83D2015220270A2888280EC
:105B9000042111F0E3FB01233370CAE7E58814F018
:105BA0008DFB8542ABD123685C6809F013F9607006
:105BB000BFE70B20B2E70E20B0E713002DE9F34159
:105BC000044641200F4614F0F9FD054650B92F4B0D
:105BD000009302460423C821EE20FEF7ABFF02B07B
:105BE000BDE8F081064604F1120806F8017BE3786F
:105BF00000F121076BBB20224146304613F0BCF870
:105C0000E16D2022EB31384613F0B6F8E06D412209
:105C100000F5B873294600F5C070F6F729FCE16D70
:105C20002022EB31304613F0A7F8202241463846B7
:105C300013F0A2F8E06D412200F5D873294600F573
:105C4000E070F6F715FC284602B0BDE8F04114F00C
:105C5000B7BDE16D2022EB31304613F08DF82022E4
:105C60004146384613F088F8E06D412200F5B873DC
:105C7000294600F5C070F6F7FBFB2022414630466E
:105C800013F07AF8E16D2022EB31D0E7209A02017F
:105C900090B484B000AF0446084611461A46234625
:105CA000FB710346BB710B467B7113467B80FB790E
:105CB00003F1824303F5B0331B88FB81BA797B790A
:105CC000D31A0133012202FA03F35A1E7B7902FA36
:105CD00003F31BB2DB431AB2B7F90E3013401BB209
:105CE000FB817A887B7902FA03F31AB2B7F90E3096
:105CF00013431BB2FB81FB7903F1824303F5B033FD
:105D00001A46FB89138000BF1037BD4690BC704710
:105D100080B485B000AF0346FB710B46BB711346E0
:105D20007B71FB7903F1824303F5B0331B88FB8160
:105D3000FA89B9797B79CB1A0133012101FA03F38E
:105D4000591E7B7901FA03F31A407B7942FA03F377
:105D5000BB81BB8918461437BD465DF8047B70478C
:105D60002DE9FF412C4E2D4C2D4B226800933368BA
:105D700003922C4A02930192002B38D0236833B946
:105D80004FF4487014F01AFD2060002835D0264DDD
:105D90002B68A84623B9102014F010FD286060B3CA
:105DA000336802930021236803930DF1040C02AEC3
:105DB0006C460F46D8F800300B44C3E9007300204E
:105DC000BCF8002082421CDC083110290CF1020CC6
:105DD00006F1040604F10204ECD1144B1A4600212A
:105DE00042F8081FC3E90013DA60012006E09020A2
:105DF00014F0E4FC30600028C0D1002004B0BDE8FD
:105E0000F0813568228800FB02520130576017602C
:105E10005D682A605A60D3E7143C01200C3C0120E5
:105E20000C0028000C001400103C0120DC000020B5
:105E30002DE9F0418AB01D462F4B01900746009393
:105E4000EC200E469046012302224B21FEF772FE03
:105E5000384611F07FFF002848D00468204611F032
:105E60007AFBF8B194F8ED30DB0741D53368C4F81C
:105E7000FF307368C4F80331A4F808812B68C4F8B4
:105E8000223104F591726B685360AB689360EB68E4
:105E9000D36020460EF070FD60B3002420460AB0A7
:105EA000BDE8F081336828686968CDF80E30736802
:105EB000CDF8123006AB03C3A868E968ADF80C70E2
:105EC00003C31C22204603AB0521ADF816800AF05F
:105ED00061F804460028E0D0084B009301940123A8
:105EE0000022FF21EC20FEF725FED7E70224F3E78E
:105EF0001A24F1E70724EFE7326C02014E6C02012D
:105F000038B5D0F8A8410546002C32D0012380F8DE
:105F1000B03123790A2B0BD8DFE803F0062C30359B
:105F20003C0A40464D0A5200A368188804F0E2FC7F
:105F3000254B1B680BB120469847244B1B680BB1BF
:105F40002046984795F8B031012B0FD1D5F8A831EC
:105F50001B68C5F8A8311BB905F5D473C5F8AC3179
:105F6000A06814F02DFC204614F02AFC002385F8CC
:105F7000B03138BDA068FCF723FCD9E7A3681888C6
:105F800005F0D6FBD4E7A3689A885988188801F0F1
:105F9000CBF9CDE7A068F7F737FAC9E7A368997896
:105FA0001888FDF757FFC3E7A368DA78997818884F
:105FB000FDF758F9BCE7A368187802F033FCB7E79F
:105FC000A06801F0E1FBB3E7F4000020F00000203E
:105FD0002DE9F04F00252F462C4600BF4FFA85F8DB
:105FE000984512DB4FEA430909F1FF3A4FF00008E8
:105FF0005FFA88F606EB030E4FFA8EFED64528DBD5
:10600000484400F8014CBDE8F08F4FF0000C02EB63
:106010000509E64611F80CA019F8016944EA0724BD
:106020000AFB06F616FA84F4A4B20CF1010CA6429F
:1060300088BF0EF1010E4FFA8CF6B0454FEA1427D7
:106040005FFA8EFEE4B2E5DA44553C460135774608
:10605000C4E701363D4676B2002700BF4FFA86FC02
:10606000634505DC00F80E4008F101082C46BFE747
:1060700002EB0E0CC6F1000B44EA05251CF80BB030
:1060800011F806C00BFB0CFC1CFA85F5ADB2AC4553
:1060900088BF0137ECB2FFB201362D0ADEE700BF40
:1060A0002DE9F7432A4BD3F8008018EA000F044685
:1060B00038D1002836D0083463071CBF24F0070409
:1060C0000834002C2ED0234B1E68A642994629D3B3
:1060D000214B1D686A68A24202D22A68002A34D184
:1060E0001E4A1268AA421DD02A681F681A606B688F
:1060F0001B1B102B07F1080704D9281943606C609B
:106100000BF0ECFF16496A680868B61A864248EA3E
:1061100002024FF00003C9F8006038BF0E606A60E9
:106120002B6077B90F4B1B680BB1002098470E4BC3
:1061300000930194052300220221EF20FEF7FAFCD0
:106140000027384603B0BDE8F0832B461546C1E76B
:10615000FC3B0120003C0120E03A0120083C0120EA
:10616000043C0120CC000020409202012DE9FF47B1
:1061700005460E46144611F019FC0027294B984697
:106180001A689200FCD428686968274BDFF8A0A041
:10619000DFF8A09003C3A868E96803C3306871689A
:1061A000DC3B03C3B068F16803C30DF0BDF9D8F858
:1061B000003043F00063C8F8003010F0DFFF00BF8C
:1061C000D8F800309B00FBD4DAF80030C3F340036A
:1061D00053B9164A03CA2060616003CAE160E27BDA
:1061E000A06042B1184619E0B9F8003043F020032E
:1061F000A9F80030D9E72FB110222146684612F0E5
:10620000ADFD58B1206861686B4603C30137A068D3
:10621000E168FFB2052F03C3B0D1012004B0BDE88F
:10622000F08700BF30340141DC34014120340141AA
:106230008C340141C434014173B50E4605682B4CC2
:106240000CF0EEF807F07AFB294B1A886FF3CF3287
:106250001A80B5F88C10687E0FF034FC2368062293
:1062600062F313432360236862F317532360214BC7
:106270001A687F2161F30F021A601A6861F31F42E6
:106280001A6001A9D5F8CC0013F09AF8019A1A4BBC
:10629000042EC2F3472214D12021297517490888FA
:1062A00062F3070008801A8842F001021A8023680E
:1062B00043F010032360236843F00203236002B01D
:1062C00070BD012129750E49088862F30700088016
:1062D000226842F0020222601A8842F010021A80FC
:1062E0001A8842F001021A80E9E700BF203A014112
:1062F0006C380141103A0141283A0141083A014104
:10630000003A0141242A00BF53EC102BC3F30A5179
:106310002DE9F04140F2FD704E1E86421D4645D8E3
:10632000A1F2FF30002835DB332831DC284BC0F1E7
:1063300020084FF0FF3C03FA08F2A1F21F412CFAAB
:1063400000FC10EE104A4CEA020C23FA01F24CEA6F
:10635000020C23FA00FE04EA0C0605EA0E0724EA02
:106360000C0256EA070425EA0E030FD0002A73F147
:1063700000040BDA4FF4801505FA08F425FA01F150
:106380000C43121925FA00F040EB030343EC102BE9
:10639000BDE8F081002A73F1000303DB9FED080BD9
:1063A000BDE8F0819FED080BBDE8F0810029EFD139
:1063B0000A4603F0004343EC102BE9E7AFF30080FB
:1063C0000000000000000000000000000000F0BF1E
:1063D000FFFF0F0010B58CB02B4813F08DFF01F0BC
:1063E00071FE04F0F7F9002012F0F8FA11F05EF9EE
:1063F000264811F06DF914F004F9254813F0FEFE5B
:106400000AF00AFC234813F0F3FE234A02AB07CA42
:1064100003C323F8022B120C1A7002A90B2012F0EE
:1064200089FA00248DF82040ADF822408DF82440F0
:106430008DF82E408DF82F4008A812F0ADFEADF873
:1064400002408DF8044003238DF8003009238DF8B5
:10645000013068460EF0DEFC01238DF81E308DF809
:106460001C300623ADF814304FF44863ADF81630F5
:10647000ADF8184040F2F313ADF81A3005A812F049
:10648000CDF90CB010BD00BFE1E40101C3AD0001C6
:10649000398E0201FBA50201847702012DE9F84340
:1064A0000446008914F076F9002855D02689304634
:1064B000D4E903790FF06CFF804600284ED0FA2013
:1064C00014F07CF9044600284AD013F0F1FE208035
:1064D000182060803B686360251D7B686B60BB682B
:1064E000AB60FB68EB60D9F800306361D9F8043029
:1064F000A3611D2384F8F830B8F80430834223D810
:10650000013B6380D8F840701FB914F057F9074673
:1065100000B330462146F8F735F8064680B93B46C9
:1065200005F1180255F8041B43F8041B9542F9D1F4
:10653000C8F84070204614F043F93046BDE8F883AF
:10654000384614F03DF9F5E730462146F8F71AF8D9
:106550000646EFE70226EDE70426EEE70326ECE722
:106560000226EAE710B586B00023032904468DF819
:10657000013038D10DF10200511C13F017FF2046F5
:106580000CF0ADFD002831D102AA01A9BDF802002E
:106590000FF066FD00283FD0029B5B68D3E9011233
:1065A000107813F0ADFC019A0346D27B20880121BC
:1065B00001F0E4FE80B2C8B901998B7B9A0723D51C
:1065C0002388ADF81030BDF802300391ADF81230D9
:1065D000ADF814000A230DF1010103A88DF816305F
:1065E00008F0EAF802E0ADF8023004209DF801302E
:1065F00043B998B901998A68496812880B232046E3
:1066000009F03EFC06B010BD9B06EFD5BDF8022098
:10661000204610F043F9E9E70120E7E7C3B2BDF8EF
:1066200002200A21204603F08BF9EBE738B5214C14
:10663000214D21782846222300F8013B023114F035
:10664000C1F842F68831E81C14F0BCF823781B4AE4
:106650001B4802EB0311C1E900051A4888601A487B
:10666000C860591CC9B202EB0111184808601848EB
:106670004860184888601848C860991CC9B202EB85
:106680000112164911601649516016491648916069
:106690001649D1600333027C1549DBB223709BB2EB
:1066A00021F8223001EB8201022401324C80027475
:1066B000C38138BDA23C01200B3B01209031012059
:1066C0000AA602013AA80201050000012EA8020153
:1066D0003039012042A80201180002033E9D020148
:1066E0001A3B012040A80201003A01200200203399
:1066F000EC3B0120F7B52E4B019004460F4600936A
:10670000022201231121EC20FEF714FA13F058FCA9
:1067100000283ED11F2C47D834B12046FFF7C0FCDB
:10672000002843D00FF048F8224B1868F0210430BD
:1067300013F05AFE054654B32046FFF7B1FC064657
:10674000D5F8AC0020B10FF037F80023C5F8AC3015
:1067500034B1C5F8AC6022463946304612F00CFB25
:1067600095F8FE30A5F8B040DB0744BF012385F85B
:10677000FD3095F8F8301BB10221284610F012FDCB
:10678000012013F00DFC0024204603B0F0BD264686
:10679000D6E70C24084B0093019401230022FF212B
:1067A000EC20FEF7C7F9EFE71224F3E70724F1E73F
:1067B000BA950201EC00002022750201F7B52E4BBC
:1067C000019004460F460093022201231221EC207F
:1067D000FEF7B0F913F0F4FB00283ED11F2C47D888
:1067E00034B12046FFF75CFC002843D00EF0E4FFF4
:1067F000224B1868F021043013F0F6FD054654B31F
:106800002046FFF74DFC0646D5F8BC0020B10EF03F
:10681000D3FF0023C5F8BC3034B1C5F8BC602246B4
:106820003946304612F0A8FA95F8FE30A5F8C04077
:106830009B0744BF012385F8FD3095F8F8301BB164
:106840000221284610F0AEFC012013F0A9FB002421
:10685000204603B0F0BD2646D6E70C24084B009333
:10686000019401230022FF21EC20FEF763F9EFE7FA
:106870001224F3E70724F1E7EE8E0201EC0000207A
:106880002275020173B54FF4DE71002006F0F4FAB0
:10689000054600284ED004684FF4DE7200212046E1
:1068A00013F022F904F1C803C4F8CC3004F1D0038A
:1068B000C4F8D43004F5BA73C4F8783104F5BE7363
:1068C000C4F8803104F5C273C4F888311B4BA5604D
:1068D0001A6800262660916861600C6094601A68EE
:1068E0001378013313703146182204F5C67013F083
:1068F000FBF8134BC4F898511822C4F89431314670
:1069000004F5D27013F0F0F80E4BC4F8B051C4F88F
:10691000AC3101210DF1070005F0AAF99DF807102F
:106920002522B1FBF2F302FB131384F85230064B1D
:106930006B602546284602B070BD00BFEC00002009
:106940000001010001010300DD1A0201304BD3F800
:10695000842F6FF31F62C3F8842FD3F8882F6FF34F
:106960000702C3F8882FD3F8882F6FF30F22C3F8DC
:10697000882FD3F8882F6FF31742C3F8882FD3F8E6
:10698000882F6FF31F62C3F8882FD3F88C2F6FF313
:106990000702C3F88C2FD3F88C2F6FF30F22C3F8A4
:1069A0008C2FD3F88C2F6FF31742C3F88C2FD3F8AA
:1069B0008C2F6FF31F62C3F88C2FD3F8902F6FF3D7
:1069C0000702C3F8902FD3F8902F6FF30F22C3F86C
:1069D000902FD3F8902F6FF31742C3F8902FD3F86E
:1069E000902F6FF31F62C3F8902FD3F8942F6FF39B
:1069F0000702C3F8942FD3F8942F6FF30F22C3F834
:106A0000942FD3F8942F6FF31742C3F8942F704745
:106A10000024014170B590F84740052C01D8032CA3
:106A200018D1A9B900EB8200036F1FE000EB8302CD
:106A300000EB4301126FB1F888401168013364F331
:106A4000DE311160DBB290F894209A42EED870BD2E
:106A50000023F8E714F0FD0327D109BB00EB820007
:106A6000036F1A6861F3DE321A60C36F1A6861F34C
:106A7000DE321A60EBE71AB200EB820100EB420251
:106A80000C6FB2F88860256866F3DE352560C96F43
:106A9000B2F88E400A68013364F3DE320A60DBB27A
:106AA00090F894209A42E6D8D1E7042CCFD100295F
:106AB000B8D000230DE000BF00EB830200EB4301E0
:106AC000126FB1F888401168013364F3DE31116050
:106AD000DBB290F894209A42EED8B8E7F0B5D0E94E
:106AE000037585B000890FF0E1FF0446002854D0FB
:106AF000C16D002951D090F85730002B4DD007B10F
:106B00003DB92046082103F085FF0446204605B024
:106B1000F0BD2B68C1F86F306B68C1F87330AB689B
:106B2000C1F87730EB68C1F87B30C36D01229A70F1
:106B3000412013F043FE064688B3002300F8013BD2
:106B4000E16D2022EB3112F017F9E16D2022EB31DB
:106B500006F1210012F010F94122314628466B4619
:106B6000F5F786FC10226946384612F0F7F878B936
:106B7000E37853B9E16D204601F5E07109F0D5FBEA
:106B80000446304613F01CFEC0E70623A370F7E767
:106B90000421204603F03EFFF2E70124B6E7022479
:106BA000B4E71300002856D070B50446C26A2B49DA
:106BB0000968C96A8A4245D28169002905DB2749EB
:106BC0000968C96AC1F10501816102EB82022449A9
:106BD00001EB82026169914205D0204A1268D26AB3
:106BE000E262012036E0251D284611F041F938B94E
:106BF0001C490B68E06A0122824023EA02030B6011
:106C0000164B1B68DB6AE36216490E68012000FA26
:106C100003F232430A60124A03EB830302EB83035D
:106C20005B68A3609968E1604D609D60E56AA900BA
:106C30004B199B00D6186661294452F82110014473
:106C4000D15007E0054A1268406CD36A98422CBFC5
:106C50000020012070BD0020704700BF8C3B012048
:106C6000C8350120A83B012070B52C4C226815784E
:106C700015F0040551D15178294B49001E68C9B25D
:106C800061F307061E6051781E6801314900C9B2E0
:106C900061F30F261E6051781E6802314900C9B2A7
:106CA00061F317461E6051781E6803314900C9B26E
:106CB00061F31F661E605378043353702368821C8F
:106CC00022F070425A63174A1188C0B260F307017C
:106CD0001180A2F5E472116865F34D31116012491B
:106CE0000A8842F001020A805A78272A0AD95D7080
:106CF0002368DA781979013A914202BF1A7842F092
:106D000004021A702368DA8D013ADA855A79013261
:106D10005A711A7842F020021A7070BD38020020B1
:106D2000503C0141003A0141243A014170B52C4CDC
:106D30002268157815F0040551D15178294B490086
:106D40001E68C9B261F307061E6051781E680131E2
:106D50004900C9B261F30F261E6051781E680231E6
:106D60004900C9B261F317461E6051781E680331AD
:106D70004900C9B261F31F661E6053780433537033
:106D80002368821C22F070425A63174A1188C0B2ED
:106D900060F307011180A2F5E872116865F34D31C7
:106DA000116012490A8842F001020A805A78272AA3
:106DB0000AD95D702368DA781979013A914202BFE5
:106DC0001A7842F004021A702368DA8D013ADA85E3
:106DD0005A7901325A711A786FF345121A7070BDE0
:106DE00038020020543C0141083A01412C3A01414B
:106DF00070B5D0F8AC301E7B182E044602D038D8BF
:106E0000012E38D8182EE56802D1B3F80F3093B3AD
:106E10006B7983B313F03CFBA18FB4F85030B4F816
:106E20005C20052801FB03338CBF12210C2101FBE0
:106E30000323012EAB6030D0F6B1182E16D194F892
:106E4000E220D4F8AC1002F0EF02032A02D1D4F809
:106E5000B4210AB9D4F8B8219BB29380A1F80F30BD
:106E6000D4F8442112B10733A2F8153000236B7116
:106E700001E0272E19D070BD94F8E220D4F8AC10B0
:106E8000112A01D0032A02D1D4F8B4210AB9D4F8C6
:106E9000B8219BB2D382CB82E8E7D4F8AC20D4F8F7
:106EA000B4119BB2CB805382E0E7C36F43F0010380
:106EB000C367E0E700B5C3B0294B1B7823B1012BB2
:106EC00024D043B05DF804FB01F0ACF9FBF704FDFE
:106ED0000021084603F07CF810F09CF813F0C2FB88
:106EE000204900200FF044F81F49002007F094FBD0
:106EF0001E4900200FF03CF80DF040FB0EF0A8FFFB
:106F000012F0AEF8164B01221A70DAE74FF0FF329A
:106F100001A9174812F046FE0028D2D09DF804308F
:106F200063B1042B0FD0052B10D0062B11D0072BEB
:106F300012D0082BC5D111F063FCC2E70DF105009A
:106F40000AF0B8FEBDE712F0EBF8BAE7FBF71CFB5E
:106F5000B7E708F07FFBB4E711F010F9B1E700BF25
:106F600064000020C81E0201EC1E0201F41E020192
:106F70006800002038B50468A36FD90505462BD5F5
:106F80001A0525D506F0DAFC294BDA6A42F40032FC
:106F9000DA62DA6A6FF35142DA62DA6C42F4003292
:106FA000DA64DA6C6FF35142DA64DA6C42F480220C
:106FB000DA64DA6C6FF39242DA6494F96D30002B84
:106FC0000BDB637D0133637520460FF089FA15E012
:106FD00010F046FB0028D5D038BDA36F1B0605D5A1
:106FE000E37D012B1AD1284610F0EAFE0CF09CFA42
:106FF000A36F23F04003A36710F0C0F8E37D012BDB
:1070000006D1237D13F0180F02D028460BF0B6FFEF
:1070100028460021BDE83840ECF726BF0CF084FA82
:10702000A36F23F08073A36710F0A8F8DEE700BF1A
:1070300000240141434F4E4E3A41636C5478446FF3
:107040006E653A48646C3D3078253034782C6C6538
:107050006E6774683D257800434F4E4E3A43747214
:107060006C5064755263763A48646C3D30782530D4
:1070700034782C4F70436F64653D30782578004339
:107080004F4E4E3A4C4C206465736320616C6C6FBC
:1070900063206661696C3A2530327800434F4E4E6A
:1070A0003A446174615263763A48646C3D307825A5
:1070B0003034782C6C656E6774683D256400434FEE
:1070C0004E4E3A41434C206465736320616C6C6F93
:1070D00063206661696C3A2530327800416E6368DE
:1070E0006F72204D6F76653A48646C3D307825307C
:0370F000347800F1
:1070F4002DE9F04104468846254B1D68254B1E6842
:10710400254B1F68254B1868043010F0AFFE48B9B2
:10711400224B1A6822490B68D06A0122824023EA72
:1071240002030B60B4F1FF3F0DD02C441B4B1B68D2
:107134005C60A5421ED9194B1968043138460EF01B
:107144009DFABDE8F081B8F1000FEED0154A516800
:10715400124B1868816018688C68C4601868043021
:1071640060601868043088601B685A6113680133D2
:107174001360E6E7094B1968043130460EF07EFAD5
:10718400094B1B68A34284BF074B1C60D9E700BFAF
:10719400C03B0120903B0120943B01208C3B01200B
:1071A400A83B0120B0390120B03B012030B5037861
:1071B4000E2BC3B0044622D00F2B3ED0062B1BD17E
:1071C40000250CE009238DF8083004EB850302A8A0
:1071D400DB88ADF80A300AF04FFA0135EDB22379B5
:1071E400AB42EFD8002204340192009422231321ED
:1071F4004FF482700FF07CFB012043B030BD037963
:107204008DF80A300025411D20220DF10B008DF868
:10721400085011F0AFFD04F1250120220DF12B00DF
:1072240011F0A8FD043402A810F052FB019500945B
:1072340041232A4640F63E01DAE70123411D20227C
:107244008DF8083003798DF80A300DF10B0011F038
:1072540091FD02A810F03CFB04340022019200943A
:10726400212340F63E11C3E703297FB504461546A2
:107274004CD10BF032FF002849D1E3789A074DD462
:1072840013F0100F264B1B6805F101010DF10A00E4
:1072940014BF1E8A5E8A13F087F8BDF80A30162BD5
:1072A4009CBF1723ADF80A30BDF80A30B34228BF9B
:1072B4003346A380032013F041FA0546B0B100F130
:1072C4001003032103A8039313F074F8314603A8B1
:1072D40013F076F8042300932A4600230321208820
:1072E4000EF089FC10B1284613F056FA4FF4827060
:1072F40013F062FA40B10E22027022888280A288C2
:10730400C280042110F028F804B070BD0420C3B278
:1073140000220221204602F011FBF5E70620F6E7E1
:10732400A8000020F0B587B02B4B0190CDE90212E4
:1073340007460093EC200E461546012302225021F5
:10734400FDF7F6FB384610F003FD00283DD0046835
:1073540094F8ED309A063AD5204610F0FAF8D8B1F0
:107364000C20FEF79BFE94F8EE30C4F8B4011B0722
:10737400A4F8586104D440F648039D4228BF1D4632
:10738400FB23A4F85A510380204612F048FC00B3B2
:107394000024204607B0F0BD204604AB062203219A
:1073A400ADF81070ADF81260ADF8145008F0F0FDAF
:1073B40004460028ECD0094B0093019401230022D9
:1073C400FF21EC20FDF7B4FBE3E70224F3E71A24E2
:1073D400F1E70724EFE700BF1F5E0201E671020137
:1073E40030B52C4D2B685A79013A5A719A78272A6C
:1073F40089B0294622D900249C702A681379013364
:10740400DBB21371D2789A4218D8012008F0A6FE94
:107414002B681A781C7164F382021A702B681A782C
:1074240064F301021A702046F8F7E2FA2346224672
:107434001949012007F02EFC09B030BD0B681A78F9
:1074440002F00702022AF7D1DA8D5AB102AB1422F4
:107454000021184612F046FB002200920FC8FDF7E7
:1074640099F9E9E759790029E6D1182202A812F01E
:1074740039FB012008F072FE9DF8083043F0020346
:107484008DF8083002A801238DF80A30F8F7B0FA15
:10749400D2E700BF380200200007010130B50179AE
:1074A400274BE9B1012931D01A6842F080021A60F1
:1074B400244AD0F805101160407A516860F3040141
:1074C40051601A6842F040021A601A685106FCD4EE
:1074D4001A685200FCD51C4B1868C0F3054030BD37
:1074E4001A4A0588146865F30F0414601468458803
:1074F40065F31F4414601A6861F34D321A60124A2E
:107504004489116864F30F011160CDE7104A0488BF
:10751400116864F31F4111605168448864F30F01DA
:107524005160516841F4E02151601A6842F40052FC
:107534001A60084A4489116864F31F41E4E700BFF4
:107544005434014158340141B034014160340141A3
:1075540054360141BC3401412DE9F843EFF311875E
:107564004FF0200484F31188BFF36F8FBFF34F8F64
:10757400856BC46BA54206D3022B04D0002087F38D
:107584001188BDE8F8831D469046044690F845608E
:1075940076B2D0F838901A4606F036F8B6F1FF3FC6
:1075A40021D1A36C7BB1022D02D1B9F1000F24D1FA
:1075B400204608F097FF10B3B8F1000F21D0012046
:1075C400C8F80000DBE7636A0BB90120D7E704F1D0
:1075D4002400FEF741F9B0B1B8F1000F15D0012035
:1075E400C8F80000CBE712F01FFE86420FD2013626
:1075F40076B284F845600120C1E70120BFE701208D
:10760400BDE70120BBE70120B9E70120B7E701206E
:10761400B5E702002DE9F041294E2A4C4FF001084C
:10762400294F13E0226AFAB1616A236A40469847F7
:10763400A36A0133226B934228BF002314E0A26A99
:10764400EDB2BD54A36294F83430FBB9337E13F029
:10765400040F32D0B56AA36A0133226B934228BF68
:107664000023E26A9A42DDD0E26A9A42EED072685E
:1076740002F00702012AE2D1A16A4A00E8B207F83F
:1076840011000132C5F30725BD54DBE711F0FEFC00
:10769400236A002BDAD0616A94F83C3033B1A36BCF
:1076A4009842D3D3236A00209847CFE7A36B98422C
:1076B400CCD1236A00209847C8E7BDE8F08100BF19
:1076C400000C0040CC360120D83301202DE9F04FC6
:1076D400047A14F00704034618BF0124274850F81D
:1076E400346084467EB900EBC4051E6040F8343033
:1076F4006B60234840F82430002A3CD00846BDE89B
:10770400F04F03F0ADB8D3F804A04FF0000EAAEB8D
:10771400010BB0463746F146BBF1000F1FFA8EF558
:10772400786807DB401A002816DADDB91E604CF8C9
:107734003430DEE7B9F1000F0ED1401A002809DB1E
:1077440038680135ADB20EF1010EB8460028ECD010
:107754000746E1E74FF001097868A0EB0A0000282A
:10776400EEDDE2E7D8F800201A6012B90CEBC4048D
:107774006360C8F80030BDE8F08F00BF583A0120BC
:10778400F03A012030B5044687B0008810F0E0FAE2
:1077940000284BD0E2880568A38802FB03336A8F74
:1077A40053436289B3EB820F42DA95F8F13003F068
:1077B4006003602B3ED128460FF0CBFEEB6F10B375
:1077C4001A0722D51420FEF769FCC5F8B4016388B2
:1077D4000380A3884380E38883802389C3806389EB
:1077E4000381284609F095F9002814BF00240724D2
:1077F400114B0093022201235B21EC20FDF798F941
:10780400204607B030BD1B0702D4288803F08EFF42
:107814002068616803AB03C3A06818600C2203AB43
:107824000A21284608F0B4FB0446E1E70224DFE716
:107834001224DDE71A24DBE7D095020138B5046889
:10784400294A94F8F430126823F0030384F8F430DE
:107854000023C4E96D33A4F8E230C4F8E43084F8BA
:10786400F2301178C4F8EE30204B84F8ED10C4F8EF
:107874005831137AD90754BF537A072384F8423115
:10788400137A9B0754BF937A072384F84331184B28
:10789400C4F854310546014640F2026204F5B07062
:1078A40011F03DFB40F20362294604F5BC7011F06F
:1078B40036FB40F20462294604F5C87011F02FFB30
:1078C40094F86E306FF3410384F86E3004F5D4728B
:1078D4000023C4F84431C4F85031C4F8A831C4F8C2
:1078E400AC2184F8B03138BD38010020FB0090424F
:1078F400B80BDC0570B5D0F8443193F921307F2BF7
:1079040092B0044643D00426012500BFD4F8443184
:107914009B7F1D4232D0284612F04EF8D4F84431F1
:107924001A1893F821301371D4F844311A18DB7FF4
:107934001373D4F844311A7C92071FD541F2210203
:10794400ADF8002000228DF804202288ADF806202E
:10795400012210448DF809008DF8082093F82120A5
:107964008DF80A20DA7FC2F301028DF80B2093F818
:1079740020308DF80C3068460DF0ECFF013E6D00B0
:1079840016F0FF06EDB2C1D1012012B070BD4FF464
:107994008153ADF800300388ADF8043068464FF6E3
:1079A400FF73ADF806300DF0D5FFEDE72DE9F0419A
:1079B4008AB00468294B0993236F5B02039340F256
:1079C4000113ADF80230638F15465A0040F271235B
:1079D400534306464FF0000820460F4605938DF8A2
:1079E400008010F009FE628F049040F2E24353439A
:1079F4008DF80170CDE90638089645BBADF8045002
:107A0400029504F1CC016846FBF7AEFC237E122BF1
:107A140016D1E37DA3B994F83700658F03F2E243EE
:107A240058435D4310F076FB00220D4B12F064FEC8
:107A340010F0D6F92A4681B2D4F8CC000BF0C4F980
:107A4400D4F8CC00F9F7F0FF0AB0BDE8F0812B6858
:107A5400ADF804306B680293D3E700BF190202014A
:107A6400008883407FB590F85040064634BB294DCA
:107A74002B68D3F8583283B110F09EFC296891F832
:107A8400602203465AB13246D1F858122046AFF369
:107A940000802B680022C3F8582204B070BD012076
:107AA40081F860020092D1F858220393CDE90126AF
:107AB4006B461022184907F0EDF8EAE7012CECD1E7
:107AC400144D2B68D3F85C32002BE6D0002918BF84
:107AD400022410F071FC296891F86022034652B127
:107AE4003246D1F85C122046AFF300802B680022A6
:107AF400C3F85C22D1E7012081F860020094D1F838
:107B04005C220393CDE901266B461022024907F05B
:107B1400C1F8EBE7940100200D01000130B5C36DFD
:107B240085B00446002B3AD04FF4F8720021E06D82
:107B340011F0D8FFE06DBC3011F05CFB684612F028
:107B4400F7FDE26D0098C2F8CC0002F1CC03BDF859
:107B540004109DF80620998025469A7135F80B0B80
:107B640002A910F0A9FBDDF80930C4F80B30BDF808
:107B74000D30AB809DF80830E26D003318BF01234F
:107B84006374022382F82C30E26D82F82D30104B9E
:107B94001B68587810F001000AD105B030BD4FF4CD
:107BA400F87012F009FEE0650028BDD10120F4E769
:107BB400E26D92F82C3043F0010382F82C30E26D30
:107BC40092F82D3043F0010382F82D300020E4E7D1
:107BD400A4010020F7B5047A082C4CD8C56800230A
:107BE400A5F128012820DAB294423ED8254F3B68FB
:107BF4001E78002E41D130460CF076F80DF004FAD0
:107C04003F6807F134034FF4A0723146184611F06F
:107C140069FF87F8324094B304EB8402D20029460A
:107C240011F0A8F828460BF017FC95F82720012A34
:107C34000FD12B788DF800302B46684653F8011F7E
:107C4400CDF801109B88ADF805308DF807200DF0B4
:107C540097FD0136F6B2B44205F12805E2D10120C0
:107C64000CF042F8002003B0F0BD013300FB03F236
:107C74008A5C012AB7D90320F5E70520F3E72046FB
:107C8400F1E700BF9C0000201E4B1F4A70B50C207A
:107C94005A6012F091FD1D4E1D4D306000240460A9
:107CA40044608460882012F087FD21468822286081
:107CB40011F018FF306804300CF0B5FA0446F8B936
:107CC400144812F0CBFB144812F0CEFB134812F008
:107CD400D1FB134812F0B0FB124812F0D1FB124949
:107CE400204612F091FB2B68104A9A65104ADA6616
:107CF400104A1A67104A9A6709F084F904F04AFA9C
:107D0400204670BDFC000020FDA00101EC00002015
:107D1400343C01205D840201498B0201F17A0201A5
:107D2400ED3D0201157B02017D84020135B20001A3
:107D340039FE0001292102019D84020113B5024686
:107D44000C4612F043F9002847D0262A2AD0292AC3
:107D540035D0202A43D1234BF1B11B68DA7812F0D5
:107D6400300F3CD01A7942F001021A7100241E4BE4
:107D74000093022201232D21EC20FCF7D9FE44B10B
:107D84001A4B0093019401230022FF21EC20FCF7FD
:107D9400CFFE204602B010BD1A68137923F0010308
:107DA4001371E4E70F4B1A68137929B1980616D5B5
:107DB40043F040031371D9E723F04003F0E7094B84
:107DC4001A68537929B1D90709D543F002035371CD
:107DD400CCE723F002035371C9E70C24C7E711244D
:107DE400C5E700BF38010020239B02010A9302016A
:107DF40030B5C278837885B004462ABB0C2B0BD1EE
:107E0400C06D102200F5C87010F0A6FF054628B119
:107E14000B21204602F0FCFD05B030BDADF8040096
:107E2400CDE9020020460CF0FFFDE36D2088A0336D
:107E340001AA02A90EF0B1FBE36D2A46A03329463C
:107E4400204600F0DDFFE7E7082BE5D1C56D1022E1
:107E540005F5E87010F080FF0028D9D16B78042B69
:107E640016D101232B71E36D9A78002AD4D01871AE
:107E7400E36D9870E16D01F5C871204608F080FA51
:107E840020460CF0D1FDE36D0022A0331146D7E764
:107E9400012B02D105F5C871EFE7022BFAD0032BB1
:107EA400BAD1F7E784B030B587B00AAC84E80F00E4
:107EB400274C2268137803F0030102293CD19DF872
:107EC40030506FF382031370002008F047F9DDB9D6
:107ED40018222946684611F005FE23681978012204
:107EE40062F30101197023689978597023685D71F0
:107EF4009DF800308DF8022043F002038DF8003025
:107F04006846F7F775FD17E02368032D1A7819D131
:107F1400012565F301021A7023689A785A70236860
:107F240000205871F7F764FD0A9B009304226B4606
:107F34000849284606F0AEFE002007B0BDE83040F0
:107F440004B070476FF301021A700020D9E700BF34
:107F5400380200200407010173B50468638FD4F864
:107F64004451F02B94BF94F92C3094F92B3095F9AB
:107F740013209A4206460EDC94F92C3095F9112010
:107F84009A4208DBB4F85C30D4F844210133A2F8F7
:107F9400153002B070BDAA7C0121D21A204652B21B
:107FA4000CF07FF9002A1EDD2B181B7B9907E9D4FE
:107FB400144B009693F908309A42B8BF1A46002A27
:107FC40008DA284490F9043099181031BCBFC3F181
:107FD400F00252B28DF804206B4605220A490120B2
:107FE40006F058FECEE7CDD029180B7BDB07C9D4A9
:107FF4002B7C03F03003202BC4D091F904300F33D1
:10800400C0DBD5E7B601002005060101F8B504463A
:10801400008A12F0BDFB00284DD0208AA768A67CF8
:10802400E5680EF0B3F90446002846D04FB345B3D3
:108034003B7843727B78837205EB86060023E27AF1
:108044009A4211D998002A4609E0E1681788014448
:10805400B1F800C0BC4504BF57884F800432964233
:10806400F3D10133DBB2EAE7637ADB0705D54FF6D8
:10807400FF720121207807F02FFF237A43F00103D8
:108084002372012304F1540584F83C30284611F08E
:108094007CFA78B1284611F049FF05464268018907
:1080A400204604F0BDF9686812F088FB284612F0F7
:1080B40085FB0020F8BD0420FCE70320FAE702005A
:1080C40038B5254D2549032011F088F82B682C4636
:1080D40033B9502012F070FB286060B9022538E0F3
:1080E4000025236803EB8503D86A08B10BF0C4FAB2
:1080F4000135082DF5D150220021206811F0F2FC41
:108104002368174803221A70236809225A702268C8
:1081140010210023917053712268D3710EF006F977
:108124000546B0B90F480EF019F9054688B90E4A4C
:108134000521012011F08EF80C49062010F01CF9DD
:108144002268936903F0F80343F0011343F4A06336
:108154009361284638BD00BFA4010020F19E0201AE
:10816400EDEF0001C5D20101C9D801010D5A010189
:1081740070B583780A2B044641D1C06D4022EB30A0
:1081840010F0F8FD94F853308BB902200EF0A2FCE5
:1081940000283BD11F4D2B68DA786AB11E49402272
:1081A40004F1120010F0E6FD022384F85330204657
:1081B400BDE87040FBF7E2BAE278012A0AD1E26D29
:1081C4005278032A06D1996821B191F850300BB145
:1081D4004022E5E7114811F041FF064680B92868BE
:1081E400022384F853301030FCF778F92B6883F8B5
:1081F40028609B680BB183F850600B23A37070BD9B
:1082040020460821BDE8704002F002BC012384F836
:108214005330F2E7A4010020AC3F0201053702010C
:1082240030B599B011F079FD274B01AC93E8070004
:1082340084E807000DF10301082010F087FB0025F6
:1082440005950695ADF81C504FF40073ADF8103049
:10825400ADF8123007238DF81C3004A810F08EFFFF
:1082640008238DF8203002238DF8213001238DF866
:10827400223006238DF8233004238DF8243016236E
:108284008DF82530DA238DF82630FE238DF827303B
:108294008DF8285008A810F059FF0C238DF84030B1
:1082A400234607CBCDF84100CDF84510CDF8492041
:1082B40010A810F057FF0DF102010E2010F054FB2E
:1082C400FEF786F819B030BD64ED010180B485B0C5
:1082D40000AF0346FB71FB791B0443F08072134B20
:1082E4001A604FF48073FB6000E000BFFB685A1E05
:1082F400FA60002BF9D10D4B5B6803F08003002B6F
:1083040001D100230CE0094B5B681B0ADAB2FB794C
:108314009A4201D0002303E0044B5B681B0C9BB220
:1083240018461437BD465DF8047B7047003E01448F
:1083340080B483B000AF03463960FB71FB791B0442
:1083440019460C4A3B680B43136000BF094B5B683A
:1083540003F08003002BF9D100BF064B5B6803F0E8
:108364008003002BF9D000BF0C37BD465DF8047BB9
:10837400704700BF003E014473B51E4600230D46FE
:1083840014468DF806308DF807300DF0FFFF10B954
:108394000F2002B070BD2C4204D1012D0CBF02206D
:1083A4000320F6E7012D04D114F00E0F1CD1002098
:1083B400EFE714F0E00FFAD0102D09D1610620D5B3
:1083C4000DF107030DF106020321008806F095FC68
:1083D4009DF8073003BB14F0EE0FE8D09DF806308B
:1083E400B342E4D20C20D4E76507E9D4A2070AD447
:1083F40014F0080FECD00DF107030DF10602012172
:10840400E3E7A30605D50DF107030DF106020221EA
:10841400DBE714F0800FEDE7012BB9D0022BC6D1B6
:108424000520B6E773B50468636F628FDB689988CB
:108434009142064607D1A08FD988884203D1E08FA4
:10844400198988420AD0032184F8AA109988914294
:108454001FBF012222650022A4F858201A7884F84C
:1084640037205A8822879A886287DA88A2871B89EC
:10847400216FE3872046012206F008FBA36F628F79
:1084840023F00103A367E38F00252046C4F8885036
:10849400DB00B3FBF2F3C4F8903000F06FF8B4F8EB
:1084A400BC3000936A46D4F8C03001930C213046A6
:1084B400FFF77CFA94F86D3065F3041384F86D309B
:1084C400A36F23F0040343F00803A36702B070BD55
:1084D400882910B536D012DC812943D003DC8029E9
:1084E40040D0002010BD82290ED08429F9D119680A
:1084F40002B30A1D1A60B1F90020D3171EE0A029A7
:108504002BD00BDC9029ECD11968073121F007013D
:1085140001F108021A60D1E900230FE0C02901D05B
:10852400F029DED11A68111D196013680360002355
:10853400436005E00A1D1A600A880023C0E900238D
:108544000120CFE7196822B10A1D1A6091F90020B1
:10855400D3E70A1D1A600A78EFE71A68111D19603B
:108564001268CAE719681AB10A1D1A600A68C4E7D2
:108574000C1D1C600B68C0E90032E1E770B50546CC
:108584000FF0CAFF6B8FB5F8604040F2E2465E43DD
:10859400AB7E122B2BD0222B2DD0112B30D100EB04
:1085A400C404E6346B7EB5F86400122B2DD0222B64
:1085B4002FD0112B32D104EBC004E6340FF0ACFF02
:1085C400B44224F00042A4EB00004FF0000394BF37
:1085D400341B002496422CBFB61A1E46C5F8A400CC
:1085E400C5F89C40C5F8A060C5F8983070BD00EB94
:1085F4008404C234D6E700EB041404F51974D1E7FB
:1086040000EB841404F26634CCE704EB8004C23437
:10861400D4E704EB001404F51974CFE704EB8014D9
:1086240004F26634CAE710002DE9F04383B00378FE
:10863400032B42D00646684610F0B8FD002841D10D
:108644004FF40054204F07F1010817E04846EBF7B8
:1086540012F958B1072269461C4810F07DFB08B393
:1086640004E0711CF81D03F0F9F938BB0135EDB2D3
:108674000134A4B242F208039C421FD0E5B2204662
:10868400EBF7D6F80028F1D02046EBF7F4F80028F1
:10869400ECD004F108091FFA89F94846EBF7C8F849
:1086A4000028D3D13378022BDBD006224146701C3C
:1086B40010F052FB0028D9D100E00825284603B069
:1086C400BDE8F0830825F9E70C37012018380120AC
:1086D40070B582B0254D264C264E14E0F25C8DF820
:1086E4000620013322699A4298BF0023E3606B6835
:1086F40003F00703012B14BF9DF80630BDF80630C4
:10870400AB62237DBBB92B7E13F0010F2CD0A26882
:10871400E3689A4225D06A6802F00702012ADDD193
:108724005A0016F813108DF806100132B25C8DF859
:1087340007200133D6E711F027F82368002BE2D095
:108744006168237F33B1A3699842DCD32368032093
:108754009847D8E7A3699842D5D12368032098475E
:10876400D1E7024B01221A7502B070BD000C004023
:10877400CC3601205834012010B5274C206890F8DD
:108784002130032B8CB01AD1223011F061F820680B
:1087940090F82130012B02D922300CF0FDFB236824
:1087A4000020D3F8743198472068038E2BB11B49FD
:1087B40000F5F2705943F9F7A7FC0CB010BD022B79
:1087C400E5D1032104A803F051FA0D2200210DF193
:1087D400130011F087F99DF8123003F07F0343F082
:1087E400400368468DF8123010F004FD08AA04A96D
:1087F4006846FDF7B9FC2368BDF820109DF82220D7
:10880400598483F82420BDF810109DF81220A3F891
:10881400251083F82720BAE79C00002040420F006F
:108824002DE9F347264E336807461D7BF8B9DB7AFA
:10883400AB4201D90135EDB2224B1C684FF0000860
:108844004FF00109CCB9B9F1000F2CD033682046A0
:108854001D733268137B0BB9012F2ED0D27A9A4242
:1088640002D1002F08BF432002B0BDE8F0870128E1
:10887400E2D1002DE0D0013DDDE7A268137A043B8C
:10888400012B0BD8D2F800A0504610F0CBFE38B91B
:10889400D4F808808146504610F0AEFE2468D1E733
:1088A40033681D73F7E78DF8047001AB02220821C9
:1088B400D8F8000007F06CFBCBE74320D4E700BFF7
:1088C400380100209C01002073B505460DF101011B
:1088D40068460FF061FD902011F06EFF04460028F9
:1088E40044D0E96D00F10806442201F596714C303C
:1088F40010F040FAE96D4422A031304610F03AFA03
:1089040095F857305BB194F8663043F0010384F86E
:10891400663094F8223043F0010384F8223095F84D
:1089240056305BB194F8663043F0020384F8663045
:1089340094F8223043F0020384F8223095F8522050
:1089440094F8663062F3870384F8663095F8522011
:1089540094F8223062F3870384F8223005232370CD
:108964002B88A3802146902011F032FE02B070BD06
:10897400072870B54CD8274D041D2B6853F8246084
:10898400002E45D096F84E301BB106F15C00FBF783
:10899400A5FDB37C1D2B03D106F17400FBF79EFDEE
:1089A4002B6853F82430D86808B111F007FF2B68FE
:1089B40053F82430986C08B111F000FF2B6853F879
:1089C4002400543010F0E1FD68B12B6853F8240002
:1089D400543011F0ABFA064628B1406811F0EEFEAF
:1089E400304611F0EBFE2B6853F824000EF0A0FC87
:1089F4002B6853F82430186C08B111F0DFFE2B6893
:108A040053F8240011F0DAFE2B68002243F82420E6
:108A140070BD00BFA801002073B5254E254C3368F6
:108A240025491D7F18692022ADBB10F0A3F9B4F8C5
:108A3400A430214943F01003A4F8A430B4F8A430BE
:108A440065F3C713A4F8A430B4F8A43043F00203C8
:108A5400A4F8A430336818692022104410F08AF96D
:108A6400B4F8A43065F34103A4F8A430B4F8AC30EE
:108A740065F38613A4F8AC300020F6F7B9FF0024A0
:108A84006B4605220D498DF80440012006F002F9D9
:108A9400204602B070BD10F06DF9B4F8A4306FF345
:108AA4004103A4F8A430B4F8AC306FF38613E1E7C3
:108AB4003801002000240141602901410105010120
:108AC40070B505460FF028FD6B8FB5F8604040F295
:108AD400E2465E43AB7E122B2AD0222B2CD0112BE4
:108AE4002FD100EBC404E6346B7EB5F86400122B7E
:108AF4002CD0222B2ED0112B31D104EBC004E63420
:108B04000FF00AFD24F00043B442A4EB000094BF2C
:108B1400341B00249E4234BF0023F61AC5F89C403F
:108B2400C5F8A40034BFC5F89C30C5F8A06070BD7A
:108B340000EB8404C234D7E700EB041404F5197481
:108B4400D2E700EB841404F26634CDE704EB80042E
:108B5400C234D5E704EB001404F51974D0E704EB30
:108B6400801404F26634CBE72DE9F041D2E9002306
:108B74000C4686B007465FEAD37820684968A56842
:108B84000590E66841D0524263EB4303002908DBB9
:108B940020F002000590B8F1000F02D105994807B2
:108BA4002AD5691E05A802900A20CDE900102046A6
:108BB40004F0EEFCB8F1000F02D1059B59071FD554
:108BC400B8F1000F00F1FF3014BF2D232B233354D1
:108BD4002269059B0093013A2B46121A3118384634
:108BE40003F01AFB7B68DB0503D563689842B8BFC2
:108BF400184606B0BDE8F0810807D2D42946D1E76B
:108C04001A07E5D501382023E1E70029C0DAC5E7D2
:108C14002DE9F3470446008911F0BAFD002848D035
:108C2400278938460DF022FE064600283DD0C37839
:108C3400002B3AD01C20B4F80AA0B4F80C90B4F875
:108C44000E80248A11F0B8FD054680B300F11003AC
:108C5400122101A8019311F0ADFBF1794B1CF371C2
:108C640001A811F0A7FB082101A811F0A9FB5146A6
:108C740001A811F0A5FB494601A811F0A1FB41464A
:108C840001A811F09DFB214601A811F099FB2A4689
:108C94000C2138460DF0AFFC044610B1284611F003
:108CA4008DFD204602B0BDE8F0870124F9E70224D7
:108CB400F7E70424F5E7130073B5054600230DF127
:108CC400020101A8ADF802300DF088FA95F852308F
:108CD400012B18D1019AAB6DBDF802101A44B5F8F6
:108CE40054300B449BB240F2E1418B42C2F3160272
:108CF400019285BFA3F2E2430132ADF80230ADF830
:108D0400023088BF0192134BBDF802101A68124E4C
:108D140092F8403203F58E7340F2712032F813401A
:108D240004EB910404F59C746400B4FBF0F4019822
:108D340004443440EC6100212846EEF7A1FA6B7834
:108D440020443040E86143F004034002E8656B705E
:108D540002B070BD94010020FFFF7F0020200001BD
:108D6400FFFFFFFFFFFFFFFFFFFFFFFF000000000B
:108D7400000000000000000001000000FFFFFFFFF2
:108D8400512563FCC2CAB9F3849E17A7ADFAE6BCA9
:108D9400FFFFFFFFFFFFFFFF00000000FFFFFFFFDB
:108DA40096C298D84539A1F4A033EB2D817D037781
:108DB400F240A463E5E6BCF847422CE1F2D1176B1C
:108DC400F551BF376840B6CBCE5E316B5733CE2BEF
:108DD400169E0F7C4AEBE78E9B7F1AFEE242E34F1E
:108DE4004B60D2273E3CCE3BF6B053CCB0061D655B
:108DF400BC86987655BDEBB3E7933AAAD835C65AE4
:108E04002DE9F7430546A420884691461E4611F0F5
:108E1400D3FC044678B30127AF70A422002110F0DC
:108E240061FE002020702B88A38084F8068084F8DB
:108E34000790B8F1000F21D13268C4F80920726894
:108E4400C4F80D20B268C4F81120F268C4F81520E3
:108E5400EB6D63B15B7953B927728DF8043085F8F3
:108E640058702B88ADF8063001A811F0EFF82146B0
:108E7400A42011F0ADFB03B0BDE8F08395F85330A6
:108E8400022BF4D105F032FD0028F0D0436803F042
:108E9400F802034B1343436009F076FEE7E700BF93
:108EA400010502002DE9F843264D00242A6802EB4F
:108EB4008402116900293FD0002691F80B80CF6805
:108EC400CE72106903F024F9334607EB8800261D9F
:108ED4002A6852F82620D27A9A4221D94FEA830C82
:108EE4003A464FF0000E16E0296851F82610C9687A
:108EF4006144A1F802E02968B2F8008051F8261014
:108F0400C9686144B1F80090C14504BFB2F8028059
:108F1400A1F8028004329042E6D10133DBB2D7E7F4
:108F240017B1384611F04AFC2B6853F82600037A2F
:108F3400DB0701D50AF028FC0134082CB6D1BDE8C2
:108F4400F88300BFA80100202DE9F0410646002067
:108F54000F460EF03BFD054601200EF037FD04469A
:108F640002200EF033FD80462EB345F4605189B2E1
:108F740000200EF03DFD97F8473013F0FD0F01D0AF
:108F8400042B0FD144F0100189B201200EF030FD02
:108F94006FEA08516FEA115189B20220BDE8F0412D
:108FA4000EF026BD97F819311BB10F4B1B78002B1F
:108FB400E8D02146E9E74FF6FF7130460AF06EFA31
:108FC4004FF6FF7101200AF069FA4FF6FF71022093
:108FD4000AF064FA294630460EF00AFD21460120C3
:108FE4000EF006FD4146D8E7E5010020F8B500EB98
:108FF400C1060446D6F874710D469FB399BBD0F8E8
:10900400A0000CF0D7FBC4F8A050384611F0D6FBF2
:1090140004EBC503002703F5BA7304EB8505C6F812
:109024007471C6F87831D5F8E00018B10CF0C2FBC1
:10903400C5F8E070D5F8EC0020B10CF0BBFB0023C0
:10904400C5F8EC30D4F8DC0020B10CF0B3FB0023FD
:10905400C4F8DC30D4F8D80020B10CF0ABFB00230A
:10906400C4F8D830F8BD012907D1D0F8A4000CF019
:10907400A1FB0023C4F8A430C7E70229C5D1C36B00
:10908400D86B0CF097FBE36B0022DA63BDE71300A7
:10909400072847D8F8B50C4607460E46224D56F821
:1090A400170F7168B268F3680FC530692860B28A17
:1090B400B37DAA80AB71BDB205F500500830EAF764
:1090C4006DFA08B90120F8BD184F3E462068616862
:1090D400A268E3680FC620693060A28AA37DB280CB
:1090E400B37154F82E1F6268A668E068C7F81710B9
:1090F400C7F81B20C7F81F60C7F8230021696269FD
:10910400C7F82710C7F82B20218BA27EA7F82F10B1
:1091140087F8312005F50050EAF740FA80F00100A5
:10912400C0B2D0E703207047183801200C37012063
:10913400224B1B681BB1224B01221A60704710B5E9
:109144001F4B00221A601F4B1B681B6B1A68B2F17D
:10915400A53F03D15A68B2F1A53F25D0194B196830
:109164001868343110F02EFD174B1B68B3FA83F3E3
:10917400DBB2C3F11F03154A9900C81802EB800043
:1091840044686468446002460832944204BFC1687B
:10919400416003EB83030D4A02EB83035B68DA68E7
:1091A400084B1A601B6810BD9A68B2F1A53FD5D16F
:1091B400DB68B3F1A53FD1D1D6E700BFA03B0120C6
:1091C400C43B01208C3B0120A83B0120C835012071
:1091D4002DE9F0410C4600258046D1F8AC008F689B
:1091E4000CF0E8FAC4F8AC50A4F8B050D4F8BC00C1
:1091F4000CF0E0FAE66BC4F8BC50A4F8C05026B1F9
:10920400B06A0CF0D7FAB562B5850021204603F0A8
:109214007FFC0121204603F07BFC0221204603F061
:1092240077FC00212046FFF7E1FE01212046FFF7ED
:10923400DDFE20460221FFF7D9FEE06B08B111F0F4
:10924400BDFAD4E900236AB15360D4E900231A605B
:10925400064B1A681378013B13703846BDE8F04199
:1092640009F0FABDC8F80430EFE700BFEC000020B5
:1092740037B50B7B01930D46234B00930446012322
:1092840002221321EC20FBF753FC2B7B023B212B06
:1092940025D8DFE803F02E15241521241524152BD9
:1092A40011241515242415241524151524152424F6
:1092B400241524242424241594F8E230022B0ED1FE
:1092C40094F8F230114943F0040384F8F23004F5C1
:1092D400B070F8F719FF02E0E37D002BF0D02946C7
:1092E400204603B0BDE8304010F0B2B9E37D012B55
:1092F400E5E794F8F23043F0040384F8F230E38FA6
:1093040042F210715943E2E71D8E0201005A6202D3
:10931400FFFFFFFFFFFFFFFFFFFFFFFF0000000055
:10932400000000000000000001000000FFFFFFFF3C
:10933400FCFFFFFFFFFFFFFFFFFFFFFF0000000038
:10934400000000000000000001000000FFFFFFFF1C
:109354004B60D2273E3CCE3BF6B053CCB0061D65E5
:10936400BC86987655BDEBB3E7933AAAD835C65A6E
:1093740096C298D84539A1F4A033EB2D817D0377AB
:10938400F240A463E5E6BCF847422CE1F2D1176B46
:10939400F551BF376840B6CBCE5E316B5733CE2B19
:1093A400169E0F7C4AEBE78E9B7F1AFEE242E34F48
:1093B400F7B504460EF0F8FAA4B36378DB0731D5A9
:1093C4002046FBF799FC28B301221046214601F000
:1093D40041FF01AB042207210220019405F05AFC4D
:1093E4004FF0807194F85000184D0DF065FF94F81B
:1093F40050602B68012E1AD1D3F85C720EF0DCFF9A
:10940400224603463946304600F018FC2B680022F9
:10941400C3F85C22A06808B1FBF76EFC206908B1B0
:1094240011F0CCF9204611F0C9F903B0F0BDD3F81E
:1094340058620EF0C1FF224603463146002000F078
:10944400FDFB2B680022C3F85822E3E794010020B7
:10945400F0B5244E244C0346006830609A889B790A
:10946400B371B280B4F86C3F43F00203A4F86C3FCC
:10947400D4F8683F5A008BB00F4631D5D4F8945FC6
:10948400D4F8683FC5F3026565F31243C4F8683F36
:109494002722314668460FF06DFC9DF8003007F036
:1094A400010767F341032722694630468DF80030EF
:1094B4000FF060FCD4F8683F43F48013C4F8683FAD
:1094C400D4F8683FDB02FBD4084B1B68272202FB5D
:1094D40005350020EB7A67F34103EB720BB0F0BD66
:1094E4000220FBE77033014100240141B001002058
:1094F400F7B50568EC68064644B3AB6F234F43F4F5
:109504008053AB67A388F3B9E2790ABBAB6F1A0740
:109514000AD5012323716B46082239460120CDE97F
:10952400006405F0B7FB0EE043F40053AB67B5F8F5
:109534005C30A268DB4313441BB2002B03DC2146DE
:1095440028460FF0EDFB2468002CDBD103B0F0BDFE
:10955400A368B5F85C105B1A1BB2002BF3DC012383
:109564009A4223710DD0182AEDD121462846FBF7E3
:10957400F9F92846FFF7A4FAAB6F43F40013AB677D
:10958400C9E7214628460EF092FDC4E7A004010174
:1095940038B5234B234C1A686FF31F421A602268B4
:1095A400022161F35A622260226842F00062226062
:1095B4001A6842F400621A601A681105FCD4236820
:1095C4006FF35A63236003200CF02EFB23686FF3C0
:1095D400DB632360144B1A685207FCD11A6812F03B
:1095E400380FF8D1114D2B6813F0606F00D138BDDE
:1095F400236843F00063236003200CF015FB236809
:109604006FF3DB63236003200CF00EFB23682268F6
:10961400C3F34163013363F35A622260E3E700BF9B
:10962400583E01410C3A0141703E0141203A01414A
:10963400002841D038B5044650F8042C002A02DA38
:1096440050F8081C01B138BDA0F1080522F0004211
:1096540040F8042C10F0E2FB54F8041C174A136879
:109664000B441360164A00E01A4613689D42FBD867
:1096740050681418A5420ED06968681883420ED049
:109684002B60AA4218BF15600E4A13680133136099
:10969400F5F766FDD7E7014451601546ECE70A4843
:1096A4000068834206D05B681944696013681B68CC
:1096B4002B60E6E72860E4E7704700BF7C3B0120AD
:1096C400B83A0120883B0120783B0120002846D08D
:1096D40038B50446426C914238BF1146C26A8A4288
:1096E40002D0806C012800D038BDE162A069002856
:1096F400A4BFC1F10501A16102EB8202184901EB8B
:10970400820261699142EFD1251D28460EF0AEFB1D
:1097140038B914490B68E06A0122824023EA020343
:109724000B60E36A0F49086801229A4002430A6009
:109734000B4A03EB830302EB83035B68A360996822
:10974400E1604D609D60E06A81000B189B00D518B4
:109754006561014452F821100131D150C4E77047CA
:10976400C8350120A83B012013B50321846801A852
:1097740002F07CFA9DF805309DF804201F4820492A
:109784001B0243EA02439DF806201343B3FBF1F2A4
:1097940001FB1232B3FBF0F1B2FBF0F200FB11312A
:1097A400303242F210702270B1FBF0F1B3FBF0F2F0
:1097B400303100FB12324FF47A706170B2FBF0F278
:1097C400B3FBF0F1303200FB11316420B1FBF0F156
:1097D4003031A270E170B3FBF0F20A2100FB1232C7
:1097E400B2FBF1F230322271B3FBF1F201FB12331E
:1097F40030330020637102B010BD00BFA0860100A9
:1098040040420F0010B592B0D0F8D8308DF8042043
:1098140001228DF8082090F803218DF8092000F525
:109824008272ADF8061041F20A0411689288ADF80C
:109834000040CDF80A10ADF80E20DA8AADF81C20ED
:109844001A8BADF81E205A8BADF8202093F82130E6
:10985400C3F342138DF8223000F585731A689B8890
:10986400ADF81A30437ECDF81620012B08D800231A
:109874000493ADF8143068460CF06CF812B010BDC7
:1098840090F83430012BF2D190F82D305B06EED5F0
:10989400034653F8280F04909B88ADF81430EAE788
:1098A4002DE9F0411F4F3B68002B39D01E4B1C683B
:1098B400984614B90020BDE8F081FF20FCF7EEFBC8
:1098C400054650B9194B1C78002CF3D101221849D4
:1098D40018481A70F8F718FCECE7627B21692846EF
:1098E40009F02AFA3E68627B217DE08A2B46B04764
:1098F400114B1E6896B90C4810F0BEF9237B43F057
:109904000403237307F0F8FFD8F80040002CE4D1D7
:1099140028460BF04FFF002ED4D1CBE70126F7E702
:109924000220C8E74C3C01208C010020B63C0120F9
:10993400A086010068010020503C012012292DE975
:10994400F34104460E4690461F462AD1838A0BB142
:1099540000238382052010F0F1FE0546002839D04B
:1099640000F11003012101A8019310F023FD3146F9
:1099740001A810F01FFD414601A810F021FD394651
:1099840001A810F017FD20462A4605210EF008FF15
:10999400044610B1284610F0FFFE204602B0BDE890
:1099A400F08116290AD190F83930013BDBB280F8F6
:1099B4003930002BCED180F83830CBE71829C9D103
:1099C40090F83830032BC5D10DF0B2FC002384F895
:1099D4003830BFE70224E0E710B5046820460FF0F2
:1099E40075FC04F5B070FAF779FD94F8F430D4F806
:1099F400B80123F0030384F8F43020B10BF0DAFE4D
:109A04000023C4F8B831D4F8B40120B10BF0D2FE6D
:109A14000023C4F8B431D4F84431B3B1D3F82200EC
:109A240060B10BF0C7FED4F84431002283F8222041
:109A340083F8232083F8242083F82520D4F84401D4
:109A44000BF0B8FE0023C4F84431D4F8500120B11F
:109A54000BF0B0FE0023C4F85031002384F8E23048
:109A640084F8E43084F8E6302046BDE810400CF079
:109A7400C3BF70B504460E461546FA2010F0D8FD53
:109A8400606000283FD04FF48273038063680D2226
:109A94005A80636801221A71636802225A716368EA
:109AA4009E711EBB62680023D37162680421117227
:109AB4006268C2F8093063682A685A7362682B685E
:109AC4001B0A937363686A88DA736368EA781A74A2
:109AD40063681B2283F8F820616820880EF060FF19
:109AE400054660B104232372284670BD61680023D3
:109AF400C1F80730C1F80B30A1F80F30E8E7204671
:109B04000EF0A3F9F0E70225EEE7130070B483B07A
:109B140002AC04E90C0011F0030F14D189080225EA
:109B24001F4A00235380019B93609DF800309B00E3
:109B340003F00C032B4343F48073538059B3002484
:109B4400174A012614E011F0010F16D14908012526
:109B5400E6E7012D0CBF30F8143050F82430536080
:109B6400137B13F0010FFBD0167301348C4212D215
:109B7400002DEED1035D5360F2E7094A00255580BC
:109B8400019B93609DF800309B0003F00C0343F4A9
:109B940080735380D3E7024B986803B070BC70475E
:109BA4000040004170B50C46182190B001FB04013F
:109BB4000023022CD1F83061ADF81A3018BFD1F867
:109BC40034311C490C960546095D8DF81910B4FA18
:109BD40084F095F819110D9340098DF8180001B31C
:109BE400FCB9D5F83811D5F8200101440B91CDE921
:109BF40003630B9B0A91A968CDE901430E4B0093C3
:109C0400CDE90E12012302229021EC20FAF790FFF5
:109C140004F15A0105EB810106A8F9F7A5FB10B080
:109C240070BD182101FB0451D1F820010B90D1F82B
:109C34002411DCE71CA802012C3E02017FB5154665
:109C44001E460446B0B91E4B0093022301911A46E6
:109C54007F21EC20FAF76CFF029695F851300193BE
:109C6400184B009302231A467F21EC20FAF760FF79
:109C740004B070BD01280ED1134B0093022301914F
:109C84001A467F21EC20FAF753FF029695F85130DB
:109C940001930E4BE5E70228EAD10B4B01910246F2
:109CA40000937F210346EC20FAF742FF029695F8D1
:109CB40051300193064B009322462346D4E700BF5C
:109CC4008CDE01019CDE0101B1DE0101C1DE010176
:109CD400DDDE0101F8B590F85030234E012B05BFAD
:109CE40090F8513032683368313314BFD3F8F041FF
:109CF40052F83340054604B9F8BD09F013FC27684F
:109D04000DF03AFAA3689D422CD109F00BFC95F8AA
:109D14005030012BD4E900231ED10AB1536006E070
:109D240095F85110326802EBC102C2F88C31D4E9C3
:109D340000231A6095F850203368134493F8F821EF
:109D4400013A83F8F82100232B700DF015FA204610
:109D5400BDE8F8400AF02CBE002ADFD13268C2F810
:109D6400F431E4E73C46C6E7940100207FB504469D
:109D7400072010F0E3FC054600283FD0204E00F1F8
:109D84001003022103A8039310F014FB336803A803
:109D9400197810F00FFB336803A8597910F00AFB07
:109DA400336803A8597810F005FB336803A8997841
:109DB40010F000FBE36D03A893F82C1010F0FAFAEE
:109DC400E36D03A893F82D1010F0F4FA0623009322
:109DD4002A460023072120880BF00DFF064648B9C8
:109DE40094F8573023B10A23A370304604B070BDF1
:109DF4000523F9E7284610F0CFFCF6E70226F4E73E
:109E0400A401002030B522490346006808609A88FE
:109E14009B798B711F4B8A80B3F86C2F42F002023E
:109E2400A3F86C2FD3F8684FC4F380748BB034B3A9
:109E3400D3F8942FD3F8680FC2F3026262F312408E
:109E4400C3F8680FD3F8945F272268460EF092FF98
:109E5400C5F30265002300BF0DEB0302D27982B97A
:109E64000133102BF8D101220B4B1B681B78EB40FC
:109E740013F0010307D11C4620460BB030BD00256A
:109E8400F1E70022F0E7002CF6D082F00104F3E7BA
:109E94007033014100240141B001002037B5214C49
:109EA40023788342054627D0022828D11E4B1B88DD
:109EB4004FF67F7119401F200BF04AFA0DF107018C
:109EC4000DF106000FF0AEF9184B9DF806101B8833
:109ED40001F0E80123F0E803194308200BF038FAF5
:109EE400134B9DF807101B8801F0030123F00303B3
:109EF400194351200BF02CFA257003B030BD022B0E
:109F040001D0FF2BF8D1094B1988082041F0E80152
:109F14000BF01EFA064B198821F0030141F00201EF
:109F2400E7E700BFC4010020C8010020C6010020EB
:109F3400C201002038B51E4C237813F0010534D13A
:109F440043F0010304202370FCF7A8F8E06010B983
:109F54000725284638BD0420FCF7A0F82061002816
:109F6400F6D00A20FCF79AF860610028F0D0E36884
:109F7400104A1D70E3685D70E3689D70E368DD70EE
:109F8400E36812689B1A0C4A11689BB263F30F01D1
:109F940011600620094910F0C7FA094A094B1360F9
:109FA400094A13600FF0EAFFD3E70025D1E700BFA9
:109FB40048390120AC01002080340141C59C0201D4
:109FC400400200206DA802014802002030B58DB087
:109FD40005460C462022002104A80FF083FD00232F
:109FE4008DF80F300CB1002D36D104A90DF10F00FE
:109FF4000EF047FF9DF80F305A1C8DF80F200CAA65
:10A0040013445F2203F8202C02A80FF0CFF80DF1BF
:10A01400070000210DF10905C1F346042A5D02F091
:10A024000F03092B94BF30333733037012092A55B9
:10A03400013101380429EFD19DF80F000CAB034422
:10A04400019A43F8202C0430C0B28DF80F0004A903
:10A054000EF06EFC0DB030BD214628460EF068FCB3
:10A06400F8E7020070B582B00023019301250026B1
:10A074000A2401E00135EDB20FF0A0FE20460EF0F7
:10A08400E7FB0028FAD0204610F027F8012DF1D084
:10A094000644B6B2042DEDD9B30807EE903AFBEEB0
:10A0A400CA7ACDED007A00980BF072FD10A3D3E9C3
:10A0B4000023F7F761FA08F0D7F9009000980BF045
:10A0C40067FD0022094B10F017FB06A3D3E9002318
:10A0D400F1F7E6FB08F0C8F901909DED010A02B022
:10A0E40070BD00BF7B14AE47E17A843F0000E03FBF
:10A0F400295C8FC2F5280A40F8B51C4D2B685C68B2
:10A1040006465CB9012E19D02B681C6028685C6077
:10A114009C600430BDE8F8400AF085B804F5C670C8
:10A124002768FAF7DBF904F5D270FAF7D7F928684B
:10A1340021460430FFF74CF83C46E2E7286810F06B
:10A144003DFB2C600A4D286810F038FB094B2C604D
:10A154001C60094B1C60094B1C60094B1C60094BBB
:10A164001C60094B1C602046F8BD00BFEC000020B9
:10A17400343C0120DC010020D0010020E801002053
:10A18400F8010020F0010020FC010020012870B536
:10A19400204C214D0CD120680BF00CFB00262868C4
:10A1A40026600BF007FB2E600FF06AFC002070BDE8
:10A1B4002368186920B10BF0FDFA236800221A61A4
:10A1C4002368586920B10BF0F5FA236800225A611C
:10A1D4002368186C20B108F03FFE236800221A643B
:10A1E4002268002393642A6813702A6853702A68CB
:10A1F400C2F8023028681372D3800C30438303778B
:10A20400FAF76CF901F0D6FA044B012118680AF048
:10A2140029FCCBE73801002030010020AC010020EC
:10A2240070B58AB00B7806934B7805938B780493BA
:10A23400CB7803930B7902934B7901931A4D1B4B03
:10A244000093064601230C4602221D21EC20FAF756
:10A254006FFC2B689B6D984750B10C24144B0093F2
:10A26400019401230022FF21EC20FAF761FC18E09D
:10A274002B68DB6D98470028EFD12B681B6E98473D
:10A284000028EAD10DF127022146304604F050F8A7
:10A2940030B93146204603F08BF808B90724DDE7CE
:10A2A400002420460AB070BD30010020586D020120
:10A2B4000A93020110B51478082C0B46114630D0CD
:10A2C40006D8012C22D0DCB1032C25D0022421E0B5
:10A2D400182C2BD005D80A2CF8D1013B5C425C41E8
:10A2E40018E0272C27D0282CF0D1164A126892F9AE
:10A2F4000420002AEADA042BE8D10CF0ECFC03E099
:10A304000C2B07D107F0D0FA012403E0082B17D156
:10A314000CF05CFB204610BD172B11D10BF001FD96
:10A32400F2E7092B0CD1F7F78DF8EDE7052B07D1F0
:10A334000BF084FFE8E70B2B02D108F050F9E3E7B8
:10A344000024E7E738010020234B1A686FF31F72DB
:10A354001A601A6812286FF31B621A601A461CD01E
:10A3640002D8112804D070472138022824D9704714
:10A3740012290CD002D8112903D07047213902299F
:10A384000AD81368162161F31743136070471A68DB
:10A39400172161F317421A607047122909D002D8B5
:10A3A400112903D0704721390229F5D813681A21DD
:10A3B400E9E71A681B21ECE7122909D002D8112910
:10A3C40003D0704721390229E6D813681321DAE74C
:10A3D4001A681621DDE700BF6834014130B4D0F8B3
:10A3E4007431FF2273B1D0F89C409C422DD81D7A61
:10A3F400DC68042D25D0052D23D02DBB2268C2F3A3
:10A40400411212BBC0F8983090F89410FF2380F8E2
:10A41400543000F164020023994207D052F8044BEF
:10A42400D0F89850A5421CD180F854300F4B90F8C6
:10A4340054201B789A4217D8FF22012130BCFCF724
:10A44400E7BA2268C2F341122AB11B68CAE731B1E4
:10A454001B68002BD6D01A7A022AF8D8D2E7203B00
:10A46400F7E70133DBB2D7E730BC7047CC010020FB
:10A47400F0B583B00746002108460EF0ECF83846E4
:10A484000AF08EFC1D4B186020B300244FF6FF76B3
:10A4940006E0132128460EF0EDF80134082C0FD005
:10A4A400E0B20AF099FC0546B042F6D00AF078FC16
:10A4B4000028F2D00378022BEFD9AF42EDD0E8E7C1
:10A4C4000E4B1B689A883AB9002241F28831104633
:10A4D400F9F7CAFB03B0F0BD0822ADF80020102242
:10A4E400ADF802200022ADF80420C822ADF8062001
:10A4F4006946988803F088FFE6E700BF1C3B01200B
:10A50400F0B41D4B002203F580711A705A609A60F2
:10A514001A7310338B42F8D11849194B5963194AED
:10A524009A635A6942F081325A61174A1A6440F2B6
:10A5340009460E80002283F845200F4C0125257022
:10A54400032083F84D00114F1F650E8283F85520B8
:10A55400257483F85D00C3F8302140F60966A1F83C
:10A56400F06083F8352184F8F05083F83D0140F61B
:10A5740002721A80F0BC7047902F0120902E0120A7
:10A584000040004190300120400520004007200099
:10A59400214AD36823F4E0631B041B0C43F0BF631C
:10A5A40043F40033D360BFF35F8F62B6E02182F8D7
:10A5B40023101A4B83F800130120186083F8011349
:10A5C4000220186083F803130820186083F8091325
:10A5D4004FF40070186083F80A134FF48060186019
:10A5E40083F80F134FF40040186083F816134FF4E8
:10A5F40080011960536A43F480235362536943F022
:10A6040010035361536A43F400335362536A43F4AF
:10A6140080335362704700BF00ED00E000E100E0CA
:10A6240000B587B049238DF8083044238DF80930EC
:10A634004C238DF80A3045238DF80B3000238DF818
:10A644000C30154A019200934FF4807202A913480A
:10A65400F1F726FD08B1012804D0114B1B6807B09F
:10A664005DF804FB09F080FA0128F6D14FF02003CD
:10A6740083F31188BFF36F8FBFF34F8F094B4FF0F4
:10A68400FF321A60084B01221A60084B00221A603C
:10A6940007F0A6FBE1E700BFAC3B01207D1E0201F1
:10A6A400F0420120B03B0120BC3B0120C03B012013
:10A6B40000283ED038B50446C36B002B3BD0006C59
:10A6C400A0FB03230BB1002036E00D460DF0B4FDD2
:10A6D4002268216CE36B03FB01F3D018A060002017
:10A6E400A06362605B1A1344E360FF2384F8443080
:10A6F40084F84530A5B923691BB90FF063F801202C
:10A704001AE004F11000FBF7A7F80028F5D00B4B72
:10A714004FF080521A60BFF34F8FBFF36F8FECE797
:10A7240004F110000EF005FF04F124000EF001FF07
:10A73400E3E700207047002038BD00BF04ED00E0CF
:10A744002DE9FF478A46164699460CF08FF80546D0
:10A7540020B90125284604B0BDE8F0871FFA86F821
:10A7640008F1060738460FF0E9FF04460028F0D048
:10A7740000F11003012103A803930FF01BFEA97934
:10A7840003A80FF017FE08F1020103A80FF018FE4A
:10A79400514603A80FF014FE26B1324649460398E9
:10A7A4000EF0E8FA2888224639460BF024FF0546C5
:10A7B4000028CFD0204610F001F8044B009300226B
:10A7C40004235121EE20FAF7B3F9C3E7CC8D02013B
:10A7D40038B51849184C02200EF000FD174B184AE2
:10A7E4001A602368254633B930200FF0E5FF206056
:10A7F40048B902201CE0002420460134E4B20DF0E4
:10A804008BF8082CF8D13022002128680FF06AF95F
:10A814000C480BF08BFD0C4B0C4A1B685A600C4A1D
:10A824005A612B680B4A5A600B4A9A600B4ADA60E9
:10A8340038BD00BF7D980201A0000020D03A01205D
:10A84400A4A602015D310101AC0000203D400101DC
:10A8540069980201E19E020199A70201F9780201B7
:10A8640010B51F4A1368002B30D059680B1A48BF23
:10A8740001F18053516848BF1B1A31B349680C1A5F
:10A8840044BF01F180510C1A1B1B002BD4BF0023C1
:10A89400012352F823201349134C08682370134BE7
:10A8A400CAB11C6814F0040F546812D020F0704030
:10A8B400844209D018886FF38200188052680A60B5
:10A8C4001A8842F004021A8010BD012383F00103A8
:10A8D400DFE70C60F4E7198862F382011980F3E77B
:10A8E400F03A0120343E0141B33C0120203E0141B5
:10A8F4007FB5204B01900546009302220123582185
:10A90400EC20FAF715F928460DF022FA064678B33A
:10A91400046820460CF01DFE0146A8B194F8F230FC
:10A924001B070AD503AB042213490396032004F042
:10A93400B1F90024204604B070BD20460EF067FE35
:10A944000028F6D1072409E0204603AB0222ADF823
:10A954000C5005F01DFB04460028EAD0074B009379
:10A96400019401230022FF21EC20FAF7E1F8E1E74A
:10A974000224F3E73A81020108060101E6710201AB
:10A9840008287FB50C4603D00D281BD004B070BD39
:10A994000E6820791D4C8A6801233146EDF79AFB35
:10A9A4002368D3F85C52002DF0D00DF005FD32463B
:10A9B400034629460220FFF741F923680022C3F821
:10A9C4005C22E3E7D4E90223087849680393CDE9DC
:10A9D40001128DF80300FFF731F90C4B1B680022BC
:10A9E40083F86022AFF300800028CFD103AB02AA22
:10A9F40001A90DF10300AFF30080DDE90223019901
:10AA04009DF80300FFF71AF9ECE700BF940100205A
:10AA1400F0B5064685B002200F460FF08FFE0546BE
:10AA2400C8B91E4B00930224024601940423C72193
:10AA3400EE20FAF77DF806F16000F9F74FFD304695
:10AA440000233A460121FEF7DBF90023204686F86D
:10AA5400533005B0F0BD00F11003052103A80393A2
:10AA64000FF0A8FC394603A80FF0A4FC06230093BA
:10AA74002A460023022130880BF0BDF80446002842
:10AA8400D9D0064B0190009300220423C721EE2065
:10AA9400FAF74EF828460FF07FFECCE72B7E020132
:10AAA4007FB5054607200FF049FE044600283AD03A
:10AAB4001E4E00F11003012103A803930FF07AFC4A
:10AAC400336803A819780FF075FC336803A8597923
:10AAD4000FF070FC336803A859780FF06BFC3368EF
:10AAE40003A899780FF066FCEB6D03A893F82C107B
:10AAF4000FF060FCEB6D03A893F82D100FF05AFCD7
:10AB04000623009322460023072128880BF073F8BC
:10AB1400064620B90323AB70304604B070BD20460E
:10AB24000FF03AFEF8E70226F6E700BFA401002082
:10AB3400F0B50468A36FDB0585B005460E461746DD
:10AB44000ED506F003FC02F0F7FE08F0EBFCA36F51
:10AB540023F48073A3670CF00FFB0020F4F748FF85
:10AB6400812E11D0822E13D0802E05D108F0DAFC6C
:10AB7400402323760CF000FBD4F8CC3063B1284694
:10AB84000EF0DCF805B0F0BD08F0CCFC4123F0E792
:10AB940008F0C8FC4223ECE703953FB1009703ABF0
:10ABA40004220649012005F0DFFFEBE703AB042292
:10ABB4000249012004F06EF8E4E700BF1404010127
:10ABC40070B505460DF038FB95F8454064B2002C8D
:10ABD40019DD05F1240608E06B6AA3B13046FAF7E3
:10ABE4003BFE68B9013C64B26CB1AB6C002BF3D092
:10ABF400284605F077FC0028F4D00FF01BFBF1E7A2
:10AC04000FF018FBEEE7FF2385F845300EF0DAFD70
:10AC14000DF012FB95F8444064B2002C11DD2B6951
:10AC24007BB105F1100606E00FF004FB013C64B2B1
:10AC34003CB12B692BB13046FAF70EFE0028F5D053
:10AC4400F2E7FF2385F844300EF0BCFD70BD02002E
:10AC540030B4841FA4B240F67A45AC4228D88C1F85
:10AC6400A4B2AC4227D8B2F5FA7F26D2A3F10A04E3
:10AC7400A4B240F67645AC4221D8884221D8541C6F
:10AC840014FB01F46400A4B2B4EBC30F1BD8124B41
:10AC94001B685C8C844218D3188C884217D8D98CD2
:10ACA400914216D3988C90428CBF0020012000E082
:10ACB400002030BC70470020FBE70020F9E70020AB
:10ACC400F7E70020F5E70020F3E70020F1E7002094
:10ACD400EFE70020EDE700BF283B012000283BD030
:10ACE40070B50446826C013A8264C06A616C884221
:10ACF40034D00AB1002070BD251D28460DF0B6F8E9
:10AD040038B917490B68E06A0122824023EA02033A
:10AD14000B60636CE362C3F10502A26110490E6823
:10AD2400012000FA03F232430A600E4A03EB830364
:10AD340002EB83035B68A3609968E1604D609D60EA
:10AD4400E56AA9004B199B00D6186661294452F89C
:10AD540021100144D150CEE7002070470020CAE7FB
:10AD6400A83B0120C8350120F8B5EFF311864FF058
:10AD7400200383F31188BFF36F8FBFF34F8F836B6F
:10AD8400C26B9A4228D90F46044690F845506DB2DA
:10AD940001338363B5F1FF3F14D1836C33B105F004
:10ADA400A1FBE8B1F7B10120386016E0436A0BB9A2
:10ADB400012012E02430FAF74FFDA8B1B7B1012009
:10ADC40038600AE00FF030FA854211D201356DB2D5
:10ADD40084F84550012000E0002086F31188F8BD76
:10ADE4000120FAE70120F8E70120F6E70120F4E763
:10ADF4000120F2E75B424C455D20436F6E6E656354
:10AE040074656420746F20506565722044657669AA
:10AE140063653A2030780000253032780000000065
:10AE24000A0D5B424C455D20436F6E6E6563746929
:10AE34006F6E2048616E646C653A2025640A0D00CB
:10AE44005B424C455D20446973636F6E6E65637449
:10AE540065642048616E646C653A2025640A0D00BF
:10AE64005B424C455D204164766572746973656D1F
:10AE7400656E7420537461727465640A0D0000BFBA
:10AE8400F0B5214C2368197885B0002937D1C568FD
:10AE9400067A7DB16A881A86684610222F1D0EF044
:10AEA40021FE1022394668460DF056FF10B138468F
:10AEB4000EF0ACF9B6B12B789A1E012A21D8688815
:10AEC400421EB2F5E16F1CD2022B01D108F02CFF17
:10AED40023682A7883F821202368002083F83360CC
:10AEE40005B0F0BD206821300FF022FC206890F8F6
:10AEF4002130012BF0D122300AF04EF8ECE7052086
:10AF0400EEE70320ECE700BF9C0000202DE9F84F9A
:10AF14009946204B0A9F1B681D68884616460446BE
:10AF24004FF6FF7A0DB92C4630E0AA89A2420ED919
:10AF340042450BD92D68F5E7102E1CE05445F9D095
:10AF440001340BF11003A4B23B6008E01446EB8912
:10AF5400A342EFD36B68A21A03EB02123A60EB89A7
:10AF6400A342E7D34445E5D8D7F800B09BF80E30A8
:10AF74005B07E1D4022EE1D132464946DBF80000FA
:10AF84000DF0EAFE0028D9D10B9B1D602046BDE8D8
:10AF9400F88F00BFA8000020F7B50446C07A154614
:10AFA4000023DAB2904201D8802022E09E00E268B9
:10AFB400925BAA4203F10103F3D10DF106000FF0F5
:10AFC400F3F96B1E0D2B16D828460DF0C5F9BDF804
:10AFD4000630022BE8D80BB10342E5D0E2681644F0
:10AFE4007380207A10F0010003D0204608F0CCFBD7
:10AFF400002003B0F0BD0A4B1B6818680028E6D097
:10B00400017C0023DAB2914201D80068F6E7826835
:10B0140002EB830201331788AF42F3D15088D6E79D
:10B02400A800002038B5174D174C28462178022374
:10B0340000F8013B19440FF0C3FB42F6F531E81C5C
:10B044000FF0BEFB2378114A114802EB0311C1E94A
:10B054000005104888601048C860104840F201118B
:10B064000180591CC9B202EB01120D49C2E900105A
:10B074000C4991600C49D16002330C4ADBB2D38194
:10B08400237038BD103B0120A23C012090310120E7
:10B094000AA602013CA80201050000017C3C012033
:10B0A40030A8020144A8020102000201003A012072
:10B0B40010B5232192B0044601F0B2FA00283BD027
:10B0C400D4F84431D87D0EF077FCFF282CD0D4F886
:10B0D400443193F919207E2A2CD07F2A15D0D87DAB
:10B0E4000EF06AFCD4F8443118445B7E037194F882
:10B0F400E230062BD4F844310CBFFF2200225A77E9
:10B104002046F4F7BFFB12B010BD4FF48153ADF8E5
:10B1140000302388ADF8043068464FF6FF73ADF86D
:10B1240006300AF017FCE2E720222321204607F02C
:10B1340073FDE8E71E22F8E70120E4E710B51C4B95
:10B144001C4AB3F8011011801B4CD97811711946AF
:10B15400226811F8040B10725868C2F8020089883A
:10B16400D1802268D98A9184997A82F82610134969
:10B17400D88908801249188A0880998A5185598A81
:10B184009185104AD3E90A011268C2E916011946E9
:10B1940031F8180F897891721081D97AD172197B9C
:10B1A4001173D3E90A2313430CBF1E20002010BDE2
:10B1B400A0410120B601002030010020C001002080
:10B1C400B40100203801002038B50D46044608F0CB
:10B1D400A9F9012D1E4B2AD11A6892F84032012B8D
:10B1E40011D094F8501092F81C3292F81D0281B9D3
:10B1F40061698C420DD194F85210034439B9012B82
:10B2040001DD82F84052BDE838400BF0B5BF022B97
:10B21400F6E7E16E034411B961698C4205D0022B53
:10B22400F1DD012382F84032EDE7012BF8E71B68DA
:10B2340093F84022002AE6D093F81C2293F81D12BA
:10B244000A44012ADCBF002283F84022DBE700BF66
:10B25400940100207FB5034610461F4A1268D41893
:10B2640094F8F84114B3012B22D102F5F4750024AB
:10B2740002F5C0722E6806B1B468A4B1CDE90143E9
:10B2840003916678B6070ED4A37813F0040F4FF039
:10B294000C0201AB1BD0114918B9012003F0FAFCD0
:10B2A40004E00320FAE7083D9542E3D104B070BD01
:10B2B400D2F8F021002AF9D09268002AF6D0547806
:10B2C400A407F3D4CDE90123039101AB0C22082197
:10B2D4000028E3D00220E1E79401002008010001E6
:10B2E40010B50C461E490346006808609A889B798D
:10B2F4008B711C4B8A80B3F86C2F42F00202A3F8C6
:10B304006C2FD3F8680FC0F380708AB0C8B1D3F83B
:10B31400942FC2F302622270D3F8680F62F31240D2
:10B32400C3F8680F272268460DF024FD002300BFF0
:10B334000DEB0302D07938B90133102BF8D10AB0E0
:10B3440010BDFF232370FAE7074A1268272101FB87
:10B354000323D87AC0F3400080F00100C0B2EEE7C6
:10B364007033014100240141B001002084B070B564
:10B3740004AC84E80F001F4BB3F8A4206FF3410220
:10B38400A3F8A420B3F8AC206FF38612A3F8AC2082
:10B39400B3F8A4206FF30002A3F8A42000200CF05B
:10B3A40015FB064601200CF011FB054602200CF0AB
:10B3B4000DFB4FF6FF710446002008F06FF84FF6BE
:10B3C400FF71012008F06AF84FF6FF71022008F0BF
:10B3D40065F8314600200CF00BFB294601200CF0E7
:10B3E40007FB214602200CF003FBBDE8704000205F
:10B3F40004B07047002401412DE9F043C3681F885D
:10B404007A1EB2F5FA7F85B039D25C88621EB2F535
:10B41400FA7F34D29E88B6F5FA7F30D2DD88B5F54E
:10B42400FA7F2CD2B3F80890A9F10A039BB240F634
:10B434007642934223D8A74221D806FB0443B3F5AE
:10B44400FA7F1CDCAC421AD9B0F80880B8F5706FEA
:10B4540015D240460AF0BAFD88B101A8ADF80480BF
:10B46400ADF80670ADF80840ADF80A60ADF80C50C0
:10B47400ADF80E9009F058FD05B0BDE8F083032047
:10B48400FAE7100070B584B00446002301930093DA
:10B494006A460421542007F0C7F9009B03F50073A2
:10B4A4000093184A1268934229D808B1012027E072
:10B4B40000238DF808308DF80930134E30684FF6AC
:10B4C400FF73039302AD95E80C000C214030FEF7A6
:10B4D4001DFB039095E80C0004210DEB0100FEF721
:10B4E40015FB3668039095E80C000099503906F175
:10B4F4005000FEF70BFB201A18BF012000E00120CA
:10B5040004B070BD303B0120383B012008B5194B15
:10B514009847194B9847EFF3108172B6174AD2F83F
:10B52400883043F47003C2F88830BFF34F8FBFF301
:10B534006F8F01B962B6124A936823F001039360D6
:10B544001346DA6812F0010FFBD10D4B24225A6026
:10B5540001229A6009F050FF0A4B23F07F03074A47
:10B564009360094B9847094B9847094B98470EF04D
:10B57400C2FDFEE77BDB01017BDB010100ED00E0A6
:10B584000020004100020001750202017BDB010181
:10B594007BDB01011F4B1B78834201D001207047E4
:10B5A40008B9012070471B4B9A7882B370B586B0F6
:10B5B4009D682B788B420DD02B46013AD2B202EB18
:10B5C400420205EB420293421FD006331D461C780B
:10B5D4008C42F8D106466C78631C8DF804302B78C5
:10B5E4008DF805304CB9A21C01ABD2B231460A48E1
:10B5F400008802F0A7FF06B070BD2246D5F80210FD
:10B604000DF106000DF0B6FBEDE70120F3E7012094
:10B61400704700BF9C3A0120783C012038B50546AC
:10B624000C46EDF7C1FEE5F73DFB054B05481D80D3
:10B63400054B0C221C801421BDE838400DF0F6BCEB
:10B6440018390120E03B01201A39012030B50446A5
:10B6540085B00D46AC4201D905B030BD69462046DF
:10B66400E7F7EAFFD8B1BDF8021041B94FF0200363
:10B6740083F31188BFF36F8FBFF34F8FFEE7002270
:10B684002046E5F7C3FB10F0FD0F08D04FF0200370
:10B6940083F31188BFF36F8FBFF34F8FFEE701343D
:10B6A400A4B2D7E72DE9F84F067AD0F80C9090F8B9
:10B6B40010A00C200FF080F8054610B90220BDE858
:10B6C400F88F194F3B68D3F800801FFA86FBB8F156
:10B6D400000F04D128460FF071F80320EFE7D8F8E3
:10B6E40004309A6812885A4506D132464946586849
:10B6F4000DF032FB044610B1D8F80080E7E730467D
:10B704000FF05AF8A8600028D8D0324649462E7166
:10B714000DF030FB386885F805A0083029460EF096
:10B72400FBF82046CBE700BFA80000207FB51F4BE5
:10B73400019006460093EC20012302224D21F9F7E3
:10B74400F7F930460CF004FB68B30568EB7D012B78
:10B7540019D195F8ED3013F0080F14BF00241A2402
:10B7640028460BF0F6FE80B128460CF019FAA8B969
:10B7740007240F4B0093019401230022FF21EC20A6
:10B78400F9F7D6F90CE00024EAE7022203AB1146EC
:10B794002846ADF80C6004F0FBFB0446002CE8D10D
:10B7A400204604B070BD0224E3E700BF5C7B0201C5
:10B7B400E671020138B51F4D1F4C0EF0ADFD2B682C
:10B7C4004FF461729A842368FF221A702368F92265
:10B7D4005A70236801229A7023680822DA700AF0EA
:10B7E4009FF82A68136BDB075FBF21680B7943F06E
:10B7F4000E030B7123680C2183F844104FF0FF30C3
:10B804001F21C3E91601C3E9180140F20771A3F827
:10B814000910002182F82E104FF08842126C02F4B5
:10B824004052B2F5005F14BF07220A46DA721A7357
:10B8340038BD00BF300100203801002052433A5384
:10B844007461727452657120507265656D707420F4
:10B854003078253032782C7072696F726974793A55
:10B8640025642C636C6B3D3078253034780052436A
:10B874003A5374617274526571204E6F726D616CCB
:10B88400203078253032782C7072696F726974793F
:10B894003A25642C636C6B3D307825303478005243
:10B8A400433A46617220616E63686F722C204E6F5A
:10B8B400773A30782530347820616E6B3A307825C9
:10B8C4003034780038B51D4C2368254633B94FF41D
:10B8D40010700EF071FF206060B938BD00242B6831
:10B8E40004F1880253F8220008B10EF067FF013416
:10B8F400082CF4D14FF41072002128680EF0F2F8ED
:10B904002C680F490F4A04F5BC7304F5CE7500BFCB
:10B9140043F8041B9D42C3F88020F9D1482200213A
:10B9240004F5DA700EF0DEF80023C4F89C316B6085
:10B93400AB60054BC4F874310120CEE79C000020B5
:10B9440005A8020151A8020153A8020170B51B4BBE
:10B954001C6853F8045F210609D5194B1B6824F0B1
:10B96400800403B19847174B1B6803B19847E2055D
:10B9740009D5154B1B6824F4807403B19847134B05
:10B984001B6803B19847AB0613D5114A136843F0FB
:10B9940008031360138943F0080313810EF0A0FD1C
:10B9A40046684EB12B462246B4460021BDE870409D
:10B9B400604754EA0503F1D170BD00BF143F014153
:10B9C4005C3C0120643C0120603C0120683C012077
:10B9D400203A0141000001000201010001000501BB
:10B9E400060102000801010001000B010C010D0118
:10B9F4000E01010001000300030013010100010016
:10BA040001000100180101001A01010001000100F8
:10BA1400010001000100010001000100010001001A
:10BA2400010001000100010001000100010001000A
:10BA340001002F01010001000100010001000100CB
:10BA44000100010001000100010001003C013D0171
:10BA540001000100010001004201704710B5ADF57D
:10BA64001A7D0C46103092AB96A900BF10F8012D38
:10BA740003F8012B8B42F9D192A9684606F03EF9EE
:10BA840018B100200DF51A7D10BD002396939793ED
:10BA940098938DF8643263798DF8653223798DF843
:10BAA4006632E3788DF8673296AB92AA1021684625
:10BAB40005F076FC90B9A3788DF8583263788DF848
:10BAC400593223788DF85A32032296A90DF2552063
:10BAD4000DF042F9B0FA80F04009D3E70020D1E735
:10BAE400036853B313F01F0F29D10279012A28D117
:10BAF4004FF08242926912F0040F15D0134A4FF0AE
:10BB040084711160124A4FF400211160104A1268C6
:10BB1400934218D80F4A10491160104A1360104B11
:10BB240001221A7000207047084A4FF08871116092
:10BB3400074A4FF480111160E8E70320704703209F
:10BB44007047032070470320704700BF383B012033
:10BB5400303B01203C3B0120D8960201343B0120BC
:10BB64008E3C012010B582B000230193030103F140
:10BB7400824303F5804393F84E30DBB20193019B7B
:10BB840013F0020F0DD0010101F1824202F580424F
:10BB9400022382F84E30134B0B4400221A73012403
:10BBA40000E00224019B13F0010F0CD0010101F10C
:10BBB400824202F58042012382F84E30094B0B4445
:10BBC40000221A730224074B03EB00135B6833B1A2
:10BBD400044A02EB001399685B682046984702B058
:10BBE40010BD00BF902F01202DE9F0411C4AD36AFB
:10BBF400956A89B30E46AB4208BF002227D00122C2
:10BC0400DFF864C0174CA0F1020E0138144F0CE0A9
:10BC1400E15C81540133396B994298BF0023B242ED
:10BC240014D2511CAB4212D00A46DCF8041001F0C5
:10BC340007010129ECD1590014F813800EF8128081
:10BC44000131615C00F812100133E4E71D46044B36
:10BC5400DD621046BDE8F0811D460A46F7E700BFE5
:10BC6400CC360120D8330120000C004070B50546C5
:10BC74000E4607F057FC174BB3F8A04544F00104F7
:10BC8400A3F8A045B3F8A04544F00204A3F8A045E6
:10BC94001C4600BFD4F8A0359B07FBD43246284687
:10BCA4000D490DF067F80D4B1A680D4B1A600D4ADB
:10BCB40012685A600C4A12689A600C4A1268DA6078
:10BCC400B4F8A0356FF30003A4F8A035BDE87040C4
:10BCD4000BF052BA0024014190290141802901410D
:10BCE400B442012084290141882901418C29014160
:10BCF4002DE9F34107689DF80030BE7E66F300032A
:10BD04008DF800303B46054653F81B2FCDF8012033
:10BD14009B88ADF8053068460C46FEF773F82A791F
:10BD2400134923788A5C62F30303237080460E2050
:10BD34000CF04EFF237860F34513237097F83420FA
:10BD4400003218BF0122DBB262F386132370DBB228
:10BD5400B8F1000F07D043F0800323706B79637050
:10BD640002B0BDE8F081002EF5D166F3C713F4E705
:10BD7400C0A002017FB506460D460BF0E9FF70B383
:10BD84000268D2F8443163B3D3F8221059B3097A64
:10BD9400C90728D5197C65F3861119742DB3D2F817
:10BDA4004431D3F82220137A43F018031372002489
:10BDB4000F4B0093CDE90165012302225621EC20AB
:10BDC400F8F7B6FE44B10B4B009301940123002213
:10BDD400FD21EC20F8F7ACFE204604B070BD02242F
:10BDE400E6E71A24E4E70C24E2E72C46E0E700BF88
:10BDF40088580201FC66020137B51E4B01900546C6
:10BE04000093EC200C46012302225C21F8F790FEFB
:10BE140028460BF09DFF48B30068C37D012B0CD06E
:10BE24000C24154B0093019401230022FF21EC20E4
:10BE3400F8F77EFE204603B030BD2368C0F82231F7
:10BE440000F5917263685360A3689360E368D360FC
:10BE540090F8E430213B012BE2D890F8E530032B35
:10BE6400DED10CF039FB18B90724DAE70224D8E74D
:10BE74000024DFE7247402013D74020100293AD052
:10BE84004B0716D5B0F86030B0F862109A0102F58D
:10BE9400747292B291422CD2A1F57473C3F38713D6
:10BEA4001A2B2BD9B0F86020934200D9D3B218468C
:10BEB4007047CA070DD5B0F86030B0F86210DA00E8
:10BEC400703292B2914214D2A1F17003C3F3C7034A
:10BED400E6E78B0712D5B0F86030B0F862109A002C
:10BEE4003C3292B2914204D2A1F13C03C3F38703E2
:10BEF400D6E7DBB2D4E790F86030D8E71B23D6E767
:10BF040070B5064668200EF057FC6825154B164C94
:10BF140018602A4600210DF0E5FD28460EF04CFC81
:10BF240000212A4620600DF0DDFD104B104A1A60F6
:10BF340023681E63FFF73EFC23685A6902F0F80188
:10BF44000C4A0A435A6100229A610B4AC3E911223E
:10BF5400C3E91322C3E91522C3E91722074B084A90
:10BF64005A6170BD3801002030010020FC0000201F
:10BF740091A1010101010005EDA70201F43701209F
:10BF840071E20001F7B51C4F3B681E78E6B91B4C03
:10BF94000BF00AFD206820211D30FFF767FE4020CA
:10BFA400FAF77CF8054628B323681E773B6801221C
:10BFB4001A702368186102F035FD044628B13B6805
:10BFC40028461E7009F0F6FB0C240D4B0093022248
:10BFD40001233321EC20F8F7ABFD44B1094B009366
:10BFE400019401230022FD21EC20F8F7A1FD204655
:10BFF40003B0F0BD0724E8E7300100203801002039
:10C004000C9D02013472020170B504460E4690F88C
:10C014005000082115460BF04FF92378032B32D03A
:10C02400022B13D107F07EFA174B1A6894F850309C
:10C0340002EB8303D3F8FC11A1424FF0000108BFC7
:10C04400C3F8FC11C2F804120BF096F8A26E1AB9E8
:10C05400637862F382036370002323701EB1294660
:10C0640020460BF0CFFFA36E6BB1A3789B060AD4D6
:10C0740020460CF077FB20460BF00AF92046BDE879
:10C084007040F0F703B970BD9401002090F8572078
:10C09400C36D30B51C4C42B12268527912B993F881
:10C0A400E52032B103225A7029E022685279002A2D
:10C0B400F5D193F8E620510705D422685278520747
:10C0C40001D40122EFE72468C578104A93F8E410FC
:10C0D40024786DB901EB81010A44125D5A7090F81D
:10C0E4005720C36D62B15A78062A06D10422DAE7D2
:10C0F40004EB84042244525CF0E7052AF6D030BDF8
:10C104005A7822F00402CEE7A40100206F8F0201C6
:10C114002DE9F8431E4D2A681468804698F80B30C0
:10C1240064B9980043B10EF047FBC8F80C0018B18D
:10C134002B681F6825464FBBBDE8F883227C134457
:10C1440088F80B302468E9E7BB89012B24B2D8F8BE
:10C154000C3013D0BA6832F8262023F82420D8F8FB
:10C164000C3003EB8404013600236380F6B23B7C7D
:10C174007419B342E4B2E7D83F68DBE7304603EB17
:10C1840084090EF09FF8A9F80000E8E70026EEE71E
:10C19400A800002038B5154B154D00241C60154B24
:10C1A4004FF0FF321A601F221A71134B1C60134B9D
:10C1B4001C60134B1C70134B1C60134B1C60134B03
:10C1C4001C60134B1C600CF0E7F9C0F307134FF429
:10C1D400B470B0FBF3F028600DF050FA0D492860FC
:10C1E40020460EF0A1F9204638BD00BFDC01002036
:10C1F400D4010020E0010020D0010020E80100204B
:10C20400D8010020F8010020F0010020FC010020EA
:10C21400EC010020616E00012DE9FF471D460C9BD7
:10C2240013F0010906468A46144601D195420BD8FB
:10C234002246514630460BF0DFF8A54204D8254685
:10C24400284604B0BDE8F0872F1B102F3A464FF064
:10C25400200128BF10226846B8460DF043FC00BFF9
:10C26400B8F10F0F11D83B096FF00F0202FB0372F4
:10C27400694630460BF0C0F8B9F1000FE0D1224610
:10C28400514630460BF0B8F8DAE7102269463046DA
:10C294000BF0B2F8A8F11008E2E700BF30B585B0A2
:10C2A400043205460C4603920AF0E0FA38B10C2C2D
:10C2B40007D000231A4619462846FEF741FA05B06E
:10C2C40030BDC378012BF4D003A901A80DF068F99F
:10C2D40003A90DF106000DF063F903A902A80DF0FE
:10C2E4005FF903A90DF10A000DF05AF920460EF08A
:10C2F40063FA01460028E2D000230370BDF804303D
:10C304008380BDF80630C380BDF808300381BDF8D2
:10C314000A304381458020460EF032F9CFE7434886
:10C32400433A63684D706D3A253032582530385899
:10C33400004348433A63684D7073323A25303258AB
:10C3440025303858004348433A63684D7073333A94
:10C354002530325825303858004348433A43482062
:10C36400496E6420432C2564004348433A63684D76
:10C37400703A2530325825303858004348433A4300
:10C384004820496E6420502C2564004348433A6396
:0FC39400684D7073313A253032582530385800D3
:10C3A40070B5C56800890AF07FFB0446A0B3C66D6A
:10C3B40096B390F857207ABB25B90821BDE87040A0
:10C3C400FEF726BB2B68C6F86F306B68C6F873306F
:10C3D400AB68C6F87730EB68C6F87B30C36D0121D3
:10C3E4009970C378C16D53B96F31F3F7B7FBE16D41
:10C3F40001F5D8712046BDE8704002F041BFCB780A
:10C4040063B1CA70C36D9A70C16D6F31F3F7A6FB47
:10C41400E16D01F5B871EDE7012070BD1846FCE748
:10C424002DE9F04190F83C8006460D461746B8F1D8
:10C43400000F1CD1184B1B689B8ADB0717D50C20F7
:10C444000EF0BAF9044628B328460EF0B5F9606038
:10C4540000B33946C4F8008025812A460CF08AFCD2
:10C46400214606F15400BDE8F0410DF055BA397883
:10C474000A4A002312F83300884208D102EBC303AE
:10C4840029463A4630465B68BDE8F0411847013317
:10C494000C2BEFD1BDE8F081A800002014F70101B6
:10C4A4002DE9F8431D4E038937683D684FF00008B5
:10C4B4000DB9012010E0AA899A421DD1BC684FF041
:10C4C40000095CB93068424629460CF02DF9287CF5
:10C4D40010B1FCF7E7FC0020BDE8F8836B68227913
:10C4E400996809788A4204D15968A0680CF034FC30
:10C4F40028B1A1462468E4E7A8462D68D8E707F1E7
:10C5040008004A4621460CF00FF9A06808B10EF065
:10C5140055F920460EF052F9D4E700BFA8000020D8
:10C5240005000000080001000C00020010000500D6
:10C5340013000600300007005700200086001F008B
:10C544000110080002100A00031009000410110071
:10C5540005100B0006100C0007100D0008100E004B
:10C5640009100F000A1013000B1016000C10120013
:10C574000D1010000E1017000F10180010101900E5
:10C5840011101A0012101B001310150014101400BF
:10C5940020101D0021101C0023101E0000000000AC
:10C5A400F8B5079C07469DF8180092B91B4E601E0B
:10C5B4003D4620EAE0742246302128460DF092FAE6
:10C5C400314628190DF0BCFF3846BDE8F8400CF0A0
:10C5D4006DBF00B30A2B1ED1002A1CDA3D462D2064
:10C5E40005F8010B5242601E01396E1800213170AA
:10C5F4000CB10028DDDDB2FBF3FC03FB1C2109298F
:10C6040088BF07313031934206F8011D00F1FF3035
:10C61400CFD86246ECE720463D46E5E7F9DE010166
:10C6240070B5C57D04460A468DBB90F8E230A3F18F
:10C634002106012E18D8B0F8E23040F221118B42C5
:10C6440003D001F201318B4208D10323002084F886
:10C65400E63084F8E72084F8E40070BD3D212046EC
:10C664000AF0C3FF0020F8E790F8E42003EA02068A
:10C67400F50613D593420CBF23222A2206F0CCFAE6
:10C684000028EAD001212046F7F75CFCEAE7012DF7
:10C6940004D190F8E430213B012BDFD90120DCE701
:10C6A400022838B50D4618D0032827D0012813D105
:10C6B400194C236893F8263043B90CF097FA206894
:10C6C4001649838C0C305943F5F71EFD236893F803
:10C6D4002610294383F8261038BD0F4B186890F8AC
:10C6E40026100029F8D021EA050180F82610002937
:10C6F400F2D10C30BDE83840F7F7F0BE064B1868AD
:10C7040090F82630002BE7D0838C04490C30594331
:10C71400BDE83840F5F7F8BC3001002040420F0076
:10C7240037B50D4614460BF013FBC0B9FF232B702D
:10C7340023700224184B0093022201233721EC209A
:10C74400F8F7F6F944B1154B009301940123002244
:10C75400FD21EC20F8F7ECF9204603B030BD026867
:10C76400937E122B10D002D3213B022B0ED901232E
:10C774002B70537E122B0BD002D3213B022B09D9F1
:10C78400012323700024D5E70223F1E70323EFE715
:10C794000223F6E70323F4E7CFA002016C81020130
:10C7A400F8B51E4E90F85020336803EBC2030446DC
:10C7B400D3F80C7267BB09F0A1FD0546846006F04E
:10C7C400B1FE2F6094F85020336803EBC202D2F814
:10C7D40010226A6094F8502003EBC203D3F810329D
:10C7E4001D6094F85020336803EBC202C2F8105263
:10C7F40094F85020134493F81C22013283F81C222D
:10C804000AF0BAFC20460121BDE8F840FEF7DCBC82
:10C81400BB689C42F6D03F68CCE700BF940100207F
:10C8240030B51B4B91F845401A6864F30C221A602A
:10C834001A68047864F305021A601A686FF34D32BB
:10C844001A60144A4588146865F30F041460124C86
:10C854000D6C256091F8445010490C6865F304048C
:10C864000C6019686FF3C7111960196841F0400131
:10C87400196019684C06FCD419684900FCD5126883
:10C88400C2F3054242711B68C3F30563037130BDF3
:10C8940054340141B0340141583401415C34014104
:10C8A40010B50921044600200BF09BFB68B3142348
:10C8B4000373193B437300238373B4F85831A0F80E
:10C8C4001130B4F85A3144F29022934281BF6FF090
:10C8D4006F03C3744223037598BFA0F8133094F810
:10C8E400EE3088BFA4F85A211B070FD56FF06F03F1
:10C8F400C37342230374D4F8B43144F29022014642
:10C904005A802046FCF7B4FC012010BD4823C373B1
:10C9140008230374D4F8B43140F64802EFE77047B3
:10C924001C4B00221A604FF4C20119601A491961A4
:10C934004FF0807119624FF40071C3F80012C3F80C
:10C944001022C3F840231A641A654FF48062C3F8B6
:10C95400A0201A6842F400421A601A461369002B98
:10C96400FCDB0C4A136913F0804FFBD1094AD2F85F
:10C97400003443F08003C2F8003400BFD2F800341E
:10C9840013F4004FFAD0034A136A43F4000313620A
:10C99400704700BF00150044010002001B4B1C4AF5
:10C9A4001A604FF650429A814FF440325A601A4648
:10C9B400D369002BFCD1154A136843F002031360BA
:10C9C400D369002BFCD1134B00221A629A62DA62FB
:10C9D40083F8342083F83C209A63DA871A609A60DB
:10C9E400DA601A751A779A61084B5B6803F00703DB
:10C9F400012B084B14BF802240221A631A61034B97
:10CA040080229A7504229A75704700BF000C00407A
:10CA140004011040CC36012073B5044601916846E8
:10CA24000D4601A90CF0BCFD01A90DF102000CF0AA
:10CA3400B7FDBDF80230019A062B1AD8DFE803F0DF
:10CA44000B040B190D111500114B1B681B68BDF865
:10CA540000102046984702B070BD0D4B1B689B68C0
:10CA6400F5E70B4B1B685B68F1E7094B1B68DB6858
:10CA7400EDE7074E336829465B692046984701284D
:10CA8400E9D0336829461B6920469847E3E700BF8D
:10CA9400AC00002073B51C4B01910D460093044675
:10CAA400012302229521EC20F8F742F80C2D174EB1
:10CAB40013D1D4F884311BB102212046FCF796FA35
:10CAC400E26B336851781B69204698472946204613
:10CAD40002B0BDE87040F3F7BFBFD4F874311BB1A6
:10CAE40000212046FCF782FAD4F87C311BB10121E5
:10CAF4002046FCF77BFA3368052D94BFDB689B68FE
:10CB040020469847E2E700BF648B0201343C0120D1
:10CB140002292DE9F04105460F4603D1C66B96B9AB
:10CB2400BDE8F08141B10129FAD110F1D00615D147
:10CB3400002385F8C430F3E710F1C8060ED10023B2
:10CB440085F8B430ECE7343608D1002FF7D0022F43
:10CB5400E6D1EB6B002283F83020E1E7346814B9A6
:10CB6400012FF2D1E4E7A068D4F800800DF026FE8E
:10CB7400D4E9002342B15360D4E9002320461A606B
:10CB84000DF01CFE4446EAE77360F5E713B503882D
:10CB9400019304461A4B0093EC20012302224E21F8
:10CBA400F7F7C6FF20880BF0D3F810B3006862884B
:10CBB400D0F8B8311A80A2885A80E2889A802289F3
:10CBC400DA8062891A81A2895A8190F8E430112BA3
:10CBD40011D10DF0DBF980B907240A4B00930194BD
:10CBE40001230022FF21EC20F7F7A2FF204602B028
:10CBF40010BD0224F1E70C24EFE70024F6E700BFA0
:10CC0400807B0201E6710201D3B5194B01681B68F0
:10CC14001A46F2E91667996501791171D3E916028A
:10CC240002F01F01C3E91601124B1C6844B1124BF8
:10CC34001C692CB1B94208BFB04216D0A0470446C3
:10CC44000E4B0093022201231F21EC20F7F770FF03
:10CC540044B10B4B0093019401230022FD21EC20ED
:10CC6400F7F766FF204602B0D0BD0024E8E700BF16
:10CC74003801002038020020040200201C72020146
:10CC840034720201184A194B11881279DA70184A61
:10CC9400A3F801101268114651F8020F58608988F0
:10CCA4001981117A1970918CD98292F8261099728F
:10CCB40010490988D981104909881982518D928DAA
:10CCC4005A820E4A99821268D2E91601C3E90A010E
:10CCD400114631F8080F897899761883D17AD97278
:10CCE400127B1A73704700BFB6010020A0410120D7
:10CCF40030010020C0010020B401002038010020D0
:10CD040070B50D4616460446B8B34FF0006190F86E
:10CD140050000AF0D1FA00212046FAF7A3FE1DB90B
:10CD2400637843F0100363702378A580012B18D82F
:10CD3400637843F002036370204601F0DBFE204673
:10CD440000F082FA20460AF0DFFF94F850004FF01A
:10CD540000710AF0B1FA20460021BDE87040FAF7EC
:10CD640081BEA37843F00103A37036B120460022AC
:10CD74000421BDE8704004F00FBE70BD52433A4137
:10CD8400646452657120507265656D7074203078EA
:10CD9400253032782C7072696F726974793A25641F
:10CDA4002C706572696F646963616C3A25642C63E5
:10CDB4006C6B3D3078253034780052433A416464DA
:10CDC400526571204E6F726D616C2030782530325F
:10CDD400782C7072696F726974793A25642C2070AA
:10CDE4006572696F646963616C3A25642C636C6B6A
:10CDF4003D3078253034780038B5054609F07EFAA0
:10CE04008560044606F08EFB95F850300022012B15
:10CE1400174B22601A6823D195F8511002EBC10117
:10CE2400D1F88C11616095F8511002EBC102D2F86F
:10CE34008C21146095F851101A6802EBC102C2F8F3
:10CE44008C4195F850201B68134493F8F821013263
:10CE540083F8F82101232B70BDE838400AF08CB91F
:10CE6400D2F8F421626014601A68C2F8F441E8E769
:10CE740094010020F8B506460C200F460DF09CFCEA
:10CE84000446C8B1002585600560456006723846D1
:10CE94000DF092FC206078B129463A460CF022FE4F
:10CEA4000C200DF089FC054660B920680DF086FC65
:10CEB400204605F0D1FF03E0204605F0CDFF002514
:10CEC4002846F8BD043E084B6360012E846002D8F6
:10CED400204607F08BFD00232B60044B5A686A60E0
:10CEE40015605D602546EBE74FA802019C01002018
:10CEF40030B4C47882780346FCB9082A14D1C56DCD
:10CF04000A68C5F8802105F5C0744A6862608A68B9
:10CF1400A260CA68E26090F8572052B190F853209A
:10CF2400022A03D107229A7030BC704730BCF4F750
:10CF340035BF184630BCEDF7FFBC062AF4D1C56DE9
:10CF44000A68C5F8C02105F5E0744A6862608A6819
:10CF5400A260CA68E26090F85720002AE9D090F8ED
:10CF64005320022ADED030BCF6F786BB30B5C4B2FB
:10CF740085B0012C019222D01CB1022C2CD00024AB
:10CF84001AE001A902A80AF0C6FF01A903A80AF041
:10CF9400C2FF039B9B040FD501200AF017FD4FF637
:10CFA400FF710446012006F079FA214601200AF0B7
:10CFB4001FFDFBF731FD0446204605B030BD084D8A
:10CFC4000024204601342946E4B20BF0B5FA082CBB
:10CFD40005F10605F5D1D2E702480CF0F7FCCEE7DF
:10CFE40070370120003B012038B590F86C301B4DA0
:10CFF40013F02003044629D009F03FFF184B94F89E
:10D00400F5101A6861F307021A601A6894F8F610AA
:10D0140061F30F221A601A6894F8F71061F317424B
:10D024001A601A6894F8F81061F31F621A605A685B
:10D0340094F8F91061F307025A602B6843F0007307
:10D044002B6094F821000430C0B238BD2A6863F321
:10D0540059622A6090F82100F7E700BF303401419B
:10D0640090340141842910B523D00CDC812903D0EC
:10D07400822913D080290BD119680C1D1C600B6800
:10D0840003601A6013E0902921D003DC882917D0AB
:10D09400002010BDA029EFD0C029ECE719680C1DB1
:10D0A4001C600B680360D1171046C3E9000101201E
:10D0B400EFE719680C1D1C600B6803601A80F6E723
:10D0C40019680C1D1C600B6803601A70EFE719687F
:10D0D4000C1D1C6009680160D317C1E90023E6E751
:10D0E400F0B5074685B041200DF066FB054678B3E0
:10D0F4000646002306F8013B164C23689868102165
:10D104004030FEF7B3FD23684022394698680BF09F
:10D1140031FE23682022996830460BF02BFE2668E6
:10D124002022B16805F121000BF024FEB0686B46A3
:10D13400412229464030EFF799F928460DF03EFB8D
:10D1440023689B68012283F85020684604F04CFC55
:10D1540005B0F0BDA4010020F8B5194E34680746A7
:10D164005CB3FF20F8F79AFF054650B9154B1A78BF
:10D174001ABB01221A7014491448BDE8F840F4F7A8
:10D18400C3BF627B2169284605F0D6FD2A46617B30
:10D194003846F0F70BFA88B109480CF06DFD237B93
:10D1A40043F00403237304F0A7FB3468002CE8D194
:10D1B400284608F0FFFA002CD8D1F8BD0124F7E77F
:10D1C40054010020B63C0120A08601006801002023
:10D1D40052433A436C656172526571204E6F726DB1
:10D1E400616C203078253032782C73746174653D1D
:10D1F40025642C636C6B3D307825303478005243C1
:10D204003A436C656172206120636F6E74696E7558
:10D2140065205265710052433A436C6561725265F0
:10D224007120507265656D7074697665203078255B
:10D234003032782C73746174653D25642C636C6B97
:10D244003D30782530347800F8B51C4E90F85020E5
:10D25400336803EBC2030546D3F80C42F4B106F07D
:10D2640061F9276809F088FFA3689D4224D106F07C
:10D2740059F9D4E90032BBB15A60D4E900231A60E9
:10D2840095F850203368134493F81C22013A83F82C
:10D294001C2209F071FF204607F08AFB2846002172
:10D2A400BDE8F840FDF790BF95F85010336803EBE4
:10D2B400C103C3F81022E0E73C46CFE79401002005
:10D2C40070B50378054613B1012B11D070BD194E0A
:10D2D4003368DB68002BF9D0847824B9033098478D
:10D2E4003368DC60F2E72046BDE8704006F03CBEDF
:10D2F400022009F0EFFB044688B1AE78B6B9C06DE0
:10D304002022E91C2F300BF035FDA37884F85360FC
:10D31400072B04D1E37820462BB9F4F73FFDBDE891
:10D32400704006F0CBB9F6F7A7F9F8E7304606F0F7
:10D334001BFEF4E7A401002007280CD8DFE800F066
:10D34400040C12181E242A30184BD3F8642F61F3EE
:10D354001042C3F8642F7047144BD3F8642F61F361
:10D364005142F6E7114BD3F8642F61F39242F0E790
:10D374000E4BD3F8642F61F3D342EAE70B4BD3F897
:10D38400642F61F31452E4E7084BD3F8642F61F37C
:10D394005552DEE7054BD3F8642F61F39652D8E774
:10D3A400024BD3F8642F61F3D752D2E70024014132
:10D3B400012970B506460D4603D9FF2921D0002066
:10D3C4002AE0084604F06CFF0728F8D8134A06231D
:10D3D40013FB002332681A60B2889A802946FFF74B
:10D3E400ABFF0522092313FB00230D4A31681344C4
:10D3F40000EBC00419601444B188998025710120A0
:10D404000AE0084B9B78DB07F9D4084604F048FF90
:10D4140007288CBF0020012070BD00BF00330141EC
:10D424004C410120583C012007280BD8DFE800F0CC
:10D43400040B11171D23292F184BD3F8643FC3F392
:10D4440000430B707047154BD3F8643FC3F340435C
:10D45400F7E7124BD3F8643FC3F38043F1E70F4B74
:10D46400D3F8643FC3F3C043EBE70C4BD3F8643FFA
:10D47400C3F30053E5E7094BD3F8643FC3F34053C8
:10D48400DFE7064BD3F8643FC3F38053D9E7034B7C
:10D49400D3F8643FC3F3C053D3E700BF0024014172
:10D4A4002DE9F041194C1A4D23682A781A7040F27C
:10D4B40043180B27002620680378F340DB0716D5B2
:10D4C4002722E91938440BF055FC206831463844CA
:10D4D40004F00CFF23680F4A3344925DDA7023682A
:10D4E40005EB080243441168196092889A8001365A
:10D4F400082E07F1270708F10608DCD168780BF03D
:10D504002BF82368AA789A70BDE8F081B001002056
:10D51400B43E0120B73E0120438B222B04BF2323BA
:10D524008376428B40F223139A420AD122238376D4
:10D53400164B1A8842F003021A801A8842F010022D
:10D5440012E0837E122B12D004D8112B4FF001006D
:10D5540006D07047222BEBD0232B0ED0012070472E
:10D564000A4B1A8860F301021A8000207047074BA7
:10D574001A88022161F30102F6E7044B1A8842F08B
:10D5840003021A801A886FF30412EDE7C0340141D4
:10D594002DE9F84F04460C9F6668D4F80CB0246952
:10D5A40010463A68013C002502F0020A0B9A0BF877
:10D5B4000450002E1946B8BF0126012390464FEAB5
:10D5C400E279002C03DCD3B12046BDE8F88F50EAA1
:10D5D400010209D1721B002A06DC0A9A521B002A96
:10D5E400F1DDBAF1000FEED042464B4608F08EFF53
:10D5F400013C134630320BF804200135E1E73B6867
:10D6040023F010033B60DFE770B504461646856BD4
:10D61400026C5AB903681BB100200135A56370BDC3
:10D624008068FDF75BFB0023A360F6E76EB94068F2
:10D634000BF0A0FB6368226C13446360A2689342FE
:10D6440019D3236863603046E7E7C0680BF092FBA8
:10D65400226C5242E3681344E36021688B4202D295
:10D66400A3681A44E260022E01D00020D5E725B158
:10D67400013D0020D1E73046CFE70020CDE7F8B5E3
:10D684000C461F46064615460AF096FE40F6C4139D
:10D694009C4211D003F2E2439C420FD040F2E2419B
:10D6A4008C420CBF04210021052FB38A08D101EB61
:10D6B400830101390844F8BD0821F5E70C21F3E79B
:10D6C400B5F5AB7F12D007D8A5F1FA025542554102
:10D6D40001EB8301491BEDE7B5F5517F08D040F21A
:10D6E400E66295420CBF06250025F1E70225EFE727
:10D6F4000325EDE77FB50689B6F5706F30D2C468AF
:10D7040021888B1F9BB240F67A40834228D86288D6
:10D71400931F9BB2834223D8914221D8A388B3F5A7
:10D72400FA7F1DD2E3880A3B9BB240F676429342CD
:10D7340016D8304608F04AFC054688B1837C8BB97C
:10D74400ADF800602368CDF802306368CDF8063088
:10D75400684607F0B1FB08B90123AB7404B070BD8F
:10D764000320FBE70120F9E770B5867A012E31D852
:10D77400008909F099F9054670B3C16D61B34B781E
:10D784005B0729D526B10C21BDE87040FDF740B9EF
:10D79400C3782BB901F5E871BDE8704002F0F0BD23
:10D7A4000C79A4B10E71C16D01F5C87102F0E8FDE8
:10D7B400044640B9EB6D0246A03301462846FBF708
:10D7C4001FFB204670BD334632460121F6E7012394
:10D7D4008B70F6E70324F4E70124F2E773B50C46F3
:10D7E40008F0D4FD054678B3238880880233834249
:10D7F4002CD8EB7C082B29D10CF0A0FF064608B3EB
:10D8040000F11003092101A801930CF0D3FDA178C4
:10D8140001A80CF0CFFD2146019831F8032B0CF040
:10D82400D3FF21880231324689B228460AF0B8FF74
:10D83400044618B9E874204602B070BD30460CF0B6
:10D84400ABFFF8E70224F6E70324F4E70124F2E748
:10D854002DE9F04387B004AD914698460E4607463D
:10D86400039501F0E5FF0446014603A8ADF80870EE
:10D874008DF80A600CF09EFD394603A80CF0A0FD5B
:10D88400314603A80CF096FD99F8001003A80CF09B
:10D8940091FD98F8001003A80CF08CFD02AB0093E6
:10D8A40001950423062242F2760140F2011009F0A8
:10D8B4001FF8034B33F8140007B0BDE8F08300BF32
:10D8C400D8B9010110B5C288012A10D014B214B11C
:10D8D400022A2AD010BD008909F0E6F80028F9D000
:10D8E400234622460221BDE81040FBF789BA0220F4
:10D8F40009F0F0F80F4B1B68DA6804465AB10CF0D3
:10D9040043FF0028E6D0002CE4D020460821BDE8DF
:10D914001040FDF77DB80028DCD0C06DD978EB301D
:10D924000CF034FF0028D5D0EFE7BDE8104005F037
:10D93400C5BE00BFA401002038B51A4C1A4D236897
:10D9440013F0100F1AD0236823F0730323602368A5
:10D9540043F00C032360032008F066F92B6823F0DE
:10D9640073032B602B6843F00C032B60052008F035
:10D974005BF90520BDE8384008F056B92B6823F060
:10D9840073032B602B6843F00C032B60032008F017
:10D994004BF9236823F073032360236843F00C03DB
:10D9A4002360E3E7283A0141203A014110B5194BBD
:10D9B400048E1A68418E64F30F021A601A6861F3C8
:10D9C4001F421A600C3B1A686FF34D321A60124AF8
:10D9D400B0F85C40116864F30F011160196841F0FC
:10D9E400800119600D49046C0C6090F8444048684B
:10D9F40064F304004860196841F040011960196833
:10DA04004806FCD419684900FCD51068C0F30540E9
:10DA140010BD00BF60340141B034014158340141AC
:10DA240038B5837C1D2B04461CD1002383744FF42A
:10DA340082700CF0C1FE054648B11423037023889C
:10DA4400838006F0F3FD0421284609F085FC04F1E7
:10DA54007400F6F743FD4FF482700CF0ADFE0546FA
:10DA640008B9208238BD0C23037023888380238A5D
:10DA7400C380122B08D10023238206F0D7FD284649
:10DA8400BDE838400CF09ABE0421BDE8384009F0E6
:10DA940063BCF7B500EB81060546B36993F804311E
:10DAA4001446A3B901AA6946608908F0D7FA70B18F
:10DAB400009AA3899789B069BB4201D9072304E07E
:10DAC400E289D118B94209DD0D2380F8043195F8B3
:10DAD4003B30013385F83B3003B0F0BDB3F5807FB4
:10DAE400ECD8B1F5807FEFDC0433616818440BF0A7
:10DAF40041F9A189E389B2690B4451888B42C8BFBB
:10DB04005380E4E7F0B50C4649682368A768E568E4
:10DB140087B000290593A4BF23F00203059305AB46
:10DB240002930823CDE900730646D2E90023204678
:10DB3400FFF72EFD059BD90642BF00F1FF303023CD
:10DB44002B54059B1A0742BF00F1FF3020232B54AE
:10DB54002269059B0093013A3B46121A2918304664
:10DB6400FEF75AFB7368DB0503D563689842B8BFB8
:10DB7400184607B0F0BD7047141403030301010AEB
:10DB84000603033C131303030301010A0603033CC6
:10DB9400121202020201010A0502023C11110202E0
:10DBA4000201010A0502023C121102020201030BE6
:10DBB40005020246131203030301050C0502024683
:10DBC400131303030301060D050202461414030391
:10DBD4000301070E050202461F1F1C1C181814140B
:10DBE400141414141414141430B50589B5F5706F95
:10DBF40085B02DD2C46821888B1F9BB240F67A4031
:10DC0400834225D86288931F9BB2834220D89142D5
:10DC14001ED8A388B3F5FA7F1AD2E3880A3B9BB2D5
:10DC240040F67642934213D8284608F0CFF978B1EB
:10DC3400084BCDF80A30ADF800502368CDF8023017
:10DC44006368CDF80630684606F02EF805B030BD9E
:10DC54000320FBE710002000F7B5044600890CF010
:10DC640097FD78B32689304608F000FE074628B3AE
:10DC7400162064890CF0A0FD054608B300F11003DA
:10DC8400132101A801930CF095FBB97901A80CF0BC
:10DC940091FB022101A80CF093FB214601A80CF092
:10DCA4008FFB2A460621304608F0A5FC044610B135
:10DCB40028460CF083FD204603B0F0BD0124FAE7AA
:10DCC4000224F8E70424F6E738B5008908F0ECFEEE
:10DCD400044668B38378022B2AD1FCF747F805463B
:10DCE40070B9204601F0E2FFE26D5378022B15D1A2
:10DCF400104B1B681B78022B04D1204605F0D0F88A
:10DD0400284638BD042B07D192F8E430022B204674
:10DD1400F4D10AF099F9F3E72046FAE7032BEFD19F
:10DD240094F85730002BEBD120460AF09EF9E7E730
:10DD34000325E5E7A401002038B5194C90F84720E5
:10DD44002273027E627390F82120A273B0F8192026
:10DD5400A4F80F200246054652F81B1FC4F8111000
:10DD64009288A4F81520B0F8B0202AB1D0F8AC10ED
:10DD740004F118000AF0FEFFB5F8C020B5F8B03081
:10DD8400E37522B1D5F8BC1006480AF0F3FFB5F8E4
:10DD9400C03084F8FE3095F8943084F8E53138BD0D
:10DDA400BC3C0120BB3D012073B50446866806F0E7
:10DDB400D1FE94F8FA30012B12D1144B1A686FF388
:10DDC40000021A60A3F24C4321461A686FF3DB6227
:10DDD40000201A60FBF7B8F821460020F5F7AEF8EA
:10DDE4000B4B0C491B88ADF8043000256B46082208
:10DDF40084F8FA50012000968DF8060000F04AFFDE
:10DE04002846F1F7F5FD02B070BD00BF583E014150
:10DE1400DA0100200000010138B590F8F430184D03
:10DE240013F00203044625D009F027F8154B94F8A3
:10DE3400FA101A6861F307021A601A6894F8FB1062
:10DE440061F30F221A601A6894F8FC1061F3174208
:10DE54001A601A6894F8FD1061F31F621A609A88B8
:10DE640094F8FE1061F307029A802B6843F08063F4
:10DE74002B6038BD2A6863F39A622A60F9E700BF11
:10DE840030340141B434014152433A505F666C6707
:10DE94003D3078253038780052433A7072693D2518
:10DEA400642C636C6B3D3078253034780052433AEF
:10DEB4004E5F666C673D3078253038780052433ABF
:10DEC4007072693D25642C636C6B3D307825303469
:10DED400782C636F6E743D300052433A7072693D22
:10DEE40025642C636C6B3D3078253034782C636F5B
:10DEF4006E743D3100300000F0B5C5B00BF07DFE0E
:10DF040006460578154F0024009423462246052131
:10DF140057F8250005F048FE337847F8234030468B
:10DF24000CF08AFB032D06D8DFE805F0020C101470
:10DF340007238DF80C30002203A909480BF006FCD6
:10DF440045B0F0BD08238DF80C30F4E705238DF8B7
:10DF54000C30F0E704238DF80C30ECE7CC370120CB
:10DF640068000020037A5BB310B4428803889A42A5
:10DF74001DD3C18884888C4219D8052B17D9B2F5D2
:10DF8400486F14D8B1F5FA7F11D2104B1B680122E7
:10DF940083F82A2002881A8442885A8482889A84C0
:10DFA400C288DA84027A83F82820002005E0074B2F
:10DFB4001B68002283F82A2003205DF8044B704775
:10DFC400024B1B68002083F82A007047283B01207D
:10DFD40070B583681888A0F1200292B243F6E07409
:10DFE400A24224D85988A1F1200292B2A2421ED89A
:10DFF40088421CD81E79042E19D81D7B6A1E062A55
:10E0040015D85C7B032C12D80A4A108051801671F3
:10E0140055719471084A53F8050F1168886201F12B
:10E02400280299889B7993719180002070BD032008
:10E03400FCE700BFC83A01209C00002030B517213E
:10E0440085B00546002009F0CCFF044650B30C21EE
:10E0540001A8FDF70BFE01AB03CB05F58572039B0D
:10E06400C5F80A015160C5F81A3129460323237300
:10E0740051F8FF3FC4F80D304B68C4F81130B5F8BF
:10E084000831A4F815301368C4F817305368C4F87D
:10E094001B30D5F81A31C4F81F3028462146FBF747
:10E0A400E7F8012005B030BD38B50024124B054611
:10E0B400214624221148C3E900430BF013FD104B01
:10E0C400104A1C60104B01211C70104B08461C7038
:10E0D4000BF0C0F80E480CF0B7FB2869FDF710FFF1
:10E0E40003F062F804F000FF0AF0FEFD21466868C0
:10E0F400BDE8384006F0B6BC9C010020F43701208E
:10E10400483C0120A9070201F80000203401002046
:10E114002559020130B5174D02682B68C3F8022057
:10E124008288DA802B68012289B01A725B6C0446FB
:10E13400984710B12B681B6C984700231A460E4968
:10E14400022000F0A7FD6379069323790593E37811
:10E154000493A37803936378029323780193074B82
:10E164000093022201231A21EC20F6F7E1FC00209F
:10E1740009B030BD3001002002070100A062020195
:10E1840013B5174B0093022201232321EC20F6F749
:10E19400CFFC0CF0B1F920B904F0F4F8002002B07F
:10E1A40010BD104C23689B6C984760B92368DB6CE6
:10E1B400984740B923681B6D984720B923685B6D65
:10E1C40098470028E8D00C24074B0093EC200194D6
:10E1D40001230022FF21F6F7ABFC2046DFE700BF56
:10E1E400ACA50201300100200A93020137B5174B98
:10E1F400174C019000930546012302222721EC20AD
:10E20400F6F796FC23689B6C9847A0B92368DB6CEF
:10E21400984780B923681B6D984760B923685B6D84
:10E224009847044638B9012D08BF28460AF094F9E6
:10E23400204603B030BD0C24064B00930194012307
:10E244000022FF21EC20F6F773FCF1E71C860201A3
:10E25400300100200A930201F8B50E460746154620
:10E264000BF0BEFB0028114630460CBF00240924E5
:10E2740006F062FBF8B9BCB9104B20460A2200BF75
:10E2840002FB00F131F803C0BCF5706F0ED15A18CF
:10E294000331178096700B442A681A60AA889A8002
:10E2A400074A1378013313702046F8BD013008285B
:10E2B400E6D11F24F8E70B24F6E700BF2C36012033
:10E2C400B43C012070B5184D2C6824BB30200CF0F0
:10E2D40073FA286008B9002070BD302221460BF083
:10E2E40001FC124C26684EB918200CF065FA206027
:10E2F4000028F0D0182231460BF0F4FB22680023EA
:10E3040013602268C2E90133D3602A680120C2E99C
:10E314000133D360E0E7002420460134E4B2FAF785
:10E3240027FB082CF8D1DCE7A8010020A800002076
:10E33400FF282DE9F84F80468A4617464FF000051E
:10E34400144B05D11570987800F00100BDE8F88FE2
:10E35400D3F80090104E680029FA00F000F003048E
:10E36400012C5FFA85FB0CD106225146701D0AF080
:10E37400F3FC30B93379434503D187F800B0204624
:10E38400E4E70135082D06F10906E4D107233B70C3
:10E394000020DBE7583C01204C4101202DE9F843E3
:10E3A400DFF8609040F243174FF00B08002500BFE0
:10E3B400D9F800402378EB40DB0711D5104E272213
:10E3C40006EB080004EB08010AF0D4FC6319DA78C0
:10E3D400F31C3E445A55E3191A6832609B88B38093
:10E3E4000135082D08F1270807F10607E0D1044B91
:10E3F40022781A7062785A70A2789A70BDE8F8830D
:10E40400B43E0120B0010020F0B585B005460C46AD
:10E4140007F0B2F80646284604F0E2F92EB30746A0
:10E4240028B32388ADF808306388ADF80A30A38890
:10E43400ADF80C30E388ADF80E3002A928460AF096
:10E444003FFAB0F58D7F04D008B90123F37005B00D
:10E45400F0BDBB78012BFAD1E3880093A3886288CE
:10E464002188284608F0DEF8EEE70320EFE70320D2
:10E47400EDE70F2A38B505460C4626D190F8E4306E
:10E4840013BB3020F7F70AFEC5F8B801E0B1B4F8C1
:10E4940001300383B4F803304383B4F80530838335
:10E4A400B4F80730C383637A80F8203063894384E7
:10E4B400A3898384E389C384238A0385638A438588
:10E4C400A38A8385E38AC38538BD90F8E230112B93
:10E4D40001D0032BF8D1D5F8B401D7E770B5C2B099
:10E4E400044640880CF0A4F8B0B10546628861681F
:10E4F4000AF040FC2378042B10D000228DF804206D
:10E5040023788DF805306388ADF80730CDF80950CD
:10E5140001A90B480BF01AF942B070BD2B78122BED
:10E52400EBD1A87A80000CF083F806460028E4D0EA
:10E53400AA7A920069680AF01DFC6E60DDE700BFEC
:10E54400680000202DE9F0410E461546984604F077
:10E55400D7F918B307461F2E22D98388043B9D425E
:10E5640020D8FA200CF064F80446E8B1A72303800D
:10E574006B1C438006712A46414605300AF0FAFBBB
:10E584001B2384F8F830214678880AF009FA0546F6
:10E5940020460CF051F82846BDE8F0810125FAE741
:10E5A4000325F8E70325F6E70225F4E738B5054621
:10E5B4000C46154B1B7843B1FDB90CB3134B93F9BF
:10E5C40000305BB14FF0FF3038BD11480AF016FD42
:10E5D40001280FD10C4B01221A70EDE7A0680B4BF8
:10E5E400986062685A6002211970536821689847DC
:10E5F4000020E9E74FF0FF30E6E74FF0FF30E3E7B4
:10E604004FF0FF30E0E700BF963C0120843A012040
:10E61400683B012058BB0EB410B583B0144B93F97A
:10E62400003043B1124B5B682BB14FF0FF311148FE
:10E634000BF0ADFA20B903B0BDE8104003B0704749
:10E6440006AB0193059AC8210B4801F0A1FA431EB9
:10E65400C62B08D8084900230B54054B5A68546943
:10E6640002469868A04703480AF0D4FCE3E77047E1
:10E67400843A0120683B01207032012070B50E46B7
:10E68400054638B102F06EFB0446C0B901460120CC
:10E6940008F0D6F8284605F0C7FA044678B9104BB6
:10E6A40019680A786DB922F001020A70186800F539
:10E6B400DA70F5F713FF2146204608F0C1F820462A
:10E6C40070BD42F001020A70002EF8D0186842F2C0
:10E6D4001071714300F5DA70F3F716FDEFE700BF30
:10E6E4009C00002081A202018FA502018FA50201D6
:10E6F4008FA502018FA5020181A2020181A202015C
:10E704008FA502018FA502018FA502018FA5020129
:10E714008FA502018FA502018FA502018FA5020119
:10E724008FA502018FA50201A1C20101533002018C
:10E7340081A2020181A2020181A202018FA502012C
:10E744008FA502018FA502018FA5020170B5164D98
:10E754002E68B3682C463BB12268D37873B1134852
:10E76400FEF7BEFC002070BD51200CF025F82B688C
:10E77400B0609B68002BEFD10220F4E7926802207E
:10E7840082F8503008F0A6F9054658B920681030D0
:10E79400F5F7A4FE2368064883F82850BDE87040C6
:10E7A4000BF05CBC0720DEE7A4010020AC3F0201B3
:10E7B400E5D00101F8B500260E70C3885A1E0D2A53
:10E7C40005460F4603D8BDE8F840F7F789B9103B72
:10E7D400072B03D8BDE8F840EEF7F8B84FF4827081
:10E7E4000BF0EAFF0446B8B1A88807F0CFFD90B15A
:10E7F400AB7AC3740A232370AB88A380EB88E380CD
:10E80400AB7A23722B8963812046042108F0A4FD8E
:10E8140001233B703046F8BD8020FCE773B5054604
:10E82400044600F12006A3692BB301AA694618889F
:10E8340007F014FCE0B1A369194631F8042B032A4C
:10E844001CD05A88009B58680AF094FA009BA2696D
:10E854009B6852881A80009B9B7B9B0605D5A16907
:10E86400284631F8042BFCF797FBA0690BF0A6FFB0
:10E874000434B442D7D1002002B070BD987807F0B8
:10E88400A3FEE8E737B5044600890BF081FF38B3EF
:10E894002089E56807F07AFD044618B32B78132B1A
:10E8A40008D1C37C122B1FD103F02AFE00B9E074F7
:10E8B40003B030BD172B0BD1C37C162B14D1A98800
:10E8C400EB886A88009105F1080100F0B3FAEDE7DE
:10E8D400192B09D1C37C182B06D102F0B3FDE5E74F
:10E8E4000420E5E70320E3E70120E1E7202837B52A
:10E8F400054628D80AF0FCF8144A042D98BF13687A
:10E9040012689DBF1B68B3FA83F35B09012302EB12
:10E91400C302146844B12168116001B952601BB18B
:10E92400237943F04003237109F086F844B9084B76
:10E9340000930195052322460321EF20F6F7F8F80A
:10E94400204603B030BD0024FAE700BF103C01208C
:10E954003099020100B593B041F20303ADF80030E1
:10E9640090F8F2308DF804106FF3000380F8F23061
:10E974000388ADF80630A9B990F8E230112B01D024
:10E98400032B02D1D0F8B4310BB9D0F8B8319A8A3C
:10E994001B690293ADF80C20684606F0DBFF13B048
:10E9A4005DF804FBD0F8B4315A88ADF808209A8891
:10E9B400ADF80A20DB88ADF80C30EDE725292DD819
:10E9C400DFE801F01313132C1F2C13132C132C1337
:10E9D40013132C2C13132C132C132C13132C2C2C3B
:10E9E4002C2C132C2C2C2C2C131390F8F2305A07AB
:10E9F40014D56FF3820380F8F23000F5B070F5F7A8
:10EA04006DBDC37D53B990F8F230054943F004035A
:10EA140080F8F23000F5B070F3F776BB704700BFB2
:10EA2400005A620230B5164D8BB0042107202C68C1
:10EA3400FEF720FA2B6820641A6CFAB11149516070
:10EA44001A6C13681A60104A0992002448F6B80236
:10EA5400CDE90422CDE906444FF4406229680092CE
:10EA640003941B68089348316846F4F77DFC2B68CF
:10EA7400986CF2F7D9FF20460BB030BD0720FBE7B6
:10EA84003801002059380201352F020170B50E46B5
:10EA940090F8371040F2E24304464B43B2B12033BE
:10EAA400C0F88C300025204600F082FF4FF49C73A0
:10EAB400B0FBF3F203FB1203C4E92032E37D73B924
:10EAC400023664232667C4F88C3070BD058F03F2C8
:10EAD40082230035C0F88C3018BF0125E3E7D4F851
:10EAE4008C3040F27222761B02FB05352667C4F88F
:10EAF4008C50EAE7F8B5184E90F850303268443339
:10EB0400044652F8337007BB07F0F8FB05468460EF
:10EB140004F008FD2F6094F85020336803EBC20220
:10EB2400D2F824226A6094F8502003EBC203D3F88D
:10EB340024321D6094F85020336803EBC203C3F8F9
:10EB44002452BDE8F84008F017BBBB689C4201D0D2
:10EB54003F68D8E7F8BD00BF9401002010B5184AFB
:10EB6400047802F58453596964F30F215961596992
:10EB7400447864F3174159615969847864F31F61D7
:10EB8400596102F58453C478996964F30701996162
:10EB94009969047964F30F2199619969447964F35B
:10EBA400174199619969847964F31F61996102F548
:10EBB4008453C1799A8B61F307029A8310BD00BF15
:10EBC400002401412DE9F0479A46174B1C6814F8BC
:10EBD4000B6B074688469146002500BF26FA05F3CD
:10EBE400DB0717D5237803F00103BB4212D10622B9
:10EBF4004146601C0AF0B0F860B910224946E01D95
:10EC04000AF0AAF830B91022514604F117000AF0AC
:10EC1400A3F838B10135082D04F12704DED1002012
:10EC2400BDE8F0870120FBE7B00100204741503ADE
:10EC3400457674207263762C6E6F20617661696C00
:10EC440020636F6E6E2C2068646C3D307825303400
:10EC5400782C2065767449643D307825303278000C
:10EC64004741503A457674207263762C6E6F206665
:10EC740072656520636F6E6E2C2068646C3D30781D
:10EC8400253034782C2065767449643D30782530FD
:03EC9400327800D3
:10EC98002DE9F041074690B20E4615469846FFF713
:10ECA80023FE044628B30279C680330E63F30202BA
:10ECB800330C0271437125B12A46414608300AF0E7
:10ECC80057F8032F15D8DFE807F002080C10204684
:10ECD80007F052FA0020BDE8F081204603F02EFF2D
:10ECE800F8E7204607F060FAF4E7204603F04AFF09
:10ECF800F0E71F20EFE7F8B50E4617461D4607F068
:10ED0800D1FE044640B390F852303B700020012EEB
:10ED180028700BD194F859302BB994F858301BB996
:10ED280002232B700020F8BD0123FAE7022E08D138
:10ED380094F85930002BF0D094F85630002BF2D1CB
:10ED4800EEE7032EEFD194F85930002BE5D094F874
:10ED58005730002BE4D0EFE70320E4E70B09706994
:10ED680063333263782D627AEFF30980BFF36F8FD4
:10ED7800154B1A681EF0100F08BF20ED108A20E905
:10ED8800F04F10602DE909004FF0200080F3118842
:10ED9800BFF34F8FBFF36F8FFAF7C8F94FF000003A
:10EDA80080F3118809BC19680868B0E8F04F1EF0B4
:10EDB800100F08BFB0EC108A80F30988BFF36F8F7B
:10EDC800704700BFAFF300808C3B012070B5174B34
:10EDD8001B681E6801250EB9284670BD7468D4E901
:10EDE800011318780BF088F8F289B1890132521AA8
:10EDF80092B2234604EB02129A4201D13668EAE73E
:10EE0800D97B11F0440F01D010280CD011F0660FF7
:10EE180007D1012D03D111F0880F18BF0225103337
:10EE2800EAE70325FBE70425D6E700BFA800002092
:10EE38002DE9F7435D1DADB2074628468846914641
:10EE48001E460BF079FC044610B300F1100317219D
:10EE580001A801930BF0ACFA494601A80BF0AEFAF1
:10EE6800BDF8281001A80BF0A9FA324641460198CE
:10EE780009F07EFF29462246384609F08FFC0546F0
:10EE880010B120460BF086FC284603B0BDE8F0839D
:10EE98000225F9E7F0B50E468BB00968CDF80E10DB
:10EEA8007168CDF8121007465968ADF80C0018685B
:10EEB8001288ADF8162006AC03C49868D96803C454
:10EEC80031463846F6F7B0FF0DF10B03019303AB5B
:10EED8008DF80B00009300221C2342F2190140F226
:10EEE800011007F003FD9DF80B20024B33F81200C8
:10EEF8000BB0F0BDD8B90101F0B58BB003AE0C462C
:10EF080007460496FCF776FF0546014604A80BF071
:10EF18004FFA394604A80BF051FA2368CDF8163099
:10EF28006368CDF81A30A368CDF81E30E368CDF8D1
:10EF3800223005AB009301961223032242F21A01F4
:10EF480040F20110ADF8147007F0D0FC024B33F812
:10EF580015000BB0F0BD00BFD8B901012DE9F04193
:10EF680000F1200694B00D460A4631468046F3F774
:10EF7800D3FE03AC20278DF80B003A4641462046C5
:10EF880009F0F6FE3A4631460BA809F0F1FE0DF1FC
:10EF98000B03CDE900430122412342F2260140F24E
:10EFA80001108DF84C5007F0A1FC9DF80B20034B85
:10EFB80033F8120014B0BDE8F08100BFD8B90101E0
:10EFC8002DE9F341804617461C4607F08DF80646A2
:10EFD80018B32379A4F8068023F00F0343F0020343
:10EFE8002371678120460BF0F5FB054658B908F5F3
:10EFF80000510C340190024600943B4689B24FF40C
:10F00800817007F073FC064B33F8150010B9B3781C
:10F018000133B37002B0BDE8F0814FF48170F9E7B5
:10F02800209F0201144B70B54FF00072134C144E20
:10F03800C3F8842123681BB9BDE870400AF014B9ED
:10F0480009F054FD25682B68236003B9646008F053
:10F05800F1FC01236A7933700A4B284653F82230B1
:10F06800984795F90430002B02DB284606F0BAFBD6
:10F0780000233370DEE700BF00E100E0DC00002081
:10F08800A53C0120E83A012030B585B0154B009326
:10F09800CDE9010105460C46EC20012302224F214F
:10F0A800F5F744FD284608F051FEA8B1006890F82D
:10F0B800E430112B12D1214608F082FD80B90724D3
:10F0C800094B0093019401230022FF21EC20F5F75E
:10F0D8002DFD204605B030BD0224F1E70C24EFE7F2
:10F0E8000024F6E7C25C0201E67102017FB5164B07
:10F0F8000093CDE9010105460C46EC2001230222CC
:10F108005A21F5F713FD284608F020FE88B1066855
:10F118002146304609F0F4FE054658B9A6F8544190
:10F128006408A6F85641304605F0C5FD284604B0E7
:10F1380070BD0225054B0093019501230022FF2194
:10F14800EC20F5F7F3FCF1E7F45C0201E67102014B
:10F1580070B58CB0134B0B9300230993124E079193
:10F1680003F2712306930123029331680F4B089031
:10F178001B680A9305463C3102A8F4F7F3F80446E5
:10F1880018B93368D86BF2F74DFC094B0093019519
:10F1980001230222D421EC20F5F7C8FC20460CB04C
:10F1A80070BD00BF2D1B0201380200203C02002068
:10F1B800499B020113B50C4608F0C8FD28B3036843
:10F1C80093F84020227093F84120627093F842200F
:10F1D800A27093F84320E27093F84430237100241E
:10F1E8000B4B0093022201233521EC20F5F79EFCFE
:10F1F80044B1084B0093019401230022FD21EC2027
:10F20800F5F794FC204602B010BD0224E8E700BFE1
:10F218005B8102016C8102012DE9F0410646174627
:10F2280000EBC205B94227DAD5F800C04C1E06EB40
:10F23800C1031868A0EB0C02520209D5013406EB91
:10F24800C402D2E9008E106058685060C3E9008E8D
:10F2580008339D42EDD1631C06EBC303D3E9000CD0
:10F268002A681A606A685A60C5E9000C2246304666
:10F27800FFF7D2FFA11CD5E7BDE8F081F0B5054640
:10F2880085B011200E460BF057FA044630B300F152
:10F298001003032103A803930BF08AF8039A336839
:10F2A800136073685360B3689360F368D36006278C
:10F2B8000097002322461121288806F09AFC06466A
:10F2C80040B9EB7823B90523AB70304605B0F0BDE3
:10F2D800AF70FAE720460BF05DFAF6E70226F4E78E
:10F2E8004C32433A457674207263762C6E6F2066F2
:10F2F80072656520636F6E6E2068646C3D3078259A
:10F308003034782C65767449643D3078253032780D
:10F31800004C32433A457674207263762C6E6F2027
:10F32800617661696C20636F6E6E2C68646C3D3029
:10F3380078253034782C65767449643D30782530EA
:10F34800327800534D503A457674207263762C6EAD
:10F358006F206672656520636F6E6E2068646C3D11
:10F368003078253034782C65767449643D307825BA
:10F3780030327800534D503A457674207263762CBB
:10F388006E6F20617661696C20636F6E6E2C6864A5
:10F398006C3D3078253034782C65767449643D307E
:10F3A80078253032780038B5E4F7E9F90446E3F710
:10F3B80091FEACB900B938BD012009F005FE05463B
:10F3C800012006F029FA0446294601200AF099F896
:10F3D800002CF0D0012C13D10120E3F79FFE0FE0A1
:10F3E800012009F0F1FD0546012006F015FA044652
:10F3F800294601200AF085F8002CDCD0E4F7C6F98C
:10F40800002006F009FAD6E773B5047A04B3C56894
:10F418000023E91FDAB294421FD805F0D7FD002671
:10F428002B78003318BF01238DF800302B460136A6
:10F4380053F8012FCDF801209B88ADF805306846B8
:10F44800F6B205F069F9B44205F10705E8D101E023
:10F4580005F0BCFD002002B070BD0133C3EBC30250
:10F468008A5C032AD6D90320F5E7434D443A53650D
:10F4780074506174684C6F73735265706F727469FD
:10F488006E67506172616D2C48646C3D30782578E8
:10F498002C6869676854687265733D25642C6869CF
:10F4A8006768487973743D25642C6C6F775468726B
:10F4B80065733D25642C6C6F77487973743D2564BA
:10F4C8002C6D696E54696D653D25640070B50546FF
:10F4D8001E464FF08644236843F0020323604FF230
:10F4E80060031C6813460A463146A047024698B98D
:10F4F8004FF26C031B6828469847024660B94FF2E2
:10F5080070031B6828469847024628B94FF26803DB
:10F518001B682846984702464FF086410B6823F03F
:10F5280002030B60101C18BF012070BD144B012290
:10F538001A601A46936813F0010FFBD1104B4FF471
:10F54800C0521A600222DA63002159615A714FF6DB
:10F55800FF721A6418225A649A64DA641A655A6542
:10F568009A65084ADA62084A11604FF4B0129A6242
:10F578004FF0B0521A621A469368002BFCD17047BC
:10F58800003400400FFC3F00B03A012070B505463A
:10F598000C4608F04FFE134B1A682368B3F1FF3F7F
:10F5A8001AD06968104800682E68864205D09142D2
:10F5B80003D80023236001240FE0501A834203D8A4
:10F5C80000232360012408E09B1A0B44236028468B
:10F5D80009F08AFD002400E000240AF0F1F8204632
:10F5E80070BD00BFC03B0120B43B012010B51648D8
:10F5F8000024C0F80740C0F80B40C0F80F40C0F81E
:10F608001340C0F81740C0F81B40C477022343706A
:10F61800012383700623C3700A23037116234371E1
:10F62800DA238371FE23C371083008F0E3F8064A31
:10F6380013195B782BB101331C44E4B21E2CF7D9A3
:10F648001F24014B1C7010BD7838012010B5134BD6
:10F6580000221A70124B1B7893B9114CE278A178EA
:10F66800607804F0BFFA012323700E49002006F0E9
:10F678007BFC0AF0E9FD03280BD00AF0EFFF10BD70
:10F688000AF0B2F80020064B1870074906F06CFC27
:10F69800EFE740218A20FBF77BFFF0E7A13C012040
:10F6A800E84201208C8202017C82020138B500897F
:10F6B80007F0F8F9044610B90125284638BDC36D8E
:10F6C800002BF9D1C378E3B9F8F726FA0028F3D16B
:10F6D800E36DA27A83F858212346E26D53F8041F9C
:10F6E800C2F859119B88A2F85D312046FBF7D6F97C
:10F6F80005460028E1D1044904F16000F2F702FD53
:10F70800DBE701F079FDF3E7A064D1010200000016
:10F718006D72010104000000C5030101060000002C
:10F72800690F010108000000CDA100010A000000D6
:10F73800656501010C0000002D4101011000000069
:10F7480005CF000112000000ADA602015200000022
:10F75800919802011600000045F40001180000000D
:10F76800355901011E00000025DA010170B5164D5A
:10F7780000242B6803EB84031A6992B1D17881B114
:10F78800012656721B6918880BF000F848B1221D33
:10F798002B6853F8223031464FF6FF72187800F084
:10F7A80099FB0134082CE4D14FF482700BF002F875
:10F7B80040B110220270002282800122827104214D
:10F7C80007F0C8FD002070BDA8010020F0B589B081
:10F7D80006AD16460F46ADF80E000595FCF79EFFE0
:10F7E8000446014605A80AF0E3FDBDF80E1005A879
:10F7F8000AF0E4FD397805A80AF0DAFD317805A8A1
:10F808000AF0D6FD0DF10E0300930195022305229F
:10F8180042F2300140F2011007F068F8024B33F869
:10F82800140009B0F0BD00BFD8B9010173B50C468A
:10F8380016461D4608F08AFAF8B1611EC9B200687A
:10F8480009F04EFD0E4B307093F901302B700024F7
:10F858000C4B0093022201235221EC20F5F766F9A4
:10F8680044B1094B0093019401230022FD21EC20AF
:10F87800F5F75CF9204602B070BD0224E8E700BF46
:10F88800B6010020DF660201FC66020113B5154BC4
:10F89800019004460093EC20012302228021F5F711
:10F8A80045F9204608F052FAA8B1006890F8E4300B
:10F8B800213B012B11D807F0D5FC80B907240A4B4E
:10F8C8000093019401230022FF21EC20F5F72EF983
:10F8D800204602B010BD0224F1E70C24EFE7002413
:10F8E800F6E700BF9C8B02013D740201BD1A3CCDB6
:10F8F800A6B8995899B740EB7B60FF4A503F10D2A1
:10F90800E3B3C974385FC5A3D4F6493FE69D350E05
:10F91800480103CCDBFDF4AC1191F4EFB9A5F9E98A
:10F92800A7832C5E2CBE97F2D203B0208BD2891508
:10F93800D08E1C742430ED8FC24563765C15525A04
:10F94800BF9A32636DEB2A65499C80DC10B5144C74
:10F95800226892F8383013B304281AD0114909687C
:10F9680091F9041000291ADAFF2812D1002382F82D
:10F9780038300D48F4F7B0FD22681378D9060ED553
:10F988006FF3041313702368BDE81040D86BF9F7C0
:10F998000DBD013BDBB282F83830002BE9D010BD39
:10F9A80038020020380100202002002038B5014626
:10F9B800C07D30B391F82A0009F0C2FC114B1B68D6
:10F9C8000246187B09F0BCFC4D8F1044684340F296
:10F9D800E24404FB00F20C4CB2FBF4F004FB1024EC
:10F9E80004B101304B7E212B40F2712303FB05F358
:10F9F80008BF00F28D10A3F19602904228BFA3F130
:10FA0800970038BD3801002040420F00F8B5164D68
:10FA180090F8502029684432064651F8324004B91B
:10FA2800F8BD03F07DFD276807F0A4FBA3689E429C
:10FA380017D103F075FDD4E9003253B15A60D4E907
:10FA480000231A6007F096FB2046BDE8F84004F052
:10FA5800ADBF96F850102B6803EBC103C3F82422FE
:10FA6800EDE73C46DBE700BF9401002073B5C36DAA
:10FA78000446A3B94388012B11D101910DF103006C
:10FA880001A90AF052FB104B9DF803501B689B79A3
:10FA98003BB12B0705D403212046FAF7B7FF02B084
:10FAA80070BD012684F8545084F8556008200AF087
:10FAB80081FE01460028F2D0067023888380857174
:10FAC80008200AF083FDEAE7A401002070B5044687
:10FAD80008F050FD01460546204602F005FC04F1F9
:10FAE800170304F1270200BF13F8011BC9B9934299
:10FAF800FAD101220C4E33682B442046DA7003F009
:10FB080085FE272230680B2312FB05331844214653
:10FB180009F02EF932680123AB4015781D431570A2
:10FB280070BD0022E6E700BFB001002037B50468C9
:10FB3800A36F1B0405461AD403F0F2FCA36F43F429
:10FB48000043A36707F016FBD4E9241320465B1A89
:10FB5800D9B20AF099FAD4F8903001955B1AC4F832
:10FB68009030042201AB08490120FFF791F8237D6A
:10FB78003BB103F0D5FCA36F43F08063A36707F0A4
:10FB8800F9FA03B030BD00BFA1040101F0B59BB084
:10FB980004460D46164600214C2207A81F4609F0C8
:10FBA8009FFF4FF0FF33029303F20313039304B94B
:10FBB80001ACCDE9044555B16A1E002D069208DA5C
:10FBC800094B4F221A604FF0FF301BB0F0BD2A4698
:10FBD800F3E71CBF002323703A46314602A8CDE95B
:10FBE800074409F0E1F8F0E7703C012010B588B04F
:10FBF80004461822002102A809F072FF0DF1020143
:10FC080001A806F09FFEBDF80220019B110423F015
:10FC18007043019348BF03F1FF3304939DF8083004
:10FC280058BFADF80C2023F00C0348BF02F2E242A3
:10FC380043F00C0302A9204648BFADF80C208DF80C
:10FC480008300AF095FA08B010BD70B540B300202E
:10FC580007F0BAFE0646012007F0B6FE0546022068
:10FC680007F0B2FE04464FF6FF71002003F014FCC3
:10FC78004FF6FF71012003F00FFC4FF6FF710220D1
:10FC880003F00AFC3146002007F0B0FE29460120A7
:10FC980007F0ACFE21460220BDE8704007F0A6BE82
:10FCA800044605460646DEE738B5C16D91F82C30A6
:10FCB80091F8E85004461D4091F8E90091F82D307C
:10FCC8001840E378CBB9EA3107F01CFBE16D2E311F
:10FCD800284607F017FB94F857306BB1E26D92F89D
:10FCE800EA3023F0030382F8EA30E26D92F82E300E
:10FCF80023F0030382F82E3038BD2E3107F002FBC3
:10FD0800E16DEA31E4E770B504460E461546FA207F
:10FD18000AF08CFC606010B34FF482730380636850
:10FD280003225A80636801221A7163685E716368EE
:10FD38009D7163681B2283F8F8204DB9616820889B
:10FD480008F02CFE054630B104232372284670BD06
:10FD580003F088FEF2E7204608F075F8F6E702257A
:10FD6800F4E77047F8B50024134D144E03E07761AB
:10FD78000134042C1ED0214604EB440305EB830315
:10FD88001B89DBB2E2B29342F2D173690127A74023
:10FD98003B42EDD004EB440355F82330002BE6D06A
:10FDA80063001A1905EB82025068194455F821308E
:10FDB8009847DCE7F8BD00BF403701200008004045
:10FDC800F8B505460AF028FA0446114B1B68834229
:10FDD80005D800232B600E4B1C602046F8BD0D4B48
:10FDE8001B681A685AB14FF0FF370A4EDB6839466C
:10FDF800186803F097FE33681A68002AF6D1064A95
:10FE0800106804490860136001232B60E3E700BF12
:10FE1800D03B0120C83B0120CC3B012008B511494B
:10FE280001200AF051F8104B1A68D2F8BC3103F0DF
:10FE3800F80343F4C06343F00103C2F8BC310B4B31
:10FE48004FF0082119604FF4E06199800021997101
:10FE5800074BC2F87831074BC2F8FC31BDE80840BF
:10FE680009F01CBDA88802019C000020C83A0120A6
:10FE7800217802019D8202012DE9F341064680881E
:10FE88000F46144698460AF057FC054600B300F1A1
:10FE98001003414601A801930AF08AFAB388013B8E
:10FEA8009C4288BF9CB224B12246394601980AF088
:10FEB80089FC611C2A4689B2304608F06FFC04466A
:10FEC80010B128460AF066FC204602B0BDE8F08171
:10FED8001124F9E7F8B50F46154606F055FA064617
:10FEE80000B3FA200AF066FC0446E8B10F4B40F86C
:10FEF800043B39460AF062FC2946A01D0AF05EFC64
:10FF08001D2384F8F83021463088EEF737FB054684
:10FF180018B9737A43F00203737220460AF04CFC56
:10FF28002846F8BD0325FBE70225F9E7120004007F
:10FF380038B590F8E43004460D4633BB0C20F6F78C
:10FF4800ABF8C4F8B801B5F801300381D4F8B8317A
:10FF5800B5F803205A81D4F8B831B5F805209A804D
:10FF6800D4F8B831B5F80720DA80D4F8B831FB22D4
:10FF78001A8094F8EE3013F0080FD4F8B83114BF93
:10FF880044F2902240F648025A8038BD2DE9F843E1
:10FF980090F8B0510646894617469846EDB90C20A8
:10FFA8000AF008FC044640B17FB138460AF002FC6A
:10FFB800A06020B920460AF0FFFB072511E0256064
:10FFC800D6F8AC311C60C6F8AC4184F804903A46C7
:10FFD8004146A06808F0CCFE03E0022380F8B03167
:10FFE80000252846BDE8F88313B5124B124C009340
:08FFF800022201231C21EC2070
:020000040102F7
:10000000F4F798FD23689B6D984758B92368DB6D1A
:10001000984738B923681B6E984718B9094B186080
:1000200002B010BD0C24084B0093EC200194012376
:100030000022FF21F4F77EFD2046F1E70093020144
:1000400030010020583C01200A93020138B50446D3
:1000500030B34FF0806190F8500007F02FF96378CB
:10006000002523F0120363702046A580FFF7D2FC21
:100070002046FCF797FB94F85330012B237808BFF8
:1000800084F85350012B0BD1064B1B68D3F8082280
:1000900032B9214694F85000BDE838400AF053BB0D
:1000A00038BD00BF94010020154B0178D3F8B02F64
:1000B00061F31742C3F8B02FD3F8B02F417861F342
:1000C0001F62C3F8B02FD3F8B42F817861F3070211
:1000D000C3F8B42FD3F8B42FC17861F30F22C3F85B
:1000E000B42F0179D3F8B42F61F31742C3F8B42FBA
:1000F0004179D3F8B42F61F31F62C3F8B42F70476E
:1001000000240141144B02460068186091889279DE
:100110009A7133F8042C998042F0020223F8042CDF
:1001200053F8080CC0F38070A3F5776388B1D3F857
:10013000943FC3F30263094A11680A781944C978E5
:1001400030B122FA03F010F0010018BF81F0010075
:1001500070470023EFE700BF70330141B00100207A
:1001600008B5134A136823F400731B041B0C138097
:1001700078B900BF08F042F96FF4E173C3189BB27D
:10018000942BF7D9A0F2134080B29428F2D9FDF74E
:10019000D5FB03F0CBFF074B1B6800225A63064ACE
:1001A0001B781168C3F3801363F34D31116008BDF0
:1001B000243F0141380200203838014110B5442164
:1001C0000620FCF759FE0F4B1860C0B10E4B436080
:1001D0000E4C0F4B02680F491A6008200AF0A6F96E
:1001E00003F0C4FF34220021204609F07DFC0AF010
:1001F00089F84730207003F051FB002010BD072024
:10020000FCE700BF3C0200208148010104020020FD
:10021000380200205164020184B01FB507AC84E8A5
:100220000E000B46032809D8DFE800F0020D141A6F
:100230000B9B009394E80F0006F022F904B0BDE890
:10024000104004B070470B9B009394E80F0007F038
:10025000C1F8F3E700221221184609F011F9EDE781
:10026000039103AB042202490120FEF715FDE5E7E7
:10027000130401010E4A38B5002313600D4A0E4CD9
:1002800013600E4A0E4D13600E4A13600E4A13603F
:100290000E4A53621361012393600AF0E9FA0AF0EF
:1002A000E7FAAC4200D338BD54F8043B9847F8E76E
:1002B000743C01208836012034040001843601207A
:1002C000380400017C360120803601208C36012064
:1002D000F7B5002407460E460C800546AB69EBB126
:1002E00001AA6946188805F0BBFE38B9063480209B
:1002F00057F824301B88338003B0F0BD009A937BFD
:10030000928913F0080FAB69598805D18A4205D04C
:100310001B8833800D20EFE78A42F9D30134082C83
:1003200005F10405DAD10020E6E77FB50646112085
:100330000D460AF005FA044610B300F1100304213B
:1003400003A803930AF038F8039A2B6813606B68CC
:100350005360AB689360EB68D3600623009322463A
:1003600000231121308805F048FC054620B90823F8
:10037000B370284604B070BD20460AF00FFAF8E7C3
:100380000225F6E77FB5064611200D460AF0D8F99A
:10039000044610B300F110030D2103A803930AF0E3
:1003A0000BF8039A2B6813606B685360AB6893601B
:1003B000EB68D36006230093224600231121308886
:1003C00005F01BFC054620B90C23B370284604B089
:1003D00070BD20460AF0E2F9F8E70225F6E7FEE7ED
:1003E00038B504460D46FA200AF024F96060F0B1F1
:1003F00040F207130380636801225A8063681D710D
:1004000063681B2283F8F82055B96168094B188886
:1004100008F0C8FA054630B104232372284638BDD7
:1004200003F024FBF1E7204607F011FDF6E7022573
:10043000F4E700BF9E3C012038B504461D4631B1AB
:1004400001291BD0002303604FF0FF301FE0012B78
:1004500001D900201BE003220021012001F08EFBC6
:10046000206080B1012D0ED100231A461946EFF706
:1004700097FD012814BF0020012008E0194610460E
:1004800006F0F7FF20602068003018BF012038BD5B
:1004900008B5144B9B7DF3B1124A137EDBB2927DFB
:1004A00012F0800F18D10F4A137EDBB2927D12F04A
:1004B000010F04D013F0010F01D0F8F70BF9094A2E
:1004C000137EDBB2927D12F0040F04D013F0040F00
:1004D00001D0F7F7A1F808BD13F0800FE3D001F0C9
:1004E0005BFCE0E7000C004070B582B00190846CCA
:1004F000A26BE36B9A4203D30025284602B070BD7D
:1005000094F8456076B2002201A92046FDF77EF8F6
:100510000546B6F1FF3F0AD1636A002BEDD004F126
:100520002400F5F79BF9002818BF0125E5E709F03D
:100530007DFE8642E1D2013676B284F84560DCE782
:1005400010B5A0B109F084FE08B1052414E0002123
:10055000012008F082F8044670B901224FF4FA71C4
:100560000320F3F783FB012009F078FE04E009F093
:100570006FFE012802D00524204610BD0021084648
:1005800008F06BF804460028F6D1032005F078FC4B
:10059000002009F063FEEFE72DE9F843064689469F
:1005A0009046002500F1180353F82540EFB23CB106
:1005B0002288424515D1002089F80070BDE8F883F3
:1005C0004FF483700AF0FAF806EB8505A86168B16C
:1005D0004FF48372214609F087FAAB69A3F80080D3
:1005E000E9E70135082DDFD12F46E4E71120E3E7E5
:1005F00038B54389152B044620D1037C122B1FD11B
:10060000008905F0C5FE08B9002038BD63681B7875
:10061000DA0717D5037A0125DB078572F4D54FF485
:1006200082700AF0CBF80028EED0112202702289E5
:1006300082808571042106F091FEE5E7132BE3D05B
:100640008020E2E71320E0E72DE9F04186B002AD1B
:100650001746064688460395F6F766FE04460146A9
:1006600003A8ADF81060ADF81280ADF8147009F071
:10067000A3FE314603A809F0A5FE04AB0093019543
:100680000623032242F2220140F2011006F032F961
:10069000024B33F8140006B0BDE8F081D8B901016F
:1006A00070B588B006AD0E46ADF80E000595FEF7A4
:1006B00085FD0446014605A809F07EFEBDF80E1032
:1006C00005A809F07FFE314605A8052209F058F972
:1006D0000DF10E03009301950223082242F2150149
:1006E00040F2011006F006F9024B33F8140008B08E
:1006F00070BD00BFD8B901012DE9F04186B003AD4E
:100700001746064688460595F2F7ACFD04460146B5
:1007100005A8ADF810608DF812808DF8137009F0FF
:100720004BFE314605A809F04DFE04AB0093019540
:100730000423032242F27A0140F2011006F0DAF8B3
:10074000024B33F8140006B0BDE8F081D8B90101BE
:1007500030B585B0124B0093CDE9010105460C463A
:10076000EC20012302225721F4F7E4F9284607F090
:10077000F1FA88B12146006809F065FA70B90724DA
:10078000084B0093019401230022FF21EC20F4F791
:10079000D1F9204605B030BD0224F1E70024F8E786
:1007A00030750201E6710201F0B5C488114B87680B
:1007B00085B0260A0093E4B202231A460546CDE925
:1007C00001648121EC20F4F7B5F90B4B1B781BB1C8
:1007D000052E0DD1022C0BD1084B53F826303BB11E
:1007E00005F10C023946204605B0BDE8F040184737
:1007F00005B0F0BDB6A5020134010020F437012098
:100800007FB5134B0190CDE9021204460E46154602
:10081000009302223021EC200123F4F78BF92A46C1
:100820003146204608F008FE78B90A4B5C71344422
:100830002A0604EBD4744FEA640454BF6D4280224C
:100840009C71DE7154BF1D721A7204B070BD00BF7E
:100850007C750201B601002073B5124B0190009324
:10086000044601230D46164632210222EC20F4F7FD
:1008700061F90D4B1B68DB6B8BB120463246294674
:100880009847044640B1094B00930194012300228C
:10089000FF21EC20F4F74EF9204602B070BD0C2485
:1008A000F1E700BF6A9C0201300100200A930201B7
:1008B00038B504461048F3F713FE012C11D10F4B45
:1008C0001C78013CE4B21C704CB90D4D09F094F851
:1008D0002868446002F0C2FA0A4B2C601C600020B9
:1008E00038BD084B44220021186809F0FDF802F0D9
:1008F000D5FF06F0A7FCF2E720020020F800002058
:100900003C0200203802002010B50E4C23789BB921
:10091000FFF754FC0C4B0D4A5A605A6A02F0F8017A
:100920000B4A0A435A620B4B0B4A0C499A62072046
:1009300009F06CFD06F086FC23780133237000205B
:1009400010BD00BFF80000200402002080841E00BB
:1009500001010207FC000020B1080201CD4E000198
:1009600000B5836FDA0693B020D4027E422A12D1FA
:1009700090F829308DF808300522ADF800200022CB
:100980008DF804200288ADF80620684604F0E4FFE4
:1009900013B05DF804FB412A0AD01B040AD590F875
:1009A000E230032B0CBF16230823E3E73D23E1E7E6
:1009B0001623DFE73E23DDE730B5114991F9042026
:1009C000824209D091F90230834203DB91F903306E
:1009D000834202DD9A4201D130BD0346094A0A4CE6
:1009E00010780A4DE289181A45FA80F022F03F0289
:1009F000007E1204120C0243E2810B71ECE700BF8F
:100A0000B6010020C0010020006001419C7D020170
:100A100037B50546D0F88840D0F8CC0001A908F0D9
:100A2000CFFC0198EB7D400AC4F31604A0428ABFB4
:100A3000C0F50000241A2418012B09BF084B0948EF
:100A40001868C0F30E0002BF4FF49C73B0FBF3F0C4
:100A50000130A04234BF0020012003B030BD00BFF0
:100A60006C380141FFFF3F002DE9FF41134DD1F8E4
:100A70000080AF88ADF80C7006462868029002AC82
:100A8000A8798DF80E00002A18BF1446D1E9015745
:100A90001A461BB9204608F00BFD0246002D02DB6A
:100AA000AA4228BF2A46CDF800803B462146304660
:100AB000FBF7B4FB04B0BDE8F08100BF1AA7020148
:100AC00010B503460C46BAB990F8012172B990F8F6
:100AD000FF1059B9002C14BF0122022280F8012115
:100AE000D0F86C01224618B107F008FD002010BDB7
:100AF0000146D3F86801F7E7D0F8001111F0FF11B3
:100B0000F4D1002C14BF0122022280F802212246D7
:100B1000D0F87001E8E710B5C37D04461BBBD0F8E0
:100B2000B431B0F85C101A88A0F846205A88A0F8B2
:100B300048209A88A0F84A20DA88A0F84C201A8920
:100B4000A0F84E209981598859815968C3F80E1030
:100B50005A8201F021FD08B9002010BD082384F855
:100B6000E2300120F9E703F0A1F9F4E7F8B5069CBB
:100B7000054624B32079E1800F0E67F3020020714F
:100B8000080C607122B1194604F1080008F0F4F86D
:100B9000032D14D8DFE805F002070B0F204605F0FF
:100BA000EFFA0020F8BD204601F0CCFFF9E720461F
:100BB00005F0FEFAF5E7204601F0E8FFF1E71F2017
:100BC000F0E7F0B50C4649682368A668E76887B087
:100BD00000290593A4BF23F00203059305AB0293FC
:100BE0000A23CDE900630546D2E900232046FCF73D
:100BF000D1FC2269059B0093013A3346121A391839
:100C00002846FBF70BFB6B68DB0503D5636898424E
:100C1000B8BF184607B0F0BD08B500210B4B1960EE
:100C20000B4B19600B4B19600B4B19600B4B197078
:100C30000B4B4FF6FF721A800A4B197020220A489C
:100C400008F052FF09F08CF808BD00BF583B0120A6
:100C50005C3B0120603B0120543B0120953C01207E
:100C60009E3C01208F3C012038380120F8B5074612
:100C70000E46154601F022FEB8B104460E4B197817
:100C8000022914D14368A3B92EB10B4B03221A7069
:100C90000A4B1F8000212A462046F8F7ECFE054645
:100CA000204607F0D4F82846F8BD0325FBE70525C4
:100CB000F9E70525F7E700BF953C01209E3C0120A0
:100CC000134B01221A801A46136913F0010FFBD14E
:100CD0000F4B4FF401421A801A46136913F4004F68
:100CE000FBD10B4B00221A621A46136913F0200F36
:100CF000FBD1074B00225A621A46136913F0400FCA
:100D0000FBD1034B4FF480725A815A60704700BF89
:100D10000000014200B583B000230193032200923A
:100D20004FF400720B490C48EBF7BCF9012800D0D6
:100D3000FEE70A4B01930123009300234FF4A062C6
:100D400007490848EBF7AEF9F9F76CFC03B05DF81A
:100D500004FB00BF109E02018979020158000020A7
:100D6000149E020155A6020130B5124C124D237992
:100D7000226885B08DF804302B68009293F8280023
:100D800009F084FC2B688DF8060053F8292FCDF864
:100D900007209B88ADF80B300DF10500B4F8053045
:100DA000ADF80D3007F0B8FD684604F06BF805B0FB
:100DB00030BD00BFC83A01209C00002070B480689C
:100DC00005886B1EB3F5FA7F1FD243885A1EB2F511
:100DD000FA7F1AD28188B1F5FA7F16D2C488B4F5A9
:100DE000FA7F12D202890A3A92B240F67646B242AD
:100DF0000BD89D4209D801FB0331B1F5FA7F04DC21
:100E0000A34202D970BC04F039B9032070BC70470A
:100E100073B54D89032D06460C461CD10B7C03F09F
:100E2000BF03122B08D14968A07B05F0CFFBB8B9EE
:100E30000025284602B070BD2A460DF10701FFF7D4
:100E4000ABFB05460028F4D122469DF8071030463A
:100E5000FCF721FEEDE709F02BFA01308542E7D0DF
:100E60008025E6E738B5134B044618680368D2B905
:100E7000A1894F2901D8302919D13BB1A589D98938
:100E80008D420DD8E1899B8999420ED2214606F008
:100E90004DF90025237C0BB1F8F706F8284638BD3C
:100EA0001A461B68E9E70022E7E70125F2E701257A
:100EB000F4E700BFA800002070B586B004AD0E4670
:100EC000ADF80E00059501F07BF90446014605A832
:100ED00009F072FABDF80E1005A809F073FA31781E
:100EE00005A809F069FA0DF10E030093019502239C
:100EF000042241F2054140F2011005F0FBFC024BD7
:100F000033F8140006B070BDD8B9010170B588B0CF
:100F100006AD0E46ADF80E00059500F09FF80446AC
:100F2000014605A809F048FABDF80E1005A809F019
:100F300049FA318805A809F045FA0DF10E0300932E
:100F400001950223052240F67B4140F2011005F095
:100F5000D1FC024B33F8140008B070BDD8B90101C0
:100F6000F0B5040B012C85B005460E4601D106F004
:100F70001DFDEFB20D4B0093C5F30325CDE90145EF
:100F80000397042301220021EE20F3F7D3FD084B41
:100F900004F18044013C1B68324653F82430394642
:100FA00028469847308005B0F0BD00BFB266020108
:100FB000F83B01204B0705D0CB1D23F00703084465
:100FC000C01A19460B4B002219605A600B18083BD7
:100FD00023F007030848C3E900225A1AC1E9003286
:100FE0000360064B1A60064B1A60064B4FF0004236
:100FF0001A607047E03A0120083C0120043C0120BF
:10100000003C0120FC3B012010B50E4C0E49002095
:1010100008F0AEFF2146012008F0AAFF0B4902208C
:1010200008F0A6FF0A49032008F0A2FF2146042089
:1010300008F09EFF074809F0D1F9074809F00AFABD
:10104000002010BDD9A600016D7D0001E5790001E9
:101050001DF7000105E700013D8402017FB506464A
:101060000D4606F077FEE0B10368B3F854312B80EB
:1010700000242B88CDE901630B4B0093022201234E
:101080005921EC20F3F756FD44B1084B009301942D
:1010900001230022FF21EC20F3F74CFD204604B091
:1010A00070BD0224E5E700BFEE5D0201E6710201BA
:1010B00070B503210546002006F095FF044600B3F5
:1010C00017230373D5F8B81195F843310A78497896
:1010D000134095F8422183730A4042730146284623
:1010E000F8F7C8F8EE7D012E0AD1D5F8B831B5F879
:1010F00060201A81617B2846FAF7C2FEA5F86000DD
:10110000012070BD30B50D2185B00546002006F0E8
:101110006AFF0446F0B10C2101A8FAF7A9FD01AB62
:1011200003CB05F58972039BC5F812015160C5F820
:101130001E31042323731368C4F80D305368C4F8B8
:101140001130D5F81E31C4F8153028462146F8F77D
:1011500091F8012005B030BD042810B505D0104B22
:101160001B6893F90430002B13DA0E4C236893F8B4
:10117000380040B9196BFDF7EFFF58B10A484168D4
:101180001C30F0F7C3FF226892F83830013382F840
:10119000383010BD2268137843F010031370F2E763
:1011A00038010020380200200402002010B5104C45
:1011B00000212246084608F04FF82246002101206F
:1011C00008F04AF84FF4197009F0F8FA094B186062
:1011D000F2F7D2F9002009F0BFF809F0C3F8064889
:1011E00009F0AEF80548BDE8104009F0A3B800BF0B
:1011F000F559020194010020E14D010141A00201D5
:1012000030B5054685B0022009F09AFA0446E0B1EF
:1012100000F110030B2103A8039309F0CDF80C4B48
:101220001B6803A8597809F0C7F80623009328889B
:1012300000232246022104F0E0FC054610B12046BE
:1012400009F0ACFA284605B030BD0225FAE700BF28
:10125000A4010020124B0246006818609088927921
:101260009A7133F8042C988042F0020223F8042C7F
:1012700053F8082C5200A3F577630ED5094AD3F82A
:10128000943F12681278C3F30263DA4012F0010F40
:1012900014BF002002200B70704702200023FAE7E1
:1012A00070330141B001002030B5D0F8DC20F2B13C
:1012B000D0F8D830DBB10E490E480C880168121BFB
:1012C00092B262F31F4101600B4942320D6892B243
:1012D00062F31F450D6002681B1B9BB263F30F0294
:1012E00002600A68FF339BB263F30F020A6030BDED
:1012F000AC010020483401415034014138B5002090
:1013000006F066FB0546012006F062FB4FF6FF7112
:101310000446002002F0C4F84FF6FF71012002F0ED
:10132000BFF84FF6FF71022002F0BAF845F4F04121
:1013300089B2002006F05EFB44F0100189B2012062
:1013400006F058FB30210220BDE8384006F052BBC1
:1013500070B5002006F03CFB0646012006F038FB85
:101360000546022006F034FB4FF6FF7104460020CC
:1013700002F096F84FF6FF71012002F091F84FF657
:10138000FF71022002F08CF83146002006F032FB9B
:101390002946012006F02EFB21460220BDE87040C0
:1013A00006F028BB70B505461E464FF086442368FC
:1013B00043F0020323604FF260031C6813460A46A1
:1013C0003146A047024660B94FF264031B682846C5
:1013D0009847024628B94FF270031B682846984781
:1013E00002464FF086410B6823F002030B60101C8D
:1013F00018BF012070BD13B50489B4F5706F21D2F8
:10140000817AC27A007B41EA0203034333F0070387
:1014100018D1ADF8004099B18DF802302AB99DF885
:10142000023043F002038DF80230ADF80600684642
:101430008DF803108DF8042003F05CFD02B010BDA0
:101440000123E9E70320F9E737B590F83830032B9B
:10145000054607D1FDF7E4F9284605F06BFF0023A8
:1014600085F83830012009F06BF9044698B100F195
:101470001003192101A8019308F09EFF2846224677
:10148000012107F08FF9054610B1204609F086F9D1
:10149000284603B030BD0225FAE72DE9F041046883
:1014A0000E46904625461DB1EA68424503D16D6956
:1014B0001CB9BDE8F0812D68F5E7237A022B0ED820
:1014C000E36843450BD36069401B08F0D9F8237AE1
:1014D000E768012B014604D01BB1022B01D0246820
:1014E000E6E7304601F096FCF860F8E7F0B585B025
:1014F000064617464FF08644236843F002032360F4
:101500006D464FF2D0031B680A46102128469847C3
:1015100006F1DC0395E8070083E807004FF24C0270
:1015200015683A4619463046A847236823F0020357
:101530002360003018BF012005B0F0BD38B5114B55
:101540001B78072B18D104460F4B188801F0B6F909
:10155000054698B143689BB90A4B08221A70002CC3
:1015600014BF002203220421FEF7D1FB04462846C3
:1015700006F06DFC204638BD0524FBE70524F9E79D
:101580000524F7E7953C01209E3C0120114A137881
:1015900043F001031370536813F0010FFBD10D4B9F
:1015A0004AF2AA02DA6108221A63002159631A6119
:1015B000094A1021118191821184032191851A78A1
:1015C00042F002021A701A46536813F0020FFBD160
:1015D000704700BF000800404037012038B506F0D2
:1015E0002DFE0D4B1B6813B108F0EEF838BD0B4D06
:1015F000284607F0A0FF0A4C204607F09CFF094B45
:101600001D60094B1C6000220C210A2000F0B6FA74
:10161000014B1860E8E700BFD43B0120D839012016
:10162000EC390120C83B0120CC3B012008B5C37830
:101630001BB1012B0AD0002008BD08F0D9F800200A
:101640000B4B18700B4904F093FCF4E7084B1B7824
:101650003BB1074B01221A700749002004F088FCB7
:10166000E9E7034BDA789978587802F0BFFAF0E7A7
:10167000E84201207C8202018C82020170B5124E88
:1016800005460024336803EB8403D3F89C310BB187
:10169000284698470134032CF4D12B78182B12D804
:1016A0004FF4807009F08AF8044660B129464FF47F
:1016B000807207F061FB22464FF480710120BDE883
:1016C000704006F04FB970BD9C000020F0B587B0A7
:1016D00003AD06460F460495FDF7DAFC04460146C5
:1016E00004A8ADF814608DF8167008F065FE314658
:1016F00004A808F067FE05AB0093019504230322BC
:1017000042F2210140F2011005F0F4F8024B33F8E7
:10171000140007B0F0BD00BFD8B90101F0B587B023
:1017200003AD06460F460495FDF7E4FC044601466A
:1017300004A808F041FE314604A808F043FE05ABBA
:10174000009301950423032240F67C4140F20110EE
:10175000ADF81460ADF8167005F0CCF8024B33F814
:10176000140007B0F0BD00BFD8B9010100B5104AA0
:101770008BB01068516805AB03C39068D16803C390
:10178000117C1970D2F8113001930A4B0A4A18687B
:1017900002909B88CDF80E0001A905A8ADF80C3089
:1017A000ADF81230F4F7E2FC0BB05DF804FB00BFBB
:1017B000AC960201D1000020B000002010B5124B01
:1017C0001A7B80F847209A7B80F82120FF2280F83E
:1017D00025201A46597B52F8114F01769288A0F8BD
:1017E0001F20B3F80F20C0F81B40A0F8192093F871
:1017F000E53180F8943021B1002B0CBF1E20002071
:1018000010BD1E20FCE700BFBC3C012038B5114CC8
:101810000546E07D48B1F4F743FCC5F8AC0020B1C3
:10182000E27D04F1180107F0A7FAE37DA5F8B030D6
:1018300094F8FE0048B1F4F733FCC5F8BC0020B1C1
:1018400094F8FE20044907F097FA94F8FE30A5F8C2
:10185000C03038BDBC3C0120BB3D012030B585B057
:10186000104B0093CDE901010123022205460C46ED
:10187000EC201121F3F75EF908F0A2FB0A4B38B116
:1018800018682946043008F0AFFD30B9422007E05F
:101890001868F021043008F0A7FD80F8FE40002011
:1018A00005B030BD40650201EC00002038B590F86D
:1018B000E230112B05460C4601D0032B02D1D5F89E
:1018C000B40130B995F8E430112B0FD1D5F8B80137
:1018D00058B1637803736388C381A3880382E38864
:1018E0004382238983826389C38238BD002BFCD164
:1018F0003020F4F7D5FBC5F8B801E9E738B5124C4C
:10190000002023687BB11A6872B9C4E900241A7AEE
:101910005207A3F104050FD422681A6042B9626825
:101920005A601360636038BD54601A682260EEE745
:101930005C6023605360F6E7284604F041F82846CF
:1019400008F03EFF0120DCE78401002010B5F1F72C
:101950006FFA0446B0B902F0D3FF0B4A1378990727
:101960000AD443F0020313700849094B094A0A4894
:1019700007F0A2FC07F018FD04F0F2F8044608B9DD
:1019800007F0CAFC204610BDB53C0120E5990201D4
:101990005DE201013D490201618C020170B5436FB6
:1019A00088B004460E464BB103AD4AB1CDE9030100
:1019B0002B46082206210220FDF76EF908B070BD03
:1019C0004FF4001190F8500005F078FC236F8DF86B
:1019D0001460CDE9033408AB13E903008DE803007C
:1019E000022095E80E00646FA047E7E710B50446B3
:1019F000242008F0E3FE0146E0B102460A2302F883
:101A0000143B0D4B1B68986850F8403F4B6143688E
:101A1000536083689360C368D36023684B606368D6
:101A20008B60A368CB60E3680B612420BDE81040A5
:101A300008F0D0BD10BD00BFA4010020F8B5104CC7
:101A4000104E2368104F3360002533686A00D3407E
:101A500003F00303012B0CD12246062303FB05737D
:101A600052F8051F196092889A802179E8B2FBF735
:101A700065FC0135082D04F10904E6D1F8BD00BF6D
:101A80004C410120583C012000330141F8B5104C75
:101A9000104D114F002226462B685100CB4003F019
:101AA0000303012B0CD1062303FB0273D0B2196888
:101AB000C4F805109B88A4F80930211DFBF7B6FC7B
:101AC0000132082A04F10904E6D12B683360F8BD1D
:101AD0004C410120583C012000330141F0B587B052
:101AE0000F4602AC014601A81D461646019408F0B7
:101AF0006FFC394601A808F06BFC314601A808F0DC
:101B000067FC294601A808F063FC6B0442BF064B42
:101B100001221A704FF48031234610220020FDF775
:101B2000BBF807B0F0BD00BFB83C012084B01FB5C2
:101B3000022807AC84E80E000DD0032812D028B983
:101B40000B9B009394E80F00F2F726FE04B0BDE86B
:101B5000104004B070470B9B009394E80F00F6F719
:101B6000A3F9F3E7079B0393042203AB0249012087
:101B7000FDF792F8EAE700BF0307010170B5E8B18D
:101B80000546A0FB0132E2B901FB00F010F14D0F58
:101B900019D80C464C30EFF723FB064678B114B148
:101BA00000F14C0300E003463360F5633464012127
:101BB0003046F8F77FFD0023B36400E0002630468E
:101BC00070BD0026FBE70026F9E770B504460D4618
:101BD000164606F033FB94F844305BB2B3F1FF3F96
:101BE00004BF002384F8443094F845305BB2B3F16D
:101BF000FF3F04BF002384F8453007F0E5FDA36BE9
:101C00001BB12046F8F7DEFF70BD3246294604F1CD
:101C1000240002F095FCF4E700F5997200F5857157
:101C200010B5044600F59170F4F7A0FA04F1F5023E
:101C30000023C4F8F530137104F1FA02C4F8FA3045
:101C40001371E17D41B903F07F0284F8FE2063F057
:101C50007F0384F8F93010BD63F07F0284F8FE2022
:101C600003F07F03F5E7434F4E4E3A4C6C63702010
:101C70004C6F63616C2046696E6973682C50726F9B
:101C80006365647572653D3078257800434F4E4E2C
:101C90003A4C6C63702052656D6F74652046696EB6
:101CA0006973682C50726F6365647572653D307836
:031CB00025780094
:101CB40010B504460378013B032B06D8DFE803F094
:101CC4000212161A406808F092FC204607F010FC35
:101CD4002046E4F76BFA2046E1F7F6FD606808F069
:101CE400ABFC10BD4068E4F7A0FEEEE7406805F0E9
:101CF400C9FCEAE7406807F02FFFE6E770B584B057
:101D040006464FF08644236843F0020323606D4681
:101D14004FF2D0031B680A4610212846984706F163
:101D2400DC0395E8070083E807004FF240021268DD
:101D3400194630469047236823F00203236000309D
:101D440018BF012004B070BDC37903B9704710B542
:101D5400C0B004461B228DF8FC20A722ADF8042055
:101D64000522ADF8062000228DF8082014228DF8F3
:101D740009208288110A8DF80A108DF80B208DF83D
:101D84000C3001A9408806F00BFE08B90023E3716A
:101D940040B010BD08B5104B5B8B13F0070300D1A6
:101DA40008BD0E4AD3870C4B80221A7607225A8329
:101DB4001B7E13F0040F05D0074B9A6A1A7E12F0AB
:101DC400040FFAD1054B1B6A002BE9D0034B596A67
:101DD4001B6A02209847E3E7000C0040CC36012040
:101DE40010B50F4B1A6842F47F021A601A6842F069
:101DF4007F421A600024043B1C6000F0A5FD094BDF
:101E04001C6007F0D5FC084A136843F04043136094
:101E140005F0C2F8F7F78CF906F0FEF9204610BD7C
:101E240020ED00E09C41012034EF00E0F8B50F4BB9
:101E34001B68D3B10E4F0F4E0C4D06F0FDF9FB6835
:101E4400DC68201D06F012F83368013B33602B6810
:101E5400013B2B6007F0B6FC206BF7F7E9FB20464B
:101E6400F7F7E6FB2B68002BE7D1F8BD9C3B01207C
:101E7400C4390120983B012070B5104C104E4FF02E
:101E8400805505E008F0E0FB02F01CFB04280AD8AA
:101E9400FFF7CCFF2368012BF4D93560BFF34F8FD4
:101EA400BFF36F8FEEE707F0B9FF02F00BFB0428D6
:101EB40001D9F0F7D9FAEDF753F9E9E7C83501206C
:101EC40004ED00E0424C452053656E736F7220416F
:101ED40070706C69636174696F6E3A2056657273D1
:101EE400696F6E2000000000312E302E302E30003D
:101EF4000A0D5B424C457D204164766572746973BA
:101F0400656D656E7420537461727465640A0D00A6
:101F140010B584682078831E012B1AD9012806D1B4
:101F240094F90630002B13DA601C03F035F80A4BE1
:101F340021681A68C2F8211002F12103A2889A804C
:101F4400A2799A71214611F8010B06F0C3FD002015
:101F540010BD0120FCE700BF9C00002010B5FCF779
:101F6400B1F9A8B102F040F80A490446042007F088
:101F740035F90949002008F0B9FA084B084A1B68EA
:101F84005A60084B1B684FF0F7121A61204610BDC7
:101F94000424FBE7719A02016C460201A8010020A7
:101FA40025C40101A8000020012837B50C4614D926
:101FB400013801AA694680B204F050F870B1009D5E
:101FC4000B492868022206F0C7FE70B96B68122C10
:101FD4001B7805D113F0080F00D1032003B030BDE6
:101FE400522CFBD113F0040FF6E70020F6E700BFF4
:101FF4000AA6020170B586B003AD06468DF812102C
:102004000595ADF81000F9F7B5FE0446014605A89C
:1020140008F0D0F9314605A808F0D2F904AB0093D2
:1020240001950423032242F2790140F2011004F0E5
:102034005FFC024B33F8140006B070BDD8B901013F
:1020440030B587B004ADADF80E000595FDF720FC62
:102054000446014605A808F0ADF9BDF80E1005A820
:1020640008F0AEF90DF10E0300930195022303224B
:1020740042F21B0140F2011004F03AFC024B33F827
:10208400140007B030BD00BFD8B90101F0B585B068
:1020940002AD0E460746039504F0E8F804460146EF
:1020A40003A808F087F9397803A808F083F9317890
:1020B40003A808F07FF9002300930195032242F25C
:1020C4004B0140F2011004F013FC024B33F81400EE
:1020D40005B0F0BDD8B9010110B5104B1A688242A1
:1020E40019D35C681919884201BF41681846091957
:1020F400596041684418A24208D1094C2468A2429C
:1021040004D052680A4442601A6812680260984215
:1021140018BF186010BD1346E0E700BFE03A012085
:10212400083C012010B5046894F8F8300BB900207D
:102134001AE0002384F801310C4B1B685B687BB9FF
:1021440094F847102046FAF7A5FCD4F8680106F085
:1021540093FDD4F86C010028E9D006F08DFDE6E784
:10216400204698470028EBD010BD00BF343C012026
:1021740000B590F8E230082B93B001D0032B02D1C4
:10218400D0F8B4310BB9D0F8B8318DF8041041F25D
:102194002302ADF800200288ADF806205A89ADF874
:1021A40008206846D3F80E205B8ACDF80A20ADF8E3
:1021B4000E3003F0CFFB13B05DF804FB13B50C46EF
:1021C40005F0C6FDC8B1036893F92C3023700024D0
:1021D4000B4B0093022201233D21EC20F2F7A8FCD3
:1021E40044B1084B0093019401230022FD21EC200B
:1021F400F2F79EFC204602B010BD0224E8E700BFBF
:1022040030A002016C81020170B50468E6680546DD
:102214002046FEF7A3FB16B1304606F08DFE0021E2
:10222400204605F0BCF90121204605F0B8F918B1A3
:1022340081B2204605F0C6F90420FDF789FB284643
:10224400F7F7CAFB208802F0BFFF2846BDE87040BC
:1022540000F002BE30B5114C2368D3F8083289B0BF
:102264000546CBB15A6FBAB193F850004FF4001140
:1022740005F022F823688DF81450D3F80842236F30
:10228400CDE9033408AB13E903008DE8030003AB85
:102294000ECB646F0220A04709B030BD940100202A
:1022A40070B5114B196805460022540021FA04F652
:1022B400B607D0B213D1FF2D02BF9A7842F00102C3
:1022C4009A704FF0030202FA04F51A680CBF032156
:1022D400012122EA0502A1400A431A6070BD0132BD
:1022E400082AE2D11046F9E7583C012010B527220C
:1022F4000C4601460D4806F03DFD0D4BD3F8682F02
:1023040064F31242C3F8682FD3F8682F42F48012A2
:10231400C3F8682FD3F8682FD202FBD4054A0123EF
:102324001178A3401943C9B2117010BD7033014133
:102334000024014168330141114BD3F8682F60F345
:102344001242C3F8682FD3F8702FC2F307220A7021
:10235400D3F8702FC2F307424A70D3F8702FC2F338
:1023640007628A70D3F8742FCA70D3F8742FC2F33B
:1023740007220A71D3F8743FC3F307434B717047C4
:102384000024014108B50F4BD3F8682F42F4001222
:10239400C3F8682FD3F8682F9202FBD40A4A0B497A
:1023A400002313700A68012013700A681A44013369
:1023B400082BD070F9D1F4F7C7FA0B6800229A7091
:1023C40008BD00BF0024014168330141B001002071
:1023D40008B561B90E4B1A6802F01F02102A4FF0BB
:1023E400010313D80B4903FA02F2114071B10A2117
:1023F400407E03F065FB084B1A6842F010021A6035
:102404001A6842F002021A60002008BD1846FCE770
:10241400583801414CE00100203A0141104B1A6840
:10242400100241BF0F490A8842F008020A801A6864
:10243400510241BF0B490A8842F004020A801A681B
:10244400920241BF07490A8842F002020A801B68CF
:10245400DB0241BF034A138843F001031380704732
:102464000C3A0141303A014101F000428B1AA3F1C8
:102474006051B1F5801F0ADBB1F17F6F09D242EAE6
:10248400C102C10071F1004142EB50707047104627
:10249400704701285B4113F5001F02D842F0FF404A
:1024A4007047C90041EA5070104340F4800040F086
:1024B40080407047474154543A457674207263769D
:1024C4002C6E6F206672656520636F6E6E004741E7
:1024D40054543A457674207263762C6E6F2061767C
:1024E40061696C20636F6E6E2C68646C3D30782576
:0F24F4003034782C6576743D307825303278009E
:1025040037B5828A05462AB100F11601F8F744FD71
:102514000023AB82012008F011F9044698B100F1C0
:102524001003132101A8019307F044FF2846224613
:10253400012106F035F9054610B1204608F02CF9C2
:10254400284603B030BD0225FAE74144563A74796F
:1025540070653D307825782C73657449643D307816
:102564002578004144563A43523D3078257800415D
:1025740044563A4C696E6B20657869737421004146
:1025840044563A4C696E6B73207265616368206DC2
:102594006178210010B50B210446002005F021FDCF
:1025A400E0B1D4E96D2394F8E410082918BF134668
:1025B400272202735A89A0F80D209A89A0F80F20C7
:1025C400DA89A0F811201A8AA0F813205B8AA0F8EF
:1025D400153001462046F6F74BFE012010BD38B5F4
:1025E40090F8E230082B05460C4601D0032B02D1AB
:1025F400D5F8B40140B995F8E430A3B91420F3F741
:102604004DFDC5F8B80170B1B4F801304381B4F898
:1026140003308381B4F80530C381B4F807300382F2
:10262400B4F80930438238BD7FB5054602200E4612
:1026340008F084F80446D0B100F110030E2103A879
:10264400039307F0B7FE314603A807F0B3FE062351
:102654000093288800232246022103F0CCFA054681
:1026640010B1204608F098F8284604B070BD022541
:10267400FAE7F8B5064608460F46144608F0BAF8D5
:102684000546384608F063F8021992B20523002083
:1026940040F2E1418A4206D9A2F2E242013592B205
:1026A40025F070450130013BF4D13378B56023F057
:1026B4000C0343F00C03B2803370F8BDC1F30A532A
:1026C40040F21E42D21A0EDD202A0AD8CB0243EA77
:1026D400505040F00040D04090EAE170B0EBE1701F
:1026E4007047002070474B00004218BF43F00103BD
:1026F40013F5001F88BF21F0004111F0004058BFBE
:102704006FF000407047FEE710B582B00446002029
:1027140003F0B4FB0D4B00221A700CB902B010BDCB
:10272400204602F03DFB0028F8D01023ADF800301D
:10273400ADF802300023ADF804304823ADF806307C
:1027440069462046FBF760FEE8E700BF8F2E0120B4
:1027540000B5C3B007F051FA0378032B06D8DFE8BD
:1027640003F0020D111507238DF80430002201A98E
:10277400084806F0EBFF43B05DF804FB08238DF82E
:102784000430F3E705238DF80430EFE704238DF8D4
:102794000430EBE768000020F8B50746408800F0F5
:1027A4001FF840B1837F3B710B4B1B7893B100241E
:1027B4000A4E094D06E00823F5E701342A78E3B20E
:1027C4009A4207D9E3B256F82330002BF5D03846A5
:1027D4009847F2E7F8BD00BF000000200400002085
:1027E400104B19680A1F1C3113E08A420AD052F8B0
:1027F400043F002BF9D0DC78012CF6D11C888442EC
:10280400F3D100E0002318465DF8044B70478A4278
:1028140005D052F8043F002BF9D010B4EBE70023A5
:1028240018467047203B012070B50C180E4B1B68EE
:102834009C4214D816460C460546B1F5806F10D854
:1028440007F0D4FA0028FBD1084B1A682A44214621
:10285400304607F0BBFA80F00100C0B270BD03201F
:10286400FCE70320FAE700BF303B0120383B01209E
:1028740010B50E4B19680E4B186801F035F990B17C
:1028840007F0B4FA0028FBD107F0A8FA08B1012038
:102894000AE0074C206807F0CFFE00202060054BBB
:1028A40001221A7000E0012010BD00BF383B012056
:1028B400403B01208E3C012010490A1F1C3113E0CB
:1028C4008A420AD052F8043F002BF9D09C78012C9C
:1028D400F6D11C888442F3D100E0002318465DF849
:1028E400044B70478A4205D052F8043F002BF9D0BC
:1028F40010B4EBE700231846704700BF38380120B6
:1029040010490A1F1C3113E08A420AD052F8043FCE
:10291400002BF9D05C78012CF6D15C888442F3D189
:1029240000E0002318465DF8044B70478A4205D046
:1029340052F8043F002BF9D010B4EBE700231846FB
:10294400704700BF583801200A4B4FF4FA321A601E
:10295400094B83221A60094B5E221A60084B00223D
:102964001A6008490A60084A0849116007221A6077
:10297400704700BF703B0120743B01206C3B012079
:1029840010E000E018E000E014E000E0FFF30100D4
:102994000C4B1B687BB90C4B1B6873B90B4B1B6846
:1029A4006BB90B4B1B68013B0A4A1068984214BF71
:1029B400012002207047002070470020704700204B
:1029C400704700BF9C390120C43B0120B83B012063
:1029D400983B0120B039012008B541600061914263
:1029E4000CD8D21A83699A4201D3012008BD011D73
:1029F400094B186802F042FE0020F7E79A4201D220
:102A0400994206D2011D054B186802F037FE0020DA
:102A1400ECE70120EAE700BFCC3B0120C83B0120E2
:102A240010B582B00F4C1F220021601C07F05AF829
:102A3400E11C0DF1070006F024FA9DF8073001337C
:102A440063700923A37000232146CA1852782AB15F
:102A540001321344DBB21E2BF7D91F23014A137032
:102A640002B010BD983801206DA60201F9D601010B
:102A74008D780201EDDB010169780201F71302018F
:102A840079950201937E02012D98020119980201A1
:102A94006395020169A20201716502018D70020150
:102AA400E57402010933020145780201FDB3010115
:102AB40038B50C4603F06AFC0546B8B1A3780B2B75
:102AC4000ED1C27C12F00A0F12D02146284631F8EA
:102AD400032BFDF7D3F911280CD000B9E87438BDE5
:102AE4000D2B05D1C27C12F00C0FEDE70320F6E7A5
:102AF4000120F4E70220F2E77FB50D4614460646AE
:102B040003F090FF0DF10B03019303AB8DF80B0061
:102B140000930122032342F2310140F201108DF8A7
:102B24000C608DF80D508DF80E4003F0E1FE9DF819
:102B34000B20024B33F8120004B070BDD8B9010168
:102B440070B50379044603F0070505F0D1FF0023AF
:102B540023600A4B03EBC5035A6814605C6004F0FD
:102B64006BFF074B1B682BB1064A5B691068BDE815
:102B740070401847BDE8704007F011BDDC0000202C
:102B8400C4000020C000002070B50379044603F09F
:102B9400070505F0ADFF002323600A4B03EBC503D3
:102BA4005A6814605C6004F047FF074B1B682BB144
:102BB400064A1B691068BDE870401847BDE87040BC
:102BC40007F0EDBCDC000020C4000020C0000020A1
:102BD40070B50E4D0E4EAB6803B970BD05F088FF9D
:102BE400AC682368AB600BB90A4BEB6004F024FFBC
:102BF4006379204656F82330984794F90430002B23
:102C0400E9DB204602F0F0FDE4E700BFDC00002031
:102C1400D8380120E400002070B5044690F8ED0097
:102C240010F004000E46154610D00321002005F0D4
:102C3400D8F9014608B9002070BD11230373467307
:102C440085732046F6F714FB0120F5E7022105F011
:102C5400C8F901460028EED00D2303734573F0E74D
:102C640038B503210546002005F0BBF9D8B1162379
:102C7400037395F84231437395F8433183730146E6
:102C84002846F6F7F5FAEC7D012C0BD1D5F8B431D2
:102C9400B5F860201A8195F842112846F9F7EEF844
:102CA400A5F86000012038BD30B5CC89B4F5FA7FB1
:102CB4001CD24B895A1EB2F5FA7F17D20A8AB2F592
:102CC400FA7F13D2934211D9498AA1F10A0292B22E
:102CD40040F67645AA4209D8428F534304FB033396
:102CE400B3EB810FB4BF0120002030BD0020FCE70E
:102CF40013B50F4B1B680446BBB11A7860F3C302CB
:102D04001A7070B9FF20FCF723FE0A4B0093EC20E5
:102D14000194012302223D21F1F70AFF002002B0B1
:102D240010BDFF20FEF716FAEFE70C20F7E700BF0F
:102D3400380200208E9C0201F8B5144606460F4F57
:102D4400084606F0F3FA7B68621E024493423FBFD2
:102D54001B1A01339BB2E41A3ABFA5B21C460025E4
:102D640001462246304606F005F835B12A46396850
:102D74003019BDE8F84005F0FDBFF8BD3C01002066
:102D840070B58EB0044608AD18220021284606F01E
:102D9400A9FE94F850004FF4800104F08DFA236FDB
:102DA4000595CDE9033406AB93E803008DE80300F1
:102DB40003AB0ECB666F0120B047012229462046A3
:102DC400E9F7E2FE0EB070BD70B54378C56DC1661B
:102DD4006FF382034370002383660C4B1B68164613
:102DE400012283F840220446EAF7EAFF20B9637817
:102DF400E56543F00403637000252046C4E91A65C1
:102E04002946F8F7E1F9284670BD00BF9401002077
:102E140030B5C0F30802C1F308041319490AB3F525
:102E24009C7F01EB50210B4D0ADD6FF49C73E0187D
:102E34004B1C1044AB4280B209D840EA432030BD59
:102E4400A94298B20B46F8D9A1F50003F5E74B1B4C
:102E5400F3E700BFFFFF7F0070B5104E34680546EE
:102E64004CB9CDB12868B8B107F0A8FC2846BDE834
:102E7400704007F0A3BCA368AB4209D1D4E9002396
:102E840042B15360D4E9002320461A6007F096FC4F
:102E94002468E5E77360F5E770BD00BF9C0100207E
:102EA40010B50446082007F087FC0146C8B1032387
:102EB4000370238883800B4B1A681378022B0ED17E
:102EC400E36D93F8E63013F0100302D05378C3F3A4
:102ED40000138B710820BDE8104007F079BB002374
:102EE400F7E710BDA401002010B50D4C2C220021E1
:102EF400204606F0F7FD0B4A0121002006F0AAF94E
:102F040000213022084806F0EDFD084BE36107F08C
:102F1400FDF9002100B2BDE8104002F0E1B900BFA4
:102F2400A0370120AD7302017037012071CF010178
:102F340084B013B5012805AC84E80E000ED030B17E
:102F4400022812D002B0BDE8104004B07047099BBB
:102F5400009394E80F00ECF7B7FEF3E7099B0093A6
:102F640094E80F0003F05AFAECE7099B009394E805
:102F74000F00F8F7FBF9E5E737B50468A36F002BFA
:102F8400054610DA5B000ED500F0CCFAA36F23F0EF
:102F94000043A36704F0F0F801AB0422074901954C
:102FA4000120FBF777FE00F0BDFAA36F23F0804306
:102FB400A36704F0E1F803B030BD00BF540401017D
:102FC40010B50446002006F0C1FF002006F0B6FF4D
:102FD400122C12D002D8112C08D010BD213C022C86
:102FE400FBD8084B4FF4A5711A6802E0054B1A6828
:102FF400D82161F30F021A60EFE7024B7C211A68B3
:10300400F7E700BF643401412DE9F04180460F46E3
:1030140015461E462820EEF7E1F80446A0B1002329
:1030240080F82430FEF7D8FAC4F80080A761E6617E
:10303400069B2362201D07F072FB2DB194F8243007
:1030440043F0040384F824302046BDE8F0810629C7
:1030540037B505460C4606D000231A461946F7F73D
:103064006FFB03B030BD043201A90DF102000192DF
:1030740006F096FA204607F09FFB01460028F0D0A0
:1030840001230370BDF8023045808380204607F099
:1030940077FAE6E737B50D46144603F005FDD0B1DF
:1030A40080F852502378C3F3000380F85630237815
:1030B4000024C3F3400380F857308DF80440012303
:1030C40080F858300388ADF8063001A806F0BEFF3A
:1030D400204603B030BD0320FBE738B5437AD90757
:1030E400054601D4002038BD827AD207FAD513F000
:1030F4000C0F10D0002444724FF4827007F05CFB74
:103104000028EFD0102202702A8882808471042162
:1031140004F022F9E6E743F0040343721220E2E7E5
:10312400544D522C5374617274206E756C6C20690A
:103134006E7075740051554555452C52656D6F760A
:103144006520656D707479206C6973740051554500
:1031540055452C52656D6F766520656C6D20696EE2
:1031640076616C6964007FB5054641200E4607F020
:10317400E5FA0446C0B10C2100F110030DEB010087
:10318400039307F017F940223146039805F0F2FD46
:1031940006230093224600234121288802F02BFDB8
:1031A40010B1204607F0F8FA04B070BD10B504461B
:1031B400C06D10215F30F8F759FDE06D10214F30DC
:1031C400F8F754FDE06D0821B230F8F74FFDE06DDB
:1031D4000221B030F8F74AFDE378E06D10212BB9F5
:1031E40000F5E070BDE81040F8F740BD00F5C07090
:1031F400F8E710B50278202A034600F10100F9D05F
:10320400A2F109010429F5D92B2A07D02D2A11D1BD
:1032140001210133013B00200A2403E00021F8E7E7
:103224006043801A13F8012F303A092AF8D901B9FA
:10323400404210BD0021EDE738B50F4B1B688BB140
:1032440000240D4D2B6853F8240000F0EDFB0134ED
:10325400082CF7D12C220021074B186806F042FCF9
:10326400012038BD2C2007F0E3F9034B1860002837
:10327400F0D10020F5E700BF203B012010B50F4B33
:103284001B688BB10D4B1C682C220021204606F0D4
:1032940029FC234604F12000002200BF43F8042B3C
:1032A4008342FBD1012010BD2C2007F0C1F9034B50
:1032B40018600028E6D10020F5E700BF283B012074
:1032C400F8B50F4D2E68002406F5087353F82470E2
:1032D4008FB9162007F070FA883446F824002B685A
:1032E40053F8240018B11622394606F0FBFB2B686C
:1032F40053F82400F8BD0134082CE7D10020F9E785
:103304009C00002037B584682588B5F5706F19D204
:10331400284602F05BFEA8B1A3788DF80230E3786A
:103324008DF8033023798DF8043063798DF80530F6
:103334006846E388ADF80050ADF8063000F06AF84E
:1033440003B030BD0320FBE7C95B0201151F020176
:103354003BA7020195A602017DA602012FA7020147
:1033640011F40101D97B010185AE01017BA50201A4
:1033740071A5020185A6020189A7020117A1020114
:10338400BD0D020175A2020129A7020130B585B065
:103394000C460546FDF7DAF90DF10B03019303AB77
:1033A4008DF80B0000930122042340F2064140F201
:1033B4000110ADF80C508DF80E4003F099FA9DF809
:1033C4000B20024B33F8120005B030BDD8B901010F
:1033D40030B585B00C460546F0F73AFD0DF10B0308
:1033E400019303AB8DF80B0000930122042342F2F6
:1033F400770140F20110ADF80C508DF80E4003F047
:1034040077FA9DF80B20024B33F8120005B030BD5B
:10341400D8B90101F0B585B002AE05460788039618
:10342400EDF776FF0446014603A806F0C3FF3946CC
:1034340003A806F0C5FFCDE900560823032242F293
:10344400780140F2011003F053FA024B33F81400F0
:1034540005B0F0BDD8B901011FB50146044604F119
:103464001703E21D11F8010BEFF7D0FB0DF10F0369
:103474008DF80F00CDE900430122272342F22701F2
:1034840040F2011003F034FA9DF80F20024B33F898
:10349400120004B010BD00BFD8B9010130B90A4B05
:1034A4001A681980094909681A807047012804D1EB
:1034B400074B1A6819800749F5E70228F5D1064B2E
:1034C4001A6819800549EEE7303F0141403F014148
:1034D400343F0141443F0141383F0141483F0141EC
:1034E40038B50D4D01222A700C4A1468230608D5FC
:1034F40006F03CFF08B101F0A7F9ECF701FE24F057
:10350400800424B1064B1B680BB12046984705F094
:10351400ADFE00232B7038BDAB3C0120103F0141B0
:103524002C3C01200E4B1A78B2B90E4A4FF480514C
:10353400C2F88410BFF34F8FBFF36F8F4900C2F8F6
:103544008410BFF34F8FBFF36F8F0903C2F8841049
:10355400BFF34F8FBFF36F8F1A7801321A70704721
:10356400AA3C012000E100E010B50421044600203B
:1035740004F037FDC8B1062384F8E2302323037333
:10358400D4F8443133F8172FA0F80D209B78C37377
:10359400D4F844311A7E197CD20962F345111974A6
:1035A40001462046F5F764FE012010BD10B504461F
:1035B40078B10D490D4A0B681807FCD11368DB0676
:1035C400F9D1FFF7AFFF0120FCF741FB05F09EFAAC
:1035D40006E0FFF7A7FF04F041FA2046FCF737FBAB
:1035E400BDE8104003F0C8BD5C38014158380141C2
:1035F40038B5C36D5A78022A044618D193F8E430DA
:10360400022B14D10A4B1B681B78022B0FD0082005
:103614000D7807F0D1F8014648B1092303702388D7
:1036240083808571BDE83840082006F0D1BF38BDDD
:10363400A401002010B4C36D0E4A93F8E730102B98
:103644000C4603D111688978102910D0126890783B
:10365400834289BFC0F11002E018001900219CBF09
:10366400C3F1100200215DF8044B06F03BBA5DF88B
:10367400044B7047A401002070B50546C06D18B115
:1036840007F09CF80023EB650B4E3268002402F12E
:103694002C0300BF53F82420AA4208D1284607F07F
:1036A4008DF8336803EB84040023E36270BD0134B6
:1036B400082CEFD1FAE700BFA401002038B501209F
:1036C40003F008FA044678B10B4806F0C7FC054637
:1036D40058B9022384F85330084C20681030F0F7AE
:1036E400FDFE236883F8285038BD20460821BDE834
:1036F4003840F7F78DB900BF05370201A401002057
:1037040070B50646022003F0E5F9044690B100F1D5
:10371400120540223146284605F02CFBA378092BDC
:1037240009D12046FCF7C2FA29462046FFF71BFDC3
:103734000A23A37070BD0B2BFCD12046BDE870405A
:10374400F0F71CB810B50378022B04461BD180781F
:1037540004F0F2FDA08806F0A3FDA3792BB1E38960
:10376400A28961892089F0F7F9FA06F0D5FD0D28C0
:1037740009D9237C0BB1F2F757FF637C1BB1BDE879
:103784001040F7F74FBC10BD38B505464FF48270B2
:1037940007F012F80446C0B1E87A800007F00CF88C
:1037A400606090B1122323702B882381EA7AA2727D
:1037B400E968920005F0DEFA2046042103F0CCFD0E
:1037C4006068BDE8384006F0F9BF38BD0E4B0246CC
:1037D40000681860908892799A7133F8042C988064
:1037E40042F0020223F8042CA3F57763D3F8683F70
:1037F4005B0041BF054B186808609B8846BF8B80FF
:1038040000201F20704700BF7033014198330141ED
:103814002DE9F0410E4E002400F117074FF0270860
:1038240035682B78E340DB070AD508FB04501022E7
:103834003946223005F090FA003018BF0120A870F4
:1038440033689B7813B90134082CE9D1BDE8F081C1
:10385400B0010020F0B587B00F4602AC014601A8C4
:1038640016461D46019406F0B1FD394601A806F03E
:10387400ADFD314601A806F0A9FD294601A806F0D0
:10388400A5FD2346102203490020FBF703FA07B0E5
:10389400F0BD00BF000701000E4B0F4A1968126803
:1038A4000878C2F3403262F3861008701A681178FF
:1038B4006FF30101117019680A7842F008020A7066
:1038C4001A682021D1701A68D17841F66A034B43F3
:1038D400136370473802002038380141122811D090
:1038E40004D811284FF0010005D070472138022870
:1038F4000ED901207047094B1A8860F383021A809D
:1039040000207047054B1A88022161F38302F6E711
:10391400024A138843F00C031380F1E7C0340141D9
:1039240070B50E4B1D880E4B03F58252441B9668EE
:10393400A4B264F31F46966003F582520139D66837
:1039440003F5825364F31F46D66008441A69401B8A
:1039540080B260F31F421A6170BD00BFAC01002049
:103964000024014110B503780B2BC2B0044617D1D3
:10397400808802F02BFB40B105238DF8083002A8A3
:10398400A388ADF80A30FDF777FE002204340192D3
:1039940000940C2340F23E514FF4827002F0A8FFD1
:1039A400012042B010BD90F86C30D9070AD5826F5F
:1039B40042F080428267DA43C2F3C01262F3C71353
:1039C40080F86C3090F86C309A0741BF022202777D
:1039D40083F04002C2F380124BBF62F386130123CB
:1039E40080F86C300377704710B5054C227832B9F3
:1039F400044B13B10448AFF300800123237010BDBE
:103A0400F8380120000000000000000008B5034B56
:103A14001BB103490348AFF3008008BD0000000058
:103A2400FC38012000000000D8B138B504460D4B25
:103A34001A68136898420AD0043201231D4652F8CA
:103A4400041BA14204D00133082BF7D138BD002553
:103A5400204606F0F1FD034B1B68002243F82520A5
:103A6400F4E77047203B012008B50C4B186820B1DF
:103A740006F0E2FD094B00221A60094B186820B1D8
:103A840006F0DAFD064B00221A60064B186820B1D6
:103A940006F0D2FD034B00221A6008BD5C3B0120F6
:103AA400603B0120543B01200C4B1B78023BDBB2F2
:103AB400052B11D970B406460D46094C006871688F
:103AC400B268F3680FC4074C28686968AA68EB6891
:103AD4000FC4002070BC704705207047953C01203E
:103AE400283A0120383A012008B5024608461168F0
:103AF4000C4B19645168196591681966D168196786
:103B04001169C3F880105169C3F890109169C3F822
:103B1400A010D269C3F8B020022102F0F7F9012005
:103B240008BD00BF0006004470B505460E460D4BA7
:103B34001B68DB68DC68201D04F098F994F82430D5
:103B440013F0040F07D123F0010384F82430236A0F
:103B54002046984770BD32462946204603F0ADFC06
:103B6400F5E700BFC83B012000B583B0FDF734FD85
:103B7400094B1B686BB1094B01930323009300238A
:103B84004FF4807206490748E8F78AFA03B05DF8F3
:103B940004FB0020FAE700BFD43B0120D83B0120FE
:103BA4005CA6020175EE00010E4B1B68C3B100B5A3
:103BB40085B0019102920390052903DD002005B030
:103BC4005DF804FB04F048FB02284FF000030CBF2F
:103BD400069A1A4601A903480068ECF7DFF9EEE7F4
:103BE40000207047D43B012000B587B00B4B187000
:103BF4000B4B19700B4B1A7005AB019304AB00937C
:103C040003ABEDF751FDBDF81420BDF81010BDF85D
:103C14000C0001F0A9F807B05DF804FB6200002075
:103C24005E000020973C01207FB58DF80F00E7F778
:103C340017FC0DF1170301930DF10F038DF8170015
:103C440000930122202342F20A0140F2011002F003
:103C54004FFE9DF81720034B33F8120007B05DF8B0
:103C640004FB00BFD8B901011FB58DF80D108DF804
:103C74000C00FDF7F1FD0DF10B03019303AB8DF87F
:103C84000B0000930122022342F27C0140F2011056
:103C940002F02EFE9DF80B20024B33F8120005B003
:103CA4005DF804FBD8B901017FB502AE0546039661
:103CB400F8F76CFF0446014603A806F07BFB29884D
:103CC40003A806F07DFBCDE900560E23032242F241
:103CD400200140F2011002F00BFE024B33F81400F5
:103CE40004B070BDD8B901017FB58DF80F00FAF7A3
:103CF4007DFA0DF1170301930DF10F0300930123D6
:103D04008DF817001A4642F22D0140F2011002F01C
:103D1400EFFD9DF81720034B33F8120007B05DF850
:103D240004FB00BFD8B901017FB5ADF80E0001F066
:103D34002BFE0DF1170301930DF10E038DF81700FF
:103D440000930122022342F22E0140F2011002F0FC
:103D5400CFFD9DF81720034B33F8120007B05DF830
:103D640004FB00BFD8B901011FB58DF80D108DF803
:103D74000C00F3F7E3FF0DF10B03019303AB8DF894
:103D84000B0000930122022342F2740140F201105D
:103D940002F0AEFD9DF80B20024B33F8120005B083
:103DA4005DF804FBD8B901017FB502AD0646039561
:103DB40004F02AFF0446014603A806F0FBFA317812
:103DC40003A806F0FDFA002300930195022240F6B1
:103DD400484140F2011002F08BFD024B33F814000D
:103DE40004B070BDD8B9010138B505460C4604F0DD
:103DF400A9FEA8B10B4B18682946043006F0F2FA64
:103E040060B190F8F8305BB190F83430237050F81A
:103E1400283F136083889380002038BD4220FCE74C
:103E24000C20FAE7EC0000204144563A61646452E5
:103E340065712C6576743D25642C62573D256C753F
:103E4400287573292C696E74766C3D256C752875FC
:103E540073292C72616E6765324F66667365743DB3
:103E6400256C752875732900084A094900231360D5
:103E7400084A1360084A1360084A1360084A13602A
:103E8400084A0620136006F0BFBA00BF403C012078
:103E94001D050101443C0120383C01203C3C01202B
:103EA400F4000020F000002010B50B21044600208F
:103EB40004F097F8B8B1D4F8B431262202731A8802
:103EC400A0F80D205A88A0F80F209A88A0F8112095
:103ED400DA88A0F813201B89A0F815300146204683
:103EE400F5F7C6F9012010BDD0F8B8110A8B4B8B39
:103EF4009A4217D8063A92B240F67A40824211D8D2
:103F0400063B9BB283420DD88B8BB3F5FA7F09D263
:103F1400C88B0A3880B240F6764398428CBF0020A2
:103F240001207047002070471FB590F8E23090F8E8
:103F3400E420002914BF3021202113F0300F01D1D7
:103F440011420DD0CDE90132064B0093EC20012340
:103F54000222D421F0F7ECFD002005B05DF804FB4B
:103F64000120FAE7347C02013A2808B50FD10D4B41
:103F7400186890F82830042B09D8013380F82830C9
:103F840041F288311030BDE80840EEF7BDB8022098
:103F940002F0A0FD20B10821BDE80840F6F738BDC5
:103FA40008BD00BFA4010020E69D350E480103CCE6
:103FB400DBFDF4AC1191F4EFB9A5F9E9A7832C5E0C
:103FC4002CBE97F2D203B0208BD28915D08E1C74EC
:103FD4002430ED8FC24563765C15525ABF9A326322
:103FE4006DEB2A65499C80DC08B50A4A042101204E
:103FF40005F030F9084802F099F9084802F0AEF9E2
:10400400074805F0E7F90749042004F0B5F9002052
:1040140008BD00BFAD520201F9EC000149370201AD
:10402400F1930201B146010110B50E4A03210120AA
:1040340005F010F906F0B4FB10B90024204610BDB9
:1040440000F0E4FB0028F8D002F080F80028F4D057
:1040540000F0BEFB04460028EFD000F0F5FE06F0A9
:1040640043F9EBE7F5A602011FB50B7B0290022B87
:104074008DF80C300ED101688B6F43F480038B678D
:10408400009202AB082207490120FCF76DFD05B040
:104094005DF804FB272B01BF0168CB6F43F00203DB
:1040A400CB67EDE700060101122917D00BD81129BF
:1040B40011D00C4B1B68C3F34113012B07D1000132
:1040C40000F5197070472229F9D02329F1D1800114
:1040D40000F266307047C000E63070478000C2309E
:1040E400704700BFC034014110B5044605F086FF97
:1040F4000369FE2B81BF002363770368826894BF42
:1041040001239B18064A98BF6377126898BF4369D6
:104114009B1A044A11689BB263F30F01116010BD2E
:10412400AC0100204C34014110B50E4C3C202188D8
:1041340001F00EF96188442001F00AF9A3880022F5
:1041440003211C2003F077FAE3881022162114209F
:1041540003F071FA2389102216216420BDE810406F
:1041640003F069BA4C02002010B53C2002F03EF97D
:104174000C4C2080442002F039F900226080032195
:104184001C2004F01CFB1022A0801621142004F033
:1041940016FB1022E0801621642004F010FB20811D
:1041A40010BD00BF4C020020474154543A4461748E
:1041B40061207263762C4F703D3078253032780060
:1041C400474154543A44617461207263762C6E6F93
:1041D40020617661696C20636F6E6E2C68646C3D3F
:0741E400307825303478002B
:1041EC0037B5D0E9035401AA6946008901F032FFC2
:1041FC0088B1009B9A7B92060FD49A68218812880A
:10420C00914288BF228022885968284604F0AEFD6E
:10421C00002003B030BD0320FBE70120F9E710B507
:10422C000024C0E90040F2F727FBA8B1F023037487
:10423C0003F5E2634361072303834FF48073A0F813
:10424C002130FF2380F82530032380F84740847603
:10425C0080F89430204610BD0720FCE710B50921EA
:10426C000446002003F0B9FEB0B115230373B4F873
:10427C006430A0F80D30B4F86630A0F80F30B4F804
:10428C006030A0F81130B4F86230A0F81330014659
:10429C002046F4F7E9FF012010BD59B1437E212BD4
:1042AC0010D009D8112B13D0122B08BF012018BF26
:1042BC00FF207047837EF2E7222B0BD0232B08BF05
:1042CC000220F4E7C37E002B0CBF022003207047B2
:1042DC00002070470320704770B50468A36F43F04B
:1042EC008003A36705460E4603F0B4F990B9A36F9B
:1042FC0023F0800343F40073A3672846F5F7F4F822
:10430C002046012100F0F2FC31462846BDE8704001
:10431C00DFF7A4BD70BD4C32433A44617461207226
:10432C0063762C6F703D307825303278004C3243F8
:10433C003A44617461207263762C6E6F20617661F1
:10434C00696C20636F6E6E2C68646C3D3078253020
:10435C00347800534D503A44617461207263762C6A
:10436C006F703D30782530327800534D503A4461AF
:10437C007461207263762C6E6F20617661696C209B
:10438C00636F6E6E2C68646C3D3078253034780029
:10439C0000B583B00023019301A90068F6F7E0FC97
:1043AC0018B9002003B05DF804FB019B4BB1064B20
:1043BC004FF080521A60BFF34F8FBFF36F8F012005
:1043CC00F0E70120EEE700BF04ED00E000B583B09C
:1043DC000023019301AA0068F3F7BAF8012803D06F
:1043EC00002003B05DF804FB019B43B1054B4FF07B
:1043FC0080521A60BFF34F8FBFF36F8FF1E701202C
:10440C00EFE700BF04ED00E04FF0884308225A604C
:10441C000A4A8023136353618821516002F580722C
:10442C005360074B0722DA600E22C3F80C241122CA
:10443C00C3F888230522C3F8A0237047002A004440
:10444C000010004470B590B915460C460B4805F0A9
:10445C00A1F978B1094E56F8083B1B68294620464D
:10446C0098470446304604F0D1FD204670BD4FF00D
:10447C00FF34FAE74FF0FF34F7E700BF903A012022
:10448C0070B590B915460C460B4805F083F978B118
:10449C00094E56F8083BDB682946204698470446E7
:1044AC00304604F0B3FD204670BD4FF0FF34FAE700
:1044BC004FF0FF34F7E700BF903A0120094B1A6820
:1044CC00094B1B68D86A58B9084B1B68012B08D8D4
:1044DC00012A06D8064B1868064B1B68C01A704791
:1044EC0000207047A83B01208C3B0120C8350120DF
:1044FC00B03B0120C03B012010B504460A4B1B68A1
:10450C000A4A126803449A4204D0074B18682044A4
:10451C00186010BD03F08CFE054A1368013313605C
:10452C0005F04CF9013CF0E7C03B0120B03B012009
:10453C00B83B012070B544680C4B1D68EC611D68DC
:10454C00A6682E621D68183575601D681835A56043
:10455C001B689862036801330360002A0CBF08468D
:10456C004FF0FF301146F2F7BFFD70BD8C3B0120C0
:10457C0010B582B0022400940423094A09498A2008
:10458C0002F06AFD01224FF47A712046EFF768FBC6
:10459C0000220549032001F09DFC02B010BD00BFB4
:1045AC00D4420120D0410120A15F020108B5037A59
:1045BC00012B15D893B9FCF7D1FB70B9014601203A
:1045CC0002F03AF90220FFF72BFB30B9054B1A68C1
:1045DC00137843F001031370002008BD0320F2E7A9
:1045EC000320FAE79C00002038B50B4D0B49062040
:1045FC0005F068FC2A680A49C2F88411002400BF3F
:10460C0004F188022B68013453F8220001F066F89B
:10461C00082CF5D1002038BD9C0000206C2A02012A
:10462C007949000138B503780C2B044617D18088E2
:10463C0001F0A8FE98B1037A0025DB0745720ED570
:10464C004FF4827006F0B4F848B110220270A288C0
:10465C00828085710421BDE8384002F079BE38BDF6
:10466C0099A50201DF6B020175F7010111800101AF
:10467C00A5C40101158A0201C1890201318A020116
:10468C0089E80101ED41020199A20201000000003C
:10469C00E5E000019D640101A9B601011FB50146C9
:1046AC00044611F8010BF2F71FF80DF10F038DF80A
:1046BC000F00CDE900430122202342F2080140F211
:1046CC00011002F011F99DF80F20024B33F8120083
:1046DC0004B010BDD8B901011FB50146044611F84C
:1046EC00010BF2F765F80DF10F038DF80F00CDE912
:1046FC0000430122202342F2090140F2011002F092
:10470C00F3F89DF80F20024B33F8120004B010BDE3
:10471C00D8B901011FB50146044611F8010BF5F794
:10472C007BFD0DF10F038DF80F00CDE90043012245
:10473C00072342F2110140F2011002F0D5F89DF866
:10474C000F20024B33F8120004B010BDD8B9010190
:10475C001FB58DF80C00FEF7C7FA0DF10F0301938E
:10476C0003AB009301238DF80F001A4640F6494124
:10477C0040F2011002F0B8F89DF80F20024B33F80C
:10478C00120005B05DF804FBD8B9010130B587B053
:10479C0004AC0D46039403F0FBFD03A8002105F0C7
:1047AC0005FE294603A8062205F0E4F8019400242E
:1047BC0000942346072241F2090140F2011002F055
:1047CC0093F8204607B030BD38B50C4C236825460D
:1047DC0063B12B688C220021184605F07FF9182252
:1047EC004270074805F006FE012038BD8C2005F00C
:1047FC00DFFF20600028ECD1F7E700BFF03B012081
:10480C000D43010138B50B4C236825465BB12B6871
:10481C00094A1A602B68C3E90122DA60074AC3E926
:10482C000422012038BD182005F0C2FF20600028AA
:10483C00EDD1F7E7AC000020B1A70201B5A702014A
:10484C000B4B1A6842F480121A600A4A118E6FF3ED
:10485C00C71111861A6A02F44032B2F5003FF9D141
:10486C005A6822F400025A60034B00221A707047F7
:10487C000040014100240141A63C012038B504460A
:10488C000D460020092103F0A8FB88B1094B0573E4
:10489C001A681368C0F80D305368C0F81130037CE7
:1048AC0023F00803037401462046F4F7DDFC0120D5
:1048BC0038BD00BF3801002038B506210546002060
:1048CC0003F08BFB044690B10C23037305F020FD21
:1048DC00074B6073C4F80E3095F8F23043F00803C0
:1048EC00284685F8F2302146F4F7BEFC012038BD8D
:1048FC00CD00ED030B4B1B7813F0060311D10A4AC4
:10490C0013700A4A08214FF47060013911F0FF014D
:10491C0010809370C2F80330A2F8073002F10A023B
:10492C00F3D17047B53C0120B43C01202C3601205A
:10493C00F8B50D4D06460F4600242B88B3F5706F65
:10494C0008D0AB78B34205D10622E91C384604F0F6
:10495C00FFF938B10134E4B2082C05F10A05ECD1A9
:10496C000020F8BD0120FCE72C36012010B590F892
:10497C00F4309B0704460FD1F9F75CFB08B9002013
:10498C0010BD40F22113A4F8E23094F86D3043F0DE
:10499C00200384F86D30F3E70A2103F0D0FE0028E1
:1049AC00EDD040F22243EEE770B50446B8B10C4DA1
:1049BC002B68D3F88061FEF7B1FD66B926602B68D1
:1049CC00D3F8843163601C602B68C3F88441BDE864
:1049DC00704002F0CDBBA642F9D03668EDE770BD51
:1049EC0094010020F8B50D4D06682B8840F6FE6248
:1049FC0093429ABF01339BB200232B8040F6FE7783
:104A0C002C88204603F0A0F908B93480F8BDBC42CC
:104A1C009ABF0134A4B200242C80F1E7800100205D
:104A2C0010B5044686B0C06D0A4B019304220DEB01
:104A3C00020102ABA030E7F715FD074B0193E36DC4
:104A4C00042216330DEB020102A8E7F70BFD06B0AA
:104A5C0010BD00BF31706D747262656C0C4B10B57B
:104A6C000C46186005F04AFD002001F0A3FC012063
:104A7C0001F0A0FCE8F762F9EFF7B8FC204600F073
:104A8C000BF8044B00221A60BDE8104000F040BC4B
:104A9C00AC010020583C012010B50C4C20B900F2A0
:104AAC00731005F085FE206040F27312002120681F
:104ABC0005F014F8FDF762FC002003F049FD044AF0
:104ACC00136843F00803136010BD00BFB001002051
:104ADC00D038014110B54FF000030C4A51B192F996
:104AEC00011090F900408C4207DB017043F0020387
:104AFC00184610BD92F90210F3E792F90320944284
:104B0C00DCBF027043F00103F2E700BFB6010020E6
:104B1C0010B50A6802B910BD537FABB11169CC78DE
:104B2C0014F0010F14BF0723012314F0020F18BF58
:104B3C000633240744BF0233DBB20B4490F85240D7
:104B4C00D97864F30501D9701268E3E71FB50C4BF3
:104B5C0001930C4B04461A681B79CDF809200221ED
:104B6C000DF10E008DF80D30F7F77CF8002301A83D
:104B7C008DF80830F2F78EFC84F8520004B010BDAA
:104B8C00DF4D17C2E001002010B590F86C309B0788
:104B9C00014616D5D0F8AC309BB190F821201C8979
:104BAC0022441A8105F066FAD1F8AC3018895A897A
:104BBC00904206D1C1F8B0300846BDE8104005F06F
:104BCC00EABA10BD30B50D4A002300BF12F81340ED
:104BDC0024B902EB43035B78184630BD01680D78AD
:104BEC00A54209BF02EB430301335B78013114BFCB
:104BFC00DBB201600A2BE9D9EEE700BF9696020101
:104C0C004FF4001C1CEB410F98BF1CEB430F11D849
:104C1C0051EA030C50EA4C0C5CEA020C0CD004D2A6
:104C2C0082428B41804101307047904299418041D2
:104C3C00013070470020704701207047434D443AC3
:104C4C00536574507269766163794D6F64652C613C
:104C5C006464723D307825303278253032782530D6
:104C6C0032782530327825303278253032782C6DF8
:104C7C006F64653D256400434D443A536574547824
:104C8C00506F7765725265706F7274696E67456E9E
:104C9C0061626C652C48646C3D307825782C4C6FC7
:104CAC0063616C3D25642C52656D6F74653D2564A4
:014CBC0000F7
:104CBE0038B590F8F430DB07044615D5B0F854112A
:104CCE0042F21075694300F5BC70EDF718FAB4F8AE
:104CDE00561104F5C8706943EDF711FA94F86E3069
:104CEE006FF3410384F86E3038BD10B5044690F86A
:104CFE00B43031B123B9B0F8B8300133A0F8B830C0
:104D0E0010BD5BB90146B630F7F785FD94F8BA30A1
:104D1E0084F8B6300123A4F8B830F1E7BDE81040AE
:104D2E00F8F73FBE10B581213C2000F00CFB81212D
:104D3E00442000F008FB00231A4603211C2002F039
:104D4E0075FC032310221621142002F06FFC03239E
:104D5E00102216216420BDE8104002F067BC70B529
:104D6E0006460D4614460A4B1B7863B931460120A0
:104D7E0002F0D1F82946022002F0CDF82146042097
:104D8E0002F0C9F870BD04F088F9014B00221A70C8
:104D9E00ECE73742012010B40C4B9B8883420DD0B8
:104DAE000A4A01231C46118B814208D0013314326A
:104DBE00082BF7D100205DF8044B7047002404EB5C
:104DCE008404014800EB8400F5E7383301200346E4
:104DDE00072810D800EB80020A4901EB8202908866
:104DEE0060B103EB830311F823204FF6FF73002A03
:104DFE0008BF184670474FF6FF7070474FF6FF70AA
:104E0E007047383301200278042A14D80B4B1968E6
:104E1E000A701A6881785171417851701B68C27896
:104E2E009A710279DA71C07830B15A7842F008027C
:104E3E005A700020704703207047A401002007B568
:104E4E000A4805F040FA094B0A4A1A604FF0FF3340
:104E5E0000936846CDF803303F238DF8073005F0F8
:104E6E009EFC03B05DF804FB00BF8DA20201A400FE
:104E7E000020A1A702011FB50446EFF79EFB0DF11E
:104E8E000F038DF80F00CDE900430122202342F2DB
:104E9E00060140F2011001F026FD9DF80F20024B95
:104EAE0033F8120004B010BD00BFD8B901011FB510
:104EBE000446EDF77EFC0DF10F038DF80F00CDE9E2
:104ECE00004301220E2342F2130140F2011001F0C1
:104EDE000AFD9DF80F20024B33F8120004B010BDEE
:104EEE0000BFD8B901011FB50446E8F786FA0DF1E7
:104EFE000F038DF80F00CDE900430122082342F283
:104F0E00320140F2011001F0EEFC9DF80F20024B31
:104F1E0033F8120004B010BD00BFD8B901011FB59F
:104F2E000446F2F72AFC0DF10F038DF80F00CDE9C0
:104F3E00004301220C2342F27E0140F2011001F0E7
:104F4E00D2FC9DF80F20024B33F8120004B010BDB6
:104F5E0000BFD8B901011FB50446F7F750FE0DF199
:104F6E000F038DF80F00CDE900430122052342F215
:104F7E00140140F2011001F0B6FC9DF80F20024B17
:104F8E0033F8120004B010BD00BFD8B901011FB52F
:104F9E000446F9F7BAF80DF10F038DF80F00CDE9BD
:104FAE0000430122062342F2050140F2011001F0F6
:104FBE009AFC9DF80F20024B33F8120004B010BD7E
:104FCE0000BFD8B901011FB5FBF70BF80DF10F03A8
:104FDE00019300238DF80F000093012242F210017D
:104FEE0040F2011001F07FFC9DF80F20034B33F8C7
:104FFE00120005B05DF804FB00BFD8B901011FB562
:10500E00F9F7B9F80DF10F03019300238DF80F0096
:10501E000093012242F2290140F2011001F063FCDB
:10502E009DF80F20034B33F8120005B05DF804FB1A
:10503E0000BFD8B901011FB5F6F79FFF0DF10F03A1
:10504E00019300238DF80F000093012242F22501F7
:10505E0040F2011001F047FC9DF80F20034B33F88E
:10506E00120005B05DF804FB00BFD8B901011FB5F1
:10507E00044600F0C0F80DF10F038DF80F00CDE9D6
:10508E00004301220A2342F27D0140F2011001F099
:10509E002AFC9DF80F20024B33F8120004B010BD0D
:1050AE0000BFD8B90101094A0A4900231370094A01
:1050BE000B604B601146C2E9003241F8083FD160E7
:1050CE00064A118863F3C3011180704700BFB33CD9
:1050DE000120F03A0120583A0120203E014100B54E
:1050EE0093B041F20403ADF8003003888DF804103C
:1050FE00ADF8063059B9D0F8B4211068516802AB3A
:10510E0003C3684600F021FC13B05DF804FB0023D6
:10511E00CDE90233F5E790F8E230052B01D0032BF1
:10512E0014D1D0F8B4318BB1B1F801201A81D0F876
:10513E00B431B1F803205A81D0F8B431B1F805205A
:10514E009A80D0F8B431B1F80720DA80704713B5E1
:10515E000C46087000212046FFF7BBFC084A94F964
:10516E00003053700193064B0093022201232E212F
:10517E00EC20EFF7D8FC002002B010BD00BFB60146
:10518E000020087E020113B50C460870002120464F
:10519E00FFF79FFC084A94F9003013700193064BF9
:1051AE000093022201232F21EC20EFF7BCFC0020FC
:1051BE0002B010BD00BFB6010020C47F02010B4A31
:1051CE0030B500230A2404FB03F18D5A854208D121
:1051DE004FF470635352064A1378013B137000204C
:1051EE0030BD0133082BEED10220F9E700BF2C367B
:1051FE000120B43C012007B50B4B02881A8042886F
:10520E005A8082889A80C288DA8002891A81064B77
:10521E000093022201233C21EC20EFF784FC0020B6
:10522E0003B05DF804FB5C010020568F020110B53F
:10523E000446B0B1C08802F086FD20B9204605F0C4
:10524E00B8FA022010BD2379012262F30513002261
:10525E002371226022812146006804F0F4F9104681
:10526E00F0E70720EEE799DA0001BDBA000111540C
:10527E000101F5CE0101816A0201556E020111553F
:10528E0002012B6E0201915A0201016E020175FAA2
:10529E00010175810101F57D0101F535020110B5A0
:1052AE00047A4FF4827005F082FA20B10D2202705A
:1052BE00042102F04CF8064B04341B6853F82430DA
:1052CE002BB113211888BDE8104002F0ECBD10BDC3
:1052DE0000BFA8010020094B0A4A18800A4B18800B
:1052EE00C3B203F10B00183BD370074BC2F8053065
:1052FE0040B29070107050701071FBF756BBC00129
:10530E000020B6010020B4010020E2D8CEF608B588
:10531E00082001F066F8074B18801F2001F061F895
:10532E00064B1880512001F05CF8044B1880044B9A
:10533E00FF221A7008BDC6010020C8010020C2015C
:10534E000020C40100200C4BD3F8002C60F3174250
:10535E00C3F8002CD3F8002C61F30F02C3F8002C15
:10536E00D3F8042C42F48012C3F8042C00BFD3F8F7
:10537E00042CD202FBD4704700BF002401410C4B19
:10538E0003F5D3521520D16860F31F61D160D16847
:10539E00192003F5835360F31741D1609A680621F3
:1053AE0061F31F729A609A68022161F31B629A6020
:1053BE0070470024014103780133DBB20370ABB9AF
:1053CE0043780133DBB2437083B983780133DBB2A8
:1053DE0083705BB9C3780133DBB2C37033B9027922
:1053EE007F2A01D10371704701320271704770B587
:1053FE000B480B4D4FF6FF76016821B9436813B980
:10540E0005F02EFA70BD83684268334000F10C043B
:10541E0055F823302046984704EB8000ECE7E41162
:10542E000001D49A02014FF4001C1CEB410F98BFEF
:10543E001CEB430F11D851EA030C50EA4C0C5CEAFA
:10544E00020C0AD004D282428B4180414042704706
:10545E0090429941804140427047002070474FF47E
:10546E00001C1CEB410F98BF1CEB430F11D851EAE7
:10547E00030C50EA4C0C5CEA020C0AD004D29042A7
:10548E00994180414042704782428B418041404267
:10549E0070470020704700B593B0024641F20503F5
:1054AE00ADF800300388ADF8043052F8FF3FCDF868
:1054BE0006305368CDF80A30B0F80831ADF80E302A
:1054CE00684600F042FA13B05DF804FB10B5C27DD9
:1054DE0090F8ED3004468AB99A070BD50F21204675
:1054EE00EFF7CDFD08B9002010BD112384F8E2308E
:1054FE000120F9E70121EEF78AFEF3E79B07F2D5CB
:10550E00ECE713B590F8593004469BB1C26D01918A
:10551E00137843F002031370C06D022201A900F547
:10552E009E7004F01CFAE06D082201A900F59F7030
:10553E0004F015FA02B010BD38B504680546FDF743
:10554E00ECFFA36F23F0800343F48043A36701F0C5
:10555E000EFEA36F5A0609D4227D0AB99B0005D50B
:10556E0028460021BDE83840DEF777BC38BD10B4C0
:10557E000B4B1C680023A11C02E00133082B0AD040
:10558E0011F82320012AF8D134F823208242F4D1D5
:10559E0004EB830000E000205DF8044B7047283BCD
:1055AE00012038B570B90A4804F0F3F868B1084C18
:1055BE0054F8083B1B6998470546204603F025FD25
:1055CE00284638BD4FF0FF35FAE74FF0FF35F7E7C5
:1055DE0000BF903A012038B570B90A4804F0D9F8E6
:1055EE0068B1084C54F8083B5B699847054620465D
:1055FE0003F00BFD284638BD4FF0FF35FAE74FF0AC
:10560E00FF35F7E700BF903A012038B570B90A4868
:10561E0004F0BFF868B1084C54F8083B9B689847F3
:10562E000546204603F0F1FC284638BD4FF0FF3505
:10563E00FAE74FF0FF35F7E700BF903A012038B593
:10564E0070B90A4804F0A5F868B1084C54F8083B44
:10565E005B6898470546204603F0D7FC284638BDC0
:10566E004FF0FF35FAE74FF0FF35F7E700BF903AFE
:10567E00012030B40D68B5F1FF3F02D000F10802F1
:10568E0002E0026904E01A4653681C68AC42FAD97B
:10569E0053684B6099608A605160086103680133FA
:1056AE00036030BC704710B5C478094B5C7001794B
:1056BE0099704279DA701B78012B01D0002010BD51
:1056CE002046FEF78CFA0349002000F04AFCF5E76D
:1056DE0000BFE84201200498020138B580B10A4D9E
:1056EE002A68002402F5087300BF53F82420824272
:1056FE0007D105F05EF888342B68002243F8242089
:10570E0038BD0134082CF0D1FAE79C00002070B5AA
:10571E00C3880A4E022B054604D133681B780BB1A1
:10572E00F3F725F80024336803EB84032846D3F8F7
:10573E00FC3101349847092CF5D170BD00BF9C0097
:10574E0000200000000005190101898902016DD7B2
:10575E000101B5F601016D970101CDDC0101D38682
:10576E000201C9910201A5C30101DD6A010151E7E0
:10577E000101F18602011FB504460146E27911F8D6
:10578E00010BEFF71CFF0DF10F038DF80F00CDE9A4
:10579E0000430122082342F24E0140F2011001F0B3
:1057AE00A2F89DF80F0004B010BD98B10A4A50F847
:1057BE00043C126813420DD050F8081C51B906492A
:1057CE0023EA02030A6840F8043C134408380B60CD
:1057DE00FCF77DBC7047FC3B0120003C012038B536
:1057EE00044690B10379C3F3801503F07CF9074B9F
:1057FE001B68002203EBC503226059680C605C60D5
:10580E002271BDE8384002F012B938BD00BF103C1D
:10581E00012008B568B1084B1B68984740B1074B8B
:10582E0001221A70074B1B78002B0CBF104602206A
:10583E0008BD024B1870FBE700BF1C3C0120A73CC3
:10584E000120A63C012010B592B041F20C04ADF837
:10585E00004090F8F2408DF804306FF34104038855
:10586E0080F8F2406846ADF806308DF808108DF8D5
:10587E00092000F06AF812B010BD434D443A53654A
:10588E0074506174684C6F73735265706F72746983
:10589E006E67456E61626C652C48646C3D30782590
:1058AE003034782C456E61626C653D25640038B5E8
:1058BE000B4B1C6800250CB9284638BDA3681A7A14
:1058CE00052A09D1186890F8F230DB0604D5ECF7FA
:1058DE00CEF9002818BF05462468ECE700BF9C01EE
:1058EE00002039B1837E212B0DD005D8123B5842B2
:1058FE0058417047437EF6E7222B0AD0232B0CBF6C
:10590E00022000207047C37E002B0CBF0220032014
:10591E007047032070470D2811D9094B1B681A795F
:10592E0042F03001197107490968096B89075CBF9C
:10593E0062F04F021A715A7942F001025A717047A1
:10594E0000BF380100203001002013B503880193F9
:10595E00094B00930446012302225F21EC20EFF74E
:10596E00E2F8054B1B6823B1204602B0BDE810409B
:10597E00184702B010BD5CA10201483C012013B5CE
:10598E000A4B019004460093022201232821EC20A9
:10599E00EFF7C9F8064B1B6800219C840320F6F72D
:1059AE007AFE002002B010BD00BF369B020130010E
:1059BE000020017B427B0B0721F00801017308498F
:1059CE0044BF131DDAB2036908681B1A1344B3F5FA
:1059DE00C06F8CBFA3F2026303F1FF33CB6070473D
:1059EE0000BF3C01002008B5C38800F10801D8B201
:1059FE0013F47F4309D0B3F5807F09D0064B1968A5
:105A0E0000F05FFC81F84C0208BDEFF71AFCF5E7D9
:105A1E00F4F7B1FFF2E79401002010B5C469601AE3
:105A2E0010F4800F0FD14C4008490C420BD003EB01
:105A3E009203084040F271225043B3EB500F2CBF3B
:105A4E000120002010BD0120FCE7FFFF7F0090F831
:105A5E005230012B08BF826DC36908BF9B1A074ADB
:105A6E001168D1F8502208BFC3F3160312B9C1F85A
:105A7E00503202E09A1A5202F9D4704700BF9401D4
:105A8E00002013B590F85930044693B1C26D0191C0
:105A9E00137843F008031370C06D01A900F5AC70C4
:105AAE0004F040FBE06D062201A900F2591003F04C
:105ABE0056FF02B010BD12280B4B11D003D811287F
:105ACE0007D00A3106E021380228FAD801F5D37141
:105ADE0000E04C311A8861F30E021A8000207047E4
:105AEE003731F7E700BF6C3801410A4B1B680120C4
:105AFE0003F00F0300FA03F34EF21C021A4042B1F8
:105B0E00064B1A8842F010021A801A8802431A8035
:105B1E000020704700BF5C380141283A014130B582
:105B2E000A4A0A4B02F584541B882568C01A80B2B3
:105B3E0002F5825260F30F052560C91A136889B207
:105B4E0061F30F03136030BD00BF00240141AC01AF
:105B5E00002010B5F4F7E9F9044660B9074A137846
:105B6E00990708D443F002030548137004F0DDFCD6
:105B7E00044804F0C8FC204610BD4839012055A445
:105B8E00000183D60101C0F3C75191B142004FEA23
:105B9E0040704FEAD2014FEA310101F16051B2F18A
:105BAE007F4F38BF704701F1605118BF41F400219B
:105BBE00704710F000410020704700B593B0826826
:105BCE0002238DF804301368CDF806305368CDF8F3
:105BDE000A309368CDF80E30D368CDF8123001A894
:105BEE0001F071FE002013B05DF804FBF7B5064618
:105BFE000C461F4601A802F10C031546019304340E
:105C0E0004F0D9FBBDF8201001A804F0D4FB2B46FC
:105C1E00A2B239463046F9F7D0F903B0F0BD38B527
:105C2E00800085B202F0F3FB044600BF00BF00BF48
:105C3E000821A94200D338BD02F0E9FB844288BF97
:105C4E0001F2E241091B10FA81F189B20446F0E734
:105C5E00022806D0032807D0012810D10A32D0001E
:105C6E0070470B329000704701294FEAC2020CBFF9
:105C7E00022008202B32424302F5BC7070470020F0
:105C8E00704700B5836F93B043F40013836741F2FE
:105C9E000703ADF800300388ADF80430036ECDF87D
:105CAE000630436ECDF80A306846FFF74EFE13B04D
:105CBE005DF804FB434D443A52656D7465436F6E57
:105CCE006E506172615265714E65675265706C7986
:105CDE002C48646C3D3078253034782C72656173B5
:105CEE006F6E3D256400434D443A577269746541A9
:105CFE007574685061796C6F616454696D656F7508
:105D0E00742C48646C3D3078253034782C74696D71
:105D1E00656F75743D2564000A4652F8013FC0F860
:105D2E00FF305368C0F80331B1F80930A0F80831DC
:105D3E000A4652F80B3FC0F80A315368C0F80E31CC
:105D4E00D1F81330C0F81A317047D0F8B831818FBE
:105D5E009A8B914210D1C18FDA8B91420CD193F86C
:105D6E0020204AB9428F198B914205D8588B904208
:105D7E002CBF0020012070470120704770B50446EB
:105D8E008068002550B1028943899A4206D106687F
:105D9E00A66004F00EFD01353046F3E7A0602DB18C
:105DAE00A9B22046BDE8704001F007BC70BD4FF4AB
:105DBE00001C1CEB410F98BF1CEB430F0CD850EA94
:105DCE00410C08BF52EA430C08D0904208BF9942DA
:105DDE000CBF012000207047002070470120704743
:105DEE00434D443A52656164417574685061796CF3
:105DFE006F616454696D656F75742C48646C3D30C9
:105E0E0078253034782C74696D656F75743D256412
:105E1E0000434D443A536574446174614C656E673A
:105E2E0074682C48646C3D307825782C74784F63F8
:105E3E00746574733D25642C747854696D653D25C5
:105E4E00640030B589B00024049405940694079438
:105E5E00064B6D460FCB85E80F00294604A8FDF7CB
:105E6E001EFE024B1C7009B030BD409D02018F2EEC
:105E7E0001200A4B53F8200070B100B583B0002208
:105E8E00009213460321FDF78AFE10F1FF3018BF72
:105E9E00012003B05DF804FB0320704700BFCC3730
:105EAE00012030B40A4B1C68231F1C3401E0A342AE
:105EBE000AD053F8042F002AF9D0957F8542F6D1E7
:105ECE0013880B80002000E0012030BC7047203B7F
:105EDE00012030B400EB4004094B03EB84031B8913
:105EEE009BB2834201D030BC7047044B440025184E
:105EFE00AD005951204403EB80035A60F3E740375D
:105F0E00012038B5EFF3108572B6084C20634FF4BC
:105F1E00804363600F2262601140A160A36001F0B4
:105F2E0006FC4FF40043A36085F3108838BD0006CD
:105F3E0000444FF088430022C3F8D020084AC3F82B
:105F4E00D02002F12B42A2F54B12A2F6AB42C3F8BF
:105F5E00D02003F5206301229A671B6FFEE755667A
:105F6E0099AA90B938B5094B93F9003063B1074B34
:105F7E005D684DB10C46084603F093FA6B69024614
:105F8E00214602488068984738BD704700BF843A62
:105F9E000120094B1B7803B1704700B5C3B006232F
:105FAE008DF8043001A90548FEF70FFA034B0122C4
:105FBE001A7043B05DF804FB00BFA13C01206800DD
:105FCE00002010B50A4B1A6802F5087102F510721E
:105FDE0000BF51F8043B23B1DC7814B11C88844215
:105FEE0002D09142F5D10023184610BD00BF9C008F
:105FFE00002008B50849082003F063FFFEF7F3FA06
:10600E0040B9054B064A1B68C3F88821BDE8084015
:10601E0002F03FBD08BD74A602019C000020693944
:10602E000201202870B504460E460ED8084D286889
:10603E0020220021013003F050FD2868224631460F
:10604E00013002F092FE002070BD0320FCE79C00A0
:10605E00002010B50A4B1B681B680BB918460DE0E3
:10606E009C898442F8D8DC898442F5D313609A89DE
:10607E005B68801A03EB00100860012010BDA800B9
:10608E00002070B50A4B1B689C6805460E460CB97D
:10609E00204670BD2379AB4206D12A463146A06810
:1060AE0002F055FE0028F3D02468F0E700BFA800E8
:1060BE00002070B504464FF482700E4604F077FB54
:1060CE0070B10B2202702288828018250022C280B5
:1060DE000572C0F80A204672042101F038F9E57401
:1060EE0070BD10B50A4B1A68002302F16C01CC7812
:1060FE0034B10C88844203D11B3302EB830010BDF4
:10610E000133082B01F10401F1D10020F7E7F03B38
:10611E00012038B50A4C23680C2101FB00310546DD
:10612E00486908B104F045FB0C2005FB000320680C
:10613E001844002303604360836038BD00BFF03B0A
:10614E00012038B5094C236825463BB12B68074A18
:10615E00C3E90022C3E90222012038BD102004F059
:10616E0026FB20600028F1D1F7E7F83B0120B9A704
:10617E00020138B50379044603F0070502F0B3FCBB
:10618E0000232360064B03EBC5035A6814605C6062
:10619E0001F04DFCBDE8384003F06FB800BFDC00E5
:1061AE00002038B50379044603F0070502F09BFC86
:1061BE0000232360064B03EBC5035A6814605C6032
:1061CE0001F035FCBDE8384003F057B800BFDC00E5
:1061DE000020084B1A6842F005021A601A6852072E
:1061EE00FCD41A68D207FCD4044B1B680B80034BFB
:1061FE001B6803607047143E01410C3E0141083E8E
:10620E00014100B593B00C23ADF8003000238DF89A
:10621E0004300388D0F8E820ADF8063090F8EC3062
:10622E00029268468DF80C30FFF78FFB13B05DF8C5
:10623E0004FB90F8E23003F0EF03032B02D1D0F809
:10624E00B43133B990F8E430132B09D1D0F8B8310A
:10625E0033B14A789A708A78DA70B1F803209A804E
:10626E00704707B5094B93F90320027093F902307A
:10627E000B70064B0093022201232921EC20EEF72E
:10628E0052FC002003B05DF804FBB60100204EA1C5
:10629E000201434D443A53657452616E6441646425
:1062AE00722C616464723D3078253032782530323C
:1062BE0078253032782530327825303278253032D4
:1062CE0078000A4B1B68D3F8FC215AB9D3F80002A8
:1062DE0050B9B3F8F82142B9D3F80802B0FA80F0F9
:1062EE0040097047002070471046704700BF940168
:1062FE00002010B5FDF711F9094B1B68D3F880414A
:10630E0034B1D4E9001239B14A60D4E900231A60DD
:10631E0000F02DFF204610BDC3F88421F5E794014F
:10632E0000200A4B1B68D3F89C2142B1D3F8A02160
:10633E0022B1D3F8A42142B104207047012203EB0D
:10634E008203C3F89C01002070470222F7E79C00ED
:10635E0000200A4B1A68D2F8A83143B1D2F8AC31FA
:10636E0023B1D2F8B0313BB10420704701236A3318
:10637E0042F82300002070470223F8E700BF9C007C
:10638E00002010B50A4B1A6802F11001303251F894
:10639E00043B33B193F88D40012C02D11C8884420A
:1063AE0002D09142F3D10023184610BD00BFA801C0
:1063BE00002048B9094B1A6842F004021A601A68A4
:1063CE00D105FCD501207047054B1A8842F0040216
:1063DE001A801A68D205FCD5F4E7203A0141283A12
:1063EE0001410A4BD3F8002C60F31742C3F8002C7E
:1063FE00D3F8042C42F48022C3F8042C00BFD3F847
:10640E00042C5203FBD4D3F8280C80B2704700241E
:10641E00014184B007B50DF1100C8CE80F003A2342
:10642E008DF8043005226B4605490120F8F72DFC46
:10643E00002003B05DF804EB04B0704700BF010507
:10644E00010100B5014689B028B101280ED0002007
:10645E0009B05DF804FB03AB1422184603F03DFBB4
:10646E00079A00920FC8F1F718FDF0E7F0F7B3FFA7
:10647E00EDE784B008B50DF1080C8CE80F00036849
:10648E0093F86D2012F0100207D00020E9F7ABFA56
:10649E00BDE80840002004B07047102102F0E9FF6B
:1064AE00F6E7D0E92423B2EBD30F0ED3B2EB930F62
:1064BE000DD3B2EB530F2CBF002002209B1A032BDF
:1064CE0028BF01200630C0B270470420F6E7032033
:1064DE00F4E710B590F86C30044623F0030380F80F
:1064EE006C30FDF71AF8A36F1A0644BF23F08073C1
:1064FE00A367A36F23F04003A36700F038FE0020CC
:10650E0010BD53B94AB9002908BF00281CBF4FF06F
:10651E00FF314FF0FF3004F078B9ADF1080C6DE9A2
:10652E0004CEE3F794FBDDF804E0DDE9022304B0CA
:10653E007047434D443A5365744461746152656CBF
:10654E0061746564416464724368616E67652C684A
:10655E00646C653D25642C726561736F6E3D2564B8
:01656E00002C
:1065700070B50589B5F5706F04460ED2867A042E83
:106580000BD82846FFF724FD38B1D4E90323314660
:106590002846BDE87040F7F75DB9032070BDB0F53F
:1065A000706F2DE9F04104460D4616461F460AD28B
:1065B000FFF70EFD38B13B46324629462046BDE87E
:1065C000F041F8F76BBC0320BDE8F08110B5C0B016
:1065D000FFF72EFD044668B90A230DF103010DF102
:1065E00002008DF8003001F099FE044610B96846AB
:1065F000FBF744F8204640B010BD73B502F10C0320
:1066000006460C4601A815460193043403F0DAFE51
:1066100001A8052103F0D6FE2B46A2B20021304688
:10662000F8F7D2FC02B070BD7FB5ADF80C00ADF844
:106630000E10ADF8123001A9BDF82030ADF81020D1
:106640004FF40050ADF8143000F03EF9BDF80400EE
:1066500007B05DF804FB00B593B0D0F8B83141F253
:106660000602ADF800200288ADF8042068469A6959
:10667000DB69CDF80620CDF80A30FFF76DF913B0CD
:106680005DF804FBF0B500240746204665B2AB4236
:1066900000DCF0BD0E5D12F804C0351AA5EB0C0548
:1066A000EDB2AE4202D034BF012000203D5501348E
:1066B000ECE7484F53543A436D64207263762C479D
:1066C00072703D3078253032782C5375623D3078C9
:1066D000253032782C4F703D3078253032780043A9
:1066E0004D443A456E68616E6365645265616454F9
:1066F00078506F7765724C6576656C004552523AFA
:106700005374617475733D30782578004C4C435058
:106710003A496E7374616E74557064617465642C6B
:1067200048646C3D3078253034782C6F70436F644A
:10673000653D30782530327800534D503A47656ECC
:10674000206B65792C64686B6579206661696C00E3
:10675000534D503A47656E206B65792C65646976B8
:10676000206661696C00FEE708B5084B9A8992B211
:1067700007494A604CF2FF329A819B890B6823B12A
:106780000B46486889681B68984708BD00000142AD
:10679000783A012000030000756F020151440201A4
:1067A0004D560201195602018D440201B1550201F4
:1067B000E555020123C90101019E020181A70201E1
:1067C0004FF0807340F8043C21F0010140F8081CB0
:1067D000054B40F80C3C40F8202C6FF0020340F8C9
:1067E000243C4438704700BF1D82020108B54FF0B9
:1067F000200383F31188BFF36F8FBFF34F8FE6F74A
:106800005BFC18B1034B4FF080521A60002383F3F6
:10681000118808BD04ED00E010B5094A0178002395
:1068200012F833408C4205D102EBC3035B689847F2
:10683000012010BD01331F2BF2D10020F9E700BF6A
:10684000743B0101094B1B681A7832B908B1F1F7A2
:1068500095BF03F5F270EDF743BE28B1032903D1CC
:10686000D3F8743101201847704700BF9C00002006
:1068700010B5094B1A6802F11001303251F8043B8F
:106880002BB19C7A012C02D11C88844202D0914207
:10689000F4D10023184610BDA000002070B5C47AC2
:1068A0000D460023D9B28C4201D880200BE0C1688C
:1068B00001EB830101330E889642F3D16868498861
:1068C00003F080FF002070BD38B5054604200C465B
:1068D000F8F70EF868B18388C58003F0F80343F435
:1068E000407343F0010383808460BDE83840FCF7C7
:1068F0004DB938BD1FB5094C24686CB1ADF80630F0
:10690000069B0293079BADF80000ADF80210ADF8AE
:10691000042003936846A04704B010BD203C01202A
:10692000084B1A6842F005021A601A685107FCD435
:106930001A68D207FCD4044B1968043B89B2186862
:1069400003F0D0BE143E01410C3E0141074B1A88B2
:1069500042F040021A801A685206FCD4044B1B68AD
:106960000360044B1B680B80704700BF143E01415D
:10697000003E0141043E014110B5022104460020C1
:1069800001F031FB50B11D230373054B1B681B7BCA
:10699000437301462046F2F76DFC012010BD00BF95
:1069A0003801002010B502210446002001F01BFB35
:1069B00050B11E230373054B1B681B7B43730146B9
:1069C0002046F2F757FC012010BD00BF380100201F
:1069D00038B590F8E43005460C4673B90820EFF757
:1069E0005FFBC5F8B801E388C3802146D5F8B8310C
:1069F00051F8012F1A600A791A7138BD38B5054669
:106A0000D5F8A84104B938BD2368C5F8A8311BB929
:106A100005F5D473C5F8AC31A06803F0D1FE20466B
:106A200003F0CEFEECE700BF07B5084B1B681872F9
:106A300059729A72064B0093022201233821EC20EE
:106A4000EEF778F8002003B05DF804FB3801002071
:106A5000C1960201094B012815BF18681B68D0F8C0
:106A60005832D3F85C226FEA01010BBF0A400B4099
:106A7000C3F85C22C0F85832704700BF9401002070
:106A800013B5044680B101910DF1030001A903F093
:106A900050FB04F16000EDF723FD00239DF8032077
:106AA00001212046F2F7AEF902B010BD10B5094B36
:106AB0001A6802F12C014C3251F8043B23B11C88B6
:106AC000844201D19C7814B99142F5D10023184633
:106AD00010BD00BFA401002010B5094B1A6802F1D7
:106AE0002C014C3251F8043B2BB19C781CB193F82B
:106AF0005340844202D09142F4D10023184610BD85
:106B0000A401002090F8F43013F0020309D0074BE1
:106B10001B685B0007D5C07F04288CBF00200120C4
:106B20007047184670470120704700BF303401415C
:106B30007FB50E7916F0300F04D1FDF797FA0020DB
:106B400004B070BDCDE90201009202AB08220249F7
:106B50000120FAF70BF8F2E74104010138B50468A7
:106B60000546FCF7E1FCA36F23F4F81323F4046358
:106B7000A36700F003FBA36F1B0604D52846BDE8FE
:106B80003840ECF779BF38BD00B553EC112B83B01A
:106B900051EC100B8DED002BEAF7F0FC9DED002B76
:106BA00053EC122BE3F7EEFF41EC100B03B05DF852
:106BB00004FB00BF00B585B00DF10601FFF778F9C1
:106BC00010B105B05DF804FB06238DF80830BDF860
:106BD0000630ADF80A3002A8FBF7E0FDF1E738B562
:106BE0000446C568008903F0D5FD48B12089FFF748
:106BF000CFFB38B129462089BDE83840E7F7C2BC51
:106C0000042038BD0320FCE738B50C46FFF7C0FB75
:106C1000054650B12378C17C994208D163786288D7
:106C2000F2F78EFE00B9E87438BD0320FCE70120BE
:106C3000FAE7434D443A5374617274456E63727956
:106C400070742C48646C3D3078253034780045529F
:106C5000523A7374617475733D25640000B593B046
:106C600041F21F03ADF800300388ADF8063090F80C
:106C70002A308DF8041068468DF80830FEF76CFE57
:106C800013B05DF804FB042810D8012202FA00F3C7
:106C900013F017030AD0042908D802FA01F313F0FD
:106CA000170303D0431A58425841704700207047D9
:106CB00010B505210446002001F095F960B12523A7
:106CC0000373D4F84431D3F81E30C0F80D300146B8
:106CD0002046F2F7CFFA012010BD4A7890F8F23042
:106CE00062F3041380F8F2308B7880F84831CB7867
:106CF00080F8493190F8F230DB0602D50520FAF72A
:106D00002BBA704738B590F8E2308B4204460D46F6
:106D100002D10021EDF718F994F8E430AB4205D127
:106D200020460121BDE83840EDF70EB938BD434D8E
:106D3000443A416464524C2C616464723D3078255D
:106D40003032782530327825303278253032782547
:106D50003032782530327800434D443A41646457EC
:106D60004C2C616464723D307825303278253032A5
:106D70007825303278253032782530327825303217
:106D8000780008B561B9031D406840B101894289A6
:106D9000914209D102681A6003F012FD012008BD7A
:106DA00000F108038068F0E70020F8E78A78042AF9
:106DB00004D80123934013F0170F01D100238B70E7
:106DC000CA78042A04D80123934013F0170F01D185
:106DD0000023CB707047F0B50025074628466CB2FB
:106DE000A34200DCF0BD4E5D545D34440444E4B283
:106DF000A64202D08CBF012000207C550135EEE771
:106E000090F8593083B1C26D137843F010031370BA
:106E1000C06D0B68C0F85F3100F25F124B685360C1
:106E20008B689360CB68D360704790F8593083B11A
:106E3000C26D137843F004031370C06D0B68C0F883
:106E4000483100F5A4724B6853608B689360CB683F
:106E5000D360704790F8593083B1C26D137843F016
:106E600001031370C06D0B68C0F82C3100F59672E9
:106E70004B6853608B689360CB68D360704710B5E4
:106E800090F86D309A0704460DD443F0020380F861
:106E90006D3000F5997002F0B7FA04F58D70BDE819
:106EA0001040F7F75DBE10BD802910DB812901DDA0
:106EB00083290CD11368073323F0070303F108017A
:106EC0001160D3E90023C0E90023012070470020AE
:106ED0007047FEE738B50024074D04E0F4F744FEA0
:106EE0000134042C06D0E0B26B6AE34013F0010FCA
:106EF000F6D0F3E738BD00BF0040004138B50424A8
:106F0000074D04E0F4F730FE0134102C06D0E0B257
:106F10006B6AE34013F0010FF6D0F3E738BD00BF12
:106F20000040004121F07F41830003F1804303F5DD
:106F30005153596000F1080301209840024A9368B8
:106F40000342FCD1012070470034004010B5064ACE
:106F50005168064BD86A064CDC62DB6A13680BB1D9
:106F60001368984710BD00BFB03A012000340040BC
:106F70000FFC3F0060B910B50C46064802F040F81F
:106F8000012804D12268044B1A6001221A7110BD35
:106F9000704700BF983A0120903A012008480068E5
:106FA000006880F308884FF0000080F3148862B610
:106FB00061B6BFF34F8FBFF36F8F00DF00BF0000DC
:106FC00008ED00E0074B1B681B6823B9064B4FF028
:106FD000FF321A607047034B1B68DB681A68024B6C
:106FE0001A607047903B0120B03B012008B5F8F7CC
:106FF00001FB064802F0ACF8FBF714FD044802F070
:10700000B3F80120F9F79CFA08BD00BF78380120D9
:10701000983801200749084B19600B46A03100221F
:107020001A605A609A60DA601A6103F8142B8B4276
:10703000F6D1704738330120DC3B01205B424C45E0
:107040005D2054656D7065726174757265204E6F58
:107050007469666965643A20252E32662044656746
:10706000430A0D0010B4084C24781CB101205DF8CF
:10707000044B7047044C6160A260207063709DF8FF
:107080000430A3700020F2E79C3A012038B504894F
:10709000B4F5706F0CD2857A042D09D82046FEF71E
:1070A00097FF28B129462046BDE83840FCF792B941
:1070B000032038BD10F0FD030AD001280AD14B7916
:1070C00003F0C003402B07D0002B14BF0123032380
:1070D000184670470123FBE70223F9E710B500F1DA
:1070E000180300F1380200BF53F8044B2CB194F898
:1070F000044124B1A4B200F01DF9204610BD934212
:10710000F2D1FAE7084B1A6800230C3211780129F2
:1071100002D15188814205D00133DBB2082B02F144
:107120000C02F3D118467047F03B0120036810B4FD
:1071300013B14468944203D15DF8044B02F0EEBBF6
:1071400022B90B6001605DF8044B704713680B6057
:107150001160F8E710B5064B0648002420222146AE
:107160001C7002F0C1FC044BC3E9004410BD00BF19
:10717000A53C0120D8380120E83A0120074A1378BD
:107180005BB1013BDBB213703BB9054B4FF480524E
:107190005A6052005A6012035A607047AA3C01209C
:1071A00000E100E038B590F8FF3004460D4623B901
:1071B000D0F86C0138B1F2F7FDF894F8FF301D43B8
:1071C00084F8FF5038BDD4F86801F4E7434D443AE1
:1071D000436F6E6E5570646174652C48646C3D300D
:1071E0007825303478004552523A7374617475735F
:1071F0003D256400434D443A5365745068792C48EA
:10720000646C3D307825782C7478506879733D250E
:10721000642C7278506879733D256400434D443A7C
:10722000536574486F73744368616E6E656C436C2C
:10723000617373004552523A5374617475733D30F3
:1072400078257800084A136840F20221A3F840101C
:10725000022183F8421019786FF304111970136832
:107260000022DA63704700BF3802002038B50622DA
:1072700003210446FBF7D2FC054648B194F86D3073
:1072800023F0600384F86D3001212046ECF75CFEAA
:10729000284638BD10B5C36E044613B943699842F9
:1072A0000BD063786FF3820363702046E6F78AFDA4
:1072B0002046BDE81040FEF7D1BB10BD084B0128A9
:1072C00015BF18681B68D0F85832D3F85C2213BF7A
:1072D0000B430A43C3F85C22C0F85832704700BF22
:1072E00094010020C1F30803074A490A2BB9494217
:1072F000114043EA4121FBF78DBDC3F59C73013377
:107300009BB25140F5E700BFFFFF7F0030B500237F
:10731000074C0B7040FA03F2D20744BF0A781D5D98
:1073200003F1010344BF2A430A70042BF2D130BD9C
:1073300008A8020170B5054600F1180400F13806EE
:1073400054F8040B20B103F03BFA002344F8043C4A
:10735000B442F5D1002385F83B3070BD38B5084BF9
:107360001B6804460D463BB9224628464FF48271FD
:10737000BDE8384000F0F6BA98470128F4D138BD8E
:10738000543C012010B590F8FA300C463BB1F2F7AE
:1073900001F9054B1A881CB942F004021A8010BD8D
:1073A00042F00802FAE700BFDA01002010B4C488F6
:1073B000074B220A53F8223033B100F10C028168E6
:1073C000E0B25DF8044B18475DF8044B704700BF0E
:1073D000A037012084B008B50DF1080C8CE80F002F
:1073E000036893F86D30DB0603D4049A112102F090
:1073F00047F8BDE80840002004B0704738B505697B
:10740000954228BF154604465DB12A46406901F001
:10741000B3FC636922692B44551B0022636125611B
:107420001A7038BD434D443A4C746B5265715265C5
:10743000706C792C48646C3D307825780045525248
:107440003A7374617475733D256400434F4E4E3A30
:107450004C6C63705478446F6E653A48646C3D3090
:1074600078253034782C4F70436F64653D30782533
:10747000780060B188420CD310B50C46022200217E
:10748000FAF77CFB034600B18463184610BD002365
:1074900000E000231846704738B504460D4600F05A
:1074A000CDFEA36C23B1002402F08EF9204638BD36
:1074B000A36B13B9A5640124F6E70024F4E770B5C3
:1074C00004460D461646A1692B46324629442046FD
:1074D000FBF784FA28B1A3691D44236A2046984724
:1074E000F1E770BD38B50489B4F5706F05460AD26E
:1074F0002046FEF76DFD30B1EA7AA97A2046BDE854
:107500003840F9F7F9B8032038BD434D443A536584
:1075100074416476506172616D2C747970653D259B
:1075200064004552523A7374617475733D2564006A
:10753000434D443A446973636F6E6E6563742C48BF
:10754000646C3D3078253034782C726561736F6ED1
:107550003D253032640090F8E2305BB990F8E420C9
:1075600042B990F8B0313BB9D0F8A801B0FA80F038
:10757000400970470020704701207047434D443A4E
:1075800053657450434C5072657365742C55703D4F
:1075900025642C4C6F773D25642C737465703D25F4
:1075A000640070B549B9051D4068002448B10668FB
:1075B000013403F005F93046F8E700F1080580686A
:1075C000F3E72860204670BD00B593B01323ADF8F3
:1075D000003001238DF804300388ADF8063068468A
:1075E000ADF80810FEF7B8F913B05DF804FB10B55C
:1075F00080F8291000880C4600F0ACFB48B1162C2E
:1076000003D1BDE8104001F00FBBBDE8104001F010
:1076100019BB10BD10B5013A52B2130601D50020B6
:1076200010BD845C8B5C9C4205D802F1FF32F4D221
:107630004FF0FF30F4E70120F2E730B5891A00F18E
:10764000824000F5B0304D1C0121A9400488013969
:10765000914024EA010493401C43A4B2048030BD4D
:1076600008B503689A6F120601D4002008BDD3F84C
:107670009020013AC3F89020002AF6D18021F3F738
:1076800059FA0120F2E7FEE708B503780BB98379D0
:1076900003B908BD1321808800F0EEFF02490020E5
:1076A000FEF766FCF5E700BF888F020108B50748C2
:1076B00001F076FC02F096FDFBF7C0FD034608B929
:1076C000184608BDFBF7DCFD0346F9E7B56B020180
:1076D000064B1B78012B07D8054A42F823000133DB
:1076E000024A1370002070470420704700000020F9
:1076F0000400002070B54FF4005442F20806E5B2D1
:107700002046DCF797F828B10135EDB20134A4B278
:10771000B442F4D1284670BD08B5064B1B78023B35
:10772000DBB2012B04D8044B1B685B68984708BD8B
:107730000520FCE78E3C01203C3B0120064B00224B
:107740001A62064A1A6202F12B42A2F54B12A2F605
:10775000AB421A62704700BF00060044556699AA02
:1077600038B50446EFF3108572B6FFF7E7FF24F053
:107770007F44034BC3F8F44085F3108838BD00BF45
:1077800000060044424C455F53454E534F520000A3
:10779000074B19680868B0E8F04F80F30988BFF319
:1077A0006F8F4FF0000080F311887047AFF30080B7
:1077B0008C3B0120026C72B110B5C3681344C360E6
:1077C0008468A34224BF0368C3600C46C168204696
:1077D00001F0D2FA10BD704710B502460021012019
:1077E000FAF7CCF9044638B1002181600160C1602C
:1077F0000B460A46E8F7D4FB204610BDFF23037072
:107800000223437040238370044B1A78C2704122D4
:1078100002711A7942715B7983717047E8420120E5
:1078200000B503781F2BC1B008D115238DF80030A7
:1078300003798DF802306846F9F720FF012041B046
:107840005DF804FB38B50489B4F5706F054609D2BC
:107850002046FEF7BDFB28B1A97A2046BDE8384096
:10786000FAF7CABB032038BD38B50489B4F5706F88
:10787000054609D22046FEF7ABFB28B1A97A20467F
:10788000BDE83840F9F722BF032038BD38B5048978
:10789000B4F5706F054609D22046FEF799FB28B172
:1078A000E9682046BDE83840F9F706BB032038BD3B
:1078B00038B50489B4F5706F0AD2C5682046FEF762
:1078C00087FB28B129462046BDE83840F7F718BBAA
:1078D000032038BD70B5074E05460024336804F117
:1078E0006A0253F822300BB1284698470134032C22
:1078F000F4D170BD9C000020830708D5044B1A68A2
:10790000002111601B68034A5A60034A9A6070475D
:10791000A0000020E19E020199A70201072838B5C6
:107920000BD8064D041D2B6853F8240028B102F033
:1079300047FF2B68002243F8242038BDA000002018
:1079400008B5FEF7D5FB40B1054B80781B685B7826
:1079500098422CBF0020012008BD0120FCE700BF99
:10796000F03B012013B5074B8DF800001446ADF82D
:10797000021001921B6868469847204602F020FFDB
:1079800002B010BDF43B012008B5064C064D2B6833
:107990002068DB684FF0FF3198470128F7D1FBF7EB
:1079A00019F9F4E7C0000020C400002010B501F070
:1079B000A1F8064B1B7804461BB1FCF747FFE8F71C
:1079C000A1FB2046BDE8104000F038B8A63C0120DD
:1079D000012805D008B1022804D0034B188870474D
:1079E000024BFBE7024BF9E77E3C0120803C012083
:1079F000823C012010B9054B19807047012801D144
:107A0000034BF9E70228F8D1024BF5E7203F01418B
:107A1000243F0141283F014110B5064C012222704C
:107A2000054A126802B1904701F022FC002323703E
:107A300010BD00BFAB3C0120303C012007B5074A18
:107A40000190137833B1013BDBB2137013B901A875
:107A500002F0A0FC03B05DF804FB00BFB23C0120C3
:107A6000064A136823F080031B041B0C1380044A8E
:107A7000138823F080031380704700BF203F01412B
:107A80007E3C0120064B1A8842F001021A801A68D7
:107A9000D207FCD4034B186820F07040704700BF39
:107AA000143E0141083E0141074B18609980103394
:107AB0001A6842F4E0421A601A689104FCD41A6809
:107AC000D204F9D4704700BF003E014108B5FFF76A
:107AD000EBFF064B1B6813F0060F05D0402100207A
:107AE000BDE80840FBF7DCBC08BD00BF203F0141FA
:107AF000074B1B68586800B9704790F8F83013B10D
:107B000090F821300BB90068F5E70120704700BFFD
:107B1000EC00002010B5074B1B685C6804B910BD71
:107B200094F8F83023B1002211462046F8F7C8FF38
:107B30002468F3E7EC00002000B593B00823ADF80B
:107B4000003003888DF804106846ADF806308DF8D3
:107B50000820FDF701FF13B05DF804FB434D443AE4
:107B60005265616452656D6F7465557365644665F1
:107B70006174757265732C48646C3D3078257800AB
:107B8000434D443A52656D7465436F6E6E50617239
:107B900061725265715265706C792C48646C3D302D
:107BA0007825780010B5C37D04464BB90821FCF751
:107BB0006BFE08B9002010BD012084F8E200FAE74E
:107BC000012BF7D10E21F2E738B50A460F21054601
:107BD000FBF724F8044638B195F8E430112B03D1B3
:107BE00001212846ECF7B0F9204638BD38B590F8A9
:107BF000E43004460D4653B90A20EEF751FAC4F8B2
:107C0000B8016B780370D4F8B831AA785A7038BDCF
:107C100010B5837E113BDBB2122B96BF044A0021C4
:107C2000D15C0446F4F72CF9A4F8600010BD00BF45
:107C3000109B02014348433A53706F6E204120432A
:107C4000686B206661696C3A6C6F633A25642C201E
:107C500052656D6F3A25640010B5074BDA69013A39
:107C6000DA6132B91A6ADA610124F5F70DF82046B3
:107C700010BD0024F9E700BFA0410120074B1B689D
:107C80000BB91846704799680A7A043A012AF6D85F
:107C90000A68126B8242F2D1012070479C010020D9
:107CA000074A13691B1A136193680344B3F5C06F45
:107CB00083BF6FF4C0615B180120002093607047A0
:107CC0003C010020D0F8B8311A7880F840205A786A
:107CD00080F841209A7880F84220DA7880F84320B2
:107CE0001B7980F84430704710B5446F88B05CB1A0
:107CF000036FCDE9033008AB13E903008DE80300FF
:107D000003AB0ECB0320A04708B010BD10B5446FE5
:107D100088B05CB1036FCDE9033008AB13E9030011
:107D20008DE8030003AB0ECB0420A04708B010BDC4
:107D300010B54378DA0704460BD500229B07027082
:107D4000827001D4F4F72EFD2046BDE81040F5F70F
:107D500055B810BD074B1B680BB91A4608E09A6866
:107D6000117A04390129F6D8116809888142F2D1C3
:107D7000104670479C01002038B5074D00242B6841
:107D80001B78E340DB07E1B202D50120E9F78AF96D
:107D90000134082CF3D138BDB00100202423222166
:107DA000201F1E1D1C1B1A1918171615141312114B
:107DB000100F0E0D0C0B0A0908070605040302013B
:107DC00010B50468FBF7B0FBA36FD4F8CC0023F028
:107DD000807343F00073A367F7F70CFFBDE8104012
:107DE000FFF7CCB90B0D40F21E42D21A09DBCB02D1
:107DF00043EA505040F00040202A28BF2022D040C3
:107E00007047490080417047434D443A536574437D
:107E10006F6E6E5478506F776572507265736574CB
:107E20002C73656C5077723D256400534D503A4475
:107E30006174612073656E642C7061697220666183
:107E4000696C206572723D3078253034780010B549
:107E50000446406818B102F0F1FB00236360E0685B
:107E600018B102F0EBFB0023E3600023237210BD86
:107E70000369416882688A60416851605A68824239
:107E800004BF82685A6000220261186801381860D5
:107E90007047017A427A41EA020313F0F80F07D1E2
:107EA000B1FA81F040090AB940F00200FAF726BEA3
:107EB00003207047B0F5706F38B504460D4608D200
:107EC000FEF786F828B129462046BDE83840FBF782
:107ED0005FBA032038BD1FB5002302908DF80C1047
:107EE0004FF4804069468DF80D30FEF7EDFCBDF88B
:107EF000000005B05DF804FB7FB5ADF814000391F8
:107F000044F2030001A98DF816200493FEF7DCFC6F
:107F1000BDF8040007B05DF804FB10B50A6893785B
:107F200054781B0403EB04231478D278234403EB26
:107F3000026303600B6804330B6010BD00B593B09F
:107F40003023ADF8003000238DF804300388ADF8FD
:107F500006306846FDF700FD13B05DF804FB38B548
:107F600004460D460020022100F03DF838B10223FE
:107F70000373457301462046F1F77CF9012038BDB3
:107F800038B504460D460020022100F02CF838B127
:107F900007230373457301462046F1F76BF901206F
:107FA00038BD49B1807E112808D0122808D010F0C1
:107FB000200018BF04207047407EF4E7012070477E
:107FC00002207047434D443A5365744164765478B7
:107FD000506F7765725072657365742C73656C5061
:107FE00077723D25640038B5054601F10C000C465A
:107FF00002F0E4FB38B10379448165F305130371A2
:1080000000230381036038BD07B5426F3AB149B11F
:10801000019001AB042205210220F6F73DFE03B0DA
:108020005DF804FBFAF7AEFEF9E710B5044606204A
:1080300002F0C4FB014640B108230370238883800B
:10804000BDE81040062002F0C5BA10BD10B50446C8
:10805000062002F0B3FB014640B1042303702388DD
:108060008380BDE81040062002F0B4BA10BD10B500
:108070000446062002F0A2FB014640B1072303702C
:1080800023888380BDE81040062002F0A3BA10BD0B
:1080900012290AD002D8112904D0704721390229A7
:1080A00005D97047012102F075B80221FBE70321D1
:1080B000F9E7CB681A7880F840205A7880F8412098
:1080C0009A7880F84220DA7880F843201B7980F88B
:1080D0004430704710B504680A46D4F8B01029B18E
:1080E000FEF726FD0023C4F8B03010BD1046BDE8F1
:1080F0001040FDF77BBB10B50468204601F0C8FFB7
:10810000FBF712FAA36F43F0006343F00103A36788
:10811000BDE81040FFF732B810F0004160B148BF31
:1081200040420A0D02F21D42B0FA80F3D21A984082
:10813000C30A400503EB02517047434D443A526570
:10814000616452656D6F7465566572496E666F2C19
:1081500048646C3D30782530347800434D443A52C1
:1081600065616443684D6170436D64004552523AE5
:108170005374617475733D307825780008B5054BEC
:108180001B78012B00D008BD034B1B689888FAF7B9
:10819000BDFAF8E78F2E01201C3B0120044B1A6822
:1081A000044B1A60044B02221A700020704700BF73
:1081B000383B01202C3B01208E3C012008B5054BAB
:1081C0001B7823B1044B1B681B68984708BD05202A
:1081D000FCE700BF8E3C01203C3B012008B5054B6D
:1081E0001B78032B04D1044B1B68DB68984708BD40
:1081F0000520FCE78E3C01203C3B012010B588B0F7
:10820000054B1C6834B18DF8040002A800F0B4FDE1
:1082100001A8A04708B010BD583B012082B0002340
:1082200001934FF0200383F31188BFF36F8FBFF3E7
:108230004F8F019B002BFCD002B070474FF0200302
:1082400083F31188BFF36F8FBFF34F8F024A136818
:1082500001331360704700BF9C410120054B1B6830
:1082600033B1054B1B68002B0CBF02200020704768
:1082700001207047BC3B0120A03B01205B424C45E4
:108280005D204C4544204F46460A0D005B424C455C
:108290005D204C4544204F4E0A0D000000B5817909
:1082A000C1B041B90846F6F7EBF9082368468DF8E6
:1082B0000030F9F7E3F941B05DF804FB10B50C4666
:1082C000FDF786FE40B150F8043F23608388A38009
:1082D0008379A371002010BD0320FCE77FB5ADF8C2
:1082E0000800CDE9031241F20B6069460593FEF7E1
:1082F000EBFABDF8000007B05DF804FB10B5048987
:10830000B4F5706F08D22046FDF762FE20B120461A
:10831000BDE81040F9F796BE032010BD30B5064DFC
:1083200000232A681A44DCB2527812B9047010464D
:1083300030BDCA540133F4E79C000020044B054AC9
:1083400000280CBF18461046034B5861704700BF09
:1083500063A7020168A7020190310120054B1B7C35
:108360002BB1054B1A88824201D1588870470020F2
:10837000704700BF003A0120EC3B0120042802D0E6
:10838000062804D07047044B1B6899607047024B65
:108390001B68D960704700BFAC00002010B1054BCE
:1083A0001B78037021B1044B1A680A609B888B808C
:1083B000704700BFD0000020D1000020054B1A8874
:1083C00042F001021A801A68D207FCD4024B1868E6
:1083D000704700BF143E0141083E0141054B1A8819
:1083E00042F002021A801A689207FCD4024B186805
:1083F000704700BF143E0141003E0141054B1A8801
:1084000042F008021A801A681207FCD4024B18685E
:1084100080B27047143E0141043E0141054B1A8869
:1084200042F004021A801A685207FCD4024B186802
:1084300080B27047143E01410C3E014108B5064B25
:108440001868F021043001F0CFFF00221146BDE88A
:108450000840F8F735BB00BFEC000020064B1B6856
:10846000586800B9704790F8F8300BB1037B0BB136
:108470000068F6E701207047EC00002010B5064BBD
:1084800016301B6853F820300C4613B111462046B5
:108490009847002010BD00BF343C012008B5036898
:1084A00093F8FF1041B993F80121501E4242424116
:1084B000D3F8680100F022F8002008BD4B7880F85E
:1084C000E8308B7880F8E930CB7880F8EA300B79A7
:1084D00080F8EB304B7980F8EC30704710B50446EB
:1084E000F9F79AFB0521204600F02FF928B194F8FE
:1084F000F43043F0020384F8F43010BD1FB5437824
:10850000DB0708D5CDE90101039201AB0C22002164
:108510000220F6F7C1FB05B05DF804FB064B1B68B3
:1085200093F8402203EB4203B3F83802B3F83C322D
:10853000184480B2704700BF94010020062340F227
:10854000431203FB0020044B1B68184403680B60B4
:1085500083888B80704700BFB0010020054BD3F8A3
:10856000682F60F3D752C3F8682F034B1B6858700D
:10857000704700BF00240141B0010020064B1B687A
:108580001A78002322FA03F1C907D8B203D50133C0
:10859000082BF7D118467047B0010020064B1B6A24
:1085A000C3F30723012B04D9022B0CBF402020204A
:1085B00070478020704700BF000A0044054BB3F8A5
:1085C0005600054B1B7800F07F001844404240B233
:1085D000704700BF00600141B401002010B504469F
:1085E000FEF79EF901462046FEF77CFE024B9842BC
:1085F00094BF0020012010BD38FEFF7F10B5044657
:10860000817E90F86000FBF751FD617E02460020FC
:10861000FBF74CFD92B212FA80F010BD434D443A84
:1086200053657441646472526573456E61626C6532
:0B8630002C656E61626C653D256400E6
:10863C0000B583B002238DF80030ADF802008DF840
:10864C0005106846FAF7A4F803B05DF804FB1FB5F3
:10865C008DF80C00ADF80E1041F2031001A9FEF7D5
:10866C002DF9BDF8040005B05DF804FB1FB5ADF89D
:10867C000C008DF80E104FF4B05001A9FEF71EF946
:10868C00BDF8040005B05DF804FB1FB5ADF80C0097
:10869C008DF80E1041F2046001A9FEF70FF9BDF838
:1086AC00040005B05DF804FB1FB5ADF80C00ADF887
:1086BC000E1042F2010001A9FEF700F9BDF804000A
:1086CC0005B05DF804FB08B50089FEF7E9F938B18F
:1086DC008378022B04D10521BDE80840F2F794B948
:1086EC00032008BD10B5847A0089FEF7D9F930B1A2
:1086FC00C36D23B12146BDE81040F9F791BF0120AD
:10870C0010BD7FB5ADF80C00CDE9041244F20900A0
:10871C0001A9FEF7D3F8BDF8040007B05DF804FB1F
:10872C0003688B4206D10B68036043688B4208BF19
:10873C0042607047002AF8D00B681360F5E738B533
:10874C0004460D4600200121FFF747FC28B10573B4
:10875C0001462046F0F788FD012038BD10B5C36EE8
:10876C0004464BB94369984206D1E6F701FA204614
:10877C00BDE81040FDF76CB910BD07B549B10190CB
:10878C0001AB042209210220F6F780FA03B05DF850
:10879C0004FBE5F749FAF9E707B5C378DB0708D519
:1087AC000423009300880023FDF721FA03B05DF841
:1087BC0004FB0120FAE700F1824000F5B030891A81
:1087CC000388013101208840013890401840104145
:1087DC0080B2704710B50023934206D113F003000A
:1087EC0018BF012000EB930010BDC45CCC540133C6
:1087FC00F2E7FEE708B5DAF7C0FF18B9034B1B78B0
:10880C00012B00D008BDFDF795FBFBE78F2E012057
:10881C0010B50446807A01F0D9FC034608B118461D
:10882C0010BD2046F5F79AFB0346F8E708B5A0F50E
:10883C0000539BB2072B04D8024B1B680BB1C0B280
:10884C00984708BD243B01201F2807D8044BD3F8B8
:10885C00C03023FA00F000F0010070470020704790
:10886C000015004410B50C46044B19681831FCF780
:10887C0001FF01212046EEF737FC10BD8C3B012097
:10888C0010B5054C0022227040F201114020F9F77E
:10889C006FF9606010BD00BF64000020519E0201A2
:1088AC00419E0201D5DF010109A10201B945020176
:1088BC0067A50201119C02011FB5ADF808000391D8
:1088CC0041F201606946FDF7F9FFBDF8000005B003
:1088DC005DF804FB1FB5ADF80800039141F203608D
:1088EC006946FDF7EBFFBDF8000005B05DF804FB31
:1088FC001FB5ADF80800039141F601006946FDF77C
:10890C00DDFFBDF8000005B05DF804FB054B1B68EE
:10891C0093F821300BB903707047022B0CBF032363
:10892C000123F8E79C0000201FB58DF80800039187
:10893C0041F204006946FDF7C1FFBDF8000005B027
:10894C005DF804FB1FB58DF80800039141F2090096
:10895C006946FDF7B3FFBDF8000005B05DF804FBF8
:10896C001FB58DF80800039141F20A006946FDF726
:10897C00A5FFBDF8000005B05DF804FB08B5008943
:10898C00FEF78EF830B1C36D23B10821BDE8084065
:10899C00F2F73AB8012008BD1FB5ADF808000391F5
:1089AC0044F201006946FDF789FFBDF8000005B0EF
:1089BC005DF804FB10B50446008901F0E5FE28B112
:1089CC00E1682089BDE81040FEF718B9042010BDFD
:1089DC0010B50446F9F7BEFA034B1B689C82E6F708
:1089EC00E1FD002010BD00BFA80000201FB5ADF8B0
:1089FC000800039144F206006946FDF75FFFBDF8DD
:108A0C00000005B05DF804FB10B50446008901F0C8
:108A1C00BBFE28B1E1682089BDE81040FAF744B8E4
:108A2C00042010BD10B50446008901F0ADFE28B13C
:108A3C00E1682089BDE81040F4F7CCBE042010BDDD
:108A4C001FB5ADF80800039144F205006946FDF727
:108A5C0035FFBDF8000005B05DF804FB1FB5ADF89F
:108A6C000800039144F208006946FDF727FFBDF8A2
:108A7C00000005B05DF804FB10B50C46F7F7E6FEF8
:108A8C002378FF2B16BF024B012033F8100010BDCA
:108A9C00D8B9010108B5F8F753FF18B9BDE808407B
:108AAC0001F030BA014B33F8100008BDD8B9010100
:108ABC0010B50F230022C45C42EA4402CA54C25CC3
:108ACC0013F1FF334FEAD212F5D210BD054B1870DB
:108ADC0029B10A68C3F801208A88A3F80520F8F7A1
:108AEC003FBE00BFD000002007B501A801F014FB69
:108AFC00034A019813780133137003B05DF804FB3B
:108B0C00B23C0120044A138843F0800319461380B9
:108B1C00024B1980704700BF7E3C0120203F014171
:108B2C00054B1A6842F440721A601A68D105FCD4DD
:108B3C001A689205F9D47047103E0141054B1B6829
:108B4C00586800B9704790F8F8300BB90068F8E72E
:108B5C0001207047EC0000204144563A7265736363
:108B6C0068446573632C61647645767454797065DA
:108B7C003D25640000B593B05723ADF80030038851
:108B8C00ADF804306846FCF7E1FE13B05DF804FB69
:108B9C00434D443A4C746B5265714E656752657027
:108BAC006C792C48646C3D3078257800034B186048
:108BBC00034B1960034B1A60704700BF443C012003
:108BCC003C3C0120F0000020054B1A68C30800F063
:108BDC000700D35C23FA00F000F00100704700BFDF
:108BEC003801002010B5FFF7C1F800231A460349DD
:108BFC000220BDE81040F6F749B800BF010701009C
:108C0C00054B1B682BB11B78C3F3C003037000200A
:108C1C0070470C20704700BF3802002007B50422B3
:108C2C00019001AB03490220F6F730F803B05DF870
:108C3C0004FB00BF8106010007B50422019001ABC3
:108C4C0003490220F6F722F803B05DF804FB00BFDD
:108C5C008206010038B505680446E6F735FB122399
:108C6C002B76204600220B21BDE83840EEF79ABE49
:108C7C0007B54378DB0706D5019001AB042201212F
:108C8C000220F6F703F803B05DF804FB054B02680D
:108C9C001A6082889A80D3F82E2061F35962C3F847
:108CAC002E20704736330141054BD3F8682F60F303
:108CBC001242C3F8682FD3F8700F00F00100704710
:108CCC000024014170B5054601F006FC446834B13E
:108CDC0000232946A4461A46BDE87040604770BD83
:108CEC0008B5044801F044FB0348BDE8084001F016
:108CFC0045BB00BFD18C020151B90101036801F0E1
:108D0C003F0103B970471A7A22B9DA68906861F3A7
:108D1C00C80090601B68F4E7836FCA6843F00203D5
:108D2C008367438F9B000367528803EB8203C0E980
:108D3C001C31704707B50422019001AB0349012097
:108D4C00F5F7A4FF03B05DF804FB00BFF1040101CB
:108D5C0030B501390024A24206D0035D01340D5D0B
:108D6C00AB42F8D0581B00E0002030BD5AB110B413
:108D7C000A44431E11F8014B03F8014F9142F9D1FB
:108D8C005DF8044B7047704750B140F21D42B0FA89
:108D9C0080F1521A8840C30A400503EB0251704718
:108DAC000100704713B50446019201AAE0F774F96B
:108DBC00636813F0100F18BF4FF0FF3002B010BDF6
:108DCC004C32433A446174612073656E642C726555
:108DDC006A20727370206661696C00434D443A538B
:108DEC006574416476456E61626C652C656E61627A
:108DFC006C653D256400434D443A5265616452658F
:108E0C006D6F74655478506F7765724C6576656CD0
:108E1C0000434F4E4E3A4E657754785265712C2074
:108E2C004F70436F64653D307825780008B5037842
:108E3C00012B02D0062B03D008BDEAF715FBFBE78C
:108E4C00EAF712FBF8E7032806D0052806D000281D
:108E5C000CBF00200320704704207047012070478E
:108E6C001FB5ADF80C0001A94FF4C050FDF726FD5D
:108E7C00BDF8040005B05DF804FB1FB5CDE9020197
:108E8C00694641F20300FDF719FDBDF8000005B07D
:108E9C005DF804FB1FB5ADF80C0001A943F204000A
:108EAC00FDF70CFDBDF8040005B05DF804FB1FB523
:108EBC00ADF80C0001A943F20600FDF7FFFCBDF86C
:108ECC00040005B05DF804FB1FB5ADF80C0001A95A
:108EDC0043F20700FDF7F2FCBDF8040005B05DF8A5
:108EEC0004FB434D443A5365745363616E52737083
:108EFC00446174612C6C656E3D256400428FB0F842
:108F0C0050305343828F02FB0333B3EBC10FCCBF02
:108F1C0012200020704738B50D4614460021182247
:108F2C0000F0DCFD40F20112C5600281448138BDC5
:108F3C0010B5837904461BB1C06808B101F03AFC46
:108F4C002046BDE8104001F035BC434D443A536512
:108F5C007444656661756C745375627261746543B3
:108F6C006D64000101020102010502010602020208
:108F7C000102010101010102060201065B424C459E
:108F8C005D2050616972696E67204661696C656429
:108F9C000A0D000008B5034B18600348DAF79CFA79
:108FAC0008BD00BF243B012039880201C36843B1CE
:108FBC0010B50446184601F03BFB0023E3606372D6
:108FCC0010BD704708B518B1012804D0002008BDA9
:108FDC0000F020FFFAE7FFF72BF9F7E708B50023BD
:108FEC001A4619460068E6F7D5FF012814BF002081
:108FFC00012008BD03680BB10020704710B5044672
:10900C000120FEF7E3FB2060012010BD08B5002312
:10901C001A4619460068E6F7BDFF012814BF002068
:10902C00012008BD10B50446084611460022F8F789
:10903C009FFD2060003018BF012010BD08B5044B07
:10904C001B681BB1024B58681B68984708BD00BFD2
:10905C00A83A0120044A138843F0020313801369D1
:10906C0013F0020FFBD1704700000142044A9368D1
:10907C00D06883423EBF024A12699B18181A704787
:10908C00CC360120044BD86A9B6A984282BF024AB4
:10909C00126B9B18181A7047CC360120044A1368BF
:1090AC0043F002031360936813F0020FFBD1704777
:1090BC0000340040044A136823F0020313609368E1
:1090CC0013F0020FFBD1704700340040EDBB0101DF
:1090DC0091900201799702018557010145A6020181
:1090EC008D970201034B1B680360034B1B684360A5
:1090FC00704700BFB43B0120C03B012000B583B0DA
:10910C00002301930A4601A9E9F7F4FC019803B086
:10911C005DF804FB08B501F095F8012800D008BDF6
:10912C00014B8022DA63FAE7002A0044044B1B88C7
:10913C00834200D07047024B00221A80FAE700BF2E
:10914C00783C01201FB5039001A94FF48850FDF71E
:10915C00B5FBBDF8040005B05DF804FB1FB503902A
:10916C0001A941F20110FDF7A9FBBDF8040005B0FF
:10917C005DF804FB1FB5039001A941F20210FDF745
:10918C009DFBBDF8040005B05DF804FB1FB5039012
:10919C0001A94FF48050FDF791FBBDF8040005B018
:1091AC005DF804FB1FB5039001A941F20200FDF725
:1091BC0085FBBDF8040005B05DF804FB08B500891B
:1091CC00FDF76EFC20B10521BDE80840F1F71CBC91
:1091DC00032008BD042806D8034B00F18040013859
:1091EC001B6843F820107047F83B0120044A1368B1
:1091FC0003605368436093688360D368C3607047AF
:10920C00B0000020044A036813604368536083680D
:10921C009360C368D3607047B0000020034B1B7889
:10922C000370034B1B780B70704700BFD9000020F4
:10923C00D70000204D454D2C416C6C6F632066614E
:10924C00696C65642C6C656E3D25640018B9034B24
:10925C0043F821207047024BFAE700BFE83A01209F
:10926C00D8380120044B4FF080521A60BFF34F8F57
:10927C00BFF36F8F704700BF04ED00E0044B4FF05D
:10928C000072C3F80421BFF34F8FBFF36F8F704789
:10929C0000E100E08B784A781B0403EB02230A7888
:1092AC001344CA7803EB02630360704710B5044C97
:1092BC002468C4E90612C4F88400236210BD00BF00
:1092CC00343C012010B5044600F5BC70EBF702F9F4
:1092DC0004F5C870BDE81040EBF7FCB8D0F8443189
:1092EC0058567E2804BF024B93F90100704700BF0B
:1092FC00B6010020434D443A436C72574C00455222
:10930C00523A7374617475733D256400024B034AC1
:10931C00DA60034A1A617047040200207D1C0101C7
:10932C00BD580201044AD2E90231994238BF01F218
:10933C000161CB1A136170473C0100200138C0B2A7
:10934C0006289ABF024B185C4FF4FA70704700BFA6
:10935C0013A7020108B50146406800F043FE20B98E
:10936C008868BDE8084000F03DBE08BD08B5044B58
:10937C0000221A70F3F7ECFEBDE80840F0F78CBA47
:10938C00B63C012008B503790C2B05D1836818680D
:10939C00E8F76EFC012008BD0020FCE7024A0349F7
:1093AC000348FFF703BC00BF91930201F165000174
:1093BC00B9A2010130B143785B0705D5C36D0B60D1
:1093CC00002070470120704702207047044B1A6838
:1093DC00D36C0BB104207047D0641846704700BFA3
:1093EC00A401002008B503783BB94088FCF7CAFFFC
:1093FC0018B10123037280F83C3008BD0246044BBF
:10940C000068516803C39068D16803C3704700BFFC
:10941C00A0340141044B1A6822F073021A601A68D6
:10942C0042F00C021A607047283A014110F11D0FEE
:10943C0006DA503104DB002A0CBF112000207047E3
:10944C001120704707B50422019001AB41F4833120
:10945C000020F5F71BFC03B05DF804FB037B1BB18C
:10946C0090F92700F7F7A2BA014B93F90000F9E73E
:10947C00B6010020037A042B0CBF024B024B1B6875
:10948C00184700BF400200204802002008B590F8A1
:10949C00F4309B0704D5FA30FBF78EFF0439C9B2C0
:1094AC00084608BD03783BB1034600BF13F8012FF3
:1094BC00002AFBD1181A70471846704708B50020CF
:1094CC00FCF7D8FC002241F288311046EAF7C8FBC1
:1094DC0008BD08B50020FCF7CDFC002241F2883114
:1094EC001046EAF7BDFB08BD10B50446E7F798FC3B
:1094FC002046DDF797FA2046E4F7F8F910BD08B5D9
:10950C0010B1012803D008BDE5F726FEFBE700F0FB
:10951C0055F9F8E710B5044608681146FFF7EEFD5B
:10952C002060003018BF012010BD00F1080343601B
:10953C004FF0FF328260C360036100230360704709
:10954C0010B50446FEF774FEA46B00F037F9B4FABC
:10955C0084F0400910BD0389B3F5706F04D24189C2
:10956C0011B11846F8F7D4B80320704703460089A8
:10957C00B0F5706F03D2D3E90312F6F725B90320C7
:10958C007047036833B100201B68013080B2002B98
:10959C00FAD170471846704710B50A68547813789A
:1095AC0003EB042303800B6802330B6010BD434DA7
:1095BC00443A536574416476446174612C6C656EF5
:1095CC003D256400434D443A537562726174655293
:1095DC00657175657374436D640090F8E22032B95F
:1095EC0090F8E430213B012B01D9F9F7B9BF704752
:1095FC0010B5044600F012F820B12046BDE810402A
:10960C00FDF7B4B910BD022310B580F8E230044662
:10961C00FBF752F908B984F8E20010BD90F8E2307B
:10962C002BB990F8E400B0FA80F0400970470020A4
:10963C00704703681BB119791A6811B1026018469A
:10964C00704718461346F5E708B50B7913F0300F41
:10965C000CBF0430083000F082FD002008BD08B5B6
:10966C00437813F0010303D0DDF706FEC0F3870344
:10967C00184608BD40F271224000B0FBF2F302FB29
:10968C0013005B0243EA5000704768076C094C8377
:10969C006A9074A07AC00080688800846C82008113
:1096AC004D6963726F636869702D426967427563B7
:1096BC006B41444452434D443A536574446566616E
:1096CC00756C74506879436D6400FEE79D810201EE
:1096DC0015C8000189B40101752802012D28020169
:1096EC00180401768A02397FC98288DE4527935097
:1096FC0048434D0014070178D48C7CF5567EBAA6ED
:10970C0040D9345048434D000202015863902F4A0F
:10971C000C03AF4642E4225048434D0010B50446BA
:10972C00084600F089FD2060003018BF012010BDF4
:10973C0008B509680068FDF7A9FE012814BF0020D0
:10974C00012008BD08B500230068E6F723FC0128BA
:10975C0014BF0020012008BD08B5034B186B002175
:10976C00FCF7D0FB08BD00BF0006004410B5034B4E
:10977C001C6BFFF787FC013C201A10BDCC36012076
:10978C0010B5034B1C69FFF771FC013C201A10BD8E
:10979C00CC36012008B54FF0FF31083000F0F3F95A
:1097AC00003018BF012008BDDFF80C00016841F43F
:1097BC00700101607047000088ED00E0034A1368F7
:1097CC00013B13600BB983F3118870479C41012056
:1097DC00034B186810B1836C01338364704700BF6E
:1097EC008C3B012008B5FFF765FC024B01221A7077
:1097FC0008BD00BF374201205B424C455D20434F02
:10980C004C4F52205345540A0D0000BF0389B3F549
:10981C00706F03D2C1681846F7F772BB032070470C
:10982C000389B3F5706F03D2C1681846F6F732BFDF
:10983C0003207047034B1B6853F82030104653F835
:10984C0021301847E83B012010B504460621F2F7F9
:10985C0009FA637903F03F03637110BD08B5034B3C
:10986C001B689B689847002008BD00BFA000002023
:10987C00034B53F82030104653F82130184700BFE3
:10988C00D03A01201346427A12B1827AD20702D41E
:10989C005222E7F725BA704708B5EEF7F1F9024BFB
:1098AC0033F8100008BD00BFD8B9010108B5FBF7AB
:1098BC006BFC024B33F8100008BD00BFD8B9010196
:1098CC0008B5FBF745FC024B33F8100008BD00BF90
:1098DC00D8B9010108B500F087FD024B33F8100030
:1098EC0008BD00BFD8B9010108B5F6F783FF024BDC
:1098FC0033F8100008BD00BFD8B9010130B5002302
:10990C00C45CCD5C6C40D4540133102BF8D130BD09
:10991C0000230B60036813B9016041607047436812
:10992C001960FAE74D53472C476574206661696CE2
:10993C002C6C656E3D2564005359530000484F5301
:10994C0054004C484349004C4C000000013902447F
:10995C00824200D1704711F8013F02F8013DF7E750
:10996C0038B50C4609681546FFF700FA22682A44F8
:10997C00226038BD38B5044600681546FFF7F6F985
:10998C0022682A44226038BD544D522C53746F7097
:10999C00206E756C6C20696E7075740090F8E230F6
:1099AC009B065ABF90F8E400C0F3401001207047AA
:1099BC000138C0B207289ABF014B185CFF207047D2
:1099CC00CCA60201034B1B6853F8022F02609B8844
:1099DC008380704730010020034B1878072894BF10
:1099EC0000200120704700BFB43C0120034B002233
:1099FC009A60C3E90522C3E90322704704020020E0
:109A0C0008B5102000F0D4FE18B1002383808371B8
:109A1C00C36008BD534D503A47656E206B65792C79
:109A2C006634206661696C00534D503A47656E2070
:109A3C006B65792C6635206661696C00534D503A24
:109A4C0047656E206B65792C6636206661696C0003
:109A5C00534D503A47656E206B65792C6732206602
:109A6C0061696C00034B53F82030104653F82130D9
:109A7C00184700BFF83A012010B5034C2068FBF7DB
:109A8C0095FE0023236010BDB0010020034B1B6822
:109A9C001878A0F1FF03584258417047B0010020DC
:109AAC00034B1B681878B0FA80F04009704700BF70
:109ABC00B001002008B5D0F8CC0000F041FE0A2817
:109ACC009CBF0130C0B208BDFB9C0201E1870201C2
:109ADC0015A8020115A8020115A8020132B1C9B2DC
:109AEC000244034603F8011B9342FBD1704700BFAD
:109AFC00034600BF11F8012B184603F8012B002A6E
:109B0C00F8D17047010200000000000000000000C6
:109B1C0000000000040404434D443A536574486F3C
:109B2C0073744665617475726500434D443A5365B0
:109B3C0074525041544F2C544F3D256400434843BC
:109B4C003A616464205265712C496E763D2564003F
:109B5C0008B50378122B00D008BD406800F068FDF2
:109B6C00FAE708B50068E6F77FFD012814BF00206E
:109B7C00012008BD08B5006800F032F8FF2828BFA6
:109B8C00FF20C0B208BD08B50068E6F76DFD0128DE
:109B9C0014BF0020012008BD08B50068E8F7AAFF33
:109BAC00012814BF0020012008BD08B5006800F092
:109BBC0097FA012814BF0020012008BD4FF02003A4
:109BCC0083F31188BFF36F8FBFF34F8FFEE74FF016
:109BDC00200383F31188BFF36F8FBFF34F8FFEE722
:109BEC0010B50446FEF724FBA46BFFF7E7FD2046F7
:109BFC0010BD10B50446FEF71BFBE469FFF7DEFD54
:109C0C00204610BD417A11F0FC0F02D1007AFAF710
:109C1C0027B80320704710B50446F2F73DFE10B18B
:109C2C00052384F8E23010BD10B50446F9F714F89A
:109C3C0010B1132384F8E23010BD10B50446FEF7C2
:109C4C0088F910B1032384F8E23010BD012805D047
:109C5C00022803D0042814BF012003207047434D71
:109C6C00443A5264416476412C68646C3D2564002E
:109C7C000346006820B102681A600AB95B6070473D
:109C8C007047434D443A5743684173736D4D6F644D
:109C9C003A25640010B5841A64024CBF501AC01ADD
:109CAC00C0F3805010BD000102000201010002014E
:109CBC00020002000102010008B50B460022C1B2ED
:109CCC001846FFF7D7FB002008BD90F86C3090F8D1
:109CDC00F42062F3451380F86C30704710B50446DD
:109CEC00F4F796F82046BDE81040FAF7F9B90A44A3
:109CFC000023914201D10020704701F8013BF8E7A5
:109D0C00434D443A47656E5075624B6579436D64BB
:019D1C000046
:109D1E0008B5EAF796FEF6F77EF8FCF76AF908BD85
:109D2E0008B500224FF4FA710120E9F798FF08BD3B
:109D3E000229AABBCCDDEEFF001122334455667713
:109D4E00889908B5024B1B689B68984708BD3C3B39
:109D5E00012008B509210148FEF7B6F808BDFC41FF
:109D6E000120768A02397FC98288DE4527935048C2
:109D7E00434D78D48C7CF5567EBAA640D9345048E3
:109D8E00434D5863902F4A0C03AF4642E42250488D
:109D9E00434DD715828E1BE62399B3463D25504879
:109DAE00434D08B509210148FEF78EF808BD104253
:109DBE000120024A136A43F04003136270470015F4
:109DCE00004408B513460A461946FEF7CEFF012099
:109DDE0008BD024B186800F44050704700BF0006E3
:109DEE000044024B1868C0F3C030704700BF000635
:109DFE00004410B9024B1879704703207047903A0F
:109E0E000120424C45004150505F5461736B73000A
:109E1E0000BF024A136801331360704700BFA03BB6
:109E2E000120014B024A1A607047F84201200000DF
:109E3E0048C2806803781F2B01D8FAF74CBC032068
:109E4E007047806803781F2B01D8FAF726BC0320D1
:109E5E007047024B1B68D3F88431184700BF9C0033
:109E6E000020024B1B68D3F88831184700BF9C00B6
:109E7E000020024B1B68D3F89031184700BF9C009E
:109E8E000020024B1B68D3F87831184700BF9C00A6
:109E9E000020024B1B68D3F89431184700BF9C007A
:109EAE000020024B1B68D3F87C31184700BF9C0082
:109EBE000020024B1B68D3F89831184700BF9C0056
:109ECE000020024B1B6843F82010704700BFE83B90
:109EDE00012008B500231A461946F0F72CFCC0B233
:109EEE0008BD024B104653F82130184700BF50579B
:109EFE00020108B5FCF7C5F808B1407908BD10207D
:109F0E00FCE708B5024800F05CFC002008BDC9075C
:109F1E000101000001000300010001000100010029
:109F2E00020003681BB11A68026002B9426018464B
:109F3E007047024B1A8860F308221A807047183E49
:109F4E000141024B1A8860F349221A807047183E6D
:109F5E000141037CF02B01D100F057BA90F840007C
:109F6E007047024B1B6803EB800041627047343C24
:109F7E000120024B01221A700020704700BF4402DC
:109F8E000020C37D13B90321EAF741B91021EBF785
:109F9E0076B8024B1B6883F82700704700BF30016C
:109FAE000020024B1B6883F82800704700BF300169
:109FBE000020024B1B6893F82800704700BF300149
:109FCE000020024B1878B0FA80F040097047B43C7C
:109FDE000120434D443A47656E44684B6579436DA5
:109FEE00640028B1028943899A4201D10068F8E7DA
:109FFE00704708B5FFF795F9014808BD00BF3C0151
:10A00E00002008B51C2000F0D2FB08B10223037318
:10A01E0008BD08B5182000F0CAFB08B10123037370
:10A02E0008BD434D443A5265616452737369436D82
:10A03E006400024B1B6893F84C02704700BF9401FA
:10A04E000020024B1B68DB6C03B118477047A4015C
:10A05E000020024B1B68D86000F091BB00BFA4012A
:10A06E000020BE83605ADB0B376038A5F5AA9183BA
:10A07E00886C90F8F430DB0702D5F530FBF79BB90E
:10A08E007047C38F428FDB00B3FBF2F3C0E924337A
:10A09E007047494E4600696E66004E414E006E6135
:10A0AE006E00494E4600696E66004E414E006E616E
:10A0BE006E000001020303040505060707070707E4
:10A0CE0008434D443A52656164506879436D6400AB
:10A0DE00000100F1884000F5F85000887047836B4E
:10A0EE00C06B984214BF00200120704708B50020B5
:10A0FE00E4F7C1FBF6F707FEFCE7037A4189181C6B
:10A10E0018BF0120F4F7B5BA827A90F9091090F9C8
:10A11E000800FFF7E8BBEFF31083036072B6BFF3DE
:10A12E005F8F70470B681B7803700B6801330B60F1
:10A13E00704700230B6043684B60196041607047A5
:10A14E00434D443A526561645478507772004556D7
:10A15E00543A69643D30782530347800036813B979
:10A16E000160184670471846F8E74378DB0702D5BA
:10A17E000022E2F704BD70470707111102110B11FF
:10A18E000811024111020238012802D80846EFF7E1
:10A19E0080BE704710B50446FFF7DBF8C4F8AC007C
:10A1AE0010BDA0F14103192B98BF40F0200070475D
:10A1BE00A0F16103192B98BF00F05F00704741506A
:10A1CE00505F54696D6572300000014B18700020AD
:10A1DE0070478D3C0120014B01221A7070478D3C57
:10A1EE000120014B1860704700BF583B0120014B06
:10A1FE001860704700BF643B012008B50421FBF7CF
:10A20E0080FE012008BD84A70201946702010000B0
:10A21E000000014B1868704700BFC03B0120014B86
:10A22E001868704700BF983B0120014B01221A604D
:10A23E007047C43B012008B500220421F7F797FCB4
:10A24E0008BD014B1B6818787047DC3B0120014BA1
:10A25E001B6818707047DC3B0120D0E90423C168ED
:10A26E000089FCF795B9806808B1F9F798BD03200D
:10A27E007047014B1B685B681847A0000020014B1C
:10A28E001B68184700BFA40000208368187808B127
:10A29E00E7F7C5BF70470146014800F08CBA3E375C
:10A2AE000120014BB3F8010070470B3B0120014B1D
:10A2BE00B3F801007047103B0120014B33F820002A
:10A2CE007047EC3B0120014B1B6858607047F03B18
:10A2DE000120014B1B6898607047F03B012001483C
:10A2EE00FFF7F7BF00BF1DCA0101014B1860704791
:10A2FE0000BFF43B0120014B93F900007047C900E9
:10A30E000020014B93F900007047D8000020014B4C
:10A31E001878704700BFC8000020014B18787047AE
:10A32E0000BFA53C0120014B1860704700BF1C3CCC
:10A33E000120014B1860704700BF183C0120014BF3
:10A34E001878704700BFA73C0120014B187070476A
:10A35E0000BFA73C0120014B00221A707047A63C9B
:10A36E000120014B1878704700BFA63C0120014B1D
:10A37E001860704700BF2C3C0120014B18607047DD
:10A38E0000BF303C0120BFF35F8F036883F310885A
:10A39E007047014B1878704700BFAB3C01204A78DC
:10A3AE000B7803EB02230380704703681970036870
:10A3BE00013303607047036819800368023303603A
:10A3CE007047036819600368043303607047014BDC
:10A3DE001B68D8607047343C0120006810B1037CC4
:10A3EE008B42FAD17047014B00201870704744021F
:10A3FE000020014B1860704700BF483C0120014B04
:10A40E0043F820107047F4370120014B1B68187A6F
:10A41E00704730010020014B1B68988C704730014B
:10A42E000020014B1B689863704730010020014BE0
:10A43E001B68D863704730010020014BC3E9070049
:10A44E007047A0410120014B1B6818647047300112
:10A45E000020014B1B685864704730010020014BEF
:10A46E001B689864704730010020014B1B6898658B
:10A47E00704730010020014B1B6858667047300151
:10A48E000020014B1878704700BFB43C0120014BEF
:10A49E001860704700BF4C3C0120014B01221A602E
:10A4AE007047503C0120014B00221A607047503C0F
:10A4BE0001204378DB0701D5F2F71DBC70474378C6
:10A4CE00DB0701D5F5F7BBBD7047014B1860704730
:10A4DE0000BF98010020014B1868704700BF98011B
:10A4EE000020014B43F820107047F83A0120014B31
:10A4FE001B6858787047B0010020014B18607047F8
:10A50E0000BF50240141014B1860704700BFDC01B1
:10A51E000020014B1860704700BFE8010020014B7E
:10A52E0043F820107047A0370120014B1860704788
:10A53E0000BF4802002010B50446FFF7D8FA2046A7
:0DA54E0010BD4552523A4C31364230730078
:10A55C0008B5FFF745FBC0B208BDC168007A4A1CBC
:10A56C00FEF78ABAC16890F90800FFF7A9B9C1686B
:10A57C0090F90800FFF79AB90A4601460220FDF748
:10A58C00EBB900231A461946F0F7D6B8427B017B8B
:10A59C008068F6F761BCBFF34F8FBFF36F8F7047C6
:10A5AC00434D443A436C72524C00307825782C3031
:10A5BC007825780008B500F0FDF8002008BD8378F8
:10A5CC0043F01003837070470A4601460320FDF7E1
:10A5DC00C3B900B9704700BF0138FAE7836F43F481
:10A5EC00C0738367704708B5E5F738FE08BD08B53A
:10A5FC00E9F740F908BD08B5FFF7D4FB08BD0328FF
:10A60C00028600262A0000BF028200292A0000BF11
:10A61C00028400242A0000BF05010100080101008A
:10A62C00A3000100A800010008B5E6F7D3FD08BDA2
:10A63C0008B5EEF7F9FF08BD08B5FEF717FD08BD24
:10A64C0008B5F4F7AEFE08BD08B5ECF72DFCFCE739
:10A65C00546D72205376630008B5FCF7C1FC08BD3D
:10A66C00817A0089FDF720BCFD820201B1780201DC
:10A67C00C168007AFBF7D6BCD0E90201F7F702BD3E
:10A68C00003018BF01207047D0E90201FDF740BE31
:10A69C005049433332435800158C01015DDC0101F4
:10A6AC0013461222E6F71CBB4B7880F8E03070475B
:10A6BC004B7880F8E13070478B7880F8E030704749
:10A6CC000001FF02FFFFFF03456363446F6E6500EB
:10A6DC00C3680B60C1607047890841EA402070472D
:10A6EC0000487047608D01018168C088F6F732BC64
:10A6FC0083F00043E0F740BA286E696C290025000E
:10A70C0000939393671100FA96644B321E14286ED3
:05A71C00756C6C2900C2
:10A72200002303617047007AFAF717B88068FAF7D6
:10A7320018BC411CFAF72FB88068FFF7FABF103037
:10A7420000F03BB80023DDF7C6BC90F8510070471B
:10A75200B0F854007047C409C409A60E02050001EE
:10A762002A020300002A0A0300002A0A1500292BE4
:10A772000217002A2B201200052A0A1800BF012006
:10A782007047D8900201FFF7AAB8FAF75ABCF4F75B
:10A79200E8BBFDF7D4B80020704700F010B80020E5
:10A7A2007047F1F790B800207047002070470020F2
:10A7B20070470020704700207047EBF770BCFAF733
:10A7C200FABF0180704701607047FEF7D4BAFFF705
:10A7D20064BEFFF768BEFFF76CBEFAF72EBDF8F74E
:10A7E200C4BEF8F7C2BE800B704700207047E3F783
:10A7F200E8BAC06A7047806D7047416170478161F5
:10A80200704700207047030C100013000200010083
:10A81200FFFF00207047704700BF04040500282A8C
:01A822002B0A
:10A8240002000100012AA62A002A882BF52B042AFB
:10A8340005000500050005000500050002001800DC
:10A844000200080000180200704770477047704704
:10A85400292B2A2B052A05000500050001001000FC
:0EA864000200040001180200704770477047A0
:00000001FF
