:020000040000fa
:02000004008179
:040f8800ffff000067
:020000040000fa
:02000004008179
:040f8c0000400e848f
:020000040000fa
:02000004008179
:040f900038fc745f56
:020000040000fa
:02000004008179
:040f94003b480014c2
:020000040000fa
:02000004008179
:040f98000b00607971
:020000040000fa
:02000004008179
:040f9c000000000051
:020000040000fa
:02000004008179
:040fbc000000001021
:020000040000fa
:020000040100f9
:10020000f0ff0720d5ce0101c75c01018b5f010122
:10021000536a01012f720101cb8901010000000026
:1002200000000000000000000000000041930201f7
:10023000fb6401010000000011080201a17e02011f
:100240003fe800013fe800013fe8000149a8020142
:100250003fe800013fe800013fe800013fe80001fe
:100260003fe80001258a02013fe800013fe8000164
:100270003fe800013fe800013fe80001692002017a
:100280003fe800013fe800013fe800013fe80001ce
:100290003fe800013fe800013fe800013fe80001be
:1002a0003fe800013fe800013fe800013fe80001ae
:1002b0003fe800013fe800013fe800013fe800019e
:1002c0003fe800013fe800013fe800013fe800018e
:1002d0003fe800013fe800013fe800013fe800017e
:1002e0003fe800013fe800013fe800013fe800016e
:1002f000e54a0201619402013fe800013fe8000184
:100300003fe80001000000003fe800013fe8000175
:100310003fe800013fe800013fe800013fe800013d
:080320003fe80001cd0a0201d3
:020000040000fa
:020000040100f9
:10032800f8b500bff8bc08bc9e4670479150020162
:10033800f8b500bff8bc08bc9e4670476d50020176
:020000040000fa
:020000040100f9
:1003480008b5044b186818b1804780f00100c0b2a6
:1003580008bd00bf3c2b012004292cd8dfe801f0a0
:100368000308161d2400184a938818449080704783
:10037800154a9388184480b2c11c4ff6fc730b4091
:10038800984201d90430f1e7938070470e4a938868
:100398000f33184420f00f00e8e70b4a93881f3307
:1003a800184420f01f00e1e7074a93883f331844b8
:1003b80020f03f00dae74ff0200383f31188bff302
:1003c8006f8fbff34f8ffee73c2b012070b5104aab
:1003d80094790023d9b28c4201d800200be05d1c2f
:1003e8009b00d118b1f8076086420ed1b1f80920f8
:1003f80012b10848184470bd4ff0200383f31188e8
:10040800bff36f8fbff34f8ffee72b46e2e700bfc6
:100418003c2b0120432b012010b50446fff7d6ffe3
:1004280040b14ff0200383f31188bff36f8fbff300
:100438004f8ffee70b4b9879020608d54ff0200343
:1004480083f31188bff36f8fbff34f8ffee7421c12
:100458009a7103eb80020733a2f8074003eb800090
:1004680010bd00bf3c2b012010b50446fff7aeffbe
:1004780040b94ff0200383f31188bff36f8fbff3a8
:100488004f8ffee72046fff7a1ff054a9379013b0e
:10049800dbb2937102eb8303d3f80730036010bd1e
:1004a8003c2b012008b5fff791ff00b1408808bd3b
:1004b80009b91046704780b1037883ea122383eaaa
:1004c800131343ea022282ea033282ea431292b207
:1004d80000b10130013989b2eae7ff23ede72de9e0
:1004e800f04f85b081460e9e8a46904606b11e445e
:1004f80043449cb247465546a74203d1012005b064
:10050800bde8f08f95b36a461023294648460af09d
:100518006bf9bdf80420944208d9bdf8063013449d
:100528009bb29f4202d29c4203d91f46bdf80a5093
:10053800e8e79742a4eb020128bfe31b89b234bf66
:100548000b469bb2a4eb030432bfbdf80ab0474682
:10055800d346a4b246b110352944f61ac91a324610
:1005680089b248460af040f95d46c5e72846c6e71d
:100578002de9f74fd48896888046894644f30725a5
:100588004ff6ff77002d03da384603b0bde8f08f49
:100598001cd0a4f580741ffa84fa4ff48074dff835
:1005a80034b0cdf800b02346324649464046fff7fe
:1005b80096ff38b13a4621465846fff779ff264458
:1005c800b6b20746013d6db25446dbe7002cdbd0de
:1005d800a246e4e7432d012010b5084c94f8070320
:1005e8000af0a4f94ff48042002194f807030af0b6
:1005f800c5f910b14ff48073a38010bd3c2b0120c6
:100608002de9f041094c05460e46174613460a46a1
:10061800014694f807030af01df93b46324629467d
:1006280094f80703bde8f0410af0f6b93c2b012025
:100638007fb545f24143adf806300d4bcde90230a8
:100648000c4bc043b3f8083304904ff6ff721021e7
:100658000df10600adf81430fff72aff1222adf8ad
:10066800040001a90020fff7cbff07b05df804fbe9
:10067800534e76323c2b01202de9f041234cb4f83f
:100688000a33b4f80c530b449bb2ff2b06460f46b3
:10069800a4f80a3304f207280bd80a46284441462e
:1006a8003d4429f095ff0127a4f80c533846bde8ce
:1006b800f081c5f580724146284429f089ff4ff43e
:1006c80080723146a088fff79bff07460028edd0cf
:1006d80000214ff48070fff73ffeb4f80a53b4f8d6
:1006e8000c13a5f580750023adb2a4f80c33a4f85b
:1006f8000a53002ddad0c1f580712a4618fa81f123
:10070800304629f065ffa4f80c53cfe73c2b0120b5
:100718002de9f04f714c94f807738fb00021122324
:1007280009aa3846a4f80e13a4f81013a4f80c1359
:10073800a4f80a130af058f80b9b039394f80733ac
:100748000133dbb2012b88bf002384f8073394f808
:100758000733bb4208d14ff0200383f31188bff35e
:100768006f8fbff34f8ffee7fff736ff0028e5d006
:1007780000230293dff86c8182e0029bdff868a116
:1007880004eb830b05aabbf80990102349463846a9
:100798000af02af80026bdf81c50adf81a5005aa30
:1007a80049463846adf81860cdf81e60fff7e0fe00
:1007b8004ff6ff72adf814000e2105a8fff778fe7a
:1007c800f022adf82200ff2150462af023fd05aba8
:1007d80003cb1035c8f80000c8f80410b4f80c238f
:1007e80003cba388c8f80800adb21344b5f5807fe1
:1007f800c8f80c10abf809301ad8cdf800a0bdf82d
:100808001c30324649463846fff769fe58b1a3887e
:10081800b4f80c231344abf8093029460af1fb005d
:10082800fff72aff40bb002420460fb0bde8f08f39
:10083800102300bfb5f5807faa4628bf4ff4807a01
:10084800aaeb030b1ffa8bfb4344009332465b462b
:1008580049463846fff743fe0028e4d05146204871
:10086800fff70aff0028ded0a5eb0a055e44adb20b
:10087800b6b20023002dddd1029b0133dbb2029317
:10088800a379029a93423ff678afb4f80a23f2b9f3
:10089800b4f80a030021fff75ffda388a4f8083322
:1008a800039b581efff7c4fe04460028bbd0032153
:1008b8000020fff751fd1222ff2109a82af0aafc07
:1008c800122309aa0021384609f0c4fface70449fd
:1008d800a088fff795fe0028dad1a4e73c2b012079
:1008e8004e2e0120432d0120532d012008b50a4b1f
:1008f8009b88c3f580439bb283420bd2fff708ff66
:1009080040b94ff0200383f31188bff36f8fbff313
:100918004f8ffee708bd00bf3c2b01202de9f84fa3
:10092800364d044605f2072988464ff48072ff21a8
:1009380048462af06ffce1884ff6ff724046fff701
:10094800b7fd4ff6ff7220800e212046fff7b0fd5d
:100958002368e081c5f807326368c9f80430a368e2
:10096800c9f80830e368c9f80c30e28802f11006cb
:10097800b6b2b8f1000f07d0b6f5807f16d8414659
:1009880005f2172029f024fee2881d49a888f02adc
:1009980028bff022103292b2fff732fe0746e088f5
:1009a8001030032180b2fff7d7fc24e04ff0000b92
:1009b800102000bfb6f5807f344628bf4ff48074fe
:1009c800a4eb000a524608eb0b01484429f000fe4c
:1009d80022460b49a888fff713fe074658b1361b75
:1009e80020460321da44b6b2fff7b6fc1ffa8afba9
:1009f8000020002eded13846bde8f88f3c2b0120c0
:100a0800432d01202de9f041624c00258eb0a571df
:100a18004ff0ff38ff27122304aa0021284609f0c7
:100a2800e3fedde906637340013326d19df81230f9
:100a3800412b22d19df81330542b1ed19df8143030
:100a4800532b1ad19df815304e2b16d19df8163020
:100a5800762b12d19df81730322b0ed14ff6ff723c
:100a680010210df11200fff723fdbdf8103083426d
:100a780003d146453cbfb0462f46ddb1ff2f2bd1f1
:100a8800002384f807334ff6ff7500bffff7a4fd76
:100a980090b994f807330133dbb2012b84f807339c
:100aa800f4d94ff0200383f31188bff36f8fbff39e
:100ab8004f8ffee70125aee76ff00100a4f8085359
:100ac800fff7b6fd0028e4d00023a371012384f8c2
:100ad80012340eb0bde8f0814ff48073a38038461d
:100ae800122309aa002184f8077309f07dfe4ff646
:100af800ff77a388b3f5804fe8d2bdf83420ba4217
:100b080001d09a4214d803210020fff725fc0325c1
:100b180010236a46a18894f8070309f065fe0023ac
:100b28001df80320ff2a1cd10133102bf8d1cde783
:100b38000025ede729461020fff70efcd9e7bdf8a0
:100b480002603046fff742fc10b93046fff764fcfc
:100b5800a3884380bdf80830b3b93046fff784fc5a
:100b680012e03a460e216846fff7a2fcbdf80e6077
:100b78008642dfd16a46a18894f80703fff7f8fc9c
:100b8800bdf800308342dad0bdf80600103029469f
:100b980080b2d1e73c2b012008b509f07fff044b58
:100ba80093f812341bb9bde80840fff72bbf08bd06
:100bb8003c2b01202de9ff478a46164698460546f4
:100bc80030b12bb1fff7bcfb044650b1052044e01f
:100bd8004ff0200383f31188bff36f8fbff34f8f5c
:100be800fee706f1100080b2fff780fe2846fff707
:100bf800edfb0746a0b3b0f802901c4d10236a46df
:100c0800494695f8070309f0effdbdf808300aebef
:100c180006029a4226d8b34218bfbdf80c40adf878
:100c280004a01cbf0134a4b241466846adf80c408c
:100c3800adf80660adf80a90ac88fff76ffe98b182
:100c4800bdf80c307c80642b4ff0000005d9bdf84e
:100c58000230a5f80e33a5f8100304b0bde8f087fc
:100c68000320fae70420f8e70120f6e73c2b0120ef
:100c780073b50c4615461e4628b123b1fff712fc82
:100c880050b9032017e04ff0200383f31188bff316
:100c98006f8fbff34f8ffee76319b3f5803f09d21b
:100ca8000146074800962b46224690f80703fff7af
:100cb80016fc10b9042002b070bd0020fbe700bf8d
:100cc8003c2b01201fb540b94ff0200383f3118856
:100cd800bff36f8fbff34f8ffee7fff7e3fb48b11a
:100ce80001460648102390f807036a4609f07cfd80
:100cf800bdf8080005b05df804fb00bf3c2b0120df
:100d08002de9f04f431e14469bb24ff6fd729342f5
:100d180089b007460d461dd8b1f5006f1ad8fff700
:100d2800c1fb00bbfff70cfb064650bb05f11000ea
:100d380080b2fff7dbfd8e4b93f90620002a80f284
:100d4800fa804ff0200383f31188bff36f8fbff34e
:100d58004f8ffee74ff0200383f31188bff36f8fa7
:100d6800bff34f8ffee73846fff7acff854210d040
:100d78007f4ea6f80e73a6f81053fff7e1fab146b6
:100d880008b105200ee0b6f8100370b9b6f80e33b6
:100d98007bb9002c00f0e78023462a46002138461c
:100da800fff766ff09b0bde8f08f103080b2fff79b
:100db8009dfdb9f80e03fff709fb80460028e8d02f
:100dc800b0f802a099f8070310230deb030251466f
:100dd80009f00afdb9f81033f3b9bdf8180010305e
:100de80080b2fff783fdb9f80e03fff7effa8046ec
:100df80040b94ff0200383f31188bff36f8fbff31f
:100e08004f8ffee7b0f802a099f8070310230deb07
:100e18000302514609f0e8fcb9f81023b9f8043088
:100e28000393bdf8183022b19342adf8182028bfbb
:100e380013460022bdf81810adf81420adf81610ae
:100e4800cdf81a200df1100cbce80300dff824b12e
:100e5800c9f8070203f11006cbf80410bce8030038
:100e6800b6b2b6f5807fcbf80800cbf80c1031d8b5
:100e78000bf11001009199f807035146fff72ffb7a
:100e8800002872d004ab03cbbdf81620c9f80702be
:100e9800cbf8041003cb1032cbf80800cbf80c10b9
:100ea80092b25946b9f80400fff7aafb00283ff4ac
:100eb80070afbdf816001030032180b2fff74cfa6e
:100ec8002b4b0022a3f80e23a3f81023039ba8f8aa
:100ed80002305ee793461023b6f5807fb14628bfff
:100ee8004ff48079a9eb030292b20292214a20487a
:100ef800134400935a46029b90f807035146fff7a4
:100f0800eefa90b31b49a1f207204a468088fff702
:100f180077fb00283ff43daf03214846fff71cfa52
:100f2800029ba6eb09065b44b6b21ffa83fb0023bb
:100f3800002ed1d1c4e7214604a8b3f80480adf847
:100f48001270adf81460adf81650adf81850cdf821
:100f58001a60fff7e3fc40b13846fff75dfaa0f8e6
:100f6800028002201ee720461ce701201ae700bf86
:100f78003c2b0120432d0120f0b5074685b040b930
:100f88004ff0200383f31188bff36f8fbff34f8fa8
:100f9800fee7fff787fa00283fd0fff7d1f90446ac
:100fa80000283cd11020fff7a1fc4ff6ff720e215c
:100fb8006846adf80020adf80270cde90144adf8ff
:100fc8000c40fff775fa174dadf80e006b4603cbd2
:100fd80005f20726c5f80702716003cb1022b0603e
:100fe800f160a8883146fff70bfb60b91022a98889
:100ff80095f8070309f0c2fc18b903211020fff780
:10100800abf9012007e003211020fff7a5f93846c6
:10101800fff72afa204605b0f0bd0320fbe70520bc
:10102800f9e700bf3c2b0120f8b50446fff788f923
:10103800054660bb64b109f079fc012009f076fc33
:101048004ff40072294613482af0e4f800201fe004
:10105800114daf79e3b29f420cd8fff759fb002836
:10106800f4d14ff0200383f31188bff36f8fbff3e0
:101078004f8ffee705eb8403b3f80760304603f0b3
:1010880069f810b93046fff7eff90134e2e70520b7
:10109800f8bd00bf432b01203c2b0120014b1860f9
:1010a800704700bf3c2b012008b5fff7fbf9003063
:1010b80018bf012008bd08b5fff72afb40b94ff05b
:1010c800200383f31188bff36f8fbff34f8ffee7c1
:0410d80008bd00bf90
:020000040000fa
:020000040100f9
:0410dc000020704739
:020000040000fa
:020000040100f9
:1010e00080b400af084b5b68074a43f48003536049
:1010f000054b5b68044a23f40063536000bfbd46a0
:101100005df8047b704700bf0040014180b400af30
:10111000224b234a1a60234b234a1a60234b244a4a
:101120001a60244b244a1a60244b254a1a60254b26
:101130004ff414021a60244b244a1a60244b254aa7
:101140001a60254b254a1a60254b264a1a60264b01
:10115000264a1a60264b274a1a60274b274a1a60ec
:10116000274b43f642421a60264b00221a60264b58
:10117000264a1a60264b274a1a60274b274a1a60cc
:10118000274b144a1a60274b274a1a60274b284ad4
:101190001a6000bfbd465df8047b704700600141e6
:1011a00021220080106001410a14260614600141ca
:1011b00010320c10186001411a27402024600141b0
:1011c00006421e3e286001412c6001410600060ec9
:1011d0003060014154760c0e346001411a2600380b
:1011e00038600141f7ff4c463c6001413832544eb3
:1011f000406001413240002044600141544e4c4661
:10120000486001415060014158600141514b383202
:101210005c600141544e464060600141322c50c830
:1012200064600141686001411926544e6c600141bf
:101230004c46383280b483b000af0023fb7118e015
:1012400000bf00bf00bf00bf00bf00bf00bf00bfa6
:1012500000bf00bf00bf00bf00bf00bf00bf00bf96
:1012600000bf00bf00bf00bf00bf00bffb7901335c
:10127000fb71fb79c72be3d900bf0c37bd465df886
:10128000047b704780b500af41f2440103200af0af
:1012900059fb43f6ff4152200af054fb47f2080184
:1012a00054200af04ffb48f24e515e200af04afbf0
:1012b00047f2824160200af045fb4cf6170161209d
:1012c0000af040fb4cf6170163200af03bfb41f2a9
:1012d000073165200af036fb49f2072167200af042
:1012e00031fb47f2824168200af02cfb4bf215617a
:1012f00069200af027fb4bf215616b200af022fbf4
:1013000041f205316d200af01dfb49f205216f20e5
:101310000af018fb48f2070177200af013fb49f6a0
:101320001e61e9200af00efb4ff60171ef200af072
:1013300009fb40f68321f9200af004fb00bf80bdc1
:1013400080b400af00bfbd465df8047b7047b0b508
:101350008cb000af4ff00003fb6101230222022199
:1013600033200af051fb01230c220c2119200af032
:101370004bfb01230022002115200af045fb00232e
:1013800008220a2108200af03ffb01230722072137
:1013900009200af039fb01230122012109200af06a
:1013a00033fb00230022002109200af02dfb01233a
:1013b0000f220f21002016f07bfb00230d220d21b0
:1013c000002016f075fb0023012201214c2016f0ad
:1013d0006ffb0023032203214c2016f069fb01233d
:1013e000042204214c2016f063fb4ff4007300220a
:1013f0000c2126200af008fb14200af09ffb002392
:10140000fb62002387f82b301ee00123002200211d
:101410004c2016f04dfb002200214c2016f088fbda
:101420000346002b00d0f6e700bf00220f214e201c
:1014300016f07efb03461a46fb6a1344fb6297f8dc
:101440002b30013387f82b3097f82b30032bdcd966
:10145000f86a29f0cff804460d4697f82b30184665
:1014600029f0c8f802460b46204629460df0dcf864
:1014700003460c46c7e908344ff00002784bd7e921
:10148000080125f065f90346002b26d04ff0000235
:10149000744bd7e908012af09dfc03460c46184618
:1014a00021464ff00002704b0df0bef803460c468b
:1014b0001846214664a3d3e9002312f085fb0346b6
:1014c0000c46184621464ff00002684b0df0acf870
:1014d00003460c46c7e908341ce04ff00002624b9b
:1014e000d7e908010df0a0f803460c46184621463e
:1014f00055a3d3e9002312f067fb03460c461846b8
:1015000021464ff00002594b0df08ef803460c4671
:10151000c7e90834d7e90834c7e90434544bd3e9a0
:1015200002341a462346d7e904012af053fc034645
:101530000c46c7e902344e4bd3e904341a4623461d
:1015400043a1d1e900010df06ff803460c461a469d
:101550002346d7e9020112f037fb03460c46c7e9e0
:101560000034434bd3e900341a462346d7e900013f
:101570002af030fc03460c461846214636a3d3e930
:1015800000230df051f803460c461846214622f080
:1015900017fc0346fb61002300220c2126200af0e1
:1015a00033fa00230222022133200af02dfa00230d
:1015b0000c220c2119200af027fa00230022002116
:1015c00015200af021fa052308220a2108200af032
:1015d0001bfa00230722072109200af015fa00232d
:1015e0000122012109200af00ffa00230022002124
:1015f00009200af009fa00230f220f21002016f01b
:1016000057fa01230d220d21002016f051fa002374
:10161000012201214c2016f04bfa00230322032162
:101620004c2016f045fa0023042204214c2016f029
:101630003ffafb6907ee903ab0ee670a3037bd46d5
:10164000b0bd00bfaff30080666666666666e63fc3
:101650003d0ad7a3703dda3fbc5983f755b9603fc7
:101660000000e0400000f040000090400000f83f23
:101670009800002090b5a9b000af03460a46fb8051
:1016800013467b71032387f89f3007f11c038022e8
:101690000021184629f0c2fd14233b7714237b77e1
:1016a0000323bb770323fb77032387f82030012331
:1016b00087f82130012387f822300a2387f8233066
:1016c000062387f82430032387f82530032387f87f
:1016d00026303c2387f82730132387f82c30132338
:1016e00087f82d30032387f82e30032387f82f3017
:1016f000032387f83030012387f83130012387f83e
:1017000032300a2387f83330062387f83430032336
:1017100087f83530032387f836303c2387f8373095
:10172000122387f83c30122387f83d30022387f8d4
:101730003e30022387f83f30022387f840300123f0
:1017400087f84130012387f842300a2387f8433075
:10175000052387f84430022387f84530022387f8b1
:1017600046303c2387f84730112387f84c3011234b
:1017700087f84d30022387f84e30022387f84f3028
:10178000022387f85030012387f85130012387f86e
:1017900052300a2387f85330052387f85430022348
:1017a00087f85530022387f856303c2387f85730a6
:1017b000122387f85c30112387f85d30022387f805
:1017c0005e30022387f85f30022387f86030012300
:1017d00087f86130032387f862300b2387f8633082
:1017e000052387f86430022387f86530022387f8e1
:1017f0006630462387f86730132387f86c3012234e
:1018000087f86d30032387f86e30032387f86f3035
:10181000032387f87030012387f87130052387f898
:1018200072300c2387f87330052387f87430022355
:1018300087f87530022387f87630462387f87730ab
:10184000132387f87c30132387f87d30032387f830
:101850007e30032387f87f30032387f8803001230d
:1018600087f88130062387f882300d2387f883308c
:10187000052387f88430022387f88530022387f810
:101880008630462387f88730142387f88c3014235a
:1018900087f88d30032387f88e30032387f88f3045
:1018a000032387f89030012387f89130072387f8c6
:1018b00092300e2387f89330052387f89430022363
:1018c00087f89530022387f89630462387f89730bb
:1018d0008a4b07f10c040fcb84e80f00b7f90630f0
:1018e000272b0bdc0a2b1dda13f10b0f16dc13f17f
:1018f000190f0fda13f5004f24db07e04f2b02dc42
:101900003c2b17da12e0632b1cdc17e0002387f86e
:101910009f301be0012387f89f3017e0022387f8f0
:101920009f3013e0032387f89f300fe0042387f8ec
:101930009f300be0052387f89f3007e0062387f8e8
:101940009f3003e0072387f89f3000bf6c4b1b7864
:1019500097f89f209a4200f0cc80694a97f89f3010
:1019600013707b79002b1cd197f89f301b0107f176
:10197000a0021344843b1b789bb20b220f21e5206d
:101980000af042f897f89f301b0107f1a0021344b8
:10199000833b1b789bb20b220f21e7200af034f81f
:1019a0001be097f89f305b0007f1a002134413f887
:1019b000943c9bb20b220f21e5200af025f897f802
:1019c0009f305b0007f1a002134413f8933c9bb2d5
:1019d0000b220f21e7200af017f897f89f301b0120
:1019e00007f1a0021344823b1b789bb20722082117
:1019f000fc200af009f897f89f301b0107f1a002bc
:101a00001344813b1b789bb204220521e12009f09d
:101a1000fbff97f89f301b0107f1a0021344803ba6
:101a20001b789bb206220721e12009f0edff97f811
:101a30009f301b0107f1a00213447f3b1b789bb230
:101a400002220321e52009f0dfff97f89f301b01f8
:101a500007f1a00213447e3b1b789bb200220321b6
:101a6000e72009f0d1ff97f89f301b0107f1a00292
:101a700013447d3b1b789bb204220721e72009f029
:101a8000c3ff97f89f301b0107f1a00213447c3b72
:101a90001b789bb201220321e22009f0b5ff97f8e1
:101aa0009f301b0107f1a00213447b3b1b789bb2c4
:101ab000032204210a2009f0a7ff97f89f301b0199
:101ac00007f1a00213447a3b1b789bb20e220f2130
:101ad000512009f099ff97f89f301b0107f1a002f0
:101ae0001344793b1b789bb208220e21522009f047
:101af0008bff00bfa437bd4690bd00bff0b402010c
:101b00003837012080b582b000af0346fb80104b10
:101b1000b3f90030b7f906209a4214d0b7f906306d
:101b20007f2b02dd7f23fb8007e0b7f9063013f13e
:101b3000800f02da4ff68073fb80fb8800220721ba
:101b40005a2009f061ff00bf0837bd4680bd00bfc5
:101b50003a37012080b483b000af03460a46fb80c9
:101b600013467b7100bf0c37bd465df8047b7047a0
:101b700080b400af0c4b03f5f15308331a680b4bdc
:101b80001b68d31a23f07043094a934205d8094bc6
:101b90001b78002b01d0012300e000231846bd462e
:101ba0005df8047b704700bf00200141b8000020b1
:101bb000feffff079000002080b584b000af034611
:101bc000fb71fff7c4fbf0ee407afdeee77a17ee0b
:101bd000903afb81b7f90e301846fff793ff0d4b93
:101be0001b78c3f30003dbb21a46b7f90e30114677
:101bf0001846fff73ffd084b03f5f15308331b6808
:101c000003f5403323f07043044a136000bf1037dc
:101c1000bd4680bdb000002000200141b80000207a
:101c200080b584b000af0346fb710023fb73264ae6
:101c300013786ff300031370244b00221a70fb79a2
:101c4000002b03d0fff74cfafff760fafa7907f19f
:101c50000f031946072000f0e1fbfb79002b2dd084
:101c60001b4805f07df91a4bd3e900014ff0000243
:101c70004ff0000325f03cfb0346002b03d1154b2e
:101c800001221a7002e0134b00221a70124b4ff41b
:101c900040321a60114b40f271429a60fb79012b7d
:101ca00003d10e4bff229a6102e00c4b7f229a6116
:101cb0000a4b13221a60094b4022da6005f080f9c2
:101cc00000bf1037bd4680bdb00000208800002056
:101cd0009800002090000020b80000200010014172
:101ce00080b400af00bfbd465df8047b704780b58f
:101cf00000af0021122009f025fe00bf80bd00bf0b
:020000040000fa
:020000040100f9
:101d000080b485b000af184bfb6000237b600ee011
:101d10000023bb6005e0fb680133fb60bb68013357
:101d2000bb60bb680f2bf6d97b6801337b607b6897
:101d3000092bedd946f65073fb600023bb6005e02c
:101d4000fb680133fb60bb680133bb60bb680f2bd2
:101d5000f6d9fb68b3f5e04fefd100bf1437bd46ad
:101d60005df8047b704700bf0010810080b485b02f
:101d700000af78600b467b804ff6ff737b817b88da
:101d8000002b03d17b89db439bb22ce00023fb7348
:101d90007b685a1c7a601b78bb8117e07a89bb8903
:101da00053409bb203f00103002b06d07b895b08f4
:101db0009ab2104b53407b8102e07b895b087b81a8
:101dc000fb7b0133fb73bb895b08bb81fb7b072b70
:101dd000e4d97b88013b7b807b88002bd6d17b8933
:101de000db437b817b8918461437bd465df8047b55
:101df000704700bf0884ffff80b586b000aff86071
:101e00000b467a607b817b687b617b691b78ed2b5d
:101e100021d17b695b78032b1dd17b699b78002bdb
:101e200001d1002318e07b699b78012b13d17b89ba
:101e30001946f868fff79aff03467b827a8a7b6926
:101e40001b791b027969c9780b449a4201d100239e
:101e500002e0012300e0012318461837bd4680bd8b
:101e600080b489b000af78607b68bb61bb695a7889
:101e7000274ba3fb021399080b465b000b445b0046
:101e8000d31adbb2002b01d001233ae0bb695b78a7
:101e90001f4aa2fb03239b08fb757b6802337b6010
:101ea0000023fb7728e07b683b613b695b781b0282
:101eb0003a691278134403f1824303f59033fb60cf
:101ec000fb683a6992781a70fb6801331a463b69dd
:101ed000db781370fb6802331a463b691b79137079
:101ee000fb6803331a463b695b7913707b680633e2
:101ef0007b60fb7f0133fb77fa7ffb7d9a42d2d375
:101f0000002318462437bd465df8047b704700bfa8
:101f1000abaaaaaa80b48bb000af78600b46fb7066
:101f20007b683b623b6a5a783a4ba3fb02139908e1
:101f30000b465b000b445b00d31adbb2002b01d0d5
:101f4000012360e03b6a5b78324aa2fb03239b08d3
:101f5000fb777b6802337b60002387f827304ce0f7
:101f60007b68bb61bb695b789bb21b029ab2bb69a1
:101f70001b789bb21344fb82fb8a03f1824303f577
:101f800080333b61fb78022b02d0fb78032b15d109
:101f90003b69ba6992781a703b6901331a46bb698a
:101fa000db7813703b6902331a46bb691b791370e7
:101fb0003b6903331a46bb695b791370fb8aa42b18
:101fc00013d1bb699b785bb203f01f03fb73fb7bf0
:101fd00003f01003002b04d0fb7b63f01f035bb204
:101fe00001e097f90f300c4a13707b6806337b6071
:101ff00097f82730013387f8273097f82720fb7fa1
:102000009a42add3002318462c37bd465df8047bb9
:10201000704700bfabaaaaaa8800002080b485b090
:1020200000af78607b68fb60fb685b78022b0dd1aa
:10203000fb68db789bb21b029ab2fb689b789bb271
:1020400013449ab2054b1a80002300e0012318467e
:102050001437bd465df8047b704700bf3e33012056
:1020600080b485b000af78607b68fb607b6802332a
:10207000bb60fb685b78042b12d1bb68db781a0667
:10208000bb689b781b041a43bb685b781b02134335
:10209000ba6812781343064a1360064b01221a707d
:1020a000002318461437bd465df8047b704700bf17
:1020b000383301203c33012080b586b000af786012
:1020c00039600023fb7582e07b681b78dbb2ff2b55
:1020d0002ad17b6803f01f03002b03d17b6843f0f8
:1020e0007f437ce00023bb757b6823f00703083344
:1020f0007b607a683b689a4202d34ff0ff336ee010
:102100007b681b68b3f1ff3f0ed17b6810331b68ff
:10211000b3f1ff3f08d17b6803f01f03002b03d10d
:102120007b6843f07f435ae07b683b613b691b78e7
:10213000012b49d13b695b78012b45d13b699b78e9
:102140001a467b6813440533fb607b6803331846eb
:102150003b699b789bb2fa681946fff74dfe034630
:10216000002b31d17b683ae03b68083b7a689a42a1
:1021700000d32ce07b681b68b3f1ff3f00d126e061
:102180007b681b78dbb2ef2b1bd17b6801331b789c
:10219000dbb2002b11d17b6802331b78dbb2ed2b55
:1021a0000bd17b6803331b78dbb2032b05d10123f2
:1021b000fb757b6807337b6006e07b6804337b60dc
:1021c00002e07b6801337b60fb7d002bccd03b6859
:1021d000083b7a689a42fff477af4ff0ff33184616
:1021e0001837bd4680bd80b588b000aff860b960d3
:1021f0003b601346fb710023fb77fb68bb61bb6947
:102200009b789bb203339bb2bb8395e0fb687b61f9
:102210007b693b610023fb773b691b78fa799a4223
:1022200002d13b6801221a703b691b78092b3ed012
:10223000092b06dc072b16d0072b1edc022b0cd03b
:102240005fe00d2b1fd00d2b02dc0a2b39d058e09c
:102250001a2b22d0552b3dd053e07869fff7defed4
:102260000346fb774de097f82830002b40d0786983
:1022700004f009fe0346fb773ae0786904f064fd58
:102280000346fb773de097f82830002b32d0786981
:1022900004f0c0fd0346fb772ce097f82830002bb4
:1022a0002ad0786904f048fe0346fb7724e097f8cb
:1022b0002830002b22d07869fff7d2fd0346fb7748
:1022c0001ce097f8283019467869fff723fe03468b
:1022d000fb7716e0fb681d4a934211d9fb681c4a44
:1022e00093420dd87869fff7bbfe0346fb7707e002
:1022f00000bf06e000bf04e000bf02e000bf00e056
:1023000000bffb7f012b1cd0b7f91c30002b18dd60
:10231000fa68bb689a4214d2ba8b3b695b789bb26d
:10232000d31a9bb2023b9bb2bb833b695b781a46d4
:10233000fb6813440233fb60b7f91c30002b3ff7f6
:1023400065affb7f18462037bd4680bdff0f81007b
:102350006f1f810080b588b002af3a601a4603460d
:10236000fb710b46bb7113467b710023fb75fb7938
:10237000002b04d1254b3b61254bfb6038e0254bfe
:102380001b78002b01d185233be0234b1b683b616d
:10239000214b1b6803f57763fb6029e0f968386916
:1023a000fff78afe38613b69bb603b6903f07f43fe
:1023b000002b08d03b6923f07f43144a93421cd181
:1023c0000123fb7519e03b69b3f1ff3f17d0ba79e0
:1023d0007b7900933b68f9683869fff704ff03468f
:1023e000fb75bb689b781a463b6913440a333b6113
:1023f0003a69fb689a42d1d302e000bf00e000bf17
:10240000fb7d18461837bd4680bd00bf0010810017
:10241000701f81003c3301203833012080b584b027
:1024200000af03463960fb711346bb71bb79f97984
:102430003a680020fff78eff0346fb73084b1b78ba
:10244000002b08d0bb7907f10e0200210120fff715
:1024500081ff0346fb73fb7b18461037bd4680bdea
:102460003c33012080b588b000aff860b9603b60b4
:102470001346fb710023fb77fb68bb61bb699b784c
:102480009bb203339bb2bb83b6e0fb681b78fb7542
:10249000fb683b61fb79ff2b21d1fb7d002b00f01a
:1024a0008c80fb7dff2b00f08880bb6a1b881a465e
:1024b0003b689818f9683b695b7802331a4628f044
:1024c0008bf8bb6a1a883b695b789bb213449bb25a
:1024d00002339ab2bb6a1a800123fb776de0fa7d62
:1024e000fb799a4269d197f82c30002b4cd0fb7db8
:1024f000062b03d13b695b78072b22d0fb7d0b2b8e
:1025000003d13b695b78042b1bd0fb7d0c2b03d1e3
:102510003b695b78012b14d0fb7d102b03d13b6909
:102520005b78182b0dd0fb7d152b03d13b695b78b5
:10253000082b06d0fb7d182b1ad13b695b78042b46
:1025400016d1fb68023319463b695b781a46386836
:1025500028f042f8bb6a1a883b695b789bb2134447
:102560009bb202339ab2bb6a1a800123fb7724e044
:10257000bb6a1a883b695b789bb213449bb20233f7
:102580009ab2bb6a1a8018e0bb6a1b881a463b687d
:102590009818f9683b695b7802331a4628f01cf8f2
:1025a000bb6a1a883b695b789bb213449bb20233c7
:1025b0009ab2bb6a1a800123fb77ba8b3b695b78be
:1025c0009bb2d31a9bb2023b9bb2bb833b695b7845
:1025d0001a46fb6813440233fb60b7f91c30002b2a
:1025e00003ddfa68bb689a4206d3fb7f012b01d159
:1025f000002306e0802304e0b7f91c30002b3ff7ee
:1026000044af18462037bd4680bd80b58ab002afc2
:1026100003463960fb711f4bfb611f4b7b6100233d
:10262000fb810023fb7626e07969f869fff744fd1a
:10263000f861fb693b61fb6903f07f43002b1ed10e
:10264000fb69b3f1ff3f1ad0fa790123019307f137
:102650000e0300933b687969f869fff703ff0346af
:10266000002b01d10123fb763b699b781a46fb695d
:1026700013440a33fb61fa697b699a42d4d3fb7e27
:10268000012b01d1002300e0802318462037bd46ee
:1026900080bd00bf00108100701f810080b582b036
:1026a00000af786079680620fff7afff0346002b84
:1026b00001d1012300e0002318460837bd4680bd44
:1026c00080b582b000af786079681520fff79dff74
:1026d0000346002b01d1012300e0002318460837f0
:1026e000bd4680bd80b483b000af7860054b93f9e0
:1026f00000207b681a70012318460c37bd465df830
:10270000047b70478800002080b584b000af7860fb
:1027100007f10c0319460b20fff777ff0346002b48
:1027200005d1b7f90c207b681a80012300e0002353
:1027300018461037bd4680bd80b584b000af7860c4
:1027400007f10c0319460b20fff75fff0346002b30
:1027500005d1b7f90e207b681a80012300e0002321
:1027600018461037bd4680bd80b584b000af786094
:1027700007f10f0319460c20fff747ff0346002b14
:1027800005d197f90f207b681a70012300e0002320
:1027900018461037bd4680bd80b400af034b1b7890
:1027a0001846bd465df8047b704700bf3c330120ee
:1027b00080b483b000af0346fb71044afb79137009
:1027c00000bf0c37bd465df8047b70473c330120e9
:1027d00080b400af034b1b681846bd465df8047b10
:0827e000704700bf38330120ef
:020000040000fa
:020000040100f9
:1027e8002de9f04fb54c0546207893b0013007919c
:1027f80029f00dfb039020780130800029f007fbb9
:102808002f68049097f82c30002b00f08d83039be1
:10281800002b00f08b83002800f08883079b3d6d18
:10282800de79342316fb03f31d4406931c22eb7850
:1028380095f801b0059300210ba8ec6928f0eafc93
:102848009f4b0093019601230222a121ec2013f053
:1028580051febbf1070f40f06b83a37898064dd06b
:10286800a61c0021304612f0d7fe002846d0027878
:1028780012f0010f0cbf01230723910748bf06334d
:10288800500744bf0133dbb2110744bf0233dbb248
:10289800d00644bf0333dbb2910644bf1233dbb228
:1028a8005206a27844bf0133dbb202f03f029a42db
:1028b80024d10021304612f0affe03781b0711d552
:1028c8000321304612f0a8fe002839d0b0f8008065
:1028d800a678e31c06f03f061e444ff00009059b4e
:1028e8004b4530d1059b002b4ff0000914bf022344
:1028f800012308932646c846ca46bae0714b00939e
:1029080002220123a221ec2013f0f4fd1f2495f8e4
:102918002d20002385f82e300ab185f82d300023ac
:1029280087f82f30039b13b1184629f072fa049bdd
:1029380013b1184629f06dfa204613b0bde8f08fa0
:102948004ff0ff08c4e706f1020a0021504612f0d2
:1029580063fe48b9b37809f1010903f03f03033670
:102968001e445ffa89f9bae703781807f2d50321fc
:10297800504612f051fe03884345ebd0524b00936a
:1029880002220123a321bee795f8290027f0a2fd22
:1029980040f002008df830000df1310195f8290062
:1029a80021f072f94ff00009ff22bbf1070f8df8f3
:1029b8003e2000f09e804ff6ff71b8f1000f40f006
:1029c800ad80404618f06afc8046002800f0a980d7
:1029d8003e4b009302220123a52194e7b31c00215a
:1029e80018468df84610099312f016fe0246002884
:1029f80036d00178c9071ad509900121b01c12f008
:102a08000bfe95f82580099a8146b8f1000f40d051
:102a180095f8290027f05efd40f002008df830009f
:102a28000df1310195f8290021f02ef9099a127853
:102a3800930715d595f82720002a4dd0ba7b022a8e
:102a480035d1022170188df8372012f0e5fd0246c5
:102a580000680e909288adf83c2001228df846203f
:102a6800b2780af1010a02f03f02033616445ffa0f
:102a78008afa089b9a45b1dbb8f1000f94d1144a41
:102a88009278d60731d4134b009302220123a42154
:102a980039e73378c3f380138df830300368cdf805
:102aa80031308388adf835304ff00108bfe702f0c8
:102ab800fd02012a0cbf03220022c2e7c034012014
:102ac800207d01012b7d0101457d0101647d01010e
:102ad80054340120587d010195f828200ab1fe22be
:102ae800afe73278c2f38012abe7ff228df83020cf
:102af8005ae7a61c0021304612f08efd00283ff44c
:102b08005aaf027810077ff556af0321304612f00e
:102b180083fd01880a0b8df83e204ee70df1310048
:102b280050e7b34b059a1b78934205d2b14b0093fb
:102b380002220123a621e6e6bbf1070f30d104f1fa
:102b4800020a0146504612f067fd064640b3037874
:102b5800d9065ed50421504612f05efd002840d00b
:102b6800837813f0c00f03d003f0e002402a53d15a
:102b7800059a002a50d0c3f34213013329208df857
:102b8800403027f01bfc58b19df84030032b07d18b
:102b98002b7903f00f03012b02d104238df8403069
:102ba800292027f00bfc3b7c00283fd18df83f30d3
:102bb800079bbbf1070f1b788df842303dd07f2370
:102bc8008df84130d7f824a0ab780593d1464ff063
:102bd800000b059b5b4504eb4b0800f2d5800024f5
:102be80095e6a37803f03f030193834b00930222f9
:102bf8000123fb21ec2013f07dfc33788df80430a1
:102c08007e4b009302220123fc21ec2013f072fc7e
:102c1800c6e78df84080c3e7794b00930222012371
:102c2800a721ec2013f066fc1e2470e6032bbdd10f
:102c38002a79120918bf0423b8e7059b03f1010b91
:102c4800039b264603f1010abbf1000f77dc002342
:102c580021461e4688784a7800f03f00013a121a49
:102c680056fa82f6049ab6b242f82360ca1c104497
:102c78000133059adbb29a4280f0b8808b789806c7
:102c8800604b18bf91f803801b8818bfc8f3001861
:102c9800b342a4d3a378d7f824a09b09012b40f210
:102ca800b580022b9bd10ba920461df0dbfb4ff012
:102cb800000b039badf844b05b788df841300baa4c
:102cc800514658468df82cb01bf072fd7b7c012bc9
:102cd80085d1002e83d0a278059302f03f021444d8
:102ce8005946627902f03f0214440834204612f033
:102cf80093fc002800f0df800278059b12f0010f9a
:102d080000f0d9801946204612f086fc0146b9f138
:102d1800000f00f0d080002800f0cd800622484641
:102d280027f048fc002800f0c680374b00930222a9
:102d380001232021ec2013f0ddfb5c46e7e5b31c02
:102d480000211846079312f067fcd8b10278079b58
:102d580012f0400f16d01846062112f05dfc0378d9
:102d68001a060bd50af8013cb378033603f03f0383
:102d78001e440bf1ff3b0af1010a65e7132bf1d959
:102d88001423efe77f23ede70ba9404600261df04b
:102d980069fb8df82c6098f8002002f00f010629d5
:102da80008d801268e4016f055061ebf98f8016017
:102db800063ef6b2bbf1010f0cd102f00f02042a55
:102dc8007ff40daf06224946504627f0f3fb002852
:102dd8007ff405af0baa09f1060130461bf0e8fca9
:102de80098f801200bf1010b9144f2e6014631e716
:102df800c03401207a7d01018e7d01019e7d010193
:102e0800ac7d0101ae340120c87d01010ba920462b
:102e18001df028fba37813f0c00f0ed1069a3b6d66
:102e28001344db699878033300f03f001844837833
:102e38009a0624d10023adf844300024e52e29d980
:102e4800e53e0123b6b2e5348df82c304ff0e509a4
:102e58004a4b1a7800239a4208d9049951f823104a
:102e6800a14226d3039ad35c8df8413051460baa70
:102e780048461bf09dfcca44002edfd1afe6c3785c
:102e88009b06d7d50521023012f0c6fb0028d1d009
:102e98004388d0e75ffa86f93444b8f1000f04d0cc
:102ea80002238df82c300026d2e78df82c80464678
:102eb800cee70133cfe7bdf82e3043f00803adf875
:102ec8002e300024e52e1ed9e53e0123b6b2e534a6
:102ed8008df82c304ff0e509284b1a7800239a42d8
:102ee80008d9049951f82310a1421bd3039ad35c43
:102ef8008df8413051460baa48461bf059fcca448c
:102f0800002edfd16be65ffa86f93444b8f1000f82
:102f180004d002238df82c300026dde78df82c80b4
:102f28004646d9e70133dae71f24f8e40724f6e434
:102f380095f82580b8f1000f7ff426ad21787a6adc
:102f4800c1f380118df830101168cdf831109188d7
:102f5800adf83510217801f00f06012e09d1c1f323
:102f6800c0118df8371052f8060f0e909288adf800
:102f78003c20c1464ff0010816e500bfc0340120cf
:020000040000fa
:020000040100f9
:102f88002de9f7439d4e036d3778054634249c4858
:102f980007fb043728f0d8fb32782b6d02fb04338b
:102fa8001a786ab92b7b002b61d008231e210b44a9
:102fb80003f29713b3f5d27f1cd24ff4d2731de0fe
:102fc800012a53d1187d93f912209b694009002ae0
:102fd80000f10100acbf1e214ff4967102284feaa0
:102fe800430311d00328e2d001281bd13d330b4401
:102ff800472b02d9c3f30e0300e04823814a118806
:1030080063f30e0111800de028330b442c2b84bf91
:1030180047f6fe721a407b4b198898bf2d2262f33f
:103028000e011980002026f0f3f98046012026f0d1
:10303800eff98146022026f0ebf948f400510446e6
:1030480089b2002026f0f6f94946012026f0f2f967
:1030580044f4e06189b2022026f0ecf9ab7b6a4cbb
:10306800032b16d8dfe803f0051c2a3f0023194676
:103078009de7d4f8683f65496ff38a23c4f8683f31
:10308800002026f045feb4f86c3f43f04003a4f856
:103098006c3feb7b032b3ad8dfe803f03333404037
:1030a800d4f8683f43f48063c4f8683f544b186809
:1030b8009a88564bc4f8ac0f9a80e4e7d4f8683f76
:1030c80052496ff38a23c4f8683f002026f020fe97
:1030d8004f4b187828f028fbb4f86c3f0028d4d15f
:1030e80060f38613d3e7d4f8683f43f48063c4f8e9
:1030f800683f434b18689a88444bc4f8ac0f9a80d1
:10310800e6e7b4f86c3f6ff3cf33a4f86c3feb7b82
:10311800032b10d8dfe803f007270727b4f86c3f24
:1031280043f40043f1e7d4f89c3f40f2ff1262f306
:103138001843c4f89c3f374a1368904663b19847d0
:1031480050b1354b1b783bb9d4f89c3f40f2ff1285
:1031580062f31843c4f89c3feb7b032b0bd8dfe8e2
:1031680003f0073d073dd4f89c3f6ff31843e0e7b1
:10317800002011f0a3f828f045fd18b1244b187869
:1031880011f06efb254b93f900001ff045f83b78d2
:103198006bbb297c032028f068fb3278342312fbb0
:1031a80003f32a6dd25c002a3cd1d4f8282142f0de
:1031b8000802c4f82821d4f8282142f00202c4f8f1
:1031c8002821d4f8282142f00402c4f82821d4f890
:1031d800282142f00102c4f8282125e0104b186884
:1031e80018b914f069fe0120c3e7d720f9e7012bcd
:1031f800d3d1397d49090131cce700bfdd02002078
:103208007a3301206c38014100240141ac3301417b
:10321800d334012078340120d23401208a010020df
:1032280054340120012accd02a6dd25ce2bbd4f8f8
:10323800242142f00042c4f82421d4f8242142f089
:103248008042c4f82421d4f8242142f00052c4f862
:103258002421d4f8242142f08072c4f82421d4f81f
:10326800242142f08052c4f82421d4f8242142f0c9
:103278000062c4f82421d4f8242142f08062c4f802
:103288002421d4f8242142f00072c4f82421d4f86f
:10329800242142f40002c4f82421d4f8242142f461
:1032a8008002c4f8242101e0012ad8d02a6dd25c1a
:1032b800002a40f07d81d4f8242142f40012c4f899
:1032c8002421d4f8242142f48012c4f82421d4f80b
:1032d800242142f40022c4f82421d4f8242142f401
:1032e8008022c4f82421d4f8242142f40032c4f8fe
:1032f8002421d4f8242142f48032c4f82421d4f8bb
:10330800282142f48072c4f82821d4f8282142f0f8
:103318008002c4f82821d4f8282142f04002c4f8d9
:103328002821d4f8282142f02002c4f82821d4f812
:10333800282142f01002c4f82821d4f8282142f4a8
:103348000072c4f828212a7b002a00f04781d4f8ab
:10335800042140f2d71161f30802c4f804212a6d50
:1033680013441a78002a40f04281ab6b02f27122b2
:10337800b3fbf2f3d4f804219bb263f31f42c4f801
:1033880004212a7cd4f8003162f38303c4f80031a5
:1033980095f82030022b04d0042b00f02381012b58
:1033a8000bd1d4f8042163f3cc22c4f80421d4f857
:1033b800002163f30612c4f8002195f82030a97d96
:1033c8000422013a12f0ff0206d0042b1abf5b0058
:1033d800dbb201231942f4d185f82030d4f800314a
:1033e8006ff3db63c4f80031d4f8003143f00053c5
:1033f800c4f800316b7c002b40f00e81d4f800310a
:1034080043f08043c4f80031d4f80031962262f3c7
:103418001743c4f80031d4f800316ff31963c4f8c6
:103428000031d4f800316ff39a63c4f800312b7b74
:10343800002b00f00081d4f800316ff30003c4f8ca
:10344800003131782e6d9e48342311fb03f10e4470
:10345800d5e9062796f800c0f3690088013a013fcc
:10346800bcf1000f40f0ec80d4f808e1a3eb000cad
:103478001ffa8cfc6cf31f4ec4f808e1d4f80ce179
:103488006cf30f0ec4f80ce11a44d4f80cc1121aec
:1034980092b262f31f4cc4f80cc16a6ad4f810c126
:1034a800121a92b262f30f0cc4f810c16a6ad4f807
:1034b80010c1121a92b262f31f4cc4f810c16a6aa2
:1034c8003a44121ad4f8140192b262f30f00c4f805
:1034d800140133626b6aab62d4f8183143f4807319
:1034e800c4f81831d4f82c316ff30f03c4f82c3119
:1034f800d4f81831032262f30713c4f81831d4f84a
:10350800183162f30303c4f818316e4b1a6815209a
:1035180060f31f621a601a68192060f317421a6074
:10352800a3f6042306201a6860f31f721a601a684b
:10353800022060f31b621a602b6ded6b5e180debb9
:10354800000201a9284628f0e7f8d4f800316ff303
:103558001c73c4f80031bdf80220d4f8083162f3b6
:103568000f03c4f808319df80420d4f8283162f319
:103578001743c4f828313378002b40f09880d4f8ea
:10358800003143f40043c4f8003124f069fe0146d9
:10359800284625f0c3fc4c4b984206d94b4a137871
:1035a80043f00203137016f08bff03b0bde8f083fd
:1035b800012a7ff4c8aed4f8242142f48012c4f85a
:1035c8002421d4f8242142f40022c4f82421d4f878
:1035d800242142f48022c4f8242196e6d4f8042158
:1035e8005721b8e6d4f8042142f4c052dde6012a96
:1035f8007ff4f4ae997cd4f8002161f3cc12c4f8be
:1036080000211b7dd4f80021c3f34213013363f377
:103618008302c4f80021e1e6d8f8003033b19847b6
:1036280020b12b4b1b78002b3ff4e8aed4f80031c7
:103638006ff39e73e6e6d4f8003143f00103fee62b
:10364800366ad4f808c1361ab6b266f31f4cc4f805
:1036580008c1d4f80cc11e1ab6b266f30f0cc4f830
:103668000cc113441b1ad4f80c219bb263f31f42fc
:10367800c4f80c21ab6ad4f810211b1a9bb263f36f
:103688000f02c4f810216e6ad4f81031361ab6b297
:1036980066f31f43c4f810316b6ad4f814213b4415
:1036a8001b1a9bb263f30f02c4f8142114e7012b11
:1036b8007ff46bafd4f8003143f4804363e700bf75
:1036c800700200206c3e014138feff7fdc020020c2
:0436d800d2340120c7
:020000040000fa
:020000040100f9
:1036dc00f7b50546bb4828f035f895f8cd306bb9f1
:1036ec002b7a002b64d008231e210b4403f2971372
:1036fc00b3f5d27f1ed24ff4d2731fe0012b56d1fb
:10370c0095f8f60095f9f430d5f8f8204009002b1f
:10371c0000f10100acbf1e214ff4967102284fea54
:10372c00420311d00328e0d001281bd13d330b44b8
:10373c00472b02d9c3f30e0300e04823a24a118899
:10374c0063f30e0111800de028330b442c2b84bf46
:10375c0047f6fe721a409c4b198898bf2d2262f3d3
:10376c000e011980002025f051fe0646012025f09f
:10377c004dfe0746022025f049fe46f40051044652
:10378c0089b2002025f054fe3946012025f050fe68
:10379c0044f4e06189b2022025f04afe2b7e8b4c6a
:1037ac008b4e032b16d8dfe803f005adbbd00023fe
:1037bc0019469ae7d4f8683f864943f48063c4f805
:1037cc00683f002026f0a2fab4f86c3f43f04003a7
:1037dc00a4f86c3f2b7a2f7c002b00f0c48040f2b5
:1037ec00831014f067fbd4f89c3f6ff31843c4f8b4
:1037fc009c3f002f00f0b980012f00f0c28036787a
:10380c0028f0fef910b1304611f028f8724b93f9fc
:10381c0000001ef0fffc95f8cd30002b40f0ba8074
:10382c00697e032028f01ff895f8cd30002b40f06e
:10383c00b8806a4a85f8e53005f1410105f12d03a0
:10384c0053f8040b42f8040b8b42f9d11b881380fc
:10385c00d4f8283143f00803c4f82831d4f82831bf
:10386c0043f00403c4f82831d4f8283143f00203a0
:10387c00c4f82831d4f8283143f00103c4f82831b6
:10388c0095f8cd30002b40f0ad80d4f8243143f0c6
:10389c000043c4f82431d4f8243143f08043c4f8f5
:1038ac002431d4f8243143f00053c4f82431d4f833
:1038bc00243143f08073c4f82431d4f8243143f01c
:1038cc008053c4f82431d4f8243143f00063c4f895
:1038dc002431d4f8243143f08063c4f82431d4f873
:1038ec00243143f00073c4f82431d4f8243143f468
:1038fc000003c4f82431d4f8243143f48003c4f811
:10390c00243172e0d4f8683f43f48063c4f8683f14
:10391c002c4b18689a882f4bc4f8ac0f9a8053e73d
:10392c00d4f8683f2b496ff38a23c4f8683f002012
:10393c0026f0ecf9307827f0f5feb4f86c3f00284f
:10394c007ff444af60f3861342e7d4f8683f43f446
:10395c008063c4f8683f1b4b18689a881d4bc4f8e9
:10396c00ac0f9a80e6e703203be7697c05f1120077
:10397c0026f092fdd4f8643f43f48073c4f8643f9e
:10398c003de7174b186808b914f094fa012010f0b1
:10399c0093fc34e7012b04d195f8f6104909013159
:1039ac003fe795f8e530222202fb03532d330b4af7
:1039bc0003f1140153f8040b42f8040b8b42f9d1b8
:1039cc0044e700bf6e3301206c38014100240141f3
:1039dc00d0340120ac3301418a0100202e25014155
:1039ec0054340120012b3ff468afd4f8243143f454
:1039fc000013c4f82431d4f8243143f48013c4f8f0
:103a0c002431d4f8243143f40023c4f82431d4f8fd
:103a1c00243143f48023c4f82431d4f8243143f402
:103a2c000033c4f82431d4f8243143f48033c4f87f
:103a3c002431d4f8283143f40073c4f82831d4f875
:103a4c00283143f48073c4f82831d4f8283143f07a
:103a5c008003c4f82831d4f8283143f04003c4f86b
:103a6c002831d4f8283143f02003c4f82831d4f895
:103a7c00283143f01003c4f828312b7a002b00f0c6
:103a8c003781d4f8043140f2831262f30803c4f88e
:103a9c00043195f8cd30002b40f04a81d5f8a43094
:103aac0040f27122b3fbf2f3d4f804219bb263f31e
:103abc001f42c4f804216a7ed4f8003162f38303f8
:103acc00c4f8003195f8ce30022b00f01581042b90
:103adc0000f02081012b0ed1d4f8042163f3cc2209
:103aec00c4f80421d4f8002163f30612c4f80021b1
:103afc00022385f8ce30d4f8003143f00063c4f8cb
:103b0c000031d4f800316ff35d73c4f80031d4f890
:103b1c00003143f08043c4f80031d4f800319622d0
:103b2c0062f31743c4f80031d4f80031022262f377
:103b3c001963c4f80031d4f800316ff39a63c4f8f8
:103b4c0000312b7a002b00f00a81d4f800316ff38e
:103b5c000003c4f80031a84b1a6842f480421a6082
:103b6c0095f8cf20012a1a680cbf42f080026ff33f
:103b7c00c7121a6095f8cd20a04b1988002a40f086
:103b8c00f380d5f88c30d4f808215b1a9bb263f320
:103b9c001f42c4f80821d5f88c30d4f80c215b1adc
:103bac009bb263f30f02c4f80c21d5f88c20d4f827
:103bbc000c318332521a92b262f31f43c4f80c31a7
:103bcc00d5f88830d4f810215b1a9bb263f30f023e
:103bdc00c4f81021d5f88830d4f810215b1a9bb2a8
:103bec0063f31f42c4f81021d5f88830d4f814219f
:103bfc0024335b1a9bb263f30f02c4f81421d5f87b
:103c0c008c30c5f89430d5f88830c5f89030d4f89d
:103c1c00183143f48073c4f81831d4f82c316ff395
:103c2c000f03c4f82c31d4f81831032262f30713b4
:103c3c00c4f81831d4f8183162f30303c4f81831fe
:103c4c006f4b1a68152161f31f621a601a681921eb
:103c5c0061f317421a60a3f6042306211a6861f374
:103c6c001f721a601a68022161f31b621a6095f8c0
:103c7c00cd30182202fb03530deb0102d3f8a860e0
:103c8c0001a9304627f046fdd4f800316ff31c73c0
:103c9c00c4f80031bdf80220d4f8083162f30f03e8
:103cac00c4f808319df80420d4f8283162f3174386
:103cbc00c4f8283195f8cd30002b40f09480d4f81e
:103ccc00003143f40043c4f8003124f0c7fa014634
:103cdc00304625f021f94b4b984207d995f8cc305a
:103cec0043f0020385f8cc3016f0e8fb03b0f0bdce
:103cfc00d4f804310322c8e6d4f8042163f3cc22af
:103d0c00c4f80421d4f8002163f30612c4f800218e
:103d1c000423eee6d4f8042142f4c052c4f8042182
:103d2c00d4f8002163f30612c4f800210123e0e665
:103d3c00012b7ff4e0ae95f8f420d4f8003162f357
:103d4c00cc13c4f8003195f8f630d4f80021c3f345
:103d5c004213013363f38302c4f80021cbe6d4f899
:103d6c00003143f00103f4e6d5f89430d4f808217f
:103d7c005b1a9bb263f31f42c4f80821d5f88c3050
:103d8c00d4f80c215b1a9bb263f30f02c4f80c211c
:103d9c00d5f88c20d4f80c318432521a92b262f3da
:103dac001f43c4f80c31d5f89030d4f810215b1aad
:103dbc009bb263f30f02c4f81021d5f88830d4f805
:103dcc0010215b1a9bb263f31f42c4f81021d5f883
:103ddc008830d4f8142125335b1a9bb263f30f029d
:103dec00c4f8142113e7012b7ff46fafd4f8003122
:103dfc0043f4804367e700bf543401417002002054
:083e0c006c3e014138feff7f0e
:020000040000fa
:020000040100f9
:103e140080b588b000afb96011461a460346fb81ed
:103e24000b46bb811346fb80fb893b82bb687b61ed
:103e3400bb893b83fb887b830e4b1b68fb6110e0d3
:103e4400fb691b6807f1100210469847034683f08c
:103e54000103dbb2002b01d0002306e0fb695b68a1
:103e6400fb61fb69002bebd1012318462037bd46cb
:103e740080bd00bf703201201fb50446694600882a
:103e840000f0aef968b3bdf80230abb1019b9bb151
:103e9400029bd3b9a2882088cab1a368bbb1618848
:103ea400fcf78afed0b14ff0200383f31188bff3ef
:103eb4006f8fbff34f8ffee74ff0200383f311881a
:103ec400bff36f8fbff34f8ffee79847e2e7019b85
:103ed400bdf802200021fcf76ffee3e7208800f024
:103ee400c6f904b010bd7fb56946054600f078f9ff
:103ef40010b9002004b070bdbdf80230a3b1019b1d
:103f040093b1029bcbb92846fcf7defe019abdf8bb
:103f1400021006462846fcf7f5fe022804460ed198
:103f2400b4fa84f04009e5e74ff0200383f31188e5
:103f3400bff36f8fbff34f8ffee79847e3e740b1be
:103f44004ff0200383f31188bff36f8fbff34f8fbc
:103f5400fee73346bdf8022001992846fff758ffd3
:103f64000028ddd1c5e71fb504466946008800f086
:103f740037f910b9002004b010bdbdf8023093b178
:103f8400019b83b1029bbbb96188a288bdf8023052
:103f940088189842eedca3682088fcf76bfeb0fa20
:103fa40080f04009e7e74ff0200383f31188bff363
:103fb4006f8fbff34f8ffee79847e5e773b5dff8e0
:103fc40040c00e4d06460c4600226b46688891b2ee
:103fd400884201d800200ee00cebc20103c983e83b
:103fe4000300bdf80610b14202f10102eed103cb89
:103ff40020606160012002b070bd00bf74320120f6
:10400400280300012de970411e4b85b0064618684f
:1040140027f098f9002480462546a04510d865bbb2
:104024002a463146174826f0a2ff012825d04ff032
:10403400200383f31188bff36f8fbff34f8ffee725
:10404400002201a90f4827f050f901280cd1019a48
:1040540033680c489a4208bf012501a900220134a3
:1040640026f085ffe4b2d8e74ff0200383f31188ec
:10407400bff36f8fbff34f8ffee7012005b0bde89c
:10408400708100bf9834012010b5044688b108201f
:104094000ff034fb40b94ff0200383f31188bff3d2
:1040a4006f8fbff34f8ffee7024b04601a694260c3
:1040b400186110bd7432012010b5044688b108207f
:1040c4000ff01cfb40b94ff0200383f31188bff3ba
:1040d4006f8fbff34f8ffee7024b04601a68426094
:1040e400186010bd7032012010b5044608200ff08e
:1040f40005fb28b1034b04805a69426058610120d2
:1041040010bd00bf7432012000f44063b3f5406f6a
:1041140013b514d16946fff751ff70b9002002b0fe
:1041240010bd009b33f81400fcf728ff0134e4b2ff
:10413400bdf80430a342f4d8f0e70024f8e7fcf714
:104144001dffebe7034b00229880c3f80620181ddf
:10415400da6057e774320120054b5b690bb91846e6
:1041640070471a88824201d05b68f7e701207047e4
:10417400743201207fb5184b184d5e6904464eb960
:104184000120fcf753ff3146286818f0d1f80020cd
:1041940004b070bdfcf74aff24b10021286818f070
:1041a400c7f8f4e7286827f0cdf80646a642eed90a
:1041b400002201a9284627f098f8012809d1bdf862
:1041c4000400fff7c9ff20b1002201a9284626f008
:1041d400cefe0134e4b2e9e77432012098340120c0
:1041e4002de97041dff848c0dff8488085b0864685
:1041f4000e4600256c4600bfbcf80030ab4201d827
:10420400002010e008eb05130fcb84e80f00bdf885
:10421400003073450ad1234603cb3060716003cb71
:10422400b060f160012005b0bde870810135e3e7bd
:1042340074320120280300011fb50446008800f4ed
:104244004063b3f5406f02d1002004b010bd69464d
:10425400fff7c6ff0028f7d0a28863881344bdf88f
:1042640002209342f0dc2046fff7ccfeede738b5a0
:10427400044b1c69054604b938bd23682846984791
:104284006468f8e77432012030b585b004466946a5
:104294000088fff7a5ff002845d0bdf80230d3b150
:1042a400019bc3b1029bfbb92088fcf7fffe258864
:1042b400e0b9019abdf802102846fcf723fd10f07e
:1042c400fd0f2dd04ff0200383f31188bff36f8fc0
:1042d400bff34f8ffee74ff0200383f31188bff342
:1042e4006f8fbff34f8ffee79847dde7a2887ab15f
:1042f400a3686bb161882846fcf75efc80b14ff07f
:10430400200383f31188bff36f8fbff34f8ffee752
:10431400019bbdf8022000212846fcf74dfcede787
:104324002088fff7a4ff05b030bd024b186827f0c2
:10433400f3bc00bf9834012030b5174d89b000227a
:1043440002a9284626f0d1ff012801d009b030bdca
:10435400bdf8080000f44063b3f5406f17d1694617
:10436400fff72cfe0028ead00024cdf8164007946d
:10437400bdf80430a342e2d9009b05a833f81430f9
:10438400adf814300134fff77fffe4b2f0e702a880
:10439400fff77affd3e700bf9834012030b5044615
:1043a400008800f44063b3f5406f85b003d1002565
:1043b400284605b030bd6946fff712ff05460028c0
:1043c400f5d0a28863881344bdf802209342eedc42
:1043d4002046fff759ffebe700f44063b3f5406f65
:1043e40037b518d16946fff7e9fd054688b90025b8
:1043f4000ce0009b33f81400fcf758fe0028f6d0bc
:104404000134e4b2bdf80430a342f2d8284603b024
:1044140030bd0024f6e7fcf749fe0546f6e700f454
:104424004063b3f5406f13b516d16946fff7c6fd77
:1044340080b9012002b010bd009b33f81400fff7cf
:1044440052fd0028f6d00134e4b2bdf80430a34292
:10445400f2d8eee70024f8e7fff745fdeae7038822
:1044640003f44063b3f5406f00d07ce5002070474f
:020000040000fa
:020000040100f9
:10447400383201201c0000000000000098310120a7
:104484006000000000000000283301200800000044
:1044940000000000b83001203000000000000000df
:1044a4000000002080000000000000009431012082
:1044b4000400000000000000803301200800000018
:1044c400000000003037012004000000010000005b
:1044d400aaaaaaaa88330120040000000000000050
:1044e4001803002024280100000000008c33012060
:1044f400100000000000000030330120080000001c
:10450400000000009c3301200c00000000000000ab
:10451400502f01206400000000000000a833012097
:104524001400000000000000a43201202800000054
:1045340000000000bc330120100000000000000057
:10454400cc3201201400000000000000cc33012014
:104554000400000000000000e032012028000000f8
:1045640000000000d033012008000000000000001b
:1045740034370120040000000100000004000000a2
:10458400800000200800000000000000d534012055
:104594000200000001000000f80e00003833012082
:1045a4000800000000000000880000200100000056
:1045b4000000000038370120040000000100000062
:1045c400ff00ff7f90000020a0000000000000001a
:1045d400d83301200c00000000000000300100204e
:1045e4003e00000000000000e43301200c00000045
:1045f400000000004033012008000000000000001b
:10460400f0330120100000000000000070010020c1
:1046140018000000000000004f2f012001000000de
:1046240000000000483301200800000000000000e2
:10463400f83101202000000000000000b8340120ff
:104644000100000000000000003401200800000008
:1046540000000000b9340120010000000000000047
:10466400083401200400000000000000ba340120d6
:1046740001000000000000000c34012004000000d0
:1046840000000000bb340120030000000000000013
:10469400a8340120020000000000000010340120b2
:1046a4000400000000000000aa34012004000000ff
:1046b4000000000014340120040000000000000089
:1046c400083301201000000000000000be34012067
:1046d4000100000000000000503301200800000029
:1046e40000000000880100200e000000000000000f
:1046f4001834012008000000000000009801002088
:1047040004000000000000005833012008000000ed
:10471400000000009c0100200400000000000000d4
:10472400203401201000000000000000a00100203f
:1047340008000000000000003034012004000000e4
:10474400000000007031012024000000000000007f
:10475400183001205000000000000000bf34012088
:104764000100000000000000a80100200800000073
:1047740000000000ae340120020000000000000030
:10478400c034012001000000000000005432012068
:104794001c0000000000000018320120200000006e
:1047a4000000000034340120040000000000000078
:1047b400c134012001000000000000001831012074
:1047c4002c00000000000000383401200400000028
:1047d40000000000b00100200e00000000000000f6
:1047e400c00100202500000000000000c2340120a8
:1047f40001000000000000003c340120080000001b
:1048040000000000b034012004000000000000009b
:10481400c33401200100000000000000e801002072
:104824005a00000000000000c43401200100000010
:1048340000000000443401200800000000000000d3
:10484400440200201c000000000000006833012026
:104854000600000000000000c53401200300000031
:104864000000000060330120080000000000000088
:10487400c834012006000000000000004c34012070
:104884000800000000000000b4340120040000000f
:1048940000000000ce3401200100000000000000f0
:1048a40060020020040000000000000048370120de
:1048b40002000000010000007000000064020020fb
:1048c4000c0000000000000018330120100000005c
:1048d400000000007002002004000000000000003e
:1048e4005434012004000000000000007402002081
:1048f4004100000000000000b80200200c0000008d
:1049040000000000cf34012001000000000000007e
:10491400583401201c00000000000000c4020020e4
:1049240009000000000000007434012004000000ad
:10493400000000006e3301200600000000000000ab
:10494400d03401200100000000000000d00200204b
:104954000c00000000000000e830012030000000de
:104964000000000074330120060000000000000075
:10497400443101202c00000000000000d13401204b
:104984000100000000000000783401200c00000049
:1049940000000000d23401200100000000000000eb
:1049a4008434012004000000000000007a33012058
:1049b4000600000000000000b42f01206400000085
:1049c40000000000d33401200100000000000000ba
:1049d400dc0200200900000000000000e8020020c2
:1049e40008000000000000008834012004000000da
:1049f40000000000f00200200d0000000000000094
:104a04008c32012018000000000000004037012013
:104a14000800000001000000bba60101bba60101c3
:104a2400fd0200200100000000000000d434012039
:104a3400010000000000000000030020040000004a
:104a4400000000008c34012004000000000000007d
:104a54000403002004000000000000009034012042
:104a64000800000000000000080300200c00000003
:104a740000000000140300200400000000000000f7
:104a8400703201201c000000000000009834012056
:104a940008000000000000003c2b0120130400006b
:104aa40000000000a0340120040000000000000009
:104ab400683001205000000000000000a4340120f0
:104ac40004000000000000000000000000000000de
:020000040000fa
:020000040100f9
:104ad4002de9f04faf4b95b01a7805931ab91f2002
:104ae40015b0bde8f08f036d342701fb07370225ad
:104af400fc69a61c0021304610f090fda8b1037893
:104b0400d90712d597f82530002b00f0cf8097f8fd
:104b1400290025f0e1fc40f002008df821000df1a0
:104b2400220197f829001ff0b1f8a378012d03f0b2
:104b34003f0304f103041c4440f0b680fc690234d2
:104b44000021204610f06afd0028c8d003781a0717
:104b5400c5d50321204610f061fd068808a8360b50
:104b64008df8206021f0eef8ddf82220cdf8292020
:104b7400bdf82620adf82d20874a9df82130147801
:104b84008df82f6003f0010314f0010405468df83d
:104b9400283000f09b800df11f010aa820f06cf86a
:104ba400b0fa80f46409f86990f802b00bf03f0b96
:104bb40005215844084410f031fd0646002800f051
:104bc40096804388052b40f292804378027803f064
:104bd4001f0352ea032314bf4ff001094ff00009e9
:104be4006e4b0093cde90249019501230222712104
:104bf400ec2011f081fc002d7ff471af002c3ff408
:104c04006eafb9f1000f3ff46aafc021032019f071
:104c1400c9fe8146002843d00468614b436029469d
:104c2400bc22204626f0f8fa5e49c4f8089091f8b0
:104c340000c0c4f8bc5028462cfa00f3db07c2b20b
:104c440058d4012303fa00f04cea0000087093b230
:104c5400a382554b554d1878554bdff86c811b8852
:104c6400e363544b00eb40101a784000a0639a466b
:104c74003ab913f0f1f92860e06b13f0edf9c8f8d4
:104c84000000286820b1d8f80020c2bb21f0deff64
:104c9400d8f8000008b121f0d9ff48461ff040fcc5
:104ca400059b002018701be7012522e723780121ca
:104cb400c3f3801330468df8213010f0affc036845
:104cc400cdf822308388adf826302ee73a4a1278a0
:104cd4009a427ff468af394b1b78b3427ff463afd9
:104ce40006220df12901364825f066fc58e74ff0fd
:104cf400000975e7013006289ed10023a8e70023a8
:104d04002360304bc4e911205a68626014605c600f
:104d14009af8003001338af80030d7f81ca0042137
:104d24000af1020010f07afc90b390f802904fea76
:104d340059197378357813f0200f03f01f0345eaef
:104d4400032516bf4ff49670c5eb051515fb00f54a
:104d5400da44304608bf6d0022f0fef8b9f1010fc5
:104d64009af8043032d0b9f1000f00f04881b9f15b
:104d7400020f40f044813a7902f00f02012a0bbf7e
:104d84001b019b01563303f2511340f28d1220e0b4
:104d94008146cee7c7340120ca340120b45d010145
:104da400951d0201c8340120c03401204c34012077
:104db400ae340120c9340120c5340120c634012099
:104dc40068330120603301205034012005339b00f7
:104dd4001e22723d2d1aeb1a981a26f074f83b8a9b
:104de4004ff6fc719b0019400546f86826f0e4ff75
:104df40029461ff071fb08ab024603cb09f10109f8
:104e0400e262e060216184f83090338a238504f102
:104e140016052b4606f1100256f8041b43f8041b32
:104e24009642f9d132881a80b9f1020f00f0eb8072
:104e3400b9f1030f00f0e980b9f1010f03d1a22009
:104e440026f041f86063284622f086f8e37dc4f832
:104e54008c0013f0200f94f830300cbf1e224ff456
:104e64009672022bc4f8982000f0d280032b40f2f3
:104e7400971118bf3d21238b0a4440f271215943f5
:104e8400b1f5004f2abfc2f5ff428a1a7f32520899
:104e9400904228bf1046c4f89420c4f8900026f02d
:104ea40012f8228b4ff47a73c4e92833fa3353434c
:104eb400c4f8b0300146e06a24f032f8554bc4f827
:104ec400ac001b7883f0010384f87430524b1b78d8
:104ed40084f89c300623a4f87230504b1b88a4f845
:104ee400603000250122234684f85e20a4f8625035
:104ef40053f81a1fc4f86a101b7984f8542003f07d
:104f04001f0384f86e304ff0ff33c4f88830c4e9cf
:104f14001f33434b84f86450c4f884500093022335
:104f24001a46ca21ec2011f0e7fa94f830300293c3
:104f3400a38a01933b4b009302231a46cb21ec2016
:104f440011f0dafa238d0293d4f8ac300193364b86
:104f5400009302231a46cc21ec2011f0cdfa238bc6
:104f64000193324b009302231a46cd21ec2011f019
:104f7400c3fae37dc3f340130293e27da37d02f001
:104f84001f0243ea02230193294b009302231a468a
:104f9400ce21ec2011f0b0fad4f88c300193254bdb
:104fa400009302231a46cf21ec2011f0a5fa23f036
:104fb40059f9214b009302231a460190d121ec2088
:104fc40011f09afa1d4b1393d4f8ac300d93d4f826
:104fd400a0300f93d4f8a4300e93194b0a93d4f84d
:104fe400b030cde9103504f1bc01a36812930aa8ce
:104ff4000ef0aef9d4f8bc0018f0bef850e6053354
:10500400db003322e5e68d201ae74ff4fe7017e744
:10501400282130e7cd340120cc340120b4340120e0
:10502400d65d0101ea5d01010b5e01012e5e010105
:105034004a5e01016c5e0101875e01014971000154
:045044000005000162
:020000040000fa
:020000040100f9
:105048002de9f043074689b018220e4602a8002130
:1050580026f0e0f83c681ff063fd0023237523f079
:105068001dfea36fda0505d519f016fd1df0a2fe89
:10507800aff30080b4f85c3001339bb2a4f85c3025
:10508800ebb9b4f8503053b1b4f85420524292b24c
:10509800b2fbf3f103fb11229b1aa4f85430e36f1f
:1050a800db070cd5d4f8b0114b8943b18a89524239
:1050b80092b2b2fbf3f003fb10229b1a8b81b4f877
:1050c8005a300bbbe06f10f0010040f06c810146d4
:1050d8000546b4f850c0bcf1010f00f07a81d5b98b
:1050e800b4f85420b4f85c309a4240f26b81d21a7a
:1050f80092b2b2fbfcf50cfb152292b2002a40f0ea
:105108006a81a4f8582064e1013b9bb2a4f85a30a4
:10511800002bd7d00025e37d012b66d1a36fda01e0
:105128000cd5d4f8cc0026f08cfe8046d4f8cc0000
:1051380026f066fe0146404624f0c4f9d4f8c8308b
:10514800db0110d520461df043f960b1d4f8cc003e
:1051580026f077fe8046d4f8cc0026f051fe0146b2
:10516800404624f0aff9a26fd4f8803012f00079ed
:1051780000f05781d4e921929b00403302f1ff38b7
:105188004ff6fc721a40d4f8cc1002a81ef03dff6e
:10519800d4e9202140f272234b4303eb420320332e
:1051a800a8eb0908c4f88c304fea482305939df80a
:1051b800083043f010038df80830e37d012b14d13b
:1051c800e3681bb9a36f23f48053a367a36f13f499
:1051d800505f00f08e81180240f1e68123f400034d
:1051e800a367d4f8cc0026f028fe002d3dd1a36f8c
:1051f8001a023ad4b4f85a30002b36d1b4f85450c5
:10520800b4f85c20b4f8500095428cbfab1a531b1d
:105218009bb2b3fbf0f100fb1131954289b2e36f09
:105228009cbf411a89b2db0717d5d4f8b0c1bcf8c6
:105238000c50bcf80ac095428cbfab1a531b98b2ed
:10524800b0fbfcf30cfb13039bb295429cbfaceb89
:1052580003039bb2994228bf194631b1a4f85a10ea
:105268000022d4f8cc0026f0e6fd1ff059fca36f0d
:1052780023f03c5323f44c63a367d4f8c83023f0dd
:105288008073c4f8c83023f009fda36f9d0729d5a2
:105298001ff046fca36f23f0020343f00403a36747
:1052a80023f0fcfc01a9d4f8cc0025f031fc019bcb
:1052b8005b0a0193226f13442367384625f06cf983
:1052c80094f86d30d4f8cc0043f0100384f86d30b6
:1052d80026f0b7fdc4f8c000d4f8cc0026f090fd45
:1052e800a4f8bc00a36f980211d51ff019fca36f96
:1052f80023f40013a36723f0d1fc204624f088fe92
:105308009df80830069043f020038df80830a36f0d
:10531800990540f13081a38f002b00f03d81b4f84e
:105328006830002b00f03881013ba4f86830002376
:1053380084f828301ff0f4fba36fd80554bf23f47a
:10534800844323f48643a36723f0a8fc94f86d30c4
:1053580059070cd501ab04229549019701201bf090
:10536800ecf994f86d306ff3820384f86d30d4f85b
:10537800443143b11a7c520641bfd3f82220137a34
:1053880043f020031372002e00f00a8102ab03cb16
:105398003060716003cbb060f16003cb3061716144
:1053a80009b0bde8f083d4e96c3194f8e420082a08
:1053b80018bf19464d8905f1ff3cdcf1000545eba6
:1053c8000c0586e69a1a92b2002a7ff492aea4f8e7
:1053d800585001259fe6b4f8582022b1013aa4f8a4
:1053e8005820022597e600283ff494ae8a899a420d
:1053f80012d9d31a9bb24889b3fbf0f200fb1233df
:105408009bb2002be5d0b4f85230012be9d80b8ab7
:10541800012b7ff67faee4e79b1a9bb2002bd8d016
:10542800e9e712f001023fd0d4f88c10d4f88400d8
:1054380001f1200808eb430840f2722101fb0088c3
:10544800607d58b10321b0fbf1f101eb4101411a34
:1054580011f0ff0f04bf08f272289146b8f5004f0b
:10546800bff4abae618f40f271224a43963a904541
:10547800bff4a3ae9b0040334ff6fc721a40d4f839
:10548800cc1002a81ef0c1fdc4f88c8001a9d4f884
:10549800cc0025f03dfbd4f88430019ac3eb5223ad
:1054a800a3eb09035b0281e69b0003f598734ff6b3
:1054b800fc721a40d4f8cc1002a81ef0a6fdd4f84d
:1054c8008c30d4f88020d4f8cc007a3303eb420334
:1054d800d4f8842040f2722101fb0233c4f88c30e6
:1054e80001a925f015fbd4f88430019ac3eb5223a7
:1054f800d8e799067ff579ae94f86c2092077ff586
:1055080074aea18f00293ff470ae18023ff5adae1e
:1055180025b1b4f85020012a7ff4a7aeb4f858207a
:10552800002a41d1b4f85000a4f8681043f40003ed
:105538000128a36704d1d4f8cc0026f07cfc54e6fb
:10554800b4f854e0b4f85cc0e6458cbfaeeb0c038d
:10555800aceb0e039ab2b2fbf0f300fb13239bb241
:10556800e6459cbfc31a9bb211fb003189b2a4f86f
:105578005a100022dfe75a040ed51d047ff5d7ae76
:10558800204622f08dfa9df808308df8090043f086
:1055980001038df80830cae6204625f027fef2e719
:1055a80002a80bf0b9fffbe6002d3ff423ae5ce642
:0455b800a204010147
:020000040000fa
:020000040100f9
:1055bc00f8b58b1e04460e46232b00f21c81dfe847
:1055cc0013f024001a011a011a01300064001a01a8
:1055dc00dc001a01f000420160011a0171011a018c
:1055ec00d7011b022e023102580274021a011a0151
:1055fc001a011a011a011a018f0293021a011a01d7
:10560c001a011a0197029a029d02d0f8c430dc07e5
:10561c0002d501252846f8bd90f8e01024f06bfa6d
:10562c00f7e7c37dabb990f8e25094f86d3023f0f6
:10563c00600384f86d30204620f0e5fc212d17d155
:10564c0001220021204623f095ffe37db3b9002110
:10565c0017e0062124f057fd002800f0cc8094f8c8
:10566c00f43094f8e45043f0010384f8f430dce7b0
:10567c00222dead1204624f0d8f9e6e7012bc8d137
:10568c000121204613f064fdc3e790f8e130162b9e
:10569c0044d014d80e2b28d008d8032bd7d190f88f
:1056ac00ed306ff3000380f8ed30d0e70f2b26d0f0
:1056bc00142bccd190f8ed306ff34513f3e7232b7b
:1056cc00c5d3252b3dd9283b012bc0d8d0f84c0194
:1056dc0020b121f0b7fa0023c4f84c3194f8f23021
:1056ec006ff3041384f8f230b1e790f8ed306ff3f8
:1056fc00c30380f8ed301a2120f048fea7e790f89c
:10570c00ed306ff3410380f8ed30c37d13b921f018
:10571c0028f97ee71a211bf06ffe98e7012124f08f
:10572c00c8f925f041fe00210546204624f0c1f9b8
:10573c0025f03afe1a2302462946204621f0eafac1
:10574c0085e7d0f84431002b81d0d3f8220060b12a
:10575c0021f078fad4f84431002283f8222083f81f
:10576c00232083f8242083f82520d4f8440121f049
:10577c0069fa0023c4f8443169e790f8e25005f067
:10578c00fd05012d7ff445afd0f8b031002b3ff46f
:10579c0040af002120f0fafd0021204613f0d8fc88
:1057ac0038e7c57d002d37d190f8e230222b7ff4fd
:1057bc0030af90f8e330042b7ff42baf0b2124f0a7
:1057cc00a2fcc0b120461af0c1fa054678b10123fb
:1057dc0084f8e33094f8f43023f0030384f8f430c5
:1057ec0094f86d3043f0400384f86d3012e70146b5
:1057fc00204623f07ff8c64b1b68002b40f08181bc
:10580c00c44b1d68002d3ff405af31462046a84718
:10581c00051c18bf0125fde6012d7ff4faae90f8aa
:10582c00e430222b7ff4f5ae90f8e530042b7ff4b6
:10583c00f0ae022380f8e53090f8f4306ff30003fb
:10584c0080f8f430e6e60c2118f088fa05460028ba
:10585c003ff4dfae94f8e230022b06d1002684f838
:10586c00e260204621f00aff96e794f8f23019071f
:10587c003ff5cfae20461ff073f900287ff4c9ae78
:10588c00b9e725f025fc00283ff4e1ae94f86d3023
:10589c0023f0600384f86d3000221a21204623f097
:1058ac0069fed4e690f8e450002d7ff4b2ae1ff000
:1058bc0097fd00284ed0112384f8e4300f212046a8
:1058cc0018f04cfa002800f00581d4f8b47126f0d9
:1058dc003df9012826d97b8b628fd4f8cc009a42f3
:1058ec001abf40f2e2415943294626f065f9a4f863
:1058fc00a800b4f8a82032b1798bb2fbf1f301fb0c
:10590c001323a4f8a830204621f0a1fc054660b171
:10591c00204622f0c6f994f8f23043f0010384f8e3
:10592c00f23077e6a4f8a850ede7e37d53b90421f3
:10593c0020460ff0e5ff00287ff46bae002384f8bf
:10594c00e43058e7012b7ff464ae1021204611f0af
:10595c0009f8f0e70f211e2220461ef051fc012110
:10596c000546204613f0f4fb002d3ff444af50e6ff
:10597c0090f8e230132b2bd00ed8082b37d0112bec
:10598c007ff465aec37ddbb990f8e0101a2911d114
:10599c0001210ff0b5ff70e7213b012b3ff657ae0d
:1059ac0090f86d3090f8e01023f0600380f86d30c3
:1059bc00002274e790f8f230da077ff548aeaae6d9
:1059cc0090f8f230db077ff542ae90f8e010a2e6db
:1059dc00012124f06ef825f0e7fc00210546204655
:1059ec0024f067f825f0e0fc94f8e030a3e690f89a
:1059fc00e0101ff0b1fa2ae6122118f0aff918b92d
:105a0c00204620f000fb04e694f8e430002bf7d19c
:105a1c001321204624f077fb0028f1d1ebe620f08f
:105a2c00f2fa14e690f8e430002b7ff4f2ad142176
:105a3c0018f094f900284dd094f8e430002b7ff442
:105a4c00e8ad142120460ff0cdfa054620461ff094
:105a5c0063fe20b90121204613f07afbcbe6002d22
:105a6c003ff40eae204621f08efb204623f000fec4
:105a7c0006e690f8e230052b01d0032b10d1d4f8b8
:105a8c00b0316bb1152120460ff0acfa00283ff471
:105a9c00dead204621f077fb204623f0e9fdd6e56c
:105aac001521204623f0e3ffb3e590f8e430002bfa
:105abc007ff4afad132380f8e430162118f04ef9c3
:105acc0040b1e37d204613b90bf04eff33e71cf0d9
:105adc00a1ff30e794f8e630002b7ff49aadcfe5c8
:105aec0022f0e8fb05463fe7002122f085feaee5fb
:105afc001cf066fff6e709f07bfdf3e715f030fbd1
:105b0c00f0e731462046984700283ff479ae80e50f
:085b1c00203401202434012093
:020000040000fa
:020000040100f9
:105b24002de9f0478ab0c7b289460192002f40f0b0
:105b3400b78001a903a823f05aff01a904a823f000
:105b440056ff05a801a923f052ff039b980445d5ed
:105b5400d9f800608d4c336d227896f80fa0342567
:105b640002fb0535a04695f82b30894c013385f8a6
:105b74002b3026f049f8002800f09680d4f86c0ffa
:105b8400c0f30030002840f08f80d4f8683f190338
:105b940040f18a800af0fd0abaf1010f40f08480d6
:105ba400d4f8603f9a057fd5d4f8683f9b007bd535
:105bb400784ad4f8683f1278c3f302639a4273d0e8
:105bc40023f0fef9d4f8283143f00803c4f828314f
:105bd400d4f8283143f00403c4f82831059bdf05c9
:105be4002dd56b4bd3f81c31c3f3c303072b26d13c
:105bf400d9f80030654a1b6d1278342402fb043452
:105c04000021e569023528460ff008fd68b10378e4
:105c1400de060ad5042128460ff000fd28b181785c
:105c240049090131032025f022fe5b4b1a682379d0
:105c3400c2f3411203f00f0343ea021323710599df
:105c44008c0516d5d9f80030504a10781a6d3423d3
:105c540000fb0323012283f82c204d4bd3f81c2195
:105c6400100240f1b881d3f8242142f48022c3f811
:105c740024214b0514d5454bd9f800001b788df829
:105c84001830464b1b788df81a30454b1b788df82d
:105c94001930444b06a91b788df81b3004f0fcfb2b
:105ca40000200ab0bde8f087ff238df80b3025f003
:105cb40077fab0bb25f0a2ff98bbd4f86c3f180567
:105cc4002fd4326d98f80010342301fb03239a7803
:105cd400db69c2b993f800a0706acaf3801a03683a
:105ce400cdf819308388adf81d309df818300df1ca
:105cf4000b016af3000306a88df8183017f080fa38
:105d040078b100205ce7987800f03f02d81c10447a
:105d1400012110f802abcaf3801a0ff07ffc0028af
:105d2400ddd1032021f001fad4f82021ab7803eb74
:105d34001263ab70d4f82031ea78c3f307431344f9
:105d4400eb70d4f8283143f00803c4f82831d4f8b0
:105d5400283143f00403c4f82831d4f86c2f9df89b
:105d64000b50b37b110500f14081d4f8682f9200e9
:105d740040f13b81032b2bd8dfe803f004c116c8a4
:105d8400ff2d15d1d4f800311ae000bfdd02002048
:105d940000240141d3340120c0340141dc0200203d
:105da400de020020df020020d4f8685fc5f302653c
:105db400284625f0bbfcd4f80031002800f093807d
:105dc4006ff34103c4f800318f49002023f0a2ff90
:105dd400737c012b4ad1326d98f80010342301fbf7
:105de40003231a78002a40f0a2809878d4f81c2162
:105df400d4f81c110128c2f3c302c1f3410106d136
:105e040093f82b00012802d162b1062a0ad05888df
:105e140040f20112904229d193f82b20022a25d175
:105e2400022923d1d4f81c21c2f3c30212b1062ad9
:105e340040f08c80756a5db1dff8d8a1062229464e
:105e4400504624f0b9fb002840f090806f4b9f70bf
:105e54006e498a780c2303fb02121379013bdbb2ef
:105e64001371002b7ff44daf01230b7098f80010d1
:105e7400342311fb03f1d4f81c31c3f340331bb9b1
:105e8400d4f81c31c3f38023d4f86c2f100516d436
:105e9400326dd4f86c0f0a4410f4807f134400f080
:105ea4008280d4f8682fc2f3407092007bd583f8c7
:105eb4002500d4f8682fc2f3026283f82920d4f8ad
:105ec4006c3fdf043ff58aaed4f86c2f336d960532
:105ed4000b446cd5d4f8682f1503c2f3c04166d5c2
:105ee40083f827107ae643f00203c4f80031284609
:105ef40025f024fc1bf01eff6ae7ff2d0ad1d4f81d
:105f0400003143f00203c4f800310ee0d4f8685fb6
:105f1400c5f30265284625f009fcd4f8003143f0a6
:105f24000203c4f800310028e1d03948e2e7588878
:105f3400d4f81c2140f201118842c2f3410295d1e8
:105f440093f82b10012991d1022a6ae7dd69ab7815
:105f540003f03f031d440535002128460ff05efb86
:105f6400284601210ff05afb054664e70137ffb2ca
:105f7400082f0af10c0a7ff461af244b5a780c21e4
:105f840001fb023001270771c0f806702968c0f8c8
:105f94000a105a789a70072aa988c1810cbf002276
:105fa40001325a7054e7002283f8252087e7002243
:105fb40083f82720d4f86c2f9005c2f3402106d52e
:105fc400d4f8682f120302d483f8281006e60022be
:105fd40083f8282002e6d3f81c21d2017ff549aecc
:105fe400d3f8242142f4002241e6032b3ff6f0ae1d
:105ff40001a252f823f000bf895d0001035f000194
:10600400855d0001ff5e0001ac330141b42f012026
:086014007a330120be2f0120a8
:020000040000fa
:020000040100f9
:10601c002de9f04f04468db00bf0eefb94f85030a8
:10602c00d4f8e490029394f84b7094f84f300393a7
:10603c0009f142030193002f00f0888109f18403d8
:10604c000093d4f87c61d4f8bc30f56804932b68c9
:10605c006ff302032b602b6894f8242062f3c403c3
:10606c002b602b684ff0040b6bf3ca132b602b685f
:10607c002a466bf3ce2342f8103bc04b1968521ad8
:10608c00296892b262f3de3129602a686ff3df72fd
:10609c002a60aa68012161f30102aa60aa6842ea97
:1060ac000b02aa60aa686ff3c802aa601a68696832
:1060bc00a9eb020292b262f30f0169606a686ff396
:1060cc001f424ff000086a60ad4a089207a94a4681
:1060dc000794adf8248094f8470012f0edf899f885
:1060ec00012094f8361094f8240021f033f8c6e916
:1060fc000498d6f800a086f80880f560c6f81880d9
:10610c00a6f81c80daf80c603268052363f30202ef
:10611c003260326894f82410984b61f3c4023260f8
:10612c0032686bf3ca12326032686bf3ce22326083
:10613c00326868f3de3232601988d4f8dc30726869
:10614c005b1a9bb263f30f027260d4f8d8207368a9
:10615c00521a92b262f31f437360b368022262f365
:10616c000103b360b36843ea0b03b36006f1100399
:10617c00b2685b1a9bb263f35822b260b36868f3df
:10618c005a63b36000f170050c2294f8361094f841
:10619c00240020f0dfff4ff00503caf80c608af8ea
:1061ac000830d4f8dc30caf81850cae90435aaf81b
:1061bc001c8094f83610b1fa81f183460c224909ff
:1061cc0094f8240020f0c6ff94f82430022b00f041
:1061dc00bf80032b00f0c080012b40f0c1800bf17d
:1061ec00a703a73000eb050b1d44daf800a0daf882
:1061fc000c603268042363f302023260326894f854
:10620c00241061f3c4023260326863f3ca12326044
:10621c00326863f3ce223260002f00f0a380574a1d
:10622c00126806f110039b1a32689bb263f3de32dc
:10623c0032603368514a01996ff3df73336013880e
:10624c007068c91a89b261f30f0070600499cb1a97
:10625c0071689bb263f31f417160b368022161f3f3
:10626c000103b360b36843f00403b36001230794e4
:10627c008df822300592002f79d08df82130039bb8
:10628c008df8243000238df823308df82530019ab9
:10629c0094f847000b2307a98df8203012f00cf866
:1062ac0099f8432094f8361094f8240020f052ff0b
:1062bc008046002f60d0b4f8c090039ba9eb030973
:1062cc001ffa89f904238af80830019bcaf80c607c
:1062dc00cae904350023fa1a18bf01228af81d20d6
:1062ec009df82120caf818b08af81c306ab18df8d4
:1062fc00283094f82430013b8df82930514608f5ac
:10630c00a5730aa80b9316f057f89df82430049a3d
:10631c001a44134694f82420022a33d0032a0cbfc3
:10632c007c227e2290447fb3e13545440bf1e10b96
:10633c00d84400bfdaf800a05fbb454534bfc4e9c0
:10634c004e85c4e94e580db0bde8f08f009778e645
:10635c000bf1a103a13045e70bf1a903a93041e7eb
:10636c00ab4642e7336867f3de33336061e78df8a1
:10637c002170b4f8c03083e7b946a3e7700200205f
:10638c000a0001008422cde7073545440bf1070bc9
:10639c00cee7daf80c6032686ff3020232603268d2
:1063ac0094f8241061f3c40232603268042161f362
:1063bc00ca1232603268013f61f3ce2217f0ff0738
:1063cc00326000f088804c49096806f11002521abc
:1063dc00316892b262f3de31316032686ff3df7292
:1063ec003260b2686ff30102b260b26842f004022c
:1063fc00b260b2686ff3c802b260059a0099128855
:10640c007068891a89b261f30f00706071689a1a0a
:10641c0092b262f31f410122716007948df8222021
:10642c00002f5dd08df82120029a8df824200d22aa
:10643c004ff0000b8df8202007a9009a94f8470024
:10644c0001938df823b08df825b011f035ff009b2a
:10645c0094f836105a7894f8240020f07bfe019bb7
:10646c000246002f41d00299a9eb01091ffa89f9c4
:10647c000099caf80c60cae90415391c18bf01212f
:10648c008af81d109df821108af808b0caf81880f7
:10649c008af81cb089b194f82410039301398df853
:1064ac00291002f5a5710b910aa8514601928df89d
:1064bc0028b015f081ff039b019a9df824100b4422
:1064cc0000994231009197b105f5a575154408f571
:1064dc00a57890442ee7326867f3de3232607ce7b1
:1064ec008df821708df82490a1e7b946c0e770357e
:0c64fc00154408f17008ece77002002065
:020000040000fa
:020000040100f9
:106508000829f8b504460e4600f0fd8009d801298f
:1065180000f0988049b299b3032e00f0c78000209c
:106528002de0182900f0048122d80a29f7d190f823
:10653800e450002d40f0ef8190f8f4309a0740f1d4
:10654800ea810b2123f0e1fdc8b140f22243a4f80f
:10655800e43094f8f43065f3410384f8f43094f8a7
:106568006d3023f0600343f0600384f86d3006e07b
:10657800272900f04f81a1f1280460426041f8bd4d
:10658800c37d012b54d190f8e42090f8e2305ab141
:10659800112b01d0032b02d1d4f8b01121b9112a43
:1065a80002d001252846eae7d4e96c52112b18bf1e
:1065b8001546b4f85c20eb8a9b1a9bb247f6fe722c
:1065c80093422cd824f0ccfd014608b90025e9e710
:1065d80094f8f230d80711d4628f2b8a9a4207d1e7
:1065e800a28f6b8a9a4203d1e28fab8a9a4205d076
:1065f80094f8f23043f0010384f8f2300023cb71b1
:10660800eb8a8b600c35cd60204625f0cffb94f8e3
:10661800e230112bc5d0112384f8e430c1e72046bd
:10662800112122f02af92821204623f066fab8e73a
:1066380023f01ffa05460028c8d01121204622f071
:106648001cf9afe7c57d012d28d190f8e430002b67
:10665800a8d1d0f8b431b0f85c20db889b1a9bb283
:1066680047f6fe72934213d824f07afd01460028bb
:10667800acd0c571d4f8b431db888360d4f8b431b8
:10668800c360204625f092fb122384f8e43089e7a2
:1066980023f05cf8294612f05dfd83e723f0e9f961
:1066a8000546002892d031462046f4e790f8e430b9
:1066b80013b1222b7ff475afe27d012a1dd113b9e6
:1066c800212384f8e43020461cf0d0f90546002840
:1066d8003ff468af032384f8e53094f86d3023f075
:1066e800600343f06003204684f86d3020f020f901
:1066f80004f58d7019f086ff54e703212046bde8a4
:10670800f84023f0b6b917f02bfb00283ff407af89
:1067180094f8e430002b7ff402afe37d012b05d120
:1067280020460921bde8f8401ff0deb93146e5e70b
:1067380090f8e230132b29d1d0f8b061e57d012d16
:106748005ed13389a4f860303146204622f0e9f85a
:10675800778817bb132122f090f894f8f2309b0742
:106768007ff520af2946204623f0a5f924f01efe28
:1067780039460646204623f09ef924f017fe3b468c
:1067880002463146204620f0c7fa0be790f8e4307d
:10679800d0f8b461132bd1d0b1e7b4f85c20b3883a
:1067a8009b1a9bb247f6fe72934221d8b17811b971
:1067b80023f081f9b070f37823b90121204623f042
:1067c8007af9f07024f0ccfc014600283ff4feaec4
:1067d8001823c371b3888360b31cc360204625f0b7
:1067e800e5fab178204617f031f8a4f86000d8e649
:1067f800132122f042f82821204623f07ef9d1e621
:106808001821204623f035f9054600283ff4deae6e
:10681800132113e790f8e4304bb190f8e230082bdd
:1068280001d0032b77d1d4f8b031002b73d0e67d9b
:10683800012e74d1d4e96c5394f8e220082a18bfc9
:106848001d462946204618bf00261df023fd074691
:10685800002846d0a88925f0e8fa03283fd1b4f8e3
:106868005c0025f0e2fa002839d16b894bb1aa897e
:10687800524292b2b2fbf3f103fb11229b1aa4f825
:1068880054306b89b4f850209a420cd1b4f85210a5
:106898002a8a914207d1e18f6a8a914203d1a18f56
:1068a800ea89914239d0a4f850302a8aa4f85220b3
:1068b8006b8ae387e989a187db00618fb3fbf1f37a
:1068c800c4e92433a36fa4f85820002143f480635b
:1068d800a4f85a10a36720461ef040fb12e0ab89cb
:1068e800cde727211e2220461df08cfc94f8e230cb
:1068f800082b0cbf39460121204612f02bfc1e2123
:10690800002ee8d194f8e230082b0cbf00210121b9
:10691800204612f01ffc012031e60021f0e7272174
:0c692800204623f0a6f80028ecd128e659
:020000040000fa
:020000040100f9
:106934002de9f04fc0b28db001280d4601924ff001
:10694400000700f0df8130b1022800f0e981002067
:106954000db0bde8f08f01a904a823f048f801a9ff
:1069640005a823f044f801a906a823f040f8049be5
:10697400190505d5b44b1b6813b1019928469847ee
:10698400049bda0415d52b6893f8fa208ab193f89e
:106994004720042a08d8012a04d1d3f8dc305b78d4
:1069a400252b01d914f0b4fda84a138843f08003c1
:1069b4001380049b9b0416d52b6893f8fa2092b19c
:1069c40093f84730042b09d8012b07d0a04b1b7830
:1069d400002b00f0b0809f4b01221a709b4a138851
:1069e40043f480731380059bde060ad52b6893f865
:1069f400fa3033b1974c22780ab114f089fd0023a0
:106a04002370069b9c042fd52c68d4e9366824f0a7
:106a1400c7fb002840f0928025f0f0f8002840f0f1
:106a24008d808d4bd3f86c3fc3f3c029b9f1000faf
:106a340040f084803368cdf82530b388adf8293030
:106a440098f800309df82420c3f3801363f3000208
:106a540007a909a88df8242016f0d2fb00286dd0d0
:106a64004946204622f084fa069b5a0431d52c6804
:106a7400d4e9366824f094fb002840f0fe8025f029
:106a8400bdf8002840f0f980734bd3f86c3fc3f392
:106a9400c029b9f1000f40f0f0803368cdf82530fb
:106aa400b388adf8293098f800309df82420c3f35a
:106ab400801363f300020df10f0109a88df824205f
:106ac40016f09efb002800f0d8804946204622f0ac
:106ad4004ffa069bd80425d5604c2b682268910692
:106ae4000ed4226852060bd42268170608d42268f2
:106af400d60505d42268900502d42268510511d523
:106b040093f8fa3073b114f003fd504a138843f03c
:106b14001003138023685a0641bf514a138843f077
:106b240008031380069b1b047ff511af4d4b2868a7
:106b34001b6898470be714f0ebfc4fe7f38a063b1e
:106b44009bb240f67a4293428ed8738b0a3b9bb237
:106b5400043a934288d896f821301b3303f01f037c
:106b64000b2b81d8404b1a689946002a3ff47caf1e
:106b740094f8fa3023b1354a138843f02003138084
:106b8400354bd3f86c2f12f4006f04f5857b04f5b4
:106b9400827a37d1d3f86c2fd00533d5d3f8682f48
:106ba40091002fd5d3f8683fc3f30268404623f021
:106bb40093fc40f0020084f803013368c4f80a31fe
:106bc400b388abf80430514640461df05ff894f8a2
:106bd4004730063b012b32d894f82430022b45d0a1
:106be400032b21d0012b45d000221146d9f8006097
:106bf400002e3ff439af0523d4f8d800b047c4f8c9
:106c0400100131e798f80030c3f3801384f803319e
:106c14000023c4f80a31abf804303368c4f80431f3
:106c2400b388aaf80430d2e794f83630012b40f246
:106c3400e66240f6a66108bf4ff45172d6e700221f
:106c440040f2e241d2e700bf6c340120c6020020ca
:106c5400cf340120e802002000240141583e0141c4
:106c6400803e014170340120c8020020fa2240f61f
:106c7400c411bbe74ff4ab72f9e794f82630012b4b
:106c84007ff427af2b4ad2f86c3f1b052bd4d2f8e4
:106c94006c3fc3f3002343b1d2f8683fc3f340739e
:106ca4001bb1d2f8687fc7f30267227c8df81c20e1
:106cb400dbb1384623f010fc40f002008df81d00d3
:106cc4000df11e0138461cf0e1ff07ab93e8030009
:106cd4000cab09950c2203e9030009ab164901200a
:106ce40019f02dfdf5e60023dfe798f80030c3f333
:106cf40080138df81d303368cdf81e30b388adf89d
:106d04002230e2e70b6893f8fa30012b7ff41faed0
:106d140014f0fefb094a138843f04003138016e67f
:106d2400074b1b68002b3ff412ae114628469847c8
:106d34000de600bf0024014104000101c602002049
:046d4400683401208e
:020000040000fa
:020000040100f9
:106d480080b58ab000af78602e4b9b683b623b6a87
:106d580023f47f433b623b6a43f4a4333b62294af2
:106d68003b6a93607b68fb61fb695a78264ba3fbff
:106d7800021359080b465b000b44d31adbb2002bf5
:106d880001d0012339e0fb695b781f4aa2fb03238a
:106d98005b08fb767b6802337b60002387f827302b
:106da80017e07b687b617b699b781b021a467b69cd
:106db8005b7813443b617b691b783969184612f08c
:106dc800b7ff7b6803337b6097f82730013387f878
:106dd800273097f82720fb7e9a42e2d3192012f039
:106de80075fff860fb6823f05003fb60f968192011
:106df80012f09eff00f042f9002318462837bd46de
:106e080080bd00bf003e0144abaaaaaa80b489b0e5
:106e180000af78607b68bb61bb695b7803f00303f4
:106e2800dbb2002b01d0012323e0bb695b789b0810
:106e3800fb757b6802337b600023fb7714e07b687b
:106e48003b613b691b889bb203f1824303f5b03376
:106e5800fb60fb683a69528892b21a807b680433f7
:106e68007b60fb7f0133fb77fa7ffb7d9a42e6d399
:106e7800002318462437bd465df8047b704780b56b
:106e880086b000af78607b683b613b695a78254bd8
:106e9800a3fb021359080b465b000b44d31adbb261
:106ea800002b01d0012338e03b695b781d4aa2fb27
:106eb80003235b08fb737b6802337b600023fb754d
:106ec80026e07b68bb60bb681878bb689b789bb280
:106ed8001b029ab2bb685b789bb213449bb21946fb
:106ee80004f02cfdbb681b78082b03d1bb685a78cb
:106ef8000d4b1a70bb681b78512b03d1bb685a78ad
:106f08000a4b1a707b6803337b60fb7d0133fb758a
:106f1800fa7dfb7b9a42d4d3002318461837bd4626
:106f280080bd00bfabaaaaaad5340120d63401205f
:106f380080b483b000af7860064a7b680233196872
:106f480011601b79137100bf18460c37bd465df8f8
:106f5800047b7047b000002080b582b000af786035
:106f680018220021786824f055f979681020fbf779
:106f780048fb0346002b01d1012300e000231846fb
:106f88000837bd4680bd80b483b000af78603960f3
:106f9800074b1a787b681a70064b1a783b681a7088
:106fa800012318460c37bd465df8047b704700bfc7
:106fb800d5340120d634012080b485b000af002339
:106fc800fb730023bb7300237b734ff088431b685c
:106fd80003f48063bb60bb6803f48063002b04d0b8
:106fe8004ff088434ff480625a60214b1b681b0d99
:106ff800dbb203f00f03fb731e4b1b681b0edbb2e7
:1070080003f00f03bb731a4b1b681b0adbb203f0b8
:107018001f037b73184bdb697b607b6823f01f239e
:1070280023f4f8137b60fb7b1b0603f0f852bb7b51
:107038001b0403f4f8131a437b7b1b0203f4f85375
:1070480013437a6813437b600b4a7b68d361bb6840
:1070580003f48063002b04d04ff088434ff4806220
:107068009a6000bf1437bd465df8047b704700bfc7
:107078001003004420030044003e014480b586b05c
:1070880000af182012f022fe78617b6903f4806358
:10709800002b07d17b6903f480637b617969182031
:1070a80012f046fe142012f011fe38613b699b0a6b
:1070b8009bb203f00f03fb81172012f007feb860a4
:1070c800bb689b0a9bb203f00303fb80bb68db0829
:1070d8009bb203f00703bb80fb88db001ab2b7f949
:1070e800043013431bb27b807a88fb8902339a42af
:1070f80021d0fb8902337b807b88db08fb807b887f
:1071080003f00703bb80bb6823f4436323f0080341
:10711800bb60fb889b0203f44063ba681343bb60ff
:10712800bb88db0003f03803ba681343bb60b96857
:10713800172012f0fdfd00bf1837bd4680bd00bf07
:020000040000fa
:020000040100f9
:1071480084b030b587b00bac84e80e00032800f299
:107158009881dfe810f00400a701ba01d0010d689a
:107168000d9bc5f8ac30002385f8b830013bab6700
:1071780095f85e3023b9012285f85e20a5f86230c3
:1071880028461ff0a9fa24f00dfd002840f07e8162
:10719800012385f85530dc4bb5f81f101a6861f3e8
:1071a8001f421a601a46b5f8214052f8041f64f3ca
:1071b8000f0111601a4652f8201f60f31241116046
:1071c800a3f5ee7295f82300116860f30f211160a2
:1071d800a88c1168a3f5f27360f31f4111601a6857
:1071e80042f400521a6095f83010022024f03dfb5a
:1071f800022022f00df940f4c06189b2022022f089
:1072080019f995f8303085f84130022b00f04881a3
:10721800032b40f2971318bf3d2395f85420d5f857
:107228009010ba4c012a03bfd5f8982002eb41020e
:107238009b1803eb41031e3347f6ff72934228bfa6
:107248001346b34a118863f30e011180d5f81f3035
:1072580003932b4603a853f86a2fcdf811201b7906
:107268008df815302b8dadf8163001238df81030c0
:1072780012f02cf885f84000d4f8283143f00403c4
:10728800c4f82831d4f8283143f00103c4f8283170
:10729800d4f8243143f08053c4f82431d4f824318d
:1072a80043f00063c4f82431d4f8243143f08063f8
:1072b800c4f82431d4f8243143f00073c4f82431dd
:1072c800d4f8243143f40003c4f82431d4f8243129
:1072d80043f48003c4f82431d4f8243143f48013f0
:1072e800c4f82431d4f8243143f40023c4f82431f9
:1072f800d4f8243143f48023c4f82431d4f8283155
:1073080043f08003c4f82831d4f8283143f040030f
:10731800c4f82831d4f8283143f02003c4f82831c0
:10732800d4f8283143f01003c4f82831d4f82831b0
:1073380043f40073c4f82831d4f80431802262f38e
:107348000803c4f80431d4f8003195f8402062f3fa
:10735800cc13c4f80031d4f8003195f8412062f319
:107368008303c4f80031d4f80031962262f317433e
:10737800c4f80031674bd4f80c211988ab6c5b1a40
:107388009bb263f30f02c4f80c21ab6cd4f808214c
:107398005b1a9bb263f31f42c4f80821aa6b531e01
:1073a800aa6c1a44521ad4f80c3192b262f31f43f1
:1073b800c4f80c316b6cd4f810215b1a9bb263f3e0
:1073c8001f42c4f810216b6cd4f810215b1a9bb2d1
:1073d80063f30f02c4f81021eb6b5a1e6b6c134455
:1073e8005b1ad4f814219bb263f30f02c4f814217a
:1073f800d4f8183143f48073c4f81831d4f82c3118
:107408006ff30f03c4f82c31d4f81831042262f357
:107418000713c4f81831d4f81831052262f30303ae
:10742800c4f8183102a90df10602d5f8ac0024f011
:1074380073f9d4f800316ff31c73c4f80031d4f831
:107448000831bdf8062062f30f03c4f808319df82f
:107458000820d4f8283162f31743c4f82831d4f847
:10746800003143f48043c4f8003120f0f9fe0146ae
:10747800d5f8ac0021f052fd274b984201d913f002
:107488001ff807b0bde8304004b0704795f8b83031
:1074980043f0100385f8b830284603f06dfff0e795
:1074a8002823bae60c6894f85e3023b9b4f8623041
:1074b8000133a4f8623020461ff00ef994f8b83072
:1074c80043f0040384f8b830e7e79df834500c68bb
:1074d80012f0f6ff6b1e022b06d894f8b83043f072
:1074e800010384f8b830cce7002dcad194f8b8303d
:1074f80043f00203f5e7039103ab04220749012097
:1075080019f01bf9bde700bf3836014100240141dd
:107518006c3801417002002038feff7f030301012f
:020000040000fa
:020000040100f9
:107528002de9f04f884e8bb0044689461df0f8fad5
:107538003368d3f8045221f0b1fb63699c4213d03d
:1075480063789b0610d44ff4802194f8500021f002
:10755800d1fc204614f03efa4a46012120460bb0e1
:10756800bde8f04f16f07aba002d4fd095f800809c
:10757800b8f1030f3ad0ab785f0737d494f852309c
:10758800e069ea69616adff8c4c1012b04bfa36d31
:10759800c01a95f8523008bfc0f31600012b08bf77
:1075a800af6d336808bfd21b93f82e7203eb470305
:1075b80008bfc2f31602b3f82672b3f82a321f4482
:1075c80040f23913b7fbf3f7ab6a01333b44013799
:1075d80013440144d21b03ea0c0302ea0c0201ea39
:1075e8000c0123f007ff002800f09c8094f850104d
:1075f800002940f08d8095f85030012b64d1b8f106
:10760800030f4a4672d128461bf04eff94f85030bb
:107618000193002b40f08d80e36e002b40f09280a8
:10762800a36e003318bf01230022cde9082213f00e
:10763800010202921ebf3268d2f80c22089213f09f
:10764800100305930cd0029a029b0aa901eb82024f
:1076580031680133d1f8141242f8081cdbb20293e6
:1076680008ab4ff0ff3204933168384f0392002380
:107678009b4602f59d720298834240f0d980236aa6
:10768800039a934240f20a81a362bbf1000f00f013
:107698000b81019b002b40f024819bf85030012b7b
:1076a80000f0028194f851209bf851309a4280f002
:1076b800fb80204614f08ef94a460121204616f038
:1076c800cdf95c4521d1efe0ab7813f0100301d080
:1076d8004a4698e794f8511095f8512091420ad9f2
:1076e800b8f1030f4a4601d119468ce70121284613
:1076f80016f0b4f98ae7204614f06cf94a460121dd
:10770800204616f0abf9a54280d00bb0bde8f08f4b
:107718004ff40001012021f0edfb63786ff3820341
:107728006370f0e7a8f10208b8f1010f3ff66eaff9
:10773800e9e7019b012b05d1e36e002b14bf002361
:10774800112371e700236fe760020020ffff7f002d
:10775800d5f80880049e28683060444568d098f8b9
:107768000100450764d5059828b198f8515094f858
:10777800510085425cd994f85200e669d8f81c504b
:10778800012804bfa06d361a98f8520008bf3e4081
:10779800012802bfd8f858002d1a3d40a81b10f444
:1077a800800f91f82e024cd001eb4000b0f826c2b1
:1077b800b0f82a02bcfbf2fcb0fbf2f0604400f126
:1077c800020ed8f8200005eb000c0cea070c0eebb3
:1077d8000c003840301a40024dd491f82e0201ebcb
:1077e8004000b0f826a2b0f82a02bafbf2fab0fbc1
:1077f800f2f082440af1020aa5eb0a0c0cea070c23
:10780800aceb060e1ef4800f03d0d8f868000028f1
:1078180035d1a6eb0c00400203d486ea0c063e42a2
:1078280006d1039d0eea0700a8423cbf0390c34659
:1078380004980568002d8bd101330430dbb2049025
:1078480019e701eb4000d4f820c0b0f826e2b0f800
:107858002a02befbf2feb0fbf2f0704406eb0c0eff
:1078680002300eea070e70443840281a4002b4d598
:10787800c4f828c001e0236aa362c34609e7cde93a
:10788800061320f0f5fd05443d40a5eb0a0c0cea73
:10789800070c40f23912dde90613b1e7636a039a6f
:1078a8009a4294bfa262a3622378012b7ff42daf82
:1078b800402194f8500021f01dfb204614f08af86e
:1078c800022323700c4b94f850201b6803eb8203af
:1078d80049462046c3f8fc410bb0bde8f04f22f002
:1078e80032bc4ff40001012021f004fb63786ff3f0
:0c78f80082036370e5e600bf6002002020
:020000040000fa
:020000040100f9
:107904002de9f04f91b0c14b059100240093064638
:10791400012302224421ec20adf820408df82240be
:10792400adf81c40adf824408df826400ef0e4fd7f
:10793400cde90a4423f08afe50b10c25b44b0093e0
:10794400019501230022ff21ec200ef0d5fd59e121
:10795400747821f001fe05460028eed1737a13f005
:10796400050f01d11225e9e764b921460ea822f0da
:10797400d1f99df83830002bf4d1737a5a072cd101
:107984001125dbe7012c04d124f084f80028f4d17c
:10799400e8e7a31e012bf0d89df83830b2788df8b3
:1079a4001b0062f300038df8383033460df11b01e0
:1079b40053f8032fcdf839209b88adf83d300ea83d
:1079c4001bf0ecfd0028d8d0022cddd129460ca8f0
:1079d40022f0a0f99df83030cde723f0a5fb08b1e3
:1079e4000725abe7337843b9b078f11c00f0010008
:1079f4001ef0b8f8b8b10b25a0e7864b1b6893b10d
:107a040004460eaa0ca920461ef0f6f920b1013452
:107a1400e4b2082cf5d1eee70ea99df830001ef073
:107a2400a1f80028f3d1737a03f001045b0748bf7f
:107a340001340025ebb29c4200f2f68000250027b9
:107a4400fbb29c4200f2fd80002d7ff477afcde9bc
:107a54000c55cde90e552f46fbb29c4200f2f9803d
:107a64000027fbb29c4200f20a81002d7ff466af2e
:107a7400777a17f001021dbf01238df820308df8ad
:107a84001c302b4618bf134617f0020006d0012104
:107a94008df825300b448df82110dbb217f0040764
:107aa4001fbf01218df822108df826308df81d108e
:107ab400002a40f0f880002800f0ef809df825703f
:107ac4004ff0000807ab18f80330002b00f0948047
:107ad400fc21022016f066ff4f4b0468436000232c
:107ae400c4e934334d4be06043f82840b8f1000f4b
:107af40040f0de80012363764346059a02eb0313cc
:107b04003278227472782276b2786274324652f8ed
:107b1400031fc4f812109288e282b3f80090b3f8fd
:107b240002a0d14508d14ff6fc7aca4528bfca46ff
:107b34000af103091ffa89f9394b0093cde9029a36
:107b44000123cdf8048002229e21ec200ef0d4fc07
:107b540004f12d0304934ff0000b08ab1bf8033022
:107b6400002b00f0aa8009ab1bf80310059b0498b6
:107b740009b203eb01110bf1010b4b890a89c98886
:107b840018f0b2f8049bbbf1030f03f12203049332
:107b9400e3d140f2712303fb0af3c4f89c304ff4a1
:107ba4007a73c4f8a030842010f056fac4f88c001c
:107bb400252010f051fa4ff0010b4ff400734ff0f1
:107bc400000aa4f8ea30c4f8880084f808b084f8fd
:107bd400ceb0a4f8e6a00e2022f0f2fb042184f833
:107be400cf0084f898b0584616f0fcf84b460d4a7e
:107bf4005146204612f018f9b8f1000f55d040460e
:107c040023f01cfd284611b0bde8f08fec550201ad
:107c14001d56020154340120051702015833012076
:107c2400fe550201253e0101fc21022016f0bafe98
:107c34000aab43f82500013500287ff4fbae072585
:107c4400fde60aab53f8270008b11cf069fc0137c4
:107c5400f6e6842010f000fa0cab804643f82700c7
:107c6400252010f0f9f90eab43f82700b8f1000f06
:107c740003d0013700287ff4efae0725f0e60cab04
:107c840053f8270008b11ef0e1ff0eab53f82700ac
:107c940008b11ef0dbff0137e3e6002f3ff410af1d
:107ca4009df826700ce700270ae74ff0010809e762
:107cb40003229df8263062761fe7394656e700bf57
:020000040000fa
:020000040100f9
:107cc4002de9f04f022893b0044600f0ab8103285d
:107cd40000f0b981002840f04f81be4bbe4d1b78a7
:107ce4001bb12b68986b12f02ffebc4bd5f800c06b
:107cf4001868d0e91823cde9022300220023c0e943
:107d040018230cf108030cf1300200bf13f8011b17
:107d14000c449a42a4b2f9d1e4089cf803e0c4f1fb
:107d24002504e4b2a6454ff0000538bfa6462c460c
:107d34009cf80530a34236d924214ff000088b1c4f
:107d4400dbb20c2b29d00b2b4ff0010300f28f80f8
:107d5400cf18a1f11f02c7f1200603fa02f223fa99
:107d640006f63243bb40d0e9167603ea070a02ea74
:107d7400060b5aea0b0610d00cf10a06765ca642f2
:107d84000bd1d0e918763b4332430135c0e91832b0
:107d9400edb2754528bf4ff0010801398e1cced1d4
:107da400b8f1000f6ed0d0e91823dde90256b342d2
:107db40008bfaa42cde9042367d1894b1b68069307
:107dc400069b002b00f0d180069b9b681a7a042a3c
:107dd40040f00c81d3f80080404621f0edf90028f2
:107de40000f0f580dde90423dde902018b4208bfe0
:107df400824204d198f8f2309a0640f1e8800022d9
:107e04000023cde91023d8f84c31744a002b00f03c
:107e1400cf80d2f800c0d3f804b0dcf860200c9214
:107e2400dcf864200d921a680c9b0e9213400793a1
:107e34000d9bddf81c9003ea0b05674b05f01f054d
:107e4400d3f800e0cde9109500209ef803a0262188
:107e540001230246924567d9013911f0ff011bd174
:107e64000bf01f030f939ef80530079398e0a1f1e0
:107e74002002c1f1200603fa02f223fa06f6324385
:107e84008b4070e70134e4b252e7564b1b68002b79
:107e940093d06030984790e7079e1e40089605ea05
:107ea40000060996dde908673e431cbf0132d2b2e1
:107eb400db184041cee724218b1cdbb20c2b6ad0ab
:107ec4000b2b4ff001005bd801eb000ba1f11f035a
:107ed400cbf1200700fa03f320fa07f73b4300fa3b
:107ee4000bf00e9edcf85c70b346dcf858600beacd
:107ef400060b0f9e37400bea00060a9607ea0306b4
:107f04000b96dde90a673e4345d00ef10a077f5c14
:107f1400a74240d10132d2b2924540ea090945ea6a
:107f2400030538d1cde91095dde91023dde902011f
:107f34008b4208bf82424ad0082010f08df80346d5
:107f4400c8f8b0019df84420109818601a71404692
:107f540023f049fa244b88bb0722cde900320123e0
:107f64000222d421ec200ef0c7fa1b4b18682822f9
:107f74000021083023f050f9002013b0bde8f08f41
:107f8400a1f12003c1f1200700fa03f320fa07f757
:107f94003b438840a5e701398b1c8dd10134e4b201
:107fa400079ba34287d80c9b10930d9b1193bbe7af
:107fb4001368d3e91823cde91023b5e70022cde9ee
:107fc400003201230222d421ec200ef095fa069b04
:107fd400f4e600bfdc010020f0020020ac01002028
:107fe40068020020d8010020989e0201052aeed1e3
:107ff40018681c4d90f8f23013f0100f0ed0dde924
:108004000423dde90267bb4208bfb24206d00cf08c
:1080140055fe18b90723cde90053a0e70023cde9a5
:108024000053cee7104b1b680020596b18f014fe68
:1080340018b90e4b01221a709ee70d4b0d481968b2
:108044000cf062fa98e7094c2278012a04d1084b13
:10805400084819680cf058fa034a12680023237080
:10806400936389e7a89e0201f0020020dc0100204e
:08807400e0010020c001002022
:020000040000fa
:020000040100f9
:10807c002de9f04387b0b74b01900746884616466a
:10808c000093022201230721ec200ef031fa23f099
:10809c00d9fa002840f0d380012f03d1b8f1000f9a
:1080ac0000f0dd804ff00009c14540f0a5800025af
:1080bc0004ab04950593002f00f02581012108469f
:1080cc0015f08cfea44c454540f070812db205ebab
:1080dc004505a14f06eb4505ae4200f01c81386802
:1080ec003178043023f0b4fc90f8f8800446b8f1f1
:1080fc00000f71d190f825300193984b0093022218
:10810c0001230821ec200ef0f3f994f8fc302bb18c
:10811c00934b84f8fc801b682046984794f84730b2
:10812c00012b1ebf626940f271235343d4f87c21aa
:10813c0008bf0023c4f83031002a40f0478142f2d6
:10814c001073c4f83431874a0021204615f0c6fd5f
:10815c00d4f87c3123b3d4f820c1d4f8383194f856
:10816c002320d4f830110ceb0300002a00f04881d6
:10817c00a1f5a5731b1a5b0801fb02c203f5a573dd
:10818c001a440344cb1ac4f8482101212046c4f8f0
:10819c004c31754a15f0a2fdd4e95a1023f051fe6a
:1081ac00d4f87c314ff0010884f80c8084f8f88006
:1081bc00002b00f02781d4e95a0123f044fed4f8b7
:1081cc006c0114f0d5ffd4f8680114f0d1ffb8f1ac
:1081dc00000f01d01cf008fd3279738884f8492017
:1081ec00002284f8482004f5d270002b40f00c815a
:1081fc000df03aff06366fe7574a062303fb09f3e7
:10820c001068f15c043023f023fc0446002800f0d5
:10821c000181012f02d009f1010945e790f8b43032
:10822c00012b0cd090f8c430012b08d090f84730bb
:10823c00a3f10a02012a04d8b0f8c0303bb90c24cf
:10824c000ee0062b16d1b0f8b030f52b07d8617eb6
:10825c00b1b904a821f05afd9df8103083b1122455
:10826c00424b0093019401230022ff21ec200ef0dd
:10827c003ff954e0072bead1b0f8b030ef2be5e72b
:10828c00637e012b03d194f840303bbbe7e7023b04
:10829c00012b23d8a27e9df8103062f300038df8d9
:1082ac0010302346002553f81b2fcdf811209b8846
:1082bc008df80e500df10e0104a8adf815301bf021
:1082cc0069f958b1637e022b17d129460df10f00c5
:1082dc0021f01cfd9df80f30002bc0d194f8f83024
:1082ec00002b98d194f84730042b204608d809f07d
:1082fc00cbfe044600288ed0b2e7032beed1c2e7aa
:10830c0003f0f2fdf5e7144db9f1000f30d12b68f5
:10831c00124d5c683cb9012023f08cf900242046f6
:10832c0007b0bde8f083237cf02b10d094f8f83024
:10833c006bb194f825300821cde90053ec200123d2
:10834c0002220ef0d5f80121204620f0e1fc246831
:10835c00e0e700bf8886020198010020a686020192
:10836c001834012021bc000121f40001d086020147
:10837c0006237b432868f15c043023f069fb90f8fa
:10838c00f830044673b190f825300193224b0093da
:10839c000821ec20012302220ef0aaf8012120462c
:1083ac0020f0b6fc01374745e2d1b4e706236b4316
:1083bc002068f15c043023f04bfb90f8f8201ab9dc
:1083cc0090f847100af0d8fd01357ce694f823109c
:1083dc00d4f82021d4f8380179b102449b1aa3f5c2
:1083ec00a5735b08b3fbf1f342f210729342d4bf56
:1083fc00c4f83431c4f83421a5e642f21073f3e723
:10840c001346b9e69846dee642f2107159430cf079
:0c841c0077f8efe6422423e7a686020171
:020000040000fa
:020000040100f9
:108428002de9f04fd5b00d460446002301467822c9
:1084380016a80c9322f0ccf805b13095ddf8c0b041
:10844800bbf1000f00f0b0811d9b0b939f4b1b6885
:108458000193d3f80c220023029312bb9df8aa3093
:1084680012932c9b13931e9b0f930b9b0093029bc1
:1084780004930c231093039207929246049b2bb10a
:10848800109b013b13f0ff03109320d1039b0bb10a
:10849800009b1d931d980b9bc01ac0b255b0bde838
:1084a800f08f93689c4210d0d96e71b959698b428c
:1084b8000bd1996e49b1029954a800eb810141f89a
:1084c800803c029b0133dbb202931268c5e754abd0
:1084d80003eb8a0353f8801c002900f061818f6e3a
:1084e800bb458bbfbbfbf7f3b7fbfbf307fb13b332
:1084f8000bfb1373dbb107fb0bf33e465a467eb901
:10850800b3fbf2f3b3fbfbf2d2b2092a0c9205d902
:10851800b3fbf7f3dbb2092b00f28580022307e0f7
:10852800b2fbf6f006fb102032460646e7e70123c9
:10853800ca690592129a012a05bf009a1398ddf8b4
:108548000080a2eb000891f8522008bfc8f3160873
:10855800012a05bf8c6d059a059c141b08bfc4f33e
:108568001604012b0b6a0a937ed1a8eb0403580268
:108578001ad538461ff07cff019b554993f82e22e7
:1085880003eb4202b2f82632b2f82a22134440f230
:108598003912b3fbf2f3a4eb0802db4303440a40ad
:1085a80093429cbf241a0c40019b494d93f82e120c
:1085b80003eb410140f23919b1f82632b1f82a2209
:1085c8000a99b3fbf9f321440f460f99b2fbf9f26c
:1085d80008eb010901322f4009ea05090133174464
:1085e8009144a8eb0300e21a2f4009ea05093b462b
:1085f8002a404946284022f0fdfe064698b1a9ebdc
:1086080007035902009b039054bfa9eb0808a7eb86
:10861800080803f1030908ea05054d44c5f31603e4
:108628000093cdf81ca00af101035ffa83fa029bbc
:10863800534508bf4ff0000a049b013b13f0ff03aa
:1086480004937ff41baf002e3ff420af079a029be0
:1086580001325ffa82fa029a013bdbb2524508bf47
:10866800ddf810a0049309e7019b194893f82e221e
:1086780003eb420240f23911b2f82662b6fbf1f37d
:1086880001330893e31a03400d930a9be518b2f8e7
:108698002a32b3fbf1f2054001323344b3fbf1f364
:1086a800013305eb020811934ff0000912230992d8
:1086b80008ea00080e934e460c9b99450ad3079b7f
:1086c800002e18bf53460793ade700bf6002002095
:1086d800ffff7f000e9b013b13f0ff030e9361d059
:1086e8000bfb09f01ff0c4fe009b089918442f4ba0
:1086f80000ea03020692521a1a4014920f99069a37
:108708005118099a194011441940069aaa1a520296
:1087180005d5069a1198521b1a40824225d843461d
:108728000d9a149822f066fe002833d0119b069a01
:108738000899059c03901d441c4b1d40aa1a009dd6
:108748001a4003352a440092059a521a1a400d928b
:108758000a99059a5518099a1d4002eb050808ea76
:1087680003084ff000090646a6e7384615911ff0a2
:108778007ffe0e4b089a159904441c40a21a1a4011
:108788000d920a9a1519099a1d4002eb050808ea84
:108798000308bae709f101095ffa89f93046e2e707
:1087a8000e4640e70e9e3ee7584677e6ffff7f00fd
:020000040000fa
:020000040100f9
:1087b8002de9f04fd0f8e070d0f8ecb089b0bb1cd0
:1087c8000193d0f8dc300393d0f8d8300493082311
:1087d8008df81c3090f8b0300690044606332546d4
:1087e800394606a88df81d3014f06aff5a4655f828
:1087f800283f42f8253bab88abf804300292b4f826
:10880800b0202ab1d4f8ac100bf1060021f0e0fe3c
:1088180005238df81c3094f8c03006940633b91c33
:1088280006a88df81d3014f04bff2b68cbf82530c7
:10883800029aab889380b4f8c0202ab1d4f8bc104f
:108848000bf12b0021f0c4fe0023d4f874511e460e
:1088580094f89420b24202d809b0bde8f08fd5f858
:108868000c800093d8f80020dff8c8926ff302025a
:10887800c8f80020d8f80020012363f3c402c8f820
:108888000020d8f800204ff0040a6af3ca12c8f88a
:108898000020d8f8001042466af3ce2142f8101b97
:1088a800d9f80010521ad8f8001092b262f3de31eb
:1088b800c8f80010d8f800206ff3df72c8f800205d
:1088c800b9f80020d8f80400b91a89b261f30f008a
:1088d800c8f80400d8f80410abeb020292b262f3b5
:1088e8001f41c8f80410d8f8082063f30102c8f83b
:1088f8000820d8f8082042ea0a02c8f808207a783e
:1089080094f8351094f822001ef026fc04eb86013a
:10891800009bc5f80c8000222a722a776b612f61b0
:108928004d66d5f800800091d8f80c5029680344aa
:10893800052060f3020129602968012060f3c40161
:10894800296029686af3ca11296029686af3ce2167
:10895800296094f8941001398e421ebfd9f800108e
:1089680005f12002521a296818bf92b262f3de316b
:108978002960b9f800100593039b68685a1a92b2e7
:1089880062f30f006860049b68685a1a92b262f337
:108998001f406860aa68022060f30102aa60aa6802
:1089a80042f00402aa6005f11002521aa96892b2b4
:1089b80062f35821a960aa686ff35a62aa6094f812
:1089c800351094f8220025221ef0c6fb039bc8f838
:1089d80010300522009b88f808200022c8f80c50a7
:1089e800c8f8142088f81c201d672a6804eb46057f
:1089f800c2f3cf32a5f8882094f8351094f82200f5
:108a08000c221ef0a9fbfa7894f83510814694f8e8
:108a180022001ef0a1fb059b03f5ce729144484449
:108a28000eb9c4f8240194f89420013a9642009aa9
:108a380008bfc4f820019065d8f80090d9f80c80d8
:108a4800d8f80010042262f30201c8f80010d8f820
:108a58000010012060f3c401c8f80010d8f8001015
:108a680062f3ca11c8f80010d8f8001062f3ce21da
:108a7800c8f8001094f89420013a964203f24d1376
:108a88004ad1d8f800206ff3de32c8f80020294a0e
:108a980005931288019bd8f80400991a89b261f3ea
:108aa8000f00c8f80400029bd8f804109a1a92b272
:108ab80062f31f41c8f80410d8f80820022161f3b6
:108ac8000102c8f80820d8f8082042f00402c8f8c3
:108ad8000820fa7894f8351094f822001ef03cfb30
:108ae800019bc9f810300422009b89f80820002255
:108af800c9f80c80c9f8142089f81c20c3f87c80b8
:108b0800d8f80020059bc2f3cf32a5f88e20013695
:108b1800d9f80050f6b29be60649096808f1100238
:108b2800521ad8f8001092b262f3de31c8f8001079
:088b3800ade700bf7002002050
:020000040000fa
:020000040100f9
:108b40002de9f04f89b0d0f8e03000930233019363
:108b5000d0f8dc300393d0f8d830049300238df89c
:108b60001c3090f8b030d0f8ecb0069004460633d4
:108b7000254600998df81d3006a814f0a5fd5a462b
:108b800055f8283f42f8253bab88abf804300292f9
:108b9000b4f8b0202ab1d4f8ac100bf1060021f0e3
:108ba0001bfd05238df81c3094f8c0300199069404
:108bb000063306a88df81d3014f086fd2b68cbf81f
:108bc0002530029aab889380b4f8c0202ab1d4f83b
:108bd000bc100bf12b0021f0fffc0027d4f87451de
:108be0003e4600bf94f89430b34202d809b0bde8c5
:108bf000f08fd5f80c80dff8b092d8f800306ff322
:108c00000203c8f80030d8f80030012060f3c40334
:108c1000c8f80030d8f800304ff0040a6af3ca13dd
:108c2000c8f80030d8f8002043466af3ce2243f853
:108c3000102bd9f800209b1ad8f800209bb263f3c0
:108c4000de32c8f80020d8f80030009a6ff3df73e6
:108c5000c8f80030b9f80030d8f80410d21a92b22f
:108c600062f30f01c8f80410d8f80420abeb03033b
:108c70009bb263f31f42c8f80420d8f8083060f3b1
:108c80000103c8f80830d8f8083043ea0a03c8f8e6
:108c90000830009b94f835105a7894f822001ef0a2
:108ca0005ffa009bc5f80c8004eb860800222a724c
:108cb0002a77c5e90437c8f864502b68dd6829684d
:108cc0000744052060f3020129602968012060f350
:108cd000c401296029686af3ca11296029686af306
:108ce000ce21296094f8941001398e421ebfd9f824
:108cf000001005f12002521a296818bf92b262f3df
:108d0000de312960b9f800100593039b68685a1a90
:108d100092b262f30f006860049b68685a1a92b2bc
:108d200062f31f406860aa68022060f30102aa6033
:108d3000aa6842f00402aa6005f11002521aa9685a
:108d400092b262f35821a960aa6860f35a62aa60dd
:108d500094f8351094f8220025221ef001fa059ba4
:108d600005221a72039a1a610022dd605a611a778d
:108d7000c8f870502a6804eb4605c2f3cf32a5f854
:108d8000882094f8351094f8220022221ef0e8f989
:108d900007f237121044059b0eb9c4f8240194f869
:108da0009420013a964208bfc4f82001c8f8580040
:108db000d3f800a0daf80c90d9f80020042363f36c
:108dc0000202c9f80020d9f80020012161f3c40291
:108dd000c9f80020d9f8002063f3ca12c9f80020ae
:108de000d9f8002063f3ce22c9f8002094f894301b
:108df000013b9e4207f24d1748d1d9f800306ff37e
:108e0000de33c9f80030284b019a1b88d9f80410ca
:108e1000d21a92b262f30f01c9f80410029ad31a5f
:108e2000d9f804209bb263f31f42c9f80420d9f893
:108e30000830022262f30103c9f80830d9f808307b
:108e400043f00403c9f80830009b94f83510da7831
:108e500094f822001ef084f904238af80830019b5c
:108e6000caf810300023caf80c90caf814308af8f7
:108e70001c30c8f87c90d9f80030c3f3cf33a5f884
:108e80008e300136daf80050f6b2abe6064a1268c8
:108e900009f110039b1ad9f800209bb263f3de326c
:0c8ea000c9f80020afe700bf70020020fe
:020000040000fa
:020000040100f9
:108eac002de9f04389b05ffa80f80f460192b8f1d2
:108ebc00000f40f0d88001a903a820f094fd01a96f
:108ecc0004a820f090fd01a905a820f08cfd039bbf
:108edc009c043ad53d68c44c22f092fe002800f068
:108eec00c680d4f86c3fd80400f1c180d4f8683f38
:108efc00190340f1bc80d4f8603f9a0540f1b7806b
:108f0c00d4f8683f9b0040f1b280b84ad4f8683f6f
:108f1c001278c3f302639a4200f0a98095f8cc3022
:108f2c0043f0020385f8cc3011f0c8fa95f8cd3037
:108f3c002bb9d4f8283143f00803c4f82831d4f8fd
:108f4c00283143f00403c4f82831059bda0545d5d4
:108f5c00a54b3c68d3f81c31c3f3c303dab2072a20
:108f6c0084f8f03040f01b81d4f88c50ae1c0021fa
:108f7c0030460cf04ffb88b30378db062ed504216a
:108f8c0030460cf047fb90b10388a4f8f43083789a
:108f9c0084f8f63081784909012900f0fe80022915
:108fac0008bf4ff002080131032022f05cfcab78c3
:108fbc0003f0c003402b11d1222303fb08432d33b4
:108fcc008b4a03f1140100bf53f8040b42f8040b55
:108fdc008b42f9d11b88138084f8e580059b98059a
:108fec003bd53b68804c93f8cd20002a40f0db80c9
:108ffc00d4f8283143f00803c4f82831d4f82831c8
:10900c0043f00403c4f82831d4f8283143f00203a8
:10901c00c4f82831d4f8283143f00103c4f82831be
:10902c00d4f80c31d4f808219bb263f31f42c4f876
:10903c000821d4f81031d4f810211b0c63f30f0263
:10904c00c4f81021d4f81c31190240f1b580d4f8c1
:10905c00243143f48023c4f82431059b5b0502d5ed
:10906c00386800f0edfb002009b0bde8f083ff2369
:10907c008df80b3022f090f890bb22f0bbfd78bb42
:10908c00d4f86c3f1e052bd495f8f030072bd5f88f
:10909c008c3017d01e78d5f88800c6f3801603687c
:1090ac00cdf819308388adf81d309df818300df1ce
:1090bc000b0166f3000306a88df8183014f09cf829
:1090cc0070b12be7987800f03f02d81c10440121b6
:1090dc0010f8026bc6f380160cf09cfa0028ded157
:1090ec000022aa76d4f86c2f9df80b602b7e10050d
:1090fc0005f11b096ad4d4f8682f910066d5032baf
:10910c003ff623afdfe803f00442072dff2e06d114
:10911c00d4f8003109e0d4f8686fc6f30266304623
:10912c0022f000fbd4f8003140b16ff34103c4f8d6
:10913c0000313049002020f0e9fd06e743f002033e
:10914c00c4f80031304622f0f5fa044618f0eefd72
:10915c000123ab762368c5f81b30a388a9f804302b
:10916c00f3e6d4f8686fc6f30266304622f0dafafa
:10917c00d4f8003143f00203c4f800310028e1d0e8
:10918c001d4818f0d3fde0e6ff2eeed1d4f80031e7
:10919c0043f00203c4f80031f2e7884603e70023ea
:1091ac0084f8e5301ae793f8cc2042f0020283f8f9
:1091bc00cc2011f083f945e7d4f81c31da017ff5a6
:1091cc004cafd4f8243143f4002344e7032b3ff68f
:1091dc00bcae01a252f823f01d910001999100013f
:1091ec00199100019591000100240141d034012016
:0c91fc002e250141ac3301416e330120ef
:020000040000fa
:020000040100f9
:109208002de9f04f8bb0037e0193c14b00930123ee
:109218000591022219460546ec200df06bf9002352
:10922800cde9063322f010fa804608b10c24cce0d0
:10923800b84e29783068b5f802a0043022f00afc4c
:10924800b346044628b932681278012a0dd9072492
:10925800bbe090f8f820002ae8d190f8f92022b174
:10926800e97d90f824201142e0d00af00702072a8d
:1092780000f0be800af00a020a2a00f0b9800af05b
:109288001602162a00f0b4801af0100603d01af05d
:10929800600f40f0ad80d4b150461af06bff012842
:1092a80001d0042804d1d4f8ac20002a40f0a080d2
:1092b80094f8f92012b994f8fc2042b10838c0b2e9
:1092c800012800f295801af0200f40f091802a467c
:1092d8002f4632f8041fadf8181037f8071f927898
:1092e8008df81a20ba788df81e20069aadf81c1051
:1092f8008949203a8a4279d8ddf81c90a9f12002e0
:109308008a4273d8aa7a002a70d0282021f056f809
:1093180010b96a8b002a69d1002c72d0b4f8b02039
:10932800002a7cd0002e7ad150461af023ff6a7d9d
:109338008df82220ea7d8df82320caf34012caf363
:1093480080138df82620aa7a8df827308df8200012
:109358008df82160334600bf22fa06f1c90748bfdd
:10936800013306f1010644bfdbb24ff00108032eba
:10937800f2d1b8f1000f01d08df82130282021f06a
:109388001df860b3ab7e03f001038df82430eb7e4b
:1093980013f0010300d00123b4f8b0208df8253074
:1093a800214608a809f09afa40f2712303fb09f351
:1093b800984234d3cde90103584b0093022201238c
:1093c8008421ec200df096f84524554b0093019428
:1093d80001230022ff21ec200df08cf894e022f00c
:1093e80043f994f835308df82400d5e71124ece7db
:1093f8001224eae722f038f984f8350084f83600b8
:1094080052e0dbf80000f021043022f023fb044690
:1094180028b90ff07ff8044600283ff418af6e888b
:1094280030461af0a7fe84f847002b7823743b884f
:10943800a382bb78a375ab7a2376eb7a63762b7b12
:10944800a3762b46282053f80d2fc4f81b209b88a1
:10945800a4f81f302b7e84f825306b7d84f82230e9
:10946800eb7d84f82430eb7c84f82130ab7d84f8e4
:1094780023306b7e84f82630c6f3401384f83830e6
:10948800c6f3801384f8373020f098ff0028b1d055
:10949800ab7e03f0010384f83530eb7e13f0010353
:1094a80018bf012384f836300023217e84f89430d5
:1094b80021fa03f2d20748bf94f8942003f101037c
:1094c80044bf013284f89420032bf1d1204695f94a
:1094d800143000f8273f22f087fc059a94f92730ca
:1094e8001370039694f82430029394f82230019371
:1094f80002220c4b009311460123ec200cf0faffda
:10950800012022f099f8002420460bb0bde8f08f26
:10951800a807020198010020e03f1f00c4070201cc
:08952800d0860201de070201fa
:020000040000fa
:020000040100f9
:109530002de9f047b54d1e462b6803eb8002bab00b
:10954000d2f8fc210f464ab11178022906d13146e2
:10955000104620f0fcfd3ab0bde8f087002861d14c
:1095600093f8f821002af6d0d3f8f0319c6863789c
:1095700099073cd402211ff0c1fc63785a070cd52f
:10958000042100201ef08eff102100201ff0b6fce9
:109590003146204607f04cfedde76269944214d163
:1095a000204611f01bff63785d07e9d404210020f9
:1095b0001ff0a4fc63699c42cdd0617811f00805ce
:1095c00009d0204612f00afac5e71f07eed520465b
:1095d00022f033fce7e75b785807bcd5204612f051
:1095e000fdf932462946204614f03cfab3e74ff421
:1095f00080411ff083fca3883bb1204612f0eef9b6
:1096000032460121204614f02dfa6278d106a2d408
:10961000a388013b9bb2a380002b9cd163f3410242
:10962000627098e793f8f931002b94d04ff00c0852
:109630002b6808f1310253f8323043b92b6893f8a4
:10964000f931002b87d018f1ff38f1d283e79c68fd
:10965000d3f8009063789a0700f1da80a3785b076b
:1096600002d50eb94b46e8e7022101201ff046fc67
:1096700063699c4240f09480637813f004031dd02a
:10968000042101201ef00eff102101201ff036fce6
:10969000a569002d40f09380002f3ff479afbc42c4
:1096a0003ff476af3d78012d7ff472af7b781a07d7
:1096b00040f1a2806ff382037b7069e70df1160120
:1096c00006a8adf816301ef0b9fd94f85230012b03
:1096d00018d1069aa36dbdf816101a44b4f8543088
:1096e0000b449bb240f2e1418b42c2f31602069258
:1096f00085bfa3f2e2430132adf81630adf8163063
:1097000088bf06922b68bdf8160093f82e2203eb53
:109710004203b3f8263203eb90001ef0adfe069a2a
:109720000244c2f3160ae06ec4f81ca01ef0a4fea8
:10973000a18ccdf81ca083b25a1892b2b2f5487f22
:1097400088bf4ff44872524488bfc1f54871c2f3d4
:10975000160288bf8bb2099200210df115028df817
:109760001410cdf820a001210df1200a019205aac4
:109770008df815100092214607aa0920cdf808a0ff
:1097800000f07efb079b00939df815209df81410b8
:10979000534620460af0dcfb637860f38203637073
:1097a000637858073ff56caf042101201ff0a6fb3a
:1097b0002b6893f8f931002b7ff454afcbe6637834
:1097c00013f0080210d02b78012b02d028461ff08e
:1097d000f7ff284622f031fb33460022294695f850
:1097e000500012f047f957e76b7859067ff554aff0
:1097f00062f386136b70e6e7384612f0eff83246f4
:109800002946384614f02ef9c2e600bf6002002057
:109810004ff4804101201ff071fba3883bb120462b
:1098200012f0dcf832460121204614f01bf9627870
:10983000d306bdd4a388002bbad0013b9bb2a38032
:0c984000002bb5d163f341026270b1e768
:020000040000fa
:020000040100f9
:10984c002de9f04f90f89930c668012b89b0044689
:10985c0040f08b80b94894f8f220d0f82031c3f353
:10986c00076384f8f130d0f820311b0e1ebfd0f8fe
:10987c001c31c3f3c30384f8f030d0f82031c3f3a8
:10988c000743134484f8f230ad4b1b68c3f3411308
:10989c0084f8f330d0f844311ffa83f9d0f844310e
:1098ac004fea134ad0f84831d0f81c51c5f3c02503
:1098bc00c3f3080845b9d0f81c51c5f300251db1f8
:1098cc00d0f81c51c5f3c0159e4b1b68002b52d011
:1098dc002046984783469c4b1f6817b12046b847d3
:1098ec000746002d00f0158194f8cc30d4f88c008c
:1098fc0063f07f0384f8cc3094f8f0300121072b0f
:10990c0084f8e71039d00578d4f88880c5f3801531
:10991c008a4bd3f86c2f12f4006f04f1df0a04f1b8
:10992c00d90940f0d680d3f86c2fd10540f1d38003
:10993c00d3f8682f920040f1ce80d3f8685fc5f35e
:10994c000265284620f0c4fd40f0020084f8d800df
:10995c00d8f80030c4f8df30b8f80430aaf8043076
:10996c00494628461af08ef91ae04ff00008c24614
:10997c00c1464546a8e79b46ade78378033003f024
:10998c003f0303449878033300f03f00184410f869
:10999c00025b0bf03ffec5f3801580460028b7d163
:1099ac0094f8e53094f8f020222000fb0340072abd
:1099bc0000f1210040f09f80012b00f0a080002bd3
:1099cc0000f0a180022b40f0a18094f8f330012b21
:1099dc0002f2df6240f6a66108bf4ff45172042315
:1099ec0015f0e5fe02abcde90260082257490120d3
:1099fc0016f0a1fe17b1002384f8e83094f89970a2
:109a0c00012f3bd1524b4d4d1a686ff3db621a603c
:109a1c0000201ff0fbfc824638461ff0f7fc814605
:109a2c0002201ff0f3fc4ff6ff71804600201df062
:109a3c000dfe4ff6ff7138461df008fe4ff6ff7114
:109a4c0002201df003fe514600201ff0f1fc494698
:109a5c0038461ff0edfc022041461ff0e9fcb5f83a
:109a6c006c3f6ff38613a5f86c3fd5f8643f6ff32a
:109a7c000823c5f8643f00200af01efc94f8cc3093
:109a8c008df8043000256b460522324984f8995034
:109a9c000120009616f04ffe1822294602a821f04c
:109aac00b7fb94f8cd30002b45d194f8cc3013f0a3
:109abc00110f40d19df8083043f002038df80830a7
:109acc0001238df80a3002a807f024fd09b0bde887
:109adc00f08f002535e7002384f8d850c4f8df3028
:109aec00aaf80430d8f80030c4f8d930b8f80430eb
:109afc00a9f8043054e7002240f2e2416fe7fa2261
:109b0c0040f6c4116be74ff4ab72f9e70022114633
:109b1c0065e7bbf1000f3ff46daf94f8cc3043f028
:109b2c00400384f8cc300c4b52461d6849464346e2
:109b3c002046a8475ee70020c6e700bf002401418d
:109b4c00c0340141d4020020d002002001020101e6
:0c9b5c000c3a014100020101d802002077
:020000040000fa
:020000040100f9
:109b68002de9f04f044689b007f048fe94f84a20e2
:109b780094f8503094f84b600093002a00f0b680b7
:109b8800d4f8e430002e00f0b38003f14208d4f892
:109b9800ac90002a00f06981d4f87cb194f84d703b
:109ba800dbf80c502a686ff302022a602a6894f8de
:109bb800241061f3c4022a602a68042161f3ca12de
:109bc8002a602a6861f3ce222a60aa49002e00f092
:109bd8009180086805f11002121a286892b262f39f
:109be800de3028602a686ff3df722a60aa686ff394
:109bf8000102aa60aa6842f00402aa60aa686ff388
:109c0800c802aa600a886868991a89b261f30f00c5
:109c180068606968a9eb020292b262f31f410122ef
:109c2800696003948df81220002e68d08df81120f9
:109c38008df8147094f8f920002a67d194f8fc2064
:109c48008df8132000228df815200a228df8102097
:109c580003a91a4694f8470001930ef02ffb019bc5
:109c6800002e55d0b4f8b020d71bbfb25a7894f85c
:109c7800361094f8240001931df06efa019bcbf87e
:109c88000c500021cbe904318bf8081094f8f93016
:109c98008246002b3ed194f8fc308bf81c30331ce4
:109ca80018bf01238bf81d309df8113073b10023c4
:109cb8008df8183094f82430013b8df81930594646
:109cc8000af5a57306a8079312f078fb9df81430df
:109cd80099449df81130fbb10af5a57adbf800b07c
:109ce800eeb9c4e94eaa09b0bde8f08f134649e7ba
:109cf800b0464ce72a6866f3de322a6072e7b4f8a9
:109d0800b0208df811608df8142093e7012297e7b1
:109d18003746abe70123c0e70af1700adee7dbf854
:109d28000c502a686ff302022a602a6894f82410fb
:109d380061f3c4022a602a68042161f3ca122a6006
:109d48002a68013e61f3ce2216f0ff062a604949cf
:109d58007cd0086805f11002121a286892b262f3e2
:109d6800de3028602a686ff3df722a60aa686ff312
:109d78000102aa60aa6842f00402aa60aa686ff306
:109d8800c802aa600a886868a8eb020189b261f370
:109d98000f0068606968a9eb020292b262f31f4182
:109da8000122696003948df81220002e53d0009b85
:109db8008df811208df8143000228df813208df8bd
:109dc80015200d228df8102003a9424694f847006b
:109dd8000ef074fa9df81120002a41d0009bff1a5a
:109de800bfb298f8012094f8361094f824001df0ba
:109df800b3f900210246701a18bf01208bf81d0024
:109e08009df81100cbf80c508bf80810cbe9048aa8
:109e18008bf81c1078b18df8181094f82410019262
:109e280001398df8191002f5a571079106a8594650
:109e380012f0c4fa019a9df8141008f142088944f6
:109e480086b10af5a57303eb020a47e72a6866f3a9
:109e5800de322a6086e78df811608df81470abe762
:109e68001746bee70af17003ede793469246174698
:089e780036e700bf7002002074
:020000040000fa
:020000040100f9
:109e80002de9f04fc3b0064604920d463022002162
:109e900006a8994621f0c2f916f00304dff8e8821b
:109ea00010d0d8f8003093f81c425cb11af03cfe98
:109eb000d8f80030d3f80c721ef0f4fe0024002f06
:109ec00040f0858016f03c0f0fd0d8f8003093f8a2
:109ed0001d3253b11af028fed8f80030d3f81472ae
:109ee0001ef0e0fe002f40f0928095f85030012bdc
:109ef00009d1d8f80030d3f8083223b142aa02ebd6
:109f0000840444f8f03c049bdff880a21b680193b2
:109f10006b6a9944019b4ff0000b13fa89f9d8f84a
:109f2000003002935d4606ab53f82b70002f00f013
:109f3000b180029bfe69d3f808329f420cbfbb6a16
:109f40003b6a039397f85230012b04bfbb6df61a9e
:109f5000029b93f82e2203eb420240f23911b2f831
:109f60002632b2f82a22b3fbf1f3b2fbf1f213442a
:109f700003f1020308bf06ea0a060093a6eb0308f2
:109f8000039bf418009b04ea0a041c44fb6e08ead5
:109f90000a0804ea0a04002b40f0a5807b699f426e
:109fa00040f0a180b86e1ef067fa0590a8eb090397
:109fb0005b025ed489ea080313ea0a0f59d0182d10
:109fc00067d00bf1010bbbf10c0facd162e01af0c2
:109fd000abfdd7f800a01ef065febb689d4214d013
:109fe0005a78520711d5f70707d542a9621c01eb31
:109ff000840444f8f03cd4b207e0b00705d593f8e8
:10a00000511095f851209142efd8574657e71af072
:10a010008bfdd7f800a01ef045feba68954217d018
:10a020005378590714d5ab689a4211d0730707d5f6
:10a0300042a9631c01eb840444f8f02cdcb207e075
:10a04000f70607d592f8511095f851309942efd89c
:10a05000574647e7300706d592f8511095f851302a
:10a060009942f5d3e4e7b106f2d56b699a42efd194
:10a07000dee74b46019a2146404621f0bff9e0b1a8
:10a0800042ab03ebc5030135edb2182d43e9308433
:10a0900013d118254c9b6a1e1d7012a8002116f0c2
:10a0a00041fe002312981a464c99097891422bd808
:10a0b0004d9a137043b0bde8f08fbb6e002b3ff498
:10a0c0007eaf059b1e44009b06ea0a06a6eb03082a
:10a0d000039b9c19009b04ea0a041c4408ea0a0832
:10a0e00004ea0a0462e74b46019a2146404621f001
:10a0f00085f900283ff463af42ab03ebc50301359c
:10a1000043e93084edb25ae75ab904990c68211a30
:10a110004d0206d54e9901ebc301c1e90040013360
:10a12000dbb24c99097801398a4202f1010413da51
:10a1300042a901ebc20151f8bc6c42a901ebc40178
:10a1400051f8c05c711b490206d54e9901ebc30161
:10a15000c1e900650133dbb24c99097801398a42c3
:10a160000fd142a901ebc20252f8bc1ca1eb0902bb
:10a17000520206d54e9a02ebc302c2e9001901331e
:10a18000dbb2e2b290e700bf60020020ffff7f0079
:020000040000fa
:020000040100f9
:10a190002de9f04186b0bb4b0190064600930222a8
:10a1a00001231321ec200cf0a9f9012e09d9b64f97
:10a1b0003868f021043021f051fc044630b90c25f8
:10a1c00063e021f04dfa0028f1d0f8e7002e3ed0f0
:10a1d000032e4dd1ad4b1a7880f847209a7880f83d
:10a1e0002120ff2280f825201a465978017652f85e
:10a1f000050fc4f81b009288a4f81f20b3f80320b1
:10a20000a4f8192093f84b3084f8943071b3002be4
:10a210000cbf1e25002519f073f915f0affb12f0e5
:10a22000fbfc284310f0ff0f40f02a8194f84730e0
:10a23000012bc4d0657e012d1dd1204621f0d0f91f
:10a2400010b394f8f830002b53d0032e58d0386850
:10a25000f021043021f002fc0446032e00f2fe80bf
:10a26000dfe816f070007c00a50003011e25d2e790
:10a27000012edbd8dee7adb9294604a81ff04cfd5e
:10a280009df81030002bdcd01225814b00930195f6
:10a2900001230022ff21ec200cf030f9284606b003
:10a2a000bde8f081ab1e012bcbd8a27e9df810300b
:10a2b00062f300038df8103023464ff0000853f886
:10a2c0001b2fcdf811209b888df80e800df10e010b
:10a2d00004a8adf8153019f063f90028b1d0022dab
:10a2e000abd141460df10f001ff016fd9df80f3068
:10a2f000c8e7204607f0cefe05460028a5d0c4e7f3
:10a30000624de87a48b10df0a9fec4f8ac0020b166
:10a31000ea7a05f10c0120f05ff995f82b00eb7a51
:10a32000a4f8b03048b10df099fec4f8bc0020b1db
:10a3300095f82b20574920f04ff995f82b30a4f8c9
:10a34000c03084e794f8f810012902d120461ef0ad
:10a35000e5fc012021f06cf900259fe794f8f85006
:10a36000002df6d10121084613f03efd94f8471068
:10a37000204608f007fe94f84730474a012b1ebfdd
:10a38000636905f271255d4342f21073c4f83431fc
:10a39000002101232046c4f8305184f8f83021739d
:10a3a00013f0a2fcd4f8680112f0e8fed1e794f8ab
:10a3b0004710204608f0e6fd656921f073fb4ff475
:10a3c000c8635843b0fbf5f0304d21f083fb20f01b
:10a3d00007f894f847202a70227e6a7094f82120aa
:10a3e000aa70b4f81920a5f80320224652f81b1fc2
:10a3f000c5f805109288a5f80920b4f8b0202ab154
:10a40000d4f8ac1005f10c0020f0e6f8b4f8c02048
:10a41000b4f8b030eb7222b1d4f8bc101d4820f073
:10a42000dbf8b4f8c03085f82b3094f8943085f818
:10a430004b3019f08df817f035f914f07ff9002141
:10a4400002232046c4f8301184f8f8302173124af0
:10a4500013f04afcd4f8680112f090fe002021f0bd
:10a46000e7f8002021f0ecf876e71ff03df908b19d
:10a470001ff0b6ff94f84710204608f083fddee792
:10a480001e2502e710a60201980100205036012087
:0ca49000629102017c36012021bc000119
:020000040000fa
:020000040100f9
:10a49c002de9f0470f78ff2f88b005460e4600f0e7
:10a4ac001a813423046d17fb03f94c4494f82430bf
:10a4bc00012b63d1a278b04b32b1227822b9d3f8f8
:10a4cc001c21c2f3c3026270ac4a11682279c1f339
:10a4dc00411122f00f020a432271d3f84421e28089
:10a4ec00d3f84421c2f30f422281d3f84821c2f39e
:10a4fc0008026281d3f84821c2f30f42a281d3f83b
:10a50c004c21e281d3f84c31c3f3084323829c4b9a
:10a51c001b681bbb4ff000089a4b1b6863b1394694
:10a52c002846984740b13a46022128460bf0f2f8eb
:10a53c00b37843f04003b370934b1b680bbbb8f17b
:10a54c00000f25d12b6d4b449b780bb36378072bf5
:10a55c0078d02b7b3a462bb3012124e03946284690
:10a56c00984780460028d5d03a46032128460bf060
:10a57c00d1f8b37863f07f03b370cde74ff00008e8
:10a58c00dae798470028dad0804b1b78002bd6d11d
:10a59c007378012b0ad194f82d303bb1002384f849
:10a5ac002d3003e0414628460bf0b4f86b7c012bb0
:10a5bc005ed1714b764ad3f81c01d3f81c11137879
:10a5cc00c0f34030c1f380215ffa80fe5ffa81fc5a
:10a5dc009046002b4cd02b6d97784b44bef1000f5e
:10a5ec0032d0002288f8002093f82b20022a40f069
:10a5fc00a4800c2303fb078300211a7a59720132c1
:10a60c00d2b2022a1a7206d101221a72da88012aef
:10a61c0001d05208da80012102a815f0bdff0c22ee
:10a62c0002fb07839df808109b79013b0b40ff2b25
:10a63c0018bf01338df8083002fb07879df80830ee
:10a64c003b7115e03a4687e7bcf1000f09d010705a
:10a65c001a78002a40f0898093f82b30022bc8d846
:10a66c006ee00c2303fb072711703b7901333b7120
:10a67c0094f82470012f2bd1464b1a686ff3db62d0
:10a68c001a6000201ef0c2fe824638461ef0befe46
:10a69c00814602201ef0bafe4ff6ff718046002064
:10a6ac001cf0d4ff4ff6ff7138461cf0cfff4ff66d
:10a6bc00ff7102201cf0caff514600201ef0b8feac
:10a6cc00494638461ef0b4fe414602201ef0b0fe4c
:10a6dc00002384f82430ab680093b6f801302e497f
:10a6ec005bbaadf80430f3788df8063033788df81a
:10a6fc00073008226b46012016f01df8b47814f0d0
:10a70c00040517d11822294602a820f081fd737880
:10a71c0004f01104234301bf9df8083043f00203f9
:10a72c008df8083002a80abf012328468df80a309c
:10a73c0006f0f0fe08b0bde8f087bcf1000f87d141
:10a74c000c2303fb078300215a7a19720132d2b20f
:10a75c00022a5a727ff45faf01225a72da88b2f57c
:10a76c00807f3ff458af520054e7012ae8d193f8a8
:10a77c002b30012b73e700bf00240141c034014191
:10a78c007c3401208034012078340120d234012023
:0ca79c00b42f01200c3a0141040101011e
:020000040000fa
:020000040100f9
:10a7a8000c4b13f0ff0f08d04ff0200383f31188f0
:10a7b800bff36f8fbff34f8ffee7074a934208d06e
:10a7c8004ff0200383f31188bff36f8fbff34f8fd0
:10a7d800fee770470070800000708000014b186031
:10a7e800704700bf9c34012030b4184c1546184af5
:10a7f8000c4404eb8030541e844208d24ff02003ee
:10a8080083f31188bff36f8fbff34f8ffee71c18d8
:10a81800a24208d24ff0200383f31188bff36f8f51
:10a82800bff34f8ffee71944b1f5804f08dd4ff0b5
:10a83800200383f31188bff36f8fbff34f8ffee7b9
:10a8480001461a46284630bc1ff0c2be0070800080
:10a8580000f08000f8b5324d0d4405eb8035174601
:10a86800ea061c4608d04ff0200383f31188bff393
:10a878006f8fbff34f8ffee743b94ff0200383f389
:10a888001188bff36f8fbff34f8ffee7254b5a1e1a
:10a89800aa4208d24ff0200383f31188bff36f8fc9
:10a8a800bff34f8ffee76219934208d24ff020039f
:10a8b80083f31188bff36f8fbff34f8ffee72144f7
:10a8c800b1f5804f08dd4ff0200383f31188bff303
:10a8d8006f8fbff34f8ffee7134b1b6803b1984789
:10a8e800e3061ebf24f01f042034a4b24ff6e07321
:10a8f8002340fe183c46a64206d100bf20f0dcfdee
:10a908000028fbd1f8bd00bf20f0d6fd0028fbd100
:10a91800e91b214420461af0c5fb2034ebe700bfb1
:10a928000070800000f080009c34012038b5114c84
:10a93800114b04eb8034a34208d24ff0200383f379
:10a948001188bff36f8fbff34f8ffee704f5804583
:10a9580020f0b2fd0028fbd1204604f580541ef0fb
:10a96800e5fcac42f4d100bf20f0a6fd0028fbd1e5
:10a9780038bd00bf00708000ffef800037b542b9d6
:10a988004ff0200383f31188bff36f8fbff34f8f0e
:10a99800fee71f4c0c4404eb80341e48431ea342c0
:10a9a80008d24ff0200383f31188bff36f8fbff3f2
:10a9b8004f8ffee71319984208d24ff0200383f314
:10a9c8001188bff36f8fbff34f8ffee71144b1f5c6
:10a9d800804f08dd4ff0200383f31188bff36f8f9a
:10a9e800bff34f8ffee74ff0ff3201929db2042272
:10a9f8000deb020120461ff0ddfd30b90434a3b28f
:10aa08009d42f4d1012003b030bd0020fbe700bf18
:10aa18000070800000f0800038b5154643b94ff04b
:10aa2800200383f31188bff36f8fbff34f8ffee7c7
:10aa3800184c194a0c4404eb8030541e844208d246
:10aa48004ff0200383f31188bff36f8fbff34f8f4d
:10aa5800fee71c18a24208d24ff0200383f31188a6
:10aa6800bff36f8fbff34f8ffee7ca18b2f5804f61
:10aa780008dd4ff0200383f31188bff36f8fbff316
:10aa88004f8ffee71a4629461ff094fdb0fa80f072
:10aa9800400938bd0070800000f080004ff0ff30a2
:04aaa8001ef020bcc0
:020000040000fa
:020000040100f9
:10aaac002de9f0470c0505460e4690461f461dd570
:10aabc000468e37d012b40f0ad80a26fb64b1340d0
:10aacc00802b09d1d4f8c83043f08073c4f8c83057
:10aadc001ff03cf9c4f88800237d13f0010f05d05a
:10aaec00022323752021284620f034f8f1042fd5b9
:10aafc002c68237d9a072bd510232375a37d013356
:10ab0c00dbb2012ba3750bd1a44b617e5b6958782a
:10ab1c00e0771af0c5fcd4f898301844c4f89800c3
:10ab2c00e37d012b7ad1a37d012b82bfa36f43f46c
:10ab3c000063a36720461cf0c9ff20461af04efaaa
:10ab4c000121204602f0d6fd2321284620f002f8f0
:10ab5c00b4041bd52c68237d980717d5142015f049
:10ab6c00affb8246082015f0abfb0823814601465b
:10ab7c002375524628460bf011fe002878d0484623
:10ab8c001cf07af8222128461ff0e4ff760414d535
:10ab9c002c681ff0d3ffe27d237d002a40f0d68085
:10abac0013f0400f09d0d4f8cc0021f0caf80423dc
:10abbc002375242128461ff0cdfffc0605d518f07f
:10abcc0061fd172128461ff0c5ffb80605d518f002
:10abdc0059fd162128461ff0bdff18f0100f17d095
:10abec002c68e07d002840f0b480a36f190609d5cd
:10abfc001ff0acf8c4f88800204617f0e7fbb0fa59
:10ac0c0080f04009237d9a0602d5002800f0ac8024
:10ac1c00bde8f087237d13f0400f60e7d4f8cc003b
:10ac2c0021f08ff820461cf051ffa36fdb038bd56e
:10ac3c00a37d012b88d1d4f8cc0021f0fef8d4f8f8
:10ac4c00a420a36f904288bf801ad4e9261223f463
:10ac5c00803398bf00209142a367bff475af814247
:10ac6c00bff472af43f04003a3672023237564e75e
:10ac7c00c4e96ea994f81790b9f1010f1fd12046c1
:10ac8c001af0acf94946204602f034fd94f86c30c9
:10ac9c00db070dd5e37f5bb1a37f4bb120f002fd49
:10acac0003688268e07f1344c4f8c0311ef03afd9b
:10acbc0094f86d3043f0800384f86d3062e794f8bb
:10accc006e3060f3000384f86e30d4f8cc0021f0c1
:10acdc0038f8a36fd90330d594f86d0023f4803382
:10acec0010f00109a36713d0a36f43f04003a367cf
:10acfc002023237520461af071f90121204602f019
:10ad0c00f9fc94f86e3043f0010384f86e30bde723
:10ad1c0094f86c30da0610d5d4f8cc0021f08df80c
:10ad2c00d4f8a430984288bfc01ad4e9263298bf10
:10ad3c004846934201d28342d6d3a36f23f04003fb
:10ad4c0043f00053a367002323759fe713f0010f13
:10ad5c0028e7012808d1237d13f01e0f3ff458afcc
:10ad6c00d4f8cc0020f0edffa36f5b0602d5204693
:10ad7c0020f06bfbe37d012b0bd1a26f12f0400f87
:10ad8c0008bf4023237528462521bde8f0471ff056
:10ad9c00e1be4023f6e700bf800000028c320120a8
:020000040000fa
:020000040100f9
:10adac002de9f041c0b296b0032834d8dfe810f09a
:10adbc0004003700fe00030115780c686a0617d5ed
:10adcc00a54b94f85420197809b9012a10d0012afe
:10addc004ff00001197009bf3e23012384f857205e
:10adec0084f85a3018bf84f85830204620f051f8b7
:10adfc00a38a0193994b0093022201236f21ec202b
:10ae0c000bf076fb964b0093022301951a467021aa
:10ae1c00ec200bf06dfb002016b0bde8f0810c6847
:10ae2c00a06c94f842708678002316f03f060293cb
:10ae3c00adf80c3008d0c67816f0080604d0032103
:10ae4c0002300af0e7fb064694f85450012d36d137
:10ae5c00814b1a78012a12d100251d70814b228b4f
:10ae6c001b8884f89d50db00b3fbf2f3a4f872301e
:10ae7c00022384f854302946204615f0abf894f898
:10ae8c00743083b1784b1b78bb420cd3b4f89c2044
:10ae9c0040f201139a4205d126b13288b4f89e30a3
:10aeac009a4200d06db1714b009302220123d22142
:10aebc00ec200bf01dfb6e4b00221a70abe700254b
:10aecc00dde794f89c3033b12eb1012384f89d302a
:10aedc003388a4f89e30a06c83789b0648d0c37846
:10aeec005e0645d5062102300af094fb037819065c
:10aefc003ad58df80a30a06c00231e461a469742ac
:10af0c0038d19a78920618bfdd785a4b1b8818bf37
:10af1c00c5f30015b342ced3a38aadf80830676ce5
:10af2c004ff67f73adf80b3041f20f08f72e32d984
:10af3c00f73e0123b6b28df80d30f724029b059332
:10af4c00002cbdf80c30adf8183004a814bf3b46eb
:10af5c000023adf810808df81a40079327441bf09e
:10af6c0041ff002ee2d1a6e7132bc2d91423c0e770
:10af7c007f23bee78178437801f03f01013b5b1ae8
:10af8c0056fa83f600f1030c01320346b6b2d2b284
:10af9c000ceb0100b3e7f4b225b102238df80d30b0
:10afac000026cbe78df80d502e46c7e74421002034
:10afbc0015f010f82fe70d6895f857300020c5f8fc
:10afcc00bc002bb195f85a1044293fd115f002f86a
:10afdc0095f858304bb141f21003adf81030ab8af4
:10afec00adf8143004a81bf0fdfe95f85630002b7c
:10affc003ff411af002385f8563085f8543095e8ae
:10b00c008c003ab35360d5e900231a601a4b1c78b4
:10b01c00013ce4b21c7064b9dff86c80174ed8f8b0
:10b02c0000001bf00ffe30681bf00cfec8f800404f
:10b03c00346013492a7d012303fa02f20b78384657
:10b04c0023ea02030b7019f067fae4e63e29bfd13c
:10b05c002846bbe70b4ad5e7cb34012084730201a9
:10b06c0099730201b6340120c0340120a673020189
:10b07c00ce340120ae340120c934012050340120db
:0cb08c00c8340120603301204c34012046
:020000040000fa
:020000040100f9
:10b09800f0b589b0ae4b019106460f4600931446b1
:10b0a800012302223e21ec200bf024fa612e3d6898
:10b0b80053d013d8412e30d006d8a6f11303012b54
:10b0c80040f2e780002491e0542e37d0602e48d01b
:10b0d800522ef7d1384613f0f7fff3e7a02e00f011
:10b0e800ec8007d8802e14d0812eebd138461ff083
:10b0f8008ff9e7e7a22e00f0f380c0f0ed80f12e83
:10b10800e0d1d5f8cc0000240ff01cfcc5f8cc40e9
:10b118006ce0284617f004f9d4e723685b890293aa
:10b128002b8801938b4b0093022201233e21ec20b4
:10b138000bf0e0f928461cf0a5f8c3e7d5f8c430b1
:10b1480013f0010452d023f0010395f8e010c5f87c
:10b15800c43028461ef0d1fcb4e738461ff084fc02
:10b16800b0e723681d68a37a032b42d163681b7874
:10b1780002932b880193784b0093022201233f21ed
:10b18800ec200bf0b7f920f09ffa28b3236843614d
:10b1980063680361637a4373227a037b134323f062
:10b1a800040343f0010303736c4a002303605168ee
:10b1b8000860506043606a4b59688160021d0a60ec
:10b1c8005a6063681b78022b84d1d5f8c43043f0e9
:10b1d8000103c5f8c4307de7624b0093072401944e
:10b1e800012302224221ec200bf084f9204609b009
:10b1f800f0bd637a02932b8801935b4b0093022284
:10b2080001234021ec200bf075f920f055fa034694
:10b2180040b322688261a27a027522681268128895
:10b22800c28262680261627a4273217a027b0a43af
:10b2380022f0040242f002020026066002734b4824
:10b2480042681360464a43605e6054689c60191dfa
:10b25800216095f86d40516014f040040ad110f057
:10b268006bf8c3e7424b00930724019401230222a1
:10b278004121b8e7016820f0a2f80b7b43f00403f2
:10b288000b7318f0c1f8ab6f43f01003ab673d21a7
:10b298005fe72b7e403b022b07d8a6f113035942e8
:10b2a8005941384616f0caf90ce7ac6f14f004049b
:10b2b8009cd038460ef00cfe04e705f10c001ff098
:10b2c800c9fd0446002840d00146384605f028fe4e
:10b2d80020461ff037faf5e6288811f0c3fef1e69c
:10b2e80095f8e230112b3ff4edae95f8e430112bd0
:10b2f8003ff4e8aed5f8a4311bb11b79012b3ff41c
:10b30800e1ae2b8801931b4b0093022201234321ba
:10b31800ec200bf0eff82b88adf81030ea8f6b8f2c
:10b32800d5f83a10adf812300591adf81820adf8ff
:10b338001c30adf81a3095f86d3043f0080385f8e5
:10b348006d3004a809f01afbbce607244ee700bfdd
:10b358007470010193700101b770010100020020af
:10b3680030020020de700101fb700101380200206c
:08b378001d7101013b7101018f
:020000040000fa
:020000040100f9
:10b380002de9f04790f85570d0f80880012f88b06b
:10b39000044627d1af4bd3f82031c3f3074380f8dd
:10b3a000423094f8553094f8b8203bb1a94994f84c
:10b3b0004230d1f81c1188011dd5f3b942f02003a9
:10b3c00084f8b830b4f85c30b4f8721001339bb232
:10b3d0009942a4f85c3003d842f0600284f8b820a7
:10b3e000012639e020f0e2fb074610b984f842005c
:10b3f000d7e70027d5e79107dfd194f86430ebb9a0
:10b40000a56c0235072128460af00af90646a8b1bc
:10b41000284619f03ff82822014630461df01aff51
:10b4200060b10368c4f86530037984f86930b0f816
:10b430000530a4f87030012384f864300026012020
:10b44000a4f85c60a56820f0b7fb02ab0422824937
:10b450000295012015f075f9208b0021800020f065
:10b46000adfca36fd4f834a00133814600f0a8806e
:10b4700094f8b8309b0600f1a380e06f471c00f001
:10b480008d80494619f02af851461df04bfdd4f83d
:10b490008030c4f88800c4f884305146a06f1df095
:10b4a00041fd0125a36fe3670746c4f88050d4f837
:10b4b0008c006843d4f89450a84228bf2846c4f8aa
:10b4c00090001ff002fd014638461df02bfd6a4634
:10b4d00002a9054620f024f9238d94f85570c4f88c
:10b4e000ac500133012f238521d15c4d2b686ff3c4
:10b4f000db632b6002201df08fff4ff6ff7181464a
:10b5000000201cf0a9f84ff6ff7138461cf0a4f893
:10b51000a5f5b7654ff6ff7102201cf09df849466e
:10b5200002201df08bff2b686ff34d332b6000233f
:10b5300084f8553094f8b8308df8043005226b4605
:10b540004749cdf80080012015f0fbf8002e71d19d
:10b55000b4f8601051b194f86430012b06d084f82f
:10b560005e603246d4f8bc0020f069fc94f8b81054
:10b5700011f004010fd1182202a81ff04ffe9df810
:10b58000083043f010038df8083002a8d4f8ac302e
:10b59000059305f0c5ff08b0bde8f087d4f8880032
:10b5a000451c08d0494618f099ffc4f88800d4f823
:10b5b000843001336fe7d4f8ac30c4f88830f6e754
:10b5c000d4f88800411c13d0494618f087ffc4f80e
:10b5d0008800d4f884506b1cc4f884306fb14ff0ed
:10b5e000ff33d4f88870e3670235c4f880305ee733
:10b5f000d4f8ac30c4f88830ebe7e06f421c15d0cb
:10b60000494618f06bff51461df08cfcd4f8805071
:10b6100007460135e06f431c3ff449af494618f037
:10b620005dffd4f88030e0670133dee7d4f888703e
:10b630000235efe794f85e30002b97d1b4f8723002
:10b64000b4f86220033b9a4290dbd4f8bc0020f0af
:10b65000f8fb8be700240141010301010c3a014191
:04b6600000030101e1
:020000040000fa
:020000040100f9
:10b664002de9f04f8bb090f84c6090f85130029374
:10b67400054690f84e80d0f8e8b0002e00f0a48083
:10b684000bf14209eb6bdff8b4a29f6ad5f8843161
:10b69400dc682268022161f302022260226895f8c4
:10b6a400241061f3c40222602268042161f3ca12e7
:10b6b4002260226861f3ce222260002e00f0868090
:10b6c400daf8001004f11002521a216892b262f3ff
:10b6d400de312160a2686ff30102a260a26842f029
:10b6e4000402a260a2686ff3c802a260a2686ff3aa
:10b6f400dd62a260baf800206068abeb020189b297
:10b7040061f30f0060606168ba1a92b262f31f417c
:10b714006160ea6b059551788df81a10002e5ad0a5
:10b7240001218df819108df81c8000218df81b1053
:10b7340012788df81d200c205a4605a901938df826
:10b7440018000cf0bdfd019b002e4ad0ea6b928dcf
:10b75400a2eb08081ffa88f89bf8012095f8361028
:10b7640095f8240001931bf0f9fc019b0221024689
:10b774009df8190019720021dc60c3f810b05961fa
:10b7840080b18df8201095f82410039201398df8ba
:10b79400211002f5a571099108a8194610f010feb0
:10b7a400039a019b9df81cb007eb0b0101919df8d6
:10b7b4001910c1b102f5a577d3f800b0b6b9c5e93f
:10b7c40054770bb0bde8f08fb1465be7226866f3af
:10b7d400de3222607ee7918d8df819608df81c10a1
:10b7e400a3e7b046b8e702f17007e5e7dbf80c40e1
:10b7f4002268022161f302022260226895f8241073
:10b8040061f3c40222602268042161f3ca12226037
:10b814002268013e61f3ce2216f0ff0622607ed03c
:10b82400daf8001004f11002521a216892b262f39d
:10b83400de312160a2686ff30102a260a26842f0c7
:10b844000402a260a2686ff3c802a260a2686ff348
:10b85400dd62a260baf800206068a9eb020189b237
:10b8640061f30f006060019b61689a1a92b262f3ff
:10b874001f416160ea6b059552788df81a20002efd
:10b8840052d00122029b8df819208df81c30002221
:10b894008df81b208df81d200d228df8182005a988
:10b8a4004a460c200cf00cfd9df81920002a40d0cb
:10b8b400029ba8eb03081ffa88f899f8012095f871
:10b8c400361095f824001bf049fc02218bf808106f
:10b8d4009df81910cbf80c400246cbe9049781b1ce
:10b8e40000218df8201095f82410039001398df86b
:10b8f400211000f5a571099108a8594610f060fdc2
:10b90400039a019b9df81c100b44019309f1420911
:10b914008eb107f5a5771744dbf800b04ee722682f
:10b9240066f3de32226085e78df819608df81c809d
:10b93400ade79046c1e77037ede700bf7002002025
:020000040000fa
:020000040100f9
:10b9440080b483b000af03460a46fb711346bb8044
:10b95400134bfa7992b203f5805302331a80104bd9
:10b9640003f58053ba881a800d4b03f580530433d2
:10b974001b680b4943f4801201f5805304331a60a9
:10b9840000bf074b03f5805304331b6803f4801393
:10b99400002bf6d100bf0c37bd465df8047b704721
:10b9a4000020014180b483b000af0346fb71144b07
:10b9b400fa7992b203f5805302331a80104b03f5df
:10b9c400805304331b680e4943f4802201f58053ed
:10b9d40004331a6000bf0a4b03f5805304331b6819
:10b9e40003f48023002bf6d1054b03f58153083370
:10b9f4001b689bb218460c37bd465df8047b704744
:10ba04000020014190b585b000af044608461146b8
:10ba14001a462346fb710346bb710b467b711346e2
:10ba24007b80fb791846fff7bdff0346fb81ba799b
:10ba34007b79d31a0133012202fa03f35a1e7b796c
:10ba440002fa03f31bb2db431ab2b7f90e30134008
:10ba54001bb2fb81ba797b79d31a0133012202fa32
:10ba640003f39bb2013b9bb21ab2b7f90230134005
:10ba74001bb27b807a887b7902fa03f31ab2b7f996
:10ba84000e3013431bb2fb81fa89fb791146184629
:10ba9400fff756ff00bf1437bd4690bd80b584b094
:10baa40000af0346fb710b46bb7113467b71fb79f8
:10bab4001846fff777ff0346fb81fa89b9797b794a
:10bac400cb1a0133012101fa03f3591e7b7901fae0
:10bad40003f31a407b7942fa03f3bb81bb8918460e
:10bae4001037bd4680bd80b483b000af114b03f561
:10baf400f05314331b680f4943f0040201f5f0536b
:10bb040014331a6000bf0b4b03f5f05314331b6856
:10bb140003f00403002bf6d1064b03f5f0530c336a
:10bb24001b68fb80fb8818460c37bd465df8047b18
:10bb3400704700bf0020014180b584b000af0346c8
:10bb4400fb80fb889b007b81fff7cdff0346fb81d5
:10bb5400fb893b810823bb8100bf00bf00bf1be002
:10bb6400fff7c1ff03463b813a89fb899a420ad217
:10bb74003a89fb89d31a9ab2bb8913449bb203f264
:10bb8400e243bb8106e03a89fb89d31a9ab2bb89a6
:10bb94001344bb813b89fb81ba897b899a42dfd3f9
:10bba40000bf1037bd4680bd80b586b000af0346e8
:10bbb400fb80fb884ff47a7202fb03f33b613b6921
:10bbc4001b09154aa2fb0323db09fb813a6913090c
:10bbd4001149a1fb0313db094cf2503101fb03f3c0
:10bbe400d31abb810023fb8206e04cf25030fff7ee
:10bbf400a3fffb8a0133fb82fa8afb899a42f4d3be
:10bc0400bb89002b03d0bb891846fff795ff00bf03
:0cbc14001837bd4680bd00bfc55a7c0a31
:020000040000fa
:020000040100f9
:10bc200084b02de9f74305460ba880e80e000b46cb
:10bc3000042d00f2f980dfe815f00500f70021017e
:10bc400027012f010c680e9b9a49c4f828310d9bdf
:10bc50009948c4f82c3100230b70012101809748ca
:10bc60009df83c200370964884f8fb200370002a5e
:10bc700000f0178194f8542094f89470ff2651191d
:10bc8000b94207da04eb8503d4f828019b6d98428a
:10bc900080f0cf803246002120460cf007fd894b12
:10bca00089481e70894b00221a70012384f8fa30eb
:10bcb0001ff0caff94f84730012b04d1844904f5e2
:10bcc000c67008f023fc2146012010f0e9fa214655
:10bcd000012009f023fc94f8fb70d4f8743104f5ca
:10bce000ba78d4e94a690fb1d4f89830c4f89c30d6
:10bcf0002046dd681af0bcfc20461ef03dff2046c1
:10bd000016f0deff734b1a88482161f30e021a8089
:10bd1000a3f56b7294f835001188a3f5836360f383
:10bd2000041111801a686ff34d321a6094f82410d0
:10bd300003201ff09efd2a464946404617f00ef9a3
:10bd4000002f3cd1d4f8743194f81880df680121b9
:10bd500001a814f027fc9df804100622b1fbf2f3b1
:10bd600002fb1313dbb28df8043094f847100b2953
:10bd70004ff001020cd802fa01f111f0050f5cd16d
:10bd800040f6c870084018b911f0120f18bf02220f
:10bd9000514903eb43030b4412010021585c28fa7c
:10bda00000fc1cf0010f07d0d7f808c0253060f365
:10bdb000c80cc7f808c0174401310329eed194f824
:10bdc0004730052b06d9d4f87c311bb1434b2046b4
:10bdd0001b689847d4f87421002a30d194f8473072
:10bde0003f49012ba1f104033fd10a68062060f30b
:10bdf0000f020a601a6842f002021a60394a126899
:10be0000ad1a1a68adb265f31f421a60364a11685e
:10be1000b6b266f31f4111601a6842f001021a605f
:10be2000d4f82c011ef0e8f803b0bde8f04304b0ec
:10be300070470135ceb2edb221e70322a8e7d4f86e
:10be40009c3093420ad8117ad368042908d0052976
:10be500006d019b9186861f3461018601268bbe77c
:10be600019686ff346111960f8e7086862f30f006c
:10be70000860196862f341011960bfe79df834104a
:10be800018681df077f8cfe70191184901ab04223b
:10be9000012014f056fcc7e7019101ab04221449bc
:10bea000f6e7ff2220460cf001fcff2384f8543013
:10beb0002a46e1e6cc020020c6020020c50200208e
:10bec000cf340120c4020020e14e0101e80200202d
:10bed000008813006c3801410eb40201ec0200200e
:10bee0005c3e014170020020703e014105000101ed
:04bef0000600010146
:020000040000fa
:020000040100f9
:10bef4002de9f04f002390f84750027e89b00446a4
:10bf04001e4600bf22fa03f1c90748bf013603f1f8
:10bf1400010348bff6b2032bf4d1a5f1080b5ffa75
:10bf24008bfbbbf1010f00f29a80b4f8b02094f8b7
:10bf340022308df81a3094f824308df81b3094f8a0
:10bf440038308df81e30214694f837308df81f3084
:10bf540006a88df8185003f027fdab1f012b40f203
:10bf64008d80bbf1010f00f2828094f84a5094f85e
:10bf74004b301d44edb236b23301181d03930cf05f
:10bf84006bf882b20746002a7cd1864b0093fe21cf
:10bf94000123ec200af0b0fa07f104094fea461a2b
:10bfa40050461ff036ff80460aeb060040000cf0b6
:10bfb40053f8c4f8e000002d68d0042000eb05100d
:10bfc4000cf04af882b20646002a5dd1754b009304
:10bfd400fe210123ec200af08ffa331d029329b2cb
:10bfe4004a011046059104921ff013ffdde9042174
:10bff4008246501840000cf02ff8bbf1010fc4f832
:10c00400e40040f2cb8042200cf026f8c4f8dc00b7
:10c01400ff200cf021f8c4f8d800b9f1000f40d18a
:10c0240038461af013fe30461af010fed4f8e00039
:10c034001af00cfed4f8e4001af008fed4f8dc0080
:10c044001af004fed4f8d8001af000fe40461ff09f
:10c05400e2fe50461ff0dffe4ff0070b8ae0a5f129
:10c064000a03012b94bfb4f8c02000225fe70a3d05
:10c07400012d05d894f84b5003357be703257ae767
:10c08400002578e7814689e70290a8e7bbf1010f14
:10c0940074d92e46aa46c3e73e46ba464ff0070b6c
:10c0a40054e0029b002bbbd0d4f8e020002ab7d088
:10c0b400d4f8e420002ab3d0d4f8dc20002aafd08e
:10c0c4000028add0b8f1000faad0baf1000fa7d064
:10c0d400039bc4f8a0704b441f46b94503d175b9fe
:10c0e4004ff0000b46e0c8f80c90414604f5ba70d6
:10c0f4001ff08cfb09f1100908f12008ede7013d60
:10c10400edb20135c4f8a4600aeb4515029bcaf8e8
:10c114000c30514604f5be701ff078fb029b0af107
:10c12400200a103355450293f0d1d9e7002dcfd022
:10c134004ff0000b002eb1d0d4f8e420002aadd08b
:10c14400baf1000faad0bbf1000fc1d038461af0e3
:10c154007dfd30461af07afdd4f8e0001af076fd41
:10c16400d4f8e4001af072fd40461ff054fe504625
:10c174001ff051fe584609b0bde8f08f002f8bd058
:10c184002e460295aa46d4f8e02012b1b8f1000f69
:10c19400ccd1002d82d04ff0070bcbe7002ff2d18a
:08c1a400f9e700bff0bc020145
:020000040000fa
:020000040100f9
:10c1ac0070b50468267e132e054640d002d8122e98
:10c1bc000cd070bd403e022efbd8102901d01229a4
:10c1cc00f7d10020bde8704005f0a4b9112939d091
:10c1dc001dd81029edd194f86d306ff3410384f81c
:10c1ec006d3020461ff0b7fd28461cf005fa20469e
:10c1fc001ff022f90021204601f07cfa20461ff0a6
:10c20c0024f9284610f0b0f913232376d1e712292c
:10c21c0008d08129cdd1002281212846bde870406b
:10c22c0010f0eab92846bde870400cf0d3be2129c5
:10c23c0000f0e18016d81229f4d009d8102946d084
:10c24c001129b6d128461146bde8704019f0c1ba83
:10c25c001629aed31729e5d92029aad1bde87040fb
:10c26c0015f07aba242900f0c68010d822295bd0a8
:10c27c0023299ed11df00ef80646002899d1284698
:10c28c001af0a5fba36f5b0693d531468ee081298e
:10c29c00c1d0822900f0c58025298ad118f03efc36
:10c2ac00a36f23f04003a3671cf0f6fc284618f09c
:10c2bc0057f920461bf0c2fb80b318f02ffca36f7c
:10c2cc0023f48033a367bde870401cf0e5bc94f800
:10c2dc006d306ff3410384f86d30534b1a686ff374
:10c2ec009a621a601a686ff359621a6020461ff03e
:10c2fc0032fd28460ef0aafd28461cf07df920469a
:10c30c0018f06cfe0021204601f0f4f920461ff0d5
:10c31c009cf82846bde8704010f026b918f0fefbda
:10c32c00a36f43f48033cde7a36f13f0100203d057
:10c33c00d4f8b821812171e794f86d10a27562f3dd
:10c34c00c7111b0784f86d1009d518f0e7fba36f14
:10c35c0023f4005323f00803a3671cf09dfcd4e9dd
:10c36c006e21284602f076fc94f8e230032b284626
:10c37c0033d194f86c309e072fd41cf08bff00281f
:10c38c007ff417af237d4bb994f86e30d90742bfb9
:10c39c0094f86c3023f0030384f86c3028461af0c0
:10c3ac0016fba36f5a067ff504af0021204617f049
:10c3bc00dbfca8b118f0b2fba36f23f04003a3671a
:10c3cc001cf06afc00212846f8f738fe94f86c3013
:10c3dc0023f0030384f86c30ebe61df003fcd1e78b
:10c3ec0018f09cfba36f23f4f81323f40063a367ea
:10c3fc001cf052fceae718f091fba36f43f4806346
:10c40c00a3671cf049fc28461cf044ff00287ff46d
:10c41c00d0ae20461bf05afb2846bde870401af0ff
:0cc42c00d6ba0022fae600bf303401410d
:020000040000fa
:020000040100f9
:10c438002de9f04186b01f468b4b019080460d4692
:10c4480016460093022201236121ec200af052f8db
:10c458001ff0faf850b10c24844b00930194012387
:10c468000022ff21ec200af045f891e0022d0cd1c2
:10c478000eb91224f0e7002ffbd00a224ff4a06374
:10c4880072437b439a4203d3f3e70eb1002ff4d1f2
:10c49800774b1b681a68774b04921b68b8f1010f39
:10c4a8001b68059334d0b8f1000f58d00df0b8fed2
:10c4b8000446002864d1704b5d70704d15f05ef82d
:10c4c8002a786f4b6e80012a5f801f4600f09a80a1
:10c4d800002a00f08280022a00f0a7803e78002e11
:10c4e80000f0ac80012e4bd1664b009302223346fc
:10c4f800b721ec2009f0feff634809f0b7fd0023df
:10c508001a466249032014f018f900233b7037e0fb
:10c5180092f82e409cb993f82e30002b9bd004ab98
:10c5280053f8243093f82e202ab1997b01f0fd01ad
:10c53800012906d051b1002cb8d10124efe700241d
:10c54800ede71ff0a5fa0028f5d192e70df10f00ed
:10c558001df0defb9df80f30002becd089e716f0bc
:10c56800d9fa044660b9454d1bf014ff2a78012a10
:10c5780012d0022a1ed0424d2b78012b1fd0002446
:10c588001df076fc01201ff057f8002c7ff464aff3
:10c59800204606b0bde8f0813d4b0093b12113461b
:10c5a8000222ec2009f0a6ff281d09f05ffd85f89e
:10c5b8000080e0e7374b0093b2210123f1e7364ac8
:10c5c8000092b8210222ec2009f094ff05f108003e
:10c5d80009f04cfd00232b70d2e7002e3ff47eaf0c
:10c5e8002e4b0093019601230222ae21ec2009f084
:10c5f80081ff42f210717143281d07f083ff012368
:10c608002b706be7264b0093af211346ec200222d8
:10c6180009f070ff281d09f029fd2346224621490b
:10c628002c70032014f089f858e7002e3ff456af19
:10c638001d4b009301960123b021d7e77c88002c7d
:10c648009dd06b88002b9ad0184b009302220123af
:10c65800b621ec2009f04eff15490b48bc8007f0c5
:10c6680051ff01233b708ae7f8ae01014af001014e
:10c67800b8010020b4010020bc0100205432012080
:10c688001832012089af010120320120080101017f
:10c6980016af010124af010132af010140af010122
:10c6a80056af01010701010164af01017aaf010131
:04c6b80000881300e3
:020000040000fa
:020000040100f9
:10c6bc0073b50468267e132e054640d003d8122e7f
:10c6cc000cd002b070bd403e022efad8102901d019
:10c6dc001229f6d1002004f01dfff2e7112924d015
:10c6ec0019d81029edd194f86d306ff3410384f80b
:10c6fc006d3020461ff02ffb28461bf07dff1323c7
:10c70c002376607e17f050ff20461ef09efe2846d2
:10c71c000ff0baffd5e712290dd08129d1d1002213
:10c72c00812128460ff068ffcbe7114619f051f82c
:10c73c0013232376c5e728460cf04cfcc1e72129ce
:10c74c0000f0dc802ed81229f5d007d8102972d031
:10c75c001129b6d1114619f03cf8b2e71629b0d31d
:10c76c001729e8d92029acd1a36f1e0616d518f0cd
:10c77c00d5f9d4f8c83023f08073c4f8c8301cf055
:10c78c008bfa204615f022fe002871d018f0c6f95d
:10c79c00a36f43f08073a3671cf07efa284614f055
:10c7ac00dbff8ee7242900f0a98023d8222969d049
:10c7bc00232986d11cf06efd002882d1237d002b0d
:10c7cc003ff47fafa36f5b0640f19080a37d012bfc
:10c7dc0040f08c800021204617f0c6fa002800f0ab
:10c7ec00858018f09bf9a36f23f04003a3671cf01e
:10c7fc0053fa7be0812992d0822900f0968025297a
:10c80c007ff45faf17f0acfe28461af0e0f8a36f88
:10c81c005b067ff556af20461bf010f920b318f0dd
:10c82c007df9a36f23f04003a3671cf035fa28466b
:10c83c001af0cdf845e794f86d306ff3410384f8a6
:10c84c006d303b4b1a686ff39a621a6020461ff0ea
:10c85c0082fa28460ef0fafaa36f23f40003a367ba
:10c86c0028461bf0c9fe4ce728461bf0c5fe28e7fe
:10c87c0001a9d4f8cc001ef049f9019b5b0ac4f85d
:10c88c0088301ee7a36f13f0100203d0d4f8b82140
:10c89c00812147e794f86d10a4f8152062f3c711b5
:10c8ac00180784f86d1009d518f038f9a36f23f424
:10c8bc00005323f00803a3671cf0eef9d4e96e21b2
:10c8cc00284602f0c7f9a36f59060cd50021204663
:10c8dc0017f04afa38b118f021f9a36f23f040038e
:10c8ec00a3671cf0d9f928461df07cf9a36f1a0632
:10c8fc007ff5e7ae28461cf093ffe2e6637d01333b
:10c90c00637518f00bf9a36f23f0400343f48063b5
:10c91c00a3671cf0c1f928461cf0bcfc00287ff46e
:10c92c00d0ae20461bf0d2f881e70022fae600bf19
:04c93c003034014151
:020000040000fa
:020000040100f9
:10c940002de9f04f89b0d0f8e0300193d0f8dc3019
:10c950000293d0f8d830d0f8ec800393054640f627
:10c96000014306900199adf81c3006a810f0acfe0a
:10c970002b46002453f8282fc8f800209b88a8f8dd
:10c9800004302b46264653f82e2fc8f806209b88e5
:10c99000a8f80a30d5f87471fb68049395f89430c0
:10c9a000b34202d809b0bde8f08fd7f80ca0dff889
:10c9b000f091daf800306ff30203caf80030daf8c9
:10c9c0000030012060f3c403caf80030daf8003008
:10c9d0004ff0040b6bf3ca13caf80030daf80020ea
:10c9e00053466bf3ce2243f8102bd9f800209b1a44
:10c9f000daf800209bb263f3de32caf80020daf8de
:10ca00000030019a6ff3df73caf80030b9f80030d4
:10ca1000daf80410d21a92b262f30f01caf80410c5
:10ca2000daf80420a8eb03039bb263f31f42caf8b1
:10ca30000420daf8083060f30103caf80830daf8a5
:10ca4000083043ea0b03caf80830019b95f835100b
:10ca50005a7895f822001af083fbc7f80ca0019bc6
:10ca600005eb860a0022c7e904343a723a77caf81d
:10ca700064703f682318fc682168052060f3020198
:10ca800021602168012060f3c401216021686bf3fb
:10ca9000ca11216021686bf3ce21216095f89410b2
:10caa00001398e4274d195f84710814204d1d9f8ea
:10cab000002004998a1a92b2216862f3de31216063
:10cac000b9f800200593029b6068991a89b261f356
:10cad0000f006060039b61689a1a92b262f31f4173
:10cae0006160a268022161f30102a260a26842f0c3
:10caf0000402a260a2686ff35822a260a26801211a
:10cb000061f35a62a26095f8351095f8220022224e
:10cb10001af026fb05223a72029bfc6000223b6160
:10cb20007a613a77caf870402168059b05eb4604a4
:10cb3000c1f3cf31a4f88810caf87c20a4f88e2065
:10cb400003f2371210440eb9c5f8240195f8942069
:10cb5000013a964208d195f84720012a06bf0f4aac
:10cb6000c5f82021c5f82001caf8580095f84720db
:10cb7000012a03f24d1407d1252295f8351095f8b6
:10cb800022001af0edfa044401363f68f6b205e7d8
:10cb9000d9f8001004f11002521a8ce70088130033
:04cba00070020020ff
:020000040000fa
:020000040100f9
:10cba400f7b58b4c0d461bf0dcf8237b032b07d821
:10cbb400dfe803f002282a2a012101201ef057fe93
:10cbc400844b01221a701df075ff0023e38095b198
:10cbd400eb6823610df1020101a81cf089f8bdf98d
:10cbe4000220019b002a23f070432269b8bf03f19d
:10cbf400ff3313442361237b032b0dd8dfe803f0b9
:10cc0400065461580221d8e70321d6e7724b1a88eb
:10cc1400012161f301021a80704b1a68062161f345
:10cc240013421a601a6861f317521a60a3f5be62c0
:10cc340044f22910116841f004011160116841f0b7
:10cc440008011160116841f001011160a3f5b86297
:10cc5400a3f5b465116860f30f0111601168c7f2a0
:10cc6400761111605e49e0780a6810700868a2784d
:10cc7400427008685b492e680968411a89b261f3f9
:10cc84000f06a3f5bc632e601d68043189b261f3fd
:10cc94000f051d60e6780430072e38d8dfe806f06b
:10cca40064686c8a8d8f93954b4b02211a88b0e788
:10ccb400494b1a8842f003021a801a886ff304124f
:10ccc400a9e7454b1a8842f003021a801a8842f0f9
:10ccd4001002a0e700eb050c314600271a1202faf5
:10cce40007fe82ea131201375b0041ea0e0102f0eb
:10ccf4000102c3f30803082fc9b243ea0203edd1ca
:10cd040001358cf80010edb2a278aa42e2d8364d73
:10cd14002b684ff6ff7262f30f032b602b6862f3ec
:10cd24001f432b602b46552153f8042f42f01f025a
:10cd34001a601a68c5f255521a601a6861f30f2214
:10cd44001a6016f063f855f8043d284a43f40003ca
:10cd54002b606378d25c2b6862f315432b60002050
:10cd64000423237103b0f0bd354640f2ff13cbe733
:10cd74000f211ef051facae75521fae70025871959
:10cd840029469a1302fa05fc82ea533201355b0004
:10cd940041ea0c0102f00102c3f30e03082dc9b2eb
:10cda40043ea0203edd101363970f6b2a278b242f9
:10cdb400e4d8ace700260123f8e7ff21d9e70021f6
:10cdc4001ef02afaa3e7f021d3e7aa21d1e700bf96
:10cdd400440200205a020020c0340141203a01419b
:10cde400483401207002002058340141149002019b
:020000040000fa
:020000040100f9
:10cdf4002de9f04f054687b004f002fdd5f87c71ab
:10ce0400d5f8e460fc68d5f8ac202368dff824a2e8
:10ce14006ff302032360236895f8241061f3c403bd
:10ce2400236023684ff0040969f3ca13236021685f
:10ce3400234669f3ce2143f8101bdaf800105b1a7d
:10ce440021689bb263f3de31216023686ff3df73e3
:10ce54002360a3684ff0010b6bf30103a360a36885
:10ce640043ea0903a360a3686ff3c803a360baf895
:10ce740000306068f11a89b261f30f006060d31a60
:10ce840062689bb263f31f4262604ff00008684b14
:10ce9400019532460deb09018df80d800293b5f82a
:10cea400b03095f847008df80c300bf009fa727821
:10ceb40095f8361095f824001af050f9fc60c7e98b
:10cec400046887f80880a7f81c803f68fc6822681b
:10ced400052363f302022260226895f8241061f3ab
:10cee400c4022260226869f3ca122260226869f3cc
:10cef400ce222260226868f3de322260d5f8dc108c
:10cf0400626800f17006baf80000091a89b261f388
:10cf14000f026260d5f8d8106268091a89b261f309
:10cf24001f426260a268022161f30102a260a2684a
:10cf340042ea0902a26004f11002a168121a92b234
:10cf440062f35821a160a2686bf35a62a2602222a4
:10cf540095f8361095f824001af000f90523fc60c2
:10cf64003b72d5f8dc30a7f81c80c7e9043695f885
:10cf74002430022b51d0032b51d05b4501d1a73073
:10cf840006443f68fc6823684ff0040868f3020312
:10cf94002360236895f8242062f3c4032360236884
:10cfa40068f3ca132360236868f3ce2323602368dd
:10cfb4006ff3de33236023686ff3df7323606368ea
:10cfc4006ff30f03636063686ff31f436360a368c9
:10cfd400022262f30103a360a36843ea0803a36087
:10cfe4000e2295f8361095f824001af0b7f80023ad
:10cff400c7e90436fc6087f80880bb8395f82430c1
:10d00400022b0ed0032b0fd0012b01d10644853601
:10d01400c5e94e6607b0bde8f08fa130b0e7a9308e
:10d02400aee706448b36f3e706448336f0e700bfe9
:08d034000a0001007002002057
:020000040000fa
:020000040100f9
:10d03c002de9f04f8bb00646894b00930222012359
:10d04c000321ec2009f054fa347896f801a0b6f8d4
:10d05c0004b01ef0f7fa8146002840f0f480814fae
:10d06c003868214604301ef0f3fc0546002800f019
:10d07c00ec8090f8f83023b1aaf10303012b00f2f5
:10d08c00e28005f1c8001ef06bf940f2726300eb10
:10d09c000b08984509dd3868317804301ef0d8fc4f
:10d0ac00002111f05bff072434e0baf1030f14d90f
:10d0bc0095f847300b2b05d840f61242da40d407ce
:10d0cc0009d413b19a1e012a2ed8baf1030f02d13a
:10d0dc00bbf11f0f38d912241ce0bbf1000fe7d0b5
:10d0ec0010201ef092fe059058461ef08efe059afa
:10d0fc000346002a00f0ab800028059010460cbfb8
:10d10c00072400241ef083fe059b002b40f0a38017
:10d11c00002ccdd0544b0093019401230022ff210d
:10d12c00ec2009f0e5f98ae0baf1040f56d195f834
:10d13c00f820002acfd0d5f8ac20002acbd0bbf1f8
:10d14c00000fc8d1042bc6d9b8f1000f4fd0052b56
:10d15c004dd98df81c3095f822308df81e3095f88d
:10d16c0024308df81f3095f838308df8223095f832
:10d17c0037308df8233000238df81d30297e1a4668
:10d18c0021fa03f0c00748bf013203f1010344bf89
:10d19c00d2b24ff00109032bf2d1b9f1000f01d03b
:10d1ac008df81d20b5f83530adf820301ffa88f217
:10d1bc00294607a805f090fb6a6940f27123534396
:10d1cc00984214d3cde90103284b0093022201238a
:10d1dc008421ec2009f08cf945249be7aaf1030a81
:10d1ec00baf1010fb0d9bbf1000fadd173e73868bc
:10d1fc00317804301ef02cfcb37880f8a930b38859
:10d20c00029390f825300193194b009305460123a6
:10d21c0002220421ec2009f06bf973788df81c3094
:10d22c00b388adf81e3007a8b368089300248df8b6
:10d23c001d40099505f0fafd01201ef0fbf9204672
:10d24c000bb0bde8f08f0c2464e7422462e70028a1
:10d25c003ff429af072418461ef0d9fd58e700bf4c
:10d26c00b087020198010020d0860201c407020198
:04d27c00c287020162
:020000040000fa
:020000040100f9
:10d280002de9f04387b0884b009306460123022224
:10d290004521ec2009f032f91ef0e2f9002840f0b7
:10d2a000fe80824f347b3b6823b193f89830012b8a
:10d2b00000f0f5808cb9214604a81cf02dfd9df8e6
:10d2c000103083b112257a4b00930195012300227f
:10d2d000ff21ec2009f012f9d9e0012c14d11ef045
:10d2e000dbfb0028eed01df021ff002840f0d980a4
:10d2f00033797bbb7079b11d00f0010018f034fc6c
:10d3000000283ed00b25dee7a31e012bebd89df8ad
:10d310001030727962f300038df810303346002527
:10d3200053f8062f8df80e509b88cdf811200df183
:10d330000e0104a8adf8153016f032f90028d2d04d
:10d34000022cccd129460df10f001cf0e5fc9df814
:10d350000f30b6e7574b1b689bb1044604aa0df18a
:10d360000f01204618f04afd20b10134e4b2082c28
:10d37000f4d1c7e704a99df80f0018f0f5fb0028c9
:10d38000f3d1fc21022011f00ffb814684200af02a
:10d3900065fe804625200af061fe0446b9f1000fc3
:10d3a0007bd0b8f1000f76d0002814bf00250725e8
:10d3b000484617f0b7f8b8f1000f02d0404619f010
:10d3c00047fc14b1204619f043fc002d7ff47bafdd
:10d3d000fc21022011f0e8fa0468374b4360c4e9ed
:10d3e0003455e0603c603379237401236376337bea
:10d3f0007188378823767379637432468f4252f886
:10d40000063fc4f812309388e38240f2712303fb95
:10d4100001f3c4f89c304ff47a7308bf0337c4f8a3
:10d42000a0304ff0840008bfbfb20af017fec4f866
:10d430008c0025200af012fe4ff001084ff4007313
:10d440004ff00009a4f8ea30c4f8880084f8089086
:10d4500084f8ce80a4f8e6900e201cf0b3ff0421df
:10d4600084f8cf0084f89880404610f0bdfcb38a61
:10d47000728a318a04f12d0012f038fc20463b46b6
:10d480000e4a49460cf0d2fc40461ef0d1f8284620
:10d4900007b0bde8f08307258ae707258be70c2551
:10d4a00011e707250fe700bfc6a10201583301208d
:10d4b000d5a102015434012005170201253e0101c6
:020000040000fa
:020000040100f9
:10d4c00030b591ea030f00f18280841a71eb030cee
:10d4d00005d2121953eb0c03001b71eb0c0140f247
:10d4e000000ccff6e07c1cea430f52d0bceb410f9e
:10d4f0005fd90c0da4eb135e5ff0010c6cf31f51b0
:10d500006cf31f53def1200c2ad303fa0cf54019fb
:10d5100041f1000122fa0ef5401923fa0ef5694196
:10d5200012fa0cf2cd0208d349085fea30005fea34
:10d53000320228bf42f001020134013c5fea500c84
:10d5400072f1004250f1000051eb04514ff400130e
:10d5500013eb410f38bf30bd6ff31301002030bd16
:10d56000bef1200ebef1200f1ed223fa0ef5401997
:10d5700041f10001cef1200c124218bf012203fa42
:10d580000cf52a43cee711ea5c0f04bf002000210e
:10d5900030bd1cea410f04bf01f00041002030bd46
:10d5a00001f00041002030bd21f4801101eb045155
:10d5b00030bd004218bf41f00101bceb410f08bf74
:10d5c00030bd4ff0fe4141f47801002030bd83f0c2
:10d5d0000043841a71eb030e07d28ef0004e001b3d
:10d5e00071eb0e01121953eb0e0340f2000ccff653
:10d5f000e07c1cea430fc6d0bceb410f72d90c0d86
:10d60000a4eb135ec90241ea5051c00241f000414f
:10d61000db0243ea5253d20243f00043def1200c16
:10d6200041d312fa0cf522fa0ef203fa0cf542ea93
:10d63000050218bf42f0010223fa0ef3801a994145
:10d64000e30ac4f30a0411f0404f03d418d0013c9c
:10d6500040004941013c23d44205c00a40ea415000
:10d66000c90a51eac3715fea500c72f1004250f1ed
:10d67000000051eb045130bd01002fd00020203cb0
:10d680000029f9d0b1fa81fcdcf1200e11fa0cf17d
:10d6900030fa0ef510fa0cf02943a4eb0c04d9e78c
:10d6a0000020d90730bdaef1200ebef1200f0dd203
:10d6b000cef1200c03fa0cf533fa0ef32a4318bf0f
:10d6c00043f00103c01a61f10001b9e721f0004104
:10d6d000c00a40ea4150c90a01eb045130bd0020a4
:10d6e000002130bd004218bf41f00101bceb410fe9
:0ed6f0007ff467afbceb430f3ff463af30bd78
:020000040000fa
:020000040100f9
:02d6fe00704773
:020000040000fa
:020000040100f9
:10d70000f8b5037f8c4e022b044622d11ef0bff8e1
:10d71000d4f8ac307bb92377a36f23f08053a36791
:10d720000123238433696362b4f86c3023f490736b
:10d73000a4f86c3012e094f86d20920609d51b799c
:10d7400003f03003102b04d100232377c4f8ac304e
:10d75000e2e7217f0029dfd0022967d0204611f0bf
:10d760001bfaa17e84f8220094f8210017f09efe97
:10d77000d4f89830184494f82130c4f898001bb1bc
:10d78000b4f85230a4f85830e37dd4f8cc00012b23
:10d7900040f0b5801ef057fbd4f8a430834238bf68
:10d7a000c01ad4e9262328bf00209a42a36f80f034
:10d7b000a380824280f0a080d90040f1948094f848
:10d7c0006d2042f0010284f86d2043f04003a3670e
:10d7d00017f0aaf9616af06819f05cfcf36894f834
:10d7e00022205a7094f86d3094f86c20f06803f0a1
:10d7f0000101c2f38013db0043ea011394f8201007
:10d80000d2090b4343ea820303701bf04bfaa36f68
:10d8100013f0200108d194f86c2043f0200361f349
:10d82000410284f86c20a3670020f8bdd4f8ac2036
:10d8300013895589ed1aa36f23f08053a36794f8d9
:10d840006d306ff3000384f86d30137903f030000e
:10d85000102829d112891abb03f00303012b1fd012
:10d8600084f82010d4f8ac20b4f8601013890c337d
:10d870001344a94263621ed310681df011ffd4f84f
:10d88000ac301b7903f03003102b07461ed16068c3
:10d890001df006ff27b3a36f43f08053a3670fe08b
:10d8a000012384f82030dde7032384f8203020466c
:10d8b0000cf05ef9d6e7a36f43f08053a3670d46e3
:10d8c00084f8215020461df0b4fd47e7a0681df004
:10d8d000e7fe94f86d309b06dcd5002fdbd1efe737
:10d8e0000028d8d1ece794f86c20d2063ff56daf54
:10d8f000a27d012a3ff469af23f0400367e71ef0e1
:10d90000a2fad4f8a430d4f8a020834238bfc01ab9
:10d91000d4f8983028bf00209342bff459af834217
:10d92000bff456afa36fdb0042bf94f86d3043f0f5
:0cd93000010384f86d304be78c320120bd
:020000040000fa
:020000040100f9
:10d93c0030b5046894f8ff300025d90793b0c4f8cb
:10d94c00685178d523f0010384f8ff3004f5d270c8
:10d95c0008f08afb94f81431002b78d094f8162137
:10d96c0084f81451002a6cd1d4f81c311d688db187
:10d97c00298820460df0a6fb2a8895f8b4308df83e
:10d98c00063041f214016846adf80010adf80420e1
:10d99c0019f028fa94f8173163b1002384f8173181
:10d9ac006e4b94f818211b681b68002a51d12988ea
:10d9bc0020469847d4f87c312bb1012120460ff03a
:10d9cc003dfa18f025f9002120460ff037fa94f8ab
:10d9dc00f830022b19d1b4f8b0304bb1d4f8ac00fc
:10d9ec0008b119f02ff90023c4f8ac30a4f8b0300a
:10d9fc00b4f8c0304bb1d4f8bc0008b119f022f91e
:10da0c000023c4f8bc30a4f8c030002384f8f830ec
:10da1c001cf07efc18b90121022010f0dff994f8fb
:10da2c00153143b18623adf80030684600238df8dc
:10da3c00043019f0d7f994f8ff309a070cd4002071
:10da4c0025e04ff6ff7120460df03cfba2e71d468a
:10da5c00a0e74ff6ff71abe723f0020384f8ff3029
:10da6c0094f8f830002bead03c4b1b685b6853b938
:10da7c0094f84710204610f063fd94f84730012bc2
:10da8c0007d1002309e0204698470028f0d013b0b6
:10da9c0030bd626940f271235343d4f87c21c4f841
:10daac003031002a3ed142f21073c4f834312c4a82
:10dabc000021204610f012f9d4f87c316bb3d4f865
:10dacc002051d4f8383194f82320d4f83011e818c8
:10dadc00002a41d0a1f5a5731b1a5b0803f5a573a9
:10daec0001fb02521a440344cb1ac4f84c31c4f85b
:10dafc00482101211b4a204610f0f0f8d4e95a10b5
:10db0c001ef09ff9d4f87c313bb1d4e95a011ef0d8
:10db1c009af9d4f86c010ff02bfbd4f868010ff0d4
:10db2c0027fb8ce794f82310d4f82021d4f8380183
:10db3c0079b102449b1aa3f5a5735b08b3fbf1f30f
:10db4c0042f210729342d4bfc4f83431c4f8342179
:10db5c00ade742f21073f3e71346bfe71c34012024
:08db6c0021bc000121f40001bd
:020000040000fa
:020000040100f9
:10db74002de9f04f05468fb00f460026bb5dab552f
:10db84000136202efad13c464ff0000854f82c0ff1
:10db9400cdf82080616809abcde9068803c3a0688d
:10dba400e16803c306aa206918601146334610468b
:10dbb4001af0cefe06aa8346294628461af0c8fe65
:10dbc400ba4683445af8300fdaf8041009ab03c399
:10dbd400daf80800daf80c1006aa03c33346114633
:10dbe4001046cdf834801af0b3fe5ffa8bfb834401
:10dbf40006aa294628461af0abfe3b465ffa8bfb81
:10dc0400834453f8200f01935968cdf82c800df10b
:10dc14001809a9e803003a469868c9f8000052f8c0
:10dc2400380f049251680cabcde9098806aa03c3e6
:10dc34003346294628461af08bfe5ffa8bfb3a4698
:10dc44005844c3b252f8240f059351680292bb465c
:10dc540006ab03c39068c9f800005bf8340fdbf827
:10dc6400041009ab03c3dbf80800186003937b6b53
:10dc74000c933b6a0d9306aa3346294628461af0ac
:10dc840067fe059b6168cdf82c801844c3b22068f8
:10dc9400059306ab03c33b6aa0680c93bb6ac9f83f
:10dca40000000d9306aa334629462846cde9098883
:10dcb4001af029f8059bdaf80410181ac4b2daf835
:10dcc400000006ab03c3daf80800daf80c1003c34b
:10dcd4007b6a0c93fb6a0d9306aa334629462846b1
:10dce400cde90a881af00ff8dbf80410019a241a17
:10dcf400dbf8000006ab03c3dbf808005168c9f881
:10dd04000000106809ab03c3039b906818603b6b69
:10dd14000d9306aa334629462846cdf8308019f0db
:10dd2400f2ff049ae4b25168241a1068029a06ab0e
:10dd340003c310685168c9f8008009ab03c3039b8f
:10dd4400906818607b6b0d9306aa334629462846d3
:10dd5400cdf8308019f0d7ffe4b2241a64b24445f8
:10dd64000f4e10db34b92022294630461bf05dfaf1
:10dd7400012812d0202332462946284619f0c3ff31
:10dd8400241a64b2eee720233246294628461af0c4
:10dd9400dffd044464b2002cf5db0fb0bde8f08f66
:04dda400f4a90101dc
:020000040000fa
:020000040100f9
:10dda800102970b504460e4600f0878007d805296b
:10ddb80046d00e296ad0042921d000251de0192952
:10ddc80000f0828012d81729f7d190f8e23003f0da
:10ddd800ef03032b76d1d0f8b031002b72d0c37d7e
:10dde800002b6fd1bde8704003f0c0bd262900f0bc
:10ddf8009380a1f1290255425541284670bd90f8fb
:10de0800e230213b012b0ed890f8e30001280ad11b
:10de1800022384f8e33094f86d3043f0400384f82b
:10de28006d300125e9e706220321204616f0eaf9bc
:10de380005460028e1d0002120460bf08bf9dce7ed
:10de480090f8e230213b012bebd890f8e330022b1d
:10de580014d115f0b6fc062120461cf056f90546eb
:10de68000028aad0032384f8e33094f8f43023f090
:10de7800030343f0030384f8f430bee706220321ca
:10de880016f0c0f90546002897d0d4e70ff068ffd0
:10de980080b194f8e43073b9e37d2bb920460921a9
:10dea800bde8704017f020be31462046bde87040fe
:10deb8001bf0dfbd012005469fe70221bde8704049
:10dec80007f020bd1721f0e790f8e430002ba8d127
:10ded8000ff046ff054630b9012594f8e630002bcf
:10dee8008bd10121a8e7e37d83b9354bd4f8b41170
:10def8001a684978d1701b68da78252a02d9252250
:10df0800da70eae7012ae7d80222f9e73146204623
:10df18001bf0affd0546e0e790f8e430002b80d118
:10df28000ff01eff002841d0e37d002b34d194f878
:10df3800f1305b0606d41a222621204616f062f933
:10df48000546cee7204616f094fc054610b3d4f8f3
:10df5800b431b4f85c209a81b4f848105a888a42df
:10df680028bf0a4699885a81d981b4f84c00d988c3
:10df7800814238bf0146914224bf02f1ff3291b27b
:10df88001a8919825a82082384f8e430204615f049
:10df9800f2ff32e71e22cfe794f8e630002b7ff439
:10dfa80040af314620461bf064fdc9e794f8e630df
:10dfb800002b7ff436af012120460bf0cbf830e779
:04dfc800f002002043
:020000040000fa
:020000040100f9
:10dfcc00f8b5804c19f0c9fe1cf070fd237b012bb9
:10dfdc0000f0e280002b00f0da80042b00f0de80f1
:10dfec000023e380237b012b00f0e180002b00f069
:10dffc00d780042b00f0df80734b1a68062161f385
:10e00c0013421a601a6861f317521a606f49704a0a
:10e01c0009681268a3f5bb65521a296892b262f3bb
:10e02c001f412960a3f2d451a3f5ba66086862f3c4
:10e03c001f4008603768d01c80b260f31f47376000
:10e04c002f68101d80b260f30f072f600d6860f30e
:10e05c000f050d60316802f2031292b262f30f01e8
:10e06c00a3f5be623160116841f0040111601168c2
:10e07c0041f008011160116841f001011160a3f534
:10e08c00b86244f22910116860f30f011160116835
:10e09c005048c7f276111160a3f2cc525525116885
:10e0ac0041f4000111602178405c116860f3154166
:10e0bc001160a3f5b9624ff6ff71106861f30f00a0
:10e0cc001060106861f31f401060a3f2c452222646
:10e0dc00106840f01f0010601068c5f255501060b9
:10e0ec00106865f30f2010603b4a02201070a3f5f6
:10e0fc00c3601d46028842f00102028003f57e7067
:10e10c00028842f48072028055f8142d012060f3cd
:10e11c005a622a602a6842f000622a601a6842f049
:10e12c0080721a60a3f5b762106866f3070010607e
:10e13c002a682a4842f080722a60c26842f00202c1
:10e14c00c2601a4632f8200d6ff3070010801a4691
:10e15c0032f81c0d40f0ff0010802a6842f0ff02dc
:10e16c002a601a4632f8180d6ff30700108003f579
:10e17c00fe7203f5fa73108861f30f0010801a8891
:10e18c0061f30f021a80082323710020f8bd0121ce
:10e19c0002201df068fb23e70221f9e70321f7e7d2
:10e1ac000f4b1a88012161f383021a8024e70c4b70
:10e1bc0002211a88f7e70a4a138843f00c031380ec
:10e1cc001ae700bf44020020203a014170020020ef
:10e1dc0048340120149002015a0200200010014121
:04e1ec00c0340141f9
:020000040000fa
:020000040100f9
:10e1f0002de9f0430b4695b0042818d8dfe810f05d
:10e2000005001b009c00a500f7007b4b14780093d1
:10e21000022201234721ec2008f070f9774b00938c
:10e22000022301941a464821ec2008f067f90020e7
:10e2300015b0bde8f0831c6894f8e930002bf6d1e6
:10e24000d2f8008094f8d8701cf070ff04f1d9095e
:10e2500007f0010706464946384617f085fc054693
:10e26000002e5ed158b1664b0093022201234a2151
:10e27000ec2008f043f9002384f8e730d7e74ff4a7
:10e28000e471042010f090fb06460028f3d0c4f897
:10e29000ec0005684a463946288811f035fe94f8a6
:10e2a000f030072b0bd1012385f8b43094f8f0300f
:10e2b000072b0fd041f21113a5f8193012e0d4f852
:10e2c0008c301b789b0603d594f8cf30012bebd014
:10e2d0000023e9e794f8e530012b14d0002be9d0b6
:10e2e000022b13d094f8e510222303fb01413046a2
:10e2f000424621311bf0e0fd0123a4f8ea30002062
:10e3000015f008fcb7e741f21223d5e794f8f33093
:10e31000eb762122012b6a7614bf23222222aa76d1
:10e32000e0e7384b0093022201234921ec2008f05a
:10e33000e5f8002d9fd096e733490c68002c3ff498
:10e3400076af11461846a04771e71c6894f8e9209b
:10e35000e6680023c4f8d030002a3ff468af84f8a0
:10e36000e93084f898301bf0f9f818b9042102203c
:10e370000ff03afd94f8ea30d3b194f8eb2072bb79
:10e38000d4f8ec301d68204629880df083fd94f800
:10e39000eb306bb92a8895f8b430adf80c2041f217
:10e3a000140102a8adf808108df80e3018f020fd09
:10e3b000d4f88c0018f04cfcd4f8880018f048fc15
:10e3c000124b1a68944210d05a68944203d1012229
:10e3d000002143f82210304616f0a4f827e74ff644
:10e3e000ff7120460df056fde2e70022f0e71b68c2
:10e3f0000022c3f8d4201ae71c5802012658020153
:10e4000034580201445802019c0100205833012075
:020000040000fa
:020000040100f9
:10e410002de9ff478d7804680e7894f8f870012d87
:10e4200038d9022d3cd094f82530cde90153794bf1
:10e430000093022201238f21ec2008f05ff8764b35
:10e4400000930223ec2001961a46922108f056f818
:10e45000b00640f1a180714e94f8039133689b6936
:10e460009847336804f5827a09f001098046db6930
:10e470005146484698470546b8f1000f40f0818064
:10e4800098b1674b0093022201231821ec2008f079
:10e4900035f801e0002fc6d1002004b0bde8f087b8
:10e4a00094f8f930002bbed1f6e74ff4e471052063
:10e4b00010f07afa80460028eed0c4f81c010568f6
:10e4c000336828881b6a52464946984794f8473073
:10e4d000063b012b2cd8012385f8b43094f8472053
:10e4e000072a07d80123934013f0130f34d113f0f8
:10e4f000c00f29d1ba1e57425741336885f8c471fd
:10e50000d3f88430d4f81021d4f8d8104046984776
:10e51000012120461af002fc002284f81621227bf9
:10e52000012384f81431002ab6d0a4f81731b3e7d8
:10e53000d4f8dc301b78990604d50e201bf042ff7e
:10e540000028c8d10023c7e794f82430022b08d054
:10e55000032b09d0012bcdd141f21113a5f81930ad
:10e56000c8e741f21223f9e721236b7694f836309d
:10e57000012b0cbf22232323ab7694f83630eb76a5
:10e58000b8e7284b0093022201231721ec2007f063
:10e59000b5ff002d80d074e773060ad5012120460f
:10e5a0001af0bcfb012384f814313c2384f81631a3
:10e5b00072e7237bb3b194f849209ab194f8fb3009
:10e5c00083b97db994f848300133dbb29a4284f8bc
:10e5d000483007d8012120461af0a0fb44f201334d
:10e5e000a4f8173194f84750012d08d12946204648
:10e5f0001af094fb3c2384f8145184f81631022f4e
:10e600007ff44aaf012184f8151120461af086fbe9
:10e6100042e700bfea3e0201033f02011c34012031
:08e620000f3f02011f3f020140
:020000040000fa
:020000040100f9
:10e62800f0b581ea030e0ef0004e40f20007cff677
:10e63800e07717ea41051ebf95ea070f17ea43047a
:10e6480094ea070f00f0c5806d0da5eb545707f548
:10e6580080674ff0004646eac12444ea5054c0029d
:10e6680046eac32343ea5253d202801a9c4104d299
:10e678000018644180185c41013f5b084fea320290
:10e688000025002140f001004ff0070604e0801a41
:10e698009c4136d340416441801a9c4136d3404165
:10e6a8006441801a9c4136d340416441801a9c41a0
:10e6b80036d340416441801a9c4136d3404164417d
:10e6c800013e17d0801a9c4136d340416441801adc
:10e6d8009c4136d340416441801a9c4136d3404125
:10e6e8006441090201eb156190ea052520f0ff005d
:10e6f8004540cce7801a9c4156d335e080185c41f0
:10e70800c8d20018644180185c41c8d2001864411e
:10e7180080185c41c8d20018644180185c41c8d296
:10e728000018644180185c41c8d200186441013e59
:10e7380017d080185c41c8d20018644180185c4129
:10e74800c8d20018644180185c41c8d200186441de
:10e75800090201eb156190ea052520f0ff0045400c
:10e76800cce780185c411fd3420918bf44f001046c
:10e77800490101ebd56100f01f0000eb451021f4c1
:10e78800801141ea0e01013041f10001244208bf25
:10e7980020f00100b7f5006f3eda013f49dd01ebdb
:10e7a8000751bde8f0407047490101ebd56100f021
:10e7b8001f0000eb451021f4801141ea0e01b7f566
:10e7c800006f29da013f34dd01eb0751bde8f04065
:10e7d8007047004218bf41f00101124218bf43f0d0
:10e7e8000103b7eb410f2cbfb7eb430f1ce0b7ebae
:10e7f800410f04bfb7eb430f16e017ea410f04bf00
:10e8080017ea430f10e017ea410f12d017ea430f37
:10e8180002d0b7eb430f0cd04ef0fe4141f470012b
:10e828000020bde8f04070474ff0fe4141f4780108
:06e83800f6e77146f4e76b
:020000040000fa
:020000040100f9
:02e83e00fee7f3
:020000040000fa
:020000040100f9
:10e840002de9f04f8bb006467d4b00930222012349
:10e850000521ec2007f052fe347896f801b0b6f8a6
:10e8600004a01cf0f5fe8146002840f0dc80754fc6
:10e870003868214604301df0f1f80546002800f004
:10e88000d48090f8f8301bb1bbf1030f40f0cb807f
:10e8900005f1d0001cf06afd40f2726300eb0a083b
:10e8a000984509dd3868317804301df0d7f801212a
:10e8b00010f05afb072455e0bbf1030f37d995f848
:10e8c000473013f0fd0f57d1bbf1030f5ed1baf102
:10e8d0001f0f5bd83868317804301df0bff8b3786b
:10e8e00080f8b930b388029390f825300193564be5
:10e8f00000930446022206210123ec2007f0fefdce
:10e9000073788df81c30b388adf81e300125b368dc
:10e91000089307a809948df81d5004f08dfa284635
:10e920001cf08efe002420460bb0bde8f08fbaf13b
:10e93000000fc4d010201df06efa059050461df057
:10e940006afa059a0346002a71d0002805901046fd
:10e950000cbf072400241df060fa059b002b6ad130
:10e96000002cacd0394b0093019401230022ff21ed
:10e97000ec2007f0c3fdd6e7a3f10a02012a07d96c
:10e98000bbf1030f02d1baf1000f01d01224e9e765
:10e99000b8f1000f9ed0052b9cd98df81c3095f84e
:10e9a00022308df81e3095f824308df81f3095f800
:10e9b00038308df8223095f837308df82330002329
:10e9c0008df81d30297e1a4621fa03f0c00748bf92
:10e9d000013203f1010344bfd2b24ff00109032b0e
:10e9e000f2d1b9f1000f01d08df81d20b5f8353006
:10e9f000adf820301ffa88f2294607a803f072ff0d
:10ea00006a6940f2712353439842fff463afcde942
:10ea100001030f4b0093022201238421ec2007f015
:10ea20006dfd45249ee70c249ce742249ae70028cc
:10ea30003ff440af072418461df0eff990e700bf00
:10ea400096ad020198010020c2870201d086020122
:04ea5000c4070201f4
:020000040000fa
:020000040100f9
:10ea540084b02de9f04385b00dac84e80e000428a1
:10ea640000f2a180dfe810f00500b900ca00da0066
:10ea7400e2000c68109bc4f858310f9bc4f85c3159
:10ea84006d4b6e4802221a706d4b01271f806d4b2f
:10ea9400a4f8fa704ff0000983f800901df0d2f842
:10eaa400204619f055fd214638460df0f7fbd4f801
:10eab40084312046dd68d4e956681cf05bf894f88c
:10eac400241038461cf0d3fe5f4b94f836101a8895
:10ead40061f304121a80e26b92f803c090881a461c
:10eae40052f8641d6cf30f211160116860f31f412b
:10eaf4001160e26b908a03f5bc72116860f31f41e8
:10eb04001160e26bd08a03f5be72116860f30f01e5
:10eb1400116003f5cc7204f5c270116869f31241f7
:10eb2400116053f86c2d42f400521a6041462a4693
:10eb340014f012fae36b5a6901921a4601a852f8ca
:10eb4400061fcdf8091012798df80d205b8aadf8f7
:10eb54000e308df808700af0bbfbd4f8842100f065
:10eb64003f002abb394b196862f30f01196019463b
:10eb7400b6b251f8040d62f34100354a08601268d8
:10eb8400ad1a0a68adb265f31f420a6053f8142f38
:10eb940066f31f421a600b6843f001030b60d4f85c
:10eba4005c011bf027fa05b0bde8f04304b07047e0
:10ebb400d368996860f3c80199601369d978cf065e
:10ebc40009d511f0080f14bf032101210b44d97892
:10ebd40060f30501d9701268c3e70c68194a002371
:10ebe40084f8fb302046137019f0b2fc204610f074
:10ebf400fbfee26b538a01335382d4e70b6893f82c
:10ec0400fa30012bcfd10cf083fc0d4a138843f06a
:10ec1400040313800b4b00221a70c4e701910d49c1
:10ec240001ab0422012011f08afdbce7019101ab84
:10ec340004220949f6e700bfcc02002079c1010192
:10ec4400c6020020c5020020c03401415c3e0141df
:0cec540070020020090001010a0001010b
:020000040000fa
:020000040100f9
:10ec6000f0b5046889b0054616461af0b0ffa36fe8
:10ec700059020ed515f058ffa36f23f48003a36744
:10ec80001af010f816b1304617f0fcff002009b05a
:10ec9000f0bde17f19b1b4f85230a4f8583094f8bf
:10eca0006c7017f0010739d10027e26f93077fd509
:10ecb000d4e96c3194f8e200b4f850c0082818bfc9
:10ecc0000b4622f00302e2679989a4f8541059898f
:10ecd0000cbf012000208c4511d1b4f852e0b3f8ec
:10ece00010c0e6450bd1b4f83ee0b3f812c0e645db
:10ecf00005d1b4f83ce0b3f80ec0e64556d0a4f810
:10ed00005010198aa4f85210588ae087db89a3872b
:10ed1000a4f8581042f00402e26749e00029c3d089
:10ed2000a37f002bc0d020461bf03eff0028bbd0a5
:10ed3000e37fd4f8c021c4f8d050834214bf082325
:10ed4000002384f8d830a37fc4f8d420032b84f8a0
:10ed5000d90084f8da3017d11378022b07d115f0d7
:10ed6000e3fea36f43f00043a36719f09bffd4f8c1
:10ed7000d4301b78112b01d0072b05d1e36f9a07f4
:10ed800044bf23f00303e3672246039552f8d00ff4
:10ed9000516804ab03c39068d168142203c3009682
:10eda00003ab3049012013f099fb7ee70028b1d175
:10edb000002f3dd116b1304617f064ff1bf00cf95f
:10edc00094f92c3084f82b00002b3fd1c300e3854d
:10edd00084f82c00d4f84431002b3ff457af94f85a
:10ede000e22092b994f8e420213a012a0dd91a7c44
:10edf00016070ad4b3f81530b4f85c209b1a1bb27e
:10ee0000002b02dc28460af059fed4f844311a7c63
:10ee100050067ff53bafd3f82220137a99067ff591
:10ee200035af6ff345131372284607f04bfc2de7ff
:10ee300094f828000128c1d1022384f82830042244
:10ee400003ab0949039511f07cfcb7e7b4f92e3008
:10ee5000a3ebe30303441bb2e385db1084f82c30ff
:0cee6000b8e700bf6004010101060101d9
:020000040000fa
:020000040100f9
:10ee6c002de9f84381460e4698469500284604f055
:10ee7c0041fc002800f096800746542004f03afc30
:10ee8c000446002800f08b80542200211cf0c0f9ad
:10ee9c0027632a46a52138461cf0baf9043d236b9a
:10eeac001d4425f007058eb1337884f8343053b106
:10eebc00334604f134010f3613f8012f01f8012ffa
:10eecc000ab1b342f8d1002384f84330089b042bd9
:10eedc0028bf04231f46e3626364261d30461cf0e2
:10eeec007eff04f118001cf07aff2461c7f10503c2
:10eefc00a361646242464946284618f0b5ff20607b
:10ef0c00099b03b11c601af0c1fe424a136801331d
:10ef1c001360414b1b68002b48d0404b1b683bb91e
:10ef2c003d4b1b68da6ae36a9a429cbf3a4b1c6001
:10ef3c003b4a136801331360e36a3a4908680122bb
:10ef4c009a4002430a60384a03eb830302eb8303c3
:10ef5c005b68a3609968e1604e609e60e06a810026
:10ef6c000b189b00d5186561014452f82110013132
:10ef7c00d1501cf017f8294b1b68002b46d0264ba0
:10ef8c001b68da6ae36a9a4242d2284b4ff08052ed
:10ef9c001a60bff34f8fbff36f8f012004e0384628
:10efac000bf0f4ff4ff0ff30bde8f8831a4b1c60f8
:10efbc00184b1b68012bbbd11b4d28461bf04bfe7d
:10efcc0005f114001bf047fe05f128001bf043fe71
:10efdc0005f13c001bf03ffe05f150001bf03bfe21
:10efec00134f38461bf037fe124d28461bf033feec
:10effc0011481bf030fe11481bf02dfe10481bf081
:10f00c002afe104b1f60104b1d6091e70120cbe7cf
:10f01c000120c9e7a83301209c330120cc33012007
:10f02c00b4330120b8330120502f012004ed00e04f
:10f03c00a4320120b8320120cc320120f43201205c
:0cf04c00e0320120a0330120a433012099
:020000040000fa
:020000040100f9
:10f058002de9f34114466a4607460e460d6801f04d
:10f0680071fb2378012262f305039df800202370c9
:10f0780012f0010c1fbfdbb2072161f305032370f7
:10f0880012f0020006d02378c3f30501063161f3bc
:10f098000503237012f0080107d02378c3f3050e87
:10f0a8000ef1020e6ef305032370d30607d52378fd
:10f0b800c3f3050e0ef1030e6ef3050323709306da
:10f0c80007d52378c3f3050e0ef1120e6ef3050370
:10f0d8002370530607d52378c3f3050e0ef1010eee
:10f0e8006ef305032370737a3bb12378c3f3050edf
:10f0f8000ef1090e6ef30503237012f07b0f08d191
:10f1080096f809e0bef1000f03d123786ef30503ea
:10f1180023703379093b042b19d8dfe803f0030384
:10f12800090909003b78a3f1080ebef1010f03d8c5
:10f1380023786ff3871309e0a3f1060ebef1010fe0
:10f148006dd823784ff0010e6ef387132370237860
:10f15800627013f03f0318bf0123bcf1000f0cd0fd
:10f1680003f1010cae46a4445ef8288fccf8008069
:10f17800bef804e0acf804e0063360b1581cac46b5
:10f1880020445cf82eefc0f800e0bcf804c0a0f8fa
:10f1980004c00633dbb2d9b13878a0f10a010129dd
:10f1a800bdf8041042d8b5f8c20060f30b01adf801
:10f1b800041095f825009df8051060f307118df8e7
:10f1c8000510e118bdf80400a1f801000233dbb214
:10f1d800d00644bf0333dbb2910644bf1233dbb21f
:10f1e800520605d5e21895f8271051700133dbb2a5
:10f1f800727a8ab15a1c22441c44e96b0823637052
:10f20800282353700b4653f81c0fc2f802001b79d1
:10f2180093714b8ba2f8073002b0bde8f0810a3b2e
:10f22800012b94d823784ff0020e8de70c280abfe3
:0af23800e86bb5f8b200c08db7e72f
:020000040000fa
:020000040100f9
:02f24200704713
:020000040000fa
:020000040100f9
:10f2440008b54ff0884200bfd2f8203113f4007f94
:10f25400fad0684b41f202022721995203f58052f9
:10f2640042f27801118041f204015a5842f48012aa
:10f274005a50614a136813f4801ffbd15f4b1b681b
:10f2840003f47043b3f5805f40f092805c4a536aa4
:10f2940013f0010ffbd04ff088430022c3f8d020b5
:10f2a400584ac3f8d02002f12b42a2f54b12a2f621
:10f2b400ab42c3f8d02003f520634ff400721a6008
:10f2c40001229a601a46136813f0010ffbd1494bcf
:10f2d400b3f8ba2442f00202a3f8ba24b3f8ba2469
:10f2e40002f0fd02a3f8ba244ff08843d3f820219a
:10f2f40022f07f42c3f820214149ca6822f07e02ed
:10f3040042f00402ca600022c3f8d0203d4ac3f888
:10f31400d02002f12b42a2f54b12a2f6ab42c3f865
:10f32400d02003f52063384a1a620a46536a03f070
:10f334000303032bfad1314b344a1a6001229a6039
:10f344001a46136813f0010ffbd12c4a48f2090343
:10f35400c2f8803140f20123c2f8a0304ff40043d8
:10f36400c2f8a8304ff088434ff41041c3f880101e
:10f374000021c3f89010c3f8a010c3f8b0102448bb
:10f38400c3f8e000c3f8f0102249c3f800111c4987
:10f39400486840f010004860086840f088700860d1
:10f3a4000821116311644ff03332c3f8d02008bd33
:10f3b400104b41f202022e21995203f5805244f27d
:10f3c4002831118041f204015a5842f480125a50f3
:10f3d400094a136813f4801ffbd10f4b186820f4fb
:10f3e4009f7020f001004ff2d0231b6840f48a7014
:10f3f40098474be70020014104300141000a0044d2
:10f4040000400141556699aa080101c0010120008c
:0cf41400e0070120feff730f00240144fc
:020000040000fa
:020000040100f9
:10f4200084b02de9f34109ac84e80e00042800f211
:10f430008780dfe810f005008500b300c000c80039
:10f440000c680c9bc4f840310b9bc4f84431604bf2
:10f45000604801251d70604ba4f8fa501d805f4b79
:10f4600000221a701cf0f0fb284621460cf018ff11
:10f470002146284606f052f8d4f87c312046dd6853
:10f48000d4e9506817f0f4f820461bf075fb2046cd
:10f4900013f016fc94f82420514b022a04f5be7791
:10f4a00053d0032a54d01a88482161f30e021a80df
:10f4b0004c4b94f836101a8861f304121a8053f8f2
:10f4c0006c2d6ff34d321a6094f8241003201cf059
:10f4d000d0f92a464146384613f040fd94f85220b0
:10f4e000d4f87c3102f03f02002b35d1d4f87c21d6
:10f4f000002a3ad13c4b1b680bb1204698473b4b46
:10f500001a6819466ff30f021a6051f8042d6ff351
:10f5100041020a60364a1268ad1a0a68adb265f354
:10f520001f420a6053f8142fb6b266f31f421a60e6
:10f530000b6843f001030b60d4f844011af05cfd42
:10f5400002b0bde8f04104b070471a882d21ace745
:10f550001a884ff4d271a8e7197a21b9d968886856
:10f5600062f3c80088601b68bee7537fa3b11169ce
:10f57000c87810f0010f0cbf01230723870748bf8d
:10f580000633000744bf0233dbb20b4494f8520049
:10f59000d97860f30501d9701268a9e70b6893f870
:10f5a000fa30012bccd10bf0b5ff0b4a138843f096
:10f5b00004031380c4e701910e4901ab042201202a
:10f5c00011f0bff8bce7019101ab04220a49f6e74c
:10f5d000cc020020b9ad0101c6020020c502002006
:10f5e0006c380141c0340141883401205c3e014146
:0cf5f0007002002007000101080001016a
:020000040000fa
:020000040100f9
:10f5fc002de9f04190f8e230062b92b0044640f031
:10f60c00dd80002109f0a4fdd4f84431d87d1bf035
:10f61c0069fdd4f8443193f91b20197c003218bfd2
:10f62c00012262f304111974d4f84421137c590794
:10f63c00054621d56ff38203137441f22103adf813
:10f64c0000302388adf8063002238df80830431cb7
:10f65c008df809300022d4f844318df80420197f3c
:10f66c008df80a109b7e8df80c20c3f301036846bd
:10f67c008df80b3017f0b6fbd4f8443193f91c20fd
:10f68c007e2a00f08b807f2a2dd02b441a71d4f85f
:10f69c0044315a199b7e1373d4f844311a7c02f00e
:10f6ac001202122a1fd141f22102adf800200022d1
:10f6bc008df804202288adf8062001228df8082050
:10f6cc00aa188df809205a19684692f904108df879
:10f6dc000a10127bc2f301028df80b20db7e8df831
:10f6ec000c3017f07ffbd4f844315b7f013bdbb26d
:10f6fc00fd2b53d8294620461bf078f9d4f8442129
:10f70c00537fc7b2fb1a5355d4f844612e4480463c
:10f71c000121304616f08cf93072d4f8442153573d
:10f72c00434517d0db1b82f82030d4f844315a19ea
:10f73c002946127ada77d4f844210123ab40937727
:10f74c002046d4f844611bf051f986f8210020467c
:10f75c0019f07cf8d4f844311a7cd2071ed541f24a
:10f76c002102adf8002000228df804208df808202d
:10f77c002188adf806106a1c8df809205a578df8af
:10f78c000a205a196846127ac2f301028df80b202e
:10f79c005b5ddb1b8df80c3017f024fbd4f8443187
:10f7ac001b7c1b070ed50a2008f052fcc4f8b001d4
:10f7bc0020461bf0e7fd12b0bde8f08124211af0c1
:08f7cc0056f9f8e70120f6e709
:020000040000fa
:020000040100f9
:10f7d4002de9f043066896f82c3085b0c3b10a7958
:10f7e400336d96f82d70342402fb04342fb10020bd
:10f7f40084f82d0005b0bde8f083d1f80080042121
:10f8040008f1020005f00aff054618b984f82d0036
:10f814001f20efe7837813f0c00f0fd003f0e0034d
:10f82400402b0bd05b4b00933a460123fa21ec208a
:10f8340006f062fe84f82d700020dbe72b886382db
:10f84400ab78237595f90000ab786a78002803f04b
:10f854001f0742ea0727bcbf4ff4967117fb01f755
:10f864002978a8bfc7eb071703f01f03a8bf7f00c1
:10f8740011f0400f42ea03220cbf4ff4fa71322117
:10f884000028aebfc2eb02124ff4967312fb03f2d0
:10f89400414801f5fa73a8bf52005a43b2fbf0f194
:10f8a40000fb112202b101312368a16123f47f031b
:10f8b40023f47f43002b55d1327c98f80130022a7f
:10f8c40054d0032a56d00533db003322a7f1720843
:10f8d400a8eb0101cb1aa3eb02086389d4f8060054
:10f8e4009b004ff6fc7119401cf066fa81464046b5
:10f8f4001bf0e9fa0146484614f0eefdab785b09cb
:10f9040003932b7803f03f03cde90173234b00935a
:10f91400804601230222a821ec2006f0edfd204bb5
:10f924000093cde9019801230222a921ec2006f0dd
:10f93400e3fd2a78a37c62f30503a374ab78227dec
:10f944005b0963f347124ff47a7322750121c6e908
:10f954000c33c6f83c8004f13003124a30460ef0f2
:10f9640081fa69e7aa7852090132a6e705339b00b8
:10f974001e22abe722791209012a09bf1b019b0150
:10f98400563302f5c6721cbf03f2511340f28d12b6
:10f994009ce700bfb61f020140420f00cb1f0201cb
:08f9a400f21f02012d460101d2
:020000040000fa
:020000040100f9
:10f9ac002de9f04f03789146a3f10802012a87b0a4
:10f9bc0080460f4665d891f8f920b9f1000f06d1b1
:10f9cc00134622b991f8fc10002900f0b8804ff4ce
:10f9dc008073adf80930002301978df80d30002aa3
:10f9ec004dd197f8fc308df80b306a460a2301a9eb
:10f9fc0040468df8083000f0a3fe01a968460ff0d0
:10fa0c009dfe01266a46834601a940468df8096091
:10fa1c0000f096fe01a968460ff090fe0025524baf
:10fa2c0002936a4601a90446404601978df80d5091
:10fa3c0000f086fe01a968460ff080fe6a4601a917
:10fa4c00824640468df809601ffa8bfb00f078fe69
:10fa5c0001a968460ff072fecb4575d2a9eb0409db
:10fa6c001ffa89f329461ffa8afa01319a45c9b25d
:10fa7c0003d21d1aabb2002bf7d1002565e0012390
:10fa8c00b1e70a3b012b4ff0000460d8b9f1000f2d
:10fa9c0062d0364b01916a4601a902938df80d4054
:10faac0000f04efe01a968460ff048fe4ff0010b26
:10fabc006a46824601a940468df809b000f040fe26
:10facc0001a968460ff03afe274b02936a4601a93a
:10fadc000546404601978df80d4000f031fe01a916
:10faec0068460ff02bfe6a4601a9064640468df883
:10fafc0009b01ffa8afa00f023fe01a968460ff03c
:10fb0c001dfeca4525d2a9eb05091ffa89f321462a
:10fb1c00b6b201319e42c9b224d21c1aa3b2002b38
:10fb2c00f7d11c4687f84a3087f84b1087f84d40c0
:10fb3c0087f8500087f84f5007b0bde8f08f10469b
:10fb4c00154614461146ede729460123eae72046ff
:10fb5c00254621462346e5e748464d464c46494650
:10fb6c004b46dfe70024f5e70d0001000b00010018
:020000040000fa
:020000040100f9
:10fb7c00f0b585b000230293adf8043090f8523004
:10fb8c00012b044601a902a82ad118f051fb029ab4
:10fb9c00a36db4f854101a44bdf804300b449bb256
:10fbac0040f2e1418b42c2f31602029285bfa3f2ee
:10fbbc00e2430132adf80430adf8043088bf029254
:10fbcc006678636916f0040741d19c42dd6936d032
:10fbdc005b785b0707d446f04006667005b0f0bd55
:10fbec0018f026fbece7a06e18f040fc2844c0f39c
:10fbfc00160067f34516e06166704f4b029a1b685e
:10fc0c0093f82e12801a03eb410340f27125c0f3d6
:10fc1c0016006843bdf80420b3f8265205eb920594
:10fc2c00c5eb50054ff4005194f8500019f060f9f1
:10fc3c006464294604f1380004f062fccee7a06e3f
:10fc4c0018f014fc2844c0f31600e061d5e79c4280
:10fc5c00029ae369a3eb0203c3f3160340f2712289
:10fc6c0002fb03f31cbf6ff345166670012b4feac2
:10fc7c00530584bfbdf80430a5eb93052e4b1b68d0
:10fc8c0093f82e2203eb4203b3f8263203f27122cf
:10fc9c00aa4217d9a06828b1837843f0080383706f
:10fcac000bf096fe4ff4002194f8500019f020f957
:10fcbc00204619f07ffd0022214694f850001cf0dc
:10fccc0094f88be7ed1a94f852306464012b0df123
:10fcdc00060103a82cd118f0abfa039aa36db4f863
:10fcec0054101a44bdf806300b449bb240f2e1416b
:10fcfc008b42c2f31602039285bfa3f2e243013298
:10fd0c00adf80630adf8063088bf0392dde902236a
:10fd1c009a4204d1bdf80630b3f5966f01d3a5f520
:10fd2c009c754ff4005194f8500019f0e1f880e7fd
:0cfd3c0018f07efaeae700bf6002002029
:020000040000fa
:020000040100f9
:10fd480070b50468154620460e4616f05ef9297807
:10fd5800204610f0ebfa2b78023b232b13d8dfe870
:10fd680003f01e1212123e45124c123e535a125cf8
:10fd780012643e3e6b7279121212121212808012b5
:10fd880012121286949fe37d002b00f09480e37d8d
:10fd9800012b00f0a0802b78022b02d007e0022e66
:10fda80013d0d4f8c43023f00103c4f8c430297840
:10fdb800204619f05efe2046002109f0cbf92046c6
:10fdc800012109f0c7f9012070bd294620461bf022
:10fdd800d9ff29782046bde87040f5f7ebbb012e26
:10fde80014bf00260126002ef3d1e0e7022eded153
:10fdf800294620461bf0caffebe7092ed7d1294632
:10fe0800204603f0adfde4e7062ed0d12946204672
:10fe18001af00ef8dde7022ee2e7182ec7d10f22fe
:10fe28002946204610f0b0f9d3e7032ebfd1294662
:10fe380020461bf0afffcce7092eb8d12946204653
:10fe480011f0ecfec5e7092eb1d12946204616f07f
:10fe5800bbfabee7032eaad12946204619f0f8fbc3
:10fe6800b7e7022e97d16b7884f82a30b1e7d4f837
:10fe78004431002b9bd0042e99d12a4632f8011f19
:10fe8800a3f8171092785a76a3e7d4f84431002bd8
:10fe98008dd0052e8bd1d5f80120c3f81a2098e70c
:10fea800d4f84431002b82d0052e80d1d5f801201a
:10feb800c3f81e208de70d4b1b68002b3ff46baf7a
:10fec8002a4631462046984702283ff460af012869
:10fed8003ff47faf5fe7064b1b68002b3ff45baf37
:10fee8002a46314620469847f1e700bf28340120ca
:04fef8002c34012085
:020000040000fa
:020000040100f9
:10fefc0038b5684b1a68052060f31f721a601bf046
:10ff0c0025ff03f57e7140f23b100a8860f30f0267
:10ff1c000a8003f20c4240f2e244108840f00100e7
:10ff2c001080088864f30f000880118841f00201ea
:10ff3c001180a3f5dc724ff43470116860f31a4130
:10ff4c00116003f502723430118860f30f011180d7
:10ff5c00a3f2a4521420116860f31741116003f549
:10ff6c000471a4f5db74088864f30f0008804ff06b
:10ff7c0088411546096c484803f5067201f4405156
:10ff8c00b1f5005f11880cbf24240c2464f3070125
:10ff9c00118042490a886ff307020a801a686ff3ce
:10ffac0007021a600a4652f81c3f6ff300031360f5
:10ffbc0013686ff34103136013686ff3041313603a
:10ffcc0013686ff34513136013686ff38613136094
:10ffdc000b4633f8244f6ff300041c801c886ff31e
:10ffec0041041c801c886ff304141c801c886ff364
:10fffc0045141c801c886ff386141c80146844f014
:020000040101f8
:10000c0004041460146844f0080414601a8842f064
:10001c0004021a801a8842f008021a802b685c22ab
:10002c0062f30f232b60b0f85031a12262f30f233f
:10003c00a0f85031b0f850318c2262f30703a0f8cd
:10004c005031d0f8143102f26f1262f3184301f2fe
:10005c00fc42c0f81431136843f000531360a1f54f
:10006c0041731a686ff39e721a60a1f55573a1f56e
:10007c00f2711a686ff310421a60b0f8083c122241
:10008c0062f34913a0f8083c0b8843f003030b8080
:10009c0038bd00bf0c3a014100240141043a014132
:020000040000fa
:020000040101f8
:1000ac00f8b5a0f14a03b3f5c56f05460c4600f24e
:1000bc00a180102900f29e80504b514f514e0022ce
:1000cc00542101201a600ef069fc54213860012083
:1000dc000ef064fc3f683060002f00f08d8000282b
:1000ec0000f08a80484b7b604360484b1d80484b36
:1000fc00002c7dd1b5f5007f94bf042208221a7024
:10010c00444d284600241822214600f8044b1bf0cd
:10011c007ff8414beb60414d28461822214600f8f0
:10012c00084b1bf075f83e4b2b613d6801232b737c
:10013c00af60ec85ac6485f82c40d0201bf065fedc
:10014c002346286520462a6d02443430d02813708b
:10015c0082f8243082f82d30d3851363f3d13149e2
:10016c00c5f81210012231682a740c68e385a36467
:10017c004ff00003a160227384f82c301bf045fe75
:10018c00002220651146236d13443432d02a197095
:10019c0083f8241083f82d10d9851963f3d1214be2
:1001ac00c4f8123003252049257401201bf0e0fc13
:1001bc001e4902201bf0dcfc1d4928461bf0d8fc14
:1001cc001c4905201bf0d4fc1b4906201bf0d0fc5d
:1001dc001a4907201bf0ccfc194908201bf0c8fc5d
:1001ec0018481bf037fd18481bf040fd0020f8bde7
:1001fc001c7085e71120fae70720f8e7343401205a
:10020c00b8010020b4010020054d0201ae340120dc
:10021c00c0340120543201200101050118320120a3
:10022c000101060110000500e927000149770201d0
:10023c00d5f7000125150201099a0101a55b020100
:0c024c002d430201e5c00101a74f020193
:020000040000fa
:020000040101f8
:100258002de9f84f5d4b1b68002b40f0ae805c4bde
:100268001d6801351d60e5b15a4b1b68ab4225d9a5
:100278000024594b1b68db6a03eb8303574a52f887
:100288002330022b28bf0124554b1b68002b00f09c
:100298009180544b1b68002b18bf01242046bde8f1
:1002a800f88f514a1168514b186810601960504a0c
:1002b80013680133136018f0d9fbd5e700244a48c6
:1002c800a3464c4e4ff0010c444adff80c8135e050
:1002d800404b4ff0ff321a60cbe73e4b1960c8e73e
:1002e800d96ad6f800a00cfa01f949ea0a09c6f851
:1002f800009001eb810102eb810149689960d1f816
:100308000890c3f80c90c9f804e0c1f808e0d3f8e5
:100318002c904fea890101eb090e02eb8e0ac3f813
:1003280014a052f82e10013142f82e10d8f800e02f
:10033800d96adef82c30994288bf012403681b680b
:10034800002bc5d00368db68db6859688d42c4d3cd
:10035800d3f81490d9689f68b9609f684f6003f11b
:10036800040ed9f80410714504bfd968c9f80410ff
:10037800c3f814b0d9f800100139c9f80010d3f83f
:100388002890b9f1000fabd0196adf69b960df694d
:100398004f6003f1180ad9f80410514504bf196acf
:1003a800c9f80410c3f828b0d9f800100139c9f801
:1003b800001095e7fef741ff6be7094a1368013320
:1003c8001360fef73aff002468e700bfb03301204e
:1003d800d0330120c03301209c330120502f01204d
:1003e800c8330120d4330120a0330120a4330120d5
:0803f800c4330120b8330120d9
:020000040000fa
:020000040101f8
:100400002de9ff470025044689461f46057001f186
:10041000ff3813780bb145450bd3624b1b7803b9fa
:100420002370454588bf09f10105284604b0bde8a1
:10043000f087252b07d05b49097811b904f8013bf7
:1004400001350132e5e75378252b37d0561c337838
:10045000302b4ff000001ad101464ff00a0c725cad
:10046000a2f13003dbb2092b0ed922f0200eaef13f
:10047000410ea2f16103bef1050fdbb206d8052bd8
:1004800026d8a2f15703dbb2092b29d90e443378c1
:100490006c2b08bf01363378702b5fd027d8632bc5
:1004a00039d0642b51d0582b3ad13e4b3a681b7847
:1004b00003920437002b68d1019058e0394909783c
:1004c000961c0029c3d104f8013b01353246a0e750
:1004d000a2f14103052b02d8a2f13703d3e7002391
:1004e00001310cfb0030735c002bb8d1cee7752bcb
:1004f00018d0782bd9d0732b12d13b680437013b2d
:100500005a1c0dd013f8012f52b1454508d204f8fa
:10051000012b0135f4e73b6804f8013b0437013552
:10052000721c76e71f4b3a681b78039204370bbbab
:10053000019000930a23a8eb050120460df054fb1f
:100540005ffa80fa54445544eae7164b3a681b7840
:100550000392043773b901900123eae7114b3a681b
:100560001b78039204372bb90423019301230093d2
:100570001023e0e7002808bf04205ffa80fa524603
:1005800003a920461af028f8dce740b1c107c0f300
:10059000470af4d50af1010a5ffa8afaefe74ff049
:0805a000010aece7ba34012066
:020000040000fa
:020000040101f8
:1005a8002de9f3410e4604464ff4003190f850000f
:1005b800174618f09ffc3378990604d530692066f1
:1005c80017f040ff206233785a0604d570696066d8
:1005d80017f038ff60623378db0744bf737884f81c
:1005e800513033789d072bd5b3784bb301204ff4a6
:1005f800006118f07ffca378580700f19f80d4f8b9
:100608000880b8f1000f66d098f80030012b4546f5
:1006180002d140460bf0def90023c5e91a3385f80c
:100628005330ab702b886d6123f49f6323f007036d
:100638002b8028460ef076f9ab7843f00403ab70b4
:100648003378590744bfb368a36533781a0744bfa2
:10065800b388a4f854303378db0639d5f368e269f7
:10066800e3655b0a9a4233d0012fe36130d001235e
:1006780084f85330a36e5bb394f852300df1020145
:1006880001a8002b36d117f0d5fd019be569ed1abd
:100698002b4b1b6893f82e2203eb4203edb2b3f801
:1006a800266206f27127384617f0ccfea8423dd8dc
:1006b80040f271235d43bdf802309b08c3eb55033c
:1006c8009f4205d86464991b04f1380003f01affaf
:1006d80002b0bde8f0812569002db1d0782221460d
:1006e800284619f075ffa560ec60c4f80c80c5f8c1
:1006f800088091e717f09efd019aa36db4f8541095
:100708001a44bdf802300b449bb240f2e1418b42df
:10071800c2f31602019285bfa3f2e2430132adf89b
:100728000230adf8023088bf0192aee700231a46c6
:10073800194694f850000bf099f9c9e725466be77c
:04074800600200202b
:020000040000fa
:020000040101f8
:10074c0010b5137803f07b0313700b79093b042b62
:10075c0036d8dfe803f003599facb50004780b2cb6
:10076c002ed80123a34013f44c6f49d19c0528d4f7
:10077c00db0525d54979137889b18178032908d10e
:10078c006ff300031370137823f07a0343f018030c
:10079c0015e081790029f3d143f00103f2e7817967
:1007ac0081f0010161f3000303f0c5031370c379f9
:1007bc0013b18378032b4cd113786ff3861313701a
:1007cc0010bd4979137879b18178032923f003039b
:1007dc0004d11370137823f07803d7e781790029bb
:1007ec00f7d143f00303f4e7817923f0030321b13c
:1007fc001370137823f03803d8e743f00303f7e7bb
:10080c00137823f07b03c1e70378063b052bd7d87d
:10081c00dfe803f0343a0326343a8378032b137859
:10082c0001d18479ccb16ff300031370137823f0ea
:10083c000a0343f0080313704c79dbb264f304131e
:10084c001370c979dbb261f345131370c379002bb4
:10085c00b2d0137843f04003b1e743f00103e4e76f
:10086c008378032b137823f0030301d1847914b11b
:10087c0013701378dde743f00303f9e7137823f0e3
:10088c003b0343f00903e0e7137823f03b0343f009
:10089c000b03dae7137823f00b0343f0090313700f
:1008ac004979dbb261f304136ff34513cde7137889
:1008bc0023f0030313708c79dbb264f3c303eee70c
:1008cc00137823f0030313708879dbb260f3c3034e
:1008dc0013704979dbb261f3041303f09f036ee7e5
:020000040000fa
:020000040101f8
:1008ec0030b5634d2b688bb0c3f8040204461bf083
:1008fc0049f858b14ff4004194f8500018f0f8fa48
:10090c000022012120460df0a7f84fe0002c4dd01d
:10091c002378022b4ad1adf80e000df10e0104a87c
:10092c0017f086fc94f85230012b18d1049aa36d61
:10093c00bdf80e101a44b4f854300b449bb240f27c
:10094c00e1418b42c2f31602049285bfa3f2e2434b
:10095c000132adf80e30adf80e3088bf04922b6822
:10096c00049993f82e2203eb42032046b3f822326b
:10097c00bdf80e2016f020fba3785a071fd51b07d5
:10098c001dd5e5684ff48031012018f0b1fa002232
:10099c00012120460df060f82b78022b08d1284657
:1009ac00fff79effa3786ff3c303a3700bb030bdaa
:1009bc0000232246194601200bf056f8f2e72b686b
:1009cc00d3f80822002a4dd100284dd1c3f8084293
:1009dc00236f1b7a1a1f012a03d8042b3cd119f060
:1009ec0089fc206f1bf0eef8a26a94f8500040f2dc
:1009fc00712353435b08e3624ff4007118f078faeb
:100a0c00a1782046c1f3800108f042ff2b68d3f88f
:100a1c00343233b194f85100032894bf00200120e4
:100a2c009847656f03232370002dbfd0236fcde94a
:100a3c000534e36d0793e36a0893a378c3f380034b
:100a4c008df824300aab13e903008de8030005abe5
:100a5c000ecb0020a847a9e7b4f85410a06d18f0ed
:100a6c002ffdbee70028a1d04ff4807144e700bff2
:040a7c0060020020f4
:020000040000fa
:020000040101f8
:100a8000f0b5046887b094f8e9300191002b40f08c
:100a9000a18001a905a818f0acff01a90df10e0075
:100aa000059f1af057f901a904a81af053f901a9f2
:100ab0000df112001af04ef90421b81c04f0b0fd3b
:100ac000054620b984f8e6001f2007b0f0bd038872
:100ad000a4f8f430837884f8f63090f900608278d6
:100ae0004178002e02f01f0341ea0323bcbf4ff4fc
:100af000967013fb00f32878a8bfc3eb031302f032
:100b00001f02a8bf5b0010f0400f41ea02210cbf9a
:100b10004ff4fa703220002eadbfc1eb01114ff43b
:100b2000967211fb02f1490000f5fa723648514302
:100b3000b1fbf0f600fb161101b1013694f8cd209f
:100b4000c4f8f860002a47d194f8f220002a43d173
:100b5000617e7a78022943d0032945d00532d2003c
:100b60003321723b9e1bbdf80e00bdf8103040eae9
:100b70000340bdf812300590b21a561a9b004ff68a
:100b8000fc7119401bf01af9074630461af09df91e
:100b90000146384613f0a2fc2a7894f8f43062f348
:100ba000050384f8f430ab7894f8f620c4f8c0005c
:100bb0005b0963f3471200254ff47a7384f8f6203b
:100bc000c4e92d3384f8e6502b46104a0121204613
:100bd00009f02cf9002078e7a97849090131b8e734
:100be000053292001e21bce794f8f310012909bfd9
:100bf00012019201563201f5c6711cbf02f2511268
:100c000040f28d11ade700bf40420f003dbc010135
:020000040000fa
:020000040101f8
:100c10002de9f04f89b099465c4b0093cde9010274
:100c200007460d469046012302227421ec2005f070
:100c300065fc1af00dfdb8b9554e306839460430e0
:100c40001af00cff0446002800f09580c26b5ab1e0
:100c500090f8f910eb1e5ffa88fadbb211b990f840
:100c6000fc0018b1012b09d90c2440e0012b40f203
:100c70008880baf1000f0dd1122438e0042d07d17d
:100c80000029f9d0938d002bf6d0baf1000ff3d1e3
:100c9000002006e015f0fd0f03d102f134001af038
:100ca00065fb504481b240f27263994205d902213a
:100cb00020460ef059f9072419e00122204606f0db
:100cc000b3fde36bda8940f2e2435343984218d311
:100cd000cde901032f4b0093022201239d21ec203b
:100ce00005f00cfc204602210ef03ef945242a4b6b
:100cf0000093019401230022ff21ec2005f0fefb6c
:100d000017e0032d19d93068394604301af0a6fed1
:100d10000223079005a88df815308df81450adf812
:100d20001680cdf8189002f087f801201af088fca0
:100d30000024204609b0bde8f08fbaf1000fe2d0e0
:100d400010201bf068f8834650461bf064f882467a
:100d5000bbf1000f11d0002858460cbf0724002417
:100d60001bf05bf8baf1000f02d050461bf055f8ab
:100d7000002cc8d0bbe74224b9e700289bd0072449
:100d8000f3e7042d3ff478af8be700bf97a0020193
:0c0d900098010020314f0201564f020173
:020000040000fa
:020000040101f8
:100d9c00f0b587b003790393c3780293038801936a
:100dac0005465c4b0093ec2001230222512105f0f7
:100dbc009ffb288818f010fd002800f0a88004681c
:100dcc00204618f0f5f9002800f093800a2007f06f
:100ddc003ff90121c4f8b001204618f06afe002149
:100dec000646204618f065feaa78032a074610d05e
:100dfc00eb78b3421bd12979814218d1042e08d14a
:100e0c00eb88012b08bfe376eb88022b01d1002382
:100e1c00e37630461af0c8fa054638461af0c4fa9a
:100e2c00002302462946204615f074ff4ee012f0ce
:100e3c00010f18bf072384f84231ab78d4f8b021e6
:100e4c009b0754bf2b79072384f84331eb88d3805d
:100e5c005a1e012a07d8012b08bfe376eb88022b18
:100e6c0004bf0023e37694f8f23043f0020384f8d5
:100e7c00f230d4f844312bb32a79042a03d1e9880f
:100e8c00e1b9e17ee1b9da75d4f8443100261e7679
:100e9c00e8781af027f901462046d4f8445119f0a5
:100eac00a5fd6876d4f84421137c43f00803137431
:100ebc00204619f096ff304607b0f0bd0229e2d06b
:100ecc000822e0e720461af05dfa08b10026f2e7a6
:100edc0094f8f23060f3410384f8f23007260e4b9d
:100eec000093019601230022ff21ec2005f000fb6a
:100efc00e1e72868696804ab03c3082204ab04214a
:100f0c00204610f0b7fe06460028e8d1dee70226a0
:0c0f1c00e5e700bf948d0201868d020104
:020000040000fa
:020000040101f8
:100f2800f0b585b00468cb790293238801930d4608
:100f38005b4b0093022201235d21ec2005f0dafad5
:100f4800eb79012b2bd059b219b1182b2ed005b043
:100f5800f0bd94f8f230d80702d5204610f04efaca
:100f68001121204617f089fc1af0f2fd0128eed96c
:100f780094f8aa30002bead00021d4f8cc001af05b
:100f88001dfe0028e3d094f8aa30013b84f8aa306b
:100f980094f86d3043f0040384f86d30d7e71221dc
:100fa800204605b0bde8f04017f067bc1321204685
:100fb80017f063fc0121204618f07dfd1af0f6f9c0
:100fc80000210646204618f076fd1af0eff90023b6
:100fd80002463146204615f09ffed4f84431bbb393
:100fe800e57d012d2ed1032e43d1002583f8205015
:100ff800d4f844319a7ada77d4f8443104229a77cb
:1010080002212046d4f8447119f0f2fc87f8210037
:10101800204617f01dfcd4f8443183f82050d4f84a
:101028004431da7ada77d4f8443108229a77d4f856
:1010380044513146204619f0dbfc85f82100204652
:1010480017f006fcd4f844311a7c6ff3c3021a7403
:10105800144b1b681a7ad10754bf5a7a072284f8ae
:1010680042211a7a92074cbf07239b7a84f84331ae
:101078006de72946204615f09dfed4f8443100223c
:1010880083f82020d4f844311a188540127ada7788
:10109800d4f844319d770146d4f84451cae700bfdb
:0810a800c17d0201ac01002032
:020000040000fa
:020000040101f8
:1010b0002de9f04390f8018018f00408bbb0044615
:1010c00010d190f85030d0f81490012b04d148453d
:1010d00008d140f6111312e0484509d099f80120d3
:1010e000520719d46078c0f380003bb0bde8f083ac
:1010f000c26d520ac261002bebd103f20123adf89d
:10110000183011e04ff001085ee0b8f1010ff9d19d
:1011100063786ff3820385e0002bdad142f2052376
:10112000adf818304ff00108e06e17f0a5f9a38c68
:1011300087b2dd19adb2b5f5487f88bfc3f54877f2
:10114000d9f81c30079384bfbfb24ff4487518f02c
:10115000f3fd354b1b6893f82e2203eb4203b3f8e3
:101160002612b3f82a6240f239130e44b6fbf3f6a6
:1011700094f85230013606442c48012b06ea00064a
:1011800004d1e369a26d9b1a0340079301f2712019
:1011900017f072f9d9f8243000eb0309a06e17f0ac
:1011a0006bf9484503d2b8f1000f18bf4846079bba
:1011b0001e4a03441340a3eb060818f48008f8d134
:1011c000013d1d440793154000238df8163001237f
:1011d0008df81730079bcde908350df11703019302
:1011e00008ae0df1160306a8009302963b4607aa27
:1011f000214610f80800f8f743fe079b00939df87e
:1012000017209df816103346204602f0a1fe002854
:101210003ff47bafe369eb1a5b023ff576af63788f
:1012200043f0040363705de760020020ffff7f006e
:020000040000fa
:020000040101f8
:101230002de9f04f044685b000230d4602a801a910
:10124000adf8043016f0faff94f85280b8f1010faf
:1012500018d1029aa36dbdf804101a44b4f85430a2
:101260000b449bb240f2e1418b42c2f31602029260
:1012700085bfa3f2e2430132adf80430adf804308b
:1012800088bf0292474b029f1b68bdf804b093f8d9
:101290002e9203eb49095a46b9f81e3239462046c8
:1012a00015f090feb8b1202194f8500017f026fefa
:1012b00094f8503053b920460af090fb2a46012199
:1012c00020460cf0cffb05b0bde8f08f63786ff3dc
:1012d00082036370f7e7e369dff8cca0b9f8261260
:1012e000db1b03ea0a0301f2712240f23910b2fb60
:1012f000f0f201329a4204d929462046f6f714f951
:10130000e1e740f2712601eb9b0b5e43b8f1010f60
:10131000cbeb56060df1060103a83ed116f08eff69
:10132000039ba26db4f85410134403ea0a02bdf8fb
:10133000063003920b449bb240f2e1418b4285bfe1
:10134000a3f2e2430132adf80630adf8063088bfb3
:101350000392039b9f4205d1bdf8062040f29b43b8
:101360009a421dd96ff49c73f31840f27122934294
:10137000c2d994f85000802117f0c0fd314604f125
:101380003800646403f0c2f820460af027fb042307
:101390002370204615f030fe95e716f04fffd8e792
:0c13a0003346e2e760020020ffff7f0000
:020000040000fa
:020000040101f8
:1013ac002de9f34790f85050012d04460fd0574bc0
:1013bc001b6893f82e2203eb4203b3f82652b3f8c2
:1013cc002a321d4440f23913b5fbf3f50135504e6a
:1013dc000027a06e17f034f8e3691844e36d304031
:1013ec00c3f30803e06103eb402094f85230e0654e
:1013fc000df1020101a8fbb916f01affddf80490fb
:10140c00d4f81c8009eb05033340a8eb03035a0204
:10141c0009d494f850305bb3637843f004036370e1
:10142c0002b0bde8f087013717f0ff07d1d00021db
:10143c00204618f093fbcce716f0fafe019aa36d48
:10144c00b4f854101a44bdf802300b449bb240f26d
:10145c00e1418b4202ea0602019285bfa3f2e2430c
:10146c000132adf80230adf8023088bf0192c5e709
:10147c0094f85230bdf80270012b08d1a36da8eb83
:10148c000308a9eb030908ea060809ea06091f4d37
:10149c0013f044fb2b68d3f814a217f0fdfbbe0825
:1014ac00baf1000fb8d013f039fbdaf8007017f06e
:1014bc00f3fbdaf8080043785b0724d5c36943458e
:1014cc0021d1c36d08f10102c3f3080303eb4223de
:1014dc00c261c365a2eb09022b6840f27121c2f311
:1014ec0016024a4393f82e1203eb4103c6eb520249
:1014fc00b3f8261201f271239a4204d34064511ab4
:10150c00383002f0fdffba46cae700bf6002002087
:04151c00ffff7f004e
:020000040000fa
:020000040101f8
:1015200070b55b4d2b68d3f808420646002c00f0de
:101530008980d3f8383203b198472a6894f850303c
:1015400002eb8303d3f8fc11a14204bf0021c3f8ce
:10155000fc11d2f80432a34204bf0023c2f80432c3
:101560004ff4806194f8500017f0c8fc04232370f6
:1015700026b1012231462046fff716f82b680022db
:10158000c3f80822a36e13b1204618f0d1fd2b68d2
:10159000d3f8fc0108b9d3f80002c3f8040200280c
:1015a00051d00278022a4ed1fff7a0f9a378d907cb
:1015b00013d5b4f8013023f4817343f00203a4f887
:1015c000013020460df0fcfd204618f0e7f84ff002
:1015d000007194f8500017f091fca26e002a4cd1d3
:1015e000637862f382036370a3789a0615d5a378b3
:1015f000e6686ff34513a3707eb920460df0e0fd59
:10160000637866f300032046637018f0b5f84ff076
:10161000807194f8500017f071fc63786ff3c30386
:101620006370a3691bb15a7842f020025a70a17806
:101630002046c1f3800108f031f92c6816f044f916
:1016400084f83c0270bd93f8f83123b100221146b2
:1016500010461af0d0fb2b6893f8f931002ba5d077
:1016600094f850004ff4805117f048fc00231a46bc
:10167000194601200af0fef998e7a3789b06b6d434
:10168000204617f027fc2046fef778faace700bfab
:0416900060020020d4
:020000040000fa
:020000040101f8
:101694002de9f04718f0fefa504b1a68013a1a6027
:1016a4001b68002b40f093804d4b1b680bb9002442
:1016b4008ee000234b481d464b4c01264b4adff875
:1016c40038a1dff830c1016800295dd0c368db6848
:1016d400d3f828e0d9691f6a8f60196adf694f60ff
:1016e40003f11808def80410414504bf196acef866
:1016f40004109d62def800100139cef80010d3f812
:1017040014e0d9689f68b9609f684f6003f10408ca
:10171400def80410414504bfd968cef804105d61b9
:10172400def800100139cef80010d96ad4f8009020
:1017340006fa01fe4eea090ec4f800e001eb81014d
:1017440002eb810149689960d1f808e0c3f80ce024
:10175400cef80480c1f80880d3f82ce04fea8e015b
:1017640001eb0e0802eb8809c3f8149052f8281014
:10177400013142f82810daf80010c96adf6a8f4292
:10178400a1d9ccf800609ee70bb117f071f9184ba2
:101794001c686cb1174e012501e0013c05d0fef731
:1017a40059fd0028f9d03560f7e7114b00221a6083
:1017b400104b1c6864b1104b1b68104b4ff08052e7
:1017c4001a60bff34f8fbff36f8f012400e0002432
:1017d40019f0ecfb2046bde8f08700bfb0330120d0
:1017e400a8330120cc320120b8330120502f01202e
:1017f400c8330120d43301209c33012004ed00e0e0
:020000040000fa
:020000040101f8
:101804002de9f04fd0f87cb1d0f8e0a0d0f87461a5
:101814001bf1000389b018bf01234ff000090546ee
:1018240001934f4695f89420ba4202d809b0bde816
:10183400f08ff4684d4822686ff302022260226838
:1018440095f8221061f3c40222602268042161f336
:10185400ca122260226861f3ce22226095f8942095
:10186400013a97426ad122686ff3de32226022681d
:101874006ff3df722260a2686ff30102a260a268b4
:1018840042f00402a26002686168aaeb020292b20a
:1018940062f30f01616062686ff31f426260039537
:1018a400bbf1000f54d040f20112adf8112009220f
:1018b4004ff000088df8102003a9524695f8470010
:1018c4008df81380adf8148006f0fafc9af8012024
:1018d40095f8351095f8220015f040fc0ffa87feb4
:1018e400c6e904a905eb8e01019bf46086f8088023
:1018f400c6f8188086f81c8073774e660c67c1f8aa
:101904007c8095f8942002f1ff3c674523d105ebd8
:101914004202a2f88680a2f88c80863081440fb9f6
:10192400c5f82491674508bfc5f820910137c1f86f
:1019340058900af1420a3668ffb273e7016804f16d
:101944001002521a216892b262f3de3121608ee7ee
:10195400adf811b0abe7054b1b6805eb4e02103434
:10196400e41aa2f88840a2f88e80d6e7700200201c
:020000040000fa
:020000040101f8
:101974002de9f04705210546002018f0d1f8d5e9f6
:101984006c7395f8e2200446132a18bf1f460028fa
:1019940000f08280182303737b7895f8426195f8f0
:1019a40043911e403b7809ea03094ff00003a0f875
:1019b4000d300121284618f080f80021824628467f
:1019c40018f07bf895f84311804695f8420116f01b
:1019d4002cff20b93978787816f027ff70b316ea0f
:1019e400090605d0b24501d1b04501d06673a6738e
:1019f400637bbb70a67bfe70637b1e434ed04ff0af
:101a0400ff33e373237419f0adfb064600283fd07f
:101a14001823c37101234371bb1cc36001462846cc
:101a24001af0c6f92146284609f0ecfbb978284695
:101a34000bf00effa5f8600001202de006ea0a0372
:101a4400dbb2002b18bf002619ea080f44d12eb1cf
:101a5400f0070cd4b1070dd5022309e0b9f1000f4a
:101a6400c6d019f0010f09d00123a373c0e70123e5
:101a74006373f6e77207f4d50423f9e719f0020f4c
:101a840001d00223f1e719f0040fb1d00423ece7ed
:101a940020461af055f93046bde8f087e6732674ff
:101aa40095f8f2309b0712d50121284618f005f865
:101ab40019f07efc31468046284617f0feff19f0e7
:101ac40077fc334602464146284615f027f9132190
:101ad400284616f0d4fea5e7002e89d08146b7e744
:020000040000fa
:020000040101f8
:101ae4002de9f0410468554b436023460027c4e9bf
:101af400017743f80c7f0d4623618046164607f0b4
:101b0400b7fd2a46a782a77552f80c0f516804f155
:101b1400300303c39068d16803c310691860928ac4
:101b24009a8094f8373013b9012384f8373098f841
:101b34000830042b72d10023e375414a1188a4f8bc
:101b44004610d2f80210d2f80620e26400230122e3
:101b5400c4e91e33c4e93133c4e91423a36594f8fa
:101b64006c30a16423f03c0384f86c30ff23e383de
:101b7400e37d84f82020002b54d194f86c3003f0da
:101b84003f0384f86c3002236377b4f86c3023f499
:101b94008173002523f00103a4f86c302a463146f2
:101ba4002046a4f8215065620ef092fc0623c4e995
:101bb4002433c4f88850204608f037fa94f8b43037
:101bc400a4f85c50bbbb84f8b630012384f8ba5047
:101bd400a4f8b8301b4b1c4a1b88a4f86030a4f846
:101be4005e3094f86d301288a4f8622023f07003fc
:101bf40084f86d3094f84530144a62660020c3f3cb
:101c04004213c4e92b0084f82a300323c4f8cc001f
:101c140084f8280084f8aa30bde8f081052b8cd123
:101c2400012389e7012baed194f86c3003f03f0314
:101c340043f04003a5e784f8b650cbe7adaa000112
:101c440008020020b0340120b23401201b004801f6
:020000040000fa
:020000040101f8
:101c54002de9f74f0223d0f8e0808df8043090f896
:101c6400b030d0f8ec900090054606334146684603
:101c74008df805300bf026fd2b4653f8282fc9f8b4
:101c840000209b88a9f80430b5f8b0202ab1d5f813
:101c9400ac1009f1060018f09dfc4ff0000ad5f8cd
:101ca4007471564695f89430b34202d803b0bde837
:101cb400f08ffc68dff800b123686ff30203236040
:101cc4002368012262f3c40323602368042262f3bd
:101cd400ca132360236862f3ce23236095f89430fb
:101ce400013b9e424ad123686ff3de3323602368ad
:101cf4006ff3df732360bbf800306168a8eb030265
:101d040092b262f30f0161606268a9eb03039bb2b4
:101d140063f31f426260a3686ff30103a360a368c7
:101d240043f00403a36098f8012095f8351095f862
:101d3400220015f013fa0ffa86fcc7e9048a05ebb2
:101d44008c010023fc603b723b774f660c67cb67ca
:101d540095f8942086308244501e864219d105ebb2
:101d64004202a2f88630a2f88c30feb1c5f820a158
:101d7400c1f858a001363f68f6b293e7dbf80020bb
:101d840004f110039b1a22689bb263f3de322260d3
:101d9400ade705eb4c02dbf800c0a2f88e3010343e
:101da400a4eb0c04a2f88840002ee1d1c5f824a1cc
:0c1db4000028ddd1dae700bf700200203b
:020000040000fa
:020000040101f8
:101dc0002de9f041052192b00446002017f0aafe4b
:101dd0000646002800f09d80d4f84431d87d19f0e3
:101de00087f924233373d4f8443193f91820054636
:101df000002a00f091800146204618f0fdfdd4f83d
:101e00004421137ec7b23b445355d4f8443103eb0d
:101e100005080121404613f011fe88f80800d4f8a7
:101e20004421535ddb1bd376d4f84421537fff2b31
:101e30001cd153191b7a990718d092f91830002b2e
:101e4000535dccbf03f1ff3301335bb25355d4f87c
:101e5000443103eb05080121404613f0effd88f8fb
:101e60000800d4f84421535ddb1bd376d4f8443109
:101e70001a7cd2071ed541f22102adf800200022c3
:101e80008df804208df808202188adf806106a1c12
:101e90008df809205a578df80a205a196846127a87
:101ea000c2f301028df80b205b5ddf1b8df80c7017
:101eb00014f09eff29462046d4f8447118f09cfd8a
:101ec0003877d4f844315a7fff2a1cbf00225a7752
:101ed000d4f84421517f4b1edbb2fd2bb4f85c30ab
:101ee0001cd81375b4f85c30d4f844210233a2f83e
:101ef0001530d4f844311d4420462a7a9a76d4f815
:101f00004431d3f81a30c6f80d30314609f07cf967
:101f1000012012b0bde8f081da76cbe7ff2903d1ca
:0c1f2000e17d09b90733e2e70133e0e797
:020000040000fa
:020000040101f8
:101f2c00010c000075a20201630c000091a20201d9
:101f3c00011000000d3e0201021000007d7f020125
:101f4c0009100000b16a020103100000c51702015c
:101f5c0001200000ada2020103200000e56a02018d
:101f6c0005200000b99c02010f200000f96002015d
:101f7c00102000008fac02011120000033870201f9
:101f8c00122000005d87020114200000158b020155
:101f9c00182000003161020117200000b92e020147
:101fac0025200000a5ac0201262000008967020153
:101fbc005e200000e14e020127200000fd700201ae
:101fcc00282000008787020129200000bbac0201f9
:101fdc002a200000bf6702012b200000914902015a
:101fec002c200000e1e201012d2000003d8b0201bc
:101ffc002e200000196b02014b20000063470201e8
:10200c004d2000004d6b02014c200000d54902010f
:10201c004e2000006b56020174200000f56702018f
:10202c0050f800007508020151f8000079740201a3
:10203c0052f80000d908020155f800008d990201f0
:10204c0056f8000001b002010dfc0000d1ac0201f9
:10205c0024fc0000d57f02012efc0000018002014f
:10206c002ffc0000993902017dfc00005130020167
:10207c007efc00006b99020182fc00001d470201ee
:08208c0085fc00002512020191
:020000040000fa
:020000040101f8
:102094002de9f3410023027e04461d4622fa03f192
:1020a400c90748bf013503f1010348bfedb2032b53
:1020b400f4d194f8473013f0fd0f4cd1042005f00f
:1020c400cbff05eb4505c4f8e000edb24a2005f06e
:1020d400c3ffc4f8ec00422005f0beffc4f8dc00e6
:1020e400ff2005f0b9ffc4f8d8002db24fea051857
:1020f40008f1040005f0b0ff82b20646002a46d17a
:102104003c4b0093fe210123ec2004f0f5f9371d2c
:10211400680119f07efe94f84730032b054638d148
:102124003eb1d4f8e03023b1d4f8ec300bb1002840
:102134004fd1304614f08afdd4f8e00014f086fd47
:10214400d4f8ec0014f082fd284619f064fe072050
:1021540002b0bde8f081012b01d0042b08d102208c
:1021640005f07aff6d00c4f8e000edb20c20aee794
:10217400032b0ad1022005f06fffc4f8e0002520ec
:1021840005f06affc4f8ec00afe70025ade70746a9
:10219400bee766b1d4f8e0304bb1d4f8ec3033b1db
:1021a400d4f8dc301bb1d4f8d83003b188b9304648
:1021b40014f04cfdd4f8e00014f048fdd4f8ec0021
:1021c40014f044fdd4f8dc0014f040fdd4f8d80039
:1021d400b8e7c4f8a060b844474501d10020b7e788
:1021e400ef60294604f5ba7019f010fb103720355a
:0821f400f2e700bffbbc020191
:020000040000fa
:020000040101f8
:1021fc002de9f04385b00446884601921d46002720
:10220c00534e46e0a66b2a46414620460df0fef89a
:10221c00a36ca3b1022d00f0968020460ff04aff6c
:10222c0038b14b4b4ff080521a60bff34f8fbff356
:10223c006f8f18f0b7fe012005b0bde8f083636a1c
:10224c0053b90028f5d0424b4ff080521a60bff3bf
:10225c004f8fbff36f8fece704f1240005f09af970
:10226c000028e6d03a4b4ff080521a60bff34f8fe4
:10227c00bff36f8fdde718f095fe0020dce702a8b6
:10228c0018f0f4fa12e020460af08efafff7fcf987
:10229c00012717f0fbfca26be36b9a42b2d3022d21
:1022ac0047d0019b002be6d0002fe8d018f07afe27
:1022bc0019f010f917f0eafc94f844305bb2b3f162
:1022cc00ff3f04bf002384f8443094f845305bb2e0
:1022dc00b3f1ff3f04bf002384f8453018f062fed1
:1022ec0001a902a80bf07affe0b917f0cffcd4f8e3
:1022fc003890e76b18f056feb945c4d1019904f13a
:10230c00100017f0a3ff20460af04efafff7bcf9b5
:10231c000028bdd14ff080533360bff34f8fbff314
:10232c006f8fb5e720460af03ffafff7adf90020b2
:10233c0082e7a66b0222414620460df067f8a36c9b
:10234c00002b3ff47caf002e7ff473af65e700bf2a
:04235c0004ed00e0ac
:020000040000fa
:020000040101f8
:102360002de9f04f97b017f09ff8504bdff85091e0
:102370001a886ff3820283461a8000270beb07034b
:1023800023f0704303934a4b1d7859f825404ff0d2
:102390000208484b03ebc5030593002694b949f89e
:1023a00025400024a6426dd8b8f1010f76d0404bed
:1023b0001d7885f001054ff0010859f82540e8e740
:1023c0004746dbe7039a6368d31a1a01e7d494f807
:1023d00014a0baf1000f2ad104200df077ff60b1ec
:1023e000227a6af345122272a26842600279e16899
:1023f0008160530718d115f0fff817f073ff2d4bcc
:10240000049053f83520d4f800a0eab92a4b009381
:1024100011460523ef2004f071f8049817f032f804
:10242000002323755446b9e716f000fce5e71af0df
:10243000020fe2d02369636016aa731c02eb8606c2
:1024400046f8404c9eb2d8e7944210d143f835a0ec
:10245000baf1000fe1d1059a03ebc5035a60dce73e
:102460001a4623b9154b009301210523d2e71368bf
:102470009c42f5d123681360002bced10d4b03ebaa
:10248000c503ebe716ab03eb84030022039953f873
:10249000400c013407f036f8e4b283e7002f8fd008
:1024a000584617b0bde8f04f0af070bb203e01411e
:1024b000be3401200833012049480201614802016d
:0424c0005033012074
:020000040000fa
:020000040101f8
:1024c4002de9f341524b01900546884600930222c0
:1024d40001237521ec2004f00ff819f0b7f8002857
:1024e40044d14c4e30684146043019f0b5fa0446e4
:1024f400002800f08b80ab071ad415f0010727d110
:1025040094f8f930a3b330684146043019f0a4fac2
:10251400044690f8f920a7b36d08c36b05f00105d4
:102524005d70002a55d0012211460ff07fff48e06c
:10253400242017f045ff0028dfd11124364b0093e7
:10254400019401230022ff21ec2003f0d5ff3ce09d
:1025540094f84730083b012b08d894f838302bb94d
:10256400e36b1bb193f83030012bc9d10c24e5e7a0
:102574002046c5f3400108f0f1f804460028c2d013
:10258400dce7f2b190f825300193244b009302224a
:1025940001237321ec2003f0afff94f800311bb941
:1025a400d4f8700108f0d0f994f8003143f0010335
:1025b40084f8003194f8f8301bb10221204616f05b
:1025c400abfb012019f03af80024204602b0bde824
:1025d400f0810c2100f0d4fc94f8f820012384f855
:1025e400fc30002aedd094f8252001920b4a009289
:1025f40073210222ec2003f07fff2046022116f013
:102604008bfb04f1a80017f064fddae7422495e798
:102614007091020198010020564f02018a91020133
:020000040000fa
:020000040101f8
:1026240084b02de9f84308ac84e80f00002016f0cc
:10263400f1fe8146012016f0edfe0746022016f059
:10264400e9fe4b4b1d682e7f8046002e5dd1494c20
:10265400b4f8ac3043f04003a4f8ac30202205f1c8
:102664001d0104f5a06017f0b5ff2022424904f5ce
:10267400a46017f0afff2022404904f5a86017f0ca
:10268400a9ffb4f8a43066f34103a4f8a430b4f865
:10269400a43066f30413a4f8a430b4f8a43043f0cf
:1026a4008003a4f8a430b4f8a43066f30003a4f8bb
:1026b400a430b4f8a43043f00203a4f8a4304ff6d5
:1026c400ff71002014f0c6ff4ff6ff71012014f0d3
:1026d400c1ff4ff6ff71022014f0bcff49460020f1
:1026e40016f0aafe3946012016f0a6fe4146022045
:1026f40016f0a2fe47f40051012089b216f09cfea8
:10270400bde8f843002004b07047012ed7d1194c1e
:10271400b4f8ac3043f04003a4f8ac302022a969eb
:1027240004f5a06017f056ff2022696904f5a4603f
:1027340017f050ff69692022114404f5a86017f0ce
:1027440049ffb4f8a4306ff34103a4f8a430b4f8fb
:10275400a4306ff30413a4f8a430b4f8a43043f005
:102764008003a4f8a430b4f8a4306ff300039ee708
:10277400ac01002000240141d8ac0101f8ac0101f6
:020000040000fa
:020000040101f8
:1027840084b02de9ff4102280bac84e80e0058d038
:1027940003285bd000284fd1dde90d570c689df864
:1027a4003c6019f031fa60b1dff8308198f800002c
:1027b400013000f0070088f8000018f0fbfc002846
:1027c400f4d066b12946e06c16f0aafb3b4b984264
:1027d40022d817f057fe636b98421dd3a06394f878
:1027e4002f30cbb9227b002a226d14bf4ff0040c8a
:1027f4004ff0010c2d324ff0340e5178d8b20efb4d
:1028040003f819b9917809b9117839b30133d9b2f8
:10281400614502f13402f0d3ff23294aadf80030b8
:1028240010238df8023013788df80330591c117081
:1028340020466946f7f730fe04b0bde8f04104b025
:1028440070479df8340016f0bbfbf5e700916b462a
:1028540004221c4901200df072ffede71a4b187099
:102864001a4b19701a4b1970154b1a78511c1970a0
:10287400184b1a705eb9a38a40f27120584318f0bd
:1028840022fb0146284611f027fea763e064236d6e
:10289400e56343444ff00002a3f82b204ff4706229
:1028a4001a60012283f824200b4a1378b3fa83f3c5
:1028b4005b0920461370f0f765fbbde738feff7f28
:1028c400d134012009010101dd020020dc020020d5
:1028d400de020020df020020d2340120d3340120a4
:020000040000fa
:020000040101f8
:1028e4002de9f0430d4697b080461746fdf75cf896
:1028f40095f84a9095f84b40019519eb040318bfdd
:1029040040f20113adf8093009238df8083006aa06
:10291400002301a940468df80b30adf80c30fcf7cc
:1029240099fb9df80c209df8183098f8041098f83d
:102934000200c3f3050301321a44d2b214f00efcb0
:1029440098f80130863000fb03f6b9f1000f33d05c
:10295400012301958df80a3094b38df8093095f868
:102964004d308df80c3095f8f93073bb95f8fc3088
:102974008df80b3000238df80d3006aa0a2301a927
:1029840040468df80830fcf765fb9df80c209df857
:10299400183098f8051095f82400c3f305030132a4
:1029a4001a44d2b214f0dafb06f5e8769df80c303e
:1029b400ff1a0644bfb254b9304617b0bde8f083dd
:1029c4008df809408df80c70cde70123d0e7013c68
:1029d40014f0ff044ff000038df80a301fbf0123e9
:1029e4008df8093095f850308df80c304ff0000315
:1029f4008df80b308df80d3006aa4ff00d0301a9a8
:102a0400404604bf8df809408df80c708df80830ed
:102a14000195fcf71ffb9df80c209df8183098f8e1
:102a2400051095f82400c3f3050301321a44d2b209
:0c2a340014f094fb00f5e870b8e700bf58
:020000040000fa
:020000040101f8
:102a400010b588b0eff74cf9fcf7fcfb17f0effe80
:102a5000faf755fe0ff098fd0cf096f918f094fa7d
:102a6000002110200af066fd0120eff7d9f8374b5e
:102a7000374a1a60374a5a60374a9a60374ada60ea
:102a8000374a1a61374a5a61374a9a61374ada61d6
:102a9000374a1a62374a5a62374a9a62374ada62c2
:102aa000374a1a63374a5a63374a9a63374ada63ae
:102ab000374a1a6404222021364817f0acfe00235e
:102ac0000593069307930df11600eff7e7fd9df8c8
:102ad000153060f300038df815300df11d00eff790
:102ae00001fe9df8153060f341038df8153005a8ff
:102af000eff73afe10b903238df814300df11f01e2
:102b00000df11e00f4f743fa9df8153060f38203cf
:102b10008df8153000240194029403940494012349
:102b20008df80c304ff4f840009019f01ff9019027
:102b3000049405ab6a460549164800f0d7f817f02b
:102b4000a7fe0df031f808b010bd00bf380000201e
:102b5000e7a7020137ac020111200201cbb202014a
:102b6000ffa7020199580201ddb2020117a8020174
:102b700073af0201d5580201efb2020101b30201a5
:102b80004baf02015faf02014dac02016dbd02010e
:082b900075bd020130000020b8
:020000040000fa
:020000040101f8
:102b98002de9f04184b0044601914ff00008464603
:102ba80045464f4f43e0013ba36323684bb123697c
:102bb8005bb918f0f9f94ff00108404604b0bde8d8
:102bc800f08118f0fbf9a060f1e704f1100004f0bf
:102bd800e3fc0028edd0424b4ff080521a60bff35f
:102be8004f8fbff36f8fe4e718f0def94ff000085e
:102bf800e3e702a817f03cfe23e017f049f8a068c5
:102c080005f0a4ff804618f0cff940e0204609f00f
:102c1800cdfdfef73bfd09e0204609f0c7fdfef7b4
:102c280035fd204618f024f8002844d1012617f075
:102c38002ff8a36b002bb6d1019b002bd4d0002e0c
:102c4800d7d018f0b1f918f047fc17f021f894f82c
:102c580044305bb2b3f1ff3f08bf84f8445094f8a6
:102c680045305bb2b3f1ff3f08bf84f8455018f018
:102c78009bf901a902a80bf0b3fa0028ccd1204691
:102c880017f0f6ff0028c1d02368002bb5d00199b2
:102c980004f1240017f0dcfa204609f087fdfef75e
:102ca800f5fc0028c2d14ff080533b60bff34f8f33
:102cb800bff36f8fbae7b8f1000f3ff47eaf16f09d
:102cc800e7ff616a19b1236b1968c1f10501a068b2
:102cd80008f0acf918f068f94ff000086de700bf8c
:042ce80004ed00e017
:020000040000fa
:020000040101f8
:102cec00f0b5144687b0054618b90025284607b03c
:102cfc00f0bd0029f9d0002af7d05268002af4d090
:102d0c002268002af1d0404adff81cc111603f4f05
:102d1c003f49404e404893b9404a8cf80030d2f8b5
:102d2c0000e0c1f800e00323b2f804e09279a1f8c6
:102d3c0004e08a713b70f82333700e231fe05a783d
:102d4c00d2074bbf1a46354a52f802efd2f800e0d0
:102d5c00c1f800e0b2f804e0a1f804e092798a71bd
:102d6c00597811f0020218bf93f909208cf8002051
:102d7c001a783a704f07ded59a7adb7a3270037084
:102d8c00274b0e221a7010f0fdf9224603ab52f8b5
:102d9c00080f516803c390681860d4e900235907e1
:102dac0005d0d91d21f007011a44521a0b46cde962
:102dbc00012315f05dffdde901010ff005fd28464b
:102dcc0004f030fa054600288fd0164b4ff00072f5
:102ddc00c3f88420bff34f8fbff36f8fa02183f80c
:102dec003913c3f884215a6004f08afa13f096fa66
:102dfc0001a80ff063fe237bdb073ff577af12f0e2
:102e0c000ffb054672e700bf580100206c01002043
:102e1c00640100206d0100206b010020dcbd02016b
:0c2e2c005c01002000e100e05d010020de
:020000040000fa
:020000040101f8
:102e38002de9f74f4578436807780193012db0f8dd
:102e48000280846843d0002d48d0022d46d1e36b20
:102e58004ff0010b03f1240603f1340907f0fd02da
:102e6800012a52d1294620460cf07af8032f4ed079
:102e7800012f08bf3773102018f0c9ff824640465b
:102e880018f0c5ff4246caf808008af80c80019974
:102e980017f09efb0022caf80020d9f80420caf8cf
:102ea8000420022fc2f800a0c9f804a02fd137735c
:102eb800cdb994f8fe30d80702d5012384f8fd3047
:102ec8002946204603b0bde8f04f08f053bc04f192
:102ed800b80604f1d0094ff0000bbfe704f1a806cb
:102ee80004f1c809f7e7012dead194f8fe309907f3
:102ef80048bf84f8fd50e3e7012d16d194f8fe2071
:102f0800930748bf84f8fd500fe0022fb3d9fa1e8b
:102f1800012a30d8032f08d1002dedd194f8fe20d6
:102f2800d20702d5012284f8fd2004eb0b0292f8a7
:102f3800f82022b15a46012120460ff075fa032fd6
:102f480013d1706818b113f07ffe00237360b8f1d5
:102f5800000f03d0404618f05aff7060a6f80880aa
:102f680042460199706817f033fb304603b0bde85c
:0c2f7800f04f17f0acb803b0bde8f08fcc
:020000040000fa
:020000040101f8
:102f84002de9f04f90f8199090f810a085b0044600
:102f9400884600f1280500f1410700f11b06b9f14c
:102fa400030f45d8dfe809f0020a16162946002067
:102fb40016f0b0fe002384f8343039e0baf1f00f93
:102fc40003d1284618f09cf828e03b688362bb884c
:102fd400ab8023e09df80830827e62f300038df815
:102fe40008303368cdf8093002a8b388adf80d3045
:102ff4000ff03afe834698b10df1070102a810f0d4
:10300400cdfa94f8fd3023b19df80710012000f0ab
:10301400d9fa29469df8070016f09cff0123cae758
:10302400b9f1020f41d1294616f074fe84f834b088
:1030340094f8383013b1ff2384f834309df8083005
:10304400a27e657e62f300038df808303368cdf804
:1030540009304ff00009b3888df8079002a8023dab
:10306400adf80d3009f062fe012d04f12e0722d8cf
:1030740008b30df1070102a810f090fa9df80710ab
:10308400484600f09ffa394602a812f0d3fe002306
:1030940084f8fd300b4b196801eb88014b6a0bb1c6
:1030a4002046984705b0bde8f08fbaf1f00f88d0fc
:1030b4003b68a3628be73368c4f82e30b388bb80c7
:0830c400e5e700bf1c34012008
:020000040000fa
:020000040101f8
:1030cc0030b597b00c6808281fd8dfe800f005373a
:1030dc003b404459829094001578029523880193c3
:1030ec00474b0093022201235e21ec2003f000faef
:1030fc00022d0dd11621204616f0fdfc002384f87c
:10310c00e2300021204615f0f5fb002017b030bd51
:10311c00272df6d1e36f5a0706d523f00403e36796
:10312c000021204611f018ff94f8e230082b0cbf58
:10313c0000210121204606f00bf8e2e7204612f0b0
:10314c0062ffe2e72221204616f0d5fcdde720469f
:10315c0017f0faf8d9e7204617f064fe48b11221af
:10316c00204616f0d0ff0028cfd0042384f8e2309c
:10317c00cbe794f86e3043f0020384f86e30c4e76a
:10318c00d4f8443194f85c10187d8842bdd092f983
:10319c0000201a760021204613f00afed4f84431a0
:1031ac00012101fa00f0d875204613f001fe01460a
:1031bc002046d4f8445117f019fc6876b4f85c300a
:1031cc00d4f844210133a2f81530204617f009fe3b
:1031dc009be74ff48153adf810302388adf81430d1
:1031ec0004a81388adf8163013f0fcfd8de72046cb
:1031fc0004f028fd89e7204614f040fa85e700bf6b
:04320c008b900201a0
:020000040000fa
:020000040101f8
:103210002de9ff411d46494b0093cde90121804630
:103220000f461646012302226021ec2003f066f9c6
:1032300018f00efa002872d116f0050f7ad0a9887e
:103240006a88914206f0010306f0040674d83c4aed
:10325000126811683b4a1268146881f82e0084f8dd
:103260002e004bb3012381f80e80cf730b742a78a4
:103270004a746b884b82a888888295f806c081f8ca
:1032800016c0834209d14ff6fb70834284bf4ff6cc
:10329000fc738b828b8a03334b82888a012381f8eb
:1032a0002e300390498acde90121274a0092d62188
:1032b0000222ec2003f022f93eb3032384f80e80af
:1032c000e77323742a7862746b886382a988a18269
:1032d000a879a0758b4209d14ff6fb718b4284bf50
:1032e0004ff6fc73a382a38a03336382a18a01236e
:1032f00084f82e300391618acde90121134a0092ae
:10330000a0210222ec2003f0f9f816f0b5fd01200f
:1033100018f096f90024204604b0bde8f0810c2492
:103320000b4b0093019401230022ff21ec2003f0ba
:10333000e5f8f0e71124f3e71224f1e7e0ef0101eb
:10334000b8010020b401002001f0010124f00101c6
:043350004af001013d
:020000040000fa
:020000040101f8
:1033540070b586b005460e4616f04af8782018f087
:1033640058fd0446002800f087807822002117f0d9
:1033740053ff2822294604f1500017f02bf9206e40
:10338400646117f035f902460b46faf797f8002204
:103394003a4bfbf747f941ec100b04f02bff51eccf
:1033a400100b16f077fa2062606e17f021f90246ce
:1033b4000b46faf783f80022304bfbf733f941ec64
:1033c400100b04f017ff51ec100b16f063fae36dc9
:1033d400a56e60625b0a0035e36118bf012516f033
:1033e400a9fc94f85030cde90350002b3ad194f85d
:1033f4005130cde90143224b009302231a467e212a
:10340400ec2003f079f894f85030012b09d178209e
:1034140018f0fffc054620b17822002117f0fcfecd
:103424002561637843f008036370236c03f0f803a9
:1034340043f4802323640023c4e902336364236fc9
:103444001b7a042b03d04bb994f8503033b90d4b8d
:103454001a6892f83032013382f830323460002036
:1034640006b070bd94f85130cde90143064b00938a
:1034740002231a467f21c3e70720f1e7008883402f
:0c348400b0e8010160020020eee8010148
:020000040000fa
:020000040101f8
:103490002de9f043046894f82c3095b00f46002bca
:1034a00000f08c80cb7963b10193454b00930022ef
:1034b0000123be21ec2003f021f81e2015b0bde849
:1034c000f083236d93f8028008f1ff32012a07d9b7
:1034d0003c4b0093cdf8048001230222bf21e9e791
:1034e000666add6994f80f904ff6ff71304607f079
:1034f000d9fe002848d1226d92f82830002b56d0f2
:10350000a9f10209b9f1010f51d841f20b03adf84d
:103510000830f979a3f60a73adf80c30342301fbb7
:10352000032393f82520b2b393f82990484616f068
:10353000d5ff40f002008df80e000df10f01484656
:1035400010f0a6fb2b78c3f3c0138df8153033466b
:1035500002a853f8062fcdf816209b88adf81a3034
:103560003b788df81c3013f043fcb8f1020f0bd1ff
:10357000ab7803f00f03042b06d16a78234632445c
:10358000a91c384605f0bef9236d002083f82e00f3
:1035900084f82f0092e72b78c3f380138df80e3058
:1035a0003368cdf80f30b388adf81330cae723463f
:1035b00032462946384605f0a5f9d6e71f207de7b3
:0835c0005c8e02016c8e020119
:020000040000fa
:020000040101f8
:1035c8002de9f347464f82460d46c92601f0070804
:1035d80080f00109032101a80cf0e0ff9df80630f6
:1035e800404c03f07f0343f040038df806303b68fe
:1035f8009a00fcd43c4b1a8842f040021a801a8880
:1036080042f020021a80baf1000f02d0284601f0d9
:1036180027f9d4f8683f9df8041068f31243c4f8fa
:10362800683fb4f86c3f69f30003a4f86c3f2f4b74
:103638001a6861f307021a601a689df8051061f3a9
:103648000f221a601a689df8061061f317421a6073
:10365800d4f8683f43f48003c4f8683fd4f8683f5f
:103668005b02fbd43b6813f0807f214b1b6814bfbf
:103678001f200020013e13f0020f18bf1f2016f074
:10368800ff0601d01f28a5d0baf1000f24d0194b8e
:103698001968d4f8a43f062202fb051181f84331ca
:1036a800d4f8a43fc3f3072381f84431d4f8a43fe6
:1036b800c3f3074381f84531d4f8a43fc3f3076344
:1036c80081f84631d4f8a83f81f84731d4f8a83fab
:1036d800c3f3072381f8483102b0bde8f08700bf83
:1036e8003034014100240141c43401411034014106
:0836f8008c340141b8020020ee
:020000040000fa
:020000040101f8
:1037000070b5431e13f10a0f71d800f1080414f0cc
:10371000070305d0c3f10803da43a24267d31c4470
:1037200017f0defe3c4b1b68002b67d0002c1cdb27
:1037300014b33a4b1e68a64221d339490b6823e0e3
:10374000384b37480260002141601344083b23f0a6
:1037500007033148036059601960991a516013607a
:10376000314b19602d4b1960e0e7fdf793ff17f01f
:10377000e2fd0025284670bdfdf78cfff7e7fdf759
:1037800089fff4e7194613465a68a24202d21a6822
:10379000002af7d1204a12689a4225d00d680835d0
:1037a0001a680a605868001b102805d91a19506059
:1037b0005c60086818510a605968761a17480660f4
:1037c0001948006886423cbf1748066041f0004136
:1037d000596000221a60154a136801331360fdf71f
:1037e00059ff002dc6d1c2e7fdf754ffbfe717f020
:1037f00077fe094b1b68002bbed100240c4a12f047
:10380000070f9dd0d11d21f0070102f59433243319
:103810005b1a0a4695e700bf883301208c330120ec
:1038200030330120242801009033012094330120fb
:043830001803002059
:020000040000fa
:020000040101f8
:1038340070b5044688b0008815f0d2ff002800f067
:1038440087800568d5f84461002e00f08380d6f89f
:10385400223023b9092004f0fffbc6f82200d5f872
:103864004431d3f82220002a76d0a378ff2b69d0e4
:10387400e1780b441370d5f84431e178d3f8222071
:10388400a3785b1a5370d5f844316179d3f82220b8
:1038940023790b449370d5f844316179d3f822200d
:1038a40023795b1ad370d5f84431e288d3f82230f7
:1038b4009a80d5f84431d3f82220137a43f00103d7
:1038c4001372d5f84431d3f8222000239371d371b5
:1038d400d5f84421d2f822100a7a42f020020a7262
:1038e400d5f84421d2f822100a7a42f006020a726c
:1038f400d5f84421d2f822100a7a42f018020a724a
:103904001d46e38806936379059323790493e3784a
:103914000393a378029323880193104b009302220c
:1039240001235521ec2002f0e7fd45b10c4b009337
:10393400019501230022fd21ec2002f0ddfd284643
:1039440008b070bd1370d5f84421d2f8222099e74d
:103954000225d6e71a25d4e70725d2e7a0100201ed
:04396400b17d02012e
:020000040000fa
:020000040101f8
:1039680038b590f8e23003f0fd03012b04460d460c
:103978000ad1082004f06efb2a46c4f8b00152f8b8
:10398800013f0360536843603f4b69781b681a78ae
:103998000a4084f8ed20a9785a780a4084f8ee2085
:1039a800e9789a780a4084f8ef20da7829790a4089
:1039b80084f8f0206a791b79d4f844511340e26ff7
:1039c80084f8f13042f00802e267002d3cd113f090
:1039d800060f39d0262004f03dfbc4f8440198b303
:1039e8004ff07e330360d4f844215360d4f8443157
:1039f8004ff002329a60d4f84431dd60d4f8443193
:103a08001d74e27dd4f84431002a39d10721597553
:103a18009a75d4f84421002313751c4ad4f844112c
:103a280050794874d4f8441190798874d4f84411c2
:103a3800d279ca74d4f8442182f8223082f823302b
:103a480082f8243082f8253094f8ee301b075cbfea
:103a580040f64803a4f85631e37da3b9d4f8f03012
:103a680003f48413b3f5004f0dd194f8f23043f00a
:103a7800100384f8f2302046bde8384010f002be4a
:103a88005d759d75c5e738bdac0100208a01002031
:020000040000fa
:020000040101f8
:103a980070b5c0b294b0154620b1012811d00020ed
:103aa80014b070bd434c16f097fc23685b6c9847c4
:103ab80010b123681b6e9847002103200af090f983
:103ac800ede73d4c23681b7f01933c4b0093022399
:103ad8001a46ec20772102f00dfd2368986c20b17e
:103ae80006f030ff236800229a642368186c20b11e
:103af80010f014fd236800221a642e4a136800216e
:103b0800197026682d78337f3db3012b14d141f20b
:103b18000903adf808308df80c502022ff210df173
:103b28000d0017f077fb3a2d33d1337f012b2cd1c1
:103b3800706913f089f828e041f208032022ff2178
:103b48000df10d00adf808308df80c5017f062fb40
:103b58002022ff210df12d00e3e7f3b912680121be
:103b6800517025688df80c3041f20802adf8082034
:103b7800296920220df10d0016f02afd296920225d
:103b880011440df12d0016f023fd2368186913f078
:103b98005bf802a813f028f981e741f20903202213
:103ba8003169adf808300df10d008df80c5016f0a4
:103bb8000ffdbde7a8010020ac010020acbd02014b
:020000040000fa
:020000040101f8
:103bc800f0b540f2ff7681ea030c16ea115e1ebfdb
:103bd800b64516ea1355b54252d021ea465141f48a
:103be8008011a1fb024723ea465343f48013ae44f5
:103bf800a0fb03650cf0004c36197d41a1fb03477f
:103c080047f10003a0fb0217f619654153f10003c1
:103c1800094218bf46f0010640f2fe74b3f5007f72
:103c280013d2aef5806ea64523d24cea03312803a1
:103c380041ea155140ea16503203450872f1004234
:103c480050f1000051eb0e51f0bdaef2ff3ea6451b
:103c58000fd24ceac321e80241ea555140ea5650d6
:103c6800f202450872f1004250f1000051eb0e518a
:103c7800f0bd1eea0e0f2dd50cf000410020f0bd5e
:103c880016ea115f04bf01f000410020004218bf8e
:103c980041f0010116ea135f04bf03f0004300225c
:103ca800124218bf43f0010306ea1354b44218bf86
:103cb800b64503d00cf000410020f0bd21f00041d2
:103cc80023f00043b1eb065f0cd8b3eb065f09d8cd
:103cd80041b13bb10cf0004141f0fe4141f47001ab
:103ce8000020f0bd40f20001c7f6f8710020f0bdd9
:020000040000fa
:020000040101f8
:103cf8002de9f043b9b00e4618af40220446002122
:103d0800384617f087fa96f90120002352009342ab
:103d18006fdb96f90040e5b26a00002352b21846fc
:103d280059b28a426ddc002860d006f104092246a7
:103d38003946484615f077fa01286dd107eb040893
:103d480022464146484615f06efa012864d12346ba
:103d5800424628a804f048f828a96846f9f706ff5b
:103d68002022002110a817f055fa96f900800323a5
:103d78003a4608ac8df840303946434628a804f046
:103d880033f828a92046f9f7f1fe434610aa214640
:103d9800204613f0b6ff18b14a46204614f0d6fd67
:103da80016f9843b3a46214628a804f01df828a9ac
:103db8002046f9f7dbfe434632462146204614f0fa
:103dc800c5fd28b94246484615f02dfa012805d008
:103dd80043464a462146204613f093ff6b1e5bb2ca
:103de80000201a0611d5b0fa80f0400939b0bde8b4
:103df800f08338a91944e05c01f8800c0133dbb288
:103e080085e7f95c013308438ae71df80320e15c84
:0c3e18004a401043013be4e70020e7e7cc
:020000040000fa
:020000040101f8
:103e240084b02de9f341022809ac84e80e0066d081
:103e340003287ad048bb0c689df8347084f8cc0011
:103e4400dde90b5617f0e0fe68b1dff8fc8000bf37
:103e540098f80000013000f0070088f8000017f01f
:103e6400a9f90028f4d0efb1344b2946186815f0ad
:103e740057f8334b98420dd994f8cc3043f01003e3
:103e840084f8cc302046f5f7dffc02b0bde8f04101
:103e940004b0704716f0f6fad4f8a0309842ebd389
:103ea400c4f8a4000021204617f018f80028e3d134
:103eb400c7b194f8ce30012b0cbf04235b0884f8ff
:103ec400ce300122002384f899200f22c4f8a85090
:103ed40084f8cd30a4f8f02084f8f2302046eff7cf
:103ee400fbfbd2e7d4f89c0016f0edff0146284610
:103ef40010f0f2fa114bc4f8a4601860e1e79df8e1
:103f04002c200b68511e022908d893f8cc2042f0cb
:103f1400010283f8cc2006f0d5fab6e7002afad1dc
:103f240093f8cc2042f00202f3e7019101ab0422a2
:103f3400044901200cf003fca7e700bf74340120fe
:0c3f440038feff7f03020101d034012091
:020000040000fa
:020000040101f8
:103f50002de9f341089d04461f4609b1002a35d0da
:103f6000e06ec8b93b68ab4213d17b68216a5b1b2a
:103f70009ab291420dd8e561b2f5487f4fea4525e6
:103f8000e565636a01d1a36202e09342fbd3a262ba
:103f9000012002b0bde8f081d1b10025bc46ff216f
:103fa0002b464ff6ff7e93420ed0dce90006361a10
:103fb000206a06ea0e08404555d8a0784007c6f3a7
:103fc000160647d5f5b21946ff2905d10020e0e7ce
:103fd000d7e90035ed1aedb2637813f0040f0eb295
:103fe0002ad194f85020012a42d1626a95423fd9e1
:103ff0001b073dd402210df106000cf0d3fa636ad1
:10400000bdf80620c3f101032b44b2fbf3f503fb1b
:10401000152557f8363053fa85f5c5f31605e561d1
:10402000e3695a02e26594f85220012a01bfa26da9
:104030009b18c3f31603e36107ebc603e2695b68f1
:104040009b1a9ab2b2f5487f626aa0d09bb29a429c
:104050009dd398e794f850000128b3d1b0b28542bf
:1040600001d2f5b219460133dbb20cf1080c9ae724
:0840700057f83630e361d3e795
:020000040000fa
:020000040101f8
:10407800002170b50846444a444c16f071fc424a87
:104088000021012016f06cfc4ff4157017f0bffeec
:104098004ff415720021206017f0bcf82368002245
:1040a80003f50371c3e9841203f50571c3f8181207
:1040b800c3f80c2203f5c47103f5f870c1e90021b7
:1040c80008318142fad1c3e97c21c3f8802103f584
:1040d800c072c3f8842100230c26184606fb03f29d
:1040e800216888502168d1f88451114401334d600a
:1040f80029602168202b0a44c1f88421eed10123cc
:1041080081f83c3281f82e0215f052ff2368c0f383
:1041180007104ff49662b2fbf0f2a832a3f82622f9
:104128004ff4c872b2fbf0f2a3f81e224ff4a0724b
:10413800b2fbf0f2a3f82222a3f82a224ff4f0628d
:10414800b2fbf0f2a832a3f828224ff48262b2fb45
:10415800f0f2a3f820224ff45272b2fbf0f2a3f867
:1041680024224ff47a72b2fbf0f0a3f82c0200205c
:1041780017f010fc17f014fc054817f0fffb054872
:10418800bde8704017f0f4bb916f02016002002097
:08419800956f010111b702014e
:020000040000fa
:020000040101f8
:1041a0002de9ff479946424b0093824688461746c1
:1041b000012302227221ec2002f0a0f917f048fa44
:1041c00000286cd13b4e30685146043017f046fc55
:1041d0000546002865d090f8f940002c5fd1b8451d
:1041e00061d890f83830002b5dd190f84730083b0b
:1041f000012b58d8c36b73b9402017f00cfee8634d
:10420000002852d04022214617f008f8ea6b1346e6
:1042100043f8344f9363eb6b998de9b10122284643
:1042200003f002fb40f2e2437b43984214d3cde912
:104230000103214b0093022201239d21ec2002f077
:104240005df945241d4b0093019401230022ff21b9
:10425000ec2002f053f91ee030685146043017f0ac
:10426000fdfb90f8253001930546154b0093022283
:104270000123ec20732102f041f9eb6bdf81eb6b42
:10428000a3f80c80eb6ba3f81090eb6b00221a7074
:10429000012017f0d5f9204604b0bde8f0870c24c2
:1042a000d0e74224cee71224cce70724cae700bfb8
:1042b000224f020198010020314f0201564f0201a6
:0442c0004a4f02015e
:020000040000fa
:020000040101f8
:1042c400002858d0454b1b683bb9454ad2f8643f97
:1042d40043f00103c2f8643f70479a071fbf404987
:1042e400d1f8642f42f00102c1f8642f13f00c0fcf
:1042f4001fbf3b49d1f8642f42f00202c1f8642f7a
:1043040013f0300f1fbf3649d1f8642f42f0040276
:10431400c1f8642f13f0c00f1fbf3149d1f8642fc7
:1043240042f00802c1f8642f13f4407f1fbf2c49e8
:10433400d1f8642f42f01002c1f8642f13f4406fd7
:104344001fbf2749d1f8642f42f02002c1f8642f1f
:1043540013f4405f1fbf2249d1f8642f42f040029a
:10436400c1f8642f13f4404f36d01d4ad2f8643f8d
:1043740043f08003aee71a4bd3f8642f60f30002d6
:10438400c3f8642fd3f8642f60f34102c3f8642f99
:10439400d3f8642f60f38202c3f8642fd3f8642f38
:1043a40060f3c302c3f8642fd3f8642f60f30412dc
:1043b400c3f8642fd3f8642f60f34512c3f8642f55
:1043c400d3f8642f60f38612c3f8642fd3f8642ff4
:1043d40060f3c712c3f8642f704700bf5434012040
:0443e400002401416f
:020000040000fa
:020000040101f8
:1043e800f0b5d0f87c3187b00546002b61d01a7f34
:1043f800002a7ed0d5f870011c6968b101a9df6870
:1044080016f086fbf9680646019814f087fd3a4bca
:10441800984201d8002e4fd0bdf8043023f47f53c2
:1044280023f03f03adf804309df805306ff3871390
:104438008df80530eb6bda89adf806201a4652f88c
:10444800060f029012798df80c209978d2b242eac0
:1044580041128df80c205a69cdf80d201a4632f811
:10446800031fadf8111092788df813205b8aadf810
:104478001430e27812f0010f0cbf012307239007d4
:1044880048bf0633110744bf0233dbb2d20644bf2c
:104498000333dbb21c4401ab03cbc4f80300c4f8fc
:1044a800071003cbc4f80b00c4f80f101b88a4f83e
:1044b8001330002007b0f0bd15f0e2ff0f4b984213
:1044c800aad80f4b98429df8053095bf66f345135f
:1044d80043f020038df805308df8053094bf1e2376
:1044e8004ff49673b0fbf3f0bdf8043060f30c039f
:1044f80098e71b6879e700bf38feff7fd47e250068
:04450800c3bf03002a
:020000040000fa
:020000040101f8
:10450c002de9f3410e46044650b93f4b0093024649
:10451c0005230421ef2001f0ebff02b0bde8f08190
:10452c0014f062ff15f0d8fe7600804614f0b6ff4a
:10453c0040f2e1439e42257a92bf022640f271215d
:10454c00b6fbf1f6ab060644074626f0704609d4d6
:10455c0045f020056660257201223946204604f09c
:10456c00cbff18e015f0070518bf0125274b53f8b2
:10457c0025209442194619d1254a1278aa4222d1f3
:10458c0063681a1a44bf03f180531a1a012a08d817
:10459c00022323752661404602b0bde8f04114f0b9
:1045ac006bbf236841f8253008f0eafa194b53f831
:1045bc00352019465ab9184b009311460523ef20a4
:1045cc0001f096ff0ce0226843f82520eee7a242aa
:1045dc000fd1226843f8352012b903ebc5056d6085
:1045ec006660b9e71a4623b90c4b009301210523e9
:1045fc00e5e71368a342f5d123681360002befd1d4
:10460c0001ebc5056a60ebe7344802015033012029
:10461c00be340120083301204948020161480201df
:020000040000fa
:020000040101f8
:10462c0084b02de9f04385b005460da880e80e0056
:10463c0000270b460e99032d3fd8dfe805f0024307
:10464c0051591e68dde90f98346d2b46226b8a4256
:10465c0057d00133dbb2042b04f13404f6d11f25ff
:10466c000024304617f006f93dbb2f4b78b142f2cf
:10467c000102adf801201a788df80070511c1970e8
:10468c008df8032069463046f5f702ff15e0274afe
:10469c0027491770274a157001220a701978881853
:1046ac001870254bc6e90e89197084f824202270e5
:1046bc0084f82c503046eef761fc05b0bde8f043b1
:1046cc0004b070471868026d0023303214688c42b5
:1046dc001cd00133dbb2042b02f13402f6d1ece72f
:1046ec00144a137843f00103137005f0e7fee4e776
:1046fc00cde9003108226b46104901200cf01bf863
:10470c00dbe7002284f82b201f46aae7064a8df827
:10471c00003040f20143adf8013013788df80330ce
:10472c00591c11706946afe7d1340120dd0200201d
:10473c00de020020dc020020df0200200a01010161
:020000040000fa
:020000040101f8
:10474c0038b504463e4b1d6872b6bff34f8fbff3ae
:10475c006f8f0ff0a1fc08b962b638bd394b062239
:10476c001a6008331a680ab9374b1a68a54228bf71
:10477c002546681e34490c6804fb0024334a126831
:10478c0012f0806f06d0314a4ff0007111602e4a42
:10479c001268a41a2e4a1268a24238bfa41a2d4ad3
:1047ac00146004320021116026490a6842f00102ab
:1047bc000a6025b1bff34f8f30bfbff36f8f62b666
:1047cc00bff34f8fbff36f8f72b6bff34f8fbff333
:1047dc006f8f1c4906220a600a6812f4803f1ed0b3
:1047ec00194b1a681c4b1b681344013b1b1b1849c3
:1047fc000968994201d29a4200d2531e154a13609d
:10480c00154b00221a60083b07221a600e4b1b68de
:10481c00013b104a136011f0b1f862b69de70e4ae5
:10482c001168094a126805fb02f3581ab0fbf2f042
:10483c0000fb0222cb1a1344064a1360e0e700bfc8
:10484c008433012010e000e08033012004ed00e00f
:0c485c009431012014e000e018e000e0be
:020000040000fa
:020000040101f8
:1048680070b5444b1c68444b272101fb0042d3f828
:10487800845f92f8226066f31f65c3f8845fd3f8fb
:10488800885f92f8236066f30705c3f8885fd3f85a
:10489800885f92f8246066f30f25c3f8885fd3f821
:1048a800885f92f8256066f31745c3f8885fd3f8e8
:1048b800885f92f8266066f31f65c3f8885fd3f8af
:1048c8008c5f92f8276066f30705c3f88c5fd3f80e
:1048d8008c5f92f8286066f30f25c3f88c5f92f816
:1048e8002960d3f88c5f66f31745c3f88c5f92f89c
:1048f8002a60d3f88c5f66f31f65c3f88c5f92f863
:104908002b60d3f8905f66f30705c3f8905f92f8c1
:104918002c60d3f8905f66f30f25c3f8905fd3f847
:10492800905f92f82d6066f31745c3f8905fd3f84f
:10493800905f92f82e6066f31f65c3f8905fd3f816
:10494800945f92f82f6066f30705c3f8945f92f8b6
:104958003050d3f8942f00fb011165f30f22214446
:10496800c3f8942f897ad3f8942f61f31742c3f8c8
:0c497800942f70bdb80200200024014103
:020000040000fa
:020000040101f8
:1049840070b586b0038801930546414b0093ec2033
:10499400012302224c2101f0affd288814f020ffee
:1049a40000286ed00468e37d012b03d194f8ed3028
:1049b400990768d5204614f0fffb002846d0302024
:1049c40003f04afbc4f8b0016b880380ab884380d2
:1049d400eb8883802b89c3806b890381ab894381f6
:1049e40094f86d301a0755bf94f8f2306ff3c3038f
:1049f40043f0010384f86d3058bf84f8f230064662
:104a040017f0a8f801281fd97388628fd4f8cc0056
:104a14009a421abf40f2e2415943002117f0d0f8fc
:104a2400a4f8a800b4f8a82032b17188b2fbf1f35d
:104a340001fb1323a4f8a830204611f096ff20b3fd
:104a44000024204606b070bd0023f3e72868696897
:104a5400aa8902ab03c3a86818609a80204602abf7
:104a64000e2201210df00af904460028e8d0094b72
:104a74000093019401230022ff21ec2001f03cfd6e
:104a8400dfe70224f3e71a24f1e70724efe700bf86
:084a94006c8d0201868d020108
:020000040000fa
:020000040101f8
:104a9c007fb5374b00930446012302226721ec209b
:104aac0001f026fd16f0cefd00285cd1314e337896
:104abc00012b58d02378db071ad4234602a853f8cd
:104acc00032fcdf80a209b88adf80e30b4f80130d6
:104adc00adf8083011f032f950b10b25264b00938c
:104aec00019501230022ff21ec2001f001fd35e0ae
:104afc00242015f061fc002833d1237803f0060341
:104b0c00042b14bf002511251c4b1b78052b2cd80e
:104b1c00002de3d11a4a237813701a4a6178117068
:104b2c00194aa17811702246184952f8030f0860ef
:104b3c0092888a80164a61891180164aa18911804f
:104b4c00154ac3f340011170144ac3f38003137068
:104b5c00134b01203070187016f06cfd284604b011
:104b6c0070bd0025d0e70c25b8e70725b6e700bfd8
:104b7c003aa20201cb34012049a20201c93401201e
:104b8c00ca340120c6340120c53401206833012009
:104b9c00b4340120b6340120cd340120cc340120b2
:044bac00c7340120e9
:020000040000fa
:020000040101f8
:104bb0002de9f04385b0044688460192002635462b
:104bc000dff8f89035e04146204614f0cbfb7b1e21
:104bd000a36323692bb916f0ebf9012005b0bde8fa
:104be000f08304f1100002f0dbfc0028f3d0334b1b
:104bf0004ff080521a60bff34f8fbff36f8feae719
:104c000016f0d6f90020e9e702a815f035fe1ae003
:104c1000204607f0cffdfcf73dfd09e0204607f0f8
:104c2000c9fdfcf737fd204616f026f8002842d1d2
:104c3000012615f031f8a76b002fc4d1019b002b82
:104c4000ded0002ee0d016f0b3f916f049fc15f0d6
:104c500023f894f844305bb2b3f1ff3f08bf84f807
:104c6000445094f845305bb2b3f1ff3f08bf84f87d
:104c7000455016f09df901a902a809f0b5fa0028df
:104c8000ccd1204615f0f8ff0028c1d0019904f1dd
:104c9000240015f0e1fa204607f08cfdfcf7fafc41
:104ca0000028c5d14ff08053c9f80030bff34f8fb3
:104cb000bff36f8fbce7002090e700bf04ed00e07a
:020000040000fa
:020000040101f8
:104cc0002de9f74f054614f079fa044600286ed016
:104cd0000b21002014f026ff4ff0000c01460028a5
:104ce00070d029230373384bc0f80dc01b68c0f87f
:104cf00011c0a0f815c01b78344a13f0100330d04f
:104d000016680120e646d6e91823b76d3a40f76ddc
:104d10003b4002ea000803ea0e0958ea09034fea99
:104d20004c0b01eb9c030bf0060b14bf012203227a
:104d300002fa0bf20cf1010c93f80db000185ffab7
:104d40008cfc4bea020b4eeb0e0ebcf1250f83f8e8
:104d50000db0d8d1284606f057fa204603b0bde87a
:104d6000f08fd2f800804ff0010c4ff0000e4ff0a2
:104d70000309d8e916020cea00060eea020756ea11
:104d800007020bd101eb93005a0090f80da002f03e
:104d9000060209fa02f242ea0a02427301331cebec
:104da0000c0cdbb24eeb0e0e252be2d1d2e701aba1
:104db00004220c21284601950cf062ffb0fa80f421
:104dc0006409cae70446c8e7f0020020ac010020ed
:020000040000fa
:020000040101f8
:104dd0002de9ff473c4e336890461a788246894653
:104de000002a5ad1b8f1000f02d15b78002b54d0c1
:104df000402003f033f90546202003f02ff9074641
:104e0000002d5fd000285dd0304c14f0f3fa2268fa
:104e1000012313773268514613702846202215f07b
:104e2000dbfb20224946a81815f0d6fb2368b8f111
:104e3000000f1fd0264a9a611b2015f0c3fae0b17b
:104e400016f0c0ff01462846fef756ffa8b92846cf
:104e500011f0fefe384611f0fbfe122402ab0522d3
:104e60001c498df80c4001200bf06bfc204604b06f
:104e7000bde8f08703f11d02dde72368c3e904758f
:104e80000bf0c0fa044648b13368002228461a7075
:104e900011f0defe384611f0dbfe0c240e4b0093c1
:104ea000022201233421ec2001f028fb002cddd06c
:104eb0000a4b0093019401230022fd21ec2001f014
:104ec0001dfbd3e70724e9e7a8010020ac0100207f
:104ed000c41402010105010190b60201248e0201f1
:020000040000fa
:020000040101f8
:104ee00070b590f8fa30856890f8f86088b004469c
:104ef000d3b1394b1a686ff300021a60a3f24c4326
:104f000001461a686ff3db621a60002007f0c8f9e7
:104f10002146002000f002fb94f84730012b03d11a
:104f200004f5c67001f0a6f82c4a00952c4d2d49c9
:104f30000023137084f8fa308df806302b88adf812
:104f4000043008226b4601200bf0fbfb2b88264d1a
:104f500013f0280137d1022e35d094f84720012aca
:104f600031d013f4c27f1ed013f4c07f08bf0121db
:104f7000204607f04bf9d4f8983013b101232b7079
:104f800014e02b70194b94f894201b78013a93424b
:104f90001cda0133dbb284f8543004eb83035b6e1c
:104fa000c4f89830eae72b78002bebd018220021c8
:104fb00002a816f033f902238df8083001238df88a
:104fc0000a3002a803e02b78002befd10020fcf779
:104fd000a7fa08b070bd00bf583e0141e8020020aa
:104fe000c602002000000101c5020020c40200200a
:020000040000fa
:020000040101f8
:104ff000f0b5d0e96cc715290cbf61463946b0f849
:1050000054610d894a89b0f856318c88b1f806e0b0
:10501000b54228bf3546934228bf13460a889442ba
:1050200028bf14464a88724528bf7246b0f85ee031
:10503000ae450bd1b0f862e09e4507d1b0f864e010
:10504000a64503d1b0f866e0964555d01a2d27d86d
:105050001b2590f8e260a0f86050b0f86050a0f80e
:105060005e50132e20d1acf808501a2c22d81b24e5
:10507000a0f86440447ee40626d5b2f5a47f1dd294
:105080004ff4a472a0f86620827ed20627d5b3f52d
:10509000a47f2ad24ff4a473a0f862300120f0bd9f
:1050a000b54228bf3546d4e790f8e460132e08bf18
:1050b0003d81dae7fb2c88bffb24d9e7c988914200
:1050c000e0d2b0f85621dde7b2f5296f02d24ff4f5
:1050d0002962d7e7c9888a4228bf0a46d2e7b3f5d2
:1050e000296f02d24ff42963d6e7b0f856219a42cd
:0c50f000d2d2a0f86220d1e70020d0e767
:020000040000fa
:020000040101f8
:1050fc002de9f3410446d0f86c0100230193c8b1ab
:10510c0001a9d4f8206115f001fd054690b9d4f839
:10511c0074310198db68d96813f0fefe344b984269
:10512c0008d815f0abf906f5a576864202d8314bb6
:10513c00984208d91f250127d4f874612eb9284646
:10514c0002b0bde8f0812f46f6e7d6f8108098f84b
:10515c00033043f0100388f80330f368d968002f4c
:10516c0042d1019813f0d8fe15f088f9224b9842e1
:10517c0095bf1e234ff49673b0fbf3f0b0fbf3f026
:10518c0099bfc0f30c00bc46c0f30c004ff0010cef
:10519c0098f8032094f852e094f8241012f0010fc0
:1051ac0014bf0723012312f0020f18bf0633120796
:1051bc0044bf0233dbb243440ef03f0eda78187171
:1051cc006ef3050202f0bf026cf3c712da705a7963
:1051dc00013922f01f0201f0070142ea102061f3ad
:1051ec00471058713668a9e700208446d0e700bf05
:0c51fc0038feff7fd47e2500c3bf0300f7
:020000040000fa
:020000040101f8
:105208002de9f04786b081460e46174614f0e6fab7
:10521800002871d00468d4f84431002b6ed00021e6
:10522800204611f0c7fdd4f84431804616b11a560d
:105238007e2a07d0002f53d003eb080292f90420ee
:105248007e2a4dd1204613f0b5ff00283ad0d4f875
:1052580044311a7c66f300021a74d4f844311a7c7b
:1052680067f341021a74d4f84421012303fa08f3be
:10527800d375d4f8443100251d7641462046d4f82c
:1052880044a115f0b5fb8af81900204616f0cbfdad
:105298001b4b0093cde90267cdf80490012302224d
:1052a8005421ec2001f026f945b1164b00930195e5
:1052b80001230022fd21ec2001f01cf9284606b04c
:1052c800bde8f08705ab042207212046adf814900d
:1052d8008df816608df817700cf0cefc0546d7e7f0
:1052e8001a7c66f300021a74d4f844311a7c67f306
:1052f80041021a740025cbe70225c9e71a25c7e73a
:08530800d85f0201b17d020132
:020000040000fa
:020000040101f8
:1053100038b5314a137813f001045bd143f001032f
:1053200040f20160137002f099fe2c4d286010b914
:105330000724204638bd2a4b00f5c0626a60596ace
:1053400080b260f30f015962996992b262f30f0162
:105350009961ff204ff4c063ac60c5e9033302f0ec
:105360007dfe68610028e3d01e4bc3e900431e4b5d
:10537000c3e900431d4bc3e900431d4b0e221a70c5
:105380001c4bcd221a801c4b1b221a801b4b02f295
:105390002d121a801a4b4ff001121a604ff4486216
:1053a0005c601a81174b21461822184615f036ff0b
:1053b0008268154b02f0f801144a1c700a4382609f
:1053c0001349042016f056fb0ff0d0ff114816f0d9
:1053d00075fbaee70024ace7c2340120e8010020f1
:1053e0000024014138020020000200203002002089
:1053f0002c02002040020020b0340120b2340120f1
:105400000802002014020020c334012001016104bd
:0854100099b000010d970201a3
:020000040000fa
:020000040101f8
:1054180030b589b00546009101a8694615f096fc9b
:1054280069460df1060015f091fc694602a816f0d0
:10543800d6f969460df1090016f0d1f90622694638
:105448000df10a0015f028fe694604a816f0c7f900
:1054580069460df1120015f079fc694605a815f0aa
:1054680075fc69460df1160015f070fc694606a832
:1054780015f06cfc69460df11a0015f067fc6946d9
:1054880007a815f063fc16f0e7f800283ed1bdf830
:105498000630043b9bb243f6fc72934238d8bdf801
:1054a8000430043b9bb2934232d89df80830012b5c
:1054b8002ed89df80930032b2ad89df81030032bdd
:1054c80026d8bdf81230063b9bb240f67a4293428a
:1054d8001ed8bdf81430063b9bb2934218d8bdf8cd
:1054e8001630b3f5fa7f13d2bdf818300a3b9bb2d9
:1054f800043a93420cd801a8f7f7befe04462846a2
:10550800214610f08ff8204609b030bd0c24f6e78c
:045518001224f4e77e
:020000040000fa
:020000040101f8
:10551c0070b50d463d4c00286ed001f12806304682
:10552c000cf004fc04f6ac73a86a1860aa8d9a807f
:10553c00b4f86c3f43f04003a4f86c3fd4f8683fd8
:10554c0043f48063c4f8683f95f847200b2a05f1b3
:10555c001b0019d840f69203d340db4313f0010330
:10556c0012d1d4f89c2fa97e63f31842c4f89c2f57
:10557c0014f0a0ff282002f09dfcd4f8643f43f403
:10558c000073c4f8643f70bd95f82130032b0ed81e
:10559c00dfe803f00215212ad4f89c3f40f2ff12f9
:1055ac0062f31843c4f89c3f0020fef785fe184bad
:1055bc0018680028e7d1bde8704002f07bbcd4f835
:1055cc009c3f202262f31843c4f89c3f082002f051
:1055dc0071fc0120e9e7d4f89c3f082262f31843e0
:1055ec00c4f89c3f2020f2e7d4f89c3f6ff318439b
:1055fc00c4f89c3f2820eae7d4f8643f60f34923c1
:10560c00c4f8643fbde87040fef756be002401416b
:04561c0054340120e1
:020000040000fa
:020000040101f8
:10562000037813f03f0278d04a1e062a73d8dfe8c9
:1056300002f00a04111b2a3d5500427812f0010fb6
:105640000cbf0121072103f03f038b4265d90131d3
:1056500008447047427812f0010f0cbf0121072166
:105660009207f0d50631eee7427812f0010f14bf31
:105670000721012112f0020f18bf06311207e2d5ef
:105680000231c9b2dfe7427812f0010f14bf0721df
:10569000012112f0020f18bf063112f0080f1cbfd3
:1056a0000231c9b2d206ced50331eae7427812f010
:1056b000010f14bf0721012112f0020f18bf06319c
:1056c00012f0080f1cbf0231c9b212f0100f1cbf3c
:1056d0000331c9b29206b6d51231d2e7427812f040
:1056e000010f08bf012112f0020f1cbf0631c9b221
:1056f00012f0080f1cbf0231c9b212f0100f1cbf0c
:105700000331c9b212f0200f1cbf1231c9b25206c8
:0e57100099d50131b5e7002195e700207047db
:020000040000fa
:020000040101f8
:02571e007047d2
:020000040000fa
:020000040101f8
:105720002de9f0474ff0340a036dd0f8088012fbe2
:105730000afa012906460d46174603eb0a092ad83c
:105740000c200af0c3fd044600285ad0012389f832
:105750002e3086f82f300020a38803f0f80343f49e
:10576000807343f00103a380012d45f48073e3802f
:105770003cd814f031fc244bc4f808801a689b888c
:105780002073c4f80d20a4f81130e7742046bde85a
:10579000f04713f04bba022908d105200af096fd14
:1057a000044670b3012389f82f30d4e7032928d1a8
:1057b00009200af08bfd044618b3012389f82d3027
:1057c000124b39461b6830469847114a114bd2f8a4
:1057d00000c0326dd3f8081152440ceb1141116234
:1057e000d3f810311cfa83f3b362b5e7022dc4f885
:1057f000088001d12773c9e7032d04bfe060277437
:10580000c4e7bde8f08700bf7a330120843401206b
:08581000700200200024014198
:020000040000fa
:020000040101f8
:105818002de9f04194b080460e4613f0dfff0028d2
:1058280068d00568d5f84431741ee7b2002b63d000
:105838003b4493f904207e2a3ed1284613f0bafc53
:1058480070b3d5f844311a7c42f004021a74d5f8c2
:1058580044210123a340d375d5f8443100241c7694
:1058680039462846d5f8446115f0c2f870762846be
:1058780016f0d7fa214b0093022201235321ec2082
:1058880000f038fe44b11e4b00930194012300221e
:10589800fd21ec2000f02efe204614b0bde8f0817a
:1058a80002ab032206212846adf808808df80a606d
:1058b8000cf0e2f90446dde7002441f22102adf8dc
:1058c80008208df80c402a88adf80e2002228df8a9
:1058d80010208df8116093f904208df812201b7b9d
:1058e8008df81440c3f3010302a88df8133011f0aa
:1058f8007bfabfe70224bde71a24bbe72ba6020107
:04590800b17d02016a
:020000040000fa
:020000040101f8
:10590c002de9f04106460f4600200c2114f004f955
:10591c00d6e96c3496f8e4200546112a18bf1c46cb
:10592c00002839d00023f90703733dd56288082a73
:10593c009abf02f1ff33dbb208232373b6f8a83009
:10594c00e38122826368c4f81230ba0704d594f854
:10595c002010638b11bb2382237b6b73e389eb8158
:10596c00238a2b82638a6b82a38aab8215f0f6fba7
:10597c000746002837d000234ff001080c34c371c0
:10598c00014680f80580c460304616f00dfa3046aa
:10599c00294605f033fc4046bde8f081b3fbf1f23b
:1059ac0001fb12329b1ad6e7628b082a9abf02f1ce
:1059bc00ff33dbb2082323737b0711d5a18c4ff681
:1059cc00ff73994206d10123e381e3692282c4f873
:1059dc001230c1e7b6f8a830002b08bf0b46f3e72e
:1059ec00b6f8a830f0e7284616f0a6f93846d3e703
:020000040000fa
:020000040101f8
:1059fc00f8b50468364d0df0b1f9a36f002643f4e9
:105a0c00c073a36731462046c4f89860a67510f0a1
:105a1c0017fb2b68228e62f30f032b602b68628eb0
:105a2c0062f31f432b602b4653f8302d42f00102da
:105a3c001a602b4694f8341053f8042d61f30f229e
:105a4c001a60b4f835101a6861f31f421a60a17e0f
:105a5c00607e06f0f7fa1f4b022158690ff0f6f939
:105a6c0015f020fe1c4b02681f882946d21b51f8ea
:105a7c00183d92b262f30f030b60436855f8102d7a
:105a8c00db1b9bb263f30f0220462a6009f046fc35
:105a9c00607e0ff0b9f9a17e012014f070f8617ee0
:105aac00022014f06cf8d4f844215ab13146204647
:105abc000ff070fe10567e2804bf084b93f90100be
:105acc000cf0a8fb94f92c00aff30080f8bd00bfdc
:105adc00603401418c320120700200208a010020c8
:020000040000fa
:020000040101f8
:105aec002de9f04788b090f847308df8043090f8e5
:105afc0022308df80630904690f82430c26b8df829
:105b0c00073090f838308df80a30138a0390c3f3bd
:105b1c00801300248df812808df80b308df8114015
:105b2c0013788df815300c236a4606460d4601a8ed
:105b3c000deb03018df81030faf702fe03a968464d
:105b4c0009f0fcfd4ff0010a6a46814603a901a841
:105b5c008df811a0faf7f4fd03a9684609f0eefde3
:105b6c000d236a4603a9074601a8adf810308df83d
:105b7c00128003968df81540faf7e2fd03a96846ea
:105b8c0009f0dcfd6a4603a9804601a88df811a036
:105b9c001ffa89f9faf7d4fd03a9684609f0cefd7e
:105bac00a9450bd2e91b89b21ffa88f80134884544
:105bbc00e4b203d2091a89b20029f7d186f84c4015
:0e5bcc0086f84e7086f8510008b0bde8f087ec
:020000040000fa
:020000040101f8
:105bda0030b587b00546019102a801a915f0b5f8bc
:105bea0001a90df10a0015f0b0f801a903a815f0f2
:105bfa00acf801a90df10e0015f0a7f801a904a847
:105c0a0015f0a3f801a90df1120015f09ef801a9eb
:105c1a0005a815f09af8bdf80810002012f07df9d1
:105c2a0048b112242846bdf80820214613f0a7fbe4
:105c3a00204607b030bdbdf80a10012012f06df9f8
:105c4a000028eed1bdf80c10012012f066f90028e8
:105c5a00e7d1bdf80e10022012f05ff90028e0d15a
:105c6a00bdf81010032012f058f90028d9d1bdf858
:105c7a001210042012f051f90028d2d1bdf81410e4
:105c8a00042012f04af90028cbd1bdf80e30bdf835
:105c9a000c200133520913fb02f3bdf810209bb20a
:105caa009a42bed3bdf8080013f097fd20b102a8ae
:0c5cba0008f001fd0446b5e70224b3e742
:020000040000fa
:020000040101f8
:025cc600fee7f7
:020000040000fa
:020000040101f8
:105cc80030b50388132bc3b0044620d041f20a0232
:105cd80093422cd0052b45d10579002d42d1c0889f
:105ce80011f00eff58b12f4bc5701a681378013b9d
:105cf800dbb213701bb11821b1fbf3f35370e088ca
:105d080013f098f908282dd011f012ff2ae0c08866
:105d180011f0f6fe30b3227a83789b1a214adbb25f
:105d28001268837052789a421cd843b030bd037908
:105d3800c3b91c4a126802f16f0100bf11f82300b1
:105d480040bb02eb8303e188a3f86c104ff4807129
:105d5800a3f86e1013780133dbb213701821b1fb6e
:105d6800f3f353702188104a002300bf32f8230050
:105d7800884213d102eb8303211d9b788df80430f0
:105d8800442202a814f024fc064b1b6801a85b6897
:105d98009847cae70133082bd0d1e3e70133202b1a
:0c5da800e4d1c2e78c340120e8e00101e6
:020000040000fa
:020000040101f8
:105db40053594e433a73796e6365643d25642c668a
:105dc400703d25642c7061726156616c69643d2577
:105dd400640053594e433a737461727420746f2093
:105de40073796e63210053594e433a706172616d49
:105df400313a73796e6348616e646c653d25642c39
:105e04007068793d25640053594e433a706172615c
:105e14006d323a636c6b553d3078256c782c657621
:105e240074436e743d307825780053594e433a706c
:105e34006172616d333a7061496e74657276616c3a
:105e44003d307825780053594e433a706172616d44
:105e5400333a6f66667365743d307825782c756eb9
:105e640069743d307825780053594e433a77696e0a
:105e740064576964656e556e69743d256c75287543
:105e840073290053594e433a63757272656e7420d8
:0b5e9400636c6b553d3078256c780086
:020000040000fa
:020000040101f8
:105ea00030b58db00546029105a802a915f09bfcfe
:105eb00002a90df1160014f04dff032202a906a855
:105ec00015f0eef8032202a90df11b0015f0e8f819
:105ed00002a90df11e0015f086fc02a90df11f00ac
:105ee00015f081fc02a908a815f07dfc062202a984
:105ef0000df1210015f0d4f802a90df1270015f0dd
:105f000072fc02a90aa815f06efc02a90df1290085
:105f100015f069fc02a90df12a0015f064fc02a934
:105f20000df12b0015f05ffc02a90ba815f05bfc2e
:105f300002a90df12d0015f056fc02a90df12e005d
:105f400015f051fc02a90df12f0015f04cfc05a82d
:105f50000df048fd044628b90df1070105a8f3f737
:105f600053f90446234603aa2946022010f017f8e5
:105f7000029038b102a89df8071015f039fd03a86a
:0a5f800015f0cefa20460db030bd3a
:020000040000fa
:020000040101f8
:025f8a00fee730
:020000040000fa
:020000040101f8
:105f8c0070b40401354d25442d7b04f1824404f595
:105f9c00804494f84e4014f0030f02d1edb2002d62
:105fac0055d1040104f1824505f58045032685f899
:105fbc004e602a4d254401262e73294d2c5b14f47a
:105fcc00806f19bfc91805eb0014254c04eb0014a5
:105fdc0061600101224c615a11f4006f27d01a4400
:105fec0004eb00118a601e4902018c18895a9bb27d
:105ffc00c1f301210b419bb2638002f1824303f593
:10600c0080431a6c42f002021a641a6c12f47f4f2d
:10601c001fd193f8463013f0400f1dd111490c6974
:10602c00012202fa00f323430b61104612e00d49e2
:10603c00498811f4404f04d1094901eb00118a60e1
:10604c00d1e71168064a02eb00129160cbe7002001
:10605c0000e0012070bc70470120fbe7b831012043
:08606c009831012000400041c1
:020000040000fa
:020000040101f8
:10607400f7b5064648b9324b009305230246194644
:10608400ef2000f039fa03b0f0bd13f0b1f914f0c9
:1060940027f9337a9b0605463ad513f003fa347a86
:1060a400284b6ff34514347214f0070418bf01240d
:1060b400194653f8242096420ed1234a1278a2425c
:1060c400326819d1736841f824201f1a44bf03f1c0
:1060d40080531f1a012f0cd81c4b53f83420194637
:1060e4006ab91b4b009311460523ef2000f004fa14
:1060f4000ee006f049fdefe743f82420ece7b24256
:1061040013d1326843f8342012b903ebc404646039
:10611400284603b0bde8f04013f0b2b91a4623b9db
:106124000c4b009301210523dfe71368b342f5d13b
:1061340033681360002bebd101ebc4046260e7e722
:10614400c8b0020150330120be34012008330120bd
:08615400494802016148020103
:020000040000fa
:020000040101f8
:10615c0073b503790193354d354b0093022201231e
:10616c000f210446ec2000f0c3f92868f02104301c
:10617c0015f06efc064615f06dfa002849d11eb1db
:10618c0096f8f830002b44d12388203b9bb244f680
:10619c00e072934248d86388203b9bb2934243d829
:1061ac00637b002b40d02868f021043015f050fca4
:1061bc00237980f84730012380f82230617b017607
:1061cc0063884361a37b80f8213063794376a3799c
:1061dc00837654f8073fc0f81b30a388a0f81f3013
:1061ec00002380f8943000bf21fa03f2d20748bf95
:1061fc0090f8942003f1010344bf013280f89420fd
:10620c00032bf1d1012015f00dfa0024204602b029
:10621c0070bd0c24074b0093019401230022ff2135
:10622c00ec2000f065f9f1e71124f3e79801002068
:08623c004a9102016291020186
:020000040000fa
:020000040101f8
:106244002de9f04192b01e464b7906930b790593e4
:10625400cb7804938b7803934b7802930b78019358
:106264002e4b009380460d4617460123022220211f
:10627400ec2000f041f915f0c1fc28b914f086ffb8
:106284000446f0b1072412e0254c23685b6c984760
:1062940060b923689b6c984740b92368db6c9847c6
:1062a40020b923681b6d98470028e7d00c241d4ba8
:1062b4000093019401230022ff21ec2000f01cf93b
:1062c40028e09df8203068f3000360f341038df863
:1062d40020302b68cdf82130ab88adf825303b68f1
:1062e400cdf827307b68cdf82b30bb68cdf82f3044
:1062f400fb68cdf833303368cdf837307368cdf8a8
:106304003b30b368cdf83f3008a8f368cdf843308c
:1063140005f0fafb204612b0bde8f081ac8802011a
:08632400a80100201aaa0201e1
:020000040000fa
:020000040101f8
:10632c0084b070b504ac84e80f00012013f06ef853
:10633c004ff6ff710446012011f088f944f4007106
:10634c00012089b213f074f8049b2a48002b44d026
:10635c00294c2268137813f0030308d15370226878
:10636c00937022681178d38063f382011170234bf0
:10637c0000211970224b01701a88022666f38302e1
:10638c001a8003f5ac620325106865f313401060a6
:10639c00106865f31750106053f8902d61f30002ec
:1063ac001a600ff06afe069d13f0a4ff23681a789a
:1063bc0066f301021a702268079b6d0a40f2712184
:1063cc002846b3fbf1f3138602f0cef923681b8e3b
:1063dc0053b1a81902f02cfa06e00278094b1868a0
:1063ec00002af7d102f0c0f9bde87040002004b0db
:1063fc00704700bffc020020f002002013030020b5
:08640c00c0340141f802002038
:020000040000fa
:020000040101f8
:10641400f8b5cb68477e1e785d78002102460ff000
:10642400bdf9022e0446d37d2ad0042e2cd0012e91
:1064340004d1012b4ff011012dd15176022d2ed014
:10644400042d30d0012d39d1012b4ff0110134d15d
:106454009176212f537e43d1212b31d0d2f8800065
:10646400d2f884106ff4c6754ff49c73284403fb70
:106474000101b1fbf3f003fb1013c2e920301fe06c
:10648400012b4ff01201d7e7012b01d12121d4e7d1
:10649400d17e11b923219176d0e72221fbe7012b8c
:1064a4004ff01201d3e7012b06d1d37e13b9232376
:1064b4009376cee72223fbe721215176012bc8d026
:1064c400d2f844515db1002110460ff067f92b5703
:1064d4002b54d2f84431184423441b7a0372f8bd78
:1064e400212bedd1d2f88000d2f8841003f21713d7
:0664f40000f28d10bbe771
:020000040000fa
:020000040101f8
:0264fa00fee7bb
:020000040000fa
:020000040101f8
:1064fc002de9f041334d1e462b68a2b004460f46e1
:10650c009046002b58d015f067fa002854d115f09e
:10651c0027fa002850d1f20703d52b4b1b68db0759
:10652c000bd4b00703d5284b1b68990705d4720709
:10653c0042d5254b1b685b073ed5244b8df800805c
:10654c001b788df801408df80270002b37d1c4f107
:10655c00ef041f4f04eb84042744384614f042fb2d
:10656c0039460646c4b2024602a814f02ff822abf4
:10657c001e4401343a2306f8803ce4b202ab1819ed
:10658c0029ab289a0193c4f17e01f9f733ff54fa31
:10659c0080f0c0b222ab03440d2203f8802c431cc4
:1065ac0022aa52fa83f302300a2203f8802cc1b2d9
:1065bc002b6802aa6846984722b0bde8f08102a871
:1065cc000024dde7083401200c340120ba3401200a
:0465dc008cb002017c
:020000040000fa
:020000040101f8
:1065e000f0b5324a324885b000231546c158d15023
:1065f0000433102bfad12f4b2f4e1a8842f0010290
:106600001a801a8842f004021a801a8842f00202a4
:106610001a801a8842f008021a801a68d007fcd43f
:106620001a685107f9d41a689207f6d41a68c2f3a7
:10663000c002002af1d1214b1968adf800101846ac
:106640001c4650f8041dc1f30f41adf8021054f878
:10665000041fadf80410194651f8087fadf8067014
:106660002468c4f30f44adf808401b68adf80a3045
:106670000368adf80c300b68adf80e306946134670
:106680000a460878ec5c01332043102b01f8010b1b
:10669000f7d1b6f8a0350a4c6ff30003a6f8a03581
:1066a0000fca84e80f0005b0f0bd00bf1833012009
:1066b00020370120143e014100240141043e0141e4
:0466c00080290141eb
:020000040000fa
:020000040101f8
:1066c40073b505680646012128460ff067f8d5f82a
:1066d4004421104490f904307e2b39d095f82c10c5
:1066e400d2f822205b1a117ac1f3c100dbb203286d
:1066f40042d8dfe800f02f023902d4789c423dd220
:1067040014789c4294bf02240124844228d0c1f30b
:106714004100a042908800d0b0bbd288b5f85c108c
:106724000244c9430a44120412d58df804300622e7
:106734006b461b49009601208df8054009f0ffffc8
:10674400d5f84431d3f822301a7a64f3c4021a72a9
:1067540002b070bd1078984212d99078984209d945
:10676400b5f85c30d380f3e7d07898420ad25078f9
:106774009842f5d30124cae70446c6e70024c4e7d7
:106784000224c4e70024c2e764f342011172d5f87d
:106794004431b5f85c20d3f82230da80d8e700bf62
:0467a40006060101e3
:020000040000fa
:020000040101f8
:1067a800f8b5364b04685b6918785f7894f86c30f4
:1067b800e7771646c21062f38203c0f3800200f046
:1067c800030562f3c303001160f30413a57784f88b
:1067d8006c3029b9dbb261f3410384f86c300ce00a
:1067e80094f86c30c3f3801191422ed043f0020329
:1067f80084f86c3020460ff039fb94f86c306ff356
:10680800000384f86c30aeb194f8c43113b11c4b5a
:106818001b787bb994f86c30c3f38002b2ebd31fba
:1068280008d1627f012a05d0e27f8ab943f00103cb
:1068380084f86c30617ee07f0ef034fed4f8983036
:106848001844c4f8980000200be06ff34103c4e734
:10685800204611f0a7fe28b1a36f43f01003a367e9
:106868000120f8bd94f8283023b9032d1cbf01235b
:1068780084f8283094f86c30d8e700bf8c320120b7
:04688800fd020020ed
:020000040000fa
:020000040101f8
:10688c002de9f0411c4693054ad53149314e0b7820
:10689c0083f00107002b56d12f4d2b685ffa83fe36
:1068ac0033689a78187903eb020898f808c0864583
:1068bc0098bf0cf1010c88f808c002f1010c9c4443
:1068cc00d5f800809cf808e0c8f30728404528bf9d
:1068dc000ef1010e8cf808e002f1020c9c44d5f884
:1068ec0000809cf808e0c8f30748404528bf0ef12b
:1068fc00010e03328cf808e013442d681a7a2d0e21
:10690c0085428cbf1046501c187232680f709378f9
:10691c0012490433937000231a46184609f00bfff2
:10692c0014f0300f11d00b4b1b681b7803f00303d2
:10693c00022b0ad100231a464ff484311846bde8c5
:10694c00f04109f0f8be064da7e7bde8f08100bfa5
:10695c0013030020f0020020583c01410108010003
:04696c005c3c01414d
:020000040000fa
:020000040101f8
:1069700070b505460e460020182113f0d3f80446e2
:10698000002845d00f2e067343d1d5f8b0311a88b0
:10699000a0f80d205a88a0f80f209a88a0f811209e
:1069a000db88a0f81330b5f8a8304ff6ff72002b43
:1069b00008bf134603834ff0ff33c0f81a30c0f806
:1069c0001e3080f8223080f82330b4f80d20b4f85f
:1069d0000f309a4208bf0023637515f0bdf8a98fe8
:1069e000b5f85030b5f85c200131052813fb01f3f0
:1069f0008bbf03ebc30303eb430302eb430302eb45
:106a000083039bb22846e382214604f0fdfb01206c
:106a100070bd102ed9d1d5f8b4311a8ba0f80d2045
:106a20005a8ba0f80f209a8ba0f81120da8ba0f8cf
:106a30001320b5f8a82002b99a8c2283da8c6283dd
:106a40001a8da2835a8de2839a8d2284db8d638412
:026a5000bbe7a2
:020000040000fa
:020000040101f8
:026a5200fee75d
:020000040000fa
:020000040101f8
:106a540010b5354bdb790c4699068ab041d5334bda
:106a64005a7892073fd51f223e2101a813f004fe55
:106a74000a210090684614f0b9ff2178684614f0a2
:106a8400b5ff6188684614f0b7ff2179684614f0b1
:106a9400adff6179684614f0a9ff0622a118684683
:106aa40014f006fb062204f10c01684614f000fb06
:106ab400062204f11201684614f0fafa218b6846a2
:106ac40014f09aff618b684614f096ffa18b684618
:106ad40014f092ff6846a17f14f088ff01a814f017
:106ae4001dfd0ab010bd1b78db07fad513223e2129
:106af40001a813f0c1fd01210090684614f076ff4f
:106b04002178684614f072ff6188684614f074ffb7
:106b14002179684614f06aff6179684614f066ffcb
:106b24000622a118c7e700bf400100203801002059
:020000040000fa
:020000040101f8
:106b340006040000192102011d040000573e020151
:106b4400480c0000b56b0201490c0000f1a80201d9
:106b54007b0c0000811802017c0c0000dd060201a0
:106b6400051400002f370201022000006d510201bc
:106b74001320000079760101152000007121020123
:106b8400162000003d1902011c200000df1802013c
:106b940020200000db5b0101212000009b19020181
:106ba4002220000043c8010123200000ad5102014e
:106bb400242000007d3702012f200000a91e0201bd
:106bc40030200000031f020131200000e512020101
:106bd4003220000095aa01016d200000ef47020158
:106be40076200000859f0101772000003f100201fc
:106bf4007820000017a6010179200000b51a0201cf
:106c04007a2000003d0902017e200000259c01013c
:020000040000fa
:020000040101f8
:106c14002de9ff410746009101a8694614f0e1fd02
:106c240069460df1050014f0dcfd69460df106001e
:106c340014f0d7fd062269460df1070014f02efa70
:106c440069460df10d0014f0ccfd9df80d3003f0f4
:106c54000105990748bf01355a0744bf0135edb214
:106c64005b0741d0002d41d0280115f0d2f8002651
:106c7400804604462046694614f06af8a01c69461a
:106c840014f066f8201d694614f062f8a01d6946e8
:106c940014f05ef804f10800694614f059f804f1a0
:106ca4000a00694614f054f8013604f10c006946f0
:106cb40014f04ef8f6b204f10e00694614f048f8e8
:106cc400b54204f11004d5d1414601a8f0f718feed
:106cd4000446404615f09ff8384621460ef0a4fcc1
:106ce400204604b0bde8f0811124f5e71224f3e74f
:020000040000fa
:020000040101f8
:106cf4002de9f04790f82c5004460f46002d63d13f
:106d0400037b002b14bf4ff004094ff001092e46fa
:106d14004e4514d3786801f09ff9606270b33b6804
:106d2400a3617b68a28ae36140f271235343236326
:106d34004ff47a736363002334211a4628e0236de9
:106d440038684ff0340816fb08f803eb080a01f022
:106d540083f9caf81c00236d4344db6963b101362f
:106d6400f6b2d5e7226d342305fb0323d86908b1b5
:106d74000ff06cff0135edb24d45f3d307252846de
:106d8400bde8f08713fb01f0266d01333254dbb20a
:106d94004b45f7d3a37dda0714d513f0020f0cbfcc
:106da40002230423012084f8203084f82c000221db
:106db40007f018f804f14803044a0021204607f0bc
:106dc40051f8dce70123ede70025d8e78527010129
:020000040000fa
:020000040101f8
:106dd40030b50b4689b00c680c2810d8dfe800f0f9
:106de40007160f0f1a34386456525a0f60008a6817
:106df4004968003218bf0122204607f085ff0021b0
:106e0400204609b0bde8304002f046bd20460bf0f4
:106e140001fff4e7012194f8500012f06df8637853
:106e2400db07ecd5a06828b1837843f008038370ae
:106e340004f0d2fd204612f0c1fc94f85000002268
:106e4400214614f0d6ffdae720460df0d9fad6e74a
:106e54002278032ad3d14d6894f850004ff40011de
:106e640012f04af8236f8df81450cde9033408abbf
:106e740013e903008de8030003ab0ecb656f02201a
:106e8400a847bce72046f9f72ffdb8e78a681879c8
:106e94002146d6e7002249682046f9f783fbaee78e
:106ea40003200cf0a7feaae7204612f063fca6e735
:020000040000fa
:020000040101f8
:106eb4001fb5044612f03eff94f85030012b23789e
:106ec4000194cde902302dd12d4b009302231a46b3
:106ed4008521ec20fff710fba3785b0707d5294b2e
:106ee400009302231a468521ec20fff705fb0df0e1
:106ef40019fe2378012b30d194f85030012b224b0a
:106f040005bf1a6894f851301b68313314bfd3f8a5
:106f1400f00152f8330070b9002411f0c1fe20468c
:106f240004b010bd194b009302231a468621ec20ad
:106f3400fff7e2fadbe78268036894420bd120464c
:106f440004f04afd204608f039f963786ff3000332
:106f540063700124e1e71846dde7023b012b09d801
:106f6400a378012243f02003a370114620460cf0bd
:106f74009dfad1e704f13800fff77af8e2e700bfa1
:106f840048f1010176f10101600200208ef1010156
:020000040000fa
:020000040101f8
:106f9400f0b5324f324d3c6814f0040f5ad000283b
:106fa4004ed12d6895f83c62002e48d057f8144f06
:106fb4002c4f641a611e21f07041b9423fd84ff042
:106fc400884c40f27121dcf8407061436ff41c740a
:106fd400214407f4405740f60754b7f5005f0cbf4f
:106fe40027464ff4126749081f4cb4fbf2f43c44a3
:106ff400a14224d9091bdcf8404004f44054b4f500
:10700400005f09d195f8304234b14ef28f24a14289
:1070140015d9a1f5624190394ff47a77b1fbf7f0b5
:1070240007fb101102fb00f44a43b4fbf7f40e49ca
:10703400b2fbf1f214441c44c5f844423046f0bd9e
:107044002a680a48d2f84442e41a84428cbf0020d9
:107054000120f4e72b6893f83c02f0e7203e01415d
:1070640060020020feffff0740420f00feffff7f8b
:020000040000fa
:020000040101f8
:1070740054543a6d73674964203d20307825303488
:10708400582c646576203d203078253038580043ec
:107094004f4e4e3a41636c5478446f6e653a48647f
:1070a4006c3d3078253034782c6c656e6774683d9f
:1070b400257800434f4e4e3a4374726c50647552b7
:1070c40063763a48646c3d3078253034782c4f70c0
:1070d400436f64653d3078257800434f4e4e3a4cfb
:1070e4004c206465736320616c6c6f632066616916
:1070f4006c3a2530327800434f4e4e3a4461746105
:107104005263763a48646c3d3078253034782c6c80
:10711400656e6774683d256400434f4e4e3a4143a3
:107124004c206465736320616c6c6f6320666169d5
:107134006c3a2530327800416e63686f72204d6f6f
:0e71440076653a48646c3d307825303478002a
:020000040000fa
:020000040101f8
:1071520030b58db00546029105a802a914f042fb94
:1071620002a90df1160013f0f4fd032202a906a8ec
:1071720013f095ff032202a90df11b0013f08ffffc
:1071820002a90df11e0014f02dfb02a90df11f0042
:1071920014f028fb02a908a814f024fb062202a975
:1071a2000df1210013f07bff02a90df1270014f06d
:1071b20019fb02a90aa814f015fb02a90df1290076
:1071c20014f010fb02a90df12a0014f00bfb02a926
:1071d2000df12b0014f006fb02a90ba814f002fb20
:1071e20002a90df12d0014f0fdfa002305a8adf857
:1071f2002e300cf0f6fb044628b90df1070105a864
:10720200f2f701f80446234603aa294602200ef0ab
:10721200c5fe029038b102a89df8071014f0e7fbf2
:0c72220003a814f07cf920460db030bd2c
:020000040000fa
:020000040101f8
:02722e00fee779
:020000040000fa
:020000040101f8
:107230002de9ff412e4e2f4c2f4b226800933368cf
:1072400003922e4a029307460192002b3bd02368fb
:1072500033b94ff4487014f0defd2060002838d0b8
:10726000274d2b68a84623b9102014f0d4fd2860c0
:1072700078b33368029323680393224b3a685a60c9
:1072800000210df1040c02ae6c460f46d8f8003018
:107290000b44c3e900730020bcf8002082421cdcd0
:1072a000083110290cf1020c06f1040604f1020465
:1072b000ecd1154b1a46002142f8081fc3e9001310
:1072c000da60012006e0902014f0a5fd306000286f
:1072d000bdd1002004b0bde8f0813568228800fbf4
:1072e00002520130576017605d682a605a60d3e728
:1072f000fc330120f43301200c0028000c001400a2
:0c730000f8330120800100207001002003
:020000040000fa
:020000040101f8
:10730c00304b70b500251d702f4b80241c802f4beb
:10731c001d802f4b302628464ff6ff711e8010f033
:10732c0095f94ff6ff71012010f090f94ff6ff71af
:10733c00022010f08bf9274b03f5d952118864f316
:10734c000f011180918865f30f01918003f5d952db
:10735c00118966f30f01118103f5d9514ff6ff72b4
:10736c00088a62f30f00088203f5d951888a62f308
:10737c000f00888203f5d95103f5d853088b62f3bb
:10738c000f000883998962f30f019981124b4ff416
:10739c008052c3f88420bff34f8fbff36f8f83f8f5
:1073ac002c43c3f884215a605200c3f88420bff3e5
:1073bc004f8fbff36f8f83f82d43c3f884215a602e
:1073cc0070bd00bfbd340120a8340120aa340120b7
:0c73dc00ac3401200024014100e100e07d
:020000040000fa
:020000040101f8
:1073e80070b50646682014f012fd2e4c2e4d206014
:1073f8006822002113f00eff642014f008fd6422b7
:107408000021286013f006ff2b684ff461729a84fc
:107418002368ff221a702368f9225a702368012210
:107428009a7023680822da7022689188137941f4e7
:10743800d8719180f1075cbf63f0410313710c238d
:1074480082f844304ff0ff301f2140f20773c2e941
:107458001601c2e91801a2f809302b6800204ff084
:10746800884183f82e00096c01f44051b1f5005fa2
:1074780014bf07210146d17211735a6902f0f8014d
:107488000a4a0a43c3e90520094ac3e91022c3e9a5
:107498001222c3e91422c3e91622064b064a5a618e
:1074a80070bd00bfac010020a8010020010100054b
:0c74b80037be020170310120993a010139
:020000040000fa
:020000040101f8
:1074c400f0b58db0064607924b7906930b79059378
:1074d400cb7804938b7803934b7802930b780193c6
:1074e4002b4b00930c46012317462c210222ec203f
:1074f400fff702f800238df8273014f07ffbf0b17a
:10750400244d2b685b6c984750b10c25224b00939b
:10751400019501230022ff21ec20fef7edff34e06a
:107524002b689b6c98470028efd12b68db6c98473d
:107534000028ead12b681b6d98470028e5d19df8f7
:10754400283006f0010666f300038df8283023681e
:10755400cdf829300df12701a388adf82d300aa804
:107564000cf01cf805460028d0d19df8283066f3ad
:1075740000038df828302368cdf829303946a388d4
:10758400adf82d300aa803f075ff28460db0f0bd04
:0c759400285f0201a80100201aaa0201d1
:020000040000fa
:020000040101f8
:1075a00038b5c368dc68a36ae169226a8a60e16968
:1075b000516004f118015a688a4204bf226a5a6075
:1075c0000022a2621a68013a1a60254b1b68002b40
:1075d0003ad16369a168e2688a60a1685160211d9f
:1075e0005a688a4204bfe2685a60002262611a68df
:1075f000013a1a60e36a1b48056801229a402a434f
:107600000260194a03eb830302eb83035b68a36008
:107610009868e06041609960e06a81000b189b0007
:10762000d5186561014452f821100131d15011f093
:1076300021fa0e4b1b68e26adb6a9a4283bf012083
:107640000b4b1860002038bd0a4b5a68e261906805
:10765000206241609160a3621a6801321a60e8e713
:10766000b0330120b8330120502f01209c3301207a
:08767000d4330120cc320120cb
:020000040000fa
:020000040101f8
:1076780030b587b00546019102a801a913f066fb51
:1076880001a90df10a0013f061fb01a903a813f089
:107698005dfb01a90df10e0013f058fb01a904a828
:1076a80013f054fb01a90df1120013f04ffb01a9cf
:1076b80005a813f04bfbbdf80810002010f02efcb5
:1076c80038b11224284621460df0acff204607b0f9
:1076d80030bdbdf80a10012010f020fc0028f0d1c0
:1076e800bdf80c10012010f019fc0028e9d1bdf8f4
:1076f8000e10022010f012fc0028e2d1bdf8101084
:10770800032010f00bfc0028dbd1bdf80c20bdf8dd
:107718000a309342d5d8bdf810300a215943bdf834
:107728000e305209013313fb02f39bb29942c8dbb6
:10773800bdf8080012f052f820b102a8fdf71ef9b2
:087748000446bfe70224bde77f
:020000040000fa
:020000040101f8
:1077500070b50c2014f05ffb274e284d30600024dc
:10776000046044608460882014f055fb8822214620
:10777000286013f053fd3268134643f8044f9360ba
:1077800000f0ccfe002835d0f023037403f5e2634b
:107790004361072303834ff48073a0f82130ff2354
:1077a00080f82530032380f8943080f847408476b1
:1077b000134814f09bf9134814f09ef9124814f082
:1077c000b3f9124814f080f9114814f0bff91149c7
:1077d000204614f04ff92b680f4a9a650f4ada6673
:1077e0000f4a1a670f4a9a670bf072f80df0f0fa19
:1077f000204670bd0720fce7980100201c340120c2
:10780000d99d02011da3020115950201ad5202018d
:1078100039950201f99d020111e400013dd90001f1
:08782000e1310201199e020191
:020000040000fa
:020000040101f8
:107828002de9f041044696b090460e46fef75af907
:1078380094f84c5000948df8068045b301238df8d8
:10784800053094f84e308df8083000238df8073055
:10785800e36b0c201b788df8093005aa69468df872
:10786800040000f02bfd9df8152094f8361094f8cc
:1078780024000ff071fc00f1860700bf9df8083066
:10788800f61ab6b245b9384616b0bde8f0818df89b
:1078980005508df80860d8e7013d15f0ff051fbfba
:1078a80001238df8053094f851308df808304ff0e9
:1078b80000038df807308df8093005aa4ff00d0345
:1078c80069464ff00c0004bf8df805508df808602c
:1078d8008df8043000948df8068000f0effc9df8d8
:1078e800152094f8361094f824000ff035fc00f5b4
:0878f800e8700744c2e700bf7d
:020000040000fa
:020000040101f8
:1079000070b58cb04b7906930b790593cb780493c3
:107910008b7803934b7802930b7801932b4b009356
:10792000064601230c4602222121ec20fef7e6fd4b
:1079300000238df8273014f063f9f0b1244d2b6843
:107940005b6c984750b10c25224b009301950123a5
:107950000022ff21ec20fef7d1fd33e02b689b6c69
:1079600098470028efd12b68db6c98470028ead1b4
:107970002b681b6d98470028e5d19df8283006f04c
:10798000010666f300038df828302368cdf829300e
:107990000df12701a388adf82d300aa80bf000fee9
:1079a00005460028d0d19df8283066f300038df8f5
:1079b00028302368cdf829300aa8a388adf82d30e7
:1079c00008f07afb28460cb070bd00bfa889020100
:0879d000a80100201aaa02011f
:020000040000fa
:020000040101f8
:1079d80038b5304b304c1a8842f008021a801a88a1
:1079e80042f004021a801a8842f002021a801a88a9
:1079f80042f001021a802278012a02d0022a2fd0ee
:107a080038bda3f5ec731a68d00626d01a68d506d7
:107a1800fcd10df085f8214b214d196829401960da
:107a2800196841f00c01196003200ff07cfb1d4b15
:107a38001a682a401a601a6842f00c021a60002379
:107a48002370bde8384011f029b9013a92b2002af2
:107a5800dcd01968c906f8d0d8e741f28932f8e7ce
:107a6800a3f5ea731a68100710d01a681207d0d065
:107a78001a6802f00f020d2af7d1cae7013a92b24a
:107a8800002af2d019680907f8d0eee741f28932e6
:107a9800f8e700bf303a01415a020020203a01417c
:087aa8008cfbffff283a0141ad
:020000040000fa
:020000040101f8
:107ab00090b484b000af0446084611461a462346e7
:107ac000fb710346bb710b467b7113467b80fb79d0
:107ad00003f1824303f5b0331b88fb81ba797b79cc
:107ae000d31a0133012202fa03f35a1e7b7902faf8
:107af00003f31bb2db431ab2b7f90e3013401bb2cb
:107b0000fb817a887b7902fa03f31ab2b7f90e3057
:107b100013431bb2fb81fb7903f1824303f5b033be
:107b20001a46fb89138000bf1037bd4690bc7047d2
:107b300080b485b000af0346fb710b46bb711346a2
:107b40007b71fb7903f1824303f5b0331b88fb8122
:107b5000fa89b9797b79cb1a0133012101fa03f350
:107b6000591e7b7901fa03f31a407b7942fa03f339
:107b7000bb81bb8918461437bd465df8047b70474e
:020000040000fa
:020000040101f8
:107b80002de9f0418ab01d462f4b01900746009326
:107b9000ec200e469046012302224b21fef7aefc5c
:107ba000384611f01ffe002848d00468204611f026
:107bb00005fbf8b194f8ed30db0741d53368c4f824
:107bc000ff307368c4f80331a4f808812b68c4f847
:107bd000223104f591726b685360ab689360eb6877
:107be000d36020460ef092f860b3002420460ab01d
:107bf000bde8f081336828686968cdf80e30736895
:107c0000cdf8123006ab03c3a868e968adf80c7074
:107c100003c31c22204603ab0521adf816800af0f1
:107c20002ff804460028e0d0084b0093019401236c
:107c30000022ff21ec20fef761fcd7e70224f3e7e6
:107c40001a24f1e70724efe7da870201f687020139
:020000040000fa
:020000040101f8
:107c500038b5d0f8a4410546002c32d0012380f875
:107c6000ac3123790a2b0bd8dfe803f0062c303532
:107c70003c0a40464d0a5200a368188804f0eafb0b
:107c8000254b1b680bb120469847244b1b680bb152
:107c90002046984795f8ac31012b0fd1d5f8a43187
:107ca0001b68c5f8a4311bb905f5d273c5f8a83116
:107cb000a06814f0b2f8204614f0aff8002385f85d
:107cc000ac3138bda068fcf75dfed9e7a368188821
:107cd00005f0ccf9d4e7a3689a885988188801f090
:107ce000dff9cde7a068f9f759f8c9e7a3689978f3
:107cf0001888fdf791fdc3e7a368da7899781888aa
:107d0000fdf782fabce7a368187802f039fab7e702
:107d1000a06801f053fcb3e7a4010020a0010020fb
:020000040000fa
:020000040101f8
:107d200053434e3a7469643d2564005741524e3abc
:107d300045787448644c656e204e6f74204d6174b4
:107d400063686564005741524e3a6164694e6f74ce
:107d5000416c69676e6564005741524e3a6e6f41df
:107d60006464720053434e3a736b697052707428a6
:107d7000636163686548697429005741524e3a54fb
:107d80006f6f4d616e79536563506b74730045522c
:107d9000523a45787448644c656e3d2564004552fe
:107da000523a457874466c673d25640053434e3a19
:107db000736b6970527074286175785068792069a6
:107dc0006e76616c696429005741524e21204155fd
:107dd000585f5343414e5f525350204164647220b8
:107de0004e6f7420436f6e73697374656e742100f7
:020000040000fa
:020000040101f8
:107df0002de9f04f00252f462c4600bf4ffa85f89d
:107e0000984512db4fea430909f1ff3a4ff00008a9
:107e10005ffa88f606eb030e4ffa8efed64528db96
:107e2000484400f8014cbde8f08f4ff0000c02eb25
:107e30000509e64611f80ca019f8016944ea07247f
:107e40000afb06f616fa84f4a4b20cf1010ca64261
:107e500088bf0ef1010e4ffa8cf6b0454fea142799
:107e60005ffa8efee4b2e5da44553c4601357746ca
:107e7000c4e701363d4676b2002700bf4ffa86fcc4
:107e8000634505dc00f80e4008f101082c46bfe709
:107e900002eb0e0cc6f1000b44ea05251cf80bb0f2
:107ea00011f806c00bfb0cfc1cfa85f5adb2ac4515
:107eb00088bf0137ecb2ffb201362d0adee700bf02
:020000040000fa
:020000040101f8
:107ec000324bd3f8602f10f0010114bf42f00102d1
:107ed00061f30002c3f8602fd3f8602f10f00201a5
:107ee00014bf42f0020261f34102c3f8602fd3f8dd
:107ef000602f10f0040114bf42f0040261f382020b
:107f0000c3f8602fd3f8602f10f0080114bf42f0bf
:107f1000080261f3c302c3f8602fd3f8602f10f09a
:107f2000100114bf42f0100261f30412c3f8602f75
:107f3000d3f8602f10f0200114bf42f0200261f34b
:107f40004512c3f8602fd3f8602f10f0400114bf22
:107f500042f0400261f38612c3f8602fd3f8602f1d
:107f600010f0800114bf42f0800261f3c712c3f821
:107f7000602fd3f8602f10f4807014bf42f4807229
:107f800060f30822c3f8602f704700bf002401414e
:020000040000fa
:020000040101f8
:107f900073b5304bdb799a060c4658d52e4b5b787f
:107fa000db0654d54d7e05f11c0013f034ff064668
:107fb00000284cd005f11a02d2b23e2112f05efb2d
:107fc0000d21019001a813f013fd217801a813f0f1
:107fd0000ffd618801a813f011fd217901a813f0ac
:107fe00007fd0622611d01a813f064f8e17a01a8db
:107ff00013f0fefc217b01a813f0fafc617b01a8c1
:1080000013f0f6fca17b01a813f0f2fce17b01a8c0
:1080100013f0eefc218a01a813f0f0fca17c01a86a
:1080200013f0e6fc062204f1130101a813f042f854
:10803000617e01a813f0dcfc2a46e16901a813f077
:1080400039f8304613f06cfa304613f0e6fe02b011
:0c80500070bd00bf40010020380100207e
:020000040000fa
:020000040101f8
:10805c002de9f7432a4bd3f8008018ea000f0446a9
:10806c0038d1002836d0083463071cbf24f007042d
:10807c000834002c2ed0234b1e68a642994629d3d7
:10808c00214b1d686a68a24202d22a68002a34d1a8
:10809c001e4a1268aa421dd02a681f681a606b68b3
:1080ac001b1b102b07f1080704d9281943606c60bf
:1080bc000bf0defc16496a680868b61a864248ea74
:1080cc0002024ff00003c9f8006038bf0e606a600e
:1080dc002b6077b90f4b1b680bb1002098470e4be8
:1080ec0000930194052300220221ef20fef700faf1
:1080fc000027384603b0bde8f0832b461546c1e790
:10810c00e4330120e833012040330120f033012017
:0c811c00ec3301206001002050a902019a
:020000040000fa
:020000040101f8
:108128002de9f7432e4fdff8c09080460b25013d1f
:1081380015f0ff0550d004210deb010008f02efad0
:108148003b685b6b002b3dd13b681b6b002b3ed122
:10815800019c20460ff0acfa0528e8d8e0430ff060
:10816800a7fa0528e3d884ea090010f0fdf80128e9
:10817800ddd9e6b2c4f307239e4206d1c4f3074310
:108188009e4202d1b6eb146fd1d02021204610f0c8
:1081980011fe1828cbd80621a00e10f00bfe0128de
:1081a800c5d9304610f0e0f80228c0d91021a0b295
:1081b80010f000fe0b28bad8019bc8f8003003b0b5
:1081c800bde8f083019898470028bdd0afe7019833
:1081d80098470028bcd0aae7024b0193ece700bf00
:0c81e800a8010020f6782b9dd6be898ee1
:020000040000fa
:020000040101f8
:0481f40011f0f0bdd9
:020000040000fa
:020000040101f8
:1081f80053ec102bc3f30a512de9f04140f2fd7006
:108208004e1e86421d4645d8a1f2ff30002835dbb8
:10821800332831dc284bc0f120084ff0ff3c03fa2b
:1082280008f2a1f21f412cfa00fc10ee104a4ceaa9
:10823800020c23fa01f24cea020c23fa00fe04eacb
:108248000c0605ea0e0724ea0c0256ea070425ea9a
:108258000e030fd0002a73f100040bdb4ff48015d6
:1082680005fa08f425fa01f10c43121925fa00f071
:1082780040eb030343ec102bbde8f081002a73f1b7
:10828800000303db9fed080bbde8f0819fed080bb1
:10829800bde8f0810029efd10a4603f0004343ec22
:1082a800102be9e7aff30080000000000000f03f6a
:0c82b8000000000000000000ffff0f00ad
:020000040000fa
:020000040101f8
:1082c4002de9f04385b00d689df8003095f81a90bb
:1082d40069f300038df800302b461446174653f813
:1082e4001b2fcdf801200e469b88adf80530804643
:1082f400684604f01bfd3279224917f8023b8a5c78
:1083040062f3030343f02003237095f83420003212
:1083140018bf0122dbb262f386132370dbb258b3b9
:1083240043f08003237095f822308df80a3095f8d5
:1083340024308df80b3095f838308df80e303379c1
:108344008df808800c2b0abfeb6b95f837301b8a2d
:108354003a4608bfc3f38013314602a88df80f30a4
:10836400f6f778fea378c3f30502337a1344013396
:10837400637005b0bde8f083b9f1000fd0d169f3a3
:08838400c713cfe780b7020127
:020000040000fa
:020000040101f8
:10838c00f7b52e4b019004460f46009302220123b1
:10839c001121ec20fef7acf813f05cf900283ed16b
:1083ac001f2c47d834b12046fff752fe002843d08b
:1083bc000ef048fc224b1868f021043013f048fbf7
:1083cc00054654b32046fff743fe0646d5f8ac00ed
:1083dc0020b10ef037fc0023c5f8ac3034b1c5f831
:1083ec00ac6022463946304612f0f0f895f8fe3073
:1083fc00a5f8b040db0744bf012385f8fd3095f8a4
:10840c00f8301bb10221284610f082fc012013f039
:10841c0009f90024204603b0f0bd2646d6e70c240b
:10842c00084b0093019401230022ff21ec20fef75e
:10843c005ff8efe71224f3e70724f1e7c2ad02017e
:08844c00980100206291020179
:020000040000fa
:020000040101f8
:10845400f7b52e4b019004460f46009302220123e8
:108464001221ec20fef748f813f0f8f800283ed16a
:108474001f2c47d834b12046fff7eefd002843d027
:108484000ef0e4fb224b1868f021043013f0e4faf8
:10849400054654b32046fff7dffd0646d5f8bc0079
:1084a40020b10ef0d3fb0023c5f8bc3034b1c5f8bd
:1084b400bc6022463946304612f08cf895f8fe30fe
:1084c400a5f8c0409b0744bf012385f8fd3095f80b
:1084d400f8301bb10221284610f01efc012013f0d5
:1084e400a5f80024204603b0f0bd2646d6e70c24a8
:1084f400084b0093019401230022ff21ec20fdf797
:10850400fbffefe71224f3e70724f1e7e4a60201f7
:088514009801002062910201b0
:020000040000fa
:020000040101f8
:10851c0073b54ff4de71002006f040fa05460028d2
:10852c004ed004684ff4de720021204612f070fe2b
:10853c0004f1c803c4f8cc3004f1d003c4f8d4302f
:10854c0004f5ba73c4f8783104f5be73c4f88031fd
:10855c0004f5c273c4f888311b4ba5601a68002659
:10856c002660916861600c6094601a68137801331e
:10857c0013703146182204f5c67012f049fe134be5
:10858c00c4f898511822c4f89431314604f5d270cd
:10859c0012f03efe0e4bc4f8b051c4f8ac310121c0
:1085ac000df1070007f0f8ff9df807102522b1fb2d
:1085bc00f2f302fb131384f85230064b6b60254622
:1085cc00284602b070bd00bf9801002000010100d8
:0885dc0001010300f135020169
:020000040000fa
:020000040101f8
:1085e400304bd3f8842f6ff31f62c3f8842fd3f872
:1085f400882f6ff30702c3f8882fd3f8882f6ff3ff
:108604000f22c3f8882fd3f8882f6ff31742c3f8cb
:10861400882fd3f8882f6ff31f62c3f8882fd3f8fd
:108624008c2f6ff30702c3f88c2fd3f88c2f6ff3c2
:108634000f22c3f88c2fd3f88c2f6ff31742c3f893
:108644008c2fd3f88c2f6ff31f62c3f88c2fd3f8c1
:10865400902f6ff30702c3f8902fd3f8902f6ff386
:108664000f22c3f8902fd3f8902f6ff31742c3f85b
:10867400902fd3f8902f6ff31f62c3f8902fd3f885
:10868400942f6ff30702c3f8942fd3f8942f6ff34a
:108694000f22c3f8942fd3f8942f6ff31742c3f823
:0886a400942f704700240141ee
:020000040000fa
:020000040101f8
:1086ac0070b590f84740052c01d8032c18d1a9b906
:1086bc0000eb8200036f1fe000eb830200eb430131
:1086cc00126fb1f888401168013364f3de31116028
:1086dc00dbb290f894209a42eed870bd0023f8e7f4
:1086ec0014f0fd0327d109bb00eb8200036f1a685d
:1086fc0061f3de321a60c36f1a6861f3de321a60fe
:10870c00ebe71ab200eb820100eb42020c6fb2f8fd
:10871c008860256866f3de352560c96fb2f88e4037
:10872c000a68013364f3de320a60dbb290f89420fd
:10873c009a42e6d8d1e7042ccfd10029b8d0002337
:10874c000de000bf00eb830200eb4301126fb1f8a8
:10875c0088401168013364f3de311160dbb290f8ac
:08876c0094209a42eed8b8e710
:020000040000fa
:020000040101f8
:1087740070b52d4c2268157815f0040553d1517845
:108784002a4b49001e68c9b261f307061e6051787e
:108794001e6801314900c9b261f30f261e60517889
:1087a4001e6802314900c9b261f317461e60517850
:1087b4001e6803314900c9b261f31f661e60517817
:1087c40004315170821c1a4922f070420a60a3f5e8
:1087d4001472c0b2118860f307011180a3f583629b
:1087e400a3f50b73116865f34d3111601a8842f0db
:1087f40001021a8023685a78272a0ad95d702368ef
:108804005a799979013a914202bf1a7842f00402e6
:108814001a7023681a8e013a1a86da790132da71eb
:10882400044b01221a7070bdf0020020503c01413b
:08883400f8020020fc02002004
:020000040000fa
:020000040101f8
:10883c0070b52d4c2268157815f0040553d151787c
:10884c002a4b49001e68c9b261f307061e605178b5
:10885c001e6801314900c9b261f30f261e605178c0
:10886c001e6802314900c9b261f317461e60517887
:10887c001e6803314900c9b261f31f661e6051784e
:10888c0004315170821c1a4922f070420a60a3f51f
:10889c001372c0b2118860f307011180a3f21c425d
:1088ac00a3f50a73116865f34d3111601a8842f013
:1088bc0001021a8023685a78272a0ad95d70236826
:1088cc005a799979013a914202bf1a7842f004021e
:1088dc001a7023681a8e013a1a86da790132da7123
:1088ec00044b00221a7070bdf0020020543c014170
:0888fc00f8020020fc0200203c
:020000040000fa
:020000040101f8
:108904002de9f04115460a7890f807c0064602f0b2
:108914000f00062892b00f4616d80124844014f0a4
:10892400550402d04c78063ce4b241f20201adf8a1
:10893400001001218df80410062837d8dfe800f074
:1089440006073236343630000024eee700218df875
:108954000510196d34230cfb031393f8251039b358
:1089640093f82980404611f0b7fd40f002008df8dd
:1089740006000df1070140460bf088f93b788df8ad
:108984000d4013f0090f0cbf06350025337804950c
:1089940068468df814300ef029fa12b0bde8f08163
:1089a4000221d4e70321d2e70421d0e7ff21cee757
:1089b4002b68cdf80730c2f38012ab888df80620ff
:0689c400adf80b30dae70c
:020000040000fa
:020000040101f8
:0289ca00fee7c6
:020000040000fa
:020000040101f8
:1089cc0070b52e4b5b7a012b02d0022b31d070bdcf
:1089dc002a490d7a51f8252010788872d3789cb2e8
:1089ec008c8102264e72012808d00228efd1013367
:1089fc00043223490120fdf7c3fae8e724b104321d
:108a0c001f49fdf7bdfae2e71c4c012060722a18e1
:108a1c0002402272042354f822201949fdf7b0fabf
:108a2c00a28954f825100332013105200ef006fd01
:108a3c00cde7124c01206072257a2a18024022726e
:108a4c00042354f822200e49fdf79afaa37a012b3d
:108a5c000bd0022bbbd1094b9a8953f82510043249
:108a6c00013106200ef0eafcb1e7a28954f825107a
:108a7c000332013105200ef0e1fca8e700000020d4
:048a8c00280c004072
:020000040000fa
:020000040101f8
:108a90002de9f04104468846274b1d68274b1e6888
:108aa000274b1f68274b1a68002182f8511018685d
:108ab000043010f049ff48b9224b1a6822490b686c
:108ac000d06a0122824023ea02030b60b4f1ff3f27
:108ad0000dd02c441b4b1b685c60a5421ed9194b62
:108ae0001968043138460df0aeffbde8f081b8f1e9
:108af000000feed0154a5168124b18688160186853
:108b00008c68c4601868043060601868043088603d
:108b10001b685a61136801331360e6e7094b196853
:108b2000043130460df08fff094b1b68a34284bf10
:108b3000074b1c60d9e700bfd0330120a0330120d0
:108b4000a43301209c330120b8330120e0320120fe
:048b5000c03301200d
:020000040000fa
:020000040101f8
:108b5400002856d070b50446c26a2b490968c96a10
:108b64008a4245d28169002905db27490968c96a17
:108b7400c1f10501816102eb8202244901eb820209
:108b84006169914205d0204a1268d26ae2620120ea
:108b940036e0251d284610f0d5fe38b91c490b686f
:108ba400e06a0122824023ea02030b60164b1b6831
:108bb400db6ae36216490e68012000fa03f23243cd
:108bc4000a60124a03eb830302eb83035b68a3602e
:108bd4009968e1604d609d60e56aa9004b199b00ae
:108be400d6186661294452f821100144d15007e097
:108bf400054a1268406cd36a98422cbf00200120b9
:108c040070bd0020704700bf9c330120502f01200d
:048c1400b833012050
:020000040000fa
:020000040101f8
:108c180070b5c388013bc2b00446042b1bd8dfe8fb
:108c280003f0031c343a52008368029302a90df141
:108c3800060012f08bf802a901a812f0d0fd029ae2
:108c48009df80410bdf8060001f096f8204ba068c6
:108c58001b681b6c984742b070bd8368029302a9d9
:108c680001a812f073f802a90df1060012f06ef8cf
:108c7800bdf80410029bbdf80620c1f30b00090bd8
:108c8800adf8040005f0eafae0e7017a4ff47c4019
:108c98000cf0c8fcdfe7457ac668237a681c02aa8c
:108ca8004ff47c41c0b20df076f945b12a46314601
:108cb80011f08efc064b1b6830461b6c984702a8c7
:108cc80012f02afcc7e7007a0ff01afdc3e700bfcd
:048cd800580100201f
:020000040000fa
:020000040101f8
:108cdc002de9ff4705460e46144610f085fb00278c
:108cec00294b99461a689200fcd428686968274b6e
:108cfc0003c3a868e96803c330687168a3f1dc0298
:108d0c0003c2b068f16803c2a3f1600aa3f128089a
:108d1c000bf004ffd9f8003043f00063c9f80030c1
:108d2c000ff0baffd9f800309b00fbd4daf8003012
:108d3c00c3f3400353b9164a03ca2060616003cae7
:108d4c00e160e27ba06042b1184619e0b8f800304f
:108d5c0043f02003a8f80030dae72fb110222146a7
:108d6c00684611f025fc58b1206861686b4603c356
:108d7c000137a068e168ffb2052f03c3b0d1012011
:108d8c0004b0bde8f08700bf30340141dc34014150
:048d9c00203401413d
:020000040000fa
:020000040101f8
:108da0002de9f0418cb04b7906930b790593cb7884
:108db00004938b7803934b7802930b780193264ba3
:108dc00000930c460646002501232621ec20904600
:108dd00002228df82650fdf791fb9df828308df882
:108de000275006f0010666f300038df8283023684b
:108df000cdf829300df12701a388adf82d300aa850
:108e00000af0cefb0746c8b99df8283066f3000388
:108e10008df828302368cdf829300df12601a3887c
:108e2000adf82d300aa80af0bbfb41469df826009c
:108e300011f092f838460cb0bde8f081074b019074
:108e40000093c8f80050a8f8045001232a46ff21d7
:108e5000ec20fdf753fbede7c77b02011aaa0201e4
:020000040000fa
:020000040101f8
:108e600030b52a4b2a4c1b68b4f90020588585b0d0
:108e7000998582b1274b1d78d2b2ad1a1d705d78ed
:108e8000ad1a5d709d78ad1a9d70dd78ad1add70fc
:108e90001d79aa1a1a710028ccbf431d431f4ff039
:108ea0000a02ccbfb3fbf2f393fbf2f300291bb22f
:108eb0002380c8bf4a1d4ff00a04d6bf4a1fb2fb29
:108ec000f4f292fbf4f2144c12b2228083b1114af4
:108ed0001478dbb21c44147054781c445470947899
:108ee0001c449470d4781c44d470147923441371b6
:108ef0000a4b0093cde90101012302222b21ec2032
:108f0000fdf7fcfa002005b030bd00bfa80100202d
:108f1000940100208a01002088010020348e020183
:020000040000fa
:020000040101f8
:108f2000f0b585b02a4b019004460d46009302220d
:108f300001236421ec20fdf7e1fa12f091fb0028f7
:108f400044d1012c234e10d03368186874b3042226
:108f50004a2302a9cde90223fdf7ccfe044658bb03
:108f60001d4b5d7008f00efb26e033681f68b97b6f
:108f700011f0fd0110d102a810f0cefe9df80830ce
:108f800053b11224154b0093019401230022ff21b9
:108f9000ec20fdf7b3fa16e0bb7b03f0fd03012bd9
:108fa000d2d112f079fd0028ced1eae706f054f8cc
:108fb000044608b90ff0f2f90cf012fe012012f08d
:108fc00037fb002cded1204605b0f0bd0c24d9e7dc
:108fd00061a60201b0010020bc01002092570201ed
:020000040000fa
:020000040101f8
:108fe00038b50468a36fd90505462bd51a0525d5d4
:108ff00005f056fd294bda6a42f40032da62da6a89
:109000006ff35142da62da6c42f40032da64da6cfd
:109010006ff35142da64da6c42f48022da64da6c7b
:109020006ff39242da6494f96d30002b0bdb637db1
:109030000133637520460ef04ffd15e010f030f956
:109040000028d5d038bda36f1b0605d5e37d012bc5
:109050001ad1284610f0eafb0bf066fda36f23f04f
:109060004003a3670ff01efee37d012b06d1237d95
:1090700013f0180f02d028460bf078fa284600218a
:10908000bde83840ebf7e0bf0bf04efda36f23f0d7
:109090008073a3670ff006fedee700bf00240141e6
:020000040000fa
:020000040101f8
:1090a000f0b587b02b4b0190cde902120746009333
:1090b000ec200e461546012302225021fdf71efa30
:1090c000384610f08ffb00283dd0046894f8ed304e
:1090d0009a063ad5204610f071f8d8b10c20fef768
:1090e000bdff94f8ee30c4f8b0011b07a4f854613a
:1090f00004d440f648039d4228bf1d46fb23a4f834
:1091000056510380204612f03af900b3002420465d
:1091100007b0f0bd204604ab06220321adf8107065
:10912000adf81260adf8145008f0aafd044600280e
:10913000ecd0094b0093019401230022ff21ec2085
:10914000fdf7dcf9e3e70224f3e71a24f1e707244b
:0c915000efe700bf53730201868d02019f
:020000040000fa
:020000040101f8
:10915c0037b5044659bb90f8e2300025032b18bff5
:10916c0080f8e21080f8e350d0f8b00118b10df09f
:10917c0069fdc4f8b051208810f02efb94f8e6304d
:10918c00032b054621d194f8e7102046ecf710fa92
:10919c00d8b1002384f8e630d4f8a431dbb101abac
:1091ac00042219490195032007f0c5fa11e00129a1
:1091bc00e1d10025a0f8e450d0f8b4010028dad0b1
:1091cc000df040fdc4f8b451d5e794f8e630002b0f
:1091dc00e2d003b030bd94f86e309b07f9d594f80b
:1091ec00e350002df5d11221204610f08cff002801
:1091fc00efd094f86e3065f3410384f86e3004239d
:0c920c0084f8e230e5e700bf070601012e
:020000040000fa
:020000040101f8
:1092180030b52c4d2b68da79013ada719a78272a19
:1092280089b0294622d900249c702a689379013391
:10923800dbb2937152799a4218d8012007f0d2fd17
:109248002b681a789c7164f382021a702b681a785a
:1092580064f301021a702046f8f75ef923462246a5
:109268001949012007f069fa09b030bd0b681a786e
:1092780002f00702022af7d11a8e5ab102ab142261
:109288000021184611f0c6ff002200920fc8fdf712
:1092980049f8e9e7d9790029e6d1182202a811f09e
:1092a800b9ff012007f09efd9df8083043f0020346
:1092b8008df8083002a801238df80a30f8f72cf948
:0c92c800d2e700bff00200200007010107
:020000040000fa
:020000040101f8
:1092d40030b501792a4bf1b1012934d01a6842f032
:1092e40080021a60274ad0f80510116052f8041f52
:1092f400407a60f3040111601a6842f040021a6077
:109304001a685106fcd41a685200fcd51e4b186822
:10931400c0f3054030bd1a46058852f80c4f65f37a
:109324000f0414601468458865f31f4414601a68b8
:1093340061f34d321a601a46448952f85c1f64f393
:109344000f011160cae703f500720488116864f321
:109354001f41116003f501724488116864f30f0121
:109364001160116841f4e02111601a6842f400525e
:109374001a601a46448952f8681f64f31f41e0e7f3
:0c9384005434014158340141b03401411f
:020000040000fa
:020000040101f8
:109390002de9f843eff311874ff0200484f311888f
:1093a000bff36f8fbff34f8f856bc46ba54206d39e
:1093b000022b04d0002087f31188bde8f8831d46f6
:1093c0009046044690f8456076b2d0f838901a4638
:1093d00006f022f8b6f1ff3f21d1a36c7bb1022d3c
:1093e00002d1b9f1000f24d1204608f069fe10b374
:1093f000b8f1000f21d00120c8f80000dbe7636a54
:109400000bb90120d7e704f12400fef7c9f8b0b189
:10941000b8f1000f15d00120c8f80000cbe712f01a
:1094200057fa86420fd2013676b284f845600120a1
:10943000c1e70120bfe70120bde70120bbe7012014
:0a944000b9e70120b7e70120b5e706
:020000040000fa
:020000040101f8
:02944a00704769
:020000040000fa
:020000040101f8
:10944c00f8b50301254a9c1800219950e1600125cb
:10945c006573a573e573616004331344a36000283e
:10946c003ad14ff4827012f07bfc1d4e30604ff4f9
:10947c0082752a46002111f0cbfe284612f070fcb2
:10948c0070602a46002111f0c3fe164a536843f45b
:10949c0080335360d369002bfcd1114d00262e7202
:1094ac0001276f7222461049384611f0fbff2a7ac9
:1094bc00042355f822200d493846fcf761fd22465d
:1094cc000b49304611f0eeff21460a4812f0eef936
:1094dc00024b044a1a601e73f8bd00bf1000002036
:1094ec0000000020000c0040afb70201280c004027
:0894fc0011590201497e020131
:020000040000fa
:020000040101f8
:109504002de9f04f047a14f00704034618bf012430
:10951400274850f8346084467eb900ebc4051e60c9
:1095240040f834306b60234840f82430002a3cd0a3
:109534000846bde8f04f03f027bbd3f804a04ff072
:10954400000eaaeb010bb0463746f146bbf1000f03
:109554001ffa8ef5786807db401a002816daddb9a1
:109564001e604cf83430dee7b9f1000f0ed1401a1a
:10957400002809db38680135adb20ef1010eb8469a
:109584000028ecd00746e1e74ff001097868a0eb2a
:109594000a000028eedde2e7d8f800201a6012b9cc
:1095a4000cebc4046360c8f80030bde8f08f00bf62
:0895b4000833012050330120af
:020000040000fa
:020000040101f8
:1095bc0030b5044687b0008810f00ef900284bd067
:1095cc00e2880568a38802fb03336a8f53436289e0
:1095dc00b3eb820f42da95f8f13003f06003602ba5
:1095ec003ed128460ff0e4fdeb6f10b31a0722d5dd
:1095fc001420fef72dfdc5f8b00163880380a38805
:10960c004380e38883802389c38063890381284650
:10961c0008f033ff002814bf00240724114b0093db
:10962c00022201235b21ec20fcf762ff204607b0ed
:10963c0030bd1b0702d4288803f012fd2068616836
:10964c0003ab03c3a06818600c2203ab0a212846a5
:10965c0008f010fb0446e1e70224dfe71224dde703
:08966c001a24dbe7d8ad02016e
:020000040000fa
:020000040101f8
:1096740038b50468294a94f8f430126823f00303d7
:1096840084f8f4300023c4e96c33a4f8e230c4f85d
:10969400e43084f8f2301178c4f8ee30204b84f8ca
:1096a400ed10c4f85431137ad90754bf537a072301
:1096b40084f84231137a9b0754bf937a072384f8c2
:1096c4004331184bc4f850310546014640f202625a
:1096d40004f5ae7011f01ef840f20362294604f559
:1096e400ba7011f017f840f20462294604f5c67006
:1096f40011f010f894f86e306ff3410384f86e3073
:1097040004f5d2720023c4f84431c4f84c31c4f8cf
:10971400a431c4f8a82184f8ac3138bdac010020d0
:08972400fb009042b80bdc05cc
:020000040000fa
:020000040101f8
:10972c002de9f0418ab00468294b0993236f5b0241
:10973c00039340f20113adf80230638f15465a00c3
:10974c0040f27123534306464ff0000820460f4663
:10975c0005938df8008010f059fc628f049040f254
:10976c00e24353438df80170cde90638089645bbaa
:10977c00adf80450029504f1cc016846f9f7e4fd0c
:10978c00237e122b16d1e37da3b994f83700658f95
:10979c0003f2e24358435d4310f035fa00220d4bbf
:1097ac0012f012fb10f072f82a4681b2d4f8cc00f9
:1097bc000af046fed4f8cc0003f0dafc0ab0bde89f
:1097cc00f0812b68adf804306b680293d3e700bfcf
:0897dc00f11d02010088834029
:020000040000fa
:020000040101f8
:1097e40030b585b0294b0093cde9010105460c46ff
:1097f400012302226e21ec20fcf77efe11f026ffed
:1098040000283ed12946224812f0c8f900283ad04f
:1098140004f00303032b1dd029461d4812f0bef9a2
:1098240004f0010303f0ff0223b380f8743014f052
:10983400020304d190f89c200ab180f89d30c4f34f
:10984400400480f89c40012011f0f8fe00242046da
:1098540005b030bd242010f0b3fd0028dcd1112464
:109864000c4b0093019401230022ff21ec20fcf710
:1098740043feece790f874100029d6d080f89d20c0
:10988400d3e70c24ece74224eae700bf2599020160
:089894006033012049a202012a
:020000040000fa
:020000040101f8
:10989c007fb590f85040064634bb294d2b68d3f861
:1098ac00483283b110f042fa296891f850220346ed
:1098bc005ab13246d1f848122046aff300802b68db
:1098cc000022c3f8482204b070bd012081f8500278
:1098dc000092d1f848220393cde901266b46102261
:1098ec00184906f028ffeae7012cecd1144d2b683f
:1098fc00d3f84c32002be6d0002918bf022410f00c
:10990c0015fa296891f85022034652b13246d1f823
:10991c004c122046aff300802b680022c3f84c2277
:10992c00d1e7012081f850020094d1f84c22039326
:10993c00cde901266b461022024906f0fcfeebe74e
:08994c00600200200d01000182
:020000040000fa
:020000040101f8
:1099540013b502460c4611f091fe002847d0262a82
:109964002ad0292a35d0202a43d1234bf1b11b68b0
:10997400da7812f0300f3cd01a7942f001021a71f1
:1099840000241e4b0093022201232d21ec20fcf71e
:10999400b3fd44b11a4b0093019401230022ff212b
:1099a400ec20fcf7a9fd204602b010bd1a6813791b
:1099b40023f001031371e4e70f4b1a68137929b1fb
:1099c400980616d543f040031371d9e723f04003fa
:1099d400f0e7094b1a68537929b1d90709d543f03f
:1099e40002035371cce723f002035371c9e70c243b
:1099f400c7e71124c5e700bfac01002057b202013c
:049a04001aaa020197
:020000040000fa
:020000040101f8
:109a0800f7b5244d2e78012e34d1ac886f88013cef
:109a1800a4b2ac808cbb00f003fc20bb1e4c0cf045
:109a280043fd2278af80022a10d1658875b11b4b9f
:109a38000093b5213346ec200195fcf75bfd42f21b
:109a480010716943201dfaf75dfd2670144b0093d1
:109a5800ba21ec2001230222fcf74cfd11491248df
:109a6800faf750fd06e0234622461049ae8003204f
:109a780006f063fe002003b0f0bd0d4b0093bb2140
:109a8800ec20019433460222fcf734fd054905f128
:109a98000800e5e718320120543201205958020124
:109aa8006f580201008813002032012006010101cd
:049ab8007e580201d1
:020000040000fa
:020000040101f8
:109abc0073b50468638fd4f84451f02b94bf94f9b8
:109acc002c3094f92b3095f913209a4206460edc73
:109adc0094f92c3095f911209a4208dbb4f85c30db
:109aec00d4f844210133a2f8153002b070bdaa7c21
:109afc000121d21a204652b20bf04cfe002a1edd78
:109b0c002b181b7b9907e9d4144b009693f908305a
:109b1c009a42b8bf1a46002a08da284490f9043051
:109b2c0099181031bcbfc3f1f00252b28df8042069
:109b3c006b4605220a49012006f0fdfdcee7cdd08b
:109b4c0029180b7bdb07c9d42b7c03f03003202bab
:109b5c00c4d091f904300f33c0dbd5e78a01002063
:049b6c0005060101e8
:020000040000fa
:020000040101f8
:109b700070b5d0f8ac301e7b182e044602d034d815
:109b8000012e34d8182ee56802d1b3f80f3073b324
:109b90006b7963b311f0e0ffa18fb4f85030b4f8e3
:109ba0005c20052801fb03338cbf12210c2101fb33
:109bb0000323012eab6028d0d6b1182e12d1d4e9e0
:109bc0006c2094f8e260d4f8ac10132e18bf024653
:109bd0009bb29380a1f80f30d4f8442112b107331f
:109be000a2f8153000236b7101e0272e15d070bd4f
:109bf000d4e96c20d4f8ac1094f8e240112c18bfd2
:109c000002469bb2d382cb82ece7d4f8ac20d4f8e6
:109c1000b0119bb2cb805382e4e7c36f43f00103e2
:049c2000c367e4e74b
:020000040000fa
:020000040101f8
:109c240030b585b00546009101a8694611f090f859
:109c340069460df1060011f08bf8694602a811f08f
:109c440087f869460df10a0011f082f8694603a805
:109c540011f07ef869460df10e0011f079f8bdf8a7
:109c64000830bdf8062093422ed36ab3b3f5fa7fc9
:109c74008cbf12240024bdf80a20bdf80c10b2f5e4
:109c8400fa7f28bf1224b1f5fa7f28bf12248b4231
:109c940098bf122402fb0333b3f5fa7fc8bf122422
:109ca400bdf80e300a3b9bb240f6764293420dd883
:109cb4001cb901a8fff780fc0446284621460bf096
:109cc400b3fc204605b030bd1224d4e71224f4e7d7
:020000040000fa
:020000040101f8
:109cd40080b485b000af0346fb71fb791b0443f0ed
:109ce4008072134b1a604ff48073fb6000e000bf76
:109cf400fb685a1efa60002bf9d10d4b5b6803f028
:109d04008003002b01d100230ce0094b5b681b0a84
:109d1400dab2fb799a4201d0002303e0044b5b687a
:109d24001b0c9bb218461437bd465df8047b704784
:109d3400003e014480b483b000af03463960fb7138
:109d4400fb791b0419460c4a3b680b43136000bfa4
:109d5400094b5b6803f08003002bf9d100bf064b6d
:109d64005b6803f08003002bf9d000bf0c37bd46bd
:0c9d74005df8047b704700bf003e014416
:020000040000fa
:020000040101f8
:109d80002de9f341234b0190009380460f46164680
:109d9000012302220021ed20fcf7b0fb1e4d0d2413
:109da00055f8043ba3b9013c14f0ff04f8d140f688
:109db0000343984514d1194b194a1a60194b9b68f3
:109dc0005bb132463946204602b0bde8f041184743
:109dd0003146404698470028e5d002b0bde8f08102
:109de000b8f57c4f07d10f4b9b68002bf5d032465e
:109df00039460120e8e70c4b009301231946022263
:109e0000ed20fcf77bfb0121404602b0bde8f041ac
:109e10000bf00cbc78a00201c80000203c370120e8
:0c9e2000545352480001002083a00201ae
:020000040000fa
:020000040101f8
:109e2c0030b500eb81048bb0d4f8d050a5bb0992af
:109e3c0029bb40f271225a438df80310069240f26e
:109e4c000133adf80030182303fb01033431d3f890
:109e5c009c50d3f8a03004930022c3688df80220e4
:109e6c0000eb81016846059507920893f9f76cfaa7
:109e7c00d4f8d00008b103f07bf90bb030bd01234e
:109e8c008df80330182303fb01030695d3f8a83093
:109e9c0003934ff44073d4e70023cde900330293ce
:109eac0070238df80030182303fb01012846d1f8ec
:109ebc00a8300393d1f8a0300493d1f89c300593cb
:0c9ecc00694610f017fed4f8d000d4e76f
:020000040000fa
:020000040101f8
:109ed80073b50468636f628fdb68998891420646a0
:109ee80007d1a08fd988884203d1e08f1989884289
:109ef8000ad0032184f8aa10998891421fbf012231
:109f080022650022a4f858201a7884f837205a8845
:109f180022879a886287da88a2871b89216fe3875c
:109f28002046012206f0d2faa36f628f23f00103c4
:109f3800a367e38f00252046c4f88850db00b3fbf5
:109f4800f2f3c4f8903000f06ef8b4f8bc30009327
:109f58006a46d4f8c03001930c213046fff7e2fb83
:109f680094f86d3065f3041384f86d30a36f23f013
:0c9f7800040343f00803a36702b070bdaf
:020000040000fa
:020000040101f8
:109f840030b589b07f2301910491054601a90df1f3
:109f94000e008df80c308df80d3010f0d9fe01a9ab
:109fa4000df10b0011f01dfc9df80b30013b032b50
:109fb40035d8bdf80e1000200df0b2ff044680bb6a
:109fc400bdf80e000ff00cfc68b30df10d0303aaed
:109fd4009df80b10bdf80e0007f0e2f9234605aa20
:109fe400294606200bf0d9ffbdf80e10049004a8f2
:109ff40011f002fd9df80b1004a811f0f7fc9df878
:10a004000c1004a811f0f2fc9df80d1004a811f036
:10a01400edfc05a811f082fa204609b030bd1124e8
:0aa02400dce71224dae70224d8e793
:020000040000fa
:020000040101f8
:10a02e0070b505460ff081ff6b8fb5f8604040f2ba
:10a03e00e2465e43ab7e122b2bd0222b2dd0112b62
:10a04e0030d100ebc404e6346b7eb5f86400122bfd
:10a05e002dd0222b2fd0112b32d104ebc004e6349d
:10a06e000ff063ffb44224f00042a4eb00004ff067
:10a07e00000394bf341b002496422cbfb61a1e4612
:10a08e00c5f8a400c5f89c40c5f8a060c5f8983086
:10a09e0070bd00eb8404c234d6e700eb041404f563
:10a0ae001974d1e700eb841404f26634cce704eba8
:10a0be008004c234d4e704eb001404f51974cfe71e
:0aa0ce0004eb801404f26634cae7c4
:020000040000fa
:020000040101f8
:10a0d8002de9f0418cb04b7906930b790593cb7839
:10a0e80004938b7803934b7802930b780193204b5e
:10a0f80000930c46054601232521ec2090460222b8
:10a10800fcf7f8f99df8283005f0010565f3000320
:10a118008df828302368cdf829300027a3888df8da
:10a1280027700df127010aa8adf82d3009f034fa8f
:10a13800064698b99df8283065f300038df8283055
:10a148002368cdf829304146a388adf82d300aa8f8
:10a158000bf06efe30460cb0bde8f081054b019067
:10a1680000933a460123ff21ec20fcf7c3f9f1e7fd
:08a17800dc7c02011aaa0201bd
:020000040000fa
:020000040101f8
:10a180002de9f347264e336807461d7bf8b9db7a85
:10a19000ab4201d90135edb2224b1c684ff00008eb
:10a1a0004ff00109ccb9b9f1000f2cd0336820462b
:10a1b0001d733268137b0bb9012f2ed0d27a9a42cd
:10a1c00002d1002f08bf432002b0bde8f08701286c
:10a1d000e2d1002de0d0013ddde7a268137a043b17
:10a1e000012b0bd8d2f800a0504610f021fe38b950
:10a1f000d4f808808146504610f004fe2468d1e768
:10a2000033681d73f7e78df8047001ab0222082153
:10a21000d8f8000007f034fdcbe74320d4e700bfb7
:08a22000ac01002068020020df
:020000040000fa
:020000040101f8
:10a2280030b5234b1a7885b0422302fb03330293df
:10a23800204b1b880393204b1b68186890f82e301e
:10a248002bb302a9fcf752fd1c4b01900546009365
:10a2580002220123aa21ec20fcf74cf9184b1b68b9
:10a26800186890f82e30f3b102a9fcf73ffd154ba2
:10a2780001900093044601230222ab21ec20fcf755
:10a2880039f9072d05d10724204605b030bd0c2526
:10a29800e4e7072cf7d00c2d03d10c2c18bf0024b1
:10a2a800f2e70024f0e7072dedd00c24f3e700bf18
:10a2b800c0340120ae340120b80100202a50020128
:08a2c800b4010020495002011d
:020000040000fa
:020000040101f8
:10a2d00073b5264e264c33681d7f1869202204f57d
:10a2e000ac61b5bb10f078f9b4f8a43043f01003ba
:10a2f000a4f8a430b4f8a43065f3c713a4f8a430cc
:10a30000b4f8a43043f00203a4f8a4303368186909
:10a31000202204f5ac61104410f05ef9b4f8a430ca
:10a3200065f34103a4f8a430b4f8ac3065f38613a8
:10a33000a4f8ac300020f7f7f3f800246b460522b0
:10a340000c498df80440012006f0fbf9204602b0cc
:10a3500070bd10f041f9b4f8a4306ff34103a4f8d4
:10a36000a430b4f8ac306ff38613e1e7ac01002001
:08a37000002401410105010177
:020000040000fa
:020000040101f8
:10a3780070b505460ff0dcfd6b8fb5f8604040f214
:10a38800e2465e43ab7e122b2ad0222b2cd0112b17
:10a398002fd100ebc404e6346b7eb5f86400122bb1
:10a3a8002cd0222b2ed0112b31d104ebc004e63453
:10a3b8000ff0befd24f00043b442a4eb000094bfac
:10a3c800341b00249e4234bf0023f61ac5f89c4073
:10a3d800c5f8a40034bfc5f89c30c5f8a06070bdae
:10a3e80000eb8404c234d7e700eb041404f51974b5
:10a3f800d2e700eb841404f26634cde704eb800462
:10a40800c234d5e704eb001404f51974d0e704eb63
:08a41800801404f26634cbe766
:020000040000fa
:020000040101f8
:10a420002de9f047d0f84c310446884653b990f8ee
:10a43000f23043f0200380f8f2300520fdf70efee5
:10a44000c4f84c01d4f84c1100293bd0d1e9006389
:10a45000002003f01f074ff000094ff0000a4ff0f3
:10a46000010cc0f3850545444fea400e6d780ef0af
:10a47000060e45fa0ef5ab0711d4a0f12005c0f188
:10a48000200e2cfa0efe0cfa05f545ea0e050cfa24
:10a4900000fe4eea090e45ea0a05f146aa460130d9
:10a4a0002528ded1ba450fbfb14594f8f20040f03f
:10a4b000200084f8f200c1f80090d4f84c314fea43
:08a4c00019121a71bde8f087c2
:020000040000fa
:020000040101f8
:10a4c80070b5264c264d236843f0c063236023688b
:10a4d800032043f0006323600cf025fed5f800311b
:10a4e80043f40053c5f80031d5f800319904fbd482
:10a4f8001c4b1e461a689205fcd5236803206ff38f
:10a508005a6323600cf00ffe23686ff3db6323604c
:10a51800d5f8283113f0706ffad1d5f8283113f037
:10a52800e04ff5d1336813f0606f00d170bd236838
:10a53800032043f0006323600cf0f5fd236803203b
:10a548006ff3db6323600cf0eefd23682268c3f32e
:10a558004163013363f35a622260e3e70c3a014135
:08a5680000240141203a0141e9
:020000040000fa
:020000040101f8
:10a5700030b585b00546009101a8694610f0eafba8
:10a5800069460df1060010f0e5fb694602a810f0df
:10a59000e1fb69460df10a0010f0dcfb694603a8f7
:10a5a00010f0d8fbbdf80630bdf8042093422ed33e
:10a5b0006ab3b3f5fa7f8cbf12240024bdf80820db
:10a5c000bdf80a10b2f5fa7f28bf1224b1f5fa7f60
:10a5d00028bf12248b4298bf122402fb0333b3f529
:10a5e000fa7fc8bf1224bdf80c300a3b9bb240f67c
:10a5f000764293420dd81cb901a80bf075ff0446b2
:10a600002846214610f047f8204605b030bd1224f8
:06a61000d4e71224f4e778
:020000040000fa
:020000040101f8
:10a6160030b585b00546019102a801a910f097fb57
:10a6260001a90df10a0011f0dbf801a90df10b00eb
:10a6360011f0d6f801a903a811f0d2f801a90df17d
:10a646000d0011f0cdf80df10e0001a910f07ffb01
:10a656009df80a009df80b200244ff2a26dc9df88f
:10a666000c309df80d108b4220d398421ed30b441c
:10a676009a421bdbbdf8081000200df050fc0028a4
:10a68600bdf808000cbf002412240ff0a8f878b11a
:10a696001cb902a8f9f7cbf804462846bdf80820ed
:10a6a60021460ef06efe204605b030bd1224f4e7ba
:04a6b6000224f2e7a1
:020000040000fa
:020000040101f8
:02a6ba007047e7
:020000040000fa
:020000040101f8
:10a6bc0010b51d481d4c11f0adf91d4811f0b0f945
:10a6cc001c49032010f08eff1b49042010f08aff58
:10a6dc001a49072010f086ff194811f0a7f92146f6
:10a6ec00062010f087ff2146164c072010f082ff41
:10a6fc002146082010f07eff2146134c092010f053
:10a70c0079ff21460a2010f075ff21460b2010f02e
:10a71c0071ff0e4811f032fa0d4811f0b1f90df03d
:10a72c005df9002010bd00bf537c0201f5cd000186
:10a73c007d280201817c0201257c02016bad0201a6
:10a74c00f5be0001699b00011d60000169dc01017f
:04a75c0015fc0101e6
:020000040000fa
:020000040101f8
:10a760002de9f341c36b05460a46998dfbf7bef907
:10a7700095f84c400134e4b2042000eb0410fdf7de
:10a780006dfc82b206463abb1d4b0093fe210123ad
:10a79000ec20fbf7b3fe06f10408670104eb441458
:10a7a0006000fdf75bfcc5f8e800384611f033fbac
:10a7b00004461eb1d5f8e83003b178b930460cf044
:10a7c00047fad5f8e8000cf043fa204611f025fbd3
:10a7d000072002b0bde8f0818046dee7eb6b07445e
:10a7e000de63bc4201d10020f3e7c4f80c802146af
:10a7f00005f5c27011f00cf808f110082034f0e7ec
:04a8000006bd02018e
:020000040000fa
:020000040101f8
:10a804007fb5244b00930546012302226221ec20ec
:10a81400fbf772fe10f022ff00282ed11e4b1b689e
:10a824001c6894f82c30012b27d0ab8803936b88d9
:10a8340002932b780193194b00936321ec2001239d
:10a844000222fbf759feab79a373eb79e3736b88b0
:10a854006382aa88a282934204bf033363822b7863
:10a864006374012626742b7aa3750bf0b7f930466e
:10a8740010f0dcfe002004b070bd0c24084b0093e3
:10a88400ec20019401230022ff21fbf735fe204632
:10a89400f1e700bf62570201b001002072570201c4
:04a8a40092570201c4
:020000040000fa
:020000040101f8
:10a8a80037b505460bf054fe002840d0eb78214c14
:10a8b800013b032b05d8dfe803f0022f31330023d7
:10a8c80023732b7863706b78a370ab78e37095f97a
:10a8d8000c307e2b26d1184bdb782b7395f90c00a6
:10a8e800012507f099fc25710af0a2f9134b009392
:10a8f80004462b4602227821ec20fbf7fbfd44b1ed
:10a908000f4b009301942b460022fd21ec20fbf70e
:10a91800f1fd204603b030bd0123d1e70323cfe783
:10a928000223cde77f2bd9d1034b9b78d5e70724aa
:10a93800efe700bf440200208a010020ee7d0201fb
:04a948000b7e02017f
:020000040000fa
:020000040101f8
:10a94c00f7b504460ef050fdacb36378db0732d597
:10a95c002046fcf7a9fa30b3012318462246002101
:10a96c0001f082f801ab042207210220019405f0ca
:10a97c00e2fe4ff0807194f85000194d0ef0b8fac9
:10a98c0094f850602b68012e1ad1d3f84c720ff04a
:10a99c00cdf9224603463946304600f0cdff2b68f0
:10a9ac000022c3f84c22a06808b1fcf77dfa20699c
:10a9bc0008b111f02cfa204611f029fa03b0f0bdc1
:10a9cc00d3f848620ff0b2f9224603463146002014
:10a9dc0000f0b2ff2b680022c3f84822e3e700bf67
:04a9ec0060020020e5
:020000040000fa
:020000040101f8
:10a9f00020200001ffffffffffffffffffffffff22
:10aa00000000000000000000000000000100000045
:10aa1000ffffffff512563fcc2cab9f3849e17a74d
:10aa2000adfae6bcffffffffffffffff00000000e5
:10aa3000ffffffff96c298d84539a1f4a033eb2d54
:10aa4000817d0377f240a463e5e6bcf847422ce140
:10aa5000f2d1176bf551bf376840b6cbce5e316b84
:10aa60005733ce2b169e0f7c4aebe78e9b7f1afe48
:10aa7000e242e34f4b60d2273e3cce3bf6b053cc94
:10aa8000b0061d65bc86987655bdebb3e7933aaa30
:04aa9000d835c65a95
:020000040000fa
:020000040101f8
:10aa940030b585b00546019102a801a910f058f916
:10aaa40001a90df10a0010f09cfe01a90df10b00a3
:10aab40010f097fe01a903a810f093fe01a90df16f
:10aac4000e0010f045f99df80b1007292fd89df8ba
:10aad4000c20072a2bd89df80a30032b0bd91224fb
:10aae400214628460af0a0fd14b902a8f6f754f945
:10aaf400204605b030bdbdf80e000228efd803f0a3
:10ab040001000143ebd003f002031343e7d0bdf887
:10ab1400081000200df004fa0028e0d1bdf8080068
:10ab24000ef05efe002814bf00240224d8e711248e
:02ab3400d6e762
:020000040000fa
:020000040101f8
:10ab36002de9f341804601910df1010001a910f0c4
:10ab46004ffe01a90df1020010f04afe01a90df118
:10ab5600030010f045fe9df803305a0703f0010686
:10ab660048bf013613f0050f2fd086b3f00011f061
:10ab76004ff9002507460446204601a910f030fe8d
:10ab86000135a01c01a910f0e2f8edb2201d01a9c3
:10ab960010f0ddf80023ae42a37104f10804ebd1f6
:10aba6003b469df803209df802109df80100f8f73a
:10abb6002cfb0446384611f02df9404621460ff08d
:10abc60067fd204602b0bde8f0811124f5e71224a6
:02abd600f3e7a3
:020000040000fa
:020000040101f8
:10abd800224b1b681bb1224b01221a60704710b52b
:10abe8001f4b00221a601f4b1b681b6b1a68b2f1bf
:10abf800a53f03d15a68b2f1a53f25d0194b196872
:10ac08001868343110f08afb174b1b68b3fa83f3ca
:10ac1800dbb2c3f11f03154a9900c81802eb800084
:10ac280044686468446002460832944204bfc168bc
:10ac3800416003eb83030d4a02eb83035b68da6828
:10ac4800084b1a601b6810bd9a68b2f1a53fd5d1b0
:10ac5800db68b3f1a53fd1d1d6e700bfb0330120ff
:10ac6800d43301209c330120b8330120502f012018
:020000040000fa
:020000040101f8
:10ac7800ffffffffffffffffffffffff00000000d8
:10ac8800000000000000000001000000ffffffffbf
:10ac9800fcffffffffffffffffffffff00000000bb
:10aca800000000000000000001000000ffffffff9f
:10acb8004b60d2273e3cce3bf6b053ccb0061d6568
:10acc800bc86987655bdebb3e7933aaad835c65af1
:10acd80096c298d84539a1f4a033eb2d817d03772e
:10ace800f240a463e5e6bcf847422ce1f2d1176bc9
:10acf800f551bf376840b6cbce5e316b5733ce2b9c
:10ad0800169e0f7c4aebe78e9b7f1afee242e34fca
:020000040000fa
:020000040101f8
:10ad1800f0b587b0234b009307460d46164601232e
:10ad280002226a21ec20fbf7e5fb10f08dfc50b104
:10ad38000c241d4b0093019401230022ff21ec20d9
:10ad4800fbf7d8fb29e0194b1b78012bf0d02b68b7
:10ad5800cdf811300df10f01ab888df8107004a8f3
:10ad6800adf815308df8176009f084ffc0b110f008
:10ad780001fa044608b10724dbe72b68cdf8113047
:10ad880004a8ab888df81070adf815308df81760f1
:10ad98000bf016fc012010f04ffc204607b0f0bd68
:10ada8001224c6e756b8020149a20201cb34012099
:020000040000fa
:020000040101f8
:10adb8007fb5224b0193224b86681a681b798df860
:10adc8000d30044602210df10e00cdf809200025b2
:10add80005f0e4fb01a88df80850fef777fa94f81f
:10ade800fa3084f85200012b12d1164b1a6865f319
:10adf80000021a60a3f24c4321461a6865f3db622d
:10ae080028461a6001f048fa21462846faf782fbdc
:10ae18000d4b0e491b88adf80830002501ab082200
:10ae280084f8fa50012001968df80a0005f085fc97
:10ae38002846f6f771fb04b070bd00bfdf4d17c29e
:10ae4800e0020020583e0141c60200200000010136
:020000040000fa
:020000040101f8
:10ae5800f7b50568ec68064644b3ab6f234f43f477
:10ae68008053ab67a388f3b9e2790abbab6f1a07c3
:10ae78000ad5012323716b46082239460120cde902
:10ae8800006405f05afc0ee043f40053ab67b5f8d4
:10ae98005c30a268db4313441bb2002b03dc214661
:10aea80028460ff06bfb2468002cdbd103b0f0bd03
:10aeb800a368b5f85c105b1a1bb2002bf3dc012306
:10aec8009a4223710dd0182aedd121462846fbf766
:10aed8009dfa2846fff74cfaab6f43f40013ab67b3
:10aee800c9e7214628460ef05dfec4e7a00401012b
:020000040000fa
:020000040101f8
:10aef800434d443a53657445787453636e456e61a7
:10af0800626c652c656e61626c653d256400534317
:10af18004e3a445453746f702832290053434e3ac2
:10af2800445453746f702833290053434e3a505495
:10af380053746f702832290053434e3a4454537463
:10af48006172742831292c6475723d25640053435d
:10af58004e3a445453746f702831290053434e3a83
:10af6800445453746172742832292c6475723d25d7
:10af7800640053434e3a5054537461727428312913
:0faf88000053434e3a505453746f7028312900d0
:020000040000fa
:020000040101f8
:10af9800002841d038b5044650f8042c002a02dabb
:10afa80050f8081c01b138bda0f1080522f0004294
:10afb80040f8042c10f090fa54f8041c174a13684f
:10afc8000b441360164a00e01a4613689d42fbd8ea
:10afd80050681418a5420ed06968681883420ed0cc
:10afe8002b60aa4218bf15600e4a1368013313601c
:10aff800f6f74cfbd7e7014451601546ece70a48e1
:10b008000068834206d05b681944696013681b684e
:10b018002b60e6e72860e4e7704700bf8c33012027
:0cb02800303301209833012088330120d0
:020000040000fa
:020000040101f8
:10b03400002846d038b50446426c914238bf1146c8
:10b04400c26a8a4202d0806c012800d038bde16215
:10b05400a0690028a4bfc1f10501a16102eb82022d
:10b06400184901eb820261699142efd1251d2846fe
:10b074000ef068fc38b914490b68e06a012282407a
:10b0840023ea02030b60e36a0f49086801229a402d
:10b0940002430a600b4a03eb830302eb83035b68fe
:10b0a400a3609968e1604d609d60e06a81000b18bf
:10b0b4009b00d5186561014452f821100131d1502b
:0cb0c400c4e77047502f0120b833012072
:020000040000fa
:020000040101f8
:10b0d00010b592b0d0f8d8308df8042001228df848
:10b0e000082090f803218df8092000f58272adf850
:10b0f000061041f20a0411689288adf80040cdf8bc
:10b100000a10adf80e20da8aadf81c201a8badf8c3
:10b110001e205a8badf8202093f82130c3f3421340
:10b120008df8223000f585731a689b88adf81a30c7
:10b13000437ecdf81620012b08d800230493adf8e8
:10b14000143068460bf054fe12b010bd90f8343045
:10b15000012bf2d190f82d305b06eed5034653f863
:0cb16000280f04909b88adf81430eae73b
:020000040000fa
:020000040101f8
:10b16c0070b5d0f8443193f921307f2b92b005465d
:10b17c0040d00426012400bfd5f844319b7f1c42eb
:10b18c0032d020460ff0aeffd5f844311a1893f8a0
:10b19c0021301371d5f844311a18db7f1373d5f8ad
:10b1ac0044311a7c92071fd541f22102adf80020e0
:10b1bc0000228df804202a88adf8062001221044c4
:10b1cc008df8082093f821208df80a20da7f8df86d
:10b1dc000900c2f3010293f820308df80b20684669
:10b1ec008df80c300bf0fefd013e640016f0ff06ee
:0cb1fc00e4b2c1d1012012b070bd00bf50
:020000040000fa
:020000040101f8
:10b2080038b50b7b023b04460d46212b2fd8dfe8cf
:10b2180003f037112e112b2e112e11341b2e111164
:10b228002e2e112e112e11112e112e2e2e112e2ee4
:10b238002e2e2e1190f8f230174943f0040380f8af
:10b24800f23000f5ae700ce090f8e230022b0ed12f
:10b2580094f8f230104943f0040384f8f23004f50e
:10b26800ae70f9f74ff902e0c37d002bf0d0294604
:10b278002046bde838400ff0f8bdc37d012be6e756
:10b2880090f8f23043f0040380f8f230c38f42f2b2
:0cb2980010715943d5e700bf005a620254
:020000040000fa
:020000040101f8
:10b2a4002de9f843224b1b78012b05460e4628d185
:10b2b400204b1f684ff6ff797c1c07f2f5181dbb65
:10b2c40014f8010ca0f1ff03584258414e452bd00d
:10b2d400b4f8073008b1b34214d00a34a045eed113
:10b2e40015490b7803eb830207eb42021681a5b9db
:10b2f400ff20107001333220b3fbf0f200fb123355
:10b304000b700020bde8f8830622294620460ff082
:10b3140053f9b0fa80f04009d8e72868c2f8010070
:10b32400a888a2f80500e5e70028d6d0eae700bf20
:0cb33400bc01002038340120c13401208d
:020000040000fa
:020000040101f8
:10b340002de9f0411f4f3b68002b39d01e4b1c6884
:10b35000984614b90020bde8f081ff20fcf77efe7e
:10b36000054650b9194b1c78002cf3d1012218491d
:10b3700018481a70f9f7caf8ece7627b2169284689
:10b3800008f0f8ff3e68627b217de08a2b46b047db
:10b39000114b1e6896b90c4810f015f8237b43f04a
:10b3a0000403237308f034f8d8f80040002ce4d1eb
:10b3b00028460bf04dfc002ed4d1cbe70126f7e751
:10b3c0000220c8e73c34012038020020c3340120a9
:0cb3d000a086010014020020403401207f
:020000040000fa
:020000040101f8
:10b3dc0073b5054600230df1020101a8adf802304a
:10b3ec000cf026ff95f85230012b18d1019aab6d59
:10b3fc00bdf802101a44b5f854300b449bb240f21d
:10b40c00e1418b42c2f31602019285bfa3f2e243e3
:10b41c000132adf80230adf8023088bf0192114b09
:10b42c00bdf802001b68104e93f82e2203eb42036a
:10b43c00b3f8263203eb90000df002f8019c0444a3
:10b44c003440ec6100212846ecf7e8ff6b7820448f
:10b45c003040e86143f004034002e8656b7002b0d1
:0cb46c0070bd00bf60020020ffff7f00e9
:020000040000fa
:020000040101f8
:10b47800f0b5244e0346006830609a889b79b28004
:10b48800a6f57764b371b4f86c3f43f00203a4f8ef
:10b498006c3fd4f8683f5a008bb00f4630d5756ab8
:10b4a800d4f8683fc5f3026565f31243c4f8683ff2
:10b4b8002722314668460ff08bf89df8003007f0d8
:10b4c800010767f341032722694630468df80030ab
:10b4d8000ff07ef8d4f8683f43f48013c4f8683f4f
:10b4e800d4f8683fdb02fbd4074b1b68272202fb1a
:10b4f80005330020da7a67f34102da720bb0f0bd47
:0cb508000220fbe770330141b802002074
:020000040000fa
:020000040101f8
:10b5140038b5234b1a68a3f24c446ff31f421a60e8
:10b524002268022161f35a622260226842f00062ba
:10b5340022601a6842f400621a601a681105fcd489
:10b5440023686ff35a63236003200bf0eefd236836
:10b554006ff3db632360134b1a685207fcd11a683c
:10b5640012f0380ff8d1104d2b6813f0606f00d132
:10b5740038bd236843f00063236003200bf0d5fd3e
:10b5840023686ff3db63236003200bf0cefd236895
:10b594002268c3f34163013363f35a622260e3e731
:0cb5a400583e0141703e0141203a014137
:020000040000fa
:020000040101f8
:10b5b00010b5046820460ef071fa04f5ae70faf783
:10b5c00059fd94f8f430d4f8b40123f0030384f85f
:10b5d000f43020b10bf03cfb0023c4f8b431d4f8b4
:10b5e000b00120b10bf034fb0023c4f8b031d4f823
:10b5f0004431b3b1d3f8220060b10bf029fbd4f889
:10b600004431002283f8222083f8232083f8242069
:10b6100083f82520d4f844010bf01afb0023c4f86a
:10b620004431d4f84c0120b10bf012fb0023c4f8d4
:10b630004c31002384f8e23084f8e43084f8e630ba
:0ab640002046bde810400cf07dbe6e
:020000040000fa
:020000040101f8
:02b64a00704747
:020000040000fa
:020000040101f8
:10b64c0000b58bb0224b1b7823b1012b0bd00bb068
:10b65c005df804fb0020fdf7f3fe0df0c9f91c4b5f
:10b66c0001221a70f3e74ff0ff3201a919480ff0cd
:10b67c0038fe0028ebd09df80430072be7d801a248
:10b68c0052f823f0b1b601015bb601015bb60101c2
:10b69c005bb60101bbb60101c1b60101c9b601011e
:10b6ac00d1b601010df1050009f04af9cfe70bf015
:10b6bc0095fecce701a80df01cfdc8e701a80df024
:10b6cc0018fdc4e70df105000ff01dfebfe700bf2c
:08b6dc00800000208400002022
:020000040000fa
:020000040101f8
:10b6e4000a100000556a010105000000ed51020135
:10b6f40013000000ed40020108000000194a020195
:10b704000c000000d9260201300000004962020149
:10b71400570000006975020101100000e5cf010126
:10b7240003100000a109020104100000c921020154
:10b7340005100000111b0201061000002df8010184
:10b7440007100000050a02010c1000006d1b020125
:10b75400201000002d2702012110000079f50101bd
:10b764001f1000003541020114100000313a02019b
:08b7740023100000451302013f
:020000040000fa
:020000040101f8
:10b77c0001292de9f0470546894615d021b102294a
:10b78c0017d000231b81ffde00f1c80700f1a804cd
:10b79c00a7b9002628462681494603f0dffb204640
:10b7ac00bde8f0470ef091bc00f1d00700f1b804f1
:10b7bc00eee7c46b04f134072434e9e73b68002658
:10b7cc00ebb9002ee5d0606808b10bf03bfa3046bf
:10b7dc00fcf73efc824660600028dad03f684ff0f0
:10b7ec000008002fd6d03a7bb9680aeb08000ef09f
:10b7fc00edfe3b7b3f6898441ffa88f8f1e71a7b13
:08b80c001b681644b6b2dbe72d
:020000040000fa
:020000040101f8
:10b8140013b51f4b0093022201236821ec20faf791
:10b824006bfe0ff013ff10bb1a4b1a78fab11870a5
:10b83400194b1a4a1b68107004468bb944b1204650
:10b844000ff02bfb012384f85730442384f85a303b
:10b8540001200ff0f3fea4b10024204602b010bd75
:10b8640093f85420012a08bf1c461b68e5e70c4bdb
:10b8740000930c24019401230022ff21ec20faf709
:10b884003bfe00231a460749032004f058ffe4e76f
:10b8940035af0201cb34012060330120c7340120cd
:08b8a40049a2020102030101a7
:020000040000fa
:020000040101f8
:10b8ac00f0b587b0214b009307460d461646012391
:10b8bc0002226b21ec20faf71bfe0ff0c3fe50b1f5
:10b8cc000c241b4b0093019401230022ff21ec203c
:10b8dc00faf70efe26e0174b1b78012bf0d02b68e5
:10b8ec00cdf811300df10f01ab888df8107004a854
:10b8fc00adf815308df8176009f0baf9044608b1a7
:10b90c004224dee72b68cdf8113004a8ab888df803
:10b91c001070adf815308df817600cf0d3fd0120c8
:10b92c000ff088fe204607b0f0bd00bf9cb40201aa
:08b93c0049a20201cb340120f5
:020000040000fa
:020000040101f8
:10b944007fb515461e460446b0b91e4b009302232c
:10b9540001911a467f21ec20faf7cefd029695f864
:10b9640051300193184b009302231a467f21ec2097
:10b97400faf7c2fd04b070bd01280ed1134b009339
:10b98400022301911a467f21ec20faf7b5fd0296b5
:10b9940095f8513001930e4be5e70228ead10b4ba1
:10b9a4000191024600937f210346ec20faf7a4fd9f
:10b9b400029695f851300193064b00932246234694
:10b9c400d4e700bf3afb01014afb01015ffb01011f
:08b9d4006ffb01018bfb010177
:020000040000fa
:020000040101f8
:10b9dc00f8b590f85030234e012b05bf90f851303c
:10b9ec0032683368313314bfd3f8f04152f8334026
:10b9fc00054604b9f8bd09f091f827680df04cf92b
:10ba0c00a3689d422cd109f089f895f85030012b90
:10ba1c00d4e900231ed10ab1536006e095f8511009
:10ba2c00326802ebc102c2f88c31d4e900231a60ef
:10ba3c0095f850203368134493f8f821013a83f8b1
:10ba4c00f82100232b700df027f92046bde8f840b3
:10ba5c000af092b9002adfd13268c2f8f431e4e777
:08ba6c003c46c6e76002002021
:020000040000fa
:020000040101f8
:10ba74007fb50446184689b191f850300191cde95b
:10ba840002328b7813f0040f4ff00c0201ab31d06b
:10ba94001b49f0b9012004f052fe18e0194b1b6851
:10baa4001d1995f8f85195b1012c14d103f5f475cd
:10bab40003f5c0732e6806b1b16829b1cde901144c
:10bac40003924e78b607dcd5083dab42f2d104b000
:10bad40070bd0320dfe7d3f8f031002bf7d09b686b
:10bae400002bf4d059788907f1d4cde901340392bd
:10baf40001ab0c2208210028cdd00220cbe700bfe7
:08bb04000801000160020020ad
:020000040000fa
:020000040101f8
:10bb0c00f8b527220146064620480ef05ffd0ef0e0
:10bb1c003dfa1f4bd3f8682f60f31242c3f8682f1d
:10bb2c00d3f8682f42f480120546c3f8682f00bf83
:10bb3c00d3f8682fc2f30052002af9d1012493f8ec
:10bb4c00681fac40e4b2214383f8681f06f1170369
:10bb5c0006f1270113f8010b10b98b42fad101221f
:10bb6c000c4f3b682b443046da7009f0a3f82722bf
:10bb7c000b2012fb05053868314628440ef026fdd3
:10bb8c003b681a7814431c70f8bd00bf7033014138
:08bb9c0000240141b802002061
:020000040000fa
:020000040101f8
:10bba40037b5214c23788342054627d0022828d173
:10bbb4001e4b1b884ff67f7119401f200af03afd77
:10bbc4000df107010df106000ef0b4fe184b9df8bf
:10bbd40006101b8801f0e80123f0e803194308204c
:10bbe4000af028fd134b9df807101b8801f0030190
:10bbf40023f00303194351200af01cfd257003b000
:10bc040030bd022b01d0ff2bf8d1094b1988082035
:10bc140041f0e8010af00efd064b198821f00301fa
:10bc240041f00201e7e700bfbe020020c20200208b
:08bc3400c0020020bc02002048
:020000040000fa
:020000040101f8
:10bc3c0084b073b507ac84e80e00032822d8dfe883
:10bc4c0000f002262e380c68002384f8cc30012139
:10bc5c002046dde909560ff03df948b194f8cc3097
:10bc6c0043f0200384f8cc302046edf7e9fd09e0e1
:10bc7c000123c4e92f6584f8cd3084f8993020462f
:10bc8c00e7f726fd02b0bde8704004b070470868c5
:10bc9c0090f8cc3043f0040380f8cc30e5e70a6828
:10bcac0092f8cc3043f0010382f8cc30fef706fc5e
:10bcbc00e8e7019101ab04220249012004f03bfdad
:08bccc00e0e700bf04020101e2
:020000040000fa
:020000040101f8
:10bcd40038b51e4c237813f0010534d143f0010329
:10bce40004202370fcf7b8f9e06010b90725284652
:10bcf40038bd0420fcf7b0f920610028f6d00a20f2
:10bd0400fcf7aaf960610028f0d0e368104a1d70be
:10bd1400e3685d70e3689d70e368dd70e368126852
:10bd24009b1a0c4a11689bb263f30f011160062041
:10bd340009490ff08dff094a094b1360094a136042
:10bd44000ff064fcd3e70025d1e700bf8c3201205b
:10bd5400700200208034014121b4020140370120e7
:08bd6400bba6010144370120d8
:020000040000fa
:020000040101f8
:10bd6c002de9f0410c4600258046d1f8ac008f68d7
:10bd7c000af068ffc4f8ac50a4f8b050d4f8bc007a
:10bd8c000af060ffe66bc4f8bc50a4f8c05026b1b2
:10bd9c00b06a0af057ffb562b585e36b1bb102219f
:10bdac00204603f0dbf80021204601f047f8012182
:10bdbc00204601f043f82046022101f03ff8e06be9
:10bdcc0008b110f024f8d4e900236ab15360d4e927
:10bddc0000231a60064b1a681378013b137038461f
:10bdec00bde8f04108f098bbc8f80430efe700bf9d
:04bdfc00980100208a
:020000040000fa
:020000040101f8
:10be000037b590f82530019304461f4b009302226a
:10be100001239f21ec20faf771fbe06bc28940f20d
:10be2000e2435343c4f860311430fcf77df9e36b0f
:10be3000aa209a1c0533917c414002f8011f9a42c6
:10be4000f9d1124be26b1968097b91701b68e26ba8
:10be500053f8601fc2f806101b799372e36b0c4a0b
:10be600000251d76e36b5d82012384f8f930022101
:10be7000204601f039ffd4f8700101f07ff908f095
:10be8000b9fe284603b030bd9aa70201ac010020dc
:04be900055ea00016e
:020000040000fa
:020000040101f8
:10be940010b592b090f8e5308df8042000228df8aa
:10bea400082090f8d8208df809200246adf8061035
:10beb40052f8d91fcdf80a109288adf80e2022222c
:10bec40002fb030341f20a04adf80040d3f8372023
:10bed400b3f83b10adf82010079293f84230c3f347
:10bee40042138df82230034653f8df2fcdf8162085
:10bef4009b88adf81a30037e012b08d800230493e5
:10bf0400adf8143068460af071ff12b010bd837e9c
:10bf1400012bf3d1034653f81b0f04909b88adf813
:04bf24001430efe7ff
:020000040000fa
:020000040101f8
:10bf280070b58ab00b7806934b7805938b78049399
:10bf3800cb7803930b7902934b7901931a4d1b4be2
:10bf48000093064601230c4602221d21ec20faf735
:10bf5800d1fa2b685b6d984750b10c24144b0093b1
:10bf6800019401230022ff21ec20faf7c3fa18e01c
:10bf78002b689b6d98470028efd12b68db6d98479d
:10bf88000028ead10df127022146304604f05af87c
:10bf980030b93146204602f041fd08b90724dde7f3
:10bfa800002420460ab070bda8010020d6880201ee
:04bfb8001aaa0201be
:020000040000fa
:020000040101f8
:10bfbc0001292de9f843804604d9ff2922d000201d
:10bfcc00bde8f8831d4edff878903768002500bf78
:10bfdc0027fa05f000f00304012c0fd105eb450105
:10bfec000622494440460ef0e3fa38b9032303fa1b
:10bffc0005f527ea050535600120e1e70235102d2e
:10c00c00e6d1dce70d4b987810f00100d8d01c6815
:10c01c00002000bf24fa00f101f00302032a08d12a
:10c02c00824024ea02021a609a786ff300029a7036
:10c03c00e2e702301028edd1f6e700bf54340120be
:04c04c00003301417b
:020000040000fa
:020000040101f8
:10c05000234b1a686ff31f721a601a6812286ff365
:10c060001b621a601a461cd002d8112804d07047ef
:10c070002138022824d9704712290cd002d811295e
:10c0800003d07047213902290ad81368162161f3b9
:10c090001743136070471a68172161f317421a603b
:10c0a0007047122909d002d8112903d070472139cd
:10c0b0000229f5d813681a21e9e71a681b21ece771
:10c0c000122909d002d8112903d070472139022939
:10c0d000e6d813681321dae71a681621dde700bff6
:04c0e000683401417e
:020000040000fa
:020000040101f8
:10c0e40010b5026d342301fb032393f82420012aa5
:10c0f40001d0002010bd1a78002afad15a78072af4
:10c10400f7d19a78002af4d0194cd4f8242112f0eb
:10c11400ff0feed193f82c30002bead108f041ff49
:10c12400c378db06e5d504210230f9f777fa002855
:10c13400dfd090f900308278002b437802f01f02a0
:10c1440043ea0223bcbf4ff4967213fb02f3d4f804
:10c154000021a8bfc3eb0313c2f30742a8bf5b00cf
:10c16400c2eb0212b3ebc20f8cbf01200020c1e767
:04c174000024014161
:020000040000fa
:020000040101f8
:10c1780073b50446866803f035fc94f8fa30012b51
:10c1880020d11d4b1a686ff300021a60a3f24c42cb
:10c19800a3f6042311686ff3db6111601a686ff36b
:10c1a8004d321a602146002000f076f82146002022
:10c1b800f9f7b0f994f84730012b03d104f5c670ac
:10c1c800f9f754ffe26b0d490096002584f8fa5000
:10c1d800538a0133538202238df80630084b1b889b
:10c1e800adf8043008226b46012004f0a6fa284670
:10c1f800f5f792f902b070bd583e01410000010107
:04c20800c60200204a
:020000040000fa
:020000040101f8
:10c20c0030b4d0f87431ff2273b1d0f89c409c420a
:10c21c002dd81d7adc68042d25d0052d23d02dbbff
:10c22c002268c2f3411212bbc0f8983090f89410f7
:10c23c00ff2380f8543000f164020023994207d0a8
:10c24c0052f8044bd0f89850a5421cd180f85430c9
:10c25c000f4b90f854201b789a4217d8ff220121db
:10c26c0030bcfcf71dba2268c2f341122ab11b681c
:10c27c00cae731b11b68002bd6d01a7a022af8d83b
:10c28c00d2e7203bf7e70133dbb2d7e730bc70478e
:04c29c00c4020020b8
:020000040000fa
:020000040101f8
:10c2a0002de9f0410746002088460df0b5f8064616
:10c2b00001200df0b1f8054602200df0adf804465e
:10c2c000f7b146f4605189b200200df0b7f898f844
:10c2d000473013f0fd0f01d0042b0fd145f01001b2
:10c2e00089b201200df0aaf86fea04516fea1151ea
:10c2f00089b20220bde8f0410df0a0b82946f0e770
:10c300004ff6ff7138460bf0a7f94ff6ff71012089
:10c310000bf0a2f94ff6ff7102200bf09df93146a8
:10c3200038460df08bf8294601200df087f821469c
:02c33000dfe745
:020000040000fa
:020000040101f8
:02c33200704752
:020000040000fa
:020000040101f8
:10c3340000283ed038b50446c36b002b3bd0006cbc
:10c34400a0fb03230bb1002036e00d460df0a2fc48
:10c354002268216ce36b03fb01f3d018a06000207a
:10c36400a06362605b1a1344e360ff2384f84430e3
:10c3740084f84530a5b923691bb90ef017fe0120d6
:10c384001ae004f11000fbf709f90028f5d00b4b73
:10c394004ff080521a60bff34f8fbff36f8fece7fb
:10c3a40004f110000ef05bfc04f124000ef057fcc5
:10c3b400e3e700207047002038bd00bf04ed00e033
:020000040000fa
:020000040101f8
:10c3c400f0b5214b0a691b6820491b7b057844782a
:10c3d40013f01f0f4368d0780cbf012600268b4250
:10c3e40095bf1e214ff49671b3fbf1f3b3fbf1f348
:10c3f40095bfc3f30c03c3f30c030027012710f00c
:10c40400010f14bf0721012110f0020f18bf0631dc
:10c41400000744bf0231c9b20a4405f03f05d17890
:10c42400137165f3050166f3861167f3c711d170c3
:10c43400517921f01f0104f0070441ea132364f346
:10c4440047135371f0bd00bfac010020c3bf03000c
:020000040000fa
:020000040101f8
:10c454007fb5204b01900546009302220123582109
:10c46400ec20faf749f828460df0baf9064678b3f5
:10c47400046820460cf0a0fe0146a8b194f8f230fe
:10c484001b070ad503ab042213490396032004f0c7
:10c4940056f90024204604b070bd20460ef0bbfcc3
:10c4a4000028f6d1072409e0204603ab0222adf8a8
:10c4b4000c5005f0e3fb04460028ead0074b009338
:10c4c400019401230022ff21ec20faf715f8e1e79b
:10c4d4000224f3e7349c020108060101868d02015f
:020000040000fa
:020000040101f8
:10c4e40008287fb50c4603d00d281bd004b070bdbe
:10c4f4000e6820791d4c8a6801233146edf716f841
:10c504002368d3f84c52002df0d00df013fc3246c2
:10c51400034629460220fff713fa23680022c3f8d2
:10c524004c22e3e7d4e90223087849680393cde970
:10c5340001128df80300fff703fa0c4b1b6800226d
:10c5440083f85022aff300800028cfd103ab02aab6
:10c5540001a90df10300aff30080dde90223019985
:10c564009df80300fff7ecf9ece700bf6002002040
:020000040000fa
:020000040101f8
:10c5740037b5224c056807f089f802f08ffa2023ba
:10c584002b7504f5a3539a896ff3cf329a81b5f8ca
:10c594008c10687e0af062fd01a9d5f8cc000ef07b
:10c5a400b9fa019bc3f3472204f5b0537f201989dc
:10c5b40062f30701198104f5b15306211a6861f386
:10c5c40013421a601a6861f317521a6004f5b052e4
:10c5d400116960f30f011161116960f31f41116169
:10c5e4001a8942f001021a811a6842f010021a6094
:10c5f4001a6842f002021a6003b030bd00240141ff
:020000040000fa
:020000040101f8
:10c60400f0b50468a36fdb0585b005460e461746f2
:10c614000ed506f0d1fb02f041fa08f083faa36fbd
:10c6240023f48073a3670cf03bfb0020f4f776ff40
:10c63400812e11d0822e13d0802e05d108f072faeb
:10c64400402323760cf02cfbd4f8cc3063b128467d
:10c654000df0a4ff05b0f0bd08f064fa4123f0e743
:10c6640008f060fa4223ece703953fb1009703ab6f
:10c6740004220649012005f02fffebe703ab042257
:10c684000249012004f05bf8e4e700bf140401014f
:020000040000fa
:020000040101f8
:10c6940037b5224c056806f0f9ff02f0fff90123d3
:10c6a4002b7504f5a3539a896ff3cf329a81b5f8a9
:10c6b4008c10687e0af0d2fc01a9d5f8cc000ef0eb
:10c6c40029fa04f5b052019b1188c3f3472363f39d
:10c6d400070104f5b15311801a68062161f313426e
:10c6e4001a601a6861f317521a6004f5b0527f2079
:10c6f400116960f30f011161116960f31f41116148
:10c704001a6842f002021a601a8942f010021a8171
:10c714001a8942f001021a8103b030bd002401419c
:020000040000fa
:020000040101f8
:10c72400214b03f5805211896ff30001118103f548
:10c73400d052118b6ff30821118303f5b052d168e5
:10c744006ff35a61d160d1686ff3db61d16003f597
:10c75400b15108686ff3186008601448c16821f08b
:10c764000301c16010886ff30700108090886ff395
:10c7740007009080d1686ff30701d16003f5b052d0
:10c7840011896ff30701118103f5c0524ff44b7106
:10c79400908b03f5c05361f30f0090839a8a61f381
:10c7a4000f029a82704700bf00240141001001412a
:020000040000fa
:020000040101f8
:10c7b40070b505460df06efa95f8454064b2002c4c
:10c7c40019dd05f1240608e06b6aa3b13046faf7d7
:10c7d400e5fe68b9013c64b26cb1ab6c002bf3d0dc
:10c7e400284605f06bfc0028f4d00ff075f8f1e74b
:10c7f4000ff072f8eee7ff2385f845300ef0d6fb14
:10c804000df048fa95f8444064b2002c11dd2b6910
:10c814007bb105f1100606e00ff05ef8013c64b24e
:10c824003cb12b692bb13046faf7b8fe0028f5d09d
:0ec83400f2e7ff2385f844300ef0b8fb70bd2c
:020000040000fa
:020000040101f8
:10c8420030b585b0054603910df1060003a90ef03f
:10c8520080fa03a902a80ef07cfa03a90df10a00de
:10c862000ef077fabdf8061000200bf05afbbdf867
:10c87200081000284ff0050014bf122400240bf00a
:10c8820050fbbdf80a1000284ff0060018bf122412
:10c892000bf047fb0028bdf8060018bf12240cf06d
:10c8a200a0ff90b144b9bdf80a20bdf80810bdf848
:10c8b2000600fcf7f4fb04462846bdf80620214694
:0ec8c2000cf061fd204605b030bd0224f4e705
:020000040000fa
:020000040101f8
:10c8d000f8b5eff311864ff0200383f31188bff30f
:10c8e0006f8fbff34f8f836bc26b9a4228d90f466d
:10c8f000044690f845506db201338363b5f1ff3fb4
:10c9000014d1836c33b105f0dbfbe8b1f7b1012042
:10c91000386016e0436a0bb9012012e02430faf7c0
:10c920003ffea8b1b7b1012038600ae00ef0d0ff99
:10c93000854211d201356db284f84550012000e0e6
:10c94000002086f31188f8bd0120fae70120f8e7fe
:0cc950000120f6e70120f4e70120f2e7e7
:020000040000fa
:020000040101f8
:10c95c0000283bd070b50446826c013a8264c06af0
:10c96c00616c884234d00ab1002070bd251d284668
:10c97c000cf0e4ff38b917490b68e06a01228240d9
:10c98c0023ea02030b60636ce362c3f10502a2614c
:10c99c0010490e68012000fa03f232430a600e4a75
:10c9ac0003eb830302eb83035b68a3609968e1608c
:10c9bc004d609d60e56aa9004b199b00d618666115
:10c9cc00294452f821100144d150cee70020704781
:0cc9dc000020cae7b8330120502f0120d2
:020000040000fa
:020000040101f8
:10c9e800f7b5074601910df1020001a90ef0f7fe17
:10c9f80001a90df103000ef0f2fe9df802309df83a
:10ca08000340012b00d17cb364b104eb4404600003
:10ca18000ff0fdf900250446064600bf9df80330d7
:10ca2800ab4211d822469df803109df80200ebf79f
:10ca380021fb054620460ff0ecf9384629460df053
:10ca480026fe284603b0f0bd304601a90ef0c7fe09
:10ca5800b01c01a90ef07af90135301d01a90ef0bc
:0cca6800befe0636edb2d9e71225e6e767
:020000040000fa
:020000040101f8
:10ca740073b5204bdb799a060c4639d51e4b1b78cf
:10ca84009b0735d54d7a05f10e000ff0c2f9064625
:10ca940070b305f10c02d2b23e210df0edfd02217e
:10caa400019001a80ef0a2ff217801a80ef09effcc
:10cab400617801a80ef09affa17801a80ef096ff04
:10cac4000622e11c01a80ef0f3fa294601a80ef093
:10cad4008dff2a46e16801a80ef0eafa217c01a83c
:10cae4000ef084ff30460ef019fd30460ff093f936
:0ccaf40002b070bd40010020380100209d
:020000040000fa
:020000040101f8
:10cb000073b5204bdb799a060c4638d51e4b5b7803
:10cb10005b0634d58d7905f10a000ff07cf90646e5
:10cb200068b305f10802d2b23e210df0a7fd0f2136
:10cb3000019001a80ef05cff218801a80ef05effb5
:10cb4000a17801a80ef054ffe17801a80ef050ff83
:10cb5000217901a80ef04cff617901a80ef048ff81
:10cb6000a17901a80ef044ff2a46a16801a80ef0a1
:10cb7000a1fa30460ef0d4fc30460ff04ef902b068
:0ccb800070bd00bf400100203801002003
:020000040000fa
:020000040101f8
:10cb8c0030b51f4a1368002b31d059680b1a48bfb7
:10cb9c0001f18053516848bf1b1a39b349680c1a0c
:10cbac0044bf01f180510c1a1b1b002bd4bf002376
:10cbbc000123144852f82310134d02462b7052f8df
:10cbcc001449c9b113684d6813f0040f12d024f046
:10cbdc0070439d4209d013886ff3820313804b6816
:10cbec000360138843f00403138030bd012383f0ea
:10cbfc000103dee70560f4e7138861f38203f3e7d2
:0ccc0c0050330120343e0141be340120b1
:020000040000fa
:020000040101f8
:10cc180010b51c4b1c4ab3f8011011801b4cd97875
:10cc280011711946226811f8040b10725868c2f87d
:10cc380002008988d1802268d98a9184997a82f8f9
:10cc480026101349d88908801249188a0880998ab9
:10cc58005185598a9185104ad3e90a011268c2e9b7
:10cc68001601194631f8180f897891721081d97a0e
:10cc7800d172197b1173d3e90a2313430cbf1e2009
:10cc8800002010bdf03601208a010020a8010020f4
:0ccc98009401002088010020ac01002065
:020000040000fa
:020000040101f8
:10cca40038b50d46044607f03dff012d1e4b2ad131
:10ccb4001a6892f82e32012b11d094f8501092f881
:10ccc4001c3292f81d0281b961698c420dd194f82d
:10ccd4005210034439b9012b01dd82f82e52bde80c
:10cce40038400bf0ddbf022bf6e7e16e034411b9c7
:10ccf40061698c4205d0022bf1dd012382f82e32ca
:10cd0400ede7012bf8e71b6893f82e22002ae6d002
:10cd140093f81c2293f81d120a44012adcbf002256
:0ccd240083f82e22dbe700bf6002002035
:020000040000fa
:020000040101f8
:10cd300030b520490346006808609a889b798a804c
:10cd40008b7131f8042c42f0020221f8042c51f8c6
:10cd5000084cc4f380748bb01cb34a6a51f8080cb9
:10cd6000c2f3026262f3124041f8080c4d6a2722b6
:10cd700068460df031fcc5f3026500230deb03029c
:10cd8000d27982b90133102bf8d101220a4b1b68ea
:10cd90001b78eb4013f0010307d11c4620460bb073
:10cda00030bd0025f1e70022f0e7002cf6d082f03c
:0ccdb0000104f3e770330141b8020020d9
:020000040000fa
:020000040101f8
:10cdbc0010b53c21062001f0f1fd1a4b186000283b
:10cdcc002dd0194c194b1a49436003682360082075
:10cddc000ef03aff08f0e4fb23680222da702368b5
:10cdec001a786ff301021a702268137843f010035b
:10cdfc001370236820225a710e4a5a630ef0a4fd58
:10ce0c0023680d4a1978473018711268c2f3403202
:10ce1c0062f3c301197023680020986310bd0720ca
:10ce2c00fce700bff4020020f00200208d68010135
:0cce3c00197a0201400d03003838014152
:020000040000fa
:020000040101f8
:10ce4800f8b500ebc1060546d6f874710c468fb3e9
:10ce580089bbd0f8a00009f0f7fe38460ef0d9ffdc
:10ce680005ebc403002703f5ba7305eb8404c6f881
:10ce78007471c6f87831d4f8e00018b109f0e4fe0e
:10ce8800c4f8e070d4f8ec0020b109f0ddfe00230e
:10ce9800c4f8ec30d5f8dc0020b109f0d5fe002349
:10cea800c5f8dc30d5f8d80020b109f0cdfe002354
:10ceb800c5f8d830f8bd012902d1d0f8a400cae7d6
:0acec8000229cad1c36bd86bc5e77d
:020000040000fa
:020000040101f8
:02ced2007047a7
:020000040000fa
:020000040101f8
:10ced40008b5194b9847194b9847eff3108172b670
:10cee400174ad2f8883043f47003c2f88830bff38d
:10cef4004f8fbff36f8f01b962b6124a936823f064
:10cf0400010393601346da6812f0010ffbd10d4b55
:10cf140024225a6001229a6009f0fcfb0a4b23f098
:10cf24007f03074a9360094b9847094b9847094b7d
:10cf340098470ef048fcfee71f5701011f570101f7
:10cf440000ed00e000200041000200014d1e02013e
:08cf54001f5701011f570101e5
:020000040000fa
:020000040101f8
:10cf5c0000b587b049238df8083044238df809308b
:10cf6c004c238df80a3045238df80b3000238df8b7
:10cf7c000c30134a019200934ff4807202a91148ad
:10cf8c00f1f76eff08b1012804d00f4b1b6807b0f6
:10cf9c005df804fb4ff0200383f31188bff36f8f10
:10cfac00bff34f8f094b4ff0ff321a60084b012231
:10cfbc001a60084b00221a6006f076fce5e700bf09
:10cfcc00bc3301204d39020134370120c03301201c
:08cfdc00cc330120d033012009
:020000040000fa
:020000040101f8
:10cfe40010b51f4bdb799a0688b00c4635d51d4b1e
:10cff4001b78db0731d513223e2102a80df03cfb40
:10d004000121019001a80ef0f1fc217801a80ef095
:10d01400edfc618801a80ef0effc217901a80ef067
:10d02400e5fc617901a80ef0e1fc0622a11801a833
:10d034000ef03ef8a18901a80ef0defce18901a8fa
:10d044000ef0dafc218a01a80ef0d6fc01a8a17c1e
:10d054000ef0ccfc02a80ef061fa08b010bd00bfbf
:08d0640040010020380100200a
:020000040000fa
:020000040101f8
:10d06c007fb51f4b019006460093ec200123022252
:10d07c004d21f9f73dfa30460cf0aefb68b305686c
:10d08c00eb7d012b19d195f8ed3013f0080f14bf7f
:10d09c0000241a2428460cf08bf880b128460cf09a
:10d0ac00b1faa8b907240f4b009301940123002275
:10d0bc00ff21ec20f9f71cfa0ce00024eae702222d
:10d0cc0003ab11462846adf80c6004f0d3fd0446c2
:10d0dc00002ce8d1204604b070bd0224e3e700bf69
:08d0ec00a4950201868d0201ea
:020000040000fa
:020000040101f8
:10d0f40070b588b00b7806934b7805938b780493be
:10d10400cb7803930b7902934b790193174c184b0b
:10d114000093064601230d4602221e21ec20f9f756
:10d12400ebf923685b6d984760b10c24114b0093b5
:10d13400019401230022ff21ec20f9f7ddf92046b8
:10d1440008b070bd23689b6d98470028edd1236813
:10d15400db6d984704460028e7d131462846fef7a0
:10d164002bff0028ebd11224e0e700bfa801002028
:08d17400d18902011aaa02018f
:020000040000fa
:020000040101f8
:10d17c001fb504460cf0dafd94f8513094f85020a9
:10d18c000194cde902306abb194b009302231a4675
:10d19c007e21ec20f9f7acf907f0c0fc637843f082
:10d1ac000103637094f85330012b06d1002384f8eb
:10d1bc005330637843f00403637063699c4202d07c
:10d1cc005b78db0709d520460cf0f4fa012300222a
:10d1dc00214694f85000fef747fc04b0bde810401f
:10d1ec000bf05abd034b009302231a467f21d0e764
:08d1fc00b40e0201e60e02016f
:020000040000fa
:020000040101f8
:10d2040000b51f4b02460068186090889279988098
:10d214009a7133f8040c40f0020023f8040c53f81c
:10d22400080cc0f380708bb0d0b1586ac0f30260b0
:10d23400087053f8081c60f3124143f8081c2722b5
:10d24400194668460df0c6f9002300bf0deb030232
:10d25400d07940b90133102bf8d10bb05df804fb41
:10d26400ff230b70f9e7074a1268272101fb032308
:10d27400d87ac0f3400080f00100c0b2ede700bfef
:08d2840070330141b8020020e3
:020000040000fa
:020000040101f8
:10d28c0070b51b4b53f8044b21061d6809d5194b7f
:10d29c001b6824f0800403b19847174b1b6803b13b
:10d2ac009847e20509d5154b1b6824f4807403b12b
:10d2bc009847134b1b6803b19847ab0614d5114b19
:10d2cc001a6842f008021a6033f8082f42f008027c
:10d2dc001a800ef07dfc46684eb12b462246b446b1
:10d2ec000021bde87040604754ea0503f1d170bde0
:10d2fc00143f014158340120603401205c3401207a
:08d30c0064340120203a0141c4
:020000040000fa
:020000040101f8
:10d314002de9f043012587b01e4680f8e65002aba4
:10d3240080f8e85004460f469046019305f0f0fc5f
:10d33400164a174b81461b68d2f8080103eb1040cc
:10d34400c4f89400d2f8101113fa81f1c4f89010c3
:10d3540001a8e1680ef056fb494601a80ef052fb05
:10d36400394601a80ef048fb414601a80ef044fbe3
:10d37400314601a80ef040fb019b06490e222846c7
:10d3840003f0ddf9002007b0bde8f083002401417b
:08d394007002002002020101f9
:020000040000fa
:020000040101f8
:10d39c0007b51c4b1b78002b31d00df07bfb1422f6
:10d3ac00002119480df034fffaf710fb174b1a68df
:10d3bc006ff382021a601a686ff3c3021a601a685c
:10d3cc006ff300021a601a686ff345121a60104a64
:10d3dc00117853f8382f61f307021a60fff79cf9a4
:10d3ec000020f4f797f80b4b0093022201237921cc
:10d3fc00ec20f9f77df8002003b05df804fb024a3d
:10d40c00d380f0e75a02002044020020303401415e
:08d41c0058020020b6b2020123
:020000040000fa
:020000040101f8
:10d4240013b51c4b1c4c1b78002b30d00df036fb75
:10d43400a36823b1e28893fbf2f3184a1370142211
:10d44400002115480df0e8fefaf7c4fa144b1a68e7
:10d454006ff382021a601a686ff3c3021a601a68c3
:10d464006ff300021a601a686ff345121a60fff72f
:10d4740057f90020f4f752f80a4b009302220123d3
:10d484007a21ec20f9f738f8002002b010bde380cf
:10d49400f2e700bf5a02002044020020c4340120f5
:08d4a400303401411fac02010c
:020000040000fa
:020000040101f8
:10d4ac0038b51d4c2368254633b94ff410700ef077
:10d4bc00acfc206060b938bd00242b6804f18802f4
:10d4cc0053f8220008b10ef0a2fc0134082cf4d160
:10d4dc004ff41072002128680df09afe2c680f4949
:10d4ec000f4a04f5bc7304f5ce7500bf43f8041b5a
:10d4fc009d42c3f88020f9d14822002104f5da704e
:10d50c000df086fe0023c4f89c316b60ab60054bbc
:10d51c00c4f874310120cee71403002073be02015d
:08d52c004bb6010133c30101fc
:020000040000fa
:020000040101f8
:10d5340038b505460c46edf735f9e3f72ffb054bf7
:10d5440005481d80054b0c221c801421bde8384081
:10d554000df05fb974320120983401207632012035
:10d5640030b5044685b00d46ac4201d905b030bd96
:10d5740069462046e6f734fed8b1bdf8021041b939
:10d584004ff0200383f31188bff36f8fbff34f8fe6
:10d59400fee700222046e3f7b5fb10f0fd0f08d0ac
:10d5a4004ff0200383f31188bff36f8fbff34f8fc6
:08d5b400fee70134a4b2d7e741
:020000040000fa
:020000040101f8
:10d5bc00000001000201010001000501060102004a
:10d5cc000801010001000b010c010d010e0101000d
:10d5dc000100030003001301010001000100010020
:10d5ec00180101001a0101000100010001000100f5
:10d5fc000100010001000100010001000100010017
:10d60c0001000100010001000100010001002f01d7
:10d61c0001000100010001000100010001000100f6
:10d62c0001000100010001003c013d01010001006d
:06d63c00010001004201a3
:020000040000fa
:020000040101f8
:02d6420070472f
:020000040000fa
:020000040101f8
:10d6440010b582b000230193030103f1824303f573
:10d65400804393f84e30dbb20193019b13f0020f29
:10d664000dd0010101f1824202f58042022382f8c9
:10d674004e30134b0b4400221a73012400e00224a1
:10d68400019b13f0010f0cd0010101f1824202f55c
:10d694008042012382f84e30094b0b4400221a7356
:10d6a4000224074b03eb00135b6833b1044a02eb1b
:10d6b400001399685b682046984702b010bd00bf0c
:04d6c400b831012058
:020000040000fa
:020000040101f8
:10d6c8002de9f34107689df80030be7e66f300033c
:10d6d8008df800303b46054653f81b2fcdf8012046
:10d6e8009b88adf8053068460c46fff71dfb2a7984
:10d6f800134923788a5c62f30303237080460e2063
:10d708000cf05cfe237860f34513237097f83420ff
:10d71800003218bf0122dbb262f386132370dbb23a
:10d72800b8f1000f07d043f0800323706b79637062
:10d7380002b0bde8f081002ef5d166f3c713f4e717
:04d7480080b70201a3
:020000040000fa
:020000040101f8
:10d74c007fb506460d460cf047f870b30268d2f868
:10d75c00443163b3d3f8221059b3097ac90728d5d9
:10d76c00197c65f3861119742db3d2f84431d3f8b2
:10d77c002220137a43f01803137200240f4b0093ea
:10d78c00cde90165012302225621ec20f8f7b0fe09
:10d79c0044b10b4b0093019401230022fd21ec209a
:10d7ac00f8f7a6fe204604b070bd0224e6e71a2462
:10d7bc00e4e70c24e2e72c46e0e700bf546d0201dd
:04d7cc00b17d020128
:020000040000fa
:020000040101f8
:10d7d00037b51e4b019005460093ec200c46012303
:10d7e00002225c21f8f78afe28460bf0fbff48b3c3
:10d7f0000068c37d012b0cd00c24154b00930194c1
:10d8000001230022ff21ec20f8f778fe204603b028
:10d8100030bd2368c0f8223100f59172636853600f
:10d82000a3689360e368d36090f8e430213b012b58
:10d83000e2d890f8e530032bded10cf06dfb18b97f
:10d840000724dae70224d8e70024dfe76490020126
:04d850007d900201c4
:020000040000fa
:020000040101f8
:10d8540000293ad04b0716d5b0f86030b0f8621002
:10d864009a0102f5747292b291422cd2a1f57473aa
:10d87400c3f387131a2b2bd9b0f86020934200d935
:10d88400d3b218467047ca070dd5b0f86030b0f867
:10d894006210da00703292b2914214d2a1f1700394
:10d8a400c3f3c703e6e78b0712d5b0f86030b0f8ce
:10d8b40062109a003c3292b2914204d2a1f13c032c
:10d8c400c3f38703d6e7dbb2d4e790f86030d8e738
:04d8d4001b23d6e755
:020000040000fa
:020000040101f8
:10d8d800f7b51c4f3b681e78e6b91b4c0bf086fd6c
:10d8e800206820211d3002f059fe4020faf7b2fbd3
:10d8f800054628b323681e773b6801221a702368ff
:10d90800186102f07bfd044628b13b6828461e706a
:10d9180009f09af90c240d4b0093022201233321bc
:10d92800ec20f8f7e7fd44b1094b0093019401237b
:10d938000022fd21ec20f8f7ddfd204603b0f0bd04
:10d948000724e8e7a8010020ac0100207ab402010e
:04d95800248e020116
:020000040000fa
:020000040101f8
:10d95c0008b50b4611461278102a2fd007d8052a85
:10d96c001ed00e2a25d0042a14d0022008bd192a54
:10d97c001ad006d8172af8d1032b29d10cf066fa45
:10d98c000ce0262a1fd0292aefd10b2b20d1fcf733
:10d99c0041fd03e00d2b1bd10cf0ecfe0120e5e763
:10d9ac00013b58425841e1e7032b11d10bf05cffce
:10d9bc00f4e7092b0cd1f5f7d1ffefe7182b07d1c2
:10d9cc0002f0e0fbeae70b2b02d109f01bf8e5e7cc
:04d9dc000020cbe775
:020000040000fa
:020000040101f8
:10d9e00010b51478082c0b4611462ad007d8012c04
:10d9f0001dd0b4b1032c1fd00224204610bd182c1a
:10da000024d005d80a2cf7d1013b5c425c41f4e7f5
:10da1000272c20d0282cefd1042b21d10cf0c4fcd2
:10da200003e00c2be9d105f07bfc0124e5e7082b92
:10da300016d10af05bfce0e7172b11d109f0f4fbdb
:10da4000f3e7092b0cd1f5f78fffeee7052b07d194
:10da50000af062fce9e70b2b02d106f0b5fae4e725
:04da60000024cae7ed
:020000040000fa
:020000040101f8
:10da640070b504460e4690f85000082115460bf098
:10da740043fa2378032b32d0022b13d107f052f848
:10da8400174b1a6894f8503002eb8303d3f8fc1157
:10da9400a1424ff0000108bfc3f8fc11c2f8041200
:10daa4000bf0fef8a26e1ab9637862f38203637016
:10dab400042323701eb1294620460cf053f8a36eac
:10dac4006bb1a3789b060ad420460cf02ffb2046aa
:10dad4000bf0fef92046bde87040f2f74db870bd7a
:04dae40060020020bc
:020000040000fa
:020000040101f8
:10dae80030b587b00546019102a801a90df077fe6f
:10daf80001a90df109000df072fe01a90df10a004e
:10db08000df06dfe062201a90df10b000df0c4fa0f
:10db180001a90df112000df019f901a905a80df0e0
:10db280015f901a90df116000df059febdf81430d4
:10db38000a3b9bb243f6f67293420fd8bdf81230f7
:10db4800b3f5fa7f0ad202a8f6f7a4ff04462846de
:10db5800214607f067fd204607b030bd1224f6e7de
:020000040000fa
:020000040101f8
:10db680010b51d4bdb799a0686b00c4631d51b4b98
:10db78005b789b062dd510223e2101a80cf07afd7a
:10db88000e21009068460df02fff217868460df0b1
:10db98002bff618868460df02dff217968460df04e
:10dba80023ff617968460df01fff0622a118684619
:10dbb8000df07cfa217b68460df016ffe189684676
:10dbc8000df018ff6846217c0df00eff01a80df03e
:10dbd800a3fc06b010bd00bf4001002038010020a2
:020000040000fa
:020000040101f8
:10dbe800f8b5079c07469df8180092b91b4e601eb1
:10dbf8003d4620eae0742246302128460df00afb13
:10dc0800314628190ef06af83846bde8f8400cf09d
:10dc1800ebbf00b30a2b1ed1002a1cda3d462d208b
:10dc280005f8010b5242601e01396e18002131704f
:10dc38000cb10028ddddb2fbf3fc03fb1c21092934
:10dc480088bf07313031934206f8011d00f1ff30db
:10dc5800cfd86246ece720463d46e5e70d080201cd
:020000040000fa
:020000040101f8
:10dc680070b58ab003790593c378049383780393d6
:10dc78004378029303780193164b009304460223da
:10dc88001a468b21ec20f8f735fc20682379089098
:10dc98008df82430002607ab09220f490796022089
:10dca80002f04bfdc5b28db123790593e378049357
:10dcb800a37803936378029323780193074b009327
:10dcc800324601238c21ec20f8f714fc28460ab0d0
:10dcd80070bd00bf02110201020001002c110201f7
:020000040000fa
:020000040101f8
:10dce80070b50c46182190b001fb04010023022cea
:10dcf800d1f83061adf81a3018bfd1f8343116496f
:10dd08000d93095d8df819100546182101fb045182
:10dd1800b4fa84f040098df81800d1f82001d1f840
:10dd280024110a91a9680b90cde903630b4b00936a
:10dd3800cde90e12cde90140012302229021ec2009
:10dd48000c96f8f7d7fb04f15a0105eb810106a8f8
:10dd5800f5f7fcfa10b070bdb5730201ec52020180
:020000040000fa
:020000040101f8
:10dd680070b5c57d04460a468dbb90f8e230a3f134
:10dd78002106012e18d8b0f8e23040f221118b426a
:10dd880003d001f201318b4208d10323002084f82b
:10dd9800e63084f8e72084f8e40070bd3d21204691
:10dda8000bf0abfe0020f8e790f8e42003ea020647
:10ddb800f50613d593420cbf23222a2206f022fa35
:10ddc8000028ead001212046fbf7c4f9eae7012d33
:10ddd80004d190f8e430213b012bdfd90120dce7a6
:020000040000fa
:020000040101f8
:10dde800022838b50d4618d0032827d0012813d1aa
:10ddf800194c236893f8263043b90cf0edfa2068e3
:10de08001649838c0c305943f6f77cfb236893f84a
:10de18002610294383f8261038bd0f4b186890f850
:10de280026100029f8d021ea050180f826100029db
:10de3800f2d10c30bde83840f8f718b9064b18682d
:10de480090f82630002be7d0838c04490c305943d6
:10de5800bde83840f6f756bba801002040420f0045
:020000040000fa
:020000040101f8
:10de680070b51c461b688ab0d0e90c563bbbe1b9bb
:10de780003f201338df80310418aadf80030903b6e
:10de88004b43069300238df802300793836821469d
:10de98006846cde90465cde90832f5f757fa2068f8
:10dea80008b1fff767f90ab070bd01218df80310ba
:10deb800c16b03914ff44071adf80010e1e7002207
:10dec800cde90022029270228df80020c26b0595e0
:10ded80018466946cde903260cf00efe2068e0e7f7
:020000040000fa
:020000040101f8
:10dee80037b50d4614460bf079fcc0b9ff232b70eb
:10def80023700224184b0093022201233721ec20bf
:10df0800f8f7f8fa44b1154b009301940123002265
:10df1800fd21ec20f8f7eefa204603b030bd026888
:10df2800937e122b10d002d3213b022b0ed9012352
:10df38002b70537e122b0bd002d3213b022b09d915
:10df4800012323700024d5e70223f1e70323efe739
:10df58000223f6e70323f4e79eb70201669c020159
:020000040000fa
:020000040101f8
:10df6800f8b51e4e90f85020336803ebc203044600
:10df7800d3f80c7267bb09f08bfc0546846006f089
:10df8800cffd2f6094f85020336803ebc202d2f81b
:10df980010226a6094f8502003ebc203d3f81032c1
:10dfa8001d6094f85020336803ebc202c2f8105287
:10dfb80094f85020134493f81c22013283f81c2251
:10dfc8000af06cfe20460121bde8f840fef766be67
:10dfd800bb689c42f6d03f68cce700bf60020020d7
:020000040000fa
:020000040101f8
:10dfe80084b030b587b00aac84e80f001b4c2268b7
:10dff800137803f00301022923d16ff3820313700e
:10e00800002002f0effe9df8305005bb182229468b
:10e0180068460df0fff823681978012262f30101c0
:10e02800197023689978597023688df80220dd717a
:10e038009df8003043f002038df800306846f3f78e
:10e048006bfa002007b0bde8304004b07047236881
:10e058001a786ff301021a700020f0e7f00200202e
:020000040000fa
:020000040101f8
:10e0680030b41b498b7b4a7b0133dbb29a428b73fa
:10e078002cd1184b184a1b68126800249b1a174a9f
:10e088008c7310689bb263f30f0010601046043362
:10e0980050f8405d9bb263f30f0505600b6902f50c
:10e0a800b06043b10288dbb263f3070202800c61ff
:10e0b80030bc0cf081bd02f6a4121368028801334b
:10e0c80003f0ff0363f307020280f1e730bc7047f7
:10e0d80044020020483401207002002080340141ad
:020000040000fa
:020000040101f8
:10e0e80005000000080001000c00020010000500f7
:10e0f80013000600300007005700200086001f00ac
:10e108000110080002100a00031009000410110091
:10e1180005100b0006100c0007100d0008100e006b
:10e1280009100f000a1013000b1016000c10120033
:10e138000d1010000e1017000f1018001010190005
:10e1480011101a0012101b001310150014101400df
:10e1580020101d0021101c0023101e0000000000cc
:020000040000fa
:020000040101f8
:10e1680010b50921044600200bf0d8fc68b314232d
:10e178000373193b437300238373b4f85431a0f835
:10e188001130b4f8563144f29022934281bf6ff0b7
:10e198006f03c3744223037598bfa0f8133094f833
:10e1a800ee3088bfa4f856211b070fd56ff06f0318
:10e1b800c37342230374d4f8b03144f29022014669
:10e1c8005a802046fdf71cf8012010bd4823c37370
:0ee1d80008230374d4f8b03140f64802efe794
:020000040000fa
:020000040101f8
:10e1e80070b505460c460bf053fd194b1a68194bd0
:10e1f8001b6893f851304bb1164b1b68002283f80b
:10e20800512001240cf0d0fe204670bd2368b3f1e4
:10e21800ff3f1ad06968104800682e68864205d00a
:10e22800914203d8002323600124ebe7501a83426c
:10e2380003d8002323600124e4e79b1a0b442360de
:10e2480028460cf015fb0024dce70024dae700bfc1
:0ce25800d03301209c330120c43301208e
:020000040000fa
:020000040101f8
:10e264002de9f84398461a4b1a4e1b68174693f942
:10e27400443032789a4281460d4604db0af02dfa86
:10e284000020bde8f88307f10c000df0c2fd044640
:10e294000028f5d0a0f806900079678165f30100a5
:10e2a400ad1065f3830020713a46414604f10c0039
:10e2b4000cf090f9084bdb68002be1d0204698471e
:10e2c4000028ddd13378013333700120d9e700bf52
:0ce2d400ac010020fc0000200001002034
:020000040000fa
:020000040101f8
:10e2e00070b588b0064601910df1030001a9002424
:10e2f00002940df078fa03aa01999df80300faf749
:10e300004ffd05aa034605463146072007f047fea4
:10e31000029055b9062203a902a80cf0cbfe05a86d
:10e320000df0fef8284608b070bd214602a80df099
:10e330005ffb214602a80df05bfb214602a80df011
:10e3400057fb214602a80df053fb214602a80df011
:0ce350004ffb214602a80df04bfbe0e75c
:020000040000fa
:020000040101f8
:10e35c0030b589b005460191684601a90cf0f4fc72
:10e36c0008220deb020001a90cf094fe01a90df19d
:10e37c0002000cf0e9fc102201a90deb02000cf0dc
:10e38c0089febdf80010002009f0c6fdc0b9bdf82b
:10e39c0000000bf021faa8b10368db7d012b13d030
:10e3ac0004abbdf80220bdf8000002a9f9f7e2fbae
:10e3bc0004462846214607f033f9204609b030bd03
:0ce3cc001224f6e70224f4e70c24f2e728
:020000040000fa
:020000040101f8
:10e3d80010b51c4bdb799a0686b00c462fd51a4b24
:10e3e8005b785b072bd512223e2101a80cf042f97d
:10e3f8000b21009068460df0f7fa217868460df079
:10e40800f3fa617868460df0effaa17868460df0e6
:10e41800ebfa0622e11c68460cf048fe617a684671
:10e428000df0e2fa062204f10a0168460cf03efefd
:10e438006846217c0df0d8fa01a80df06df806b0f9
:0ce4480010bd00bf400100203801002082
:020000040000fa
:020000040101f8
:10e4540073b51b4b019006460093022201230c2145
:10e46400ec20f8f749f80df0f1f8e0b9154d2868fb
:10e47400314604300df0f0fa00b390f8f83093b957
:10e4840090f8f9407cb92868314604300df0e4fa7c
:10e494002b680146181dfdf767fc01200df0cef82e
:10e4a400204602b070bd0c24074b00930194012355
:10e4b4000022ff21ec20f8f71ff8f1e74224f3e7ec
:0ce4c400f4a0020198010020d0860201a3
:020000040000fa
:020000040101f8
:10e4d00073b51b4b0093022201230d21ec20f8f7aa
:10e4e0000df80df0b5f8f8b9164b1d686c682346a9
:10e4f0000bb9043510e093f8f820aab993f8f92085
:10e5000092b91b68f4e7237c2668f02b03d02146e0
:10e510002846fdf72bfc3446002cf4d101200df0e9
:10e520008ff8204602b070bd0c24074b0093019475
:10e5300001230022ff21ec20f7f7e0fff1e700bf05
:0ce54000f4b7020198010020d08602010f
:020000040000fa
:020000040101f8
:10e54c0073b51c4b01910d46009304460123022226
:10e55c009521ec20f7f7ccff0c2d174e13d1d4f8e6
:10e56c0084311bb102212046fef768fce26b336854
:10e57c0051781b69204698472946204602b0bde8d1
:10e58c007040f4f7f9bcd4f874311bb1002120466b
:10e59c00fef754fcd4f87c311bb101212046fef768
:10e5ac004dfc3368052d94bfdb689b68204698476b
:0ce5bc00e2e700bf38a302011c3401207c
:020000040000fa
:020000040101f8
:10e5c80010b5046894f800310022d907c4f8702106
:10e5d8000dd523f0010384f80031e36b84f8f920aa
:10e5e80002211a702046fef72bfc07f013fb94f863
:10e5f80000319a071dd523f0020384f8003194f8fe
:10e60800f930b3b1e36b5a6b32b193f83010022989
:10e6180002d12046fdf7aef80c212046fff792ff05
:10e628002046054a0221fff75bfbd4f87001fef78c
:0ce63800a1fd002010bd00bf55ea00014c
:020000040000fa
:020000040101f8
:10e644007fb51c4b1c68054674b3a3681a7a042a68
:10e654002ed11e6830460af0affdb8b10820f9f794
:10e66400fbfcc6f8b0012b6803602b7903713046bc
:10e674000cf0b9fee0b907240f4b00930194012379
:10e684000022ff21ec20f7f737ff0ee028682b79f2
:10e6940002908df80c30052202ab0921304603f0bc
:10e6a400edfa04460028e7d10024204604b070bdea
:0ce6b4002468c9e768020020f687020114
:020000040000fa
:020000040101f8
:10e6c00013b50388019304461a4b0093ec200123f1
:10e6d00002224e21f7f712ff20880bf083f810b3c7
:10e6e00000686288d0f8b4311a80a2885a80e28823
:10e6f0009a802289da8062891a81a2895a8190f8e7
:10e70000e430112b11d10cf08bff80b907240a4b98
:10e710000093019401230022ff21ec20f7f7eefe85
:10e72000204602b010bd0224f1e70c24efe70024dc
:0ce73000f6e700bfc8950201868d0201cb
:020000040000fa
:020000040101f8
:10e73c00184a194b11881279da70184aa3f801108b
:10e74c001268114651f8020f586089881981117aa4
:10e75c001970918cd98292f82610997210490988f7
:10e76c00d981104909881982518d928d5a820e4a8d
:10e77c0099821268d2e91601c3e90a01114631f8ef
:10e78c00080f897899761883d17ad972127b1a730b
:10e79c00704700bf8a010020f0360120a80100203c
:0ce7ac009401002088010020ac01002036
:020000040000fa
:020000040101f8
:10e7b80010b592b041f20d03adf800300123147882
:10e7c8008df8043053888df81d0043ea4413adf8e2
:10e7d800063013798df808301346002853f8054f92
:10e7e800cdf809409b88adf80d30d37a8df81630f6
:10e7f800134608bf002153f80c4fcdf817409b88eb
:10e80800adf81b30b2f81330adf80f30937c8df8ab
:10e818001130b2f81530adf812306846138badf8e8
:0ce828001430089108f0e0fa12b010bda6
:020000040000fa
:020000040101f8
:10e8340010b503680c788878ca78497886b0b9b975
:10e84400cde902021b7c0193154b009302220123a4
:10e854006521ec20f7f750fe124b0093022301943c
:10e864001a468321ec20f7f747fe002006b010bdbe
:10e87400196dcde90302342302fb0313ec209a7cc7
:10e8840002f03f0202921b7d5b0901330193064ba8
:10e894000093022201236621f7f72efedce700bf76
:0ce8a400183802015a380201373802010e
:020000040000fa
:020000040101f8
:10e8b00052433a41646452657120507265656d70cf
:10e8c00074203078253032782c7072696f726974d8
:10e8d000793a25642c706572696f646963616c3a7a
:10e8e00025642c636c6b3d307825303478005243be
:10e8f0003a416464526571204e6f726d616c2030d4
:10e9000078253032782c7072696f726974793a2583
:10e91000642c20706572696f646963616c3a256468
:0ce920002c636c6b3d307825303478009f
:020000040000fa
:020000040101f8
:10e92c0038b5054608f0b2ff8560044606f0f6f8e7
:10e93c0095f850300022012b174b22601a6823d116
:10e94c0095f8511002ebc101d1f88c11616095f86a
:10e95c00511002ebc102d2f88c21146095f85110c1
:10e96c001a6802ebc102c2f88c4195f850201b6862
:10e97c00134493f8f821013283f8f82101232b700a
:10e98c00bde838400af088b9d2f8f421626014600e
:0ce99c001a68c2f8f441e8e760020020ad
:020000040000fa
:020000040101f8
:10e9a800f8b506460c200f460df031fa0446c8b1fa
:10e9b8000025856005604560067238460df027fa27
:10e9c800206078b129463a460cf024fc0c200df062
:10e9d8001efa054660b920680df01bfa204605f0be
:10e9e8009dfd03e0204605f099fd00252846f8bd69
:10e9f800043e084b6360012e846002d8204607f06d
:10ea0800dbf900232b60044b5a686a6015605d606f
:0cea18002546ebe74b940101680200204a
:020000040000fa
:020000040101f8
:10ea2400012970b506460d4603d9ff2923d00020dd
:10ea34002ce0084605f004f90728f8d803b203ebe4
:10ea44004302134b03eb420332681a60b2889a8084
:10ea5400294600f0effb0522092313fb00230d4a8e
:10ea64003168134400ebc00419601444b1889980e0
:10ea7400257101200ae0084b9b78db07f9d408468e
:10ea840005f0def807288cbf0020012070bd00bf10
:0cea940000330141a03601205434012061
:020000040000fa
:020000040101f8
:10eaa00038b51b4b1b4c1b681b4d13f0100f1ad0b5
:10eab000236823f073032360236843f00c0323606f
:10eac000032008f034fb2b6823f073032b602b68c2
:10ead00043f00c032b60052008f029fb0520bde85e
:10eae000384008f024bb2b6823f073032b602b689d
:10eaf00043f00c032b60032008f019fb236823f07c
:10eb000073032360236843f00c032360e3e700bf33
:0ceb1000283a0141283a0141203a014115
:020000040000fa
:020000040101f8
:10eb1c0030b5c4b285b0012c019222d01cb1022cac
:10eb2c002cd000241ae001a902a80af05cff01a96c
:10eb3c0003a80af058ff039b9b040fd501200af091
:10eb4c0065fc4ff6ff710446012008f07ffd21465d
:10eb5c0001200af06dfcfbf7b5fb0446204605b01e
:10eb6c0030bd084d0024204601342946e4b20bf098
:10eb7c00edf9082c05f10605f5d1d2e702480cf0a9
:0ceb8c00bbfacee7e83001207433012012
:020000040000fa
:020000040101f8
:10eb980038b590f86c301c4d13f0200304462cd087
:10eba80009f0e9fe2b4694f8f51053f8602f61f34d
:10ebb80007021a601a6894f8f61061f30f221a60b7
:10ebc8001a6894f8f71061f317421a601a6894f8f3
:10ebd800f81061f31f621a602b4694f8f91053f885
:10ebe800642f61f307021a602b6843f000732b60ef
:10ebf80094f821000430c0b238bd2a6863f3596222
:0cec08002a6090f82100f7e73034014149
:020000040000fa
:020000040101f8
:10ec140073b50446019168460d4601a90cf098f8b5
:10ec240001a90df102000cf093f8bdf80230019a2d
:10ec3400062b1ad8dfe803f00b040b190d1115008d
:10ec4400114b1b681b68bdf800102046984702b0a2
:10ec540070bd0d4b1b689b68f5e70b4b1b685b682d
:10ec6400f1e7094b1b68db68ede7074e336829467b
:10ec74005b69204698470128e9d0336829461b6917
:0cec840020469847e3e700bf040300208f
:020000040000fa
:020000040101f8
:10ec900070b51d4b91f845401a6864f30c221a6058
:10eca0001a68047864f305021a601a681c466ff348
:10ecb0004d3244f8042b1a46468852f85c5f66f3de
:10ecc0000f0515600d6c256091f84450194651f8f8
:10ecd000084f65f304040c6019686ff3c7111960dd
:10ece000196841f04001196019684c06fcd4196894
:10ecf0004900fcd51268c2f3054242711b68c3f398
:0ced00000563037170bd00bf5434014175
:020000040000fa
:020000040101f8
:10ed0c0070b50d4616460446b0b34ff0006190f84e
:10ed1c0050000af0edf800212046faf7b9fd1db9b4
:10ed2c00637843f0100363702378a580042b01d023
:10ed3c00012b15d1637843f002036370204600f079
:10ed4c0039fa20460af024fd94f850004ff0007177
:10ed5c000af0cef820460021bde87040faf798bdc5
:10ed6c00a37843f00103a37036b12046002204219e
:0aed7c00bde8704004f096bb70bdc6
:020000040000fa
:020000040101f8
:10ed880070b4174a002111705160916011731174a9
:10ed98005161916111771348134b5863134c9c636d
:10eda8005c6944f081345c61114c1c6440f2094494
:10edb800048083f8451001251570032483f84d401d
:10edc8000c4e1e6540f60906068283f85510157428
:10edd80083f85d4040f602721a8070bc704700bf2d
:10ede800b83101209831012000400041d83101207c
:08edf80040052000400420004a
:020000040000fa
:020000040101f8
:10ee00001b4b1b7d002b31d010b5194a93685168fc
:10ee1000184a127e12f0010f15d0994213d91549e4
:10ee200013484a6802f00702012a026814bfd25c44
:10ee300032f813208a62013344680a7e12f0010f0f
:10ee400001d09c42edd80a4a936052689a420cd88d
:10ee5000074b00221a755a60064a01211175db68ba
:10ee60001bb1034b1869db68984710bd704700bfa2
:08ee7000b8300120000c004045
:020000040000fa
:020000040101f8
:10ee780030b587b00546019102a801a90cf0affc96
:10ee880001a90df109000cf0aafc01a90df10a0075
:10ee98000cf0a5fc01a90df10b000cf0a0fc019be6
:10eea800da7813441b798df814309df80830282b34
:10eeb8009df80a302cbf12240024082b9df80b3033
:10eec80003f1ff3328bf1224032b0bd81cb902a867
:10eed800fbf7e6fc0446284621460bf0d8fb204603
:08eee80007b030bd1224f6e76b
:020000040000fa
:020000040101f8
:10eef00073b51a4b1a4e0190022204460093ec207f
:10ef000001230d460021f7f7f9fa30682146043055
:10ef10000cf0a4fd0246a8b13068214604300cf084
:10ef20009dfd012280f840202a68c0f8412090f819
:10ef3000f840aa88a0f845206cb1022109f0eefe45
:10ef4000002408e0074b0093422401940123ff2191
:10ef5000ec20f7f7d3fa204602b070bdb386020169
:08ef600098010020d086020197
:020000040000fa
:020000040101f8
:10ef680001292de9f04105460f460bd019b10229b8
:10ef78000fd0bde8f08110f1c8060dd1002385f847
:10ef8800b430f6e710f1d00606d1002385f8c43076
:10ef9800efe7c66b343607d0346854b9012ff4d084
:10efa800002febd0022fe4d1eb6b002283f8302046
:10efb800dfe7a068d4f800800cf02bffd4e9002329
:10efc80042b15360d4e9002320461a600cf021ffb7
:08efd8004446e2e77360f5e72f
:020000040000fa
:020000040101f8
:10efe000434d443a53657445787453636e5061726f
:10eff000616d2c706879733d25642c66703d2564c5
:10f000000053434e3a314d2c747970653d25642c84
:10f01000696e74766c3d307825782c77696e3d305a
:10f020007825780053434e3a436f6465642c7479b5
:10f0300070653d25642c696e74766c3d307825785a
:10f040002c77696e3d30782578004552523a7374ba
:08f05000617475733d25640035
:020000040000fa
:020000040101f8
:10f05800f7b5037b002b90f82c3014bf0427012749
:10f06800012b054611d190f82d4074b980f82d3048
:10f07800bc420dd3124b0093ec2001230222c22183
:10f08800f7f738faa86cfbf75dfc002003b0f0bd79
:10f0980034262b6d14fb06f633441b6b6bb1094bfe
:10f0a8000093ec20012301940222c121f7f722faf0
:10f0b8002b6d1e44306bfbf745fc0134e4b2d7e7f7
:08f0c800f4980201df98020137
:020000040000fa
:020000040101f8
:10f0d000f8b5194e346807465cb3ff20f8f7beff59
:10f0e000054650b9154b1a781abb01221a701449fb
:10f0f0001448bde8f840f5f709ba627b2169284653
:10f1000005f038f92a46617b3846f0f71dfe88b1d4
:10f1100009480cf058f9237b43f00403237304f0ef
:10f1200077f93468002ce8d1284607f091fd002ccf
:10f13000d8d1f8bd0124f7e700020020c334012034
:08f14000a0860100140200206a
:020000040000fa
:020000040101f8
:10f1480052433a436c656172526571204e6f726d1d
:10f15800616c203078253032782c73746174653d89
:10f1680025642c636c6b3d3078253034780052432d
:10f178003a436c656172206120636f6e74696e75c5
:10f1880065205265710052433a436c65617252655d
:10f198007120507265656d707469766520307825c8
:10f1a8003032782c73746174653d25642c636c6b04
:08f1b8003d3078253034780069
:020000040000fa
:020000040101f8
:10f1c000f8b51c4e90f85020336803ebc203054697
:10f1d000d3f80c42f4b105f0a7fc276809f062fdf2
:10f1e000a3689d4224d105f09ffcd4e90032bbb155
:10f1f0005a60d4e900231a6095f85020336813440c
:10f2000093f81c22013a83f81c2209f04bfd20469a
:10f2100006f0b8fd28460021bde8f840fdf742bde4
:10f2200095f85010336803ebc103c3f81022e0e7f0
:08f230003c46cfe7600200201c
:020000040000fa
:020000040101f8
:10f2380007280cd8dfe800f0040c12181e242a3026
:10f24800184bd3f8642f61f31042c3f8642f70474a
:10f25800144bd3f8642f61f35142f6e7114bd3f8fe
:10f26800642f61f39242f0e70e4bd3f8642f61f3f9
:10f27800d342eae70b4bd3f8642f61f31452e4e767
:10f28800084bd3f8642f61f35552dee7054bd3f8ea
:10f29800642f61f39652d8e7024bd3f8642f61f3d9
:08f2a800d752d2e70024014116
:020000040000fa
:020000040101f8
:10f2b00007280bd8dfe800f0040b11171d23292fb6
:10f2c000184bd3f8643fc3f300430b707047154be2
:10f2d000d3f8643fc3f34043f7e7124bd3f8643fde
:10f2e000c3f38043f1e70f4bd3f8643fc3f3c0434c
:10f2f000ebe70c4bd3f8643fc3f30053e5e7094b4e
:10f30000d3f8643fc3f34053dfe7064bd3f8643fc1
:10f31000c3f38053d9e7034bd3f8643fc3f3c0531f
:08f32000d3e700bf0024014106
:020000040000fa
:020000040101f8
:10f32800438b222b04bf23238376428b40f2231383
:10f338009a420ad122238376164b1a8842f0030296
:10f348001a801a8842f0100212e0837e122b12d023
:10f3580004d8112b4ff0010006d07047222bebd0b8
:10f36800232b0ed0012070470a4b1a8860f3010244
:10f378001a8000207047074b1a88022161f30102a6
:10f38800f6e7044b1a8842f003021a801a886ff3d2
:08f398000412ede7c03401414d
:020000040000fa
:020000040101f8
:10f3a00010b586b010f0ff0f0c46019225d101a9cf
:10f3b00003a80af01efb01a904a80af01afb01a980
:10f3c00005a80af016fb05998b0511d5226892f85d
:10f3d000b83043f0080382f8b8300e4bd3f81c2144
:10f3e00010020dd5d3f8242142f48022c3f8242141
:10f3f0004b0502d52068ebf7c3ff002006b010bd17
:10f40000d3f81c21d201f3d5d3f8242142f40022f1
:08f41000ece700bf00240141fc
:020000040000fa
:020000040101f8
:10f4180070b504461646856b026c5ab903681bb171
:10f4280000200135a56370bd8068fdf793fa0023bd
:10f43800a360f6e76eb940680bf0caf86368226cff
:10f4480013446360a268934219d32368636030460b
:10f45800e7e7c0680bf0bcf8226c5242e36813443b
:10f46800e36021688b4202d2a3681a44e260022e4c
:10f4780001d00020d5e725b1013d0020d1e7304675
:06f48800cfe70020cde7f4
:020000040000fa
:020000040101f8
:10f48e0030b587b00546019102a801a90bf05bfccf
:10f49e0001a90df10a000bf056fc01a903a80cf00e
:10f4ae009bf901a90df10d000cf096f901a90df1d2
:10f4be000e000cf091f9062201a90df10f000bf0d0
:10f4ce00e8fd01a90df115000cf086f901a90df169
:10f4de0016000cf081f902a807f0f7ff044618b9e0
:10f4ee0002a8f6f734fe0446284621460bf0ccf867
:06f4fe00204607b030bdfe
:020000040000fa
:020000040101f8
:10f5040010b5184a0221044601200bf02bfa1648c4
:10f514000cf0faf915480cf0fdf915480cf000fa56
:10f5240020460bf061fd00f09bfe05f0ddfd07f0c9
:10f53400e9ff0af0cffb0bf06bfd09f047ff0bf07e
:10f5440085fd08f027f809f01ffb0af0d3fb06f04d
:10f5540095fe0bf067fd0bf06ffdbde810400bf05e
:10f564007fbd00bf198c0101d9af020101b50201b1
:04f5740011b50201ca
:020000040000fa
:020000040101f8
:10f578001fb51a4bdb799a060c462cd5184b1b790c
:10f58800db0728d509223e2101a80bf073f82121b9
:10f59800009068460cf028fa217868460cf024faa6
:10f5a800618868460cf026fa217968460cf01cfa46
:10f5b800617968460cf018faa17968460cf014fadb
:10f5c800e17968460cf010fa6846217a0cf00cfada
:10f5d80001a80bf0a1ff04b010bd00bf400100203e
:04f5e80038010020c6
:020000040000fa
:020000040101f8
:10f5ec00114a1248002310b51360114a1360114ad6
:10f5fc001360114a13600cf07ffa10480cf094fa67
:10f60c000f4b104a1a61104a5a621049104a9a62fa
:10f61c0001200cf029fa00f03bf9044608b901f07e
:10f62c00adfb204610bd00bfb0010020c13302016c
:10f63c00b8010020b4010020383401200df901017b
:10f64c001831012035e80101f90b0201fda302017b
:04f65c00613b02010b
:020000040000fa
:020000040101f8
:10f66000114b10b500241c70104b1c70104b1c70fb
:10f67000104b1c60104b1c600cf0b6fa0f4b10487e
:10f68000c3e900430cf04afa0e480cf071fa0e4937
:10f6900003200cf0eff90d480cf0e8fa0c490320b8
:10f6a0000cf0d8fa204610bdc9340120c83401201e
:10f6b000c7340120503401204c3401206033012034
:10f6c000f1b60201d54a0001adad0001c148020109
:04f6d000a1f30101a0
:020000040000fa
:020000040101f8
:10f6d40070b51b4a048e1368418e64f30f031360e4
:10f6e4001368144661f31f4344f80839134653f86a
:10f6f4000c1d6ff34d3119601146b0f85c6051f880
:10f70400505f66f30f050d601d6845f080051d60b0
:10f71400056c256090f8444052f8040d64f304002d
:10f7240010601a6842f040021a601a685006fcd44d
:10f734001a685200fcd50868c0f3054070bd00bfcc
:04f7440060340141eb
:020000040000fa
:020000040101f8
:10f7480070b5037813f0010618bf062613f00205fa
:10f7580018bf06259a0813f0100418bf032402f0f6
:10f76800020213f02000c3f3801343ea020303f1fb
:10f77800020333441d4418bf12202c444b7a204402
:10f78800c0b253b10930c0b20b790a2b09d00ed3dd
:10f798000d2b0cd8c043c0b270bd022808bf012091
:10f7a800f2e70b6893f84730063b032bf1e700209c
:02f7b800f2e776
:020000040000fa
:020000040101f8
:10f7ba00f8b50c461f46064615460af0b8fa40f652
:10f7ca00c4139c421bd003f2e2439c4219d040f27c
:10f7da00e2418c420cbf04210021b5f5ab7f1cd05d
:10f7ea0011d8a5f1fa035a425a41b38a052f01ebff
:10f7fa00830108bf01f1ff31891a0844f8bd0821c5
:10f80a00ebe70c21e9e7b5f5517f08d040f2e66253
:10f81a0095420cbf06220022e7e70222e5e703220f
:02f82a00e3e712
:020000040000fa
:020000040101f8
:10f82c0010b5194bdb799a0686b00c4624d5174bcc
:10f83c001b789b0622d50b223e2102a80af018ff4a
:10f84c000621019001a80cf0cdf8218801a80cf03c
:10f85c00cff8618801a80cf0cbf8a18801a80cf0b6
:10f86c00c7f8e18801a80cf0c3f801a821890cf0b5
:10f87c00bff802a80bf04efe06b010bd1a2120886e
:10f88c0001f050f9f8e700bf4001002038010020da
:020000040000fa
:020000040101f8
:10f89c0038b554210120fff781f8154b186028b3b7
:10f8ac000568144b43600024a8602c7385f82f4026
:10f8bc00ac6485f82c4034200cf0a7fa4ff480335c
:10f8cc002865047080f8244080f82d40c4850463ba
:10f8dc00c5f80e30084bc5f812300123204685f8c8
:10f8ec002e3006490cf044f9204638bd0720fce7c1
:10f8fc00b0010020054d02011300100091340101ec
:020000040000fa
:020000040101f8
:10f90c00184b1a6802b11268174b1b6803b11b68bd
:10f91c001649086800b1006842b192f82c10012910
:10f92c0004d1d27b02f0fd02012a15d043b193f829
:10f93c002c20012a04d1db7b03f0fd03012b0dd01d
:10f94c0078b190f82c30012b0ad1c07b00f0fd006f
:10f95c00431e58425841704710467047184670472e
:10f96c0000207047b0010020b8010020b401002035
:020000040000fa
:020000040101f8
:10f97c002de9f041174d40f243180b270026164c89
:10f98c002068e919272238440af020fe2068384400
:10f99c00fcf7b6f82368114a3344925dda70236899
:10f9ac0005eb0802434411681960013692889a806d
:10f9bc00082e07f1270708f10608e0d123682a78fa
:10f9cc001a7068780af0d2fa2368aa789a70bde89f
:10f9dc00f08100bfd8340120b8020020db340120b4
:020000040000fa
:020000040101f8
:10f9ec0037b5c46b0546207e012803d0022811d000
:10f9fc0003b030bdab68009305226b4613498df8fc
:10fa0c00040000f098feeb6b5b8a063363830223e1
:10fa1c002376ede7628b638a9b1a9bb24ff6ff72db
:10fa2c009342e5d12346094953f81c2fc4f806200c
:10fa3c001b79a372ab68009300256b46052201204d
:10fa4c008df8045000f077fe2576d1e70200010115
:020000040000fa
:020000040101f8
:10fa5c0038b590f8f430194c13f00203054628d051
:10fa6c0008f087ff234695f8fa1053f8842f61f3ba
:10fa7c0007021a601a6895f8fb1061f30f221a60de
:10fa8c001a6895f8fc1061f317421a601a6895f819
:10fa9c00fd1061f31f621a60234695f8fe1033f8cf
:10faac00882f61f307021a80236843f08063236078
:10fabc0038bd226863f39a622260f9e73034014161
:020000040000fa
:020000040101f8
:10facc0010b5044686b01822002168460bf0a0fb46
:10fadc002468002384f8023194f8f93023b3e36be3
:10faec005a6b32b193f83010022902d12046fbf741
:10fafc003ffe0c212046fef723fd9df80030d4f884
:10fb0c00700123f0600343f060038df80030d4f8eb
:10fb1c00543104936946d4f8503105930af0eaff46
:0efb2c00d4f870010bf0c0f9002006b010bd37
:020000040000fa
:020000040101f8
:10fb3a0052433a505f666c673d307825303878001a
:10fb4a0052433a7072693d25642c636c6b3d307880
:10fb5a00253034780052433a4e5f666c673d307800
:10fb6a00253038780052433a7072693d25642c6317
:10fb7a006c6b3d3078253034782c636f6e743d3071
:10fb8a000052433a7072693d25642c636c6b3d30b8
:0dfb9a0078253034782c636f6e743d310097
:020000040000fa
:020000040101f8
:10fba800184bda6822f4e0621204120c42f0bf62c9
:10fbb80042f40032da60bff35f8f62b6e02183f867
:10fbc8002310114a82f803130820106082f80913e1
:10fbd8004ff40070106082f80f134ff40041116069
:10fbe8005a6a42f480225a625a6942f010025a61f3
:10fbf8005a6a42f400325a625a6a42f480325a62ad
:0cfc0800704700bf00ed00e000e100e0ec
:020000040000fa
:020000040101f8
:10fc140030b58bb003790593c37804938378039349
:10fc24004378029303780193114b00930446022313
:10fc34001a468d21ec20f6f75ffc206823790890a2
:10fc44008df82430002507ab09220a4907950220c4
:10fc540000f075fdc4b23cb1074b00932a46012362
:10fc64008e21ec20f6f748fc20460bb030bd00bfd7
:0cfc7400c441020102000100f041020145
:020000040000fa
:020000040101f8
:10fc800008b5114901200bf0b3fc104902200bf01c
:10fc9000affc0f4909200bf0abfc0e490a200bf01a
:10fca000a7fc0d490c200bf0abfc0c480bf0b2fe8e
:10fcb0000b480bf0cdfe0b480bf0fafe0a480bf098
:10fcc000e7ff002008bd00bf1fbe02018132020114
:10fcd000c9e50101cdfa010165b6000101be0101ce
:0cfce00061a70101458d0201e94301010b
:020000040000fa
:020000040101f8
:10fcec0010b504464181c3818281f8f717fa631e6f
:10fcfc00a11caa2013f8012f424099421a71f9d184
:10fd0c000cf00bf80c23b0fbf3f202fb1300627d3a
:10fd1c000d4b053060f304021b686275197b61f3af
:10fd2c00471262756289092a0bd90821502ae171a0
:10fd3c0028bf5022228153f8602f22611b79237532
:0cfd4c0010bd511ee171f5e7ac01002074
:020000040000fa
:020000040101f8
:10fd580030b5172185b00546002009f0dffe0446be
:10fd680050b30c2101a800f019fc01ab03cb05f539
:10fd78008572039bc5f80a015160c5f81a312946f6
:10fd88000323237351f8ff3fc4f80d304b68c4f8c0
:10fd98001130b5f80831a4f815301368c4f81730d5
:10fda8005368c4f81b30d5f81a31c4f81f302846f8
:0cfdb8002146fbf725fa012005b030bd04
:020000040000fa
:020000040101f8
:10fdc40030b5174d02682b68c3f802208288da80a8
:10fdd4002b68012289b01a721b6c0446984710b133
:10fde4002b68db6b984700231a460e49022000f06b
:10fdf400a6fc6379069323790593e3780493a378a7
:10fe040003936378029323780193074b00930222b0
:10fe140001231a21ec20f6f76ffb002009b030bd56
:0cfe2400a801002002070100187702016d
:020000040000fa
:020000040101f8
:10fe300013b5174b0093022201232321ec20f6f780
:10fe40005dfb0bf0ddfe20b903f048ff002002b09f
:10fe500010bd104c23685b6c984760b923689b6c9d
:10fe6000984740b92368db6c984720b923681b6d1d
:10fe700098470028e8d00c24074b0093ec2001940d
:10fe800001230022ff21f6f739fb2046dfe700bf00
:0cfe900030bd0201a80100201aaa0201e6
:020000040000fa
:020000040101f8
:10fe9c0037b5174b174c01900093054601230222ee
:10feac002721ec20f6f724fb23685b6c9847a0b95c
:10febc0023689b6c984780b92368db6c984760b9c2
:10fecc0023681b6d9847044638b9012d08bf284696
:10fedc000af04cf8204603b030bd0c24064b0093be
:10feec00019401230022ff21ec20f6f701fbf1e73e
:0cfefc00b6a00201a80100201aaa020111
:020000040000fa
:020000040101f8
:10ff0800f8b50e46074615460bf00cf900281146c1
:10ff180030460cbf0024092405f022fef8b9bcb90c
:10ff2800104b20460a2200bf02fb00f131f803c043
:10ff3800bcf5706f0ed15a180331178096700b44b8
:10ff48002a681a60aa889a80074a137801331370be
:10ff58002046f8bd01300828e6d11f24f8e70b2415
:0cff6800f6e700bf18300120bf34012074
:020000040000fa
:020000040101f8
:10ff740037b505460c4606f0edfa38b3022c144b9f
:10ff840020d0032c20d0012c01d100221a731d7023
:10ff940002251d7104f04efe0e4b0093044601230e
:10ffa4002a467b21ec20f6f7a7fa44b10a4b0093ca
:10ffb400019401230022fd21ec20f6f79dfa20464e
:10ffc40003b030bd0122e1e70422dfe70724f6e7ae
:0cffd40044020020f89e02010b7e020196
:020000040000fa
:020000040101f8
:10ffe00000b593b041f20e03adf800308df8041067
:10fff00009b13e291ed1838aadf806308389adf858
:020000040102f7
:100000000830034653f80e2fcdf80a209b88adf830
:100010000e3090f830308df81030038badf8123080
:10002000837f5b0968468df8143006f0e1fe13b05b
:100030005df804fb0023cdf80630cdf80a30adf8aa
:0c0040000e308df81030adf81230ebe7f8
:020000040000fa
:020000040102f7
:10004c00ff282de9f84f80468a4617464ff00005e9
:10005c00144b05d11570987800f00100bde8f88fad
:10006c00d3f80090104e680029fa00f000f0030459
:10007c00012c5ffa85fb0cd106225146701d0af04b
:10008c0097fa30b93379434503d187f800b020464d
:10009c00e4e70135082d06f10906e4d107233b708e
:0c00ac000020dbe754340120a0360120c6
:020000040000fa
:020000040102f7
:1000b80010b518490346006808609a889b798a80b9
:1000c8008b7131f8043c43f0020321f8043c51f8e9
:1000d800083cc3f38073a1f57762c3b1486a11f88d
:1000e800081cc0f302608340db43dbb2194082f88e
:1000f800681f094a11680c7823400b702723434373
:1001080010680b33184404f0d7fd002010bd0220fe
:0c011800fce700bf70330141b80200207a
:020000040000fa
:020000040102f7
:1001240084b013b505ac84e80e000b4603280cd844
:10013400dfe800f00213191e124a1279022a4ff066
:100144000001184606d1edf73fff02b0bde81040ac
:1001540004b07047ecf724fdf7e70a4b0020186160
:10016400f1f7dcf9f1e70021184608f05ffaece753
:1001740000230091019308226b460349012000f0fb
:0c018400defae2e744020020000801015e
:020000040000fa
:020000040102f7
:100190000f2a38b505460c4626d190f8e43013bb3b
:1001a0003020f7f75bffc5f8b401e0b1b4f80130d7
:1001b0000383b4f803304383b4f805308383b4f881
:1001c0000730c383637a80f8203063894384a3892e
:1001d0008384e389c384238a0385638a4385a38a4e
:1001e0008385e38ac38538bd90f8e230112b01d0b6
:0a01f000032bf8d1d5f8b001d7e7d2
:020000040000fa
:020000040102f7
:1001fc0008b5174b93f82c30cbb1154bda691b6a49
:10020c00934214d2124b986a124a916a1b6a526832
:10021c0002f00702012a0e4a926914bfd15422f847
:10022c00131001330a4a1362d2699a4200d008bdf6
:10023c00074b002283f82c20da61064a84211175c1
:10024c005b6a002bf3d0024b5b6a9847efe700bf69
:08025c00b8300120000c004045
:020000040000fa
:020000040102f7
:1002640008b511480bf0fefb104b4ff0ff3041f680
:10027400ff71c3e900010e4b00210020c3e9000116
:100284000c4b0d490122c3e900120c4b0c4a1968ae
:10029400914205d1002100f6034019600af0f9f9f2
:1002a400084b00221a7008bdf97e020140010020ab
:1002b40030010020380100201f0000803c3701205d
:0802c40054535248fc000020d5
:020000040000fa
:020000040102f7
:1002cc00202837b5054628d80af006f8144a042d1c
:1002dc0098bf136812689dbf1b68b3fa83f35b0960
:1002ec00012302ebc302146844b12168116001b907
:1002fc0052601bb1237943f04003237109f0bcf821
:10030c0044b9084b00930195052322460321ef20a5
:10031c00f6f7eef8204603b030bd0024fae700bf34
:08032c00f833012078b0020152
:020000040000fa
:020000040102f7
:1003340025292dd8dfe801f01313132c1f2c1313d8
:100344002c132c1313132c2c13132c132c132c13ca
:10035400132c2c2c2c2c132c2c2c2c2c131390f80d
:10036400f2305a0714d56ff3820380f8f23000f5a7
:10037400ae70f5f77dbec37d53b990f8f2300549f0
:1003840043f0040380f8f23000f5ae70f4f7bcb823
:08039400704700bf005a62022d
:020000040000fa
:020000040102f7
:10039c0037b5164b01681b681a46f2e91645996584
:1003ac0001791171d3e9160202f01f01a94208bfad
:1003bc00a042c3e9160117d006f0e0fc04460c4b32
:1003cc000093022201231f21ec20f6f791f844b18f
:1003dc00084b0093019401230022fd21ec20f6f739
:1003ec0087f8204603b030bd0024e8e7ac010020bc
:0803fc000c8e0201248e0201a7
:020000040000fa
:020000040102f7
:1004040030b5164d8bb0042107202c68fef7cafacc
:100414002b6820641a6cfab1114951601a6c136884
:100424001a60104a0992002448f6b802cde9042261
:10043400cde906444ff440622968009203941b6896
:10044400089348316846f2f783ff2b68986cfcf7f1
:1004540093fe20460bb030bd0720fbe7ac01002023
:08046400494d0201a5690201e6
:020000040000fa
:020000040102f7
:10046c00037803f00f03072b1cd8dfe803f0040715
:10047c000b1b0d1b091113234b8070471523fbe736
:10048c001223f9e71023f7e74b8843f00803f3e74f
:10049c008378c3f38113dab2012a0bd05bb223b198
:1004ac00022a0bd04ff6ff73e6e78b7e002be3d0ce
:1004bc000423e1e78b7e2bb10523dde78b7e0bb1ab
:0804cc000623d9e74a807047be
:020000040000fa
:020000040102f7
:1004d40070b50e4690f8371040f2e24304464b43a1
:1004e400b2b12033c0f88c300025204601f078f8f2
:1004f4004ff49c73b0fbf3f203fb1203c4e9203204
:10050400e37d73b9023664232667c4f88c3070bd6a
:10051400058f03f282230035c0f88c3018bf012503
:10052400e3e7d4f88c3040f27222761b02fb0535e7
:080534002667c4f88c50eae7c9
:020000040000fa
:020000040102f7
:10053c0037b5164b01900093022201236921054621
:10054c00ec20f5f7d5ff0bf07df80446d8b9294619
:10055c000f480bf01ffb58b190f85430022b12d1fe
:10056c000af097fc01200bf065f8204603b030bd73
:10057c004224084b0093019401230022ff21ec201c
:10058c00f5f7b6fff1e70c24f3e700bfcca70201a7
:08059c006033012049a20201b5
:020000040000fa
:020000040102f7
:1005a40070b505460e4604f0bdfa134bb3f8a045ea
:1005b40044f00104a3f8a045b3f8a04544f00204b4
:1005c400a3f8a045d3f8a0259207fbd432460b49e3
:1005d400284609f0ffff0a490a4a0023d058c850a8
:1005e4000433102bfad1138c6ff300031384bde88a
:1005f400704008f055bb00bf00240141902901411f
:0806040020370120802901418b
:020000040000fa
:020000040102f7
:10060c0010b5184a047802f58453596964f30f2124
:10061c0059615969447864f317415961596984786f
:10062c0064f31f61596102f58453c478996964f3ca
:10063c00070199619969047964f30f2199619969aa
:10064c00447964f3174199619969847964f31f6162
:10065c00996102f58453c1799a8b61f307029a83ed
:08066c0010bd00bf0024014194
:020000040000fa
:020000040102f7
:1006740008b590f89920012a01d0002008bd90f80f
:10068400cd20002af9d1b0f8f02040f207139a42a5
:10069400f3d102f03dfbc378db06eed50421023032
:1006a400f4f7bcff0028e8d090f90030002b437821
:1006b400807800f01f0043ea0020adbfc0eb0010bb
:1006c4004ff4967310fb03f0400044f250639842d9
:0806d40094bf00200120d1e7d2
:020000040000fa
:020000040102f7
:1006dc0037b505460191684601a90af035fb01a919
:1006ec000df102000af030fbbdf80010002007f0fd
:1006fc0013fc28b9bdf80210072007f00dfcb0b1af
:10070c001224bdf8000009f067f890b134b9bdf8b7
:10071c000210bdf8000000f037fa04462846bdf878
:10072c000020214608f02afe204603b030bd0446c6
:06073c00e7e70224f2e7ea
:020000040000fa
:020000040102f7
:100742002de9f041074690b20e4615469846fff74e
:10075200bcfd044628b30279c680330e63f302025d
:10076200330c0271437125b12a464146083009f023
:1007720032ff032f15d8dfe807f002080c102046dd
:1007820006f039ff0020bde8f081204608f04dfa5e
:10079200f8e7204606f047fff4e7204608f059fa4a
:0607a200f0e71f20efe765
:020000040000fa
:020000040102f7
:1007a800434d443a53657445787441647650617298
:1007b800616d2c73657449643d2564004144563a63
:1007c8004578742c65767442773d25642c696e747f
:1007d800766c3d2564004144563a707269506879d8
:1007e8003d3078253032782c7365635068793d3018
:1007f80078253032782c65767450726f703d307879
:050808002530347800ea
:020000040000fa
:020000040102f7
:03080d00300000b8
:020000040000fa
:020000040102f7
:10081000eff30980bff36f8f154b1a681ef0100fae
:1008200008bf20ed108a20e9f04f10602de9090083
:100830004ff0200080f31188bff34f8fbff36f8f0d
:10084000faf7caf94ff0000080f3118809bc196863
:100850000868b0e8f04f1ef0100f08bfb0ec108a27
:1008600080f30988bff36f8f704700bfaff300803c
:040870009c33012094
:020000040000fa
:020000040102f7
:1008740030b587b000230291054602a90df10600a8
:1008840003930af0aeff124b9df8060093f9032080
:1008940090421bdb93f90230984217dc0df10701fb
:1008a40040b205f0affd0446234604aa29460220bf
:1008b40005f073fb9df80710039003a80bf096f85e
:1008c40004a80af02bfe204607b030bd1124ebe744
:0408d4008a01002075
:020000040000fa
:020000040102f7
:1008d80030b587b000230291054602a90df1060044
:1008e80003930af07cff124b9df8060093f903204e
:1008f80090421bdb93f90230984217dc0df1070197
:1009080040b205f099fd0446234604aa2946022070
:1009180005f041fb9df80710039003a80bf064f85d
:1009280004a80af0f9fd204607b030bd1124ebe712
:040938008a01002010
:020000040000fa
:020000040102f7
:10093c0037b5054601910df1020001a90af004fa40
:10094c0001a968460af049ff01a90df101000af05e
:10095c0044ffbdf80210002007f0defab0b9bdf874
:10096c00020008f039ff98b19df801209df80010a5
:10097c00bdf80200f4f742fc04462846bdf80220fc
:10098c00214608f0fbfc204603b030bd1224f4e7ee
:04099c000224f2e758
:020000040000fa
:020000040102f7
:1009a0001fb5164bdb799a060c4624d5144b1b78e1
:1009b0005b0720d50a223e2101a809f05ffe032132
:1009c000009068460bf014f8217868460bf010f898
:1009d000618868460bf012f8a18868460bf00ef8a3
:1009e000e18868460bf00af8684621890bf006f8a2
:1009f00001a80af095fd04b010bd00bf4001002021
:040a00003801002099
:020000040000fa
:020000040102f7
:100a040010b5164bdb799a0686b00c4624d5144be8
:100a14001b785b0620d50b223e2102a809f02cfe90
:100a24000721019001a80af0e1ff218801a80af03a
:100a3400e3ff618801a80af0dfffa18801a80af09a
:100a4400dbffe18801a80af0d7ff01a821890af099
:100a5400d3ff02a80af062fd06b010bd40010020d9
:040a64003801002035
:020000040000fa
:020000040102f7
:100a680030b587b0054601910df1020001a90af0e1
:100a78006df901a902a810220af00efbbdf80210b8
:100a8800002007f04bfab8b9bdf8020008f0a6fe3e
:100a9800a0b10368db7d012b12d102a9bdf80200c9
:100aa800fcf792fe04462846bdf80220214608f0cd
:100ab80067fc204607b030bd1224f4e70224f2e7b1
:040ac8000c24f0e723
:020000040000fa
:020000040102f7
:100acc00144b70b54ff00072134c144ec3f88421c4
:100adc0023681bb9bde8704009f04cbf09f0fcfb62
:100aec0025682b68236003b9646008f0c5fc0123fa
:100afc006a7933700a4b284653f82230984795f997
:100b0c000430002b02db284606f0b6f800233370c5
:100b1c00dee700bf00e100e0700100204f2f012054
:040b2c004833012029
:020000040000fa
:020000040102f7
:100b300030b585b0154b0093cde9010105460c4653
:100b4000ec20012302224f21f5f7d8fc284608f0bb
:100b500049fea8b1006890f8e430112b12d121466b
:100b600008f068fd80b90724094b00930194012324
:100b70000022ff21ec20f5f7c1fc204605b030bd76
:100b80000224f1e70c24efe70024f6e7c471020128
:040b9000868d02014b
:020000040000fa
:020000040102f7
:100b94007fb5164b0093cde9010105460c46ec20c8
:100ba400012302225a21f5f7a7fc284608f018fe73
:100bb40088b106682146304609f09ffd054658b9bc
:100bc400a6f850416408a6f85241304605f01ffad1
:100bd400284604b070bd0225054b009301950123fe
:100be4000022ff21ec20f5f787fcf1e7f671020102
:040bf400868d0201e7
:020000040000fa
:020000040102f7
:100bf800f8b50668337b0024a342b46414bf042705
:100c08000127bc4212d3706a18b106f01df8002300
:100c18007362002386f82f30b38502f0cdfb18b934
:100c280002210846fdf7dcf80020f8bd336d3425b5
:100c380004fb0535e86918b106f006f80023eb61f6
:100c48000023013485f824302b7085f82d30eb858e
:040c5800e4b2d6e745
:020000040000fa
:020000040102f7
:100c5c0070b58cb0134b0b9300230993124e079174
:100c6c0003f2712306930123029331680f4b089012
:100c7c001b680a930546383102a8f2f765fb044657
:100c8c0018b93368986bfcf773fa094b009301950c
:100c9c0001230222d421ec20f5f72afc20460cb0cb
:100cac0070bd00bf41360201f0020020f4020020aa
:040cbc00a3b20201dc
:020000040000fa
:020000040102f7
:100cc00013b50c4608f08efd28b3036893f8402056
:100cd000227093f84120627093f84220a27093f83a
:100ce0004320e27093f84430237100240b4b0093af
:100cf000022201233521ec20f5f700fc44b1084b1a
:100d00000093019401230022fd21ec20f5f7f6fb6e
:100d1000204602b010bd0224e8e700bf559c020146
:040d2000669c0201ca
:020000040000fa
:020000040102f7
:100d24002de9f0410646174600ebc205b94227da21
:100d3400d5f800c04c1e06ebc1031868a0eb0c02ea
:100d4400520209d5013406ebc402d2e9008e1060c8
:100d540058685060c3e9008e08339d42edd1631c8e
:100d640006ebc303d3e9000c2a681a606a685a6068
:100d7400c5e9000c22463046fff7d2ffa11cd5e797
:040d8400bde8f08155
:020000040000fa
:020000040102f7
:100d8800114a002310b51370104a1360104a1360fb
:100d9800104a1360104a1360104a012013809370a0
:100da80019460133dbb2082b1071d08011725172d1
:100db800c2f80a10d18102f10c02f2d108490120cf
:100dc8000af044ff002010bdd234012078340120fd
:100dd8007c3401208034012084340120b42f012088
:040de800255b000186
:020000040000fa
:020000040102f7
:100dec0008b5144a136823f400731b041b0c1380fe
:100dfc0078b900bf08f0baff6ff4e173c3189bb267
:100e0c00942bf7d9a0f2134080b29428f2d9fdf7b5
:100e1c0041fe04f0a5fb084b00221a60074b084a60
:100e2c001b6811681b78c3f3c00363f34d31116069
:100e3c0008bd00bf243f0141f8020020f002002051
:040e4c0038380141f0
:020000040000fa
:020000040102f7
:100e500010b5154a154c137843f00203137023792b
:100e6000d90610d4124a138843f40043138009f0c2
:100e7000b3fe022006f05bf909f0eef8237963f087
:100e80000f03237110bd5a0605d409f0d5f8237954
:100e900043f04003f5e71b06f4d409f0ddf82379ad
:100ea00063f07f03ede700bfd4340120440200204b
:040eb0006c38014158
:020000040000fa
:020000040102f7
:100eb40052433a537461727452657120507265657d
:100ec4006d7074203078253032782c7072696f72ae
:100ed4006974793a25642c636c6b3d307825303421
:100ee400780052433a5374617274526571204e6fa4
:100ef400726d616c203078253032782c7072696f95
:100f0400726974793a25642c636c6b3d30782530b2
:030f14003478002e
:020000040000fa
:020000040102f7
:100f180038b5e3f708fa0446e0f726feacb900b99d
:100f280038bd012009f05bfc0546012005f0c0fe34
:100f380004462946012009f07afe002cf0d0012c45
:100f480013d10120e0f734fe0fe0012009f047fc3f
:100f58000546012005f0acfe04462946012009f0ab
:100f680066fe002cdcd0e3f7e5f9002005f0a0fed2
:020f7800d6e7ba
:020000040000fa
:020000040102f7
:100f7a0030b587b00546009101a869460af02efcf3
:100f8a0069460df105000af029fc69460df10600d3
:100f9a000af024fc69460df107000af01ffc9df8cf
:100faa000620009bbdf804108df80e2003a89df8ba
:100fba0007200293adf80c10adf810200593ecf75a
:100fca0038f804460146284609f060fb204607b077
:020fda0030bd28
:020000040000fa
:020000040102f7
:100fdc0030b587b00546009101a869460af0fdfbc3
:100fec0069460df105000af0f8fb69460df10600a3
:100ffc000af0f3fb69460df107000af0eefb9df8d1
:10100c000620009bbdf804108df80e2003a89df857
:10101c0007200293adf80c10adf810200593edf7f6
:10102c0009fc04460146284609f02ffb204607b070
:02103c0030bdc5
:020000040000fa
:020000040102f7
:10103e0037b5054601910df1020001a909f083feb5
:10104e0001a90df101000af0c7fb9df80130013b2b
:10105e00032b18d8bdf80210002006f05cffa0b9d3
:10106e00bdf8020008f0b7fb88b19df80110bdf87d
:10107e000200f4f7cafb04462846214604f0cffad4
:10108e00204603b030bd1124f6e71224f4e7022403
:02109e00f2e777
:020000040000fa
:020000040102f7
:1010a000434d443a536574506174684c6f73735286
:1010b00065706f7274696e67506172616d2c4864ff
:1010c0006c3d307825782c68696768546872657360
:1010d0003d25642c68696768487973743d25642ce4
:1010e0006c6f7754687265733d25642c6c6f77481c
:1010f0007973743d25642c6d696e54696d653d2569
:02110000640089
:020000040000fa
:020000040102f7
:101102004144563a4c4c204348432c43684d61704d
:101112003d253032785f253032785f253032785f76
:10112200253032785f25303278004144563a4f4fad
:101132004d284c4c2043684d617020557064617499
:10114200652043684d61703d253032785f2530322d
:10115200785f253032785f253032785f25303278fb
:01116200008c
:020000040000fa
:020000040102f7
:10116400f8b5164b03eb00135b7b0bb90120f8bdfc
:1011740015460e4604460c200af0f6fd0746d8b183
:1011840086808560012009f02cfb00233b600b4b1b
:1011940003eb04139a6817609f609b7b012b05d0b7
:1011a4000021012009f045fd0020e0e7034800eba1
:1011b400041008f0abf8f3e70120d8e71000002092
:020000040000fa
:020000040102f7
:1011c40000b58bb003792bb1012b0fd0012007f0b0
:1011d4008bfc08e004238df8043000220deb03019e
:1011e4000e4809f0c4fe0bb05df804fb83681b785d
:1011f40083b900208df8040001238df805308df8a3
:1012040006008df807008df8080001aa052101f0f9
:10121400f5fee8e7012007f067fce4e7840000201e
:020000040000fa
:020000040102f7
:10122400f8b50746087910f003040d4626d10b30b3
:101234000af0effd06462879063023463246394641
:10124400c0b204f0aafe2a79d5f800c09208234659
:1012540022b930460af062f92046f8bd0ceb83014e
:10126400013a0d68c5540f68c5183f0a6f704f885e
:10127400af70c978e9700433dbb2e9e70124ebe726
:020000040000fa
:020000040102f7
:1012840030b5154bdb799b0693b00d4622d5134b35
:1012940093f90030002b1dda42223e2101a809f007
:1012a400ebf92c460090082168460af09ffb14f8dd
:1012b400011b68460af09afb20222146684609f081
:1012c400f7fe6846202205f1210109f0f1fe01a88c
:1012d4000af024f913b030bd400100203801002089
:020000040000fa
:020000040102f7
:1012e40037b5054601910df1010001a90af079fa1b
:1012f40001a90df102000af074fa01a90df103002d
:101304000af06ffa9df801009df802109df8032081
:1013140010f0f80418bf122411f0f80f18bf1224ab
:1013240012f0f80f0ad114b907f062f804462846ff
:10133400214609f0aef9204603b030bd1224f6e789
:020000040000fa
:020000040102f7
:1013440010b5164bdb799b0686b00c4624d50c22cf
:101354003e2102a809f090f92321019001a80af086
:1013640045fb217801a80af041fb618801a80af035
:1013740043fba18801a80af03ffbe18801a80af019
:101384003bfb218901a80af037fb01a861890af017
:1013940033fb02a80af0c2f806b010bd40010020d9
:020000040000fa
:020000040102f7
:1013a40073b50c4616461d4608f01afaf8b1611ecc
:1013b400c9b2006809f01efb0e4b307093f901307e
:1013c4002b7000240c4b0093022201235221ec20a9
:1013d400f5f792f844b1094b0093019401230022dc
:1013e400fd21ec20f5f788f8204602b070bd0224f8
:1013f400e8e700bf8a010020947d0201b17d02016b
:020000040000fa
:020000040102f7
:1014040000b593b041f20303adf8003090f8f23028
:101414008df804106ff3000380f8f2300388adf800
:101424000630d0f8b03189b9d0f8b42190f8e21080
:10143400112918bf13469a8a1b690293adf80c2030
:10144400684605f0d3fc13b05df804fb5a88adf888
:1014540008209a88adf80a20db88adf80c30efe755
:020000040000fa
:020000040102f7
:1014640013b5154b019004460093ec20012302228e
:101474008021f5f741f8204608f0b2f9a8b10068d8
:1014840090f8e430213b012b11d807f00dfd80b911
:1014940007240a4b0093019401230022ff21ec202e
:1014a400f5f72af8204602b010bd0224f1e70c2417
:1014b400efe70024f6e700bf70a302017d9002016c
:020000040000fa
:020000040102f7
:1014c400bd1a3ccda6b8995899b740eb7b60ff4a4a
:1014d400503f10d2e3b3c974385fc5a3d4f6493f73
:1014e400e69d350e480103ccdbfdf4ac1191f4ef1d
:1014f400b9a5f9e9a7832c5e2cbe97f2d203b020dc
:101504008bd28915d08e1c742430ed8fc24563763e
:101514005c15525abf9a32636deb2a65499c80dc94
:020000040000fa
:020000040102f7
:1015240030b5134d2c78012c95b017d101f0f4fa95
:10153400b8b9104b5b8802222a706bb90e4b00932a
:10154400ec202346b421f4f7d7ff41f2110302a89b
:10155400adf8083005f04afc06f024f9002015b077
:1015640030bd00231a4605490320fff7e8f8f5e7e4
:10157400543201201832012011bd0201050101017c
:020000040000fa
:020000040102f7
:1015840037b5144d2b786c781bb1012b15d003b0f3
:1015940030bd013c012cfad806f0ecf80e4b01905a
:1015a4000446009302220123c521ec20f4f7a4ff92
:1015b400002cecd101232b70e9e7002ce7d1074a7a
:1015c4000092c6210222ec20f4f796ff09f0b6fd42
:1015d4002c70dce7bc010020d8770201f57702010a
:020000040000fa
:020000040102f7
:1015e40038b50146c07d30b391f82a0009f026fad7
:1015f400114b1b680246187b09f020fa4d8f1044ea
:10160400684340f2e24404fb00f20c4cb2fbf4f0f9
:1016140004fb102404b101304b7e212b40f27123d2
:1016240003fb05f308bf00f28d10a3f1960290426c
:1016340028bfa3f1970038bdac01002040420f0041
:020000040000fa
:020000040102f7
:10164400f8b50568ec680646284600f06bfe14b150
:10165400204609f079f8696829b10c6808460af04f
:10166400dafb2146f8e7a86869600c4628b10768e8
:1016740001340af0d0fb3846f8e7a8601cb1a1b2e7
:10168400284607f0bffd04f0c7fa3046f9f78eff8d
:10169400288804f0effe3046bde8f84002f040bf71
:020000040000fa
:020000040102f7
:1016a4002de9f041134d40f243174ff00b0800268b
:1016b400114b1c68272204eb080105eb080008f015
:1016c40089ffa31908f12708da780c4b9a55e21917
:1016d400eb1911681960013692889a80082e07f177
:1016e4000607e5d123782b7063786b70a378ab7011
:1016f400bde8f081d8340120b8020020db34012099
:020000040000fa
:020000040102f7
:10170400f0b587b00f4602ac014601a81d46164647
:1017140001940af077f9394601a80af073f93146c1
:1017240001a80af06ff9294601a80af06bf9a90586
:101734000ad50a4bd3f81c21120203d4d3f81c3166
:10174400db0101d5f8f7befe234610224ff48131a8
:101754000020fef7f4ff07b0f0bd00bf00240141f4
:020000040000fa
:020000040102f7
:1017640037b50468a36f1b0405461ad403f0daf9ed
:10177400a36f43f40043a36707f092fad4e9241358
:1017840020465b1ad9b209f0f1ffd4f890300195e4
:101794005b1ac4f89030042201ab08490120fef71b
:1017a400ceff237d3bb103f0bdf9a36f43f080630b
:1017b400a36707f075fa03b030bd00bfa1040101af
:020000040000fa
:020000040102f7
:1017c4007fb5002302aa0146092004f0e6fb0021ac
:1017d400019001a80af00af901a800210af006f90b
:1017e40001a800210af002f901a800210af0fef87c
:1017f40001a860210af0faf801a800210af0f6f81d
:1018040001a800210af0f2f8002101a80af0eef87c
:0e18140002a809f083fe002007b05df804fb77
:020000040000fa
:020000040102f7
:1018220030b585b0054603910df1050003a909f015
:10183200d9ff03a90df1060009f08bfa03a902a84a
:1018420009f087fa03a90df10a0009f082fabdf83e
:101852000610052911d9bdf80820052a0dd9bdf8b1
:101862000a309df80500f2f79afc04462846214604
:0e18720008f010ff204605b030bd1224f6e746
:020000040000fa
:020000040102f7
:1018800030b587b00546029101a802a909f062fab5
:10189000bdf80410002006f045fbbdf8040007f079
:1018a000a1ff0df10601bdf8040001f065f803aadf
:1018b000034604462946052004f071fbbdf80410d8
:1018c000029002a80af09af8bdf8061002a80af0e1
:0e18d00095f803a809f024fe204607b030bdad
:020000040000fa
:020000040102f7
:1018de007fb5002302aa0146092004f059fbff211f
:1018ee00019001a80af07df801a8ff210af079f80d
:1018fe0001a8ff210af075f801a8ff210af071f87e
:10190e0001a8ff210af06df801a803210af069f879
:10191e0001a800210af065f8002101a80af061f87b
:0e192e0002a809f0f6fd002007b05df804fbea
:020000040000fa
:020000040102f7
:10193c00f7b5054601910df1020001a909f004fa71
:10194c00bdf80210002006f0e7fa0746b8b9bdf85a
:10195c00020007f041ff0646b8b1bdf80200fbf7e4
:10196c007ffb1a2804460bd13946284603f058fe53
:10197c002146306804f00afd204603b0f0bd122465
:0e198c002146284603f04cfef6e70224f8e759
:020000040000fa
:020000040102f7
:10199a0037b5054601910df1020001a909f0d5f903
:1019aa0001a90df1010009f019ffbdf8021000208c
:1019ba0006f0b3fa0028bdf802000cbf0024122476
:1019ca0007f00bff88b13cb93b21bdf802008df846
:1019da000110fff7a8f804462846bdf80220214660
:0e19ea0007f0cdfc204603b030bd0224f4e728
:020000040000fa
:020000040102f7
:1019f80010b588b004461822002102a809f00afc94
:101a08000df1020101a807f071f9bdf80220019b50
:101a1800110423f07043019348bf03f1ff3304938b
:101a28009df8083058bfadf80c2023f00c0348bfd0
:101a380002f2e24243f00c0302a9204648bfadf887
:0e1a48000c208df808300af0d5f908b010bd5a
:020000040000fa
:020000040102f7
:101a58001fb5144bdb799a060c4620d5124b9b78a0
:101a68009b071cd506223e2102a808f003fe12217e
:101a7800019001a809f0b8ff217801a809f0b4ff86
:101a8800617801a809f0b0ff618801a809f0b2ffe8
:101a980001a8217909f0a8ff02a809f03dfd04b0ca
:0c1aa80010bd00bf4001002038010020ec
:020000040000fa
:020000040102f7
:101ab40037b5054601910df1020001a909f048f975
:101ac40001a90df1010009f08cfebdf802100020ff
:101ad40006f026fa0028bdf802000cbf00241224e8
:101ae40007f07efe80b134b99df80110bdf8020004
:101af400fbf72afe04462846bdf80220214607f0db
:0c1b040041fc204603b030bd0224f4e791
:020000040000fa
:020000040102f7
:101b100030b5144bdb799a0687b00d461fd5124bb2
:101b20001b78db061bd50d223e2102a808f0a6fd7e
:101b30002c460190052101a809f05aff34f8021b38
:101b400001a809f05bff0822214601a809f0b2faba
:101b500001a8698909f052ff02a809f0e1fc07b069
:0c1b600030bd00bf400100203801002013
:020000040000fa
:020000040102f7
:101b6c001fb5144bdb799a060c4620d5124b5b78cb
:101b7c001b071cd506223e2102a808f079fd0c217a
:101b8c00019001a809f02eff217801a809f02aff85
:101b9c00618801a809f02cff217901a809f022ff26
:101bac0001a8617909f01eff02a809f0b3fc04b08a
:0c1bbc0010bd00bf4001002038010020d7
:020000040000fa
:020000040102f7
:101bc80030b585b00546009101a8694609f007fec1
:101bd80069460df1060009f0b9f8694602a809f04e
:101be800b5f869460df10a0009f0f9fd69460df1ed
:101bf8000b0009f0f4fd002301a88df80c3006f065
:101c0800d5ff044618b901a8f8f7f8fd0446284698
:0c1c1800214608f03cfd204605b030bd20
:020000040000fa
:020000040102f7
:101c240038b590f8e43004460d4633bb0c20f6f783
:101c340013fac4f8b401b5f801300381d4f8b4310f
:101c4400b5f803205a81d4f8b431b5f805209a8048
:101c5400d4f8b431b5f80720da80d4f8b431fb22d3
:101c64001a8094f8ee3013f0080fd4f8b43114bf8e
:0c1c740044f2902240f648025a8038bd2d
:020000040000fa
:020000040102f7
:101c80002de9f84390f8ac51064689461746984628
:101c9000edb90c200af0bff8044640b17fb13846d8
:101ca0000af0b9f8a06020b920460af0b6f8072576
:101cb00011e02560d6f8a8311c60c6f8a84184f868
:101cc00004903a464146a06808f086fc03e00223ef
:0c1cd00080f8ac3100252846bde8f88300
:020000040000fa
:020000040102f7
:101cdc0013b5124b124c0093022201231c21ec2051
:101cec00f4f706fc23685b6d984758b923689b6d25
:101cfc00984738b92368db6d984718b9094b1860b9
:101d0c0002b010bd0c24084b0093ec20019401236d
:101d1c000022ff21f4f7ecfb2046f1e710aa0201a8
:0c1d2c00a8010020543401201aaa020172
:020000040000fa
:020000040102f7
:101d3800154b0178d3f8b02f61f31742c3f8b02fd1
:101d4800d3f8b02f417861f31f62c3f8b02fd3f8ee
:101d5800b42f817861f30702c3f8b42fd3f8b42ff6
:101d6800c17861f30f22c3f8b42f0179d3f8b42fe7
:101d780061f31742c3f8b42f4179d3f8b42f61f354
:0c1d88001f62c3f8b42f70470024014113
:020000040000fa
:020000040102f7
:101d94002de9f04186b00e460546014602ac01a885
:101da4001f469046019409f02dfe314601a809f022
:101db40029fe414601a809f025fe394601a809f08b
:101dc40021fe330506d52d68ab6f013302d106f031
:101dd40049faa8672346102203490020fef7affc06
:0c1de40006b0bde8f08100bf0003010064
:020000040000fa
:020000040102f7
:101df00084b01fb507ac84e80e000b46032809d851
:101e0000dfe800f0020d141a0b9b009394e80f001a
:101e100005f032fe04b0bde8104004b070470b9be3
:101e2000009394e80f0007f0e1f8f3e70022122195
:101e3000184608f0adfeede7039103ab042202491a
:0c1e40000120fef77efce5e71304010121
:020000040000fa
:020000040102f7
:101e4c000e4a38b5002313600d4a0e4c13600e4a2f
:101e5c000e4d13600e4a13600e4a13600e4a536205
:101e6c00136101239360fbf7e6fbfbf7e4fbac4249
:101e7c0000d338bd54f8043b9847f8e7a43401204c
:101e8c00743001203403000170300120380300014c
:0c1e9c00683001206c30012078300120fb
:020000040000fa
:020000040102f7
:101ea80010b588b0044603910df10a0302aa0df19a
:101eb800060101a806f0b0fa002304aa2146092069
:101ec80004f069f8bdf80410039003a809f092fd26
:101ed800bdf8061003a809f08dfdbdf8081003a889
:101ee80009f088fdbdf80a1003a809f083fd04a8cd
:0a1ef80009f012fb002008b010bd35
:020000040000fa
:020000040102f7
:101f020030b587b0054602910df1060002a908f02e
:101f120020ff0df1050201a9bdf80600fbf7e3ff62
:101f220003aa034604462946052004f037f8bdf803
:101f32000610029002a809f060fd9df8041002a8a4
:101f420009f055fd9df8051002a809f050fd03a8ff
:0a1f520009f0e5fa204607b030bda3
:020000040000fa
:020000040102f7
:101f5c0037b5054601910df1010001a909f03dfcd1
:101f6c0001a90df1020009f038fc01a90df10300e3
:101f7c0009f033fc9df801009df80210282801f1ae
:101f8c00ff3334bf00241224022b0cd824b99df843
:101f9c000320fdf7e9ff04462846214608f075fbaf
:0a1fac00204603b030bd1224f6e712
:020000040000fa
:020000040102f7
:101fb60045525221617574507472206e6f7420768a
:101fc600616c69640053434e3a6175784f66667377
:101fd60065743d256c752c2063684964783d2564dd
:101fe6002c206175785068793d25640053434e3a3c
:101ff600636c6b55313d3078256c782c20636c6ba7
:0920060055323d3078256c78005c
:020000040000fa
:020000040102f7
:1020100038b504461d4631b101291bd000230360a9
:102020004ff0ff301fe0012b01d900201be00322fd
:102030000021012001f054fb206080b1012d0ed160
:1020400000231a461946f0f7d9f8012814bf0020da
:10205000012008e01946104607f02bf820602068a0
:08206000003018bf012038bd5b
:020000040000fa
:020000040102f7
:1020680008b5144b9b7df3b1124a137edbb2927d07
:1020780012f0800f18d10f4a137edbb2927d12f056
:10208800010f04d013f0010f01d0fcf7b5fe094a87
:10209800137edbb2927d12f0040f04d013f0040f0c
:1020a80001d0fef7a7f808bd13f0800fe3d004f0c5
:0820b80003f8e0e7000c004012
:020000040000fa
:020000040102f7
:1020c00070b582b00190846ca26be36b9a4203d32b
:1020d0000025284602b070bd94f8456076b2002213
:1020e00001a92046fdf798f90546b6f1ff3f0ad150
:1020f000636a002bedd004f12400f5f751fa0028b3
:1021000018bf0125e5e709f0e3fb8642e1d201367d
:0821100076b284f84560dce7bb
:020000040000fa
:020000040102f7
:1021180037b5054601910df1020001a908f016fe38
:1021280001a90df1010009f05afbbdf802100020c9
:1021380005f0f4fe0028bdf802000cbf00241224ac
:1021480007f04cfb70b134b99df80110bdf80200de
:1021580000f08ef804462846214603f063fa20462c
:0821680003b030bd0224f6e7cc
:020000040000fa
:020000040102f7
:1021700030b58bb0054602910df1060002a908f0ba
:10218000e9fd04a9bdf80600fef79afd044630b14a
:102190000146284608f07ffa20460bb030bd0346c2
:1021a00006aa2946082003f0fafebdf8061003909f
:1021b00003a809f023fc03a8052204a908f07aff6c
:0821c00006a809f0adf9e7e7fc
:020000040000fa
:020000040102f7
:1021c80010b5134bdb799a0686b00c461ed5114b19
:1021d8001b781b071ad50c223e2102a808f04afae0
:1021e800042101900deb010009f0fefb217801a804
:1021f80009f0fafb618801a809f0fcfb01a8082294
:10220800211d08f053ff02a809f086f906b010bd99
:08221800400100203801002004
:020000040000fa
:020000040102f7
:1022200030b5114991f90420824209d091f9023068
:10223000834203db91f90330834202dd9a4201d1ec
:1022400030bd0346094a0a4c10780a4de289181a33
:1022500045fa80f022f03f02007e1204120c024385
:10226000e2810b71ece700bf8a010020940100209d
:0822700000600141f09402013d
:020000040000fa
:020000040102f7
:1022780030b585b0124b0093cde9010105460c46f7
:10228800ec20012302225721f4f734f9284607f0fd
:10229800a5fa88b12146006809f07ff870b90724cb
:1022a800084b0093019401230022ff21ec20f4f74e
:1022b80021f9204605b030bd0224f1e70024f8e7f3
:0822c80096910201868d0201ce
:020000040000fa
:020000040102f7
:1022d0007fb5134b0190cde9021204460e46154618
:1022e000009302223021ec200123f4f707f92a465b
:1022f0003146204608f05cfb78b90a4b5c713444e7
:102300002a0604ebd4744fea640454bf6d42802261
:102310009c71de7154bf1d721a7204b070bd00bf93
:08232000e29102018a01002094
:020000040000fa
:020000040102f7
:1023280000b5836fda0693b020d4027e422a12d118
:1023380090f829308df808300522adf800200022e9
:102348008df804200288adf80620684604f04cfd9c
:1023580013b05df804fb412a0ad01b040ad590f893
:10236800e230032b0cbf16230823e3e73d23e1e704
:082378001623dfe73e23dde739
:020000040000fa
:020000040102f7
:102380002728f8b506460f4615461c461ed8072acc
:102390001cd8013b032b19d804f0def8c0b1032c84
:1023a0000c4807d0042c0fd0022c14bf00230123ab
:1023b000037300e00473012346708770c5700371d6
:1023c000bde8f84002f038bc0223f1e71220f8bd66
:0823d0000720fce74402002095
:020000040000fa
:020000040102f7
:1023d80037b50546d0f88840d0f8cc0001a908f0f8
:1023e80097fb0198eb7d400ac4f31604a0428abf0c
:1023f800c0f50000241a2418012b09bf084b09480e
:102408001868c0f30e0002bf4ff49c73b0fbf3f0e2
:102418000130a04234bf0020012003b030bd00bf0e
:082428006c380141ffff3f0089
:020000040000fa
:020000040102f7
:1024300010b503460c46bab990f8012172b990f86c
:10244000ff1059b9002c14bf0122022280f801218b
:10245000d0f86c01224618b108f085f9002010bdb3
:102460000146d3f86801f7e7d0f8001111f0ff1129
:10247000f4d1002c14bf0122022280f8022122464e
:06248000d0f87001e8e74e
:020000040000fa
:020000040102f7
:1024860010b5c37d04461bbbd0f8b031b0f85c1064
:102496001a88a0f846205a88a0f848209a88a0f8fa
:1024a6004a20da88a0f84c201a89a0f84e20998193
:1024b600598859815968c3f80e105a8201f05cfd9b
:1024c60008b9002010bd082384f8e2300120f9e79e
:0624d60002f069fff4e7cb
:020000040000fa
:020000040102f7
:1024dc00f8b5069c054624b32079e1800f0e67f30e
:1024ec0002002071080c607122b1194604f1080039
:1024fc0008f06cf8032d14d8dfe805f002070b0f79
:10250c00204605f073f80020f8bd204606f088fb45
:10251c00f9e7204605f082f8f5e7204606f094fb33
:06252c00f1e71f20f0e7bb
:020000040000fa
:020000040102f7
:10253400f0b58bb006460d4699b900248df80440d9
:1025440004238df805308df809608df80a50cdf814
:102554000d4000220deb0301094808f008fd0bb003
:10256400f0bd1746084609f0fffb04460028f6d0e4
:1025740000238df804302a46394608f02bf8dfe7ab
:0425840084000020af
:020000040000fa
:020000040102f7
:10258800114b124a1a604ff650429a814ff440326a
:102598005a601a46d369002bfcd10b4a136843f0e2
:1025a80002031360d369002bfcd1094b00229a6106
:1025b800da611a6283f82c205a621a605a609a60ab
:1025c8001a75da60da857047000c00408401104003
:0425d800b8300120f6
:020000040000fa
:020000040102f7
:1025dc0000b583b000230193032200924ff40072e4
:1025ec000b490c48ecf73cfc012800d0fee70a4be9
:1025fc0001930123009300234ff48062074908489c
:10260c00ecf72efcfaf7a4fc03b05df804fb00bf5a
:10261c00d0b402016d5202017c000020d4b402013e
:04262c007dbd02016d
:020000040000fa
:020000040102f7
:102630001fb5124bdb799a060c461dd5104b9b78c3
:102640005b0719d509223e2101a808f017f81321cc
:102650000090684609f0ccf92178684609f0c8f97d
:102660006178684609f0c4f968460622a11c08f0a2
:1026700021fd01a808f054ff04b010bd4001002066
:0426800038010020fd
:020000040000fa
:020000040102f7
:1026840008b542f20803984216d00133984215d097
:10269400033b984214d00433984213d0033b98422e
:1026a40012d07533984211d10523094a02ebc303b2
:1026b4005b689847012008bd0023f6e70123f4e78f
:1026c4000223f2e70323f0e70423eee70020f2e716
:0426d4003875020152
:020000040000fa
:020000040102f7
:1026d8001fb5134b5b781b070c461ed508220c212f
:1026e80001a807f0c7ff21780090684609f07cf937
:1026f8006188684609f07ef92179684609f074f91d
:102708000222611d684608f0d1fc68460222e11ddc
:1027180008f0ccfc01a808f0fffe04b010bd00bf13
:04272800400100204c
:020000040000fa
:020000040102f7
:10272c001fb5124bdb799b060c461dd5104b93f94c
:10273c000330002b18da05223e2102a807f098ff7f
:10274c002021019001a809f04df9218801a809f078
:10275c004ff9a17801a809f045f901a8e17809f031
:10276c0041f902a808f0d6fe04b010bd40010020cb
:04277c003801002000
:020000040000fa
:020000040102f7
:1027800008b542f21d03984216d00133984215d085
:102790001633984214d0153b984213d01433984204
:1027a00012d04833984211d10523094a02ebc303e2
:1027b0005b689847012008bd0023f6e70123f4e792
:1027c0000223f2e70323f0e70423eee70020f2e719
:0427d000c8750201c5
:020000040000fa
:020000040102f7
:1027d4004b0705d0cb1d23f007030844c01a194644
:1027e4000b4b002219605a600b18083b23f00703b7
:1027f4000848c3e900225a1ac1e900320360064bb3
:102804001a60064b1a60064b4ff000421a6070477c
:1028140040330120f0330120ec330120e833012060
:04282400e433012078
:020000040000fa
:020000040102f7
:1028280037b5124b0093022201230a210546ec20fa
:10283800f3f760fe08f008ff044640b9012008f0ed
:10284800fbfe40f272632b80204603b030bd4ff68a
:10285800ff732b800c24064b009301940123002264
:10286800ff21ec20f3f746feeee700bf80ad020142
:04287800d086020103
:020000040000fa
:020000040102f7
:10287c0010b590f8fc3004467bb9d4f8c830abb92d
:10288c00d4f8d00088b194f8c430022b03d10121c4
:10289c002046f8f76dff002007e0002380f8fc309d
:1028ac00074b1b6898470028e7d010bd94f8b4304c
:1028bc00022be5d100212046f8f75affe0e700bfd4
:0428cc00183401209b
:020000040000fa
:020000040102f7
:1028d00010b50e4c0e49002008f092fe2146012052
:1028e00008f08efe0b49022008f08afe0a490320f8
:1028f00008f086fe2146042008f082fe074809f011
:10290000a1f8074809f0ecf8002010bd41c900010a
:10291000418b0001b9870001551c0101952001017f
:04292000b99d02015a
:020000040000fa
:020000040102f7
:1029240037b5114b00930222012310210546ec20f8
:10293400f3f7e2fd08f092fe044648b90b4b93f915
:1029440000302b70012008f071fe204603b030bd2a
:10295400ff210c24064b00932970019401230022cb
:10296400ec20f3f7c9fdf0e7acad02018a010020c9
:042974006291020169
:020000040000fa
:020000040102f7
:102978007fb506460d4606f031ffe0b10368b3f8af
:1029880050312b8000242b88cde901630b4b009339
:10299800022201235921ec20f3f7acfd44b1084b86
:1029a8000093019401230022ff21ec20f3f7a2fdfc
:1029b800204604b070bd0224e5e700bf227302017f
:0429c800868d0201f5
:020000040000fa
:020000040102f7
:1029cc0010b523210446fbf7c9f908b3d4f84431f8
:1029dc00d87d08f087fbff2811d0d4f8443193f947
:1029ec0019207e2a12d094f8e220062a0cbfff226e
:1029fc0000225a772046bde81040eff7dbb92022c1
:102a0c0020462321bde8104001f0fabb1e22f7e757
:042a1c00012010bdc8
:020000040000fa
:020000040102f7
:102a200070b503210546002007f07cf8044600b38a
:102a300017230373d5f8b41195f843310a78497810
:102a4000134095f8422183730a4042730146284699
:102a5000f8f7dafbee7d012e0ad1d5f8b431b5f8de
:102a600060201a81617b2846faf7f4fea5f8600021
:042a7000012070bd14
:020000040000fa
:020000040102f7
:102a740030b50d2185b00546002007f051f8044615
:102a8400f0b10c2101a8fdf78bfd01ab03cb05f5db
:102a94008972039bc5f812015160c5f81e310423e5
:102aa40023731368c4f80d305368c4f81130d5f893
:102ab4001e31c4f8153028462146f8f7a3fb01203f
:042ac40005b030bd6c
:020000040000fa
:020000040102f7
:102ac80038b500240f4b0546214624220e48c3e999
:102ad800004308f09ffb0d4b0d4a1c60012108467e
:102ae80007f03eff2869f4f77bfc00f03df8f1f7aa
:102af800bffa01f015f907f009fd6868bde838402c
:102b080003f042bd680200207031012030340120fa
:042b1800e54202018f
:020000040000fa
:020000040102f7
:102b1c0037b5104b1b681868fcf798fa0e4b0190f0
:102b2c00044600930222ac210123ec20f3f7e0fcd5
:102b3c000a4b1b681868fcf789fa094b0093054689
:102b4c00019401230222ad21ec20f3f7d1fc28469d
:102b5c0003b030bdb80100209c4e0201b40100202e
:042b6c00bc4e020158
:020000040000fa
:020000040102f7
:102b70000c4b0d4a0d4910b51a600d4b00241c601a
:102b80000c4b1c700c4b07201c7008f073ff0b4b98
:102b900018222146184608f041fb094a8260204667
:102ba00010bd00bfe001002080841e00c57c000134
:102bb000d8010020e4010020dc010020c001002039
:042bc0000101020706
:020000040000fa
:020000040102f7
:102bc40013b5114b0093022201236c21ec20f3f77f
:102bd40093fc08f03bfd044658b90c4b1b78012bc1
:102be40007d009f005f8012008f028fd204602b0be
:102bf40010bd0c24064b0093019401230022ff21f5
:102c0400ec20f3f779fcf1e764b80201cb3401203e
:042c140049a20201ce
:020000040000fa
:020000040102f7
:102c180038b5044618b34ff0806190f8500006f0bc
:102c280069f96378002523f012036370a5802046b4
:102c3800fbf796f994f85330012b237808bf84f8f2
:102c48005350012b0bd1064b1b68d3f8082232b91d
:102c5800214694f85000bde8384009f0c8b838bd9e
:042c680060020020e6
:020000040000fa
:020000040102f7
:102c6c00124b0246006818609188927999809a718b
:102c7c0033f8041c41f0020123f8041c53f8080c2f
:102c8c00c0f3807080b15b6ac3f30263084a1168b9
:102c9c000a781944c97830b122fa03f010f0010017
:102cac0018bf81f0010070470023efe7703301413a
:042cbc00b80200203a
:020000040000fa
:020000040102f7
:102cc00030b5d0f8dc20fab1d0f8d830e3b10f49f4
:102cd0000f480c880168121b92b262f31f41016019
:102ce0000146423251f8085f92b262f31f450d600f
:102cf00002681b1b9bb263f30f0202600a68ff337a
:102d00009bb263f30f020a6030bd00bf7002002067
:042d10004834014101
:020000040000fa
:020000040102f7
:102d140090f8cd20124bd0f8940082b9d3f820312a
:102d2400821cc3f30743013bdbb2ff2b00d1704786
:102d3400127802f03f0203321044821cf3e7d3f806
:102d44002031821cc3f30743013b13f0ff0300d17e
:102d54007047127802f03f0203321044821cf3e7fa
:042d64000024014105
:020000040000fa
:020000040102f7
:102d680038b5002006f054fb0546012006f050fb5c
:102d78004ff6ff710446002004f06afc4ff6ff711d
:102d8800012004f065fc4ff6ff71022004f060fc9e
:102d980045f4f04189b2002006f04cfb44f01001e4
:102da80089b2012006f046fb30210220bde83840f8
:042db80006f040bb26
:020000040000fa
:020000040102f7
:102dbc0070b5002006f02afb0646012006f026fb23
:102dcc000546022006f022fb4ff6ff710446002058
:102ddc0004f03cfc4ff6ff71012004f037fc4ff679
:102dec00ff71022004f032fc3146002006f020fb7b
:102dfc002946012006f01cfb21460220bde870404c
:042e0c0006f016bbfb
:020000040000fa
:020000040102f7
:102e1000134a137b032b21d8dfe803f00212161ba1
:102e20009378db005033f93340f27120b3fbf0f1bb
:102e300000fb113303b101310023937351737047c9
:102e400093789b002c33eee793781b0103f5e7732f
:102e5000e9e793789b0103f53473e4e70023e2e7a5
:042e60004402002008
:020000040000fa
:020000040102f7
:102e6400f0b5040b012c85b005460e4601d106f0e1
:102e7400bffaefb20d4b0093c5f30325cde901452d
:102e84000397042301220021ee20f3f735fb084bbe
:102e940004f18044013c1b68324653f8243039461f
:102ea40028469847308005b0f0bd00bf1b7e020164
:042eb4009034012035
:020000040000fa
:020000040102f7
:102eb80030b597b010220023054601910deb0200b2
:102ec80001a9039308f0e8f801a908a8102208f05e
:102ed800e3f80caa08a904a803f0baff10aa03464d
:102ee80004462946112003f056f8102203900ca935
:102ef80003a808f0dbf810a808f00efb204617b06e
:022f080030bdda
:020000040000fa
:020000040102f7
:102f0a0030b585b0054603910df1060003a908f016
:102f1a0065fc03a90df1070008f060fc03a902a8eb
:102f2a0007f013ff03a90df10a0007f00effbdf821
:102f3a000a30bdf808209df807109df80600e9f749
:102f4a0076fa04460146284607f0a0fb204605b05b
:022f5a0030bd88
:020000040000fa
:020000040102f7
:102f5c002de9f04104680e46904625461db1ea68fd
:102f6c00424503d16d691cb9bde8f0812d68f5e7c8
:102f7c00237a022b0ed8e36843450bd36069401bc0
:102f8c0007f09dff237ae768012b014604d01bb1a3
:102f9c00022b01d02468e6e7304601f099faf8607c
:022fac00f8e744
:020000040000fa
:020000040102f7
:102fae00f8b508210746002006f0b5fd0446d0b15d
:102fbe0008f0d3f80546b8b10126c6714671d7f8a8
:102fce00b031c3600146384608f0edfe2673d7f8df
:102fde00b0311a68c4f80d201b7963743846214647
:102fee00f8f70bf93046f8bd204608f0a4fe284647
:022ffe00f9e7f1
:020000040000fa
:020000040102f7
:10300000f8b5064617460c46d1b10f4b1b6808466b
:10301000db6b984722463946054607f0ddfa082063
:10302000fdf754f970b14268067202f0f801074ae0
:1030300044720a434260c560bde8f84005f00abe2c
:103040000d46ece7f8bd00bf580100200102040066
:020000040000fa
:020000040102f7
:10305000f7b50746087900250b300c46019508f0b6
:10306000dafe0646207906302b4632463946c0b293
:1030700002f095ff0422019021460deb020008f0ba
:1030800019f8217901a808f0b3fc2279216801a878
:1030900008f010f8304608f043fa284603b0f0bdb7
:020000040000fa
:020000040102f7
:1030a00010b5114bdb799a068ab00c461ad50f4b36
:1030b0005b78db0716d522223e2101a807f0defa55
:1030c00009210090684608f093fc14f8011b68463b
:1030d00008f08efc68462022214607f0ebff01a88d
:1030e00008f01efa0ab010bd40010020380100208f
:020000040000fa
:020000040102f7
:1030f000352000002b6802013620000053710101c9
:103100007f200000a15e0101372000007b0f02013b
:1031100038200000dd0f02013a200000a161020109
:1031200039200000e9c901013b200000d9610201fa
:103130003c200000658b02013d200000e7ac02014d
:020000040000fa
:020000040102f7
:1031400037b505460191684601a908f04cfb01a975
:103150000df1010008f047fb01a90df1020008f094
:1031600042fb01a90df1030008f03dfb9df803307f
:103170009df802209df801109df80000fff700f96e
:1031800004460146284607f086fa204603b030bdc3
:020000040000fa
:020000040102f7
:1031900000b5104a8bb01068516805ab03c3906846
:1031a000d16803c3117c1970d2f8113001930a4b16
:1031b0000a4a186802909b88cdf80e0001a905a85c
:1031c000adf80c30adf81230f5f788fd0bb05df8b6
:1031d00004fb00bff6ae020165010020480100209b
:020000040000fa
:020000040102f7
:1031e00010b5046894f8f8300bb900201ce00023f7
:1031f00084f801310d4b1b685b688bb994f847105c
:103200002046fbf7a3f9d4f8680107f053fed4f881
:103210007c31002be9d0d4f86c0107f04bfee4e7d9
:10322000204698470028e9d010bd00bf1c3401207b
:020000040000fa
:020000040102f7
:1032300030b585b0104b0093cde901010123022286
:1032400005460c46ec201121f3f758f908f008fa6e
:103250000a4b38b118682946043008f0fffb30b932
:10326000422007e01868f021043008f0f7fb80f8ee
:10327000fe40002005b030bd987b0201980100207f
:020000040000fa
:020000040102f7
:1032800037b50d780468012d11d10f4b0093022240
:103290002b469b21ec20f3f731f9e36b1d700122e3
:1032a00000212046fff7c4f8002003b030bd074bd3
:1032b0000093022201239c21ec20f3f71ff9e36b1a
:1032c00000221a70ebe700bf343f0201593f0201b0
:020000040000fa
:020000040102f7
:1032d0001fb5114b0093022201234621ec2000244c
:1032e0000394f3f70bf906f039f9024650b103a83d
:1032f00000f010fc039b40f20122a3f8ea202046d4
:1033000004b010bd0c24054b009301940123ff2150
:10331000ec20f3f7f3f8f2e70baf0201d5a10201bd
:020000040000fa
:020000040102f7
:1033200038b590f8e230112b05460c4601d0032b3e
:1033300002d1d5f8b00130b995f8e430112b0fd196
:10334000d5f8b40158b1637803736388c381a38847
:103350000382e3884382238983826389c38238bde1
:10336000002bfcd13020f4f779fec5f8b401e9e771
:020000040000fa
:020000040102f7
:1033700037b5104b104d01900093044601230222f3
:103380003121ec20f3f7baf82b685b6c984720b931
:103390002b6883f82e4003b030bd0c24074b0093fc
:1033a000ec20019401230022ff21f3f7a7f8204627
:1033b000f1e700bfe3a10201a80100201aaa02015f
:020000040000fa
:020000040102f7
:1033c000104b1a6802b112680f4b1b6803b11b68df
:1033d0000e49086800b100681ab192f82c20012a41
:1033e0000bd01bb193f82c30012b08d040b190f8d2
:1033f0002c00431e584258417047104670471846eb
:10340000704700bfb0010020b8010020b4010020c7
:020000040000fa
:020000040102f7
:1034100038b5124c002023687bb11a6872b9c4e930
:1034200000241a7a5207a3f104050fd422681a6007
:1034300042b962685a601360636038bd54601a68ac
:103440002260eee75c6023605360f6e7284603f0f5
:103450006bfd284608f0e1fc0120dce7300200208b
:020000040000fa
:020000040102f7
:1034600037b5114b0093022201236d210546ec2054
:10347000f3f744f808f0ecf8044640b9012008f0ee
:10348000dff808f0e8fc2870204603b030bdff21cb
:103490000c24064b00932970019401230022ec2098
:1034a000f3f72cf8f0e700bf8bb4020149a2020148
:020000040000fa
:020000040102f7
:1034b00070b5436f88b004460e464bb103ad4ab1b8
:1034c000cde903012b46082206210220fdf739f938
:1034d00008b070bd4ff4001190f8500005f00efddb
:1034e000236f8df81460cde9033408ab13e90300b2
:1034f0008de80300022095e80e00646fa047e7e71f
:020000040000fa
:020000040102f7
:10350000f8b5104c104e2368104f33600025336817
:103510006a00d34003f00303012b0cd1224606239b
:1035200003fb057352f8051f196092889a80217970
:10353000e8b2fbf781fe0135082d04f10904e6d15c
:10354000f8bd00bfa03601205434012000330141f2
:020000040000fa
:020000040102f7
:10355000f8b5104c104d114f002226462b68510033
:10356000cb4003f00303012b0cd1062303fb0273b2
:10357000d0b21968c4f805109b88a4f80930211d41
:10358000fbf796fe0132082a04f10904e6d12b6804
:103590003360f8bda03601205434012000330141ce
:020000040000fa
:020000040102f7
:1035a000114b0246006818609088927998809a7151
:1035b00033f8040c40f0020023f8040c53f8082cf4
:1035c00052000dd5094a5b6a12681278c3f3026390
:1035d000da4012f0010f14bf002002200b70704778
:1035e00002200023fae700bf70330141b802002037
:020000040000fa
:020000040102f7
:1035f000f0b587b00f4602ac014601a81d4616463d
:10360000019408f001fa394601a808f0fdf93146a5
:1036100001a808f0f9f9294601a808f0f5f96b04aa
:1036200042bf064b01221a704ff48031234610220c
:103630000020fdf786f807b0f0bd00bfcf340120b1
:020000040000fa
:020000040102f7
:1036400084b01fb5022807ac84e80e000dd0032813
:1036500012d028b90b9b009394e80f00f2f766fe96
:1036600004b0bde8104004b070470b9b009394e891
:103670000f00faf7b9fcf3e7079b0393042203abaf
:1036800002490120fdf75df8eae700bf03070101e9
:020000040000fa
:020000040102f7
:10369000114b1a68100241bf1a4632f8241f41f03c
:1036a000080111801a68510241bf0c490a8842f092
:1036b00004020a801a68920241bf08490a8842f04f
:1036c00002020a801b68db0241bf044a138843f0f0
:1036d00001031380704700bf0c3a0141303a0141a9
:020000040000fa
:020000040102f7
:1036e00070b5e8b10546a0fb0132e2b901fb00f07c
:1036f00010f14d0f19d80c464c30f0f701f8064682
:1037000078b114b100f14c0300e003463360f56377
:10371000346401213046f8f70dfe0023b36400e065
:0e3720000026304670bd0026fbe70026f9e7c4
:020000040000fa
:020000040102f7
:10372e0030b587b0054602910df1060002a907f0eb
:10373e000afb0df10501bdf8060000f030fa03aaf0
:10374e00034604462946042002f022fcbdf806106a
:10375e00029002a808f04bf99df8051002a808f097
:0e376e0040f903a807f0d5fe204607b030bd95
:020000040000fa
:020000040102f7
:10377c0037b505460191684601a907f0e5fa0df148
:10378c00020001a907f0e0fabdf80000a0f11b034c
:10379c00e02b12d8bdf80210a1f5a4739bb244f231
:1037ac004812934209d804f041f8044628462146b1
:0e37bc0006f06bff204603b030bd1224f6e786
:020000040000fa
:020000040102f7
:1037ca0000f5997200f5857110b5044600f59170ff
:1037da00f5f77ffa04f1f5020023c4f8f530137106
:1037ea0004f1fa02c4f8fa301371e17d41b903f029
:1037fa007f0284f8fe2063f07f0384f8f93010bd5d
:0e380a0063f07f0284f8fe2003f07f03f5e7f1
:020000040000fa
:020000040102f7
:1038180053434e3a436c6f73652c7068793d256449
:103828002c636e743d25642c7469643d25640053d3
:10383800434e3a7068793d25642c7365634e756d07
:103848003d25642c636e743d25642c7469643d25a4
:0e385800640053434e3a43523d3078257800c9
:020000040000fa
:020000040102f7
:10386800f0b58bb006460c46174600238df8043099
:10387800084608f077faa8b105462246394606f008
:10388800a7fe02238df80530adf80960adf80b40ae
:10389800cdf80d50002201a9034807f066fb01206e
:0c38a8000bb0f0bd0020fbe78400002006
:020000040000fa
:020000040102f7
:1038b40010b50f4b1a6842f47f021a601a6842f07e
:1038c4007f421a600024043b1c6000f0c5fb094bd6
:1038d4001c6007f061fb084a136843f0404313601f
:1038e40005f0b2f8f7f776f906f0c3f9204610bdf3
:0c38f40020ed00e03037012034ef00e050
:020000040000fa
:020000040102f7
:10390000f8b50f4b1b68d3b10e4f0f4e0c4d06f0a0
:10391000c3f9fb68dc68201d06f016f83368013b2c
:1039200033602b68013b2b6007f042fb206bf7f7fd
:1039300033fb2046f7f730fb2b68002be7d1f8bdaf
:0c394000ac330120f4320120a833012038
:020000040000fa
:020000040102f7
:10394c0070b5104c104e4ff0805505e008f014fa8d
:10395c0001f0f6ff04280ad8fff7ccff2368012bef
:10396c00f4d93560bff34f8fbff36f8feee707f0dd
:10397c00b1fd01f0e5ff042801d9f0f7e1feedf708
:0c398c0083fee9e7502f012004ed00e06d
:020000040000fa
:020000040102f7
:1039980030b585b0002405460878019404f000fb92
:1039a800234602aa2946032002f0f5fa0a4d01909f
:1039b800d5f8281c01a8c9b208f016f8d5f8281cb3
:1039c80001a8c1f3072108f00ff802a807f0a4fd29
:0c39d800204605b030bd00bf00240141b6
:020000040000fa
:020000040102f7
:1039e40013b500230446cde9003307f02ffec8b910
:1039f4002346204633f8042fadf8002030f8072f73
:103a04009b788df8023083788df80630009badf8f2
:103a140004201f2b08d9019b202b34bf1220002027
:0c3a240002b010bd0c20fbe71220f9e7f7
:020000040000fa
:020000040102f7
:103a30001fb5104bdb799a060c4618d50e4b9b78b8
:103a40001b0714d504223e2102a806f017fe1421fc
:103a5000019001a807f0ccff218801a807f0ceff54
:103a600001a8a17807f0c4ff02a807f059fd04b02f
:0c3a700010bd00bf400100203801002004
:020000040000fa
:020000040102f7
:103a7c0010b5104b1a68824219d35c681919884228
:103a8c0001bf416818460919596041684418a2429f
:103a9c0008d1094c2468a24204d052680a444260fe
:103aac001a6812680260984218bf186010bd13465d
:0c3abc00e0e700bf40330120f0330120a0
:020000040000fa
:020000040102f7
:103ac80037b5104b0093022201230b210546ec2049
:103ad800f2f710fd07f0b8fd044638b9012007f0e9
:103ae800abfd02232b70204603b030bdff210c2410
:103af800054b00932970019401230022ec20f2f772
:0c3b0800f9fcf0e7c8a90201d086020118
:020000040000fa
:020000040102f7
:103b1400f8b5114f05460226002300bf57f8044ba1
:103b240094b194f89820012a0ed194f8e91059b967
:103b3400d4f8d40084f8e92008b1f6f705ffd4f8e6
:103b4400d000f6f701ff2346012e03d105b12b6007
:0c3b54000020f8bd0126e1e758330120f5
:020000040000fa
:020000040102f7
:103b600037b505680a682b6d002430331968914217
:103b700005d00134e4b2042c03f13403f6d10a4b2e
:103b80000093019401230222d521ec20f2f7b6fc28
:103b9000042c05d02a6d342304fb03240023236363
:0c3ba000002003b030bd00bf32a70201be
:020000040000fa
:020000040102f7
:103bac0013b50c4605f018fec8b1036893f92c3018
:103bbc00237000240b4b0093022201233d21ec20a7
:103bcc00f2f796fc44b1084b0093019401230022b8
:103bdc00fd21ec20f2f78cfc204602b010bd022433
:0c3bec00e8e700bfe0b60201669c0201a1
:020000040000fa
:020000040102f7
:103bf80030b5114c2368d3f8083289b00546cbb1eb
:103c08005a6fbab193f850004ff4001105f072f9e9
:103c180023688df81450d3f80842236fcde9033494
:103c280008ab13e903008de8030003ab0ecb646f08
:0c3c38000220a04709b030bd600200204f
:020000040000fa
:020000040102f7
:103c440070b5114b196805460022540021fa04f698
:103c5400b607d0b213d1ff2d02bf9a7842f0010209
:103c64009a704ff0030202fa04f51a680cbf03219c
:103c7400012122ea0502a1400a431a6070bd013203
:0c3c8400082ae2d11046f9e75434012070
:020000040000fa
:020000040102f7
:103c9000114bd3f8682f60f31242c3f8682fd3f8a2
:103ca000702fc2f307220a70d3f8702fc2f30742b5
:103cb0004a70d3f8702fc2f307628a70d3f8742f5a
:103cc000ca70d3f8742fc2f307220a71d3f8743f75
:0c3cd000c3f307434b717047002401410f
:020000040000fa
:020000040102f7
:103cdc0008b5104bd3f8682f42f40012c3f8682fc4
:103cec001a4600bfd2f8683f9b02fbd40a49002356
:103cfc0082f8683f0a68012013700a681a4401337d
:103d0c00082bd070f9d1f4f767fc0b6800229a707d
:0c3d1c0008bd00bf00240141b8020020d7
:020000040000fa
:020000040102f7
:103d280010b50e4c2c220021204607f073fa0c4add
:103d38000121002006f014fe30220021094807f076
:103d480069fa094be36107f007fe002100b202f0af
:103d580003fbbde81040f9f72db800bf443101203e
:0c3d68009d8f0201e83001201deb0101dd
:020000040000fa
:020000040102f7
:103d740008b561b90e4b1a6802f01f02102a4ff001
:103d8400010313d80b4903fa02f2114071b10a215d
:103d9400407e03f063f9084b1a6842f010021a607f
:103da4001a6842f002021a60002008bd1846fce7b7
:0c3db400583801414ce00100203a014168
:020000040000fa
:020000040102f7
:103dc00001f000428b1aa3f16051b1f5801f0adbac
:103dd000b1f17f6f09d242eac102c10071f1004125
:103de00042eb507070471046704701285b4113f555
:103df000001f02d842f0ff407047c90041ea5070ee
:0c3e0000104340f4800040f08040704708
:020000040000fa
:020000040102f7
:103e0c007fb5002302aa0146092002f0c2f80e2158
:103e1c00019001a807f0e6fd01a840f2863107f0f9
:103e2c00e7fd01a80e2107f0ddfd01a8cd2107f06b
:103e3c00dffd40f2863101a807f0dafd02a807f099
:0a3e4c0069fb002007b05df804fbdd
:020000040000fa
:020000040102f7
:103e560037b5054601910df1020001a906f077ff7d
:103e6600bdf80210002004f05af80028bdf8020040
:103e76000cbf0024122405f0b2fc60b124b9bdf8d1
:103e86000200f8f7e4fa04462846214601f0cbfb87
:0a3e9600204603b030bd0224f6e719
:020000040000fa
:020000040102f7
:103ea00037b5054601910df1020001a906f052ff58
:103eb000bdf80210002004f035f890b9bdf80200fa
:103ec00005f090fc78b1bdf80200fdf7cbfa04468e
:103ed0002846bdf80220214605f056fa204603b0d8
:0a3ee00030bd1224f4e70224f2e7db
:020000040000fa
:020000040102f7
:103eea004144563a747970653d307825782c73656b
:103efa007449643d30782578004144563a43523d2e
:103f0a0030782578004144563a4c696e6b206578c2
:103f1a0069737421004144563a4c696e6b7320727e
:0a3f2a0065616368206d6178210075
:020000040000fa
:020000040102f7
:103f34004144563a52657363684465736328772f26
:103f44006920414341442920666f722043684d61d2
:103f540070557064004144563a5265736368446511
:103f6400736328772f6f20414341442920666f7281
:0a3f74002043684d61705570640031
:020000040000fa
:020000040102f7
:103f7e0010b50b210446002005f0cdfde0b1d4e9cb
:103f8e006c2394f8e410082918bf134627220273f5
:103f9e005a89a0f80d209a89a0f80f20da89a0f886
:103fae0011201a8aa0f813205b8aa0f8153001465a
:0a3fbe002046f7f722f9012010bd9c
:020000040000fa
:020000040102f7
:103fc80038b590f8e230082b05460c4601d0032b93
:103fd80002d1d5f8b00140b995f8e430a3b914205e
:103fe800f4f738f8c5f8b40170b1b4f8013043817a
:103ff800b4f803308381b4f80530c381b4f80730ce
:0a4008000382b4f80930438238bd8a
:020000040000fa
:020000040102f7
:10401200f8b5064608460f46144607f015ff054652
:10402200384607f0f0fe021992b20523002040f252
:10403200e1418a4206d9a2f2e242013592b225f06a
:1040420070450130013bf4d13378b56023f00c03a5
:0a40520043f00c03b2803370f8bd98
:020000040000fa
:020000040102f7
:10405c000a4b4ff4fa321a60094b83221a60094b4f
:10406c005e221a60084b00221a6008490a60084a4e
:10407c000849116007221a60704700bf8033012085
:10408c00843301209431012010e000e018e000e0be
:08409c0014e000e0fff3010055
:020000040000fa
:020000040102f7
:1040a4000c4b1b687bb90c4b1b6873b90b4b1b681f
:1040b4006bb90b4b1b68013b0a4a1068984214bf4a
:1040c4000120022070470020704700207047002024
:1040d400704700bfcc320120d4330120c833012003
:0840e400a8330120e0320120a5
:020000040000fa
:020000040102f7
:1040ec001fb50c460522132102a806f0c1fa21784f
:1040fc00019001a807f076fc618801a807f078fc14
:10410c00a18801a807f074fc02a807f003fa054a7d
:10411c00a18813788b4226bf5b1adbb20023137085
:08412c0004b010bdfc000020ee
:020000040000fa
:020000040102f7
:104134001fb5104bdb799b060c4618d505223e2192
:1041440002a806f099fa1f21019001a807f04efc7d
:10415400217801a807f04afc618801a807f04cfc0b
:1041640001a8217907f042fc02a807f0d7f904b0ae
:0841740010bd00bf4001002056
:020000040000fa
:020000040102f7
:10417c00c10606d5103880b20d2818d80d4b185c26
:10418c00704710f0010f00f0040304d0002b14bf93
:10419c00072006207047820704d5002b14bf0b2084
:1041ac000a207047002b14bf0920082070470020fc
:0841bc00704700bf02b80201c8
:020000040000fa
:020000040102f7
:1041c4004144563a486f7374204348432c43684d26
:1041d40061703d253032785f253032785f2530328a
:1041e400785f253032785f25303278004144563a82
:1041f4004f4f4d28486f73742043684d61702055ac
:0842040070646174652921005a
:020000040000fa
:020000040102f7
:10420c0070b5044690f8ed0010f004000e4615460b
:10421c0010d00321002005f07ffc014608b90020d6
:10422c0070bd11230373467385732046f6f7e6ffc2
:10423c000120f5e7022105f06ffc01460028eed0c5
:08424c000d2303734573f0e735
:020000040000fa
:020000040102f7
:1042540038b503210546002005f062fcd8b11623c9
:10426400037395f84231437395f8433183730146e0
:104274002846f6f7c7ffec7d012c0bd1d5f8b031f9
:10428400b5f860201a8195f842112846f9f7e0fa4a
:08429400a5f86000012038bd0f
:020000040000fa
:020000040102f7
:10429c0030b5cc89b4f5fa7f1cd24b895a1eb2f5d5
:1042ac00fa7f17d20a8ab2f5fa7f13d2934211d948
:1042bc00498aa1f10a0292b240f67645aa4209d87f
:1042cc00428f534304fb0333b3eb810fb4bf012084
:0842dc00002030bd0020fce7ca
:020000040000fa
:020000040102f7
:1042e400f0b5c4880e4b876885b0e6b20093240a03
:1042f40002231a460546cde901468121ec20f2f756
:10430400fbf8084b53f824303bb105f10c02394655
:10431400304605b0bde8f040184705b0f0bd00bf19
:084324003abd020170310120d5
:020000040000fa
:020000040102f7
:10432c0013b50d4c2378a3b90c4a63885288a3802b
:10433c007ab173b10a4b009302220123b921ec200c
:10434c00f2f7d6f8074904f10800f0f7d9f8012381
:10435c002370002002b010bd18320120543201200d
:08436c008fb702010088130065
:020000040000fa
:020000040102f7
:10437400f8b5144606460f4f084606f053fb7b6813
:10438400621e024493423fbf1b1a01339bb2e41adc
:104394003abfa5b21c46002501462246304606f027
:1043a40019f935b12a4639683019bde8f84006f0e4
:0843b40011b9f8bde801002079
:020000040000fa
:020000040102f7
:1043bc0008b5f0f7a7ffa0b901f0b2fb094a1378d2
:1043cc0099070ad443f0020313700749074b084ab4
:1043dc00084806f0fffa06f081fbbde8084002f041
:1043ec006dbe08bdc23401202db1020109ff0101cf
:0843fc00695b020151a40201fa
:020000040000fa
:020000040102f7
:1044040070b58eb0044608ad18220021284606f087
:1044140003ff94f850004ff4800104f06dfd236f06
:104424000595cde9033406ab93e803008de803005a
:1044340003ab0ecb666f0120b0470122294620460c
:08444400ecf7b0f80eb070bdfa
:020000040000fa
:020000040102f7
:10444c0070b54378c56dc1666ff38203437000236a
:10445c0083660c4b1b681646012283f82e220446f9
:10446c00ecf720fe20b96378e56543f00403637034
:10447c0000252046c4e91a652946f8f70dfc2846a4
:08448c0070bd00bf60020020ba
:020000040000fa
:020000040102f7
:104494004278007812f0010318bf0623910748bf41
:1044a4000633510744bf0133dbb2110744bf023363
:1044b400dbb2d10644bf0333dbb2910644bf1233ef
:1044c400dbb2520648bf0133c0f3050048bfdbb27c
:0844d4000138c01ac0b27047a4
:020000040000fa
:020000040102f7
:1044dc0030b5c0f30802c1f308041319490ab3f547
:1044ec009c7f01eb50210b4d0add6ff49c73e0189f
:1044fc004b1c1044ab4280b209d840ea432030bd7b
:10450c00a94298b20b46f8d9a1f50003f5e74b1b6d
:08451c00f3e700bfffff7f0081
:020000040000fa
:020000040102f7
:1045240070b5104e346805464cb9cdb12868b8b1a1
:1045340007f071fc2846bde8704007f06cbca36826
:10454400ab4209d1d4e9002342b15360d4e900233a
:1045540020461a6007f05ffc2468e5e77360f5e71e
:0845640070bd00bf68020020d9
:020000040000fa
:020000040102f7
:10456c0037b50468a36f002b054610da5b000ed537
:10457c0000f0d4faa36f23f00043a36704f08cfb84
:10458c0001ab0422074901950120fcf7d4f800f097
:10459c00c5faa36f23f08043a36704f07dfb03b03f
:0845ac0030bd00bf5404010101
:020000040000fa
:020000040102f7
:1045b40010b50446002007f009f8002006f0feffbd
:1045c400122c12d002d8112c08d010bd213c022c80
:1045d400fbd8084b4ff4a5711a6802e0054b1a6822
:1045e400d82161f30f021a60efe7024b7c211a68ad
:0845f400f7e700bf6434014148
:020000040000fa
:020000040102f7
:1045fc00104b1a686ff3c7121a601a686ff38612a1
:10460c001a601a686ff345121a601a686ff3041275
:10461c001a601a686ff3c3021a601a686ff3820289
:10462c001a601a686ff341021a601a686ff300027d
:08463c001a607047203a0141a9
:020000040000fa
:020000040102f7
:10464400104b1a886ff3c7121a801a886ff38612f8
:104654001a801a886ff345121a801a886ff30412ad
:104664001a801a886ff3c3021a801a886ff38202c1
:104674001a801a886ff341021a801a886ff30002b5
:084684001a807047283a014139
:020000040000fa
:020000040102f7
:10468c0037b5054604f094fd044668b104210020ba
:10469c0005f042fa014690b10a4bc3602846f6f782
:1046ac00adfd204603b030bd01ab04220b212846e2
:1046bc000195fdf7dffab0fa80f46409f1e70446de
:0846cc00efe700bf280105140f
:020000040000fa
:020000040102f7
:1046d40007b50e4807f0f2fa0d4b0e4a1a604ff078
:1046e400ff3300936846cdf803303f238df807303d
:1046f40007f0b5fb0121262000f016ff0121292037
:1047040000f012ff03b05df804fb00bfb5bc02016a
:08471400000300205bbe02015e
:020000040000fa
:020000040102f7
:10471c00f8b50a7912f003061bd10f6892083546da
:10472c0022b9114605f0b1ff3046f8bd51fa85f4b7
:10473c00013ae37994f808c01b0443ea0c6394f83b
:10474c0005c0a47943ea0c0343ea0423eb51043576
:06475c00e6e70126e8e794
:020000040000fa
:020000040102f7
:1047620030b585b0054600230df103010df10200bd
:10477200019302f0b8ff02aa034604462946032029
:1047820001f00cfc9df80210019001a807f02ff92e
:104792009df8031001a807f02af902a806f0bffe4f
:0647a200204605b030bd09
:020000040000fa
:020000040102f7
:1047a80037b5054601910df1010001a907f017f889
:1047b80001a90df1020007f012f801a90df103009b
:1047c80007f00df8019b9df803209df802109df855
:1047d8000100ecf719fa04460146284605f057ff90
:0647e800204603b030bdc5
:020000040000fa
:020000040102f7
:1047ee0037b5054601910df1020001a906f0abfaad
:1047fe00bdf80210002003f08efb80b9bdf8020058
:10480e0004f0e9ff68b1bdf8020005f0fcf80446bb
:10481e002846214600f003ff204603b030bd122487
:06482e00f6e70224f4e7a6
:020000040000fa
:020000040102f7
:10483400544d522c5374617274206e756c6c2069e3
:104844006e7075740051554555452c52656d6f76e3
:104854006520656d707479206c69737400515545d9
:1048640055452c52656d6f766520656c6d20696ebb
:0648740076616c6964002e
:020000040000fa
:020000040102f7
:10487a0030b5d0f8b421b0f84a309488a34218d39e
:10488a001189b0f84e308b4213d35588b0f84630b0
:10489a009d420ed31388b0f848209a4209d3428f1a
:1048aa00534304fb0333b3eb810fb4bf0120002051
:0648ba0030bd0020fce708
:020000040000fa
:020000040102f7
:1048c000026d342301fb032191f82430012b05d123
:1048d0000a7891f82b001ab9012803d800207047f4
:1048e0000028fcd00b6a42b10233187810f03f0068
:1048f000f5d05878c0f3401070479a7802f03f0224
:0649000013440533f1e74a
:020000040000fa
:020000040102f7
:1049080070b58ab004460e4600238df8043007f0cf
:1049180029fa98b105462246314605f059fe032387
:104928008df80530cdf80950adf80d40002201a9e9
:10493800034806f01afb01200ab070bd0020fbe70f
:0449480084000020c7
:020000040000fa
:020000040102f7
:10494c0010b504460378032b04d0042b12d0022b91
:10495c0008d010bd03f049f960680028f9d007f0c1
:10496c0003faf6e701f0f8faa0680028f1d007f096
:10497c00fbf9eee7fcf720fca0680028e9d007f073
:04498c00f3f9e6e76e
:020000040000fa
:020000040102f7
:1049900030b589b0054602910df1070002a906f075
:1049a00022ff03aa02999df80700f5f795fb05aad7
:1049b000034604462946072001f0f1fa0622029038
:1049c00003a902a806f076fb05a806f0a9fd20467b
:0449d00009b030bd3d
:020000040000fa
:020000040102f7
:1049d40030b587b0054600230df1060101a8029306
:1049e40002f052fa03aa034604462946052001f0c0
:1049f400d4fabdf80410029002a806f0fdffbdf839
:104a0400061002a806f0f8ff03a806f087fd20466a
:044a140007b030bdfa
:020000040000fa
:020000040102f7
:104a18001fb50f4b93f90030002b0c4615da08210f
:104a280004220deb010005f025fe2178019001a874
:104a380006f0daff618801a806f0dcff01a82179f9
:104a480006f0d2ff02a806f067fd04b010bd00bf53
:044a580040010020f9
:020000040000fa
:020000040102f7
:104a5c001fb50e4bdb799b060c4615d50c4b93f909
:104a6c000130002b10da03223e2102a805f000fed3
:104a7c001021019001a806f0b5ff01a8218806f0cd
:104a8c00b7ff02a806f046fd04b010bd400100209f
:044a9c0038010020bd
:020000040000fa
:020000040102f7
:104aa00037b5054601910df1010001a906f09bfe05
:104ab00001a90df1020006f096fe01a90df1030017
:104ac00006f091fe9df803209df802109df801006c
:104ad00001f0c2f804460146284605f0dcfd2046f8
:044ae00003b030bd32
:020000040000fa
:020000040102f7
:104ae40038b50d4d01222a700c4a1468230608d5e6
:104af40006f05eff08b100f081ffedf72ffc24f013
:104b0400800424b1064b1b680bb12046984705f07e
:104b140035ff00232b7038bdbc340120103f014108
:044b24001034012028
:020000040000fa
:020000040102f7
:104b28000e4b1a78b2b90e4a4ff48051c2f884106d
:104b3800bff34f8fbff36f8f4900c2f88410bff3e4
:104b48004f8fbff36f8f0903c2f88410bff34f8fe5
:104b5800bff36f8f1a7801321a707047bb34012087
:044b680000e100e088
:020000040000fa
:020000040102f7
:104b6c0010b506210446002004f0d6ffa8b10c2392
:104b7c0003730a4b1b784373094b1b88c38140f2a8
:104b8c008633038294f8f23043f00803014684f82c
:104b9c00f2302046f6f732fb012010bd2c0200202b
:044bac0040020020a3
:020000040000fa
:020000040102f7
:104bb00010b504210446002004f0b4ffc8b1062358
:104bc00084f8e23023230373d4f8443133f8172fe9
:104bd000a0f80d209b78c373d4f844311a7e197c59
:104be000d20962f34511197401462046f6f70cfb11
:044bf000012010bdd3
:020000040000fa
:020000040102f7
:104bf40010b50b4c207850b90a4b1b68596bfcf765
:104c04002bf840b1084b09481968eff77dfc23786d
:104c14000133237010bd064b01221a70f7e700bf61
:104c2400e4010020f0020020e0010020c001002087
:044c3400dc0100207f
:020000040000fa
:020000040102f7
:104c380030b58bb00c4b09934ff4406300240093bc
:104c48000a4b0b4d1b680794cde9044406949b68f6
:104c5800089329466846eef779fb2868f8f78afa38
:104c680020460bb030bd00bf2501020144340120ad
:044c78005c020020ba
:020000040000fa
:020000040102f7
:104c7c002de9f8430d4bdff838901f7880460d4630
:104c8c00002400bf27fa04f3db07e6b206d508229e
:104c9c00414609ebc40005f08bfc28b10134082c0b
:104cac00f0d14220bde8f8832e70fbe7b40200205f
:044cbc00740200205e
:020000040000fa
:020000040102f7
:104cc0002de9f0410e4e002400f117074ff02708a0
:104cd00035682b78e340db070ad508fb0450102227
:104ce0003946223005f06afc003018bf0120a87058
:104cf00033689b7813b90134082ce9d1bde8f08101
:044d0000b8020020d5
:020000040000fa
:020000040102f7
:104d0400f0b587b00f4602ac014601a816461d4611
:104d1400019406f077fe394601a806f073fe314689
:104d240001a806f06ffe294601a806f06bfe234693
:104d3400102203490020fbf702fd07b0f0bd00bfbd
:044d44000001010069
:020000040000fa
:020000040102f7
:104d4800f0b587b00f4602ac014601a816461d46cd
:104d5800019406f055fe394601a806f051fe314689
:104d680001a806f04dfe294601a806f049fe234693
:104d7800102203490020fbf7e0fc07b0f0bd00bf9c
:044d8800000701001f
:020000040000fa
:020000040102f7
:104d8c0010b50f4c2379d90618d5e38801339bb2a3
:104d9c00e38003b9a36005f019f9a36818442379db
:104dac00a0609a064cbf03f0bf0303f07f0383f0af
:104dbc0020032371bde81040fcf744b810bd00bfc0
:044dcc00440200207d
:020000040000fa
:020000040102f7
:104dd000094b0a4910b500241c60094b1c60094ba3
:104de0001c60094b1c60094b1c70094b20461c6061
:104df00006f030ff204610bdc802002035690001d2
:104e00006c3401206834012070340120c502002078
:044e1000ec02002090
:020000040000fa
:020000040102f7
:104e1400122811d004d811284ff0010005d0704792
:104e2400213802280ed901207047094b1a8860f3f3
:104e340083021a8000207047054b1a88022161f30f
:104e44008302f6e7024a138843f00c031380f1e768
:044e5400c034014124
:020000040000fa
:020000040102f7
:104e580070b50e4b1d880e4b03f58252441b9668a5
:104e6800a4b264f31f46966003f582520139d668ee
:104e780003f5825364f31f46d66008441a69401b41
:104e880080b260f31f421a6170bd00bf700200203b
:044e980000240141b0
:020000040000fa
:020000040102f7
:104e9c0053434e3a64697361626c6520314d205303
:104eac00434e2c6572726f72436f64653d256400ce
:104ebc0053434e3a64697361626c6520436f646559
:104ecc00642053434e2c6572726f72436f64653d60
:034edc002564004a
:020000040000fa
:020000040102f7
:104ee00030b593b00546019102a801a9202206f031
:104ef000d7f8202201a90aa806f0d2f801a90df1dd
:104f0000030006f070fc9df803200aa902a8eff741
:104f10005fff04460146284600f088fb204613b098
:024f200030bda2
:020000040000fa
:020000040102f7
:104f2200434d443a5365745041506172616d004182
:104f320044563a50412c65767442773d25642c697b
:104f42006e74766c3d25640050413a736574494431
:104f52003d2564004552523a7374617475733d2560
:024f62006400e9
:020000040000fa
:020000040102f7
:104f640010b5d0e96c3290f8e24092b0082c18bf2a
:104f7400134641f22302adf800200288adf8062062
:104f84005a89adf808206846d3f80e205b8a8df85c
:104f94000410cdf80a20adf80e3001f027ff12b04e
:024fa40010bd3e
:020000040000fa
:020000040102f7
:104fa600026d342301fb03210a78086acb788ab99b
:104fb600013bdbb2ff2b00f1020200d170471278f1
:104fc60002f03f0203321044f2e7127802f03f0289
:104fd60003321044013b13f0ff0300f10202f4d147
:024fe600704712
:020000040000fa
:020000040102f7
:104fe80090f86c30d9070ad5826f42f08042826708
:104ff800da43c2f3c01262f3c71380f86c3090f83a
:105008006c309a0741bf0222027783f04002c2f354
:1050180080124bbf62f38613012380f86c3003774c
:025028007047cf
:020000040000fa
:020000040102f7
:10502a0053434e3a656e61626c6520314d2053439d
:10503a004e2c6572726f72436f64653d256400532e
:10504a00434e3a656e61626c6520436f6465642005
:10505a0053434e2c6572726f72436f64653d2564cb
:01506a000045
:020000040000fa
:020000040102f7
:10506c0010b5054c227832b9044b13b10448aff398
:10507c0000800123237010bd383201200000000095
:10508c000000000008b5034b1bb103490348aff304
:10509c00008008bd000000003c3201200000000030
:020000040000fa
:020000040102f7
:1050ac0008b50246084611680c4b1964516819651d
:1050bc0091681966d16819671169c3f88010516934
:1050cc00c3f890109169c3f8a010d269c3f8b0204e
:1050dc00022102f06bf9012008bd00bf000600445c
:020000040000fa
:020000040102f7
:1050ec00074b084a1a60084b084a1a60084a094bd1
:1050fc001360094a1360094a00201360704700bf0f
:10510c00c8000020517f0201100100207d6a0201bd
:10511c00dc330120dd100001e0330120d833012005
:020000040000fa
:020000040102f7
:10512c002000800000c000000000040000002822c5
:10513c00000000000000040000f7ffff7f000000eb
:10514c0030f0ffffffffff07e0070004fa41030008
:10515c000000000000000000000000000000000043
:020000040000fa
:020000040102f7
:10516c0010b586b004460df105010df1060002f0f4
:10517c0045fb002303aa2146042000f00affbdf8da
:10518c000610029002a806f033fc9df8051002a848
:10519c0006f028fc03a806f0bdf9002006b010bdef
:020000040000fa
:020000040102f7
:1051ac0030b587b005460df1060101a801f09cfe53
:1051bc0003aa034604462946052000f0eafebdf882
:1051cc000410029002a806f013fcbdf8061002a809
:1051dc0006f00efc03a806f09df9204607b030bd82
:020000040000fa
:020000040102f7
:1051ec001fb50e4b1b78db060c4614d5042205218b
:1051fc0002a805f03dfa2178019001a806f0f2fb17
:10520c00618801a806f0f4fb01a8217906f0eafbfd
:10521c0002a806f07ff904b010bd00bf40010020c9
:020000040000fa
:020000040102f7
:10522c0044200000e9da01014520000029ad02010b
:10523c0046200000dd8b020147200000a956020128
:10524c0048200000e7560201492000003fad020152
:10525c004a2000001d6c0201592000000369020164
:020000040000fa
:020000040102f7
:10526c0073b50c4c0c4e0d4d23684ff0ff329b6afe
:10527c0001a9304698470128f6d10198437955f891
:10528c0023309847019890f90430002becdb01f0a7
:10529c00f3fce9e75801002084010020f8310120db
:020000040000fa
:020000040102f7
:1052ac0038b505460c4605f033f8a8b10b4b186819
:1052bc002946043006f0ccfb60b190f8f8305bb1b5
:1052cc0090f83430237050f8283f13608388938013
:1052dc00002038bd4220fce70c20fae798010020a2
:020000040000fa
:020000040102f7
:1052ec004144563a6164645265712c6576743d256f
:1052fc00642c62573d256c75287573292c696e7466
:10530c00766c3d256c75287573292c72616e6765fa
:10531c00324f66667365743d256c7528757329006c
:020000040000fa
:020000040102f7
:10532c000a4b0b4810b50024c3e90044094b1c6020
:10533c0006f0e8fb084806f0fdfb0849022006f0e1
:10534c0093fb03f0ebf8204610bd00bf583301204f
:10535c005d9502019c010020ed6c0201f1e1000160
:020000040000fa
:020000040102f7
:10536c00084a094900231360084a1360084a13606d
:10537c00084a1360084a1360084a0620136006f0b6
:10538c0073bb00bf28340120cd3001012c34012027
:10539c002034012024340120a4010020a00100208d
:020000040000fa
:020000040102f7
:1053ac0010b50b210446002004f0b6fbb8b1d4f8bc
:1053bc00b031262202731a88a0f80d205a88a0f862
:1053cc000f209a88a0f81120da88a0f813201b89e6
:1053dc00a0f8153001462046f5f710ff012010bd4e
:020000040000fa
:020000040102f7
:1053ec00d0f8b4110a8b4b8b9a4217d8063a92b26a
:1053fc0040f67a40824211d8063b9bb283420dd8cc
:10540c008b8bb3f5fa7f09d2c88b0a3880b240f681
:10541c00764398428cbf00200120704700207047d3
:020000040000fa
:020000040102f7
:10542c0010b50e4a0321012005f098fa06f011fd83
:10543c0010b90024204610bd00f052fd0028f8d011
:10544c0002f08cfb0028f4d000f02cfd0446002860
:10545c00efd0fff739f906f039fcebe7cdbd0201cf
:020000040000fa
:020000040102f7
:10546c001fb50b7b0290022b8df80c300ed101680e
:10547c008b6f43f480038b67009202ab08220749c1
:10548c000120fdf725f805b05df804fb272b01bfc3
:10549c000168cb6f43f00203cb67ede70006010117
:020000040000fa
:020000040102f7
:1054ac00122917d00bd8112911d00c4b1b68c3f340
:1054bc004113012b07d1000100f519707047222907
:1054cc00f9d02329f1d1800100f266307047c00079
:1054dc00e63070478000c230704700bfc0340141d5
:020000040000fa
:020000040102f7
:1054ec0010b5044606f0def80369fe2b81bf0023dd
:1054fc0063770368826894bf01239b18064a98bfa0
:10550c006377126898bf43699b1a044a11689bb26f
:10551c0063f30f01116010bd700200204c34014187
:020000040000fa
:020000040102f7
:10552c001fb58df80d108df80c00f4f70dfa0df178
:10553c000b03019303ab8df80b00009301220223a4
:10554c0042f2740140f2011003f082f89df80b2036
:10555c00024b33f8120005b05df804fbbcd5010119
:020000040000fa
:020000040102f7
:10556c0010b50e4c3c20218801f060f86188442075
:10557c0001f05cf8a388002203211c2003f077fec5
:10558c00e38810221621142003f071fe23891022c7
:10559c0016216420bde8104003f069be080300200a
:020000040000fa
:020000040102f7
:1055ac0010b53c2002f0d2f90c4c2080442002f0c3
:1055bc00cdf90022608003211c2004f0d1fd1022c3
:1055cc00a0801621142004f0cbfd1022e0801621bf
:1055dc00642004f0c5fd208110bd00bf080300202d
:020000040000fa
:020000040102f7
:1055ec00434d443a457874437265617465436f6efc
:1055fc006e00494e493a5068793d25642c696e74a9
:10560c00766c3d307825782c77696e3d307825782e
:0f561c00004552523a7374617475733d256400f2
:020000040000fa
:020000040102f7
:10562c007fb505460e4602ac01a80f21019406f089
:10563c00d9f904210deb010006f0d4f9314601a88b
:10564c0006f0d0f901a8012106f0ccf9294601a8f1
:0e565c0006f0cef9204605f05dff04b070bdeb
:020000040000fa
:020000040102f7
:10566a0037b5054601910df1020001a906f0b6f819
:10567a00019c01a9a31d0df10300019306f0aef8e8
:10568a009df803209df802002146f1f716ff044613
:0e569a000146284604f0faff204603b030bd5a
:020000040000fa
:020000040102f7
:1056a80037b5054601910df1030001a906f097f8f9
:1056b800019c01a9a31d0df10200019306f08ff8ca
:1056c8009df802209df803002146f5f721fb0446ca
:0e56d8000146284604f0dbff204603b030bd3b
:020000040000fa
:020000040102f7
:1056e60037b5054601910df1020001a906f078f8db
:1056f600019c01a9a31d0df10300019306f070f8aa
:105706009df803209df802002146f6f7ccf80446e2
:0e5716000146284604f0bcff204603b030bd1b
:020000040000fa
:020000040102f7
:1057240010b509210446002004f0faf9b0b115239c
:105734000373b4f86430a0f80d30b4f86630a0f800
:105744000f30b4f86030a0f81130b4f86230a0f82b
:0e575400133001462046f5f755fd012010bd2b
:020000040000fa
:020000040102f7
:10576200434d443a53657453636e506172616d00e8
:1057720053434e3a747970653d25642c696e747694
:105782006c3d307825782c77696e3d30782578002d
:0e5792004552523a7374617475733d2564007c
:020000040000fa
:020000040102f7
:1057a00059b1437e212b10d009d8112b13d0122bc5
:1057b00008bf012018bfff207047837ef2e7222b2d
:1057c0000bd0232b08bf0220f4e7c37e002b0cbfb5
:0e57d00002200320704700207047032070471e
:020000040000fa
:020000040102f7
:1057de0070b50468a36f43f08003a36705460e46b9
:1057ee0003f057fd90b9a36f23f0800343f40073c9
:1057fe00a3672846f5f729fb2046012100f01ffc80
:0e580e0031462846bde87040dff717bc70bd7c
:020000040000fa
:020000040102f7
:10581c00494e493a436c6f736500494e493a4352bd
:10582c003d30782530327800494e493a4c696e6be0
:10583c002065786973742100494e493a4c696e6b46
:0d584c0073207265616368206d6178210032
:020000040000fa
:020000040102f7
:1058590053434e3a445453746172742834292c6466
:1058690075723d25640053434e3a50545374617226
:10587900742833290053434e3a5054537461727457
:0d5889002834292c5054636e743d256400b2
:020000040000fa
:020000040102f7
:1058980000b583b00023019301a90068f7f714f855
:1058a80018b9002003b05df804fb019b4bb1064b0f
:1058b8004ff080521a60bff34f8fbff36f8f0120f4
:0c58c800f0e70120eee700bf04ed00e077
:020000040000fa
:020000040102f7
:1058d40000b583b00023019301aa0068f3f756fdd5
:1058e400012803d0002003b05df804fb019b43b101
:1058f400054b4ff080521a60bff34f8fbff36f8f89
:0c590400f1e70120efe700bf04ed00e038
:020000040000fa
:020000040102f7
:1059100001238b734b68b3b110b58ab01a684a6023
:1059200072b10c4607228df80420cdf8053001a98c
:105930000548fff7cfff204603f0eafc0ab010bd90
:0c5940000a1d8a60ede77047840000201b
:020000040000fa
:020000040102f7
:10594c00094b1a68094b1b68d86a58b9084b1b6875
:10595c00012b08d8012a06d8064b1868064b1b6881
:10596c00c01a704700207047b83301209c330120c7
:0c597c00502f0120c0330120d033012047
:020000040000fa
:020000040102f7
:1059880010b504460a4b1b680a4a126803449a4237
:1059980004d0074b18682044186010bd04f078f94b
:1059a800054a13680133136005f0fefa013cf0e77d
:0c59b800d0330120c0330120c83301208f
:020000040000fa
:020000040102f7
:1059c40007b50c4bdb799a0610d50b4b9b78db079c
:1059d4000cd501223e21684604f04efe11210190af
:1059e40001a806f003f8684605f098fd03b05df8d9
:0c59f40004fb00bf40010020380100202f
:020000040000fa
:020000040102f7
:105a00000b4b1a6842f480121a600a4a118e6ff327
:105a1000c71111861a6a02f44032b2f5003ff9d17b
:105a20005a6822f400025a60034b00221a70704731
:0c5a30000040014100240141b834012075
:020000040000fa
:020000040102f7
:105a3c0010b54ff000030c4a51b192f9011090f9d6
:105a4c0000408c4207db017043f00203184610bd86
:105a5c0092f90210f3e792f903209442dcbf027032
:0c5a6c0043f00103f2e700bf8a010020b4
:020000040000fa
:020000040102f7
:105a780008b50d4b1b680146181d05f0ebff78b102
:105a880090f8f83053b190f84720072a0ad8d32362
:105a9800d34013f0010f14bf0c230023184608bd90
:0c5aa8004223fbe70023f9e798010020ef
:020000040000fa
:020000040102f7
:105ab400064b074a1a60074b074a1a60074b084a05
:105ac4001a60084b084a1a60002070479c010020a5
:105ad400810a0101d402002075060201d0020020cf
:0c5ae4008ba10201d802002015d30101a3
:020000040000fa
:020000040102f7
:105af00038b504460d460020092104f013f888b19a
:105b0000094b05731a681368c0f80d305368c0f864
:105b10001130037c23f00803037401462046f5f797
:0c5b200073fb012038bd00bfac01002069
:020000040000fa
:020000040102f7
:105b2c000b4b1b7813f0060311d10a4a13700a4a67
:105b3c0008214ff47060013911f0ff01108093704f
:105b4c00c2f80330a2f8073002f10a02f3d1704711
:0c5b5c00c2340120bf34012018300120a9
:020000040000fa
:020000040102f7
:105b6800f8b50d4d06460f4600242b88b3f5706f27
:105b780008d0ab78b34205d10622e91c384604f0b8
:105b880019fd38b10134e4b2082c05f10a05ecd14d
:0c5b98000020f8bd0120fce718300120bf
:020000040000fa
:020000040102f7
:105ba40037b50c4c237893b9658885b10a4b0093bb
:105bb40002220123b321ec200195f0f79dfc42f26f
:105bc40010716943201deef79ffc01232370002010
:0c5bd40003b030bd5432012046ae020187
:020000040000fa
:020000040102f7
:105be00010b50c4c236843b11b68186d06f015f90d
:105bf0002068fef797fc00232360074c236843b11d
:105c00001b68186d06f009f92068fef78bfc00236d
:0c5c1000236010bdb8010020b40100208a
:020000040000fa
:020000040102f7
:105c1c0010b50a4b1c78013ce4b21c706cb90848f6
:105c2c00f0f722fa074b1a783ab11c70064b1b6836
:105c3c00bde81040986bf4f783be10bde401002062
:0c5c4c00c0010020dc010020f00200205c
:020000040000fa
:020000040102f7
:105c5800272870b505460e46144610d8072a0ed8d0
:105c680000f076fc68b1084b00221a7301225d70bf
:105c78009e70dc701a71bde87040fef7d9bf122023
:0c5c880070bd0720fce700bf44020020b4
:020000040000fa
:020000040102f7
:105c940010b5084b084900241c70084b1a68084bbf
:105ca4001a70084b1c61084b08201c6005f0e0fecc
:105cb400204610bd5a020020d99e020168340141d9
:0c5cc40058020020440200205c02002076
:020000040000fa
:020000040102f7
:105cd00008b50379092b0ed00b2b10d0052b13d14f
:105ce0008268114602f10c0331f8020b5289f1f778
:105cf00047ff012008bd8068f8f7a4fcf9e7836836
:0c5d00001868fef7c3fcf4e70020f3e78e
:020000040000fa
:020000040102f7
:105d0c0010b590f8f4309b0704460fd1faf71ef843
:105d1c0008b9002010bd40f22113a4f8e23094f829
:105d2c006d3043f0200384f86d30f3e70a2104f062
:0c5d3c00eaf90028edd040f22243eee727
:020000040000fa
:020000040102f7
:105d480070b50d4b1c680546861c0cb9204670bd05
:105d5800627b6b789a420ad10622314604f10e0022
:105d680004f028fc18b9227b2b789a4201d02468c9
:0c5d7800ebe70120ebe700bf60330120e7
:020000040000fa
:020000040102f7
:105d840070b50446b8b10c4d2b68d3f88061fef7aa
:105d9400c9fe66b926602b68d3f8843163601c6041
:105da4002b68c3f88441bde8704002f079bfa64275
:0c5db400f9d03668ede770bd60020020f9
:020000040000fa
:020000040102f7
:105dc000f8b50d4d06682b8840f6fe6293429abfe7
:105dd00001339bb200232b8040f6fe772c882046af
:105de00003f000fd08b93480f8bdbc429abf01340d
:0c5df000a4b200242c80f1e74837012009
:020000040000fa
:020000040102f7
:105dfc00072838b514d80b4c03b224685d00ec406e
:105e0c0004f00304012c0bd11d44074b03eb450399
:105e1c001c6814609b889380f9f744fa002038bd05
:0c5e2c001f20fce754340120003301412a
:020000040000fa
:020000040102f7
:105e38000d4a03460068106098889b79908093719a
:105e480032f8040c40f0020022f8040c52f8080c56
:105e5800430041bf906a086002f12803002046bf52
:0c5e68009b888b801f2070477033014125
:020000040000fa
:020000040102f7
:105e740010b590f86c309b07014616d5d0f8ac30bd
:105e84009bb190f821201c8922441a8105f066fcfc
:105e9400d1f8ac3018895a89904206d1c1f8b03093
:0c5ea4000846bde8104005f0f0bc10bd41
:020000040000fa
:020000040102f7
:105eb00038b50c4c2368254663b12b688c22002131
:105ec000184605f0abf918224270074805f0ccfde2
:105ed000012038bd8c2005f09eff20600028ecd109
:0c5ee000f7e700bf8c340120c95c010111
:020000040000fa
:020000040102f7
:105eec0038b50b4c236825465bb12b68094a1a6000
:105efc002b68c3e90122da60074ac3e904220120b6
:105f0c0038bd182005f081ff20600028edd1f7e79f
:0c5f1c000403002067be02016bbe0201fe
:020000040000fa
:020000040102f7
:105f2800434d443a536574507269766163794d6f95
:105f380064652c616464723d307825303278253090
:105f4800327825303278253032782530327825304d
:0b5f580032782c6d6f64653d256400fd
:020000040000fa
:020000040102f7
:105f640070b50546c4880534a4b2204605f0fcfe8d
:105f740090b1064602230370ab88a0f80130eb8889
:105f8400a0f80330ea88a968053004f023fb324600
:0a5f940021460020fbf7e4f870bd81
:020000040000fa
:020000040102f7
:105f9e0073b504460e4601a80e211d46019205f06a
:105fae0020fde11c01a8c9b205f01bfd01a80121cd
:105fbe0005f017fd314601a805f019fd01a8294687
:0a5fce0005f00ffd019802b070bd50
:020000040000fa
:020000040102f7
:105fd800434d443a5365745478506f7765725265ef
:105fe800706f7274696e67456e61626c652c486487
:105ff8006c3d307825782c4c6f63616c3d25642ca2
:0a60080052656d6f74653d2564005c
:020000040000fa
:020000040102f7
:1060120038b590f8f430db07044615d5b0f85011c6
:1060220042f21075694300f5ba70eef76efab4f8f1
:10603200521104f5c6706943eef767fa94f86e30b0
:0a6042006ff3410384f86e3038bd9f
:020000040000fa
:020000040102f7
:10604c0010b5044690f8b43031b123b9b0f8b8307b
:10605c000133a0f8b83010bd5bb90146b630f8f783
:10606c0011fe94f8ba3084f8b6300123a4f8b83095
:0a607c00f1e7bde81040f9f727bb7b
:020000040000fa
:020000040102f7
:1060860010b581213c2000f0d4fa8121442000f093
:10609600d0fa00231a4603211c2003f0ebf8032351
:1060a60010221621142003f0e5f8032310221621ee
:0a60b6006420bde8104003f0ddb8df
:020000040000fa
:020000040102f7
:1060c0000b4b5b8b13f0070300d1704710b5094ce5
:1060d000e38501f0a1f9064b84221a75002384f8a8
:1060e0002c30636a13b1a06a636a984710bd00bf81
:0860f000000c0040b830012053
:020000040000fa
:020000040102f7
:1060f80030b585b0054600230df10300019303f088
:10610800cbfa02aa0346044629460220fff743ffba
:106118009df80310019001a805f066fc02a805f09f
:08612800fbf9204605b030bd73
:020000040000fa
:020000040102f7
:1061300030b589b00546002302a8019302f052fe53
:1061400004aa0346044629460920fff728ff08222f
:1061500001900deb020101a804f0acff04a805f0ca
:08616000dff9204609b030bd53
:020000040000fa
:020000040102f7
:106168000c4bd3f8002c60f31742c3f8002cd3f87b
:10617800002c61f30f02c3f8002cd3f8042c42f46e
:106188008012c3f8042c00bfd3f8042cd202fbd42d
:08619800704700bf0024014123
:020000040000fa
:020000040102f7
:1061a00030b585b005460df102000191fcf73cfbce
:1061b00002aa0346044629460320fff7f0fe019099
:1061c00038b101a8bdf8021005f018fc02a805f0ce
:0861d000a7f9204605b030bd1f
:020000040000fa
:020000040102f7
:1061d80030b585b005460df103000191fdf770fc5f
:1061e80002aa0346044629460220fff7d4fe01907e
:1061f80038b101a89df8031005f0fcfb02a805f0d2
:086208008bf9204605b030bd02
:020000040000fa
:020000040102f7
:1062100008b542f23e0398420dd0013398420cd0ab
:10622000b0f5015f0bd10222064b03ebc2035b68a2
:106230009847012008bd0022f6e70122f4e700207c
:08624000f8e700bfd8a8020135
:020000040000fa
:020000040102f7
:106248001fb50c4b93f90530002b0c4610da0322ce
:10625800302102a804f00efa2178019001a805f077
:10626800c3fb01a8618805f0c5fb02a805f054f935
:0862780004b010bd400100203c
:020000040000fa
:020000040102f7
:1062800008b5064b064a5a62064b074a07489a6108
:1062900005f0c7fd064b074ada6008bdc8000020bc
:1062a000dd8002011001002009810201ad9302018d
:0862b0000001002027be0201dd
:020000040000fa
:020000040102f7
:1062b80008b541f20e0398420dd0013398420cd034
:1062c800013398420bd10222064b03ebc2035b68f1
:1062d8009847012008bd0022f6e70122f4e70020d4
:0862e800f8e700bf20a9020144
:020000040000fa
:020000040102f7
:1062f00030b585b0054600230df10200019302f090
:10630000c1fd02aa0346044629460320fff747fec3
:10631000bdf80210019001a805f070fb02a805f07d
:08632000fff8204605b030bd76
:020000040000fa
:020000040102f7
:10632800094a0a4900231370094a0b604b60114659
:10633800c2e9003241f8083fd160064a118863f388
:10634800c3011180704700bfbe34012050330120c3
:0863580008330120203e014141
:020000040000fa
:020000040102f7
:10636000094b0a4a18800a4b1880c3b203f10b008c
:10637000183bd370074bc2f8053040b290701070d4
:1063800050701071fbf74cbf940100208a0100206f
:0863900088010020e2d8cef6de
:020000040000fa
:020000040102f7
:1063980000b593b041f20403adf8003003888df8de
:1063a8000410adf8063059b9d0f8b021106851681a
:1063b80002ab03c3684600f017fd13b05df804fb99
:0863c8000023cde90233f5e7e3
:020000040000fa
:020000040102f7
:1063d00090f8e230052b01d0032b14d1d0f8b03166
:1063e0008bb1b1f801201a81d0f8b031b1f8032097
:1063f0005a81d0f8b031b1f805209a80d0f8b03188
:08640000b1f80720da807047b3
:020000040000fa
:020000040102f7
:1064080013b50c46087000212046fff713fb084a15
:1064180094f9003053700193064b00930222012334
:106428002e21ec20f0f766f8002002b010bd00bf66
:086438008a010020bc9802015a
:020000040000fa
:020000040102f7
:1064400013b50c46087000212046fff7f7fa084afa
:1064500094f9003013700193064b0093022201233c
:106460002f21ec20f0f74af8002002b010bd00bf49
:086470008a010020e09a0201fc
:020000040000fa
:020000040102f7
:106478000b4a30b500230a2404fb03f18d5a8542e8
:1064880008d14ff470635352064a1378013b1370d6
:10649800002030bd0133082beed10220f9e700bf00
:0864a80018300120bf3401206f
:020000040000fa
:020000040102f7
:1064b00073b50b4c23788bb96678022e0ed101f0a0
:1064c0005bf9084b01900546009332460123c92130
:1064d000ec20f0f713f80db90123237002b070bd62
:0864e000bc01002000a2020132
:020000040000fa
:020000040102f7
:1064e80007b50b4b02881a8042885a8082889a80a6
:1064f800c288da8002891a81064b0093022201239e
:106508003c21ec20eff7f6ff002003b05df804fb18
:0865180008020020b3a70201f4
:020000040000fa
:020000040102f7
:1065200013b50b4b1b681a7860f3041204461a70fb
:1065300008b9fff773fb074b009301940123022274
:106540003d21ec20eff7daff002002b010bd00bfc4
:08655000f0020020d8b30201a3
:020000040000fa
:020000040102f7
:1065580010b520210820f8f723fa044668b103682b
:1065680020220021184604f055fe08228460227279
:10657800034a6260034a04461060204610bd00bf0b
:08658800fd84020144340120ee
:020000040000fa
:020000040102f7
:1065900008b50b4b186005f03ffb002001f0c4f973
:1065a000012001f0c1f9e9f7a9fcf0f719f801f0b1
:1065b000a3f9044b00221a60bde8084000f020b89f
:0865c000700200205434012098
:020000040000fa
:020000040102f7
:1065c80037b505460df1070002f0bcfc70b99df81f
:1065d8000740074a296802ebc40201231160696871
:1065e8005160044a1178a3400b43137003b030bdc7
:0865f80074020020b40200202f
:020000040000fa
:020000040102f7
:1066000008b5082001f0a8f9074b18801f2001f0f9
:10661000a3f9064b1880512001f09ef9044b188015
:10662000044bff221a7008bdc0020020c2020020e5
:08663000bc020020be020020a4
:020000040000fa
:020000040102f7
:106638000c4bd3f8002c60f31742c3f8002cd3f8a6
:10664800002c61f30f02c3f8002cd3f8042c42f499
:106658008012c3f8042c00bfd3f8042cd202fbd458
:08666800704700bf002401414e
:020000040000fa
:020000040102f7
:106670000c4b03f5d3521520d16860f31f61d16034
:10668000d168192003f5835360f31741d1609a68ec
:10669000062161f31f729a609a68022161f31b62fe
:0866a0009a60704700240141db
:020000040000fa
:020000040102f7
:1066a80003780133dbb20370abb943780133dbb253
:1066b800437083b983780133dbb283705bb9c378e5
:1066c8000133dbb2c37033b902797f2a01d1037178
:0866d8007047013202717047a6
:020000040000fa
:020000040102f7
:1066e00090f86430012b10b515d1b0f87010028d00
:1066f000531a9bb247f6fe74a3420cd891420ad1ba
:10670000034653f8652fc0f86a201b7980f86e3075
:08671000002380f8643010bd85
:020000040000fa
:020000040102f7
:1067180070b50b480b4d4ff6ff76016821b94368f9
:1067280013b9f6f7d2fb70bd83684268334000f1b5
:106738000c0455f823302046984704eb8000ece71a
:086748007444000108b20201d3
:020000040000fa
:020000040102f7
:106750004ff4001c1ceb410f98bf1ceb430f11d8ea
:1067600051ea030c50ea4c0c5cea020c0ad004d249
:1067700082428b4180414042704790429941804122
:08678000404270470020704701
:020000040000fa
:020000040102f7
:1067880030b593b00546019102a801a9202204f072
:1067980083fc01a90aa8202204f07efc00220aa991
:1067a80002a8eef711fb044601462846fef73aff19
:0667b800204613b030bdc5
:020000040000fa
:020000040102f7
:1067be0030b585b005460df10300019102f07bff67
:1067ce0002aa0346044629460220fff7e1fb9df884
:1067de000310019001a805f004f902a804f099fe37
:0667ee00204605b030bd9d
:020000040000fa
:020000040102f7
:1067f40037b5054601910df1020001a904f0f1ff3e
:1068040001a90df1030004f0ecff9df803109df8bd
:106814000200f3f79df804460146284603f039ffc9
:06682400204603b030bd68
:020000040000fa
:020000040102f7
:10682a0073b5054601910df1030001a904f0d6ffe5
:10683a009df80300019efff71af9044620b9314674
:10684a009df80300f8f74ffb2846214603f01eff88
:06685a00204602b070bdf3
:020000040000fa
:020000040102f7
:1068600037b5054601910df1020001a904f0bbff07
:1068700001a90df1030004f0b6ff9df803109df887
:106880000200fcf7d5fc04460146284603f003ff4e
:06689000204603b030bdfc
:020000040000fa
:020000040102f7
:1068960037b5054601910df1020001a904f0a0ffec
:1068a60001a90df1030004f09bff9df803109df86c
:1068b6000200ebf704fe04460146284603f0e8fe14
:0668c600204603b030bdc6
:020000040000fa
:020000040102f7
:1068cc0037b5054601910df1020001a904f085ffd1
:1068dc0001a90df1030004f080ff9df803109df851
:1068ec000200f2f717fb04460146284603f0cdfee2
:0668fc00204603b030bd90
:020000040000fa
:020000040102f7
:1069020037b5054601910df1020001a904f021fa03
:1069120001a90df1010004f065ff9df80110bdf819
:106922000200f2f75eff04460146284603f0b2fe7b
:06693200204603b030bd59
:020000040000fa
:020000040102f7
:1069380000b593b0024641f20503adf80030038874
:10694800adf8043052f8ff3fcdf806305368cdf863
:106958000a30b0f80831adf80e30684600f044fa55
:0669680013b05df804fb12
:020000040000fa
:020000040102f7
:10696e0010b5c27d90f8ed3004468ab99a070bd562
:10697e000f212046eff7f5ff08b9002010bd1123b7
:10698e0084f8e2300120f9e70121eef7b8fff3e7d2
:06699e009b07f2d5ece7b7
:020000040000fa
:020000040102f7
:1069a40084b013b505ac84e80e0030b101280bd0d7
:1069b40002b0bde8104004b07047099b009394e80e
:1069c4000f00ebf72dfef3e7099b009394e80f000b
:0669d40000f0f0ffece70b
:020000040000fa
:020000040102f7
:1069da0038b504680546fef7a2f8a36f23f08003d2
:1069ea0043f48043a36702f058f9a36f5a0609d407
:1069fa00227d0ab99b0005d528460021bde838400a
:066a0a00def71dbb38bde4
:020000040000fa
:020000040102f7
:106a100038b590f8e43005460c469bb91420f1f7e0
:106a20001dfbc5f8b401b4f801300380b4f803309d
:106a30004380b4f805308380b4f80730c380b4f8dd
:066a40000930038138bd9e
:020000040000fa
:020000040102f7
:106a460030b40d68b5f1ff3f02d000f1080202e054
:106a5600026904e01a4653681c68ac42fad95368c6
:106a66004b6099608a605160086103680133036076
:046a760030bc704779
:020000040000fa
:020000040102f7
:106a7c00842808b50ed041f2080398420cd001339b
:106a8c0098420bd10222064b03ebc2035b6898477a
:106a9c00012008bd0022f6e70122f4e70020f8e708
:046aac00a8a8020193
:020000040000fa
:020000040102f7
:106ab00010b586b003aa002301460720fff76ffa3e
:106ac0000df10501044601a803f026f9ddf80530b3
:106ad0002360bdf80930a38003a804f021fd002045
:046ae00006b010bd2f
:020000040000fa
:020000040102f7
:106ae40030b589b0054602a800f09af904aa034615
:106af400044629460920fff750fa082201900debbd
:106b0400020101a804f0d4fa04a804f007fd204609
:046b140009b030bdd7
:020000040000fa
:020000040102f7
:106b180037b5054601910df1020001a904f016f9f7
:106b2800bdf80200431eb3f5e16f09d200f0c4f9c5
:106b380004462846214603f0aafd204603b030bd8e
:046b48001224f6e736
:020000040000fa
:020000040102f7
:106b4c0037b505460191684601a904f0fdf801a985
:106b5c000df1020004f0f8f8bdf90210bdf90000c7
:106b6c00f2f778f904460146284603f08efd2046dc
:046b7c0003b030bd75
:020000040000fa
:020000040102f7
:106b800030b585b005460df10300fbf7cbfe02aa38
:106b90000346044629460220fff701fa9df8031038
:106ba000019001a804f024ff02a804f0b9fc2046db
:046bb00005b030bd3f
:020000040000fa
:020000040102f7
:106bb40030b585b005460df1030004f0c9fa02aa08
:106bc4000346044629460220fff7e7f99df803101f
:106bd400019001a804f00aff02a804f09ffc2046db
:046be40005b030bd0b
:020000040000fa
:020000040102f7
:106be800862808b50ed041f2020398420cd009332a
:106bf80098420bd10222064b03ebc2035b6898470d
:106c0800012008bd0022f6e70122f4e70020f8e79a
:046c180008a90201c4
:020000040000fa
:020000040102f7
:106c1c0030b585b005460df10300fcf71bfc02aa4c
:106c2c000346044629460220fff7b3f99df80310ea
:106c3c00019001a804f0d6fe02a804f06bfc2046db
:046c4c0005b030bda2
:020000040000fa
:020000040102f7
:106c500098b10a4a50f8043c126813420dd050f81b
:106c6000081c51b9064923ea02030a6840f8043cab
:106c7000134408380b60fcf701bf7047e433012070
:046c8000e8330120d4
:020000040000fa
:020000040102f7
:106c840038b5044690b10379c3f3801503f028fbab
:106c9400074b1b68002203ebc503226059680c6094
:106ca4005c602271bde8384002f0eabb38bd00bf29
:046cb400f833012090
:020000040000fa
:020000040102f7
:106cb80008b568b1084b1b68984740b1074b0122db
:106cc8001a70074b1b78002b0cbf1046022008bd1a
:106cd800024b1870fbe700bf04340120b9340120cf
:046ce800b83401209b
:020000040000fa
:020000040102f7
:106cec000b4b1a6832b192f89810012902d1107c22
:106cfc0001280bd0586848b190f89830012b04d17a
:106d0c00007c431e5842584170470020704700bf1a
:046d1c0058330120c7
:020000040000fa
:020000040102f7
:106d200010b592b041f20c04adf8004090f8f2407a
:106d30008df804306ff34104038880f8f240684610
:106d4000adf806308df808108df8092000f050f8e5
:046d500012b010bdb0
:020000040000fa
:020000040102f7
:106d5400434d443a536574506174684c6f73735275
:106d640065706f7274696e67456e61626c652c48fc
:106d7400646c3d3078253034782c456e61626c65e6
:046d84003d25640045
:020000040000fa
:020000040102f7
:106d880010b50b4b1c680cb920460fe0a3681a7aa3
:106d9800052a01d02468f6e7186890f8f230db0677
:106da800f8d5edf789ff0028f4d1072010bd00bf02
:046db800680200204d
:020000040000fa
:020000040102f7
:106dbc0039b1837e212b0dd005d8123b5842584156
:106dcc007047437ef6e7222b0ad0232b0cbf022000
:106ddc0000207047c37e002b0cbf0220032070479d
:046dec0003207047c9
:020000040000fa
:020000040102f7
:106df00013b503880193094b009304460123022233
:106e00005f21ec20eff77afb054b1b6823b120468e
:106e100002b0bde81040184702b010bd3ab80201f8
:046e200030340120e9
:020000040000fa
:020000040102f7
:106e240007b50a4900230a68d25cc2540133082b0f
:106e3400f9d1074b0093022201231921ec20eff72b
:106e44005bfb002003b05df804fb00bfac01002035
:046e540008ac020183
:020000040000fa
:020000040102f7
:106e580073b50b4b009304460d46164601230222d8
:106e68007621ec20eff746fb324629462046f1f71b
:106e780031ff002814bf0c20002002b070bd00bff5
:046e88001eb802012d
:020000040000fa
:020000040102f7
:106e8c0007b50a4b1a68b2f92a2002801b68b3f9bd
:106e9c002c300b80064b0093022201232a21ec207c
:106eac00eff726fb002003b05df804fba8010020df
:046ebc0046a60201e3
:020000040000fa
:020000040102f7
:106ec00013b50a4b019004460093022201232821a6
:106ed000ec20eff713fb064b1b6800219c8403207a
:106ee000f6f782ff002002b010bd00bf6ab20201b7
:046ef000a8010020d5
:020000040000fa
:020000040102f7
:106ef40007b5094b1b880380084b1b880b80084b84
:106f04000093022201233921ec20eff7f5fa002047
:106f140003b05df804fb00bfb0340120b23401209b
:046f2400469b020185
:020000040000fa
:020000040102f7
:106f2800017b427b0b0721f008010173084944bf2c
:106f3800131ddab2036908681b1a1344b3f5c06f4e
:106f48008cbfa3f2026303f1ff33cb60704700bf2d
:046f5800e80100202c
:020000040000fa
:020000040102f7
:106f5c00037a0a4a5b0932f8132040f2e2435343a6
:106f6c0003f51823428803f668135343044ab3fb12
:106f7c00f2f002fb103202b10130704700b702018f
:046f8c0040420f0070
:020000040000fa
:020000040102f7
:106f900008b5c38800f10801d8b213f47f4309d0c3
:106fa000b3f5807f09d0064b196800f08dfc81f89d
:106fb0003c0208bdeff70efff5e7f5f793faf2e7ad
:046fc000600200204b
:020000040000fa
:020000040102f7
:106fc40010b5c469601a10f4800f0fd14c40084901
:106fd4000c420bd003eb9203084040f27122504361
:106fe400b3eb500f2cbf0120002010bd0120fce7a3
:046ff400ffff7f001c
:020000040000fa
:020000040102f7
:106ff80090f85230012b08bf826dc36908bf9b1af5
:10700800074a1168d1f8402208bfc3f3160312b922
:10701800c1f8403202e09a1a5202f9d4704700bf10
:0470280060020020e2
:020000040000fa
:020000040102f7
:10702c0008b5006890f847300a3b012b0dd8084b87
:10703c0090f836201b68c3f341139a4205d0d0f860
:10704c00441100f5be7000f071fe002008bd00bfb9
:04705c00c0340141fa
:020000040000fa
:020000040102f7
:1070600012280b4b11d003d8112807d00a3106e0a3
:1070700021380228fad801f5d37100e04c311a8882
:1070800061f30e021a80002070473731f7e700bf26
:047090006c38014116
:020000040000fa
:020000040102f7
:1070940030b50a4a0a4b02f584541b882568c01a85
:1070a40080b202f5825260f30f052560c91a136895
:1070b40089b261f30f03136030bd00bf00240141a6
:0470c4007002002036
:020000040000fa
:020000040102f7
:1070c80010b5f4f703fe044660b9074a1378990728
:1070d80008d443f002030548137004f0e1fd0448a6
:1070e80004f09cfd204610bd8c320120bdc6000175
:0470f800bbf70101e0
:020000040000fa
:020000040102f7
:1070fc0037b5054601910df1030001a904f06dfbb4
:10710c0001999df8030001f116038a1d0193eff715
:10711c0093f804460146284603f0b7fa204603b01c
:02712c0030bd74
:020000040000fa
:020000040102f7
:10712e0038b5800085b202f030fe044600bf00bfc5
:10713e0000bf0821a94200d338bd02f026fe8442ca
:10714e0088bf01f2e241091b10fa81f189b20446af
:02715e00f0e758
:020000040000fa
:020000040102f7
:10716000022806d0032807d0012810d10a32d00007
:1071700070470b329000704701294feac2020cbfe2
:10718000022008202b32424302f5bc7070470020d9
:02719000704746
:020000040000fa
:020000040102f7
:1071920000b5836f93b043f40013836741f2070392
:1071a200adf800300388adf80430036ecdf8063038
:1071b200436ecdf80a306846fff719fe13b05df84a
:0271c20004fbcc
:020000040000fa
:020000040102f7
:1071c400434d443a52656d7465436f6e6e506172ff
:1071d400615265714e65675265706c792c48646cb8
:1071e4003d3078253034782c726561736f6e3d259f
:0271f400640035
:020000040000fa
:020000040102f7
:1071f600434d443a577269746541757468506179b4
:107206006c6f616454696d656f75742c48646c3d70
:107216003078253034782c74696d656f75743d252a
:02722600640002
:020000040000fa
:020000040102f7
:107228000a4652f8013fc0f8ff305368c0f80331ee
:10723800b1f80930a0f808310a4652f80b3fc0f8f7
:107248000a315368c0f80e31d1f81330c0f81a313a
:0272580070477d
:020000040000fa
:020000040102f7
:10725a00d0f8b431818f9a8b914210d1c18fda8bd9
:10726a0091420cd193f820204ab9428f198b91424e
:10727a0005d8588b90422cbf00200120704701206e
:02728a0070474b
:020000040000fa
:020000040102f7
:10728c0070b504468068002550b1028943899a4242
:10729c0006d10668a66004f0bafd01353046f3e766
:1072ac00a0602db1a9b22046bde8704001f0a6bf88
:0272bc0070bda3
:020000040000fa
:020000040102f7
:1072be0010b5044688b1c08802f08dfa78b12379f2
:1072ce00012262f3051300222371226022812146de
:1072de00006803f0c7fd104610bd0720fce7022032
:0272ee00fae7bd
:020000040000fa
:020000040102f7
:1072f0004ff4001c1ceb410f98bf1ceb430f0cd844
:1073000050ea410c08bf52ea430c08d0904208bf33
:1073100099420cbf012000207047002070470120d7
:027320007047b4
:020000040000fa
:020000040102f7
:10732200434d443a52656164417574685061796ca9
:107332006f616454696d656f75742c48646c3d307f
:1073420078253034782c74696d656f75743d2564c9
:01735200003a
:020000040000fa
:020000040102f7
:10735300434d443a536574446174614c656e67747c
:10736300682c48646c3d307825782c74784f6374ae
:107373006574733d25642c747854696d653d25648b
:017383000009
:020000040000fa
:020000040102f7
:1073840053594e433a436c6f73652c68616e646c59
:10739400653d25640053594e433a43523d307825a8
:1073a400780053594e433a736b69702052707421bc
:0173b40000d8
:020000040000fa
:020000040102f7
:0373b500040405c8
:020000040000fa
:020000040102f7
:1073b80038b5eff3108572b6084c20634ff480435c
:1073c80063600f2262601140a160a36001f078ff42
:1073d8004ff40043a36085f3108838bd00060044cd
:020000040000fa
:020000040102f7
:1073e8004ff088430022c3f8d020084ac3f8d020c1
:1073f80002f12b42a2f54b12a2f6ab42c3f8d02001
:1074080003f5206301229a671b6ffee7556699aa68
:020000040000fa
:020000040102f7
:107418000a4b5b8b13f0070f0ed0084b80221a76ad
:1074280007225a831b7e13f0040f05d0034b9a6a78
:107438001a7e12f0040ffad1704700bf000c00400a
:020000040000fa
:020000040102f7
:1074480000b58bb08df80400074b9b7a8df805309a
:10745800adf80720cdf8091001a90448fef736fa5f
:107468000bb05df804fb00bf000000208400002082
:020000040000fa
:020000040102f7
:1074780037b5054601910df1030001a904f0aff9f4
:107488009df80300012809d8fbf76eff044628463b
:10749800214603f0fcf8204603b030bd1224f6e77d
:020000040000fa
:020000040102f7
:1074a8000a4bd3f8002c60f31742c3f8002cd3f82a
:1074b800042c42f48022c3f8042c00bfd3f8042c17
:1074c8005203fbd4d3f8280c80b270470024014142
:020000040000fa
:020000040102f7
:1074d80010b5044604f0c0f870b92388203b9bb26d
:1074e80043f6e072934209d86088203880b290420f
:1074f8008cbf1220002010bd0c20fce71220fae7f8
:020000040000fa
:020000040102f7
:1075080008b5064b064a5a60064b074a07485a60b0
:1075180004f00afabde80840f0f716b9c8000020e0
:1075280085260201100100205bb30201f5810101eb
:020000040000fa
:020000040102f7
:1075380008200000b1a6020109200000cba6020124
:10754800062000008ff401010a200000c1a80201f2
:1075580007200000816b02017c20000061680201a5
:020000040000fa
:020000040102f7
:1075680013b50a4b93f90230002b0c460cda0222b1
:10757800572101a803f07ef821880090684604f09e
:1075880039fa01a803f0c8ff02b010bd300100208d
:020000040000fa
:020000040102f7
:1075980008b5064b064a1a61064b074a0748da60df
:1075a80004f0c8f9bde80840f8f71cb8c800002086
:1075b800e581020110010020e96b020113be0201fe
:020000040000fa
:020000040102f7
:1075c8001d200000058c02011e200000a14a0201b6
:1075d80034200000413102011f200000f162020145
:1075e800332000005d1f02017b20000079ee0101bd
:020000040000fa
:020000040102f7
:1075f80038b50379044603f0070502f06ffe00234f
:107608002360064b03ebc5035a6814605c6001f005
:1076180035ffbde8384003f0bbb900bf700100205a
:020000040000fa
:020000040102f7
:1076280038b50379044603f0070502f057fe002336
:107638002360064b03ebc5035a6814605c6001f0d5
:107648001dffbde8384003f0a3b900bf700100205a
:020000040000fa
:020000040102f7
:1076580038b9084b1a68184620f8101b01681a80b8
:107668007047012801d1044bf4e70228f8d1034bf5
:10767800f0e700bf303f0141343f0141383f01414d
:020000040000fa
:020000040102f7
:1076880000b593b00c23adf8003000238df804301a
:107698000388d0f8e820adf8063090f8ec30029274
:1076a80068468df80c30fff79ffb13b05df804fbbc
:020000040000fa
:020000040102f7
:1076b800002330b51a461c46012500bf05fa03f120
:1076c800014008d001320133202bf7d194422046e3
:1076d80038bf104630bd944238bf14460a46f2e718
:020000040000fa
:020000040102f7
:1076e80007b5094b93f90320027093f902300b7028
:1076f800064b0093022201232921ec20eef7fafe23
:10770800002003b05df804fb8a0100202cb80201b8
:020000040000fa
:020000040102f7
:10771800434d443a53657452616e64416464722cfb
:10772800616464723d3078253032782530327825ae
:10773800303278253032782530327825303278006a
:020000040000fa
:020000040102f7
:1077480038b5046894f82c306bb10d78074b29468e
:107758001b6820469847236d342105fb0131002022
:1077680081f82f0038bd1f20fce700bf343401200a
:020000040000fa
:020000040102f7
:1077780010b54ff4fa7004f04afb074a106048b19c
:107788000024064b4ff4fa7221461c7003f042fda8
:10779800204610bd0720fce738340120c134012001
:020000040000fa
:020000040102f7
:1077a80013b5094c2378012b0cd16278022a09d130
:1077b80006490091ec20c821eef79cfe03f0bcfcc2
:1077c8000023237002b010bdbc0100207db202016d
:020000040000fa
:020000040102f7
:1077d80053434e3a46444361636865496e69742869
:1077e80031292c7374617475733d25640053434ebd
:1077f8003a464443616368654672656528312900e5
:020000040000fa
:020000040102f7
:1078080007b5fb230380084b1b6893f844300b70c3
:10781800064b0093022201233621ec20eef76afe84
:10782800002003b05df804fbac01002088ae020123
:020000040000fa
:020000040102f7
:1078380007b5084b1880084b1980084b00930222a3
:1078480001233a21ec20eef755fe002003b05df845
:1078580004fb00bfb0340120b234012002990201b8
:020000040000fa
:020000040102f7
:10786800272810b504460cd8fef772fe58b1074b0e
:1078780000221a7302221c701a71bde81040fdf72d
:10788800d7b9122010bd0720fce700bf4402002032
:020000040000fa
:020000040102f7
:1078980010b5fdf745f9094b1b68d3f8804134b1a1
:1078a800d4e9001239b14a60d4e900231a6001f022
:1078b800f5f9204610bdc3f88421f5e760020020e1
:020000040000fa
:020000040102f7
:1078c8000a4b1b68d3f8fc215ab9d3f8000250b907
:1078d800b3f8f82142b9d3f80802b0fa80f04009a9
:1078e8007047002070471046704700bf60020020b4
:020000040000fa
:020000040102f7
:1078f80008b540f2731004f08afa074b40f273128d
:107908000021186003f086fcfcf7e4f9034a1368c9
:1079180043f00803136008bdb8020020d0380141c5
:020000040000fa
:020000040102f7
:1079280048b9094b1a6842f004021a601a68d1056e
:10793800fcd501207047054b1a8842f004021a80d2
:107948001a68d205fcd5f4e7203a0141283a0141ea
:020000040000fa
:020000040102f7
:107958000a4bd3f8002c60f31742c3f8002cd3f875
:10796800042c42f48022c3f8042c00bfd3f8042c62
:107978005203fbd4d3f8280c80b27047002401418d
:020000040000fa
:020000040102f7
:1079880008b502f0e5f9094b1b79da060dd4c107f1
:107998000bd45a0703d5bde80840f6f761bb1b07af
:1079a80003d5bde80840f9f74fba08bd44020020e6
:020000040000fa
:020000040102f7
:1079b80084b007b50df1100c8ce80f003a238df850
:1079c800043005226b4605490120f8f7b6fe002071
:1079d80003b05df804eb04b0704700bf0105010176
:020000040000fa
:020000040102f7
:1079e80008b502f0bdfd074804f01ef9064804f08a
:1079f80021f9064b4ff0ff321a601f221a7100203e
:107a080008bd00bf2d700201e1b10201e0020020b3
:020000040000fa
:020000040102f7
:107a180000b5014689b028b101280ed0002009b070
:107a28005df804fb03ab1422184603f0f3fb079a36
:107a380000920fc8f6f7d4faf0e7f1f7e9fbede7a3
:020000040000fa
:020000040102f7
:107a48000a4b1a68012002f00f0200fa02f24ef205
:107a58001c01114049b103f5e6731a8842f010027f
:107a68001a801a8802431a80002070475c38014146
:020000040000fa
:020000040102f7
:107a780084b008b50df1080c8ce80f00036893f882
:107a88006d2012f0100207d00020e9f745fdbde88f
:107a98000840002004b07047102103f075f8f6e79d
:020000040000fa
:020000040102f7
:107aa800d0e92423b2ebd30f0ed3b2eb930f0dd34f
:107ab800b2eb530f2cbf002002209b1a032b28bfc8
:107ac80001200630c0b270470420f6e70320f4e72f
:020000040000fa
:020000040102f7
:107ad80010b590f86c30044623f0030380f86c303e
:107ae800fdf71ef8a36f1a0644bf23f08073a3673f
:107af800a36f23f04003a36701f0d0f8002010bd66
:020000040000fa
:020000040102f7
:107b080010b50a4b1a68002302f16c01cc7834b125
:107b18000c88844203d11b3302eb830010bd013370
:107b2800082b01f10401f1d10020f7e78c34012082
:020000040000fa
:020000040102f7
:107b380038b50a4c23680c2101fb00310546486919
:107b480008b104f066f90c2005fb0003206818440e
:107b5800002303604360836038bd00bf8c3401207c
:020000040000fa
:020000040102f7
:107b680038b5094c236825463bb12b68074ac3e959
:107b78000022c3e90222012038bd102004f047f991
:107b880020600028f1d1f7e7903401206fbe020190
:020000040000fa
:020000040102f7
:107b9800434d443a5365744461746152656c617431
:107ba8006564416464724368616e67652c68646cdf
:0f7bb800653d25642c726561736f6e3d25640019
:020000040000fa
:020000040102f7
:107bc700434d443a52644c6f63616c5250412c618f
:107bd7006464723d3078253032782530327825302c
:0f7be700327825303278253032782530327800e8
:020000040000fa
:020000040102f7
:107bf60070b5054604890134a4b2204604f0b3f8f2
:107c060060b10646042300f8013b2a89696802f040
:0e7c1600e0fc324621460020f9f7a1fa70bdcd
:020000040000fa
:020000040102f7
:107c240000b593b041f21303adf800300b88adf802
:107c3400043051f8023fcdf8063068468b88adf821
:0e7c44000a30fff7d3f8002013b05df804fb00
:020000040000fa
:020000040102f7
:107c520000b593b041f21203adf80030037c8df809
:107c6200053090f848308df804206846adf80610cb
:0e7c72008df80830fff7bbf813b05df804fb87
:020000040000fa
:020000040102f7
:107c800010b5046894f8f83053b194f8ff304bb94c
:107c90000121204601f042f843f60143a4f81731d0
:0e7ca000002010bd43f0010384f8ff30f4e72c
:020000040000fa
:020000040102f7
:107cae0000b593b0d0f8b43141f20602adf8002021
:107cbe000288adf8042068469a69db69cdf8062083
:0e7cce00cdf80a30fff78df813b05df804fb17
:020000040000fa
:020000040102f7
:107cdc00434d443a5264506565725250412c616474
:107cec0064723d3078253032782530327825303248
:0e7cfc00782530327825303278253032780005
:020000040000fa
:020000040102f7
:107d0a00f0b500240746204665b2ab4200dcf0bd60
:107d1a000e5d12f804c0351aa5eb0c05edb2ae42a1
:0e7d2a0002d034bf012000203d550134ece7ab
:020000040000fa
:020000040102f7
:107d3800f8b504680e46002504b9f8bd237a042b6b
:107d48000bd045b1a06903f0bcf801463046e7689e
:0e7d5800fcf7c0fbf8602468eee70125fbe7ae
:020000040000fa
:020000040102f7
:107d660038b5002001f055fb0546012001f051fb16
:107d760045f44151044689b2002001f05cfb44f011
:0e7d8600100189b20120bde8384001f054bb65
:020000040000fa
:020000040102f7
:107d9400434d443a456e68616e636564526561643f
:107da4005478506f7765724c6576656c0045525215
:0d7db4003a5374617475733d307825780082
:020000040000fa
:020000040102f7
:107dc1004c4c43503a496e7374616e7455706461e2
:107dd1007465642c48646c3d3078253034782c6fa0
:0d7de10070436f64653d30782530327800c6
:020000040000fa
:020000040102f7
:107dee00434d443a44544d5f5472616e736d6974e1
:107dfe0074657254657374436d6456340045525203
:0d7e0e003a5374617475733d307825780027
:020000040000fa
:020000040102f7
:107e1b00484f53543a436d64207263762c4772700b
:107e2b003d3078253032782c5375623d30782530d3
:0d7e3b0032782c4f703d30782530327800c1
:020000040000fa
:020000040102f7
:107e48000123c3730368074a934203d0064a934247
:107e580004d07047134602221a757047134602224f
:0c7e68001a75f6e7000c00400010004006
:020000040000fa
:020000040102f7
:107e74004ff0807340f8043c21f0010140f8081ce5
:107e8400054b40f80c3c40f8202c6ff0020340f8fe
:0c7e9400243c4438704700bf779c02017a
:020000040000fa
:020000040102f7
:107ea00008b54ff0200383f31188bff36f8fbff342
:107eb0004f8fe8f7d1f918b1034b4ff080521a6099
:0c7ec000002383f3118808bd04ed00e0ee
:020000040000fa
:020000040102f7
:107ecc0038b5054604200c46f8f7faf968b18388f2
:107edc00c58003f0f80343f4007343f0010383807f
:0c7eec008460bde8384000f0afbe38bd37
:020000040000fa
:020000040102f7
:107ef80070b5094d0646082455f8043b23b9013ce2
:107f080014f0ff04f8d170bd314631f8040b9847de
:0c7f18000028f4d0f7e700bf10010020a3
:020000040000fa
:020000040102f7
:107f240007280cd8074a084b32f8102033f81030d1
:107f34008a4204d88b422cbf0020012070470120c4
:0c7f4400704700bf40b5020130b50201db
:020000040000fa
:020000040102f7
:107f500010b5094a002300bf32f83340844205d1ee
:107f600002ebc3035b689847012010bd01332d2b42
:0c7f7000f2d10020f9e700bf2c1f010136
:020000040000fa
:020000040102f7
:107f7c0000b593b000236a4601464120fef709f88c
:107f8c004022054902f022fb684603f0c3fa0020a8
:0c7f9c0013b05df804fb00bf2c51020183
:020000040000fa
:020000040102f7
:107fa800094bd3f8002c60f31742c3f8002cd3f820
:107fb800042c42f48022c3f8042c00bfd3f8042c0c
:0c7fc8005203fbd4704700bf00240141ad
:020000040000fa
:020000040102f7
:107fd40038b5054607200c46fff764fa4ff6fe71e4
:107fe40001400720fef7bef861882078fef7baf852
:0c7ff4002846002102f04dfb002038bda3
:020000040000fa
:020000040102f7
:1080000038b5054607200c46fff74efa4ff6fe71cd
:1080100001400720fef7a8f861882078fef7a4f851
:0c8020002846002102f037fb002038bd8c
:020000040000fa
:020000040102f7
:10802c0008b5074b1b68984738b9064b1b6898472f
:10803c0018b9054b1b68984700b10c2008bd00bf50
:0c804c00dc330120e0330120d833012098
:020000040000fa
:020000040102f7
:1080580010b5094a002300bf32f83340844205d1e5
:1080680002ebc3035b689847012010bd01330a2b5c
:0c807800f2d10020f9e700bff030020157
:020000040000fa
:020000040102f7
:1080840008b541f2120398420ad00133984209d14b
:108094000122054b03ebc2035b689847012008bd2e
:0c80a4000022f6e70020fae750b50201c8
:020000040000fa
:020000040102f7
:1080b00008b542f2190398420ad06433984209d1b4
:1080c0000122054b03ebc2035b689847012008bd02
:0c80d0000022f6e70020fae760b502018c
:020000040000fa
:020000040102f7
:1080dc0010b5094a002300bf32f83340844205d161
:1080ec0002ebc3035b689847012010bd01331c2bc6
:0c80fc00f2d10020f9e700bf346b010155
:020000040000fa
:020000040102f7
:1081080010b5094a002300bf32f83340844205d134
:1081180002ebc3035b689847012010bd0133132ba2
:0c812800f2d10020f9e700bfe4b601012d
:020000040000fa
:020000040102f7
:1081340008b542f21a0398420ad00133984209d191
:108144000122054b03ebc2035b689847012008bd7d
:0c8154000022f6e70020fae770b50201f7
:020000040000fa
:020000040102f7
:1081600008b542f20d0398420ad00133984209d172
:108170000122054b03ebc2035b689847012008bd51
:0c8180000022f6e70020fae780b50201bb
:020000040000fa
:020000040102f7
:10818c0008b542f2410398420ad00133984209d112
:10819c000122054b03ebc2035b689847012008bd25
:0c81ac000022f6e70020fae7a0b502016f
:020000040000fa
:020000040102f7
:1081b80008b541f20d0398420ad00433984209d118
:1081c8000122054b03ebc2035b689847012008bdf9
:0c81d8000022f6e70020fae790b5020153
:020000040000fa
:020000040102f7
:1081e40008b542f20b0398420ad00133984209d1f0
:1081f4000122054b03ebc2035b689847012008bdcd
:0c8204000022f6e70020fae7b0b5020106
:020000040000fa
:020000040102f7
:1082100010b5094a002300bf32f83340844205d12b
:1082200002ebc3035b689847012010bd0133082ba4
:0c823000f2d10020f9e700bf2c5202013f
:020000040000fa
:020000040102f7
:10823c00084b1a6842f005021a601a685207fcd4ff
:10824c001a68d207fcd4044b53f804290a801b6823
:0c825c0003607047143e01410c3e0141dc
:020000040000fa
:020000040102f7
:10826800084b1a6842f005021a601a685107fcd4d4
:108278001a68d207fcd4044b53f80419186889b259
:0c82880003f098bd143e01410c3e014182
:020000040000fa
:020000040102f7
:1082940010b502210446002001f042fc50b11d2318
:1082a4000373054b1b681b7b437301462046f2f79f
:0c82b400a9ff012010bd00bfac0100209c
:020000040000fa
:020000040102f7
:1082c00010b502210446002001f02cfc50b11e2301
:1082d0000373054b1b681b7b437301462046f2f773
:0c82e00093ff012010bd00bfac01002086
:020000040000fa
:020000040102f7
:1082ec0038b590f8e43005460c4673b90820eff722
:1082fc00affec5f8b401e388c3802146d5f8b4318c
:0c830c0051f8012f1a600a791a7138bd6f
:020000040000fa
:020000040102f7
:1083180090f8e230132b0ad1d0f8b03133b14a7853
:108328009a708a78da70b1f803209a80704790f8ca
:0c833800e430132bfad1d0f8b431efe799
:020000040000fa
:020000040102f7
:1083440038b50546d5f8a44104b938bd2368c5f845
:10835400a4311bb905f5d273c5f8a831a06803f0a0
:0c8364005afd204603f057fdece700bf77
:020000040000fa
:020000040102f7
:10837000430803f05533c31a980800f0333003f074
:108380003333184400eb101000f00f3000eb1020d6
:0c83900000f0ff1000eb104080b27047be
:020000040000fa
:020000040102f7
:10839c0013b5084c2378012b0ad1074a0092c72148
:1083ac000222ec20eef7a4f802f0c4fe00232370a6
:0c83bc0002b010bdbc01002090b2020114
:020000040000fa
:020000040102f7
:1083c80008b5ecf7a1ff70b9fdf7acfb064a1378c6
:1083d800590704d443f00403137002f043f8bde8ce
:0c83e800084000f0c9b808bdc2340120f4
:020000040000fa
:020000040102f7
:1083f40007b5084b1b68187259729a72064b0093a2
:10840400022201233821ec20eef776f8002003b095
:0c8414005df804fbac01002020af020169
:020000040000fa
:020000040102f7
:1084200013b5fb24048044f2902008801480188047
:10843000054b0093022201233b21ec20eef75ef86e
:0c844000002002b010bd00bf1da2020110
:020000040000fa
:020000040102f7
:10844c0008b502f0d1f802460b46e5f733f80022e6
:10845c00054be6f7e3f841ec100beff7c7fe51ecd8
:0c846c00100b01f013fa08bd00888340db
:020000040000fa
:020000040102f7
:1084780008b502f0bbf802460b46e5f71df80022e6
:10848800054be6f7cdf841ec100beff7b1fe51ecd8
:0c849800100b01f0fdf908bd00888340c6
:020000040000fa
:020000040102f7
:1084a400094b012815bf18681b68d0f84832d3f867
:1084b4004c226fea01010bbf0a400b40c3f84c2267
:0c84c400c0f84832704700bf6002002082
:020000040000fa
:020000040102f7
:1084d00007b50df10701fcf7d1fb48b906499df836
:1084e0000720012303fa02f20b7823ea02030b7040
:0c84f00003b05df804fb00bfb4020020e4
:020000040000fa
:020000040102f7
:1084fc00480638b50c46154601d5fff73ffae1049e
:10850c0001d502f00ff8a20401d502f019f8eb0620
:0c851c0003d5bde8384002f053be38bd66
:020000040000fa
:020000040102f7
:10852800064b074910b500241c60064b1c60064b1f
:1085380002201c6003f08afb204610bdd4020020f4
:0c854800ad8e0001d0020020d8020020ff
:020000040000fa
:020000040102f7
:1085540038b5c46b237e6bb9074d05222946a01d8f
:1085640002f02af830b12b68e3612b7984f82030cb
:0c8574000123237638bd00bfe002002088
:020000040000fa
:020000040102f7
:1085800010b5f3f7a7fb044648b9064a1378590714
:1085900005d443f004030448137003f07ffb204626
:0c85a00010bd00bf8c320120adc10001f5
:020000040000fa
:020000040102f7
:1085ac0090f8f43013f0020309d0074b1b685b0002
:1085bc0007d5c07f04288cbf0020012070471846c7
:0c85cc0070470120704700bf30340141af
:020000040000fa
:020000040102f7
:1085d8007fb50e7916f0300f04d1fcf743ff002069
:1085e80004b070bdcde90201009202ab0822024935
:0c85f8000120f9f76ffff2e741040101d8
:020000040000fa
:020000040102f7
:1086040038b504680546fcf78dfaa36f23f4f81314
:1086140023f40463a36700f043fba36f1b0604d594
:0c8624002846bde83840edf7e7b938bd46
:020000040000fa
:020000040102f7
:1086300008b5084b00221a61074b1b781bb1012bb0
:1086400004d0002008bdf4f7a9fefae7f4f7eafe2b
:0c865000f7e700bf4402002059020020a0
:020000040000fa
:020000040102f7
:10865c001fb5094c24686cb1adf80630069b02932b
:10866c00079badf80000adf80210adf804200393a1
:0c867c006846a04704b010bd94340120f3
:020000040000fa
:020000040102f7
:10868800434d443a536574457874416476456e6148
:10869800626c652c656e61626c653d2564004144c1
:0b86a800563a73657449643d25640078
:020000040000fa
:020000040102f7
:1086b300434d443a45787453657452616e64416422
:1086c30064722c68616e646c653d2564004552528a
:0b86d3003a7374617475733d256400f8
:020000040000fa
:020000040102f7
:1086de0007b51a2101a8cdf804d003f082f901a83c
:1086ee00012103f07ef9012101a803f07af9684611
:0a86fe0002f00fff03b05df804fb6b
:020000040000fa
:020000040102f7
:1087080013b50446102101a8cdf804d003f06cf984
:1087180001a8012103f068f9214601a803f064f9d2
:0a872800684602f0f9fe02b010bd31
:020000040000fa
:020000040102f7
:1087320037b5054601910df1030001a903f052f886
:1087420001999df80300f3f7eefb04460146284623
:0a87520001f0a0ff204603b030bd87
:020000040000fa
:020000040102f7
:10875c0037b5054601910df1030001a903f03df871
:10876c0001999df80300f4f7bffc04460146284626
:0a877c0001f08bff204603b030bd72
:020000040000fa
:020000040102f7
:1087860037b5054601910df1030001a903f028f85c
:1087960001999df80300eff7b0f804460146284614
:0a87a60001f076ff204603b030bd5d
:020000040000fa
:020000040102f7
:1087b000434d443a5365744578744164764461741a
:1087c00061004144563a73657449643d25642c64e4
:0a87d0006174614c656e3d25640084
:020000040000fa
:020000040102f7
:1087da00434d443a5374617274456e63727970748e
:1087ea002c48646c3d307825303478004552523a32
:0a87fa007374617475733d2564000b
:020000040000fa
:020000040102f7
:1088040000b593b041f21f03adf800300388adf812
:10881400063090f82a308df8041068468df8083038
:0a882400fef7e4fa13b05df804fb60
:020000040000fa
:020000040102f7
:10882e00042810d8012202fa00f313f017030ad01d
:10883e00042908d802fa01f313f0170303d0431ae0
:0a884e00584258417047002070475f
:020000040000fa
:020000040102f7
:1088580010b505210446002001f060f960b1252318
:108868000373d4f84431d3f81e30c0f80d300146f4
:0a8878002046f2f7c5fc012010bdf8
:020000040000fa
:020000040102f7
:1088820038b590f8e2308b4204460d4602d1002101
:10889200f0f763fc94f8e430ab4205d120460121a5
:0a88a200bde83840f0f759bc38bdbe
:020000040000fa
:020000040102f7
:1088ac00434d443a416464524c2c616464723d30d3
:1088bc0078253032782530327825303278253032b0
:0a88cc00782530327825303278002c
:020000040000fa
:020000040102f7
:1088d600434d443a416464574c2c616464723d30a4
:1088e6007825303278253032782530327825303286
:0a88f6007825303278253032780002
:020000040000fa
:020000040102f7
:1089000008b561b9031d406840b1018942899142af
:1089100009d102681a6003f080fa012008bd00f155
:0a89200008038068f0e70020f8e784
:020000040000fa
:020000040102f7
:10892a008a78042a04d80123934013f0170f01d13f
:10893a0000238b70ca78042a04d80123934013f0c9
:0a894a00170f01d10023cb70704716
:020000040000fa
:020000040102f7
:10895400f0b50025074628466cb2a34200dcf0bd02
:108964004e5d545d34440444e4b2a64202d08cbf4c
:0a897400012000207c550135eee7dc
:020000040000fa
:020000040102f7
:10897e0010b590f86d309a0704460dd443f00203fb
:10898e0080f86d3000f5997002f0cbf804f58d701b
:0a899e00bde81040f7f733be10bd2e
:020000040000fa
:020000040102f7
:1089a800434d443a526d524c2c616464723d3078a8
:1089b80025303278253032782530327825303278b3
:0989c800253032782530327800a8
:020000040000fa
:020000040102f7
:1089d100434d443a526d574c2c616464723d30787a
:1089e100253032782530327825303278253032788a
:0989f1002530327825303278007f
:020000040000fa
:020000040102f7
:1089fc0008b5064802f072ff054802f075ff0548fd
:108a0c0002f078ff0c20f6f777fd08bd094902014a
:088a1c00693802013525020151
:020000040000fa
:020000040102f7
:108a240038b50024074d04e0f4f70afe0134042ca1
:108a340006d0e0b26b6ae34013f0010ff6d0f3e71f
:088a440038bd00bf00400041f5
:020000040000fa
:020000040102f7
:108a4c0008480068006880f308884ff0000080f345
:108a5c00148862b661b6bff34f8fbff36f8f00df20
:088a6c0000bf000008ed00e06e
:020000040000fa
:020000040102f7
:108a7400074b1b681b6823b9064b4ff0ff321a6083
:108a84007047034b1b68db681a68024b1a60704717
:088a9400a0330120c0330120d2
:020000040000fa
:020000040102f7
:108a9c0038b5084b1b6805460c46db6b98472146de
:108aac002a4601f093fdbde8384001460120fff74e
:088abc0007ba00bf58010020b9
:020000040000fa
:020000040102f7
:108ac40038b5084b1b6805460c46db6b98472146b6
:108ad4002a4601f07ffdbde8384001460220fff739
:088ae400f3b900bf58010020a6
:020000040000fa
:020000040102f7
:108aec0010b504460120f7f7ebfb50b14268047255
:108afc0002f0f801034a0a434260bde8104000f05e
:088b0c00a3b810bd0102030033
:020000040000fa
:020000040102f7
:108b140030b585b005220546019102a801a902f0ed
:108b2400bdfa02a8f7f738fc04460146284601f0ce
:088b3400b0fd204605b030bd84
:020000040000fa
:020000040102f7
:108b3c0037b5054601910df1030001a902f04dfe78
:108b4c009df80300f7f7a4f904460146284601f006
:088b5c009cfd204603b030bd72
:020000040000fa
:020000040102f7
:108b640037b5054601910df1030001a902f039fe64
:108b74009df80300f5f76cfc04460146284601f015
:088b840088fd204603b030bd5e
:020000040000fa
:020000040102f7
:108b8c00054b064a5a61064b064a1a61102140f2ff
:108b9c007260e7f785ba00bfc80000208d81020122
:088bac0010010020b981020153
:020000040000fa
:020000040102f7
:108bb4008388408883420dd8043b9bb243f6fc7201
:108bc400934207d8032805d9b0f5804f8cbf1220f3
:088bd4000020704712207047d9
:020000040000fa
:020000040102f7
:108bdc0037b5054601910df1020001a902f0b4f878
:108bec00bdf80200f7f7a4fc04460146284601f044
:088bfc004cfd204603b030bd22
:020000040000fa
:020000040102f7
:108c040037b5054601910df1030001a902f0e9fd14
:108c14009df80300fef726fe04460146284601f0af
:088c240038fd204603b030bd0d
:020000040000fa
:020000040102f7
:108c2c0007b5074a0379019012680648526a03f0a7
:108c3c00070301a900eb8300904703b05df804fb28
:088c4c00580100208001002006
:020000040000fa
:020000040102f7
:108c540013b5074a0379019012680648146a03f0b1
:108c64000703002201a900eb8300a04702b010bd56
:088c74005801002080010020de
:020000040000fa
:020000040102f7
:108c7c0010b5064b06480024202221461c7002f039
:108c8c00c7fa044bc3e9004410bd00bf4f2f0120ad
:088c9c00f831012048330120ea
:020000040000fa
:020000040102f7
:108ca400074a13785bb1013bdbb213703bb9054b48
:108cb4004ff480525a6052005a6012035a6070474f
:088cc400bb34012000e100e0d7
:020000040000fa
:020000040102f7
:108ccc00084b1a4642f8040b118053f8102f42f44b
:108cdc00e0421a601a689104fcd41a68d204f9d4e0
:088cec00704700bf003e01418a
:020000040000fa
:020000040102f7
:108cf400074b1a8842f040021a801a685206fcd4c4
:108d0400044b53f8042b02601b680b80704700bfb0
:088d1400143e0141003e014143
:020000040000fa
:020000040102f7
:108d1c0038b590f8ff3004460d4623b9d0f86c01f5
:108d2c0038b1f1f70dfe94f8ff301d4384f8ff5075
:088d3c0038bdd4f86801f4e72a
:020000040000fa
:020000040102f7
:108d4400084b1b685b680bb91846704793f8f92009
:108d54001ab1da6b5269824201d01b68f3e7012031
:088d6400704700bf98010020d8
:020000040000fa
:020000040102f7
:108d6c00434d443a436f6e6e5570646174652c4884
:108d7c00646c3d307825303478004552523a737427
:088d8c00617475733d2564005c
:020000040000fa
:020000040102f7
:108d9400434d443a5365745068792c48646c3d30b3
:108da4007825782c7478506879733d25642c727812
:088db400506879733d2564004d
:020000040000fa
:020000040102f7
:108dbc0010f0010f4fea400318bf43f001032029c4
:108dcc001dbf012202fa01f101f1ff314ff0ff3119
:088ddc0058400840fff7c6ba39
:020000040000fa
:020000040102f7
:108de40013b5084b00930446012302222221ec20f0
:108df400edf782fb20460821f7f7d2fb002002b0f2
:088e040010bd00bf64bb0201b8
:020000040000fa
:020000040102f7
:108e0c00434d443a536574486f73744368616e6e96
:108e1c00656c436c617373004552523a53746174c0
:088e2c0075733d3078257800d4
:020000040000fa
:020000040102f7
:108e3400434d443a577269746552465061746843ad
:108e44006f6d70656e736174696f6e2c54783d2517
:088e5400642c52783d256400f6
:020000040000fa
:020000040102f7
:108e5c0053434e3a45525221207469643d256400b7
:108e6c0053434e3a5741524e21207072696d5064f3
:088e7c0075436e743d2564008e
:020000040000fa
:020000040102f7
:108e840010b5064bdb880380054b00241c70054b92
:108e94001868f1f759fd204610bd00bf44020020b8
:088ea400590200205c020020cd
:020000040000fa
:020000040102f7
:108eac0038b5062203210446fbf7aaf9054648b15a
:108ebc0094f86d3023f0600384f86d300121204666
:088ecc00f0f746f9284638bd15
:020000040000fa
:020000040102f7
:108ed40010b5c36e044613b9436998420bd0637846
:108ee4006ff3820363702046e8f7e0f82046bde89c
:088ef4001040fef77fb810bd2d
:020000040000fa
:020000040102f7
:108efc00084b012815bf18681b68d0f84832d3f806
:108f0c004c2213bf0b430a43c3f84c22c0f848321f
:088f1c00704700bf6002002055
:020000040000fa
:020000040102f7
:108f2400c1f30803074a490a2bb94942114043eaed
:108f34004121fbf7d1bac3f59c7301339bb2514075
:088f4400f5e700bfffff7f000d
:020000040000fa
:020000040102f7
:108f4c0010b5084b1c78002224fa02f313f001032d
:108f5c00d1b204d00132082af6d1072010bd01701d
:088f6c001846fbe7b4020020e7
:020000040000fa
:020000040102f7
:108f740010b590f8fa300c463bb1f2f7c9fa054b3c
:108f84001a881cb942f004021a8010bd42f008028b
:088f9400fae700bfc60200204d
:020000040000fa
:020000040102f7
:108f9c0010b4c488074b220a53f8223033b100f1c5
:108fac000c028168e0b25df8044b18475df8044b85
:088fbc00704700bf44310120a1
:020000040000fa
:020000040102f7
:108fc400431e022b06d8074a137843f0010313709b
:108fd400f1f778ba0028fbd1024a137843f0020370
:088fe400f5e700bfdc020020ec
:020000040000fa
:020000040102f7
:108fec0084b008b50df1080c8ce80f00036893f8f9
:108ffc006d30db0603d4049a112101f0c3fdbde8ea
:08900c000840002004b0704789
:020000040000fa
:020000040102f7
:1090140025000102030405060708090a260b0c0da6
:109024000e0f101112131415161718191a1b1c1de4
:089034001e1f20212223242726
:020000040000fa
:020000040102f7
:10903c00084b1a6800230c321178012902d151888f
:10904c00814205d00133dbb2082b02f10c02f3d1c3
:08905c00184670478c34012016
:020000040000fa
:020000040102f7
:10906400434d443a4c746b5265715265706c792c63
:1090740048646c3d30782578004552523a737461e7
:079084007475733d256400c3
:020000040000fa
:020000040102f7
:10908b00434f4e4e3a4c6c63705478446f6e653a56
:10909b0048646c3d3078253034782c4f70436f64c6
:0790ab00653d3078257800d7
:020000040000fa
:020000040102f7
:1090b20060b188420cd310b50c4602220021faf7a7
:1090c2000efb034600b18463184610bd002300e086
:0690d20000231846704760
:020000040000fa
:020000040102f7
:1090d80038b504460d4600f0dbfda36c23b100242f
:1090e80001f062ff204638bda36b13b9a5640124c3
:0690f800f6e70024f4e796
:020000040000fa
:020000040102f7
:1090fe0008b5d0f805104378012b02d0022b05d00d
:10910e0008bdb0f80300fff7c2fcf9e7b0f80300a2
:06911e00fff7d1fcf4e7ad
:020000040000fa
:020000040102f7
:1091240010b58cb00c462822842101a801f0a4fac1
:10913400282200902146684601f0baff01a802f0f7
:06914400edf90cb010bdb6
:020000040000fa
:020000040102f7
:10914a00434d443a536574416476506172616d2ca3
:10915a00747970653d2564004552523a737461749e
:06916a0075733d25640051
:020000040000fa
:020000040102f7
:10917000434d443a5365745041456e61626c652cb1
:10918000656e61626c653d25640050413a7365749b
:0691900049643d25640066
:020000040000fa
:020000040102f7
:10919600434d443a446973636f6e6e6563742c483d
:1091a600646c3d3078253034782c726561736f6e4f
:0691b6003d25303264008b
:020000040000fa
:020000040102f7
:1091bc0090f8e2305bb990f8e42042b990f8ac3109
:1091cc003bb9d0f8a401b0fa80f0400970470020f8
:0691dc00704701207047fe
:020000040000fa
:020000040102f7
:1091e200434d443a53657450434c507265736574f1
:1091f2002c55703d25642c4c6f773d25642c73747f
:0692020065703d256400cb
:020000040000fa
:020000040102f7
:1092080000b593b01323adf8003001238df8043076
:109218000388adf806306846adf80810fdf7e4fda0
:0692280013b05df804fb29
:020000040000fa
:020000040102f7
:10922e0010b5013a52b2130601d5002010bd845c70
:10923e008b5c9c4205d802f1ff32f4d24ff0ff3026
:06924e00f4e70120f2e745
:020000040000fa
:020000040102f7
:1092540030b500248c4202d30023184630bd0346a7
:10926400407813f8025b9042f7d0681c0444013d37
:06927400e4b25819eee718
:020000040000fa
:020000040102f7
:10927a0030b5891a00f1824000f5b0304d1c012149
:10928a00a94004880139914024ea010493401c430f
:06929a00a4b2048030bd07
:020000040000fa
:020000040102f7
:1092a00008b503689a6f120601d4002008bdd3f8f0
:1092b0009020013ac3f89020002af6d18021f3f7dc
:0692c000a1f90120f2e714
:020000040000fa
:020000040102f7
:1092c800064b00221a62064a1a6202f12b42a2f5e4
:1092d8004b12a2f6ab421a62704700bf0006004468
:0492e800556699aa84
:020000040000fa
:020000040102f7
:1092ec0038b50446eff3108572b6fff7e7ff24f0ac
:1092fc007f44034bc3f8f44085f3108838bd00bf9e
:04930c000006004413
:020000040000fa
:020000040102f7
:1093100010b50446416851b10268022383738b88fb
:1093200028328968007becf731fea07b10bd012359
:049330008373fae762
:020000040000fa
:020000040102f7
:0c93340008b50421fef73ef8012008bd3a
:020000040000fa
:020000040102f7
:10934000074b19680868b0e8f04f80f30988bff34d
:109350006f8f4ff0000080f311887047aff30080eb
:049360009c33012019
:020000040000fa
:020000040102f7
:10936400026c72b110b5c3681344c3608468a3422d
:1093740024bf0368c3600c46c168204601f02af983
:0493840010bd704761
:020000040000fa
:020000040102f7
:109388001fb50b461446014602aa0320fcf703fe4c
:109398002146019001a802f02dfb02a802f0bcf8ba
:0493a80004b010bd40
:020000040000fa
:020000040102f7
:1093ac0030b41546064a54683cb100eb01301a46fd
:1093bc002946234680b230bc184730bc704700bfea
:0493cc00000100207c
:020000040000fa
:020000040102f7
:1093d00008b5054b054a0648da6102f0b5fabde862
:1093e0000840fbf7a3bf00bfc80000206181020155
:0493f0000fbe0201a9
:020000040000fa
:020000040102f7
:1093f40010b500f075ff064b1b7804461bb1fcf753
:10940400fdfae8f7abff2046bde8104000f038b89d
:04941400b834012047
:020000040000fa
:020000040102f7
:10941800012805d008b1022804d0034b18887047ea
:10942800024bfbe7024bf9e7a8340120aa340120dc
:04943800ac3401202f
:020000040000fa
:020000040102f7
:10943c0010b9054b19807047012801d1034bf9e78e
:10944c000228f8d1024bf5e7203f0141243f0141ae
:04945c00283f014163
:020000040000fa
:020000040102f7
:1094600010b5064c01222270054a126802b19047dd
:1094700001f086fa0023237010bd00bfbc34012028
:04948000143401207f
:020000040000fa
:020000040102f7
:1094840007b5074a0190137833b1013bdbb213707f
:1094940013b901a802f09efa03b05df804fb00bf03
:0494a400bd340120b2
:020000040000fa
:020000040102f7
:1094a800064b1a8842f001021a801a68d207fcd4c7
:1094b800034b186820f07040704700bf143e01410c
:0494c800083e014118
:020000040000fa
:020000040102f7
:1094cc0008b5fff7fdfb064b1b6813f0060f05d024
:1094dc0040210020bde80840fef7b8b808bd00bf29
:0494ec00203f0141db
:020000040000fa
:020000040102f7
:1094f00024232221201f1e1d1c1b1a1918171615a4
:1095000014131211100f0e0d0c0b0a090807060593
:04951000040302014d
:020000040000fa
:020000040102f7
:10951400074b1b68586800b9704790f8f83013b1ce
:1095240090f821300bb90068f5e70120704700bfbf
:04953400980100207a
:020000040000fa
:020000040102f7
:1095380010b5074b1b685c6804b910bd94f8f83087
:1095480023b1002211462046f8f76eff2468f3e79e
:049558009801002056
:020000040000fa
:020000040102f7
:10955c00074b1a681ab192f89800012806d058687f
:10956c0020b190f89800431e58425841704700bff4
:04957c00583301203f
:020000040000fa
:020000040102f7
:1095800000b593b00823adf8003003888df80410bf
:109590006846adf806308df80820fdf729fc13b0b9
:0495a0005df804fb73
:020000040000fa
:020000040102f7
:1095a400434d443a5265616452656d6f74655573f9
:1095b400656446656174757265732c48646c3d30ee
:0495c400782578008e
:020000040000fa
:020000040102f7
:1095c800434d443a52656d7465436f6e6e506172d7
:1095d80061725265715265706c792c48646c3d30cb
:0495e800782578006a
:020000040000fa
:020000040102f7
:1095ec0010b51c46044b1860044b1046196002f071
:1095fc0041fa034a146010bd2834012020340120a4
:04960c00a401002095
:020000040000fa
:020000040102f7
:1096100010b5c37d04464bb90821fcf769fa08b9b7
:10962000002010bd012084f8e200fae7012bf7d1f9
:049630000e21f2e72e
:020000040000fa
:020000040102f7
:1096340038b50a460f210546faf7e6fd044638b167
:1096440095f8e430112b03d101212846eff784fd6e
:04965400204638bdb7
:020000040000fa
:020000040102f7
:1096580038b590f8e43004460d4653b90a20eef7c1
:10966800f9fcc4f8b4016b780370d4f8b431aa7863
:049678005a7038bd2f
:020000040000fa
:020000040102f7
:10967c0010b5837e113bdbb2122b96bf044a00213e
:10968c00d15c0446f4f7e0f8a4f8600010bd00bf0c
:04969c0044b20201d1
:020000040000fa
:020000040102f7
:1096a00013b5074b00930446012302221b21ec2033
:1096b000ecf724ff08230020237002b010bd00bf88
:0496c000a9b8020142
:020000040000fa
:020000040102f7
:1096c40013b5074b00930446012302222421ec2006
:1096d400ecf712ff08230020237002b010bd00bf76
:0496e4009cb802012b
:020000040000fa
:020000040102f7
:1096e80010b5074bda69013ada6132b91a6ada61f8
:1096f8000124f5f71ff8204610bd0024f9e700bf44
:04970800f036012016
:020000040000fa
:020000040102f7
:10970c00074b1b680bb91846704799680a7a043adc
:10971c00012af6d80a68126b8242f2d101207047f6
:04972c0068020020af
:020000040000fa
:020000040102f7
:10973000074a13691b1a136193680344b3f5c06f9a
:1097400083bf6ff4c0615b180120002093607047f5
:04975000e80100200c
:020000040000fa
:020000040102f7
:10975400d0f8b4311a7880f840205a7880f8412043
:109764009a7880f84220da7880f843201b7980f8d0
:0497740044307047c6
:020000040000fa
:020000040102f7
:1097780010b5446f88b05cb1036fcde9033008ab16
:1097880013e903008de8030003ab0ecb0320a047c9
:0497980008b010bd48
:020000040000fa
:020000040102f7
:10979c0010b5446f88b05cb1036fcde9033008abf2
:1097ac0013e903008de8030003ab0ecb0420a047a4
:0497bc0008b010bd24
:020000040000fa
:020000040102f7
:1097c00010b54378da0704460bd500229b070270d8
:1097d000827001d4f4f7c8fb2046bde81040f5f7cd
:0497e000a5b810bd5b
:020000040000fa
:020000040102f7
:1097e400074b1b680bb91a4608e09a68117a0439ca
:1097f4000129f6d8116809888142f2d110467047d0
:0498040068020020d6
:020000040000fa
:020000040102f7
:1098080038b5074d00242b681b78e340db07e1b22d
:1098180002d50120e9f7d4fe0134082cf3d138bd74
:04982800b802002062
:020000040000fa
:020000040102f7
:10982c0010b50468fbf77af9a36fd4f8cc0023f0d9
:10983c00807343f00073a367f8f7d8f8bde81040c5
:04984c00fff72aba3e
:020000040000fa
:020000040102f7
:10985000074a1379d8060ad599064cbf03f0bf030f
:1098600003f07f0383f020031371f7f7f1ba704719
:04987000440200208e
:020000040000fa
:020000040102f7
:1098740038b590f8e43004460d4653b90220eef7ab
:10988400ebfbc4f8b4016b780370d4f8b431aa7854
:049894005a7038bd11
:020000040000fa
:020000040102f7
:109898000b0d40f21e42d21a09dbcb0243ea5050ac
:1098a80040f00040202a28bf2022d04070474900bd
:0498b8008041704734
:020000040000fa
:020000040102f7
:1098bc00434d443a536574436f6e6e5478506f77d2
:1098cc0065725072657365742c73656c5077723d5c
:0398dc0025640000
:020000040000fa
:020000040102f7
:1098df0053434e3a636c725365635265712c7469ce
:1098ef00643d25640053434e3a636c725072695263
:0398ff0065710090
:020000040000fa
:020000040102f7
:10990200434d443a5772697465537567676573745a
:10991200656444656661756c744c656e6774684312
:039922006d640071
:020000040000fa
:020000040102f7
:10992500434d443a53657450415278456e61626cbb
:10993500652c68646c3d25642c656e61626c653dc3
:0399450025640096
:020000040000fa
:020000040102f7
:109948000369416882688a60416851605a68824246
:1099580004bf82685a6000220261186801381860e2
:02996800704746
:020000040000fa
:020000040102f7
:10996a0010b50c6800230a799a4204d8002100f045
:10997a008dfe002010bdca185279e2540133dbb2c1
:02998a00f1e703
:020000040000fa
:020000040102f7
:10998c0038b50b468a7891f90110054693f9000019
:10999c00f8f798fc04460146284600f076fe20466f
:0299ac0038bdc4
:020000040000fa
:020000040102f7
:1099ae0013b501220c466846842100f060fe217832
:1099be00019001a802f015f8684601f0aafd02b068
:0299ce0010bdca
:020000040000fa
:020000040102f7
:1099d00013b501220c466846842100f04ffe217821
:1099e000019001a802f004f8684601f099fd02b068
:0299f00010bda8
:020000040000fa
:020000040102f7
:1099f20010b50a68937854781b0403eb0423147897
:109a0200d278234403eb026303600b6804330b60d8
:029a120010bd85
:020000040000fa
:020000040102f7
:109a140008b5fff7e5fe40b1006890f8f0305b0749
:109a240005d501f0edf9002008bd0220fce71a205d
:029a3400fae74f
:020000040000fa
:020000040102f7
:109a360000b593b03023adf8003000238df8043024
:109a46000388adf806306846fdf7cff913b05df828
:029a560004fb0f
:020000040000fa
:020000040102f7
:109a580038b504460d460020022100f05ff838b101
:109a680002230373457301462046f1f7c9fb012021
:029a780038bdf7
:020000040000fa
:020000040102f7
:109a7a0038b504460d460020022100f04ef838b1f0
:109a8a0007230373457301462046f1f7b8fb01200b
:029a9a0038bdd5
:020000040000fa
:020000040102f7
:109a9c0010b590f8f430db07044609d500f5ba7020
:109aac00ecf7e2fa04f5c670bde81040ecf7dcba4e
:029abc0010bddb
:020000040000fa
:020000040102f7
:109abe0049b1807e112808d0122808d010f020005d
:109ace0018bf04207047407ef4e701207047022043
:029ade007047cf
:020000040000fa
:020000040102f7
:109ae000434d443a5365744164765478506f7765ba
:109af000725072657365742c73656c5077723d2576
:029b00006400ff
:020000040000fa
:020000040102f7
:109b020010b50c4680f829100088fff76afe162c63
:109b120003d1bde8104000f07ebcbde8104000f06b
:029b220088bcfd
:020000040000fa
:020000040102f7
:109b240038b5054601f10c000c4602f072f938b163
:109b34000379448165f305130371002303810360f2
:029b440038bd2a
:020000040000fa
:020000040102f7
:109b4600434d443a5265616453756767657374653e
:109b56006444656661756c744c656e677468436dc4
:029b6600640099
:020000040000fa
:020000040102f7
:109b680007b5426f3ab149b1019001ab0422052112
:109b78000220f6f7e2fd03b05df804fbfaf73efcbd
:029b8800f9e7fb
:020000040000fa
:020000040102f7
:109b8a0012290ad002d8112904d070472139022992
:109b9a0005d97047012101f067be0221fbe70321c5
:029baa00f9e7d9
:020000040000fa
:020000040102f7
:109bac00cb681a7880f840205a7880f841209a784f
:109bbc0080f84220da7880f843201b7980f8443012
:029bcc007047e0
:020000040000fa
:020000040102f7
:109bce0010b504680a46d4f8b01029b1fef7fdfcb2
:109bde000023c4f8b03010bd1046bde81040fdf7ac
:029bee004ab873
:020000040000fa
:020000040102f7
:109bf00010b50468204601f0bbfdfaf795ffa36f8e
:109c000043f0006343f00103a367bde81040fff792
:029c100049b851
:020000040000fa
:020000040102f7
:109c120010f0004160b148bf40420a0d02f21d42fd
:109c2200b0fa80f3d21a9840c30a400503eb0251fe
:029c3200704779
:020000040000fa
:020000040102f7
:109c3400434d443a5265616452656d6f746556656f
:109c440072496e666f2c48646c3d307825303478e8
:019c5400000f
:020000040000fa
:020000040102f7
:109c5500434d443a5265616443684d6170436d6498
:109c6500004552523a5374617475733d30782578c6
:019c750000ee
:020000040000fa
:020000040102f7
:109c760082b0002301934ff0200383f31188bff3d2
:109c86006f8fbff34f8f019b002bfcd002b0704744
:020000040000fa
:020000040102f7
:109c98004ff0200383f31188bff36f8fbff34f8f0b
:109ca800024a136801331360704700bf3037012040
:020000040000fa
:020000040102f7
:109cb80070b505460e46fef7b5f9044610b93046ac
:109cc800f6f77cf82846214600f0e1fc204670bdf6
:020000040000fa
:020000040102f7
:109cd800034b044a9a60044b044a9a60f0f7eabcc2
:109ce800c80000205980020110010020858002016f
:020000040000fa
:020000040102f7
:109cf800034b044a9a61044b044a5a61f5f7acbc19
:109d0800c80000201182020110010020b96202017e
:020000040000fa
:020000040102f7
:109d180010b1054b1b78037021b1044b1a680a6017
:109d28009b888b80704700bf64010020650100207c
:020000040000fa
:020000040102f7
:109d3800054b1a8842f001021a801a68d207fcd42f
:109d4800024b1868704700bf143e0141083e0141ac
:020000040000fa
:020000040102f7
:109d5800054b1a8842f002021a801a689207fcd44e
:109d6800024b1868704700bf143e0141003e014194
:020000040000fa
:020000040102f7
:109d7800054b1a8842f008021a801a681207fcd4a8
:109d8800024b186880b27047143e0141043e0141fd
:020000040000fa
:020000040102f7
:109d9800054b1a8842f004021a801a685207fcd44c
:109da800024b186880b27047143e01410c3e0141d5
:020000040000fa
:020000040102f7
:109db80008b5064b1868f021043001f04bfe00226c
:109dc8001146bde80840f8f72fbb00bf98010020f6
:020000040000fa
:020000040102f7
:109dd800064b1b68586800b9704790f8f8300bb10b
:109de800037b0bb10068f6e701207047980100205b
:020000040000fa
:020000040102f7
:109df80010b5064b16301b6853f820300c4613b1cb
:109e0800114620469847002010bd00bf1c34012091
:020000040000fa
:020000040102f7
:109e180008b5036893f8ff1041b993f80121501e63
:109e280042424241d3f8680100f099fc002008bd85
:020000040000fa
:020000040102f7
:109e38004b7880f8e8308b7880f8e930cb7880f878
:109e4800ea300b7980f8eb304b7980f8ec307047ca
:020000040000fa
:020000040102f7
:109e580090f8e23003f0ef03032b08d1d0f8b031cb
:109e68002bb14a781a70d0f8b0318a785a70704796
:020000040000fa
:020000040102f7
:109e780010b5064c236843b11b68186d01f0c9ff83
:109e88002068faf74bfb0023236010bdb0010020c7
:020000040000fa
:020000040102f7
:109e98004348433a434820496e6420432c256400d4
:109ea8004348433a434820496e6420502c256400b7
:020000040000fa
:020000040102f7
:109eb80038b505680446e7f711fe12232b762046cd
:109ec80000220b21eff72efcbde83840faf78ebed2
:020000040000fa
:020000040102f7
:109ed80008b530b9044b1860044b1861084600f007
:109ee800cffd002008bd00bf5c0200204402002016
:020000040000fa
:020000040102f7
:109ef800434d443a44544d5f456e68616e636564f2
:109f0800526563656976657254657374436d640060
:020000040000fa
:020000040102f7
:109f180010b50446f9f755fc0521204600f0f5f880
:109f280028b194f8f43043f0020384f8f43010bdfb
:020000040000fa
:020000040102f7
:109f3800064b1b6893f82e2203eb4203b3f8260264
:109f4800b3f82a32184480b2704700bf600200207c
:020000040000fa
:020000040102f7
:109f5800062340f2431203fb0020044b1b681844fd
:109f680003680b6083888b80704700bfb8020020ad
:020000040000fa
:020000040102f7
:109f7800054bd3f8682f60f3d752c3f8682f034b0b
:109f88001b685870704700bf00240141b8020020c8
:020000040000fa
:020000040102f7
:109f9800064b1b681a78002322fa03f1c907d8b2c6
:109fa80003d50133082bf7d118467047b8020020b3
:020000040000fa
:020000040102f7
:109fb800064b1b6ac3f30723012b04d9022b0cbfe2
:109fc8004020202070478020704700bf000a0044ce
:020000040000fa
:020000040102f7
:109fd800054bb3f85600054b1b7800f07f0018447a
:109fe800404240b2704700bf006001418801002034
:020000040000fa
:020000040102f7
:109ff80010b50446fef734f901462046fef78efff9
:10a00800024b984294bf0020012010bd38feff7f0c
:020000040000fa
:020000040102f7
:10a0180010b50446817e90f86000fbf743fa617e34
:10a0280002460020fbf73efa92b212fa80f010bd09
:020000040000fa
:020000040102f7
:10a0380008b5faf7dffa054b1a6842f010021a6001
:10a048001a6842f002021a6008bd00bf203a0141b6
:020000040000fa
:020000040102f7
:10a0580008b5faf7f3fa054b1a8842f010021a808d
:10a068001a8842f002021a8008bd00bf283a01414e
:020000040000fa
:020000040102f7
:10a07800636d642030782530347800554e4b4e4f50
:0fa08800574e2048434920434f4d4d414e440011
:020000040000fa
:020000040102f7
:10a09700434d443a5365745041446174612c616483
:0fa0a7007648646c3d25642c6c656e3d25640025
:020000040000fa
:020000040102f7
:10a0b600434d443a53657441646472526573456e08
:0fa0c60061626c652c656e61626c653d2564009e
:020000040000fa
:020000040102f7
:10a0d60013b5044602210df10600f6f760fabdf845
:0ea0e600063062899a42f5d0638102b010bd47
:020000040000fa
:020000040102f7
:10a0f400434d443a45787452656d6f766541647694
:0ea104005365742c68616e646c653d256400c3
:020000040000fa
:020000040102f7
:10a1120038b504460d4600200121fff702fd28b1a3
:0ea12200057301462046f1f76ef8012038bda6
:020000040000fa
:020000040102f7
:10a1300010b5c36e04464bb94369984206d1e7f7a0
:0ea1400035f92046bde81040fcf756bf10bdb3
:020000040000fa
:020000040102f7
:10a14e0007b549b1019001ab042209210220f6f7af
:0ea15e00f1fa03b05df804fbe6f7c1fbf9e788
:020000040000fa
:020000040102f7
:10a16c0000f1824000f5b030891a038801310120da
:0ea17c008840013890401840104180b2704772
:020000040000fa
:020000040102f7
:10a18a0090f8e8304bb190f8cc2012f0240f04d1ab
:0ea19a0090f8cd305a1e53425341184670477c
:020000040000fa
:020000040102f7
:10a1a80010b50023934206d113f0030018bf012015
:0ea1b80000eb930010bdc45ccc540133f2e701
:020000040000fa
:020000040102f7
:10a1c600434d443a437265617465436f6e6e004554
:0da1d60052523a7374617475733d25640034
:020000040000fa
:020000040102f7
:10a1e300434d443a536574416476436f64696e67c3
:0da1f300536368656d652c63733d25640042
:020000040000fa
:020000040102f7
:10a2000053434e3a46444361636865496e69742816
:0da2100032292c7374617475733d25640050
:020000040000fa
:020000040102f7
:10a21d00434d443a526561644d6178696e756d4484
:0da22d006174614c656e677468436d640078
:020000040000fa
:020000040102f7
:10a23a00434d443a43726561746553796e630045d0
:0da24a0052523a7374617475733d256400bf
:020000040000fa
:020000040102f7
:10a2580010b50c46044b19681831fcf7f0fb0121c6
:0ca268002046eef711fc10bd9c330120d5
:020000040000fa
:020000040102f7
:10a2740008b50246044b0868496803c31046002128
:0ca2840000f007fa002008bd4001002097
:020000040000fa
:020000040102f7
:10a2900008b50246044b0868496803c3104600210c
:0ca2a00000f0f9f9002008bd300100209a
:020000040000fa
:020000040102f7
:10a2ac0008b50246044b0868496803c310460021f0
:0ca2bc0000f0ebf9002008bd3801002084
:020000040000fa
:020000040102f7
:10a2c800054b187029b10a68c3f801208a88a3f8d9
:0ca2d8000520f8f759bf00bf640100200a
:020000040000fa
:020000040102f7
:10a2e40007b501a801f076fa034a019813780133ff
:0ca2f400137003b05df804fbbd340120c2
:020000040000fa
:020000040102f7
:10a30000054b1a6842f440721a601a68d105fcd4f1
:0ca310001a689205f9d47047103e014114
:020000040000fa
:020000040102f7
:10a31c00054b1b68586800b9704790f8f8300bb9ba
:0ca32c000068f8e701207047980100204d
:020000040000fa
:020000040102f7
:10a338004144563a7265736368446573632c61647b
:0ca3480076457674547970653d256400fc
:020000040000fa
:020000040102f7
:10a3540000b593b05723adf800300388adf804304e
:0ca364006846fcf743fd13b05df804fbf5
:020000040000fa
:020000040102f7
:10a37000434d443a4c746b5265714e65675265703b
:0ca380006c792c48646c3d307825780026
:020000040000fa
:020000040102f7
:10a38c00034b1860034b1960034b1a60704700bff6
:0ca39c002c34012024340120a0010020fa
:020000040000fa
:020000040102f7
:10a3a8004a7890f8f23062f3041380f8f2308b7830
:0ca3b80080f84831cb7880f849317047bc
:020000040000fa
:020000040102f7
:10a3c400054b1a68c30800f00700d35c23fa00f0b9
:0ca3d40000f00100704700bfac01002049
:020000040000fa
:020000040102f7
:10a3e00010b5fff711fa00231a4603490220bde811
:0ca3f0001040f6f7a6b900bf01070100fd
:020000040000fa
:020000040102f7
:10a3fc0010b5054b53f820300c4613b111462046ce
:0ca40c009847002010bd00bf183101204f
:020000040000fa
:020000040102f7
:10a4180007b50422019001ab03490220f6f78df934
:0ca4280003b05df804fb00bf81060100da
:020000040000fa
:020000040102f7
:10a4340007b50422019001ab03490220f6f77ff926
:0ca4440003b05df804fb00bf82060100bd
:020000040000fa
:020000040102f7
:10a4500038b505680446e7f745fb12232b762046fe
:0ca4600000220b21bde83840eff760b986
:020000040000fa
:020000040102f7
:10a46c00024b034a03490448fff7bab8d15c020116
:0ca47c0045e60101a9dd00015dd90101e8
:020000040000fa
:020000040102f7
:10a48800c0f3080310f4007f40f271224fea9020d5
:0ca4980002fb003018bf00f59c707047fc
:020000040000fa
:020000040102f7
:10a4a400054b02460068186392889a865a6e61f3d7
:0ca4b40018625a66704700bf0033014177
:020000040000fa
:020000040102f7
:10a4c000054b0268c3f8362082885a875a6e61f3ba
:0ca4d00059625a66704700bf003301411a
:020000040000fa
:020000040102f7
:10a4dc00054bd3f8682f60f31242c3f8682fd3f8fa
:0ca4ec00700f00f00100704700240141d7
:020000040000fa
:020000040102f7
:10a4f80070b5054601f06efb446834b10023294667
:0ca50800a4461a46bde87040604770bdd4
:020000040000fa
:020000040102f7
:10a5140008b5044801f052fa0348bde8084001f0c8
:0ca5240053ba00bff9a402018dd201015e
:020000040000fa
:020000040102f7
:10a53000054a1378580706d4990704d523f0020377
:0ca540001370fff785b97047d434012078
:020000040000fa
:020000040102f7
:10a54c00054a1378580706d4990704d523f002035b
:0ca55c001370faf715bc7047d4340120ce
:020000040000fa
:020000040102f7
:10a5680010b5044b044800241c6001f087fb20460a
:0ca5780010bd00bf88340120fd5001011f
:020000040000fa
:020000040102f7
:10a58400836fca6843f002038367438f9b000367aa
:0ca59400528803eb8203c0e91c317047c1
:020000040000fa
:020000040102f7
:10a5a00007b50422019001ab03490120f6f7c9f871
:0ca5b00003b05df804fb00bff1040101e2
:020000040000fa
:020000040102f7
:10a5bc0030b501390024a24206d0035d01340d5d93
:0ca5cc00ab42f8d0581b00e0002030bd6e
:020000040000fa
:020000040102f7
:10a5d8005ab110b40a44431e11f8014b03f8014f55
:0ca5e8009142f9d15df8044b70477047b8
:020000040000fa
:020000040102f7
:10a5f40050b140f21d42b0fa80f1521a8840c30aa9
:0ca60400400503eb025170470100704755
:020000040000fa
:020000040102f7
:10a61000434d443a536574416476456e61626c659e
:0ba620002c656e61626c653d256400d6
:020000040000fa
:020000040102f7
:10a62b00434d443a5265616452656d6f746554785d
:0ba63b00506f7765724c6576656c000f
:020000040000fa
:020000040102f7
:10a64600434d443a52656164524650617468436fa3
:0ba656006d70656e736174696f6e00bb
:020000040000fa
:020000040102f7
:10a66100434d443a53657453636e456e61626c6544
:0ba671002c656e61626c653d25640085
:020000040000fa
:020000040102f7
:10a67c0013b51446019001a801f0b4f901a82146c4
:0aa68c0001f0b0f9019802b010bd12
:020000040000fa
:020000040102f7
:10a6960007b50b466a4601460120fbf77dfc684676
:0aa6a60000f03bff03b05df804fb79
:020000040000fa
:020000040102f7
:10a6b00038b5054611f8010bedf768fe0446014672
:0aa6c0002846fff7e8ff204638bdea
:020000040000fa
:020000040102f7
:10a6ca0038b5054611f8010bedf7bffe0446014601
:0aa6da002846fff7dbff204638bddd
:020000040000fa
:020000040102f7
:10a6e400434d443a5365745363616e5273704461cd
:0aa6f40074612c6c656e3d25640056
:020000040000fa
:020000040102f7
:10a6fe00428fb0f850305343828f02fb0333b3ebdb
:0aa70e00c10fccbf122000207047dd
:020000040000fa
:020000040102f7
:10a7180038b50d4614460021182200f07bfd40f2a2
:0aa728000112c5600281448138bdb2
:020000040000fa
:020000040102f7
:10a7320053434e3a636c7252657143622873656388
:0aa742002e292c7469643d25640083
:020000040000fa
:020000040102f7
:10a74c0010b5837904461bb1c06808b101f05ffbfa
:0aa75c002046bde8104001f05abb92
:020000040000fa
:020000040102f7
:10a766001fb5cde90101039201ab0c2200210220a5
:0aa77600f5f7e4ff05b05df804fb01
:020000040000fa
:020000040102f7
:10a780000a4652f8013fc0f812315368c0f816313a
:0aa79000d1f80930c0f81e317047ff
:020000040000fa
:020000040102f7
:10a79a004144563a656e61626c652050412c73657e
:09a7aa007449643d307825780003
:020000040000fa
:020000040102f7
:10a7b300434d443a53657444656661756c745375cf
:09a7c3006272617465436d64006b
:020000040000fa
:020000040102f7
:10a7cc00434d443a5465726d696e61746553796e8c
:09a7dc00632c68646c3d256400e7
:020000040000fa
:020000040102f7
:10a7e60008b518b1012804d0002008bd00f075fe98
:08a7f600fae7fff74efaf7e75e
:020000040000fa
:020000040102f7
:10a7fe0008b500231a4619460068e7f7f8fc012849
:08a80e0014bf0020012008bd69
:020000040000fa
:020000040102f7
:10a8160010b50446084611460022f8f75eff206090
:08a82600003018bf012010bd35
:020000040000fa
:020000040102f7
:10a82e0008234ff08842536002f52452602191654f
:08a83e0002f5807253607047bf
:020000040000fa
:020000040102f7
:10a8480008b5044b1b681bb1024b58681b68984736
:08a8580008bd00bf28330120f8
:020000040000fa
:020000040102f7
:10a8600000b583b0002301930a4601a9eaf7a0f9d5
:08a87000019803b05df804fb40
:020000040000fa
:020000040102f7
:10a87800034b1b680360034b1b684360704700bfb2
:08a88800c4330120d03301208c
:020000040000fa
:020000040102f7
:10a8900010b5044c0022227021214020f8f720ff3f
:08a8a000606010bd8000002083
:020000040000fa
:020000040102f7
:10a8a80084000000259102010810000085120201b1
:08a8b80009100000a1300201ab
:020000040000fa
:020000040102f7
:10a8c00038b505460878dff763fc0446014628469c
:08a8d000fff7e1fe204638bd50
:020000040000fa
:020000040102f7
:10a8d8003e200000231802013f200000a947020182
:08a8e800402000009768020106
:020000040000fa
:020000040102f7
:10a8f00038b505460878fbf713fe0446014628469e
:08a90000fff7c9fe204638bd37
:020000040000fa
:020000040102f7
:10a9080086000000d19902010210000075ca0101f9
:08a918000b100000d9e301015e
:020000040000fa
:020000040102f7
:10a920000e10000069db01010f10000001cb0101d6
:08a93000101000005d4a020155
:020000040000fa
:020000040102f7
:10a93800034b1b780370034b1b780b70704700bfe9
:08a948006d0100206b010020ed
:020000040000fa
:020000040102f7
:10a950004d454d2c416c6c6f63206661696c65647c
:08a960002c6c656e3d256400be
:020000040000fa
:020000040102f7
:10a9680018b9034b43f821207047024bfae700bfa0
:08a9780048330120f8310120f1
:020000040000fa
:020000040102f7
:10a98000044b4ff080521a60bff34f8fbff36f8fad
:08a99000704700bf04ed00e078
:020000040000fa
:020000040102f7
:10a99800044b4ff00072c3f80421bff34f8fbff38d
:08a9a8006f8f704700e100e031
:020000040000fa
:020000040102f7
:10a9b00010f11d0f06da503104db002a0cbf112004
:08a9c0000020704711207047d0
:020000040000fa
:020000040102f7
:10a9c800434d443a526561644e756d4f66537570d8
:08a9d8004164765365747300bd
:020000040000fa
:020000040102f7
:10a9e00010b5044c2468c4e90612c4f8840023623c
:08a9f00010bd00bf1c34012062
:020000040000fa
:020000040102f7
:10a9f800d0f8443158567e2804bf024b93f9010021
:08aa0800704700bf8a01002025
:020000040000fa
:020000040102f7
:10aa1000434d443a436c72574c004552523a73745a
:08aa2000617475733d256400ab
:020000040000fa
:020000040102f7
:10aa2800044ad2e90231994238bf01f20161cb1ad6
:08aa380013617047e8010020e2
:020000040000fa
:020000040102f7
:10aa40000138c0b206289abf024b185c4ff4fa7066
:08aa5000704700bfe3bd0201e5
:020000040000fa
:020000040102f7
:10aa580008b50146406800f01ffe20b98868bde8c7
:08aa6800084000f019be08bd12
:020000040000fa
:020000040102f7
:10aa700008b5044b00221a70f4f72afbbde8084021
:08aa8000f0f75ebcc3340120b5
:020000040000fa
:020000040102f7
:10aa880010b50446f9f74afd024b00221a60204629
:08aa980010bd00bf4434012091
:020000040000fa
:020000040102f7
:10aaa00010b5044c206818b101f0b7f900232360f9
:08aab00010bd00bf4834012075
:020000040000fa
:020000040102f7
:10aab80010b5044c236823b94ff4827001f0a7f94c
:08aac800206010bd483401209c
:020000040000fa
:020000040102f7
:10aad00008b503790c2b05d183681868eaf7f0f8fc
:08aae000012008bd0020fce785
:020000040000fa
:020000040102f7
:10aae800024a03490348fff74dbc00bfd1aa02013f
:08aaf80009650001e1d901012b
:020000040000fa
:020000040102f7
:10ab000007b50822cde900016b460a210220f5f7be
:08ab100018fe03b05df804fb20
:020000040000fa
:020000040102f7
:10ab180030b143785b0705d5c36d0b6000207047e3
:08ab2800012070470220704774
:020000040000fa
:020000040102f7
:10ab30000246044b0068516803c39068d16803c3a0
:08ab4000704700bfa034014181
:020000040000fa
:020000040102f7
:10ab4800044b1a6822f073021a601a6842f00c0269
:08ab58001a607047283a014120
:020000040000fa
:020000040102f7
:10ab600007b50422019001ab41f483310020f5f7d1
:08ab7000e8fd03b05df804fbf1
:020000040000fa
:020000040102f7
:10ab7800037b1bb190f92700f7f74ebb014b93f904
:08ab88000000f9e78a0100203a
:020000040000fa
:020000040102f7
:10ab9000037a042b0cbf024b024b1b68184700bf03
:08aba000403701204437012079
:020000040000fa
:020000040102f7
:10aba80008b590f8f4309b0704d5fa30fbf778fd28
:08abb8000439c9b2084608bdca
:020000040000fa
:020000040102f7
:10abc00008b5f9f71bfd034a136843f0010313604e
:08abd00008bd00bf203a01415d
:020000040000fa
:020000040102f7
:10abd80008b5f9f70ffd034a136843f00203136041
:08abe80008bd00bf203a014145
:020000040000fa
:020000040102f7
:10abf00003783bb1034600bf13f8012f002afbd1b5
:08ac0000181a7047184670474e
:020000040000fa
:020000040102f7
:10ac0800434d443a52644c6f63616c53757070469f
:07ac180065617475726500af
:020000040000fa
:020000040102f7
:10ac1f00434d443a44544d5f4d616e7554657374a2
:07ac2f00456e64436d6400f3
:020000040000fa
:020000040102f7
:10ac360008b510b1012803d008bde6f728fdfbe7eb
:06ac460000f0b3f9f8e78d
:020000040000fa
:020000040102f7
:10ac4c0010b5044608681146fff704fe206000307a
:06ac5c0018bf012010bd2d
:020000040000fa
:020000040102f7
:10ac620000f1080343604ff0ff328260c36003616a
:06ac72000023036070479f
:020000040000fa
:020000040102f7
:10ac780010b50446fff70cf8a46b00f095f9b4fa88
:06ac880084f0400910bd3c
:020000040000fa
:020000040102f7
:10ac8e0038b50546f7f723f8044601462846fff780
:06ac9e00fbfc204638bd5e
:020000040000fa
:020000040102f7
:10aca40038b50546f2f716fe044601462846faf77b
:06acb400bbfc204638bd88
:020000040000fa
:020000040102f7
:10acba0038b50546f5f7b7f8044601462846fff7c2
:06acca00e5fc204638bd48
:020000040000fa
:020000040102f7
:10acd00010b504460020fff7f7fa20460021fff7e1
:06ace000dafc002010bdab
:020000040000fa
:020000040102f7
:10ace60038b50546f3f7f1fb044601462846fff75b
:06acf600cffc204638bd32
:020000040000fa
:020000040102f7
:10acfc0008b542f24303984203d1ebf785ff0120dc
:06ad0c0008bd0020fce779
:020000040000fa
:020000040102f7
:10ad120038b50546f8f7dbfa044601462846fff740
:06ad2200b9fc204638bd1b
:020000040000fa
:020000040102f7
:10ad280038b50546f0f772fd044601462846fff798
:06ad3800aefc204638bd10
:020000040000fa
:020000040102f7
:10ad3e0038b50546f7f73fff044601462846fff7ac
:06ad4e00a3fc204638bd05
:020000040000fa
:020000040102f7
:10ad540010b50a685478137803eb042303800b6856
:06ad640002330b6010bd7c
:020000040000fa
:020000040102f7
:10ad6a0010b503680024d3f86801c3f86c41eff703
:06ad7a00e8fd204610bdbb
:020000040000fa
:020000040102f7
:10ad8000434d443a526561644d6178416476446153
:06ad900074614c656e00c9
:020000040000fa
:020000040102f7
:10ad9600434d443a5365744578745363616e5273f8
:06ada600704461746100bd
:020000040000fa
:020000040102f7
:10adac00434d443a52656164416476506879436816
:06adbc005478507772008c
:020000040000fa
:020000040102f7
:10adc200434d443a536574416476446174612c6c1a
:06add200656e3d256400e2
:020000040000fa
:020000040102f7
:10add800434d443a53756272617465526571756585
:06ade8007374436d64006a
:020000040000fa
:020000040102f7
:10adee0090f8e22032b990f8e430213b012b01d9e2
:06adfe00f9f7d7be704713
:020000040000fa
:020000040102f7
:10ae040010b5044600f012f820b12046bde8104009
:06ae1400fdf73eba10bd7f
:020000040000fa
:020000040102f7
:10ae1a00022310b580f8e2300446f9f7a2fe08b919
:06ae2a0084f8e20010bdf7
:020000040000fa
:020000040102f7
:10ae300090f8e2302bb990f8e400b0fa80f04009c5
:06ae40007047002070477e
:020000040000fa
:020000040102f7
:10ae460053434e3a445453746172742833292c6424
:06ae560075723d25640049
:020000040000fa
:020000040102f7
:10ae5c0003681bb119791a6811b102601846704762
:06ae6c0018461346f5e74d
:020000040000fa
:020000040102f7
:10ae720008b50b7913f0300f0cbf0430083000f026
:06ae8200e2fc002008bd07
:020000040000fa
:020000040102f7
:10ae8800434d443a5265616442756666657253691a
:06ae98007a65436d6400c1
:020000040000fa
:020000040102f7
:10ae9e0090f8563033b9012380f85630d0f8bc0004
:06aeae00eff74dbd7047f7
:020000040000fa
:020000040102f7
:10aeb40007b50422019001ab01210220f5f73ffc04
:06aec40003b05df804fb81
:020000040000fa
:020000040102f7
:10aeca0040f271224000b0fbf2f302fb13005b0276
:06aeda0043ea500070473e
:020000040000fa
:020000040102f7
:10aee000034690f8e60029b920b993f8e80008b9bc
:06aef00093f8e700704733
:020000040000fa
:020000040102f7
:10aef6004d6963726f636869702d42696742756355
:05af06006b41444452c0
:020000040000fa
:020000040102f7
:10af0b00434d443a437265617465436f6e6e4361a2
:05af1b006e63656c008f
:020000040000fa
:020000040102f7
:10af2000434d443a53657444656661756c7450686a
:05af300079436d64008f
:020000040000fa
:020000040102f7
:10af3500434d443a43726561746553796e63436169
:05af45006e63656c0065
:020000040000fa
:020000040102f7
:10af4a0010b50446084600f0b8fc2060003018bf6f
:04af5a00012010bd05
:020000040000fa
:020000040102f7
:10af5e0008b509680068fef7b8f8012814bf00208c
:04af6e00012008bdf9
:020000040000fa
:020000040102f7
:10af720008b500230068e7f740f9012814bf002054
:04af8200012008bde5
:020000040000fa
:020000040102f7
:10af880008b5034b186b0021fcf712fa08bd00bf87
:04af9800000600446b
:020000040000fa
:020000040102f7
:10af9c00dff80c00016841f470010160704700009b
:04afac0088ed00e04c
:020000040000fa
:020000040102f7
:10afb000034a1368013b13600bb983f31188704790
:04afc0003037012005
:020000040000fa
:020000040102f7
:10afc400034b186810b1836c01338364704700bf6e
:04afd4009c33012089
:020000040000fa
:020000040102f7
:10afd800034b1b68014613b140780230184770478d
:04afe800bc00002089
:020000040000fa
:020000040102f7
:10afec00431e0a2b9ebf024b1b6883f8440070471c
:04affc00ac01002084
:020000040000fa
:020000040102f7
:10b0000010b5044600f088f820460021fff743fb06
:04b01000002010bd4f
:020000040000fa
:020000040102f7
:10b01400024b034ada60f4f731be00bfc8000020d7
:04b0240011620201b2
:020000040000fa
:020000040102f7
:10b02800024b034ada62fdf7cbb900bfc800002023
:04b03800b1800201e0
:020000040000fa
:020000040102f7
:10b03c00024b034a9a62f9f7bbb900bfc800002063
:04b04c003581020147
:020000040000fa
:020000040102f7
:10b05000024b034a1a62faf72dbd00bfc800002058
:04b06000fdac020140
:020000040000fa
:020000040102f7
:10b06400024b034a1a63faf713be00bfc80000205c
:04b07400812702012d
:020000040000fa
:020000040102f7
:10b078004d53472c476574206661696c2c6c656e6e
:04b088003d256400fe
:020000040000fa
:020000040102f7
:10b08c005359530000484f5354004c484349004c0b
:04b09c004c00000064
:020000040000fa
:020000040102f7
:10b0a00038b50c4609681546fff796fa22682a4417
:04b0b000226038bd25
:020000040000fa
:020000040102f7
:10b0b40038b5044600681546fff78cfa22682a441e
:04b0c400226038bd11
:020000040000fa
:020000040102f7
:10b0c800544d522c53746f70206e756c6c20696ee1
:04b0d800707574001b
:020000040000fa
:020000040102f7
:10b0dc0090f8e2309b065abf90f8e400c0f34010a1
:04b0ec000120704788
:020000040000fa
:020000040102f7
:10b0f0000138c0b207289abf014b185cff20704787
:04b10000a4bd0201e7
:020000040000fa
:020000040102f7
:10b10400034b1b6853f8022f02609b8883807047af
:04b11400a80100206e
:020000040000fa
:020000040102f7
:10b1180008b530220021024800f07cf808bd00bfc5
:04b12800f0360120dc
:020000040000fa
:020000040102f7
:10b12c00034b1878072894bf00200120704700bffc
:04b13c00bf340120fb
:020000040000fa
:020000040102f7
:10b1400010b5034c206800f068fe0023236010bd9a
:04b15000383401206e
:020000040000fa
:020000040102f7
:10b15400034b1b681b78c3f3001303700020704774
:04b16400f0020020d5
:020000040000fa
:020000040102f7
:10b1680008b5102000f053fe18b1002383808371c6
:04b17800c36008bdeb
:020000040000fa
:020000040102f7
:10b17c00034b1878a0f1ff0358425841704700bfa9
:04b18c00b4020020e9
:020000040000fa
:020000040102f7
:10b19000034b1b681878a0f1ff03584258417047d1
:04b1a000b8020020d1
:020000040000fa
:020000040102f7
:10b1a400034b1b681878b0fa80f04009704700bf61
:04b1b400b8020020bd
:020000040000fa
:020000040102f7
:10b1b800034b1b681b7823fa00f000f0010070476e
:04b1c800b8020020a9
:020000040000fa
:020000040102f7
:10b1cc00034b1a79520742bfda880132da80704792
:04b1dc004402002009
:020000040000fa
:020000040102f7
:10b1e000034b0a681a600a791a710020704700bf81
:04b1f000e002002059
:020000040000fa
:020000040102f7
:10b1f40008b5d0f8cc0000f002fe0a289cbf01304c
:04b20400c0b208bd0f
:020000040000fa
:020000040102f7
:10b2080069b40201a9a1020177be020177be020159
:04b2180077be0201fa
:020000040000fa
:020000040102f7
:10b21c0032b1c9b20244034603f8011b9342fbd17d
:04b22c00704700bfa8
:020000040000fa
:020000040102f7
:10b23000034600bf11f8012b184603f8012b002a22
:04b24000f8d170478a
:020000040000fa
:020000040102f7
:10b2440001020000000000000000000000000000f7
:03b25400040404eb
:020000040000fa
:020000040102f7
:10b25700434d443a536574486f737446656174751a
:03b267007265000d
:020000040000fa
:020000040102f7
:10b26a00434d443a536574525041544f2c544f3d08
:03b27a0025640048
:020000040000fa
:020000040102f7
:10b27d0053434e3a4644436163686546726565289b
:03b28d0033290062
:020000040000fa
:020000040102f7
:10b2900053434e3a46444361636865467265652888
:03b2a00032290050
:020000040000fa
:020000040102f7
:10b2a3004348433a616464205265712c496e763d8c
:03b2b3002564000f
:020000040000fa
:020000040102f7
:10b2b600434d443a44544d5f54657374456e64433c
:03b2c6006d6400b4
:020000040000fa
:020000040102f7
:10b2ca0008b50068e7f763fc012814bf00200120d5
:02b2da0008bdad
:020000040000fa
:020000040102f7
:10b2dc0008b5006800f032f8ff2828bfff20c0b284
:02b2ec0008bd9b
:020000040000fa
:020000040102f7
:10b2ee0008b50068e9f75dfc012814bf00200120b5
:02b2fe0008bd89
:020000040000fa
:020000040102f7
:10b3000008b5006800f05afa012814bf0020012097
:02b3100008bd76
:020000040000fa
:020000040102f7
:10b3120010b50468a06800f02cfd204600f029fd5d
:02b3220010bd5c
:020000040000fa
:020000040102f7
:10b324004ff0200383f31188bff36f8fbff34f8f68
:02b33400fee732
:020000040000fa
:020000040102f7
:10b336004ff0200383f31188bff36f8fbff34f8f56
:02b34600fee720
:020000040000fa
:020000040102f7
:10b3480010b50446fef7a4fca46bfff72dfe2046bb
:02b3580010bd26
:020000040000fa
:020000040102f7
:10b35a00862808b503d1fef725fb012008bd002089
:02b36a00fce7fe
:020000040000fa
:020000040102f7
:10b36c000368002003b970471a7b1b68104480b235
:02b37c00f8e7f0
:020000040000fa
:020000040102f7
:10b37e0010b50446f2f7f1fe10b1052384f8e23061
:02b38e0010bdf0
:020000040000fa
:020000040102f7
:10b3900010b50446f8f75eff10b1132384f8e230cd
:02b3a00010bdde
:020000040000fa
:020000040102f7
:10b3a20010b50446fef757fb10b1032384f8e230d0
:02b3b20010bdcc
:020000040000fa
:020000040102f7
:10b3b400012805d0022803d0042814bf012003204b
:02b3c4007047d0
:020000040000fa
:020000040102f7
:10b3c6000346006820b102681a600ab95b607047dc
:02b3d6007047be
:020000040000fa
:020000040102f7
:10b3d800434d443a5743684173736d4d6f643a2542
:02b3e8006400ff
:020000040000fa
:020000040102f7
:10b3ea0010b50446f7f7defd10b1122384f8e230f7
:02b3fa0010bd84
:020000040000fa
:020000040102f7
:10b3fc0010b5841a64024cbf501ac01ac0f38050a6
:02b40c0010bd71
:020000040000fa
:020000040102f7
:10b40e00000102000201010002010200020001021d
:02b41e0001002b
:020000040000fa
:020000040102f7
:10b4200008b50b460022c1b21846fff7b1fb002059
:02b4300008bd55
:020000040000fa
:020000040102f7
:10b4320090f86c3090f8f42062f3451380f86c3089
:02b44200704751
:020000040000fa
:020000040102f7
:10b4440090f86c3003f03f0380f86c3002230377ec
:02b4540070473f
:020000040000fa
:020000040102f7
:10b4560010b50446f4f7fffa2046bde81040faf7a7
:02b4660042b8ea
:020000040000fa
:020000040102f7
:10b468000a440023914201d10020704701f8013bb2
:02b47800f8e7f3
:020000040000fa
:020000040102f7
:10b47a00434d443a47656e5075624b6579436d6436
:01b48a0000c1
:020000040000fa
:020000040102f7
:10b48b00434d443a526450414c69737453697a6525
:01b49b0000b0
:020000040000fa
:020000040102f7
:10b49c00434d443a52656d6f766550414c697374f7
:01b4ac00009f
:020000040000fa
:020000040102f7
:10b4b000024b03eb0010416082607047b8310120fd
:020000040000fa
:020000040102f7
:10b4c000024b1868c0f3c030704700bf000600444c
:020000040000fa
:020000040102f7
:10b4d000424c45004150505f5461736b730000bf94
:020000040000fa
:020000040102f7
:10b4e000024a136801331360704700bfb033012074
:020000040000fa
:020000040102f7
:10b4f0001f1f1c1c181814141414141414141414de
:020000040000fa
:020000040102f7
:10b50000024b5b6803b11847704700bfbc000020c6
:020000040000fa
:020000040102f7
:10b51000024b9b6803b11847704700bfbc00002076
:020000040000fa
:020000040102f7
:10b52000024b1b6803b11847704700bf00010020a1
:020000040000fa
:020000040102f7
:10b53000ff0e800cf301800cfffffb009042ffff29
:020000040000fa
:020000040102f7
:10b540000000060000000a0000001b004801010086
:020000040000fa
:020000040102f7
:10b5500012100000591a02011310000031260201d6
:020000040000fa
:020000040102f7
:10b56000192000005de301017d20000071a50101ab
:020000040000fa
:020000040102f7
:10b570001a200000690a02011b200000a13e0201fe
:020000040000fa
:020000040102f7
:10b580000d200000195401010e20000013ad02012e
:020000040000fa
:020000040102f7
:10b590000d100000917f010111100000c55902013a
:020000040000fa
:020000040102f7
:10b5a0004120000037ab0101422000000b2f0201b7
:020000040000fa
:020000040102f7
:10b5b0000b200000c91b02010c200000cd68020115
:020000040000fa
:020000040102f7
:10b5c000024b1a8860f308221a807047183e014126
:020000040000fa
:020000040102f7
:10b5d000024b1a8860f349221a807047183e0141d5
:020000040000fa
:020000040102f7
:10b5e000037cf02b01d100f057ba90f8400070476f
:020000040000fa
:020000040102f7
:10b5f000024b16301b6843f8201070471c340120a2
:020000040000fa
:020000040102f7
:10b60000024b1b6803eb8000416270471c34012031
:020000040000fa
:020000040102f7
:10b61000024b01221a700020704700bffd0200207b
:020000040000fa
:020000040102f7
:10b62000c37d13b90321eaf771b91021ebf7a0b973
:020000040000fa
:020000040102f7
:10b63000024b1b6883f82700704700bfa801002059
:020000040000fa
:020000040102f7
:10b64000024b1b6883f82800704700bfa801002048
:020000040000fa
:020000040102f7
:10b65000024b1b6893f82700704700bfa801002029
:020000040000fa
:020000040102f7
:10b66000024b1b6893f82800704700bfa801002018
:020000040000fa
:020000040102f7
:10b67000024b1b6893f82e00704700bfa801002002
:020000040000fa
:020000040102f7
:10b68000024b1878b0fa80f040097047bf340120af
:020000040000fa
:020000040102f7
:10b69000434d443a47656e44684b6579436d640099
:020000040000fa
:020000040102f7
:10b6a00028b1028943899a4201d10068f8e77047be
:020000040000fa
:020000040102f7
:10b6b00008b5fff7b9f9014808bd00bfe80100204f
:020000040000fa
:020000040102f7
:10b6c00008b51c2000f0a7fb08b10223037308bdd6
:020000040000fa
:020000040102f7
:10b6d00008b5182000f09ffb08b10123037308bdd3
:020000040000fa
:020000040102f7
:10b6e000434d443a5265616452737369436d64001b
:020000040000fa
:020000040102f7
:10b6f000024b1878431e584258417047cb34012002
:020000040000fa
:020000040102f7
:10b70000f401fa00960064004b0032001e001400a1
:020000040000fa
:020000040102f7
:10b71000024b1b6893f83c02704700bf6002002098
:020000040000fa
:020000040102f7
:10b7200040f2fc7303ea8003400a1380086070470c
:020000040000fa
:020000040102f7
:10b73000024b1b681844c078704700bfb802002055
:020000040000fa
:020000040102f7
:10b74000024b00eb400003eb40007047e830012063
:020000040000fa
:020000040102f7
:10b75000024b1a6802609b88838070477433012013
:020000040000fa
:020000040102f7
:10b7600090f8f430db0702d5f530faf79dbf70474b
:020000040000fa
:020000040102f7
:10b77000c38f428fdb00b3fbf2f3c0e92433704781
:020000040000fa
:020000040102f7
:0fb7800000010203030405050607070707070872
:020000040000fa
:020000040102f7
:0fb78f0053434e3a505453746172742832290058
:020000040000fa
:020000040102f7
:0fb79e00434d443a52656164506879436d6400cd
:020000040000fa
:020000040102f7
:0eb7ae00012800d0704708b5edf709f908bd75
:020000040000fa
:020000040102f7
:0eb7bc00836bc06b984214bf002001207047c1
:020000040000fa
:020000040102f7
:0eb7ca0008b50020e7f737f9f6f703fffce7b4
:020000040000fa
:020000040102f7
:0eb7d800eff31083036072b6bff35f8f70470c
:020000040000fa
:020000040102f7
:0eb7e6000b681b7803700b6801330b60704713
:020000040000fa
:020000040102f7
:0eb7f400434d443a436c7241647653657400d1
:020000040000fa
:020000040102f7
:0eb8020003000200000400000000000000012e
:020000040000fa
:020000040102f7
:0eb8100000230b6043684b6019604160704775
:020000040000fa
:020000040102f7
:0eb81e00434d443a4c65456e63727970740078
:020000040000fa
:020000040102f7
:0eb82c00434d443a526561645478507772007f
:020000040000fa
:020000040102f7
:0eb83a004556543a69643d3078253034780024
:020000040000fa
:020000040102f7
:0eb84800036813b90160184670471846f8e708
:020000040000fa
:020000040102f7
:0eb85600434d443a41646450414c69737400a0
:020000040000fa
:020000040102f7
:0eb86400434d443a436c7250414c697374007a
:020000040000fa
:020000040102f7
:0eb872000238012802d80846f0f793b9704753
:020000040000fa
:020000040102f7
:0eb8800090f82f30002b14bf072000207047d7
:020000040000fa
:020000040102f7
:0eb88e0010b50446fff7e1f8c4f8ac0010bd99
:020000040000fa
:020000040102f7
:0db89c00434d443a5264524c53697a6500a2
:020000040000fa
:020000040102f7
:0db8a900434d443a5264574c53697a650090
:020000040000fa
:020000040102f7
:0cb8b800014bd86019617047b8300120c6
:020000040000fa
:020000040102f7
:0cb8c40008b500220421f7f709ff08bdb9
:020000040000fa
:020000040102f7
:0cb8d000014b1868704700bfa83301202e
:020000040000fa
:020000040102f7
:0cb8dc00014b01221a607047d433012098
:020000040000fa
:020000040102f7
:0cb8e800014b1860704700bfbc0000203e
:020000040000fa
:020000040102f7
:0cb8f400014b5860704700bfbc000020f2
:020000040000fa
:020000040102f7
:0cb90000014b9860704700bfbc000020a5
:020000040000fa
:020000040102f7
:0cb90c00014b1860704700bf00010020d4
:020000040000fa
:020000040102f7
:0cb91800014b5860704700bf0001002088
:020000040000fa
:020000040102f7
:0cb92400014b9860704700bf000100203c
:020000040000fa
:020000040102f7
:0cb93000014b1860704700bfdc330120a1
:020000040000fa
:020000040102f7
:0cb93c00014b1860704700bfe033012091
:020000040000fa
:020000040102f7
:0cb94800014b1860704700bfd83301208d
:020000040000fa
:020000040102f7
:0cb95400014b93f9000070475d010020da
:020000040000fa
:020000040102f7
:0cb96000014b93f9000070476c010020bf
:020000040000fa
:020000040102f7
:0cb96c00014b1878704700bf4f2f0120de
:020000040000fa
:020000040102f7
:0cb97800014b1860704700bf0434012030
:020000040000fa
:020000040102f7
:0cb98400014b1860704700bf0034012028
:020000040000fa
:020000040102f7
:0cb99000014b1878704700bfb93401204b
:020000040000fa
:020000040102f7
:0cb99c00014b1870704700bfb934012047
:020000040000fa
:020000040102f7
:0cb9a800014b00221a707047b8340120d7
:020000040000fa
:020000040102f7
:0cb9b400014b1878704700bfb834012028
:020000040000fa
:020000040102f7
:0cb9c000014b1860704700bf10340120dc
:020000040000fa
:020000040102f7
:0cb9cc00014b1860704700bf14340120cc
:020000040000fa
:020000040102f7
:0cb9d800bff35f8f036883f31088704793
:020000040000fa
:020000040102f7
:0cb9e400014b1878704700bfbc340120f4
:020000040000fa
:020000040102f7
:0cb9f0000368197003680133036070479e
:020000040000fa
:020000040102f7
:0cb9fc0003681980036802330360704781
:020000040000fa
:020000040102f7
:0cba080003681960036804330360704792
:020000040000fa
:020000040102f7
:0cba1400014b1860704700bf183401207f
:020000040000fa
:020000040102f7
:0cba2000014b1b68186070471c340120ab
:020000040000fa
:020000040102f7
:0cba2c00014b1b68586070471c3401205f
:020000040000fa
:020000040102f7
:0cba3800014b1b68986070471c34012013
:020000040000fa
:020000040102f7
:0cba4400014b1b68d86070471c340120c7
:020000040000fa
:020000040102f7
:0cba5000014b1b68186170471c3401207a
:020000040000fa
:020000040102f7
:0cba5c00006810b1037c8b42fad17047e7
:020000040000fa
:020000040102f7
:0cba6800014b1860704700bf3034012013
:020000040000fa
:020000040102f7
:0cba7400014b43f8201070477031012096
:020000040000fa
:020000040102f7
:0cba8000014b1b68d8647047ac0100202b
:020000040000fa
:020000040102f7
:0cba8c00014b1b6818657047ac010020de
:020000040000fa
:020000040102f7
:0cba9800014b1b68187a7047a8010020c1
:020000040000fa
:020000040102f7
:0cbaa400014b1b68988c7047a801002023
:020000040000fa
:020000040102f7
:0cbab000014b1b6818637047a8010020c0
:020000040000fa
:020000040102f7
:0cbabc00014b1b6858637047a801002074
:020000040000fa
:020000040102f7
:0cbac800014b1b6898637047a801002028
:020000040000fa
:020000040102f7
:0cbad400014bc3e907007047f036012069
:020000040000fa
:020000040102f7
:0cbae000014b1b68d8637047a8010020d0
:020000040000fa
:020000040102f7
:0cbaec00014b1b6818647047a801002083
:020000040000fa
:020000040102f7
:0cbaf800014b1b6858647047a801002037
:020000040000fa
:020000040102f7
:0cbb0400014b1b6898647047a8010020ea
:020000040000fa
:020000040102f7
:0cbb1000014b1b68d8647047a80100209e
:020000040000fa
:020000040102f7
:0cbb1c00014b1b6818657047a801002051
:020000040000fa
:020000040102f7
:0cbb2800014b1b6858657047a801002005
:020000040000fa
:020000040102f7
:0cbb3400014b1b6898657047a8010020b9
:020000040000fa
:020000040102f7
:0cbb4000014b1b68d8657047a80100206d
:020000040000fa
:020000040102f7
:0cbb4c00014b1b6818667047a801002020
:020000040000fa
:020000040102f7
:0cbb5800014b1878704700bfbf3401207b
:020000040000fa
:020000040102f7
:0cbb6400434d443a47656e52616e640028
:020000040000fa
:020000040102f7
:0cbb7000014b1860704700bf3434012006
:020000040000fa
:020000040102f7
:0cbb7c00014b43f82010704718310120e5
:020000040000fa
:020000040102f7
:0cbb8800014b1860704700bfd80100207e
:020000040000fa
:020000040102f7
:0cbb9400014b1860704700bf3c340120da
:020000040000fa
:020000040102f7
:0cbba000006810b1838a8b42fad1704714
:020000040000fa
:020000040102f7
:0cbbac00014b1878704700bfce34012018
:020000040000fa
:020000040102f7
:0cbbb800014b1870704700bfce34012014
:020000040000fa
:020000040102f7
:0cbbc40008b5dcf72ffcc0f3870008bdbb
:020000040000fa
:020000040102f7
:0cbbd000014b1860704700bf64020020a9
:020000040000fa
:020000040102f7
:0cbbdc00014b1868704700bf6402002095
:020000040000fa
:020000040102f7
:0cbbe800014b00221a707047b4020020cc
:020000040000fa
:020000040102f7
:0cbbf400014b00221a707047b4020020c0
:020000040000fa
:020000040102f7
:0cbc0000014b1b6858787047b802002008
:020000040000fa
:020000040102f7
:0cbc0c00014b1b6898787047b8020020bc
:020000040000fa
:020000040102f7
:0cbc1800014b1865704700bf002401417b
:020000040000fa
:020000040102f7
:0cbc2400014b1860704700bfc8020020f0
:020000040000fa
:020000040102f7
:0cbc3000014b1860704700bf6c3401200d
:020000040000fa
:020000040102f7
:0cbc3c00014b1860704700bf6834012005
:020000040000fa
:020000040102f7
:0cbc4800014b1860704700bf70340120f1
:020000040000fa
:020000040102f7
:0cbc5400014b43f82010704744310120e0
:020000040000fa
:020000040102f7
:0cbc6000014b1860704700bf7c340120cd
:020000040000fa
:020000040102f7
:0cbc6c00014b1860704700bf80340120bd
:020000040000fa
:020000040102f7
:0cbc7800014b1860704700bf84340120ad
:020000040000fa
:020000040102f7
:0cbc8400014b1860704700bfec0200206c
:020000040000fa
:020000040102f7
:0cbc9000014b1860704700bf8834012091
:020000040000fa
:020000040102f7
:0cbc9c00014b1860704700bf40370120ca
:020000040000fa
:020000040102f7
:0cbca800014b1860704700bf44370120ba
:020000040000fa
:020000040102f7
:0cbcb400014b1b68184700bf0003002074
:020000040000fa
:020000040102f7
:0cbcc000014b1b68586070478c34012059
:020000040000fa
:020000040102f7
:0cbccc00014b1b68986070478c3401200d
:020000040000fa
:020000040102f7
:0cbcd8000148fff7f7bf00bf15ec0101a9
:020000040000fa
:020000040102f7
:0cbce40010b50446fff7a2fa204610bd80
:020000040000fa
:020000040102f7
:0bbcf0004552523a4c3136423073008e
:020000040000fa
:020000040102f7
:0bbcfb004552523a4c31364230730083
:020000040000fa
:020000040102f7
:0bbd06004552523a4c31364230730077
:020000040000fa
:020000040102f7
:0bbd110053434e3a7363616e544f00c1
:020000040000fa
:020000040102f7
:0abd1c0008b5fff713fbc0b208bd25
:020000040000fa
:020000040102f7
:0abd260008b5fef706f8c0b208bd2c
:020000040000fa
:020000040102f7
:0abd3000434d443a436c72524c003c
:020000040000fa
:020000040102f7
:0abd3a00307825782c307825780049
:020000040000fa
:020000040102f7
:0abd440008b500f068f8002008bd03
:020000040000fa
:020000040102f7
:0abd4e00837843f010038370704700
:020000040000fa
:020000040102f7
:0abd580000b9704700bf0138fae798
:020000040000fa
:020000040102f7
:0abd6200836f43f4c07383677047da
:020000040000fa
:020000040102f7
:08bd6c0008b5e7f7c7fc08bdac
:020000040000fa
:020000040102f7
:08bd740008b5eff70ff908bd57
:020000040000fa
:020000040102f7
:08bd7c0008b5eff765fcfce7d8
:020000040000fa
:020000040102f7
:08bd840008b5f5f7c7f808bd8a
:020000040000fa
:020000040102f7
:08bd8c004b7880f8e0307047ad
:020000040000fa
:020000040102f7
:08bd94004b7880f8e1307047a4
:020000040000fa
:020000040102f7
:08bd9c008b7880f8e03070475d
:020000040000fa
:020000040102f7
:08bda4000001ff02ffffff0395
:020000040000fa
:020000040102f7
:08bdac00456363446f6e6500fe
:020000040000fa
:020000040102f7
:08bdb400c3680b60c160704719
:020000040000fa
:020000040102f7
:08bdbc00890841ea40207047ac
:020000040000fa
:020000040102f7
:08bdc40000487047f0a90101dd
:020000040000fa
:020000040102f7
:08bdcc008168c088f7f748b850
:020000040000fa
:020000040102f7
:08bdd40083f00043e1f772bbac
:020000040000fa
:020000040102f7
:07bddc00009393936711002f
:020000040000fa
:020000040102f7
:07bde300fa96644b321e14b6
:020000040000fa
:020000040102f7
:06bdea0000230361704715
:020000040000fa
:020000040102f7
:06bdf0000021f9f723be5b
:020000040000fa
:020000040102f7
:06bdf6000023ddf79abbfb
:020000040000fa
:020000040102f7
:06bdfc000022e4f7d3bbb6
:020000040000fa
:020000040102f7
:06be020090f851007047aa
:020000040000fa
:020000040102f7
:06be0800b0f85400704781
:020000040000fa
:020000040102f7
:04be0e00fdf7a5bbdc
:020000040000fa
:020000040102f7
:04be1200f7f7d5baaf
:020000040000fa
:020000040102f7
:04be1600ecf721b96b
:020000040000fa
:020000040102f7
:04be1a00faf719bf5b
:020000040000fa
:020000040102f7
:04be1e000020704749
:020000040000fa
:020000040102f7
:04be2200fff7b7beb1
:020000040000fa
:020000040102f7
:04be2600fbf74aba22
:020000040000fa
:020000040102f7
:04be2a00f8f7c1bea6
:020000040000fa
:020000040102f7
:04be2e00f8f7bfbea4
:020000040000fa
:020000040102f7
:04be3200800b7047ca
:020000040000fa
:020000040102f7
:04be36000020704731
:020000040000fa
:020000040102f7
:04be3a00e5f739b936
:020000040000fa
:020000040102f7
:04be3e00f2f765bff3
:020000040000fa
:020000040102f7
:04be4200f6f7e9be68
:020000040000fa
:020000040102f7
:04be4600c06a704717
:020000040000fa
:020000040102f7
:04be4a00806d704750
:020000040000fa
:020000040102f7
:04be4e004161704797
:020000040000fa
:020000040102f7
:04be52008161704753
:020000040000fa
:020000040102f7
:04be56000820704709
:020000040000fa
:020000040102f7
:04be5a00002070470d
:020000040000fa
:020000040102f7
:04be5e00f1f725bb18
:020000040000fa
:020000040102f7
:04be62000020704705
:020000040000fa
:020000040102f7
:04be66000020704701
:020000040000fa
:020000040102f7
:04be6a0000207047fd
:020000040000fa
:020000040102f7
:04be6e0000207047f9
:020000040000fa
:020000040102f7
:04be720000207047f5
:020000040000fa
:020000040102f7
:04be760000207047f1
:00000001FF
