:020000040000fa
:02000004008179
:040f8800ffff000067
:020000040000fa
:02000004008179
:040f8c0000400e848f
:020000040000fa
:02000004008179
:040f900038fc745f56
:020000040000fa
:02000004008179
:040f94003b480014c2
:020000040000fa
:02000004008179
:040f98000b00607971
:020000040000fa
:02000004008179
:040f9c000000000051
:020000040000fa
:02000004008179
:040fbc000000001021
:020000040000fa
:020000040100f9
:10020000f0ff0720c5d000019520010199200101d0
:10021000a1200101a5200101a92001010000000089
:100220000000000000000000000000007113010148
:100230009d20010100000000e1e70001750e0101b1
:10024000976c000101f60001976c0001a51c0101eb
:10025000976c0001976c0001976c0001976c00018e
:10026000976c0001976c0001976c0001976c00017e
:10027000976c0001976c0001976c0001a1f20001de
:10028000976c0001976c0001976c0001976c00015e
:10029000976c0001976c0001976c0001976c00014e
:1002a000976c000171100101976c0001976c0001bf
:1002b000976c0001976c0001976c0001976c00012e
:1002c000976c0001976c0001976c0001976c00011e
:1002d000976c0001976c0001976c0001976c00010e
:1002e000976c0001976c0001976c00010579000183
:1002f000976c0001976c00017d1b0101976c000158
:10030000976c0001976c0001976c0001976c0001dd
:10031000976c0001976c0001976c0001976c0001cd
:08032000976c0001976c0001cd
:020000040000fa
:020000040100f9
:10032800f8b500bff8bc08bc9e467047d5fe000172
:10033800f8b500bff8bc08bc9e467047b1fe000186
:020000040000fa
:020000040100f9
:08034800c46100000100000087
:020000040000fa
:020000040100f9
:1003500008b5044b186818b1804780f00100c0b29e
:1003600008bd00bfb804012004292cd8dfe801f043
:100370000308161d2400184a93881844908070477b
:10038000154a9388184480b2c11c4ff6fc730b4089
:10039000984201d90430f1e7938070470e4a938860
:1003a0000f33184420f00f00e8e70b4a93881f33ff
:1003b000184420f01f00e1e7074a93883f331844b0
:1003c00020f03f00dae74ff0200383f31188bff3fa
:1003d0006f8fbff34f8ffee7b804012070b5104a4e
:1003e00094790023d9b28c4201d800200be05d1c27
:1003f0009b00d118b1f8076086420ed1b1f80920f0
:1004000012b10848184470bd4ff0200383f31188df
:10041000bff36f8fbff34f8ffee72b46e2e700bfbe
:10042000b8040120bf04012010b50446fff7d6ff31
:1004300040b14ff0200383f31188bff36f8fbff3f8
:100440004f8ffee70b4b9879020608d54ff020033b
:1004500083f31188bff36f8fbff34f8ffee7421c0a
:100460009a7103eb80020733a2f8074003eb800088
:1004700010bd00bfb804012010b50446fff7aeff61
:1004800040b94ff0200383f31188bff36f8fbff3a0
:100490004f8ffee72046fff7a1ff054a9379013b06
:1004a000dbb2937102eb8303d3f80730036010bd16
:1004b000b804012008b5fff791ff00b1408808bdde
:1004c00009b91046704780b1037883ea122383eaa2
:1004d000131343ea022282ea033282ea431292b2ff
:1004e00000b10130013989b2eae7ff23ede72de9d8
:1004f000f04f85b081460e9e8a46904606b11e4456
:1005000043449cb247465546a74203d1012005b05b
:10051000bde8f08f95b36a4610232946484605f09a
:10052000c5fbbdf80420944208d9bdf80630134439
:100530009bb29f4202d29c4203d91f46bdf80a508b
:10054000e8e79742a4eb020128bfe31b89b234bf5e
:100550000b469bb2a4eb030432bfbdf80ab047467a
:10056000d346a4b246b110352944f61ac91a324608
:1005700089b2484605f09afb5d46c5e72846c6e7be
:100580002de9f74fd48896888046894644f307259d
:100590004ff6ff77002d03da384603b0bde8f08f41
:1005a0001cd0a4f580741ffa84fa4ff48074dff82d
:1005b00034b0cdf800b02346324649464046fff7f6
:1005c00096ff38b13a4621465846fff779ff264450
:1005d000b6b20746013d6db25446dbe7002cdbd0d6
:1005e000a246e4e7bf06012010b5084c94f80703c3
:1005f00005f0fefb4ff48042002194f8070305f05c
:100600001ffc10b14ff48073a38010bdb80401200b
:100610002de9f041094c05460e46174613460a4699
:10062000014694f8070305f077fb3b46324629461e
:1006300094f80703bde8f04105f050bcb804012070
:100640007fb545f24143adf806300d4bcde90230a0
:100650000c4bc043b3f8083304904ff6ff721021df
:100660000df10600adf81430fff72aff1222adf8a5
:10067000040001a90020fff7cbff07b05df804fbe1
:10068000534e7632b80401202de9f041234cb4f8e2
:100690000a33b4f80c530b449bb2ff2b06460f46ab
:1006a000a4f80a3304f207280bd80a462844414626
:1006b0003d4411f0cff80127a4f80c533846bde8ab
:1006c000f081c5f580724146284411f0c3f84ff41b
:1006d00080723146a088fff79bff07460028edd0c7
:1006e00000214ff48070fff73ffeb4f80a53b4f8ce
:1006f0000c13a5f580750023adb2a4f80c33a4f853
:100700000a53002ddad0c1f580712a4618fa81f11a
:10071000304611f09ff8a4f80c53cfe7b80401203d
:100720002de9f04f714c94f807738fb0002112231c
:1007300009aa3846a4f80e13a4f81013a4f80c1351
:10074000a4f80a1305f0b2fa0b9b039394f807334d
:100750000133dbb2012b88bf002384f8073394f800
:100760000733bb4208d14ff0200383f31188bff356
:100770006f8fbff34f8ffee7fff736ff0028e5d0fe
:1007800000230293dff86c8182e0029bdff868a10e
:1007900004eb830b05aabbf80990102349463846a1
:1007a00005f084fa0026bdf81c50adf81a5005aad1
:1007b00049463846adf81860cdf81e60fff7e0fef8
:1007c0004ff6ff72adf814000e2105a8fff778fe72
:1007d000f022adf82200ff21504611f0effa05abf0
:1007e00003cb1035c8f80000c8f80410b4f80c2387
:1007f00003cba388c8f80800adb21344b5f5807fd9
:10080000c8f80c10abf809301ad8cdf800a0bdf824
:100810001c30324649463846fff769fe58b1a38876
:10082000b4f80c231344abf8093029460af1fb0055
:10083000fff72aff40bb002420460fb0bde8f08f31
:10084000102300bfb5f5807faa4628bf4ff4807af9
:10085000aaeb030b1ffa8bfb4344009332465b4623
:1008600049463846fff743fe0028e4d05146204869
:10087000fff70aff0028ded0a5eb0a055e44adb203
:10088000b6b20023002dddd1029b0133dbb202930f
:10089000a379029a93423ff678afb4f80a23f2b9eb
:1008a000b4f80a030021fff75ffda388a4f808331a
:1008b000039b581efff7c4fe04460028bbd003214b
:1008c0000020fff751fd1222ff2109a811f076fa4e
:1008d000122309aa0021384605f01efaace70449a4
:1008e000a088fff795fe0028dad1a4e7b80401201c
:1008f000ca070120bf060120cf06012008b50a4b18
:100900009b88c3f580439bb283420bd2fff708ff5d
:1009100040b94ff0200383f31188bff36f8fbff30b
:100920004f8ffee708bd00bfb80401202de9f84f46
:10093000364d044605f2072988464ff48072ff21a0
:10094000484611f03bfae1884ff6ff724046fff748
:10095000b7fd4ff6ff7220800e212046fff7b0fd55
:100960002368e081c5f807326368c9f80430a368da
:10097000c9f80830e368c9f80c30e28802f11006c3
:10098000b6b2b8f1000f07d0b6f5807f16d8414651
:1009900005f2172010f05effe2881d49a888f02ab2
:1009a00028bff022103292b2fff732fe0746e088ed
:1009b0001030032180b2fff7d7fc24e04ff0000b8a
:1009c000102000bfb6f5807f344628bf4ff48074f6
:1009d000a4eb000a524608eb0b01484410f03aff22
:1009e00022460b49a888fff713fe074658b1361b6d
:1009f00020460321da44b6b2fff7b6fc1ffa8afba1
:100a00000020002eded13846bde8f88fb804012062
:100a1000bf0601202de9f041624c00258eb0a57182
:100a20004ff0ff38ff27122304aa0021284605f0c3
:100a30003df9dde906637340013326d19df812309c
:100a4000412b22d19df81330542b1ed19df8143028
:100a5000532b1ad19df815304e2b16d19df8163018
:100a6000762b12d19df81730322b0ed14ff6ff7234
:100a700010210df11200fff723fdbdf81030834265
:100a800003d146453cbfb0462f46ddb1ff2f2bd1e9
:100a9000002384f807334ff6ff7500bffff7a4fd6e
:100aa00090b994f807330133dbb2012b84f8073394
:100ab000f4d94ff0200383f31188bff36f8fbff396
:100ac0004f8ffee70125aee76ff00100a4f8085351
:100ad000fff7b6fd0028e4d00023a371012384f8ba
:100ae00012340eb0bde8f0814ff48073a380384615
:100af000122309aa002184f8077305f0d7f84ff6ee
:100b0000ff77a388b3f5804fe8d2bdf83420ba420e
:100b100001d09a4214d803210020fff725fc0325b9
:100b200010236a46a18894f8070305f0bff8002354
:100b30001df80320ff2a1cd10133102bf8d1cde77b
:100b40000025ede729461020fff70efcd9e7bdf898
:100b500002603046fff742fc10b93046fff764fcf4
:100b6000a3884380bdf80830b3b93046fff784fc52
:100b700012e03a460e216846fff7a2fcbdf80e606f
:100b80008642dfd16a46a18894f80703fff7f8fc94
:100b9000bdf800308342dad0bdf806001030294697
:100ba00080b2d1e7b804012008b505f0d9f9044bab
:100bb00093f812341bb9bde80840fff72bbf08bdfe
:100bc000b80401202de9ff478a4616469846054697
:100bd00030b12bb1fff7bcfb044650b1052044e017
:100be0004ff0200383f31188bff36f8fbff34f8f54
:100bf000fee706f1100080b2fff780fe2846fff7ff
:100c0000edfb0746a0b3b0f802901c4d10236a46d6
:100c1000494695f8070305f049f8bdf808300aeb96
:100c200006029a4226d8b34218bfbdf80c40adf870
:100c300004a01cbf0134a4b241466846adf80c4084
:100c4000adf80660adf80a90ac88fff76ffe98b17a
:100c5000bdf80c307c80642b4ff0000005d9bdf846
:100c60000230a5f80e33a5f8100304b0bde8f087f4
:100c70000320fae70420f8e70120f6e7b804012092
:100c800073b50c4615461e4628b123b1fff712fc7a
:100c900050b9032017e04ff0200383f31188bff30e
:100ca0006f8fbff34f8ffee76319b3f5803f09d213
:100cb0000146074800962b46224690f80703fff7a7
:100cc00016fc10b9042002b070bd0020fbe700bf85
:100cd000b80401201fb540b94ff0200383f31188f9
:100ce000bff36f8fbff34f8ffee7fff7e3fb48b112
:100cf00001460648102390f807036a4604f0d6ff21
:100d0000bdf8080005b05df804fb00bfb804012081
:100d10002de9f04f431e14469bb24ff6fd729342ed
:100d200089b007460d461dd8b1f5006f1ad8fff7f8
:100d3000c1fb00bbfff70cfb064650bb05f11000e2
:100d400080b2fff7dbfd8e4b93f90620002a80f27c
:100d5000fa804ff0200383f31188bff36f8fbff346
:100d60004f8ffee74ff0200383f31188bff36f8f9f
:100d7000bff34f8ffee73846fff7acff854210d038
:100d80007f4ea6f80e73a6f81053fff7e1fab146ae
:100d900008b105200ee0b6f8100370b9b6f80e33ae
:100da0007bb9002c00f0e78023462a460021384614
:100db000fff766ff09b0bde8f08f103080b2fff793
:100dc0009dfdb9f80e03fff709fb80460028e8d027
:100dd000b0f802a099f8070310230deb0302514667
:100de00004f064ffb9f81033f3b9bdf818001030ff
:100df00080b2fff783fdb9f80e03fff7effa8046e4
:100e000040b94ff0200383f31188bff36f8fbff316
:100e10004f8ffee7b0f802a099f8070310230debff
:100e20000302514604f042ffb9f81023b9f8043028
:100e30000393bdf8183022b19342adf8182028bfb3
:100e400013460022bdf81810adf81420adf81610a6
:100e5000cdf81a200df1100cbce80300dff824b126
:100e6000c9f8070203f11006cbf80410bce8030030
:100e7000b6b2b6f5807fcbf80800cbf80c1031d8ad
:100e80000bf11001009199f807035146fff72ffb72
:100e9000002872d004ab03cbbdf81620c9f80702b6
:100ea000cbf8041003cb1032cbf80800cbf80c10b1
:100eb00092b25946b9f80400fff7aafb00283ff4a4
:100ec00070afbdf816001030032180b2fff74cfa66
:100ed0002b4b0022a3f80e23a3f81023039ba8f8a2
:100ee00002305ee793461023b6f5807fb14628bff7
:100ef0004ff48079a9eb030292b20292214a204872
:100f0000134400935a46029b90f807035146fff79b
:100f1000eefa90b31b49a1f207204a468088fff7fa
:100f200077fb00283ff43daf03214846fff71cfa4a
:100f3000029ba6eb09065b44b6b21ffa83fb0023b3
:100f4000002ed1d1c4e7214604a8b3f80480adf83f
:100f50001270adf81460adf81650adf81850cdf819
:100f60001a60fff7e3fc40b13846fff75dfaa0f8de
:100f7000028002201ee720461ce701201ae700bf7e
:100f8000b8040120bf060120f0b5074685b040b97e
:100f90004ff0200383f31188bff36f8fbff34f8fa0
:100fa000fee7fff787fa00283fd0fff7d1f90446a4
:100fb00000283cd11020fff7a1fc4ff6ff720e2154
:100fc0006846adf80020adf80270cde90144adf8f7
:100fd0000c40fff775fa174dadf80e006b4603cbca
:100fe00005f20726c5f80702716003cb1022b06036
:100ff000f160a8883146fff70bfb60b91022a98881
:1010000095f8070304f01cff18b903211020fff71f
:10101000abf9012007e003211020fff7a5f93846be
:10102000fff72afa204605b0f0bd0320fbe70520b4
:10103000f9e700bfb8040120f8b50446fff788f9c6
:10104000054660bb64b104f0d3fe012004f0d0fe7d
:101050004ff400722946134810f0b0fe00201fe044
:10106000114daf79e3b29f420cd8fff759fb00282e
:10107000f4d14ff0200383f31188bff36f8fbff3d8
:101080004f8ffee705eb8403b3f80760304601f0ad
:1010900061fc10b93046fff7eff90134e2e70520b3
:1010a000f8bd00bfbf040120b8040120014b186047
:1010b000704700bfb804012008b5fff7fbf9003006
:1010c00018bf012008bd08b5fff72afb40b94ff053
:1010d000200383f31188bff36f8fbff34f8ffee7b9
:0410e00008bd00bf88
:020000040000fa
:020000040100f9
:1010e40080b485b000af184bfb6000237b600ee03a
:1010f4000023bb6005e0fb680133fb60bb68013380
:10110400bb60bb680f2bf6d97b6801337b607b68bf
:10111400092bedd946f65073fb600023bb6005e054
:10112400fb680133fb60bb680133bb60bb680f2bfa
:10113400f6d9fb68b3f5e04fefd100bf1437bd46d5
:101144005df8047b704700bf0010810080b485b057
:1011540000af78600b467b804ff6ff737b817b8802
:10116400002b03d17b89db439bb22ce00023fb7370
:101174007b685a1c7a601b78bb8117e07a89bb892b
:1011840053409bb203f00103002b06d07b895b081c
:101194009ab2104b53407b8102e07b895b087b81d0
:1011a400fb7b0133fb73bb895b08bb81fb7b072b98
:1011b400e4d97b88013b7b807b88002bd6d17b895b
:1011c400db437b817b8918461437bd465df8047b7d
:1011d400704700bf0884ffff80b586b000aff86099
:1011e4000b467a607b817b687b617b691b78ed2b86
:1011f40021d17b695b78032b1dd17b699b78002b04
:1012040001d1002318e07b699b78012b13d17b89e2
:101214001946f868fff79aff03467b827a8a7b694e
:101224001b791b027969c9780b449a4201d10023c6
:1012340002e0012300e0012318461837bd4680bdb3
:1012440080b489b000af78607b68bb61bb695a78b1
:10125400274ba3fb021399080b465b000b445b006e
:10126400d31adbb2002b01d001233ae0bb695b78cf
:101274001f4aa2fb03239b08fb757b6802337b6038
:101284000023fb7728e07b683b613b695b781b02aa
:101294003a691278134403f1824303f59033fb60f7
:1012a400fb683a6992781a70fb6801331a463b6905
:1012b400db781370fb6802331a463b691b791370a1
:1012c400fb6803331a463b695b7913707b6806330a
:1012d4007b60fb7f0133fb77fa7ffb7d9a42d2d39d
:1012e400002318462437bd465df8047b704700bfd1
:1012f400abaaaaaa80b48bb000af78600b46fb708f
:101304007b683b623b6a5a783a4ba3fb0213990809
:101314000b465b000b445b00d31adbb2002b01d0fd
:10132400012360e03b6a5b78324aa2fb03239b08fb
:10133400fb777b6802337b60002387f827304ce01f
:101344007b68bb61bb695b789bb21b029ab2bb69c9
:101354001b789bb21344fb82fb8a03f1824303f59f
:1013640080333b61fb78022b02d0fb78032b15d131
:101374003b69ba6992781a703b6901331a46bb69b2
:10138400db7813703b6902331a46bb691b7913700f
:101394003b6903331a46bb695b791370fb8aa42b40
:1013a40013d1bb699b785bb203f01f03fb73fb7b18
:1013b40003f01003002b04d0fb7b63f01f035bb22c
:1013c40001e097f90f300c4a13707b6806337b6099
:1013d40097f82730013387f8273097f82720fb7fc9
:1013e4009a42add3002318462c37bd465df8047be2
:1013f400704700bfabaaaaaaa803002080b485b096
:1014040000af78607b68fb60fb685b78022b0dd1d2
:10141400fb68db789bb21b029ab2fb689b789bb299
:1014240013449ab2054b1a80002300e001231846a6
:101434001437bd465df8047b704700bf8e1201204f
:1014440080b485b000af78607b68fb607b68023352
:10145400bb60fb685b78042b12d1bb68db781a068f
:10146400bb689b781b041a43bb685b781b0213435d
:10147400ba6812781343064a1360064b01221a70a5
:10148400002318461437bd465df8047b704700bf3f
:10149400881201208c12012080b586b000af7860dc
:1014a40039600023fb7582e07b681b78dbb2ff2b7d
:1014b4002ad17b6803f01f03002b03d17b6843f020
:1014c4007f437ce00023bb757b6823f0070308336c
:1014d4007b607a683b689a4202d34ff0ff336ee038
:1014e4007b681b68b3f1ff3f0ed17b6810331b6828
:1014f400b3f1ff3f08d17b6803f01f03002b03d136
:101504007b6843f07f435ae07b683b613b691b780f
:10151400012b49d13b695b78012b45d13b699b7811
:101524001a467b6813440533fb607b680333184613
:101534003b699b789bb2fa681946fff74dfe034658
:10154400002b31d17b683ae03b68083b7a689a42c9
:1015540000d32ce07b681b68b3f1ff3f00d126e089
:101564007b681b78dbb2ef2b1bd17b6801331b78c4
:10157400dbb2002b11d17b6802331b78dbb2ed2b7d
:101584000bd17b6803331b78dbb2032b05d101231a
:10159400fb757b6807337b6006e07b6804337b6004
:1015a40002e07b6801337b60fb7d002bccd03b6881
:1015b400083b7a689a42fff477af4ff0ff3318463e
:1015c4001837bd4680bd80b588b000aff860b960fb
:1015d4003b601346fb710023fb77fb68bb61bb696f
:1015e4009b789bb203339bb2bb8395e0fb687b6122
:1015f4007b693b610023fb773b691b78fa799a424c
:1016040002d13b6801221a703b691b78092b3ed03a
:10161400092b06dc072b16d0072b1edc022b0cd063
:101624005fe00d2b1fd00d2b02dc0a2b39d058e0c4
:101634001a2b22d0552b3dd053e07869fff7defefc
:101644000346fb774de097f82830002b40d07869ab
:1016540004f083f80346fb773ae0786903f0e0ff8f
:101664000346fb773de097f82830002b32d07869a9
:1016740004f03af80346fb772ce097f82830002b67
:101684002ad0786904f0c2f80346fb7724e097f87f
:101694002830002b22d07869fff7d2fd0346fb7770
:1016a4001ce097f8283019467869fff723fe0346b3
:1016b400fb7716e0fb681d4a934211d9fb681c4a6c
:1016c40093420dd87869fff7bbfe0346fb7707e02a
:1016d40000bf06e000bf04e000bf02e000bf00e07e
:1016e40000bffb7f012b1cd0b7f91c30002b18dd89
:1016f400fa68bb689a4214d2ba8b3b695b789bb296
:10170400d31a9bb2023b9bb2bb833b695b781a46fc
:10171400fb6813440233fb60b7f91c30002b3ff71e
:1017240065affb7f18462037bd4680bdff0f8100a3
:101734006f1f810080b588b002af3a601a46034635
:10174400fb710b46bb7113467b710023fb75fb7960
:10175400002b04d1254b3b61254bfb6038e0254b26
:101764001b78002b01d185233be0234b1b683b6195
:10177400214b1b6803f57763fb6029e0f96838693e
:10178400fff78afe38613b69bb603b6903f07f4326
:10179400002b08d03b6923f07f43144a93421cd1a9
:1017a4000123fb7519e03b69b3f1ff3f17d0ba7908
:1017b4007b7900933b68f9683869fff704ff0346b7
:1017c400fb75bb689b781a463b6913440a333b613b
:1017d4003a69fb689a42d1d302e000bf00e000bf3f
:1017e400fb7d18461837bd4680bd00bf0010810040
:1017f400701f81008c1201208812012080b584b0f2
:1018040000af03463960fb711346bb71bb79f979ac
:101814003a680020fff78eff0346fb73084b1b78e2
:10182400002b08d0bb7907f10e0200210120fff73d
:1018340081ff0346fb73fb7b18461037bd4680bd12
:101844008c12012080b588b000aff860b9603b60ad
:101854001346fb710023fb77fb68bb61bb699b7874
:101864009bb203339bb2bb83b6e0fb681b78fb756a
:10187400fb683b61fb79ff2b21d1fb7d002b00f042
:101884008c80fb7dff2b00f08880bb6a1b881a4686
:101894003b689818f9683b695b7802331a460ff085
:1018a400d7ffbb6a1a883b695b789bb213449bb22f
:1018b40002339ab2bb6a1a800123fb776de0fa7d8a
:1018c400fb799a4269d197f82c30002b4cd0fb7de0
:1018d400062b03d13b695b78072b22d0fb7d0b2bb6
:1018e40003d13b695b78042b1bd0fb7d0c2b03d10c
:1018f4003b695b78012b14d0fb7d102b03d13b6932
:101904005b78182b0dd0fb7d152b03d13b695b78dd
:10191400082b06d0fb7d182b1ad13b695b78042b6e
:1019240016d1fb68023319463b695b781a4638685e
:101934000ff08effbb6a1a883b695b789bb2134435
:101944009bb202339ab2bb6a1a800123fb7724e06c
:10195400bb6a1a883b695b789bb213449bb202331f
:101964009ab2bb6a1a8018e0bb6a1b881a463b68a5
:101974009818f9683b695b7802331a460ff068ffe0
:10198400bb6a1a883b695b789bb213449bb20233ef
:101994009ab2bb6a1a800123fb77ba8b3b695b78e6
:1019a4009bb2d31a9bb2023b9bb2bb833b695b786d
:1019b4001a46fb6813440233fb60b7f91c30002b52
:1019c40003ddfa68bb689a4206d3fb7f012b01d181
:1019d400002306e0802304e0b7f91c30002b3ff716
:1019e40044af18462037bd4680bd80b58ab002afeb
:1019f40003463960fb711f4bfb611f4b7b61002366
:101a0400fb810023fb7626e07969f869fff744fd42
:101a1400f861fb693b61fb6903f07f43002b1ed136
:101a2400fb69b3f1ff3f1ad0fa790123019307f15f
:101a34000e0300933b687969f869fff703ff0346d7
:101a4400002b01d10123fb763b699b781a46fb6985
:101a540013440a33fb61fa697b699a42d4d3fb7e4f
:101a6400012b01d1002300e0802318462037bd4616
:101a740080bd00bf00108100701f810080b582b05e
:101a840000af786079680620fff7afff0346002bac
:101a940001d1012300e0002318460837bd4680bd6c
:101aa40080b582b000af786079681520fff79dff9c
:101ab4000346002b01d1012300e000231846083718
:101ac400bd4680bd80b483b000af7860054b93f908
:101ad40000207b681a70012318460c37bd465df858
:101ae400047b7047a803002080b584b000af786001
:101af40007f10c0319460b20fff777ff0346002b71
:101b040005d1b7f90c207b681a80012300e000237b
:101b140018461037bd4680bd80b584b000af7860ec
:101b240007f10c0319460b20fff75fff0346002b58
:101b340005d1b7f90e207b681a80012300e0002349
:101b440018461037bd4680bd80b584b000af7860bc
:101b540007f10f0319460c20fff747ff0346002b3c
:101b640005d197f90f207b681a70012300e0002348
:101b740018461037bd4680bd80b400af034b1b78b8
:101b84001846bd465df8047b704700bf8c120120e7
:101b940080b483b000af0346fb71044afb79137031
:101ba40000bf0c37bd465df8047b70478c120120e2
:101bb40080b400af034b1b681846bd465df8047b38
:081bc400704700bf88120120e8
:020000040000fa
:020000040100f9
:041bcc000105090006
:020000040000fa
:020000040100f9
:101bd00080b400af084b5b68074a43f4800353604e
:101be000054b5b68044a23f40063536000bfbd46a5
:101bf0005df8047b704700bf0040014180b400af36
:101c0000244b254a1a60254b254a1a60254b264a43
:101c10001a60264b264a1a60264b274a1a60274b21
:101c2000274a1a60274b4ff414021a60264b274aa2
:101c30001a60274b274a1a60274b284a1a60284bfc
:101c40001d4a1a60274b284a1a60284b284a1a60f6
:101c5000284b294a1a60294b43f642421a60284b06
:101c600000221a60274b284a1a60284b284a1a601b
:101c7000284b294a1a60294b164a1a60284b294ad0
:101c80001a60294b294a1a6000bfbd465df8047be3
:101c9000704700bf006001412122008010600141b7
:101ca0000a1426061460014110320c10186001411c
:101cb0001a2740201c600141f7ff4c462460014177
:101cc00006421e3e286001412c6001410600060ebe
:101cd0003060014154760c0e346001411a26003800
:101ce000386001413c6001413832544e406001414e
:101cf0003240002044600141544e4c46486001414e
:101d000050600141586001414e4838325c600141e9
:101d1000514b464060600141322c50c86460014123
:101d2000686001411926544e6c6001414c463832be
:101d300080b483b000af0023fb7118e000bf00bf88
:101d400000bf00bf00bf00bf00bf00bf00bf00bf9b
:101d500000bf00bf00bf00bf00bf00bf00bf00bf8b
:101d600000bf00bf00bf00bffb790133fb71fb79ef
:101d7000c72be3d900bf0c37bd465df8047b704725
:101d800080b500af41f24401032004f0edf843f6c2
:101d9000ff41522004f0e8f847f20801542004f013
:101da000e3f848f24e515e2004f0def847f282413b
:101db000602004f0d9f84cf61701612004f0d4f843
:101dc0004cf61701632004f0cff841f2073165208b
:101dd00004f0caf849f20721672004f0c5f847f279
:101de0008241682004f0c0f84bf21561692004f0cc
:101df000bbf84bf215616b2004f0b6f841f20531e7
:101e00006d2004f0b1f849f205216f2004f0acf820
:101e100048f20701772004f0a7f849f61e61e9208f
:101e200004f0a2f84ff60171ef2004f09df840f69f
:101e30008321f92004f098f800bf80bd80b400af82
:101e400000bfbd465df8047b7047b0b58cb000aff5
:101e50004ff00003fb61012302220221332004f032
:101e6000e5f801230c220c21192004f0dff80123ee
:101e700000220021152004f0d9f8002308220a21ad
:101e8000082004f0d3f8012307220721092004f0d9
:101e9000cdf8012301220121092004f0c7f8002315
:101ea00000220021092004f0c1f801230f220f2194
:101eb000002009f0cbfa00230d220d21002009f0ab
:101ec000c5fa0023012201214c2009f0bffa0023aa
:101ed000032203214c2009f0b9fa01230422042132
:101ee0004c2009f0b3fa4ff4007300220c21262095
:101ef00004f09cf8142004f033f90023fb62002363
:101f000087f82b301ee00123002200214c2009f02d
:101f10009dfa002200214c2009f0d8fa0346002b3c
:101f200000d0f6e700bf00220f214e2009f0cefac4
:101f300003461a46fb6a1344fb6297f82b300133c1
:101f400087f82b3097f82b30032bdcd9f86a0ff089
:101f50008ffc04460d4697f82b3018460ff088fc8e
:101f600002460b462046294605f0c8f903460c46b2
:101f7000c7e908344ff00002774bd7e908010ef0ab
:101f80007bfb0346002b26d04ff00002734bd7e9b2
:101f9000080110f04bf803460c46184621464ff056
:101fa00000026f4b05f0aaf903460c46184621467d
:101fb00063a3d3e9002307f047fe03460c46184607
:101fc00021464ff00002674b05f098f903460c4696
:101fd000c7e908341ce04ff00002614bd7e9080163
:101fe00005f08cf903460c461846214654a3d3e964
:101ff000002307f029fe03460c46184621464ff001
:102000000002584b05f07af903460c46c7e908343c
:10201000d7e90834c7e90434534bd3e902341a46ec
:102020002346d7e9040110f001f803460c46c7e93e
:1020300002344d4bd3e904341a46234642a1d1e978
:10204000000105f05bf903460c461a462346d7e922
:10205000020107f0f9fd03460c46c7e90034424b84
:10206000d3e900341a462346d7e900010ff0deff1a
:1020700003460c461846214635a3d3e9002305f054
:102080003df903460c46184621460df0c3fb0346b6
:10209000fb61002300220c21262003f0c7ff002350
:1020a00002220221332003f0c1ff00230c220c2165
:1020b000192003f0bbff002300220021152003f0ac
:1020c000b5ff052308220a21082003f0afff0023f3
:1020d00007220721092003f0a9ff00230122012183
:1020e000092003f0a3ff002300220021092003f0b0
:1020f0009dff00230f220f21002009f0a7f90123e3
:102100000d220d21002009f0a1f900230122012157
:102110004c2009f09bf90023032203214c2009f0f5
:1021200095f90023042204214c2009f08ff9fb6962
:1021300007ee903ab0ee670a3037bd46b0bd00bf3b
:10214000666666666666e63f3d0ad7a3703dda3f7f
:10215000bc5983f755b9603f0000e0400000f040f3
:10216000000090400000f83fb803002090b5a1b0f7
:1021700000af03460a46fb8013467b71032387f8b2
:102180007f30a04a07f11c031146602218460ff069
:1021900061fb9d4b07f10c040fcb84e80f00b7f9ee
:1021a0000630272b0bdc0a2b1dda13f10b0f16dc84
:1021b00013f1190f0fda13f5004f24db07e04f2b53
:1021c00002dc3c2b17da12e0632b1cdc17e0002347
:1021d00087f87f301be0012387f87f3017e0022368
:1021e00087f87f3013e0032387f87f300fe0042364
:1021f00087f87f300be0052387f87f3007e0062360
:1022000087f87f3003e0072387f87f3000bf7f4bdc
:102210001b7897f87f209a4200f0f0807b4a97f86d
:102220007f3013707b79002b22d197f87f201346e3
:102230005b0013449b0007f180021344643b1b784e
:102240009bb20b220f21e52003f0f0fe97f87f20d0
:1022500013465b0013449b0007f180021344633b69
:102260001b789bb20b220f21e72003f0dffe1be05f
:1022700097f87f305b0007f18002134413f8743c39
:102280009bb20b220f21e52003f0d0fe97f87f30a0
:102290005b0007f18002134413f8733c9bb20b22de
:1022a0000f21e72003f0c2fe97f87f2013465b0062
:1022b00013449b0007f180021344623b1b789bb2de
:1022c00007220821fc2003f0b1fe97f87f20134677
:1022d0005b0013449b0007f180021344613b1b78b1
:1022e0009bb204220521e12003f0a0fe97f87f2095
:1022f00013465b0013449b0007f180021344603bcc
:102300001b789bb206220721e12003f08ffe97f88d
:102310007f2013465b0013449b0007f180021344a7
:102320005f3b1b789bb202220321e52003f07efe77
:1023300097f87f2013465b0013449b0007f180024f
:1023400013445e3b1b789bb200220321e72003f07d
:102350006dfe97f87f2013465b0013449b0007f146
:10236000800213445d3b1b789bb204220721e720c7
:1023700003f05cfe97f87f2013465b0013449b003c
:1023800007f1800213445c3b1b789bb201220321be
:10239000e22003f04bfe97f87f2013465b001344c6
:1023a0009b0007f1800213445b3b1b789bb2032226
:1023b00004210a2003f03afe97f87f2013465b00c1
:1023c00013449b0007f1800213445a3b1b789bb2d5
:1023d0000e220f21512003f029fe97f87f2013468b
:1023e0005b0013449b0007f180021344593b1b78a8
:1023f0009bb208220e21522003f018fe00bf843742
:10240000bd4690bd60e20001c0e20001d41301208e
:1024100080b582b000af0346fb80104bb3f90030ab
:10242000b7f906209a4214d0b7f906307f2b02dda7
:102430007f23fb8007e0b7f9063013f1800f02da43
:102440004ff68073fb80fb88002207215a2003f09f
:10245000edfd00bf0837bd4680bd00bfd61301208b
:1024600080b483b000af03460a46fb8013467b71fd
:1024700000bf0c37bd465df8047b704780b400afe9
:102480000c4b03f5f15308331a680b4b1b68d31a36
:1024900023f07043094a934205d8094b1b78002b5f
:1024a00001d0012300e000231846bd465df8047bff
:1024b000704700bf00200141d8030020feffff0746
:1024c000b003002080b584b000af0346fb71fff776
:1024d000bcfcf0ee407afdeee77a17ee903afb8115
:1024e000b7f90e301846fff793ff0d4b1b78c3f377
:1024f0000003dbb21a46b7f90e3011461846fff753
:1025000035fe084b03f5f15308331b6803f54033e0
:1025100023f07043044a136000bf1037bd4680bdee
:10252000d003002000200141d803002080b584b0f2
:1025300000af0346fb710023fb73264a13786ff349
:1025400000031370244b00221a70fb79002b03d078
:10255000fff73efbfff752fbfa7907f10f0319462d
:102560000720fff74df9fb79002b2dd01b4803f016
:1025700063f91a4bd3e900014ff000024ff000035a
:102580000ef067fa0346002b03d1154b01221a7097
:1025900002e0134b00221a70124b4ff440321a60c3
:1025a000114b40f271429a60fb79012b03d10e4b23
:1025b000ff229a6102e00c4b7f229a610a4b1322a0
:1025c0001a60094b4022da6003f066f900bf103749
:1025d000bd4680bdd0030020a8030020b803002022
:1025e000b0030020d80300200010014180b400afe8
:1025f00000bfbd465df8047b704780b500af002189
:0c260000122003f0b1fc00bf80bd00bf41
:020000040000fa
:020000040100f9
:10260c0080b588b000afb96011461a460346fb810d
:10261c000b46bb811346fb80fb893b82bb687b610d
:10262c00bb893b83fb887b830e4b1b68fb6110e0f3
:10263c00fb691b6807f1100210469847034683f0ac
:10264c000103dbb2002b01d0002306e0fb695b68c1
:10265c00fb61fb69002bebd1012318462037bd46eb
:10266c0080bd00bf4c1101201fb50446694600888f
:10267c0000f0aef968b3bdf80230abb1019b9bb171
:10268c00029bd3b9a2882088cab1a368bbb1618868
:10269c00fef792fad0b14ff0200383f31188bff309
:1026ac006f8fbff34f8ffee74ff0200383f311883a
:1026bc00bff36f8fbff34f8ffee79847e2e7019ba5
:1026cc00bdf802200021fef777fae3e7208800f03e
:1026dc00c6f904b010bd7fb56946054600f078f91f
:1026ec0010b9002004b070bdbdf80230a3b1019b3d
:1026fc0093b1029bcbb92846fef7e6fa019abdf8d6
:10270c00021006462846fef7fdfa022804460ed1b2
:10271c00b4fa84f04009e5e74ff0200383f3118805
:10272c00bff36f8fbff34f8ffee79847e3e740b1de
:10273c004ff0200383f31188bff36f8fbff34f8fdc
:10274c00fee73346bdf8022001992846fff758fff3
:10275c000028ddd1c5e71fb504466946008800f0a6
:10276c0037f910b9002004b010bdbdf8023093b198
:10277c00019b83b1029bbbb96188a288bdf8023072
:10278c0088189842eedca3682088fef773fab0fa3a
:10279c0080f04009e7e74ff0200383f31188bff383
:1027ac006f8fbff34f8ffee79847e5e773b5dff800
:1027bc0040c00e4d06460c4600226b46688891b20e
:1027cc00884201d800200ee00cebc20103c983e85b
:1027dc000300bdf80610b14202f10102eed103cba9
:1027ec0020606160012002b070bd00bf501101205b
:1027fc00280300012de970411e4b85b00646186870
:10280c000ff09afa002480462546a04510d865bbe7
:10281c002a46314617480ff0ebf8012825d04ff027
:10282c00200383f31188bff36f8fbff34f8ffee745
:10283c00002201a90f480ff0f3f901280cd1019add
:10284c0033680c489a4208bf012501a900220134c3
:10285c000ff0cef8e4b2d8e74ff0200383f31188e1
:10286c00bff36f8fbff34f8ffee7012005b0bde8bc
:10287c00708100bf1813012010b5044688b10820e0
:10288c0007f026fc40b94ff0200383f31188bff307
:10289c006f8fbff34f8ffee7024b04601a694260e3
:1028ac00186110bd5011012010b5044688b10820e4
:1028bc0007f00efc40b94ff0200383f31188bff3ef
:1028cc006f8fbff34f8ffee7024b04601a684260b4
:1028dc00186010bd4c11012010b50446082007f0fb
:1028ec00f7fb28b1034b04805a6942605861012000
:1028fc0010bd00bf5011012000f44063b3f5406fd0
:10290c0013b514d16946fff751ff70b9002002b01e
:10291c0010bd009b33f81400fef730fb0134e4b219
:10292c00bdf80430a342f4d8f0e70024f8e7fef732
:10293c0025fbebe7034b00229880c3f80620181dfb
:10294c00da6057e750110120054b5b690bb918464b
:10295c0070471a88824201d05b68f7e70120704704
:10296c00501101207fb5184b184d5e6904464eb9c5
:10297c000120fef75bfb314628680af087fa00203d
:10298c0004b070bdfef752fb24b1002128680af098
:10299c007dfaf4e728680ff0cff90646a642eed987
:1029ac00002201a928460ff03bf9012809d1bdf8f6
:1029bc000400fff7c9ff20b1002201a928460ff03f
:1029cc0017f80134e4b2e9e7501101201813012083
:1029dc002de97041dff848c0dff8488085b08646a5
:1029ec000e4600256c4600bfbcf80030ab4201d847
:1029fc00002010e008eb05130fcb84e80f00bdf8a6
:102a0c00003073450ad1234603cb3060716003cb91
:102a1c00b060f160012005b0bde870810135e3e7dd
:102a2c0050110120280300011fb50446008800f452
:102a3c004063b3f5406f02d1002004b010bd69466d
:102a4c00fff7c6ff0028f7d0a28863881344bdf8af
:102a5c0002209342f0dc2046fff7ccfeede738b5c0
:102a6c00044b1c69054604b938bd236828469847b1
:102a7c006468f8e75011012030b585b0044669460a
:102a8c000088fff7a5ff002845d0bdf80230d3b170
:102a9c00019bc3b1029bfbb92088fef707fb25887d
:102aac00e0b9019abdf802102846fef72bf910f098
:102abc00fd0f2dd04ff0200383f31188bff36f8fe0
:102acc00bff34f8ffee74ff0200383f31188bff362
:102adc006f8fbff34f8ffee79847dde7a2887ab17f
:102aec00a3686bb161882846fef766f880b14ff099
:102afc00200383f31188bff36f8fbff34f8ffee773
:102b0c00019bbdf8022000212846fef755f8ede7a1
:102b1c002088fff7a4ff05b030bd024b18680ff0fa
:102b2c00ffb900bf1813012030b5174d89b0002232
:102b3c0002a928460ff074f8012801d009b030bd65
:102b4c00bdf8080000f44063b3f5406f17d1694637
:102b5c00fff72cfe0028ead00024cdf8164007948d
:102b6c00bdf80430a342e2d9009b05a833f8143019
:102b7c00adf814300134fff77fffe4b2f0e702a8a0
:102b8c00fff77affd3e700bf1813012030b50446d6
:102b9c00008800f44063b3f5406f85b003d1002585
:102bac00284605b030bd6946fff712ff05460028e0
:102bbc00f5d0a28863881344bdf802209342eedc62
:102bcc002046fff759ffebe700f44063b3f5406f85
:102bdc0037b518d16946fff7e9fd054688b90025d8
:102bec000ce0009b33f81400fef760fa0028f6d0d6
:102bfc000134e4b2bdf80430a342f2d8284603b045
:102c0c0030bd0024f6e7fef751fa0546f6e700f46e
:102c1c004063b3f5406f13b516d16946fff7c6fd97
:102c2c0080b9012002b010bd009b33f81400fff7ef
:102c3c0052fd0028f6d00134e4b2bdf80430a342b2
:102c4c00f2d8eee70024f8e7fff745fdeae7038842
:102c5c0003f44063b3f5406f00d07ce5002070476f
:020000040000fa
:020000040100f9
:102c6c00301101201c00000000000000181201208f
:102c7c000e000000000000009c1001200400000069
:102c8c0000000000041201200400000000000000fd
:102c9c00cc0801200400000000000000cb0801203b
:102cac000100000000000000901201200400000050
:102cbc00000000002e1101200200000000000000a6
:102ccc00261201200200000000000000000000207d
:102cdc000c0000000000000010000020c7020000e3
:102cec0000000000281201200c0000000000000071
:102cfc00d702002004000000000000009412012004
:102d0c00040000000000000044130120010000003a
:102d1c0000000000d0080120580100000000000055
:102d2c00341201200c00000000000000f4110120fe
:102d3c0010000000000000009913012001000000a9
:102d4c0001000000010000004513012002000000fa
:102d5c0000000000080f0120a0000000000000008f
:102d6c00680d0120d80000000000000074f4002061
:102d7c004410000000000000401201201800000068
:102d8c0000000000e01001203000000000000000f6
:102d9c00701201200800000000000000680b0120e8
:102dac0000020000000000005c1001204000000048
:102dbc000000000078120120080000000000000054
:102dcc00581201201800000000000000400e0120e5
:102ddc00c800000000000000981201200400000050
:102dec00000000004713012001000000000000005b
:102dfc00a01001204000000000000000280a012063
:102e0c0040010000000000009a13012002000000a5
:102e1c000100000001000000dc020020580000004e
:102e2c00000000009c1201200c00000000000000bb
:102e3c0048130120020000000000000010110120c6
:102e4c001e000000000000009c1301201800000070
:102e5c00010000004d6963726f63686970206265e0
:102e6c0061636f6e2064656d6f203000dc13012090
:102e7c00010000000100000001000000d813012037
:102e8c000200000001000000ffff000038030020da
:102e9c0068000000000000004a130120020000003e
:102eac0000000000c4130120080000000100000015
:102ebc00ff00000000000000a81201200c00000020
:102ecc0000000000cc1301200400000001000000f1
:102edc00aaaaaaaab4120120040000000000000053
:102eec007404002000f0000000000000b812012063
:102efc0010000000000000008012012008000000fb
:102f0c0000000000c81201200800000000000000b2
:102f1c00681101202800000000000000d0120120e0
:102f2c001800000000000000a80f01206400000041
:102f3c0000000000e8120120140000000000000056
:102f4c00901101202800000000000000fc1201205c
:102f5c001000000000000000b81101201400000057
:102f6c00000000000c130120040000000000000011
:102f7c00cc110120280000000000000010130120db
:102f8c000800000000000000d01301200400000025
:102f9c000100000004000000a00300200800000055
:102fac00000000004c1101201c000000000000007b
:102fbc00181301200800000000000000b8040120d4
:102fcc00130400000000000088120120080000001b
:102fdc0000000000a8030020010000000000000019
:102fec00d41301200400000001000000ff00ff7f4b
:102ffc00b00300202c00000000000000da130120b8
:10300c000200000001000000f80e0000591301201e
:10301c004000000001000000736a625b37332f2b05
:10302c0028261d1915110f0b7f736a625b332b2831
:10303c00231b15110d09070514131211100f0e0d7a
:10304c000c0a0806040200fefcfbfaf9f8f7f6f588
:10305c00f4f2f0eeeceae8e6b41301201000000004
:10306c00010000000c0b0a0908070605040201fe0a
:10307c00fcf9f6f2dc030020150000000000000053
:10308c004c1301200200000000000000201301205e
:10309c0004000000000000004e130120010000009d
:1030ac0000000000241301200400000000000000b8
:1030bc004f130120020000000000000051130120fa
:1030cc000300000000000000dd13012001000000df
:1030dc000100000020000000541301200200000039
:1030ec0000000000281301200c000000000000006c
:1030fc00f40300205d0000000000000054040020d8
:10310c000a0000000000000056130120010000001e
:10311c0000000000de13012001000000010000008f
:10312c000100000057130120010000000000000006
:10313c0008120120100000000000000058130120ac
:10314c000100000000000000df130120030000005c
:10315c00010000002020300060040020140000005a
:10316c0000000000341301200400000000000000e7
:10317c000c1001205000000000000000381301204a
:10318c000c00000000000000000000000000000027
:020000040000fa
:020000040100f9
:10319c002de9f04f177880f82070feb2c6f3c10607
:1031ac00013ef6b2d2f801408462022e96bfc44ca6
:1031bc000026a65d80f824607c079db061d017f0d6
:1031cc001807cde90513044615460fd0012e02f160
:1031dc00050806f1ff3604d9f2b241462c300ef048
:1031ec0033fba31918f8062083f82c20228841f20f
:1031fc0008031340082b4ad0b24b1b7e002b40d047
:10320c000faa0023cde91233cde914330f93536089
:10321c001372002f3ed194f81080b8f1020f00f019
:10322c00e581b8f1030f00f0fb81b8f1000f00f05d
:10323c00e7814ff0df08104639460aaa0af0e4fc91
:10324c008146d8b9a378ddf828a007931a46032a3b
:10325c009af81a3036d08bb19af818200798824217
:10326c003cd05a1ed2b20aeb4202534602e0197eff
:10327c00814233d09a4203f10203f8d14ff0f308a4
:10328c0001e04ff0df0840461db0bde8f08f4ff075
:10329c00de08f8e7082f00f08881102f00f0068177
:1032ac00182febd104f12b030df13b0104f1340683
:1032bc0013f8010f01f8010fb342f9d14ff00008d8
:1032cc000127b8e7002bd9d09af8183094f835209c
:1032dc00032bd3d19af819309342cfd1237c022bf4
:1032ec0000f0f480032b00f0c580002b00f0cb80a5
:1032fc004ff0df089af817000028bfd05746182364
:10330c0017f80bcfdff8c0b19af80c20b02113fbe3
:10331c000c135b440893002a40f0ab81cdf820a03d
:10332c00cdf8248001268246984614e0b9f1080fa6
:10333c0000f0d780f3b253454ff018089ed217f81f
:10334c0003cf7b7808fb0cb8324608f1b008013685
:10335c00002b40f03d810ceb4c0c0bebcc0c0cf12e
:10336c00b00cbce80f000df1580eaee80f009ce855
:10337c000300b9f1040f8ee80300d7d1bdf8580053
:10338c00bdf85a3040ba5bbaadf834004a460da9c4
:10339c000ba8adf836300ef049fa00b20028c9d1ae
:1033ac00bb78002bc6d1ddf820a0cdf82080ddf84d
:1033bc002480b8f1000f7ff461af079b012b0af159
:1033cc001b0240f29e8094f82090c9f302095ffa28
:1033dc0089f108460df0f6fd089e0df1490c3346b7
:1033ec0006f1070e0f336646844600bf13f8010939
:1033fc0006f8010b7345f9d104f12b030df15106bd
:10340c0004f1270e13f8010906f8010b9e45f9d1ba
:10341c00079b8df855906046002b7dd0012b7ff4d7
:10342c0030af94f824600293059b0536eb1af6b284
:10343c00e57801913344dbb2023ded1a2d1aedb261
:10344c0012a90598009507f08ffb002840f0f18039
:10345c00069b1e70a37884f83c50012b3ff613afeb
:10346c00a36a089a0133136101337ff40caf012373
:10347c00bb7008e722460bab52f8180f51684ff09f
:10348c00080903c336e7104ab2f8c0114ff6fd76af
:10349c000846b04249ba00f2dc80e388adf82e1041
:1034ac005bbaadf82c304ff0040923e794f83010d8
:1034bc00e36a8df840100f934ff000084746bae6c8
:1034cc00cc1b0001e000002000010020628a238b4d
:1034dc0052ba5bbaadf82c20adf82e304ff004097f
:1034ec0008e718ab93e803000dab83e803004a46ea
:1034fc0019460ba80ef09af900b200287ff41aaf07
:10350c004ee7a36a591c04d0089909698b42bff491
:10351c005aaf4ff0db08b6e694f82460059b94f89c
:10352c0003e006f10509a5eb030c5ffa89f6b44438
:10353c005ffa8cfc6344aef102059b7803f0070341
:10354c0013eb4303a5eb0c05a5eb00051abf03f128
:10355c00050e581c0798059b1844604408bf4ff093
:10356c00040ec0780191c0f3021100f0070000ebcb
:10357c0081000eeb4003edb2a5eb030e5ffa8efe5d
:10358c0063444ff0010c12a90598cdf800e0dbb2b2
:10359c00cdf808c007f0e8fa00284ad1069b35445c
:1035ac001e70a37884f83c5057e7334b0df13b0168
:1035bc0003f1080613f8010b01f8010f9e42f9d133
:1035cc0094f82c308df844304ff00008012732e687
:1035dc00ddf820a0cdf82080ddf8248002eb42023b
:1035ec005244537b002b3ff4e4ae47e6618a238bb5
:1035fc0049ba5bbaadf83c10adf83e30b8461ae6a5
:10360c001e4bb3f8c0114ff6fd760846b04249bace
:10361c0012d8e388adf83e105bbaadf83c300ae640
:10362c002146134651f8180f4968b84603c30127c1
:10363c0001e64ff0e40826e64ff6fe7188427ff46f
:10364c003baf03f5dc7393e80300012782e803002a
:10365c00f1e54ff6fe71884201d099464ae602f533
:10366c00dc7292e803000bab83e803004ff008090f
:10367c0040e60022b2e700bfb002002000010020ab
:020000040000fa
:020000040100f9
:04368c00704700bfc4
:020000040000fa
:020000040100f9
:103690002de9f04f2ded028bd2e9008997b0cde9ed
:1036a0000c138b6808930b690f90d1e900b6149343
:1036b000cd6800220023404649460cf0f9ff40b98e
:1036c0001bf0040f32d11bf00803059330d02023e8
:1036d00003e089f0004399462d232b70089b03f1ea
:1036e000ff3a012305934c4929f0004300208b4207
:1036f00008bf80451fd10d9b413b192b059b94bff3
:10370000464947492b4418460ef04cfc28460ef01b
:1037100041facdf800b00246089b0f98294609f0ff
:1037200063fe17b0bdec028bbde8f08f2b23d4e70e
:10373000ddf820a0d7e7994208bf404509d20d9b8c
:10374000413b192b059b94bf364937492b441846fa
:10375000dae700220023404649460df07af99fed52
:103760002c7b8ded027b48b300240d980ef0c4fb3a
:10377000002ec3b20993c0f2d781672b5ad1002e15
:1037800008bf0126231d02dbb442c0f2c6816527b3
:1037900061e09ded067b8ded027b01340022234b21
:1037a000dde9020106f050fa42464b46cde906013a
:1037b0000cf062ff0028ecd000271fe00446ede784
:1037c00014f5967f11da87b90022194b4046494615
:1037d00006f03afa002280468946154bdde90201df
:1037e00006f032facde902010127dde902010022eb
:1037f0000e4b03f083fdcde90201013cdde902231c
:10380000404649460cf054ff0028d9d1ade700bf2f
:10381000000000000000f03f0000f07fe81e010102
:10382000ec1e0101f01e0101f41e01010000244004
:1038300000005043099f662f06f101060bd1002cb2
:1038400004da9fedbd7b8ded027b0024099b672b85
:1038500018bf361966279ded027bcde906898dedef
:103860000a7b00230e93dde90a23dde9060103f05c
:1038700045fd41ec100b07f0b7fe51ec100bb0ee1c
:10388000408af0ee608a0bf0ebffb0ee480af0eef3
:10389000680a069b1093079b159083f000431193d1
:1038a0009ded0a1b9ded102b0df052fb53ec102be0
:1038b00083f000430793dde90a01a34b8ded060a6f
:1038c000002203f01bfd0e9b01339e42cde90a014d
:1038d0000e93c8d100229d4b06f0b6f9cde90a013e
:1038e00002460b46dde906010cf0e2fe002840f03e
:1038f0008180dde90a23dde906010df0aaf810b1a7
:10390000159bda0776d5dde90a234046494603f0e0
:10391000a3f80022cde906018b4bdde9020106f098
:1039200093f9dde90623cde90a010cf0a7fd002893
:1039300065d0662f04f1010465d10136a146a9ebdb
:1039400006034ff00008059e1093cdf80880109be9
:10395000994540f08180029b002b00f0c880a81997
:103960000022652f027029d1149b1499013b9442c7
:10397000ea54c1f1030ebcbf644201220a21002cab
:1039800040f0bc800eeb030cbcf1000f00f3b680de
:10399000002a03f1ff3114bf2d222b226a540d9a05
:1039a000023b413a192a05eb030198bf45279e4285
:1039b0000f70aaf1020a01da0ef0f4fa0bf0030319
:1039c000022b7ff4a3aebaf1000f7ff79fae28461b
:1039d0000ef0e0f805eb0a03059a824240f3998065
:1039e000059b2b441846524630210ef0e7f9002380
:1039f00008938be69fed527b8ded0a7b83e79ded6f
:103a0000027b8ded0a7b652f14bfa1464ff00009a4
:103a100095e7029a52b9b9f1000f07da0e992e22f2
:103a20006a54012201360af1ff3a029205eb0801bd
:103a3000aa193144302001e002f8010b9142fbd178
:103a400008eb06023033aaeb080808f1ff3a561ccf
:103a5000ab544ff0000828e00c9b0e961b69053b09
:103a6000b3427ff678afdde90a23dde9060103f012
:103a700045fc41ec100b07f0b7fd51ec100bb0ee1c
:103a8000408af0ee608a0bf0ebfe0bf01002092882
:103a90000346a8bf09230243bbd1099a672ab8d1bc
:103aa000b9f1000fc2da08f10108069b1293079bd7
:103ab000b0ee480af0ee680a83f0004313939dede0
:103ac0000a1b9ded122b0df043fa53ec102b83f0e3
:103ad00000430793dde90a0100221b4b8ded060a26
:103ae00003f00cfc09f1ff39cde90a012fe71bf0c7
:103af000100f1ebf2e23ab55013630e7b4fbf1fc8f
:103b0000013b01fb1c443034ec540af1ff3a64469b
:103b100035e72a5c1a5401385ee7002cbff69aaeee
:103b2000662788e606262de6099b672bfad01f46f6
:103b3000062680e6aff30080000000000000f03fa2
:103b400000000000000000000000244000001440bd
:020000040000fa
:020000040100f9
:103b50002de9f04f95b0cde912030b68089392ed73
:103b6000007b4b680a938b6809930b690d93cc68b3
:103b70000022002351ec170b8ded047b0cf098fd17
:103b800040b9089b580734d4089b13f0080732d07b
:103b9000202306e0dde9042181f00043cde9042380
:103ba0002d232370099b01275a1edde90403dff84a
:103bb000f8b223f000414ff0000a594508bf5045c4
:103bc0001bd1139b413b192b04eb070094bfb04959
:103bd000b0490ef0e7f9af480df0dcff089b009309
:103be0000246099b1298214609f0fefb15b0bde87c
:103bf000f08f2b23d5e7099ad7e7139b8b45a3f1c9
:103c0000410308bf82450b9309d2192b04eb07002f
:103c100094bfa149a1490ef0c5f9a048dce73021c5
:103c2000e1550b997b1c1a2934bf58217821e154a6
:103c3000931e079300220023dde9040102370cf0f4
:103c400008ff002800f07b819fed8f7b8ded027bcc
:103c500000250a9bdde90289002bdde904abb8bf32
:103c600018230e93002642464b465046594603f011
:103c700045fb41ec100b07f0b7fc42464b4651ecbc
:103c8000100b8ded100b05f0dfff02460b46504682
:103c900059460ef0cbf9824b82468b464046494648
:103ca000002205f0d1ff731c0c930a9b002b804669
:103cb000894606da00220023504659460cf0c9fe18
:103cc00028b90e9bb34200f3408101330c930022cc
:103cd000744b4046494605f0b7ff80468946024688
:103ce0000b46504659460cf0e3fc002840f02f816b
:103cf00042464b46504659460cf0abfe30b1dde92a
:103d000010010bf0adfdc10740f1218142464b4649
:103d1000dde9040102f0a0fecde90401dde90421a2
:103d200021f00043604900208b4208bf82423ff4eb
:103d300048af4ff000083e46c246c1460d9b053bca
:103d4000b342b34633d9dde90223dde9040103f0d0
:103d5000d5fa41ec100b07f047fc51ec100b8ded40
:103d60000e0b0bf07dfd002840f0f680b9f1000f3e
:103d700000f0f28008f10108dde90223dde90e011f
:103d800005f062ff02460b46dde904010ef04ef934
:103d9000434bcde904010022dde9020105f054ffa7
:103da0000c9b09f101094b45cde90201c6d1baf1dd
:103db000000f1ed1b8f1000f00f015810a9b002bf7
:103dc00040f31181089bda0700f10d81a3192e221f
:103dd0001a7008eb06022244302100bf03f8011fcd
:103de0009a42fbd1079b46446fea080843440136d8
:103df00007930d9b0d990022a019013b954202707b
:103e0000b8bf6d42e254c1f1020eb8bf01224ff0bb
:103e10000a08002d40f0d7800eeb030cbcf1010f17
:103e200000f0d180002a03f1ff3114bf2d222b2294
:103e300062540b9a023b1a2a04eb030134bf50224e
:103e400070229e420a7001da0ef0acf8089b03f073
:103e50000303022b14d1079ba3f10208b8f1000f52
:103e60000edd20460df096fe04eb0803b84280f20a
:103e7000b68042463021e0190df0a0ff00230993df
:103e80002046a9e6aff30080000000000000f03fec
:103e9000d81e0101dc1e0101e01e0101e41e01012a
:103ea0000000b03f000020400000f07fcde9028913
:103eb0000135dde902231046194602f0cdfd8046aa
:103ec000894602460b46dde904010cf0f1fb0028af
:103ed000ecd0dff82cb1dff82c914ff0000a4ff056
:103ee0000008dde90223dde904010cf0e1fb002814
:103ef0003ff4afae52465b46dde9020105f0a4fe99
:103f0000002200230cf0a5fd78b142464b46dde9c6
:103f1000020105f099fe4246cde902014b46dde97a
:103f2000040105f091fecde90401dde902015246ec
:103f30005b4605f089fe013dcde90201d1e79fed29
:103f40002e7b05468ded027bb3e70c9e8be64ff092
:103f500000084ff00009d9e6baf1000f0bd1b9f112
:103f6000000f08d02e2304f80b30079b013b0136cd
:103f700007934ff0010a04eb0803a21933443021e0
:103f800002e000bf02f8011b9a42fbd1079b06eb3f
:103f9000080ba3eb08080b9b0928d4bf303057301f
:103fa000192b06d840f02003613b192b01d80df0e6
:103fb000aaff08f1ff330bf1010604f80b00079389
:103fc0004ff00008d8e60799b5fbf8fc013b08fb69
:103fd0001c5530350139e5540791654619e7225cd7
:103fe0001a54013842e7089bdb067ff502af2e2307
:103ff000a3550136fde600bf000000000000f03fc1
:084000000000e03f0000504306
:020000040000fa
:020000040100f9
:10400800f0b5154689b0f02800f2f181dfe810f02c
:10401800d801ef01d801d801d801ef01ef01ef0174
:10402800ef01ef01ef01ef01ef01ef01ef01ef0108
:10403800ef01ef01ef01ef01ef01ef01ef01ef01f8
:10404800ef01ef01ef01ef01ef01ef01ef01ef01e8
:10405800ef01ef01ef01ef01ef01ef01ef01ef01d8
:10406800ef01ef01ef01ef01ef01ef01ef01ef01c8
:10407800ef01ef01ef01ef01ef01ef01ef01ef01b8
:10408800ef01ef01ef01ef01ef01ef01ef01ef01a8
:10409800d301ce01c901d801c401ba01b301d801c5
:1040a800ef01ae01e801e301a901ef01d801d80150
:1040b800d801ef019b01d801d80196019101d801df
:1040c8008c01d8018701ef01ef01d301ef01ef0166
:1040d800ef01ef01ef01ef01ef01ef01ef01ef0158
:1040e800ef01ef01ef01ef01ef01ef01ef01ef0148
:1040f800ef013c01330163012a011d0114010e0186
:10410800ef01ef01ef01ef0108010201f100ef01fa
:10411800ef01ef01ef01ef01ef01ef01ef01ef0117
:10412800ef01ef01ef01ef01ef01ef01ef01ef0107
:10413800ef01ef01ef01ef01ef01ef01ef01ef01f7
:10414800ef01ef01ef01ef01ef01ef01ef01ef01e7
:10415800ef01ef01ef01ef01ef01ef01ef01ef01d7
:10416800ef01ef01ef01ef01ef01ef01ef01ef01c7
:10417800ef01ef01ef01ef01ef01ef01ef01ef01b7
:10418800ef01ef01ef01ef01ef01ef01ef01ef01a7
:10419800ef01ef01ef01ef01ef01ef01ef01ef0197
:1041a800ef01ef01ef01ef01ef01ef01ef01ef0187
:1041b800ef01ef01ef01ef01ef01ef01ef01ef0177
:1041c800ef01ef01ef01ef01ef01ef01ef01ef0167
:1041d800ef01ef01ef01ef01ef01ef01ef01ef0157
:1041e800ef01ef01ef01ef01ef01ef01ef01ef0147
:1041f800d801a84a2988a2f8c01100243bb1a64dcd
:104208002b7823b1a54bde7d002e00f0f2802046ee
:1042180009b0f0bda24a28686968002403c2ede726
:10422800a04a28686968002403c2e7e7994a296810
:10423800c2f8ac110024e1e72a78022a00f2de80f5
:104248009449002481f8aa21d8e7924a92f8aa0151
:10425800884240f2d58002eb81012a68c1f8a22188
:104268000024cbe72a880a2a00f2c880894900245a
:10427800a1f8a021c2e72a78042a00f2bf80854964
:10428800002481f8ac20b9e7824a92f8ac00884251
:1042980040f2b68009b201eb4100c0ebc00001eb6f
:1042a80040010a4405f120072c686868a968ee688f
:1042b800d6601035bd4214605060916002f1100262
:1042c800f2d129686868506011602989a87a9072cb
:1042d8001181002492e76f4eb6f8a0218a4240f27d
:1042e8008f8001eb410406ebc4042a88a4f8b020af
:1042f8006a88a4f8b2202f46182257f8040f02fb48
:1043080001627968b83203c2ea68c4f8c0202a7c1e
:10431800003218bf012284f8c42000246ee75f4ae7
:104328002988d181002469e75c4a29889181002481
:1043380064e75a4a2978d17400245fe7574a2988e4
:10434800118100245ae72c78544a0193d475002c23
:1043580058d00df053fc012009f062fe0024019ba7
:104368004ce74e4a29789175002447e74b4a29784b
:104378009174002442e72a78342a3fd84749002418
:104388004a743be7454a4848527c019329460df058
:104398005dfa0024019b31e7404a297851750024d1
:1043a8002ce73e4a29781175002427e73b4a2978eb
:1043b8001174002422e7394a2978117600241de770
:1043c80029460193044602f0fbf98128019b1dd080
:1043d80040b3002412e7314a2988518100240de7af
:1043e800d5e900012d4a0024c2e9000106e7f424ba
:1043f80004e730460bf018f82e7008e7e824fde6cd
:10440800f924fbe60df00af9019bf7e60cf090fea3
:104418002946204602f0d4f9019b0028d9d11e4a2a
:104428000121117002a95720019305f071fb04a91d
:104438004f2005f06dfb06a94e2005f069fb9df89d
:1044480008509df810109df81800019b6e1a8642be
:1044580004461dda0122f0b2aa40241a013a12fbde
:1044680004f292b20d4e60b101384c1c54fa80f03f
:10447800012500bf05fa01f401312244884292b2b5
:10448800f8d102eb8202920002f58572b281a0e7b0
:104498000022e7e700010020cb080120e00000200f
:0c44a800b8020020b002002098000020a4
:020000040000fa
:020000040100f9
:1044b4002de9f047d0f80090b04cd9f818301a78ac
:1044c400e270134484b05b7884f83630d9f81870fd
:1044d40000220192b7f80180fb7823710437054666
:1044e4003846a4f8008006f073fe08f00702032a99
:1044f400a27004bf3b5c84f8353018f0080307eb66
:10450400000620d194f82010012a63f3020184f8f4
:10451400201029d0002a3cd0032a05d028460cf0cc
:1045240091fd04b0bde8f08794f83530013b072bca
:10453400f4d8dfe813f0d6007201d6004a014a012c
:104544004a014a015c01d9f818108c48013101abc9
:104554003246fef721fe8146002840f0e880a2782a
:104564009df80430012ad5d194f83c20002a40f06b
:10457400ab80834b1b78002b42d0a378032b00f035
:104584002981804a1278032ac8d8dfe802f06394ac
:1045940041419a1cf15aa4f84010d2b2b25c84f89a
:1045a400422012f007021abf043352fa83f3033392
:1045b400dbb2f25c84f84320110942ea01000133c2
:1045c4004007dbb201f0070109d012f0070206eb45
:1045d400030018bf03eb4203606418bfdbb211b1e0
:1045e40003ebc103dbb294f83c209a4275d9d21a8a
:1045f4003344e364624b84f848201b78002bbcd11d
:10460400604b1b78032b89d8dfe803f024520202a5
:104614000af0eafaa378012b50d0032b7ff47eaf83
:1046240094f83530013b072b3ff678af01a252f8de
:1046340023f000bf2f480001214500015748000125
:104644003f4800012145000137480001634800014b
:104654004f4800014c4b1b78002b40f09d804b4e83
:104664003378022b40f21d81032b7ff457afa378dc
:10467400012b23d058b2002800f04d81032b7ff486
:104684004daf94f83530013b062b3ff647af01a2fe
:1046940052f823f02f480001214500017d48000114
:1046a4003f48000175480001374800016d4800018a
:1046b400a378032b2ed0012b7ff430af284604f0cf
:1046c400bdfa04b0bde8f087752a88bf762233446a
:1046d40088bf84f83c2023644be7002384f84830e7
:1046e40047e7737884f84030254b1b78002b87d03c
:1046f40094f83530234a1278032a3ff60faf01a10c
:1047040051f822f0594600011d47000115460001e9
:104714001546000194f83530022b7ff4ffae1c4b94
:1047240018780cf07bfc284607f0defdf9e6b4208f
:104734000bf03cfc824600283ff4f0ae06681c23d4
:10474400337002a9502005f0e5f9bdf808307380f4
:10475400237c3371d4e90623c6e90223d4e9022376
:10476400607930745146c6e9062386f820900948da
:104774000cf0cefa0df030fad0e600bf4000002075
:10478400100000203d00002028000020d602002058
:10479400d702002000000020032b71d0042b02d08c
:1047a400022b7ff4bbaea378002b7ff4b7ae634e2d
:1047b4003378032b00f0bd80614bd87c012800f0d6
:1047c400b080284603f094f9abe65e4b1b78002bcf
:1047d4003ff416af94f83530042b01d0072b89d160
:1047e400294659480cf094fa0df0f6f999e6b6f812
:1047f4000130a4f84030b6f80330a4f8423073799d
:1048040084f84430f388a4f8463018f4805f3ff409
:104814006baf337a84f8483066e7b6f80130a4f811
:104824004030f37884f842305ee728460bf05efbb4
:1048340077e628460cf014fa73e6444b5b7a002bb7
:104844006cd0284606f098fd6be6284609f05efc1d
:1048540067e628460bf0f8f90af0f2f961e6374bff
:104864001b78022b7ff45aae28460df0a5fb58e6c0
:10487400ee2007f08dfd51e628460bf0e5f950e6f1
:10488400a378032b7ff44aae94f83530082b7ff4d9
:1048940045ae2f4b18780cf0c1fb284607f022fcdc
:1048a4003fe6a278012a3ff409af50b240b3032a8d
:1048b4007ff434ae94f83520013a072a3ff62eae41
:1048c40001a151f822f000bf2f4800012145000149
:1048d400f54800013f480001214500013748000127
:1048e400ed4800014f480001022b7ff417aebbe7ef
:1048f40028460bf0a9f93378012b7ff412aeabe70d
:104904000f4ad27c012a7ff409ae002b3ff406ae95
:1049140005f024ff02e60bf075f9ffe504f0d6fd7f
:10492400fce53378013b012b3ff64baf05f016ff56
:1049340047e701200bf066f93ee700bfd6020020ee
:10494400e000002010000020cc000020c80200205d
:04495400d802002065
:020000040000fa
:020000040100f9
:1049580070b50d4682b0f02800f23282dfe810f020
:104968008c0184017b0172016901600157014e01cc
:10497800300230023002300230023002300230029f
:10498800300230023002300230023002300230028f
:10499800300230023002300230023002300230027f
:1049a800300230023002300230023002300230026f
:1049b800300230023002300230023002300230025f
:1049c800300230023002300230023002300230024f
:1049d800300230023002300230023002300230023f
:1049e800300249014401300230023c0137013002f3
:1049f800300232012c01270122013002c801bf0117
:104a0800b6013002b101a8013002a3019e0195014f
:104a1800e401db01d60130023002d101300230025c
:104a280030023002300230023002300230023002ee
:104a380030023002300230023002300230023002de
:104a48003002ef01e90115021c010f010901030100
:104a58003002300230023002fd00300230023002f3
:104a680030023002300230023002300230023002ae
:104a7800300230023002300230023002300230029e
:104a8800300230023002300230023002300230028e
:104a9800300230023002300230023002300230027e
:104aa800300230023002300230023002300230026e
:104ab800300230023002300230023002300230025e
:104ac800300230023002300230023002300230024e
:104ad800300230023002300230023002300230023e
:104ae800300230023002300230023002300230022e
:104af800300230023002300230023002300230021e
:104b0800300230023002300230023002300230020d
:104b180030023002300230023002300230023002fd
:104b280030023002300230023002300230023002ed
:104b380030023002300230023002300230023002dd
:104b4800f1006946f02004f0e3ff6b4603cb002434
:104b580028606960204602b070bd9b4b03cb0024df
:104b680028606960f6e7994bd3f8ac310b600024f4
:104b7800f0e7964b93f8aa310b700024eae7934bc1
:104b880093f8aa11914240f21d8103eb820200249e
:104b9800d2f8a2312b60dde78c4bb3f8a0310b8043
:104ba8000024d7e78a4b9b7d0b700024d2e7884b03
:104bb8005b890b800024cde7854b03cb002428605c
:104bc8006960c7e7824b9b7c0b700024c2e7804b6f
:104bd8005b7c0b700024bde77d4b7e495a7c2846e0
:104be8000cf034fe0024b5e7794b1b7d0b700024d4
:104bf800b0e7774b1b7c0b700024abe769460720b6
:104c080004f086ff9df800302b700024a2e7694667
:104c1800062004f07dff9df800302b70002499e7f2
:104c28006946052004f074ffbdf800302b8000248d
:104c380090e76946042004f06bff9df800302b7064
:104c4800002487e76946032004f062ff9df80030de
:104c58002b7000247ee76946022004f059ff9df876
:104c680000302b70002475e76946012004f050ffde
:104c7800009b2b6000246de704466946002004f081
:104c880047ff9df800302b7064e76946572004f011
:104c98003fff9df800302b7000245be74c4bdb7c1a
:104ca8000b70002456e74a4b1b890b80002451e700
:104cb8006946532004f02cffbdf800302b800024f7
:104cc80048e7434bdb7d0b70002443e769465020df
:104cd80004f01effbdf800302b8000243ae7694637
:104ce8004f2004f015ff9df800302b70002431e7a9
:104cf80069464e2004f00cff9df800302b7000240c
:104d080028e7334b1b7e0b70002423e7304bdb89ed
:104d18000b8000241ee76946592004f0f9fe9df82f
:104d280000302b70002415e7294b9b890b80002449
:104d380010e7264b93f8ac300b7000240ae7234b9e
:104d480093f8ac1091423dd912b202eb4201c1eb8b
:104d5800c10102eb4102134403f1200618685968a7
:104d68009a68dc68ec601033b34228606960aa6016
:104d780005f11005f2d11a68596869602a601a8924
:104d88009b7aab722a810024e4e6104bb3f8a01199
:104d9800914217d902eb420203ebc202d2e92e017b
:104da800b2f8b0302b80b2f8b2306b80c5e901019f
:104db800d2f8c030eb6092f8c4302b740024c9e6f6
:104dc800f424c7e6f924c5e6b0020020000100205b
:084dd800e0000020980000201b
:020000040000fa
:020000040100f9
:104de0002de9f04143788cb0002b40f08f80a84d26
:104df00083782c78b4b9762bc27800f0e38160d93f
:104e00007d2b00f0d5814ed8772b00f0bd807c2b18
:104e100054d10223214601aa76208df8043009f0ee
:104e200011fd4be0413b3b2b70d8dfe813f0fa005b
:104e30006f006f006f00e400f4006f006f006f0000
:104e40006f006f0047006f006f006f006f006f0012
:104e5000270103016f0047006f006f006f006f00b4
:104e60006f006f006f006f006f006f006f006f00ca
:104e70006f006f006f006f006f006f006f006f00ba
:104e80006f006f006f006f006f006f006f004700d2
:104e900075001501b70065000c0147006f006f0039
:104ea0006f006f001e017e2b64d0f02b06d12146cf
:104eb00001aa7e20adf8044009f0c4fc0cb0bde8a6
:104ec000f081732b00f086810dd8712b4ad0722ba4
:104ed000f4d1042321460deb03027420adf8043015
:104ee00009f0b0fceae7742b16d0752be6d1012a45
:104ef00000f05681002ae1d104230deb03020021ca
:104f000072208df8043009f09dfcd7e701200bf0ea
:104f1000effa0cb0bde8f0815e4b5f4d5f48604c2e
:104f2000d3e90021049505f1ca255e4b0192029157
:104f30005d4a5e49039005f54c055d48059406936e
:104f400007920891c8354cf6cd64cf2301aa0321fe
:104f5000099071200a95adf82c408df82e3009f09b
:104f600071fcabe7032aa9d8dfe812f0ff00e400e8
:104f7000d300b800214601aa5320adf8044009f03f
:104f800061fc01232b7099e74a4a4b4b0192214661
:104f900001aa7d20029309f055fc8fe7474f484d49
:104fa0003b782a889cb2a24222d9464e06f10808d4
:104fb00004eb440308ebc30258f83310526836f888
:104fc00033c0039241f2111000230291adf80400a6
:104fd000e1b201aa732004938df81430adf806c035
:104fe000013409f02ffc2b88a4b2a342e0d83b780f
:104ff00001333b7062e7344b1b78002b7ff45eafcc
:10500000324a334b11781b78012000fa01f1052256
:105010000af084fa52e72f4a0021452009f012fcd9
:105020004ce7012301aa002152208df8043009f039
:1050300009fc43e7012301aa002141208df8043037
:1050400009f000fc3ae7244b01aa1b6801930021f8
:10505000752009f0f7fb31e70023194601aa4c201f
:105060008df8043009f0eefb28e7022301aa0021a5
:1050700076208df8043009f0e5fb1fe7132301aa21
:10508000002146208df8043009f0dcfb16e700bf54
:105090004b130120c41301200100ff01040101ff93
:1050a00000ff0100ff010004010001c0c1c2c3c430
:1050b000c5c6c7c800563412785634124a130120a8
:1050c0003a03002040030020481301203c03002045
:1050d000380300209c130120ac200101414b4248c1
:1050e000424a43490390d3e90054424b019502944c
:1050f0004ff47f054ff47f4404950594069307927f
:1051000008913d483d4d4cf6cd64cf2301aa0021c6
:105110001ee741f211133a4d3a4c019301aa0023c4
:1051200003217320cde9025404938df8143009f063
:1051300089fbc3e62b4b34482c4a2d490390d3e915
:1051400000542c4b019502944ff47f054ff47f449b
:10515000049505940693079208912748274d4cf62d
:10516000cd64d12301aa0221f2e61e4b27481f4a33
:105170001f490390d3e900541e4b019502944ff44c
:105180007f054ff47f440495059406930792089198
:1051900019481a4d4cf6cd64d02301aa0121d7e657
:1051a0002146184601aa1a4b019309f04bfb85e6ec
:1051b000134a144b0192214601aaf020029309f0f0
:1051c00041fb7be6134b019301aa0121752009f0f5
:1051d00039fb73e60123214601aa7720019309f0e8
:1051e00031fb6be6c4130120010101ff010001c086
:1051f000c1c2c3c4ff000004c5c6c7c8c9cacbcc5e
:105200000056341278563412030101ff020101ffe7
:08521000010005010000050189
:020000040000fa
:020000040100f9
:105218002de9f041046892b06168a268e368064627
:10522800206802ad0fc56169e3692069a2690fc5ed
:105238009df8193013f0040140f0c680ca48cb4ae3
:10524800057810789df81820284340f0de80dd07a7
:1052580000f1bf80029b23f07f4323f0ff03002b64
:1052680000f0e2809df80930012b00f0be809df827
:105278000a10012900f0b98000210e202070227246
:1052880021739df821209df81a10c2f1b20525441a
:10529800053201958df80320002940f00681022b84
:1052a80000f04181032b00f06b810aaf3946502092
:1052b80004f02efcbdf82830bdf80c209a4200f00e
:1052c800fe809df8092062b1019a9df80310901e96
:1052d80001900231180a8df8031002f8023c02f816
:1052e800010c9df80a20002a40f0ad809646012165
:1052f800dff88882019b98f81620581e02f1010ced
:1053080088f816c0019003f8012c9df81a301bb1db
:105318004ef4805141f009019df819309df80a209a
:10532800d8079df82130019848bf41f02001662b2d
:105338009df809304fea822288bf41f4805142ea41
:1053480083330b439bb21a0a811e019100f8012c8a
:1053580000f8023c9df80330190600f1be80019a5e
:10536800511e019102f8013c25619df81930019afe
:10537800a2615a0705d57e4b1b78023b012b40f2f0
:105388001b810cf03bfca36966605b781b070dd59d
:105398002022002138460cf00dfd2146384604f045
:1053a800b5ff9df83a30002b40f0188120460122c5
:1053b80002210bf059ff002840f0a2806d4b01221a
:1053c8001a7012b0bde8f081dd079df818207ff54e
:1053d80041af9df80a30022b7ff43cafbdf81010a6
:1053e8004ff6ff7399427ff435afe820002310256c
:1053f80062703146a070636025705f480bf086fcd0
:105408000cf0e8fb12b0bde8f081e12310206270d7
:10541800616020703146a37057480bf077fc0cf0a0
:10542800d9fb12b0bde8f0811025f52062706360e9
:105438003146a070257050480bf068fc0cf0cafb90
:1054480012b0bde8f08101214ff0000e022addf80c
:1054580004c09df80380dde9043076d0acf1080281
:1054680008f1080801928df80380acf109020cf1eb
:10547800ff3c00bf02f8013f1b0a944543ea006362
:105488004fea1020f6d19df80320019bbdf80c00cf
:1054980002328df80320a3f1020c020acdf804c0f1
:1054a80003f8020c03f8012c22e702a90df103020c
:1054b80001a807f0bbf888b99df80930efe69df818
:1054c80009109df80a2000293ff40daf002a3ff487
:1054d800fbae41214ff0400eb8e7e52033689df858
:1054e80018205a7010240022987031461c705a6097
:1054f80021480bf00bfc0cf06dfb12b0bde8f081fd
:1055080033689df818205a7010240022e120987002
:1055180031461c705a6018480bf0f8fb0cf05afb27
:105528000cf07cf86ee7019a9df803300aaf023a56
:1055380002333946532001928df8033004f0e8fa1b
:10554800019bbdf828201a80b0e608f10208acf1ea
:105558000200c3f307228df8038001900cf8023c87
:105568000cf8012c8fe700bf3d0000202800002028
:10557800d60200201000002000000020e0000020db
:10558800019a9df803300aaf083a08333946f020eb
:1055980001928df8033004f0bbfa0198dde90a3175
:1055a800421e073002f8013f1b0a904243ea01639a
:1055b8004fea1121f6d179e6314615480bf0a6fbe2
:1055c800012814d0134bb8f80820628118780bf022
:1055d80055ff00288fd10bf083f88ce73a462169f4
:1055e800204602f06bfc00283ff4e0ae76e7336813
:1055f8009df818205a7010240022f1209870314626
:105608001c705a6004480bf081fb0cf0e3faf9e6d1
:0c561800c8020020da0200200000002080
:020000040000fa
:020000040100f9
:1056240080b58ab000af78602d4b9b683b623b6ac3
:1056340023f47f433b623b6a43f4a4333b62284a2e
:105644003b6a93607b68fb61fb695a78254ba3fb3b
:10565400021359080b465b000b44d31adbb2002b30
:1056640001d0012337e0fb695b781e4aa2fb0323c8
:105674005b08fb767b6802337b60002387f8273066
:1056840017e07b687b617b699b781b021a467b6908
:105694005b7813443b617b691b783969184606f0d3
:1056a400a9fd7b6803337b6097f82730013387f8c3
:1056b400273097f82720fb7e9a42e2d3192006f080
:1056c40067fdf860fb6823f05003fb60f96819205c
:1056d40006f090fd002318462837bd4680bd00bf64
:1056e400003e0144abaaaaaa80b489b000af786096
:1056f4007b68bb61bb695b7803f00303dbb2002bff
:1057040001d0012323e0bb695b789b08fb757b68b0
:1057140002337b600023fb7714e07b683b613b69c9
:105724001b889bb203f1824303f5b033fb60fb6833
:105734003a69528892b21a807b6804337b60fb7f9b
:105744000133fb77fa7ffb7d9a42e6d300231846a8
:105754002437bd465df8047b704780b586b000af42
:1057640078607b683b613b695a78254ba3fb021345
:1057740059080b465b000b44d31adbb2002b01d053
:10578400012338e03b695b781d4aa2fb03235b08d5
:10579400fb737b6802337b600023fb7526e07b6828
:1057a400bb60bb681878bb689b789bb21b029ab23b
:1057b400bb685b789bb213449bb2194600f0d2fbe2
:1057c400bb681b78082b03d1bb685a780d4b1a7041
:1057d400bb681b78512b03d1bb685a780a4b1a70eb
:1057e4007b6803337b60fb7d0133fb75fa7dfb7bb8
:1057f4009a42d4d3002318461837bd4680bd00bf53
:10580400abaaaaaada130120db13012080b483b067
:1058140000af7860064a7b680233196811601b790f
:10582400137100bf18460c37bd465df8047b704702
:10583400d003002080b582b000af78601822002128
:1058440078680cf0b9fa79681020fcf7cef80346b2
:10585400002b01d1012300e0002318460837bd4680
:1058640080bd80b483b000af78603960074b1a788c
:105874007b681a70064b1a783b681a700123184625
:105884000c37bd465df8047b704700bfda13012076
:10589400db13012080b485b000af0023fb73002329
:1058a400bb7300237b734ff088431b6803f480634e
:1058b400bb60bb6803f48063002b04d04ff08843c3
:1058c4004ff480625a60214b1b681b0ddbb203f05e
:1058d4000f03fb731e4b1b681b0edbb203f00f039d
:1058e400bb731a4b1b681b0adbb203f01f037b73e9
:1058f400184bdb697b607b6823f01f2323f4f813c8
:105904007b60fb7b1b0603f0f852bb7b1b0403f498
:10591400f8131a437b7b1b0203f4f85313437a688e
:1059240013437b600b4a7b68d361bb6803f48063d9
:10593400002b04d04ff088434ff480629a6000bf7c
:105944001437bd465df8047b704700bf1003004464
:0859540020030044003e014461
:020000040000fa
:020000040100f9
:10595c002de9f041aeb00646154605910027059994
:10596c000b78002b00f0fa8000244ff0ff33cde9c8
:10597c0009430eab0c9380230b940d930b5d0bb171
:10598c00252b26d134b1224630460bf033fc059b37
:10599c0023440593059b1a78252a40f0d78003f100
:1059ac000108cdf81480059803782b2b1ad025d834
:1059bc00202b1bd0232b1dd02a2b27d00af0d8f854
:1059cc000b90059b1a78303a092a2ed8013305938f
:1059dc00f7e70134d2e7099b43f001030130099347
:1059ec000590e0e7099b43f00403f7e7099b43f0bc
:1059fc000803f3e7099b43f01003efe72d2bead0e4
:105a0c00302bd9d1099b43f00203e7e72b681a1d11
:105a1c001b682a600130002b05900b9305da099a5c
:105a2c005b4282f0010209920b93099bda0744bf97
:105a3c0023f002030993059b1a782e2a0dd100221c
:105a4c00581c0a9205905a782a2a25d102330593bc
:105a5c002b681a1d1b682a600a9305a80af0eafc39
:105a6c00059b039018780cf041fa6928039979d0ba
:105a7c0032dc632800f0cb8019dc252800f0d980bb
:105a8c00612853d000234ff0ff32cdf814800993d6
:105a9c000b930a920093d4e00af06af80a90059be3
:105aac001a78303a092ad8d801330593f7e76428d5
:105abc0058d06728e6dc2a4606a80bf059fa0028cd
:105acc0000f0a180059b5a1c05921b7806aa09a917
:105adc003046fdf7d7fd38e0702873d015dc6e2802
:105aec0000f08c806f28cdd12b46002206a806f042
:105afc00a1fb002800f08780059b06aa013309a9a9
:105b0c003046059308f0c4fa1fe075283ad078287f
:105b1c0048d07328b6d1802975d1059b2a680133ea
:105b2c000593131d2b60126800237de02a4606a8fe
:105b3c000bf01efa002866d0059b5a1c05921b78a8
:105b4c0006aa09a93046fdf7fdff04443c44a742d0
:105b5c007add3e4b4f221a604ff0ff3738462eb09d
:105b6c00bde8f0812b46012206a806f063fb002855
:105b7c0049d0059b06aa013309a93046059306f0c6
:105b8c00fffce2e72b46002206a806f053fb002898
:105b9c0039d0059b06aa013309a93046059309f0b3
:105bac00d7f9d2e72b46002206a806f043fb50b3e8
:105bbc00059b5a1c05921b7806aa09a9304604f0cd
:105bcc00d5f8c2e72b460022f02106a806f032fbde
:105bdc00c8b1059b01330593dde9062313430bd1b3
:105bec001b480bf0d1ff099b009319490b9b0246f4
:105bfc00304607f0f3fba8e77823dde72b463a198c
:105c0c0006a807f0e3fd059b013305939ee7802969
:105c1c00f9d1059b013305932b681a1d1b682a606b
:105c2c008df8183006aa012309a9304609f064f949
:105c3c008be78029e7d1059b01330593099b0093e2
:105c4c000b9b04490122d3e7274688e64013012029
:085c5c00342001013a2001018e
:020000040000fa
:020000040100f9
:105c64000c4b13f0ff0f08d04ff0200383f311887f
:105c7400bff36f8fbff34f8ffee7074a934208d0fd
:105c84004ff0200383f31188bff36f8fbff34f8f5f
:105c9400fee770470070800000708000014b1860c0
:105ca400704700bf1c13012030b4184c1546184a25
:105cb4000c4404eb8030541e844208d24ff020037d
:105cc40083f31188bff36f8fbff34f8ffee71c1868
:105cd400a24208d24ff0200383f31188bff36f8fe1
:105ce400bff34f8ffee71944b1f5804f08dd4ff045
:105cf400200383f31188bff36f8fbff34f8ffee749
:105d040001461a46284630bc0bf0a2bd0070800044
:105d140000f08000f8b5324d0d4405eb8035174690
:105d2400ea061c4608d04ff0200383f31188bff322
:105d34006f8fbff34f8ffee743b94ff0200383f318
:105d44001188bff36f8fbff34f8ffee7254b5a1ea9
:105d5400aa4208d24ff0200383f31188bff36f8f58
:105d6400bff34f8ffee76219934208d24ff020032e
:105d740083f31188bff36f8fbff34f8ffee7214486
:105d8400b1f5804f08dd4ff0200383f31188bff392
:105d94006f8fbff34f8ffee7134b1b6803b1984718
:105da400e3061ebf24f01f042034a4b24ff6e073b0
:105db4002340fe183c46a64206d100bf0cf04af828
:105dc4000028fbd1f8bd00bf0cf044f80028fbd13b
:105dd400e91b2144204608f0c5fb2034ebe700bf53
:105de4000070800000f080001c13012038b5114cb5
:105df400114b04eb8034a34208d24ff0200383f309
:105e04001188bff36f8fbff34f8ffee704f5804512
:105e14000cf020f80028fbd1204604f5805409f04a
:105e240079ffac42f4d100bf0cf014f80028fbd188
:105e340038bd00bf00708000ffef800037b542b965
:105e44004ff0200383f31188bff36f8fbff34f8f9d
:105e5400fee71f4c0c4404eb80341e48431ea3424f
:105e640008d24ff0200383f31188bff36f8fbff381
:105e74004f8ffee71319984208d24ff0200383f3a3
:105e84001188bff36f8fbff34f8ffee71144b1f555
:105e9400804f08dd4ff0200383f31188bff36f8f29
:105ea400bff34f8ffee74ff0ff3201929db2042201
:105eb4000deb020120460bf0bdfc30b90434a3b253
:105ec4009d42f4d1012003b030bd0020fbe700bfa8
:105ed4000070800000f0800038b5154643b94ff0db
:105ee400200383f31188bff36f8fbff34f8ffee757
:105ef400184c194a0c4404eb8030541e844208d2d6
:105f04004ff0200383f31188bff36f8fbff34f8fdc
:105f1400fee71c18a24208d24ff0200383f3118835
:105f2400bff36f8fbff34f8ffee7ca18b2f5804ff0
:105f340008dd4ff0200383f31188bff36f8fbff3a5
:105f44004f8ffee71a4629460bf074fcb0fa80f036
:105f5400400938bd0070800000f080004ff0ff3031
:045f64000af028bc5b
:020000040000fa
:020000040100f9
:105f680080b483b000af03460a46fb711346bb807a
:105f7800134bfa7992b203f5805302331a80104b0f
:105f880003f58053ba881a800d4b03f58053043308
:105f98001b680b4943f4801201f5805304331a60df
:105fa80000bf074b03f5805304331b6803f48013c9
:105fb800002bf6d100bf0c37bd465df8047b704757
:105fc8000020014180b483b000af0346fb71144b3d
:105fd800fa7992b203f5805302331a80104b03f515
:105fe800805304331b680e4943f4802201f5805323
:105ff80004331a6000bf0a4b03f5805304331b684f
:1060080003f48023002bf6d1054b03f581530833a5
:106018001b689bb218460c37bd465df8047b704779
:106028000020014190b585b000af044608461146ee
:106038001a462346fb710346bb710b467b71134618
:106048007b80fb791846fff7bdff0346fb81ba79d1
:106058007b79d31a0133012202fa03f35a1e7b79a2
:1060680002fa03f31bb2db431ab2b7f90e3013403e
:106078001bb2fb81ba797b79d31a0133012202fa68
:1060880003f39bb2013b9bb21ab2b7f9023013403b
:106098001bb27b807a887b7902fa03f31ab2b7f9cc
:1060a8000e3013431bb2fb81fa89fb79114618465f
:1060b800fff756ff00bf1437bd4690bd80b584b0ca
:1060c80000af0346fb710b46bb7113467b71fb792e
:1060d8001846fff777ff0346fb81fa89b9797b7980
:1060e800cb1a0133012101fa03f3591e7b7901fa16
:1060f80003f31a407b7942fa03f3bb81bb89184644
:106108001037bd4680bd80b483b000af114b03f596
:10611800f05314331b680f4943f0040201f5f053a0
:1061280014331a6000bf0b4b03f5f05314331b688c
:1061380003f00403002bf6d1064b03f5f0530c33a0
:106148001b68fb80fb8818460c37bd465df8047b4e
:10615800704700bf0020014180b584b000af0346fe
:10616800fb80fb889b007b81fff7cdff0346fb810b
:10617800fb893b810823bb8100bf00bf00bf1be038
:10618800fff7c1ff03463b813a89fb899a420ad24d
:106198003a89fb89d31a9ab2bb8913449bb203f29a
:1061a800e243bb8106e03a89fb89d31a9ab2bb89dc
:1061b8001344bb813b89fb81ba897b899a42dfd32f
:1061c80000bf1037bd4680bd80b586b000af03461e
:1061d800fb80fb884ff47a7202fb03f33b613b6957
:1061e8001b09154aa2fb0323db09fb813a69130942
:1061f8001149a1fb0313db094cf2503101fb03f3f6
:10620800d31abb810023fb8206e04cf25030fff723
:10621800a3fffb8a0133fb82fa8afb899a42f4d3f3
:10622800bb89002b03d0bb891846fff795ff00bf39
:0c6238001837bd4680bd00bfc55a7c0a67
:020000040000fa
:020000040100f9
:10624400f8b504460bf0b2fea94d0f28687071d161
:106254000f2c15d000232b7107f062fc01230222be
:1062640004210d200af0c1fb012307228021042010
:106274000af0bbfb0bf09afe082c68706cd1082462
:106284002046f8bd062c00f09c80082c6ed16b785b
:10629400082b6bd0974b01201c700af099fc65e029
:1062a400162c00f0bc8020d80f2c5fd1914b032218
:1062b4001a700421002302220d200af096fb80218b
:1062c4000420002307220af090fb8b4a8b4b1b7897
:1062d400137843f01003137009f02afc23200af00a
:1062e40077fc0bf063fe687040e0192c00f0db8053
:1062f400202c3bd17f4b03221a700421002302225d
:106304000d200af072fb80210420002307220af0ea
:106314006cfb794a794b1b78137843f010031370a4
:1063240009f0a4fe23200af053fc0bf03ffe0446c0
:106334006870a5e7202811d1202ca1d007f0f0fb2c
:106344006f4a1378dbb2082bfbd16b7005f04afc63
:1063540005f0eafb082c92d0032c90d0092c0dd028
:106364009ed8042c25d08dd8032c90d0644b1c7857
:1063740004f01f041f2c6c70f9d081e76b78082b94
:1063840012d00cd8062bf1d103236b71594b082280
:106394001a7001200af01cfc08f086fde6e7162bb3
:1063a400f2d0192be2d1efe703236b7108f07cfde7
:1063b400dce76b78082bf7d04e4b03226a711c7014
:1063c400d4e76b78092b16d011d8082bced1022331
:1063d4006b7108f069fd50200af0fafb454e3470e9
:1063e4000bf0e4fd00f01f000628f8d1bee7162be1
:1063f40001d0192bbad13f4c0823237002236b71af
:1064040008f052fd50200af0e3fb4ff00606267018
:106414000bf0ccfd00f01f000628f8d1a6e76b783e
:10642400192ba3d80126374a06fa03f31a409ab95e
:1064340013f0021f1ed1db0598d56e7108f034fdf0
:1064440050200af0c5fb2b4e34700bf0affd00f06a
:106454001f001628f8d189e7264f08233b706e7178
:1064640008f022fd3c700bf0a1fd00f01f0016287f
:10647400f8d17be714200af0abfb0bf097fd00f09a
:106484001f0008287ff472af6e7108f00dfd5020d4
:106494000af09efb174e34700bf088fd00f01f00cd
:1064a4001628f8d162e76b78082b16d00fd8062b84
:1064b4007ff45caf0f4c0823237000236b7108f04a
:1064c400f3fc50200af084fb192323704ee7092bb8
:1064d400f0d0162b7ff44aafece700236b7108f081
:1064e400e3fc50200af074fb024b1c703ee700bf33
:1064f40008040020020001410e0001410f00014187
:08650400010001414002000208
:020000040000fa
:020000040100f9
:10650c002de9f04f099f154604468e461e46002b7a
:10651c0040f0cc808a42b2fa82fc4cd9bcf1000f1c
:10652c000bd0ccf1200801fa0cfe20fa08f802fa84
:10653c000cf548ea0e0e00fa0cf44fea15491ffa56
:10654c0085f8befbf9fa210c09fb1ae30afb08fbe0
:10655c0041ea03439b452ad9eb180af1ff3004d2d8
:10656c009b4502d9aaf102002b44a3eb0b03a4b266
:10657c00b3fbf9f209fb123302fb08f844ea0344bb
:10658c00a04516d92c1902f1ff3303d2a04501d92d
:10659c00931e2c44a4eb080443ea004027b124fad0
:1065ac000cf400233c607b603146bde8f08f504614
:1065bc00dbe71346eee702b9ffdebcf1000f2ed18c
:1065cc008b1a01264fea154eaab2b3fbfef8210c2a
:1065dc000efb183308fb02f941ea0343994561d9d4
:1065ec00eb1808f1ff3004d2994502d9a8f102004a
:1065fc002b44a3eb0903a4b2b3fbfef10efb113346
:10660c004a4344ea0344a2424ed92c1901f1ff3308
:10661c0003d2a24201d98b1e2c44a41abce7ccf1a4
:10662c00200e02fa0cf521fa0ef901fa0cf320fafd
:10663c000efe4eea03034fea154800fa0cf4b9fbc0
:10664c00f8f11ffa85fe08fb1192180c01fb0ef6ef
:10665c0040ea0242964221d9aa1801f1ff3003d236
:10666c00964201d9881e2a44921b9bb2b2fbf8f9c0
:10667c0008fb192209fb0efe43ea02439e450fd983
:10668c00eb1809f1ff3604d29e4502d9a9f1020696
:10669c002b44a3eb0e0346ea004693e70846e3e7d8
:1066ac004e46f6e74046a4e70b46b6e78b4206d9c2
:1066bc00002f7ed00026c7e90001304674e7b3fafc
:1066cc0083fcbcf1000f0fd18b4201d3824209d85d
:1066dc00841a61eb030e0120002f6dd0c7e9004e28
:1066ec00002661e76046f7e7ccf1200e03fa0cf3c5
:1066fc0022fa0ef521fa0ef41d4301fa0cf320fade
:10670c000ef10b434fea154a00fa0cf6b4fbfaf9fa
:10671c001ffa85f80afb19401c0c09fb08f144ea26
:10672c000044a14202fa0cf23fd92c1909f1ff30b6
:10673c0004d2a14202d9a9f102002c44641a9bb2e2
:10674c00b4fbfaf90afb194409fb08f843ea0441c3
:10675c0088452cd9691809f1ff3304d2884502d930
:10676c00a9f10203294443ea0040a1eb0801a0fb74
:10677c0002894945c2464c4602d306d1464504d24d
:10678c00b8eb020a69eb05040138afb1b6eb0a03aa
:10679c0061eb040606fa0efe23fa0cf34eea030331
:1067ac0026fa0cf6c7e900369ae74846c6e74b4688
:0c67bc00d9e73e463846f7e63e46f5e6d3
:020000040000fa
:020000040100f9
:1067c800f8b5994e3378042b0d46334600f02981ed
:1067d80051280ed0592806d04e282ad1934b0a7832
:1067e8001a75002403e0914b0a781a770024204692
:1067f800f8bd0c788d4b002c14bf012200225a776b
:1068080012d00af095fc8a4b1c682cb90920fff7b6
:1068180015fd0123b370eae70620fff70ffd0020fe
:106828000bf018fc0024e2e70820fff707fdb4701e
:10683800dde776780f2e00f0f2800b2800f0e68076
:106848002ed8022800f0ac8003d8002866d089240e
:10685800cde7032800f0d0800428f8d11b7803f096
:10686800ff04002b40f0dd80082e05d00820fff73c
:10687800e5fc0828fad116262d78284604f04afea9
:10688800082e074607d01620fff7d8fc1628fad19d
:1068980000200bf0dffb002f4ad0644b1d76a6e7e3
:1068a800532830d00ed84f281fd05028cfd10b886e
:1068b8005e4a6049d381dbb20b705f4bd27b1a70a2
:1068c800002494e757285dd0f028c0d1574b0a68b8
:1068d8001a604a685a605949594a00bf13f8010baf
:1068e80002f8010b8a42f9d141e0504a0b78d17e77
:1068f8008b4228bf0b4653750f2100222f200af028
:1069080027f8002473e70b88484a4e499381dbb285
:106918000b704d4b527b1a70002468e71b7803f00c
:10692800ff04002b7dd10a78484bd340da0701d405
:1069380088245ce7082e05d00820fff77ffc08288c
:10694800fad116262b78394d00221f210820eb7426
:1069580009f0feffeb7c0a3b03eb83035b004ff679
:10696800fe7119400f2007f0affc082e01d100245a
:106978003de71620fff762fc1628fad100200bf03d
:1069880069fb34e7294a0b78517dd376994288bf51
:106998005375f02104222f2009f0daff002426e79e
:1069a800224d0878e87505f041fbe87507f0c4fa50
:1069b8000022034604460f21052009f0c9ff0720dd
:1069c80007f0bafc20f4786141ea042189b241f069
:1069d8008001072007f078fce97d8b0642bf494219
:1069e80001f01f014942204654bf01f03f0149b25e
:1069f80008f02cfa0024fae60c4a0b78937460210c
:106a08000522082009f0a4ff0024f0e6074a0b78c5
:106a18009375082103222e2009f09affa7e7812405
:106a2800e5e68624e3e600bf080400202c040020e5
:106a38003013012022000141230001412c000141b3
:106a480024000141200001412100014100f8ff0715
:020000040000fa
:020000040100f9
:106a580030b591ea030f00f18280841a71eb030cc0
:106a680005d2121953eb0c03001b71eb0c0140f219
:106a7800000ccff6e07c1cea430f52d0bceb410f70
:106a88005fd90c0da4eb135e5ff0010c6cf31f5182
:106a98006cf31f53def1200c2ad303fa0cf54019ce
:106aa80041f1000122fa0ef5401923fa0ef5694169
:106ab80012fa0cf2cd0208d349085fea30005fea07
:106ac800320228bf42f001020134013c5fea500c57
:106ad80072f1004250f1000051eb04514ff40013e1
:106ae80013eb410f38bf30bd6ff31301002030bde9
:106af800bef1200ebef1200f1ed223fa0ef540196a
:106b080041f10001cef1200c124218bf012203fa14
:106b18000cf52a43cee711ea5c0f04bf00200021e0
:106b280030bd1cea410f04bf01f00041002030bd18
:106b380001f00041002030bd21f4801101eb045127
:106b480030bd004218bf41f00101bceb410f08bf46
:106b580030bd4ff0fe4141f47801002030bd83f094
:106b68000043841a71eb030e07d28ef0004e001b0f
:106b780071eb0e01121953eb0e0340f2000ccff625
:106b8800e07c1cea430fc6d0bceb410f72d90c0d58
:106b9800a4eb135ec90241ea5051c00241f0004122
:106ba800db0243ea5253d20243f00043def1200ce9
:106bb80041d312fa0cf522fa0ef203fa0cf542ea66
:106bc800050218bf42f0010223fa0ef3801a994118
:106bd800e30ac4f30a0411f0404f03d418d0013c6f
:106be80040004941013c23d44205c00a40ea4150d3
:106bf800c90a51eac3715fea500c72f1004250f1c0
:106c0800000051eb045130bd01002fd00020203c82
:106c18000029f9d0b1fa81fcdcf1200e11fa0cf14f
:106c280030fa0ef510fa0cf02943a4eb0c04d9e75e
:106c38000020d90730bdaef1200ebef1200f0dd2d5
:106c4800cef1200c03fa0cf533fa0ef32a4318bfe1
:106c580043f00103c01a61f10001b9e721f00041d6
:106c6800c00a40ea4150c90a01eb045130bd002076
:106c7800002130bd004218bf41f00101bceb410fbb
:0e6c88007ff467afbceb430f3ff463af30bd4a
:020000040000fa
:020000040100f9
:026c9600fee717
:020000040000fa
:020000040100f9
:106c980070b57d4e0023872884b0337045d00446f4
:106ca8001cd98c283fd08d280cbfe1248524774a35
:106cb800774b15681a782b78022a14d0032a01d149
:106cc800062b12d0013b0d2b29d8dfe803f09437af
:106cd80049597d282886288d3059301398420cbf91
:106ce80004468524e3e7072becd1204606f044f858
:106cf80004b070bd2b7b63b100232b730cb1fd2c4a
:106d08000dd16a68634b6448039202a902930bf0a1
:106d18005df921466b692a7a68680af093fa0af0e5
:106d28007dfc04b070bde924c1e7fd24bfe76868b5
:106d38000af086f90af072fc04b070bd00232b73c8
:106d48000cb1fd2cebd16a68524b5348039202a94f
:106d580002930bf03bf96968204607f037fcdee741
:106d68002b7b002b6ad000232b73002c6bd0fd2cbf
:106d780069d04a4b1b78012bd1d107f05fffcee7d2
:106d880068680af05df9464b1a78012ab0d02a786b
:106d9800042a65d004f0f704e12cc0d003221a704d
:106da800404a414b91891878404b00240901cde9ac
:106db8000044224606f04efa01233370002897d08b
:106dc800204609f0c1fc93e768680af039f9ee201b
:106dd80005f0dcfa0af022fc8ae76968204607f029
:106de8001bfe0af01bfc83e76968204607f0eefbf0
:106df8000af014fc7ce704f0f703e12b08d12146e4
:106e080068684ff6ff720af00bfa0af007fc6fe7a2
:106e1800244a254bd189224a1878254b002401257c
:106e2800cde9004409011570224606f013fa00283e
:106e38003ff45eaf204606f009fd59e72146686831
:106e480003f0baf895e76a68124b1348039202a94f
:106e580002930bf0bbf82146686803f0adf888e7a9
:106e6800fd2c02d102221a709ae7124b12481968b7
:106e78000b6823225c701a7009f048ff0af0cefbf9
:106e88000af0a8fe34e700bf1000002090000020a0
:106e980028000020151f0101c8020020d60200208a
:106ea8003d000020e0000020d7020020510701012a
:0c6eb80055d800012c0000200000002034
:020000040000fa
:020000040100f9
:106ec4002de9f04f7a4d7b4997b0002009f020fe60
:106ed4002b88002b72d0784f97f80080b8f1000f00
:106ee40075d0b8f1010f5fd1744e0fce0aac0fc448
:106ef4000fce0fc496e80f0007c4714e23800aa971
:106f0400002007f073f90fce6e4cb5f800c00fc423
:106f140096e8070003c42270bcf1000f51d0dff8db
:106f2400bc8100244ff0020abb4641f2111904e06f
:106f340001342b88e4b29c4235d204eb440608ebbe
:106f4400c6038df818a093f91030adf81a90002bf1
:106f5400eeda5d4f38f836203b785c49adf82020f6
:106f64000133dbb21a4600203b7007f03ff93b784f
:106f740018f836000093012105230022cde90410fe
:106f8400cde90232019319224e4b06a9022005f0e5
:106f9400a1fb0028ccd14e4909f0bafd01342b885d
:106fa400e4b29c42c9d35f467a88934209d901323c
:106fb40092b293427a804bd000233b7017b0bde865
:106fc400f08f00233b707b8017b0bde8f08f414efb
:106fd40097f802c0dff804910fce0aac0fc40fcead
:106fe4000fc496e8070003c43b4e22700aa90cf1b3
:106ff4000102404607f0faf80fce324cb7f802c04f
:107004000fc40ceb4c03db0096e8030009eb03020e
:10701400206092f9102024f8041f39f80300adf819
:107024002000090c022641f21113002a04f8021f61
:107034008df81860adf81a300ddb2b886345c0d984
:107044000cf1010c1ffa8cfc6345a7f802c0b3d104
:1070540001233b70b2e7dff870a01c499af80030b6
:107064000133dbb21a4640468af8003007f0bef816
:107074007b889af80020009203eb4303012119f85e
:1070840033c0cdf80c800522cde9041ccde90122e2
:10709400a4f116033046172206a905f01bfb10b114
:1070a400b7f802c0c9e70a4909f032fdf8e700bfa2
:1070b4003a03002014be00019c12012070be00019e
:1070c40054be00011011012049130120e01c0101ec
:1070d40044be0001a0be00012cbe000140030020fc
:020000040000fa
:020000040100f9
:1070e40080b584b000af774b1b68002b0bd1bb1c61
:1070f4000121184603f07ef8734b01229a70012097
:107104000af0f0fadbe06f4b1b681b68fb606f4b07
:107114005b7f002b08d00722802106200af05af852
:107124000346002b00f0c88002f0c2fb684b5b7b77
:10713400002b03d1664b1b7b002b2bd0644b5b7a5b
:10714400002b27d0634962480af088ff0346002bce
:107154001ad05f4b1b7b83f00103dbb2002b06d0fc
:107164000123052220212e2009f058fc12e0564b61
:1071740093f82130002b03d0574b01221a7009e0f9
:10718400554b00221a7005e00023052220212e20f1
:1071940009f044fc08f068fe50480af097ff0346e3
:1071a400fb72494afb7ad37007200af0f3fe0346c8
:1071b4001a46454b1a764a480af088ff03461a468f
:1071c400414b5a7697f90b30002b77dbfb7a03336c
:1071d400bb72bb7ac3f18c03fa6813447b60fb7afd
:1071e4000333dbb21946786803f004f8fb687a6865
:1071f4005a603c4b1b78002b10d0354b5b7a002b2c
:107204000cd03949f86807f0d2fe374b5b68002b85
:1072140004d000220021344805f050fb2e4b1b788b
:10722400002b13d02a4b5b7a002b0fd02f49f86820
:1072340006f06bff2d4b5b68002b04d0002200216d
:107244002a4805f03bfb244b00221a70204b9b7a02
:10725400002b09d01e4bdb7a002b05d01a4b0122e0
:1072640083f8202009f05cfe174b01229a70154b1d
:107274001b6819461e4809f04bfd8c2008f096fe49
:107284000246104b1a601b4b1b7bfb70194afb78a0
:1072940003f07f03dbb21373022009f099fc154b52
:1072a4001b7bfb70134afb7863f07f03dbb2137321
:1072b40001200af017fa02e000bf00e000bf103717
:1072c400bd4680bd30130120080400202c0400209a
:1072d40008120120101201205813012080020141dc
:1072e400810201415713012068040020600400203a
:0872f400f80300200000014135
:020000040000fa
:020000040100f9
:1072fc00f0b581ea030e0ef0004e40f20007cff617
:10730c00e07717ea41051ebf95ea070f17ea430419
:10731c0094ea070f00f0c5806d0da5eb545707f5e7
:10732c0080674ff0004646eac12444ea5054c0023c
:10733c0046eac32343ea5253d202801a9c4104d238
:10734c000018644180185c41013f5b084fea32022f
:10735c000025002140f001004ff0070604e0801ae0
:10736c009c4136d340416441801a9c4136d3404104
:10737c006441801a9c4136d340416441801a9c413f
:10738c0036d340416441801a9c4136d3404164411c
:10739c00013e17d0801a9c4136d340416441801a7b
:1073ac009c4136d340416441801a9c4136d34041c4
:1073bc006441090201eb156190ea052520f0ff00fc
:1073cc004540cce7801a9c4156d335e080185c418f
:1073dc00c8d20018644180185c41c8d200186441be
:1073ec0080185c41c8d20018644180185c41c8d236
:1073fc000018644180185c41c8d200186441013ef9
:10740c0017d080185c41c8d20018644180185c41c8
:10741c00c8d20018644180185c41c8d2001864417d
:10742c00090201eb156190ea052520f0ff004540ab
:10743c00cce780185c411fd3420918bf44f001040b
:10744c00490101ebd56100f01f0000eb451021f460
:10745c00801141ea0e01013041f10001244208bfc4
:10746c0020f00100b7f5006f3eda013f49dd01eb7a
:10747c000751bde8f0407047490101ebd56100f0c0
:10748c001f0000eb451021f4801141ea0e01b7f505
:10749c00006f29da013f34dd01eb0751bde8f04004
:1074ac007047004218bf41f00101124218bf43f06f
:1074bc000103b7eb410f2cbfb7eb430f1ce0b7eb4d
:1074cc00410f04bfb7eb430f16e017ea410f04bf9f
:1074dc0017ea430f10e017ea410f12d017ea430fd7
:1074ec0002d0b7eb430f0cd04ef0fe4141f47001cb
:1074fc000020bde8f04070474ff0fe4141f47801a8
:06750c00f6e77146f4e70a
:020000040000fa
:020000040100f9
:027512007047c0
:020000040000fa
:020000040100f9
:107514002de9f74f0123002519288df8065006465a
:107524008b468df80730744c7fd1744b65711d68a0
:1075340080465846a847002809bf01234ff0010a96
:107544004ff0000a8df806300af030fd0f28607005
:1075540040f08e800023237106f0e2fa0123022218
:1075640004210d2009f041fa01230722802104207f
:1075740009f03bfa0af01afd6070614bdff888915c
:107584001b7803f01f03082b1cbf082389f8003065
:107594000af00cfd0828607079d1092389f80030bd
:1075a400fa27012009f014fb554b1b7803f01f0345
:1075b40063700af04bfd63788df80700082b04d044
:1075c4009df80730002b00f093809df8063043b1fe
:1075d4005846a847002867d000238df806304ff09e
:1075e400010a474b1b7803f01f03082b08bf09232c
:1075f40007f1ff3708bf89f8003017f0ff07d0d133
:10760400baf1000f0ad003233d4a89f800306378a9
:10761400082b4bd10af018fd0af014fd394a012356
:107624001370a37107f0010050e0092805d103236a
:107634006371324b80465d687be7062813d10223d1
:10764400012a637103d12d4b80465d6871e7022adc
:1076540003d12a4b80469d686be7032a06d1274b4a
:1076640080461d6865e74ff0160862e7804660e7cc
:10767400202882d106f054fa214a1378dbb2082b71
:10768400fbd1637004f0aefa04f04efa75e70323fd
:107694001b4a89f800306378082b3ff47eaf1378d7
:1076a40003f01f036370f6e782469ae7137803f04a
:1076b4001f036370abe70af079fc00f01f00082891
:1076c40007d1104a01231370a371002003b0bde851
:1076d400f08ff3b289f800300af068fc00f01f0064
:1076e4008045e8d1074a00231370a371012799e765
:1076f400092ef7d0f0e700bf08040020e4030020bf
:0c77040001000141f003002002000141df
:020000040000fa
:020000040100f9
:107710002de9f04f83b08046b420894615461f46b8
:10772000bdf8306008f044fc002875d0b8f1000fb7
:10773000d0f8008014bf04220c22042388f8002013
:10774000c8f8040088f8b13004466946532002f0b6
:10775000e3f9bdf80020931c9bb2012b03d9b9f1ca
:10776000000f00f088806946f02002f0d5f9dde9cd
:10777000003108f1a90908f1a80208f1b00000bf22
:1077800002f8013f1b0a824243ea01634fea1121da
:10779000f6d14cf2230b4ff0120a6946502002f04a
:1077a000bbf9002d3bd1022d4bf0400b4ff00102f5
:1077b00048d0032d6fd0514f7b894ff6fe718b421d
:1077c00000f08380190a4bf4006b09f8023c09f8b9
:1077d000011ca9f10205002a41d1330a05f8026c07
:1077e00005f8013cba7d2b46511cb9754fea1b21a7
:1077f00005f8032c05f8041c05f805bc03f806add4
:107800004046c8f818300122022109f031fd002855
:107810003ad13b4b0120187003b0bde8f08fbdf8a2
:107820000030b342bfd01a0a0af1020a022d09f849
:10783000012c09f8023c5ffa8afa4ff00002a9f124
:107840000209b6d13b8809f8023c1b0a09f8013c41
:107850004bf4006ba9f10205284f002abdd0694600
:10786000502002f059f9bdf8003005f8023c1b0a1f
:1078700005f8013cb6e7a8f8af2008f1af0948f2d7
:10788000230b4ff00c0a88e7204609f0ddfb0020af
:1078900003b0bde8f08fd7e900300af1060aa9f17c
:1078a0000805a9f109015ffa8afa4bf4406b09f166
:1078b000ff3900bf01f8013f1b0a894543ea006315
:1078c0004fea1020f6d10d4f85e7d7e900300af1d5
:1078d000060aa9f10805a9f109015ffa8afa4bf431
:1078e000406b09f1ff3900bf01f8013f1b0a494510
:1078f00043ea00634fea1020f6d16ce7e000002075
:047900001000002053
:020000040000fa
:020000040100f9
:1079040080b582b000af40200af03efb0346fb7115
:107914000f200af039fb0346bb71fb7903f0010326
:10792400dbb2002b02d0012000f094fcfb7903f0c1
:107934000203dbb2002b02d0022000f08bfcfb79a7
:1079440003f00403dbb2002b06d00af07dfb0af03f
:1079540079fb032000f07efcfb7903f00803dbb223
:10796400002b02d0042000f075fcfb7903f0200307
:10797400dbb2002b02d0062000f06cfcbb7903f0d4
:107984000403002b0cd0554b1b78002b03d0544b15
:107994005b6801209847534b01221a7002f00dfbdb
:1079a400bb7903f00803002b41d04f4b00221a701f
:1079b4004e4b00229a714d4b1b78dbb2012b2dd11b
:1079c4000522e021022009f0f1fb03461a46474b49
:1079d400da74464b1b7f002b09d0444b0b221a70e0
:1079e400424b01229a70012009f07cfe1fe03f4bbc
:1079f4005b7f002b0ad00af027fb0af023fb3b4bea
:107a040002221a70012009f06dfe10e00af01cfb3e
:107a14000af018fb012009f065fe08e00af014fbe7
:107a24000af010fb2f4b00221a70fff759fbbb79a9
:107a340003f01003002b23d02c4b00229a712b4b04
:107a44001b78dbb2042b09d10af0fefa0af0fafa29
:107a5400254b00221a7008f029fb11e0234b1b78f8
:107a6400dbb2082b09d10af0effa0af0ebfa1e4b4d
:107a740000221a700af074f802e01c4b01221a71f9
:107a8400bb7903f02003002b01d00af077f9bb790e
:107a940003f00303002b01d00af070f9fb7903f023
:107aa4001003002b16d00f4b1b78dbb2002b11d028
:107ab4000e4b1b78dbb2002b0cd10af0c5fa0af08e
:107ac400c1fa084b00221a70084b01229a70012057
:107ad40009f008fe00bf0837bd4680bddc03002066
:107ae400e403002056130120f003002008040020c2
:020000040000fa
:020000040100f9
:107af4002de9f04f744e3378022b8db0074600f019
:107b0400a980042b00f0a6804ff0000844466f4d76
:107b140095f810906b8a8df81090b9f1020fadf8ba
:107b2400123000f0ad80d5e90623cde9062369467d
:107b3400002001f0efff9df800308df8203002a9fd
:107b4400042001f0e7ff95f8423032789df80810e0
:107b5400b5f840008df82110db0995f836108df842
:107b64002430022aab6badf822008df825100a935d
:107b740034d0042a32d095f8438095f848e04fea8f
:107b84001819bef1000f71d004aed7f800c00fcea3
:107b940017248cf800402c798cf801400cf108046f
:107ba4000fc496e80f0049ea080984e80f0019f0a9
:107bb400070f8cf8288018bf6b6c8cf830e018bf66
:107bc400ccf82c30eb6cccf834303946404809f012
:107bd4009ff80af001f80db0bde8f08f3d4b1b7d16
:107be400012bc8d198f808e0bef1000f6ad00ef15d
:107bf400ff36f6b2049bbdf820c0bdf818b00136bc
:107c0400dde9060104eb461623f47f4a02e0203442
:107c1400a64243d0236823f47f439a45f7d1238aad
:107c24006345f4d1b9f1020f32d0d4e90223994269
:107c340008bf9042ebd195f8438095f848e04feaad
:107c44001819bef1000f9fd1384609f0fbf90db0a9
:107c5400bde8f08f1f4b1b7d012b7ff455af1e4bee
:107c64001b68d3f8008008f1100450e7194b93f80f
:107c740014e0bef1000f87d0384609f0e3f9e6e7d7
:107c840000220023298bcde90623adf818104ee716
:107c940023895b45cfd02034a642bbd1bef1040f6b
:107ca400c9d804ac0fcc30607160b260f3600fcc03
:107cb40030617161b261f36198f80830013388f87a
:107cc400083058e72646ece7280000204000002052
:0c7cd40000000020e00000202c00002038
:020000040000fa
:020000040100f9
:107ce0002de9f04304688bb06168a268e36805463b
:107cf000206804ae0fc62069616903c602a950203e
:107d000001f00affbdf81230bdf808209a420ad0ef
:107d100006aa009228469df81120e82108f032fdbd
:107d20000bb0bde8f0830323237065609df820202d
:107d300084f8b03084f8b12002a9f02001f0ecfe04
:107d4000dde9023104f1a7073a4604f1af0000bfb4
:107d500002f8013f1b0a904243ea01634fea1121f6
:107d6000f6d19df81110bdf818000229dde90632a0
:107d700004f1a00667d004f19f0100bf01f8013fa4
:107d80001b0ab94243ea02634fea1222f6d104f118
:107d90009a074ff0190902a9502001f0bdfebdf865
:107da000083006f8023cdff81881414a1b0a06f841
:107db000013c98f81630591c88f8161006f8033c58
:107dc0009df8113006f8069c9b0063f03f03632189
:107dd00006f8043c06f8051c1378a761023b002254
:107de000012b227321d89df82130f3b19df8112089
:107df000022a3fd0032a43d1dde90667d8e9000112
:107e00008f4208bf86423bd029462a4808f082ffad
:107e1000012841d0284bb8f808206281187809f071
:107e200031fbb0b309f0dafe7ae709f0ebfe01228c
:107e30000221286809f01cfa68b9204b01221a7047
:107e40000bb0bde8f0833746a4f8a60004f1a606ff
:107e50004ff013099fe706ab284600939df81120c9
:107e6000bdf81230e12108f08dfc09f0dbfb0bb00e
:107e7000bde8f083dde90601002908bf4b28c3d126
:107e800006ab00932846bdf81230e82108f07afcd2
:107e900046e708f029fcc5e706ab00932846bdf885
:107ea00012309df81120f12108f06cfc38e700bf7a
:107eb000d6020020c8020020da02002010000020b4
:047ec000e0000020be
:020000040000fa
:020000040100f9
:107ec4002de9f04f83695b7813f00803b1b040f0fb
:107ed400858093740f46d17c002315460646cde970
:107ee4000c338df838300893002940f08380937860
:107ef400022b00f0bf80032b40f0938052f8080f50
:107f040051680cab03c3012108aa0ca805f080fe3c
:107f1400089b04938146002840f08a80a87c0728a7
:107f240002d809f053f88146002306a9f020cde9d0
:107f34000833cde90a3301f0edfd95f812a00df1f7
:107f440021020df11f030df1170000bf13f80119f1
:107f540002f8011b8342f9d14b4c0df12903211f77
:107f640014f8012903f8012b8c42f9d1b6698df874
:107f74002da0711ca7eb0108a8eb09085ffa88f88b
:107f840042460ca809f064fc767816f002062cd15f
:107f94006b7e05930caa02eb080b39461a46584629
:107fa40009f056fc049a059b009308a94346cde9c1
:107fb40001a61b320ca802f0dbfdd4f8013001331a
:107fc400c4f801306a7e4a445946a7eb0900d2b28c
:107fd40009f03efc304631b0bde8f08f937c23b10c
:107fe4002a4b1b7e002b7ff475afdf26304631b061
:107ff400bde8f08f01292ed002291ed00329f4d127
:1080040053690df12f0203f1080000bf13f8011b9f
:1080140002f8011f8342f9d12b7e8df838300121fb
:1080240072e70ca808aa05f0f3fd81460028dcd00d
:108034004e46304631b0bde8f08f53690caa181d86
:1080440013f8011b02f8011b9842f9d12b7e8df81d
:108054003430002158e70e4b0df12f0203f10804d0
:1080640013f8010b02f8010f9c42f9d12b7e8df815
:10807400383049e792882b8952ba5bbaadf8302080
:10808400adf8323040e700bfaf020020e00000202e
:04809400b002002016
:020000040000fa
:020000040100f9
:1080980038b54ff0884200bfd2f820319c05fbd597
:1080a8005f4b6049604a41f2020027241c5241f2aa
:1080b800040042f278040c80195841f480111950d8
:1080c80019461368d802fcd4584b1b6803f4704354
:1080d800b3f5805f1bd041f20200524b2e240c52a4
:1080e80044f22831198013684f4943f48013136010
:1080f8000b68da02fcd44e4b18684ff2d02320f4f8
:108108009f7020f0010040f48a701b689847494a24
:10811800536adb07fcd54ff08842444b464c474d29
:108128000021c2f8d0104ff400700121c2f8d050dd
:10813800c2f8d04018601c469960236813f0010308
:10814800fbd137493b4ab1f8ba043c4d40f0020034
:10815800a1f8ba04b1f8ba0400f0fd00a1f8ba0415
:108168004ff08841d1f8200120f07f40c1f820016c
:10817800086d40f0405040f00c000865d06820f0d1
:108188007e0040f00400d060c1f8d0302a482c4b63
:10819800c1f8d050c1f8d0002362536a03f003033a
:1081a800032bfad1214a274b1360012393601368ec
:1081b80013f00103fbd14ff0884148f2090440f263
:1081c8000120c2f880414ff40045c2f8a00049f2ee
:1081d80009040920c2f8a850c1f880401a4dc1f816
:1081e80090301a4cc1f8a030c1f8b0001148c1f85d
:1081f800e050c1f8f030c1f80041436843f0100383
:108208004360036843f08873082443f010034ff079
:108218003335036014631464c1f8d05038bd00bf0f
:10822800002001410030014104300141000a0044ae
:108238000024014400400141aa996655556699aa4f
:10824800080101c001012000e0070120fefe730fb4
:020000040000fa
:020000040100f9
:10825800013810b505281cd8dfe800f003a26a1b16
:108268001baa6449644b00228a711b7803f01f0320
:10827800092b0c4623d14a79032a0ad05f4c4ab904
:108288000978c9b2012912d1104607f02dff192328
:10829800237010bd022a0ad10b7803f0ff0233b90c
:1082a8000121084607f020ff06232370f1e701218a
:1082b8000022084607f018ff16232370e9e7082b69
:1082c800e7d0112be5d0162b05d10120bde81040d1
:1082d800887009f005ba192bdbd0122bd9d04b794d
:1082e80043b91a461846012107f0fefe434b042203
:1082f8001a70cee7022b07d10121084607f0f4fed9
:108308003e4b04221a70c4e70b78002bc1d13c4bba
:108318001b78002bbdd100221f21012008f044ff4b
:1083280000f01f001628b4d0012161710022e4e793
:10833800304c0223a37163795bb92378012ba8d150
:1083480009f01afe0028a4d16420bde8104006f008
:108358002bb8013b012b9cd801210022084607f0cd
:10836800c3fe2378042b06d1062323700120bde821
:10837800104009f0b5b9234b197801220929627117
:108388009ebf1a780132d2b21a70197801310022d0
:10839800c9b2012007f0a8fe184b09221a7078e725
:1083a800144b0120bde810409871987009f098b9f5
:1083b80009f048fe09f044fe134b1b78002b3ff4ec
:1083c80068af0c4b1a7802f0ff04002a7ff461af03
:1083d8005b79013b012b3ff65caf094b1c7009f040
:1083e800e3fd01212246084607f07efe034b0922e1
:1083f8001a704ee708040020010001410200014103
:0c84080056130120de130120dc030020cd
:020000040000fa
:020000040100f9
:108414002de9f04f5f4b1b6883b0002b40f0a48024
:108424005d4b1a6802f10108c3f80080b8f1000f2f
:1084340000f08280594b0193019b1b6898454ff0d3
:10844400000760d3564bdff870e156480093dff81d
:108454006c91ba46bc464be0def80030db68db6862
:108464005a68904503f1040403f11806c0f08d80a6
:108474005a69d3e902515768a960a7424d6015684b
:1084840008bf5160996ac3f814a0013d156069b131
:10849400d3e907524f68aa601a6ab742556008bf09
:1084a4004a600a68c3f828a0013a0a60d96ad9f870
:1084b400002001268e4001eb8105164300eb850761
:1084c400c9f80060009e7a68d6f800b09668dbf8b8
:1084d4002cb0de6050f825609a60594588bf4ff093
:1084e400010c916801364c6094605f6140f825602e
:1084f400def800301b68002baed1019a4ff0ff3339
:108504006746136002e0264b26480093009b264ae8
:108514001b681268db6a03eb830350f82330022bd9
:1085240028bf01275ab3214b1b68002b18bf012712
:10853400384603b0bde8f08fdff87ce01c4bdef872
:1085440000101c4a1868cef8000019601368013343
:108554001360def800301b68a3b9104b01931a4670
:108564004ff0ff33136067e70f4a1368013313605a
:1085740009f08afd0027384603b0bde8f08f09f002
:1085840083fdd0e709f0d4fa54e7019b67461a60eb
:10859400bce700bff01201201013012000130120da
:1085a400dc120120a80f012008130120141301205c
:1085b400e412012004130120e0120120f81201202a
:020000040000fa
:020000040100f9
:1085c4002de9f0470668654f7168b268f36888b0b2
:1085d400044630683c6002ad0fc59df80b3030692d
:1085e40071699a1e012a03c500f28f80022b00f0e4
:1085f4008780dde904235a4ec6e900234ff6fe7353
:10860400738103a9502008f053fa09f0f9fa256898
:1086140001232b706c609df8182085f8b03085f824
:10862400b1206946f02001f075fadde9003105f169
:10863400a70205f1af0000bf02f8013f1b0a824206
:1086440043ea01634fea1121f6d19df80b304ff054
:10865400ff32022ba5f8a62005f19e0765d0d6e9c6
:10866400003105f19d0205f1a50000bf02f8013fac
:108674001b0a904243ea01634fea1121f6d105f146
:1086840098084ff0cc0a4ff01b096946502001f0be
:1086940041fabdf8003007f8023c1b0a07f8013c18
:1086a400b37d2322591cb175042007f8033c07f855
:1086b400052c0df10a0107f804ac07f8069cc5f86f
:1086c400188008f0f5f90df109010646002008f0bc
:1086d400eff9304310f0ff0f32d0236821484ff6f2
:1086e400ff721426e12521461e701d715a8008f080
:1086f4000ffb09f071fa08f093ff08b0bde8f087aa
:10870400174ebdf8103073817be7e8224ff6ff73f4
:1087140014202146307032717380124808f0f8fa40
:1087240009f05afa08b0bde8f0877389a5f8a430b7
:10873400b8464ff0c80a05f1a4074ff01509a4e79d
:1087440028460122022108f091fd0028c5d1064bdc
:1087540001221a7008b0bde8f08700bf2c00002089
:0c876400e00000200000002010000020b9
:020000040000fa
:020000040100f9
:108770002de9f8430d46dff884915c492c680646e4
:10878000042008f097f999f800201a2a2ad8584f9f
:10879000584b97f800c093f81480d0b24ff0000ef9
:1087a00010e0bcf1040f12d0032e25d06168d14037
:1087b00011f0010f02f1010239d1d0b21a284ff0a5
:1087c000010e49d8431cbcf1020fdbb2e9d1b8f16c
:1087d000010fe9d1217a0429e6d9bef1000f01d0b9
:1087e00089f80000012e3bd073b2002b47d0032e36
:1087f0000ad000bfbde8f883217a0029d6d0bef1a7
:10880000000f01d089f800003b4e306808f01cfcd6
:10881000237a002b4ff0000314bf1a46ea2233607c
:10882000237262702846bde8f84306f011bdbef120
:10883000000f01d089f80000012e26d0032e2f4909
:1088400008bf3e70002008f035f930bb04f08efe02
:10885000bde8f84309f0c2b9012e89f80030c3d150
:10886000254d286808f0f0fb224b1b7d00222a6072
:1088700073b3237a042b36d84bb3627029e063704c
:108880002846bde8f84306f0e3bc02231b493b70d1
:10889000002008f00ff90028d8d0dff85c8000260f
:1088a000d8f8000008f0d0fbc8f8006008f0bafe65
:1088b000ea23294663702672114808f02bfa8520b6
:1088c0003e7004f053febde8f84309f087b9ea238f
:1088d00063700c49502008f0edf80b4b1868bde8a8
:1088e000f84306f0b5bcfa236370f2e72f110120bc
:1088f00028000020e0000020dc0000202e110120d4
:0c89000000000020940000202c0000204b
:020000040000fa
:020000040100f9
:10890c002de9f04f0e685c4f716034460b2304f870
:10891c00b23b7a7c87b0002a54d1584d6b7a4ff019
:10892c000d08002b5bd104f8013d0df1100900225c
:10893c00534b04f8012c18783a7c44f6ff7140f63e
:10894c00ff73032808bf0b46012a08bf43f40043fa
:10895c001b0aff2204f8023c04f8032c694653203e
:10896c0001f0d4f8bdf800304ff6fe72934267d098
:10897c001a0a04f8053c04f8042c651f80244946a7
:10898c00502001f0c3f8bdf8103005f8023c1b0a6a
:10899c0005f8013cb97c2b464a1cba74002205f838
:1089ac00031c05f8052c05f8044c03f8068d30461d
:1089bc00b361022108f056fc324b01221a7007b049
:1089cc00bde8f08fa41a2d4d2f49204602f10d0859
:1089dc0008f03aff6b7a5ffa88f8002ba3d0dff827
:1089ec00b4a02a4adff8b0b00df1100900234946b3
:1089fc002846cde90423cbf800408af8003009f072
:108a0c00e7fa234a04920023284649469af8005074
:108a1c008af8003009f0dcfa9af80020dbf8001034
:108a2c0002eb85035b00dbb242ea05159844da439e
:108a3c0001f8015c5ffa88f88af80030144476e794
:108a4c0002a9f02001f062f8dde9023108f1060814
:108a5c00a4f10b05a4f10c025ffa88f8043c00bfea
:108a6c0002f8013f1b0a944243ea01634fea1121c9
:108a7c00f6d1c02483e700bfe0000020c80200202c
:108a8c00d6020020100000209800002091fc00016c
:0c8a9c00ad0101014413012094120120df
:020000040000fa
:020000040100f9
:108aa8002de9f047824686b002a90020daf8004096
:108ab800544fdff87881544e544ddff8749101f02b
:108ac80027f8534b9df808201a7002a9042001f0da
:108ad8001ff8504b504993f800c0637a6278387891
:108ae800c6f800a088f80030e3709df808300b70d5
:108af800dff840e12a701b23a2700022217a23703c
:108b08002272636822745cea00028ef80010c9f8c9
:108b1800003007d133b123f0ff6323f4ff230bb9ef
:108b28000e290ad9e823514663703c4808f0eef84c
:108b380009f050f806b0bde8f08709f05ff8384a48
:108b48002b78daf800400b211170032b49d8dfe8a5
:108b580003f0400e0e02b42007f026fa314b1860dd
:108b680000283ed031680320fff7fefde2e74ff60c
:108b7800ff7304a95020adf8063000f0c9ff2a4b56
:108b8800bdf810201a800df10601502007f08eff65
:108b98002b78012b08bf234b4ff0b40008bfc3f854
:108ba80000a007f001fa01463060d0b12878022809
:108bb80022d00b68d9f800205a601b221a7098f846
:108bc800004098700022dc701a721a74fff7ccfd0e
:108bd800b0e700200123514660743b70fff7c4fde5
:108be800a8e7e823514663700c4808f08ff808f0ae
:108bf80015fd08f0efff9de7504608f021fa3168af
:108c08002878d6e7280000202c0000202712012011
:108c18003c0000203d000020d8000020000000207b
:108c28002e110120dc000020940000202f110120cb
:088c3800901201202612012018
:020000040000fa
:020000040100f9
:108c40002de9f0435d4c94f83c5085b0002d00f0c8
:108c5000838003682279267c83f82120a16b5962e6
:108c60005e70b11e84460129608a58804ff0000072
:108c700053d9dff858e198609ef80010d86091420f
:108c80000646074658804e485cd061798ef8002031
:108c9000c0e90067e2881974002600270329c3e9a8
:108ca00006675a8268d0022977d000225a8294f847
:108cb000362083f8202094f820204248c2f3020294
:108cc00083f8282094f82020c2f3c10283f82920d9
:108cd00094f82c2083f82a2083f82b50226cda6237
:108ce000112261461a7008f015f82388db063cd57e
:108cf000354b1b78032b0bd0227c022a52d0032a3f
:108d00003fd0002300931a4619461846fef700fd8f
:108d100008f064ff05b0bde8f083dff8b0e0022e94
:108d20004ff00001c3e9020118bfd4e906679ef8bd
:108d3000001008bf268b224808bf00279142c3e9d4
:108d40000267a2d1d0e90089b94508bfb0459cd1de
:108d5000604608f079f9c8e708f076f908f062fc97
:108d600008f03cff05b0bde8f08308f05bfc08f0bc
:108d700035ff05b0bde8f083d4e90201c3e906017f
:108d800095e7d4e90667638a00930021084602aba1
:108d9000cde90267fef7bcfcbae720890021c3e9f0
:108da000060184e7638a00930021238badf8083025
:108db000084602abfef7acfcaae700bf400000206b
:108dc0002000002000000020d6020020d402002055
:020000040000fa
:020000040100f9
:108dd0002de9f0435d4f5e4d5e4edff8808185b03a
:108de0003b68d3f80090b9f1000f00f08280db6897
:108df000d3f8009009f060f809f0b0f82b689842b9
:108e00000446c0f086808145286040f28b800022b5
:108e1000a9eb0401306806f093fa00f055f938b96f
:108e20004d4b4ff080521a60bff34f8fbff36f8fdf
:108e30000023cde901330393002201a9306801f03a
:108e40007ffb0028ccd0019b002bf5db039c6369e2
:108e500013b1201d08f05cf909f080f82b689842e6
:108e600081465cd3019bc5f80090013b082be3d8f9
:108e7000dfe803f024241d0e0524241d0e0094f8c1
:108e800024309a0755d523f0010384f82430d3e722
:108e900094f824300299a16143f0010384f824304e
:108ea000494420464b464a4606f07affc4e794f808
:108eb000243023f0010384f82430bde794f8242003
:108ec000029ba16942f0010284f8242019444a4619
:108ed000204606f065ff0028aed094f824305907ec
:108ee0002bd423f0010384f82430236a20469847ca
:108ef000a2e708f0e1ff09f031f82b68834204464d
:108f000007d8d8f800302c601a68b2fa82f25209f9
:108f10007ee707f047fe2c6000f0d6f888e707f000
:108f200041fe9fe700f0d0f82146484606f0bafd22
:108f30007ee7204603f04afe7ee70299a3694a468f
:108f40001944204608f0d0f8cfe700bfc81201202e
:108f5000d0120120d412012004ed00e0cc12012037
:020000040000fa
:020000040100f9
:108f60002de9f043044685b000f12408019108f092
:108f7000e9faa36bdff84c9100273e46002b42d163
:108f8000019d002d7ad0002e59d008f0c7fe08f0c0
:108f900093ff08f0d7fa94f84430ff2b04bf002366
:108fa00084f8443094f84530ff2b04bf002384f844
:108fb000453008f0b3fe01a902a804f0c7f8002864
:108fc00030d108f0bffaa36b002b3cd108f0a6fe0d
:108fd0002368002b59d00199404608f0c3fa204677
:108fe00003f01efc00f070f838b94ff08053c9f858
:108ff0000030bff34f8fbff36f8f012608f0a2fa46
:10900000a36b002bbcd02268013ba363002a54d081
:109010002369002b42d108f081fe0127384605b0b4
:10902000bde8f083204603f0fbfb00f04df808f0ac
:1090300089faa36b83b108f071fe0126dee702a86e
:1090400008f084fda1e708f069fe204603f0e8fb84
:10905000012600f039f8d1e708f060fe1fb9384664
:1090600005b0bde8f08308f06dfa616a19b1236bb1
:109070001968c1f10501a06803f0e0f908f04efe9f
:109080000027384605b0bde8f08308f05bfaa06819
:1090900002f0eefc074608f041fe9ce704f11000e8
:1090a00001f0e6fd0028b6d0064b4ff080521a6062
:1090b000bff34f8fbff36f8fade708f057fea0608f
:0890c000a6e700bf04ed00e08b
:020000040000fa
:020000040100f9
:1090c8002de9f04b08f03afa494b1a68013a1a6050
:1090d8001b68002b73d1474a1268002a6fd0dff84b
:1090e8003081dff83091dff830c14ff0010b00bf5d
:1090f800d8f80020002a4ad0d8f80c30db68d969a3
:10910800186a9a6a88601d6a5468696003f11801d0
:109118008c42116808bf50600139002098621160c4
:109128005869d9f800604468d3e902121d1dac42a1
:109138008a60516008bf4260da6a02eb82040ceb75
:1091480084070bfa02fe4eea060e06687968c9f82b
:1091580000e0013ed1f808e006602748c3f80ce0bb
:1091680006685cf82400f66ad1f808e099600130d6
:10917800b242cef804508d605f614cf82400b7d934
:109188001e4ac2f800b0d8f80020002ab4d13bb17a
:109198001b4b1b681b6843bb1a4b4ff0ff321a600e
:1091a800194e346844b10125fff730f908b1134b63
:1091b8001d60013cf8d13460104b1b682bb90024aa
:1091c80008f0a8fd2046bde8f08b0b4a0f4b12684b
:1091d8004ff080521a60bff34f8fbff36f8f012497
:1091e80008f098fd2046bde8f08b08f09ffcd7e713
:1091f800f0120120e8120120dc12012014130120d2
:10920800e0120120001301200813012004ed00e002
:0c921800b8110120f8120120a80f01205d
:020000040000fa
:020000040100f9
:10922400f0b504684d4e6168a2680546206885b0b3
:10923400334607c302a9532000f06cfcbdf8082094
:109244004ff6ff739a4255d0e28840f60f739a4264
:109254000bd02b6842484ef6220229461a8007f0aa
:1092640057fd08f0b9fc05b0f0bda3790f2bf0d879
:10927400e27993423bd3a37a012b47d004f108014e
:109284000b2007f015fcb37a012b44d0a11d472015
:1092940007f00efca3790f2b08bfe371e11d5420e6
:1092a40007f006fc08f0acfc2e49502007f000fc47
:1092b4002d49042007f0fcfb2c490446002007f04c
:1092c400f7fb07462a490b203c4307f0f1fb14f057
:1092d400ff0f2bd02b6822484ef6220229461a8013
:1092e40007f016fd08f078fc08f09af9bbe70f2a9e
:1092f400afd1c0e72b681a484ef6224229461a809d
:1093040007f006fd08f068fc05b0f0bd194b1b78aa
:10931400012bb3d89de7737900937288337929467a
:10932400082000f05ffb00289dd192e7012004f0a3
:1093340079fe1628ced1327a2b680e490848012ac4
:109344000cbf032402244ff022020c7029461a8019
:1093540007f0defc08f040fcc6e700bf281201203d
:10936400000000202a1201202d1201202c120120bd
:0893740030120120d602002096
:020000040000fa
:020000040100f9
:10937c0080b582b000af78600b46fb70fb7803f0d1
:10938c000303dab2494b1a70484b1b78002b09d0f7
:10939c00464b1b78fa78d31adbb20433dab2444b5f
:1093ac001a7002e0424afb781370424b424a1a6030
:1093bc00424b00221a706ee0404b1b781946fb782a
:1093cc003a4a12789b1a994222d03c4b1b781a4687
:1093dc007b6813441b781946384b1b7801337a6829
:1093ec0013441b781b0241ea0302344b1b780233f3
:1093fc0079680b441b781b041a43304b1b780333de
:10940c0079680b441b781b0613432d4a13602fe01d
:10941c002b4b00221a60254b1b78002b08d0274bb6
:10942c001b781a467b6813441b781a46244b1a6027
:10943c001e4b1b78012b0bd9204b1b7801337a6800
:10944c0013441b781a021e4b1b6813431c4a1360ef
:10945c00164b1b78022b0bd9184b1b7802337a68ee
:10946c0013441b781a04164b1b681343144a1360dd
:10947c00104b1a68124b1b681946104608f01efe5a
:10948c000e4b1b780433dab20c4b1a70094b1b6869
:10949c000433084a1360094b1a78054b1b789a421f
:1094ac008ad300bf0837bd4680bd00bf4c130120d6
:1094bc004d13012020130120000101414e13012006
:0494cc002413012044
:020000040000fa
:020000040100f9
:1094d0002de9f041b42082b006f06afd00285dd08d
:1094e000046800230d2260602373694605462270dc
:1094f000532000f011fbbdf8003002339bb2012b6a
:1095000069464ed9532000f007fbbdf80030a4f89f
:10951000b03004f1b0064ff400480b2769465020e4
:1095200000f0fafa3b48bdf80030428a9a4267d010
:109530001a0a023706f8012cffb206f8023cb21ee6
:10954000037c032b45d0038b02f8023c48f40066f1
:109550001b0a46f0010602f8013c911e438a01f8fd
:10956000023c2d481b0a01f8013c827d0b4602f1aa
:10957000010c80f816c0300a01f8032c01f8056cc4
:1095800001f8040c03f8067d0022a361286802217b
:1095900007f06efec0bb214b01221a7002b0bde87d
:1095a000f081f02000f0b8fadde9003104f1aa06fc
:1095b00004f1a90204f1b10002f8013f1b0a904234
:1095c00043ea01634fea1121f6d14ff440481127d5
:1095d000a4e7d0e9063c0637a2f10801a2f109068a
:1095e000ffb2013a06f8013f1b0a964243ea0c63b8
:1095f0004fea1c2cf6d148f4406646f00106ade770
:1096000048f0400832469be7284607f01dfd02b0af
:10961000bde8f08140000020e000002010000020a4
:020000040000fa
:020000040100f9
:109620002de9f047044607f08dff3f4a3f4e13688f
:10963000013313603368002b45d03d4fe56a3b682a
:10964000002b3ad0dff8f080dff818e1dff818c11e
:1096500005eb8502920008eb020958f802a0d9f840
:109660000410a1608b68e3608b68201d58600af1cc
:1096700001038860def80010dcf80000c4f81490e4
:1096800048f802300123ab4003430131ccf80030ed
:10969000cef8001008f042fb3b6863b13268e36a21
:1096a000d26a9a4207d2234b4ff080521a60bff31e
:1096b0004f8fbff36f8fbde8f0873368db6aab4233
:1096c00098bf3460bee734601368012b02d0e56aae
:1096d000174fb7e71848dff89480184d144f08f07b
:1096e0001dfa174808f01afa164808f017fa164833
:1096f00008f014fa154808f011fa404608f00efa7e
:10970000284608f00bfa124808f008fa114808f049
:1097100005fa114808f002fa104a114bc2f800800d
:109720001d60e56a8ee700bfe8120120dc1201200f
:109730000c13012004ed00e0a80f0120a41101206a
:10974000bc0f0120d00f0120e40f0120f80f0120f1
:10975000b8110120e0110120cc110120e0120120fc
:10976000e4120120f4120120f812012090110120ce
:020000040000fa
:020000040100f9
:109770002de9f04385b00446894601921f46002634
:10978000dff82c8107e008f0c9fa204603f048f81a
:10979000fff79afc012607f0d5fea26be36b9a4215
:1097a00043d3022f5dd0019d002d65d0002e38d00f
:1097b00008f0b4fa08f080fb07f0c4fe94f84430d7
:1097c000ff2b04bf002384f8443094f84530ff2b6e
:1097d00004bf002384f8453008f0a0fa01a902a8cc
:1097e00003f0b4fc00284dd107f0acfea26be36b94
:1097f0009a42c8d108f092fa019904f1100007f0da
:10980000b1fe204603f00cf8fff75efc0028c1d142
:109810004ff08053c8f80030bff34f8fbff36f8f06
:10982000b8e702a808f092f9c2e749463a4620464e
:10983000a56b04f0fff8a36c6bb3022f19d0204680
:1098400005f0dcfa38b11a4b4ff080521a60bff3c2
:109850004f8fbff36f8f08f061fa012005b0bde8ac
:10986000f0833a4649462046a56b04f0e3f8a36c22
:109870008bb1002de3d0eee708f050fa284605b092
:10988000bde8f083204602f0cbfffff71dfc00206f
:1098900005b0bde8f083636a13b90028dbd0d2e7d6
:1098a00004f1240001f0e4f90028d4d0cbe700bf94
:0498b00004ed00e0e3
:020000040000fa
:020000040100f9
:1098b4007fb5032101a800f09dfc464a9df80630bf
:1098c4001178454a454d12781940511a4a424a4185
:1098d4004349ea7209789df805200a4214bf012120
:1098e4000021697202f003018c1e604201f1ff3c09
:1098f4006041dcf1000141eb0c01297312f0400fcf
:10990400c3f3810114bf062608260229a87239d19f
:1099140002369b09022b8df806303dd1b41ce4b20b
:10992400130716d5012221460df1030000f0b4fa05
:109934009df80330c3f3c1038df803302bb1012b21
:1099440003d0022b0cbf05230923053453fa84f4f6
:10995400e4b29df80620022a26d1314602a800f07e
:109964009bfadde90223c5e900239df806302b723a
:109974009df8053003f00303032b1ed000236b7303
:1099840004b070bd032902d10836f6b2c1e701293b
:1099940004bf00216973bce7032b0bbf06f1080465
:1099a4000024e4b26c73bbe7032adad108223146ff
:1099b4000deb020000f070fad3e7012221460df10d
:1099c400020000f069fa9df80230042bd6d101237d
:1099d4006b73d5e7e1130120e01301200812012085
:0499e400df1301206c
:020000040000fa
:020000040100f9
:1099e8002de9f0410c680d4688b06168656006464f
:1099f80015462068a268a4f8aa509846e36826701d
:109a080002ad0fc5206961699df83870082303c548
:109a180084f8a9306946532000f07af8bdf8003080
:109a2800a4f8ac300a2e08bfbdf8183084f8ae8010
:109a380018bf4ff0ff33a4f8af30694684f8b1700f
:109a4800f02000f065f8dde9003104f1a00204f12e
:109a5800a80000bf02f8013f1b0a824243ea0163e3
:109a68004fea1121f6d16946502000f051f8bdf8af
:109a78000030a4f89f300a2e04f197052bd04ff040
:109a8800ff33a4f89d30d82704f19d034ff0030c51
:109a98001c26ff221c4903f8022c03f8012c8a7d9e
:109aa800501c887503f8032c03f805cc03f8047cd4
:109ab80003f8066c20460122a561022107f0d4fbb9
:109ac80028b9124b0120187008b0bde8f0810020b9
:109ad80008b0bde8f081dde9043104f1960204f133
:109ae8009e0000bf02f8013f1b0a904243ea01634f
:109af8004fea1121f6d12b46dc2704f191054ff0ee
:109b0800230c2226c5e700bfe0000020100000203b
:020000040000fa
:020000040100f9
:109b18000b2838b50c4600f08a801ed8032863d07d
:109b280012d80128444b4cd048d9dd7d284604f092
:109b380003fa0e2849d8414b93f8220000284ad14d
:109b48009b7e1d44257007e0052857d051d3062871
:109b58005ed0072857d0892038bd512829d009d888
:109b68004f281cd020d84e28f5d1334b1b7d0b70c5
:109b78000020f1e7572850d006d85328ebd12e4bb8
:109b88009b890b800020e7e759284bd0f028e2d1c9
:109b9800294a13680b6053684b600020dce7264baa
:109ba8005b7d0b700020d7e7234bdb890b800020ff
:109bb800d2e7214b5b7f0b800020cde7db7c0b706d
:109bc800cae79b680b600020c6e70f2809d11b4b2a
:109bd80093f822302bb1194b9b7e1d442570002031
:109be800bae725700020b7e7134b9b7c0b70002069
:109bf800b2e7114b1b7e0b700020ade70e4b1b8aa2
:109c08000b800020a8e70c4b9b7e0b700020a3e77d
:109c1800094b5b7e0b7000209ee7074bdb7e0b70c9
:109c2800002099e7044b1b7f0b70002094e7024b40
:109c38009b7d0b7000208fe72c0400200804002077
:020000040000fa
:020000040100f9
:109c4800f0b540f2ff7681ea030c16ea115e1ebffa
:109c5800b64516ea1355b54252d021ea465141f4a9
:109c68008011a1fb024723ea465343f48013ae4414
:109c7800a0fb03650cf0004c36197d41a1fb03479e
:109c880047f10003a0fb0217f619654153f10003e1
:109c9800094218bf46f0010640f2fe74b3f5007f92
:109ca80013d2aef5806ea64523d24cea03312803c1
:109cb80041ea155140ea16503203450872f1004254
:109cc80050f1000051eb0e51f0bdaef2ff3ea6453b
:109cd8000fd24ceac321e80241ea555140ea5650f6
:109ce800f202450872f1004250f1000051eb0e51aa
:109cf800f0bd1eea0e0f2dd50cf000410020f0bd7e
:109d080016ea115f04bf01f000410020004218bfad
:109d180041f0010116ea135f04bf03f0004300227b
:109d2800124218bf43f0010306ea1354b44218bfa5
:109d3800b64503d00cf000410020f0bd21f00041f1
:109d480023f00043b1eb065f0cd8b3eb065f09d8ec
:109d580041b13bb10cf0004141f0fe4141f47001ca
:109d68000020f0bd40f20001c7f6f8710020f0bdf8
:020000040000fa
:020000040100f9
:109d78002de9f04f0e4649683568d6f80890f7681f
:109d88008bb0cde903230029acbf25f002050121e2
:109d980015f010030593039b8346d3e900232fd0c6
:109da80052ea03002cd0a9f10208346915f0080022
:109db80004f1ff3408904ff00000385518bf08f13f
:109dc800ff388a46012c1ddc059b002b54d1089bcb
:109dd80013b1013c20233b5532690095013a4b46ab
:109de800121b3919584603f0fbfadbf80430db057f
:109df80003d573689842b8bf18460bb0bde8f08f1a
:109e0800c846d2e752ea030009d1baf1000f06dcce
:109e1800a8eb010050440028d6dda807d4d502f0ed
:109e28000f000928d4bf00f1300e00f1570e049836
:109e3800a0f1410cbcf1190f04f1ff3410d84ef019
:109e4800200cacf1610cbcf1190f09d870460991ce
:109e5800cde9062308f053f8dde90623099986467b
:109e6800100940ea03704fea131c07f804e00af1ee
:109e7800ff3a02466346a5e7039bd3e9000150ea8f
:109e88000103a4d03a19049b02f8013c023c302398
:049e98003b559ce7b3
:020000040000fa
:020000040100f9
:109e9c0080b588b000af78600b46fb701346bb7082
:109eac00bb7803f003033b613b69002b03d14ff0fc
:109ebc00ff33fb600fe03b69012b02d1ff23fb60fa
:109ecc0009e03b69022b03d14ff6ff73fb6002e004
:109edc006ff07f43fb603b69002b05d0ba783b6980
:109eec00d31a0433fb6101e0bb78fb61fb7803f10f
:109efc00824303f58133bb6100237b6151e0ba7867
:109f0c003b69d31a7a699a4222d0b86908f0dcf816
:109f1c00b8607a687b691344ba68d2b21a70bb68ad
:109f2c00190a7b6901337a681344cab21a70bb6888
:109f3c00190c7b6902337a681344cab21a70bb6875
:109f4c00190e7b6903337a681344cab21a7022e083
:109f5c00b86908f0b9f8b8603b69002b05d07a688d
:109f6c007b691344ba68d2b21a703b69012b07d9ca
:109f7c00bb68190a7b6901337a681344cab21a7038
:109f8c003b69022b07d9bb68190c7b6902337a68d1
:109f9c001344cab21a707b6904337b61bb69043306
:109fac00bb617a69fb699a42a9d300bf2037bd46d1
:029fbc0080bd66
:020000040000fa
:020000040100f9
:029fbe007047ea
:020000040000fa
:020000040100f9
:109fc000f0b50368002400258bb0cde906459d69f6
:109fd000ac78c4f38104a31e012b06460f464dd96d
:109fe0003c4b1b78032b5dd0022b2ad1022c23d0b3
:109ff000032c12d1ab1d0df11f020e3513f8011bfe
:10a0000002f8011fab42f9d13349dde90823d1e958
:10a010000001994208bf904213d002a95020fff7d7
:10a020007bfd06ab0093224639463046bdf808302a
:10a0300006f0a8fb0bb0f0bd274aeb8852899a4284
:10a04000ebd104a95320fff767fd02a95020fff7c9
:10a0500063fd08a9f020fff75ffdbdf81030023363
:10a060009bb2012b2ad904ab0093bdf808303946c6
:10a070003046022206f086fb0bb0f0bdab1d0df1a1
:10a080001f0105f10e0200bf13f8010b01f8010fcb
:10a090009342f9d1dde90823cde906230d4b1b7866
:10a0a000032ba1d102a95020fff736fd06ab009388
:10a0b000224639463046bdf80830dbe708ab00934e
:10a0c00039463046bdf80830032206f05bfb0bb082
:0ca0d000f0bd00bfd6020020e000002020
:020000040000fa
:020000040100f9
:10a0dc00f8b5431e0a334fd800f1080414f00703f7
:10a0ec0005d0c3f10803da43a24245d31c4407f060
:10a0fc00ddfe374803682246002b4ad0002a40db9d
:10a10c00002c3ed0dff8dcc0dcf80070a74238d35e
:10a11c00304d2b6803e01a6822b11d46134659686e
:10a12c00a142f8d302689a422bd02e681a682a6092
:10a13c00081b102806f1080608d903eb040e21466b
:10a14c00cef804005c601a51c5f800e0224a106891
:10a15c007f1a8742214838bf17600268ccf800701c
:10a16c0041f000410024013259601c600260fef78e
:10a17c00a5ff46b13046f8bd07f098fe14480268ba
:10a18c0032b1fef79bff002607f09afd3046f8bd72
:10a19c001446134b134e0f4fdff83cc059071249ae
:10a1ac0018bf073321f0070118bf23f007031d4622
:10a1bc00cb1a3360002a4ff00006c1e9006601603b
:10a1cc007e60ccf80030c5e900133d60d9db97e721
:10a1dc00b412012080120120bc120120c0120120f7
:0ca1ec0074040020b81201206cf4002064
:020000040000fa
:020000040100f9
:10a1f80080b588b000af78600b46fb70fb7803f041
:10a208000303fb60fb68002b03d14ff0ff333b6176
:10a218000fe0fb68012b02d1ff233b6109e0fb68db
:10a22800022b03d14ff6ff733b6102e06ff07f43cf
:10a238003b61fb68002b05d0fa78fb68d31a04331e
:10a24800fb6101e0fb78fb612f4bbb6100237b6165
:10a2580051e0fa78fb68d31a7a699a4222d0b86931
:10a2680007f034ffb8607a687b691344ba68d2b2e1
:10a278001a70bb68190a7b6901337a681344cab239
:10a288001a70bb68190c7b6902337a681344cab226
:10a298001a70bb68190e7b6903337a681344cab213
:10a2a8001a7022e0b86907f011ffb860fb68002b4c
:10a2b80005d07a687b691344ba68d2b21a70fb6811
:10a2c800012b07d9bb68190a7b6901337a681344e3
:10a2d800cab21a70fb68022b07d9bb68190c7b69d4
:10a2e80002337a681344cab21a707b6904337b61fb
:10a2f800bb690433bb617a69fb699a42a9d300bf81
:0ca308002037bd4680bd00bf00020141af
:020000040000fa
:020000040100f9
:10a314002de9f0438a69b2f80160b70b5ffa87fc54
:10a32400c6f3812483b080f801c08470002c39d135
:10a33400131d47b1750658bf0233022f6ad0bcf112
:10a34400030f08bf083334071fd51a78344c02f0c2
:10a35400070282741a78c2f3c102c274d4f8ac2121
:10a36400c3f80120c27c013ad2b2022a09d82d4c8a
:10a37400a25c022a03f105043ed0032a37d0012a45
:10a384002fd0002303768a6943610b7a0374096929
:10a394001378c161891a5a1e521a4276002003b0fa
:10a3a400bde8f083938883804ff000084ff00009e4
:10a3b400022cc0e9028924d0032c02f10603b8d18f
:10a3c4000df1ff3402f10e0e13f8015b04f8015f86
:10a3d4009e45f9d1dde90045c0e90245002fb2d020
:10a3e400a8e7002242615b7903768a69cde744617c
:10a3f400db7903768a69c8e744619b7903768a69c5
:10a40400c3e7d3880024c0e9023402f10803002f13
:10a4140099d08fe7340703f10203b6d595e700bf5f
:08a4240000010020cc1b000127
:020000040000fa
:020000040100f9
:10a42c002de9f04f4ff0864585b02c689df838a08b
:10a43c009df83c6044f00204814690461f462c6017
:10a44c00baf1000f47d14ff20803cde9012700966e
:10a45c001c6836480a460d233549a0470446002897
:10a46c003cd14ff2100342461b683048494698478e
:10a47c0000282cd1102f3e4609eb080528bf1026ca
:10a48c004ff214022b46d2f800b028482946324627
:10a49c00d8473444e4b23b1b3544c0b9102b94bfad
:10a4ac00deb21026a7424ff2240320481ad91b68ab
:10a4bc0098474ff2280350b91b681c4898474ff235
:10a4cc00200320b91b68194898470028d8d0c0b27f
:10a4dc0005b0bde8f08f4ff20c03b6e7e0b205b063
:10a4ec00bde8f08f474409eb0701baf1000f16d114
:10a4fc004ff218030d481b6898470446002cedd109
:10a50c004ff2280309481b6898470028dfd14ff009
:10a51c0086422046136823f002031360d8e74ff2fb
:10a52c001c0302481b6898470446e7e7d008012043
:04a53c0034120120b4
:020000040000fa
:020000040100f9
:10a54000f0b5044685b00f46019206f0fbffa56bff
:10a55000002d57d1019b002b36d002a807f0f6fa48
:10a560003a4e07f0dbfb07f0a7fc06f0ebff94f890
:10a570004430ff2b04bf002384f8443094f8453066
:10a58000ff2b04bf002384f8453007f0c7fb01a967
:10a5900002a802f0dbfde0b906f0d4ffa36b2bbbf1
:10a5a00007f0bcfb019904f1240006f0dbff204614
:10a5b00002f036f9fef788fd88b306f0c3ffa56bfd
:10a5c00005bb019b002bccd107f0a8fb002005b0f8
:10a5d000f0bd204602f024f9fef776fd06f0b2ff4a
:10a5e000a36b002bf0d007f099fbe6e707f096fb92
:10a5f000204602f015f9fef767fd06f0a3ffa56bf4
:10a60000002dded03946204606f0c4fe2369013d08
:10a61000a56363b907f082fb012005b0f0bd4ff0e0
:10a6200080533360bff34f8fbff36f8fc5e704f1e3
:10a63000100000f01dfb0028ecd0044b4ff08052be
:10a640001a60bff34f8fbff36f8fe3e704ed00e0b5
:020000040000fa
:020000040100f9
:10a65000f8b507460e4651b3384b04221b7ff02154
:10a660002c2006f092f9364d2b781bb1334b1a7f14
:10a67000344b1a70012f344c20d8072301220e21ad
:10a680002c2006f082f936b12c4b1a7f2f4b1a7012
:10a690002f4b01221a70012f17d1e378122b3fd9cb
:10a6a00040f2572006f096fa0023e3700de00b46c7
:10a6b0000422f0212c2006f068f9d4e71f4b012278
:10a6c0001b7d0e212c2006f060f9224e0820fbf79e
:10a6d000b9fd306801780139c9b2fef74ffe336821
:10a6e0001d4a1b785b002433dbb282f84730a9781f
:10a6f00001232370cb1a5942594100221920fcf73b
:10a7000009ffa8b107f054fc00f01f0019280fd171
:10a7100094f8230007f0a2fc104b02221a70f8bd37
:10a72000002bd2d0972006f055fa0023e370cce737
:10a730006420bde8f84003f03bbe00bf2c040020bd
:10a74000dc030020531301200804002051130120d2
:10a75000521301204c04002000000141020001417d
:020000040000fa
:020000040100f9
:10a76000f0b53d4cb4f840305b0485b001d405b081
:10a77000f0bd054669465020fff7cef9638a002deb
:10a7800060d1bdf800209a425cd1344d228b6b8998
:10a790009a42ecd0d4e90601d5e90023994208bfda
:10a7a0009042e4d0b42005f003fc04460028ded03b
:10a7b000066805237060337086f8b13002a9f02076
:10a7c000fff7aaf9dde9023106f1a800024606f119
:10a7d000b00700bf02f8013f1b0aba4243ea016317
:10a7e0004fea1121f6d1d5e9003106f1a00200bff0
:10a7f00002f8013f1b0a824243ea01634fea11213a
:10a80000f6d102a95020fff787f9ab7dbdf80810fb
:10a81000a6f89f1046f21832cc21a6f89b2006f12c
:10a820009b0286f89e3086f89d100133b261304657
:10a8300001220221ab7506f01bfd48b9084b01222d
:10a840001a7094e7074a12889a429ed005b0f0bd6c
:10a85000204606f0f9fb8ae740000020e0000020d7
:08a8600010000020940000200c
:020000040000fa
:020000040100f9
:10a8680038b5f7f7bffefdf713fc05f087f807f0da
:10a87800fdfb03f09ff806f093fb05f05bf805f08d
:10a88800d3fb05f023fa0021084602f09ffc0220c2
:10a89800f7f748fe1e4b1f4c1c601f4a1f492048f3
:10a8a800204d214c5a609960d8601d615c611f4a37
:10a8b8001f492048204d214c9a61d96118625d6278
:10a8c8009c621f4a1f492048204d214cda621963b7
:10a8d800204a586320491a640020c3e90e5401f045
:10a8e800ddf91e4c00231422206001211c4803f0ce
:10a8f800a1fe00f091fb1b49002004f0f5fc60600c
:10a9080006f0e8ff06f0c8fabde8384003f034bcaa
:10a91800f0020020151a0101491e01013de600015f
:10a92800551c010121170101f1ff0001691c0101fa
:10a9380005170101fd190101610201012d1c010129
:10a94800411c0101191c0101cd190101e519010181
:10a958006d2001017120010104200101e80200209d
:08a96800e4020020441f01017c
:020000040000fa
:020000040100f9
:10a97000f0b504683b4f6168a268e3683f7889b02e
:10a980000546206802ae0fc6023f20696169012fab
:10a9900003c659d80223bdf818109df81a20237059
:10a9a00084f8ae30a4f8af1084f8b1206946f020e6
:10a9b000fff7b2f8dde9003104f1a500024604f129
:10a9c000ad0600bf02f8013f1b0ab24243ea016331
:10a9d0004fea1121f6d1dde9043104f19d0200bff7
:10a9e00002f8013f1b0a824243ea01634fea112148
:10a9f000f6d11d4e69465020fff78ef8b37dbdf8a5
:10aa0000002084f89b300133b37546f21b30cc2113
:10aa1000a4f89c20002304f19802a4f8980084f87c
:10aa20009a10a26123732946104806f073f9012891
:10aa30000fd00f4b32896281187806f023fd70b178
:10aa400007f0ccf809b0f0bd284606f0fdfa09b0d1
:10aa5000f0bd2946f12003f0bdfd09b0f0bd05f0c1
:10aa600043feede7d6020020e0000020c8020020ef
:04aa7000da020020e6
:020000040000fa
:020000040100f9
:10aa740038b53b4ca37883b323782bb12378022bce
:10aa840002d023780b2b28d1364d2b6873b10023c9
:10aa9400a370354b5b7fa3b9237f93b394f8203025
:10aaa4007bbbe37f6bbb06f0a9fc13e08c2005f0b5
:10aab4007dfa28600028ead10123a37006f012fe73
:10aac4000be00620fbf7bcfb07f070fa00f01f0058
:10aad4000628f6d1002007f0bffa2448437a2bb1a8
:10aae400002107f075fa08b102f036fe2378013b25
:10aaf400092b33d8dfe803f0151a32262e2a323216
:10ab04001e221620fbf79cfb07f050fa00f01f00f2
:10ab14001628f6d10023042210212e2005f065ff0b
:10ab2400d8e70020bde8384001f0b4bfbde83840a4
:10ab340001f0d6bcbde8384003f0fabfbde83840a8
:10ab440003f0debebde8384005f0b0babde83840d9
:10ab540003f02ebabde8384002f002bc38bd00bf95
:10ab640008040020301301202c040020f8030020e6
:020000040000fa
:020000040100f9
:10ab74002de9f04f87b09df844c09df840509df8f2
:10ab84004870bcf1070f3fd8334e344c16f80c60b4
:10ab940014f80c80a0b399b305eb030cb444bcf1d6
:10aba4007f0f2ddcdff8bc901c4699f800309246ec
:10abb400cde904018bb3002a4bd01021504605f097
:10abc40011fb8646c0b9dff8a0c0daf80000daf855
:10abd4000410daf80820daf80c3089f800e0ace860
:10abe4000f0005990097cde901682b4622460131f3
:10abf4000498fff719fc20b1042007b0bde8f08fda
:10ac0400012007b0bde8f08f2cf0070cbcf1f80f61
:10ac1400f6d04ff000080326bce7002ae1d0104a22
:10ac24000af1100ca2f10f0ba64600e002461046f2
:10ac34001cf8014d10f801196140194314bf012398
:10ac440000239345f2d1744689f800300029c8d016
:10ac5400b3e70220d5e700bfc41f0101cc1f0101e7
:0cac64000312012099130120f4110120bb
:020000040000fa
:020000040100f9
:10ac7000c368d9688b6a2de9f041d1e907425d6864
:10ac8000a26001f1180054608542304c08bf5a6040
:10ac90001a682468013a00258d621a60ca6a002c7d
:10aca00046d18b684869cc689c604568cc68dff801
:10acb000b4c063600e1db54202eb8203244d08bf91
:10acc00044609b000468ef1804f1ff3e7c68c0f804
:10acd00000e0a068dcf800e0c8600120904040ea95
:10ace0000e0055f803e0d4f80880ccf80000dff837
:10acf00078c08c600ef10100c8f80460a660dcf832
:10ad000000404f61e85023686bb106f013ffca6a38
:10ad1000104b1b68db6a93423dbf0f4b012018604c
:10ad20000020bde8f0810d4b4ff0ff311960efe7d7
:10ad30000b4bd3e90054a6680e62a668cc610135be
:10ad400070601d60a0608b62e2e700bff01201201e
:10ad5000a80f0120dc120120141301200013012090
:0cad6000b8110120f8120120e0120120bf
:020000040000fa
:020000040100f9
:10ad6c00002962d084462de9f043374a374e384fdc
:10ad7c0000200cf1010e16e09468d568d2f8108012
:10ad8c00631c434528bf00239d4230d075681cf8d6
:10ad9c00008005f00705012d36d007f8048001303e
:10adac008142936023d9736803f00703012be3d12d
:10adbc009568d468d2f810806b1c434528bf0023db
:10adcc009c4214d0d6f804801ef810901cf8104049
:10addc0008f0070844ea0924b8f1010f5ffa84f976
:10adec0019d00130814207f805909360dbd8916847
:10adfc00d36899423cbf12698918cb1a13b1134b13
:10ae0c0001229a75bde8f0836500013507f81480be
:10ae1c0000247c55c3e74fea450808f10108240ad1
:10ae2c0007f8159007f80840b9e7074a08469168f3
:10ae3c00d36899423cbf12698918cb1a1bb1034bda
:10ae4c0001229a75704770475c100120000c00407d
:04ae5c00680c01205d
:020000040000fa
:020000040100f9
:10ae60002de9f0412d4f3b78804603f0ff043bb1c4
:10ae70007b780f2b0cbf812486242046bde8f0810f
:10ae8000274d4ff40066c5f88460bff34f8fbff3c2
:10ae90006f8f244b07221b7880210123152005f09a
:10aea0008dfd10232246ff210e2005f087fdc5f8f9
:10aeb0008460bff34f8fbff36f8f202385f82b3350
:10aec000c5f884616e60184b022219790620fcf7e0
:10aed00021fb50b9234607228021152005f06efd85
:10aee000124b0c221a708524c7e7204607f0b6f8eb
:10aef00004233b700e4bff221a704ff470700d4b01
:10af000000fa08f01c7000f570700b4bc008186058
:10af10000a4b18600a4b1c70afe700bf0804002002
:10af200000e100e00f000141dc0300200e000141c0
:10af30000700014155130120281301202c13012083
:04af40005413012085
:020000040000fa
:020000040100f9
:10af4400f8b5344d6b686c6b9b69984768616b69a5
:10af54002869d5e90a67834298bf03f58033181a34
:10af6400321847f10003c5e90a23002c47d095f8ad
:10af74003030013385f8303004f06efd6c6becb189
:10af8400a368dbb901260ce0e36883b1e06903f050
:10af9400dbfee3680bb1206998476c6b74b1a3685e
:10afa40063b9a378267520466675002becd003f0b0
:10afb4009ffea378002becd16370eae7164f0026be
:10afc4003c4603e00a2e04f1200413d007eb461399
:10afd40000215a7d0136002af4d0a2785975012a3d
:10afe400f0d162689a60204601f0b8fc0a2e04f1a0
:10aff4002004ebd195f83030013b85f8303007f070
:10b004003df8044601f000ff2046bde8f84007f093
:0cb0140037b800bfa0100120280a01205e
:020000040000fa
:020000040100f9
:10b020002de9ff412f4b00211960998001a8cde93e
:10b030000111039105f0c8f905f0f4f820b1852558
:10b04000284604b0bde8f08104f01afa0028f6d1d1
:10b0500005f0d8f905f03aff0028f0d1012005f0fd
:10b06000d1fd05460028ead1dff88c80d8f8003001
:10b07000d8f8042013f1ff3642f1ff374ff0ff33c9
:10b080006ff00202bb4208bfb24221d3164b02f658
:10b090000302c3f88420bff34f8fbff36f8f2021cb
:10b0a00083f82b13c3f884215a6003f027fa8c200d
:10b0b00004f07eff0d4bff2118600d4806f030ffb5
:10b0c0000c4b4ff0a2725a61002283f82120b7e79f
:10b0d000002400bf06f06afd08f804000134082cc3
:10b0e000f8d1c3e7dc03002000e100e030130120c9
:0cb0f000f8030020080400202c040020bd
:020000040000fa
:020000040100f9
:10b0fc0070b4024685b052f8010f516802ab03c31d
:10b10c009df8081059b99df80930039a042b42d0c8
:10b11c00712b25d0012b07d005b070bc70470120d6
:10b12c0005b070bc05f0deb901ab101d12f8011ba7
:10b13c0003f8011b9042f9d10199002302e001337d
:10b14c00202b06d021fa03f2d207f8d51a4a0e3377
:10b15c0013701a4a00217c2005b070bc03f06cbb44
:10b16c00d57d8db1d37aff2b1dd0012302f10806ba
:10b17c0002e0305dff2816d0d8b21946854203f1a3
:10b18c00010303eb4304f4d89df80a10712005b0b9
:10b19c0070bc03f051bb0a4b12781a70012005b039
:10b1ac0070bc04f0dfbf01eb4101064b11441b885e
:10b1bc00cb7201230b73e7e73c030020c41301207f
:08b1cc0038030020d813012014
:020000040000fa
:020000040100f9
:10b1d400f0b5334b1d88ac0bc5f3812683b0024612
:10b1e400e7b206b30188d980022e20d0032e00f1e5
:10b1f400020c41d06246022064b169065abf023093
:10b2040032f8021bd988598258bfc0b2022c2ad006
:10b21400032f17d0da781f74053a121a5e7183f877
:10b224003c2003b0f0bd3046002cf3d0e5e700200d
:10b234000021c3e902015188198104320420002c41
:10b24400e8d0dae70df1ff3102f1080512f8014bfd
:10b2540001f8014f9542f9d1dde900450830c3e911
:10b264000645c0b2d6e700240025c3e906450230ee
:10b2740012881a83c0b2cde70a320df1ff3100bf44
:10b284001cf801eb01f801ef9445f9d1dde9000167
:10b294006246c3e902010a20002cbbd0ade700bf1f
:04b2a4004000002046
:020000040000fa
:020000040100f9
:10b2a8002de9f04103689d6882b00446002d32d034
:10b2b8002a492b4a097812780a430bd04ff22122e7
:10b2c80001461a80274805f021fd02b0bde8f0418b
:10b2d80006f080bc06f092fc012002f0a1fe224f8d
:10b2e800224b8046012238781a7006f0c7f810bb46
:10b2f80000261f4b38782901cde90066324601f057
:10b30800a9ff2368d8b9b8f1160f14bf4ff221224c
:10b3180021222146d5e7284603f0bcfc23681148c2
:10b328004ff0210221461a8005f0f0fc02b0bde87a
:10b33800f04106f04fbc387805f06efed8e74ef6bf
:10b34800210221461a80074805f0e0fc06f042fc7d
:10b35800304602b0bde8f04103f09cbc3d0000203f
:10b368002800002000000020d90200203000002022
:04b378009dec000147
:020000040000fa
:020000040100f9
:10b37c0030b58bb005f062fe2b4b1b78012b3cd902
:10b38c002a4c237c022b3ad0032b36d1284b00932a
:10b39c0004f1180301936946264806f019fe0028ab
:10b3ac0033d00568628aab699b889a422dd1012300
:10b3bc00686069462b731f4806f00afe20b1aa6923
:10b3cc00537843f010035370ab695b781b070bd5b4
:10b3dc002022002102a806f0ebfc294602a8fef769
:10b3ec0093ff9df81a30a3b900220221284605f0dc
:10b3fc0039ffa8b9104b01221a700bb030bd0f4b9e
:10b40c00009304f118030193c5e7fef75bf80bb04a
:10b41c0030bd02aa29692846fcf74efd0028e3d06e
:10b42c0000232b730bb030bdd6020020400000204f
:10b43c0075e70001c802002010000020850a0101f8
:020000040000fa
:020000040100f9
:10b44c0090b484b000af0446084611461a46234611
:10b45c00fb710346bb710b467b7113467b80fb79fa
:10b46c0003f1824303f5b0331b88fb81ba797b79f6
:10b47c00d31a0133012202fa03f35a1e7b7902fa22
:10b48c0003f31bb2db431ab2b7f90e3013401bb2f5
:10b49c00fb817a887b7902fa03f31ab2b7f90e3082
:10b4ac0013431bb2fb81fb7903f1824303f5b033e9
:10b4bc001a46fb89138000bf1037bd4690bc7047fd
:10b4cc0080b485b000af0346fb710b46bb711346cd
:10b4dc007b71fb7903f1824303f5b0331b88fb814d
:10b4ec00fa89b9797b79cb1a0133012101fa03f37b
:10b4fc00591e7b7901fa03f31a407b7942fa03f364
:10b50c00bb81bb8918461437bd465df8047b704778
:020000040000fa
:020000040100f9
:10b51c0038b5314b0a221a74012440f20a2202284f
:10b52c0005465c74a3f819203ad003d8f8b100246e
:10b53c00204638bd10284cd01128f8d10323002206
:10b54c0007210c2005f002fa002302220421172007
:10b55c0005f0fcf92346052220210c2005f0f6f914
:10b56c00234600220f21152005f0f0f9e0e70346f1
:10b57c00024607210c2005f0e9f92b460222042192
:10b58c00172005f0e3f92b46052220210c2005f0ad
:10b59c00ddf92b462a460f21152005f0d7f9c7e710
:10b5ac002346002207210c2005f0d0f900230222ab
:10b5bc000421172005f0caf90023052220210c20b4
:10b5cc0005f0c4f900231a460f21152005f0bef929
:0cb5dc00aee70223e5e700bf2c040020ce
:020000040000fa
:020000040100f9
:10b5e80053ec102bc3f30a512de9f04140f2fd70e2
:10b5f8004e1e86421d4645d8a1f2ff30002835db95
:10b60800332831dc284bc0f120084ff0ff3c03fa07
:10b6180008f2a1f21f412cfa00fc10ee104a4cea85
:10b62800020c23fa01f24cea020c23fa00fe04eaa7
:10b638000c0605ea0e0724ea0c0256ea070425ea76
:10b648000e030fd0002a73f100040bda4ff48015b3
:10b6580005fa08f425fa01f10c43121925fa00f04d
:10b6680040eb030343ec102bbde8f081002a73f193
:10b67800000303db9fed080bbde8f0819fed080b8d
:10b68800bde8f0810029efd10a4603f0004343ecfe
:10b69800102be9e7aff30080000000000000000075
:0cb6a800000000000000f0bfffff0f00da
:020000040000fa
:020000040100f9
:10b6b400f8b5244b2449254a254f264edff8b4c05b
:10b6c40000241c70244b0c7014702449244a3c70d0
:10b6d40034704ff0ff374ff0ff36c3e9006705467b
:10b6e40020468cf800400c70147002f09bfc06f0ad
:10b6f400c3fa064604f03afc304606f0c7fa05b928
:10b70400f8bd184d184beb6001222c822a76ec749c
:10b7140006f04afa154ba87440f201620020002199
:10b72400ab60aa82c5e9000106f03efa104ba87589
:10b7340083f8ac4083f8aa41ec75a3f8a041c3f8a0
:10b74400ac41f8bd28000020d6020020d50200201c
:10b75400110000203d00002020000020d402002021
:10b7640030000020e0000020c2070078f401ffff51
:08b7740000010020100000207c
:020000040000fa
:020000040100f9
:10b77c00f8b52c4d2c4c2b7e5b074bd5ae6aa36acf
:10b78c00206be16a0133834228bf0023994227d002
:10b79c00e16a9942efd06a6802f00702012af1b21d
:10b7ac002cd0a26a21488154a36294f83430002b27
:10b7bc00e1d0e36aa26a934284bf216b5218d31a78
:10b7cc00226a002ad7d0616a94f83c2002f0ff006c
:10b7dc000ab3a26b9a42ced8236a00209847cae7d4
:10b7ec00226a002ad4d0616a236a01209847a36a8e
:10b7fc00226b0133934228bf0023c9e7d4f828c039
:10b80c000a4f4fea4c000130c6f3072207f81c1010
:10b81c003a54c9e7f8bda26b9342acd1236a98475e
:10b82c00a9e700bf000c00405c100120680b012050
:020000040000fa
:020000040100f9
:10b83c002b4bf0b51b681c6883b0636004f1a90541
:10b84c0068b32346072203f8b12b082784f8b120ec
:10b85c004ff0030c0a26ff22224903f8022c03f8ae
:10b86c00012c03f8042c03f8032c8a7d501c8875da
:10b87c0003f8052c03f807cc03f8067c03f8086cd6
:10b88c0020460022a561022105f0ecfc20b9164be4
:10b89c000120187003b0f0bd002003b0f0bd0623ea
:10b8ac00237084f8b1306946f020fef72ff9dde9fa
:10b8bc00003104f1a80204f1b00000bf02f8013f0e
:10b8cc001b0a904243ea01634fea1121f6d12b4641
:10b8dc00c82704f1a1054ff0430c1226bbe700bfab
:0cb8ec00dc000020e00000201000002024
:020000040000fa
:020000040100f9
:10b8f80030b5024685b052f8010f516802ab03c358
:10b9080022499df80820002002f06efc9df80940ad
:10b918004cb1f12c26d0f02c1dd0e92c31d0e12ce3
:10b9280031d005b030bd204619491a4d05f0eef862
:10b93800194b286880229a6306f0e0f8c8b92c6889
:10b9480006f008fb0023024600932046012104f07c
:10b9580045fa05b030bd1149002005b0bde83040ba
:10b9680005f0d4b80e49002005b0bde8304005f018
:10b97800cdb80094234622460321286804f02efa05
:10b98800dde70849e8e70849e6e700bfe4140101f4
:10b9980064d60001a0120120002a004488d60001c4
:0cb9a80070d60001a0d60001c0d600013e
:020000040000fa
:020000040100f9
:10b9b4002de9f843264a274b274c284d2d68176854
:10b9c400d3f80080226823684ff0000c064682f802
:10b9d40051c0181d894605f099fb40b923682049d8
:10b9e400d86a0b680122824023ea02030b60731cad
:10b9f40015d023682168ad195d600ad23846043138
:10ba040004f08eff174b1a68aa4288bf1d60bde878
:10ba1400f88340460431bde8f84304f081bfb9f12e
:10ba2400000fe6d0104b25685a6821689068266894
:10ba3400aa60c860186821689568276804360431cc
:10ba440001306e60186091607b61bde8f88300bfcf
:10ba5400e0120120e4120120dc1201201013012065
:0cba6400f812012000130120cc11012079
:020000040000fa
:020000040100f9
:10ba700030b32de9f0412a4cc36a2268d26a93425e
:10ba800015d28269002a04db2268d26ac2f105025b
:10ba90008261244d426903eb830305eb83039a42e1
:10baa0000fd02368db6ac3620120bde8f081236800
:10bab000406cdb6a98422cbf00200120bde8f08179
:10bac0007047071d0646384605f022fbdff858c0d0
:10bad00040b9f16adcf8003001228a4023ea02030f
:10bae000ccf800302368dcf80080db6af36203ebfb
:10baf00083029200ac1855f802e06168b160886872
:10bb0000f06088684760012000fa03f3864443ea46
:10bb100008038f60ccf80030746145f802e0cde78f
:0cbb2000dc120120a80f0120f812012007
:020000040000fa
:020000040100f9
:10bb2c0010b52a4b2a4a997b1170d97b517029493f
:10bb3c0002321c4613f8010b02f8010b8a42f9d1b0
:10bb4c00254b227b1a70627b03f8012f6021a37caa
:10bb5c000522082004f0fafe637d00220f212f201d
:10bb6c0004f0f4fea37d032208212e2004f0eefe47
:10bb7c00e37e0422f0212f2004f0e8fe207efff764
:10bb8c00c7fc0022e37c1f21082004f0dffee37ccd
:10bb9c000a3b03eb83035b004ff6fe7119400f2049
:10bbac0002f090fbe07d02f0c5f9002203460f2164
:10bbbc00052004f0cbfe637f3bb10620faf73cfb7b
:10bbcc000020bde8104006f043ba10bd2c04002044
:0cbbdc00220001412c0001412000014129
:020000040000fa
:020000040100f9
:10bbe80010b52b4cff2184f8411094f8422002f044
:10bbf800800242f07a0284f84220102284f845102c
:10bc080084f84820212284f84920012284f84a2017
:10bc1800022284f84c20227942f040022271e27d0f
:10bc280042f08802e2751b4a118a41f420411182d0
:10bc3800518a89b25182227a42f060022272082225
:10bc4800a270637803f01f03082bfad106f0acf951
:10bc5800114b58700723e37094f82e3043f0a0037b
:10bc680084f82e300023a3730c23a373637a43f064
:10bc780007036372237b43f08003237394f82f3008
:10bc880043f0030384f82f303623637610bd00bfda
:0cbc9800000001410050014108040020a0
:020000040000fa
:020000040100f9
:10bca40000294ed000284cd12de9f843264c0646f5
:10bcb40004f138000d4605f03ffd012803d04ff094
:10bcc400ff30bde8f8832b686360db68984707465c
:10bcd400e8201e4ae7600023a7fb000104f0a8ff48
:10bce4006368297984f8306002304ff6ff7247f6b2
:10bcf400ff754ff000084ff000091b6826612062b1
:10bd04002172e561a26166633146c4e90a8910487b
:10bd1400984763681a6912b1208b90476368e06999
:10bd24005b6980b2984763685b6898474ff4a07278
:10bd34000021084806f040f8022303482370bde8b8
:10bd4400f8834ff0ff307047a01001200020a107b6
:08bd540045af0001280a01209f
:020000040000fa
:020000040100f9
:10bd5c002de9f0410246274b52f8016f03f16001c7
:10bd6c0057689c461a4600bfb2f80080b8f1000f25
:10bd7c0005d0d2e90245af4208bfa6422cd01832fa
:10bd8c008a42f1d100211c884a1c18331ffa82f810
:10bd9c0074b1042a1146f6d1174d012430463946a8
:10bdac0023462c704ff6ff72bde8f04103f08abbbe
:10bdbc0001eb4101114d437ab5f800e0c900204672
:10bdcc002cf8018061440ef10104c1e902670b7487
:10bddc000b492c8002f006fa0a4b074d01245c63d8
:10bdec00002442463046394623462c70bde8f041cb
:10bdfc0003f068bb40030020dc1301203a03002051
:08be0c00d41a0101002d0044cd
:020000040000fa
:020000040100f9
:10be14000a2d2d2d427574746f6e205072657373e4
:10be240065642d2d2d0000002d52656365697665ce
:10be34006420556e696361737420446174612d00dc
:10be44000a4275666665722066756c6c00000000b7
:10be54002d52656365697665642042726f6164631f
:10be640061737420446174612d0000000a42726f92
:10be74006164636173742064617461203a20517554
:10be8400657565206461746120666f7220616c6cf5
:10be94002064657669636573200000000a556e6945
:10bea400636173742064617461203a5175657565ca
:10beb400206461746120666f7220646576696365cd
:08bec40020257520000000bfdd
:020000040000fa
:020000040100f9
:10becc0030b5294d294c83b02b7edb0738d5a268c1
:10bedc00e3689a4236d0696801f00701012903f141
:10beec00010233d02249cb5c8df806302169bdf8b4
:10befc0006308a4228bf0022e2606a6802f007021c
:10bf0c00012a18bfdbb2ab62237d002bdcd0226987
:10bf1c00a168e36899423cbf20690918cb1a2168d3
:10bf2c000029d1d06168207f013ad31aa269c0b12f
:10bf3c009342c9d32368032098472b7edb07c6d4d2
:10bf4c0003b030bd01232b7503b030bd5900084838
:10bf5c00013110f81330415c8df807108df8063064
:10bf6c00c4e79342b0d1e5e7000c00405c1001201f
:04bf7c00680c01202c
:020000040000fa
:020000040100f9
:10bf80002de9f8439500074628460e469846fef7e9
:10bf9000a5f8002844d081465420fef79ff80446b7
:10bfa000002841d05422002105f008ff2a46c4f899
:10bfb00030904846a52105f001ff236b043d1d4448
:10bfc00025f0070576b1731e04f133010f3600bf6b
:10bfd00013f8012f01f8012f0ab1b342f8d1002361
:10bfe00084f84330089e042e28bf0426e662666467
:10bff000201d06f013f8c6f1050604f1180006f03e
:10c000000df8a6612461646242463946284604f070
:10c010001bff099b206003b11c602046bde8f8832c
:10c0200004462046bde8f883484600f0cffd204690
:04c03000bde8f883ec
:020000040000fa
:020000040100f9
:10c03400830644bf404200f01f0027494abf4042e4
:10c0440000f03f0343b291f91b009842a8bf184681
:10c0540091f8223043b1214a92f91f30834208dc1f
:10c06400897e401a40b204e01d4a92f90f3083429f
:10c07400f6dd92f9002082420edb83421bdd13f1d0
:10c08400200f25db1f2b25dc002bbabf03f01f007c
:10c0940040f02000d8b20be012f1200f18db1f2a69
:10c0a40018dc002ababf02f01f0040f02000d0b212
:10c0b40040f08000704710f1200f09db1f2809dcd5
:10c0c4000028babf00f01f0040f02000c0b2efe724
:10c0d4002020ede71f20ebe708040020791301205e
:04c0e400b413012070
:020000040000fa
:020000040100f9
:10c0e800f8b5224e224d0746306804f0a9ff214bcf
:10c0f800214819680b6800241b2234601a80032227
:10c108009a705c601c7204f001fe1c4b1c7005f0f8
:10c1180085fa384604f094ff05f14001502004f0f8
:10c12800c5fcb5f846204ff6ff739a4204d005f1d6
:10c138004601532004f0bafc2b88114ab5f8421086
:10c148005181db040cd40f49002004f0affc002817
:10c1580018bf852001f006fabde8f84005f03abda1
:10c168000949042004f0a2fcede700bfdc00002030
:10c17800400000202c0000200000002028000020a3
:0cc18800e000002084000020880000205f
:020000040000fa
:020000040100f9
:10c1940080b485b000af0346fb71fb791b0443f008
:10c1a4008072134b1a604ff48073fb6000e000bf91
:10c1b400fb685a1efa60002bf9d10d4b5b6803f043
:10c1c4008003002b01d100230ce0094b5b681b0aa0
:10c1d400dab2fb799a4201d0002303e0044b5b6896
:10c1e4001b0c9bb218461437bd465df8047b7047a0
:10c1f400003e014480b483b000af03463960fb7154
:10c20400fb791b0419460c4a3b680b43136000bfbf
:10c21400094b5b6803f08003002bf9d100bf064b88
:10c224005b6803f08003002bf9d000bf0c37bd46d8
:0cc234005df8047b704700bf003e014431
:020000040000fa
:020000040100f9
:10c24000882910b536d012dc812943d003dc80293f
:10c2500040d0002010bd82290ed08429f9d1196860
:10c2600002b30a1d1a60b1f90020d3171ee0a029fd
:10c270002bd00bdc9029ecd11968073121f0070194
:10c2800001f108021a60d1e900230fe0c02901d0b2
:10c29000f029ded11a68111d1960136803600023ac
:10c2a000436005e00a1d1a600a880023c0e90023e4
:10c2b0000120cfe7196822b10a1d1a6091f9002008
:10c2c000d3e70a1d1a600a78efe71a68111d196092
:10c2d0001268cae719681ab10a1d1a600a68c4e729
:0cc2e0000c1d1c600b68c0e90032e1e797
:020000040000fa
:020000040100f9
:10c2ec002de9f043214c94f8426083b004f0a6fe93
:10c2fc002ebb04f14001532004f0d6fb1c491d4b0e
:10c30c0008781d4fb4f84050d4e90689c3e9008978
:10c31c001a4b012203283a701e7023d0184b19486f
:10c32c0019680b6814221e715d801a7004f0ecfc05
:10c33c0005f04efc05f070f903b0bde8f0830f4b2f
:10c34c0000224ff6ff750df1060150201a70adf862
:10c35c00065004f0a9fb074b00200021c3e90001a3
:10c36c005d81dbe702230b70d8e700bf40000020a3
:10c37c0011000020e0000020d60200203d0000202b
:08c38c002c000020000000203d
:020000040000fa
:020000040100f9
:10c3940070b5204d204c2e78607204f108021d23e4
:10c3a40082b022602372feb11c491d4a1d4b0988cc
:10c3b40012781b7861812273637317491a4804f059
:10c3c400a7fc1a4b1b78012b06d9194b00221a70b3
:10c3d40005f002fc02b070bd164b2a781b7813439b
:10c3e400f3d105f01df9f0e769465020fdf792fb03
:10c3f400bdf80030638169463046fdf78bfb9df83c
:10c404000030237369460420fdf784fb9df8003057
:10c414006373d2e728000020181201209400002042
:10c424003c000020d800002000000020d60200209c
:08c43400110000203d00002072
:020000040000fa
:020000040100f9
:10c43c0048b1426cc36a914238bf11468b4202d05c
:10c44c00826c012a00d0704782692de9f041204da1
:10c45c00c162002a03eb83034269a8bfc1f1050145
:10c46c0005eb8303a8bf81619a4201d0bde8f0813e
:10c47c00071d0446384604f045fee8b1e36adff8d0
:10c48c0054c00121994003eb83039b0005eb030e81
:10c49c00ee58def80420dcf800809068e0609068cc
:10c4ac00a260013641ea08014760ccf800109760a1
:10c4bc00c4f814e0ee50d9e7dff818c0e36adcf8f2
:10c4cc0000200121994022ea0102ccf80020dae791
:08c4dc00a80f0120f812012055
:020000040000fa
:020000040100f9
:10c4e40038b5244c00232370e37ca179072b96bf35
:10c4f400214a8523d35c02291dd0204a10780228c2
:10c5040019d0012919d01278012a08bf8423e27fa7
:10c5140012b10023e3778c23607f58b9a27f1849b6
:10c524006ab909681846faf7b5fb00232377a3779d
:10c5340084f8203038bd8323e9e78423e7e7237fa9
:10c544008bb194f8203073b10e4d09682a6832b16a
:10c5540003f0a9f92b68186804f074fde5e78c2052
:10c5640003f0a1f9e1e700220968104603f09bf902
:10c57400dbe700bf0804002024200101f0030020b1
:08c584000404002070040020f3
:020000040000fa
:020000040100f9
:10c58c002de9f041d2e900230c4686b007465fea5c
:10c59c00d37820684968a5680590e66841d0524276
:10c5ac0063eb4303002908db20f002000590b8f18f
:10c5bc00000f02d1059948072ad5691e05a80290db
:10c5cc000a20cde90010204601f0e2fab8f1000f84
:10c5dc0002d1059b59071fd5b8f1000f00f1ff30b0
:10c5ec0014bf2d232b2333542269059b0093013a4e
:10c5fc002b46121a3118384600f0f0fe7b68db052a
:10c60c0003d563689842b8bf184606b0bde8f08100
:10c61c000807d2d42946d1e71a07e5d501382023db
:08c62c00e1e70029c0dac5e7cf
:020000040000fa
:020000040100f9
:10c63400cb7c013bdbb2022b70b50546887c29d844
:10c64400224ce45c0534e4b2072803d804f0befcb1
:10c654000444e4b22b681e4e1b1b2b601078044468
:10c664001470cb7c8a7c2868db0002f0070203f09c
:10c67400180313430370d6f8ac315a1c18d0c0f811
:10c684000130cb7c012b07d0022b09d0032b11d016
:10c69400002070bd0524d7e70b7e4371002070bdd8
:10c6a4004b691b68c0f805300b7e4372002070bdd7
:10c6b400db2070bd4b691a685b68c0f80930c0f8ac
:10c6c40005200b7e4373002070bd00bfcc1b00010e
:04c6d4000001002041
:020000040000fa
:020000040100f9
:10c6d8002de9f04f83b0762a9df830509df834b09c
:10c6e8009df838a09df840909df8448003d900201b
:10c6f80003b0bde8f08f0646b420cde900311446fa
:10c7080003f052fc07460028f1d0006801994670f2
:10c71800032303700b788370023b4a888280012bc5
:10c728009cbfd1e90223c0e902230f9a4261c4f1f8
:10c73800b203057480f811b080f812a080f8139045
:10c7480080f81880447600991844224605f07ef84f
:10c758003946074804f0dafa28b905f03bfa01200f
:10c7680003b0bde8f08f384604f06afcbfe700bfad
:04c778001400002089
:020000040000fa
:020000040100f9
:10c77c0070b505468ab055f8010f6968aa68eb6870
:10c78c0003ac0fc428696969aa69039b07c41a8999
:10c79c001b49002001f026fd9df8145075b1069c34
:10c7ac00184e013d54fa85f5013c00bf14f8012fd9
:10c7bc003146002001f016fdac42f7d100201249a1
:10c7cc00124c04f0a1f9124b20684ff480629a636a
:10c7dc0005f092f958b9246805f0bafb002302461b
:10c7ec0000932046012103f0f7fa0ab070bd002334
:10c7fc0000931a460321206803f0eefaebe700bf22
:10c80c00f41c0101102001010c200101a4120120d3
:04c81c00002b0044a9
:020000040000fa
:020000040100f9
:10c8200070b5054604f08efe95f8454064b2002cc4
:10c830001bdd05f1240606e002f0e0fa70b9013cc8
:10c84000e3b25cb28bb1ab6c2846002bf4d16b6abf
:10c85000304653b1fef70cfa0028f0d0013c05f049
:10c8600089fbe3b25cb2002bedd1ff2385f84530a4
:10c8700005f054fa04f066fe95f8444064b2002cca
:10c8800016dd2b69a3b105f1100605e0013ce3b20a
:10c890005cb26bb12b695bb13046fef7e9f9002859
:10c8a000f4d0013c05f066fbe3b25cb2002bf1d1a1
:10c8b000ff2385f84430bde8704005f02fba00bf73
:020000040000fa
:020000040100f9
:10c8c000f8b5234c2378054603f0ff06002b3cd136
:10c8d00004f096ff0f2801d104f02efc6b681d4d6b
:10c8e000012767772b601b78013be370042200234c
:10c8f000f0212c2004f049f807233a460e212c2081
:10c9000004f043f803202770f9f79cfc28680178ad
:10c910000139c9b2fcf732fd2b680f4a1b78bb40c6
:10c920002433dbb282f84730002211460920faf79f
:10c93000f1fd40b105f03cfb00f01f00092802d1d9
:10c94000064b02221a703046f8bd8626fbe700bf70
:10c95000080400204c0400200000014102000141b5
:020000040000fa
:020000040100f9
:10c96000002843d02de9f043dff88ce0d0f808c070
:10c97000def834307bb3e0464ff00009002100249c
:10c98000002500e013469a68a61845f10007b9454e
:10c9900008bfb04516d399689a69641845f1000537
:10c9a0001946002aeed1826198618369aceb0404d8
:10c9b0008460e3b1002280689968091a9960104682
:10c9c000bde8f08379b9aceb0404cef83400012261
:10c9d00084608361efe70122c0f808c0cef834001c
:10c9e0001046bde8f0838a690b46dce770471a46bb
:0cc9f0001046bde8f08300bfa01001203d
:020000040000fa
:020000040100f9
:10c9fc002de9f84381460d4617461e469df82080ca
:10ca0c0003f0a8fd002836d01d4b93f90030022b03
:10ca1c0006d04ff0ff3404f039fb2046bde8f88314
:10ca2c00002df6d04d45f4d3164b002404e0013410
:10ca3c000a2c03f12003ecd01a78002af7d1124803
:10ca4c001a75b0f800c05a750cf10101a5eb09027a
:10ca5c0089b29a604ff6ff72914208bf012144eaf5
:10ca6c000c44012283f802805d60c3e90376dc612b
:10ca7c0001801a80cfe74ff0ff342046bde8f883e1
:0cca8c00a0100120280a01209a130120ac
:020000040000fa
:020000040100f9
:10ca9800f8b5204f204d3b78002b32d01f4c23781f
:10caa8007bb3eb7c052b2cd11d4e33784bb31d4b40
:10cab800997801232b70cb1a594259410022192029
:10cac800faf724fd68b105f06ffa00f01f00192885
:10cad80007d195f8230005f0bdfa134b02221a700e
:10cae800f8bd237813b1642001f05efc3378013b74
:10caf80033702378013bdbb22370002bf0d13b70fd
:10cb0800eee702232b700123ab700020bde8f8404c
:10cb180004f0e6bd5213012008040020511301203f
:0ccb280053130120dc0300200200014137
:020000040000fa
:020000040100f9
:10cb34002de9f843eff311864ff0200484f31188b4
:10cb4400bff36f8fbff34f8f856bc46ba54206d3c2
:10cb5400022b04d0002086f31188bde8f88390f8f6
:10cb64004550d0f8389017466db21a469846044698
:10cb740000f05eff6b1c0fd1a36cd3b1b8f1020fb0
:10cb840002d1b9f1000f0fd1204602f035f958b1a6
:10cb940057b101203860dee705f0e4f9854203d29d
:10cba40001356db284f84550012086f31188bde843
:10cbb400f883636a002bf7d004f12400fef756f8db
:08cbc4000028e5d1f0e700bff5
:020000040000fa
:020000040100f9
:10cbcc0040b138b550f8043c002b02da50f8082c70
:10cbdc000ab138bd704723f0004340f8043c0446ca
:10cbec0005f064f9174854f8041c0368164a0b4402
:10cbfc000360a4f1080000e01a4613689842fbd8c1
:10cc0c0054681519a84218d04418a3420bd00360dd
:10cc1c00824218bf10600d4a136801331360bde8df
:10cc2c003840fcf74bba0a4c2468a342efd0d3e946
:10cc3c000034214403604160eae72144516010460e
:10cc4c00e2e700bfb812012080120120c4120120bb
:04cc5c00b4120120ed
:020000040000fa
:020000040100f9
:10cc600070b582b01e4b1f480093694600230446ee
:10cc7000019305f0b3f91c4b00932646f025694655
:10cc8000304605f0a7f9014688b103681a78032aef
:10cc90001ed00e2a0fd0022af1d1f02001f09afc0a
:10cca0006946304605f096f901460028edd1637ad1
:10ccb00093b902b070bd1a7a5a7010200022187011
:10ccc0009d705a60094804f025f804f087ffd6e704
:10ccd000f021fdf775f9d2e703f006fd02b070bd53
:10cce000f91d0101c8020020f11b01010000002014
:020000040000fa
:020000040100f9
:10ccf000b5440001c585000171a900011952000168
:10cd000001f20001e17c0001b9040101adf800016c
:10cd10001d0701013dd00001a9b20001a98a00014f
:10cd2000000000002592000191e4000100000000d5
:10cd30004116010171dd0001251901015d16010196
:10cd40003d19010179160101e50a0101910c01016a
:10cd5000000000000000000055190101bd0c010198
:10cd6000f5f80001391e0101651401019516010154
:10cd7000851901019d190101b51901016d19010103
:020000040000fa
:020000040100f9
:10cd800010b51a4a937d013384b09375c0b9184b1e
:10cd90001b78022b0cd0d189164c174b207800221f
:10cda0000901cde9002200f059faa8b904b010bd7c
:10cdb000124b1b784ff47071994001f57071ebe7dd
:10cdc0000f4a10491378104809680078013313702e
:10cdd000fbf7cefc04b010bd23788df80f300df1b9
:10cde0000f0003f0a5f804b010bd00bfe000002064
:10cdf00028000020d802002031ff00012612012067
:0cce00002e1101202c0000202712012020
:020000040000fa
:020000040100f9
:10ce0c002de9d04f204c636b626922611bb19a688b
:10ce1c00b2f5004f30d3636947f6ff76002716eb67
:10ce2c00030a47f1000b63689b69984721698142ab
:10ce3c0082b24ff0000306d94ff6ff7152184ff033
:10ce4c00000141eb0303216a12eb010843f10009d5
:10ce5c00cb4508bfc2453abf5218e261c4f81ca0ca
:10ce6c00e3699bb20bb90123e361e069636880b2ab
:10ce7c005b69bde8d04f18479e686369002716ebc5
:0cce8c00030a47f1000bcee7a0100120c4
:020000040000fa
:020000040100f9
:10ce980030b3c36b13b370b5056ca5fb0335002322
:10cea800002d36d104460e4604f048fbd4e90f3273
:10ceb8002168a56303fb02f39a1aff200a440b4476
:10cec80084f84400c4e90232616084f84500beb9c0
:10ced800236933b904f01eff012070bd184670475e
:10cee800704704f11000fdf7bffe0028f2d00a4b8e
:10cef8004ff080521a60bff34f8fbff36f8fe9e78f
:10cf080004f1100004f006fe04f1240004f002fe0f
:0ccf1800e0e7184670bd00bf04ed00e02b
:020000040000fa
:020000040100f9
:10cf24001d4b1b681bb11d4b01221a6070471b4a25
:10cf340010b51b4c136023681b6b1a68b2f1a53f34
:10cf440003d15a68b2f1a53f1dd02168206834315d
:10cf540004f0b0fe134b1b68b3fa83f3dbb2c3f1e6
:10cf64001f03114a03eb83039b00d0180833416865
:10cf7400496841601344994204bfc1684160cb6869
:10cf84002360236810bd9a68b2f1a53fddd1db6848
:10cf9400b3f1a53fd9d1dde7f0120120141301202c
:0ccfa400dc120120f8120120a80f01206f
:020000040000fa
:020000040100f9
:10cfb00038b1836cc16a426c013b9142836400d0fa
:10cfc0000bb1002070472de9f04100f10408044640
:10cfd000404604f09df8174d30b9e16a2b680122f4
:10cfe0008a4023ea02032b60636c134ee36203eb77
:10cff0008302920006eb020cc3f10500dcf804107a
:10d00000a1608f68e760d1f808e0b758a061cef85a
:10d0100004800120d5f800e0c1f8088000fa03f38d
:10d02000074443ea0e03c4f814c02b60b750bde8b0
:0cd03000f08100bff8120120a80f0120c1
:020000040000fa
:020000040100f9
:10d03c001a4b1b78012b70b5054604682ad064780e
:10d04c00003418bf0124204601f05afb0646204646
:10d05c00fef72afb124bdb7d23b9124b1b780bb965
:10d06c0004f0dcfe104804f00ff9104804f00cf941
:10d07c000f4804f009f90f4804f006f92b680c4826
:10d08c005e70202229461a7003f03efebde8704007
:10d09c0004f09ebd04f034fcd1e700bfd5020020a3
:10d0ac00e00000203000002014000020cc00002004
:08d0bc0000000020c802002062
:020000040000fa
:020000040100f9
:10d0c40008b5194b9847194b9847eff3108172b67e
:10d0d400174ad2f8883043f47003c2f88830bff39b
:10d0e4004f8fbff36f8f01b962b6124a936823f072
:10d0f400010393601346da6812f0010ffbd10d4b64
:10d1040024225a6001229a6003f098fa0a4b23f011
:10d114007f03074a9360094b9847094b9847094b8b
:10d12400984704f0cffefee7137500011375000164
:10d1340000ed00e0002000410002000191eb00013d
:08d144001375000113750001d1
:020000040000fa
:020000040100f9
:10d14c00f8b50e4605461d4c04f0f6f91c4a21684c
:10d15c00136893f8513043b11368002283f85120bf
:10d16c00012404f0d5fd2046f8bd3268501c20d0b7
:10d17c00dff850c0d5e90003dcf80070b84208d0e5
:10d18c008b4206d800233360012404f0c1fd2046f5
:10d19c00f8bdcf1aba42f5d9521a1a44dcf800106d
:10d1ac00236832600024c5e9001304f0b1fd204669
:10d1bc00f8bd1c4604f0acfd2046f8bd1013012050
:08d1cc00dc1201200413012014
:020000040000fa
:020000040100f9
:10d1d40038b505460c46f8f743fdf3f7e3fc054b79
:10d1e40005481d80054b0c221c801421bde83840e5
:10d1f40004f086ba501101201813012052110120a5
:10d2040030b5044685b00d46ac4201d905b030bdf9
:10d2140069462046f5f7e0fbd8b1bdf8021041b9e4
:10d224004ff0200383f31188bff36f8fbff34f8f49
:10d23400fee700222046f3f769fd10f0fd0f08d049
:10d244004ff0200383f31188bff36f8fbff34f8f29
:08d25400fee70134a4b2d7e7a4
:020000040000fa
:020000040100f9
:10d25c002de9f0431d4d83b004469df82c901f46dc
:10d26c0005eb00182abb0846164604f099fa43460b
:10d27c000146cdf800903046154a04f01df90346de
:10d28c005a1c4fea04140dd018462b5100f0a4fd83
:10d29c002b190a9a5f609a6020b901221a7303b0a5
:10d2ac00bde8f0832c4400231420237303b0bde8a5
:10d2bc00f083084604f074fa4346cdf80090044a13
:10d2cc00002104f0f9f80346dae700bf080f01204b
:04d2dc0009f0000154
:020000040000fa
:020000040100f9
:10d2e0002de9f0431c4deb6aaf6a59b3bb4208bf4e
:10d2f000002128d0194edff868c0002400f1ff3e5d
:10d300000be0f35c0ef804302b6b984534bf4346ba
:10d3100000238c4216d0bb4219d0dcf8042002f066
:10d320000702012a04f1010403f10108e9d1821e78
:10d3300016f8139002f814905b000133f35c0ef8ba
:10d340001430e1e71f46ef620846bde8f08321464e
:10d35000ef620846bde8f0835c100120680b0120f5
:04d36000000c00407d
:020000040000fa
:020000040100f9
:10d3640038b5072200238021152003f025fb184b34
:10d374000c221a70174b02f2f472c3f88420bff324
:10d384004f8fbff36f8f202183f82b13c3f88421b1
:10d394005a60114c002516202570f8f751ff2846d5
:10d3a40004f05afea1790d4b022903d00c4a1078df
:10d3b400022806d1ff221a701878bde8384002f01e
:10d3c400ffbb0129f6d01278012af5d1f2e700bf9c
:10d3d4000e00014100e100e0080400205513012083
:04d3e400f003002032
:020000040000fa
:020000040100f9
:10d3e8002de9ff471d460c9b13f0010906468a46a6
:10d3f800144601d195420bd822465146304603f0d7
:10d40800fbfea54204d82546284604b0bde8f087af
:10d418002f1b102f3a464ff0200128bf10226846d4
:10d42800b84604f0c7fc00bfb8f10f0f11d83b098c
:10d438006ff00f0202fb03726946304603f0dcfe10
:10d44800b9f1000fe0d122465146304603f0d4fe30
:10d45800dae710226946304603f0cefea8f110083c
:04d46800e2e700bf38
:020000040000fa
:020000040100f9
:10d46c0070b5164a1648174e1749184d80230124db
:10d47c00936344634ff4806082b050637363002005
:10d48c0003f042fb03f06cfc114b009300231a4693
:10d49c002846962102f024fb0e4b0f4a18600023fd
:10d4ac00009228461a46962102f01afb0b4b186084
:10d4bc00204602b0bde8704003f014b8002b0044c5
:10d4cc00002d0044002a0044980d0101b80d010103
:10d4dc00991e0101a4120120511f0101a01201206b
:020000040000fa
:020000040100f9
:10d4ec0070b5194c194d012608202670f8f7a4feca
:10d4fc002868174b42781b78a6771a4214bf33461c
:10d50c000023237701780139c9b2fbf731ff2b686f
:10d51c00104a1b78b3402433dbb282f847300e4bf1
:10d52c0099788b1b5942594100220920f9f7ecffdd
:10d53c0040b104f037fd00f01f00092802bf074b73
:10d54c0002221a7070bd00bf080400204c04002099
:10d55c00dd13012000000141dc0300200200014129
:020000040000fa
:020000040100f9
:10d56c0000b5194b1b78022b83b007d0032b16d0b8
:10d57c00012b0bd000bf03b05df804fbf0b1134ad4
:10d58c0013780133137003b05df804fb0028f6d157
:10d59c000f49104a08781370fdf75cfcebe7002884
:10d5ac00edd1fef745f90028e5d10b4b0df1070045
:10d5bc001b788df8073002f0b5fcdce70120fef794
:10d5cc0037f90028d7d1f0e7280000202e110120d0
:0cd5dc002612012010000020d8020020c0
:020000040000fa
:020000040100f9
:10d5e8002de9f0414ff086424ff208141368246881
:10d5f8009cb043f0020306468846136001a8002148
:10d60800a04730bb054614e04446202ca8bf202480
:10d618004ff20c173b6822460ca901a89847431cf7
:10d62800f8d090b930460ca9224604f00ff92544e9
:10d6380026444545e8db4ff086420020136823f076
:10d64800020313601cb0bde8f08100201cb0bde8e7
:0cd65800f08114201cb0bde8f08100bf80
:020000040000fa
:020000040100f9
:10d66400537563636573730d0a0000005472616e31
:10d6740073616374696f6e206f766572666c6f7721
:10d684000d0a00005472616e73616374696f6e20d9
:10d69400657870697265640d0a0000004672616df8
:10d6a40065205472616e736d6974746564204d41b4
:10d6b40043204e6f2041636b0d0a00004d4143200f
:10d6c4004368616e6e656c204163636573732046c5
:0cd6d40061696c7572650d0a000000bff2
:020000040000fa
:020000040100f9
:10d6e0000d0a20536563757269747920546f6f6ced
:10d6f00020426f78204f6e2053414c203a20456ed7
:10d7000061626c65640a00000d0a204d41432044ab
:10d710006174612026205365637572697479204da8
:10d720006f64756c65203a20456e61626c65640ab1
:10d73000000000000d0a2048696768204461746198
:10d74000205261746520537570706f7274203a2096
:0cd7500044697361626c65640a0000bfec
:020000040000fa
:020000040100f9
:10d75c002de9f041056807467db36b68184a1c78c3
:10d76c00184e92f81d80f4700134317e1c44b8f1cf
:10d77c00000f0bd0707e6170317e02f03fff207085
:10d78c002f602846bde8f04101f00ebf6170707e3d
:10d79c0002f034ff2070337f2f604bb196f82030ad
:10d7ac0033b1094b40461d60bde8f04103f096bf14
:10d7bc002846bde8f04101f0f7bebde8f08100bf9e
:0cd7cc002c040020080400207004002041
:020000040000fa
:020000040100f9
:10d7d800842910b523d00cdc812903d0822913d0e9
:10d7e80080290bd119680c1d1c600b6803601a6036
:10d7f80013e0902921d003dc882917d0002010bd20
:10d80800a029efd0c029ece719680c1d1c600b6833
:10d818000360d1171046c3e900010120efe719683a
:10d828000c1d1c600b6803601a80f6e719680c1d54
:10d838001c600b6803601a70efe719680c1d1c6008
:0cd8480009680160d317c1e90023e6e77e
:020000040000fa
:020000040100f9
:10d8540030b583b00024174d009423462246204659
:10d864000121ed89f9f752ff88b1cde90044124b4b
:10d8740029011878114b2246fff7eefc08b903b0d2
:10d8840030bd204603b0bde8304001f099b80c4be0
:10d894000c4819680b684ff6ff721425e1241d70bb
:10d8a4001c715a8003f034fa03b0bde8304004f030
:10d8b40093b900bfe0000020d7020020c5e90001b1
:08d8c4002c00002000000020f0
:020000040000fa
:020000040100f9
:10d8cc00f8b51422002301211748174f174d184e95
:10d8dc0000f0aefe17482821044604f097f92146c3
:10d8ec00384604f06df82146284604f069f800bf6c
:10d8fc004ff0ff3221460e4804f06ef833682a6868
:10d90c00934209d03a689342f2d10021064804f0c0
:10d91c009bf903f091fdebe70021044804f094f926
:10d92c00fdf7a2f8e4e700bf9c100120e402002000
:08d93c0004120120cc080120b7
:020000040000fa
:020000040100f9
:10d944002de9f041437a2bb315468846074606680d
:10d9540022b3feb1344603e063682646d3b11c46c5
:10d96400d5e90031206898470028f5d0b8f1000fb8
:10d974001cd13a686368a2421ad073607b7a30463d
:10d9840026467968013bb14208bf78607b7212b9c0
:10d994007a6000e000263046bde8f081002ef9d020
:10d9a4000029f8d1304672683a60eae72646f2e781
:08d9b40030467b7a2646f6e7b7
:020000040000fa
:020000040100f9
:10d9bc001a4b1b4a1a604ff440314ff650429a8171
:10d9cc001a465960d369002bfcd11368134943f0f4
:10d9dc0002031360cb69002bfcd1124a13629362d1
:10d9ec00d36282f8343082f83c309363d38713606f
:10d9fc009360d3601375137793614b6803f007033f
:10da0c00012b14bf4ff48073802313631361034bfa
:10da1c008021042299759a75704700bf000c004054
:08da2c00040110405c10012010
:020000040000fa
:020000040100f9
:10da340070b51646026c856b04462ab90668013532
:10da440046b30020a56370bd86b9406803f000ffab
:10da54006368216ca2680b44934205f1010563607d
:10da6400efd3236863603046a56370bdc06803f0dc
:10da7400effe226ce3682168524213448b42e36058
:10da840002d2a3681a44e260022e08d001350020b5
:10da9400a56370bd8068fff789faa660d2e7002d00
:08daa400cfd101250020cde7e0
:020000040000fa
:020000040100f9
:10daac0030b587b00024154a0192154d00942346d9
:10dabc0014488df80c404ff4807202a90295fef7c1
:10dacc0059fab8b1fbf7a6fd02f03cfc012811d1c4
:10dadc004ff0200383f31188bff36f8fbff34f8f89
:10daec0009490a4a0a4b4ff0ff350d6010601c6063
:10dafc0000f0d2fd074b1b6807b030bdfc120120b3
:10db0c0049444c4591f30001001301200c130120f2
:08db1c0010130120d0130120b9
:020000040000fa
:020000040100f9
:10db240073b5184d184c2b6843f010032b60237801
:10db3400164b4ff40062c3f88420bff34f8fbff33a
:10db44006f8f202183f82b13c3f884215a6004f0cb
:10db540093f8064604f044fa2b680193019b0c4a9f
:10db640023f001030193019b2b601379002bfcd05c
:10db7400304604f08bf82378064b0c221a7002b05e
:10db840070bd00bf004001410f00014100e100e011
:08db9400080400200e0001410d
:020000040000fa
:020000040100f9
:10db9c002de9f84f04460c9f6668d4f80cb0246944
:10dbac0010463a68013c002502f0020a0b9a0bf869
:10dbbc000450002e1946b8bf0126012390464feaa7
:10dbcc00e279002c03dcd3b12046bde8f88f50ea93
:10dbdc00010209d1721b002a06dc0a9a521b002a88
:10dbec00f1ddbaf1000feed042464b4603f01cf8c3
:10dbfc00013c134630320bf804200135e1e73b6859
:08dc0c0023f010033b60dfe789
:020000040000fa
:020000040100f9
:10dc14002de9f84fdff8689099f8ac30abb1013bcf
:10dc2400dbb24ff02b08002792460c46064603fb56
:10dc34000888bb464d46ab7a13b16b7aa34209d030
:10dc44002b37b84505f12b05f5d14ff0f30b5846aa
:10dc5400bde8f88f94b1012c16bf4ff0df0b0922f9
:10dc640005223146284603f0e5fd00b20028e7d13d
:10dc74004f44caf800705846bde8f88f0522f0e713
:04dc8400000100207b
:020000040000fa
:020000040100f9
:10dc88002de9f04f83b08346b420019115469a469a
:10dc98009df830909df834809df838709df83c6070
:10dca80002f082f9d0b104680199217103460d226e
:10dcb80019460f48a4f802b084f806a084f8079023
:10dcc80084f808806772a67265712270019303f068
:10dcd8001df8019b28b903f07dff012003b0bde8c2
:10dce800f08f184603f0acf9002003b0bde8f08fc0
:04dcf80014000020f4
:020000040000fa
:020000040100f9
:10dcfc0010b582b004f0a0f902f010fc18bb0120a2
:10dd0c00fdf7d2fc68460821fff768fc0446d0b941
:10dd1c006946f020f8f752fd0d4bdb7d23b90d4b16
:10dd2c001b780bb904f07af8ff210b4804f0f2f8d9
:10dd3c00ff210a4804f0eef8ff21094804f0eaf844
:10dd4c00204602b010bd8524204602b010bd00bf95
:10dd5c00e00000203000002014000020cc00002047
:04dd6c00c8020020c9
:020000040000fa
:020000040100f9
:10dd70002de9f04f804600688fb090f82a50447823
:10dd8000b0f8029090f810e0b0f812c0c36a90f8b2
:10dd90002b208df81840d0e90267d0e906ab059535
:10dda00090f829400494cde9086790f8286003961c
:10ddb000466a029690f82140019490f82000009065
:10ddc0000aa906a88df828e0adf82ac0adf81a9087
:10ddd000cde90cab00f040f8404603f035f90fb048
:04dde000bde8f08f1b
:020000040000fa
:020000040100f9
:10dde40070b5044602f0bafb38b3631e03331fd880
:10ddf400a3b2092b1cd8154e5d017319da6994423c
:10de040016d1725da2b15a78d2b99a680ab95a6821
:10de14009a600f4b93f8303070199bb1fef79efd5a
:10de24007319002201211a75597014465a7500e0bd
:10de3400012403f02ff9204670bd0124204670bd53
:10de44000024f6e700f02cfdeae700bf280a0120d1
:04de5400a0100120f9
:020000040000fa
:020000040100f9
:10de580070b5c8b001914e9c9df83c118df8082012
:10de680003939df840219df844319df834619df855
:10de7800305105948df811608df810508df81810f8
:10de88008df819208df81a3000906c460fcccdf81b
:10de98001d00cdf82110cdf8252007cc0a24cdf897
:10dea8002d00cdf83110cdf8352007a900220448ff
:10deb800cdf829308df81c4003f09cfd48b070bdaa
:04dec800a40300208f
:020000040000fa
:020000040100f9
:10decc00f8b5eff311864ff0200383f31188bff3fd
:10dedc006f8fbff34f8f836bc26b9a4210d990f840
:10deec00455001336db283636b1c0f460cd1836cb0
:10defc00bbb100f07dff80b17fb10120386000e044
:10df0c00002086f31188f8bd044604f027f88542fa
:10df1c0003d201356db284f84550012086f3118887
:10df2c00f8bd436a002bf8d02430fcf79bfe002888
:04df3c00e2d1f2e755
:020000040000fa
:020000040100f9
:10df400010b5194a840644bf434203f01f0392f8f8
:10df500022204abf5b4200f03f035bb2dab1d91c1a
:10df60004ff0000211490eda8c18d0b294f90f402c
:10df7000a34203db01dd0138c0b210bd0132102a1b
:10df8000f2d10020f9e78c56a342d0b2f2da013286
:10df9000102af8d1f5e706495456a342d0b2e9da7f
:10dfa0000132102af8d1ece708040020791301208f
:04dfb000b413012085
:020000040000fa
:020000040100f9
:10dfb40010b5144a144c13780133dbb2042b1370dc
:10dfc40005d905232370114b01221a7010bd104b83
:10dfd400022219790620f9f79bfa60b10423237011
:10dfe4000c4bff221a700c4b00221a700b4b1a6850
:10dff4000b4b1a60eae706232370bde8104003f0d8
:10e0040071bb00bf5413012008040020f00300205a
:10e01400dc03002007000141551301202c130120cb
:04e02400281301209c
:020000040000fa
:020000040100f9
:10e0280038b5194c237805465bbb28b90820f8f7a2
:10e0380005f9a570082038bd144b1868d8b1144be1
:10e048005b7f73b10620f8f7f9f800bf03f0acff67
:10e0580000f01f000628f9d1002003f0fbff16206e
:10e06800e9e71620f8f7eaf803f09eff00f01f0032
:10e078001628f9d1f0e70123a37003f031fb16202d
:10e08800d9e78620d7e700bf080400203013012015
:04e098002c04002034
:020000040000fa
:020000040100f9
:10e09c00f0b50c4649682368a768e56887b0002985
:10e0ac000593a4bf23f00203059305ab0293082349
:10e0bc00cde900730646d2e900232046fff768fd40
:10e0cc00059bd90642bf00f1ff3030232b54059b32
:10e0dc001a0742bf00f1ff3020232b542269059b05
:10e0ec000093013a3b46121a29183046fff776f98d
:10e0fc007368db0503d563689842b8bf184607b050
:02e10c00f0bd64
:020000040000fa
:020000040100f9
:02e10e00704758
:020000040000fa
:020000040100f9
:10e1100010b50446ef20fef73df92046144c02f0fe
:10e1200093ff04f14001502002f0c4fcb4f84620f3
:10e130004ff6ff739a4204d004f14601532002f0d7
:10e14000b9fc23880b4ab4f842105181db0405d492
:10e1500009490020bde8104002f0acbc074904208a
:10e1600002f0a8fc04490020bde8104002f0a2bc67
:10e1700040000020e00000208400002088000020f3
:020000040000fa
:020000040100f9
:10e18000194bda684ff6ff010a4042f0bf6242f4d1
:10e190000032da60bff35f8f62b6144ae02183f881
:10e1a000231082f801130220106082f80313082064
:10e1b000106082f80f134ff40040106082f81913ba
:10e1c0004ff0007111605a6a42f480225a625a6913
:10e1d00042f010025a615a6a42f400325a625a6a94
:10e1e00042f480325a62704700ed00e000e100e046
:020000040000fa
:020000040100f9
:10e1f000a0b90eb4f0b5174d95f9003082b043b117
:10e200006b6833b104464ff0ff31134803f02aff27
:10e2100028b902b0bde8f04003b0704770470f4f17
:10e22000079a08ae33463846c821019600f09afb9b
:10e23000431ec62b024605d83c54d5e90130394669
:10e240005b699847044803f00fff02b0bde8f04057
:10e2500003b070476412012098120120400e012083
:020000040000fa
:020000040100f9
:10e26000141403030301010a0603033c13130303fd
:10e270000301010a0603033c121202020201010a11
:10e280000502023c111102020201010a0502023cd0
:10e29000121102020201030b0502024613120303cc
:10e2a0000301050c05020246131303030301060dc7
:10e2b00005020246141403030301070e0502024679
:10e2c0001f1f1c1c181814141414141414141414e0
:020000040000fa
:020000040100f9
:10e2d000194b1a4a1980c0b203f8020f137882b0a2
:10e2e000dbb28df806309df8063003f0ef0343f003
:10e2f00010038df806309df80630dbb213701378ea
:10e30000dbb28df805309df8053003f010038df871
:10e3100005309df805300bb902b070471378dbb2b9
:10e320008df807309df8073003f010038df80730a3
:10e330009df80730efe700bf003001410630014192
:020000040000fa
:020000040100f9
:10e34000184b194a1870137882b0dbb28df806307a
:10e350009df8063003f0fb0343f004038df806300c
:10e360009df80630dbb213701378dbb28df8053000
:10e370009df8053003f004038df805309df8053055
:10e380001bb90a4b188802b070471378dbb28df8be
:10e3900007309df8073003f004038df807309df82f
:10e3a0000730ede7023001410630014128300141dc
:020000040000fa
:020000040100f9
:10e3b00037b5164a137804460bb1013b1370144b62
:10e3c000187808b10138187012781b78134309d1f6
:10e3d000104b022201201a70987003b0bde8304043
:10e3e00003f082b903f04afc0022cde90022054681
:10e3f00009480a4b00782146fef730ff04462846bc
:10e4000003f046fc002ce3d103b030bd51130120d2
:10e41000531301200804002054040020adf1000132
:020000040000fa
:020000040100f9
:10e4200010b5184c08232370174b59784b1e5942ce
:10e43000594103220920f9f76df8d8b103f0b8fd6e
:10e4400000f01f00092815d1012307228021152083
:10e4500002f09bfa0620f7f7f5fe0628fad10b4bdf
:10e4600010221a708021012307220820bde81040e5
:10e4700002f08bba092323700020bde8104003f09e
:10e4800033b900bf08040020dc0300200e00014166
:020000040000fa
:020000040100f9
:10e4900010b5164b1b78032b84b0044605d0144ae4
:10e4a000144b12781b78134305d02046e12102f06b
:10e4b000a3fd04b010bd03f0a5fb23685a78022a1f
:10e4c00010d0d3e90201cde9020103225b88009359
:10e4d000002102ab0120f9f71bf90028e5d0064b1b
:10e4e0001c60e6e79968adf80810efe7d602002057
:0ce4f0003d000020280000202c0000202f
:020000040000fa
:020000040100f9
:10e4fc0014482de9f0411521804603f00bfd06214f
:10e50c001148124e124d03f005fd06f1a8073446d2
:10e51c00256021464046083402f0f6fbbc4205f16a
:10e52c00b405f5d10b4c0c4f074d3146284641f83c
:10e53c00a84f083602f0e8fbb74204f14004f4d1ce
:10e54c00bde8f081401201204c120120680d012021
:0ce55c0074f4002038030120980d012009
:020000040000fa
:020000040100f9
:10e56800174b026870b41a6442681a6582681a66a2
:10e57800c2681a670269c3f880204269c3f890200c
:10e588008269c3f8a020c269c3f8b020eff31080f5
:10e5980072b64ff480420f240226196300255a6090
:10e5a80008495c609e60084c9a604ff400421d6206
:10e5b8001c6219629a6080f31088012070bc704751
:0ce5c80000060044aa996655556699aa01
:020000040000fa
:020000040100f9
:10e5d4002de9f0430c68a369814653f8060f85b012
:10e5e4000d4659681c2202ab227003c369465020b1
:10e5f400fbf790fa4ff00308bdf8003063806946da
:10e6040084f80480f020fbf785fadde90223dde9d4
:10e6140000672946c4e9062384f8209084f8108012
:10e62400c4e90267034802f073fb03f0d5fa05b0ae
:08e63400bde8f08300000020a6
:020000040000fa
:020000040100f9
:10e63c0030b5054683b039b101290ad000230360f7
:10e64c004ff0ff3003b030bd012b0dd9084603b09d
:10e65c0030bd1046194603f0bff802462860101c66
:10e66c0018bf012003b030bd032201200c460193da
:10e67c0003f058fb024628600028f0d0019b012bc8
:10e68c00edd1234622462146fbf76cf8a0f10100a0
:08e69c00b0fa80f04009d5e757
:020000040000fa
:020000040100f9
:10e6a400154b16491a6810b542f47f021a601a68ad
:10e6b400002442f07f4282b01a600c6001f010f82e
:10e6c4000f4b1c6003f01efb0e4a136843f04043db
:10e6d400136002f0f3fcfef723fc01944ff02003d7
:10e6e40083f31188bff36f8fbff34f8f019b002b10
:10e6f400fcd0002002b010bd20ed00e01ced00e0d5
:08e70400cc13012034ef00e00a
:020000040000fa
:020000040100f9
:10e70c0038b502f079fa40bb03f0b2fa044602f0d5
:10e71c0053ff204603f0b6fa114d6c7aa4b901f000
:10e72c006bfe03f027fb0f4b4ff40062c3f8842001
:10e73c00bff34f8fbff36f8f202183f82b13c3f8d8
:10e74c0084215a60204638bd0021284603f03cfc49
:10e75c000028e2d002f072fcdfe78524f2e700bf6c
:08e76c00f803002000e100e0c9
:020000040000fa
:020000040100f9
:10e7740010b4027b85b00446086849686b4603c33d
:10e7840052b9a1698b78c3f38103032b09d01046d6
:10e7940005b05df8044b7047002005b05df8044bec
:10e7a40070478b1d0df107020e3100bf13f8010bea
:10e7b40002f8010f8b42f9d1dde90001dde9022302
:10e7c400994206bf90420120002005b05df8044b39
:04e7d400704700bfcb
:020000040000fa
:020000040100f9
:08e7d80001040101010201012d
:020000040000fa
:020000040100f9
:10e7e000eff30980bff36f8f154b1a681ef0100fff
:10e7f00008bf20ed108a20e9f04f10602de90900d4
:10e800004ff0200080f31188bff34f8fbff36f8f5d
:10e81000fef788fb4ff0000080f3118809bc1968ef
:10e820000868b0e8f04f1ef0100f08bfb0ec108a77
:10e8300080f30988bff36f8f704700bfaff300808c
:04e84000dc120120c5
:020000040000fa
:020000040100f9
:10e84400f8b50546b4200e46174601f0affb88b173
:10e854000446284600f0acfb236806225d709e70d7
:10e864001a7068b921460d4802f052fa18b903f03b
:10e87400b3f90120f8bd204602f0e4fb0020f8bd06
:10e884000246394603f1080002f0e2ff214603483c
:10e8940002f03efa0028ead0ede700bf14000020a1
:020000040000fa
:020000040100f9
:10e8a4002de97848154c63689b6906469847606172
:10e8b40063692569ab4298bf03f580335d1b284625
:10e8c40001f0caf803f0dafbd4e90abc1beb050239
:10e8d4004cf10003c4e90a2303f0d2fb3046fef7ef
:10e8e4003df808b9bde8788803f0c8fb0446fef794
:10e8f4008bfa2046bde8784803f0c2bba010012083
:020000040000fa
:020000040100f9
:10e9040007b50920f7f79cfc124b0c221a708021e2
:10e9140000230722152002f036f80f4b1b78dbb2d8
:10e924008df807309df80730c3f380138df8073056
:10e934009df80730012b04d103b05df804ebfef71a
:10e94400d3bd064b092200201a7003b05df804eb16
:10e9540002f0c8be0e00014101000141080400207c
:020000040000fa
:020000040100f9
:10e96400f0b59bb004460d46164600214c2207a87c
:10e974001f4603f021fa4ff0ff33029303f203130f
:10e98400039304b901accde9044555b16a1e002dc9
:10e99400069208da094b4f221a604ff0ff301bb081
:10e9a400f0bd2a46f3e71cbf002323703a463146e4
:10e9b40002a8cde9074402f067fff0e74013012005
:020000040000fa
:020000040100f9
:10e9c400124b1348196830b50b68eb224ff6ff74ed
:10e9d400142583b01d701a715c8002f099f903f05c
:10e9e400fbf80c4badf8064000220df10601502057
:10e9f4001a7002f05df8084b00200021c3e9000101
:10ea04005c8102f00dfe03b030bd00bf2c0000207d
:0cea1400000000203d000020e000002079
:020000040000fa
:020000040100f9
:10ea200070b50d4670b1e8242b6810485c70222246
:10ea300029461a7002f06ef903f0d0f8bde8704074
:10ea400002f0f0bd06460a49042002f033f80949f5
:10ea50000446304602f02ef8044314f0ff04e2d1dd
:10ea60000549502002f026f8dee700bf0000002034
:0cea70002d1201202c1201202a1201207e
:020000040000fa
:020000040100f9
:10ea7c000378023b0c2b20d8dfe803f0090e1012b0
:10ea8c00141f1f1617191b1d0700f8f715ba41782c
:10ea9c00b9b9042001f066bbfcf72abbf6f79ab9aa
:10eaac0002f04ab8fdf754b97047fdf761befcf7a8
:10eabc001dbf00f0c5bd00f06fb90349002002f086
:0ceacc0023b8012001f00ebd041501016b
:020000040000fa
:020000040100f9
:10ead80007b503f067f8114b1b78012199400139fc
:10eae800084010f0ff0013d00022cde9002200eb0f
:10eaf800800081010a480b4b0078fef7abfb0a4bfc
:10eb0800072209201a7003b05df804ebf7f796bbeb
:10eb180003b05df804ebfff77fbc00bf4f13012083
:0ceb28005c04002021e40001080400202f
:020000040000fa
:020000040100f9
:10eb340010b5124a124913780133dbb213700a7dff
:10eb44009a420dd20f4c0323e37416200223237040
:10eb5400f7f776fb002002f0c5fd0123a37010bd7a
:10eb6400094ac97e13780133dbb28b4228bf0b46b6
:10eb74001370bde81040fff7adbf00bf5013012074
:0ceb84002c040020080400204f13012086
:020000040000fa
:020000040100f9
:10eb90000e4a38b5002313600d4a0e4c13600e4a1e
:10eba0000e4d13600e4a13600e4a13600e4a5362f4
:10ebb00013610123936002f0f6f902f0f4f9ac421c
:10ebc00000d338bd54f8043b9847f8e73c130120c4
:10ebd0001810012034030001141001203803000133
:0cebe0000c100120101001201c1001205e
:020000040000fa
:020000040100f9
:10ebec0010b5104ca37803b910bd0f4b187802f078
:10ebfc0011faa378012b09d0eb210c4c2378022bb2
:10ec0c000bd00b4a00231370237010bd94f83c30ca
:10ec1c00002b0cbfeb210021efe7064b186802f02c
:10ec2c00e5f9eee740000020d70200203d0000206f
:08ec3c00100000202c00002054
:020000040000fa
:020000040100f9
:10ec440000b5124b1b78012b83b01cd04ff6ff7319
:10ec540001a95320adf80430adf8063001f028ffc7
:10ec64000df10601502001f023ff0120fcf720fde7
:10ec7400074bdb7d23b9074b1b780bb903f0d2f8a4
:10ec840003b05df804fb02f03ffedfe7d50200208d
:08ec9400e00000203000002028
:020000040000fa
:020000040100f9
:10ec9c00104b114adb7d0021117033b910b50f4bad
:10ecac001c7882b014b102b010bd70472046fff73b
:10ecbc00b5f9082809d0cde90044094b224618784b
:10eccc00084b6421fef7c4faede702b0bde8104032
:10ecdc0002f0a2bce000002030000020d502002091
:08ecec00d90200209dec00019b
:020000040000fa
:020000040100f9
:10ecf400144b5a6bcab1824230b403d117e0984224
:10ed040006d01a469369002bf9d1184630bc7047d7
:10ed140083691bb1846899682144996093610023d5
:10ed24000022826130bc18467047104670479169d2
:10ed340019b195688c682c448c6092695a630123dc
:08ed4400eee700bfa010012062
:020000040000fa
:020000040100f9
:10ed4c00f8b5044601f006fcd0b1631e033312d8ab
:10ed5c00a3b2092b0fd80f4e5d017719fb699c42aa
:10ed6c0009d1735d3bb17b786bb9731900241c75a9
:10ed7c0074555c7500e0012402f088f92046f8bd5a
:10ed8c0001242046f8bd3846fff7aeff00237b7008
:08ed9c00ebe700bf280a01208b
:020000040000fa
:020000040100f9
:10eda40010b582b040784ff42f73adf80630a0b997
:10edb4000c4a0d4b12780d4901241c70fff716fa0a
:10edc4000b4a0c4b802151639c630df10602002118
:10edd4005520fff735fd02b010bd012001f086fb80
:10ede400f3e700bf3c03002048130120740b01012a
:08edf400002b0044002d004437
:020000040000fa
:020000040100f9
:10edfc0070b5846ca26be36b82b09a42019003d322
:10ee0c000025284602b070bd94f84560002201a987
:10ee1c002046fef709fe76b2731c05460ad1636ada
:10ee2c00002beed004f12400fbf71cff002818bfc8
:10ee3c000125e6e703f092f88642e2d2013676b27b
:08ee4c0084f84560dde700bf1a
:020000040000fa
:020000040100f9
:10ee540010b5134c94f8222002b3cb1c114b12dad8
:10ee64000344d97b84f823204030440004f0fe009e
:10ee7400fff764fa4ff68073034019432046bde858
:10ee84001040fff723ba03d103440022d97be9e7fa
:10ee94001429ccbf1978195c0022e3e710bd00bf28
:08eea4000804002059130120ad
:020000040000fa
:020000040100f9
:10eeac0038b5134b134c1b7803f01f03082b1cbff6
:10eebc000823237003f076f8082810d109230c4d91
:10eecc002370fa242b7803f01f03082b06d105209e
:10eedc00013c01f079fe14f0ff04f3d138bd03239b
:10eeec00034a2370137803f01f03082bfad1e5e7cc
:08eefc00010001410200014187
:020000040000fa
:020000040100f9
:10ef04002de9ff41134dd1f80080af88adf80c70a6
:10ef140006462868029002aca8798df80e00002af3
:10ef240018bf1446d1e901571a461bb9204602f00e
:10ef34002ffe0246002d02dbaa4228bf2a46cdf846
:10ef440000803b4621463046fef74cfa04b0bde84b
:08ef5400f08100bf3c20010127
:020000040000fa
:020000040100f9
:10ef5c00f0b50c4649682368a668e76887b00029b5
:10ef6c000593a4bf23f00203059305ab02930a2378
:10ef7c00cde900630546d2e900232046fef708fee2
:10ef8c002269059b0093013a3346121a3918284618
:10ef9c00fef724fa6b68db0503d563689842b8bfab
:06efac00184607b0f0bd9d
:020000040000fa
:020000040100f9
:02efb2007047a6
:020000040000fa
:020000040100f9
:10efb400452811d007280cd9a0f140031f2b0ed9e6
:10efc400a0f171030d2b0fd9f02834bf00200820c5
:10efd4007047084b185c7047074b587c7047074bc9
:10efe400184410f8400c7047054b184410f8710c85
:10eff400704700bfd8e70001e0000020241401019d
:04f00400181e0101d0
:020000040000fa
:020000040100f9
:10f0080018b3f8b5114f3b78f3b100240646104dfc
:10f01800234603e03a78e3b29a4215d91b013268d5
:10f02800e958914204f101042b44f3d11a7b0021e1
:10f03800002aefd05a681973002aebd098689047d5
:10f048003a78e3b29a42e9d8f8bd704745130120ef
:04f05800080f01207c
:020000040000fa
:020000040100f9
:10f05c0000b583b00d4b0193022300934ff48072e3
:10f06c0000230b490b4802f0b3f90b4b019301231e
:10f07c0000934ff4806200230849094802f0a8f974
:10f08c0003b05df804ebfef70bbd00bfdc02002003
:10f09c00a41a0101fd1f0101e0020020b01a0101b8
:04f0ac00f51f01014a
:020000040000fa
:020000040100f9
:10f0b00030b5c9b09df830414d9d8df8144006958e
:10f0c00004938df8040002918df80c2001ac0fcc54
:10f0d000cdf81d00cdf8211003cccdf82520cdf8ba
:10f0e0002d00cdf83110092407a900220448cdf8dd
:10f0f00029308df81c4002f081fc49b030bd00bfc2
:04f10000a403002044
:020000040000fa
:020000040100f9
:10f10400f8b50f4c02f01cfa25681db1bde8f840b3
:10f1140002f002be0b4f0c4e384602f0fdfc3046a6
:10f1240002f0fafc094a0a4b17600c212a460a200d
:10f134001e6002f0fbfd2060bde8f84002f0ecbd6b
:10f14400d4120120681101207c110120c812012071
:04f15400cc120120b8
:020000040000fa
:020000040100f9
:10f15800134b2de9f04245681f68ae68fd6104460f
:10f168001868d3f800e00662b2f100091e68aa68c0
:10f178001f6808bf084621680ef1180c06f118032d
:10f1880001f10106c2f804c04946ab6018bf4ff050
:10f19800ff30bc622660bde8f042fcf707bc00bf48
:04f1a800dc12012054
:020000040000fa
:020000040100f9
:10f1ac0008b5114b9978012907d0022914d10f4bbe
:10f1bc00197801298cbf0021012100221920f8f7b0
:10f1cc00a3f958b102f0eefe00f01f00192805d18a
:10f1dc00074b02221a7008bd0021eee76420bde83f
:10f1ec000840fff7dfb800bfdc03002053130120f9
:04f1fc0002000141cb
:020000040000fa
:020000040100f9
:10f2000030b504680f4a85b01223237063788df8f7
:10f21000073005460df107030b4802a9cde902238b
:10f2200002f0d8fe48b9e723a3702946074801f049
:10f2300071fd02f0d3fc05b030bd01f005ff0023e5
:10f24000a370f2e7091e0101c8020020000000209f
:020000040000fa
:020000040100f9
:10f2500008b501460c4801f05dfd0c4b0c491b78cc
:10f260000b70042001f026fc0a4b0b491b780b7035
:10f27000002001f01ffc094b00221a7002f0d2f9a5
:10f28000bde8084002f0aabc00000020d800002021
:10f290002f1101203c0000202e1101202800002009
:020000040000fa
:020000040100f9
:10f2a00008b5124b9a7dc2b11a7e9b7d1906d2b267
:10f2b00014d40e4a137e927dd007dbb201d5d90754
:10f2c00011d40a4a137e927d5207dbb205d55b0743
:10f2d00003d5bde80840fcf751ba08bd1306e8d5d0
:10f2e00000f074fbe5e7fcf7f1fdeae7000c0040f5
:020000040000fa
:020000040100f9
:10f2f00070b5104e337804460d4643b124b91db1a4
:10f300000d4b93f900204ab14ff0ff3070bd0b4810
:10f3100002f014fa0128f7d13070efe7d5e90120a7
:10f3200029685568986002265a601e70a8472046d2
:10f3300070bd00bf47130120641201209812012004
:020000040000fa
:020000040100f9
:10f3400070b504460d46164602f0fcf894f84430b9
:10f35000ff2b04bf002384f8443094f84530ff2b82
:10f3600004bf002384f8453002f0d8fca36b23b11e
:10f370002046bde87040fdf753ba04f12400324640
:10f380002946fff7e9fe2046bde87040fdf748ba80
:020000040000fa
:020000040100f9
:10f39000f8b5104c104f114e4ff0805500f0c8f9e1
:10f3a0002368012b04d93560bff34f8fbff36f8ff4
:10f3b00002f06afe00f038fd0428efd93b68013303
:10f3c0003b6000f031fd042801d902f07bfef9f723
:10f3d0007bfee3e7a80f0120f012012004ed00e01e
:020000040000fa
:020000040100f9
:10f3e00038b5f3f7a0fb0446f3f748f81cb1bde8c5
:10f3f0003840f3f79fbb40b102f002fa0f2805d066
:10f400000220bde83840f3f75db838bd01f094fe46
:10f41000204602f0fffa05460220f3f753f8204693
:10f42000294602f011fd2046bde8384000f000b842
:020000040000fa
:020000040100f9
:10f4300038b5124b5a780f2a054602d128b98124d3
:10f4400016e0202a01d10128f9d01a7802f0ff0431
:10f450006ab99c700820f6f7f5fe0828fad14db974
:10f460000f20f6f7effe0f2802d0202800d08624c8
:10f47000204638bd2020f6f7e5fef4e7080400201a
:020000040000fa
:020000040100f9
:10f4800013b57f23104c8df807300df1070001f004
:10f490002bfc9df80730a37602f0defd84f82200f5
:10f4a00002f0d8fde076012002f0b8f9074a92f8a0
:10f4b000423003f0fe0382f84230012002f092f85d
:10f4c000002002b010bd00bf080400200000014170
:020000040000fa
:020000040100f9
:10f4d0002de9f0410646b4200f4690461d4600f047
:10f4e00067fd80b1016804460223a1f81080c1e9dc
:10f4f00002678d740b700848214601f00bfc20b99f
:10f5000002f06cfb0120bde8f081204601f09cfd7b
:0cf510000020bde8f08100bf14000020c6
:020000040000fa
:020000040100f9
:10f51c002de9f8438146b420884617461e4600f074
:10f52c0041fd88b1056804460b230b4885f8019012
:10f53c00c5f804802f726e722b70214601f0e4fb2b
:10f54c0020b902f045fb0120bde8f883204601f00c
:0cf55c0075fd0020bde8f88314000020bd
:020000040000fa
:020000040100f9
:10f568000f4b197810b511b90e48437a7bb90024ae
:10f578000d48437a0bb9204610bd002102f026fd44
:10f588000028f8d0012402f08ff8204610bd02f0c0
:10f598001dfd0028ebd002f087f80124e8e700bf42
:0cf5a8001000002014000020cc00002007
:020000040000fa
:020000040100f9
:10f5b400f8b50446b42063681f7800f0f7fcd0b1b6
:10f5c40006680546c7f1b4003044b06127b16168ec
:10f5d40011b13a4602f03cf923680022327053b16b
:10f5e4002946054801f094fb206801f02bfdbde895
:0cf5f400f84002f0f1baf8bdcc00002095
:020000040000fa
:020000040100f9
:10f6000070b5104d002400bf04eb440105eb8100f0
:10f61000e3b20289d2b29a4203d00134042cf3d16e
:10f6200070bd094b01265b69a6403342f5d055f801
:10f6300021301bb1406855f821309847024b5e617c
:0cf64000ebe700bfe010012000080040d4
:020000040000fa
:020000040100f9
:10f64c0010b5024684b052f8010f5168926801abb4
:10f65c0007c39df80c3013b9094b197809b104b0e4
:10f66c0010bd084c084a2388742001332380fff70f
:10f67c00e3f82178712004b0bde8104000f072bdb1
:0cf68c00dc130120d81301203a030020f9
:020000040000fa
:020000040100f9
:10f6980010b5c6b0499c8df804009df8200104946b
:10f6a8008df806208df8051002938df80c0001ac3a
:10f6b8000fcc0524cdf81500cdf81910cdf81d2074
:10f6c80005a900220448cdf821308df8144002f035
:0cf6d80091f946b010bd00bfa403002053
:020000040000fa
:020000040100f9
:10f6e40070b40b4c0b4a0c490c4b0d4d0d484ff4a8
:10f6f400fa362660832414605e240c6000220a4ccf
:10f704001a6007212a600460196070bc704700bf4a
:10f71400ac120120b0120120a812012010e000e078
:0cf7240018e000e014e000e0fff301003a
:020000040000fa
:020000040100f9
:10f73000f8b50f4d2b68cbb10e4f0f4e01f002ff05
:10f74000fb68dc68201d01f0e3fc3368013b33609b
:10f750002b68013b2b6002f0e1fa206bfdf736fad3
:10f760002046fdf733fa2b68002be7d1f8bd00bf28
:0cf77000ec120120e0110120e812012041
:020000040000fa
:020000040100f9
:10f77c0070b5104c6ff007026272073240f20e63e4
:10f78c00a272e2600a220025a4f813300721032399
:10f79c0022740126084a637584202572e17266740e
:10f7ac00a2612377fcf740fca674e075a57565771c
:0cf7bc0070bd00bf2c040020000a0205f4
:020000040000fa
:020000040100f9
:10f7c8000f4b70b516461a780d4602f0ff04a2b921
:10f7d8000c4a0d49106042685c770a601278013a59
:10f7e800da7002f009f80f2801d101f0a1fc3146c6
:10f7f8002846faf729ff204670bd8624fbe700bf9c
:0cf8080008040020040400204c04002030
:020000040000fa
:020000040100f9
:10f8140001f000428b1aa3f16051b1f5801f0adb9d
:10f82400b1f17f6f09d242eac102c10071f1004116
:10f8340042eb507070471046704701285b4113f546
:10f84400001f02d842f0ff407047c90041ea5070df
:0cf85400104340f4800040f080407047fa
:020000040000fa
:020000040100f9
:10f86000c1f30a5340f21e42d21a0edd202a0ad8f2
:10f87000cb0243ea505040f00040d04090eae170a3
:10f88000b0ebe1707047002070474b00004218bf9a
:10f8900043f0010313f5001f88bf21f0004111f070
:0af8a000004058bf6ff000407047b1
:020000040000fa
:020000040100f9
:02f8aa007047a5
:020000040000fa
:020000040100f9
:10f8ac0010b588b0044602a95020faf72ff904a924
:10f8bc000020faf72bf906a90420faf727f99df88e
:10f8cc001830009321469df81030bdf808200a200e
:10f8dc00faf784f808b108b010bd2146e120fef714
:08f8ec0073fe08b010bd00bf5f
:020000040000fa
:020000040100f9
:10f8f4002de9f041036888b05a88adf80220d3e9b5
:10f904000267d3e906458046adf81220187c1a79bf
:10f914008df8002004a993f820208df81000684683
:10f92400cde90267cde9064500f034fe404601f01a
:08f9340089fb08b0bde8f08179
:020000040000fa
:020000040100f9
:10f93c0030b40f4a137843f0010313705368d9079e
:10f94c00fcd40c4b0a4941f21104d4611020082557
:10f95c00032415611881988218849c85137843f0d0
:10f96c00020313704b689b07fcd430bc704700bf7c
:08f97c0000080040e01001202a
:020000040000fa
:020000040100f9
:10f9840030b44ff088420c490c4b0d480d4c0825ff
:10f994005560802288250a634a614d6000214ff436
:10f9a400906519635d615a60012507230163456110
:10f9b400e36030bc704700bf002a0044002b0044c1
:08f9c400002d00440010004476
:020000040000fa
:020000040100f9
:10f9cc000f4b5a8b12f0070200d170470d4810b440
:10f9dc0007218024c2871c7659831a7e510703d5d0
:10f9ec009a6a1a7e5207fbd4036a2bb1416a5df8fe
:10f9fc00044b036a022018475df8044b704700bfa4
:08fa0c00000c00405c10012019
:020000040000fa
:020000040100f9
:10fa140038b5044602f030f9002c17db63099b006b
:10fa240003f1604303f5614301221d6804f01f04e0
:10fa3400e54002fa04f41540c3f88040bff34f8f49
:10fa4400bff36f8f02f022f9284638bd002502f07b
:08fa54001df9284638bd00bf72
:020000040000fa
:020000040100f9
:10fa5c0010b4104c636b7bb170b19a68904210d9a2
:10fa6c00002103e040b19a6882420ad29a689960f8
:10fa7c009b69801a002bf5d1636923615df8044bf7
:10fa8c0070479a68101a9860636923615df8044b9b
:08fa9c00704700bfa01001201b
:020000040000fa
:020000040100f9
:10faa400104b1b68db6870b5dc680546201d0e46ec
:10fab40001f02cfb94f824305a0708d423f00103f6
:10fac40084f824302046236abde870401847204655
:10fad4003246294601f006fb236a2046bde8704001
:08fae400184700bfc812012001
:020000040000fa
:020000040100f9
:10faec002de9f041804628200f4615461e46faf7b0
:10fafc00effa0446a0b1002380f82430fff7fcfa9b
:10fb0c00069bc4f80080c4e906762362201d02f02f
:10fb1c007ffa2db194f8243043f0040384f8243098
:08fb2c002046bde8f08100bf96
:020000040000fa
:020000040100f9
:10fb34000f4a032393705378dbb200bf03f01f0313
:10fb4400082b10d1937b43f010039373094b1a686d
:10fb540042f001021a601a6ad20707d51a6822f025
:10fb640010021a6070475378dbb2e7e71a6af3e7ca
:08fb74000000014100400141c5
:020000040000fa
:020000040100f9
:10fb7c0010b50278202a034600f10100f9d0a2f159
:10fb8c0009010429f5d92b2a07d02d2a11d10121dd
:10fb9c000133013b00200a2403e00021f8e7604315
:10fbac00801a13f8012f303a092af8d901b94042ca
:06fbbc0010bd0021ede781
:020000040000fa
:020000040100f9
:02fbc20070478a
:020000040000fa
:020000040100f9
:10fbc400f0b40d4a0d4b116893f800c00b680c4f4c
:10fbd4001a7a5c689e180125013205fa0cf5307416
:10fbe40024ea05051a720024747420465d603c7092
:10fbf400f0bcf8f7bbbd00bf2c0000202e11012083
:04fc040010000020cc
:020000040000fa
:020000040100f9
:10fc080010b582b0044669465020f9f781ff0b4bc6
:10fc1800b3f84020520409d55b8a1cb9bdf800200e
:10fc28009a4205d0064a12889a4201d002b010bd05
:10fc3800ee20fcf7abfb02b010bd00bf4000002077
:04fc48009400002004
:020000040000fa
:020000040100f9
:10fc4c000d4a38b5d2e90645036892f840201a747b
:10fc5c00152201461a70c3e90245084801f054f810
:10fc6c00074b00200021c3e900014ff6ff725a81b7
:10fc7c00bde8384001f0acbf40000020000000207f
:04fc8c00e000002074
:020000040000fa
:020000040100f9
:10fc90000e4a1378062b05d880698178c1f381015b
:10fca000032901d00020704730b4094950f8065f9d
:10fcb0000c68406844f8040c0133137044f8085c85
:10fcc000a4f1080300200b6030bc704744130120ee
:04fcd0009412012069
:020000040000fa
:020000040100f9
:10fcd4000d4b30b41d6beff3108072b64ff48041be
:10fce40000220f241d635960084d5c609a60084c23
:10fcf40099604ff400411a621d621c62996080f39e
:10fd0400108830bc704700bf00060044556699aaad
:04fd1400aa996655ed
:020000040000fa
:020000040100f9
:10fd180030b4eff3108172b60b4b0c4d18634ff4ef
:10fd280080420f205a60586004209860084c9a60fe
:10fd380000204ff4004218621d621c629a6081f331
:10fd48001088012030bc704700060044556699aa07
:04fd5800aa996655a9
:020000040000fa
:020000040100f9
:10fd5c0001fb00f313f14d0f70b515d8064603f1f6
:10fd6c004c000d46faf7b4f9044668b17db100f1c8
:10fd7c004c032360c4e90f6501212046fdf786f88a
:10fd8c000023a364204670bd0024204670bd0346aa
:04fd9c00efe700bfce
:020000040000fa
:020000040100f9
:10fda000914208b50061416005d88169d21a8a4242
:10fdb0000cd3012008bd9a4201d29942f9d2074bd7
:10fdc000011d186800f0aefd002008bd044b011da8
:10fdd000186800f0a7fd002008bd00bfc812012070
:04fde000cc12012020
:020000040000fa
:020000040100f9
:10fde40010b50f4c236884b023b10529cde9011265
:10fdf400039002dd002004b010bd01f0c1fb022815
:10fe040007d0002320681a4601a9f9f7affc04b013
:10fe140010bd2068069a002301a9f9f7a7fceae7b8
:04fe2400d4120120d3
:020000040000fa
:020000040100f9
:10fe28000b4b1b68012b0b4b02d900201b6870473a
:10fe38001b68d86a20b9084b1b68012b02d9704788
:10fe480000207047054a064b10681b68c01a7047a7
:10fe5800f8120120dc120120a80f01200013012054
:04fe68001013012052
:020000040000fa
:020000040100f9
:10fe6c000d4bdb7a10b50d4c43b10123042210214c
:10fe7c002e2000f0cffd0123237010bd084b1b7802
:10fe8c003bb9042210212e2000f0c4fd0023237066
:10fe9c00f3e70123f5e700bf0812012057130120f7
:04feac0058130120c6
:020000040000fa
:020000040100f9
:10feb00010b5054c227832b9044b13b10448aff3a6
:10fec00000800123237010bd3011012000000000cc
:10fed0000000000008b5034b1bb103490348aff312
:10fee000008008bd00000000341101200000000067
:020000040000fa
:020000040100f9
:10fef0000c4b1b7c9bb10c4a036870b5d2e90645dc
:10ff000092f840601e7413220146c3e90245074877
:10ff10001a7000f0fffebde8704001f05fbe01f016
:10ff200093b800bfe0000020400000200000002047
:020000040000fa
:020000040100f9
:10ff30000b4b1b78023b022b01d900bf704730b43a
:10ff4000084a094b1168094a0c681d7810786368e3
:10ff50000122aa4023ea0203636030bcf8f708bc20
:10ff6000280000202c0000202e1101202712012043
:020000040000fa
:020000040100f9
:10ff700008b50b4b187801f053f878b9094b18788d
:10ff800001f04ef850b9084b187801f049f828b93b
:10ff9000064b187801f044f800b908bd852008bd6b
:10ffa000d7020020da020020d8020020d902002067
:020000040000fa
:020000040100f9
:10ffb000b42810d8402803d900210b4802f00ab811
:10ffc00008b50021094802f005f80021074802f0b1
:10ffd00001f810b108bd0020704700210248bde8bb
:10ffe000084001f0f7bf00bf401201204c12012071
:020000040000fa
:020000040100f9
:10fff00000b583b000230068019301a9fdf766fff7
:020000040101f8
:1000000010b903b05df804fb019b5bb1074b4ff0e7
:1000100080521a60bff34f8fbff36f8f012003b080
:100020005df804fb012003b05df804fb04ed00e083
:020000040000fa
:020000040101f8
:100030000d4a012330b41360136913f00103fbd19f
:100040001020106003254ff6ff70084c1573064909
:100050009083332520209572236050720b69002b0a
:10006000fcd130bc704700bf001400407812012062
:020000040000fa
:020000040101f8
:100070000d4b03229a705a78d2b200bf02f01f02d1
:10008000082a0dd19a7b42f010029a739a7842f0b6
:1000900010029a70054a136843f001031360704719
:1000a0005a78d2b2eae700bf0000014100400141a6
:020000040000fa
:020000040101f8
:1000b0000b4b0c4819780278c9b28a4238bf0170dc
:1000c00009491a460b682bb1013b0b6013b1ff23a2
:1000d00013707047054b052201201a7001f004bb14
:1000e00007000141551301202813012008040020b6
:020000040000fa
:020000040101f8
:1000f00010b50b461446024668b104220721094890
:1001000000f0fafe64b10123022211460648bde860
:10011000104000f0f1be0321044800f0edfef1e7cd
:100120002346f1e74a0001414200014148000141f4
:020000040000fa
:020000040101f8
:1001300007b50022cde9002201460a480a4b0078a3
:10014000fdf78cf8094b18b9d87703b05df804fbbc
:10015000022201201a70987003b05df804eb01f0e0
:10016000c3ba00bf5d040020951d010108040020f2
:020000040000fa
:020000040101f8
:1001700070b50646b4200d46fff71aff68b1036854
:100180000446082208485e709d701a70214600f0ef
:10019000c1fd18b901f022fd012070bd204600f01c
:0c01a00053ff002070bd00bf14000020c1
:020000040000fa
:020000040101f8
:1001ac000c4a1378062b05d880698178c1f381013c
:1001bc00022901d00020704730b40749c58808686f
:1001cc000133841e20f8025c13700c60002030bcdc
:0c01dc00704700bf441301209412012062
:020000040000fa
:020000040101f8
:1001e800f0b54ff0864485b023680b4e4ff2d0022d
:1001f80043f002036d461768236002462846b84755
:1002080095e8070086e807002368002023f002032a
:0c021800236005b0f0bd00bf34120120cf
:020000040000fa
:020000040101f8
:10022400f8b50b4a0b4c0c4e002313701d4604f119
:10023400a0073378257323b12068431c01d0fef74f
:1002440083fd1034bc42f4d1012333700020f8bd87
:0c02540045130120080f01204613012073
:020000040000fa
:020000040101f8
:1002600010b5002482b000680194234601aafcf76f
:1002700061fc012802d0204602b010bd019b002b7a
:10028000fad0054b4ff080521a60bff34f8fbff387
:0c0290006f8f02b010bd00bf04ed00e055
:020000040000fa
:020000040101f8
:10029c0070b548b90c4e0c4606f108004ff0ff3112
:1002ac00154601f0d9fe18b94ff0ff34204670bd49
:1002bc00336829461b6820469847044606f1080017
:0c02cc0001f0ccfe204670bd581201204d
:020000040000fa
:020000040101f8
:1002d80070b548b90c4e0c4606f108004ff0ff31d6
:1002e800154601f0bbfe18b94ff0ff34204670bd2b
:1002f80033682946db6820469847044606f108001b
:0c03080001f0aefe204670bd581201202e
:020000040000fa
:020000040101f8
:10031400431e033310b512d883b2092b0fd80a49f0
:100324005b01ca18d469a04209d1cc5c44b1147de4
:100334000023e4b2137500f0adfe204610bd002486
:0c03440000f0a8fe204610bd280a012091
:020000040000fa
:020000040101f8
:1003500000b583b0fef7d6fe084b186850b1084bc5
:100360000193032300934ff480720023054906484c
:1003700001f034f803b05df804fb00bfd412012093
:0c038000d812012014200101d18d0001d1
:020000040000fa
:020000040101f8
:10038c0010b50d4c2378c2b053b1012b06d1201df2
:10039c0001a94ff0ff3201f043fc38b942b010bd57
:1003ac00fdf75ef80123237042b010bd01a8fef7e3
:0c03bc005ffb42b010bd00bfa00300209a
:020000040000fa
:020000040101f8
:1003c80021b10b4b0a681a608a889a800368094928
:1003d800094a002b08bf0b4613604368002b08bf6f
:1003e8000b4653608368002b08bf0b469360704729
:0c03f800dc030020cd200101e403002004
:020000040000fa
:020000040101f8
:100404000d4b4ff48042c3f88420bff34f8fbff3ea
:100414006f8f202183f82e13c3f884215a60d208e9
:10042400c3f88420bff34f8fbff36f8f83f82b1370
:0c043400c3f884215a60704700e100e02a
:020000040000fa
:020000040101f8
:1004400030b50d4a002300bf12f8134024b902eb67
:1004500043035b78184630bd01680d78a54209bf9b
:1004600002eb430301335b78013114bfdbb201605f
:0c0470000a2be9d9eee700bfc41b010114
:020000040000fa
:020000040101f8
:10047c004ff4001c1ceb410f98bf1ceb430f11d821
:10048c0051ea030c50ea4c0c5cea020c0cd004d27e
:10049c0082428b41804101307047904299418041aa
:0c04ac00013070470020704701207047ad
:020000040000fa
:020000040101f8
:1004b80070b50468a6780546314604f108020123a0
:1004c8006078f3f79dfd6278e6701f236070294617
:1004d800a2702370034800f019fcbde8704001f0d9
:0804e80079bb00bf00000020f9
:020000040000fa
:020000040101f8
:1004f00038b50546b420fff75bfd60b103680446dc
:10050000092208485d701a70214600f003fc18b9f2
:1005100001f064fb012038bd204600f095fd00206d
:0805200038bd00bf14000020eb
:020000040000fa
:020000040101f8
:1005280008b5094801f0cef860b9084801f0caf8e2
:1005380040b9074801f0c6f820b9064801f0c2f8ea
:1005480000b908bd852008bdd7020020da020020c6
:08055800d8020020d9020020a6
:020000040000fa
:020000040101f8
:1005600070b50c4d95f8304014b10124204670bd93
:100570004ff0ff3105f1380001f074fd0128064607
:10058000f4d195f90800fff745fa344685f83100b3
:08059000ece700bfa010012000
:020000040000fa
:020000040101f8
:1005980000b5c5b0cde900018df808206b4607cb42
:1005a8000c23cdf80d00cdf81110cdf815200deb6a
:1005b8000301002203488df80c3001f01bfa45b006
:0805c8005df804fba403002010
:020000040000fa
:020000040101f8
:1005d00010b5c4b001ac8df8062002938df805105b
:1005e0008df8040003cc0323cdf80d00cdf81110d5
:1005f000002203a903488df80c3001f0fff944b044
:0806000010bd00bfa40300209f
:020000040000fa
:020000040101f8
:100608000c4b1b7e83b93e290cd8002908bf012159
:10061800800910fb01f1c1eb0121ba20b1fbf0f018
:10062800c0b270473e21f3e73e299abf8900c8b29d
:08063800ff2070472c04002094
:020000040000fa
:020000040101f8
:1006400070b50b480b4d4ff6ff76016821b9436832
:1006500013b9fff7b6fa70bd83684268334000f102
:100660000c0455f823302046984704eb8000ece753
:080670006c2c0001a81d010122
:020000040000fa
:020000040101f8
:100678004ff4001c1ceb410f98bf1ceb430f11d823
:1006880051ea030c50ea4c0c5cea020c0ad004d282
:1006980082428b418041404270479042994180415b
:0806a80040427047002070473a
:020000040000fa
:020000040101f8
:1006b0004ff4001c1ceb410f98bf1ceb430f11d8eb
:1006c00051ea030c50ea4c0c5cea020c0ad004d24a
:1006d0009042994180414042704782428b41804123
:0806e000404270470020704702
:020000040000fa
:020000040101f8
:1006e80010b50a4a0a4b107882b00024cde90044bc
:1006f80022464ff47051fcf7adfd08b902b010bda9
:10070800204602b0bde81040fcf7a6bada02002085
:0407180061cc0001af
:020000040000fa
:020000040101f8
:10071c0070b50468a6780546324604f10801607885
:10072c00f4f714f96278e6701e2360702946a27003
:10073c002370034800f0e8fabde8704001f048bab5
:04074c000000002089
:020000040000fa
:020000040101f8
:1007500010b5094c2378022b04d0084a00231370eb
:10076000237010bd064beb21186800f045fc034ace
:1007700000231370237010bd3d00002010000020e6
:040780002c00002029
:020000040000fa
:020000040101f8
:1007840038b50468049d6170a270022aa38012bf68
:10079400d5e900232a88002316212170c4e9022305
:1007a4000146034800f0b4fabde8384001f014ba39
:0407b4000000002021
:020000040000fa
:020000040101f8
:1007b80030b4eff3108272b6074b084c084920f0aa
:1007c8007f4000251d621c621962c3f8f40082f3a1
:1007d800108830bc704700bf00060044556699aacf
:0407e800aa9966550f
:020000040000fa
:020000040101f8
:1007ec0038b538b90a4c4ff0ff3104f1080001f06c
:1007fc0033fc18b94ff0ff35284638bd23685b68c9
:10080c009847054604f1080001f028fc284638bd3d
:04081c00581201204d
:020000040000fa
:020000040101f8
:1008200038b538b90a4c4ff0ff3104f1080001f037
:1008300019fc18b94ff0ff35284638bd23689b686e
:100840009847054604f1080001f00efc284638bd23
:040850005812012019
:020000040000fa
:020000040101f8
:1008540038b538b90a4c4ff0ff3104f1080001f003
:10086400fffb18b94ff0ff35284638bd23685b6994
:100874009847054604f1080001f0f4fb284638bd0a
:0408840058120120e5
:020000040000fa
:020000040101f8
:1008880038b538b90a4c4ff0ff3104f1080001f0cf
:10089800e5fb18b94ff0ff35284638bd23681b69ba
:1008a8009847054604f1080001f0dafb284638bdf0
:0408b80058120120b1
:020000040000fa
:020000040101f8
:1008bc0000b5c5b001ab02928df804008df805109f
:1008cc0003cb0022cdf80d00cdf811100b2303a99a
:1008dc0003488df80c3001f08bf845b05df804fb43
:0408ec00a403002041
:020000040000fa
:020000040101f8
:1008f00038b504460d4600f025fea36c23b1002454
:1009000001f00cfa204638bda26b22b11c4601f062
:1009100005fa204638bda564012401f0fff9204600
:0409200038bd00bf1f
:020000040000fa
:020000040101f8
:1009240030b40d686b1c11d000f1080200e01a46c7
:1009340053681c68ac42fad904684b60013499606e
:100944008a6051600861046030bc70470269536872
:04095400f2e700bf07
:020000040000fa
:020000040101f8
:1009580013b500f1824000f5803093400478e4b28a
:100968008df807409df8074064b2634019404c4039
:10097800e4b28df807409df80730dbb2037002b08f
:0209880010bda0
:020000040000fa
:020000040101f8
:10098a0013b500f1824000f5803093400478e4b258
:10099a008df807409df8074064b2634019404c4007
:1009aa00e4b28df807409df80730dbb2037002b05d
:0209ba0010bd6e
:020000040000fa
:020000040101f8
:1009bc0013b500f1824000f5803093400478e4b226
:1009cc008df807409df8074064b2634019404c40d5
:1009dc00e4b28df807409df80730dbb2037002b02b
:0209ec0010bd3c
:020000040000fa
:020000040101f8
:1009ee0013b500f1824000f5803093400478e4b2f4
:1009fe008df807409df8074064b2634019404c40a3
:100a0e00e4b28df807409df80730dbb2037002b0f8
:020a1e0010bd09
:020000040000fa
:020000040101f8
:100a200013b500f1824000f5803093400478e4b2c1
:100a30008df807409df8074064b2634019404c4070
:100a4000e4b28df807409df80730dbb2037002b0c6
:020a500010bdd7
:020000040000fa
:020000040101f8
:100a52004ff4001c1ceb410f98bf1ceb430f0cd84a
:100a620050ea410c08bf52ea430c08d0904208bf3a
:100a720099420cbf012000207047002070470120de
:020a82007047bb
:020000040000fa
:020000040101f8
:100a8400037b53b910b48469a278c2f38102022aa9
:100a940005d018465df8044b704700207047e38882
:100aa40008885df8044bc01ab0fa80f0400970471a
:020000040000fa
:020000040101f8
:100ab40038b50a4b1c78012c03d0bde83840f5f753
:100ac40081be0d46044601f09bf829462046f5f701
:100ad40079fe044600f0a4fd204638bdd50200206e
:020000040000fa
:020000040101f8
:100ae400d0b50368d3e9026784b09a788df8002002
:100af40004469888adf80200cde902676946587843
:100b040001f0d6fa204600f09dfa04b0d0bd00bf33
:020000040000fa
:020000040101f8
:100b140090b970b5094d95f9003063b16e6856b15e
:100b240008460c4601f034f8736902462146a86869
:100b3400bde87040184770bd704700bf64120120c3
:020000040000fa
:020000040101f8
:100b440010b5094b094a1978127884b00f23002094
:100b54000124cde90200cde9003441f21110fdf782
:100b640091f804b010bd00bf3c03002038030020fe
:020000040000fa
:020000040101f8
:100b74000d0a53746172746564204e6f206265615e
:100b8400636f6e206e6574776f726b20696e20439d
:100b940068616e6e656c202d2025640d0a0000bf0f
:020000040000fa
:020000040101f8
:100ba40010b5094c23681a684ab1db684ff0ff316d
:100bb4001868fef775ff23681a68002af5d1034afe
:100bc40011682160136010bdc8120120cc120120ed
:020000040000fa
:020000040101f8
:100bd40080b584b000af78607b68db01fb60fb68a4
:100be400064aa2fb03235b08fb60f968002000f0bf
:100bf40059fe00bf1037bd4680bd00bfabaaaaaaec
:020000040000fa
:020000040101f8
:100c040038b5054600f0befa044660b9faf7eaffc3
:100c14000db1fef7b1fdfaf787ff044b00221a70fd
:100c24009a70204638bd8524fbe700bf08040020e5
:020000040000fa
:020000040101f8
:100c340053b94ab9002908bf00281cbf4ff0ff313f
:100c44004ff0ff3001f048baadf1080c6de904ce65
:100c5400f5f75afcddf804e0dde9022304b070473f
:020000040000fa
:020000040101f8
:100c640038b5084bd3e9064503681a2201461a70c1
:100c7400c3e90245044800f04bf8bde8384000f0f1
:0c0c8400abbf00bf4000002000000020bb
:020000040000fa
:020000040101f8
:100c900030b5016883b04d6bcb6a91f828200446cb
:100ca0004878019591f8305000950831fef700fa28
:0c0cb000204603b0bde8304000f0c6b99b
:020000040000fa
:020000040101f8
:100cbc0070b5046882b004f110066368e278a1781c
:100ccc00054660780196247a0094fef7dffc2846ee
:0c0cdc0002b0bde8704000f0b1b900bfec
:020000040000fa
:020000040101f8
:100ce80010b582b004467f230df107008df8073058
:100cf800f0f728ff28b19df907302370002002b0d3
:0c0d080010bd03230020237002b010bdba
:020000040000fa
:020000040101f8
:100d1400427a0346007a90420ed010b452b1586819
:100d240041600024013259604c605a7220465df8db
:0c0d3400044b70471960f4e70120704781
:020000040000fa
:020000040101f8
:100d400000030000dd1201019d020101ed07010118
:100d500021080101d9020101890801015508010199
:0c0d60007d200101891e010179200101a4
:020000040000fa
:020000040101f8
:100d6c0008b507490020fff7cffe06490020fff722
:100d7c00cbfe05490020bde80840fff7c5be00bf0b
:0c0d8c00e0d6000108d7000134d70001b8
:020000040000fa
:020000040101f8
:100d98000a4d4143204646442044656d6f2041700a
:100da800706c69636174696f6e0d0a0a0000000057
:0c0db8004d696c6c695f54696d657200d8
:020000040000fa
:020000040101f8
:100dc40000b5c3b006238df80d20cdf80500cdf88d
:100dd4000910002201a904488df8043000f00cfe2b
:0c0de40043b05df804fb00bfa403002036
:020000040000fa
:020000040101f8
:100df00000b5c3b000228df80210adf80000009bd2
:100e0000cdf8053001a9072303488df8043000f020
:0c0e1000f5fd43b05df804fba4030020d6
:020000040000fa
:020000040101f8
:100e1c0000b5c3b004238df805008df806108df8cd
:100e2c0007200deb0301002203488df8043000f07d
:0c0e3c00dffd43b05df804fba4030020c0
:020000040000fa
:020000040101f8
:100e480030b421f001014ff08075074c40f80c4c8c
:100e58006ff0020340f8202c40e9021540f8243cca
:0c0e680030bc4438704700bf2515010164
:020000040000fa
:020000040101f8
:100e740008b54ff0200383f31188bff36f8fbff3de
:100e84004f8ff7f7c5fa18b1034b4ff080521a6031
:0c0e9400002383f3118808bd04ed00e08a
:020000040000fa
:020000040101f8
:100ea00038b50024074d224640f2011140202c7035
:100eb00000f03eff2246686003490320bde8384049
:0c0ec00000f0f0baa0030020a51501010d
:020000040000fa
:020000040101f8
:100ecc0008b5074800f0fcfb38b9064800f0f8fb01
:100edc0018b9054800f0f4fb00b1852008bd00bf2f
:0c0eec00540400205d0400205c04002081
:020000040000fa
:020000040101f8
:100ef800f0b51446ff2501268c4209d9017803fa7a
:100f080002f281ea02032b405340dbb20370f0bdca
:0c0f180006fa04f725ea07050134ede7ae
:020000040000fa
:020000040101f8
:100f240038b5084b084c18780025e57700f076f8ba
:100f3400022323700123a3702846bde8384000f043
:0c0f4400d1bb00bf5d04002008040020a9
:020000040000fa
:020000040101f8
:100f500000b553ec112b83b051ec100b8ded002b31
:100f6000f8f772fe9ded002b53ec122bf5f774fd94
:0c0f700041ec100b03b05df804fb00bf67
:020000040000fa
:020000040101f8
:100f7c00802910db812901dd83290cd1136807330b
:100f8c0023f0070303f108011160d3e90023c0e942
:0a0f9c000023012070470020704779
:020000040000fa
:020000040101f8
:020fa600704792
:020000040000fa
:020000040101f8
:100fa80030b4064b064d074980224ff48064012077
:100fb800aa635c635a6330bc48637047002b0044e3
:080fc800002a0044002d004442
:020000040000fa
:020000040101f8
:100fd000012303fa00f010f0220f0ad110f0880f5d
:100fe00005d110f0440f14bf0820002070471020d6
:080ff00070470420704700bfa8
:020000040000fa
:020000040101f8
:100ff8000368232210b5044659701a7039b921467e
:101008000448fff783febde8104000f0e3bd00f0a0
:0810180005fbf4e700000020d5
:020000040000fa
:020000040101f8
:10102000074b1b78834201d21220704710b5054b45
:1010300000011c181858fdf789fe0020207310bd10
:0810400045130120080f0120f7
:020000040000fa
:020000040101f8
:1010480050b1064b02689a42014602d30448fff7a2
:101058005dbe0448fff75abe704700bf3803012041
:081068004c120120401201208e
:020000040000fa
:020000040101f8
:10107000074b5a7a52b13321064a987a997213680b
:10108000c0b21bb110b1516813681847704700bf58
:08109000001400407812012059
:020000040000fa
:020000040101f8
:1010980010b5084c94f8311094f9080000f074fb6e
:1010a80094f8303003b110bd04f13800bde81040a9
:0810b80000f0d6bfa0100120da
:020000040000fa
:020000040101f8
:1010c00008480068006880f308884ff0000080f34b
:1010d000148862b661b6bff34f8fbff36f8f00df26
:0810e00000bf000008ed00e074
:020000040000fa
:020000040101f8
:1010e80070b504460d46164604e0a269236a2046f8
:1010f80015449847a1692b46294432462046fef7f5
:081108004bfe0028f1d170bd7f
:020000040000fa
:020000040101f8
:10111000026910b4d0e9011354688b6084425960ad
:1011200008bf536013685df8044b013b0021016167
:0811300018461360704700bf70
:020000040000fa
:020000040101f8
:1011380008b5084b5b780f2b01d0202b07d108206e
:10114800f5f77cf808280cbf0020852008bd822010
:08115800fce700bf08040020c1
:020000040000fa
:020000040101f8
:1011600000f1824000f5803082b00378dbb28df868
:1011700007309df8073019401141c9b28df80710aa
:081180009df8070002b0704762
:020000040000fa
:020000040101f8
:1011880008b5074a4ff003019170537803f01f0325
:10119800082bf9d100f008ff024b5870002008bd59
:0811a8000000014108040020d1
:020000040000fa
:020000040101f8
:1011b00000f1824000f5803082b00378dbb28df818
:1011c00007309df8073019401141c9b28df807105a
:0811d0009df8070002b0704712
:020000040000fa
:020000040101f8
:1011d80000f1824000f5803082b00378dbb28df8f0
:1011e80007309df8073019401141c9b28df8071032
:0811f8009df8070002b07047ea
:020000040000fa
:020000040101f8
:1012000038b50569954228bf154604465db12a46a2
:10121000406900f01ffb636922692b44551b0022c3
:08122000636125611a7038bdfd
:020000040000fa
:020000040101f8
:1012280038b503680446142519715a8021461d7083
:101238000348fff76bfdbde8384000f0cbbc00bfaa
:041248000000002082
:020000040000fa
:020000040101f8
:10124c0038b504681025a170627063600146257082
:10125c000348fff759fdbde8384000f0b9bc00bfaa
:04126c00000000205e
:020000040000fa
:020000040101f8
:1012700038b5064b04464068a569186018465d609d
:10128000fef7a2fa08b9024b1c6038bd34000020fa
:0412900090000020aa
:020000040000fa
:020000040101f8
:1012940010b50446437a02e0fff7d4fe637a0022d5
:1012a4001146204623b1fcf74bfb0028f4d16072b1
:0412b40010bd00bfaa
:020000040000fa
:020000040101f8
:1012b800074a537943f08003537113695b07fcd4e1
:1012c800034a537913f0e00ffbd1908a704700bfaf
:0412d80000140040be
:020000040000fa
:020000040101f8
:1012dc0000b1704738b5064d05f108000c4600f01a
:1012ec0027fa012802d123682b60287138bd00bf72
:0412fc005812012063
:020000040000fa
:020000040101f8
:1013000000b5c3b008238df8050001a900220448e8
:101310008df8043000f072fb43b05df804fb00bfb1
:04132000a403002002
:020000040000fa
:020000040101f8
:1013240000b5c3b002238df8050001a900220448ca
:101334008df8043000f060fb43b05df804fb00bf9f
:04134400a4030020de
:020000040000fa
:020000040101f8
:1013480000b5c3b00d238df8050001a9002204489b
:101358008df8043000f04efb43b05df804fb00bf8d
:04136800a4030020ba
:020000040000fa
:020000040101f8
:04136c00704700bf07
:020000040000fa
:020000040101f8
:10137000074b19680868b0e8f04f80f30988bff39d
:101380006f8f4ff0000080f311887047aff300803b
:04139000dc1201204a
:020000040000fa
:020000040101f8
:10139400026c72b110b40b46d0e902411144a1426f
:1013a400c16024bf0168c1605df8044b184600f0b9
:0413b4004fba704775
:020000040000fa
:020000040101f8
:1013b80010b500210120fef7cdfc044638b100230a
:1013c80083600360c3601a461946f8f7cdf92046d2
:0413d80010bd00bf85
:020000040000fa
:020000040101f8
:1013dc0030b583b0dde90654cde90054faf7cafd07
:1013ec0020b1f8f717f9012003b030bd4ff0ff30f2
:0413fc0003b030bd4d
:020000040000fa
:020000040101f8
:1014000080b500af0620f4f71dff00f0d1fd0346c4
:1014100003f01f03062bf5d141f65830fef788fe86
:0414200000bf80bdcc
:020000040000fa
:020000040101f8
:10142400010101010101010102010802010101019f
:101434000201010201020101020102020101010192
:020000040000fa
:020000040101f8
:1014440010b5fef78ff800210446044800f0c0fdf3
:1014540010b100f02bf90124204610bd000000203b
:020000040000fa
:020000040101f8
:1014640010b50446006800f10803c278817840781a
:10147400fff7acf82046bde81040fff7e3bd00bf1e
:020000040000fa
:020000040101f8
:10148400064a08b50301d118087b00b908bdd05835
:1014940000f0fafa80f00100c0b208bd080f012084
:020000040000fa
:020000040101f8
:1014a40070b400eb4003054d9b00ec182689b04254
:1014b40004bfe950626070bc704700bfe0100120b7
:020000040000fa
:020000040101f8
:1014c40010b49df8044004b922b101945df8044bb2
:1014d400fbf792ba4ff0ff305df8044b704700bf42
:020000040000fa
:020000040101f8
:1014e4000a526573756c74206672616d6520776944
:1014f40074682068616e646c65202575203a20004c
:020000040000fa
:020000040101f8
:101504000a202044656661756c74206861732062ea
:1015140065656e2063616c6c65642020000000bf0b
:020000040000fa
:020000040101f8
:1015240082b0002301934ff0200383f31188bff3ab
:101534006f8fbff34f8f019b002bfcd002b070471d
:020000040000fa
:020000040101f8
:101544004ff0200383f31188bff36f8fbff34f8fe6
:10155400024a136801331360704700bfcc130120a3
:020000040000fa
:020000040101f8
:1015640010b5064b1b680c4603f11801fff7d8f9b8
:1015740020460121bde81040faf71abadc12012016
:020000040000fa
:020000040101f8
:10158400054b1b6833b1054b1b68002b0cbf0220b5
:1015940000207047012070470c130120f012012035
:020000040000fa
:020000040101f8
:1015a40000b5c3b00e2301a9002204488df804300d
:1015b40000f022fa43b05df804fb00bfa40300204e
:020000040000fa
:020000040101f8
:1015c40008b5054b1878fff729fd044b1878bde8da
:1015d4000840fff723bd00bf540400205c04002032
:020000040000fa
:020000040101f8
:1015e400064bda6822f48072da60da6822f00302c9
:1015f40008b1da60704742f00102fae700100141d5
:020000040000fa
:020000040101f8
:1016040010b50023934206d113f0030018bf012044
:0e16140000eb930010bdc45ccc540133f2e730
:020000040000fa
:020000040101f8
:10162400044bdb7d23b9044b1b780bb900f0fabbe8
:0c163400704700bfe000002030000020e4
:020000040000fa
:020000040101f8
:1016400010b5036804465a6858789978fff736f958
:0c1650002046bde81040fff7f7bc00bfcb
:020000040000fa
:020000040101f8
:10165c0010b5036804461a7cd3e90201fff7acfb12
:0c166c002046bde81040fff7e9bc00bfbd
:020000040000fa
:020000040101f8
:1016780010b5036804461a7cd3e9020100f018fd8e
:0c1688002046bde81040fff7dbbc00bfaf
:020000040000fa
:020000040101f8
:1016940010b503680446da7858789978fff7bcfbec
:0c16a4002046bde81040fff7cdbc00bfa1
:020000040000fa
:020000040101f8
:1016b00003681b78232b04d8034a52f823300bb15c
:0c16c00018477047fff7c0bcf0cc0001d9
:020000040000fa
:020000040101f8
:1016cc00054a1378092b04d8591c0370117000209b
:0c16dc0070471420704700bf4513012028
:020000040000fa
:020000040101f8
:1016e800054b1a6832b110b11846fef77dbc184692
:0c16f80000f012b8f9f7bab9e4020020c3
:020000040000fa
:020000040101f8
:101704000b4610b5114604460022184600f00efba5
:0c1714002060003018bf012010bd00bf95
:020000040000fa
:020000040101f8
:1017200008b500231a4619460068f8f721f8a0f119
:0c1730000100b0fa80f0400908bd00bfc5
:020000040000fa
:020000040101f8
:10173c00036813b100231846704710b50446012006
:0c174c00fff734fe01232060184610bd9a
:020000040000fa
:020000040101f8
:10175800054b1a6bd86a996a884284bf1b6bc918f3
:0c176800081a013a101a70475c100120aa
:020000040000fa
:020000040101f8
:10177400054b1a699968d86881423cbf1b69c9182e
:0c178400081a013a101a70475c1001208e
:020000040000fa
:020000040101f8
:1017900049b1002807db044a00f01f01012340097a
:0c17a0008b4042f82030704700e100e070
:020000040000fa
:020000040101f8
:1017ac0008b5044b044ad9680023a0fb0101fff7dc
:0c17bc003bfa08bda010012040420f00c5
:020000040000fa
:020000040101f8
:1017c800391f01015d1a0101751a0101ed1f01019f
:0c17d800691e0101791e0101b912010116
:020000040000fa
:020000040101f8
:1017e40058b1884207d310b50c460021fef7b4fa6d
:0c17f40000b1846310bd002070477047f6
:020000040000fa
:020000040101f8
:1018000008b500f0d5fb0138c0b2182896bf024bce
:0c1810000820185c08bd00bfc2180101d0
:020000040000fa
:020000040101f8
:10181c00054b1a6818b142f010021a60704722f09a
:0c182c0010021a60704700bf004001412c
:020000040000fa
:020000040101f8
:1018380030b501390024a24206d0035d01340d5da4
:0c184800ab42f8d0581b00e0002030bd7f
:020000040000fa
:020000040101f8
:101854005ab110b40a44431e11f8014b03f8014f66
:0c1864009142f9d15df8044b70477047c9
:020000040000fa
:020000040101f8
:1018700050b140f21d42b0fa80f1521a8840c30aba
:0c188000400503eb025170470100704767
:020000040000fa
:020000040101f8
:10188c0013b50446019201aaf4f762f8636813f0e9
:0c189c00100f18bf4ff0ff3002b010bd5d
:020000040000fa
:020000040101f8
:1018a80080b483b000af786039600139fdd800bfdb
:0a18b8000c37bd465df8047b704755
:020000040000fa
:020000040101f8
:1018c200110f0808081608080808080808080f2059
:0918d200110f0808081608081996
:020000040000fa
:020000040101f8
:1018dc0008b5ff21034800f01dfbbde80840fcf7ec
:0818ec0007ba00bf0000002054
:020000040000fa
:020000040101f8
:1018f40008b50020fdf79afd10b9024b01221a70b9
:0819040008bd00bfd502002060
:020000040000fa
:020000040101f8
:10190c0008b5fff713fc852802d0024b00221a7091
:08191c0008bd00bfd502002048
:020000040000fa
:020000040101f8
:1019240010b5036804469978587800f0bffb204648
:08193400bde81040fff786bb7f
:020000040000fa
:020000040101f8
:10193c0010b50368044619795888fff753fa204606
:08194c00bde81040fff77abb73
:020000040000fa
:020000040101f8
:1019540010b503680446d3e9020100f0adfb20464c
:08196400bde81040fff76ebb67
:020000040000fa
:020000040101f8
:10196c0010b5036804465878fff7c4fc2046bde860
:08197c001040fff763bb00bf40
:020000040000fa
:020000040101f8
:1019840010b5036804465878fff7cafc2046bde842
:081994001040fff757bb00bf34
:020000040000fa
:020000040101f8
:10199c0010b503680446587800f08cfb2046bde86f
:0819ac001040fff74bbb00bf28
:020000040000fa
:020000040101f8
:1019b40010b5036804465878fff7c4fc2046bde818
:0819c4001040fff73fbb00bf1c
:020000040000fa
:020000040101f8
:1019cc0008b509680068fef78dffa0f10100b0fab8
:0819dc0080f0400908bd00bfc6
:020000040000fa
:020000040101f8
:1019e4000b6810b511460446184600f07df82060d7
:0819f400003018bf012010bdf6
:020000040000fa
:020000040101f8
:1019fc0008b500680023f7f7b5fea0f10100b0fab6
:081a0c0080f0400908bd00bf95
:020000040000fa
:020000040101f8
:101a140008b528b1012801d1fff792fd002008bdc7
:081a240000f048fa002008bda3
:020000040000fa
:020000040101f8
:101a2c00044bd86a9a6a904284bf1b6bd218101a66
:081a3c00704700bf5c1001209f
:020000040000fa
:020000040101f8
:101a4400044a9368d06883423cbf12699b18181af1
:081a5400704700bf5c10012087
:020000040000fa
:020000040101f8
:101a5c00044a136843f00203136013699b07fcd418
:081a6c00704700bf00140040a8
:020000040000fa
:020000040101f8
:101a7400044a136823f00203136013699b07fcd420
:081a8400704700bf0014004090
:020000040000fa
:020000040101f8
:101a8c0010b50446fef766fd20b12046bde81040b7
:081a9c00fef73abc10bd00bfcb
:020000040000fa
:020000040101f8
:101aa4005750414e5f5461736b7300004150505f57
:081ab4005461736b730000bf65
:020000040000fa
:020000040101f8
:101abc00e1d200012d1a0101591701016dad000190
:081acc00451a01017517010123
:020000040000fa
:020000040101f8
:101ad400446576696365202575206173736f636956
:081ae400617465640d0a000045
:020000040000fa
:020000040101f8
:101aec0000b583b00a46002301a90193f8f722fd43
:081afc00019803b05df804fb42
:020000040000fa
:020000040101f8
:101b040010b50446fff71cfd94f8244004f00104ca
:081b140000f002f9204610bdab
:020000040000fa
:020000040101f8
:101b1c0000f108034ff0ff3100228160c0e900237f
:081b2c00c0e90333704700bf5c
:020000040000fa
:020000040101f8
:101b3400034a044b1268d26812681a60704700bfe7
:081b4400e01201200013012052
:020000040000fa
:020000040101f8
:101b4c00034a044b12681b68c0e90023704700bfae
:081b5c00041301201013012005
:020000040000fa
:020000040101f8
:101b6400034b1b78034b0a2201201a70fff7babdfe
:081b74000f00014108040020ec
:020000040000fa
:020000040101f8
:101b7c0080b400af034bff221a6000bfbd465df876
:081b8c00047b704714100141b5
:020000040000fa
:020000040101f8
:101b940003783bb1034600bf13f8012f002afbd1a1
:081ba400181a7047184670473b
:020000040000fa
:020000040101f8
:101bac00034b04481a68504301301860400c7047ce
:081bbc00381301202d7f954c28
:020000040000fa
:020000040101f8
:101bc40068076c094c836a9074a07ac000806888a6
:061bd40000846c82008118
:020000040000fa
:020000040101f8
:101bdc00034803680bb1fff79dbdfff72dbc00bf99
:041bec009c10012028
:020000040000fa
:020000040101f8
:101bf000037b23b94089b0fa80f040097047002088
:041c0000704700bf6a
:020000040000fa
:020000040101f8
:101c0400034b1b78012b00d07047fff77dbe00bf4c
:041c1400d5020020d5
:020000040000fa
:020000040101f8
:101c180010b50446084600f09bf82060003018bf55
:041c2800012010bdca
:020000040000fa
:020000040101f8
:101c2c0008b50068f8f786fca0f10100b0fa80f066
:041c3c00400908bd96
:020000040000fa
:020000040101f8
:101c400008b5006800f030f9a0f10100b0fa80f0aa
:041c5000400908bd82
:020000040000fa
:020000040101f8
:101c540008b50068f7f782f9a0f10100b0fa80f046
:041c6400400908bd6e
:020000040000fa
:020000040101f8
:101c680008b5006800f06af8ff2828bfff20c0b256
:041c780008bd00bfe4
:020000040000fa
:020000040101f8
:101c7c00eff3108072b6bff35f8fb0fa80f04009bb
:041c8c00704700bfde
:020000040000fa
:020000040101f8
:101c900018b1bff35f8f62b6704772b6bff35f8f44
:041ca000704700bfca
:020000040000fa
:020000040101f8
:101ca400034b1a6812b158681b681847704700bf85
:041cb4007012012089
:020000040000fa
:020000040101f8
:101cb8004ff0200383f31188bff36f8fbff34f8f6b
:041cc800fee700bf74
:020000040000fa
:020000040101f8
:101ccc004ff0200383f31188bff36f8fbff34f8f57
:041cdc00fee700bf60
:020000040000fa
:020000040101f8
:101ce000284d5344552068616e646c653a20257513
:041cf000290000bf08
:020000040000fa
:020000040101f8
:101cf4005278206672616d65204164647220257893
:041d0400202d20006e
:020000040000fa
:020000040101f8
:101d0800dff80c00016841f47001016070470000c1
:041d180088ed00e072
:020000040000fa
:020000040101f8
:101d1c00034a1368013b13600bb983f311887047b6
:041d2c00cc130120b3
:020000040000fa
:020000040101f8
:101d3000024620b1a2fb01230bb9fef70fb8002029
:041d4000704700bf29
:020000040000fa
:020000040101f8
:101d440010b50446fff7fcfba46bfff7e5ff204644
:041d540010bd00bfff
:020000040000fa
:020000040101f8
:101d5800034620b19b0f02d10421fdf7fbbf0020f1
:041d6800704700bf01
:020000040000fa
:020000040101f8
:101d6c00034b186810b1836c01338364704700bf58
:041d7c00dc12012054
:020000040000fa
:020000040101f8
:101d8000024b1b78024b1b78704700bf0f000141cc
:041d900040000141cd
:020000040000fa
:020000040101f8
:101d9400034b012002221a70d8779870fff7a2bc77
:041da400080400200f
:020000040000fa
:020000040101f8
:101da800e51d010105160101d9200101d920010114
:041db800d92001012c
:020000040000fa
:020000040101f8
:101dbc0032b1c9b20244034603f8011b9342fbd172
:041dcc00704700bf9d
:020000040000fa
:020000040101f8
:101dd000034600bf11f8012b184603f8012b002a17
:041de000f8d170477f
:020000040000fa
:020000040101f8
:101de4000a440023914201d10020704701f8013bcd
:021df400f8e70e
:020000040000fa
:020000040101f8
:101df800037b13b94389013b43810020704700bf2f
:020000040000fa
:020000040101f8
:101e0800007a0b78c01ab0fa80f04009704700bf1a
:020000040000fa
:020000040101f8
:101e18002b0111020401040101010108080200bf9d
:020000040000fa
:020000040101f8
:101e2800024b1b7803b17047fff760bdd502002055
:020000040000fa
:020000040101f8
:101e380000684379027941884078f1f723bc00bff4
:020000040000fa
:020000040101f8
:101e480020b1012801d1fff765bf7047f7f738b90e
:020000040000fa
:020000040101f8
:101e5800024b1868c0f3c030704700bf000600444a
:020000040000fa
:020000040101f8
:101e6800024a908313695b06fcd470470014004053
:020000040000fa
:020000040101f8
:101e7800024ad08313691b06fcd470470014004043
:020000040000fa
:020000040101f8
:101e880010b9024b18797047032070475812012087
:020000040000fa
:020000040101f8
:101e9800024b4ff480625a63704700bf002b004426
:020000040000fa
:020000040101f8
:101ea800836bc06bc01ab0fa80f04009704700bf5e
:020000040000fa
:020000040101f8
:101eb800024a136801331360704700bff012012013
:020000040000fa
:020000040101f8
:101ec80008b50020f8f7ccfcfdf7c4f8fce700bf24
:020000040000fa
:020000040101f8
:101ed800494e4600696e66004e414e006e616e00c6
:020000040000fa
:020000040101f8
:101ee800494e4600696e66004e414e006e616e00b6
:020000040000fa
:020000040101f8
:0e1ef800a0f14103192b98bf40f02000704765
:020000040000fa
:020000040101f8
:0e1f0600a0f16103192b98bf00f05f00704737
:020000040000fa
:020000040101f8
:0c1f14000b68181ab0fa80f04009704702
:020000040000fa
:020000040101f8
:0c1f200000230172c0e9003343727047d7
:020000040000fa
:020000040101f8
:0c1f2c0008b5fff709ffc0b208bd00bff8
:020000040000fa
:020000040101f8
:0c1f3800014b18605960704778120120be
:020000040000fa
:020000040101f8
:0c1f440090200101400d01010000000090
:020000040000fa
:020000040101f8
:0c1f5000014b80225a637047002a0044b5
:020000040000fa
:020000040101f8
:0c1f5c00014b1868704700bf10130120f3
:020000040000fa
:020000040101f8
:0c1f6800014b1868704700bfe812012010
:020000040000fa
:020000040101f8
:0c1f7400014b01221a6070471413012079
:020000040000fa
:020000040101f8
:0c1f8000014b1878fff77eba54040020d3
:020000040000fa
:020000040101f8
:0c1f8c0000f1824000f5803000787047c2
:020000040000fa
:020000040101f8
:0c1f980000f1824000f5803000787047b6
:020000040000fa
:020000040101f8
:0c1fa40010b50446fff712ff204610bde8
:020000040000fa
:020000040101f8
:0a1fb00000221f210120fff7d3b823
:020000040000fa
:020000040101f8
:081fbc0001460020f6f7a4bc69
:020000040000fa
:020000040101f8
:081fc4000004081000040810dd
:020000040000fa
:020000040101f8
:081fcc00000000000101010109
:020000040000fa
:020000040101f8
:081fd4000a460021fbf7b4bc32
:020000040000fa
:020000040101f8
:081fdc000a460121fbf7b0bc2d
:020000040000fa
:020000040101f8
:081fe400bff35f8f62b6704786
:020000040000fa
:020000040101f8
:081fec00004870470020a10726
:020000040000fa
:020000040101f8
:081ff40008b5fef7c9f9fce78e
:020000040000fa
:020000040101f8
:081ffc0008b5fbf765fcfce7ea
:020000040000fa
:020000040101f8
:08200400c817010119000000da
:020000040000fa
:020000040101f8
:08200c000a000000256300003a
:020000040000fa
:020000040101f8
:08201400546d72205376630045
:020000040000fa
:020000040101f8
:08201c0000230361704700bfbf
:020000040000fa
:020000040101f8
:082024000087858d858c858500
:020000040000fa
:020000040101f8
:08202c0083f00043f4f712bd3c
:020000040000fa
:020000040101f8
:08203400286e696c29002500eb
:020000040000fa
:020000040101f8
:07203c00286e756c6c290091
:020000040000fa
:020000040101f8
:04204400fff792b957
:020000040000fa
:020000040101f8
:04204800704700bf1e
:020000040000fa
:020000040101f8
:04204c00704700bf1a
:020000040000fa
:020000040101f8
:0420500000207047b5
:020000040000fa
:020000040101f8
:042054000a207047a7
:020000040000fa
:020000040101f8
:0420580000207047ad
:020000040000fa
:020000040101f8
:04205c00704700bf0a
:020000040000fa
:020000040101f8
:0420600001207047a4
:020000040000fa
:020000040101f8
:04206400fff7f6bdcf
:020000040000fa
:020000040101f8
:04206800fff75abb69
:020000040000fa
:020000040101f8
:04206c00f8f736b893
:020000040000fa
:020000040101f8
:04207000faf7acbd12
:020000040000fa
:020000040101f8
:04207400704700bff2
:020000040000fa
:020000040101f8
:04207800012070478c
:020000040000fa
:020000040101f8
:04207c00704700bfea
:020000040000fa
:020000040101f8
:04208000fff7fcbdad
:020000040000fa
:020000040101f8
:04208400fff704bea0
:020000040000fa
:020000040101f8
:04208800fdf7aab9fd
:020000040000fa
:020000040101f8
:04208c00704700bfda
:020000040000fa
:020000040101f8
:04209000bc1a010174
:020000040000fa
:020000040101f8
:04209400fee700bfa4
:020000040000fa
:020000040101f8
:04209800fee700bfa0
:020000040000fa
:020000040101f8
:04209c00fee700bf9c
:020000040000fa
:020000040101f8
:0420a000fee700bf98
:020000040000fa
:020000040101f8
:0420a400fee700bf94
:020000040000fa
:020000040101f8
:0420a800fee700bf90
:020000040000fa
:020000040101f8
:0420ac000100050129
:020000040000fa
:020000040101f8
:0420b000704700bfb6
:020000040000fa
:020000040101f8
:0420b400704700bfb2
:020000040000fa
:020000040101f8
:0420b800704700bfae
:020000040000fa
:020000040101f8
:0420bc00704700bfaa
:020000040000fa
:020000040101f8
:0420c000704700bfa6
:020000040000fa
:020000040101f8
:0420c400704700bfa2
:020000040000fa
:020000040101f8
:0420c80001607047fc
:020000040000fa
:020000040101f8
:0420cc000120704738
:020000040000fa
:020000040101f8
:0420d00000787047dd
:020000040000fa
:020000040101f8
:0420d40000687047e9
:020000040000fa
:020000040101f8
:0420d800002070472d
:020000040000fa
:020000040101f8
:0420dc00704700bf8a
:00000001FF
