:02000004008179
:100F8800FFFF000000400E8438FC745F3B480014EB
:080F98000B006079000000006D
:040FBC000000001021
:020000040100F9
:1000000000000000000000000000000000000000F0
:1000100000000000000000005048434D00000000B8
:1000200000000000000000000000000000000000D0
:10003000000000000000000000000000FEFFFFFFC5
:100040000301000000007400000000010002000134
:1000500000020001002A040000000000000000006F
:100060000000000000000000000000000000000090
:100070000000000000000000000000000000000080
:100080000000000000000000000000000000000070
:100090000000000000000000000000000000000060
:1000A0000000000000000000000000000000000050
:1000B0000000000000000000000000000000000040
:1000C0000000000000000000000000000000000030
:1000D0000000000000000000000000000000000020
:1000E0000000000000000000000000000000000010
:1000F0000000000000000000000000000000000000
:1001000000000000000000000000000000000000EF
:1001100000000000000000000000000000000000DF
:1001200000000000000000000000000000000000CF
:1001300000000000000000000000000000000000BF
:1001400000000000000000000000000000000000AF
:10015000000000000000000000000000000000009F
:10016000000000000000000000000000000000008F
:10017000000000000000000000000000000000007F
:10018000000000000000000000000000000000006F
:10019000000000000000000000000000000000005F
:1001A000000000000000000000000000000000004F
:1001B000000000000000000000000000000000003F
:1001C000000000000000000000000000000000002F
:1001D000000000000000000000000000000000001F
:1001E000000000000000000000000000000000000F
:1001F00000000000000000000000000000000000FF
:10020000F0FF072041CA02014399020193A00201B5
:100210007BEF02011BFF0201BF170301000000007A
:10022000000000000000000000000000D1E3030116
:10023000B3A7020100000000511B0301F9CB030129
:1002400053750201537502015375020179090401C6
:100250005375020153750201537502015375020172
:100260005375020153750201537502015375020162
:10027000537502015375020153750201F5310301F3
:100280005375020153750201537502015375020142
:100290005375020153750201537502015375020132
:1002A000537502011DCB03015375020149CB0301B4
:1002B0005375020153750201537502015375020112
:1002C0005375020153750201537502015375020102
:1002D00053750201537502015375020153750201F2
:1002E00053750201537502015375020153750201E2
:1002F000057E030159E6030153750201537502019E
:1003000053750201537502015375020153750201C1
:10031000537502012DB90301537502015375020192
:1003200053750201391F03010F202000806802204D
:1003300000000000000000000E2020008068022065
:1003400000000000000000000D2020008068022056
:1003500000000000000000000C2020008068022047
:1003600000000000000000000B2020008068022038
:1003700000000000000000000A2020008068022029
:10038000000000000000000009202000806802201A
:10039000000000000000000008202000806802200B
:1003A00000000000000000000720320080670220EB
:1003B00000000000000000000620320080670220DC
:1003C00000000000000000000520320080670220CD
:1003D00000000000000000000420320080670220BE
:1003E00000000000000000000320320080670220AF
:1003F00000000000000000000220320080670220A0
:100400000000000000000000012032008067022090
:100410000000000000000000002032008067022081
:100420000000000000000000F8B500BFF8BC08BCE8
:100430009E4670477D840301F8B500BFF8BC08BC38
:100440009E467047598403015418010001000000C2
:100450004D6963726F636869700000000201050BEB
:1004600009706963333263782D627A0516DAFEFF0C
:10047000010000000B09706963333263782D627AE2
:1004800000000000436F6E6E65637465640D0A00C2
:10049000446973636F6E6E65637465640D0A000072
:1004A0004164766572746973696E670D0A000000B5
:1004B00050485920436F6E643A2025732C20696E92
:1004C000206C696E653A2025642C200D0A0000001E
:1004D000504859204173736572743A2025732C205B
:1004E000696E206C696E653A2025642C200D0A0027
:1004F0004452565F504859206F7065726174696F3D
:100500006E206572726F723A2025640D0A00000039
:100510004452562050485920696E697420666169BA
:100520006C65643A2025640D0A000000474D414384
:1005300000000000644D49494D2041737365727499
:100540003A2025732C20696E206C696E653A20254F
:10055000642C200D0A000000554450204E554C4C90
:100560002064796E616D696320616C6C6F63617486
:10057000696F6E2068616E646C65000055445020A0
:1005800044796E616D696320616C6C6F636174693D
:100590006F6E206661696C65640000004C696D696E
:1005A00074656400446972656374656400000000EA
:1005B00055736167653A20616E6E6F756E63652075
:1005C000302F310D0A0000002573206263617374BF
:1005D000207375626D69747465643A2025640D0A30
:1005E0000000000055736167653A206D6163696EB4
:1005F000666F200D0A00000045783A206D6163693E
:100600006E666F200D0A0000496E74657266616344
:10061000653A2025732044726976657220537461AF
:10062000746973746963730D0A0000000D0A205227
:100630006563656976652053746174697374696371
:10064000730D0A0009206E52784F6B5061636B6521
:1006500074733A2025640D0A09206E527850656E35
:1006600064427566666572733A2025640D0A092036
:100670006E52785363686564427566666572733A54
:100680002025640D0A00000009206E527845727220
:100690006F725061636B6574733A2025640D0A09AB
:1006A000206E5278467261676D656E744572726F26
:1006B00072733A2025640D0A09206E5278427566DD
:1006C000664E6F74417661696C61626C653A202593
:1006D000640D0A000D0A205472616E736D697420F6
:1006E000537461746973746963730D0A00000000C8
:1006F00009206E54784F6B5061636B6574733A20B8
:1007000025640D0A09206E547850656E6442756642
:10071000666572733A2025640D0A09206E54784587
:1007200072726F725061636B6574733A2025640D49
:100730000A09206E5478517565756546756C6C3A7A
:100740002025640D0A0D0A00096E6F742073757000
:10075000706F727465640D0A00000000496E746564
:1007600072666163653A202573204861726477611F
:100770007265205265676973746572205374617481
:1007800075730D0A00000000092025733A203078A7
:1007900025780D0A00000000656E61626C6500003E
:1007A000656E61626C65640064697361626C6500AA
:1007B00064697361626C6564000000006E6F6E6551
:1007C0000000000055736167653A20646E73632012
:1007D0003C64656C2F696E666F2F6F6E2F6F666657
:1007E0002F6C6F6F6B75703E200D0A00557361673B
:1007F000653A202573203C6F6E2F6F66663E203C65
:10080000696E746572666163653E203C73747269DB
:1008100063742F707265663E2F3C636C6561723E37
:10082000200D0A0045783A202573206F6E206574EC
:1008300068300D0A00000000556E6B6E6F776E20F9
:10084000696E746572666163650D0A006F6E000003
:100850007374726963740000707265660000000052
:100860006F666600636C656172000000556E6B6EAA
:100870006F776E206F7074696F6E0D0A0000000054
:1008800025732025730D0A004661696C6564207428
:100890006F2025732025730D0A00000055736167D2
:1008A000653A20646E7363206C6F6F6B7570203CCB
:1008B000747970653E203C686F73744E616D653E5F
:1008C000200D0A0048656C703A203C686F73744EC6
:1008D000616D653E2855524C29202D206C6F6F6B41
:1008E00020757020666F7220686F73746E616D651D
:1008F0000D0A000048656C703A203C747970653EC2
:10090000203A2061206F72204120666F722049508A
:1009100076342061646472657373206C6F6F6B75DD
:10092000700D0A0048656C703A203C747970653E21
:10093000203A2061616161206F7220414141412074
:10094000666F7220495076362061646472657373F5
:10095000206C6F6F6B75700D0A00000048656C703D
:100960003A203C747970653E203A20616E792066A9
:100970006F7220626F7468204950763420616E6413
:1009800020495076362061646472657373206C6F01
:100990006F6B75700D0A0000646E7363206C6F6F6F
:1009A0006B75703A20636F6D6D616E6420696E20A7
:1009B00070726F67726573732E205265747279203E
:1009C0006C617465722E0D0A000000004100000089
:1009D000610000004141414100000000616161612E
:1009E00000000000414E5900616E7900646E73632F
:1009F000206C6F6F6B75703A205B25735D204C6FB8
:100A00006F6B75702054797065206E6F74207375EC
:100A100070706F727465642E0D0A0000646E7363EB
:100A2000206C6F6F6B75703A20486F7374206E6125
:100A30006D6520746F6F206C6F6E672E2052657429
:100A400072792E0D0A000000646E7363206C6F6F64
:100A50006B75703A207265736F6C76696E6720688B
:100A60006F73743A20257320666F722074797065F5
:100A70003A202573200D0A0055736167653A20649A
:100A80006E73632064656C203C686F73744E616D97
:100A9000653E7C616C6C200D0A00000048656C703E
:100AA0003A203C686F73744E616D653E2855524C18
:100AB00029202D2052656D6F76652074686520654C
:100AC0006E74727920696620657869737473200D7D
:100AD0000A00000048656C703A20616C6C202D2083
:100AE00052656D6F766520616C6C2074686520724C
:100AF00065736F6C76656420656E747279200D0A7B
:100B000000000000616C6C005B25735D206E6F74EB
:100B10002070617274206F662074686520444E53A3
:100B200020436163686520656E747279200D0A0048
:100B3000496E636F6D706C65746520636F6D6D6178
:100B40006E64200D0A00000055736167653A2064E9
:100B50006E736320696E666F200D0A0048656C70C5
:100B60003A20646973706C61792074686520444E22
:100B70005320636163686520656E747279206465D3
:100B80007461696C73200D0A00000000444E53200C
:100B9000436C69656E7420697320646F776E210DF4
:100BA0000A000000444E5320436C69656E7420496E
:100BB00046202D205374726963743A2025732C20CB
:100BC0005072656665727265643A2025730D0A007D
:100BD000444E5320436C69656E74202D2074696DFA
:100BE000653A2025642C2070656E64696E673A2032
:100BF00025642C2063757272656E743A2025642C0E
:100C000020746F74616C3A2025640D0A00000000A6
:100C1000486F73746E616D65203D202573200D0A49
:100C200054696D656F7574203D202564200D0A00A0
:100C300049507634203D25730D0A00004950763620
:100C4000203D2025730D0A002D2D2D2D2D2D2D2D10
:100C50002D2D2D2D2D2D2D2D2D2D2D2D2D2D2D2DC4
:100C60002D2D2D2D2D2D2D2D2D2D2D2D2D2D2D2DB4
:100C70002D2D2D2D2D2D2D2D2D2D2D2D0D0A000041
:100C80004E6F20444E5320436C69656E742043615F
:100C900063686520656E7472696573200D0A0000D3
:100CA000496E76616C696420496E70757420436F7B
:100CB0006D6D616E64203A5B202573205D200D0A06
:100CC00000000000556E6B6E6F776E206865617076
:100CD00020747970652E205573653A205B312C2085
:100CE00025645D0D0A0000004E6F2068656170206C
:100CF000696E666F2065786973747320666F722001
:100D0000747970653A202573210D0A004865617079
:100D100020747970653A2025732E20496E697469B4
:100D2000616C206372656174656420686561702020
:100D300073697A653A2025642042797465730D0AD7
:100D400000000000416C6C6F6361626C6520626C36
:100D50006F636B20686561702073697A653A20253E
:100D6000642042797465730D0A000000416C6C20A8
:100D7000617661696C61626C652068656170207381
:100D8000697A653A2025642042797465732C20685D
:100D90006967682077617465726D61726B3A2025AE
:100DA000640D0A004C61737420686561702065727F
:100DB000726F723A20307825780D0A004E6F2054F9
:100DC0007261636520696E666F20657869737473FC
:100DD0002E0D0A00537461636B2075702066616983
:100DE0006C65640D0A000000537461636B207570BC
:100DF000207375636365656465640D0A0000000017
:100E000055736167653A20737461636B203C75703C
:100E10002F646F776E3E203C7072657365727665E5
:100E20003E0D0A0045783A20737461636B20646F4D
:100E3000776E2070726573657276650D0A0000002A
:100E4000537461636B20616C7265616479207570A5
:100E5000210D0A005475726E20537461636B206417
:100E60006F776E20616E64207468656E20757021E6
:100E70000D0A000052657374617274696E672074A4
:100E8000686520737461636B2077697468202564DA
:100E900020696E746572666163652873290D0A00A6
:100EA000537461636B20646F776E3A2063616E6E7A
:100EB0006F7420676574206120737461636B2068B0
:100EC000616E646C650D0A00537461636B20646F1E
:100ED000776E20646F6E650D0A00000055736167C0
:100EE000653A206966203C696E7465726661636567
:100EF0003E203C646F776E2F75703E200D0A000017
:100F000045783A206966205049433332494E54208F
:100F1000646F776E200D0A00556E6B6E6F776E20D2
:100F2000696E746572666163652073706563696676
:100F3000696564200D0A00005468697320696E7445
:100F400065726661636520616C72656164792075A4
:100F5000700D0A004F7065726174696F6E20666172
:100F6000696C65642E204E6F20636F6E66696775CD
:100F7000726174696F6E0D0A0000000066756C6C1A
:100F8000000000005468697320696E7465726661C0
:100F9000636520616C726561647920646F776E0DA2
:100FA0000A00000057726F6E6720706172616D6594
:100FB00074657220737065636966696564200D0AE3
:100FC000000000004F7065726174696F6E20737568
:100FD000636365737366756C210D0A004F706572EB
:100FE0006174696F6E206661696C6564210D0A0029
:100FF00055736167653A207365746D6163203C6960
:101000006E746572666163653E203C783A783A7822
:101010003A783A783A783E200D0A000045783A202E
:101020007365746D6163205049433332494E5420D7
:1010300061613A62623A63633A64643A65653A664A
:1010400066200D0A00000000617267765B325D3A2F
:101050002025730D0A000000496E76616C696420DA
:101060004D414320616464726573732073747269C7
:101070006E67200D0A000000536574204D41432027
:1010800061646472657373206661696C65640D0ADE
:10109000000000005365742042494F53204E616D9B
:1010A00065204F4B0D0A00005365742042494F5391
:1010B000204E616D65206661696C65640D0A0000F3
:1010C00055736167653A2073657462696F73203C7C
:1010D000696E746572666163653E203C782E782E79
:1010E000782E783E200D0A0045783A2073657462A8
:1010F000696F73205049433332494E54204D434861
:1011000050424F4152445F3239200D0A0000000026
:1011100053657420676174657761792061646472D6
:10112000657373204F4B0D0A000000005365742057
:101130006761746577617920616464726573732097
:101140006661696C65640D0A000000005573616793
:10115000653A207365746777203C696E74657266C2
:101160006163653E203C697076342F36206164648B
:10117000726573733E203C76616C696454696D6579
:101180003E200D0A0000000045783A207365746720
:1011900077205049433332494E54203139322E3171
:1011A00036382E302E31200D0A000000496E76614F
:1011B0006C696420495020616464726573732073A4
:1011C0007472696E67200D0A000000005365742078
:1011D00069702061646472657373204F4B0D0A005F
:1011E000536574206970206164647265737320664E
:1011F00061696C65640D0A0055736167653A207317
:1012000065746970203C696E746572666163653EE1
:10121000203C697076342F36206164647265737384
:101220003E203C697076346D61736B2F6970763641
:1012300020707265666978206C656E3E0D0A00004C
:1012400045783A20736574697020504943333249B8
:101250004E54203139322E3136382E302E3820324D
:1012600035352E3235352E3235352E30200D0A00EB
:101270004E6F207375636820696E74657266616372
:10128000652069732075700D0A000000416E2061B1
:10129000646472657373207365727669636520692F
:1012A0007320616C72656164792072756E6E696E0F
:1012B000672E2053746F7020444843502C205A43AB
:1012C0004C4C2C206574632E2066697273740D0A71
:1012D00000000000496E76616C6964204950206D01
:1012E00061736B20737472696E67200D0A000000D1
:1012F000737563636573730055736167653A207333
:101300006574646E733420696620616464203C31C6
:101310002F323E0D0A00000045783A207365746450
:101320006E73342065746830203139322E3136388E
:101330002E312E310D0A0000556E6B6E6F776E20C8
:10134000696E746572666163652073706563696652
:101350006965640D0A000000496E76616C6964205D
:1013600049507634206164647265737320737472BB
:10137000696E670D0A000000556E6B6E6F776E2008
:10138000444E5320696E6465780D0A0053657420DD
:10139000444E532025642061646472657373202574
:1013A000730D0A006E6F7420676976656E00000029
:1013B0004E6F6E65000000006661696C0000000001
:1013C00055736167653A202573203C696E746572B8
:1013D000666163653E203C6F6E2F6F66662F726597
:1013E0006E65772F726571756573742F696E666FA0
:1013F0003E200D0A0000000045783A202573205059
:1014000049433332494E54206F6E200D0A000000CC
:1014100072656E65770000007265717565737400A2
:1014200052657175657374206E6565647320616EB5
:1014300020495020616464726573730D0A000000D6
:10144000696E666F00000000444843502073746169
:101450007475733A2025642028202564203D3D20A2
:10146000426F756E64292C2074696D653A2025647D
:101470000D0A000044484350206C65617365207379
:10148000746172743A2025642C20647572617469E9
:101490006F6E3A202564730D0A00000044484350E3
:1014A0002072656E65772074696D653A2025642C1D
:1014B00020726562696E642074696D653A202564E6
:1014C0000D0A0000444843502061646472657373E0
:1014D0003A2025730D0A000044484350207365727A
:1014E0007665723A2025730D0A0000004448435087
:1014F00020626F6F74206E616D653A2025730D0A4E
:1015000000000000444843502054696D6520736515
:1015100072766572733A2025642C2025730D0A00BB
:1015200044484350204E5450207365727665727360
:101530003A2025642C2025730D0A000044484350AE
:101540003A206661696C656420746F206765742059
:10155000696E666F0D0A00002573202573202573C0
:101560000D0A00007375636365737366756C000024
:101570006661696C65642100736574006765740059
:1015800044656661756C7420696E7465726661632A
:1015900065207365742025730D0A0000446566613B
:1015A000756C7420696E7465726661636520697319
:1015B0003A2025730D0A000055736167653A20646F
:1015C00065666E6574207365742F676574203C6969
:1015D0006E746572666163653E0D0A0045783A2057
:1015E0006465666E65742073657420657468300D7B
:1015F0000A00000055500000444F574E0000000004
:101600004E6F742052656164790000005573616704
:10161000653A206E6574696E666F0D0A0000000001
:1016200045783A206E6574696E666F0D0A00000099
:101630002D2D2D2D2D2D2D2D2D2D20496E746572C6
:1016400066616365203C25732F25733E202D2D2D6B
:101650002D2D2D2D2D2D2D200D0A0000496E746588
:10166000726661636520697320646F776E0D0A008E
:10167000486F7374204E616D653A202573202D20CC
:101680004E424E532064697361626C6564200D0A9A
:101690000000000049507634204164647265737321
:1016A0003A2025730D0A00004D61736B3A202573B3
:1016B0000D0A0000476174657761793A2025730D42
:1016C0000A000000444E53313A2025730D0A0000F1
:1016D000444E53323A2025730D0A00004D414320F9
:1016E000416464726573733A2025730D0A0000002B
:1016F000646863702069732025730D0A0000000080
:101700004C696E6B2069732025730D0A0000000080
:101710005374617475733A2025730D0A000000003C
:1017200064656661756C74204950206164647265FB
:10173000737300002573206973204F4E0D0A00005B
:101740006468637000000000444E53204C6F6F6B60
:1017500075703A20444E53206661696C757265203D
:10176000666F722025732C206572723A2025640DF5
:101770000A000000444E53204C6F6F6B75703A2086
:10178000726571756573742074696D656F75742EFB
:101790000D0A00004C6F6F6B757020416E7377659A
:1017A000723A0D0A2D2D2D2D2D2D2D2D2D2D2D2D5A
:1017B0002D2D2D2D2D2D2D2D2D2D0D0A0000000050
:1017C0004E6F204C6F6F6B757020656E7472792050
:1017D000666F72205B25735D0D0A00005B25735DEB
:1017E0002041204950763420416464726573733A15
:1017F0002025642E25642E25642E25640D0A000004
:101800005B25735D2041414141204950763620419E
:101810006464726573733A2025730D0A000000003A
:1018200055736167653A202573203C696E74657253
:10183000666163653E203C6F6E2F6F66663E200DCD
:101840000A000000556E6B6E6F776E2073657276BE
:101850006963652025730D0A000000003A20737447
:1018600061636B20636F6D6D616E647300000000D7
:1018700074637069700000004661696C656420746F
:101880006F20637265617465205443504950204352
:101890006F6D6D616E64730D0A0000005443504912
:1018A0005020636F6D6D616E6473207461736B2083
:1018B000726567697374726174696F6E20666169BD
:1018C0006C65640D0A000000696E7465726E616C6F
:1018D00000000000706F6F6C000000006578746598
:1018E000726E616C0000000064656C006C6F6F6B61
:1018F000757000006E6574696E666F003A2047650A
:1019000074206E6574776F726B20696E666F726D8E
:101910006174696F6E0000006465666E6574000036
:101920003A205365742F4765742064656661756C51
:101930007420696E74657266616365003A2044487C
:10194000435020636C69656E7420636F6D6D616ECA
:10195000647300007A636C6C000000003A205475D8
:10196000726E205A434C4C206F6E2F6F66660000DB
:10197000736574646E7334003A2053657420444E6A
:10198000532049507634206164647265737300009B
:1019900073657469700000003A20536574204950E3
:1019A000206164647265737320616E64206D61737D
:1019B0006B00000073657467770000003A20536580
:1019C000742047617465776179206164647265731E
:1019D0007300000073657462696F73003A20536589
:1019E0007420686F73742773204E657442494F5397
:1019F000206E616D650000007365746D61630000A9
:101A00003A20536574204D414320616464726573CC
:101A100073000000696600003A204272696E672018
:101A2000616E20696E746572666163652075702FE2
:101A3000646F776E00000000737461636B000000D8
:101A40003A20537461636B207475726E206F6E2F31
:101A50006F66660068656170696E666F0000000001
:101A60003A20436865636B20686561702073746118
:101A700074757300646E7363000000003A20444E76
:101A80005320636C69656E7420636F6D6D616E6465
:101A9000730000006D6163696E666F003A204368F1
:101AA00065636B204D41432073746174697374697D
:101AB00063730000616E6E6F756E636500000000F9
:101AC0003A20416E6E6F756E636500005061636B06
:101AD00065742041636B3A206F727068616E20708C
:101AE00061636B657421200D0A0000002E2E2F7398
:101AF00072632F636F6E6669672F70696333327725
:101B00006D5F627A365F6672656572746F732F6C93
:101B10006962726172792F74637069702F73726376
:101B20002F74637069705F68656C706572735F7045
:101B30007269766174652E68000000002E2E2F7386
:101B400072632F636F6E6669672F706963333277D4
:101B50006D5F627A365F6672656572746F732F6C43
:101B60006962726172792F74637069702F73726326
:101B70002F74637069705F68656C706572732E6333
:101B80000000000025642E25642E25642E256400A7
:101B9000252E32783A252E32783A252E32783A257B
:101BA0002E32783A252E32783A252E3278000000EF
:101BB0006C6F7700544350204E554C4C2064796E26
:101BC000616D696320616C6C6F636174696F6E2015
:101BD00068616E646C652F696E69742064617461FC
:101BE00000000000205443502044796E616D696309
:101BF00020616C6C6F636174696F6E206661696CE3
:101C00006564000049507634204173736572743AFC
:101C10002025732C20696E206C696E653A2025643E
:101C20002C200D0A000000004950763420496E69CE
:101C3000743A204661696C656420746F20696E692E
:101C400074616C697A653A20256421200D0A0000D0
:101C5000495076343A204661696C656420746F207F
:101C6000726567697374657220415250206E6F749B
:101C7000696669636174696F6E21200D0A00000056
:101C8000495076343A2041525020656E747269652D
:101C90007320706F6F6C20656D707479210D0A0070
:101CA0005443502F495020537461636B3A2025737D
:101CB000204D414320696E697469616C697A617471
:101CC000696F6E206661696C65640D0A0000000032
:101CD0005443502F495020537461636B3A2025734D
:101CE000204D4143204F70656E206661696C6564CC
:101CF0000D0A00005443502F495020537461636B08
:101D00003A204D6F64756C65206E6F3A2025642013
:101D1000496E697469616C697A6174696F6E206675
:101D200061696C65640D0A005443502F495020537B
:101D30007461636B3A202573204D414320657665BD
:101D40006E74206E6F74696669636174696F6E206A
:101D500073657474696E67206661696C65640D0AE9
:101D600000000000544350495020537461636B20BD
:101D70004173736572743A20696E2066696C653AC6
:101D80002025732C2066756E633A2025732C206CF9
:101D9000696E653A2025642C200D0A005443504991
:101DA0005020537461636B20436F6E643A20696EF8
:101DB0002066696C653A2025732C2066756E633A3F
:101DC0002025732C206C696E653A2025642C200D2B
:101DD0000A0000005443502F495020537461636B34
:101DE0003A2048656170206372656174696F6E2086
:101DF0006661696C65642C20747970653A2025648D
:101E00000D0A00005443502F495020537461636BF6
:101E10003A204E6574776F726B20636F6E666967E8
:101E200075726174696F6E20616C6C6F6361746947
:101E30006F6E206661696C65643A20256C750D0AC9
:101E4000000000005443502F495020537461636BCD
:101E50003A205061636B657420696E697469616CC6
:101E6000697A6174696F6E206661696C65643A2095
:101E7000307825780D0A00005443502F49502053E4
:101E80007461636B3A2044656661756C7420466CBE
:101E9000617368204E6574776F726B20636F6E6636
:101EA000696775726174696F6E206C6F616420661A
:101EB00061696C656420257A750D0A005443502FC2
:101EC000495020537461636B3A204E6574776F728A
:101ED0006B20636F6E66696775726174696F6E20DF
:101EE000696E697469616C697A6174696F6E206684
:101EF00061696C65643A2025640D0A005443502FD3
:101F0000495020537461636B3A204E6574776F7249
:101F10006B20636F6E66696775726174696F6E3A84
:101F200020416C6961736573206E6F7420737570E6
:101F3000706F727465643A2025640D0A0000000019
:101F40005443502F495020537461636B3A204E65BF
:101F500074776F726B20636F6E66696775726174F8
:101F6000696F6E3A20696E76616C69642049502011
:101F7000616464726573733A2030782538780D0A8D
:101F8000000000002573257A750000005443502F8F
:101F9000495020537461636B3A20506F776572200B
:101FA0004D6F646520696E697469616C697A6174EA
:101FB000696F6E206661696C3A2025640D0A000025
:101FC0005443502F495020537461636B3A20496E3B
:101FD000697469616C697A6174696F6E20666169A0
:101FE0006C6564202564202D2041626F7274696ED7
:101FF0006721200D0A0000005443502F4950205300
:102000007461636B3A20496E697469616C697A61C5
:1020100074696F6E2053746172746564200D0A00D8
:102020005443502F495020537461636B3A204E65DE
:1020300074776F726B20636F6E6669677572617417
:10204000696F6E206C6F6164206661696C65643ACB
:102050002025640D0A0000005443502F495020539E
:102060007461636B3A205469636B207265676973AE
:1020700074726174696F6E206661696C65643A2080
:1020800025640D0A000000005443502F495020538E
:102090007461636B3A20496E697469616C697A6135
:1020A00074696F6E2053595320544D5220666169F4
:1020B0006C65643A202564202D2041626F7274693A
:1020C0006E6721200D0A00005443502F49502053C1
:1020D0007461636B3A20496E697469616C697A61F5
:1020E00074696F6E20456E646564202D207375637E
:1020F00063657373200D0A005443502F49502053D9
:102100007461636B3A20496E746572666163652021
:10211000496E697469616C697A6174696F6E206671
:1021200061696C65643A2030782578202D20416201
:102130006F7274696E6721200D0A00002E2E2F73B6
:1021400072632F636F6E6669672F706963333277CE
:102150006D5F627A365F6672656572746F732F6C3D
:102160006962726172792F74637069702F73726320
:102170002F74637069705F6D616E616765722E6345
:1021800000000000756E6B0065746800776C616E0E
:102190000000000070707000673361647000000020
:1021A0002E2E2F7372632F636F6E6669672F7069AF
:1021B000633332776D5F627A365F6672656572741B
:1021C0006F732F6C6962726172792F7463706970BA
:1021D0002F7372632F646E732E6300000103060079
:1021E000444843503A204661696C656420746F200E
:1021F0007265676973746572204950763420666928
:102200006C74657221200D0A000000002E2E2F73C1
:1022100072632F636F6E6669672F706963333277FD
:102220006D5F627A365F6672656572746F732F6C6C
:102230006962726172792F74637069702F7372634F
:102240002F646863702E63000D0A2D2D2D2D2D2D0A
:102250002D20537570706F7274656420636F6D6D9F
:10226000616E642067726F757073202D2D2D2D2D7A
:102270002D0000000D0A202A2A2A2000202A2A2ABE
:10228000000000000D0A2D2D2D2D2D2D2D2D2D2D75
:10229000204275696C7420696E20636F6D6D616E8C
:1022A0006473202D2D2D2D2D2D2D2D2D2D00000075
:1022B0000D0A00000D0A556E6B6E6F776E20636F0E
:1022C0006D6D616E642067726F75702E2054727927
:1022D0002068656C700D0A000820080008000000E6
:1022E0000D0A3E001B5B2564430000001B5B256458
:1022F000440000000D0A202A2A2A205175697474AE
:10230000696E672074686520436F6D6D616E64202F
:1023100050726F636573736F722E20427965202A45
:102320002A2A0D0A000000000D0A202A2A2A20531A
:10233000797374656D205265626F6F74202A2A2A42
:102340000D0A000020092C004661696C6564207448
:102350006F206372656174652074686520436F6ED9
:10236000736F6C65204150490D0A0000202A2A2A0B
:1023700020436F6D6D616E642050726F636573737F
:102380006F723A20506C65617365207479706520B6
:10239000696E206120636F6D6D616E642A2A2A0D5B
:1023A0000A0000000A0D20546F6F206D616E7920C5
:1023B000617267756D656E74732E204D6178696DFD
:1023C000756D206172677320737570706F727465BC
:1023D000643A202564210D0A00000000202A2A2AE0
:1023E00020436F6D6D616E642050726F636573730F
:1023F0006F723A20756E6B6E6F776E20636F6D6DC6
:10240000616E642E202A2A2A0D0A00003E00000078
:10241000081B5B4B25731B5B25644400081B5B4B4F
:10242000000000001B5B4B25731B5B256444000010
:1024300025731B5B25644400202A2A2A20436F6DE4
:102440006D616E642050726F636573736F7220628A
:1024500075666665722065786365656465642E20BF
:1024600052657472792E202A2A2A0D0A0000000073
:1024700072657365740000003A20526573657420BC
:10248000686F737400000000710000003A207175DD
:10249000697420636F6D6D616E642070726F636527
:1024A00073736F720000000068656C7000000000BC
:1024B0003A2068656C7000001B5B41001B5B4200AA
:1024C0001B5B43001B5B44001B5B317E0000000074
:1024D0001B5B347E00000000455448004D434850CB
:1024E000424F4152445F45544800000030303A307A
:1024F000343A32353A31433A41303A303200000012
:102500003139322E3136382E3130302E3131000013
:102510003235352E3235352E3235352E300000002D
:102520003139322E3136382E3130302E3100000024
:10253000302E302E302E30005359535F434D445FC0
:102540005441534B530000004452565F4D49494D8E
:102550005F5461736B73000054435049505F535490
:1025600041434B5F5461736B73000000424C450064
:102570004150505F5461736B7300000049444C45F7
:102580000000000043616E6E6F742073656E6420FE
:1025900074686520446174613A20436C69656E74A7
:1025A000206E6F7420636F6E6E65637465640D0AD0
:1025B0000000000057616974696E6720666F7220C1
:1025C000436C69656E7420436F6E6E656374696FEA
:1025D0006E206F6E20706F72743A2025640D0A00B1
:1025E00057616974696E6720666F7220436C696514
:1025F0006E7420436F6E6E656374696F6E206F6ECC
:1026000020495056343A2025640D0A00436F756CFA
:10261000646E2774206F70656E20736572766572C4
:1026200020736F636B65740D0A000000526563656B
:1026300069766564206120636F6E6E656374696F8F
:102640006E0D0A00436F6E6E656374696F6E20775E
:10265000617320636C6F7365640D0A00257300005D
:10266000204150503A205443502F495020737461F8
:10267000636B20696E697469616C697A6174696FF2
:102680006E206661696C6564210D0A00202020209F
:10269000496E74657266616365202573206F6E20D4
:1026A000686F7374202573202D204E424E53206492
:1026B000697361626C65640D0A0000002049502056
:1026C000416464726573733A2000000025642E250E
:1026D000642E25642E2564200D0A0000576169745C
:1026E000696E6720666F7220636F6D6D616E642026
:1026F000747970653A206F70656E75726C203C75E8
:10270000726C3E0D0A00000055736167653A206FD8
:1027100070656E75726C203C75726C3E0D0A00001F
:1027200045783A206F70656E75726C2068747470AD
:102730003A2F2F7777772E676F6F676C652E636FF1
:102740006D2F0D0A000000003A2061707020636F49
:102750006D6D616E64730000617070006F70656E06
:1027600075726C003A20436F6E6E65637420746FEF
:1027700020612075726C20616E6420646F2061207E
:10278000474554004368616E67654950000000008A
:102790003A204368616E676520746865204950205F
:1027A00041646472657373002DE9F04F8FB00F219F
:1027B0000A2036F0F3FD054610F0010F06D115F0A2
:1027C000020F40F081850FB0BDE8F08F4FF00A0B8B
:1027D000089000F053BD504640F045F9064650467B
:1027E00040F03EF90790DAF8203013F4007F1FD153
:1027F00033680B9303680C9300228DF83420062372
:102800008DF835306BBAADF836300C210BA82EF0B0
:10281000C5FAC3439BB2DAF8202012F0040F2CD083
:102820002A464946504629F0FDF9002840F0138514
:10283000484631F0F7FE99F80C301B099B000593D0
:10284000DAF81C7079880691002900F007857388F2
:10285000328813443A8813444B409BB20493BB4BD9
:102860001A68002A00F0FD84DAF828E0B84BD3F8A3
:1028700000C00399002398460FE01A4629464846AF
:102880002EF08CFAD1E7B4F86E10069881422ED063
:1028900001331BB2194693422ED25CF82140002C22
:1028A000F6D094F870100B29F2D094F8710001283A
:1028B000EED8606C08B18645EAD10029E3D0B4F8BF
:1028C0006E1004988142E3D13868E16D8842DFD10F
:1028D000E06B31688842DBD1012184F87110C4F8C3
:1028E00044E0079A204638F017FEA04623E0B8F1EE
:1028F000000F08BFA046CBE76FF00E01B8F1000F44
:1029000000F0B8843368C8F83C30012188F87110B1
:10291000C8F844E0079A404638F0FEFD049BA8F84A
:102920006E303B88A8F85C307B88A8F85E30D8F819
:102930000030C8F81030DAF81020938905995B1A36
:10294000938199F80D40D9F80870D9F8046098F887
:10295000853013F0400F2FD198F8863023F04003D4
:1029600088F8863098F87030002B53D114F0040F9B
:102970003AD114F0100F3CD114F0020F45D00136BB
:10298000C8F85460484623F0E9FCA8F866004046C1
:1029900035F0DEFC01221221404605F077FB0223D0
:1029A00088F8703000203EF05CFB014600203EF0CD
:1029B00003FD022100F05EBC002388F8733098F814
:1029C000843013F0020FC7D13AF03EFFB8F86C30F4
:1029D000604A126802FB03F35F4AA2FB032300EB89
:1029E0009313C8F82430B7E70021404618F0A8FC3C
:1029F000D8E7C8F8507000220421404605F046FB95
:102A00000021404618F09CFCCCE70021404618F01D
:102A100097FCC7E7012B47D005F114020599521A1C
:102A200092B2A2F1140189B2059114F0010107914B
:102A30001ABF133A92B2059A049214F0020F03D00F
:102A4000049A013292B20492D8F81C50D8F820208F
:102A50009542C0F08380D8F81810D8F81400091AED
:102A6000AD1A4A1B92B20692D8F85420B51A049AAD
:102A7000002A7FD0069A72B1002D74DBAA427DD85D
:102A8000049A06998D4279DB8A1A9542CCBF0022BE
:102A90000122002A72D114F0040F83D101221021E7
:102AA000404605F0F3FA7DE714F0040F7FF47AAFA7
:102AB00014F0100F00F06085D8F85050AF422BD1C1
:102AC00014F0020F3FF46EAF0136C8F85460B9F845
:102AD0000E30A8F86A30A8F86030484623F03EFC73
:102AE000A8F86600404635F033FC0122102140462C
:102AF00005F0CCFA032388F8703098F8853013F08D
:102B0000400F13D198F8843023F0020388F8843002
:102B10004FF48073039359E0C8F8507001220421E8
:102B2000404605F0B3FAC8F850503BE73AF08CFE47
:102B3000B8F86C30074A126802FB03F3064AA2FB9E
:102B4000032300EB9313C8F82430DBE7D86B022093
:102B5000E86B0220CC6B0220D34D6210521B013A6D
:102B600092B2069280E704990A466918002988DC27
:102B700000228EE715B1069A95428CD214F0060F0A
:102B800014D114F0100F3FF40DAF082B4DD03AD9EB
:102B9000092B40F0E480D8F8503001339F427FF495
:102BA00001AF0021404618F0CBFBFBE614F0040F08
:102BB00008D098F8853043F0020388F885304FF448
:102BC000006303930021404618F0BAFB00203EF05A
:102BD00048FA0146D8F87850D8F87C60B8F87640C2
:102BE00000203EF0E9FB039B14EA030200F03C8363
:102BF000002D00F03B833346DAF82810B8F9740052
:102C0000A847022136E39A1ED2B2042A00F2A78016
:102C1000022B0AD1D8F8503003939F421FD10323CF
:102C200088F870304FF480730393D8F81020D8F8E8
:102C300008309B1A1ED4D8F85010781AC31A002BEB
:102C400028DD98F8860000F08400042801D1012BCB
:102C500017D000221021404605F018FAB6E7C8F850
:102C6000507001220421404605F010FA039BC8F879
:102C7000503097E6D8F800105B1AD8F804100B44CF
:102C8000D9E70131C8F8501098F8863043F0800336
:102C900088F88630D8F80C30D8F8501019449A4289
:102CA00080F0ED80D8F8043013443B44D8F800207D
:102CB0009B1A5B1A0993002B40F39B84D8F80430CD
:102CC000D8F800209B1A099A9A4240F2E98098F8B5
:102CD00083300133DBB288F88330022B40F29184D9
:102CE000D8F80C20D8F81010D8F8503013445B1ADC
:102CF000C8F850308A4200F27284C8F8102098F860
:102D0000843043F0800388F88430D8F80C20D8F859
:102D100008309A4200F02981B9F80E30B8F86A20DC
:102D20009A4238BFA8F86A30D8F85020B9F80E3067
:102D30003B449B1A9BB2B8F8601031B92BB198F89C
:102D4000841041F0400188F88410A8F8603098F8A9
:102D50007030042B00F04081062B00F05C8114F0F1
:102D6000200F7FF433AF98F87020A2F10803DBB294
:102D7000012B7FF62BAF062A3FF428AF059A002AD5
:102D80003DD0002D40F34F81059B2B44069A934282
:102D900002DD531B9BB2059399F80C301B0909EB1C
:102DA00083030A93D8F81C10059B03EB0509D8F898
:102DB000180001EB0902904280F0C781421C521AB0
:102DC000521B00F1B38194B20122009223460AAA59
:102DD0002944504626F0EEFE0690059B1B1B01225F
:102DE00000929BB20AAAD8F81410504626F0E2FED0
:102DF000069B03449BB2059A9A4200F0B081049B63
:102E0000CBB198F87030033BDBB2022B84BFD8F80B
:102E10001C30C8F8203098F8843013F0100F40F0C0
:102E2000C98198F8843043F0100388F8843013F097
:102E3000080F00F0C981079B002B3FF4C7AED8F8FC
:102E400054300133049A324493427FF4BFAEC8F841
:102E50005430039B43F48063039398F8853043F028
:102E6000040388F8853098F87030023B032B00F299
:102E7000D881DFE813F0BD01C601CF01E601D0190A
:102E8000411A0991002907DDD8F80410D8F800008C
:102E9000091A0998884203D99A423FF436AF16E7D7
:102EA00040F2DC53C8F834303AF0CEFCD8F8343075
:102EB000C34A126802FB03F3C24AA2FB032300EBDE
:102EC0009313C8F83830002288F8832098F88430AB
:102ED00062F3451388F88430D8F80C10099B0B4432
:102EE000C8F80C30D8F8102091420ED893421CD963
:102EF000D8F850108A1A1A44C8F85020C8F8103070
:102F0000D8F80420934214D223E0D8F80410D8F85B
:102F10000000091A0A44934207D9D8F850108A1AB7
:102F20001A44C8F85020C8F81030D8F8042093424A
:102F300005D3D8F80010511A5B1AC8F80C30D8F82D
:102F40001030934205D3D8F80010521A9B1AC8F8D3
:102F5000103098F87030032B02D0082B7FF4D5AED8
:102F6000039B43F004030393CFE698F8853013F0F6
:102F7000010F19D113F0400F06D198F8843023F0D7
:102F8000020388F88430C7E63AF05EFCB8F86C308B
:102F90008B4A126802FB03F34FF47A72B3FBF2F32D
:102FA0000344C8F82430E8E7D8F850309F427FF453
:102FB000B3AE98F8863013F0040F3FF4ADAE98F836
:102FC000843023F0020388F8843098F8853023F0A9
:102FD000010388F885309FE6974204D014F0200F53
:102FE0003FF4CCAEF2E598F8863013F0040FF5D03C
:102FF0003AF02AFC724B1B6841F2883202FB03F361
:103000004FF47A72B3FBF2F30344C8F8303005236F
:1030100088F87030E2E797427FF4D8AD002140464F
:1030200018F08EF9D2E599F80C301B09C5EB830333
:103030004B440A932A4494B2069B9C4228BF1C46E8
:10304000D8F81C90D8F8183009EB040293425BD2F0
:1030500001330593A3EB0905ADB2012200922B4683
:103060000AAA4946504626F0A5FD0690631B012199
:1030700000919BB20AAAD8F81410504626F09AFD87
:10308000069A024492B2059BA9EB03012144D8F8A9
:1030900014300B4494427FF4B2AED8F8541021445B
:1030A000C8F85410C8F81C3098F87020033AD2B20F
:1030B000022A03D8039A42F400720392D8F85820E7
:1030C000B2F1FF3F3FF49BAE121BC8F85820B8F88E
:1030D0006400801825D4002A3FF791AE0144C8F857
:1030E00054100344C8F81C30D8F81820934206D96D
:1030F000D8F81410521AD2431344C8F81C304FF0B9
:10310000FF33C8F858307AE60123009323460AAA11
:103110004946504626F04EFD0246D8F81C3023445E
:10312000B8E74FF0FF33C8F8583068E6D8F81420F5
:10313000801A281A013801230093059B0AAA01442A
:10314000504626F037FD034655E601230093059BC4
:103150000AAA2944504626F02DFD03464BE6D8F82E
:103160005830B3F1FF3F11D09D4214D2B8F864201B
:10317000D118894504D8994502D34B1B9BB20593BE
:10318000059BA8F86430C8F8585038E6C8F858507D
:10319000A8F8642033E6B8F864201A4491457FF615
:1031A0002EAE95423FF62BAEEB1A059A1A44A8F8BC
:1031B000642024E601221021404604F067FF3AE62D
:1031C000CC6B0220D34D6210DBB243F0080388F8C9
:1031D00084303AF039FBB24B1B68642202FB03F3E4
:1031E0004FF47A72B3FBF2F30344C8F82C3022E6B2
:1031F000092388F8703001221121404604F046FF6F
:10320000E4E4082388F8703098F8863013F0400F13
:1032100007D0DBE4D8F850309F4208D0062388F866
:10322000703001221021404604F030FFCEE400222D
:103230001021404604F02AFF0021404618F080F893
:10324000C4E400221021404604F020FF0021404643
:1032500018F076F8BAE46FF009010BE06FF00E0198
:1032600008E06FF00E0105E0022103E0022101E019
:103270006FF00D015A46504639F0B6FB584639F00A
:1032800037FC8246E8B1BAF82C50132DF0D9DAF8A1
:103290001C9099F80C301A094F2B0CD9B5EB820F02
:1032A0000CDBDAF8203013F4003303933FF493AAD5
:1032B0006FF00E01DEE76FF00D01DBE76FF00D013F
:1032C000D8E7089DFFF77BBA764B1B68002B3FF4CD
:1032D0007AAA00252B46744F724EF3E03AF0B4FA06
:1032E000A36A9842A8BF4FF0100803E13AF0ACFA85
:1032F000E36A9842C0F2048194F87030052B00F024
:10330000A7814FF0100889F001021021204604F037
:10331000BDFEFEE03AF098FA236B9842C0F2F580C9
:1033200001221421204604F0B1FE0021204618F0AD
:1033300007F8C0E094F8848008F0010801212046D5
:1033400025F05EFC94F8843043F0010384F8843067
:103350004FF480520021204630F0B5FAB8F1000F4A
:1033600040F0A98094F8843023F0010384F884307D
:103370000A2384F870309EE03AF066FA636A984255
:10338000C0F2998094F870104B1E082B00F29080C8
:10339000DFE803F005495E6A8E738E8E7C0094F838
:1033A0007230032B40F20781042384F872303C4BC7
:1033B0001B684FF47A7202FB03F33C4AA2FB03231F
:1033C0009B091B01E36402214FF0000894F872305E
:1033D000013384F87230E36C5B00E3642269E068D7
:1033E000131A1FFA83FC824206D262682368D21A3B
:1033F0000CEB02031FFA83FC226DA2EB0C02226588
:10340000B4F860200CEB0203A4F8603020610022C5
:10341000204604F03BFEB8F1000F4CD000212046BE
:1034200017F08EFF47E094F87230022B40F2C5800F
:1034300094F8848008F001039846002B18BF1421EB
:10344000B9F1000FC2D10122204604F01FFEE2E7CD
:1034500094F87230042B40F2B280042384F8703068
:1034600011214FF00008EBE794F87230042B40F282
:10347000A88014214FF00108E2E794F87230042B81
:1034800040F2A18014214FF00108D9E794F872307E
:10349000042B40F29A8014214FF00108D0E700BFBE
:1034A000CC6B0220D86B0220E86B0220D34D621057
:1034B000B8F1000F5CD101352DB22B463268954230
:1034C000BFF481A93A6852F82340002CF3D094F855
:1034D00070300B2BEFD094F884303F2B87BF4FEA2E
:1034E000D3194FF010084FF00008C14613F0040F35
:1034F0007FF4F4AE94F8843013F0080F7FF4F6AE46
:1035000094F87030052B3FF405AFB8F1000F7FF44D
:10351000FAAE94F8843013F0020F7FF42DAF94F8D4
:10352000853013F0400FC6D094F87030032BC2D111
:103530003AF08AF9636A9842BDDB94F8732094F8F4
:1035400080309A423FF4F6AE02221021204604F069
:103550009DFD3AF079F9B4F86C30424A126802FBEA
:1035600003F3414AA2FB032300EB93136362A2E738
:1035700041464FF0000863E714F0020F3FF412AA2F
:103580000136C8F85460B9F80E30A8F86A30A8F8C7
:103590006030484622F0E2FEA8F86600404634F06B
:1035A000D7FE01221221404604F070FD022388F864
:1035B0007030FFF7F7B9022106E7122104E7102166
:1035C00002E7112100E71021FEE61121FCE6D8F800
:1035D0000C20D8F850301344D8F810105B1AD8F8E3
:1035E0000010D8F80400091A0B44C8F85030FFF74F
:1035F00084BB98F883300133DBB288F88330022B28
:10360000E5D8D8F83830002B3FF47FAB3AF01CF9FE
:10361000D8F838309842FFF678ABD8F834305B00F1
:10362000B3F57A4F28BF4FF47A43C8F834303AF0F4
:103630000BF9D8F834300B4A126802FB03F34FF44D
:103640007A72B3FBF2F30344C8F83830FFF748BB93
:103650003AF0FAF8236B9842BFF662AE4FF01008CA
:1036600051E600BFCC6B0220D34D621008B5044B6D
:10367000186818B1804780F00100C0B208BD00BFD3
:103680008C53022004292CD8DFE801F00308161D12
:103690002400184A9388184490807047154A9388EC
:1036A000184480B2C11C4FF6FC730B40984201D9FC
:1036B0000430F1E7938070470E4A93880F33184423
:1036C00020F00F00E8E70B4A93881F33184420F0DE
:1036D0001F00E1E7074A93883F33184420F03F007A
:1036E000DAE74FF0200383F31188BFF36F8FBFF346
:1036F0004F8FFEE78C53022070B5104A9479002357
:10370000D9B28C4201D800200BE05D1C9B00D1187F
:10371000B1F8076086420ED1B1F8092012B108480D
:10372000184470BD4FF0200383F31188BFF36F8FEF
:10373000BFF34F8FFEE72B46E2E700BF8C5302201A
:103740009353022010B50446FFF7D6FF40B14FF067
:10375000200383F31188BFF36F8FBFF34F8FFEE712
:103760000B4B9879020608D54FF0200383F311889C
:10377000BFF36F8FBFF34F8FFEE7421C9A7103EBCD
:1037800080020733A2F8074003EB800010BD00BFA2
:103790008C53022010B50446FFF7AEFF40B94FF03E
:1037A000200383F31188BFF36F8FBFF34F8FFEE7C2
:1037B0002046FFF7A1FF054A9379013BDBB29371E5
:1037C00002EB8303D3F80730036010BD8C53022053
:1037D00008B5FFF791FF00B1408808BD09B9104650
:1037E000704780B1037883EA122383EA131343EA14
:1037F000022282EA033282EA431292B200B101301D
:10380000013989B2EAE7FF23EDE72DE9F04F85B0F2
:1038100081460E9E8A46904606B11E4443449CB2A1
:1038200047465546A74203D1012005B0BDE8F08FB9
:1038300095B36A461023294648460CF01DFFBDF893
:103840000420944208D9BDF8063013449BB29F422D
:1038500002D29C4203D91F46BDF80A50E8E79742BE
:10386000A4EB020128BFE31B89B234BF0B469BB215
:10387000A4EB030432BFBDF80AB04746D346A4B256
:1038800046B110352944F61AC91A324689B248465B
:103890000CF0F2FE5D46C5E72846C6E72DE9F74F76
:1038A000D48896888046894644F307254FF6FF77EB
:1038B000002D03DA384603B0BDE8F08F1CD0A4F524
:1038C00080741FFA84FA4FF48074DFF834B0CDF8B6
:1038D00000B02346324649464046FFF796FF38B1CE
:1038E0003A4621465846FFF779FF2644B6B20746C6
:1038F000013D6DB25446DBE7002CDBD0A246E4E785
:103900009355022010B5084C94F807030CF056FFAD
:103910004FF48042002194F807030CF077FF10B1B8
:103920004FF48073A38010BD8C5302202DE9F04129
:10393000094C05460E46174613460A46014694F8BA
:1039400007030CF0CFFE3B463246294694F80703A6
:10395000BDE8F0410CF0A8BF8C5302207FB545F2C2
:103960004143ADF806300D4BCDE902300C4BC0435E
:10397000B3F8083304904FF6FF7210210DF10600E2
:10398000ADF81430FFF72AFF1222ADF8040001A9A8
:103990000020FFF7CBFF07B05DF804FB534E7632F3
:1039A0008C5302202DE9F041234CB4F80A33B4F8CB
:1039B0000C530B449BB2FF2B06460F46A4F80A3368
:1039C00004F207280BD80A46284441463D443DF0FE
:1039D00043FA0127A4F80C533846BDE8F081C5F539
:1039E0008072414628443DF037FA4FF480723146E8
:1039F000A088FFF79BFF07460028EDD000214FF479
:103A00008070FFF73FFEB4F80A53B4F80C13A5F525
:103A100080750023ADB2A4F80C33A4F80A53002D2E
:103A2000DAD0C1F580712A4618FA81F130463DF0AE
:103A300013FAA4F80C53CFE78C5302202DE9F04F72
:103A4000714C94F807738FB00021122309AA3846ED
:103A5000A4F80E13A4F81013A4F80C13A4F80A1376
:103A60000CF00AFE0B9B039394F807330133DBB28F
:103A7000012B88BF002384F8073394F80733BB4237
:103A800008D14FF0200383F31188BFF36F8FBFF38A
:103A90004F8FFEE7FFF736FF0028E5D000230293A3
:103AA000DFF86C8182E0029BDFF868A104EB830BF6
:103AB00005AABBF809901023494638460CF0DCFDF6
:103AC0000026BDF81C50ADF81A5005AA49463846E4
:103AD000ADF81860CDF81E60FFF7E0FE4FF6FF72FC
:103AE000ADF814000E2105A8FFF778FEF022ADF81E
:103AF0002200FF2150463DF067FE05AB03CB103599
:103B0000C8F80000C8F80410B4F80C2303CBA3884D
:103B1000C8F80800ADB21344B5F5807FC8F80C10A2
:103B2000ABF809301AD8CDF800A0BDF81C303246E9
:103B300049463846FFF769FE58B1A388B4F80C230C
:103B40001344ABF8093029460AF1FB00FFF72AFFBE
:103B500040BB002420460FB0BDE8F08F102300BF0B
:103B6000B5F5807FAA4628BF4FF4807AAAEB030BF5
:103B70001FFA8BFB4344009332465B464946384666
:103B8000FFF743FE0028E4D051462048FFF70AFF24
:103B90000028DED0A5EB0A055E44ADB2B6B2002324
:103BA000002DDDD1029B0133DBB20293A379029A8F
:103BB00093423FF678AFB4F80A23F2B9B4F80A0397
:103BC0000021FFF75FFDA388A4F80833039B581E6C
:103BD000FFF7C4FE04460028BBD003210020FFF7F6
:103BE00051FD1222FF2109A83DF0EEFD122309AA82
:103BF000002138460CF076FDACE70449A088FFF7B9
:103C000095FE0028DAD1A4E78C5302209E560220AC
:103C100093550220A355022008B50A4B9B88C3F593
:103C200080439BB283420BD2FFF708FF40B94FF0AD
:103C3000200383F31188BFF36F8FBFF34F8FFEE72D
:103C400008BD00BF8C5302202DE9F84F364D0446C5
:103C500005F2072988464FF48072FF2148463DF05F
:103C6000B3FDE1884FF6FF724046FFF7B7FD4FF610
:103C7000FF7220800E212046FFF7B0FD2368E0810F
:103C8000C5F807326368C9F80430A368C9F808307A
:103C9000E368C9F80C30E28802F11006B6B2B8F158
:103CA000000F07D0B6F5807F16D8414605F21720E1
:103CB0003DF0D2F8E2881D49A888F02A28BFF022FA
:103CC000103292B2FFF732FE0746E088103003212F
:103CD00080B2FFF7D7FC24E04FF0000B102000BFAC
:103CE000B6F5807F344628BF4FF48074A4EB000AF9
:103CF000524608EB0B0148443DF0AEF822460B4912
:103D0000A888FFF713FE074658B1361B204603214B
:103D1000DA44B6B2FFF7B6FC1FFA8AFB0020002E89
:103D2000DED13846BDE8F88F8C530220935502202F
:103D30002DE9F041624C00258EB0A5714FF0FF389F
:103D4000FF27122304AA002128460CF095FCDDE988
:103D500006637340013326D19DF81230412B22D1E6
:103D60009DF81330542B1ED19DF81430532B1AD1CB
:103D70009DF815304E2B16D19DF81630762B12D1AA
:103D80009DF81730322B0ED14FF6FF7210210DF136
:103D90001200FFF723FDBDF81030834203D14645E2
:103DA0003CBFB0462F46DDB1FF2F2BD1002384F856
:103DB00007334FF6FF7500BFFFF7A4FD90B994F8E5
:103DC00007330133DBB2012B84F80733F4D94FF00A
:103DD000200383F31188BFF36F8FBFF34F8FFEE78C
:103DE0000125AEE76FF00100A4F80853FFF7B6FD18
:103DF0000028E4D00023A371012384F812340EB00C
:103E0000BDE8F0814FF48073A3803846122309AADD
:103E1000002184F807730CF02FFC4FF6FF77A3887E
:103E2000B3F5804FE8D2BDF83420BA4201D09A42AF
:103E300014D803210020FFF725FC032510236A4630
:103E4000A18894F807030CF017FC00231DF8032049
:103E5000FF2A1CD10133102BF8D1CDE70025EDE767
:103E600029461020FFF70EFCD9E7BDF80260304666
:103E7000FFF742FC10B93046FFF764FCA38843808B
:103E8000BDF80830B3B93046FFF784FC12E03A467B
:103E90000E216846FFF7A2FCBDF80E608642DFD116
:103EA0006A46A18894F80703FFF7F8FCBDF80030D4
:103EB0008342DAD0BDF806001030294680B2D1E73F
:103EC0008C53022008B50CF031FD044B93F81234EA
:103ED0001BB9BDE80840FFF72BBF08BD8C5302207B
:103EE0002DE9FF478A4616469846054630B12BB164
:103EF000FFF7BCFB044650B1052044E04FF020031F
:103F000083F31188BFF36F8FBFF34F8FFEE706F186
:103F1000100080B2FFF780FE2846FFF7EDFB074652
:103F2000A0B3B0F802901C4D10236A46494695F89C
:103F300007030CF0A1FBBDF808300AEB06029A4219
:103F400026D8B34218BFBDF80C40ADF804A01CBF82
:103F50000134A4B241466846ADF80C40ADF80660A5
:103F6000ADF80A90AC88FFF76FFE98B1BDF80C3041
:103F70007C80642B4FF0000005D9BDF80230A5F815
:103F80000E33A5F8100304B0BDE8F0870320FAE76C
:103F90000420F8E70120F6E78C53022073B50C46A5
:103FA00015461E4628B123B1FFF712FC50B9032075
:103FB00017E04FF0200383F31188BFF36F8FBFF337
:103FC0004F8FFEE76319B3F5803F09D201460748DA
:103FD00000962B46224690F80703FFF716FC10B90F
:103FE000042002B070BD0020FBE700BF8C5302200C
:103FF0001FB540B94FF0200383F31188BFF36F8FD3
:10400000BFF34F8FFEE7FFF7E3FB48B101460648D9
:10401000102390F807036A460CF02EFBBDF8080049
:1040200005B05DF804FB00BF8C5302202DE9F04F72
:10403000431E14469BB24FF6FD72934289B0074669
:104040000D461DD8B1F5006F1AD8FFF7C1FB00BBB4
:10405000FFF70CFB064650BB05F1100080B2FFF7DE
:10406000DBFD8E4B93F90620002A80F2FA804FF098
:10407000200383F31188BFF36F8FBFF34F8FFEE7E9
:104080004FF0200383F31188BFF36F8FBFF34F8F7F
:10409000FEE73846FFF7ACFF854210D07F4EA6F80A
:1040A0000E73A6F81053FFF7E1FAB14608B10520E8
:1040B0000EE0B6F8100370B9B6F80E337BB9002CD9
:1040C00000F0E78023462A4600213846FFF766FFC6
:1040D00009B0BDE8F08F103080B2FFF79DFDB9F850
:1040E0000E03FFF709FB80460028E8D0B0F802A0D5
:1040F00099F8070310230DEB030251460CF0BCFAAC
:10410000B9F81033F3B9BDF81800103080B2FFF7DA
:1041100083FDB9F80E03FFF7EFFA804640B94FF080
:10412000200383F31188BFF36F8FBFF34F8FFEE738
:10413000B0F802A099F8070310230DEB03025146D3
:104140000CF09AFAB9F81023B9F804300393BDF8CB
:10415000183022B19342ADF8182028BF1346002230
:10416000BDF81810ADF81420ADF81610CDF81A20CF
:104170000DF1100CBCE80300DFF824B1C9F8070208
:1041800003F11006CBF80410BCE80300B6B2B6F594
:10419000807FCBF80800CBF80C1031D80BF1100160
:1041A000009199F807035146FFF72FFB002872D0C2
:1041B00004AB03CBBDF81620C9F80702CBF80410F6
:1041C00003CB1032CBF80800CBF80C1092B2594652
:1041D000B9F80400FFF7AAFB00283FF470AFBDF860
:1041E00016001030032180B2FFF74CFA2B4B00224F
:1041F000A3F80E23A3F81023039BA8F802305EE770
:1042000093461023B6F5807FB14628BF4FF48079DE
:10421000A9EB030292B20292214A20481344009370
:104220005A46029B90F807035146FFF7EEFA90B307
:104230001B49A1F207204A468088FFF777FB002838
:104240003FF43DAF03214846FFF71CFA029BA6EB63
:1042500009065B44B6B21FFA83FB0023002ED1D1BE
:10426000C4E7214604A8B3F80480ADF81270ADF895
:104270001460ADF81650ADF81850CDF81A60FFF77D
:10428000E3FC40B13846FFF75DFAA0F80280022057
:104290001EE720461CE701201AE700BF8C530220CE
:1042A00093550220F0B5074685B040B94FF0200382
:1042B00083F31188BFF36F8FBFF34F8FFEE7FFF7D4
:1042C00087FA00283FD0FFF7D1F9044600283CD1F7
:1042D0001020FFF7A1FC4FF6FF720E216846ADF8E3
:1042E0000020ADF80270CDE90144ADF80C40FFF7B5
:1042F00075FA174DADF80E006B4603CB05F2072695
:10430000C5F80702716003CB1022B060F160A88885
:104310003146FFF70BFB60B91022A98895F8070317
:104320000CF074FA18B903211020FFF7ABF9012043
:1043300007E003211020FFF7A5F93846FFF72AFA16
:10434000204605B0F0BD0320FBE70520F9E700BFDC
:104350008C530220F8B50446FFF788F9054660BB88
:1043600064B10CF02BFA01200CF028FA4FF4007223
:10437000294613483DF028FA00201FE0114DAF797F
:10438000E3B29F420CD8FFF759FB0028F4D14FF05D
:10439000200383F31188BFF36F8FBFF34F8FFEE7C6
:1043A00005EB8403B3F80760304603F0E3FC10B973
:1043B0003046FFF7EFF90134E2E70520F8BD00BF12
:1043C000935302208C530220014B1860704700BFAA
:1043D0008C53022008B5FFF7FBF9003018BF01200D
:1043E00008BD08B5FFF72AFB40B94FF0200383F35F
:1043F0001188BFF36F8FBFF34F8FFEE708BD00BF7B
:10440000006902201C0000000000000000000020E5
:1044100010000000000000005463022004000000AF
:104420000000000080680220200000000000000062
:104430008067022032000000000000003C6702207C
:1044400004000000000000009F570220010000004F
:1044500000000000686B02200C000000000000005B
:10446000A06802202000000000000000746B022001
:104470000400000000000000187302201400000077
:10448000010000000000000004720220C4280401A2
:10449000A000A800020000000472022090000000AA
:1044A000010000008E510301AC730220AAE9010152
:1044B000100000012645030168730220D2B80101F3
:1044C000130000019C730220A86D022006740220D4
:1044D000F7000D102E3A0301AC6D0220A6B40101C5
:1044E000020021112645030154730220567F010169
:1044F000130000018C730220B06D022004740220AE
:10450000F7000D1026450301407302205A570101A0
:10451000130000017C730220B46D0220F6730220A8
:10452000F7000D102E3A0301B86D02204E51010123
:1045300002002111B86D02200200000000000000FE
:10454000F6730220020000000100000001000000DC
:10455000B46D022001000000000000007C73022006
:1045600010000000010000007E3B07FF1C51492F96
:10457000B3398A4C4353534940730220130000005F
:10458000010000001CA7007E3B07FF1C51492FB310
:10459000398A4C435353490004740220020000003E
:1045A0000100000001000000B06D022001000000C9
:1045B000000000008C7302201000000001000000C9
:1045C000B39B7234BEECD4A8F4434188435353499F
:1045D0005473022013000000010000000CA500B37A
:1045E0009B7234BEECD4A8F4434188435353490032
:1045F000AC6D0220020000000000000006740220E2
:10460000020000000100000001000000A86D02206F
:1046100001000000000000009C7302201000000058
:104620000100000016962447C62361BAD94B4D1EDF
:104630004353534968730220130000000100000037
:1046400018A20016962447C62361BAD94B4D1E43C3
:1046500053534900AC730220100000000100000019
:1046600055E405D2AF9FA98FE54A7DFE43535349D8
:10467000586402206C00000000000000786B0220EB
:104680000C000000000000007466022044000000DE
:1046900000000000586302208000000000000000BD
:1046A000BF6D02200100000001000000FF000000BB
:1046B00030710220D400000001000000303A0301F4
:1046C00000000000000000000000000000000000EA
:1046D00000000000000000000000000000000000DA
:1046E00000000000000000000000000000000000CA
:1046F00000000000000000000000000000000000BA
:1047000000000000000000000000000000000000A9
:104710000000000000000000000000000000000099
:104720000000000000000000000000000000000089
:104730000000000000000000000000000000000079
:104740000000000000000000000000000000000069
:104750000000000000000000000000000000000059
:104760000000000000000000000000000000000049
:104770000000000000000000000000000000000039
:104780000000000000000000000000000000000029
:10479000A46D02200100000000000000846B0220D4
:1047A000040000000000000080610220A40000005E
:1047B00000000000886B02200800000000000000DC
:1047C000E26702200200000000000000906B02205F
:1047D00018000000000000005373022001000000D8
:1047E0000100000001000000B86602204100000046
:1047F00000000000A86B022008000000000000007C
:10480000F96602200100000000000000B06B0220E9
:104810000C000000000000003869022018000000B1
:1048200000000000BC6B022010000000000000002F
:10483000CC6B02200800000000000000666B022024
:104840000200000000000000FA66022002000000E2
:1048500000000000D46B02202400000000000000D3
:10486000B06902201400000000000000F86B022074
:104870000C00000000000000A86A02200C000000EC
:1048800000000000C46902201400000000000000C5
:10489000046C02200800000000000000886D022067
:1048A00002000000000000000C6C02200800000064
:1048B00000000000B46A02200C00000000000000AC
:1048C000146C02200400000000000000AE6D022005
:1048D0000100000000000000C462022090000000FF
:1048E00000000000A05B0220700200000000000039
:1048F000186C02201000000000000000E47202208A
:10490000040000000200FFFF506902203000000098
:1049100000000000286C02202000000000000000C1
:10492000106802202800000000000000F073022040
:10493000060000000200FFFF286602204C00000075
:1049400000000000D86902201400000000000000F0
:10495000486C022008000000000000008A6D022060
:104960000600000000000000506C02201000000053
:104970000000000038680220240000000000000051
:10498000E46A022008000000000000008C330220CE
:104990000020000000000000FC6602204000000033
:1049A00000000000EC6A022010000000000000007F
:1049B000AF6D02200100000000000000606C0220CA
:1049C0000400000000000000C0600220C0000000E1
:1049D00000000000646C02200800000000000000DD
:1049E000A05702200004000000000000FC6A022022
:1049F00008000000000000006C6C022004000000B1
:104A000000000000A56D0220010000000000000071
:104A1000F85F0220C800000000000000C06A022009
:104A20001800000000000000706C0220040000006C
:104A30000000000010000020040000000000000042
:104A400008740220020000000100000001000000C4
:104A500024620220A0000000000000004067022045
:104A60004000000000000000746C022014000000F0
:104A700000000000105E022008010000000000009D
:104A8000DC7302200C00000001000000F4010000B3
:104A9000D0070000010000002C7302201400000069
:104AA00001000000080008000200010002000800E8
:104AB0000006000601013500BC7302201000000052
:104AC0000100000003000100352904013D29040113
:104AD00091D10301140000206500000000000000D7
:104AE0007C0000200800000000000000886C02200C
:104AF0000C00000000000000F87302200400000019
:104B00000200AAAA946C0220140000000000000019
:104B1000046B022008000000000000008C0300204D
:104B20000030020000000000A86C02202C000000F1
:104B300000000000EC6902201400000000000000EA
:104B4000D46C02200400000000000000006A022073
:104B50002800000000000000D86C022008000000BF
:104B600000000000286A0220280000000000000069
:104B7000C46402206400000000000000E06C022019
:104B80000400000000000000286502206000000012
:104B900000000000E8730220080000000200FFFF90
:104BA000A66D02200100000000000000840000202B
:104BB0001F00000000000000A40000200001000011
:104BC000000000001C6902201C0000000000000022
:104BD000E46C022008000000000000008C5302205A
:104BE00013040000000000000A740220020000000C
:104BF00001000000F80E00000C6B0220080000000D
:104C000000000000A40100200100000000000000DE
:104C1000FC7302200400000001000000FF00FF7F81
:104C2000A80100202C00000000000000146B0220EE
:104C30000800000000000000EC6C022004000000EE
:104C400000000000D401002004000000000000006B
:104C50001C6B02200800000000000000D8010020AA
:104C60001000000000000000906D02200200000013
:104C700000000000A76D02200100000000000000FD
:104C8000A96D02200100000000000000526B02200C
:104C90001400000000000000926D022002000000DD
:104CA00000000000C068022020000000000000009A
:104CB000946D0220020000000000000080690220C4
:104CC0001800000000000000F06C0220040000004A
:104CD00000000000185F0220E0000000000000005B
:104CE000966D02200200000000000000246B0220EC
:104CF0000800000000000000506A022014000000BC
:104D000000000000F46C022004000000000000001D
:104D1000E80100200400000000000000F86C022000
:104D20000800000000000000EC0100202B00000043
:104D300000000000006D02200C00000000000000D8
:104D40002C6B022008000000000000000C6D022007
:104D500010000000000000001802002010000000F9
:104D600000000000AA6D0220010000000000000009
:104D7000346B02200800000000000000E068022000
:104D80002000000000000000AB6D022001000000C8
:104D9000000000001C6D0220080000000000000060
:104DA000B16D02200100000000000000246D02200F
:104DB0000800000000000000B26D022001000000A9
:104DC000000000002C6D0220040000000000000024
:104DD000B36D02200100000000000000B56D02204C
:104DE0000200000000000000986D02200200000098
:104DF00000000000306D02200400000000000000F0
:104E00009A6D02200400000000000000346D0220B2
:104E10000400000000000000786A0220200000006A
:104E200000000000B76D022001000000000000003B
:104E30003C6B02200800000000000000386D0220DA
:104E40000400000000000000280200200400000010
:104E5000000000003C6D0220100000000000000077
:104E60002C02002008000000000000004C6D022011
:104E700004000000000000005C6802202400000024
:104E800000000000886502205000000000000000C3
:104E9000BA6D022001000000000000003402002072
:104EA0004100000000000000BB6D02200100000076
:104EB00000000000506D022008000000000000000B
:104EC0009E6D02200400000000000000BC6D022066
:104ED00001000000000000007802002068000000CF
:104EE00000000000446B02200800000000000000E9
:104EF000586D02200400000000000000E0020020C5
:104F00000400000000000000BD6D02200100000050
:104F100000000000986A022010000000000000005D
:104F2000A26D02200200000000000000D8630220F1
:104F30008000000000000000646A022014000000ED
:104F400000000000E4020020040000000000000057
:104F50005C6D02200400000000000000E802002058
:104F60001900000000000000BE6D022001000000DA
:104F700000000000606D0220100000000000000032
:104F8000040300201C00000000000000B2670220A3
:104F900030000000000000004C6B02200600000002
:104FA00000000000E46702202C0000000000000068
:104FB0002003002054000000000000009869022037
:104FC000180000000000000074030020180000001A
:104FD00000000000706D02200C00000000000000C6
:104FE0000074022004000000010000000100000025
:104FF0007C6D02200400000000000000D865022043
:105000005000000000000000806D0220040000003D
:1050100000000000846D0220040000000000000079
:10502000D86A02200C000000000000000000000010
:1050300000000000666666666666666666666666A8
:1050400080B485B000AF184BFB6000237B600EE09E
:105050000023BB6005E0FB680133FB60BB680133E4
:10506000BB60BB680F2BF6D97B6801337B607B6824
:10507000092BEDD946F65073FB600023BB6005E0B9
:10508000FB680133FB60BB680133BB60BB680F2B5F
:10509000F6D9FB68B3F5E04FEFD100BF1437BD463A
:1050A0005DF8047B704700BF0010810080B485B0BC
:1050B00000AF78600B467B804FF6FF737B817B8867
:1050C000002B03D17B89DB439BB22CE00023FB73D5
:1050D0007B685A1C7A601B78BB8117E07A89BB8990
:1050E00053409BB203F00103002B06D07B895B0881
:1050F0009AB2104B53407B8102E07B895B087B8135
:10510000FB7B0133FB73BB895B08BB81FB7B072BFC
:10511000E4D97B88013B7B807B88002BD6D17B89BF
:10512000DB437B817B8918461437BD465DF8047BE1
:10513000704700BF0884FFFF80B586B000AFF860FD
:105140000B467A607B817B687B617B691B78ED2BEA
:1051500021D17B695B78032B1DD17B699B78002B68
:1051600001D1002318E07B699B78012B13D17B8947
:105170001946F868FFF79AFF03467B827A8A7B69B3
:105180001B791B027969C9780B449A4201D100232B
:1051900002E0012300E0012318461837BD4680BD18
:1051A00080B489B000AF78607B68BB61BB695A7816
:1051B000274BA3FB021399080B465B000B445B00D3
:1051C000D31ADBB2002B01D001233AE0BB695B7834
:1051D0001F4AA2FB03239B08FB757B6802337B609D
:1051E0000023FB7728E07B683B613B695B781B020F
:1051F0003A691278134403F1824303F59033FB605C
:10520000FB683A6992781A70FB6801331A463B6969
:10521000DB781370FB6802331A463B691B79137005
:10522000FB6803331A463B695B7913707B6806336E
:105230007B60FB7F0133FB77FA7FFB7D9A42D2D301
:10524000002318462437BD465DF8047B704700BF35
:10525000ABAAAAAA80B48BB000AF78600B46FB70F3
:105260007B683B623B6A5A783A4BA3FB021399086E
:105270000B465B000B445B00D31ADBB2002B01D062
:10528000012360E03B6A5B78324AA2FB03239B0860
:10529000FB777B6802337B60002387F827304CE084
:1052A0007B68BB61BB695B789BB21B029AB2BB692E
:1052B0001B789BB21344FB82FB8A03F1824303F504
:1052C00080333B61FB78022B02D0FB78032B15D196
:1052D0003B69BA6992781A703B6901331A46BB6917
:1052E000DB7813703B6902331A46BB691B79137074
:1052F0003B6903331A46BB695B791370FB8AA42BA5
:1053000013D1BB699B785BB203F01F03FB73FB7B7C
:1053100003F01003002B04D0FB7B63F01F035BB290
:1053200001E097F90F300C4A13707B6806337B60FD
:1053300097F82730013387F8273097F82720FB7F2D
:105340009A42ADD3002318462C37BD465DF8047B46
:10535000704700BFABAAAAAAA401002080B485B000
:1053600000AF78607B68FB60FB685B78022B0DD137
:10537000FB68DB789BB21B029AB2FB689B789BB2FE
:1053800013449AB2054B1A80002300E0012318460B
:105390001437BD465DF8047B704700BF126B0220D6
:1053A00080B485B000AF78607B68FB607B680233B7
:1053B000BB60FB685B78042B12D1BB68DB781A06F4
:1053C000BB689B781B041A43BB685B781B021343C2
:1053D000BA6812781343064A1360064B01221A700A
:1053E000002318461437BD465DF8047B704700BFA4
:1053F0000C6B0220106B022080B586B000AF786085
:1054000039600023FB7582E07B681B78DBB2FF2BE1
:105410002AD17B6803F01F03002B03D17B6843F084
:105420007F437CE00023BB757B6823F007030833D0
:105430007B607A683B689A4202D34FF0FF336EE09C
:105440007B681B68B3F1FF3F0ED17B6810331B688C
:10545000B3F1FF3F08D17B6803F01F03002B03D19A
:105460007B6843F07F435AE07B683B613B691B7874
:10547000012B49D13B695B78012B45D13B699B7876
:105480001A467B6813440533FB607B680333184678
:105490003B699B789BB2FA681946FFF74DFE0346BD
:1054A000002B31D17B683AE03B68083B7A689A422E
:1054B00000D32CE07B681B68B3F1FF3F00D126E0EE
:1054C0007B681B78DBB2EF2B1BD17B6801331B7829
:1054D000DBB2002B11D17B6802331B78DBB2ED2BE2
:1054E0000BD17B6803331B78DBB2032B05D101237F
:1054F000FB757B6807337B6006E07B6804337B6069
:1055000002E07B6801337B60FB7D002BCCD03B68E5
:10551000083B7A689A42FFF477AF4FF0FF331846A2
:105520001837BD4680BD80B588B000AFF860B9605F
:105530003B601346FB710023FB77FB68BB61BB69D3
:105540009B789BB203339BB2BB8395E0FB687B6186
:105550007B693B610023FB773B691B78FA799A42B0
:1055600002D13B6801221A703B691B78092B3ED09F
:10557000092B06DC072B16D0072B1EDC022B0CD0C8
:105580005FE00D2B1FD00D2B02DC0A2B39D058E029
:105590001A2B22D0552B3DD053E07869FFF7DEFE61
:1055A0000346FB774DE097F82830002B40D0786910
:1055B0000AF011F90346FB773AE078690AF06EF8D1
:1055C0000346FB773DE097F82830002B32D078690E
:1055D0000AF0C8F80346FB772CE097F82830002B38
:1055E0002AD078690AF050F90346FB7724E097F84F
:1055F0002830002B22D07869FFF7D2FD0346FB77D5
:105600001CE097F8283019467869FFF723FE034617
:10561000FB7716E0FB681D4A934211D9FB681C4AD0
:1056200093420DD87869FFF7BBFE0346FB7707E08E
:1056300000BF06E000BF04E000BF02E000BF00E0E2
:1056400000BFFB7F012B1CD0B7F91C30002B18DDED
:10565000FA68BB689A4214D2BA8B3B695B789BB2FA
:10566000D31A9BB2023B9BB2BB833B695B781A4661
:10567000FB6813440233FB60B7F91C30002B3FF783
:1056800065AFFB7F18462037BD4680BDFF0F810008
:105690006F1F810080B588B002AF3A601A4603469A
:1056A000FB710B46BB7113467B710023FB75FB79C5
:1056B000002B04D1254B3B61254BFB6038E0254B8B
:1056C0001B78002B01D185233BE0234B1B683B61FA
:1056D000214B1B6803F57763FB6029E0F9683869A3
:1056E000FFF78AFE38613B69BB603B6903F07F438B
:1056F000002B08D03B6923F07F43144A93421CD10E
:105700000123FB7519E03B69B3F1FF3F17D0BA796C
:105710007B7900933B68F9683869FFF704FF03461B
:10572000FB75BB689B781A463B6913440A333B619F
:105730003A69FB689A42D1D302E000BF00E000BFA3
:10574000FB7D18461837BD4680BD00BF00108100A4
:10575000701F8100106B02200C6B022080B584B09A
:1057600000AF03463960FB711346BB71BB79F97911
:105770003A680020FFF78EFF0346FB73084B1B7847
:10578000002B08D0BB7907F10E0200210120FFF7A2
:1057900081FF0346FB73FB7B18461037BD4680BD77
:1057A000106B022080B588B000AFF860B9603B6034
:1057B0001346FB710023FB77FB68BB61BB699B78D9
:1057C0009BB203339BB2BB83B6E0FB681B78FB75CF
:1057D000FB683B61FB79FF2B21D1FB7D002B00F0A7
:1057E0008C80FB7DFF2B00F08880BB6A1B881A46EB
:1057F0003B689818F9683B695B7802331A463BF0BE
:105800002BFBBB6A1A883B695B789BB213449BB243
:1058100002339AB2BB6A1A800123FB776DE0FA7DEE
:10582000FB799A4269D197F82C30002B4CD0FB7D44
:10583000062B03D13B695B78072B22D0FB7D0B2B1A
:1058400003D13B695B78042B1BD0FB7D0C2B03D170
:105850003B695B78012B14D0FB7D102B03D13B6996
:105860005B78182B0DD0FB7D152B03D13B695B7842
:10587000082B06D0FB7D182B1AD13B695B78042BD3
:1058800016D1FB68023319463B695B781A463868C3
:105890003BF0E2FABB6A1A883B695B789BB213441F
:1058A0009BB202339AB2BB6A1A800123FB7724E0D1
:1058B000BB6A1A883B695B789BB213449BB2023384
:1058C0009AB2BB6A1A8018E0BB6A1B881A463B680A
:1058D0009818F9683B695B7802331A463BF0BCFACA
:1058E000BB6A1A883B695B789BB213449BB2023354
:1058F0009AB2BB6A1A800123FB77BA8B3B695B784B
:105900009BB2D31A9BB2023B9BB2BB833B695B78D1
:105910001A46FB6813440233FB60B7F91C30002BB6
:1059200003DDFA68BB689A4206D3FB7F012B01D1E5
:10593000002306E0802304E0B7F91C30002B3FF77A
:1059400044AF18462037BD4680BD80B58AB002AF4F
:1059500003463960FB711F4BFB611F4B7B610023CA
:10596000FB810023FB7626E07969F869FFF744FDA7
:10597000F861FB693B61FB6903F07F43002B1ED19B
:10598000FB69B3F1FF3F1AD0FA790123019307F1C4
:105990000E0300933B687969F869FFF703FF03463C
:1059A000002B01D10123FB763B699B781A46FB69EA
:1059B00013440A33FB61FA697B699A42D4D3FB7EB4
:1059C000012B01D1002300E0802318462037BD467B
:1059D00080BD00BF00108100701F810080B582B0C3
:1059E00000AF786079680620FFF7AFFF0346002B11
:1059F00001D1012300E0002318460837BD4680BDD1
:105A000080B582B000AF786079681520FFF79DFF00
:105A10000346002B01D1012300E00023184608377C
:105A2000BD4680BD80B483B000AF7860054B93F96C
:105A300000207B681A70012318460C37BD465DF8BC
:105A4000047B7047A401002080B584B000AF78606B
:105A500007F10C0319460B20FFF777FF0346002BD5
:105A600005D1B7F90C207B681A80012300E00023E0
:105A700018461037BD4680BD80B584B000AF786051
:105A800007F10C0319460B20FFF75FFF0346002BBD
:105A900005D1B7F90E207B681A80012300E00023AE
:105AA00018461037BD4680BD80B584B000AF786021
:105AB00007F10F0319460C20FFF747FF0346002BA1
:105AC00005D197F90F207B681A70012300E00023AD
:105AD00018461037BD4680BD80B400AF034B1B781D
:105AE0001846BD465DF8047B704700BF106B02206E
:105AF00080B483B000AF0346FB71044AFB79137096
:105B000000BF0C37BD465DF8047B7047106B022068
:105B100080B400AF034B1B681846BD465DF8047B9C
:105B2000704700BF0C6B022080B400AF084B5B686D
:105B3000074A43F480035360054B5B68044A23F42F
:105B40000063536000BFBD465DF8047B704700BF33
:105B50000040014180B400AF244B254A1A60254B18
:105B6000254A1A60254B264A1A60264B264A1A6097
:105B7000264B274A1A60274B274A1A60274B4FF4B7
:105B800014021A60264B274A1A60274B274A1A60CC
:105B9000274B284A1A60284B1D4A1A60274B284A6F
:105BA0001A60284B284A1A60284B294A1A60294B48
:105BB00043F642421A60284B00221A60274B284ABB
:105BC0001A60284B284A1A60284B294A1A60294B28
:105BD000164A1A60284B294A1A60294B294A1A602A
:105BE00000BFBD465DF8047B704700BF0060014107
:105BF00021220080106001410A1426061460014130
:105C000010320C10186001411A2740201C6001411D
:105C1000F7FF4C462460014106421E3E28600141C8
:105C20002C6001410600060E3060014154760C0ED6
:105C3000346001411A260038386001413C6001415E
:105C40003832544E406001413240002044600141EE
:105C5000544E4C464860014150600141586001413A
:105C60004E4838325C600141514B46406060014112
:105C7000322C50C864600141686001411926544EBD
:105C80006C6001414C46383280B483B000AF0023D1
:105C9000FB7118E000BF00BF00BF00BF00BF00BF26
:105CA00000BF00BF00BF00BF00BF00BF00BF00BFFC
:105CB00000BF00BF00BF00BF00BF00BF00BF00BFEC
:105CC000FB790133FB71FB79C72BE3D900BF0C379C
:105CD000BD465DF8047B704780B500AF41F24401DA
:105CE00003200AF097FF43F6FF4152200AF092FF8B
:105CF00047F2080154200AF08DFF48F24E515E2011
:105D00000AF088FF47F2824160200AF083FF4CF6D8
:105D1000170161200AF07EFF4CF6170163200AF09C
:105D200079FF41F2073165200AF074FF49F207213B
:105D300067200AF06FFF47F2824168200AF06AFF8D
:105D40004BF2156169200AF065FF4BF215616B207B
:105D50000AF060FF41F205316D200AF05BFF49F265
:105D600005216F200AF056FF48F2070177200AF05C
:105D700051FF49F61E61E9200AF04CFF4FF6017110
:105D8000EF200AF047FF40F68321F9200AF042FF96
:105D900000BF80BD80B400AF00BFBD465DF8047B8E
:105DA0007047B0B58CB000AF4FF00003FB6101232A
:105DB0000222022133200AF08FFF01230C220C2142
:105DC00019200AF089FF01230022002115200AF082
:105DD00083FF002308220A2108200AF07DFF012307
:105DE0000722072109200AF077FF01230122012160
:105DF00009200AF071FF00230022002109200AF087
:105E00006BFF01230F220F2100201EF0B7FA0023A1
:105E10000D220D2100201EF0B1FA002301220121E4
:105E20004C201EF0ABFA0023032203214C201EF06D
:105E3000A5FA0123042204214C201EF09FFA4FF4FE
:105E4000007300220C2126200AF046FF14200AF0DD
:105E5000DDFF0023FB62002387F82B301EE00123C7
:105E6000002200214C201EF089FA002200214C2043
:105E70001EF0C4FA0346002B00D0F6E700BF002254
:105E80000F214E201EF0BAFA03461A46FB6A13444D
:105E9000FB6297F82B30013387F82B3097F82B30C3
:105EA000032BDCD9F86A3AF007FA04460D4697F856
:105EB0002B3018463AF000FA02460B462046294697
:105EC0000FF03AF803460C46C7E908344FF00002D9
:105ED000774BD7E9080134F097FD0346002B26D015
:105EE0004FF00002734BD7E908013CF0ABFD0346CD
:105EF0000C46184621464FF000026F4B0FF01CF87D
:105F000003460C461846214663A3D3E9002317F045
:105F10002FFD03460C46184621464FF00002674B02
:105F20000FF00AF803460C46C7E908341CE04FF0AE
:105F30000002614BD7E908010EF0FEFF03460C4654
:105F40001846214654A3D3E9002317F011FD034658
:105F50000C46184621464FF00002584B0EF0ECFF5D
:105F600003460C46C7E90834D7E90834C7E90434C6
:105F7000534BD3E902341A462346D7E904013CF0D7
:105F800061FD03460C46C7E902344D4BD3E90434A6
:105F90001A46234642A1D1E900010EF0CDFF034687
:105FA0000C461A462346D7E9020117F0E1FC0346E6
:105FB0000C46C7E90034424BD3E900341A46234665
:105FC000D7E900013CF03EFD03460C461846214649
:105FD00035A3D3E900230EF0AFFF03460C46184665
:105FE000214630F0A7FB0346FB61002300220C2171
:105FF00026200AF071FE00230222022133200AF03B
:106000006BFE00230C220C2119200AF065FE0023F0
:106010000022002115200AF05FFE052308220A2134
:1060200008200AF059FE00230722072109200AF060
:1060300053FE00230122012109200AF04DFE002316
:106040000022002109200AF047FE00230F220F2121
:1060500000201EF093F901230D220D2100201EF0D7
:106060008DF90023012201214C201EF087F9002325
:10607000032203214C201EF081F900230422042175
:106080004C201EF07BF9FB6907EE903AB0EE670AF0
:106090003037BD46B0BD00BF666666666666E63FE1
:1060A0003D0AD7A3703DDA3FBC5983F755B9603F2D
:1060B0000000E0400000F040000090400000F83F89
:1060C000B801002090B5A1B000AF03460A46FB809E
:1060D00013467B71032387F87F30A04A07F11C0326
:1060E0001146602218463AF0B7FE9D4B07F10C04AA
:1060F0000FCB84E80F00B7F90630272B0BDC0A2BF7
:106100001DDA13F10B0F16DC13F1190F0FDA13F56B
:10611000004F24DB07E04F2B02DC3C2B17DA12E0A8
:10612000632B1CDC17E0002387F87F301BE0012382
:1061300087F87F3017E0022387F87F3013E00323CE
:1061400087F87F300FE0042387F87F300BE00523CA
:1061500087F87F3007E0062387F87F3003E00723C6
:1061600087F87F3000BF7F4B1B7897F87F209A42DB
:1061700000F0F0807B4A97F87F3013707B79002B1A
:1061800022D197F87F2013465B0013449B0007F150
:1061900080021344643B1B789BB20B220F21E52045
:1061A0000AF09AFD97F87F2013465B0013449B008A
:1061B00007F180021344633B1B789BB20B220F2133
:1061C000E7200AF089FD1BE097F87F305B0007F1BC
:1061D0008002134413F8743C9BB20B220F21E5207C
:1061E0000AF07AFD97F87F305B0007F180021344D4
:1061F00013F8733C9BB20B220F21E7200AF06CFDD1
:1062000097F87F2013465B0013449B0007F1800240
:106210001344623B1B789BB207220821FC200AF042
:106220005BFD97F87F2013465B0013449B0007F14A
:1062300080021344613B1B789BB204220521E120BC
:106240000AF04AFD97F87F2013465B0013449B0039
:1062500007F180021344603B1B789BB206220721A2
:10626000E1200AF039FD97F87F2013465B001344C4
:106270009B0007F1800213445F3B1B789BB2022214
:106280000321E5200AF028FD97F87F2013465B00E4
:1062900013449B0007F1800213445E3B1B789BB2C2
:1062A00000220321E7200AF017FD97F87F2013460C
:1062B0005B0013449B0007F1800213445D3B1B7895
:1062C0009BB204220721E7200AF006FD97F87F2001
:1062D00013465B0013449B0007F1800213445C3BB0
:1062E0001B789BB201220321E2200AF0F5FC97F80B
:1062F0007F2013465B0013449B0007F18002134488
:106300005B3B1B789BB2032204210A200AF0E4FCC9
:1063100097F87F2013465B0013449B0007F180022F
:1063200013445A3B1B789BB20E220F2151200AF0D6
:10633000D3FC97F87F2013465B0013449B0007F1C2
:1063400080021344593B1B789BB208220E21522035
:106350000AF0C2FC00BF8437BD4690BD6C0003014B
:10636000CC000301FC73022080B582B000AF03466D
:10637000FB80104BB3F90030B7F906209A4214D0D5
:10638000B7F906307F2B02DD7F23FB8007E0B7F9EA
:10639000063013F1800F02DA4FF68073FB80FB8822
:1063A000002207215A200AF097FC00BF0837BD469B
:1063B00080BD00BFFE73022080B483B000AF0346EF
:1063C0000A46FB8013467B7100BF0C37BD465DF863
:1063D000047B704780B400AF0C4B03F5F1530833D6
:1063E0001A680B4B1B68D31A23F07043094A934277
:1063F00005D8094B1B78002B01D0012300E00023B6
:106400001846BD465DF8047B704700BF002001417F
:10641000D0010020FEFFFF07A801002080B584B056
:1064200000AF0346FB71FFF7BCFCF0EE407AFDEED7
:10643000E77A17EE903AFB81B7F90E301846FFF76E
:1064400093FF0D4B1B78C3F30003DBB21A46B7F979
:106450000E3011461846FFF735FE084B03F5F15391
:1064600008331B6803F5403323F07043044A13607C
:1064700000BF1037BD4680BDAC01002000200141A7
:10648000D001002080B584B000AF0346FB7100232B
:10649000FB73264A13786FF300031370244B00221A
:1064A0001A70FB79002B03D0FFF73EFBFFF752FB7E
:1064B000FA7907F10F0319460720FFF74FF9FB7927
:1064C000002B2DD01B4809F0F3F91A4BD3E900013A
:1064D0004FF000024FF0000335F095F90346002B12
:1064E00003D1154B01221A7002E0134B00221A70DF
:1064F000124B4FF440321A60114B40F271429A60D5
:10650000FB79012B03D10E4BFF229A6102E00C4B69
:106510007F229A610A4B13221A60094B4022DA60EB
:1065200009F0F6F900BF1037BD4680BDAC01002070
:10653000A4010020B8010020A8010020D001002003
:106540000010014180B400AF00BFBD465DF8047B80
:10655000704780B500AF002112200AF05BFB00BF3E
:1065600080BD00BF2DE9F04F8FB00746D0F85080B6
:106570000A68436D806D83EA000404EA080444401D
:10658000DE4BF86C0344009213441C4408EB746423
:106590004D687B6D88EA030222405A40D84BB86DA3
:1065A000034401952B441A4404EB32528E6888EA66
:1065B0000403134083EA0803D24D0D97786D054418
:1065C000029635442B4402EBF330CF6884EA02068E
:1065D00006406640CC4D454403973D442E4400EBB5
:1065E000B6260D692B4682EA000535405540C74F57
:1065F00004931F4427443D4406EB75654B6980EACC
:1066000006042C404440C24F05931F4417443C44A9
:1066100005EB34548B6986EA050222407240BD4F77
:1066200006931F4407443A4404EBF232D1F81CA00D
:1066300085EA040313406B40B74F574437443B444B
:1066400002EBB3230F6A384684EA02061E40664016
:10665000B24F079007442F443E4403EB7666486AE6
:1066600082EA030737405740AD4D08900544254462
:106670002F4406EB3757886A83EA06053D405D40A4
:106680000990A0F5244CACF14F0C9444654407EB01
:10669000F535CA6A144686EA07022A407240DFF8D6
:1066A000A8C2A4449C44624405EBB2220B6B18467A
:1066B00087EA050313407B40DFF890C20B908444C7
:1066C000B444634402EB73634E6B85EA020B0BEA3E
:1066D000030B8BEA050BDFF878C2B444BC44E344F7
:1066E00003EB3B5BD1F8389082EA030E0EEA0B0E07
:1066F0008EEA020E8B4F4F442F44BE440BEBFE3EFE
:10670000CF6B83EA0B0C0CEA0E0C8CEA030C864967
:10671000394411448C440EEBBC2C8EEA0C0505EA7E
:106720000B0585EA0E05814A01990A441A4415446D
:106730000CEBF5658CEA050202EA0E0282EA0C0215
:106740007B4B06990B445B441A4405EBF25285EAF5
:10675000020303EA0C036B4076490A942144714416
:106760000B4402EBB34382EA030129405140DFF8B6
:10677000E4E1009CA644E644714403EB313183EA32
:10678000010C0CEA020C8CEA030CDFF8CCE1059C4E
:10679000A644AE44F44401EBFC6C81EA0C051D40B8
:1067A0004D40DFF8B8E1099CA644964475440CEBD3
:1067B000F5558CEA05020A4082EA0C02DFF8A0E1F6
:1067C000BE449E44724405EBB24285EA020303EAEA
:1067D0000C036B40DFF88CE1049CA6448E447344A8
:1067E00002EB333382EA030129405140DFF878E1BC
:1067F00008988644E644714403EBF16183EA010C96
:106800000CEA020C8CEA030CDFF860E1CE44AE44E3
:10681000F44401EBFC5C81EA0C051D404D40DFF8BF
:1068200050E1039CA644964475440CEBB5458CEAB4
:1068300005020A4082EA0C02DFF838E1079CA64410
:106840009E44724405EB323285EA020303EA0C03EC
:106850006B40DFF824E10C96B6448E44734402EB9F
:10686000F36382EA030129405140DFF810E1029E00
:10687000B644E644714403EBF15183EA010C0CEA9F
:10688000020C8CEA030CDFF8F8E0D644AE44F44482
:1068900001EBBC4C81EA0C0B0BEA030E8EEA010EF5
:1068A000254D0B9805441544AE440CEB3E3E059A2D
:1068B000A2F5B822A2F2BE621A448BEA0E0B5A4429
:1068C0000EEB32738CEA0E025A401C4D25440D44E7
:1068D000511903EB71518EEA03024A40184D0A9890
:1068E0000544654402EB050C01EB3C4C83EA0102D4
:1068F00082EA0C02134D4D44754443E078A46AD7F4
:1069000056B7C7E8DB702024EECEBDC1AF0F7CF5D3
:106910002AC68747134630A8019546FDD898806956
:10692000AFF7448B8E4379A62108B44962251EF641
:1069300040B340C0515A5E268A4C2A8D81F6718739
:1069400022619D6D0C38E5FDBED75C892211906BEC
:10695000937198FDAAC7B6E95D102FD6531444026F
:1069600081E6A1D8C8FBD3E7E6CDE121D60737C33E
:10697000870DD5F4ED145A4505E9E3A9F8A3EFFC1A
:10698000D9026F672A440CEB722281EA0C0555404C
:10699000DFF8ACE2019CA6449E4405EB0E0302EB3B
:1069A00033738CEA020E8EEA030E964D049C254446
:1069B0000D44AE4403EB7E5E82EA030585EA0E05D4
:1069C0009149514461440D440EEB354583EA0E0173
:1069D0006940DFF870C2099CA4449444614405EB0B
:1069E00071218EEA050C8CEA010C884A0C9802444D
:1069F0001A44944401EB3C7C85EA010282EA0C02D1
:106A0000834B009C234473441A440CEB725281EA7A
:106A10000C035340DFF830E2039CA644AE447344B9
:106A200002EB33438CEA020E8EEA030E794D069C8C
:106A300025440D44AE4403EB7E2E82EA030585EA2D
:106A40000E0575490898014461440D440EEB3575F7
:106A500083EA0E016940DFF8F4C10B988444944442
:106A6000614405EB71518EEA050C8CEA010C6B4A0E
:106A70003A441A44944401EB3C4C85EA010282EA10
:106A80000C02674B334473441A440CEB722262EAE3
:106A9000010383EA0C03DFF8B8E1009CA644AE448E
:106AA000734402EBB36363EA0C055540DFF8A4E1DD
:106AB000D6448E44754403EBB55565EA020159404E
:106AC000DFF894E1CE44E644714405EB714161EA9C
:106AD000030C8CEA050CDFF884E1059EB64496446D
:106AE000F44401EBFC2C6CEA05024A40DFF870E14B
:106AF00086449E4472440CEBB26262EA010383EA6C
:106B00000C03DFF860E1039CA644AE44734402EB3F
:106B1000B35363EA0C055540099CA4F58014A4F610
:106B200083340C44254403EB754565EA0201594062
:106B30003C4C019E34446444214405EBF12161EA5C
:106B400003046C40DFF820C10798844494446444F3
:106B500001EBB46464EA05024A40DFF810C1BC44AA
:106B60009C44624404EBB25262EA010363402E4F3C
:106B7000069E37442F443B4402EB734363EA04050B
:106B800055402A4F0C9E37440F443D4403EBF525F6
:106B900065EA02015940264E049F3E442644314492
:106BA00005EBB16161EA03046C40224E0A9F3E444A
:106BB0001644A21901EBB25262EA05044C401E4E83
:106BC000029F3E441E44344402EB74440D9FFB6C10
:106BD0000B44FB6464EA01015140184B08980344DC
:106BE0002B44194408EB040303EBF1233B657B6D55
:106BF0001C447C65BB6D1A44BA6500200FB0BDE82B
:106C0000F08F00BFA9CFDE4B604BBBF6C67E9B2842
:106C1000FA27A1EA051D880439D0D4D9F87CA21F2F
:106C20006556ACC4D15D8485144301A3A111084EFF
:106C3000827E53F735F23ABDBBD2D72A91D386EB89
:106C400044EABEA470BCBFBE8530EFD4E599DBE654
:106C5000442229F497FF2A43A72394AB39A093FC3D
:106C6000C3595B6592CC0C8F4F7EA86FE0E62CFE7B
:106C70005478204279746520436F756E742D6C6F63
:106C8000776572203332626974732854784F544C9C
:106C90004F290000691F040154782042797465204F
:106CA000436F756E742D7570706572203136626930
:106CB00074732854784F544849290000771F040101
:106CC0005478204672616D657320772F6F2065724E
:106CD000726F722854784654434E542900000000C5
:106CE00000000000851F040154782042726F616427
:106CF00063617374204672616D65732854784243F2
:106D0000465429000000000000000000931F040109
:106D10005478204D756C7469636173742046726198
:106D20006D65732854784D4654290000000000001A
:106D300000000000A11F04015478205061757365A4
:106D4000204672616D6573285478504654290000BE
:106D5000000000000000000000000000AF1F040160
:106D600054782036342D62797465204672616D65E1
:106D7000732854784246543634290000000000003D
:106D800000000000BD1F040154782036352D31323B
:106D9000372062797465204672616D6573285442AC
:106DA000465431323729000000000000CB1F040197
:106DB0005478203132382D3235352062797465208F
:106DC0004672616D65732854424654323535290048
:106DD00000000000D91F04015478203235362D35CB
:106DE00031312062797465204672616D6573285473
:106DF000424654353131290000000000E71F0401EC
:106E00005478203531322D31303233206279746537
:106E1000204672616D6573285442465431303233D6
:106E200029000000F51F0401547820313032342D40
:106E3000313531382062797465204672616D657331
:106E400028544246543135313829000003200401CA
:106E50005478204672616D6573203E3D2031353196
:106E600038206279746528475442463135313829D3
:106E70000000000011200401547820556E646572F2
:106E800072756E204672616D6573206E6F7420544A
:106E90005865642854785455522900001F20040175
:106EA00054782053696E676C6520436F6C6C69730E
:106EB000696F6E204672616D65732854785343463E
:106EC000290000002D200401547820322D31352076
:106ED000436F6C6C6973696F6E204672616D657388
:106EE0002854784D43462900000000003B2004014F
:106EF000547820313620436F6C6C6973696F6E2053
:106F00004672616D65732854784543434E54290099
:106F100000000000492004015478206C6174652051
:106F2000436F6C6C6973696F6E204672616D657337
:106F30002854784C43434E54290000005720040144
:106F40005478204465666572726564204672616D8E
:106F5000657328547844544629000000000000005E
:106F600000000000652004015478204361727269BA
:106F700065722053656E7365206572726F7220466C
:106F800072616D6573285478435345297320040159
:106F90005278204279746520436F756E742D6C6F42
:106FA000776572203332626974732852784F524C7D
:106FB0004F29000081200401527820427974652015
:106FC000436F756E742D757070657220313662690D
:106FD00074732852784F5248492900008F200401C9
:106FE0005278204672616D657320772F6F2065722D
:106FF000726F722852784652434E542900000000A6
:10700000000000009D20040152782042726F6164EC
:1070100063617374204672616D65732852784243D0
:10702000465229000000000000000000AB200401CF
:107030005278204D756C7469636173742046726177
:107040006D6573202852784D4652290000000000DB
:1070500000000000B920040152782050617573656A
:10706000204672616D65732852785046522900009F
:10707000000000000000000000000000C720040124
:1070800052782036342D62797465204672616D65C0
:10709000732852784246523634290000000000001E
:1070A00000000000D520040152782036352D313201
:1070B000372062797465204672616D657328544289
:1070C000465231323729000000000000E32004015D
:1070D0005278203132382D3235352062797465206E
:1070E0004672616D65732854424652323535290027
:1070F00000000000F12004015278203235362D3591
:1071000031312062797465204672616D657328544F
:10711000424652353131290000000000FF200401B1
:107120005278203531322D31303233206279746516
:10713000204672616D6573285442465231303233B5
:10714000290000000D210401527820313032342D05
:10715000313531382062797465204672616D65730E
:107160002854424652313531382900001B21040190
:107170005278204672616D6573203E3D2031353175
:107180003920627974657328544D5842465229005B
:1071900000000000292104015278204672616D65CB
:1071A00073203C20363420627974657328527855F8
:1071B00046522900000000000000000037210401B1
:1071C0005278204672616D6573203E20313531382A
:1071D0002062797465732852784F46522900000066
:1071E00000000000452104015278206572726F7220
:1071F000204672616D6573203E2031353138206242
:10720000797465732852784A522900005321040189
:10721000527820435243206572726F722046726129
:107220006D657328527846435345290000000000DD
:1072300000000000612104015278204C656E6774E3
:1072400068206669656C64206572726F7220467290
:10725000616D65732852784C464645296F210401BB
:1072600052782073796D626F6C206572726F722034
:107270004672616D657328527852534529000000AB
:10728000000000007D210401527820616C69676E66
:107290006D656E74206572726F72204672616D65E5
:1072A0007328527841452900000000008B21040119
:1072B0005278205265736F75726365204572726FE4
:1072C0007220285278525245290000000000000028
:1072D00000000000992104015278206F76657272D7
:1072E000756E206572726F72204672616D657328CB
:1072F0005278524F4529000000000000A7210401E8
:1073000052782049504864722043686B73756D2031
:107310006572726F72204672616D6573285278498A
:1073200048434529B5210401527820544350204355
:10733000686B73756D206572726F72204672616D35
:10734000657328527854434529000000C321040185
:107350005278205544502043686B73756D206572D8
:10736000726F72204672616D65732852785543457D
:1073700029000000D1210401AB4B834240F0478338
:10738000AA4B93F90020531EDBB2012B00F23F837E
:107390002DE9F04784B0A64B1B685BB1012A1AD0D7
:1073A000A34B1C68A04B1B88002B00F022830025F8
:1073B0009D4E7EE09F4B1B6868469847002800F36F
:1073C000048320B9009810B106F07CF9FDE2974BD8
:1073D00000221A70F9E2984B1B68B3F1FF3FDFD12E
:1073E000964A0021052038F0ABFC934B1860B0F1B1
:1073F000FF3F31D036F050FA00EB800303F2E73361
:107400008F4AA2FB03239B094FF47A7202FB03F31A
:10741000B3FBF0F38B4A136047F6FE7293421BD81E
:1074200003F5A672B2FBF3F202FB03F3864A136084
:107430000225864C03E010340135272DB0D0236897
:10744000002BF8D0B4F90A20002AF4D02146A8B2C3
:1074500035F038FB0028EED13AF0FCFF88B923F074
:10746000A9F9724BFF221A703AF0F4FF002800F0DD
:10747000AC823AF0E9FF4FF0FF32754929F05EFD2A
:10748000A3E23AF0E1FF0522724929F057FDE6E751
:1074900003230422214664482AF0F0FA94F843308A
:1074A00043F0800384F843307034013533889D42C3
:1074B00059D2E06C0028F7D0636C9B69984794F828
:1074C000433013F0400FEFD0636C5B69E06C98477A
:1074D0000028DDDB0228E7D100230093019302930B
:1074E000ADF80C3040F2DC53ADF80A3001238DF8D2
:1074F0000E308DF80F30636C1B6C6946206D984719
:107500000098E063BDF80430A4F84030BDF80630C0
:10751000003B18BF012394F8432063F3451284F81D
:107520004320BDF80A30A4F85E309DF80D3084F891
:1075300060309DF80C3084F861309DF80E3084F88E
:1075400062309DF80F3084F8633094F8423043F095
:10755000400384F84230D3B203F0BF0343F080030A
:1075600084F84330A0E7314A92F90020012A27D05D
:1075700000202DF081F8384B1B68384A12681343FD
:10758000374A1268134300F02082344B1B68002BEB
:1075900040F08A800026304B1B68002B00F076817B
:1075A0002D4B00221A60224B1C681F4B1B88002B9E
:1075B00000F01E811746DFF8AC90DFF86C80E6E043
:1075C0001B4A1668002B00F01A82314600252A4615
:1075D00001270FE010F0800F00F0F78191F84200D2
:1075E00010F0400F02D007FA02F00543013270316B
:1075F000934209D091F8430000F00C04042CE9D028
:1076000007FA02F00543F1E7012202FA03F3013B16
:10761000AB4200F0F481044B1B88B3B3002444F266
:107620004008014F25E000BF68690220AE6D0220CE
:107630003C6C0220146C0220E4720220E1D60301AB
:10764000D34D6210206C02201C6C0220C05B022013
:107650008820000158200001346C0220306C022088
:10766000186C0220286C0220703601343B889C4242
:107670000BD2B6F8423018EA030FF5D003230422E8
:10768000314638462AF0FAF9EEE7B44BFF221A7079
:107690003AF0E0FE002800F098813AF0D5FE2A4644
:1076A000AF4929F04BFC90E10027AE4B1F6034F04E
:1076B000A5FA06460D46AC4B1C6822463B4634F004
:1076C0005DFEAA4B1860AA4BA3FB043292093B460D
:1076D0003046294634F052FEA64B1860A64B1B6874
:1076E000A64A12689B1ABB4203DDA34A1360012617
:1076F00051E703F24D13A04A1360A14B1C68A14B44
:107700001B88002B00F06B8100259E4E04E0703436
:10771000013533889D4219D294F8423013F0400F5E
:10772000F5D0636C5B6A206D984794F8643003F081
:1077300001039842EBD094F8643043F0020360F305
:10774000820360F3000384F86430E0E7012622E757
:10775000012625E700254FF0010A636C5B6B2A4682
:107760002946206D9847014628B18C622A4650462A
:107770002FF00AFBF1E7D9F800300133C9F80030E7
:107780002CE070340137B8F80030BB4230D994F89F
:10779000423013F0400FF5D0B4F85A50636C5B6D73
:1077A000206D98470543ADB2012039F05AFC0146DF
:1077B000B4F85A3023EA0503A4F85A30012039F00E
:1077C000FBFDB4F85C302B43A4F85C30636C1B6D9C
:1077D0002946206D984715F0160FBBD194F8433019
:1077E00013F0200FCDD0636C9B6B206D9847C8E7DA
:1077F0004FF00009644F4FF00108384637F09AFC0B
:107800008246002836D043699B895BBA9BB200252B
:107810005E4C22889A420AD008340135042DF8D1F2
:1078200042466FF00C01504635F0DEF8E5E7DAF835
:10783000203023F47C13CAF8203062681A43CAF857
:1078400020200022514660882FF09EFA0028E7D0C1
:1078500029FA05F313F0010FCFD1012101FA05F543
:1078600049EA050960880022494B03EB001035F016
:107870004BFFC2E7012039F0F4FB0146444A138B69
:1078800023F001031383012039F096FD3C4B1C6863
:107890003C4B1B889BB30025DFF8FC80394F0CE084
:1078A00094F8643013F0020F18D10023A4F85C3070
:1078B000703401353B88AB4221D994F8423013F043
:1078C000400FF6D0B4F85C1040F286631942E7D05E
:1078D000D8F800300133C8F80030E1E713F0040FA6
:1078E00014BF41F4006141F4805194F8643023F0F6
:1078F000020384F86430204626F0EAF8D5E7002E2B
:1079000072D1244C04F5147800264AE01144A18178
:1079100000220221204635F0F7FE1034AC420FD091
:107920002368002BF9D0B4F90A20002AF5D0316879
:10793000A3895B1A99B21BB2002BE7DDA381ECE7A8
:10794000012039F08EFB0146114A138923F002030E
:107950001381012039F030FDD3E700BFAE6D022066
:10796000F8200001306C0220246C0220106C0220F0
:10797000D34D62100C6C02201C6C0220206C022083
:107980003C6C022068690220D062022014F20301DC
:10799000A05B0220D05B02202C6C02201034A0459A
:1079A00010D0304639F05DFB014654F8105C34F8D5
:1079B000087C304639F000FD002DEFD0002FEDD0CF
:1079C000A847EBE7124B1B6813B904B0BDE8F0877A
:1079D00000224FF480710F4838F0D2F8F5E70E4BD3
:1079E0001B68002B7FF4B4AE0C4C0D4E04F51475DF
:1079F00096E70C4B93F90030012B7FF4B9AD094B9E
:107A000002221A700849002034F0C8F8B0E5704727
:107A1000186C0220B05B0220346C0220C05B022094
:107A2000206C0220AE6D0220C820000180B588B015
:107A300000AFB96011461A460346FB810B46BB8175
:107A40001346FB80FB893B82BB687B61BB893B8320
:107A5000FB887B830E4B1B68FB6110E0FB691B6896
:107A600007F1100210469847034683F00103DBB28A
:107A7000002B01D0002306E0FB695B68FB61FB691A
:107A8000002BEBD1012318462037BD4680BD00BF37
:107A90001C6902201FB504466946008800F0AEF953
:107AA00068B3BDF80230ABB1019B9BB1029BD3B967
:107AB000A2882088CAB1A368BBB16188FCF710FA1C
:107AC000D0B14FF0200383F31188BFF36F8FBFF362
:107AD0004F8FFEE74FF0200383F31188BFF36F8FC2
:107AE000BFF34F8FFEE79847E2E7019BBDF8022006
:107AF0000021FCF7F5F9E3E7208800F0C6F904B0AF
:107B000010BD7FB56946054600F078F910B9002030
:107B100004B070BDBDF80230A3B1019B93B1029BCC
:107B2000CBB92846FCF764FA019ABDF80210064664
:107B30002846FCF77BFA022804460ED1B4FA84F0FA
:107B40004009E5E74FF0200383F31188BFF36F8FFF
:107B5000BFF34F8FFEE79847E3E740B14FF02003B4
:107B600083F31188BFF36F8FBFF34F8FFEE7334668
:107B7000BDF8022001992846FFF758FF0028DDD103
:107B8000C5E71FB504466946008800F037F910B90B
:107B9000002004B010BDBDF8023093B1019B83B149
:107BA000029BBBB96188A288BDF802308818984250
:107BB000EEDCA3682088FCF7F1F9B0FA80F0400908
:107BC000E7E74FF0200383F31188BFF36F8FBFF314
:107BD0004F8FFEE79847E5E773B5DFF840C00E4DDD
:107BE00006460C4600226B46688891B2884201D84E
:107BF00000200EE00CEBC20103C983E80300BDF8CE
:107C00000610B14202F10102EED103CB20606160A7
:107C1000012002B070BD00BF2069022028040001CD
:107C20002DE970411E4B85B00646186839F0E5FE17
:107C3000002480462546A04510D865BB2A4631461B
:107C4000174839F0D7FB012825D04FF0200383F3E4
:107C50001188BFF36F8FBFF34F8FFEE7002201A99A
:107C60000F4839F094FE01280CD1019A33680C4872
:107C70009A4208BF012501A90022013439F0BAFB5C
:107C8000E4B2D8E74FF0200383F31188BFF36F8F7E
:107C9000BFF34F8FFEE7012005B0BDE8708100BF44
:107CA000E46C022010B5044688B1082015F08EFF60
:107CB00040B94FF0200383F31188BFF36F8FBFF3F8
:107CC0004F8FFEE7024B04601A694260186110BDD5
:107CD0002069022010B5044688B1082015F076FF0F
:107CE00040B94FF0200383F31188BFF36F8FBFF3C8
:107CF0004F8FFEE7024B04601A684260186010BDA7
:107D00001C69022010B50446082015F05FFF28B159
:107D1000034B04805A6942605861012010BD00BFC6
:107D20002069022000F44063B3F5406F13B514D10D
:107D30006946FFF751FF70B9002002B010BD009BEB
:107D400033F81400FCF7AEFA0134E4B2BDF80430A5
:107D5000A342F4D8F0E70024F8E7FCF7A3FAEBE736
:107D6000034B00229880C3F80620181DDA6057E7FD
:107D700020690220054B5B690BB9184670471A88C9
:107D8000824201D05B68F7E701207047206902203A
:107D90007FB5184B184D5E6904464EB90120FCF7BB
:107DA000D9FA3146286823F084FF002004B070BD62
:107DB000FCF7D0FA24B10021286823F07AFFF4E719
:107DC000286839F01AFE0646A642EED9002201A91B
:107DD000284639F0DCFD012809D1BDF80400FFF781
:107DE000C9FF20B1002201A9284639F003FB013464
:107DF000E4B2E9E720690220E46C02202DE9704139
:107E0000DFF848C0DFF8488085B086460E4600257A
:107E10006C4600BFBCF80030AB4201D8002010E037
:107E200008EB05130FCB84E80F00BDF80030734555
:107E30000AD1234603CB3060716003CBB060F160A0
:107E4000012005B0BDE870810135E3E7206902201B
:107E5000280300011FB50446008800F44063B3F511
:107E6000406F02D1002004B010BD6946FFF7C6FF85
:107E70000028F7D0A28863881344BDF802209342FB
:107E8000F0DC2046FFF7CCFEEDE738B5044B1C696B
:107E9000054604B938BD2368284698476468F8E762
:107EA0002069022030B585B0044669460088FFF796
:107EB000A5FF002845D0BDF80230D3B1019BC3B166
:107EC000029BFBB92088FCF785FA2588E0B9019A66
:107ED000BDF802102846FCF7A9F810F0FD0F2DD0D0
:107EE0004FF0200383F31188BFF36F8FBFF34F8FE1
:107EF000FEE74FF0200383F31188BFF36F8FBFF3CA
:107F00004F8FFEE79847DDE7A2887AB1A3686BB18F
:107F100061882846FBF7E4FF80B14FF0200383F32C
:107F20001188BFF36F8FBFF34F8FFEE7019BBDF842
:107F3000022000212846FBF7D3FFEDE72088FFF75A
:107F4000A4FF05B030BD024B18683AF06CBC00BF0E
:107F5000E46C022030B5174D89B0002202A92846F2
:107F600039F015FD012801D009B030BDBDF8080079
:107F700000F44063B3F5406F17D16946FFF72CFE5C
:107F80000028EAD00024CDF816400794BDF804304C
:107F9000A342E2D9009B05A833F81430ADF81430A1
:107FA0000134FFF77FFFE4B2F0E702A8FFF77AFFA2
:107FB000D3E700BFE46C022030B50446008800F42B
:107FC0004063B3F5406F85B003D10025284605B066
:107FD00030BD6946FFF712FF05460028F5D0A2889C
:107FE00063881344BDF802209342EEDC2046FFF77D
:107FF00059FFEBE700F44063B3F5406F37B518D194
:108000006946FFF7E9FD054688B900250CE0009BAD
:1080100033F81400FCF7DEF90028F6D00134E4B29E
:10802000BDF80430A342F2D8284603B030BD002486
:10803000F6E7FCF7CFF90546F6E700F44063B3F541
:10804000406F13B516D16946FFF7C6FD80B9012010
:1080500002B010BD009B33F81400FFF752FD00285A
:10806000F6D00134E4B2BDF80430A342F2D8EEE712
:108070000024F8E7FFF745FDEAE7038803F44063CF
:10808000B3F5406F00D07CE5002070472DE9F04744
:1080900086B090F87130012B05D06FF001063046A4
:1080A00006B0BDE8F08704460D469146002038F042
:1080B000D8FF0146A26C002A00F0AA82136A13F0CE
:1080C000080F40F0A58243F008031362A76C00205C
:1080D00039F072F9002F00F09E820023A7F8563085
:1080E000A7F85430BB64A7F86E30A7F86C303B6635
:1080F0003A6913603A69938115F0010F44D194F8FD
:10810000843003F0230323F0200384F8843094F8B0
:108110007130012B0CBFFE690026337B23F0F00386
:10812000337315F0060F50D015F0020F00F059818F
:1081300002238DF8143004238DF8153094F8713033
:10814000012B2AD000235ABAADF81620A4F86830C3
:10815000337BC3F30312013262F30713337394F8D2
:108160007130012B04BF059B7361236D33B34FF056
:10817000000815F0030F00F03681B4F860304FF0BE
:10818000000AE7E0A76463E294F8853043F0010356
:1081900084F8853005F0FE05B1E7636C33B1606C9F
:1081A00037F070FBA0F114039BB2CCE7204630F00F
:1081B000F0F80028F3D16FF0030669E220461DF0C5
:1081C000BBFA20654FF00008D3E7B4F86680A268D8
:1081D00023699A4200F06682B4F86030002B00F008
:1081E000AA8094F87130012B2ED0B4F868309845ED
:1081F00028BF9846A36821698B423DD9B4F8602016
:10820000A3EB010A924528BF9246C24506D994F8CD
:10821000843043F0800384F88430C24694F871308F
:10822000012B16D023695344236194F8853013F051
:10823000010F00F08280B4F8603053457DD0D04506
:108240007BD045F0010578E03AF04CFC0028D1D114
:10825000CBE70023BB6459B11FFA8AF3A7F8563065
:10826000A7F8543039653B6907F148021A60D9E72D
:108270003B6900221A60D5E76268521A2068A2EBB7
:10828000000C03EB0C0AB4F860309A4528BF9A46FC
:10829000C24506D994F8843043F0800384F88430D2
:1082A000C2461346524528BF5346BAEB03022CD0B0
:1082B00094F871C0BCF1010F0AD0236953442361C3
:1082C00062689342B1D32168521A9B1A2361ACE7CA
:1082D000A8B192B207F1600CA7F86E20A7F86C2045
:1082E000B866C7F848C061B19BB2A7F85630A7F886
:1082F000543039653B6907F148021A60DDE784466E
:10830000EFE73B6900221A60D7E794F87120012A51
:10831000D3D10022BA6451B19BB2A7F85630A7F866
:10832000543039653B6907F148021A60C5E73B697B
:1083300000221A60C1E74FF0000A1FFA8AF8BAF16A
:10834000000F3FF416AFB4F86030A3EB08039BB204
:1083500045F00805A4F8603019F0010F0DD0002396
:1083600084F87230A84B1B684FF47A7202FB03F357
:10837000A64AA2FB03239B09E36435F065FAE36C8C
:108380000344636294F8843043F0020384F8843039
:10839000B4F85E303380B4F85C307380236D736062
:1083A000636DB360337B23F00F0333737573002366
:1083B00073823382236D5344236515F0020F48D036
:1083C00015F0100F14BFB3680023B36094F8863023
:1083D00013F0080F31D07368013B73604FF004094C
:1083E00039E04FF0000819F0020F0AD094F873300A
:1083F000013384F87330236D013B23654FF0010A8C
:10840000C6E794F8843013F0020F13D019F0010F6F
:1084100008D194F872302BB1013B84F87230E36CD0
:108420005B08E36435F010FAE36C034463624FF0D9
:10843000000AADE74FF0000AAAE7236D0133236578
:1084400094F8863043F0080384F886304FF004092E
:1084500001E04FF0000915F0010F05D094F88630C7
:1084600043F0040384F8863015F0100F05D094F81B
:10847000863043F0400384F88630E269236A9A42EA
:108480001DD3A1696069091AD21A891A8BB2F381C6
:10849000A4F8623030462CF0C5F8337BC3F30312E6
:1084A000053262F30713337394F87130012B0AD04D
:1084B000B8F1000F40F0D0804FF0FF36EFE59B1A87
:1084C000013B9BB2E3E7E36B63B94FF0FF36B8F1D2
:1084D000000F00F0DD804FF0FF36A36B002B40F063
:1084E000CF80BDE020462FF054FF0028EDD009F1E9
:1084F0001409236CBB63E36BFB63636C3B643A69F5
:1085000093894B449381FE6900233382636C93F813
:10851000603013F0010F1ED094F881308DF80530D3
:1085200094F882308DF8043000268DF8066009EB4F
:10853000080201AB92B20621384610F013FC3E60EF
:10854000384639F033FF002838D0B8F1000F00F07A
:1085500098800026C1E7BB6B0293FB6B039300225C
:108560008DF8102006238DF8113009EB08035BBA53
:10857000ADF812300C2102A828F010FCC24392B2D0
:108580004946304628F00AFCC3439BB2B8F1000FBD
:1085900007D139690A8A22F008020A82DB43338252
:1085A000BAE739690A8A42F008020A824246396DFE
:1085B000384623F037FBC3439BB2EFE70A226FF044
:1085C0001301384634F010FA7FE7002038F049FDF7
:1085D0000146A56FE76FB4F87660002038F0ECFE36
:1085E0006DB116F0080F0CD03B460822616CB4F94F
:1085F0007400A847002652E56FF002064FE50026FA
:108600004DE500264BE500BFCC6B0220D34D621038
:10861000002038F0D1FE294B04221421782034F0B8
:1086200024FD07460028E7D0254B8360C460012362
:10863000A0F87030A0F85830036A43F008030362D2
:10864000002038F00EFD0146A36C002B3FF49AADDC
:10865000002038F0B1FE4FE5A36BBBB94FF0FF36F9
:1086600040F2DC53636335F0EFF8636B154A126830
:1086700002FB03F3144AA2FB032300EB9310A06355
:1086800036B915F0040FA0D1002608E54FF0FF36EB
:1086900094F87130012B7FF402AD3B6A23F008039C
:1086A0003B62FCE494F8853013F0010F02D04FF0E8
:1086B000000AC0E54FF000085BE500BF060020009F
:1086C00085090201CC6B0220D34D62102DE9F043E5
:1086D000074689B018220E4602A8002139F074F826
:1086E0003C682FF0B1FB0023237535F0B1F9A36F7F
:1086F000DA0505D527F080FA2CF0AEFBAFF3008049
:10870000B4F85C3001339BB2A4F85C30EBB9B4F838
:10871000503053B1B4F85420524292B2B2FBF3F14C
:1087200003FB11229B1AA4F85430E36FDB070CD52E
:10873000D4F8B4114B8943B18A89524292B2B2FB48
:10874000F3F003FB10229B1A8B81B4F85A300BBB59
:10875000E06F10F0010040F07D8101460546B4F85D
:1087600050C0BCF1010F00F08B81D5B9B4F8542092
:10877000B4F85C309A4240F27C81D21A92B2B2FBD9
:10878000FCF50CFB152292B2002A40F07B81A4F884
:10879000582075E1013B9BB2A4F85A30002BD7D08A
:1087A0000025E37D012B66D1A36FDA010CD5D4F847
:1087B000CC003AF0E3F98046D4F8CC003AF07BF9EB
:1087C0000146404635F0A2FFD4F8C830DB0110D591
:1087D00020462BF04DFD60B1D4F8CC003AF0CEF934
:1087E0008046D4F8CC003AF066F90146404635F0B0
:1087F0008DFFA26FD4F8803012F0007900F068810C
:10880000D4E921929B00403302F1FF384FF6FC720D
:108810001A40D4F8CC1002A82EF026F9D4E9202171
:1088200040F272234B4303EB42032033A8EB0908C9
:10883000C4F88C304FEA482305939DF8083043F084
:1088400010038DF80830E37D012B14D1E3681BB9C8
:10885000A36F23F48053A367A36F13F4505F00F05A
:108860009F81180240F1F78123F40003A367D4F835
:10887000CC0039F051FF002D3DD1A36F1A023AD43C
:10888000B4F85A30002B36D1B4F85450B4F85C2008
:10889000B4F8500095428CBFAB1A531B9BB2B3FB8C
:1088A000F0F100FB1131954289B2E36F9CBF411A90
:1088B00089B2DB0717D5D4F8B4C1BCF80C50BCF8AA
:1088C0000AC095428CBFAB1A531B98B2B0FBFCF3A5
:1088D0000CFB13039BB295429CBFACEB03039BB212
:1088E000994228BF194631B1A4F85A100022D4F891
:1088F000CC0039F00BFF2FF0A7FAA36F23F03C5305
:1089000023F44C63A367D4F8C83023F08073C4F811
:10891000C83035F09DF8A36F9D0729D52FF094FA44
:10892000A36F23F0020343F00403A36735F090F82C
:1089300001A9D4F8CC0038F017FA019B5B0A019327
:10894000226F13442367384637F07EFC94F86D306D
:10895000D4F8CC0043F0100384F86D303AF00EF9EF
:10896000C4F8C000D4F8CC003AF0A5F8A4F8BC00D4
:10897000A36F980211D52FF067FAA36F23F40013A9
:10898000A36735F065F8204636F0C4FE9DF8083040
:10899000069043F020038DF80830A36F990540F14D
:1089A0004181A38F002B00F04E81B4F86830002B7A
:1089B00000F04981013BA4F86830002384F8283096
:1089C0002FF042FAA36FD80554BF23F4844323F455
:1089D0008643A36735F03CF894F86D3059070CD501
:1089E00001AB04229E490197012028F082FE94F8F1
:1089F0006D306FF3820384F86D30D4F8443143B1A5
:108A00001A7C520641BFD3F82220137A43F0200388
:108A1000137294F8F2305B060CD5019494F8F2309E
:108A200090496FF3861384F8F230042201AB0120E1
:108A300028F05FFE002E00F00A8102AB03CB30600D
:108A4000716003CBB060F16003CB3061716109B03C
:108A5000BDE8F083D4E96D3194F8E420082A18BF0A
:108A600019464D8905F1FF3CDCF1000545EB0C058D
:108A700075E69A1A92B2002A7FF481AEA4F8585093
:108A800001258EE6B4F8582022B1013AA4F8582006
:108A9000022586E600283FF483AE8A899A4212D9DD
:108AA000D31A9BB24889B3FBF0F200FB12339BB29E
:108AB000002BE5D0B4F85230012BE9D80B8A012BFA
:108AC0007FF66EAEE4E79B1A9BB2002BD8D0E9E7A5
:108AD00012F001023FD0D4F88C10D4F8840001F1D8
:108AE000200808EB430840F2722101FB0088607DFA
:108AF00058B10321B0FBF1F101EB4101411A11F032
:108B0000FF0F04BF08F272289146B8F5004FBFF47A
:108B10009AAE618F40F271224A43963A9045BFF473
:108B200092AE9B0040334FF6FC721A40D4F8CC1042
:108B300002A82DF099FFC4F88C8001A9D4F8CC00CC
:108B400038F012F9D4F88430019AC3EB5223A3EB26
:108B500009035B0270E69B0003F598734FF6FC7205
:108B60001A40D4F8CC1002A82DF07EFFD4F88C3037
:108B7000D4F88020D4F8CC007A3303EB4203D4F845
:108B8000842040F2722101FB0233C4F88C3001A929
:108B900038F0EAF8D4F88430019AC3EB5223D8E7CE
:108BA00099067FF568AE94F86C2092077FF563AE66
:108BB000A18F00293FF45FAE18023FF59CAE25B1AE
:108BC000B4F85020012A7FF496AEB4F85820002A59
:108BD00041D1B4F85000A4F8681043F40003012810
:108BE000A36704D1D4F8CC0039F090FD43E6B4F883
:108BF00054E0B4F85CC0E6458CBFAEEB0C03ACEBC4
:108C00000E039AB2B2FBF0F300FB13239BB2E645CE
:108C10009CBFC31A9BB211FB003189B2A4F85A1051
:108C20000022DFE75A040ED51D047FF5C6AE2046AC
:108C300033F05CFB9DF808308DF8090043F0010328
:108C40008DF80830B9E6204638F0AAFDF2E702A810
:108C500011F0ECFFFBE6002D3FF412AE4BE600BF37
:108C6000A2040101050701012DE9F04F85B00B7841
:108C7000012B05D0042B00F0ED8005B0BDE8F08F8E
:108C800004460028F9D04D682B78012B77D0032BB0
:108C900000F08880002BF0D1AB78002BEDD1A94BF0
:108CA0001F683B1F002600BF53F8042F1AB101367E
:108CB000082EF9D1E1E7B046102039F03BFE47F825
:108CC0002600A04B1B6853F826203AB10021116002
:108CD00051609160D16053F82620967253F8286055
:108CE000002ECAD0AB88338100233373AB79F37283
:108CF000082039F01FFE3060924B1F6897F8F8305B
:108D00007BB13A46002300BFB5F804C0B07AD16BFE
:108D100021F830C00133243297F8F800D9B28842E4
:108D2000F2D8336803B300221A605A60237813F034
:108D3000080F13D113F0020F01D0F27A2AB113F009
:108D4000040F11D0F27A012A0ED113F0010F0BD1CA
:108D500001237373304622F0A5F805E0237823F051
:108D6000080323700123B37302238DF80C30338979
:108D7000ADF80E30744B1B6803A898477DE76888F0
:108D800031F072F900283FF478AF30F0F9F903239D
:108D90008DF80C306B88ADF80E306B4B1B6803A858
:108DA00098476AE72B79002B7FF467AF688831F02A
:108DB0005BF9054600283FF460AF036823B39A7956
:108DC00012B3062A07D0082A08D0042A11D02B682B
:108DD00000229A7151E722F065F8F8E75A8819885D
:108DE000008935F021FF0728F1D12B6808225A713C
:108DF000EDE75A881988008935F027FF0728E6D162
:108E00002B6804225A71E2E7227812F0010F3FF436
:108E100034AF4C49096891F8F81000293FF42DAFA0
:108E2000002B3FF42AAFAB7B002B7FF426AF12F070
:108E3000020F01D0EB7A3BB112F0040F3FF41DAFEB
:108E4000EB7A012B7FF419AF01236B73284622F0D4
:108E500029F812E74F683B78132B3FF60EAF01A2BB
:108E600052F823F0B58E00017B8C00014D8F00017C
:108E7000C98F0001B79000017B8C00017B8C000141
:108E80007B8C00017B8C00017B8C00017B8C0001C2
:108E90007B8C00017B8C00017B8C00017B8C0001B2
:108EA0007B8C00017B8C00017B8C00017B8C0001A2
:108EB00077910001B88831F0D7F8044600283FF4D4
:108EC000DCAE437B002B3FF4D8AEBB7A0F2B0CD02B
:108ED000052B0AD0BB79062B18D0082B28D0042BE1
:108EE0007FF4CBAE2DF078FEC7E62368BA799A718D
:108EF000154B1B68002B3FF4C0AE01228DF80C20EF
:108F00002289ADF80E2003A89847B6E603681A79BF
:108F10005AB15A881988008935F086FE07287FF4EF
:108F2000ACAE236808225A71A7E62DF055FEA4E6E0
:108F300028F046FC00287FF4A0AE20462DF04CFE21
:108F40009BE600BF6C6B0220706B0220B88831F08A
:108F50008BF80446437B002B3FF48FAE0268797A8E
:108F60003B7A03EB012313800268F97ABB7A03EBA7
:108F7000012353809A4B1A68037B03EBC30302EB74
:108F800083035B6B5BB1016809881980037B03EB8A
:108F9000C30302EB8302536B026852885A80236832
:108FA00001221A7197F8FE3093427FF466AE23686F
:108FB0005A881988208935F037FE07287FF45DAE7E
:108FC000236808225A7158E6B88831F04DF80646F1
:108FD000437B002B3FF451AEBB79152B0CBF4FF0F8
:108FE000100A4FF0020A3B89002B55D07C4BD3F876
:108FF00000804FF000093DE00134337B03EBC303F5
:1090000008EB830393F84020E3B29A422BD955F83A
:10901000043F1A7912F0010FEED11868037C534512
:10902000EAD15246594635F031FF0028E4D104EB2D
:109030004403726802EB430207EB0901C87A897A9C
:1090400001EB002191807068019ABA1892F80EC065
:10905000517B01EB0C2120F81310117B726802EB9D
:1090600043029170C8E7BB794B441FFA83F93B89EF
:109070004B4511D9CDF8049009F10F0BBB44337B5C
:1090800003EBC30208EB8202956B92F84030002B91
:10909000E9D0043D0024BAE797F8FF30012B7FF4B4
:1090A000ECAD304628F08CFB00287FF4E6AD30466E
:1090B0002DF092FDE1E5B88830F0D6FF8046437B85
:1090C000002B3FF4DAAD3B8943B997F8FF30012B11
:1090D0007FF4D3AD40462DF07FFDCEE5404BD3F875
:1090E00000904FF0000B4B462DE00635B44221D0E6
:1090F00054F8043F1A7912F0010FF6D0D8F8042082
:1091000002EB050A525B002AEFD11868037C022BA0
:10911000EBD10222394635F0B9FE0028E5D1019F96
:109120004B4607EB0B02D17A927A02EB0122AAF8A6
:10913000002001E0019F4B460BF1040B1FFA8BFB53
:109140003A895A45C1D90BF10C09B94498F80C2059
:1091500002EBC20103EB81018E6B91F84020002AE3
:10916000EAD0341F013A92B206EB8206002501973D
:109170004F469946BCE7B88830F076FF0446437BFB
:10918000002B3FF47AAD02685379062B13D0082BDD
:1091900016D0042B7FF471AD0023537103685A88F5
:1091A0001988008935F051FD07287FF466AD2368E2
:1091B00004225A7161E50023537121F073FE5CE5CE
:1091C0000023537103685A881988008935F02CFDF3
:1091D00007287FF452AD236808225A714DE500BF7D
:1091E0006C6B0220F8B58B1E04460E46232B38D834
:1091F000DFE813F0240037003700370030007A0032
:109200003700F20037000601490167013700780195
:109210003700E201260239023C0263027F02370076
:10922000370037003700370037009A029E023700B8
:10923000370037003700A202A502A802D0F8C430D8
:10924000DE0702D501252846F8BD90F8E01034F07D
:10925000E5FEF7E790F8F4309D0712D43D2134F095
:10926000DDFEC84B1B68002B40F06F82C64B1D68AB
:10927000002DE8D031462046A847051C18BF01251F
:10928000E1E7C37DABB990F8E25094F86D3023F07C
:10929000600384F86D30204630F056FE212D16D143
:1092A00001220021204635F067FAE37DABB90021A9
:1092B00016E0062136F08BFB0028D2D094F8F4306B
:1092C00094F8E45043F0010384F8F430DDE7222DF4
:1092D000EBD1204635F0ECFCE7E7012BB2D10121C0
:1092E000204618F0ABF9ADE790F8E130162B44D0EA
:1092F00014D80E2B28D008D8032BD8D190F8ED30F5
:109300006FF3000380F8ED30D1E70F2B26D0142B3C
:10931000CDD190F8ED306FF34513F3E7232BC6D38F
:10932000252B3DD9283B012BC1D8D0F8500120B1C5
:1093300031F0B8FE0023C4F8503194F8F2306FF3E6
:10934000041384F8F230B2E790F8ED306FF3C30302
:1093500080F8ED301A2131F0B3F9A8E790F8ED303C
:109360006FF3410380F8ED30C37D13B931F041FC58
:1093700068E71A2127F0EAFF99E7012135F0CBFCD5
:1093800038F068FB00210546204635F0C4FC38F073
:1093900061FB1A2302462946204631F0D1FE86E7BA
:1093A000D0F84431002B82D0D3F8220060B131F0E4
:1093B00079FED4F84431002283F8222083F8232058
:1093C00083F8242083F82520D4F8440131F06AFE84
:1093D0000023C4F844316AE790F8E25005F0FD0537
:1093E000012D7FF42FAFD0F8B431002B3FF42AAF1A
:1093F000002131F065F90021204618F01FF922E71D
:10940000C57D4DBB90F8E230222B7FF41BAF90F866
:10941000E330042B7FF416AF0B2136F0D8FA002886
:109420003FF41FAF204627F0CDF9054678B1012360
:1094300084F8E33094F8F43023F0030384F8F43034
:1094400094F86D3043F0400384F86D30FBE601463C
:10945000204633F084FF04E7012D7FF4F3AE90F84B
:10946000E430222B7FF4EEAE90F8E530042B7FF44D
:10947000E9AE022380F8E53090F8F4306FF3000392
:1094800080F8F430DFE60C2124F0A2FE0546002827
:109490003FF4D8AE94F8E230022B06D1002684F8CF
:1094A000E260204632F0D2FDA5E794F8F2301907C9
:1094B0003FF5C8AE204630F0D7FA00287FF4C2AEA0
:1094C000CFE638F0E1F800283FF4F1AE94F86D30C3
:1094D00023F0600384F86D3000221A21204635F015
:1094E0004BF9E4E690F8E450002D7FF4ABAE2FF09A
:1094F00033FB002852D0112384F8E4300F2120469A
:1095000024F066FE002800F00981D4F8B87139F023
:10951000E5F8012826D97B8B628FD4F8CC009A42DB
:109520001ABF40F2E2415943294637F04AFEA4F8F7
:10953000A800B4F8A82032B1798BB2FBF1F301FB9B
:109540001323A4F8A830204632F02BF9054660B169
:10955000204633F026F994F8F23043F0010384F802
:10956000F23070E6A4F8A850EDE7E37D73B904216A
:10957000204618F0ADFB00287FF464AE002384F889
:10958000E4306EE63C6D0220406D0220012B7FF43A
:1095900059AE1021204619F089FDECE70F211E225B
:1095A00020462DF0C5FD01210546204618F046F85D
:1095B000002D3FF456AE45E690F8E230132B2BD049
:1095C0000ED8082B37D0112B7FF471AEC37DDBB9D9
:1095D00090F8E0101A2911D1012118F079FB6CE7FD
:1095E000213B012B3FF663AE90F86D3090F8E01010
:1095F00023F0600380F86D30002270E790F8F230BD
:10960000DA077FF554AEB5E690F8F230DB077FF568
:109610004EAE90F8E010ADE6012135F07CFB38F05D
:1096200019FA00210546204635F075FB38F012FA8C
:1096300094F8E030AEE690F8E0102CF0FFFE36E64D
:10964000122124F0C5FD18B9204630F07DFCF9E563
:1096500094F8E430002BF7D11321204636F0B7F907
:109660000028F1D1FDE530F06FFC20E690F8E43001
:10967000002B7FF4E7AD142124F0AAFD00284DD083
:1096800094F8E430002B7FF4DDAD1421204616F071
:1096900053FB054620462FF0D9FC20B90121204676
:1096A00017F0CCFFDDE5002D3FF419AE204632F077
:1096B00014F8204635F0CCF811E690F8E230052B8E
:1096C00001D0032B10D1D4F8B4316BB11521204651
:1096D00016F032FB00283FF4EAAD204631F0FDFFE2
:1096E000204635F0B5F8E2E51521204635F002FBBD
:1096F000A8E590F8E430002B7FF4A4AD132380F8A4
:10970000E430162124F064FD40B1E37D204613B916
:1097100010F028F92FE72BF04FFA2CE794F8E630F9
:10972000002B7FF48FADDAE533F06EFB05463FE7A3
:10973000002133F081FDBAE522F078FDF6E70BF069
:1097400013FFF3E71DF06CFAF0E731462046984727
:1097500000283FF48BAD75E570B50378C4B00446BE
:10976000202B3BD8DFE813F021004C0013023A0015
:109770003A003A003A006F003A0042013A003A00DB
:10978000710198023A003A003A009E01EC01920001
:109790001A023A003A003A003A003A003A003A0017
:1097A00022024D0271023A00CC01C588284632F0EF
:1097B000FDFA0246A8B9B84B0093CDE90150042345
:1097C0001021EE2019F0C6F9002204340192009411
:1097D000062305214FF4827033F0BEFA012044B015
:1097E00070BD31F0F7FBE388ADF81230237A8DF8C5
:1097F000143004A801238DF810302BF099FFE3E713
:10980000C588284632F0D2FA024680B90123CDE954
:109810000153A14B009310210423EE2019F09AF973
:10982000002204340192009406230821D2E7032386
:109830008DF8103004A82379ADF812508DF814304B
:109840002BF076FFECE7C588284632F0AFFA0246E7
:1098500080B90723CDE901538F4B009310210423D6
:10986000EE2019F077F900220434019200940423C9
:109870003021AFE703238DF8103004A82379ADF829
:1098800012508DF814302BF053FFECE7037A834D20
:10989000012B60D1286800F5DA7018F0DBFC2A682B
:1098A0001378002123F001031370084633F0E6F922
:1098B0002EF076F92379002B40F08580E38800288C
:1098C00062D12278CDE90132754B00930246042320
:1098D0001121EE2019F03EF923798DF8123004F1B0
:1098E0000A06E388ADF814303146237A607A8DF8A1
:1098F000163034F035F8E389ADF81C30637D8DF80F
:10990000170003F0C003D4F80A000690402B5FD183
:10991000234653F8102FCDF81E209B88ADF8223037
:109920002346002553F8160F09909B88ADF8283080
:10993000A38BADF82A3004A8D4F81E300B9304345E
:109940008DF810502BF0F4FE0195009420232A4648
:109950004FF49F713EE72A68137823F004031370D5
:109960000221002033F08AF92B6803F5087203F511
:10997000107300BF52F8040B10B1C178012999D0BF
:109980009342F7D1002095E703800223C370237A26
:109990008370A38B8381E38BC381238C03822B6829
:1099A00093F821200271627D02F0C002402A0ABFB2
:1099B000234653F8221F53F8101FC0F80510421D0C
:1099C0009B88938088E7002886D031F003FB83E7EB
:1099D0002B6893F82120022A02D153F8222F9AE70C
:1099E0000023CDF81E30ADF8223099E7C58828460F
:1099F00032F0DCF9024688B90923CDE90153264B40
:109A0000009310210423EE2019F0A4F8002204345E
:109A1000019200940A2340F23E31DBE60023837476
:109A200002238DF81030E388ADF8123023798DF8D9
:109A300014302389ADF81630A268A389069204A8D1
:109A4000ADF81C302BF074FEE0E78588284632F034
:109A5000ADF9024688B90C23CDE901530E4B0093B2
:109A600010210423EE2019F075F80022043401922D
:109A700000940A2340F23E61ACE606238DF81030D4
:109A8000D4F80630059304A8D4F80A30ADF8125083
:109A900006932BF04DFEE8E724160301D4010020C5
:109AA00058160301C588284632F080F990B9112371
:109AB000CDE901537C4B0093024604231021EE2094
:109AC00019F048F800220434019200940C2340F26B
:109AD0003E417FE62379002BF4D1237A9B0605D5FE
:109AE00044F29022FB2100882AF0DEF917238DF83A
:109AF000103004A8E388ADF812302BF019FEE1E72E
:109B00008588284632F052F9024680B92023CDE9F3
:109B10000153654B009310210423EE2019F01AF82D
:109B200000220434019200940223572152E60B23B1
:109B300004A88DF81030ADF812502BF0F9FDEFE7C6
:109B4000C588284632F032F9024688B91223CDE999
:109B50000153554B009310210423EE2018F0FAFF17
:109B60000022043401920094062340F63E4131E67F
:109B70000C238DF8103023798DF8143004A8238934
:109B8000ADF81250ADF815302BF0D2FDE8E7002209
:109B90000434019200940A230C211BE600220434B1
:109BA00001920094042341F23E4113E6C588284601
:109BB00032F0FCF8024688B91C23CDE901533A4B38
:109BC000009311210423EE2018F0C4FF0022043476
:109BD000019200940A2342F23E11FBE514238DF812
:109BE000103023798DF81230A26894F90C30ADF85A
:109BF000145004A8CDF816208DF81A302BF098FDDB
:109C0000E4E78588284632F0D1F8024688B91D235A
:109C1000CDE90153244B009311210423EE2018F0C9
:109C200099FF0022043401920094042342F23E0181
:109C3000D0E516238DF8103004A8E388ADF8125053
:109C4000ADF814302BF074FDEBE7C588284632F0F0
:109C5000ADF8024688B91E23CDE90153124B00939B
:109C600011210423EE2018F075FF00220434019224
:109C700000940C2343F63E61ACE518238DF81030B8
:109C8000A368CDF8163004A8E368ADF81450CDF8F9
:109C90001A302BF04DFDE8E70022043401920094C5
:109CA0000A2340F23E7195E5241603012DE9F04F99
:109CB000044699B005284CD8DFE810F006004B00A8
:109CC00037024A025D026302BF4E33681A78D70634
:109CD00002D5D86B1FF0A6FCBC4BD6F800E01D687F
:109CE000D5E91823CDE9042300220023C5E9182370
:109CF0000EF106030EF12E0213F8010B04449A42F2
:109D0000A4B2F9D1E408222C9CBFC4F12504E0B22E
:109D10004FF0000488BF0220A44600BF9EF8033025
:109D200063451AD2D5E91823CDE90A23A84B9A69CD
:109D3000002A58D1DB68002B55D1A54B9B68002B1E
:109D400040F0E581A04B186828220021063037F04A
:109D50003BFD002019B0BDE8F08F24214FF0000832
:109D60008B1CDBB20C2B28D00B2B4FF001032FD810
:109D7000CF18A1F11F02C7F1200603FA02F223FA5D
:109D800006F63243BB40D5E9167603EA070A02EA33
:109D9000060B5AEA0B0610D00EF10806765C6645F3
:109DA0000BD1D5E918763B4332430134C5E918326B
:109DB000E4B2A04298BF4FF0010801398E1CCFD108
:109DC000B8F1000FAED10CF1010C5FFA8CFCA5E7E5
:109DD000A1F12002C1F1200603FA02F223FA06F6ED
:109DE00032438B40CFE77B4BD3F800A0BAF1000F92
:109DF000A3D0774DAB69002B00F05F81DAF8083013
:109E00001A7A042A40F059811D686F4B01212846B7
:109E10001E6834F080FFDDE90A23DDE9047843455C
:109E200008BFBA4204D195F8F230990640F1228178
:109E3000C0F347000644284696F840B034F0A2F834
:109E40000990002800F0168195F8F2309A0644BF78
:109E50006FF3451385F8F230D5F850315B4A002B8B
:109E600000F09980D3E90031079301F01F030893B4
:109E70001368D3E91810079B1940089B1840CDE9D7
:109E8000161000262622012334465C4503D2013AEF
:109E900012F0FF026FD1079B0293089B01934E4B78
:109EA000009302220123D421EC2018F053FE5C45DC
:109EB00080F0BB80444B1B680D93DB781593DDE984
:109EC000167300200693A4462421149086460C9015
:109ED0008B1CDBB20C2B39D00B2B4FF0010267D857
:109EE0008B189846C8F12009A1F11F0302FA03F369
:109EF00022FA09F9464643EA0903B2400D9E06F1EB
:109F0000080919F80190814520D102EA0706109648
:109F1000069E1E401196DDE9108958EA090615D102
:109F2000079E16401296089E1E401396DDE9128980
:109F300058EA090652D017430134069AE4B21A438C
:109F4000A345069200F02281099B149301398E1CCF
:109F5000BED10130159BC0B2834227D2149B13B1EE
:109F6000069B16971793DC45DDE9162342D20021A4
:109F70000846012794E001EA03070E9700EA060766
:109F80000F97DDE90E7857EA08071CBF0134E4B2E9
:109F9000DB18764179E71368D3E918234FF0FF37D0
:109FA000CDE916231F23CDE9077374E724218FE73A
:109FB000A1F12003C1F1200902FA03F322FA09F901
:109FC00043EA09038A4099E7380300207002002021
:109FD00040030020D4020020CED70201E345B5D9CA
:109FE00042EA0E0E0C9A0CF1010C1A430C925FFA25
:109FF0008CFCABE70C994EEA02021943CBB2CDE9D7
:10A0000016210193664B0292009302220123D42170
:10A01000EC2018F09FFDD5F8503133B9614B196829
:10A02000DDE91623C1E918235C46DDE91623DDE9E5
:10A0300004018B4208BF82421CD0012128462EF029
:10A04000ABFDB8B108201AF0D3FC0346C5F8B40143
:10A050009DF85C20169818601A71534B28469B692E
:10A060009847524B0190009302220123D421EC2007
:10A0700018F070FDDAF800A0B8E600BFC1F12406C0
:10A08000A6F1200CC6F1200007FA0CFC27FA00F01C
:10A090004CEA000007FA06F60343099832430131FF
:10A0A000CEB2B345EAD808B1CDE91623169B029388
:10A0B0009DF85C3001933E4BA6E7EB68002BD9D0AE
:10A0C000DAF808301A7A052AD4D11E68354B1B6895
:10A0D000D3E91823DBB20193364B0292009302229C
:10A0E0000123D421EC2018F035FD96F8F230DA0681
:10A0F000C0D5DDE90A23DDE904018B4208BF8242B5
:10A10000B8D0EB68304698472B4B0190ABE7254A17
:10A110001068DDE90412D0E91845954208BF8C4269
:10A120003FF410AE603098470CE6244C23680020C2
:10A13000196B27F097FF28B92268137843F01003B2
:10A14000137006E6184841681C3014F0BFFC00E6A6
:10A150001A4C23681B78DB0604D5134841681C3071
:10A1600014F0B4FC23681A786FF304121A70236891
:10A170000022DA63EDE5114B1B68D86B1FF052FA31
:10A18000E7E5094B08465B699847E2E5069B9DF8C1
:10A1900018601793169702970196094B34E700BF92
:10A1A000E1D70201700200204003002009D802011B
:10A1B000F5D7020119D802012BD80201380300207B
:10A1C0003BD802012DE9F047EEB0A54BB3F90040B2
:10A1D000204633F00DFA48B938F0F4F80646002866
:10A1E00000F046820024DFF87C924BE100261496B2
:10A1F00018961D960BA920461DF068FC1D9F994BD3
:10A200001D68384638F007F8682303FB0055149B97
:10A21000AB62934BB3F900808DF800602C22694645
:10A2200040461BF027FA9DF80030022B08D040F67C
:10A2300079038D4A8D4900202DF06EFC0B2122E020
:10A24000C022314640461BF015FAC028EFD14FF42A
:10A250009C7220A940461BF00DFA06460328E6DD55
:10A260000422834920A834F011FE0028DFD1062EF5
:10A27000DDDD9DF88530012BD9D19DF886100529AB
:10A280000ED0062909D1AB6A189A384616F074F92F
:10A290000021204631F027F99EE70229F3D0C6E7D6
:10A2A0000421F0E738F09AF83B6AC31AB7F858204F
:10A2B0009342C0F00D810122114628462DF004FA88
:10A2C00097F8603023F0200387F8603000E12846DB
:10A2D00035F0F6FA002800F0D180B7F85C30022B98
:10A2E0000DD0032B0CBF0A230223A7F85E30386D74
:10A2F000002800F0C380012127F08EFBBEE004237C
:10A30000F3E70021384622F013FB002287F864208F
:10A3100097F8603003F0FD0362F3820387F8603042
:10A320003A6303230122294638460AF0E9FB002854
:10A3300000F0A48000231A460121284616F01CF9DB
:10A34000384632F076F90323A7F85E3096E02946C6
:10A3500038461CF061F80A280FD0002800F08E80E3
:10A3600097F8603043F0080387F86030022840F027
:10A3700085800423A7F85E3080E033F065FA7B68BF
:10A38000C31A5AF80820934278D301220221384692
:10A390002BF040FE00231A460721284616F0ECF861
:10A3A0006CE0B7F85C30022B14BF032301230322B7
:10A3B000294638460AF0A4FB00285FD038F00EF892
:10A3C000B86000231A460321284616F0D5F838460F
:10A3D00032F02FF90523A7F85E304FE029463846C2
:10A3E0001CF01AF80A2849D133F02EFA7B68C31AF8
:10A3F0005AF80820934241D30122022138462BF01B
:10A4000009FE00231A460721284616F0B5F835E064
:10A410007B6B2093002220A9284620F015FA002803
:10A4200040F02E8137F0E0FF7B68C31AB7F85A205E
:10A43000934223D32946384619F0B8F920A9284673
:10A4400025F00AFA1AE037F0C9FF7B68C31A092B16
:10A4500014D90022022138462BF0DCFD0EE000BFAB
:10A460008E6D0220586C0220201004010C22000185
:10A47000EC2A04012946384619F098F90134A6421D
:10A4800000F0F680204633F0B7FE05460028F5D0F0
:10A4900090F8423013F0400FF0D0D9F800A037F018
:10A4A000BAFE682303FB00F80AEB080797F8602060
:10A4B00012F0010FE2D0B7F85E30023B9BB2062BE0
:10A4C00006D812F0200F03D03B6A002B7FF4EAAECF
:10A4D000B7F85E300D2B00F2C38001A252F823F0D2
:10A4E0007DA40001CFA2000103A300014FA300013E
:10A4F000A3A30001DDA3000111A4000147A40001F2
:10A5000075A4000119A500012FA5000183A5000174
:10A51000BFA5000115A6000137F060FFBB68C31A94
:10A520003A699342AAD30A23A7F85E30A6E700232C
:10A530000922294638460AF0E3FA00289ED037F06F
:10A540004DFFF86000231A460921284616F014F83A
:10A5500097F8603023F0040387F860307B69BA68AD
:10A5600013443A699B1AFA689B1A5B083C2B38BF64
:10A570003C23FB6137F032FF78600B23A7F85E3095
:10A580007CE7294638461BF047FF0A287FF476AF60
:10A5900037F024FFBB68C31A7A69934203D30C23B4
:10A5A000A7F85E306AE737F019FF7B68C31AFA69CB
:10A5B0009342FFF463AF0A23A7F85E305EE70123FE
:10A5C0000922294638460AF09BFA00283FF456AF84
:10A5D00037F004FFF86000231A460A21284615F0D8
:10A5E000CBFF97F8603023F0040387F86030BB6935
:10A5F000BA6813447A699B1AFA689B1A5B083C2B69
:10A6000038BF3C23FB6137F0E9FE78600D23A7F8E3
:10A610005E3033E7294638461BF0FEFE0A287FF4F9
:10A620002DAF37F0DBFEBB68C31ABA6993420BD378
:10A630000022022138462BF0EDFC00231A460721A8
:10A64000284615F099FF19E737F0C8FE7B68C31A52
:10A65000FA699342FFF412AF0C23A7F85E300DE7BE
:10A6600040F2B953124A134900202DF055FA05E77C
:10A67000114BB3F9000034F060FA6EB0BDE8F0871A
:10A6800020A9284625F0E8F8032304222946384665
:10A690000AF036FA0723A7F85E3037F09FFE78609D
:10A6A00000231A460521284615F066FFE6E600BF9E
:10A6B000541804010C2200018E6D02202DE9F04790
:10A6C000C2B005460E461746D0F804800DF1E00CE6
:10A6D000954C0FCCACE80F000FCCACE80F0094E821
:10A6E00003008CE80300012E14DDD7F80490002449
:10A6F0000DF1E00A5AF83410484636F078FD88B17A
:10A700000134052CF6D12B685B684A4687494046E0
:10A71000984704E02B681B6885494046984742B03B
:10A72000BDE8F08742AB03EBC40414F8243C013BC2
:10A73000032BE8D8DFE813F0D5005B0104005500D7
:10A74000022E0CDC2B685B683A687A4940469847D1
:10A750002B685B683A68784940469847DFE7B868F5
:10A760002EF0FEFD8146C8B17C687449204636F063
:10A770003EFDC8B9032E40F3DB81FC6870492046DA
:10A7800036F035FD002800F0E3816E49204636F0B2
:10A790002EFDB0FA80F149094900CAE12B681B6817
:10A7A000694940469847BAE76849204636F01FFD98
:10A7B00050B9032E40F3CE816549F86836F017FD95
:10A7C000B0FA80F14909C6E12B681B68614940462F
:10A7D0009847A4E72B685C683B685F494046A04700
:10A7E0009DE7042E19D02B681B685C4940469847AA
:10A7F0002B681B685A49404698472B681B68594983
:10A80000404698472B681B685749404698472B6835
:10A810001B6856494046984781E7554B1B780BBB50
:10A82000BC685449204636F0E2FC40B35249204609
:10A8300036F0DDFC002831D05049204636F0D7FCF8
:10A8400070B34F49204636F0D2FC58B34D492046EC
:10A8500036F0CDFC40B34C49204636F0C8FC38B940
:10A86000FF230DE02B681B6848494046984756E790
:10A870002B685B6822464649404698474FE70123CC
:10A88000444A1370FC68204636F0F2FA40280DD98D
:10A890002B681B6840494046984740E70123EFE793
:10A8A0001C23EDE71C23EBE7FF23E9E73B4E2146A2
:10A8B000304637F06DFF6A68394B1A602B685C6868
:10A8C000BB68324637492846A047294B08221A70F0
:10A8D000354B1D60C822354B19681E2032F0F2F846
:10A8E0001DE7032E0FD02B681B683149404698475F
:10A8F0002B681B682F49404698472B681B682E49D8
:10A90000404698470BE7BC6844B12C49204636F0D6
:10A910006EFC002854D129F02DFF00E72B681B683E
:10A920000C4940469847FAE618D60301A00C0001EE
:10A93000C4070001EC070001240800014C080001D5
:10A9400050080001580800013808000160080001A3
:10A95000640800016C080001880800019C080001DF
:10A96000C4080001F4080001240900015C09000189
:10A97000F9660220CC090001D0090001D4090001C8
:10A98000DC090001E4090001E8090001980900015F
:10A99000EC090001537302201C0A0001B866022072
:10A9A000A46B0220480A0001B46B0220B06B0220A5
:10A9B000780A00019C0A0001D40A0001040B00017E
:10A9C00020462DF089FE10F1060F0AD0B0F1FF3FAE
:10A9D0007FF4A5AE2B685B682246624940469847E3
:10A9E0009DE62B681B6860494046984797E6022E13
:10A9F0000AD02B681B685D49404698472B681B6846
:10AA00005B49404698478AE627AB1193412312934E
:10AA10000CAB13930523ADF8543003AB149301230F
:10AA2000ADF8563007A82FF037FC28B12B681B680B
:10AA300050494046984772E6079837F0C9FC4E4B9C
:10AA4000002814BF06461E46089837F0C1FC2B6844
:10AA50005C68494B002818BF0346324647494046C8
:10AA6000A0472B68BDF82C200192BDF82A20009247
:10AA70005C68BDF82830099A41494046A047002645
:10AA80003746394611A813F00BF8002841D101369A
:10AA90002B685C68179B27AA3A494046A0471A9B37
:10AAA00053B9BDF85630E3B92B685B6800223649CC
:10AAB000404698470137E4E70024DFF8E8902C226D
:10AAC0001CA9139800EB84002AF0A2FC2B685B6899
:10AAD0001CAA49464046984701341A9B9C42EED333
:10AAE000DFE71B9B002BDFD00024DFF8BC902C227B
:10AAF0001CA9149800EB04101FF018FB2B685B686E
:10AB00001CAA49464046984701341B9B9C42EED301
:10AB1000CAE7C2B2012ACDD910F1040FCAD0002E63
:10AB20007FF4FDAD2B681B68184940469847F6E551
:10AB30000021484637F05EFC154A164B00283FF4CA
:10AB400049AE2A6854683A6813494046A047E6E58A
:10AB50000121EEE70021484625F092FD0F4A104BF7
:10AB6000ECE700BF080B0001300B0001480B0001AF
:10AB70005C0B00018C0B0001BC070001A40B000161
:10AB8000D00B0001100C0001480C0001800C0001EA
:10AB900098070001A007000180080001A807000134
:10ABA000B0070001300C00013C0C00010020704790
:10ABB0002DE9F04F2DED028B99B0CDE90E130B6806
:10ABC0000893D1E901A392ED007B0A930B69CD684C
:10ABD0001490159351EC170B002200238DED027B8E
:10ABE0002FF02EFF48B9089B580737D4089B13F065
:10ABF0000803099334D0202306E0DDE9022101F1A6
:10AC00000043CDE902232D232B700A9B013B0793C0
:10AC100001230993DDE9021323F00042A84B00262B
:10AC20009A4208BFB1421ED10F9B0998413B192B94
:10AC300094BFA449A449284437F0AAFD284636F019
:10AC400017F9089B009302460A9B1498294624F0A2
:10AC500019F919B0BDEC028BBDE8F08F2B23D3E7B7
:10AC60000A9B0793D6E78E42934108D20F9B09981F
:10AC7000413B192B94BF954995492844DCE7DDE910
:10AC800002010022002330F0BEFD9FED8B7B0446C5
:10AC90008DED047B002800F00A8134460F9837F0D0
:10ACA00038FBBAF1000FC3B20B93C0F2DD81672B02
:10ACB00040F04081BAF1000F08BF4FF0010A211D9A
:10ACC000C0F23B81544580F23881002C4FF0660B76
:10ACD0000FDABBF1660F0AF1010A0AD1002C04DA7F
:10ACE0009FED757B8DED047B00240B9B672B00D0C3
:10ACF000A2449DED047BDDE902678DED0C7B4FF0F6
:10AD00000008DDE90C23304639460AF015F941EC1C
:10AD1000100B1AF0C1FF07F10043109611939DED3F
:10AD20000C1B9DED102B8DED160B34F003FD53EC39
:10AD3000102BDDE90C01164603F100470022654B9C
:10AD40000AF0FAF808F1010802460B46C245CDE9BF
:10AD50000C23D6D1604B002212F00AFE32463B464D
:10AD6000804689462FF050FE002840F0E9803246A8
:10AD70003B464046494630F046FD30B1DDE916011C
:10AD80002BF0BCFEC20740F1DB80DDE90201424648
:10AD90004B4608F0C7FB4F4BCDE902010022DDE92D
:10ADA000040112F0E5FD02460B46CDE90C23DDE976
:10ADB00002232EF0DFFF002800F0C780BBF1660FF2
:10ADC00004F1010440F0C5800AF1010AA046002701
:10ADD000099EA8EB0A0AB946D04540F0E380B9F1D4
:10ADE000000F00F02A81A8190022BBF1650F027044
:10ADF00028D1159B013B9442EA54BCBF6442012216
:10AE000002274FF00A0E591E002C40F01D81002F22
:10AE100000F31A81002A0CBF2B222D226A540F9AAC
:10AE2000023B413A192A05EB030198BF4FF0450B4D
:10AE30009E4281F800B001DA37F0AAFC079B1F445C
:10AE40003B1F0793089B03F00303022B7FF4F6AE2E
:10AE5000079B002B7FF7F2AE284636F009F8079BD8
:10AE6000EB18099A824240F3FB800998079A302137
:10AE7000284436F0A9FC00230A93DFE6CDE90467F5
:10AE8000013442464B46DDE9040112F071FD0646ED
:10AE90000F4602460B46DDE902012FF0D1FD0028E6
:10AEA000ECD0DFF8389000264FF0000836E0DFF8ED
:10AEB00024904FF00008E4E7000000000000F03F9D
:10AEC0000000F07F9BF703019FF70301A3F7030145
:10AED000A7F7030100002440000014400000504385
:10AEE00014F5967F11DA86B9DDE9020142464B4638
:10AEF00012F03EFD4246CDE902014B46DDE9040178
:10AF000012F036FDCDE904010126DDE904015A4BBA
:10AF100000220AF011F8CDE90401013CDDE9042327
:10AF2000DDE902012FF08CFD0028D9D1B6E64FF003
:10AF3000060AC4E6DDF82CB0CBE64FF0650BD8E688
:10AF40004FF000084FF000091FE79DED047B8DEDE9
:10AF50000C7BBBF1650F14BFA0464FF0000836E72D
:10AF6000B9F1000F0BD1B8F1000F08DA04992E22C5
:10AF70006A54079A013A013607924FF00109EA191B
:10AF8000A9193244302001E001F8010B9142FBD1B4
:10AF90000799BA193033CF1BAB547B1E561C07934D
:10AFA000002728E00E9B04961B69053BB3427FF601
:10AFB00016AFDDE90C23DDE9020109F0BDFF41EC2C
:10AFC000100B1AF069FE51EC100BB0EE408AF0EE57
:10AFD000608A2BF093FD089A092802F010020346BC
:10AFE000A8BF09230243BBD10B9A672AB8D1B8F195
:10AFF000000FB5DA0137029B1293039BB0EE481A9B
:10B00000F0EE681A03F1004313939DED122B9DEDB2
:10B010000C0B34F08FFB53EC102B03F10043DDE9F4
:10B020000C0103930022144B8DED020A09F084FFFA
:10B0300008F1FF38CDE90C01CEE6089BDB0642BFE4
:10B040002E23AB550136CEE60B4694FBFEFC0CEBF3
:10B050008C01A4EB41013031E9546446013FD2E652
:10B060002A5C1A540138FCE60B9B672B3FF45FAF58
:10B070009B464FF0060A2CE6000024400120704752
:10B080002DE9F04F95B0D2E900AB12930B68059310
:10B090004B680A938B6807930B69CC680E900F93EB
:10B0A00000220023504659462FF0CAFC40B9059BA8
:10B0B00058072DD4059B13F008052BD0202303E05F
:10B0C0000BF100439B462D232370079B0125013B79
:10B0D000B74A50462BF000410027914208BFB842C2
:10B0E0001AD1129B413B192B94BFB249B249601946
:10B0F00037F04EFBB04835F0BBFE059B009302468F
:10B10000079B0E98214623F0BDFE15B0BDE8F08FD9
:10B110002B23D9E7079BDBE757458A41129AA2F117
:10B1200041020B9208D2192A94BFA449A44960197C
:10B1300037F02EFBA248DEE7302161550B996A1CDF
:10B1400019298CBF78215821023BA1540693002273
:10B150000023594630F057FB02350646002800F020
:10B160007A819FED917B8DED027B3E460A9B002B01
:10B17000B8BF1823DDE90289CDE908AB0C93013390
:10B180001393002742464B46DDE9080109F0D4FE3F
:10B1900041EC100B1AF080FD424651EC100B4B466F
:10B1A0008DED100B12F0E4FB02460B46DDE90801C1
:10B1B00037F048FC834BCDE9080100224046494660
:10B1C00012F0D6FB0A9B002B8046894607F1010747
:10B1D00006DADDE908010022002330F014FB20B973
:10B1E000139B9F42CED10C9F0137774B00224046E4
:10B1F000494612F0BDFB8046894602460B46DDE912
:10B2000008012FF01DFC002840F02A81DDE908012B
:10B2100042464B4630F0F7FA30B1DDE910012BF031
:10B220006DFCC10740F11C8142464B4650465946D1
:10B2300008F078F9CDE90801DDE9081323F00042B0
:10B240005B4B4FF000089A4208BF41453FF449AFBD
:10B250000F9B053BAB42109340F24E817B42129311
:10B260002F46AB46C246C146DDE90223DDE90801AF
:10B2700009F062FE41EC100B1AF00EFD51EC100BC0
:10B280008DED0C0B2BF03AFC002840F0EE80B9F16C
:10B29000000F00F0EA8008F10108DDE90223DDE992
:10B2A0000C0112F065FB02460B46DDE9080137F0A0
:10B2B000C9FB444BCDE908010022DDE9020112F08F
:10B2C00057FB129B09F1FF399945CDE9020103D0E3
:10B2D000109B9F42BB46C7D3BAF1000F1DD1B8F1F6
:10B2E000000F40F30A810A9B002B40F30681059B67
:10B2F000DA0700F10281E3192E221A7008EB070227
:10B300002244302103F8011F9342FBD1069B47449E
:10B310006FEA08084344013706930F9B0022E019A7
:10B32000013B96420270B8BF7642E2544FF00108EA
:10B33000B8BF01224FF00A0E591E002E40F0CB80FC
:10B34000B8F1010F00F0C780002A0CBF2B222D227C
:10B3500062540B9A023B192A04EB03018CBF702242
:10B3600050229F420A7001DA37F012FA059B03F06F
:10B370000303022B15D1069B4344A3F10308B8F144
:10B38000000F0EDD204635F073FD04EB0803A842E4
:10B3900080F2AE8042463021601936F015FA002363
:10B3A00007932046A7E600BF000000000000F03F22
:10B3B0000000F07F9BF703019FF70301A3F7030150
:10B3C000A7F703010000B03F00002040CDE902894B
:10B3D0000136DDE902231046194608F0A3F880463D
:10B3E000894602460B46504659462FF029FB002855
:10B3F000ECD0DFF828914FF00008DDE90223504639
:10B4000059462FF01DFB00283FF4B0AE424B0022FE
:10B41000DDE9020112F0ACFA0022002330F0F3F96A
:10B4200078B1DDE9020142464B4612F0A1FA4246EC
:10B43000CDE902014B465046594612F099FA824630
:10B440008B46DDE90201344B002212F091FA013EF5
:10B45000CDE90201D1E79FED2E7B8DED027BB8E7B0
:10B460004FF000084FF00009DEE6BAF1000F0BD1F3
:10B47000B9F1000F08D02E2304F80B30069B013BD6
:10B48000013706934FF0010A04EB0803E2193B442D
:10B49000302101E002F8011B9A42FBD1069B07EB29
:10B4A000080BA3EB08080B9B0928D4BF303057309A
:10B4B000192B06D840F02003613B192B01D836F038
:10B4C0002FFF08F1FF3304F80B000BF1010706937F
:10B4D0004FF00008E1E60B4696FBFEFC0CEB8C01FE
:10B4E000A6EB41013031E154664608F1FF3823E70D
:10B4F000225C1A5401384AE72F46059BDB067FF58C
:10B500000CAF2E23E355013707E700BFAFF30080F0
:10B51000000000000000F03F0000E03F000050434A
:10B520002DE9F04FADF5277D029020AC4FF400726D
:10B530002146B0F924001AF09DF8A194A094231894
:10B540000193A2930023A393A493A5930C22A3A9F0
:10B55000A0A828F0F1FA814620B948460DF5277DCC
:10B56000BDE8F08FBDF88C325BBAADF88C32BDF817
:10B570008E325BBAADF88E32BDF8962252BAADF873
:10B580009622BDF8922252BAADF89222BDF89422CA
:10B5900052BAADF89422BDF8902252BAADF890227A
:10B5A00013F0030F46D14FF0000BD84663E1BDF80E
:10B5B00090124A1E92B2002900F0BF81013204921B
:10B5C0000027CDF81480D84603930097CA46A1E01F
:10B5D000BDF89212EDE7BDF89412EAE7BDF89612B5
:10B5E000E7E740F27B73AC4AAC4900202CF094FAB8
:10B5F0003CE10DF12C093EE0240204F47C544FF0B0
:10B6000000038DF82030012208A9484628F094FA5A
:10B61000002800F084819DF8202020AB0C930B9330
:10B62000019B0D93224400210BA828F085FA0028E5
:10B63000DFD1D14689F001035FFA83F98DE7002459
:10B6400040F6CF03964A9549F843C00F2CF064FAB0
:10B650003A462946484628F06FFA002800F06181F2
:10B660003D441FAB9D4203D22E2305F8013B01361A
:10B6700004BB3C4426448DF81FB001220DF11F018C
:10B68000484628F059FA002800F047819DF81F40ED
:10B69000002C00F0568104F0C003C02BACD027462C
:10B6A0003DB11FAB5B1B9C42C9DDE41A1F460BB1C9
:10B6B000C6E7002740F6DE03794A784901202CF0DE
:10B6C0002BFA22460021484628F036FA0028D0D12D
:10B6D000D146AFE7013D013E3DE10FAD3BE10288C0
:10B6E00012F0800F40F02181B8F1000F1BD080458F
:10B6F00040F01D818046039BCBB904220021A0A805
:10B7000028F01AFA88B1009B01330093049A9A42F8
:10B7100000F0A88000268DF83C600DF520790FAD73
:10B720004FF0000BA7E78046E5E7D14682E700230C
:10B7300008930993ADF828300A2208A9A0A828F098
:10B74000FBF908B9D14675E7BDF822104BBAADF840
:10B750002230BDF8280043BA9AB2ADF82830099BD0
:10B760001C0E44EA03641D0205F47F052C431B0AEA
:10B7700003F47F431C430994BDF820305DBAADF853
:10B780002050B8F1000F02D0B1F5807F07D0002122
:10B79000A0A828F0D1F90028B5D1D1464AE7B3F5E1
:10B7A000807F39D0B3F5E05FF1D1B0F5805FEED1A5
:10B7B00098F82A3013F0020FE9D098F82710029B6E
:10B7C0005B8C9942E3D200230B930C930D930E9361
:10B7D00010220BA9A0A828F0AFF9002800F0AB8038
:10B7E00098F82750D8F814E04FEA051C0EEB051521
:10B7F0000BAE0FCE4EF80C006960AA60EB60D8F873
:10B800001830A34200D80BB9C8F8184098F8273070
:10B81000013388F8273076E7B0F5806FB7D198F814
:10B820002610029B1B8C9942B1D200230B93042259
:10B830000BA9A0A828F080F900287AD098F8262033
:10B84000D8F810300B9943F82210D8F81830A342DA
:10B8500000D80BB9C8F8184098F82630013388F89A
:10B86000263050E7C346DDF81480D14608F10108C0
:10B87000B8F1040F16D05FFA88F3032B3FF6B1AE90
:10B8800001A252F823F000BFAFB50001D1B500010D
:10B89000D7B50001DDB50001101C0401A021000195
:10B8A000001F0401BBF1000F3FF4C4AEBBF826300B
:10B8B000002B3FF4BFAEBBF8003023F4807343F09D
:10B8C0008003ABF800309BF82630003B18BF012303
:10B8D0008BF82A309BF827201AB143F002038BF82B
:10B8E0002A30DBF818301BB94FF49663CBF81830C8
:10B8F000029AD369CBF80830CBF80C30D08C0138E1
:10B9000000B2D08440F24B13214A2249C043C00FF9
:10B910002CF002F94FF000098CE6D1468AE6D146B8
:10B9200088E6D14686E6D14684E6D14682E6D1460F
:10B9300080E6D1467EE6D1467CE6002B3FF47AAE27
:10B9400094E755B10FAB9D423FF4C7AE15F8013CEB
:10B950002E2B3FF4BFAE00232B70002EE3DDBDF88D
:10B960008C420FA9029B186825F012F918B1828C3D
:10B97000A2423FF4B4AEB8F1000F3FF4BCAEB8F849
:10B98000003013F0800F3FF4B6AED14652E600BF50
:10B99000E80E0401A0210001994B1B68002B40F028
:10B9A00027822DE9F04FB9B0964B1B6823B1954B18
:10B9B0001C68DFF88CB200E2934911F8012F93481C
:10B9C0001FF018FE38B18F4B1C68002CF1D10120FC
:10B9D00039B0BDE8F08F8E4B1B78002BF3D136F0D9
:10B9E00039FD012803D88A4B01221A70EBE736F0A3
:10B9F0002BFD884925F0A2FAF5E74FF000036375A7
:10BA0000854E04F1120803273A463168404632F069
:10BA10005FF9002800F0C7810C365E45F4D10023A1
:10BA20002382C6E1316804F1120035F0E0FB18B959
:10BA3000736831462046984700232382B9E11B28CA
:10BA40001DD8072840F27181A0F10803132B00F2E2
:10BA50006C81DFE813F035016A0137006A016A0181
:10BA600037006A016A016A016A016A016A016A01B2
:10BA70006A016A016A016A016A016A0165017F2837
:10BA800040F05381E369A269934240F29281511CD4
:10BA90005B1A05D0D018517802F8011B9042FAD1F8
:10BAA000E269511EE161002102F8011C04F17107F5
:10BAB000A2695A49384634F064FD3368394628464D
:10BAC000984776E104F12009E3694B4526D03368B5
:10BAD000534928469847E36900211970C4F8189023
:10BAE000C4F81C90202206A835F06EFE6768039704
:10BAF000512249460EA836F051FE082206A90EA88A
:10BB000022F026F9029070B923681B68454938462F
:10BB1000984733684449284698474AE1336843497F
:10BB20002846984745E1029B002B05DC23681B68EB
:10BB30003F4903989847ECE7D4F8CC30D4F8D0705C
:10BB4000BB4231D07A68C4F8D0201360D4F8CC302E
:10BB5000D4F8D0205A605122494607F1080036F047
:10BB60001DFED4F8CC302BB33B60D4F8D0307B60D2
:10BB70001F60D4F8CC305F60C4F8CC700023C4F8E8
:10BB8000D430DDF818802B4F07F1240A396840467D
:10BB900035F02DFBA8B10C375745F7D1264B04954E
:10BBA000CDF814909A4652E00023C4F8CC30C4F883
:10BBB000D030D0E7C4F8CC70C4F8D0703F607F605C
:10BBC000DCE7029B082B06DD23685B6808221B4923
:10BBD000039898479DE77B6806AA029920469847F4
:10BBE00097E7049D23685B680822144903989847E7
:10BBF0008FE7049D7B6806AA02992046984788E74C
:10BC0000606C0220FC6A0220646C02206C14040147
:10BC1000AF6D022048230001A86E03012424000117
:10BC2000B02200016C2300010C240001E02200017D
:10BC3000DC23000160E30301D8600220A42300019B
:10BC4000F06E03010AF1180A6A4B9A4534D0D046C7
:10BC50005AF8147C002FF5D05AF8085C9DB1512297
:10BC6000059923A836F09AFD5AF8043C0093512315
:10BC700023AA21463846A84700BB082206A923A8C4
:10BC800022F066F80290029B082BAADC58F8147C7C
:10BC900058F8185C002DD5D0DDF818904FF000084A
:10BCA0003968484635F0A3FA0028A2D008F1010807
:10BCB0000C37A845F4D1C5E7049D37E7049D28E774
:10BCC000A36904F12002934273D9E06983421CD234
:10BCD0005A1EC31A0138517802F8011B9042FAD15A
:10BCE000A269013AA261E269511EE161002102F8F4
:10BCF000011C04F17107A2693F49384634F041FC48
:10BD0000336839462846984753E033683B4928460C
:10BD10009847A369013BA361E369013BE36148E004
:10BD20001B23A3740123238243E0E26904F120086A
:10BD3000A2EB08034F2B29DCA369D31A22D0D01A17
:10BD400012F8011C02F801198242F9D1E269511C72
:10BD5000E16100215170A2690132294904F17200A8
:10BD600034F00FFC214601F8717F3368284698476C
:10BD7000A3691F70A3690133A361E269934218D9D3
:10BD8000E36116E0002384F87230EBE733681D4965
:10BD900028469847C4F81880C4F81C8033681A49AC
:10BDA0002846984705E0E660E668B3689D423FF4A0
:10BDB00039AEA468002C3FF40AAE26686568F368C3
:10BDC000284698470028F4D0336928469847074604
:10BDD000B4F91030002B3FF432AEE2189074013306
:10BDE0001DB22582032D3FF408AE022DDCDCE0E716
:10BDF0000120704798610220102400011C240001DA
:10BE000030240001382400010C2400012DE9F04FFA
:10BE100004468BB000230D4607A80DF11A01ADF8BA
:10BE20001A3030F0FBF894F85230012B18D1079AF1
:10BE3000A36DBDF81A101A44B4F854300B449BB2E9
:10BE400040F2E1418B42C2F31602079285BFA3F292
:10BE5000E2430132ADF81A30ADF81A3088BF0792CC
:10BE6000994E0799326892F8403203F58C73204658
:10BE700032F81330BDF81A202FF04CFA3746F8B1DB
:10BE8000202194F8500031F083FE94F8503043B9EB
:10BE900020461EF0C7FA2A460121204621F00CFB5D
:10BEA0000BE063786FF3820363703368D3F8081292
:10BEB00019B92A46012020F08BFA0BB0BDE8F08FAB
:10BEC0002BF0C2FF3368D3F804620EB9D3F80862CE
:10BED00031F0BEFD63699C4209D06378990606D4AF
:10BEE0004FF4802194F8500031F052FED0E7002E3C
:10BEF00052D096F80080B8F1030F3DD0B8F1020F90
:10BF00004AD1B3785A0737D494F85230E069F169CE
:10BF1000D4F824C0DFF8B4E1012B04BFA36DC01A2C
:10BF200096F8523008BFC0F31600012B08BFB26D5F
:10BF30003B6804BF8A1AC2F3160193F8402203EB50
:10BF40004203B3F83822B3F83C321A4440F23913B2
:10BF5000B2FBF3F2B36A013213440B448A1A0CEBBE
:10BF6000000103EA0E0302EA0E0201EA0E0135F0B7
:10BF700095FD002800F08F8094F85010002940F0C3
:10BF80008E8096F85030012B66D1B8F1030F2A4607
:10BF900074D1304629F05CFD94F850300193002BA9
:10BFA00040F08780E36E002B40F08C80A36E00335E
:10BFB00018BF01230022CDE9082213F001020292EA
:10BFC0001EBF3A68D2F80C22089213F010030593B2
:10BFD0000CD0029A029B0AA901EB82023968013354
:10BFE000D1F8141242F8081CDBB2029308AB049398
:10BFF000D7F80090354A002303934FF0FF3B984653
:10C0000040F2391EDDE902138B4240F0C680236AFC
:10C010005B4540F2F580A362B8F1000F00F0F680B6
:10C02000019B002B40F00D8198F85030012B00F05F
:10C03000ED8094F8512098F851309A4280F0E680D3
:10C0400020461EF0EFF92A460121204621F034FA5D
:10C0500044457FF432AFD9E0B37813F0100301D038
:10C060002A4696E794F8511096F8512091420AD941
:10C07000B8F1030F2A4601D119468AE7012130465B
:10C0800021F01AFA88E720461EF0CCF92A46012151
:10C09000204621F011FAB4427FF40FAF7CE74FF451
:10C0A0000001012031F074FD63786FF38203637047
:10C0B000F1E7019B012B05D1E36E002B14BF002398
:10C0C000112377E7002375E7CC020020FFFF7F00F4
:10C0D00004980B680360886884425ED043785B07ED
:10C0E0005BD5059B2BB190F8511094F851309942D3
:10C0F00053D994F8523099F84072012B08BFA16DC2
:10C10000E36908BF5B1A90F8521008BF1340012979
:10C1100008BF866DC16904BF891B1140CE1A16F491
:10C12000800F46D009EB4707B7F83862B7F83C7282
:10C13000B6FBFEF6B7FBFEF73744066A0E4402373D
:10C14000164037441740DF1B7F024BD499F84062FA
:10C1500009EB4606B6F838C2B6F83C62BCFBFEFCFA
:10C16000B6FBFEF6B4440CF1020C00BFA1EB0C07C9
:10C170001740A7EB030A1AF4800F02D0866E002E38
:10C1800034D1D91B490202D47B40134205D10AEABB
:10C19000020ADA453CBFD3468046049B1968002951
:10C1A00096D1039B0133DBB20393049B04330493C6
:10C1B00028E709EB4707D4F820C0B7F83862B7F88A
:10C1C0003C72B6FBFEF6B7FBFEF73E4403EB0C07F2
:10C1D000023617403E4416408E1B7602B6D5C4F890
:10C1E00028C001E0236AA362804619E706F59C7621
:10C1F000760040F27127B6FBF7F631441140B5E7FF
:10C20000636A9B4594BFC4F828B0A3622378012BCE
:10C210007FF453AE402194F8500031F0B9FC204631
:10C220001EF000F9022323700B4B94F850201B687A
:10C2300003EB82032946C3F8FC41204633F0E5FBBB
:10C240003BE64FF40001012031F0A2FC63786FF36C
:10C2500082036370FCE600BFCC0200200829F8B519
:10C2600004460E4600F0FD8009D8012900F09880B0
:10C2700049B299B3032E00F0C78000202DE01829A1
:10C2800000F0048122D80A29F7D190F8E450002D5B
:10C2900040F0F88190F8F4309A0740F1F3810B21D7
:10C2A00033F095FBC8B140F22243A4F8E43094F88F
:10C2B000F43065F3410384F8F43094F86D3023F0E2
:10C2C000600343F0600384F86D3006E0272900F036
:10C2D0005581A1F1280460426041F8BDC37D012B66
:10C2E00054D190F8E42090F8E2305AB1112B01D0EB
:10C2F000032B02D1D4F8B41121B9112A02D001259F
:10C300002846EAE7D4E96D52112B18BF1546B4F858
:10C310005C20EB8A9B1A9BB247F6FE7293422CD8A4
:10C3200035F0E4F9014608B90025E9E794F8F23060
:10C33000D80711D4628F2B8A9A4207D1A28F6B8AB9
:10C340009A4203D1E28FAB8A9A4205D094F8F23038
:10C3500043F0010384F8F2300023CB71EB8A8B6049
:10C360000C35CD60204636F05DFB94F8E230112BA1
:10C37000C5D0112384F8E430C1E72046112130F004
:10C38000AFFF2821204631F049FEB8E732F0B2FC79
:10C3900005460028C8D01121204630F0A1FFAFE7A4
:10C3A000C57D012D28D190F8E430002BA8D1D0F81C
:10C3B000B831B0F85C20DB889B1A9BB247F6FE725E
:10C3C000934213D835F092F901460028ACD0C571DC
:10C3D000D4F8B831DB888360D4F8B831C360204624
:10C3E00036F020FB122384F8E43089E732F08AFA31
:10C3F000294615F023F983E732F07CFC0546002836
:10C4000092D031462046F4E790F8E43013B1222B65
:10C410007FF475AFE27D012A1DD113B9212384F881
:10C42000E430204628F0F2FB054600283FF468AFD0
:10C43000032384F8E53094F86D3023F0600343F073
:10C440006003204684F86D302EF0B8FB04F58D7043
:10C4500025F080F854E703212046BDE8F84032F08B
:10C4600049BC21F0B5FE00283FF407AF94F8E43052
:10C47000002B7FF402AFE37D012B05D1204609217B
:10C48000BDE8F8402DF0D2BA3146E5E790F8E23049
:10C4900003F0EF02032A02D1D0F8B4610EB9D4F848
:10C4A000B861132B03D094F8E430132B64D1E57DED
:10C4B000012D57D13389A4F860303146204630F041
:10C4C00063FF7788DFB9132130F00AFF94F8F23068
:10C4D0009B077FF515AF2946204632F01CFC35F04E
:10C4E000B9FA39460646204632F015FC35F0B2FA64
:10C4F0003B460246314620462EF022FE00E7B4F8C5
:10C500005C20B3889B1A9BB247F6FE72934221D8F7
:10C51000B17811B932F0FFFBB070F37823B9012183
:10C52000204632F0F8FBF07035F0E0F801460028C4
:10C530003FF4FAAE1823C371B3888360B31CC360A1
:10C54000204636F06FFAB178204620F0EFFEA4F8CE
:10C550006000D4E6132130F0C3FE2821204631F0DC
:10C560005DFDCDE61821204632F0C4FB05460028CB
:10C570003FF4DAAE13210FE718216DE790F8E430AD
:10C580004BB190F8E230082B01D0032B7AD1D4F8CC
:10C59000B431002B76D0E67D012E77D194F8E230CD
:10C5A000082B01D0032B02D1D4F8B45115B9D4F81B
:10C5B000B8510026294620462AF002FE07460028E8
:10C5C00046D0A88936F0D2FA03283FD1B4F85C00EF
:10C5D00036F0CCFA002839D16B894BB1AA89524286
:10C5E00092B2B2FBF3F103FB11229B1AA4F8543070
:10C5F0006B89B4F850209A420CD1B4F852102A8AB0
:10C60000914207D1E18F6A8A914203D1A18FEA89D1
:10C61000914239D0A4F850302A8AA4F852206B8A6B
:10C62000E387E989A187DB00618FB3FBF1F3C4E9FC
:10C630002433A36FA4F85820002143F48063A4F8A6
:10C640005A10A367204629F0F9FE12E0AB89CDE726
:10C6500027211E2220462AF06BFD94F8E230082B99
:10C660000CBF39460121204614F0E8FF1E21002EA0
:10C67000E8D194F8E230082B0CBF002101212046BC
:10C6800014F0DCFF012028E60021F0E727212046F6
:10C6900032F030FB0028ECD11FE670472DE9F04F57
:10C6A000C0B28DB001280D4601924FF0000700F096
:10C6B000EB8130B1022800F0F58100200DB0BDE81B
:10C6C000F08F01A904A832F0E2FA01A905A832F01E
:10C6D000DEFA01A906A832F0DAFA049B190505D59D
:10C6E000AE4B1B6813B1019928469847049BDA04A6
:10C6F00015D52B6893F8FA208AB193F84720042ABD
:10C7000008D8012A04D1D3F8DC305B78252B01D975
:10C710001DF078F8A24A138843F080031380049B2D
:10C720009B0416D52B6893F8FA2092B193F8473002
:10C73000042B09D8012B07D09A4B1B78002B00F053
:10C74000C680994B01221A70954A138843F480736E
:10C750001380059BDE0620D52C6894F8FA30E3B1EF
:10C76000914E32780AB11DF04DF80023337094F8E1
:10C77000193193B18D4B1B787BB98D4A13780133F6
:10C78000DBB2137094F894209A4206D1894B94F846
:10C7900036101A8861F304121A80069B9C042FD568
:10C7A0002C68D4E9366834F0F1FF002840F092801C
:10C7B00035F0CAFF002840F08D807F4BD3F86C3FE6
:10C7C000C3F3C029B9F1000F40F084803368CDF87D
:10C7D0002530B388ADF8293098F800309DF8242032
:10C7E000C3F3801363F3000207A909A88DF824207E
:10C7F0001FF034FE00286DD04946204631F02CFA57
:10C80000069B5A0431D52C68D4E9366834F0BEFF53
:10C81000002840F0F48035F097FF002840F0EF80CA
:10C82000654BD3F86C3FC3F3C029B9F1000F40F05A
:10C83000E6803368CDF82530B388ADF8293098F814
:10C8400000309DF82420C3F3801363F300020DF140
:10C850000F0109A88DF824201FF000FE002800F029
:10C86000CE804946204631F0F7F9069BD80425D5FD
:10C87000524C2B68226891060ED4226852060BD4C3
:10C880002268170608D42268D60505D422689005C8
:10C8900002D42268510511D593F8FA3073B11CF017
:10C8A000B1FF3F4A138843F01003138023685A06F0
:10C8B00041BF434A138843F008031380069B1B04BF
:10C8C0007FF5FBAE3F4B28681B689847F5E61CF0E8
:10C8D00099FF39E7F38A063B9BB240F67A429342CE
:10C8E0008ED8738B0A3B9BB2043A934288D896F851
:10C8F00021301B3303F01F030B2B81D8324B1A68F6
:10C900009946002A3FF47CAF94F8FA3023B1244AC8
:10C91000138843F020031380274BD3F86C2F12F4B5
:10C92000006F04F5857B04F5827A51D1D3F86C2F22
:10C93000D0054DD5D3F8682F910049D5D3F8683F7D
:10C94000C3F30268404633F039FC40F0020084F83B
:10C9500003013368C4F80A31B388ABF80430514698
:10C96000404629F04FFE94F84730063B012B41D852
:10C9700094F82430013BDBB2022B3ED8134A32F844
:10C980001310D9F80060002E3FF43AAF05230022BF
:10C99000D4F8D800B047C4F8100131E710030020E4
:10C9A00004030020BE6D02202003002007030020A6
:10C9B00021030020C034014100240141583E0141BF
:10C9C000803E01410C03002008030020BC2A040122
:10C9D00098F80030C3F3801384F803310023C4F8BF
:10C9E0000A31ABF804303368C4F80431B388AAF8CC
:10C9F0000430B8E740F2E241C3E70021C1E794F810
:10CA00002630012B7FF431AF294AD2F86C3F1B0549
:10CA10002BD4D2F86C3FC3F3002343B1D2F8683F64
:10CA2000C3F340731BB1D2F8687FC7F30267227C5F
:10CA30008DF81C20DBB1384633F0C0FB40F002001B
:10CA40008DF81D000DF11E01384629F0DBFD07AB06
:10CA500093E803000CAB09950C2203E9030009AB32
:10CA60001449012024F045FEFFE60023DFE798F893
:10CA70000030C3F380138DF81D303368CDF81E30BD
:10CA8000B388ADF82230E2E70B6893F8FA30012B57
:10CA90007FF413AE1CF0B6FE074A138843F0400340
:10CAA00013800AE6054B1168196012791A7104E6C1
:10CAB00000240141040001010403002015030020AB
:10CAC00070B596B00378032B04D0012B00F07A8167
:10CAD00016B070BD44682378062BF9D801A252F82D
:10CAE00023F000BFBFCB000101CB0001D1CA000180
:10CAF000D1CA0001D1CA00013FCC000157CB0001CF
:10CB0000BD4B1B78002BE3D0A0882EF0C7FE044657
:10CB10000028DDD08378002BDAD103A9807F15F0BF
:10CB20004FF970B911AB0DF142020DF13A012088B5
:10CB300032F050FC0028CBD10121208832F039FEA0
:10CB4000C6E7208833F0B5FC0028C1D10021208839
:10CB500032F02FFEBCE7A84B1B78002BB8D0A08882
:10CB60002EF09CFE05460028B2D08378012BAFD171
:10CB70004C22002103A834F027FE03A9A87F15F05A
:10CB80001FF970B99DF8542012F0020F09D0A37953
:10CB900013F0040F0FD012F0010F02D013F0080FA2
:10CBA00009D0A08833F092FC002891D10021A08800
:10CBB00032F0FFFD8CE7A08833F095FC88E7A3797D
:10CBC0005BBBA0882EF06AFE0546002880D0A288B4
:10CBD000237A03218DF80C10ADF80E2000228DF879
:10CBE00011208DF8123003A82AF064FE0123EB72A5
:10CBF000D4F80900D4F80D10D4F81120D4F8153069
:10CC0000E86029616A61AB61AB78002B7FF460AFAB
:10CC10000121288832F0CDFD5AE7A188E27904206D
:10CC20008DF80C00ADF80E1000218DF811108DF864
:10CC300012308DF8132003A82AF03CFE48E7A088A4
:10CC40002EF02CFE064600283FF442AF4C2035F073
:10CC500071FE054600283FF43BAF4C22002134F022
:10CC6000B3FD04F1780393E803002860A980090C60
:10CC7000A97128461BF0DCFA0346082853D0B37785
:10CC8000B278002A7DD194F8222012F0010F64D0EE
:10CC9000A668E06821696269AE63E86329646A6432
:10CCA000A66EE06E216F626FC5F80760C5F80B00D5
:10CCB000C5F80F10C5F8132094F82220920895F8B3
:10CCC000481062F3870185F8481094F82220C2F3D7
:10CCD0004002C9B262F3410185F8481094F822106D
:10CCE00095F8482061F3000285F84820666AA06A3A
:10CCF000E16A226BC5F81E60C5F82200C5F826104F
:10CD0000C5F82A20606BC5F81700218F94F83A20E7
:10CD1000A5F81B106A772946184619F0E1F828464D
:10CD200035F00CFED4E631F0D7F903460828A6D139
:10CD300005238DF80C303388ADF80E3008238DF8BC
:10CD4000113003A82AF0B6FD31F0C6F903460828D1
:10CD500095D1284635F0F2FDBAE6E66C206D616D9E
:10CD6000A26DAE63E86329646A64D4F85E10D4F8F7
:10CD70006220C5F82E10C5F83220B4F85C20EA868F
:10CD80008EE7D4F808C0E06821696269C5F838C048
:10CD9000E86329646A64D4F808C0E06821696269BC
:10CDA000C6F80CC030617161B261A66EE06E216F91
:10CDB000626FC5F80760C5F80B00C5F80F10C5F81D
:10CDC000132079E744682378052B17D0032B7FF4D1
:10CDD0007FAE2379002B6DD1638803228DF80C2060
:10CDE000ADF80E3001238DF8113000238DF812308C
:10CDF00003A82AF05FFD6BE69F57022060882EF0A3
:10CE00004DFD054600283FF463AE0121008832F055
:10CE1000D0FCEB7AA3BB03A9A87F14F0D1FFC8B95B
:10CE200011A9288832F0E0FF00283FF451AE638852
:10CE300004228DF80420ADF8063001238DF8093066
:10CE400000238DF80A308DF80B300DEB02002AF02C
:10CE500031FD3DE6288833F01FFB638804228DF8FE
:10CE60000420ADF8063001238DF8093000238DF839
:10CE70000A308DF80B300DEB02002AF01BFD27E67F
:10CE8000294631F80C0B32F0AFFF00283FF420AEFA
:10CE9000638804228DF80C20ADF80E3001238DF844
:10CEA000113000238DF812308DF8133003A82AF0CA
:10CEB00001FD0DE6638804228DF80C20ADF80E30DC
:10CEC00001238DF8113000238DF812308DF81330C6
:10CED00003A82AF0EFFCFBE52DE9F04184B00378CC
:10CEE000012B05D0042B00F0A48004B0BDE8F08134
:10CEF00044682378012B2DD0092B64D0002BF4D16A
:10CF0000A378002BF1D1914B002500BF53F8042FDB
:10CF100062B10135082DF9D107238DF804308C4B0F
:10CF20001B68002BE1D001A89847DEE7942035F07C
:10CF300001FD0646874B43F825000028ECD09422DB
:10CF4000002134F041FC1723B38001237370A388C0
:10CF50007380CAE760882FF0ADFC04460028C4D077
:10CF6000037CD3B1002511E035F0E8FCA37C04EB91
:10CF7000C3039D61A37C0133DBB2102B28BF0023C8
:10CF8000A374237C013BDBB2237433B1A37C04EB99
:10CF9000C30398690028E7D1ECE7E36813B12046A2
:10CFA00034F07EF9694B002553F8040F844203D016
:10CFB0000135082DF8D198E735F0C0FC654B00220B
:10CFC00043F8252091E760882FF074FC044698B15F
:10CFD000C16831B1437A012B19D0022B20D034F033
:10CFE0005FF96378012B80D1E3790C2B7FF67DAF5D
:10CFF000204628F0B9FE78E707238DF80430544B1B
:10D000001B68002B3FF471AF01A898476DE740887B
:10D0100032F0AEFF0028E4D1204634F041F9E0E7D9
:10D02000408832F07BFF0028DBD1204634F038F90D
:10D03000D7E7446823780B2B0BD00E2B7FF455AF2A
:10D04000A0882FF037FC00283FF44FAFE2888280A1
:10D050004BE7E688A6F1A1039BB2072B3FF645AF4D
:10D06000A0882FF027FC0546277A162F00F017819D
:10D07000002800F00F81A33E052E00F2F380DFE8C8
:10D0800016F00600F1002900F1006B00D10000232A
:10D09000019302930393E27BA37B03EB02239BB2F6
:10D0A000012B11D093B92B7002238DF804306B88BB
:10D0B000ADF808302B788DF80A30254B1B683BB152
:10D0C00001A89847002678E00123ECE7802674E069
:10D0D000002672E0037C0F2B01D90026DBE0A68935
:10D0E0000023019302930393304635F023FC8046DE
:10D0F00008B3324604F10E0133F0AEFE6B7C05EB53
:10D10000C3021775D682C2F818800133DBB2102B28
:10D1100028BF00236B742B7C01332B7405238DF8FF
:10D1200004306B88ADF80830094B1B680BB101A8BF
:10D130009847002641E008238DF80430044B1B6813
:10D140000BB101A89847002637E000BF9C68022079
:10D15000746B0220A0680220A2890023019302932D
:10D160000393A37B142B14D0152B46D01F2B23D94C
:10D170005E4B1B6803B306218DF804104188ADF89F
:10D180000810ADF80A2004F10E02039201A8984796
:10D1900012E0837943F0020383711023C37128F0F6
:10D1A000E3FD524B1B683BB103228DF804206A88D3
:10D1B000ADF8082001A898470026237A03F0FB0366
:10D1C000122B7FF492AEEB68002B6AD1002E74D143
:10D1D000FA2035F0AFFB0146E860002844D0132365
:10D1E000037001236B72A08832F0C2FE00287FF426
:10D1F0007CAE284634F054F877E6837943F0010397
:10D200008371037AE27B13440372384B1B68002B53
:10D21000D2D004228DF804204288ADF8082001A85D
:10D220009847C9E70023019302930393E27BA37B12
:10D2300003EB02239BB2012B10D82C4A12687AB15F
:10D2400001218DF804104188ADF80810012B08BFAA
:10D250008DF80A3001A890470026AEE78026ACE79B
:10D260000026AAE70026A8E708238DF804301F4B04
:10D270001B68002B3FF439AE01A8984735E6082318
:10D280008DF80430194B1B68002B3FF42EAE01A81B
:10D2900098472AE68026122F7FF427AE93E7C368CB
:10D2A00053B107238DF80430104B1B68002B3FF45B
:10D2B0001CAE01A8984718E60626042035F03AFB74
:10D2C0000146E8600028DAD0237A0370E3884380BF
:10D2D000467002236B72A08832F020FE00287FF493
:10D2E00004AE284633F0DCFFFFE500BF746B02207C
:10D2F0002DE9F04F242985B0DDE90E8A05460E465A
:10D30000144601D8012903D1A14B16221A6048E026
:10D31000EB6BEA6C93424BD25A1CEA6318782028D4
:10D32000F6D0A0F10903042BF2D92B2801D02D2827
:10D3300046D1EB6BEA6C2D284FF0FF3B18BF4FF046
:10D34000000B934238D25A1CEA631878EA6CDFF873
:10D350004892002E00F09F81102E40F0A0813028CE
:10D3600040F09D81EB6B93422DD25A1CEA631878F2
:10D3700040F02003782B35D1EB6BEA6C934226D238
:10D380005A1CEA63187809EB00035B780F2B40F214
:10D39000E580EB6C002B00F07581EB6BDCB1023BA0
:10D3A000EB63002427462046394605B0BDE8F08FE0
:10D3B000284626F089FFB2E7284626F085FFC5E714
:10D3C0004FF0000BC2E7284626F07EFFD0E7284644
:10D3D00026F07AFFD7E7013BEB630021284633F0C4
:10D3E00077FDDEE7002E14BF10260826741E344099
:10D3F00040F0168117237343C3F342134B4493F851
:10D40000013100BF09EB00025278964203D9B4F112
:10D41000006FC0F0A5804FF0FF32C3F1200E22FA5A
:10D4200003F102FA0EFEA3F1200C22FA0CFC41EAF1
:10D430000E01DA40002741EA0C01019209EB000CD1
:10D440009CF801C0664555D9019AA14272EB070EBE
:10D4500050D3A3F1200E04FA0EFEC3F120009F402A
:10D4600024FA00F047EA0E07EA6B0743E86C9C4099
:10D4700082424CEA040480F08380501CE8631078F8
:10D48000DCE70A2EB2D1434F00240CE0EA6BEB6CD0
:10D4900004EB840400EB44049A42A4F1300449D222
:10D4A000531CEB631078A0F13003092B01D8BC4268
:10D4B000ECD30027A0F13003092B21D84FF099328B
:10D4C000A24202F10042BA4114D34FF00A0CA4FB6D
:10D4D0000C210CFB07110191991801994FEAE37C8B
:10D4E0005CEB01014FF0000E28BF4FF0010EBEF1C2
:10D4F000000F23D009EB00035B78B342C0F09D809E
:10D50000EB6C13B1EB6B013BEB63444577EB0A0328
:10D51000C0F0B08018F0010F40F0A280BBF1000F06
:10D5200040F0B4801A4B222218F1FF341A604AF1FD
:10D53000FF3738E7284626F0C7FEB4E7D418019B2A
:10D54000EA6B4CEB0307EB6C9A4203D2531CEB6380
:10D550001078AFE7284626F0B7FEABE7102645E780
:10D560009C40E96B1443EA6C914203D24A1CEA6383
:10D57000087847E72846019326F0A6FE019B41E77D
:10D580002846CDE9023126F09FFEDDE9023155E75C
:10D590007C6D02209999991944FE0101EA6C04FB03
:10D5A0000634EB6B934237D25A1CEA63187809EBC6
:10D5B00000035B789E4202D9404A9442EED900278C
:10D5C00009EB00035A78964294D9002357B1A6FB81
:10D5D000043CA6FB071311EB0C0143F10003003BD5
:10D5E00018BF0123002B85D1A6FB041C06FB07CC2A
:10D5F00012EB010E5CF1000E28BF0123002B7FF41B
:10D6000079AF8C18EB6CEA6B4CF100079A4209D2A7
:10D61000531CEB631078D3E7284626F055FEC6E787
:10D620000024C4E7284626F04FFEC9E7EB6BEA6CFE
:10D63000934211D25A1CEA63187848444378B342A3
:10D64000F4D31F4B222218F0010F1A6044465746AC
:10D6500018BF4FF0000B53E7284626F035FEECE7E5
:10D66000A0457AEB070305D2154B22221A604446E7
:10D67000574698E6BBF1000F3FF495AE644267EB66
:10D68000470790E6002C7FF48CAEA6E6A0457AEB27
:10D690000703F3D2E8E730283FF464AE0A2609EB2B
:10D6A00000035B78B342FFF4ECAE12B1EB6B013BCD
:10D6B000EB630021284633F00BFC25E6C6711C07FE
:10D6C0007C6D02202DE9F04F8BB08468002C00F0B7
:10D6D00071814568002D00F07181AB6A002B00F06C
:10D6E0006F81C668002E00F06D8107690FB90020B8
:10D6F00061E1DFF830E38446BCE80F00AEE80F00DC
:10D700009CE803008EE8030034F0AAFEB34B1860D7
:10D710007A1E33461988012900F088810833013ABE
:10D72000B2F1FF3FF6D14FF0000B81E134F092FEF1
:10D7300008B90124A1E134F087FEBBF1000F06D047
:10D740009BF80020A64923F0F9FB012495E1002273
:10D75000F8E734F07FFE08B902248EE134F074FE5D
:10D76000C4EBC40422019F4923F0E8FB022484E1B6
:10D7700034F06AFE42469C4923F0E0FB03247CE13E
:10D780009A4B1C809F809A4BD3F80090A8464FF08C
:10D79000000A00224946404610F0DAFB864680B176
:10D7A00009F1700908F13C080AF1010A5445F0D169
:10D7B0008F4B1A688D4B58889146002188469246B7
:10D7C00032E034F047FE20B934F044FE40B904247E
:10D7D00053E134F039FE5246864923F0AFFBF3E7BC
:10D7E00034F032FE2246844923F0A8FB042444E1AD
:10D7F000524609B17D4B58807C4B5B8803BB02F1DC
:10D80000700C4FF0010E90462FE000BF0CF1700C31
:10D8100001339C4207D0DCF844509542F6D10130E8
:10D8200080B27146F2E7039DD9F8442009F17009EE
:10D8300008F101084445DBD9CC4643460395EAE7A5
:10D8400034F008FE08B9052417E134F0FDFD674BFC
:10D850005A886A4923F072FB05240EE10EF1010398
:10D860000CF1700CA64512D29E4663465CF8582C0B
:10D87000002AF3D0A64580F0AE80714698698242B6
:10D8800000F0A280703301318C42F7D8E6E74246BF
:10D8900000235B490B600593069307930893099354
:10D8A000524B1B884BB302F167084FF00009CDF8CB
:10D8B0000CB0A34628F80F9C18F8023C0AAA02EB09
:10D8C000830A5AF8144C00944E4A52F823304E4AB8
:10D8D0000721404626F07CFE002388F806300134FC
:10D8E0004AF8144C09F1010908F170083F4B1B88F4
:10D8F0009945DFD35C46DDF80CB04FF41C72002173
:10D90000424833F061FF424B00221A60414B9BE8D2
:10D91000070083E80700DFF8108108F1900940460E
:10D9200034F072FF08F10C08C145F8D14FF000093E
:10D930002E4B83F816902E4BD3F800A05346A246E8
:10D940001C4620E034F080FD4246334923F0F6FACD
:10D950003FE034F079FD4246304923F0EFFA0724E6
:10D960008BE0224880F817800461A0F814903B46B1
:10D970003246294606F014F898B109F101097034CD
:10D980003C35CA4517D9286A2DF0ECF9804600F0DD
:10D99000FD03012BE5D034F05DFD0028D9D107242B
:10D9A0006BE0082469E034F04FFD22461C4923F067
:10D9B000C5FA66E000200BB0BDE8F08F0020FAE762
:10D9C0000020F8E70020F6E7804634F043FD002809
:10D9D000B8D1062451E042465AE700BF246C022029
:10D9E000D41D0001041E0001441E000168690220CC
:10D9F0003C6C0220781E0001BC1E0001FC1E0001D0
:10DA0000386C02207C130401841F0001A05B0220FB
:10DA1000186C0220B46A0220401F00018C1F000114
:10DA2000C01F000150690220C4620220D3F804B074
:10DA30000021584633F084FC8046144B986000283F
:10DA40003FF474AE9BF80020104B1A738368702269
:10DA5000214698470E4B186000283FF47AAE2246C4
:10DA6000294640462DF0AAFF00287FF489AE34F005
:10DA7000F1FC00287FF47CAE032434F0EBFC00289A
:10DA800091D11CF097FE002095E700BF6869022045
:10DA90003C6C02202DE9F04FD3B00D460446002324
:10DAA0000146782214A80C9333F0D6F905B12E95CF
:10DAB000DDF8B8A0BAF1000F00F0C0811B9B0A93FB
:10DAC000AA4B1B680193D3F80C220023029312BBCC
:10DAD0009DF8A23011932A9B12931C9B0F930A9BD3
:10DAE0000093029B03930C230E9304920692934699
:10DAF000039B2BB10E9B013B13F0FF030E9320D130
:10DB0000049B0BB1009B1B931B980A9BC01AC0B2CD
:10DB100053B0BDE8F08F93689C4210D0D96E71B9B4
:10DB200059698B420BD1996E49B1029952A800EB09
:10DB3000810141F8803C029B0133DBB20293126801
:10DB4000C5E752AB03EB8B0353F8805C002D00F06C
:10DB50006F81AF6EBA458BBFBAFBF7F3B7FBFAF331
:10DB600007FB13A30AFB137323B3AAFB07013E466B
:10DB70005246C6B933462EF001FC012908BF0028E1
:10DB800080F09980002800F05581B0FBFAF3DBB2F9
:10DB9000092B0C9305D9B0FBF7F0C0B2092800F2AD
:10DBA0008A80022307E0B2FBF6F306FB132332461A
:10DBB0001E46DEE70123EA690592119A012A05BF94
:10DBC000009A1299DDF80080A2EB010895F8522026
:10DBD00008BFC8F31608012A05BFAC6D059A059C5D
:10DBE000141B08BFC4F31604012B2B6A099340F0E1
:10DBF0008380A8EB040358021ED5019B5C4893F870
:10DC0000401203EB410107F59C72B1F83832B1F8CC
:10DC10003C120B4440F23911B3FBF1F3A4EB0801C1
:10DC2000DB43520040F271270140B2FBF7F213448C
:10DC30008B429CBFA41A0440019B4D4D93F8402297
:10DC400003EB420240F23919B2F83802B2F83C3222
:10DC5000099AB0FBF9F0224417460F9AB3FBF9F387
:10DC600008EB020901332F4009EA050901301F447E
:10DC70009944221A2F4009EA0509A8EB00003B4607
:10DC80002A404946284033F009FF064698B1A9EBDF
:10DC900007035902009B049054BFA9EB0808A7EBA7
:10DCA000080803F1030908EA05054D44C5F3160306
:10DCB0000093CDF818B00BF101035FFA83FB029BD0
:10DCC0005B4508BF4FF0000B039B013B13F0FF03C4
:10DCD00003937FF40DAF002E3FF412AF069A029B20
:10DCE00001325FFA82FB029A013BDBB25A4508BF60
:10DCF000DDF80CB00393FBE6019B1D4893F840222E
:10DD000003EB420240F23911B2F83862B6FBF1F38C
:10DD100001330793E31A03400D93099BE518B2F80A
:10DD20003C32B3FBF1F205400132334407F59C77F6
:10DD3000B3FBF1F3013305EB020810937F0040F2CF
:10DD400071234FF00009B7FBF3F3139312230892EA
:10DD500008EA00080B934E460C9B99450AD3069B94
:10DD6000002E18BF5B460693A5E700BFCC0200203B
:10DD7000FFFF7F000B9B013B13F0FF030B935BD076
:10DD80000AFB09F707F59C7740F271237F00B7FB88
:10DD9000F3F7009B079A1F44294B1F40B81A0F9AAC
:10DDA000B918089A1940114418401940EA1B520248
:10DDB00005D57A1B02EA030C109A624522D343462A
:10DDC0000D9A33F06BFE68B3109B0799059C049085
:10DDD0001D441B4B1D40EF1B009D1F4003357A194E
:10DDE0000092059A521A1A400D920999059A5518EF
:10DDF000089A1D4002EB050808EA03084FF00009E5
:10DE00000646A9E7139A1444079A1C40A21A1A401E
:10DE10000D92099A1519089A1D4002EB050808EAA7
:10DE20000308C3E709F101095FFA89F93046E7E71A
:10DE30002E4640E706463EE70B9E3CE7504667E627
:10DE4000FFFF7F0084B02DE9F74305460BA880E86B
:10DE50000E000B46042D00F25481DFE815F005009A
:10DE6000520184018A01BB010C689DF83C3084F8A2
:10DE7000FB300E9BC4F828310DF1020101A82EF0F1
:10DE8000CDF8BDF80210019834F0D0FDBD4B1968F3
:10DE900029F04AFABC4AC4F82C0100231370BB4A8B
:10DEA00001211180BA4A1370BA4A137094F81931DB
:10DEB000DBB994F8FB30002B00F0918194F85420EA
:10DEC00094F89470FF265119B94207DA04EB8503E0
:10DED000D4F828019B6D984280F0188132460021C9
:10DEE000204617F03BFAAC4B1E70AC4AAC480023FE
:10DEF0001370AC4A1370012384F8FA3034F036FC06
:10DF000094F84730012B04D1A74904F5C67010F0EE
:10DF1000DDFD214601201BF05FF82146012011F0B4
:10DF200075FD94F8FB80D4F8743104F5BA77D4E920
:10DF30004A69B8F1000F01D0D4F89830C4F89C3089
:10DF40002046DD682CF00CFD204632F061FF2046B3
:10DF500026F02EFF94F81921944B002A00F0E1805E
:10DF600094F82420022A00F0D580032A00F0D580FE
:10DF70001A88482161F30E021A808D4B94F83510EF
:10DF80001A8861F304121A806C3B03201A686FF33D
:10DF90004D321A6094F8241034F0ADF92A464946FF
:10DFA000384627F0A2F894F81931B3B1D4F87C318F
:10DFB0009BB1D4F82001C43033F00EF90146D4F8F7
:10DFC0002C0129F0B1F9D4F87C31C4F844010146A0
:10DFD000DA6804F5BE7027F088F8B8F1000F3FD179
:10DFE000D4F8743194F81890D3F80C8001210DEB1B
:10DFF00001001FF093F89DF801100622B1FBF2F327
:10E0000002FB131394F84710DBB20B298DF8013093
:10E010004FF001020DD802FA01F111F0050F40F0A6
:10E02000838040F6C870084018B911F0120F18BF6D
:10E030000222604903EB43030B4412010021585CA8
:10E0400029FA00FC1CF0010F07D0D8F808C02530D1
:10E0500060F3C80CC8F808C0904401310329EED120
:10E0600094F84730052B09D9D4F87C3133B194F8B2
:10E0700019311BB9504B20461B689847D4F87431AE
:10E08000002B53D194F8193173B104F5BE7894F88C
:10E090005210404632F0BCF8394620462BF010FEB4
:10E0A000414620462BF00CFE444B1B6823B194F8EC
:10E0B00019210AB12046984794F84730404A012B6D
:10E0C0001168404B48D1062060F30F0111601A68B7
:10E0D00042F002021A603C4A1268AD1A1A68ADB2E8
:10E0E00065F31F421A60394A1168B6B266F31F41E0
:10E0F00011601A6842F001021A60D4F82C0131F064
:10E10000F9FA03B0BDE8F04304B070470135CEB270
:10E11000EDB2D8E61A882D212CE71A884FF4D27177
:10E1200028E71A88482125E7032282E7D4F89C20B3
:10E130009A420AD8197ADA68042908D0052906D043
:10E1400019B9106861F3461010601B6898E71168F0
:10E150006FF346111160F8E76FF30F0111601A6851
:10E160006FF34102B6E79DF8341018682FF074FD84
:10E17000C7E70191164901AB0422012023F0B9FA47
:10E18000BFE700BF1C03002007030020040300209A
:10E1900014030020BE6D022006030020200300208F
:10E1A0000DED010121030020008813006C380141AE
:10E1B000C0340141AE1A04012403002028030020CA
:10E1C0005C3E0141583E0141E4020020703E0141A5
:10E1D00005000101019101AB04220549CDE7FF22B1
:10E1E000204617F0BBF8FF2384F854302A4667E630
:10E1F00006000101F0B585B0C04B1B7E13F0010F86
:10E2000040F04E8113F0020F40F05C814C68E368EF
:10E21000002B00F05A818D68002D00F05981AB6908
:10E22000002B00F05881EB69002B00F05781B44EB1
:10E23000D0220021304633F0C7FA4FF0FF33F360AD
:10E24000B360E368B3616368F361A3683362B4F9F0
:10E250003030A6F8C430236973626369B362A3697E
:10E26000F362E3693363E38EA6F8CC3003F0010375
:10E270005B0086F8CE30E38E13F0010F0CBF4FF039
:10E28000FF336FF00303043EC6F8CC3006F1900E66
:10E29000AC46BCE80F00AEE80F00BCE80F00AEE8EB
:10E2A0000F00BCE80F00AEE80F009CE803008EE80A
:10E2B0000300012130462BF00FFF022130462BF0E6
:10E2C0000BFF96F89C30F3B100210846354600BF9D
:10E2D000D5F898200A445389002B00F00281D38995
:10E2E0003F2B40F20181B3F5C06F28BF4FF4C063EC
:10E2F0003F3323F03F03D3810130143195F89C2044
:10E30000C3B29A42E4D87D4819F034FB002800F0EB
:10E31000EE807A4BA06BC3F89000A28FA3F89420F4
:10E320005B6B2BB1012177489847002800F0E28011
:10E33000724D00223F21284625F098FAD5F8A860B2
:10E340002F893368D5F8AC1038469847B0F1FF3FB5
:10E3500000F01C81E8607369032138469847B0F1EA
:10E36000FF3F00F013812861D5F8AC301A89009284
:10E37000B5F8A020ADF804209A7A8DF806200F2277
:10E380008DF807201B690293F36A05F1380269468C
:10E39000984728461CF05EFEB5F8C03013F0020F17
:10E3A00040F08280554DB5F8C0209108530403F029
:10E3B0000053D00400F08060034301F480700343F5
:10E3C00001F080000343500100F04000034301F0DE
:10E3D00040010B43D10901F010010B43910A01F0F8
:10E3E00008010B4382F0010202F0010143EA4111EE
:10E3F000284632F0ADF92846FCF7D8FB002840F05B
:10E40000C58028460EF0EAFD002840F0BF8028466F
:10E4100012F032FE002840F0B98095F89C30002BB5
:10E4200072D00025354EE9B2304620F0CFF80028F2
:10E4300040F08A80013596F89C20EBB29A42F2D8DF
:10E440002E4E3F21304624F009FD3F21304621F079
:10E4500065FD304630F04FFB3546276A646A00227E
:10E460003F21304625F002FA3F21304624F0F6FCE9
:10E470000023A6F84E30A6F84C30A6F852301F4BB9
:10E480000022A3F850205F659C65197E41F00101D0
:10E490001976012119751A675A679A66DA6600E0DB
:10E4A000164D284605B0F0BD4FF0FF324FF0FF3358
:10E4B000CDE9002300238DF80C30694628460AF088
:10E4C0008DFB6FE74FF0FF35EBE74FF0FF35E8E7E7
:10E4D0004FF0FF35E5E74FF0FF35E2E74FF0FF354E
:10E4E000DFE74FF0FF35DCE74FF0FF35D9E74FF0BE
:10E4F000FF35D6E74FF0FF35D3E700BF307102207C
:10E500003471022090710220234E3F21304624F0C6
:10E51000A5FC3F21304621F001FD304630F0EBFAFA
:10E520003546276A646A00223F21304625F09EF96D
:10E530003F21304624F092FC0023A6F84E30A6F886
:10E540004C30A6F852309AE7134D3F21284624F06C
:10E5500085FC3F21284621F0E1FC284630F0CBFA2B
:10E56000266A646A00223F21284625F07FF93F2170
:10E57000284624F073FC0023A5F84E30A5F84C3053
:10E58000A5F85230A5F850306E65AC65024807F02A
:10E59000DBF94FF0FF3584E7307102202DE9F04FB1
:10E5A0008BB080460191059206939DF850B0D0F84B
:10E5B000A420049202F580531B6A13F0010F22D0AD
:10E5C00002F5805301221A62BFF35F8F0392019B11
:10E5D000002B00F057810BEB0B124FEA820AD8F8A0
:10E5E0008C3003EB82035F680BEB8B029100079189
:10E5F000D8F8981031F822609C8F00230093029382
:10E600001D469946CDE000230393E0E70294611C88
:10E6100089B28E4240F2838101220092D8F88C2088
:10E6200052449187D8F88C20524452681A44526858
:10E6300006990A60059A00991160D8F88C1001EBD0
:10E640000A02526851F80A10D8F89800079C051978
:10E6500030F804C0B5F80E90029851F82000019CE3
:10E66000206013445F6898F8B150002D40F0DE80C0
:10E670000098002800F00481C7F30D07019B1B6878
:10E680001C69461EB6B2029DCDF818C00794144608
:10E69000DDF804A0CDF820B08B4633E14A6812F4CF
:10E6A000804F0ED1009A013292B200924A6812F461
:10E6B000004F6DD02146013189B28E42AED8002183
:10E6C000ACE7029B009A1344013B93FBF6F206FB76
:10E6D0001233002B43DB1FFA83F9009A531E9BB2BF
:10E6E000002A3CD0089709944C461F4607E0013C9D
:10E6F000A4B2013FBFB24FF6FF739F422DD0A14697
:10E70000D8F88C3053F80A3053F824008368C16875
:10E710009847D8F88C3053F80A30002243F8242068
:10E72000D8F834301BB1052108F15C009847D8F8BF
:10E730008C3053445A6852F8393003F0030342F8DE
:10E740003930D8F834301BB1062108F15C00984705
:10E75000002CCCD1741EA4B2CBE7089F099C009B6F
:10E76000029A594640460DF005FC013DADB224B970
:10E77000741EA4B24FF000090AE0013CA4B24FF0AD
:10E78000000905E001232246594640460DF0F2FB00
:10E790000134A4B2A6422AD92B465D1CADB29E42DA
:10E7A00028D3AE422FD9E30007EBC40157F8342039
:10E7B00012F0010FECD057F83420032AE2D9B9F156
:10E7C000000F7FF46BAF4A6812F4804FE0D04A68C4
:10E7D00012F4004F7FF41AAF631C9BB29E420BD918
:10E7E00002941C4601231D4600939946D4E72B460C
:10E7F0000024D2E7029407E002940123009300244E
:10E8000099460225CDE70294D8F88C305344029AF9
:10E810009A870120039B33B1049B03F580530122A7
:10E820001A62BFF35F8F0BB0BDE8F08F5B6803F433
:10E830004003B3F5000F0BD0B3F5400F0DD0B3F587
:10E84000800F7FF415AF036A43F4807303620FE710
:10E85000036A43F4407303620AE7036A43F4A06364
:10E86000036205E7079CDDF820B0019B1B681C6173
:10E87000009B029A594640460DF07CFB0020C9E7F8
:10E880000120C7E70120CEE7DAF800301B69A3F8C2
:10E890000C90DAF800301B69A3F80E90A7EB09077B
:10E8A000059500234BF82530D8F834301BB10521ED
:10E8B00008F15C009847059A54F8323003F00303DE
:10E8C00044F83230D8F834301BB1062108F15C002E
:10E8D00098478FB10135ADB2069BAB4298BF00257A
:10E8E000DAF800301B695BF8252012691A60DAF843
:10E8F00000301A6912681A61013EB6B24FF6FF7312
:10E900009E42AFD0B945BFD9DAF800301B699F816C
:10E91000DAF800301B69A3F80E900027C0E7012247
:10E92000009200217AE670472DE9F04FD0F8E070B0
:10E93000D0F8ECB089B0BB1C0193D0F8DC30039365
:10E94000D0F8D830049308238DF81C3090F8B030FC
:10E950000690044606332546394606A88DF81D3034
:10E960001EF01EFC5A4655F8283F42F8253BAB885E
:10E97000ABF804300292B4F8B0202AB1D4F8AC104D
:10E980000BF1060032F068FA05238DF81C3094F87C
:10E99000C03006940633B91C06A88DF81D301EF051
:10E9A000FFFB2B68CBF82530029AAB889380B4F834
:10E9B000C0202AB1D4F8BC100BF12B0032F04CFA75
:10E9C0000023D4F874511E4694F89420B24202D821
:10E9D00009B0BDE8F08FD5F80C800093D8F800207E
:10E9E000DFF8C8926FF30202C8F80020D8F80020C0
:10E9F000012363F3C402C8F80020D8F800204FF0C8
:10EA0000040A6AF3CA12C8F80020D8F80010424677
:10EA10006AF3CE2142F8101BD9F80010521AD8F828
:10EA2000001092B262F3DE31C8F80010D8F800206E
:10EA30006FF3DF72C8F80020B9F80020D8F804009E
:10EA4000B91A89B261F30F00C8F80400D8F80410AD
:10EA5000ABEB020292B262F31F41C8F80410D8F87F
:10EA6000082063F30102C8F80820D8F8082042EA19
:10EA70000A02C8F808207A7894F8351094F8220031
:10EA80002CF012FE04EB8601009BC5F80C800022DE
:10EA90002A722A776B612F614D66D5F8008000914C
:10EAA000D8F80C5029680344052060F3020129605E
:10EAB0002968012060F3C401296029686AF3CA113A
:10EAC000296029686AF3CE21296094F894100139ED
:10EAD0008E421EBFD9F8001005F12002521A296893
:10EAE00018BF92B262F3DE312960B9F800100593C5
:10EAF000039B68685A1A92B262F30F006860049B25
:10EB000068685A1A92B262F31F406860AA680220CD
:10EB100060F30102AA60AA6842F00402AA6005F14B
:10EB20001002521AA96892B262F35821A960AA6829
:10EB30006FF35A62AA6094F8351094F822002522E7
:10EB40002CF0B2FD039BC8F810300522009B88F81A
:10EB500008200022C8F80C50C8F8142088F81C209F
:10EB60001D672A6804EB4605C2F3CF32A5F888205A
:10EB700094F8351094F822000C222CF095FDFA78C8
:10EB800094F83510814694F822002CF08DFD059BF9
:10EB900003F5CE72914448440EB9C4F8240194F8A8
:10EBA0009420013A9642009A08BFC4F8200190656B
:10EBB000D8F80090D9F80C80D8F80010042262F33D
:10EBC0000201C8F80010D8F80010012060F3C40159
:10EBD000C8F80010D8F8001062F3CA11C8F8001085
:10EBE000D8F8001062F3CE21C8F8001094F89420F1
:10EBF000013A964203F24D134AD1D8F800206FF340
:10EC0000DE32C8F80020294A05931288019BD8F803
:10EC10000400991A89B261F30F00C8F80400029B3E
:10EC2000D8F804109A1A92B262F31F41C8F804107F
:10EC3000D8F80820022161F30102C8F80820D8F8AA
:10EC4000082042F00402C8F80820FA7894F8351039
:10EC500094F822002CF028FD019BC9F81030042202
:10EC6000009B89F808200022C9F80C80C9F81420FC
:10EC700089F81C20C3F87C80D8F80020059BC2F3DB
:10EC8000CF32A5F88E200136D9F80050F6B29BE6B7
:10EC90000649096808F11002521AD8F8001092B219
:10ECA00062F3DE31C8F80010ADE700BFE4020020D7
:10ECB0002DE9F04F89B0D0F8E03000930233019392
:10ECC000D0F8DC300393D0F8D830049300238DF8CB
:10ECD0001C3090F8B030D0F8ECB006900446063303
:10ECE000254600998DF81D3006A81EF059FA5A469F
:10ECF00055F8283F42F8253BAB88ABF80430029228
:10ED0000B4F8B0202AB1D4F8AC100BF1060032F000
:10ED1000A3F805238DF81C3094F8C03001990694AF
:10ED2000063306A88DF81D301EF03AFA2B68CBF892
:10ED30002530029AAB889380B4F8C0202AB1D4F869
:10ED4000BC100BF12B0032F087F80027D4F8745177
:10ED50003E4600BF94F89430B34202D809B0BDE8F3
:10ED6000F08FD5F80C80DFF8B092D8F800306FF350
:10ED70000203C8F80030D8F80030012060F3C40363
:10ED8000C8F80030D8F800304FF0040A6AF3CA130C
:10ED9000C8F80030D8F8002043466AF3CE2243F882
:10EDA000102BD9F800209B1AD8F800209BB263F3EF
:10EDB000DE32C8F80020D8F80030009A6FF3DF7315
:10EDC000C8F80030B9F80030D8F80410D21A92B25E
:10EDD00062F30F01C8F80410D8F80420ABEB03036A
:10EDE0009BB263F31F42C8F80420D8F8083060F3E0
:10EDF0000103C8F80830D8F8083043EA0A03C8F815
:10EE00000830009B94F835105A7894F822002CF0C2
:10EE10004BFC009BC5F80C8004EB860800222A728C
:10EE20002A77C5E90437C8F864502B68DD6829687B
:10EE30000744052060F3020129602968012060F37E
:10EE4000C401296029686AF3CA11296029686AF334
:10EE5000CE21296094F8941001398E421EBFD9F852
:10EE6000001005F12002521A296818BF92B262F30D
:10EE7000DE312960B9F800100593039B68685A1ABF
:10EE800092B262F30F006860049B68685A1A92B2EB
:10EE900062F31F406860AA68022060F30102AA6062
:10EEA000AA6842F00402AA6005F11002521AA96889
:10EEB00092B262F35821A960AA6860F35A62AA600C
:10EEC00094F8351094F8220025222CF0EDFB059BD8
:10EED00005221A72039A1A610022DD605A611A77BC
:10EEE000C8F870502A6804EB4605C2F3CF32A5F883
:10EEF000882094F8351094F8220022222CF0D4FBBC
:10EF000007F237121044059B0EB9C4F8240194F897
:10EF10009420013A964208BFC4F82001C8F858006E
:10EF2000D3F800A0DAF80C90D9F80020042363F39A
:10EF30000202C9F80020D9F80020012161F3C402BF
:10EF4000C9F80020D9F8002063F3CA12C9F80020DC
:10EF5000D9F8002063F3CE22C9F8002094F8943049
:10EF6000013B9E4207F24D1748D1D9F800306FF3AC
:10EF7000DE33C9F80030284B019A1B88D9F80410F9
:10EF8000D21A92B262F30F01C9F80410029AD31A8E
:10EF9000D9F804209BB263F31F42C9F80420D9F8C2
:10EFA0000830022262F30103C9F80830D9F80830AA
:10EFB00043F00403C9F80830009B94F83510DA7860
:10EFC00094F822002CF070FB04238AF80830019B8F
:10EFD000CAF810300023CAF80C90CAF814308AF826
:10EFE0001C30C8F87C90D9F80030C3F3CF33A5F8B3
:10EFF0008E300136DAF80050F6B2ABE6064A1268F7
:10F0000009F110039B1AD9F800209BB263F3DE329A
:10F01000C9F80020AFE700BFE402002070B50C463D
:10F0200016462EF0BDFA002800F04381054614F480
:10F03000004F40F06981C4F380335B0024F4404406
:10F04000102C00F23881DFE814F040012B004A0058
:10F050005F007D0097009D00A100A500B000B400F6
:10F06000FC000401080113011E012901B6FA86F211
:10F07000520995F83C3062F3820385F83C3095F8EC
:10F080005D3043F0010385F85D30012012E195F811
:10F090005D3023F0010385F85D3001200AE1012392
:10F0A000B6FA86F2520995F83C1062F3C30185F86E
:10F0B0003C10012B03D0022B09D00120FAE095F877
:10F0C0005D3043F0020385F85D300120F2E095F8F1
:10F0D0005D3023F0020385F85D300120EAE0B6FAE6
:10F0E00086F2520990F83C1062F3041180F83C104B
:10F0F000022B01D00120DDE090F85D3023F0040305
:10F1000080F85D300120D5E095F83C3066F30103CE
:10F1100085F83C3013F0030F0AD04FF0FF336B61DA
:10F1200095F83D3043F0010385F83D300120C1E002
:10F1300000226A6195F83D3062F3000385F83D30A6
:10F140000120B7E095F83D3013F0020F40F0B58094
:10F15000003E18BF0126C3F38003B34201D1012052
:10F16000A8E028462DF096F995F83D3066F3820325
:10F1700085F83D3001209DE028462DF08BF92E8248
:10F18000012097E0A5F85460012093E0A5F85860AD
:10F1900001208FE0321E18BF012295F83E3062F345
:10F1A000000385F83E30012084E085F85E60012090
:10F1B00080E0002E00F083803378727813F0010F26
:10F1C0000BD002F0010095F83C1060F3C30160F32E
:10F1D000041160F3820185F83C1013F0020F06D091
:10F1E000510895F83E0061F3041085F83E0013F0D5
:10F1F000040F06D0910895F83E0061F3451085F89C
:10F200003E0013F0080F06D0D10895F83E0061F3D8
:10F21000861085F83E0013F0100F06D0110995F8FE
:10F220003E0061F3820085F83E0013F0200F48D0C5
:10F23000520995F83E3062F3C30385F83E30012051
:10F2400038E095F83F3066F3050385F83F3001203C
:10F2500030E085F85F6001202CE0321E18BF0122EB
:10F2600095F83F3062F3861385F83F30012021E0A6
:10F27000321E18BF012295F83E3062F3041385F860
:10F280003E30012016E0321E18BF012295F83E30B4
:10F2900062F3451385F83E3001200BE0B6FA86F2A2
:10F2A000520995F83F3062F3C71385F83F300120CB
:10F2B00000E0002070BD0020FCE70020FAE70020FD
:10F2C000F8E70120F6E70020F4E7B6FA86F25209E3
:10F2D00090F83C1062F3820180F83C10022B3FF45E
:10F2E000D6AE0120E6E7B6FA86F2520995F83C3030
:10F2F00062F3041385F83C3095F85D3043F0040365
:10F3000085F85D300120D5E724F44044102CDAD88C
:10F3100001A353F824F000BF6DF000019FF000013D
:10F32000E7F2000109F1000145F1000179F1000166
:10F3300085F100018DF1000195F10001ABF10001B3
:10F34000B3F1000143F2000153F200015BF200014E
:10F3500071F2000187F200019DF200012DE9F047F2
:10F36000BB4D1E462B6803EB8002BAB0D2F8FC21DD
:10F370000F464AB11178022906D13146104630F0C5
:10F3800044FB3AB0BDE8F087002867D193F8F82134
:10F39000002AF6D0D3F8F0319C68637899073CD402
:10F3A00002212EF0F5FB63785A070CD504210020CA
:10F3B0002DF082FD102100202EF0EAFB3146204680
:10F3C000FCF724FDDDE76269944214D1204619F070
:10F3D000BBFC63785D07E9D4042100202EF0D8FB44
:10F3E00063699C42CDD0617811F0080509D02046B0
:10F3F0001BF018F8C5E71F07EED5204633F0BAFB1F
:10F40000E7E75B785807BCD520461BF00BF832467F
:10F41000294620461EF050F8B3E74FF480412EF005
:10F42000B7FBA3883BB120461AF0FCFF324601210E
:10F4300020461EF041F86278D106A2D4A388013B91
:10F440009BB2A380002B9CD163F3410220466270E3
:10F4500023F028FB20461EF07BFF92E793F8F9315A
:10F46000002B8ED04FF00C082B6808F1310253F8B6
:10F47000323043B92B6893F8F931002B81D018F161
:10F48000FF38F1D27DE79C68D3F8009063789A0743
:10F4900000F1E080A3785B0702D50EB94B46E8E7A0
:10F4A000022101202EF074FB63699C4240F09B8096
:10F4B000637813F004031DD0042101202DF0FCFC1F
:10F4C000102101202EF064FBA569002D40F09A80E8
:10F4D000002F3FF473AFBC423FF470AF3D78012D75
:10F4E0007FF46CAF7B781A0740F1A8806FF382033A
:10F4F0007B7063E70DF1160106A8ADF816302CF00D
:10F500008DFD94F85230012B18D1069AA36DBDF8E9
:10F5100016101A44B4F854300B449BB240F2E14147
:10F520008B42C2F31602069285BFA3F2E243013278
:10F53000ADF81630ADF8163088BF06922968BDF8D0
:10F54000160091F8403203F58E730DF1200A31F860
:10F550001320E16E069B02EB900202F59C7240F2D2
:10F5600071205200B2FBF0F21A4401F59C735B006B
:10F57000B3FBF0F3A08C9BB2191889B2B1F5487FA8
:10F58000C2F3160288BF4FF44871E26107920892F5
:10F590000A44C2F3160288BFC0F5487309924FF0BF
:10F5A00000000DF115028DF8140001924FF00100DA
:10F5B00005AA88BF9BB28DF815000092214607AAC4
:10F5C0000920CDF808A000F09DFB079B00939DF853
:10F5D00015209DF81410534620460EF00BFF63785B
:10F5E00060F382036370637858073FF565AF0421C9
:10F5F00001202EF0CDFA2B6893F8F931002B7FF41F
:10F600004DAFBEE6637813F008020FD02B78012BC4
:10F6100002D028462FF0ACF9284633F0ABFA324638
:10F62000002195F850001CF0D3FE51E76B78590685
:10F630007FF54EAF62F386136B70E7E738461AF03A
:10F64000F1FE3246294638461DF036FFB6E600BFC9
:10F65000CC0200204FF4804101202EF099FAA388BB
:10F660003BB120461AF0DEFE3246012120461DF055
:10F6700023FF6278D306BED4A388002BBBD0013B06
:10F680009BB2A380002BB6D163F341022046627087
:10F6900023F008FA20461EF05BFEACE780B58AB086
:10F6A00000AF78602D4B9B683B623B6A23F47F433D
:10F6B0003B623B6A43F4A4333B62284A3B6A936053
:10F6C0007B68FB61FB695A78254BA3FB0213590841
:10F6D0000B465B000B44D31ADBB2002B01D0012395
:10F6E00037E0FB695B781E4AA2FB03235B08FB76CD
:10F6F0007B6802337B60002387F8273017E07B6844
:10F700007B617B699B781B021A467B695B7813449B
:10F710003B617B691B783969184618F00DFC7B68E2
:10F7200003337B6097F82730013387F8273097F849
:10F730002720FB7E9A42E2D3192018F0CBFBF86019
:10F74000FB6823F05003FB60F968192018F0F4FB04
:10F75000002318462837BD4680BD00BF003E014447
:10F76000ABAAAAAA80B489B000AF78607B68BB61FD
:10F77000BB695B7803F00303DBB2002B01D00123EC
:10F7800023E0BB695B789B08FB757B6802337B6079
:10F790000023FB7714E07B683B613B691B889BB2CD
:10F7A00003F1824303F5B033FB60FB683A6952888A
:10F7B00092B21A807B6804337B60FB7F0133FB7756
:10F7C000FA7FFB7D9A42E6D3002318462437BD46D4
:10F7D0005DF8047B704780B586B000AF78607B68C9
:10F7E0003B613B695A78254BA3FB021359080B4632
:10F7F0005B000B44D31ADBB2002B01D0012338E0AD
:10F800003B695B781D4AA2FB03235B08FB737B68A3
:10F8100002337B600023FB7526E07B68BB60BB681E
:10F820001878BB689B789BB21B029AB2BB685B7866
:10F830009BB213449BB2194601F0ECF9BB681B78EC
:10F84000082B03D1BB685A780D4B1A70BB681B7824
:10F85000512B03D1BB685A780A4B1A707B6803336B
:10F860007B60FB7D0133FB75FA7DFB7B9A42D4D331
:10F87000002318461837BD4680BD00BFABAAAAAA10
:10F880000A7402200B74022080B483B000AF786049
:10F89000064A7B680233196811601B79137100BF37
:10F8A00018460C37BD465DF8047B7047AC0100205C
:10F8B00080B582B000AF786018220021786831F0FE
:10F8C00083FF79681020F6F740F80346002B01D13A
:10F8D000012300E0002318460837BD4680BD80B4F0
:10F8E00083B000AF78603960074B1A787B681A7074
:10F8F000064B1A783B681A70012318460C37BD4630
:10F900005DF8047B704700BF0A7402200B7402206C
:10F9100080B485B000AF0023FB730023BB730023CA
:10F920007B734FF088431B6803F48063BB60BB6844
:10F9300003F48063002B04D04FF088434FF48062BF
:10F940005A60214B1B681B0DDBB203F00F03FB73E6
:10F950001E4B1B681B0EDBB203F00F03BB731A4B6D
:10F960001B681B0ADBB203F01F037B73184BDB69B8
:10F970007B607B6823F01F2323F4F8137B60FB7B01
:10F980001B0603F0F852BB7B1B0403F4F8131A4365
:10F990007B7B1B0203F4F85313437A6813437B60A9
:10F9A0000B4A7B68D361BB6803F48063002B04D0EF
:10F9B0004FF088434FF480629A6000BF1437BD4611
:10F9C0005DF8047B704700BF10030044200300442F
:10F9D000003E01442DE9F047AEB0074616460591BA
:10F9E0004FF00008059D2B78002B00F0E0800024EC
:10F9F0004FF0FF33CDE909430EAB0C9380230B94FA
:10FA00000D932B5D0BB1252B30D134B12946224605
:10FA1000384625442EF084F90595059B1A78252A49
:10FA200040F0BC8003F10109CDF814904A46002152
:10FA300013782B2B104602F1010223D02ED8202B55
:10FA400024D0232B26D001B105902A2B2ED027F0CD
:10FA50008BFD059A0B900020114601320B78303B4C
:10FA6000092B79D9002830D005912EE00134C8E760
:10FA7000099B43F0010309930121D9E7099B43F056
:10FA80000203F8E7099B43F00403F4E7099B43F002
:10FA90000803F0E7099B43F01003ECE72D2BE7D0B8
:10FAA000302BEBD00029D2D00590D0E733681A1D57
:10FAB0001B6832600130002B05900B9305DA099A20
:10FAC0005B4282F0010209920B93099BDA0744BF63
:10FAD00023F002030993059B1A782E2A0FD14FF0C9
:10FAE000000ACDF828A05A785D1C2A2A059535D140
:10FAF0000233059333681A1D1B6832600A9305A808
:10FB00002AF066FF059D0390287832F002FC252834
:10FB1000039900F0DA806138172800F2E080172896
:10FB200000F2DD80DFE810F02B00DB00B6004700BC
:10FB3000A700A700A700DB004700DB00DB00DB001D
:10FB4000DB009E0065008300DB00DB00C700DB00FC
:10FB50005600DB00DB00740001207DE7284627F01B
:10FB600003FD53460A90294601350A78303A092A9E
:10FB700003D9002BC3D00591C1E70123F3E7324637
:10FB800006A82DF07FFC002872D06B1C059306AAF6
:10FB90002B7809A93846FBF773FA04444444A0457E
:10FBA00040F3A780544B4F221A604FF0FF38404675
:10FBB0002EB0BDE8F0873346012206A816F008F8FB
:10FBC000002855D0013506AA09A93846059519F02F
:10FBD00055FAE2E73346002206A815F0F9FF00289F
:10FBE00046D0013506AA09A93846059524F070FCCF
:10FBF000D3E73346002206A815F0EAFF002837D0E5
:10FC0000013506AA09A93846059520F04DF9C4E743
:10FC10003346002206A815F0DBFF48B36B1C0593A2
:10FC20002B7806AA09A938460EF02EFEB5E7334612
:10FC30000022F02106A815F0CBFFC8B1DDE906329D
:10FC40000135134305950BD12C4831F011F9099B6F
:10FC500000932A490B9B024638461FF013F99CE794
:10FC60007823DEE7334608EB040206A820F0BEFB4B
:10FC70000135059592E7324606A82DF003FC0028D1
:10FC8000F6D06B1C059306AA2B7809A93846FAF71B
:10FC90008FFF82E78029EBD1336801351A1D1B687D
:10FCA00032608DF818300595012306AA09A9384657
:10FCB00024F036FB71E78029DAD13268131D3360F6
:10FCC0000135126805950023F0E78029D0D1099B02
:10FCD000009301350B9B059509490122BCE70023E0
:10FCE0004FF0FF32CDF8149009930B930A920093D2
:10FCF000F2E7A04676E600BF7C6D022093F7030191
:10FD000099F703012DE9F04FC3B0064604920D4662
:10FD10003022002106A8994631F056FD16F0030462
:10FD2000DFF8F48210D0D8F8003093F81C425CB1B0
:10FD300028F08AF8D8F80030D3F80C722DF088FE3D
:10FD40000024002F40F08B8016F03C0F0FD0D8F825
:10FD5000003093F81D3253B128F076F8D8F800300F
:10FD6000D3F814722DF074FE002F40F0988095F8AF
:10FD70005030012B09D1D8F80030D3F8083223B124
:10FD800042AA02EB840444F8F03C049BDFF88CA206
:10FD90001B6801936B6A9944019B4FF0000B13FAA7
:10FDA00089F9D8F8003002935D4606AB53F82B7002
:10FDB000002F00F0B780029BFE69D3F808329F4203
:10FDC0000CBFBB6A3B6A039397F85230012B04BF08
:10FDD000BB6DF61A029B93F8402203EB420240F2FD
:10FDE0003911B2F83832B2F83C22B3FBF1F3B2FB6E
:10FDF000F1F2134403F1020308BF06EA0A06009376
:10FE0000A6EB0308039BF418009B04EA0A041C44B5
:10FE1000FB6E08EA0A0804EA0A04002B40F0AB80F3
:10FE20007B699F4240F0A780BB6E03F59C735B002B
:10FE300040F27122B3FBF2F3059300BFA8EB090374
:10FE40005B025ED489EA080313EA0A0F59D0182D21
:10FE500067D00BF1010BBBF10C0FA6D162E027F0CC
:10FE6000F3FFD7F800A02DF0F3FDBB689D4214D03E
:10FE70005A78520711D5F70707D542A9621C01EB42
:10FE8000840444F8F03CD4B207E0B00705D593F8F9
:10FE9000511095F851209142EFD8574651E727F07D
:10FEA000D3FFD7F800A02DF0D3FDBA68954217D044
:10FEB0005378590714D5AB689A4211D0730707D508
:10FEC00042A9631C01EB840444F8F02CDCB207E087
:10FED000F70607D592F8511095F851309942EFD8AE
:10FEE000574641E7300706D592F8511095F8513042
:10FEF0009942F5D3E4E7B106F2D56B699A42EFD1A6
:10FF0000DEE74B46019A2146404631F0C7FDE0B19D
:10FF100042AB03EBC5030135EDB2182D43E9308444
:10FF200013D118254C9B6A1E1D7012A8002122F0C7
:10FF3000FDF8002312981A464C99097891422BD863
:10FF40004D9A137043B0BDE8F08FBB6E002B3FF4A9
:10FF50007EAF059B1E44009B06EA0A06A6EB03083B
:10FF6000039B9C19009B04EA0A041C4408EA0A0843
:10FF700004EA0A0462E74B46019A2146404631F002
:10FF80008DFD00283FF463AF42AB03EBC5030135A1
:10FF900043E93084EDB25AE75AB904990C68211A42
:10FFA0004D0206D54E9901EBC301C1E90040013372
:10FFB000DBB24C99097801398A4202F1010413DA63
:10FFC00042A901EBC20151F8BC6C42A901EBC4018A
:10FFD00051F8C05C711B490206D54E9901EBC30173
:10FFE000C1E900650133DBB24C99097801398A42D5
:10FFF0000FD142A901EBC20252F8BC1CA1EB0902CD
:020000040101F8
:10000000520206D54E9A02EBC302C2E9001901332F
:10001000DBB2E2B290E700BFCC020020FFFF7F001E
:100020002DE9F04FCDB0061F43AD00F11C0C2A4660
:10003000334600BF53F8040F42F8040F6345F9D16B
:100040000A1F0DF1100A14A8534600BF52F8041FEE
:1000500043F8041B8342F9D10AF1C0005246174607
:10006000916B52F8044F4FEAF14383EA714383EAFC
:100070009123796A3F6839440B444FEAB44181EADD
:10008000F41181EAD4010B44D3638242E7D1DDF855
:100090002CB1DDF820E14A9BDDF82481449A459992
:1000A0004698479FDFF87C9201960295CDF80CC0E8
:1000B0004FEAFE2686EABE1686EA7E66D9F800403A
:1000C000DAF800502C44344483EA080505EA0E05AA
:1000D0005D402C445C4427444FEAB20686EA7236FF
:1000E00086EAB256264442EA0104044002EA0105C7
:1000F0002C432644D9F80440DAF804502C441C441C
:100100008EEA08033B4083EA08031C444FEAF723C6
:1001100083EAB71383EA77631C4420444FEA7633BB
:1001200083EAB60383EAB653234446EA02040C404A
:1001300006EA02052C432344D9F80840DAF80850AF
:100140002C4444448EEA0705054085EA0E052C44FC
:100150004FEAF02585EAB01585EA70652C4401EB7D
:10016000040C4FEA733181EAB30181EAB3512144AF
:1001700046EA0304144006EA03052C432144D9F857
:100180000C40DAF80C502C44744487EA000505EA68
:100190000C057D402C444FEAFC2585EABC1585EA18
:1001A0007C652C4415194FEA713E8EEAB10E8EEA39
:1001B000B15EA64443EA0102324003EA010422434D
:1001C0009644D9F81020DAF8104022443A4480EAE4
:1001D0000C042C40444022444FEAF52484EAB51430
:1001E00084EA7564224406EB020B4FEA7E3787EA05
:1001F000BE0787EABE57174441EA0E021A4001EAD9
:100200000E0422431744D9F81420DAF8144022448B
:1002100002448CEA050000EA0B0080EA0C0002446C
:100220004FEAFB2080EABB1080EA7B600244134463
:100230004FEA773080EAB70080EAB75010444EEAC0
:1002400007020A400EEA070422431044D9F8182096
:10025000DAF818402244624485EA0B041C406C40E2
:1002600022444FEAF32484EAB31484EA73642244F8
:1002700001EB02084FEA703181EAB00181EAB05126
:10028000114447EA000202EA0E0207EA0004224390
:100290001144D9F81C20DAF81C4014442C448BEA91
:1002A000030505EA080585EA0B052C444FEAF82208
:1002B00082EAB81282EA78621444A6444FEA7132A4
:1002C00082EAB10282EAB152224440EA01043C408F
:1002D00000EA01052C43224409F120090AF1200A11
:1002E0000F4CA1457FF4E4AE019E029DDDF80CC0E9
:1002F000CDF82CB147974A934690CDF8248145918B
:10030000CDF820E1449200BF56F8043F55F8042F81
:10031000134433606645F7D100204DB0BDE8F08F3F
:10032000840C0201840B02012DE9F8431E464B04A4
:1003300005468846174640F19880046830F044FD31
:10034000E27D237D002A40F08D8013F0400F09D01C
:10035000D4F8CC0032F09EFA0423237524212846D9
:1003600030F04AFD18F4805F30D02C68237D990767
:100370002CD510232375A37D0133DBB2012BA3758C
:100380000BD1A94B617E5B695878E07728F0C4FCFB
:10039000D4F898301844C4F89800E37D012B40F05D
:1003A0008780A37D012B82BFA36F43F40063A36703
:1003B00020462BF0B3FF204628F02DF801212046DF
:1003C00003F0D0F92321284630F016FD18F4005F21
:1003D0001CD02C68237D9B0718D5142020F082FFA9
:1003E0008146082020F07EFF0823804601462375C1
:1003F0004A46284612F0E8FD002800F08580404675
:100400002AF06AFE2221284630F0F6FCF30605D5D4
:1004100026F06AF91721284630F0EEFCB40605D51F
:1004200026F062F91621284630F0E6FCF80617D5CA
:100430002C68E07D002840F0D580A36F190609D50F
:100440002FF058F8C4F88800204623F011FFB0FAC6
:1004500080F04009237D9A0602D5002800F0CD8067
:10046000BDE8F88313F0010F71E70C057FF57AAF53
:100470000468E37D012B17D1A26F6C4B1340802BD6
:1004800009D1D4F8C83043F08073C4F8C8302FF0D5
:1004900031F8C4F88800237D13F0010F3FF462AFF8
:1004A0000223237520215AE7237D13F0400FF5E73F
:1004B000D4F8CC0032F0EEF920462BF02FFFA36FDA
:1004C000DA037FF57FAFA37D012B7FF47BAFD4F8F8
:1004D000CC0032F051FBD4F8A420A36F904288BF27
:1004E000801AD4E9261223F4803398BF0020914269
:1004F000A367BFF467AF8142BFF464AF43F040032A
:10050000A3672023237556E7C4E96F9894F81780F2
:10051000B8F1010F1FD1204627F07DFF414620464C
:1005200003F020F994F86C30DA070DD5E37F5BB166
:10053000A37F4BB131F08CFC03688268E07F1344E9
:10054000C4F8C4312EF0CCF994F86D3043F0800338
:1005500084F86D3056E794F86E3060F3000384F849
:100560006E30D4F8CC0032F095F9A36FD80330D5B3
:1005700094F86D0023F4803310F00108A36713D0C2
:10058000A36F43F04003A36720232375204627F081
:1005900042FF0121204603F0E5F894F86E3043F065
:1005A000010384F86E30BDE794F86C30D90610D59D
:1005B000D4F8CC0032F0E0FAD4F8A430984288BFE6
:1005C000C01AD4E9263298BF4046934201D28342F2
:1005D000D6D3A36F23F0400343F00053A367002357
:1005E00023759FE7012808D1237D13F01E0F3FF4E8
:1005F00037AFD4F8CC0032F04DF9A36F5B0602D5CB
:10060000204631F06FFAE37D012B0BD1A26F12F07F
:10061000400F08BF4023237528462521BDE8F84335
:1006200030F0EABB4023F6E7986902208000000220
:100630000C4B13F0FF0F08D04FF0200383F3118809
:10064000BFF36F8FBFF34F8FFEE7074A934208D087
:100650004FF0200383F31188BFF36F8FBFF34F8FE9
:10066000FEE770470070800000708000014B18604A
:10067000704700BFE86C022030B4184C1546184A89
:100680000C4404EB8030541E844208D24FF0200307
:1006900083F31188BFF36F8FBFF34F8FFEE71C18F2
:1006A000A24208D24FF0200383F31188BFF36F8F6B
:1006B000BFF34F8FFEE71944B1F5804F08DD4FF0CF
:1006C000200383F31188BFF36F8FBFF34F8FFEE7D3
:1006D00001461A46284630BC30F0BEBB0070800090
:1006E00000F08000F8B5324D0D4405EB803517461B
:1006F000EA061C4608D04FF0200383F31188BFF3AD
:100700006F8FBFF34F8FFEE743B94FF0200383F3A2
:100710001188BFF36F8FBFF34F8FFEE7254B5A1E33
:10072000AA4208D24FF0200383F31188BFF36F8FE2
:10073000BFF34F8FFEE76219934208D24FF02003B8
:1007400083F31188BFF36F8FBFF34F8FFEE7214410
:10075000B1F5804F08DD4FF0200383F31188BFF31C
:100760006F8FBFF34F8FFEE7134B1B6803B19847A2
:10077000E3061EBF24F01F042034A4B24FF6E0733A
:100780002340FE183C46A64206D100BF31F048FA8D
:100790000028FBD1F8BD00BF31F042FA0028FBD1A0
:1007A000E91B2144204627F0F7FF2034EBE700BF88
:1007B0000070800000F08000E86C022038B5114C19
:1007C000114B04EB8034A34208D24FF0200383F393
:1007D0001188BFF36F8FBFF34F8FFEE704F580459D
:1007E00031F01EFA0028FBD1204604F5805431F088
:1007F00013FEAC42F4D100BF31F012FA0028FBD155
:1008000038BD00BF00708000FFEF800037B542B9EF
:100810004FF0200383F31188BFF36F8FBFF34F8F27
:10082000FEE71F4C0C4404EB80341E48431EA342D9
:1008300008D24FF0200383F31188BFF36F8FBFF30B
:100840004F8FFEE71319984208D24FF0200383F32D
:100850001188BFF36F8FBFF34F8FFEE71144B1F5DF
:10086000804F08DD4FF0200383F31188BFF36F8FB3
:10087000BFF34F8FFEE74FF0FF3201929DB204228B
:100880000DEB020120462EF001FB30B90434A3B277
:100890009D42F4D1012003B030BD0020FBE700BF32
:1008A0000070800000F0800038B5154643B94FF065
:1008B000200383F31188BFF36F8FBFF34F8FFEE7E1
:1008C000184C194A0C4404EB8030541E844208D260
:1008D0004FF0200383F31188BFF36F8FBFF34F8F67
:1008E000FEE71C18A24208D24FF0200383F31188C0
:1008F000BFF36F8FBFF34F8FFEE7CA18B2F5804F7B
:1009000008DD4FF0200383F31188BFF36F8FBFF32F
:100910004F8FFEE71A4629462EF0B8FAB0FA80F05B
:10092000400938BD0070800000F080004FF0FF30BB
:100930002DF004BD2DE9F04F89B005468946B0F988
:1009400024A00B8823F080030B8091F82980CF69C5
:10095000416800296AD001234A4617F0B9FD0028F2
:1009600061D099F82930434500F0B7800124002F69
:1009700000F0B9802B7E012B00F0B880504624F0A7
:1009800095FA002800F0F68000221146504629F022
:100990002DFA50462FF023FD8346002800F0ED800D
:1009A000CCB12B7E012B40F0B180D9F81C30043340
:1009B0000022012150460FF065FF002800F0E08082
:1009C000D9F81C20103299F8293002EB830201215A
:1009D000504625F06BFF352150462EF09BFB30F042
:1009E0006BFA80B2A9F8240040BAADF814000123D4
:1009F000ADF816304FF48073ADF818300023ADF821
:100A00001E30ADF81C30ADF81A3005AB07CBCBF873
:100A10000000CBF80410CBF808200BF10C05D9F836
:100A20002080474699E06FF00600E6E0002301933E
:100A300002930393049304230DEB0302816823F0D4
:100A40006FFE04230DEB0302D9F81C10284623F097
:100A500067FE31F0B1FC014604230DEB030228468A
:100A600023F05EFE31F0AEFC064670B10024204655
:100A70002DF0C2FB014604230DEB0302284623F0B0
:100A80004FFE10B10134A642F1D101AB05A90026F9
:100A900001E08B4205D053F8042B002AF9D001362F
:100AA000F7E7002402E00134042C10D001AB53F826
:100AB00024100029F7D0731EA34214BF0023012382
:100AC0004A46284617F004FD0028ECD049E70023E9
:100AD000C9F81C306FF006008FE0D9F81C40E41B09
:100AE00018BF012443E7D9F81C7043E7002C3FF4FA
:100AF00045AF08F1040857F828300193002B3FF464
:100B00003DAF01A938461EF0A7FE37E740F2BE53BD
:100B10003B4A3C49002026F0FFFF6FF00A006CE0E2
:100B2000A7EB0804013C40F65803374A3549FF2C2F
:100B30008CBF0020012026F0EFFF05F8014BE4B246
:100B400022464146284630F087F925440134A04426
:100B50002E4BF34013F0010F2BD117F8016B96B118
:100B60002C3EF6B2122EF8D8294BF34013F0010FA9
:100B7000D6D1F2E76FF009003FE06FF009003CE0EA
:100B80006FF0090039E0A7EB0807013F40F6580372
:100B90001D4A1C49FF2F8CBF0020012026F0BCFFFE
:100BA00005F8017BFFB23A464146284630F054F939
:100BB0003D4400242C706C7099F82830AB70EC70B8
:100BC00001232B710535A5EB0B0540F2EB530C4AC5
:100BD0000C49A542B4BF0020012026F09DFFADB214
:100BE00022462946504629F001F9504603F076FE88
:100BF00085420CBF01206FF0090009B0BDE8F08FFD
:100C00001C1B0401A0210001101F040109000400A5
:100C10000D00040080B483B000AF03460A46FB71A8
:100C20001346BB80134BFA7992B203F5805302331B
:100C30001A80104B03F58053BA881A800D4B03F5C8
:100C4000805304331B680B4943F4801201F5805331
:100C500004331A6000BF074B03F5805304331B684D
:100C600003F48013002BF6D100BF0C37BD465DF8AE
:100C7000047B70470020014180B483B000AF03467D
:100C8000FB71144BFA7992B203F5805302331A8048
:100C9000104B03F5805304331B680E4943F4802244
:100CA00001F5805304331A6000BF0A4B03F58053EB
:100CB00004331B6803F48023002BF6D1054B03F5A6
:100CC000815308331B689BB218460C37BD465DF84C
:100CD000047B70470020014190B585B000AF044609
:100CE000084611461A462346FB710346BB710B4664
:100CF0007B7113467B80FB791846FFF7BDFF0346E7
:100D0000FB81BA797B79D31A0133012202FA03F30A
:100D10005A1E7B7902FA03F31BB2DB431AB2B7F90E
:100D20000E3013401BB2FB81BA797B79D31A0133A1
:100D3000012202FA03F39BB2013B9BB21AB2B7F94C
:100D4000023013401BB27B807A887B7902FA03F36E
:100D50001AB2B7F90E3013431BB2FB81FA89FB7943
:100D600011461846FFF756FF00BF1437BD4690BD29
:100D700080B584B000AF0346FB710B46BB711346D0
:100D80007B71FB791846FFF777FF0346FB81FA89F1
:100D9000B9797B79CB1A0133012101FA03F3591E8A
:100DA0007B7901FA03F31A407B7942FA03F3BB81A2
:100DB000BB8918461037BD4680BD80B483B000AFF4
:100DC000114B03F5F05314331B680F4943F0040231
:100DD00001F5F05314331A6000BF0B4B03F5F053C9
:100DE00014331B6803F00403002BF6D1064B03F504
:100DF000F0530C331B68FB80FB8818460C37BD464C
:100E00005DF8047B704700BF0020014180B584B0CD
:100E100000AF0346FB80FB889B007B81FFF7CDFF83
:100E20000346FB81FB893B810823BB8100BF00BFD8
:100E300000BF1BE0FFF7C1FF03463B813A89FB89F6
:100E40009A420AD23A89FB89D31A9AB2BB891344CF
:100E50009BB203F2E243BB8106E03A89FB89D31AD5
:100E60009AB2BB891344BB813B89FB81BA897B89D8
:100E70009A42DFD300BF1037BD4680BD80B586B033
:100E800000AF0346FB80FB884FF47A7202FB03F34A
:100E90003B613B691B09154AA2FB0323DB09FB816C
:100EA0003A6913091149A1FB0313DB094CF25031D4
:100EB00001FB03F3D31ABB810023FB8206E04CF253
:100EC0005030FFF7A3FFFB8A0133FB82FA8AFB89CC
:100ED0009A42F4D3BB89002B03D0BB891846FFF795
:100EE00095FF00BF1837BD4680BD00BFC55A7C0ABC
:100EF00070B5612888B00E4614460D6853D013D8DB
:100F0000412830D006D8A0F11303012B40F2E8802D
:100F1000002492E0542837D0602848D05228F7D1D6
:100F200008461EF01BF9F3E7A02800F0ED8007D873
:100F3000802814D08128EBD108462FF0F9F8E7E794
:100F4000A22800F0F480C0F0EE80F128E0D1D5F8BE
:100F5000CC00002418F066FBC5F8CC406DE02846B4
:100F600023F02EF9D4E713685B8902932B88019351
:100F70008A4B0093022201233E21EC2011F0EAFD6E
:100F800028462AF027FCC3E7D5F8C43013F0010443
:100F900053D023F0010395F8E010C5F8C43028467B
:100FA0002DF03CF8B4E708462FF0BAFEB0E713681E
:100FB0001D68937A032B43D153681B7802932B88C7
:100FC0000193774B0093022201233F21EC2011F083
:100FD000C1FD30F04DFF30B32368436163680361A6
:100FE000637A4373227A037B134323F0040343F0B1
:100FF000010303736B4A002303605168086050606B
:101000004360694B59688160021D0A605A606368D9
:101010001B78022B05D1D5F8C43043F00103C5F885
:10102000C43030467DE7614B0093072401940123CF
:1010300002224221EC2011F08DFD204608B070BD47
:10104000537A02932B880193594B00930222012378
:101050004021EC2011F07EFD30F002FF034640B34A
:1010600022688261A27A0275226812681288C2829E
:1010700062680261627A4273217A027B0A4322F03B
:10108000040242F0020200260660027349484268E8
:101090001360454A43605E6054689C60191D21607E
:1010A00095F86D40516014F040040AD118F008FF23
:1010B000C3E7414B009307240194012302224121FD
:1010C000B8E7016830F0D8FC0B7B43F004030B73E6
:1010D00024F06EFCAB6F43F01003AB673D215EE77D
:1010E0002B7E403B022B07D8A0F1130359425941F4
:1010F000304625F0EFF90BE7AC6F14F004049CD0F8
:10110000084616F093FF03E705F10C0030F043F8B2
:101110000446002840D00146304607F0E7FE20464E
:101120002FF015FAF4E628881BF09AFDF0E695F802
:10113000E230112B3FF4ECAE95F8E430112B3FF484
:10114000E7AED5F8A8311BB11B79012B3FF4E0AE17
:101150002B880193194B0093022201234321EC2099
:1011600011F0F8FC2B88ADF81030EA8F6B8FD5F8B2
:101170003A10ADF812300591ADF81820ADF81C30DA
:10118000ADF81A3095F86D3043F0080385F86D30EE
:1011900004A80DF0F3FFBBE607244EE7E06102016F
:1011A0000462020178020020C40200202B620201C6
:1011B00048620201980200206A620201886202010C
:1011C0002DE9F04F99B004460D4621B100230B6084
:1011D0004B608B60CB60002C00F0368120462FF0F6
:1011E00047FE064618B9002019B0BDE8F08F00236D
:1011F0001193129313931493204600E01046014676
:10120000024612F8013B202BF8D0093B042BF5D9FC
:101210003444241A021900E0013C12F8013D202B4D
:10122000FAD0093B042BF7D9402C01D90020DBE789
:101230002246684631F0B2FA002204F160036B44A2
:1012400003F8602C9DF800305B2B02D06B461846EB
:101250000CE0661E1DF806305D2B40F0F7800DF89F
:101260000620023C0DF10103F1E70B461F4619462B
:1012700011F8012B202AF8D0093A042AF5D90444A0
:10128000E41A1C4400E0013C159414F8013C202BA6
:10129000F9D0093B042BF6D9002323703B783A2B75
:1012A00019D04FF0FF093C7897F900002EF0E8FFC5
:1012B000002800F0CF8001374FF000084FF0100AEF
:1012C0000D2C73D842F20163E34013F0010F78D183
:1012D00016AB00261AE07B783A2B40F0B980023733
:1012E0004FF00009DFE7A4F12002D2B21A2A05D894
:1012F000604921FA02F212F0010F16D10136052ED3
:1013000000F0AA8003F8014B17F8014B0D2CEAD826
:1013100042F20162E24012F0010FEFD0002218AB5E
:1013200053FA86F303F8082C09E0002218AB53FAAD
:1013300086F303F8082C2E2C2CD03A2C25D0DFF87D
:1013400038B10023CBF80030524615A916A830F06A
:1013500063FA80B2DBF80030002B7FD128B916ABDE
:1013600053FA86F3159A9A427AD118AB03EB4803E5
:1013700040BA23F81C0C08F101085FFA88F804B39E
:101380003A2C0AD017F8014B9AE7BAF10A0FD6D1D6
:10139000002029E74FF00A0AD1E73B783A2BF1D138
:1013A000B9F1FF0F5ED10137C146EBE7A4F120038D
:1013B000DBB21A2B8CD82F4A22FA03F313F0010F59
:1013C00086D0B8F1080F4FD8B8F1070F38D8B9F167
:1013D000FF0F4BD008F1FF33DAB24FFA89F05BB25E
:1013E000834212DBC8F1080418AB03EB420333F865
:1013F0001C1C1319DBB218AE06EB430323F81C1CAC
:10140000531EDAB25BB28342EEDAA8EB0903C3F1F2
:10141000070399450BD8002118AA02EB490222F8CC
:101420001C1C09F101095FFA89F99945F4D9FDB14C
:1014300011AC0FCC28606960AA60EB600120D3E694
:10144000B9F1FF0FC6D1F2E70020CDE60020CBE6D0
:101450000020C9E60020C7E60020C5E60020C3E65C
:101460000020C1E60020BFE60020BDE60020BBE66C
:101470000120B9E601C000047C6D02202DE9F04F87
:1014800087B00F21022027F089FF044610F0010FDA
:1014900006D114F0020F40F08C8007B0BDE8F08F49
:1014A00002266FF00D0709E0AA8840F206439A422F
:1014B0001AD03946324640462BF096FA30462BF089
:1014C00017FB80460028E4D0D8F818502A8853BA71
:1014D0002B806B885BBA6B80EB885BBAEB80B2F5D4
:1014E000807FE1D03946E5E7D5F818A0D8F82890F4
:1014F0008E4BD3F804B0484630F08DFED5F80E3050
:10150000059300EBC00005A95BF830001FF040FB1D
:10151000834628B105F10802014648461EF062F9EB
:10152000D9F804309A4501D00221C3E799F8433035
:1015300013F0100F3BD1BBF1000F04D0EB88012B4F
:1015400026D00221B6E705F1080A784BD3F804B09B
:10155000484630F060FE00EBC0000BEBC003029386
:1015600005A95BF8300020F0F3F90028E6D00378F5
:1015700013F0020F06D0029B18335246802127F049
:10158000CBF8DBE75246014648461EF02BF9D5E77B
:10159000D5F80E30D9F8042009F13C010191083545
:1015A00000950221484613F0B9FB022182E702218F
:1015B00080E75E4CA36903F5FA63A3615C4AA2FB72
:1015C00003239B09636130F0FDFE676803900028E8
:1015D0003FF463AF07F1480B07F12C0818374FF0C1
:1015E000000A5BE063687268002101915149009133
:1015F0000121304613F092FB638A01336382246831
:10160000E4B134F8042C12F4007F484B14BFB3F853
:101610004610B3F84410638A8B42F0D243484169C4
:10162000A568491BC06B00FB03F39942E7D3B9F1EE
:10163000000FD7D012F4807FE1D0D3E7029D55F898
:10164000304CCCB1394A5369A1685B1A526B934252
:1016500012D3211F55F8480C2FF0C2F838462BF052
:10166000D9F96FF002030022211D304624F0ACFCB2
:1016700055F8304C002CE5D155F8483C5A6A55F8DD
:10168000083C9A422ED20AF1010A0BF1480B08F1EC
:1016900048084837039B53453FF4FFAE50462CF0B3
:1016A000ABFD06465D465BF81C4C002CC7D01F4ABC
:1016B0005369A1685B1A926B934231D3211F55F88D
:1016C000480C2FF08DF840462BF0A4F94FF0FF3373
:1016D0000022211D304624F077FC55F81C4C002CCC
:1016E000E5D1ACE755F8043C002BCCD000243846BB
:1016F0002BF090F981460028C5D0011F55F8480C01
:101700002FF06EF86FF00303002209F10401304658
:1017100024F05AFC013455F8043C9C42E7D3B2E76C
:1017200096F8439009F0100902956AE728660220AE
:10173000D34D6210F07302202DE9F04F054685B0BD
:1017400041208B46904631F0FBF9044650B9A54B39
:10175000009302460423C221EE2011F0FBF905B0EC
:10176000BDE8F08FEB78C21D05F1040A039205F184
:101770000B0900F1110600F12107002B40F0B280A7
:10178000DAF800300360BAF8043083809AF8063043
:101790008371D9F80030C0F80730B9F8043093806D
:1017A00099F806309371904B1B681A7882735A79B6
:1017B000C2735B780374BBF1000F00F08D80DBF81F
:1017C0000030C0F81130DBF804307360DBF808300B
:1017D000B360DBF80C30F360EA6D02F5C07204F11F
:1017E000310B1368C4F8213053687B609368BB6089
:1017F000D368FB60EA6D02F5E07221461368C4F815
:1018000031305368CBF804309368CBF80830D36894
:10181000CBF80C30E86D412200F5E873063004F097
:1018200063FBD9F800302360B9F80430A38099F83D
:101830000630A371DAF80030C4F80730BAF8043083
:10184000A4F80B30E21D9AF806309371EB6D93F813
:10185000E430A373EB6D93F8E530E373EB6D93F82D
:10186000E6302374B8F1000F00F0B580D8F80030EE
:10187000C4F81130D8F804307360D8F80830B36079
:10188000D8F80C30F360EA6D02F5E0722146136877
:10189000C4F8213053687B609368BB60D368FB60F9
:1018A000EA6D02F5C0721368C4F831305368CBF8A2
:1018B00004309368CBF80830D368CBF80C30E86D6F
:1018C000412200F5C873063004F00EFB204605B037
:1018D000BDE8F04F31F036B91022594630462FF0AE
:1018E00073FF79E7D9F800300360B9F804308380DA
:1018F00099F806308371DAF80030C0F80730BAF88A
:101900000430A0F80B30C21D9AF806309371EB6DCD
:1019100093F8E4308373EB6D93F8E530C373EB6DAC
:1019200093F8E6300374BBF1000F4ED0DBF80030C3
:10193000C0F81130DBF804307360DBF80830B360B6
:10194000DBF80C30F360EA6D02F5C07204F1310B84
:101950001368C4F8213053687B609368BB60D36818
:10196000FB60EA6D02F5E07221461368C4F831307D
:101970005368CBF804309368CBF80830D368CBF8C1
:101980000C30E86D412200F5E873063004F0ACFA43
:10199000DAF800302360BAF80430A3809AF80630F1
:1019A000A371D9F80030C4F80730B9F80430A4F8AE
:1019B0000B30E21D99F8063093710B4B1B681A78B7
:1019C000A2735A79E2735B784BE71022594630468E
:1019D0002FF0FAFEB7E71022414630462FF0F4FE12
:1019E00051E700BF28170401DC0200202DE9F04F69
:1019F00083B00746894600920193012900D002BBBB
:101A000028F012FC8346002868D04FF0FF319B4835
:101A10002FF0A2FF9A4B1A686AB19A4B19680024FA
:101A2000264600BF51F82630002B74D0013424B272
:101A300026469442F6D391482EF062FF4FF0FF34D1
:101A400042E0DDF800B000230093DEE78E4C23680F
:101A5000DA680146184690472068C36841469847AF
:101A60002068C3682946984784482EF049FF4FF004
:101A7000FF3429E0854B0422142178202BF0F5FA5D
:101A8000002846D0824A8260C5600122A0F87020FA
:101A9000A0F85820A864002800F0C58095F886308A
:101AA00067F3010385F88630B9F1000F19D1A5F865
:101AB0005EB095F8843043F0010385F8843000234C
:101AC00085F87030A5F86EB0204603B0BDE8F08F01
:101AD000284624F007FA4FF0FF34F5E74FF0FF34C3
:101AE000F2E7A5F85EB0009BA5F85C302BF0ACFEE9
:101AF000686295F8843043F0020385F88430019BD6
:101B0000002B00F0B0801B68002B00F0AC80EB6372
:101B1000A9E0A86487E0DFF870A1DAF80000836824
:101B20008C22012198470546DAF80000594B1988A4
:101B30000131436889B298478046DAF80000564B75
:101B400019880131436889B29847002D3FF47EAF70
:101B5000B8F1000F3FF47AAF00283FF477AF4D4B58
:101B60001B884D4A1288A5F87440C5F800800133DF
:101B700043446B6068610244AA614FF40673A5F8A0
:101B80006630404B1B6843F826503C482EF0B8FEA8
:101B9000B5F85E30A5F86E302B68AB60EB602B615A
:101BA0006B69EB612B6295F8843003F0810323F0BD
:101BB000800385F8843095F8853003F0FE0343F008
:101BC000020323F0040385F8853095F8863003F08E
:101BD0007B0323F0080385F886300023AB636B6337
:101BE00085F883302B654FF0FF32AA650122A5F8F6
:101BF0006020A5F86A20A5F85C30EB6385F87330A7
:101C000095F8873013F0080F04BF00226A6413F0C0
:101C1000100F04BF00232B6485F87170012F3FF46F
:101C200029AF0023AB6495F87130002B7FF450AFDF
:101C300095F8863067F3010385F88630B9F1000F17
:101C40003FF435AFA5F85EB0009BA5F85C302BF0F3
:101C5000FBFD686295F8843043F0020385F8843018
:101C6000012F3FF44CAF284621F00CFA0028B4BFF6
:101C70000B23012385F8703026E700BFD06B0220CC
:101C8000D86B0220E86B0220DC6B022006002000EB
:101C900085090201FA660220666B02202DE9F047F1
:101CA00086468C460846089E154674461946002B03
:101CB00040F0C2808242B2FA82F245D94AB1C2F102
:101CC000200300FA02FC2EFA03F3954043EA0C0CC1
:101CD00094404FEA154EA8B2BCFBFEF8230C0EFB55
:101CE00018CC08FB00F943EA0C43994528D9EB18B6
:101CF00008F1FF3704D2994502D9A8F102072B4415
:101D0000A3EB0903A4B2B3FBFEFC0EFB1C330CFBDC
:101D100000F044EA0344A04214D92C190CF1FF331B
:101D200004D2A04202D9ACF102032C44241A43EAA3
:101D300007401EB1D440002334607360BDE8F087D3
:101D40004746DDE76346F1E792BB431B01214FEABB
:101D5000154EAFB2B3FBFEFC200C0EFB1C330CFB8C
:101D600007F840EA0343984562D9EB180CF1FF30BD
:101D700004D2984502D9ACF102002B44A3EB08032E
:101D8000A4B2B3FBFEFC0EFB1C330CFB07F744EACA
:101D90000344A7424ED92C190CF1FF3304D2A742B9
:101DA00002D9ACF102032C44E41B43EA0040C0E733
:101DB000C2F1200320FA03F1954090402EFA03F37C
:101DC00003434FEA154EAFB2B1FBFEFC0EFB1C10F5
:101DD000190C0CFB07F841EA0041884504FA02F4AB
:101DE00022D969180CF1FF3004D2884502D9ACF130
:101DF00002002944A1EB08019BB2B1FBFEFC0EFBE3
:101E00001C110CFB07F743EA01439F420ED9EB1864
:101E10000CF1FF3104D29F4202D9ACF102012B44F4
:101E2000DB1B41EA004192E76046E3E76146F7E7E2
:101E30006046A3E76346B7E7834206D916B9002197
:101E400008467BE7C6E900E0F9E7B3FA83F78FB904
:101E5000834201D3724508D8BEEB020460EB030352
:101E600001209C461EB9002168E73846FAE7C6E91A
:101E7000004CF8E7C7F1200CBB4022FA0CF41C43DD
:101E80002EFA0CF120FA0CF3B84001434FEA144942
:101E90000EFA07F5B3FBF9F81FFA84FE09FB1830B8
:101EA0000B0C08FB0EFA43EA00439A4502FA07F2CC
:101EB00040D9E31808F1FF3004D29A4502D9A8F1BD
:101EC00002002344A3EB0A0389B2B3FBF9F809FB30
:101ED000183308FB0EFE41EA03418E452CD96118E8
:101EE00008F1FF3304D28E4502D9A8F10203214440
:101EF00043EA0040A0FB0298A1EB0E014145CE460B
:101F0000434602D306D14D4504D2B9EB020E68EB2D
:101F100004030138002EA6D0B5EB0E0261EB0301DD
:101F200001FA0CFC22FA07F34CEA0303F940C6E974
:101F3000003198E74046C5E74346D9E7002800F05E
:101F400038812DE9F047D6B00F460446D0F800A0FE
:101F50009B4B9A4500F02F8103238DF8DB30CDF8A1
:101F6000D4A0012A38BF0122904612F01F0918BFE1
:101F70004FF0010909EB521900F108050DF1200C91
:101F800000F1380E664628686968AA68EB680FC6D3
:101F90001035B4467545F5D128683060AA88AB790C
:101FA000B280B371B9F1000F40F3828000262BE0BC
:101FB000372208A916A826F04FFC054660BB6946E3
:101FC00016A806F0B9FB054616A820F046FF35BB5B
:101FD000009B2268012A02D9626893423BD000220A
:101FE00084F88020636067B1B8F1000F09D0B8F1C0
:101FF0001F0F3FD84246694638462EF02DFF4FF05E
:10200000000801364E450ADAE26FA16F16A81DF0EE
:10201000F5FF05460028CBD016A820F01EFF08AB20
:1020200000200DF157011A46013310708B42FAD18E
:10203000002D3FD0003D18BF012516AB00201EA982
:102040001A46013310708B42FAD1281E18BF0120A6
:1020500056B0BDE8F08794F88030012B00F0AD80D9
:1020600009F1FF33B34208BF09F10109012384F8E4
:102070008030B8E7EC46BCE80F0038607960BA60A1
:10208000FB60BCE80F0038617961BA61FB61A8F1BF
:102090002008203761460DF1570200BF12F8013DBC
:1020A0000133DBB21370002BABD18A42F6D1A8E723
:1020B0000125B4E7E26FA16F37A81DF09FFF054629
:1020C00030B137A820F0C9FE236801332360B4E79C
:1020D00001220DF1DB0137A826F0BEFB05460028E2
:1020E000EFD1372204F1080137A826F0B5FB0546E9
:1020F0000028E6D116A937A806F01EFB054637A82A
:1021000020F0ABFE002DDFD104F13F020DF1580E9F
:102110000DF17701174600260B7817F801CD6344BF
:1021200033443B70C3F30F268E4501F1FF31F3D1E9
:1021300004F11F0004F1080110F8013D33449BB283
:1021400003701E0A8842F7D11046002310F8016D73
:1021500090F837703E4433440370C3F30F23884232
:10216000F4D14FEA1A2303F0FF134FEA0A2000F0DC
:10217000FF2003434FEA3343359336AE04F13B0C63
:10218000002300BF12F8010D16F8017D3844034406
:102190001370C3F30F236245F4D104F13B0200BF77
:1021A00012F8010D03449BB213701B0A9142F7D140
:1021B0008AE70120704702204AE703253DE700BF78
:1021C00040420F002DE9F04F91B000250729064647
:1021D0008DF8135001D0152949D10132A1F105081C
:1021E00005A806A906921FFA88F82EF087FF06A90F
:1021F0000DF116002EF082FF424606A90CA82FF022
:1022000025FABDF81440002C00F00881BDF8163006
:10221000A342C0F00681747AE0073ED408AB019374
:102220005FFA88F807AB009342460CABBDF8161076
:10223000BDF8140019F028FF0446002800F0F480CF
:10224000089B5B68D3E9011210782FF081FD079A93
:1022500003468346D27B3088012115F091FE87B278
:10226000002F49D0ADF814400024254603E0ADF816
:1022700014502C4604279DF813305BB9002F40F012
:10228000DB802A46214630462DF0CEFB10B1284691
:1022900030F046FC11B0BDE8F08FB37AD907BDD558
:1022A00014F00C0F10D0002474724FF4827030F0D0
:1022B00047FC0028B2D010220270328882808471DC
:1022C00004212BF0B5FCA9E75F4BB8F1020F1B8886
:1022D000ADF8243009D1424609A90CA82CF0D6FD4E
:1022E00018B944F00804747298E744F00404002517
:1022F000747212272C46BEE7079B9A7B920777D40D
:102300009DF81330002BAFD1B08830F0CBFB0546E1
:10231000002800F08C80079B9B68B3F80090B3887E
:102320001A1F91458CBFA3F1020909F1020900F1BE
:1023300010031FFA89F9092106A8069330F062F903
:102340005FFA89F106A830F05DF9214606A830F061
:102350005FF9079BA9F10202596892B206A82FF013
:102360007FF909F10203A2469CB2089BDA894FF675
:10237000FF739A423FF47FAF04EB09030393039A80
:10238000B3889A423FF777AF08AB0AF10100019397
:1023900007AB80B2009342460CABBDF81610ADF807
:1023A000140019F071FE8246002843D0079A937BEF
:1023B0009B073FF560AF93681B8802334B457FF462
:1023C0005AAF5B46D27B3088012115F0D9FD002839
:1023D0007FF451AF514606A830F01AF9079B9A686E
:1023E0005968128806A82FF03BF9BDF80C40BCE7ED
:1023F00009933388ADF828300DF11301082309A89B
:10240000ADF82A40ADF82C708DF82E301EF0CEFEBF
:1024100000283FF475AF3C46074626E725460127CE
:1024200029E700252C46FAE705460A2723E7044654
:10243000112720E707461EE7FBB2BDF8142008214C
:10244000304617F08BFD25E7466B030173B5046832
:10245000267E132E054641D003D8122E0CD002B092
:1024600070BD403E022EFAD8102901D01229F6D1B3
:10247000002008F0DBFBF2E7112925D01AD810293B
:10248000EDD194F86D306FF3410384F86D30204640
:1024900030F00FFA28462AF093FD13232376607E4E
:1024A00025F03EF820462FF01DFB0521284612F0AE
:1024B0006BFBD4E712290DD08129D0D100228121D4
:1024C000284619F067FBCAE7114626F0FDFD1323E5
:1024D0002376C4E7284613F023FEC0E7212900F045
:1024E000DC802ED81229F5D007D8102972D01129F6
:1024F000B5D1114626F0E8FDB1E71629AFD317296B
:10250000E8D92029ABD1A36F1E0616D525F09CFC77
:10251000D4F8C83023F08073C4F8C8302BF098FA90
:10252000204621F0A5FE002871D025F08DFCA36F78
:1025300043F08073A3672BF08BFA284620F042FB10
:102540008DE7242900F0A98023D8222969D02329E6
:1025500085D12BF09CFD002881D1237D002B3FF4F9
:102560007EAFA36F5B0640F19080A37D012B40F00E
:102570008C800021204624F091F8002800F085800E
:1025800025F062FCA36F23F04003A3672BF060FAF1
:102590007BE0812992D0822900F0968025297FF462
:1025A0005EAF24F099FF284628F059FBA36F5B0625
:1025B0007FF555AF204628F015FF20B325F044FCE9
:1025C000A36F23F04003A3672BF042FA284628F0BC
:1025D00046FB44E794F86D306FF3410384F86D30A7
:1025E0003A4B1A686FF39A621A60204630F061F92C
:1025F000284617F0B7F8A36F23F40003A367284613
:102600002AF0DEFC4BE728462AF0DAFC27E701A98E
:10261000D4F8CC002EF0A8FB019B5B0AC4F88830EC
:102620001DE7A36F13F0100203D0D4F8BC21812161
:1026300047E794F86D10A4F8152062F3C711180746
:1026400084F86D1009D525F0FFFBA36F23F4005328
:1026500023F00803A3672BF0FBF9D4E96F21284688
:1026600002F05EFBA36F59060CD50021204624F032
:1026700015F838B125F0E8FBA36F23F04003A367FA
:102680002BF0E6F928462CF0F0FBA36F1A067FF535
:10269000E6AE28462CF0B4F9E1E6637D01336375BC
:1026A00025F0D2FBA36F23F0400343F48063A367BC
:1026B0002BF0CEF928462BF0EAFC00287FF4CFAEB1
:1026C000204629F02BFE81E70022FAE63034014152
:1026D0002DE9F04F8BB00F21092026F05FFE10F09E
:1026E0000103039340F0B0800BB0BDE8F08FDAF83F
:1026F0001C80B8F8044064BAA4B2A34240F0B88089
:10270000504630F0B0F90646504630F0A9F905467B
:10271000B8F8063023B1DAF8203013F4806F1AD0FD
:10272000B8F800305BBAA8F80030B8F802305BBAED
:10273000A8F80230083CA8F80440DAF82820824BB8
:102740001B68002B40F397804FF0000BCDF810A0D2
:1027500005950292A4E0336807930368089300226A
:102760008DF8242011238DF82530B8F80430ADF809
:1027700026300C2107A81EF011FBC3439BB2DAF8E8
:10278000202012F0040F09D022464146504619F08D
:1027900049FA6FF009010028C2D051E01A462146DB
:1027A00040461EF0FBFAF4E70026A6E045F00203DF
:1027B0000193ACE0019B43F004030193B1E0049862
:1027C00030F051F90368009A9A4240F0B280019BC0
:1027D00043F0080301930F2B40F0AB80DDF810A00D
:1027E000059D94F83E3013F0400F04D02B7803F091
:1027F000F003E02B42D100202EF033FC0546514679
:1028000004F140002EF004F8B4F85A3013F4807F3D
:1028100037D0E66C276D294600202EF0CDFD9EB105
:102820003B464FF48072DAF82810B4F91200B04732
:102830000AE0DDF810A06FF00E0101E06FF00D016D
:10284000092250462AF0D0F809202AF051F9824690
:1028500000283FF449AFBAF82C30072BEED9DAF84C
:10286000202012F4003F3FF442AF6FF00E01E7E783
:102870006FF00D01E4E76FF00E01E1E76FF00E017C
:10288000DEE7294600202EF097FDDDE700202EF040
:1028900093FD00BF0BF1010B2B4B1B689B45C8DA66
:1028A00000202EF0DEFB0146284B1B6853F82B401E
:1028B000002CEBD094F83E3013F0020FE6D0B4F8C1
:1028C0005820B4F848309A42E0D9668D94F85C50AC
:1028D000B4F828A0D4F83C90676AE369009300201C
:1028E0002EF06AFDB8F80230B342D3D10195012D24
:1028F0003FF45AAF002DCDD1039EB8F800305345B8
:102900003FF454AF19F0040F18BF46F00206029BC3
:10291000BB423FF44FAF17B119F0080F01D046F09A
:102920000406009B1BB119F0100F3FF448AF46F0AE
:102930000806019B33430F2BACD1DDF810A0059D99
:10294000012384F85C304CE7986B02209C6B0220DA
:102950002DE9F04397B004461546476802290EDC7E
:1029600003685B6812687A493846984723685B6851
:102970002A6878493846984717B0BDE8F0830E4674
:1029800000231593506826F0EBFC814618B3D5F868
:102990000880714940462EF02AFC002800F0BA80D9
:1029A0006E4940462EF023FC002800F0CD806C4993
:1029B00040462EF01CFC002800F0C28069494046C9
:1029C0002EF015FCD0B9032E0BDC23681B6866497A
:1029D00038469847D0E723681B68644938469847CB
:1029E000CAE715A9E8680AF05DFA002840F0A3805C
:1029F00023681B685E4938469847BDE75D494046F5
:102A00002EF0F5FB054628B123681B685A49384665
:102A10009847B1E708A9484617F0AAFF002873D0E5
:102A20002368099A00925E6809239DF82020534983
:102A30003846B0479DF82030082B9DD900238DF8EB
:102A40000C3023685E680B9B0A9A4D493846B047A4
:102A500023685E680D9B0C9A4A493846B047142299
:102A600003A90EA822F0D4FC23685B6803AA464998
:102A700038469847142203A910A822F0C9FC2368FD
:102A80005B6803AA414938469847119A8AB1117880
:102A90003F4B002908BF1A4623685B683D4938460A
:102AA00098479DF8483033B923685E682A463A4B08
:102AB0000CE0374AF0E7142203A9139822F0A8FC8F
:102AC00023685E689DF8482052B103AB334938460D
:102AD000B0479DF849302BB923685C682E4B0CE059
:102AE0002D4BF3E7142203A9149822F091FC2368DC
:102AF0005C689DF849502DB103AB2A4628493846F9
:102B0000A04739E7244BF8E723681B682549384676
:102B1000984731E748461FF0B5FD23685C68224BB3
:102B2000224A002818BF13460093AB682A68204940
:102B30003846A04720E71599484617F08FFBECE789
:102B4000484621F06BFEE8E748461EF0C9FFE4E77F
:102B5000C0130001F81300014C08000160080001D7
:102B6000101400011814000120140001380800019D
:102B7000AC110001401400016C0800014814000170
:102B8000741400019C140001C4140001D814000145
:102B9000A4130001EC140001B0130001041500019E
:102BA000201500013C150001B8130001F0120001CE
:102BB000581500012DE9F04784B005460C46002A5F
:102BC0004AD080464FF00109286C002800F00A81A5
:102BD00005F13C0125F020FD0646002840D0C06BE1
:102BE0000290B6F84030ADF80C302E6402AE0027EB
:102BF0002146286C2AF078FA0546002800F0F68075
:102C0000A062A369597849097B4B1B68002B00F02F
:102C10008480984784F82F004FF4006305F13C024C
:102C20003146204627F0FFF8002F00F08A8020462A
:102C30002CF00AFE0E38B5F85E3080B28342C0F048
:102C4000D780002E00F088802146284628F0D8F84A
:102C5000C043C0F3C010C6E088464FF00209B3E796
:102C6000D5F840A0EF6BB7F1FF3F2ED050462CF0C7
:102C700018FE874229D0BAF1000F03D09AF86530C8
:102C8000032B2AD095F83C302033DBB20F2B2BD905
:102C9000EA6BDAF804305340DAF808100B421ABF36
:102CA000DAF80C20022701270192012302AA01A9C8
:102CB00050461EF0EBFC022800F09C8020F0020041
:102CC00040B2012894D000208DE04FF0FF330293F2
:102CD000ADF80C3002AE01278AE700230293ADF86D
:102CE0000C3002AE012783E701278DF8087000231E
:102CF0008DF809305E238DF80A3095F83D3003F0E9
:102D00007F038DF80B3095F83E308DF80C3095F838
:102D10003F308DF80D3002AE6AE7072928BF072142
:102D200090F8623003FB01F1344B83FB01230B4429
:102D30009810C3F38F0313B10138C0B26AE70020C3
:102D400068E7236A43F010032362012221462846E4
:102D50001EF08CF8012046E0294B1B68EBB1B5F85A
:102D6000585028482CF0F6F927482CF0E3F9014692
:102D700048B380F804904571C0F80880019BC36097
:102D8000204D28462DF044FD28462CF0DDFE236A18
:102D900043F008032362012025E000221B4910466E
:102DA00027F096FA164B18600028D8D12FF052FB66
:102DB000012801D8002016E02FF046FB14491EF030
:102DC000BDF800200FE02FF045FB012804D80D4886
:102DD0002CF0BAFE002006E02FF036FB0D491EF065
:102DE000ADF8F4E7002004B0BDE8F0870020FAE772
:102DF0000020F8E702AEFBE6F06B02209324499234
:102E0000FC6B0220C4690220A86A0220554C020112
:102E1000501C0001801C00012DE9F04F89B0D0F852
:102E2000E0300193D0F8DC300293D0F8D830D0F8FD
:102E3000EC800393054640F6014306900199ADF8F6
:102E40001C3006A81AF0ACF92B46002453F8282FA2
:102E5000C8F800209B88A8F804302B46264653F873
:102E60002E2FC8F806209B88A8F80A30D5F8747170
:102E7000FB68049395F89430B34202D809B0BDE8DA
:102E8000F08FD7F80CA0DFF8F091DAF800306FF38C
:102E90000203CAF80030DAF80030012060F3C403FE
:102EA000CAF80030DAF800304FF0040B6BF3CA13A5
:102EB000CAF80030DAF8002053466BF3CE2243F80C
:102EC000102BD9F800209B1ADAF800209BB263F38C
:102ED000DE32CAF80020DAF80030019A6FF3DF73AF
:102EE000CAF80030B9F80030DAF80410D21A92B2F9
:102EF00062F30F01CAF80410DAF80420A8EB030308
:102F00009BB263F31F42CAF80420DAF8083060F37A
:102F10000103CAF80830DAF8083043EA0B03CAF8AC
:102F20000830019B95F835105A7895F8220028F062
:102F3000BBFBC7F80CA0019B05EB860A0022C7E982
:102F400004343A723A77CAF864703F682318FC6810
:102F50002168052060F3020121602168012060F3EF
:102F6000C401216021686BF3CA11216021686BF3F1
:102F7000CE21216095F8941001398E4274D195F8D4
:102F80004710814204D1D9F8002004998A1A92B2DC
:102F9000216862F3DE312160B9F800200593029BBD
:102FA0006068991A89B261F30F006060039B6168E1
:102FB0009A1A92B262F31F416160A268022161F322
:102FC0000102A260A26842F00402A260A2686FF34C
:102FD0005822A260A268012161F35A62A26095F8AA
:102FE000351095F82200222228F05EFB05223A7265
:102FF000029BFC6000223B617A613A77CAF870401C
:103000002168059B05EB4604C1F3CF31A4F8881075
:10301000CAF87C20A4F88E2003F2371210440EB9AF
:10302000C5F8240195F89420013A964208D195F804
:103030004720012A06BF0F4AC5F82021C5F8200104
:10304000CAF8580095F84720012A03F24D1407D119
:10305000252295F8351095F8220028F025FB044428
:1030600001363F68F6B205E7D9F8001004F1100206
:10307000521A8CE700881300E40200202DE9F04F7B
:103080000D4689B008210446914628F0DBFA8046B7
:10309000002878D104F15C000FF0DCF8032D72D920
:1030A00099F80170023DADB21FFA87FBAB456AD8B3
:1030B00094F84C30F02B09F1020919D120462DF07B
:1030C00057FD4FF482702FF03BFD064600285AD082
:1030D0000523037023888380877105812A4649462A
:1030E0000A302DF0B9FE042130462AF0A1FD4AE055
:1030F000F52B40F0A280B5FBF7F64FF6FF7307FB08
:103100001656ADF80630002E40F08E8028462FF07F
:1031100017FD8046002840F08580B4F84620BDF8B1
:1031200006309A4211D84FF482702FF009FD60B139
:10313000228882800F220270002282710281012285
:1031400080F8FF2004212AF073FDB8F1000F65D14B
:10315000BDF80630B4F846209A426AD901339BB2D2
:10316000A4F84430ADF8083042F6030102230DF113
:103170000D00ADF80A208DF80C302FF0E5FC02A907
:10318000204618F057FB09B0BDE8F08FABF10502FF
:103190000AF1050192B2494402A82FF0D9FC0AF1C4
:1031A000030149440DF106002FF026FA7A1FA16CA5
:1031B00002A82BF06BFE48B908EB06003A4609EB73
:1031C0000A012DF049FE5E44B6B200BFDA441FFA90
:1031D0008AFA0AEB07039D42D8DA002E9DD04FF4FD
:1031E00082702FF0ADFC0546C0B1238883800F2389
:1031F000037087710681324641460A302DF02CFE5D
:10320000B4F84630BDF8062093428CBF002301235A
:1032100085F8FF30042128462AF00AFD40462FF0A9
:1032200091FC95E7B246D4E7B4F84630ADF80630E5
:1032300073E720462DF09CFCA5E7F12BA3D1B5FB4D
:10324000F7F307FB1353002B3AD1E91B49440DF167
:1032500006002FF0D1F9B4F84620BDF80630511E13
:103260008B4234D201339BB2A4F84430ADF808301D
:1032700042F6030102230DF10D00ADF80A208DF88E
:103280000C302FF061FC02A9204618F0D3FA4FF061
:1032900000084FF482702FF053FC064600283FF4DC
:1032A00072AF03230370238883808771058125B162
:1032B0002A4649460A302DF0CFFD86F8FF8012E7F6
:1032C000B4F84630ADF8063045464746C3E700231C
:1032D000636484F84C304FF00108DAE72DE9F043DD
:1032E0000446C3788E4AC06D617CA57A95B004AE61
:1032F000002B63D112688DF82010012192F8009004
:1033000092F80580B2F801E0B0F8E470B0F82CC093
:10331000D0F8E6208DF8221002218DF82150ADF86A
:103320002A708DF823908DF82480ADF825E0ADF853
:1033300027C08DF829100B9200F5C07708ADFA5C14
:10334000595D4A40F2540133102BF8D10CAA314692
:103350006F3011F0B3FBE178231D04F10B0200295B
:1033600040F08A8018689B88ADF824301368CDF847
:1033700026309388ADF82A300B9108900CAB08A941
:1033800010251A7811F8010B013D424015F0FF0598
:1033900003F8012BF5D1E06D10AA0CA96F3011F0E4
:1033A0008DFBE76D102207F5B87110A82BF06EFDAC
:1033B00090B30421204618F05DFB5AE013688DF8A5
:1033C0002110012193F800E093F805C0B3F8012023
:1033D000D0F8E470838DB0F8E8808DF822100221D7
:1033E0008DF82050CDF82370ADF82E30ADF8278041
:1033F0008DF829108DF82AE08DF82BC0ADF82C201F
:10340000002300F5E07708ADFA5C595D4A40F254BC
:103410000133102BF8D199E707F5E07233461068B5
:103420005168ADF8045007F5C07203C310685168C5
:1034300006AB03C307F17F02314607F16F00CDE908
:10344000025511F03BFBE16D20467F3124F084FDF5
:1034500020460BF0A9FFE36D20887F3301AA02A963
:1034600029F043F9E36D2A467F332946204615F0BB
:103470000FFD15B0BDE8F08310689288ADF82420E8
:103480001A689B88ADF82A300023CDF826200B93CC
:1034900008900CAA08AB1025117813F8010B013D18
:1034A000414015F0FF0502F8011BF5D1E06D10AAAF
:1034B0000CA96F3011F002FBE76D102207F5D871EF
:1034C00010A82BF0E3FC00287FF473AF07F5E0723F
:1034D00033461068516807F5C07203C3106851681D
:1034E00006AB03C307F17F02314607F16F0011F00D
:1034F000E5FAE16D20467F3124F02EFDE36D2A468A
:103500007F332946204615F0C3FCE16D204601F5C6
:10351000C07120F032FA20460BF046FFA9E700BF49
:10352000DC02002030B591EA030F00F18280841A9A
:1035300071EB030C05D2121953EB0C03001B71EB5A
:103540000C0140F2000CCFF6E07C1CEA430F52D095
:10355000BCEB410F5FD90C0DA4EB135E5FF0010CC7
:103560006CF31F516CF31F53DEF1200C2AD303FAC6
:103570000CF5401941F1000122FA0EF5401923FA29
:103580000EF5694112FA0CF2CD0208D349085FEA40
:1035900030005FEA320228BF42F001020134013CF0
:1035A0005FEA500C72F1004250F1000051EB0451FF
:1035B0004FF4001313EB410F38BF30BD6FF313010D
:1035C000002030BDBEF1200EBEF1200F1ED223FA26
:1035D0000EF5401941F10001CEF1200C124218BF46
:1035E000012203FA0CF52A43CEE711EA5C0F04BF6F
:1035F0000020002130BD1CEA410F04BF01F0004152
:10360000002030BD01F00041002030BD21F48011C8
:1036100001EB045130BD004218BF41F00101BCEB89
:10362000410F08BF30BD4FF0FE4141F4780100204A
:1036300030BD83F00043841A71EB030E07D28EF085
:10364000004E001B71EB0E01121953EB0E0340F2FA
:10365000000CCFF6E07C1CEA430FC6D0BCEB410F58
:1036600072D90C0DA4EB135EC90241EA5051C0029D
:1036700041F00041DB0243EA5253D20243F00043DF
:10368000DEF1200C41D312FA0CF522FA0EF203FA05
:103690000CF542EA050218BF42F0010223FA0EF3CC
:1036A000801A9941E30AC4F30A0411F0404F03D48D
:1036B00018D0013C40004941013C23D44205C00AD6
:1036C00040EA4150C90A51EAC3715FEA500C72F1F5
:1036D000004250F1000051EB045130BD01002FD0E9
:1036E0000020203C0029F9D0B1FA81FCDCF1200E49
:1036F00011FA0CF130FA0EF510FA0CF02943A4EB94
:103700000C04D9E70020D90730BDAEF1200EBEF180
:10371000200F0DD2CEF1200C03FA0CF533FA0EF384
:103720002A4318BF43F00103C01A61F10001B9E751
:1037300021F00041C00A40EA4150C90A01EB04519E
:1037400030BD0020002130BD004218BF41F0010112
:10375000BCEB410F7FF467AFBCEB430F3FF463AFAB
:1037600030BD7047F8B5037F8C4E022B044622D142
:103770002EF0C8FDD4F8AC307BB92377A36F23F0CB
:103780008053A3670123238433696362B4F86C30E8
:1037900023F49073A4F86C3012E094F86D20920634
:1037A00009D51B7903F03003102B04D100232377B4
:1037B000C4F8AC30E2E7217F0029DFD0022967D0CE
:1037C00020461BF021FBA17E84F8220094F8210002
:1037D00025F0A2FAD4F89830184494F82130C4F8AF
:1037E00098001BB1B4F85230A4F85830E37DD4F8F7
:1037F000CC00012B40F0B5802FF0BEF9D4F8A430F6
:10380000834238BFC01AD4E9262328BF00209A4239
:10381000A36F80F0A380824280F0A080D90040F1A5
:10382000948094F86D2042F0010284F86D2043F0FA
:103830004003A36724F008FB616AF06827F0ECFD01
:10384000F36894F822205A7094F86D3094F86C2044
:10385000F06803F00101C2F38013DB0043EA0113B7
:1038600094F82010D2090B4343EA820303702AF034
:10387000EFF8A36F13F0200108D194F86C2043F007
:10388000200361F3410284F86C20A3670020F8BD97
:10389000D4F8AC2013895589ED1AA36F23F0805317
:1038A000A36794F86D306FF3000384F86D301379DB
:1038B00003F03000102829D112891ABB03F003034A
:1038C000012B1FD084F82010D4F8AC20B4F860107D
:1038D00013890C331344A94263621ED310682EF07F
:1038E000AFFAD4F8AC301B7903F03003102B074645
:1038F0001ED160682EF0A4FA27B3A36F43F0805363
:10390000A3670FE0012384F82030DDE7032384F868
:103910002030204612F0FAF8D6E7A36F43F0805328
:10392000A3670D4684F8215020462EF0D2F847E7D1
:10393000A0682EF085FA94F86D309B06DCD5002F38
:10394000DBD1EFE70028D8D1ECE794F86C20D20661
:103950003FF56DAFA27D012A3FF469AF23F040032C
:1039600067E72FF009F9D4F8A430D4F8A0208342F7
:1039700038BFC01AD4F8983028BF00209342BFF453
:1039800059AF8342BFF456AFA36FDB0042BF94F838
:103990006D3043F0010384F86D304BE798690220E5
:1039A0002DE9F04F95B005461F46D0F81080838A68
:1039B000A8F8583098F84330C17D61F3830388F844
:1039C0004330D8F84440D8F854901646002A00F006
:1039D000E08020887A1E002F00F0DB8033461988B3
:1039E000814200F0D2800833013AB2F1FF3FF6D1B4
:1039F000CFE0D5F810B04FF0000ACDF838A0CDF8E0
:103A000040A0CDF844A0CDF848A0CDF84CA02B881C
:103A1000ADF83C30624B0493624B0593624B0693C6
:103A2000AB680793614B0893614B0993614B0A9311
:103A3000614B0B93614B0C93CDF834B0AB8AADF86E
:103A40003E302FF00AF8ADF840002FF049F8ADF8FD
:103A50004200AB7D8DF84430EB7D8DF8453001237D
:103A6000ADF84630DBF83C001290BBF84030ADF8C2
:103A70004C308DF804A004AB0293CDF80C90A368F1
:103A800001A920889847C8F84C00B0F1FF3F17D033
:103A9000E369032120889847C8F85000B0F1FF3F40
:103AA0007BD10023C8F85030C8F84C302EF0D2FC3F
:103AB00058B12EF0C9FC626841491DF03FFA04E09C
:103AC000C8F84CA02EF0C6FC08B900243CE02EF04B
:103AD000BBFC62683B491DF031FAF6E7314638E03D
:103AE000002136E02EF0B6FC08B901242AE02EF0C1
:103AF000ABFC228834491DF021FA012422E0D8F8D9
:103B00005000F0B1D8F84430DB6C012240F29671DD
:103B10009847044648B198F8433043F0400323F0F7
:103B2000800388F8433000240CE02EF093FC58B159
:103B30002EF08AFCD8F844305A6824491DF0FEF96A
:103B400002E0002484F00104204615B0BDE8F08FA7
:103B500051686368284698470028C3D00C341C4B32
:103B60009C42CCD0002EB9D02388791E002FB7D02C
:103B7000324600BFB2F800C09C45E9D00832013996
:103B8000B1F1FF3FF6D10021E3E7D3F80490C8F884
:103B90005490EB7D012B3FF42CAF0E4CE2E700BFBD
:103BA000E5280401ED280401F5280401CDBD02013A
:103BB000AD920301E9C90301E1FC0201315F030198
:103BC000D01C0001A01C0001F41C0001281D0001F4
:103BD00080060301140603012DE9F04F05468FB05E
:103BE0000F460026BB5DAB550136202EFAD13C4670
:103BF0004FF0000854F82C0FCDF82080616809AB15
:103C0000CDE9068803C3A068E16803C306AA20695A
:103C1000186011463346104629F0CBFB06AA8346AE
:103C20002946284629F0C5FBBA4683445AF8300F86
:103C3000DAF8041009AB03C3DAF80800DAF80C105C
:103C400006AA03C3334611461046CDF8348029F046
:103C5000B0FB5FFA8BFB834406AA2946284629F06D
:103C6000A8FB3B465FFA8BFB834453F8200F01937C
:103C70005968CDF82C800DF11809A9E803003A46DF
:103C80009868C9F8000052F8380F049251680CABDC
:103C9000CDE9098806AA03C333462946284629F0F8
:103CA00088FB5FFA8BFB3A465844C3B252F8240FA4
:103CB000059351680292BB4606AB03C39068C9F8EE
:103CC00000005BF8340FDBF8041009AB03C3DBF82A
:103CD0000800186003937B6B0C933B6A0D9306AA54
:103CE00033462946284629F064FB059B6168CDF8D8
:103CF0002C801844C3B22068059306AB03C33B6A0B
:103D0000A0680C93BB6AC9F800000D9306AA33465D
:103D100029462846CDE9098828F05AFD059BDAF89E
:103D20000410181AC4B2DAF8000006AB03C3DAF8BC
:103D30000800DAF80C1003C37B6A0C93FB6A0D933E
:103D400006AA334629462846CDE90A8828F040FDD0
:103D5000DBF80410019A241ADBF8000006AB03C359
:103D6000DBF808005168C9F80000106809AB03C30C
:103D7000039B906818603B6B0D9306AA3346294657
:103D80002846CDF8308028F023FD049AE4B251682B
:103D9000241A1068029A06AB03C310685168C9F868
:103DA000008009AB03C3039B906818607B6B0D9385
:103DB00006AA334629462846CDF8308028F008FD6B
:103DC000E4B2241A64B244450F4E10DB34B9202209
:103DD000294630462AF035F9012812D020233246F0
:103DE0002946284628F0F4FC241A64B2EEE7202382
:103DF00032462946284629F0DCFA044464B2002CF5
:103E0000F5DB0FB0BDE8F08FF08D02012DE9F04F2A
:103E10009BB00F210E2025F0C1FA064610F0020FCC
:103E200005D116F4807F50D11BB0BDE8F08F814BD7
:103E3000B3F90040542509E07E4B9B88002BF0D05D
:103E400000247C4F28E020462AF077FE204629F007
:103E5000CFFB0028F0D001A920462EF0D0FC9DF821
:103E60000430442BEFD12A46002105A82DF0ACFCEC
:103E700005A9204613F02AFE02220821179825F0F2
:103E800005FBE0E73B6923FA04F212F0010F12D0C0
:103E90000134BB889C42C4D220462AF0ADF90546C5
:103EA0002CF0E0FA0028EDD10122A2403B6923EA80
:103EB00002033B61ECE70122A24013433B61002275
:103EC0000821284625F0E2FAE2E74FF480710E203F
:103ED00025F064FA574B586942685988904706465E
:103EE0000028A1D0534BB3F900701A7A0321384649
:103EF000FBF794F800254F4C63E0484620F0D6FFCE
:103F0000638898426CD30596CDF81C804FF0000A68
:103F1000ADF820A0ADF822300996464BDB690A9334
:103F2000DFF814B105E000BF0AF1010ABAF1070F8A
:103F300061D08DF818A05BF8043F05A898470028C9
:103F400017DB82B2BDF820301344ADF82030BDF845
:103F500022309B1AADF82230099B034409930028B4
:103F6000E2D00D2203F8022C099B0A2203F8012C4F
:103F7000DAE74146484620F0C2FFD8F80430019302
:103F800001AA0121484623F061FDBDF820203146F9
:103F9000484623F053FB484600F0A0FCE38801228A
:103FA0009A40E36823EA0203E360E38801339BB2AB
:103FB000A288934208BF0023E3800135ABB29A4246
:103FC0000ED0E088E368C34013F0010FEDD0B4F9E0
:103FD00000902AF011F980462BF072FC00288CD159
:103FE000002201213846FBF719F8124B5869C368C3
:103FF0003146984718E7BDF82030033BADF8203034
:104000004146484620F07BFFD8F80430019301AACE
:104010000121484623F01AFDBDF82020F11C484636
:1040200023F00CFB034BDB69002BB4D04946404620
:104030009847B0E73868022094FC03012DE9FF4758
:104040008D7804680F7894F8F860012D38D9022D26
:104050003CD094F82530CDE901537F4B00930222E8
:1040600001238F21EC200EF075FD7C4B0093022381
:10407000EC2001971A4692210EF06CFDB80640F133
:10408000A180774F94F803913B689B6998473B6800
:1040900004F5827A09F001098046DB6951464846F9
:1040A00098470546B8F1000F40F0818098B16D4BFC
:1040B0000093022201231821EC200EF04BFD01E0B9
:1040C000002EC6D1002004B0BDE8F08794F8F93086
:1040D000002BBED1F6E74FF4E67105201AF0DAFDA9
:1040E00080460028EED0C4F81C0105683B6828888B
:1040F0001B6A52464946984794F84730063B012BC5
:104100002CD8012385F8B43094F84720072A07D823
:104110000123934013F0130F34D113F0C00F29D1B2
:10412000B21E564256413B6885F8C861D3F88430C8
:10413000D4F81021D4F8D8104046984701212046E1
:1041400029F09AFC002284F81621227B012384F8AE
:104150001431002AB6D0A4F81731B3E7D4F8DC3014
:104160001B78990604D50E202BF0B8FF0028C8D183
:104170000023C7E794F82430022B08D0032B09D082
:10418000012BCDD141F21113A5F81930C8E741F246
:104190001223F9E721236B7694F83630012B0CBFFC
:1041A00022232323AB7694F83630EB76B8E72E4BF8
:1041B0000093022201231721EC200EF0CBFC002DEE
:1041C00080D074E77B060AD50121204629F054FCF3
:1041D000012384F814313C2384F8163172E7237BE1
:1041E000C3B194F84920AAB194F8FB3093B98DB9C2
:1041F000022E0FD094F848300133DBB29A4284F893
:10420000483007D80121204629F036FC44F201331A
:10421000A4F8173194F84770012F08D13946204689
:1042200029F02AFC3C2384F8147184F81631022EFC
:104230007FF448AFD4F86C314BB1012D7FF442AF1D
:1042400084F815512946204629F016FC3AE7012149
:1042500084F81511F7E700BF4069030159690301AC
:10426000386D022065690301756903012DE9F0418C
:1042700086B0844B0190064600930222012313214D
:10428000EC200EF067FC012E09D97F4F3868F02131
:1042900004302EF0CFF9054630B90C2440E02DF063
:1042A000B7FD0028F1D0F8E706B3032E2BD121F09B
:1042B000DFFA044621F01CFC1BF0F4F817F0FCFFB9
:1042C000204310F0FF0F40F0DA8095F84730012BC3
:1042D000E3D06C7E012C19D128462DF069FDF0B198
:1042E00095F8F830002B4FD0032E54D03868F021C9
:1042F00004302EF09FF90446032E00F2AE80DFE872
:1043000006F04E5A83B3012EDFD8E2E7ACB921465E
:1043100004A82BF0CFF89DF81030002BE0D0122429
:104320005A4B0093019401230022FF21EC200EF050
:1043300011FC204606B0BDE8F081A31E012BCFD8AA
:10434000AA7E9DF8103062F300038DF810302B46E2
:104350004FF0000853F81B2FCDF811209B888DF8E3
:104360000E800DF10E0104A8ADF8153020F0F6FC1A
:104370000028B5D0022CAFD141460DF10F002BF033
:1043800099F89DF80F30C8E7284604F033FF04463B
:104390000028A9D0C4E7284621F092FAA6E794F8AD
:1043A000F810012902D1204629F066FB01202DF0EA
:1043B0001FFD0024BDE794F8F850002DF6D101212F
:1043C000084619F045FF94F84710204608F066F8B3
:1043D00094F847302E4A012B1EBF636905F2712500
:1043E0005D4342F21073C4F83431002101232046AA
:1043F000C4F8305184F8F830217315F07BFFD4F8FD
:10440000680109F063FFD1E794F84710204608F0EF
:1044100045F865692EF02CF94FF4C8635843B0FB9A
:10442000F5F02EF037F92BF067FE20461BF036FF33
:1044300021F086FB1CF076FB1AF034FB00210223EE
:104440002046C4F8301184F8F8302173104A15F072
:1044500051FFD4F8680109F039FF00202DF0C8FCA5
:1044600000202DF0CDFCA4E72AF016FA08B12BF0BD
:1044700043FE94F84710204608F010F8DEE71E24AB
:104480004EE700BF0A0304012802002050DF0301A9
:1044900045DE00012DE9F04387B005464668022954
:1044A00006DC6D4B1B686BB10027DFF80882B3E0B8
:1044B00003681B686949304698472B681B68684940
:1044C0003046984707B0BDE8F08320462EF01AFA30
:1044D00002462B685B6863493046984720462BF0BC
:1044E000B4FF0590142269460DEB020020F090FF06
:1044F0002B685B686A465C493046984720462BF03B
:1045000085FB0590142269460DEB020020F080FF28
:104510002B685B686A4655493046984720462CF020
:104520008FF90590142269460DEB020020F070FF10
:104530002B685B686A464E493046984720462CF007
:104540008BF90590142269460DEB020020F060FF04
:104550002B685B686A4647493046984720462CF0EE
:1045600087F90590142269460DEB020020F050FFF8
:104570002B685B686A4640493046984720462EF0D3
:10458000D1F91422694623F0A5FA2B685B686A46C4
:104590003A4930469847204629F006F9A0B92B68D9
:1045A0005B68374A3749304698472B68D3F8049000
:1045B000204624F04DFF344A344B002818BF1A46D9
:1045C00033493046C84705E02B685B68314A2D49BE
:1045D000304698472B68D3F8049020462BF024FBF4
:1045E0002D4A2E4B002818BF1A462D493046C84781
:1045F0002B68D3F8049020462BF034FF294A2A4B2D
:10460000002818BF1A4629493046C8470137124BBF
:104610001B68BB427FF656AF384629F0EDFD0446D5
:104620001422694625F01CFE2B68D3F8049020461E
:104630002DF0CEFE03466A4641463046C847204626
:104640002CF022F900287FF440AF2B681B68184932
:1046500030469847DAE700BFBC6B02200C16000119
:10466000201600017016000194160001A816000122
:10467000B4160001C4160001D0160001DC160001BA
:104680002017000134170001B0070001A007000146
:10469000F016000140170001F8150001F4150001A3
:1046A0000017000100160001041600011017000198
:1046B0005C160001301600012DE9F84F0F21032090
:1046C00024F06CFE10F0010F01D1BDE8F88F032635
:1046D000BAE028462BF0B8F8814500F2DE80D5F824
:1046E0002890B9F1000F00F0E78099F8423013F0FC
:1046F000400F02D16FF01301A2E0FB68B3F1FF3F5E
:1047000000F0CE80D9F80810D9F8042062EA01023E
:10471000934200F0C880D7F810A0BAF1000F00F063
:10472000C58097F810B0FB885BBAC3F30D03002B6C
:1047300040F0BF802B6A13F4807F21D0D9F8042089
:10474000D9F8083002EA03018A4510D0BAF1FF3FD8
:1047500041D062EA03039A453DD00BF0F00BBBF168
:10476000E00F38D0594B9A4535D0924533D0584A4E
:10477000136811688B42FBD163B96FF013015FE0DE
:104780000022214638461CF009FB0028D6D06FF0E5
:10479000090155E0DFF83C8140462AF0DBFCD8F8FF
:1047A0000080B8F1000F08D14A482BF0CDF9E4E7BA
:1047B000D8F80080B8F1000FF6D098F80830002B38
:1047C000F6D0D8F804302146284698470028EFD084
:1047D00040482BF0B9F9AB691A78920002F03C021C
:1047E0009918E96128698189891A8181598849BAAA
:1047F0005980891AA985DC8864BADC80C4F30D0469
:104800005B7A062B5BD0112B5CD0012B02D06FF0B2
:104810000E0115E04FF0060840F6DA322E49B4FAE0
:1048200084F0400929F0D6FC74B90122294640469B
:1048300022F0AAFA6FF00E0130B901E06FF00D011D
:104840003246284628F0D0F8304628F051F905467F
:1048500000283FF43AAFAF693B7803F0F003402BF8
:10486000ECD13C78A40004F03C04132C0FD92B6944
:104870009B89A3420ED3B7F8029099FA99F91FFACF
:1048800089F94C457FF625AF6FF00D01D8E76FF041
:104890000D01D5E76FF00D01D2E76FF00D01CFE705
:1048A0006FF00A01CCE76FF00A01C9E76FF00B0166
:1048B000C6E76FF00D01C3E76FF01301C0E74FF0DB
:1048C0000A08A9E74FF00908A6E700BF7F0000012A
:1048D000F46B0220B0690220140404012DE9F043B6
:1048E00085B028F05DFE002800F0028105462AF020
:1048F0009CFF002800F0018195F83D3013F0020F75
:1049000040F09280AC682B68E41AA4B2002C00F04E
:10491000F08095F85C30012B18BF002440F0E9804E
:104920006B69002B00F0E08095F83C3095F93C2055
:10493000002A01DA6A6A92B9C3F3801305F11802FA
:1049400005F11401686A21F073F96862002800F02B
:10495000CD8095F83C3043F0C00385F83C3095F8A5
:104960003C3003F00303022B62D0EE68AB69B36303
:104970006B69F3636B6A3364F76995F83D3013F044
:10498000020F5AD006F14808B6F85440082332699D
:1049900091890B44938104F108031FFA83F96A8D0E
:1049A00052BA3A802A8D52BA7A805BBABB80002311
:1049B000FB806B6A93F8603013F0020F47D096F8D3
:1049C0003C3003F0F003E02B70D095F85E308DF8AA
:1049D000013095F83F30C3F305028DF80020C3F392
:1049E00080138DF802306B464A461121304604F0A0
:1049F000B9F900233360B38630462DF0D7FC002888
:104A000077D1336900229A8195F83D3013F0020F77
:104A100019BF1346A6F854302B68AB60336A23F0F5
:104A200008033362002464E0EB68B3F854406DE798
:104A3000686A2AF036FF686197E7AB682A689B1AB4
:104A40009CB204F108039BB24FF000089FE7B36BE0
:104A50000193F36B029300228DF80C2011238DF843
:104A60000D30BB88ADF80E300C2101A81CF096F972
:104A7000C3439AB295F83D3013F0020F0FD00821CE
:104A800038461CF08BF9C24392B22146D8F8080090
:104A90001CF084F9C3439BB2DB43FB808FE749469C
:104AA00038461CF07BF9C3439BB2F5E795F85E30BE
:104AB000012B38BF01238DF8013095F83F30C3F347
:104AC00005028DF80020C3F380138DF802306B4689
:104AD0004A461121304604F045F90023336095F829
:104AE0003E30C3F3800386E7002402E0002400E0A8
:104AF0000024204605B0BDE8F0830024F9E77047A4
:104B00002DE9F041D4B004460D4617469846814B36
:104B1000B3F90060304620F0C9F9B0F5967FC0F0D7
:104B200091802946304620F0EAF9002201213046E2
:104B3000FAF774FA18F0010F03D1236B002B40F041
:104B400086802A46012130461EF012FA18F0020F24
:104B50000CBF6B680023539353AA0121304622F007
:104B600075FF27F00803012B00F08D80032F75D00F
:104B7000292200210DF117002CF026FE01238DF8CB
:104B800014308DF8153006238DF81630A36C06937B
:104B9000072F01D1636B0893002D00F0968005F17B
:104BA0003C0318680C909B88ADF834302C2205A982
:104BB000304622F043FDC0242246002105A82CF0F7
:104BC00003FE224605A9304622F038FD4FF49C72C0
:104BD000002105A82CF0F8FD4F4B059306AB01937F
:104BE000304620F063F904380290042303930497BD
:104BF0004A4C04F11C0700BF54F8043F01A92846A1
:104C00009847002863DB029B1B1A0293039B034413
:104C10000393019B03440193BC42EDD1039BEC330E
:104C2000B3F5967F01D240230393BDF80C2005A96C
:104C3000304622F003FD3046FFF750FE012054B00D
:104C4000BDE8F0813046FFF749FE0020F7E704F1A8
:104C500030020121304621F029FE77E7B4F85C30BC
:104C6000022B3BD0292200210DF117002CF0ACFDC6
:104C700001238DF814308DF8153006238DF8163089
:104C8000A36C069388E794F96030002B19DA94F846
:104C9000603023F0040384F86030292200210DF1F4
:104CA00017002CF091FD01238DF814308DF815308C
:104CB00006238DF81630A36C0693092F7FF46CAF92
:104CC00068E72CF0F9F8A064E1E72B4669E70022D9
:104CD0001146304625F08AF80020B0E794F960309C
:104CE000002BEEDA94F8603023F0040384F860308F
:104CF000292200210DF117002CF066FD01238DF80B
:104D000014308DF8153006238DF81630A36C0693F9
:104D100042E700BF8E6D02206382536378FC03017B
:104D2000F0B5046889B0054616462AF08DF8A36FE1
:104D300059020ED523F088F8A36F23F48003A367EC
:104D400028F086FE16B1304626F0C6F9002009B0DC
:104D5000F0BDE17F19B1B4F85230A4F8583094F89E
:104D60006C7017F001073DD10027E26F930740F107
:104D7000858094F8E23022F00302082BE26701D02C
:104D8000032B03D1D4F8B431002B73D1D4F8B8314C
:104D900000219889A4F854005889B4F850C084457B
:104DA00011D1B4F852E0B3F810C0E6450BD1B4F815
:104DB0003EE0B3F812C0E64505D1B4F83CE0B3F8E4
:104DC0000EC0E64558D0A4F85000198AA4F8521035
:104DD000588AE087DB89A387A4F8581042F00402C0
:104DE000E2674BE00029BFD0A37F002BBCD0204658
:104DF0002CF026F80028B7D0E37FD4F8C421C4F8FB
:104E0000D050834214BF0823002384F8D830A37FF6
:104E1000C4F8D420032B84F8D90084F8DA3017D1F1
:104E20001378022B07D123F00FF8A36F43F0004350
:104E3000A36728F00DFED4F8D4301B78112B01D0D5
:104E4000072B05D1E36F9A0744BF23F00303E36701
:104E50002246039552F8D00F516804AB03C3906803
:104E6000D168142203C3009603AB314901201FF01F
:104E700004FB7AE701218CE70029AFD1002F3DD157
:104E800016B1304626F028F92AF024FC94F92C308B
:104E900084F82B00002B3FD1C300E38584F82C005D
:104EA000D4F84431002B3FF451AF94F8E22092B98A
:104EB00094F8E420213A012A0DD91A7C16070AD465
:104EC000B3F81530B4F85C209B1A1BB2002B02DC3F
:104ED000284612F08BFAD4F844311A7C50067FF53C
:104EE00035AFD3F82220137A99067FF52FAF6FF3F1
:104EF0004513137228460DF0F5FF27E794F82800B4
:104F00000128C1D1022384F82830042203AB0949C7
:104F100003951CF0EEFBB7E7B4F92E30A3EBE303E7
:104F200003441BB2E385DB1084F82C30B8E700BFE4
:104F30006004010101060101F0B581EA030E0EF0E3
:104F4000004E40F20007CFF6E07717EA41051EBF9A
:104F500095EA070F17EA430494EA070F00F0C580AB
:104F60006D0DA5EB545707F580674FF0004646EAF4
:104F7000C12444EA5054C00246EAC32343EA5253D0
:104F8000D202801A9C4104D20018644180185C410E
:104F9000013F5B084FEA32020025002140F001008A
:104FA0004FF0070604E0801A9C4136D3404164412B
:104FB000801A9C4136D340416441801A9C4136D3CB
:104FC00040416441801A9C4136D340416441801A7B
:104FD0009C4136D340416441013E17D0801A9C4128
:104FE00036D340416441801A9C4136D340416441EC
:104FF000801A9C4136D340416441090201EB15619E
:1050000090EA052520F0FF004540CCE7801A9C413E
:1050100056D335E080185C41C8D20018644180182E
:105020005C41C8D20018644180185C41C8D20018A5
:10503000644180185C41C8D20018644180185C410A
:10504000C8D200186441013E17D080185C41C8D214
:105050000018644180185C41C8D20018644180186F
:105060005C41C8D200186441090201EB156190EA65
:10507000052520F0FF004540CCE780185C411FD398
:10508000420918BF44F00104490101EBD56100F069
:105090001F0000EB451021F4801141EA0E010130A0
:1050A00041F10001244208BF20F00100B7F5006F74
:1050B0003EDA013F49DD01EB0751BDE8F0407047A2
:1050C000490101EBD56100F01F0000EB451021F410
:1050D000801141EA0E01B7F5006F29DA013F34DD96
:1050E00001EB0751BDE8F0407047004218BF41F0A6
:1050F0000101124218BF43F00103B7EB410F2CBF6F
:10510000B7EB430F1CE0B7EB410F04BFB7EB430F06
:1051100016E017EA410F04BF17EA430F10E017EA41
:10512000410F12D017EA430F02D0B7EB430F0CD058
:105130004EF0FE4141F470010020BDE8F0407047A0
:105140004FF0FE4141F47801F6E77146F4E70200C2
:105150002DE9F8430646837D032B11D00D46774B8E
:105160001B68DBB1306990F8423013F0080F40F053
:10517000D580724A1368013313600120BDE8F883BB
:10518000006990F8423013F0080F01D10120F5E7D3
:10519000002211461EF0A4FC0120EFE72822002186
:1051A00067482CF011FB002D00F0BD802B7C022BFA
:1051B00000F0BB80B068624B18616B6803EB43037F
:1051C0001C0128344368214698478046002800F097
:1051D000AE80224600212CF0F7FA08F12803C8F827
:1051E0000030C8F804803023C8F808306B68C8F86D
:1051F0000C300123C8F81030524BC8F81430524B11
:10520000C8F81830514BC8F81C30514BC8F8203042
:10521000404628F0CDFF4A4BC3F800804FF6FF729E
:105220009A84AA685A61B5F80C90A3F82090EA898C
:105230005A84297C197609F1100909EB82094FEA91
:1052400089096B68002B2ED0002709E03C481FF02D
:105250007FFE002092E7206201376B68BB4222D9B3
:10526000394640462CF04BFB0446354B18694368E1
:105270004946984760600028E8D0002222622261F7
:1052800062612F4A128C22B120612D4A128C00EBF0
:1052900082002B4A528C002ADDD06061284A528C51
:1052A00000EB0210D7E7C8222A490F201FF00EFAA0
:1052B000234BD86090B1B3F92430B3F1FF3F03D052
:1052C000254B1F4A1A604DE7002235211C4B187EE2
:1052D0002DF090FA0446B0F1FF3F04D1184827F0B2
:1052E0001EF900204AE753212DF0F4FA522805D880
:1052F000532205212046F9F791FED0B10022022168
:105300002046F9F78BFE0023144A4FF480712046A3
:1053100022F0FDFF68B10A4B9C84D1E700221146C0
:105320001EF0DEFB25E7002028E7002026E700200E
:1053300024E7204626F02AFBD0E700BF406C02207D
:105340001068022035F20301515503013322040194
:105350003DD103012DFC0101446C0220C70F040163
:10536000F7B54388032B044605D00821204616F0E4
:1053700081FB03B0F0BDC06D0191E43001A92CF0B8
:1053800089FFE06D01A9E5302CF084FFE06D01A9F3
:10539000E6302CF07FFFE06D01A9E7302CF07AFFBA
:1053A000E06D01A9E8302CF075FFE06D01A9E9304E
:1053B0002CF070FF94F85520E36D3AB194F8541036
:1053C00093F8E620914201D00521CFE7002284F82E
:1053D000552093F8E72084F8522093F8E620D00770
:1053E00004D55D4A12685278D10701D401225A715E
:1053F000E26D92F8E730073B092B01D90621B5E7AA
:1054000092F8E630544D13F0080F2B6803D19B79C6
:1054100023B10321AAE75B78C3F3C00384F85730B4
:10542000204618F08BF804F1600722F01FFA4B4970
:10543000384609F04BFBE66D737813F1FF3218BF65
:10544000012284F8562094F85720002A4DD0012BD1
:1054500007D096F8E7300F2B03D838460CF0FAFE49
:10546000CCE794F8533083B9022027F067FD002879
:1054700037D12B68DA789AB13949402204F1120009
:105480002BF0EAFC022384F8533020461DF088FC00
:1054900004F11201204622F0C6F90A23A37068E73E
:1054A0007278032A06D1996821B191F850300BB176
:1054B0004022E3E72B482CF0FBFC064600287FF453
:1054C00054AF2868022384F8533010300CF0C2FE29
:1054D0002B6883F828609B680BB183F85060092320
:1054E000DCE7012384F85330F9E720461DF058FC2F
:1054F000E36D93F8E920D2075CBF01225A71E16D98
:105500004B78012B0AD120466F3105F045FCE16D47
:10551000204601F5D8711CF03BFE2AE7022B13D17F
:105520002B681B78022B03D1204621F045FF20E792
:10553000042B05D191F8E430022B01D0042BF3D1D8
:10554000204629F03DFC14E7032B7FF412AF2046E0
:1055500029F047FC0DE700BFDC020020A064D10168
:10556000188C0301258003012DE9F04190F8E23009
:10557000062B92B0044640F0EA8000210CF05EF861
:10558000D4F84431D87D2CF089F8D4F8443193F91B
:105590001B20197C003218BF012262F30411197418
:1055A000D4F84421137C5907054621D56FF38203B3
:1055B000137441F22103ADF800302388ADF80630B2
:1055C00002238DF80830431C8DF809300022D4F8EE
:1055D00044318DF80420197F8DF80A109B7E8DF8D8
:1055E0000C20C3F3010368468DF80B3025F02AFE2A
:1055F000D4F8443193F91C207E2A00F08C807F2A55
:1056000000F099802B441A71D4F844315A199B7ECA
:105610001373D4F844311A7C02F01202122A1FD1FB
:1056200041F22102ADF8002000228DF804202288EA
:10563000ADF8062001228DF80820AA188DF809205F
:105640005A1992F904108DF80A10127BC2F3010264
:105650008DF80B20DB7E8DF80C30684625F0F2FDCE
:10566000D4F844315B7F013BDBB2FD2B53D8294694
:1056700020462BF00DFBD4F84421537FC7B2FB1A10
:105680005355D4F844612E4480460121304624F01D
:10569000F9FA3072D4F844215357434517D0DB1B35
:1056A00082F82030D4F844315A192946127ADA7730
:1056B000D4F844210123AB4093772046D4F84461C9
:1056C0002BF0E6FA86F82100204627F0DFFDD4F81B
:1056D00044311A7CD2071ED541F22102ADF80020D8
:1056E00000228DF804208DF808202188ADF80610DE
:1056F0006A1C8DF809205A578DF80A205A196846F5
:10570000127AC2F301028DF80B205B5DDB1B8DF872
:105710000C3025F097FDD4F844311B7C1B071AD5BB
:105720000A200FF065F9C4F8B40120462CF080F986
:1057300012B0BDE8F0814FF48153ADF800302388FA
:10574000ADF804304FF6FF73ADF8063085E724213D
:1057500029F0D0FAECE70120EAE7130008B54FF092
:10576000884200BFD2F8203113F4007FFAD06B4B8F
:1057700027225A8042F278021A805A6842F4801234
:105780005A601A46536813F4801FFBD1644B1B68A0
:1057900003F47043B3F5805F40F0A380614A536A1D
:1057A00013F0010FFBD04FF088430022C3F8D02044
:1057B0005D4AC3F8D02002F12B42A2F54B12A2F6AB
:1057C000AB42C3F8D02003F520634FF400721A6097
:1057D00001229A601A46136813F0010FFBD1534A55
:1057E000B2F8BA349BB243F00203A2F8BA34B2F86A
:1057F000BA3403F0FD03A2F8BA344FF08843D3F86B
:10580000202122F07F42C3F820211A6D42F040523D
:1058100042F00C021A654349CA6822F07E0242F047
:105820000402CA600022C3F8D0203F4AC3F8D02047
:1058300002F12B42A2F54B12A2F6AB42C3F8D020E4
:1058400003F520633A4A1A620A46536A03F00303D7
:10585000032BFAD1324B374A1A6001229A601A465A
:10586000136813F0010FFBD12D4A48F20903C2F867
:10587000803140F20123C2F8A0304FF40043C2F857
:10588000A8304FF088434FF41041C3F88010002136
:10589000C3F890104FF01060C3F8A00040F6091054
:1058A000C3F8B0002448C3F8E000C3F8F01023495F
:1058B000C3F800111B49486840F0100048600868B0
:1058C00040F088700860082111631D49116410219F
:1058D00011654FF480229A604FF03332C3F8D02024
:1058E00008BD0E4B2E225A8044F228321A805A6884
:1058F00042F480125A601A46536813F4801FFBD199
:10590000104B186820F49F7020F001004FF4704392
:10591000D3F8D03240F48A7098473FE70030014115
:10592000000A004400400141556699AA0020014147
:10593000080101C001012000E0070120FEFA730DFB
:1059400082B14410002401442DE9F04F93B0044685
:1059500000223F211DF08AFF0021204628F067FA2F
:105960003F2120461DF07AFA00223F2120461DF0FB
:105970007DFF3F2120461DF071FA00236365A4F8E6
:105980004E30A4F84C30A4F85230A4F85030D4F87B
:10599000A8502069B0F1FF3F04D0AB6998474FF0A1
:1059A000FF332361E068B0F1FF3F04D0AB68984754
:1059B0004FF0FF33E3606FF00101204616F0A8FEC0
:1059C00094F89C30002B42D00027B8464FF0440991
:1059D00004F1600633E0042130469847C5B1636A9C
:1059E0002946E0699847636B13B103213046984715
:1059F0000DA82AF07FF80546636B002BEBD1EDE78D
:105A00000421304698478DB1636A2946E06998477A
:105A1000636B13B10321304698470AA82AF06AF84D
:105A20000546636B002BEBD1EDE700BF08F10108E1
:105A3000443794F89C205FFA88F39A4207D9D4F847
:105A40008C104A46394401A82BF006FACBE794F8AB
:105A50009C30002B5DD00027B946B8464FF0440A71
:105A60002CE095B1E36A28469847636B13B1052192
:105A70003046984703A82AF03DF80546636B002B93
:105A8000EFD0062130469847EBE7D4F89830DB5B3F
:105A900000258BBB019921B1636AE0699847002317
:105AA0000193BFF35F8F08F1010809F1440914372E
:105AB00094F89C205FFA88F39A422AD9D4F88C1083
:105AC0005246494401A82BF0C7F904F15C06CCE723
:105AD0000023ADF84030019A42F80B30029A42F8A8
:105AE0003630029A02EBC60253600135EDB2D4F8AB
:105AF0009830DB5BAB42CDD9019B002BF5D02E4615
:105B00004FEA850B53F825000028E1D0E36A984757
:105B1000DEE7636B1BB1022104F1600098470023AC
:105B20002375A36113B0BDE8F08F00BF30B585B019
:105B300000230293ADF8043090F85230012B044654
:105B400001A902A82AD126F069FA029AA36DB4F835
:105B500054101A44BDF804300B449BB240F2E141AA
:105B60008B42C2F31602029285BFA3F2E2430132D6
:105B7000ADF80430ADF8043088BF029261786269F4
:105B800011F004054BD19442D0693BD053785B07A8
:105B900007D441F04001617005B030BD26F03EFAF7
:105BA000ECE7A26E02F59C735B0040F27122B3FB3E
:105BB000F2F30344C3F3160365F34511E361617027
:105BC000514ABDF804001168029A9B1A91F84022CC
:105BD00002F58E7240F27125C3F316036B4331F860
:105BE00012504FF4005105EB900594F85000C5EBAE
:105BF000530527F0CDFF6464294604F1380008F00E
:105C000065FFC9E7A26E02F59C735B0040F271224A
:105C1000B3FBF2F30344C3F31603E361D0E794420A
:105C2000E369029AA3EB0203C3F3160340F2712265
:105C300002FB03F31CBF6FF345116170012B4FEAA8
:105C4000530584BFBDF80430A5EB93052E4B1A68AD
:105C500092F8403203F58E7332F8133003F271225A
:105C6000AA4217D9A06828B1837843F0080383704B
:105C700014F0D8FB4FF4002194F8500027F088FF6F
:105C8000204628F075FE0022214694F850002CF0A2
:105C90000CFF81E7ED1A94F852306464012B0DF18A
:105CA000060103A82CD126F0B9F9039AA36DB4F824
:105CB00054101A44BDF806300B449BB240F2E14147
:105CC0008B42C2F31602039285BFA3F2E243013274
:105CD000ADF80630ADF8063088BF0392DDE9022347
:105CE0009A4204D1BDF80630B3F5966F01D3A5F5FD
:105CF0009C754FF4005194F8500027F049FF7BE762
:105D000026F08CF9EAE700BFCC0200202DE9F0472D
:105D10000746837D032B38D00D466C4BDB681BBBDD
:105D2000002900F0CE800A79684B1A7404885B68F9
:105D300033B11AB9654B1B68A34201D013F088FF39
:105D4000B868624B98601C60AA685A63EA689A63F4
:105D50002A69DA636A691A642A6AA3F844206A6ABB
:105D6000A3F846205B6803B3584C656838692CF08B
:105D700052FA237C002B40F09D80544AD3680133B3
:105D8000D36001242046BDE8F087504B1C7C0CB941
:105D90000124F7E75D6800692CF03DFA00EBC000D4
:105DA00005EBC00028F05EFAECE783684822214644
:105DB0009847464B5860002800F085802B6803EB1D
:105DC000430A4FEACA0A0AF1280A404B1B68002B13
:105DD0004BD000F12C064FF0000900BFA6F12C08B3
:105DE0003A4B98684368514698470446002855D076
:105DF00000F128030360C0F80480182383602B6837
:105E0000C36001230361324B4361324B8361324BE8
:105E1000C361324B036228F0CBF946F82C4CA6F153
:105E2000280028F09BFE00283CD0A6F1140028F0A2
:105E300095FE002836D0304628F090FE002831D05C
:105E400056F82C3CDB68AA6902FB03F36333244A4F
:105E5000A2FB03235B097361EB69B36109F10109DB
:105E600048361A4B1B684B45B8D828F0E9F9174C4F
:105E7000A0644FF4FA621B4902201EF027FCE06187
:105E800004F120002CF03AFDA36C7BB1E3696BB107
:105E900060B10E4B00229A615A6165E713F0D8FE9B
:105EA00000246FE713F0D4FE00246BE713F0D0FE5C
:105EB000002467E700EBC00005EBC00028F0D2F932
:105EC0005BE700245EE700245CE700BF2866022051
:105ED000E90804014DBA0301012404016D2A0401FB
:105EE0001F85EB517D1401012DE9F04F1646A1B03D
:105EF000102281460C460DEB0200002198462BF043
:105F000063FC30462CF01CFE074600287ED0A31907
:105F1000421EA3427DD118AD1022002128462BF04D
:105F200053FC0DF1500A102200211CA82BF04CFC50
:105F300087231022002150468DF87F302BF044FC3F
:105F400010AA514648460EF0B9FD0CAC10AA002329
:105F5000D17B19550133102B02F1FF32F8D19DF995
:105F60003030002B5ADB04A920462AF02BF89DF98B
:105F70001030002B5CDB08A904A82AF023F806F1F6
:105F80000F00000906F00F065CD01FFA80FB002E00
:105F90005AD100F18050013810AA04A907EB001073
:105FA0002BF022FB1022002168462BF00DFC00266E
:105FB0000BF1FF339E42224665D310A968462BF0B1
:105FC00013FB0023E27BEA540133102B04F1FF346E
:105FD000F8D11CAA294648460EF070FD1CAB0022E1
:105FE000D97B0DF802100132102A03F1FF33F7D1EB
:105FF0000DF10F02002300BF12F8011908F8031079
:106000000133102BF8D138462CF09CFD21B0BDE8AF
:10601000F08F13F8011D02F8011F7AE72946204688
:1060200029F0D0FF04AA1CA928462BF0DDFA9EE730
:10603000294604A829F0C6FF08AA1CA928462BF067
:10604000D3FA9CE74FF0010B0BF18053013B1A018F
:106050000023B6B2194680201FFA83FC66450CD98E
:1060600007EB020C1CF803C00AF803C00133102B25
:10607000F2D110AA08A9504692E70CBF0AF8030013
:106080000AF80310F2E707EB061168462BF0ACFAAA
:106090000023D17BE9540133102B02F1FF32F8D1F8
:1060A0001CAA294648460EF009FD1CAA0023D17BF4
:1060B0000DF803100133102B02F1FF32F7D1013636
:1060C000B6B275E72DE9F04395B00F211E2023F0FD
:1060D00065F910F0020F06D0624B1A78A2F108039E
:1060E000DBB2012B02D915B0BDE8F083082A1CD021
:1060F000002211465C4829F0B3FD044627F0A4FBBA
:106100005A4B1B68C31A5A4A1268B3FBF2F31D2B91
:1061100029D9584B1B681B685B685749574A106858
:106120009847504B00221A70DDE7554B19784E48BE
:106130002CF074FB0346C2B2022A0CD94D4A1268F5
:1061400012685468484A4F494C480068A047454B7C
:1061500000221A70C7E7434B09221A7027F074FB1C
:10616000424B1860BFE7012CBDD0002C0DDA414B2B
:106170001B681B685D6823463B4A42493F480068EC
:10618000A847384B00221A70ADE700223E4B196831
:106190001E2026F097FC334B00221A70354B1B68EB
:1061A0001B681B683949354A106898472E4C0121F5
:1061B00020461CF007FA8046022120461CF002FA15
:1061C000814658EA000309D12A4B1B681B685B68AB
:1061D00022462F4929480068984784E700252E4623
:1061E0001DE000230493204C012304AA31462046DD
:1061F0002BF0FEFC1F4B1B681B689DF813200292BE
:106200009DF8122001929DF8112000925F689DF880
:10621000103022461F4919480068B8470136B0457A
:10622000DFD8A9457FF65FAF0F4F012305AA2946A6
:1062300038462BF0E5FC2C242246002109A82BF03F
:10624000C3FA224609A905A813F070FF094B1B6881
:106250001B685C6809AB3A460F49084F3868A0478D
:106260000135DCE7F9660220B8660220A06B022047
:10627000A86B0220B46B022074170001A46B0220EB
:106280005373022048170001B06B022094170001DD
:10629000C0170001DC170001001800012DE9F843C8
:1062A00007460D4698469600304607F08FFC0028BA
:1062B00000F098808146542007F088FC04460028AE
:1062C00000F08D80542200212BF07EFAC4F830902B
:1062D0003246A52148462BF077FA043E236B1E4434
:1062E00026F0070685B105F1FF3C04F1330E05F1F8
:1062F0000F0300BF1CF8015F0EF8015F0DB19C4554
:10630000F8D1002384F84330089B042B28BF0423D2
:106310009946E3626364251D28462CF0AEFB04F128
:1063200018002CF0AAFB2461C9F10503A361646283
:1063300042463946304626F049FC2060099B03B1AD
:106340001C6028F0F7FF3E4A1368013313603D4B91
:106350001B68002B4AD03C4B1B683BB9394B1B6870
:10636000DA6AE36A9A429CBF364B1C60374A13686C
:1063700001331360E36A3649086801229A400243F8
:106380000A60344A03EB830302EB83035B68A36078
:106390009968E1604D609D60E36A03EB830102EB65
:1063A0008100606152F82130013342F821302BF036
:1063B00085F8254B1B68002B3DD0224B1B68DA6A01
:1063C000E36A9A4239D24FF0E0234FF08052C3F88B
:1063D000042DBFF34F8FBFF36F8F012004E04846B9
:1063E00012F0CAF84FF0FF30BDE8F883154B1C607F
:1063F000134B1B68012BB9D1164E06F164073046CA
:106400002AF03AFE1436BE42F9D1134F38462AF02C
:1064100033FE124E30462AF02FFE11482AF02CFE91
:1064200010482AF029FE10482AF026FE0F4B1F6064
:106430000F4B1E609AE70120D6E70120D4E700BF8A
:10644000D06C0220E06C0220C46C0220B46C0220EC
:10645000C86C0220C46402203C6A0220286A022020
:10646000146A0220006A0220EC690220DC6C02201F
:10647000D86C022070B5C56D86B00446002D00F0C2
:10648000DB8095F82E30DE0722D511202CF00AFB98
:106490000646E8B100F11003062104A804932CF08D
:1064A000B1F82B46049953F8A02F0A605A684A6045
:1064B0009A688A60DA68CA6006230093324600232D
:1064C0001121208825F0A5F810B130462CF028FBCA
:1064D000E56D95F82E30980721D50B202CF0E2FAC7
:1064E0000646E0B100F11003072104A804932CF044
:1064F00089F8049BB5F8B0201A80049A55F8B23F89
:1065000013606B68536006230093324600230B210F
:10651000208825F07EF810B130462CF001FBE56DA7
:1065200095F82E30590722D511202CF0BBFA0646DB
:10653000E8B100F11003082104A804932CF062F8DC
:106540002B46049953F8BC2F0A605A684A609A682F
:106550008A60DA68CA60062300933246002311215C
:10656000208825F056F810B130462CF0D9FAE36DAA
:1065700093F82E301A0728D508202CF093FA0546F8
:1065800018B300F11003092103A803932CF03AF883
:106590000DF1110104A828F08DFF9DF8101003A83B
:1065A0002CF030F8039BDDF811201A60BDF815209F
:1065B0009A80062300932A4600230821208825F08C
:1065C00028F810B128462CF0ABFAE56D95F82E307E
:1065D000DB0622D511202CF065FA0646E8B100F161
:1065E00010030A2104A804932CF00CF82B460499FC
:1065F00053F8D32F0A605A684A609A688A60DA684A
:10660000CA6006230093324600231121208825F01A
:1066100000F810B130462CF083FAE36D93F8EA20CD
:1066200052B95B7913B9204612F0A2F8E06D18B1A7
:106630002CF088FA0023E36506B070BD2DE9F04721
:10664000C388172B8CB0074640F0BD80837A0C2B93
:1066500007D003F0FD03082B03D080200CB0BDE869
:10666000F0874FF440702CF06BFA80460028F4D08D
:106670001022002108A82BF0A7F85E4BCDF8088067
:106680001B681C6800250CBB28462CF059FA0646EE
:10669000002800F094802A4641462AF0CDFF40466B
:1066A0002CF050FA04AB2A46314608A8FFF71CFC30
:1066B00030462CF047FA3B685A6804AB03CB1060B5
:1066C000516003CB9060D1600020C7E7A689E389C1
:1066D000B34201D22468D6E7B4F80C906368A6EB05
:1066E000090903EB091999F80E305B074FD4D9F863
:1066F000001001A82BF080FFBDF80430A3F5205254
:10670000032A02D9B3F5245F44D1D9F8083093F8AD
:1067100000A055441FFA85FA0AF10405ADB2B5F59B
:10672000407F4CD8314602A82BF072FFBDF8041010
:1067300002A82BF06DFFD9F80830D9F804101A78A8
:1067400002A82AF08DFFBDF8042042F602039A4207
:106750001DD1D9F808301B88042B18D1D9F80410A2
:106760000DF106002BF048FF03AA04A9BDF80600AE
:1067700025F094FB58B10AF11405ADB2B5F5407F90
:106780001DD8049B1022596802A82AF069FF01361F
:10679000B6B29CE703F55643FF339BB2042BF6D801
:1067A0000435ADB2B5F5407F09D8314602A82BF0CB
:1067B0002FFFBDF8041002A82BF02AFFE7E74046A0
:1067C0002CF0C0F949E7152B7FF447AF837A0C2BE7
:1067D00004D003F0FD03082B7FF43FAFB88825F009
:1067E000F5FC00283FF439AF3B68827A5B681A7089
:1067F0006AE700BFE40100202DE9F3410E4604469C
:106800004FF4003190F85000174627F0C1F9337863
:10681000990609D53369236603F59C735B0040F242
:106820007122B3FBF2F3236233785A0609D57369F8
:10683000636603F59C735B0040F27122B3FBF2F3D5
:1068400063623378DB0744BF737884F85130337860
:106850009D072BD5B3784BB301204FF4006127F08F
:1068600097F9A378580700F1A080D4F80880B8F110
:10687000000F68D098F80030012B454602D1404601
:1068800013F0D0FD0023C5E91A3385F85330AB70FF
:106890002B886D6123F49F6323F007032B80284628
:1068A00018F0BAF9AB7843F00403AB7033785907AA
:1068B00044BFB368A36533781A0744BFB388A4F80C
:1068C00054303378DB063BD5F368E269E3655B0A55
:1068D0009A4235D0012FE36132D0012384F853303E
:1068E000A36E6BB394F852300DF1020101A8002B96
:1068F00038D125F093FB01992D4AE3695B1A1168A1
:1069000091F8402202F58E72DBB231F8121001F2DA
:10691000A932520040F27120B2FBF0F29A423DD807
:106920005843BDF802309B08C3EB500301F27122BB
:106930009A4205D86464591A04F1380008F0C6F880
:1069400002B0BDE8F0812569002DAFD07822214644
:1069500028462AF081FAA560EC60C4F80C80C5F8DE
:1069600008808FE725F05AFB019AA36DB4F8541004
:106970001A44BDF802300B449BB240F2E1418B4215
:10698000C2F31602019285BFA3F2E2430132ADF8D1
:106990000230ADF8023088BF0192ACE70022114608
:1069A00094F8500015F014FDCAE725466AE700BFC9
:1069B000CC02002038B5634B1A68052060F31F72C3
:1069C0001A602BF071FF60490A8840F23B1060F3B7
:1069D0000F020A805D4A108840F00100108008888C
:1069E00040F2E24464F30F000880118841F0020194
:1069F0001180A2F2C4524FF43470116860F31A414E
:106A0000116002F570723430118860F30F0111804B
:106A1000A2F2AC721420116860F3174111604C4966
:106A20000888A4F5DB7464F30F0008804FF08841F8
:106A30001446096C02F2BC7201F440511088B1F5A1
:106A4000005F0CBF24250C2565F307001080414A28
:106A5000414910886FF3070010801A686FF307022E
:106A60001A603E4A13686FF30003136013686FF3F4
:106A70004103136013686FF30413136013686FF31B
:106A80004513136013686FF386131360344B188833
:106A90006FF30000188018886FF341001880188881
:106AA0006FF30410188018886FF345101880188849
:106AB0006FF386101880106840F0040010601068B2
:106AC00040F0080010601A8842F004021A801A8808
:106AD00042F008021A8023685C2262F30F232360CD
:106AE000B1F85031A12262F30F23A1F85031B1F86F
:106AF00050318C2262F30703A1F85031D1F81431E0
:106B000002F26F1262F31843164AC1F81431136887
:106B100043F000531360144B1A686FF39E721A60AF
:106B2000503B1A686FF310421A60B1F8083C122209
:106B300062F349130D4AA1F8083C138843F003039C
:106B4000138038BD0C3A0141043E0141183E014119
:106B50001C3C0141043A014100240141203A014119
:106B6000283A0141003F01410037014120380141ED
:106B700010B588B0EFF7E6FCFEF7F0FD20F0EEFF71
:106B800021F02AFE20F06CF92AF03EFC0DF0B9FA53
:106B900017F01EF828F0CEF90120EFF773FC484BF0
:106BA000484A1A60484A5A60484A9A60484ADA6035
:106BB000484A1A61484A5A61484A9A61484ADA6121
:106BC000484A1A62484A5A62484A9A62484ADA620D
:106BD000484A1A63484A5A63484A9A63484ADA63F9
:106BE000484A1A640021102015F06EFF464B1B68BE
:106BF000464900209847464C2061464900200DF048
:106C000081FA2060444900201AF064F9606043482A
:106C100024F0ACFFE0604249002029F075F8606183
:106C200025F034F8A06000231A4619463D481CF0B0
:106C3000AFFF00230593069307930DF11600EEF7BF
:106C4000CDFE9DF8153060F300038DF815300DF181
:106C50001D00EEF7E7FE9DF8153060F341038DF857
:106C6000153005A8EEF720FF10B903238DF8143076
:106C70000DF11F010DF11E00F8F731FE9DF81530E2
:106C800060F382038DF81530002301930293039380
:106C900004934FF4F84000902BF04CFE0190022337
:106CA000049305AB6A4606491E4805F053FB2AF0DB
:106CB00019FC25F063F816F04BFF08B010BD00BFBB
:106CC0003400002063100401B9130401913B030157
:106CD0005919040101090401619E03016B190401A2
:106CE00049090401F51304019B9E03018F19040156
:106CF000A1190401CD130401E11304016109040188
:106D0000352904013D290401B06C03018C290401DB
:106D1000180000206C29040178240401FC2A0401D5
:106D20006C240401300000202DE9F04F8DB000905C
:106D3000624BDB78033B052B00F2BC80DFE803F0FD
:106D400003BA2232BAB042F220625D4900201AF042
:106D5000F5F801225B4900201AF0F0F8002242F217
:106D60002061012011F060FB544B9880B0F1FF3F8F
:106D700003D0524B0522DA709CE05349002024F0E6
:106D80000DFF97E04D4BB3F9040027F076F800288B
:106D900000F09080494B0622DA704C49002024F024
:106DA000FDFE87E0454BB3F9040027F066F828B1F3
:106DB000424BB3F904002AF0DAF838B13F4B08220D
:106DC000DA704349002024F0E9FE73E03B4DB5F949
:106DD00004002AF0A6FD0446B5F9040029F00CFBD6
:106DE00022B203B29A42A8BF1A469346002A61DD36
:106DF0004FF020084646A946364D35E0BC420DD03E
:106E000014F8013B1B2BF9D1082389F803303049D2
:106E1000002024F0C3FEF1E700230193019B3033EF
:106E20006B44002703F8247C009B5E709C1C324658
:106E300003A920462AF010F82246F1B2264B188802
:106E400011F04AFA03AA254938461AF077F8524653
:106E500003A9B9F9040003F07BF8434608F12008C0
:106E60001FFA88F85B4525DAD84504D90BF12006CE
:106E7000A6EB080636B21FFA86FA524603A9B9F9FC
:106E800004000DF013FA00232B7029F0BDFD2B78C0
:106E9000002BFCD00196002EBEDD03AC3719AFE706
:106EA000064CB4F9040022F055F84FF6FF73A380A6
:106EB0000123E3700DB0BDE8F08F00BF8800002013
:106EC000B4250001E02500010C2600012C2600015C
:106ED00044260001A66D0220A00000205C260001CF
:106EE0002DE9F04F07298DB0054601D0152936D17F
:106EF000053901321FFA81FB04A805A905922AF081
:106F0000FDF805A90DF112002AF0F8F808A85A4674
:106F100005A92AF09BFB284620F03FFC18BB5A46E7
:106F20005B4908A827F0B2FF002840F0AB80BDF80D
:106F30001000002800F0A880BDF81210884200F26E
:106F4000A38006AB5FFA8BFB07AF0093019708ABFA
:106F50005A4615F099F8044668B90A2003E0002360
:106F6000ADF810300420C3B2BDF81020102128461F
:106F700012F0F4FF52E0079B5B68D3E9011210782E
:106F80002AF0E6FE069A03468246D27B2888012133
:106F900010F0F6FF80B210B1ADF81040E3E7A8881A
:106FA0002BF080FD8046002870D0069B9B68B3F8CC
:106FB000009009F1040600F11003112105A8B6B2F2
:106FC00005932BF01FFBF1B205A82BF01BFB21460C
:106FD00005A82BF01DFB079B05A8D9892BF018FBF2
:106FE000069B9A685968128805A82AF039FB09F1AE
:106FF0000604A4B2079BD8894FF6FF73984204D0C9
:10700000AB8804EB060999450BDD4246214628462C
:1070100028F00AFD10B140462BF082FD0DB0BDE80E
:10702000F08F06AB013080B20093019708AB5A464F
:10703000BDF81210ADF8100015F026F803900028E6
:10704000E3D0069A93681B880433B342DDD15346DC
:10705000D27B2888012110F093FF0028D5D1039915
:1070600005A82BF0D5FA079B05A8D9892BF0D0FAF3
:10707000069B9A685968128805A82AF0F1FA1FFA47
:1070800089F4B7E710206EE701206CE711206AE76A
:107090008E5103012DE9F84F5D4B1B68002B40F02A
:1070A000AF805C4B1D6801351D6095B15A4B1B6864
:1070B000AB4200F28B80594B1B681B68B3B10024B4
:1070C0005648A346564E4FF0010C564ADFF86081F1
:1070D00044E0524A1168544B186810601960534AD2
:1070E00013680133136026F013FCDFE700244A4BDA
:1070F0004FF0FF321A606AE0474B196067E0D96AC7
:10710000D6F800A00CFA01F949EA0A09C6F800907D
:1071100001EB810102EB810149689960D1F8089087
:10712000C3F80C90C9F804E0C1F808E0D96A01EB93
:10713000810E02EB8E09C3F8149052F82E10013123
:1071400042F82E10D8F800E0D96ADEF82C309942C7
:1071500088BF012403681B68002BC8D00368DB6864
:10716000DB6859688D42C7D3D3F81490D9689F68FB
:10717000B9609F684F6003F1040ED9F8041071459F
:1071800004BFD968C9F80410C3F814B0D9F80010C6
:107190000139C9F80010D3F82890B9F1000FAED02A
:1071A000196ADF69B960DF694F6003F1180AD9F81D
:1071B0000410514504BF196AC9F80410C3F828B077
:1071C000D9F800100139C9F8001098E70024184BCD
:1071D0001B68DB6A03EB8303124A52F82330022B4D
:1071E00028BF0124134B1B683BB1134B1B68002BBA
:1071F00018BF01242046BDE8F88F11F0AEFCF4E77B
:107200000C4A13680133136011F0A7FC0024F1E766
:10721000A86C0220CC6C0220B06C0220DC6C022036
:10722000C86C0220C4640220D86C0220B86C022012
:10723000E06C0220C06C0220BC6C02202DE9FF47EC
:107240000025044689461F46057001F1FF38137872
:107250000BB145450BD3624B1B7803B923704545F1
:1072600088BF09F10105284604B0BDE8F087252B49
:1072700007D05B49097811B904F8013B01350132A7
:10728000E5E75378252B37D0561C3378302B4FF059
:1072900000001AD101464FF00A0C725CA2F13003D3
:1072A000DBB2092B0ED922F0200EAEF1410EA2F175
:1072B0006103BEF1050FDBB206D8052B26D8A2F17B
:1072C0005703DBB2092B29D90E4433786C2B08BF46
:1072D00001363378702B5FD027D8632B39D0642BDD
:1072E00051D0582B3AD13E4B3A681B780392043761
:1072F000002B68D1019058E039490978961C002983
:10730000C3D104F8013B01353246A0E7A2F14103A5
:10731000052B02D8A2F13703D3E7002301310CFB80
:107320000030735C002BB8D1CEE7752B18D0782BCA
:10733000D9D0732B12D13B680437013B5A1C0DD0B6
:1073400013F8012F52B1454508D204F8012B01353D
:10735000F4E73B6804F8013B04370135721C76E71B
:107360001F4B3A681B78039204370BBB01900093C4
:107370000A23A8EB0501204616F0EAFE5FFA80FA20
:1073800054445544EAE7164B3A681B780392043795
:1073900073B901900123EAE7114B3A681B78039215
:1073A00004372BB904230193012300931023E0E752
:1073B000002808BF04205FFA80FA524603A920463D
:1073C00029F04AFDDCE740B1C107C0F3470AF4D514
:1073D0000AF1010A5FFA8AFAEFE74FF0010AECE7D7
:1073E000B26D0220F0B587B003790393C37802939E
:1073F000038801930546634B0093EC20012302228E
:1074000051210BF0A7FB288827F0C4FA002800F0D0
:10741000B7800468204626F0B5FD002800F0A28061
:107420000A200DF0E5FA0121C4F8B401204627F046
:1074300072FC00210646204627F06DFCAA78032A3C
:10744000074610D0EB78B34223D12979814220D16D
:10745000042E08D1EB88012B08BFE376EB88022BC2
:1074600001D10023E37630462AF0F4FA0646384686
:107470002AF0F0FA00250746D4F8B40123F012FEF2
:10748000C4F8B4512B463A463146204623F058FE04
:1074900044E012F0010F18BF072384F84231AB78A3
:1074A000D4F8B4219B0754BF2B79072384F84331C8
:1074B000EB88D3805A1E012A07D8012B08BFE37638
:1074C000EB88022B04BF0023E37694F8F23043F0FC
:1074D000020384F8F230D4F8443133B32A79042A11
:1074E00003D1E988E9B9E17EE9B9DA75D4F8443124
:1074F00000261E76E8782AF0D1F801462046D4F816
:10750000445129F0C5FB6876D4F84421137C43F03C
:1075100008031374204629F012FE0025284607B000
:10752000F0BD0229E1D00822DFE720462AF080FAE8
:1075300005460028F1D194F8F23060F3410384F855
:10754000F230D4F8B40123F0ADFDC4F8B4510725EE
:107550000D4B0093019501230022FF21EC200BF03D
:10756000F9FADBE72868696804AB03C3082204ABB7
:10757000042120461BF0AEFF05460028E8D1CCE7E9
:107580000225E5E7C8DA0301BADA03012DE9F74F6E
:10759000054600892BF0C0FA002800F0C280288937
:1075A000EC6824F013FE0546002800F0BC808388B8
:1075B0006788033B9F4200F2B68094F8F860122E71
:1075C00037D190F84E30002B40F0A78007F1030927
:1075D0001FFA89F94846B4F800A02BF063FA8046F8
:1075E000002800F09C8000F11003314601A80193AF
:1075F0002BF008F8514601A82BF00AF8211D3A4655
:10760000019829F029FC42464946284628F00CFA00
:107610000446A0BB85F84E60A5F850A0A5F866000A
:10762000424905F15C0007F051FA204603B0BDE87D
:10763000F08F522E27D107F103091FFA89F9484626
:1076400034F804AB2BF02EFA8046002867D000F106
:107650001003314601A801932AF0D4FF514601A836
:107660002AF0D6FF21463A46019829F0F5FB42461A
:107670004946284628F0D8F904460028D5D0404687
:107680002BF04EFAD1E7162E1DD190F84E30002B7C
:1076900043D107F105091FFA89F94846B4F800A05B
:1076A000B4F8FAB02BF0FEF98046C0B300F1100335
:1076B000314601A801932AF0A5FF514601A82AF0FE
:1076C000A7FF594697E7182E2DD194F8FC70012F8B
:1076D00029D890F84E3003BB0220B4F800802BF07C
:1076E000E1F90646D8B100F11003182101A8019371
:1076F0002AF088FF394601A82AF084FF3246022189
:10770000284628F091F9044628B9182385F84E3008
:10771000A5F8508082E73046B2E7072485E70224C7
:1077200083E7042481E703247FE700BFA064D1013D
:1077300070B50468154620460E4622F005FC2978EF
:10774000204619F037FE2B78023B232B13D8DFE8B5
:1077500003F01E121212363D124412364B521254CE
:10776000125C3636636A7112121212121278781293
:107770001212127E8C97E37D002B00F08C80E37D4B
:10778000012B00F098802B78022B02D007E0022E0C
:107790000BD0D4F8C43023F00103C4F8C4302978E6
:1077A000204627F0A7FA012070BD294620462BF07D
:1077B00025F929782046BDE87040F1F713BD012E68
:1077C00014BF00260126002EF3D1E8E7022EE6D1F1
:1077D000294620462BF016F9EBE7092EDFD1294682
:1077E000204605F063FEE4E7062ED8D12946204660
:1077F00027F0F0FEDDE7022EE2E7182ECFD10F22B0
:107800002946204619F0F9F9D3E7032EC7D12946B6
:1078100020462BF0FBF8CCE7092EC0D129462046A4
:107820001BF02AFEC5E7092EB9D12946204622F0D1
:1078300063FFBEE7032EB2D12946204626F0F6FFAD
:10784000B7E7022E9FD16B7884F82A30B1E7D4F8DD
:107850004431002BA3D0042EA1D12A4632F8011FB7
:10786000A3F8171092785A76A3E7D4F84431002B86
:1078700095D0052E93D1D5F80120C3F81A2098E7AA
:10788000D4F84431002B8AD0052E88D1D5F80120B8
:10789000C3F81E208DE70D4B1B68002B3FF473AF20
:1078A0002A4631462046984702283FF468AF01280F
:1078B0003FF47FAF67E7064B1B68002B3FF463AFD5
:1078C0002A46314620469847F1E700BF446D022022
:1078D000486D02202DE9F743054635202BF030F99D
:1078E000044610202BF02CF9064610202BF028F926
:1078F00007460CB106B150B95C4B0093002204233B
:10790000C321EE200BF026F903B0BDE8F083584AFE
:10791000136803605368436093688360D368C360EF
:10792000E96D334620222F31FEF7DEFA95F8038009
:1079300050484FF4807904F1020E2B1D04F1090C1C
:1079400005F10B0104F11002A4F80090B8F1000F4A
:107950004ED1D3F80090C4F80290B3F80490AEF87A
:1079600004909B798EF806300B68C4F809308B8838
:10797000ACF804308B798CF80630E96D01F5C071F4
:107980000B6823614B6853608B689360CB68D3604E
:10799000EA6D02F5E0722146136823625368636260
:1079A0009368A362D368E3620123206384F83430D0
:1079B000EB6D3522A0333046FEF796FAE96D284686
:1079C000A03120F0C9FA84F83480EB6D35220633FB
:1079D00021463046FEF788FA20462BF0B3F83046B1
:1079E0002BF0B0F8384603B0BDE8F0432BF0AAB84E
:1079F000D1F80080C4F80280B1F80480AEF80480A9
:107A000089798EF806101968C4F809109988ACF8BD
:107A100004109B798CF80630E96D01F5C0710B6894
:107A200023614B6853608B689360CB68D360EA6DC9
:107A300002F5E0722146136823625368636293681B
:107A4000A362D368E3620123206384F83430EB6DD2
:107A50003522A0333046FEF747FAE96D2846A031BB
:107A600020F07AFA002384F83430AEE714170401CA
:107A7000C01E0401656C74622DE9F04182B0037888
:107A8000012B04D0022B75D002B0BDE8F081446810
:107A90002378062BF8D801A252F823F0B97A010115
:107AA000EB7A0101FB7A0101897A0101897A0101EE
:107AB000897A01012D7B0101A378002BE4D1554B7C
:107AC00018680023811C00BF11F823201AB101336C
:107AD000082BF9D1D8E700EB830201219170002A2D
:107AE000D2D0A28820F82320CEE7608823F0D2F8F5
:107AF0000028C9D000220260C6E76588284623F026
:107B0000C9F806460028BFD0C378002BBCD0237923
:107B1000002B14BF082307238DF80030ADF8025066
:107B200068461FF0C7FE0023F370ADE7394B1B68B2
:107B300093F82A30002BA7D0B4F80480E788268970
:107B400065892B4632463946404611F0FBFE60B14E
:107B5000ADF80080ADF80270ADF80460ADF80650E5
:107B60006946608828F032F98EE73B21608827F06B
:107B7000E3FE89E744682378E3B1012B84D165886B
:107B8000284623F087F8064600283FF47DAFA388F7
:107B9000002B3FF479AFC378002B3FF475AF082377
:107BA0008DF80030ADF8025068461FF083FE0023C8
:107BB000F37069E76588284623F06CF800283FF4E5
:107BC00063AF144B1B6893F82A30002B3FF45CAF73
:107BD00063892289E188A08811F0B4FEA0B1002158
:107BE000284627F0B8FEA388ADF80030E388ADF84A
:107BF00002302389ADF804306389ADF80630694658
:107C0000608828F0D5F83FE70121284627F0A3FE39
:107C10003AE700BF3C670220644B83427DD12DE9E7
:107C2000F04387B00F4691460023059304930393D6
:107C30005E4B5B6B13B105215D4898475B4C20465A
:107C40001FF0C0FE5B4B1870636B1BB1062104F183
:107C50005C009847574B1B78FF2B25D0534C04F101
:107C60005C06544D02E02B78FF2B1FD0009304AB31
:107C700003AA05A92046F6F791FC8046002850D0BB
:107C8000636B13B10521304698472978204625F0CB
:107C90004BFC20461FF096FE2870636B002BE2D051
:107CA000062130469847DEE74FF00108039B012B81
:107CB00004DD059A136A43F00403136208F1FF33ED
:107CC000DBB2012B04D801234FB33B7000201AE034
:107CD000B8F1000F28D0354A136F013313676FF0E6
:107CE0000A03F1E743F028032362B9F1000F02D041
:107CF000049BC9F800302F4B19782C4825F000FC64
:107D000084F82F00059807B0BDE8F08311F0200F2C
:107D10001CBF43F018032362E7E700207047384692
:107D2000F1E7039B012BC4DC204A536E01335366F9
:107D30000FB100233B70059C21691C4B93F8D220A6
:107D40004B6813448B608A890E3A92B28A810B6821
:107D500083B1164890F8D200121A8A815A689A6044
:107D60001A461B68002BF9D1104B93F8D230918939
:107D70000B44938123699B6863610E33A36125F0F3
:107D800063FD6062059C236A23F0700343F00802E0
:107D900022629DF813109DF91320002AA2DB11F036
:107DA000400FB3D043F0480323629EE730710220B6
:107DB0008C710220BF6D022070B584B005460C4660
:107DC0000023ADF80A300193836C03A9204698473D
:107DD000002820DBAB6A01AA002120469847BDF8A5
:107DE0000C30072B00F2B180DFE803F004173447B2
:107DF0005972899B2B6D019A0021204698470028D3
:107E000009DB012807D00126ADF80C60EB6C039963
:107E100020469847304604B070BD6B6D0DF10A01E5
:107E2000204698470028F6DB0128F4D09DF90B3056
:107E3000002B08DB0223ADF80C30EB6C03992046D5
:107E400098470120E7E700210391EB6C2046984713
:107E50000120E0E7AE6D019B228F00212046B04754
:107E60000028D8DB0128D6D00323ADF80C30EB6C0A
:107E70000399204698470120CDE72B6D019A0021F8
:107E8000204698470028C6DB0128C4D00423ADF85B
:107E90000C30EB6C0399204698470120BBE76B6DD3
:107EA0000DF10A01204698470028B4DB0128B2D022
:107EB000BDF80A20238F93434AD1ADF80E20052345
:107EC000ADF80C30EB6C0399204698470120A2E7EF
:107ED000BDF80E20238F5A40AE6D019B92B2002157
:107EE0002046B047002896DB012894D00623ADF841
:107EF0000C30EB6C03992046984701208BE72B6DE3
:107F0000019A002120469847002884DB012882D06E
:107F10000723ADF80C30EB6C0399204698470120FD
:107F200079E76B6D0DF10A01204698470028FFF6AE
:107F300072AF01283FF46FAF238FBDF80A201A42B9
:107F40000CBF00206FF0010065E76FF00B0062E7E7
:107F50004FF0FF305FE7130037B5428840F201135E
:107F60009A4204460D4605D00821204613F082FDB2
:107F700003B030BD0EF068FF0028F5D1E06D01952B
:107F800001A9E4302AF086F9E06D01A9E5302AF074
:107F900081F9E06D01A9E6302AF07CF9E06D01A9D4
:107FA000E7302AF077F9E06D01A9E8302AF072F99C
:107FB000E06D01A9E9302AF06DF9E36D93F8E7204F
:107FC00084F85220A27A83F858212346E26D53F8B0
:107FD000041FC2F859119B88A2F85D31E36D93F834
:107FE000E620D50704D5414A12685278D00701D45B
:107FF00001225A71E26D92F8E730073B092B01D953
:108000000621B2E792F8E630384D13F0080F2B68DE
:1080100003D19B7923B10321A7E75B78C3F3C003A6
:1080200084F85730204615F089FA2B68DA7932B196
:108030005B78590703D5E36D5B78012BEBD02046C5
:108040001FF014FCE36D5A7812F1FF3118BF0121C3
:1080500084F8561094F85710002940D0012A03D014
:1080600093F8E7200F2ACBD993F8E82022F00902F1
:1080700083F8E820E26D92F8E93023F0090382F8F2
:10808000E930E26D92F82C3092F8E8100B4023F0C2
:10809000040382F82C30E26D92F82D3092F8E9104A
:1080A0000B4023F0040382F82D3002231049A37003
:1080B00004F1600006F00AFD08202AF041FD0146A7
:1080C00000283FF455AF0623037023888380E36DB7
:1080D00093F8E630837108202AF0E1FB48E793F833
:1080E000E920D2075CBF01225A71CAE7DC020020F6
:1080F000A064D101F0B583B00446837D032B63D027
:108100000D46564B1B68002B3BD1002900F0A18087
:108110008068534B1860534B4FF6FF721A80836888
:10812000682221889847504B1860002800F09380FF
:1081300005224E490C201CF0C9FA4D4B18604D48E1
:108140002AF0DCFB0746AA884B4B1A80E9884B4B88
:1081500019804FF481730022012021F089F806462E
:10816000B0F1FF3F3DD13F4B1E80414B1B68002BC0
:1081700067D0002F65D0B6F1FF3F62D02288404B18
:108180001A60A28A384B1B68682101FB0233002267
:1081900083F860206A88002A08BF0A22A3F85820C2
:1081A0000222A3F856204FF47A72A3F85A202069CD
:1081B00090F8423013F0010F47D1284A1368013379
:1081C0001360012003B0F0BD006990F8423013F055
:1081D000010F01D10120F5E7012112F07FFB012001
:1081E000F0E70DF10602052103F0C2FABDF80630F2
:1081F000B3F5007F08D24FF40072ADF806200521D8
:108200003046F6F70BFF38B100231B4A12880121D4
:10821000304608F037FB28B9304623F0B7FB4FF063
:10822000FF36A0E7002202213046F6F7F7FE0023D2
:10823000144A4FF48071304620F069F8002892D13A
:10824000EAE713F047F90020BCE7012112F046FBF2
:10825000B3E70020B6E70020B4E700BF506C02206F
:10826000486C02208E6D0220586C0220A1EB0301A5
:108270004C6C0220D86902208C6D02208A6D02208D
:10828000546C02200910040130B5624D2B688BB08C
:10829000C3F8040204462AF07FF958B14FF40041B4
:1082A00094F8500025F074FC00220121204615F0BE
:1082B00003F94FE0002C4DD02378022B4AD1ADF8C2
:1082C0000E000DF10E0104A823F0A8FE94F8523020
:1082D000012B18D1049AA36DBDF80E101A44B4F8FE
:1082E00054300B449BB240F2E1418B42C2F3160280
:1082F000049285BFA3F2E2430132ADF80E30ADF82F
:108300000E3088BF04922B68049993F8402203EB47
:1083100042032046B3F83432BDF80E2022F0FAFFB3
:10832000A3785A071ED51B071CD5E5684FF480318A
:10833000012025F02DFC00220121204615F0BCF87B
:108340002B78022B08D12846FFF79EFFA3786FF306
:10835000C303A3700BB030BD00222146012014F0EE
:1083600037F8F3E72B68D3F80822002A4DD100280C
:108370004DD1C3E98104236F1B7A1A1F012A03D848
:10838000042B3CD127F056FE206F2AF0CBF9A26ACD
:1083900094F8500040F2712353435B08E3624FF4BA
:1083A000007125F0F5FBA1782046C1F380010EF0A5
:1083B000EFFC2B68D3F8443233B194F85100032812
:1083C00094BF002001209847656F03232370002D80
:1083D000C0D0236FCDE90534E36D0793E36A0893BA
:1083E000A378C3F380038DF824300AAB13E90300AC
:1083F0008DE8030005AB0ECB0020A847AAE7B4F830
:108400005410A06D26F082F9BEE70028A2D04FF4E8
:10841000807145E7CC0200202DE9F041477817F044
:108420000407BAB0044610D190F85030D0F8148048
:10843000012B04D1404508D140F6111312E040450C
:1084400009D098F80120520717D46078C0F3800053
:108450003AB0BDE8F081C26D520AC261002BEBD187
:1084600003F20123ADF818300EE0012766E0012F7A
:10847000FBD163786FF382038FE0002BDCD142F2F3
:108480000523ADF818300127E66E06F59C7640F21C
:1084900071237600B6FBF3F6A38CB6B29D19ADB28C
:1084A000B5F5487F88BFC3F54876D8F81C300793E8
:1084B00084BFB6B24FF4487527F00CF8384BDFF89C
:1084C000E4C01A6892F8403202EB430240F23911DC
:1084D000B2F83832B2F83C221A44B2FBF1F201325F
:1084E000104494F85220012A00EA0C0005D1E269F8
:1084F000A16D521A02EA0C020792D8F82420A16E4C
:1085000003F2A93340F2712C5B00B3FBFCF313447C
:1085100001F59C725200B2FBFCF29A4202D2002F8B
:1085200018BF1A46079B1F4913440B401F1A17F424
:108530008007F9D1013D1D4407930D4000238DF8BC
:10854000163001238DF81730079BCDE908350DF162
:10855000170301930DF120080DF1160306A80093EF
:10856000CDF80880334607AA2146C05DF7F7CAFB5D
:10857000079B00939DF817209DF816104346204650
:1085800005F038FF00283FF472AFE369EB1A5B0295
:108590003FF56DAF637843F00403637055E700BFA8
:1085A000CC020020FFFF7F0084B02DE9F34109AC2D
:1085B00084E80E00042800F28180DFE800F0037FE9
:1085C0008B98A0000C680C9BC4F840310B9BC4F83E
:1085D00044314D4B4D4801251D704D4BA4F8FA50C8
:1085E0001D804C4B00221A702AF0C0F82846214604
:1085F00010F0F2FC2146284607F008FAD4F87C3146
:108600002046DD68D4E9506822F0AAF9204628F017
:10861000FFFB20461CF0CCFB94F824203E4B022AA2
:1086200004F5BE774FD0032A50D01A88482161F351
:108630000E021A80394B94F836101A8861F304122E
:108640001A806C3B03201A686FF34D321A6094F85D
:10865000241029F050FE2A46414638461CF045FDBC
:1086600094F85210384627F0D3FD3946204621F0C1
:1086700027FB2B4B1B680BB120469847294B1A68E8
:108680006FF30F021A60043BB6B21A686FF341022F
:108690001A60254A1268AD1A1A68ADB265F31F4216
:1086A0001A60224A116866F31F4111601A6842F08D
:1086B00001021A60D4F8440127F01CF802B0BDE8AA
:1086C000F04104B070471A882D21B0E71A884FF4A2
:1086D000D271ACE70B6893F8FA30012BEED111F0B0
:1086E00091F80B4A138843F004031380E6E70191E5
:1086F0000F4901AB0422012018F0FBFFDEE70191D6
:1087000001AB04220B49F6E7070300200D03030128
:1087100004030020140300206C380141C0340141DF
:10872000340300205C3E0141E4020020703E014120
:108730000700010108000101F8B5002800F0AD8034
:108740000D460446002900F0AB80036F13F1020FC1
:108750000AD00B460022114617F0C8FF07466FF4F7
:108760008773984240F0978004F12006236E5A1CCC
:1087700022668022F254206E382822D9C0F14002AD
:108780000021304429F020F84023236604F11C0125
:1087900004F15C0051F8042F130A03F0FF131202D6
:1087A00002F0FF2213434FEA33430B608142F1D1C1
:1087B00031462046F7F734FC074600286BD10023EA
:1087C0002366206EC0F138020021304428F0FCFFFF
:1087D000636EA16E5A0F02EBC102A266DB006366F4
:1087E00004F11C0304F15C0153F8040F020A02F0C7
:1087F000FF12000200F0FF2002434FEA32421A60EB
:108800008B42F1D1A36EA365636EE36531462046CA
:10881000F7F706FC074600283DD1211F04F11C0094
:1088200051F8042F130A03F0FF13120202F0FF2283
:1088300013434FEA33430B608142F1D120686168F2
:10884000A268E36828606960AA60EB6020696169DA
:10885000A269E36928616961AA61EB61124B236037
:10886000124B6360124BA360124BE360124B236107
:10887000124B6361124BA36103F17453A3F52303FD
:10888000A3F69243E361002323666366A366A367AE
:108890002AF0F9F820673846F8BD6FF0AC07FAE720
:1088A0006FF0AC07F7E700BF67E6096A85AE67BB04
:1088B00072F36E3C3AF54FA57F520E518C68059BC2
:1088C000ABD9831F2DE9F743D0E90358008923F082
:1088D0007DFC0446002800F0B78090F83D30002B66
:1088E00000F0B48015B1B8F1000F11D18DF804304B
:1088F00029F004FE0823ADF806008DF8053001A923
:10890000208824F06FFC054655B984F83D5007E0F7
:10891000082B4CD01C202AF013F9064620B902255A
:10892000284603B0BDE8F0831820308094F83D302D
:108930000A2B0CBF0B230D23B3702B68C6F8033032
:1089400006F103096B68C9F80430AB68C9F8083050
:10895000EB68C9F80C30D8F80030C6F81330D8F8F6
:108960000430C6F81730A38883421AD8276C27B979
:108970002AF0E6F80746002864D0314620881EF029
:1089800023FB054648B932884946384628F064FA40
:10899000276430462AF0D6F8B6E738462AF0D2F8EF
:1089A000F7E7314620881EF00FFB0546F1E71A2055
:1089B0002AF0C6F806460028B1D01A230380837037
:1089C00029F09CFDA6F803002B68C6F80530771D3A
:1089D0006B687B60AB68BB60EB68FB60D8F800300D
:1089E000C6F81530D8F80430C6F819303288A38894
:1089F00002329A4221D9023B9BB23380B370D4F841
:108A00004080B8F1000F04D118202AF099F8804670
:108A1000C0B13146208817F041F8054658B94346A1
:108A200007F1180257F8041B43F8041B9742F9D1C9
:108A3000C4F84080ADE74046B0E73146208817F0E3
:108A40002DF8B2E70225A4E7032569E7012567E7CA
:108A500070B5C0B2012894B0154615D028B10228CF
:108A600000F09680002014B070BD574C27F044FBF6
:108A700023689B6C984710B123685B6E9847002170
:108A8000032015F0E5FBEDE7504C23681B7F0193B5
:108A90004F4B009302231A46EC2077210AF05AF834
:108AA0002368986C20B110F0BDFD236800229A6401
:108AB0002368186C20B11EF05BFC236800221A6446
:108AC000414A13680021197026682D78337FA5B3B9
:108AD000012B21D141F20903ADF808308DF80C507B
:108AE0002022FF210DF10D0028F06EFE3A2D0FD14E
:108AF000337F012B05D1706922F0D4FA236800225C
:108B00005A612368186922F0CDFA236800221A619D
:108B100002A822F097FBA5E741F208032022FF21DB
:108B20000DF10D00ADF808308DF80C5028F04CFE1A
:108B30002022FF210DF12D00D6E7BBB912680121DB
:108B4000517025688DF80C3041F20802ADF808200C
:108B5000296920220DF10D0028F07EF929692022D3
:108B600011440DF12D0028F077F9CAE741F209030D
:108B7000ADF808308DF80C50202231690DF10D0050
:108B800028F06AF9706922F08DFA23685D61B8E710
:108B90001678104D0D2400BF55F8043B73B9013C05
:108BA00014F0FF04F8D101201FF092F90A4B8DF860
:108BB0000C401C700E23ADF80830A9E730469847EA
:108BC0000028ECD04EE700BF3802002070020020E1
:108BD0001C2A04013C02002034020020F0B50B7B6B
:108BE0005BB90C684A68D0F8A43003F58053C3F829
:108BF0008040C3F884200020F0BD8F6800213B7DB9
:108C0000C3F30002C3F3801462403E7CC6F3001439
:108C100062403D7BC5F3800462403C7AC4F3000CA3
:108C200082EA0C02C4F3801C82EA0C0297F804E08A
:108C3000CEF3001C82EA0C0297F800C0CCF3800748
:108C40007A4062F30001C3F34002C3F3C0177A40D5
:108C5000C6F340177A40C5F3C0077A40C4F3400713
:108C600082EAD4127A40CEF340177A40CCF3C007A0
:108C70007A4062F34101C3F38002C6F300077A40F1
:108C8000C6F380177A40C5F300177A40C4F3800713
:108C90007A40CEF300077A40CEF380177A40CCF3C7
:108CA00000177A4062F38201C3F3C002C6F34007A3
:108CB00082EAD6127A40C5F340177A40C4F3C0075F
:108CC0007A40CEF3400782EADE127A40CCF34017B6
:108CD0007A4062F3C301C3F30012C6F380077A40FF
:108CE000C5F300077A40C5F380177A40C4F3001734
:108CF0007A40CEF380077A40CCF300077A40CCF379
:108D000080177A4062F30411C3F34013C6F3C00620
:108D10007340C5F3400283EAD5135340C4F34014B3
:108D20006340CEF3C00E83EA0E03CCF3400283EA25
:108D3000DC13534063F34511D0F8A43003F580539E
:108D4000D3F88450D3F880600124A1F12002C1F14E
:108D5000200304FA02F224FA03F31A438C4034434A
:108D60002A4340E72DE9F84F0546894690461F46BD
:108D7000846990F84460143640F60B2259493C2E21
:108D80008CBF0020012025F025FA2378042262F30D
:108D90000713B20862F303032370B5F8463013F0EB
:108DA000010F53D100236370002F00F08A803B78BD
:108DB00013F0200F03D0637843F0040363703B7813
:108DC00013F0100F03D0637843F0080363703B780F
:108DD00013F0080F03D0637843F0100363703B78FF
:108DE00013F0070F03D0627863F347126270B04448
:108DF00098FA98F8A4F802803B4A138801339BB292
:108E000013805BBAA3800023E380BB78002B4CD196
:108E10007B78002B08BF6423237284F80990002319
:108E20006381AB6BE360EB6B23612B6C93F8603079
:108E300013F0040F3ED02A69938933449381AB69C0
:108E40003344EB612B6CAB62BDE8F88F04F1140284
:108E500095F8451002EB810B12F8213063F07F0387
:108E600003F09F03142060F3040302F8213004236D
:108E70008BF801300023ABF802300BF1040AA31980
:108E8000AAEB030A0FFA8AFA40F61D221549BAF135
:108E9000000FCCBF0020012025F09CF9BAF1000F93
:108EA000BCBF00238BF804307CE7E37943F0400338
:108EB000E371ADE700223146204617F06FFF608175
:108EC000B9E7B04498FA98F8A4F80280064A1388E3
:108ED00001339BB213805BBAA3800023E380642339
:108EE0009AE700BF30040401886D0220F0B585B018
:108EF0000468CB790293238801930D465B4B009362
:108F0000022201235D21EC2009F024FEEB79012BE4
:108F10002BD059B219B1182B2ED005B0F0BD94F852
:108F2000F230D80702D5204618F010FA1121204659
:108F300024F0D6F929F0D2FB0128EED994F8AA3012
:108F4000002BEAD00021D4F8CC0028F03AF9002810
:108F5000E3D094F8AA30013B84F8AA3094F86D303D
:108F600043F0040384F86D30D7E71221204605B0A2
:108F7000BDE8F04024F0B4B91321204624F0B0F944
:108F80000121204625F0C7FE28F064FD0021064699
:108F9000204625F0C0FE28F05DFD00230246314644
:108FA000204622F0CDF8D4F84431BBB3E57D012D45
:108FB0002ED1032E43D1002583F82050D4F844311C
:108FC0009A7ADA77D4F8443104229A77022120463B
:108FD000D4F8447127F05CFE87F82100204624F085
:108FE00055F9D4F8443183F82050D4F84431DA7A72
:108FF000DA77D4F8443108229A77D4F844513146CC
:10900000204627F045FE85F82100204624F03EF951
:10901000D4F844311A7C6FF3C3021A74144B1B68E2
:109020001A7AD10754BF5A7A072284F842211A7A51
:1090300092074CBF07239B7A84F843316DE729469A
:10904000204622F0CBF8D4F84431002283F82020C7
:10905000D4F844311A188540127ADA77D4F84431BA
:109060009D770146D4F84451CAE700BF58C80301B0
:10907000700200202DE9FF470C4623F0A7F80546B3
:1090800020B90324204604B0BDE8F08720880138C9
:1090900080B24FF6FD739842F3D8AB886288033BE9
:1090A0009A42EED802AA01A922F0F8FE0028E8D0E0
:1090B000019E4E493068022225F0E8FE0028E0D1EA
:1090C00094F8F82073681B2A1B784CD113F0100F0A
:1090D000D7D02088013002AA01A980B222F0DEFE9A
:1090E0000028CED022880199013292B2284623F07E
:1090F00007FE0028C5D1019B0DF10200596829F037
:109100007BFA94F8F8601B2E32D1BDF80230DA07F2
:10911000B7D5B4F8029034F804AB09F103081FFA8C
:1091200088F8404629F0BEFC074600285BD000F1D5
:109130001003314603A8039329F064FA514603A8AB
:1091400029F066FA21464A46039827F085FE3A46FA
:109150004146284626F068FC0446002892D038464E
:1091600029F0DEFC8EE71D2AB3D113F0200FAFE704
:109170001D2E86D1BDF802309B0782D523882B8215
:10918000AB7C73BBB4F80290B4F800A009F10308FB
:109190001FFA88F8404629F085FC074618B300F10D
:1091A0001003314603A8039329F02CFA514603A873
:1091B00029F02EFA211D4A46039827F04DFE3A4623
:1091C0004146284626F030FC04460028C7D101233A
:1091D000AE74A5F87E30064905F1740005F076FC02
:1091E00050E707244EE702244CE700BF2645030161
:1091F000A064D1012DE9F3410023027E04461D46FF
:1092000022FA03F1C90748BF013503F1010348BF42
:10921000EDB2032BF4D194F8473013F0FD0F51D188
:1092200004200BF0E5FB05EB4505C4F8E000EDB2CA
:109230004A200BF0DDFBC4F8EC0042200BF0D8FB19
:10924000C4F8DC00FF200BF0D3FBC4F8D8002DB22B
:109250004FEA051808F104000BF0CAFB82B206467B
:10926000002A4BD1424B0093FE210123EC2009F050
:1092700071FC371D680129F063FC94F84730032B1B
:1092800005463DD13EB1D4F8E03023B1D4F8EC30FE
:109290000BB100285BD1304621F004FF0026D4F842
:1092A000E00021F0FFFEC4F8E060D4F8EC0021F00B
:1092B000F9FEC4F8EC60284629F044FC072002B00F
:1092C000BDE8F081012B01D0042B08D102200BF066
:1092D0008FFB6D00C4F8E000EDB20C20A9E7032B72
:1092E0000AD102200BF084FBC4F8E00025200BF02B
:1092F0007FFBC4F8EC00AAE70025A8E70746B9E71A
:1093000066B1D4F8E0304BB1D4F8EC3033B1D4F8D6
:10931000DC301BB1D4F8D83003B1C0B9304621F0ED
:10932000C1FE0026D4F8E00021F0BCFED4F8EC0029
:10933000C4F8E06021F0B6FED4F8DC00C4F8EC60BC
:1093400021F0B0FED4F8D80021F0ACFEB3E7C4F8A9
:10935000A060B844474501D10020B0E7EF6029463E
:1093600004F5BA7028F09DFF10372035F2E700BFF2
:10937000CB2704015C4B834240F0B1802DE9F047DC
:109380000D461446002A54D0084623F03EF8814684
:10939000554BB3F84C30002B45D1534AB2F84C3002
:1093A0002B43A2F84C30B2F8501049EA0101A2F860
:1093B0005010002B00F09580B2F852309BB229EA91
:1093C000030992F89C3043B300273E46154600BF80
:1093D0005FFA86F8D5F898303B441A7C012A1ABF08
:1093E0004FF62F7A09EA0A0ACA465B7C012B1CBF9A
:1093F0002AF4806A2AF0060A4146284628F0A6FD8B
:109400001FFA8AF24146284628F0BEFF013614377B
:1094100095F89C20F3B29A42DAD83F21324816F0F0
:109420007DFD20464CE000223F212F481AF01EFA15
:10943000B3E72D4B1B681A8841F250032B4F9A4219
:1094400018BF0027284BB3F84C402540284622F08F
:10945000DCFF8046B4BB244BB3F84C2022EA050263
:10946000A3F84C20B3F8502022EA0802A3F85020B9
:10947000B3F84E0080B220EA0500A3F84E00B3F81E
:10948000522092B222EA0802A3F8522093F89C30AC
:109490008BB10024144DE6B242463146284628F0EE
:1094A00079FF3146284628F051FD013495F89C108B
:1094B000E3B29942EFD80C4BB3F84C3043B90120DA
:1094C000BDE8F0873A463F2107481AF0CFF9C2E7D6
:1094D0003A463F2104481EF06BF80120F0E70020D7
:1094E00070472046ECE700BF30710220A46D0220D7
:1094F0002DE9F84322F0A0FF002859D00546D0F806
:109500008C40002C51D0534FDFF85C8123695868A0
:1095100040F21F423946A84214BF0020012024F027
:1095200035FEE07B4FF484623946022814BF0020E8
:10953000012024F02BFE237B013BDBB2042B3DD822
:10954000A37B012B36D0237B013B434A52F82330C7
:10955000214628469847A37B052B37D8A37B042BAD
:1095600023D92669706840F221524146A84214BFAF
:109570000020012024F00AFE637B13F0010F11D1BB
:10958000B368B3B3A27B531EDBB2032B2FD9062AD9
:1095900024D8052A1ED00022D6F808902389214617
:1095A0003046C847237B032B47D1284627F0A8F92C
:1095B000BDE8F883E86828F012FEC4E740F22C42C8
:1095C0002449002024F0E2FD0723A373E86828F073
:1095D0000DFEC3E70423A3730022DDE740F25B52D4
:1095E0001E49002024F0D2FD6FF01302D4E70122BF
:1095F000D2E7237B032BD8D005F18C0026F088FA24
:10960000064648B1C07B4FF4B0721549022814BF1A
:109610000020012024F0BAFD40F2B7221149A642F1
:1096200014BF0020012024F0B1FD314605F198005F
:1096300026F0AEFE0323F37306E0022305F18C024D
:109640002146284615F012FDD5F88C40002C7FF4F9
:109650005DAFAAE7601204012C1304010413040196
:10966000C8070401F01E0401181304012DE9F04F8E
:10967000ADF6340D0446D0F8048001290DD00368FE
:109680001B684E494046984723681B684C49404632
:1096900098470DF6340DBDE8F08F28F093FE814613
:1096A0000028F6D000271AE023681B684549404689
:1096B000984723685B6832464349404698470DAB5C
:1096C00032220EA9284623F0BBF9002857D123687F
:1096D0001B683C49404698470137B945D9D03846C0
:1096E00024F08AFD054629F021F90128F4D1284605
:1096F00028F06EFE064623685B6802463349404602
:1097000098470DF608020DF61801284624F010F8C7
:109710000028C9D023685B682D49404698472368D4
:10972000DDF820280092D3F804A0DDF81C38DDF81D
:10973000182828494046D0472368DDF82C28009295
:10974000D3F804A0DDF82838DDF824282249404663
:10975000D04723685B682149404698472368DDF875
:1097600014280192DDF810280092D3F804A0DDF847
:109770000C38DDF808281A494046D04799E70023FD
:109780008DF830300D9B002BA6D000260EADDFF8F3
:1097900054A02422294603A829F000F82368D3F80E
:1097A00004B06B6A03AA51464046D84728350136B3
:1097B0000D9BB34290D9322EEBD18DE7E405000129
:1097C000F8050001480700015C07000108060001D8
:1097D0002C0600014406000188060001D4060001A1
:1097E000F006000188070001F0B5E1B006460D461D
:1097F000584BB3F9004000238DF854312C2255A961
:1098000020460BF037FF9DF85431022B04D0002581
:10981000204625F092F92BE0C022002120460BF0D3
:1098200029FFC02801D00025F2E74FF49C7207A958
:1098300020460BF01FFF074603287BDD0422464924
:1098400007A825F023FB002876D1B6F85E200D2A64
:1098500009D842F62803D34013F0010F03D0B36CAC
:10986000569A9A4207D00021204621F03CFE00255E
:10987000284661B0F0BD05B13C35062229465CA8FA
:1098800025F004FB0028EED196F8603013F0040FA9
:1098900007D1599B736396F8643043F0010386F84F
:1098A0006430002302930393049305930693043FCB
:1098B00008A80090294D0AE05B6869463046984741
:1098C000002817DD009B03440093019F3F1A019776
:1098D000BC46002F11DD00980178214B1A68914297
:1098E000EAD00833AB42F9D1477802373844ACEBC1
:1098F0000707DEE710B300258AE7002588E7B6F8FA
:109900005C30022B05D0726A039B9A420CD0002572
:109910007EE7039B736296F8603043F0040386F899
:109920006030052D7FF474AF6946304613F000F8BF
:1099300005256DE700256BE7002569E7029D022DEF
:10994000E7D0052DDBD0726A039B9A42E9D000254F
:109950005EE700BF8E6D0220EC2A0401606E0301F9
:10996000186E03012DE9F04705460521002025F07A
:10997000F4F995F8E23003F0EF03032B044602D12B
:10998000D5F8B4710FB9D5F8B871002C00F0A280E9
:10999000182323737B7895F8426195F843911E4014
:1099A0003B7809EA03094FF00003A4F80D300121C8
:1099B000284625F0B0F900218246284625F0ABF96B
:1099C00095F84311804695F8420123F04AFC20B9EE
:1099D0003978787823F045FC70B316EA090605D08B
:1099E000B24501D1B04501D06673A673637BBB70ED
:1099F000A67BFE70637B1E434ED04FF0FF33E373B4
:109A0000237427F073FE064600283FD01823C37145
:109A100001234371BB1CC3600146284629F002F8AC
:109A2000214628460FF05EFDB978284613F07EFCEB
:109A3000A5F8600001202DE006EA0A03DBB2002B46
:109A400018BF002619EA080F46D12EB1F0070CD432
:109A5000B1070DD5022309E0B9F1000FC6D019F006
:109A6000010F09D00123A373C0E701236373F6E755
:109A70007207F4D50423F9E719F0020F01D002238D
:109A8000F1E719F0040FB1D00423ECE7204628F0E9
:109A9000FCFE3046BDE8F087E673267495F8F23098
:109AA0009B0712D50121284625F035F927F0D2FF72
:109AB00031468046284625F02EF927F0CBFF334665
:109AC00002464146284621F03BFB1321284623F05D
:109AD00007FCA5E72046DDE7002E87D08146B5E7E5
:109AE0002DE9F34790F85050012D04460FD0594B03
:109AF0001B6893F8402203EB4203B3F83852B3F8E3
:109B00003C321D4440F23913B5FBF3F50135524F99
:109B10000026A36E03F59C7340F271225B00B3FB39
:109B2000F2F3E2691344E26D3B40C2F30802E361E1
:109B300002EB4323E36594F852300DF1020101A8D2
:109B4000FBB922F06BFADDF80490D4F81C8009EB25
:109B500005033B40A8EB03035A0209D494F85030A4
:109B60005BB3637843F00403637002B0BDE8F08731
:109B7000013616F0FF06CCD00021204625F0FEF875
:109B8000C7E722F04BFA019AA36DB4F854101A44B7
:109B9000BDF802300B449BB240F2E1418B4202EA35
:109BA0000702019285BFA3F2E2430132ADF8023011
:109BB000ADF8023088BF0192C5E794F85230BDF885
:109BC0000260012B08D1A36DA8EB0308A9EB0309E0
:109BD00008EA070809EA07091E4D1EF035F92B6847
:109BE000D3F814A223F034FFB608BAF1000FB8D0AE
:109BF0001EF02AF9DAF8007023F02AFFDAF80800DC
:109C000043785B0724D5C369434521D1C36D08F16F
:109C10000102C3F30803C26103EB4223A2EB090272
:109C200040F27121C2F316024A432968C36591F8D4
:109C3000403203F58E73C6EB520231F8131001F275
:109C400071239A4204D34064511A383004F03EFF25
:109C5000BA46CAE7CC020020FFFF7F002DE9FF478C
:109C60000678012E054672D02EB1032E00F09A80A0
:109C700004B0BDE8F0878478002CF9D1534ED6F8B3
:109C800000A00AF1100300BF53F824705FFA84F9B2
:109C900077BB902028F054FF04F104084AF828000C
:109CA000336853F82800B0B19022394627F08CFD74
:109CB0003368A400234417211A6991801B6983F833
:109CC000029033681C440122236983F88D202369A4
:109CD0005F6523699F65336853F8284064B93C4B3E
:109CE0000093002204239221EE2008F033FFBFE707
:109CF0000134082CC8D1F2E7AB882380AA79E37835
:109D000012BB43F02103E370204613F059FCB4F872
:109D10006430A178A16640F2014203F0F8031343D6
:109D2000A4F86430B4F87C30C4F8801003F0F80371
:109D30001A433368A4F87C20DB68002B98D02846AF
:109D400004B0BDE8F047184743F01103DBE745884E
:109D5000284622F03BFA044650B9CDE901561D4B86
:109D60000093024604239321EE2008F0F3FE7FE7E0
:109D7000037ADB0710D54FF4827028F0E1FE40B182
:109D80001122027022888280A27A8271042123F03B
:109D90004FFF20461EF08AF9A07804B0BDE8F047D6
:109DA0000EF03ABD0379002B7FF462AF4488204661
:109DB00022F00CFA024628B9064B0093CDE9014681
:109DC0000423D0E7012380F88C3051E7E002002023
:109DD000CC670301E66703012DE9F0410678012E07
:109DE00086B0044667D026B1032E7BD006B0BDE80E
:109DF000F0818578002DF9D1524E376807F12C0398
:109E000053F82580B8F1000F20D178200A3528F0CA
:109E100097FEAA003368174413447860586818B155
:109E20007822414627F0D0FC336803EB85056D6846
:109E300085B923780293A3880193434B00930022B2
:109E40000423C921EE2008F085FECFE70135082D57
:109E5000D6D1EEE70127AF70A6882E80A379EB70EC
:109E6000234653F8082F6A609B882B81E3790033DF
:109E700018BF0123AB72E379BB420FD8143400231F
:109E80000622214604A80493ADF8143024F0FEFF06
:109E900020B123686B60A3882B81AF72102385F8F3
:109EA0005230AB6E03F0F80343F4A06343F00103B8
:109EB000C5E91A369AE74588284623F029F804466A
:109EC00038B9CDE90156214B009302460423CA213B
:109ED000B8E7603008F0BEF9204606B0BDE8F041B2
:109EE0001EF05CB84788384623F012F8054610B9D2
:109EF000CDE90176E7E72379002B7FF477AF603077
:109F000008F0A8F9EB6DCBB1EA78012A12D195F8E7
:109F100057205AB95A794AB193F82E20D20705D55D
:109F20000022A033114628460EF0B2FF2846FCF767
:109F3000A1FA03E093F8EA30002BF7D0012385F86B
:109F4000593053E7DC020020572203018822030125
:109F50002DE9F8431646002A00F099800D460029A5
:109F600000F0998023F080FB0446002800F09680E2
:109F7000836C002B00F0958021F050FD8146002875
:109F800000F09680864228BF0646B6B2A068676891
:109F900083199F422AD9B046002742462946A06825
:109FA0001EF0DAFAA3684344A360226993424AD0C0
:109FB00094F8875015F0200F26D094F8841011F0F3
:109FC000200F21D161682068091AA9EB0606C1F3A8
:109FD0004F01B6B2B14217D3204623F059FB94F893
:109FE000843043F0200384F8843031E03F1ABFB25C
:109FF0003A4629461EF0B0FA3D44A6EB07081FFA80
:10A0000088F82368A360C8E7934226D99B1A9BB2BD
:10A01000B4F860000146984228BF1946B4F866605B
:10A020008E4241D9B4F86A60B1EB560F3CD29842E7
:10A0300009D315F0020F37D194F98530002B02DBDC
:10A04000E3689A4230D094F8843013F0040F0BD0B8
:10A0500008EB07091FFA89F91AE06168891A206874
:10A060001B1A0B449BB2D3E743F0040384F88430FB
:10A0700023F012FC054623F0E7FB05EB8503DB002C
:10A080000F4AA2FB032300EB9310A062E0E7914686
:10A090004846BDE8F8834FF00009F9E74FF00009A2
:10A0A000F6E74FF00009F3E7204623F0F1FACFE797
:10A0B00094F87130012BEBD1204623F0E9FAE7E761
:10A0C000D34D62102DE9F04725F034F9514B1A6851
:10A0D000013A1A601B68002B40F093804E4B1B68BE
:10A0E000002B00F094804D4B1B68002B67D04B4D2C
:10A0F00000244B4801264B4ADFF834A1DFF82CC17D
:10A10000EB68DB68D3F828E0196ADF69B960DF69BA
:10A110004F6003F11808DEF80410414504BF196AC6
:10A12000CEF804109C62DEF800100139CEF8001061
:10A13000D3F814E0D9689F68B9609F684F6003F155
:10A140000408DEF80410414504BFD968CEF80410B5
:10A150005C61DEF800100139CEF80010D96AD0F841
:10A16000009006FA01FE4EEA090EC0F800E001EB8D
:10A17000810102EB810149689960D1F808E0C3F8D8
:10A180000CE0CEF80480C1F80880D96A01EB810E9A
:10A1900002EB8E08C3F8148052F82E10013142F8F9
:10A1A0002E10DAF800E0D96ADEF82C30994288BF28
:10A1B000CCF800602B68002BA2D123F0A9FB1A4B2E
:10A1C0001C686CB1194E012501E0013C05D0FCF77B
:10A1D00061FF0028F9D03560F7E7134B00221A60C1
:10A1E000124B1C6874B1124B1B684FF0E0234FF008
:10A1F0008052C3F8042DBFF34F8FBFF36F8F01243C
:10A2000000E0002427F05AF92046BDE8F08700243A
:10A21000F8E700BFA86C0220D06C0220146A02206C
:10A22000C86C0220C4640220C06C0220BC6C0220F6
:10A23000E06C02202DE9F0410468554B4360234651
:10A240000027C4E9017743F80C7F0D46236180465F
:10A2500016460CF089FC2A46A782A77552F80C0F07
:10A26000516804F1300303C39068D16803C31069D7
:10A270001860928A9A8094F8373013B9012384F8D1
:10A28000373098F80830042B72D10023E375414A27
:10A290001188A4F84610D2F80210D2F80620E26421
:10A2A00000230122C4E91E33C4E93133C4E9142375
:10A2B000A36594F86C30A16423F03C0384F86C30FF
:10A2C000FF23E383E37D84F82020002B54D194F80E
:10A2D0006C3003F03F0384F86C3002236377B4F8EA
:10A2E0006C3023F48173002523F00103A4F86C3053
:10A2F0002A4631462046A4F82150656217F0C2F87C
:10A300000623C4E92433C4F8885020460DF03AFFF0
:10A3100094F8B430A4F85C50BBBB84F8B630012389
:10A3200084F8BA50A4F8B8301B4B1C4A1B88A4F818
:10A330006030A4F85E3094F86D301288A4F8622082
:10A3400023F0700384F86D3094F84530144A626647
:10A350000020C3F34213C4E92B0084F82A300323FE
:10A36000C4F8CC0084F8280084F8AA30BDE8F08155
:10A37000052B8CD1012389E7012BAED194F86C30E9
:10A3800003F03F0343F04003A5E784F8B650CBE762
:10A3900029030101BA0200209E6D0220A06D022057
:10A3A0001B0048012DE9F04385B004468846019220
:10A3B0001D4600273E464CE0A66B2A4641462046F5
:10A3C00015F060F9A36CB3B1022D00F09D8020461A
:10A3D00019F0BAFC48B14FF0E0234FF08052C3F8B7
:10A3E000042DBFF34F8FBFF36F8F27F067F8012065
:10A3F00005B0BDE8F083636A63B90028F5D04FF07B
:10A40000E0234FF08052C3F8042DBFF34F8FBFF30A
:10A410006F8FEAE704F1240009F058FC0028E4D02B
:10A420004FF0E0234FF08052C3F8042DBFF34F8F5D
:10A43000BFF36F8FD9E727F041F80020D8E702A8D3
:10A4400026F02AFB12E0204612F094F8FFF73AFEBD
:10A45000012724F06FFFA26BE36B9A42ACD3022D6D
:10A4600048D0019B002BE6D0002FE8D027F026F83B
:10A4700027F006FC24F05EFF94F8442052B2B2F1BB
:10A48000FF3F08BF84F8446094F8452052B2B2F10F
:10A49000FF3F08BF84F8456027F010F801A902A823
:10A4A00014F010F9F8B924F045FFD4F83890E76BB0
:10A4B00027F004F8B945C6D1019904F1100025F040
:10A4C0005BFC204612F056F8FFF7FCFD0028BFD1D8
:10A4D0004FF0E0234FF08052C3F8042DBFF34F8FAD
:10A4E000BFF36F8FB4E7204612F044F8FFF7EAFDA0
:10A4F00000207DE7A66B2A464146204615F0C2F8AB
:10A50000A36C002B3FF477AF002E7FF46EAF5EE7B5
:10A510002DE9F04FA9B0DDF8C8B0002800F0A48004
:10A5200089469246044600296DD0002A0CBF4FF0A0
:10A5300034084FF02408A360C4F814B0C4F804B081
:10A540000020E06020748023029308AB0193009008
:10A5500003463022474922F065FB014600287ED1A0
:10A560000DF11F05444F0DF19F0638462A4600BFE6
:10A5700012F8013F10F801CF83EA0C031943B242ED
:10A58000F6D100296BD13B4B6FF0010206920020FF
:10A5900005908022049208AA039202900190202242
:10A5A0000092102203F120010EF0BAFD02460028AD
:10A5B00055D100BF15F8013F17F8011F4B401A4352
:10A5C000B542F7D1002A4AD1842019F0F3F8E060AF
:10A5D000002834D0424608A9204617F0EBFAB0B163
:10A5E0000125E06808B11EF037FC0023E36008ABEA
:10A5F000984400211A46013311704345FAD10DBB2E
:10A600000123237427E092BB4FF0340893E74146BF
:10A6100008A816F0C7FC05460028E2D1CDF808B01E
:10A62000A3680193CDF800A04B46A8F1040209A944
:10A63000E06815F04AFF05460028D8D0D1E76FF052
:10A640007C05D4E7032D0AD0012D4FF002032374BB
:10A6500008BF6FF0C605284629B0BDE8F08F032378
:10A6600023746FF0D005F6E76FF0AC05F3E76FF0F9
:10A67000AC05F0E7ECBC03014FDE0201F0B58DB094
:10A68000002304290546ADF80C30ADF80E308DF8E6
:10A6900009308DF80A3040F297800539013203A85D
:10A6A0008FB204A9049226F029FD04A90DF10E0031
:10A6B00026F024FD2846049E1DF06FF8044600286D
:10A6C00068D11221BDF80C001BF0D4FD044600280F
:10A6D00060D106AA05A9BDF80C0021F0DFFB002817
:10A6E00076D0069B5B68D3E90112107827F030FB27
:10A6F000059A0346D27B288810210DF041FC84B2D4
:10A70000002C47D1BDF80E301BB1059B9B7BDA06B0
:10A7100060D595F83B30072B5ED8059B9B7BDB070C
:10A720002ED52B88ADF82430BDF80C30ADF826308E
:10A73000BDF80E30ADF828301623ADF82C300DF1F1
:10A740000901059B07930DF10A0207A8ADF82A70CD
:10A75000089609F075F99DF80A309DF80B1004462B
:10A7600043B3072916D8063155F8210090B128F0D7
:10A77000E9F99DF80B300633002245F8232009E063
:10A78000BDF80C200DF10B01284619F035FB0446ED
:10A790000028C6D09DF8093053B9BDF80C20ECB99B
:10A7A000BDF80E30009331463B46284617F0CAFAF2
:10A7B0000DB0F0BD8B1D55F82330002BEAD007AA51
:10A7C000284615F038FBE5E71E461F460424E1E75E
:10A7D0000124DFE78024DDE70924DBE7E3B216216B
:10A7E00028460FF0BBFBE3E72DE9F843DFF858916B
:10A7F0003D4E3E4CDFF854813D4F00254846002138
:10A8000028F0A2F929463B48357028F09DF93378A5
:10A8100039493A4804EB031211603949516039490A
:10A8200091603949D1605A1CD2B204EB02125060D7
:10A830003648D760C2F8008090609A1CD2B204EB10
:10A8400002123348106033485060334890603348F8
:10A85000D060DA1CD2B204EB0212314850603148A9
:10A86000C2F80080C2E902071A1D2F48D2B204EBD9
:10A870000212C2E90009DFF8D8902C480533C2E97A
:10A88000020148463370022300F8013B072128F0FB
:10A890005BF909F1030042F6A62128F055F9317859
:10A8A000234A244804EB0113C3E902270122C3E928
:10A8B00000898B18204F0270DBB204EB0313C3E94D
:10A8C00000701E4898601E48D8601E480231C0E9DA
:10A8D0000054C9B285608281C18105743170BDE8C0
:10A8E000F8431AF043B800BFA76D0220185F02209A
:10A8F00005000001926D02208E510301C72A040158
:10A90000A42B0401A62B0401020000014E1B04012C
:10A91000D2EA0301C0680220946D022020001B11BE
:10A92000C22A04011E100401B2C80301B278030157
:10A93000EA180401A96D0220AED403019AB80301FC
:10A9400001000001506A0220906D0220264503019B
:10A95000526B02202DE9F74F0223D0F8E0808DF8EA
:10A96000043090F8B030D0F8EC90009005460633F3
:10A97000414668468DF8053012F012FC2B4653F81C
:10A98000282FC9F800209B88A9F80430B5F8B0201A
:10A990002AB1D5F8AC1009F1060026F05DFA4FF0A7
:10A9A000000AD5F87471564695F89430B34202D82F
:10A9B00003B0BDE8F08FFC68DFF800B123686FF3E7
:10A9C000020323602368012262F3C4032360236827
:10A9D000042262F3CA132360236862F3CE23236048
:10A9E00095F89430013B9E424AD123686FF3DE33E1
:10A9F000236023686FF3DF732360BBF80030616866
:10AA0000A8EB030292B262F30F0161606268A9EBE6
:10AA100003039BB263F31F426260A3686FF30103F9
:10AA2000A360A36843F00403A36098F8012095F89D
:10AA3000351095F8220020F037FE0FFA86FCC7E9A2
:10AA4000048A05EB8C010023FC603B723B774F6668
:10AA50000C67CB6795F8942086308244501E86425E
:10AA600019D105EB4202A2F88630A2F88C30FEB173
:10AA7000C5F820A1C1F858A001363F68F6B293E7A7
:10AA8000DBF8002004F110039B1A22689BB263F3E9
:10AA9000DE322260ADE705EB4C02DBF800C0A2F825
:10AAA0008E301034A4EB0C04A2F88840002EE1D1C3
:10AAB000C5F824A10028DDD1DAE700BFE4020020B8
:10AAC0002DE9F041052192B00446002024F045F91B
:10AAD0000646002800F09D80D4F84431D87D26F049
:10AAE000DDFD24233373D4F8443193F9182005464F
:10AAF000002A00F091800146204626F0C9F8D4F8DB
:10AB00004421137EC7B23B445355D4F8443103EB80
:10AB10000508012140461FF0B5F888F80800D4F870
:10AB20004421535DDB1BD376D4F84421537FFF2BA4
:10AB30001CD153191B7A990718D092F91830002BA1
:10AB4000535DCCBF03F1FF3301335BB25355D4F8EF
:10AB5000443103EB0508012140461FF093F888F8C3
:10AB60000800D4F84421535DDB1BD376D4F844317C
:10AB70001A7CD2071ED541F22102ADF80020002236
:10AB80008DF804208DF808202188ADF806106A1C85
:10AB90008DF809205A578DF80A205A196846127AFA
:10ABA000C2F301028DF80B205B5DDF1B8DF80C708A
:10ABB00020F048FB29462046D4F8447126F068F876
:10ABC0003877D4F844315A7FFF2A1CBF00225A77C5
:10ABD000D4F84421517F4B1EDBB2FD2BB4F85C301E
:10ABE0001CD81375B4F85C30D4F844210233A2F8B1
:10ABF0001530D4F844311D4420462A7A9A76D4F888
:10AC00004431D3F81A30C6F80D3031460EF06AFCE4
:10AC1000012012B0BDE8F081DA76CBE7FF2903D13D
:10AC2000E17D09B90733E2E70133E0E770B5594D3B
:10AC30002B68D3F808420646002C00F08680D3F833
:10AC4000483203B1984794F850202B6803EB8203F5
:10AC50004FF48061D3F8FC21A24204BF0022C3F864
:10AC6000FC2194F8500022F093FF0023237026B1BA
:10AC7000012231462046FBF7BFFD2B680022C3F8B6
:10AC80000822A36E13B1204624F0B0FE2B68D3F83F
:10AC9000FC0118B9D3F80002002857D00278022A24
:10ACA00054D1FDF7F1FAA378D90716D5B4F80130DD
:10ACB00023F4817343F00203A4F80130204616F018
:10ACC00015FC204614F0C2FA204623F03FFE4FF058
:10ACD000007194F8500022F05BFFA26E002A4ED162
:10ACE000637862F382036370A3789A0618D5A37819
:10ACF000E6686FF34513A37096B9204614F0A6FAE0
:10AD0000204617F0CFFE637866F300032046637099
:10AD100023F00AFE4FF0807194F8500022F038FFC3
:10AD200063786FF3C3036370A3691BB15A7842F071
:10AD300020025A70A1782046C1F380010CF028F857
:10AD40002C6821F0E3F984F84C0270BD93F8F831D7
:10AD500023B100221146104627F0A7FE2B6893F876
:10AD6000F931002B9FD094F850004FF4805122F01D
:10AD70000FFF00221146012011F02AFB93E7A37870
:10AD80009B06B4D4204622F0EFFE2046FAF7CEFE12
:10AD9000AAE700BFCC0200202DE9F0430446C278A8
:10ADA000C36DA67A407C0D468DB05549002A5AD114
:10ADB00009688DF80000012091F8009091F8058055
:10ADC000B1F801E0B3F82CC0B3F8E470D3F8E610A2
:10ADD0008DF8020002208DF809008DF801608DF8D1
:10ADE00003908DF80480ADF805E0ADF807C0ADF82C
:10ADF0000A70039108A803F5E073995C1DF80260DE
:10AE0000714011540132102AF7D104AA08A928462A
:10AE100009F054FEE178231D04F10B02002951D101
:10AE200018689B88ADF804301368CDF80630938815
:10AE30000090ADF80A30039104AA684610231178F7
:10AE400010F8016B013B714013F0FF0302F8011B86
:10AE5000F5D1E26D02F5D87204A9284609F02EFE5C
:10AE60000DB0BDE8F0830A688DF80100012092F86A
:10AE700000E092F805C0B2F80110D3F8E4709A8DA2
:10AE8000B3F8E8808DF8020002208DF80900ADF8D3
:10AE90000E208DF80060CDF80370ADF807808DF8B6
:10AEA0000AE08DF80BC0ADF80C10002208A803F5DD
:10AEB000C073995C1DF80260714011540132102A70
:10AEC000F7D1A2E710689288ADF804201A689B8831
:10AED000ADF80A300023CDF806200393009004A9B2
:10AEE0006B461022087813F8016B013A704012F09B
:10AEF000FF0201F8010BF5D1E26D02F5B872ABE784
:10AF0000DC02002084B02DE9F84308AC84E80F008F
:10AF1000002023F07DFB8046012023F079FBDFF841
:10AF20004C910646022023F073FBD9F800100D7FE8
:10AF30000746002D59D1474C4748B4F8AC3043F090
:10AF40004003A4F8AC3020221D3125F085FF2022DB
:10AF50004249434825F080FF20224249424825F0DB
:10AF60007BFFB4F8A43065F34103A4F8A430B4F82F
:10AF7000A43065F30413A4F8A430B4F8A43043F06B
:10AF80008003A4F8A430B4F8A43065F30003A4F857
:10AF9000A430B4F8A43043F00203A4F8A4304FF670
:10AFA000FF7100201CF00CFF4FF6FF7101201CF018
:10AFB00007FF4FF6FF7102201CF002FF4146002000
:10AFC00023F038FB3146012023F034FB39460220C0
:10AFD00023F030FB46F40051012089B223F02AFB14
:10AFE000BDE8F843002004B07047012DD7D1194CBB
:10AFF0001948B4F8AC3043F04003A4F8AC30202238
:10B00000896925F029FFD9F80030154859692022AF
:10B0100025F022FFD9F80030134859692022114445
:10B0200025F01AFFB4F8A4306FF34103A4F8A4305C
:10B03000B4F8A4306FF30413A4F8A430B4F8A43027
:10B0400043F08003A4F8A430B4F8A4306FF30003F5
:10B050009DE700BF0024014100290141E495020160
:10B06000202901410496020140290141700200207B
:10B070002DE9F04786B007460E46564B1C6827F070
:10B08000CAF8682303FB0048D8F84C3073B138463F
:10B090009847044650B125F0EBFE012806D998F8F0
:10B0A000603013F0400F12D0451C03E08FB107F160
:10B0B0002C0400250023009301930293039304932F
:10B0C0008DF8143004F114072346684606E0002585
:10B0D000F0E73C460025EDE79F420AD013F8012B2C
:10B0E000202AF9D0A2F10901042988BF00F8012B18
:10B0F000F2E7684625F0BCFE8046002841D06F4646
:10B1000007EB00094FF0780A01E0B9450DD017F8B8
:10B11000010BA0F12D03DBB2012BF6D925F024FAA7
:10B120000028F2D107F801ACEFE79DF8003043F0BA
:10B130002003613B192B84BF78238DF8003008F180
:10B14000FF371DF8070025F00FFA10B978230DF826
:10B150000730ADBB08F1030372689342A8BF4FF0FC
:10B16000FF300BDA30680C23037080F80180424610
:10B170006946023025F070FE08F1020006B0BDE815
:10B18000F087D5B90020F9E730680C23037080F808
:10B19000018042466946023025F05EFE08F1010357
:10B1A0009D4228BF1D462A466946204625F054FE8A
:10B1B0002544002305F8013CDEE700202070DDE790
:10B1C0000023237008F1030372689342DCDB4FF025
:10B1D000FF30D3E7586C022030B5046894F8FF3094
:10B1E0000025D90793B0C4F868517BD523F001033B
:10B1F00084F8FF3004F5D27007F02CF894F814317D
:10B20000002B7CD094F8162184F81451002A70D1B8
:10B21000D4F81C311D688DB1298820460EF002FE3D
:10B220002A8895F8B4308DF8063041F2140168464A
:10B23000ADF80010ADF8042020F004F894F81731B0
:10B2400063B1002384F817313C4B94F818211B6834
:10B250001B68002A55D1298820469847D4F87C31AC
:10B2600033B1204601210DF0ACFF002017F0BAFBEE
:10B27000002120460DF0A5FF94F8F830022B19D1DB
:10B28000B4F8B0304BB1D4F8AC0008B11FF00AFFED
:10B290000023C4F8AC30A4F8B030B4F8C0304BB1DF
:10B2A000D4F8BC0008B11FF0FDFE0023C4F8BC3088
:10B2B000A4F8C030002384F8F83024F0C9FE18B98F
:10B2C0000121022012F0C4FF94F8153153B100237C
:10B2D00084F8153186226846ADF800208DF80430D8
:10B2E0001FF0B0FF94F8FF309A070DD4002013B080
:10B2F00030BD4FF6FF7120460EF094FD9EE71D46CF
:10B300009CE74FF6FF71A7E723F0020384F8FF30B4
:10B3100094F8F830002BE9D0084B1B685B6843B900
:10B32000204694F8471013F0C5FA204605F0A8FD12
:10B33000DCE7204698470028F2D0D8E7386D022095
:10B340002DE9F04704460D46D0F8843023F07E43C3
:10B3500023F47F0323F47F4323F0FE03012B1BD050
:10B3600001229246A36C1BB194F87130012B1DD0C1
:10B37000002025F076FE0146A66FD4F87C80B4F854
:10B380007670002026F018F83D4024D09EB3B4F922
:10B390007470D4F8449020E090F8863013F0030FD6
:10B3A0000CBF012200224FF0000ADBE7002ADFD0A9
:10B3B000002025F056FE0146A66C002E6AD0336AA6
:10B3C00013F0080F6AD10020A06425F0F5FF304685
:10B3D0001DF06CFFCCE70027B946BAF1000F0ED084
:10B3E00020461AF07FFD25B143462A464946384695
:10B3F000B047BDE8F08700252F46A946EDE7B4F831
:10B400005E30A4F86E302368A360E3602361636953
:10B41000E361236294F8843003F0810323F0800316
:10B4200084F8843094F8853003F0FE0343F002037F
:10B4300023F0040384F8853094F8863003F07B030E
:10B4400023F0080384F886300022A263626384F844
:10B45000832022654FF0FF31A1650121A4F860101F
:10B46000A4F86A10A4F85C20E26384F8732003F067
:10B47000030384F8713094F8873013F0080F08BF85
:10B48000626413F0100F04BF00232364002384F8C8
:10B490007030A8E7002025F08FFF69E70020A06446
:10B4A00025F08AFF64E702002DE9F047044601EB2E
:10B4B00001124FEA8208D0F88C3003EB82035D69F9
:10B4C00001EB81018F004FF00109636B1BB1032178
:10B4D00004F160009847D4F88C004044243024F0F4
:10B4E00009FB0646636B1BB1042104F16000984719
:10B4F000002E00F08580B388D80005EBC3025268A7
:10B50000002A69DA55F83320002A65D03189B6F867
:10B5100006902A58D4F8CC000240B4F9C80010585C
:10B520004A1E92B219B3DFF8E0E04FF0000C00BF02
:10B5300005EBC301D1F804A04AF0004AC1F804A009
:10B54000D1F804A00AEA0E0AC1F804A045F833C0F5
:10B5500001339BB2D4F8981039444989994298BF75
:10B560000023013A92B24FF6FF718A42E0D1036A9A
:10B5700023F008030362236B41F250020121984734
:10B58000E36F0133E36705EBC902536823F400431B
:10B590005360D4F88C304344A3F84090BFF35F8FDE
:10B5A00000233381F380B380636B1BB1032104F16B
:10B5B00060009847D4F88C0040443146303024F085
:10B5C000DAFE636B4FF00009002B3FF47EAF0421DD
:10B5D00004F16000984778E7636B1BB1032104F125
:10B5E00060009847D4F88C304344314603F124007E
:10B5F00025F0A2F8636B1BB1042104F160009847A9
:10B600004846BDE8F08700BF008000C02DE9F04F3C
:10B6100097B023F057F8504BDFF850911A886FF32A
:10B62000820283461A8000270BEB070323F0704346
:10B6300003934A4B1D7859F825404FF00208484BB8
:10B6400003EBC5030593002694B949F8254000246F
:10B65000A6426DD8B8F1010F76D0404B1D7885F029
:10B6600001054FF0010859F82540E8E74746DBE7B8
:10B67000039A6368D31A1A01E7D494F814A0BAF1B4
:10B68000000F2AD1042015F02DFE60B1227A6AF352
:10B6900045122272A26842600279E1688160530714
:10B6A00018D120F08BFC24F0A9FC2D4B049053F80A
:10B6B0003520D4F800A0EAB92A4B0093114605239F
:10B6C000EF2007F047FA049822F0D8FF00232375F3
:10B6D0005446B9E71BF0C0FCE5E71AF0020FE2D0D0
:10B6E0002369636016AA731C02EB860646F8404C79
:10B6F0009EB2D8E7944210D143F835A0BAF1000FBA
:10B70000E1D1059A03EBC5035A60DCE71A4623B979
:10B71000154B009301210523D2E713689C42F5D114
:10B7200023681360002BCED10D4B03EBC503EBE771
:10B7300016AB03EB84030022039953F8400C013449
:10B740000BF05AF9E4B283E7002F8FD0584617B0B8
:10B75000BDE8F04F10F0B6B8203E0141B76D0220B1
:10B76000886A0220F57703010D7803013C6B022003
:10B7700038B50D46144621F013FF002800F0A380D1
:10B78000002C00F0A280102D00F2A180DFE805F06F
:10B7900009121B242B32363B40474C72797E858C34
:10B7A000930090F83C3083F00403C3F380032370CC
:10B7B000012089E090F83C3083F00803C3F3C00314
:10B7C0002370012080E090F83C3083F01003C3F335
:10B7D00000132370012077E090F83C30C3F301039D
:10B7E0002370012070E090F83D30C3F38003237094
:10B7F000012069E0038A2380012065E0B0F854301D
:10B800002380012060E0B0F85830238001205BE005
:10B8100090F83E3003F001032370012054E090F8CB
:10B820005E30237001204FE090F83C2002F01C02B3
:10B830001C2A14BF0022012290F83E3013F0100F92
:10B8400018BF42F0020213F0200F18BF42F00402AA
:10B8500013F0400F18BF42F0080213F0040F18BF96
:10B8600042F0100213F0080F18BF42F020022270BD
:10B87000012029E090F83F30C3F305032370012035
:10B8800022E090F85F30237001201DE090F83F30F7
:10B89000C3F380132370012016E090F83E30C3F309
:10B8A0000013237001200FE090F83E30C3F34013E3
:10B8B0002370012008E090F83F30DB43C3F3C0134E
:10B8C0002370012000E0002038BD0020FCE70020AC
:10B8D000FAE7130005292DE9F74F81460D464FF091
:10B8E00000070ED0ADF800704FF0010A3E46042468
:10B8F000E3B25246042148460EF030FB002E7FD0C2
:10B900007BE0013201A96846019225F0F7FB01A90D
:10B910000DF1020025F0F2FB4846BDF800A01BF037
:10B920003CFF0446002878D1BDF80030002B76D0CB
:10B93000BDF802209A4272D3B9F8040027F0B2F899
:10B94000064608B91124D3E706F11003294601A8D9
:10B95000019326F057FE4FF00108334BBDF800501D
:10B96000BDF802001B681B68002B3DD09A89AA42D3
:10B9700002D99042F7D31546D989A942F3D35B681F
:10B98000AA1A03EB021B7DB3B8F1010F9BF80E302E
:10B9900039D103F00403002B14BF022701273946D5
:10B9A00001A814BF1224042426F02CFE4FF0020834
:10B9B000294601A826F02CFEA21E92B2DBF8001048
:10B9C00001A8A04425F04CFE1FFA88F8B9F804300D
:10B9D00008EB04029A4207DC0135BDF80230ADB233
:10B9E000AB42ADF80050B8D2B8F1010F1AD03246D0
:10B9F0004146484624F018F810B1304627F090F838
:10BA000003B0BDE8F08F5B0703D5012FEFD002270D
:10BA1000CEE7022FEBD00127CAE73E4668E706468D
:10BA2000012465E70A2463E7E401002030B597B0FC
:10BA30000C68082827D8DFE800F00542464B4F6421
:10BA40008D9B9F0015780295238801934C4B0093A2
:10BA5000022201235E21EC2007F07CF8252D04D082
:10BA600008D8022D12D0192D09D10221204605F047
:10BA7000E5FD04E0272D11D001D3292DF5D90021B2
:10BA8000204621F06CFC002017B030BD1621204666
:10BA900022F0C4FA002384F8E230F0E7E36F5A079B
:10BAA00006D523F00403E367002120461AF0C6FC04
:10BAB00094F8E230082B0CBF00210121D6E7204684
:10BAC0001EF042FADFE72221204622F0A7FADAE749
:10BAD000204624F0D9FAD6E7204625F051FB48B19C
:10BAE0001221204623F073FF0028CCD0042384F8D1
:10BAF000E230C8E794F86E3043F0020384F86E3009
:10BB0000C1E7D4F8443194F85C10187D8842BAD06B
:10BB100092F900201A76002120461FF05FFBD4F82E
:10BB20004431012101FA00F0D87520461FF056FB80
:10BB300001462046D4F8445125F0AAF86876B4F8B6
:10BB40005C30D4F844210133A2F81530204625F0AA
:10BB5000F6FA98E74FF48153ADF810302388ADF82A
:10BB6000143004A81388ADF816301FF06BFB8AE779
:10BB7000204608F03BFD86E7204620F067FA82E782
:10BB80006FDD03012DE9F04196B0044600230193D7
:10BB900002930393049305930693466803290CD0FC
:10BBA00003681B683F493046984723681B683E4935
:10BBB0003046984716B0BDE8F081154650681DF034
:10BBC000CFFB0746A0B126F01FFB8046AD68374982
:10BBD000284625F00CFB88B13549284625F007FB9F
:10BBE000002845D023681B68324930469847E1E772
:10BBF00023681B68304930469847DBE7384624F015
:10BC000043FE28B123681B682C4930469847D1E78A
:10BC1000002108460EF0D6FA01A91FF0BDF8029DDA
:10BC200005B31FFA88F0C0EB001005EB80050DF19D
:10BC30001C0E05F13008F44628686968AA68EB68AC
:10BC4000ACE80F001035E6464545F4D12868696830
:10BC5000AA68AEE807001A4B0F9307A938460BF005
:10BC600081FD12E023681B68164930469847A1E71A
:10BC7000384624F009FE28B923681B68124930466B
:10BC8000984797E738461FF0A1F828B123681B684A
:10BC90000E49304698478DE723681B680C493046AB
:10BCA000984787E7DC0E0001000F0001F018000143
:10BCB000301A0001A40F0001180F0001380F000115
:10BCC0007C0F0001540F0001840F0001C40F00011C
:10BCD000DC0F000138B505460C46002025F0C1F9FF
:10BCE0000146434B1B68C3B9424B1B68002B77D1FD
:10BCF000AB7D002B74D13E4B02221A60002025F050
:10BD00005BFBAB6813B10CB12368FBB926F0A2FB57
:10BD1000B0B90024364B1C6066E0012B04D000242F
:10BD2000002025F049FB5FE0324B1B68002B57DDFC
:10BD3000AA7D002A5AD101332E4A13600124EFE76D
:10BD400026F082FB2C4915F0F9F8E2E721F0A4FD7A
:10BD50002A4B1860A8682A4B18602568A288294BCE
:10BD60001A80E288284B1A80836804222946984763
:10BD7000264B1860D8B1264B1D60052225490A20A4
:10BD800018F0A4FC244B1860F0B11A4A1368013370
:10BD9000136001231A460021204817F0F9FE0128FC
:10BDA00018D10124134B1C60114B1C601CE026F0C1
:10BDB00051FB18B900240E4B1C6015E026F044FB23
:10BDC000174915F0BBF8F5E715F01CF80024084BEF
:10BDD0001C6009E015F016F80024054B1C6003E018
:10BDE000002025F0E9FA0024204638BD012497E719
:10BDF000E46B0220E06B0220B41B0001CC6B02203C
:10BE0000DC6B0220FA660220666B0220E86B0220DF
:10BE1000D86B0220A9270001D46B0220D06B02202E
:10BE2000E41B00012DE9F04104464568012904D0D6
:10BE30001746474E06F1C00852E00022444E454FD7
:10BE400018E023681B6839462846984723681B6812
:10BE5000B1682846984723681B68F16828469847C8
:10BE600023681B683C4928469847012218363B4BFB
:10BE70009E420AD07368002BF8D0002AE1D12368D3
:10BE80001B68374928469847DBE723681B68354914
:10BE900028469847344E06F124082E4F23681B6825
:10BEA00039462846984723681B6856F80C1C2846D4
:10BEB000984723681B6856F8041C2846984723684F
:10BEC0001B682549284698470C364645E6D1236825
:10BED0001B6826492846984732E01836464531D037
:10BEE0007368002BF9D07968B06825F080F90028D4
:10BEF000F3D177683368F3B10C374FF0000823684B
:10BF00001B6814492846984723681B6857F80C1C7F
:10BF10002846984723681B6857F8041C284698470A
:10BF200023681B680C492846984708F101080C371C
:10BF300033684345E3D823681B680C492846984773
:10BF4000BDE8F08123681B68094928469847F7E750
:10BF5000C0600220742200017C2200018061022066
:10BF600048220001842200016CE30301B022000199
:10BF7000B42200012DE9F04F87B00446164601EBCC
:10BF800081024FEA820BD0F8980030F82220002B73
:10BF900000F089805D1EADB201EB01134FEA830A08
:10BFA00000230193059203910FE0B1464FEA860802
:10BFB000D4F88C3053F80A3053F8263003B3013DDF
:10BFC000ADB24FF6FF739D4216D0D4F89810594485
:10BFD000D4F88C305344CA881B8A9A42E5D900238E
:10BFE000039A0989204611F057F80190B0F1FF3FFC
:10BFF000DBD1A36F0133A367019807B0BDE8F08FD1
:10C00000636B1BB1052104F15C009847D4F88C00E8
:10C010005044083023F06EFD0746636B002B45D07B
:10C0200004F15C020621049210469847002FC6D006
:10C030003B695B6823F003030293636B13B1052133
:10C0400004989847D4F88C3053445B6803EBC903D9
:10C0500000225A60D4F8983033F80B30013B9945F0
:10C06000D4F88C3053445B68029A08BF42F0020255
:10C0700043F83920636B1BB1062104F15C0098473B
:10C080000E4BBB60FC6000233B62D4F88C2052F85E
:10C090000A2042F808703B600136B6B2059BB342F5
:10C0A00098BF00268BE700230193A5E7002886D0E0
:10C0B0003B695B6823F003030293C3E7A598020181
:10C0C0002DE9F34180460C200F4615461E4626F00A
:10C0D00037FD0446002800F09380A0F800808770A8
:10C0E0008580284626F02CFDA060002800F0858081
:10C0F000A288314624F0B0FEA388B3F5297F16D874
:10C10000A278022A4ED1012B11D920883E4F21F06E
:10C1100063FC0828054615D13B6800250C331A78C6
:10C1200092B10135EDB2082D03F10C03F7D1A068EF
:10C1300026F008FD26F012FD204602B0BDE8F041D1
:10C1400026F000BD1FF00AFFA3683A6818880C2388
:10C1500003FB05F6043080B202EB060803F57E739C
:10C160009842A8F81200E2D826F0EAFC3B68C8F82A
:10C17000140033445A69002AD9D02288DA81002277
:10C180001A82DFF88480A288D8F800600C276F43F9
:10C190003E44308A738A811899420ADD28461FF08E
:10C1A000DDFEC4E7208821F017FC08280546E8D109
:10C1B000BDE77369A168184424F04EFEA288338A53
:10C1C0001344728A9BB29342338213D12188002296
:10C1D00001927069009001F5005189B240F203109C
:10C1E00020F0BAFDD8F8003020881F449B68796998
:10C1F0009847D3E70123337399E726F0ADFC9BE71B
:10C2000002B0BDE8F08100BFF46C0220F0B585B04B
:10C210000446019100263746354642E0013BA363C0
:10C2200023683BB123694BB925F048F90126304614
:10C2300005B0F0BD25F04CF9A060F3E704F1100063
:10C2400007F044FD0028EFD04FF0E0234FF080527C
:10C25000C3F8042DBFF34F8FBFF36F8FE4E725F0D2
:10C260002DF90026E3E702A824F016FC23E023F0D2
:10C2700061F8A06809F024FB064625F01FF940E0AC
:10C28000204610F077F9FDF71DFF09E0204610F079
:10C2900071F9FDF717FF204624F0F9FE002847D179
:10C2A000012723F047F8A36B002BB7D1019B002B8C
:10C2B000D5D0002FD7D025F001F925F0E1FC23F0EF
:10C2C00039F894F844305BB2B3F1FF3F08BF84F80B
:10C2D000445094F845305BB2B3F1FF3F08BF84F897
:10C2E000455025F0EBF801A902A812F0EBF900285F
:10C2F000CCD1204624F0CBFE0028C1D02368002BEF
:10C30000B5D0019904F1240023F036FD204610F049
:10C3100031F9FDF7D7FE0028C2D14FF0E0234FF0EE
:10C320008052C3F8042DBFF34F8FBFF36F8FB7E771
:10C33000002E3FF47CAF22F0FDFF616A19B1236B40
:10C340001968C1F10501A0680DF0D0FC25F0B6F820
:10C3500000266CE7F0B5144687B020B919B1002566
:10C36000284607B0F0BD002CF9D06268002AF6D04C
:10C370002268002AF3D03F4A3F4F11603F4A4049AC
:10C380001060404E404D41488BB9414A3B70D2F855
:10C3900000C0C1F800C00323B2F804C09279A1F82C
:10C3A00004C08A713370F8232B700E231EE05A7874
:10C3B000D2074BBF1A46364A52F802CFD2F800C015
:10C3C000C1F800C0B2F804C0A1F804C092798A7123
:10C3D000597811F0020218BF93F909203A701A78BF
:10C3E00032704E07DFD59A7ADB7A2A700370294BB8
:10C3F0000E221A7019F014FA224603AB52F8080FF5
:10C40000516803C390681860D4E90023590705D028
:10C41000D91D21F007011A44521A0B46CDE9012318
:10C4200021F002FBDDE9010118F048FB08F00EF8ED
:10C430000546002893D0184B4FF00072C3F88420B3
:10C44000BFF34F8FBFF36F8FA02183F83913C3F869
:10C4500084215A6007F018FA1EF016F901A814F0AA
:10C46000E7F9237BDB073FF57BAF1CF015FC0546A6
:10C4700076E700BF00020020FF0100200C02002030
:10C4800010020020FD010020EC0100200802002025
:10C490004C2A0401FE01002000E100E02DE9F04FEC
:10C4A00090F8199090F810A085B00446884600F1E5
:10C4B000280500F1410700F11B06B9F1030F45D82B
:10C4C000DFE809F0020A16162946002022F0F2FFE2
:10C4D000002384F8343039E0BAF1F00F03D1284654
:10C4E00025F0E6F828E03B688362BB88AB8023E058
:10C4F0009DF80830827E62F300038DF808303368BF
:10C50000CDF8093002A8B388ADF80D3017F09AF8CD
:10C51000834698B10DF1070102A818F01FFC94F8AA
:10C52000FD3023B19DF80710012000F01DFC2946C5
:10C530009DF8070023F08EF80123CAE7B9F1020F36
:10C5400041D1294622F0B6FF84F834B094F838304F
:10C5500013B1FF2384F834309DF80830A27E657E45
:10C5600062F300038DF808303368CDF809304FF0DE
:10C570000009B3888DF8079002A8023DADF80D3090
:10C580000DF0E8FF012D04F12E0722D808B30DF1BC
:10C59000070102A818F0E2FB9DF80710484600F0DA
:10C5A000E3FB394602A81BF0A3FD002384F8FD300D
:10C5B0000B4B196801EB88014B6A0BB12046984779
:10C5C00005B0BDE8F08FBAF1F00F88D03B68A362E8
:10C5D0008BE73368C4F82E30B388BB80E5E700BF33
:10C5E000386D02202DE9FF410546502026F0A8FABB
:10C5F0000446102026F0A4FA064604B150B9484B70
:10C60000009300220423C121EE2006F0A3FA04B017
:10C61000BDE8F081EA6D02F5C07204F11000136804
:10C620002360536863609368A360D368E360EB782A
:10C6300004F1300705F11208002B68D1E96D2022C2
:10C64000EB3124F009FC20224146384624F004FC5A
:10C65000E86D33465022214600F5E070F9F744FCBE
:10C66000314603A824F0F0FA03992E4AB1FBF2F305
:10C6700002FB13130393EB6D102283F86F20EB6D15
:10C6800032681A67204626F05DFA304626F05AFADC
:10C690000C20039C26F054FA01460028B7D0224A09
:10C6A000B4FBF2F303F13000887102FB13434FF443
:10C6B0007A7042F21072B3FBF2F33033CB71B4FBF9
:10C6C000F2F302FB1343B4FBF0F2B3FBF0F300FB15
:10C6D000124230336420B2FBF0F230320B724A72F5
:10C6E000B4FBF0F30A2200FB1343B3FBF2F3303345
:10C6F0008B72B4FBF2F302FB134430340223CC728E
:10C700000B702B888B800C2026F0C9F87FE7202245
:10C71000414624F0A1FBE96D2022EB3195E700BFF3
:10C720003C17040140420F00A08601002DE9F84F9C
:10C7300098464A4B1B68002B35D006460D461746D7
:10C7400011F0020932D14FF0FF31454825F004F9CC
:10C750008FB3444B1A68002A0ADD404B1C68A4F1D1
:10C76000040C00245CF8043F63B301349442F9D113
:10C770003B4824F0C5F84FF0FF3B6CE03A4B1B8878
:10C78000AAF810304FE0012E65D1B8F1000F62D049
:10C79000D8F80030CAF814309AF83D3043F001035D
:10C7A0008AF83D3057E04FF0FF3B54E04FF0FF3147
:10C7B0002B4825F0D1F81DF0E3FC0028D8D0B9466D
:10C7C0000746C6E7294B186883686022012198470D
:10C7D00082460028CCD00FFA84FBAAF812B01F4B77
:10C7E0001B6843F824A01E4824F08AF8AAF82A708F
:10C7F000AAF828908AF85C600323AAF85430AAF8B3
:10C8000058309AF83D3066F305138AF83D3015F03C
:10C81000800FB3D00023AAF810309AF83D3043F0CF
:10C8200002038AF83D3015F4807F05D09AF83D3038
:10C8300043F008038AF83D3015F0010FA3D09AF8B1
:10C840003C3043F01C038AF83C309AF83E3043F009
:10C8500080038AF83E305846BDE8F88F9C6B022072
:10C86000886B0220986B0220E2670220946B022002
:10C870002DE9F84F064602EB02134FEA8308D0F881
:10C880008C4004EB8304E78FD0F8983002EB8202EF
:10C8900003EB82035D89B4F84030BB424FD9DB1B08
:10C8A00098B200297CD00A46002301339BB212685B
:10C8B000002AFAD1984246D3D6F8A4A0D4F814900E
:10C8C0003B46002409EBC30059F83320002A65D108
:10C8D000426802F0404242608A6849F83320D0F84A
:10C8E00004C08A89C2F30D0242EA0C02426001339D
:10C8F0009BB29D4298BF002309680134A4B200296D
:10C90000E0D1D6F88C204244D387FBB905F1FF3B38
:10C910001FFA8BFB09EBCB02536843F400435360CF
:10C92000D6F88C004044303023F0E4F8014604810E
:10C93000A0F806B08780FCB1013DADB211E05819F6
:10C94000C01B80B2ADE70320BDE8F88F013B1FFAA2
:10C9500083FBDFE70BF1FF3B1FFA8BFB013CA4B22B
:10C9600054B109EBCB02536823F000435360BBF191
:10C97000000FEFD1AB46F1E7D6F88C0040442430ED
:10C9800023F0F9FCBFF35F8F0AF5805ADAF8003024
:10C9900043F40073CAF800300020D5E70320D3E742
:10C9A000D6F8A4A0D4F814903B460024A9E700BF11
:10C9B0002DE9F0418AB0174602294FF000020646E1
:10C9C0000D468DF804208DF8052020D9013302A9E9
:10C9D0000DF10600029324F091FB3046DDF808804B
:10C9E0001AF0DBFE044630B93946BDF8060019F0EE
:10C9F00041FC0446C0B1122F06D19DF804301BB98A
:10CA000054B9304619F077FF0AB0BDE8F081122F13
:10CA1000ADF80620F8D10424E3B2BDF806201221B7
:10CA200030460DF09BFAEFE704AA03A9BDF8060013
:10CA30001FF034FA002859D0049B5B68D3E9011237
:10CA4000107825F085F9039A0346D27B30881021AF
:10CA50000BF096FA84B2002CCDD1039A937B928985
:10CA6000033D13F0080FADB232D1AA4232D103F028
:10CA70002103202B30D03388ADF81C30BDF80630B0
:10CA8000ADF81E300023ADF820308DF825300DF1C3
:10CA90000502039B059301A905A8ADF822508DF866
:10CAA0002470CDF8188006F0CBFF039B9A7BD1074A
:10CAB0000446A0D400289ED12A465868414624F056
:10CAC000CBF9039B9A7B120795D59B681D8092E753
:10CAD000AA42CCD20D248EE7BDF80620414630464E
:10CAE0000FF018FB0446002885D1C4E7012482E733
:10CAF0002DE9F843002800F092800C4616460546C2
:10CB0000A1B1006E3F2800F28D806A6EB3186B668B
:10CB10009A4202D9AB6E0133AB6605F1200770B9BA
:10CB20004FF0000926F03F08A04441E0002A0CBF66
:10CB30004FF000096FF0AC094846BDE8F883C0F13A
:10CB40004008B04528BFB04642462146384424F04C
:10CB500083F92B6E43442B664444A6EB0806402B16
:10CB600002D04FF00009DDE705F11C0105F15C0082
:10CB700051F8042F130A03F0FF13120202F0FF22F0
:10CB800013434FEA33430B608142F1D139462846C3
:10CB9000F3F746FA814610B900232B66C2E7002658
:10CBA000C0E739462846F3F73BFA81460028C3D14F
:10CBB000444528D023463A4604F14009D3F800E022
:10CBC000D3F804C09868D968C2F800E0C2F804C07D
:10CBD0009060D160103310324B45EFD14034403E6D
:10CBE00005F11C0105F15C0051F8042F130A03F054
:10CBF000FF13120202F0FF2213434FEA33430B608C
:10CC00008142F1D1CDE7B9F1000F95D1002E93D03B
:10CC100032464146384624F01FF92E668CE76FF005
:10CC2000AC0989E76FF0830986E700BF2DE9F04F73
:10CC3000092989B007460D4601D0172927D10132AD
:10CC400005A904A8059224F059FA05A90DF11200CE
:10CC500024F054FA03A8022205A924F0F7FC384670
:10CC6000DDF81490BDF810801AF097FD002874D1FB
:10CC7000BDF81030002B72D0BDF812209A426ED34E
:10CC8000B88825F00FFF044680B9112005E0002484
:10CC9000ADF810404FF001080420C3B2424606210F
:10CCA00038460DF05BF9002C54D050E004F110032D
:10CCB000072105A8059325F0A5FC073DADB2012687
:10CCC000DFF8A0B00DF11C0A06AB0093CDF804A06C
:10CCD00003AB0222BDF81210BDF810000FF0D4F91A
:10CCE00058B30222594603A822F0D0F80028EBD10D
:10CCF000069B9A681288AA4211D12A46494658686A
:10CD000022F0C4F858B9079B05A8998925F080FC42
:10CD1000079B05A8D98925F07BFC0436B6B2BA88F2
:10CD2000331D934209D8079BBDF81220DB890133DC
:10CD30009BB29A42ADF81030C2D2012E01D10A2026
:10CD4000ABE722463146384622F06EFE10B120464F
:10CD500025F0E6FE09B0BDE8F08F00249DE704460B
:10CD600001209AE78E5103012DE9F34107460C4655
:10CD7000C92501F00706032101A810F0CFF99DF89D
:10CD80000630DFF81C8103F07F0343F040038DF889
:10CD9000063000BFD8F800309900FBD43B4B1A880E
:10CDA00042F040021A801A8842F020021A8017B11D
:10CDB000204602F0C9F8364BD3F8682F66F31242CA
:10CDC000C3F8682FB3F86C1F87F0010262F300010B
:10CDD000304AA3F86C1F11689DF8040060F3070146
:10CDE000116011689DF8050060F30F211160116852
:10CDF0009DF8060060F317411160D3F8682F42F4E4
:10CE00008002C3F8682F00BFD3F8682F5202FBD40A
:10CE1000D8F8003013F0807F1F4B1B6814BF1F2011
:10CE20000020013D13F0020F18BF1F2015F0FF0571
:10CE300001D01F289FD02FB3184B1968144B06251B
:10CE400005FB0411D3F8A42F81F84321D3F8A42FB4
:10CE5000C2F3072281F84421D3F8A42FC2F307427A
:10CE600081F84521D3F8A42FC2F3076281F8462147
:10CE7000D3F8A82F81F84721D3F8A83FC3F307239D
:10CE800081F8483102B0BDE8F08100BFC4340141EF
:10CE900000240141103401418C340141E80200209A
:10CEA0003034014130B482B00D4609B100230B602B
:10CEB000002863D00478002C62D04FF0000C411C95
:10CEC000604663460FE0032B16D02E2C3AD0092A79
:10CED0005ED80133DBB24FEA0C2C62F3070C11F879
:10CEE000014B002C5CD0A4F13002D2B2002BEAD16D
:10CEF000092AEED9002044E02E2C47D1364B9C4520
:10CF000001D900203DE000F108030DEB0304CCF350
:10CF1000074303EB830303EB8302CCF3072303EB09
:10CF200083035B0003EB8203634404F8043C013099
:10CF3000C0B24FF0000C11F8014B8CB3032823D87A
:10CF40000023D0E7244B9C4501D9002019E000F1D3
:10CF500008030DEB0304CCF3074303EB830303EB5C
:10CF60008302CCF3072303EB83035B0003EB820311
:10CF7000634404F8043C0130C0B2DAE7002000E06A
:10CF8000002002B030BC70470020FAE70020F8E72C
:10CF90000020F6E70020F4E70120F2E70020F0E7A8
:10CFA0000328FBD10C4B9C45F4D8CCF3074303EB8F
:10CFB000830303EB8302CCF3072303EB83035B00C0
:10CFC00003EB820363448DF80730002DE4D0019B0E
:10CFD0002B600120D5E700BF050502002DE9F047D1
:10CFE000D0F8A49090F89C30002B00F08980044683
:10CFF00000252F4610E000BFD4F88C302B445B682E
:10D0000023F0030309F5805293610137443594F806
:10D010009C20FBB29A4271D9D4F88C302B44002268
:10D02000DA609A601A6107EB87084FEA8806D4F83D
:10D030009810236A042231F82810E06998470028E4
:10D0400060D0D4F88C205051D4F8983033F8283080
:10D05000FBB1002213461146D4F88C002844818786
:10D06000D4F88C0040598150D4F88C002844406892
:10D0700040F81210D4F88C002844406800EB4200BD
:10D08000416001339BB20432D4F89800805B98422F
:10D09000E2D8D4F88C202A4403F10053013B5168B4
:10D0A00051F8332042F0020241F83320D4F89810AE
:10D0B00031444B7C012B9FD15FFA87FA5246498855
:10D0C00020460FF0E9FF0346F0B9D4F898309919DB
:10D0D00000235246898820460FF0DEFF034698B9A8
:10D0E000D4F8983033F82830002251462046FEF715
:10D0F00041FF034600283FF47FAF05E0002303E033
:10D10000002301E04FF0FF331846BDE8F08700BF71
:10D11000464B1B6803B970472DE9F04F83B0814639
:10D120004FF0FF31424824F017FCB9F814304FF0AB
:10D13000010A0AFA03FA3F4B1B68002B3ADD002470
:10D140003D4F3C4E03E0013433689C4232DA3B6889
:10D1500053F82450002DF6D0D5F82480404625F011
:10D160005AF80028EFDB0123834013EA0A0FEAD0C4
:10D170000121B5F912000CF0C5F8002023F071FF71
:10D180000146D5F84CB02B6D0193B5F85A200092AA
:10D19000002024F011F9BBF1000FD4D0009A12F452
:10D1A000005FD0D0019B4FF400524146B5F9120008
:10D1B000D847C8E799F81630022B31D11B4B1C68B1
:10D1C000013C1C60002C2BD11A4B1B68002B0EDD80
:10D1D000194E184D05E018F05FFE01342B68A3428C
:10D1E00005DD336853F824000028F4D1F5E7134B2C
:10D1F0001868114CC3682168984700232360104BBE
:10D20000186820B125F00EF80D4B00221A6000239B
:10D210000A4A1360074A1360054824F094FB02E0B1
:10D22000034823F06DFB03B0BDE8F08F906B022044
:10D23000886B0220986B02209C6B0220946B02206A
:10D240008C6B02202DE9F04FADB00D46DDF8D88093
:10D25000DDF8DC908DF80730C2F3571303F0FF13AD
:10D26000D10201F0FF210B434FEA33432A9312F01E
:10D270001F0318BF012301218DF8AF1013EB521BC0
:10D280006BD007469246002644E09DF8AF3001334C
:10D290008DF8AF3004222AA90BA81BF0DDFA044652
:10D2A000002847D19DF80730042B08D001220DF14A
:10D2B00007010BA81BF0D0FA044600283AD14A46D1
:10D2C00041460BA81BF0C8FA044698BB389B0BB12B
:10D2D000399B9BBB03A90BA8FBF72EFA04460BA8AE
:10D2E00015F0BBFD9CB9BAF1200F30D90DF10C0C33
:10D2F000BCE80F0028606960AA60EB60BCE80F0022
:10D3000028616961AA61EB61AAF1200A2035013622
:10D31000B34523D0FA6FB96F0BA812F06FFE044625
:10D32000E0B901220DF1AF010BA81BF095FA0446FC
:10D330000028AAD00BA815F090FDE8E71A46389906
:10D340000BA81BF089FA04460028F3D1C2E7524625
:10D3500003A9284623F080FDD9E7012403AB002070
:10D360000BA91A46013310708B42FAD1201E18BF48
:10D3700001202DB0BDE8F08F70B5044688B000885C
:10D3800021F008FB002800F087800568D5F844618B
:10D39000002E00F08380D6F8223023B9092007F050
:10D3A00027FBC6F82200D5F84431D3F82220002A02
:10D3B00076D0A378FF2B69D0E1780B441370D5F8B1
:10D3C0004431E178D3F82220A3785B1A5370D5F862
:10D3D00044316179D3F8222023790B449370D5F836
:10D3E00044316179D3F8222023795B1AD370D5F8C0
:10D3F0004431E288D3F822309A80D5F84431D3F80A
:10D400002220137A43F001031372D5F84431D3F884
:10D41000222000239371D371D5F84421D2F8221031
:10D420000A7A42F020020A72D5F84421D2F822107A
:10D430000A7A42F006020A72D5F84421D2F8221084
:10D440000A7A42F018020A721D46E388069363794D
:10D45000059323790493E3780393A37802932388B5
:10D460000193104B0093022201235521EC2005F07B
:10D4700071FB45B10C4B0093019501230022FD2166
:10D48000EC2005F067FB284608B070BD1370D5F896
:10D490004421D2F8222099E70225D6E71A25D4E7BD
:10D4A0000725D2E74224030148C8030138B590F8A4
:10D4B000E230012B04460D460ED1D0F8B4316BB9E1
:10D4C000082007F095FA2A46C4F8B40152F8013F43
:10D4D00003605368436001E0032BF1D03E4B697851
:10D4E0001B681A780A4084F8ED20A9785A780A4017
:10D4F00084F8EE20E9789A780A4084F8EF20DA7808
:10D5000029790A4084F8F0206A791B79D4F84451CB
:10D510001340E26F84F8F13042F00802E267002D18
:10D520003CD113F0060F39D0262007F061FAC4F879
:10D53000440198B34FF07E330360D4F84421536024
:10D54000D4F844314FF002329A60D4F84431DD60AF
:10D55000D4F844311D74E27DD4F84431002A37D127
:10D56000072159759A75D4F84421002313751B4A75
:10D57000D4F8441150794874D4F8441190798874DF
:10D58000D4F84411D279CA74D4F8442182F82230F4
:10D5900082F8233082F8243082F8253094F8EE3077
:10D5A0001B075CBF40F64803A4F85A31E37D73B90A
:10D5B000D4F8F03003F48413B3F5004F01BF94F8AE
:10D5C000F23023F0500343F0500384F8F23038BDBA
:10D5D0005D759D75C7E700BF70020020EE02002058
:10D5E0000378012B00D07047F0B595B044682378DC
:10D5F000002B5ED1A3780BB115B0F0BD414B1E6876
:10D60000331F002553F8042F1AB10135082DF9D125
:10D61000F2E72F46202025F08DF946F82500394BFA
:10D620001E6856F8250018B12022002124F0CCF8FD
:10D6300056F82750002DDFD0A3882B80A379AB703C
:10D64000281DD4F807306B60B4F80B20637B2A8167
:10D6500083710123EB700AF0EBFDA877082809D14C
:10D66000A388ADF8063001238DF8043001A81AF024
:10D6700021F9C1E74C22002101A824F0A5F801A955
:10D68000A87F04F09DFB0028EAD19DF84C10C1F35F
:10D6900000029DF8003062F34103C1F3400262F3DF
:10D6A00000038DF800306A46890828881AF052F87D
:10D6B000D6E7012BA0D100238DF804306088ADF8A7
:10D6C00006001EF0EBF860B1827F8DF808201CF098
:10D6D000AFFC0D4B1B78002B8ED00C4D00240A4E56
:10D6E00008E008238DF80830F3E701343278E3B21C
:10D6F0009A4281D955F8043B002BF6D001A89847EF
:10D70000F3E700BF686B022004000020080000203F
:10D71000F8B5837D032B78D00C463D4B1B682BB1AD
:10D720003B4A1368013313600120F8BD8268394B0E
:10D730001A600023384A1360384A1360384A13606D
:10D7400053609360D3601361364A136053609360F3
:10D75000354A1360354A136053609360D360136198
:10D76000334A136000293DD00B684BB94FF0FF34AA
:10D7700024F070FE002841D112F008FC0020D4E70C
:10D7800000222C49032016F0A1FF244B186060B33F
:10D79000234821F0E3F910B96FF00204E8E72348C9
:10D7A00025F0ACF820B31B4B186883681022216861
:10D7B00098471D4B1860F0B11A4825F025F81A4B10
:10D7C0001D68236853B10026164F2946384623F0BA
:10D7D0001FF8103501362368B342F6D8164B0022E5
:10D7E0001A609DE74FF0FF34C2E76FF00104BFE716
:10D7F0006FF00304BCE76FF00404B9E724F024FEE3
:10D8000022460E4913F09AFBB6E701208DE700BFD0
:10D81000F86B0220086C0220FC6B0220046C0220D2
:10D82000C4690220A86A0220006C0220B0690220AC
:10D83000F46B0220B9460101F06B0220281C0001A4
:10D84000F0B585B0494B1D68002D7AD004460E46D0
:10D850001746002878D00378002B78D023F008FBF7
:10D860003F2877D869462046FFF71CFB002874D173
:10D8700069462046F3F7A4FC002870D121462868A9
:10D8800014F066F8044600286BD0012E18D01C2E28
:10D8900014BF03220222AFB9237813F0020F26D15E
:10D8A00094F82A3032EA030310D1238813F0800F52
:10D8B0005AD113F4807F14BF6FF0040001203BE0C5
:10D8C0003246E8E7237813F0020F10D112F0010F6F
:10D8D0001CBF002384F8263012F0020F1CBF002367
:10D8E00084F82730238823F080039BB208E00023CC
:10D8F00084F8263084F82730238823F4C0739BB241
:10D9000023800023A36184F8286094F82A100A4336
:10D9100084F82A20EA69A260E26084F82B306B6800
:10D9200063B10120400084F82C00EB8C0133EB84C0
:10D9300021462846F2F7FEFF05B0F0BD24F042FD77
:10D94000F0E76FF00500F7E76FF00800F4E76FF01D
:10D950000800F1E76FF00800EEE70220ECE7022094
:10D96000EAE76FF00700E7E70020E5E7446C0220F4
:10D97000F0B540F2FF7681EA030C16EA115E1EBF95
:10D98000B64516EA1355B54252D021EA465141F444
:10D990008011A1FB024723EA465343F48013AE44AF
:10D9A000A0FB03650CF0004C36197D41A1FB034739
:10D9B00047F10003A0FB0217F619654153F100037C
:10D9C000094218BF46F0010640F2FE74B3F5007F2D
:10D9D00013D2AEF5806EA64523D24CEA033128035C
:10D9E00041EA155140EA16503203450872F10042EF
:10D9F00050F1000051EB0E51F0BDAEF2FF3EA645D6
:10DA00000FD24CEAC321E80241EA555140EA565090
:10DA1000F202450872F1004250F1000051EB0E5144
:10DA2000F0BD1EEA0E0F2DD50CF000410020F0BD18
:10DA300016EA115F04BF01F000410020004218BF48
:10DA400041F0010116EA135F04BF03F00043002216
:10DA5000124218BF43F0010306EA1354B44218BF40
:10DA6000B64503D00CF000410020F0BD21F000418C
:10DA700023F00043B1EB065F0CD8B3EB065F09D887
:10DA800041B13BB10CF0004141F0FE4141F4700165
:10DA90000020F0BD40F20001C7F6F8710020F0BD93
:10DAA000F8B5494B1E68002E78D00446306800282F
:10DAB00077D0002C78D02368002B78D06368002BB7
:10DAC00078D023F01CFF0546002876D0037813F0A9
:10DAD000010F75D06268013A016A206824F05EFE89
:10DAE000236862681344002203F8012CEB69E361A8
:10DAF00095F8293023622B8813F0800F42D02275CD
:10DB0000F2697369002B38D09B1AAA681344A36189
:10DB100095F8263073B10023228A9A420AD92A69DD
:10DB200052F82310A26842F82310013395F82620FA
:10DB30009A42F1D8636295F82730DBB10023628AFC
:10DB40009A4217D91801E66806EB03126F6907EBD2
:10DB5000031157F800E0D1F804C08F68C96846F88F
:10DB600000E0C2F804C09760D160013395F8272027
:10DB70009A42E4D8A3620020F8BDAB69A9680B44BF
:10DB80009B1AC4E713F4807F14BF6FF004030123D2
:10DB900023750020A0616062A062EDE76FF00500D0
:10DBA000EAE76FF00500E7E76FF00800E4E76FF0E1
:10DBB0000800E1E76FF00800DEE76FF00200DBE746
:10DBC0006FF00300D8E700BF446C022070B5431E1D
:10DBD00013F10A0F5DD800F1080410F0070305D017
:10DBE000A3F10902A24254D31030C41A24F048F819
:10DBF0003B4B1B68002B53D0002C0ADB84B1394B04
:10DC00001E68A6420FD338490B6811E04FF40C335D
:10DC100051E0FCF757FA23F0E7FE0025284670BDD7
:10DC2000FCF750FAF7E7FCF74DFAF4E7194613460C
:10DC30005A68A24202D21A68002AF7D1284A12680A
:10DC40009A4223D00D6808351A680A605868001B8C
:10DC5000102805D91A1950605C60086818510A60CC
:10DC60005968761A1F4806602048006886423CBF03
:10DC70001E48066041F00041596000221A601C4AAB
:10DC8000136801331360FCF71DFAC7E7FCF71AFAB3
:10DC9000C1E723F0F5FF124B1B68002BC0D1002415
:10DCA000144A12F0070FB1D0D11D21F0070102F57F
:10DCB0000C32531A0A460C4802600021416013449A
:10DCC000083B23F007030648036059601960991A5E
:10DCD00051601360054B1960024B19608CE700BF5F
:10DCE000A46C0220A06C0220046B02209C6C022019
:10DCF000986C02208C0300202DE9F04383B0414B47
:10DD00005B78012B32D0092B78D0002B74D13E4B9D
:10DD1000986821F043FF002820DB02286ED124F010
:10DD200051FB071E16DD0024DFF8F490A0462046C4
:10DD300020F062FA064624F04BFB0546304624F0FC
:10DD4000E1FD03462A464946404613F0F7F8013400
:10DD5000A742ECD12B4B01225A704FE02B490020F7
:10DD60001DF01CFF274B09225A7047E024F02AFBC4
:10DD7000B0F1000942DD264F0026DFF8888010E070
:10DD8000022388F8023088F80130B8F90430B3F182
:10DD9000FF3F04BF032388F8033001360437B14541
:10DDA0002CD0304620F028FA054622F05BFB28B341
:10DDB000284622F04AFB04463B689842E0D038608F
:10DDC000284624F005FB014600201DF0E7FE11491E
:10DDD00000201DF0E3FE230E0193C4F307430093DC
:10DDE000C4F30723E2B20C49002013F0A7F80B4953
:10DDF00000201DF0D3FEC3E7F8F796FF03B0BDE89F
:10DE0000F08300BF88000020180000206026000179
:10DE1000E8730220BC260001CC260001DC260001AC
:10DE20008C2600012DE9F043B9B00E4618AF402210
:10DE300004460021384623F0C7FC96F90120002350
:10DE4000520093426FDB96F90040E5B26A0000236E
:10DE500052B2184659B28A426DDC002860D006F1F1
:10DE6000040922463946484620F0EBF801286DD1D6
:10DE700007EB040822464146484620F0E2F8012814
:10DE800064D12346424628A806F018FC28A9684613
:10DE9000F5F7A2FE2022002110A823F095FC96F9A8
:10DEA000008003233A4608AC8DF84030394643469B
:10DEB00028A806F003FC28A92046F5F78DFE434666
:10DEC00010AA214620461EF083FC18B14A4620467F
:10DED0001FF06FFA16F9843B3A46214628A806F04F
:10DEE000EDFB28A92046F5F777FE4346324621464A
:10DEF00020461FF05EFA28B94246484620F0A1F8B5
:10DF0000012805D043464A46214620461EF060FCC3
:10DF10006B1E5BB200201A0611D5B0FA80F04009E2
:10DF200039B0BDE8F08338A91944E05C01F8800CF1
:10DF30000133DBB285E7F95C013308438AE71DF85A
:10DF40000320E15C4A401043013BE4E70020E7E79F
:10DF50002DE9F04182B005460C461746002A3AD119
:10DF60000026B04670220021204623F02DFCA86830
:10DF700018B104F13C010BF0CFFD04F11801E86881
:10DF8000FEF790FF04F11C012869FEF78BFF04F1F6
:10DF900020016869FEF786FF04F12401A869FEF7F5
:10DFA00081FF04F12801E869FEF77CFFAB6A636436
:10DFB000002B4FD01A8862809B7884F86530013B33
:10DFC000DBB2032B10D90123002F47D183F00100CE
:10DFD00002B0BDE8F08107226731684624F0DEFB1D
:10DFE000666DB4F85880BDE76B68186859689A6820
:10DFF000DB68E06221636263A36304F12C001AF022
:10E00000CBFAAB8CA4F8483094F8433043F01003BB
:10E0100084F84330A98C20461FF055FFB0B1636AE5
:10E020002361A36A636194F8423043F0200384F8CB
:10E030004230A98C20461FF033FF68B994F8423073
:10E0400043F0080384F842300023BDE720461EF069
:10E050000DFDE4E70123B7E70023B5E70098C4F816
:10E060006700BDF804109DF80620A4F86B1084F832
:10E070006D206665A4F85880A8E72DE9F7430E46A1
:10E080000421074614461DF0DDFA002878D107F177
:10E090005C0004F0DFF8052E72D997F84C3094F844
:10E0A0000180F22B04F10204019469D14FF48270D3
:10E0B00024F046FD0546002862D004230370023E8A
:10E0C0003B888380B8F1010FB6B23BD116F0030450
:10E0D0003FD1A14601A9684623F010F801A90DF12E
:10E0E000020023F00BF8BDF80230A3F52453FF2BF8
:10E0F00007D8019B53F8042C2B190434C3F80A20C9
:10E10000A4B209F104091FFA89F909F10403B34221
:10E11000E0D9B7F84620BDF800108A4233D9013162
:10E1200089B2A7F84410384611F07EFC2CB30023C6
:10E1300085F806802C8185F8FF30042128461FF0E1
:10E1400077FD1DE01223B6FBF3F403FB1464A4B2C5
:10E150008CB1B7F84630ADF800300024D9E701990A
:10E160006846194424F048FA1FFA89F303F11209AA
:10E17000B145F4D9CDE72346F8E7284624F0E2FC80
:10E1800003B0BDE8F0830023002C7B6487F84C309B
:10E1900008BF4FF00008012385F8FF302C8185F877
:10E1A0000680CAE7F7B5C56800891EF0B1FE0446CF
:10E1B000002800F08780C66D002E00F08380AB88B9
:10E1C0002868ADF8043000906B4606251A78013DAA
:10E1D000303A15F0FF0503F8012BF7D19DF8012027
:10E1E0009DF800309DF803109DF8047042F2107005
:10E1F0005043354A02FB03039DF805201344642273
:10E2000012FB01329DF802304FF47A7101FB0323B7
:10E210000A2101FB073106F16F0024F097FCE26D43
:10E22000C2F87350C2F87750C2F87B50E36D0122F8
:10E230009A7094F85730E16D83B391F8713091F88A
:10E2400070201B0443EA022391F86F2013438B6272
:10E25000E36D83F82650E36D93F82620996AD14048
:10E2600001F0010141F08001204605F0B5FFE3789F
:10E27000E16D3BB901F5D871204603B0BDE8F0402F
:10E2800013F086BFCB7813B9002003B0F0BDCD707A
:10E29000E36D9D70E16D01F5B871EDE7E3782BB9A1
:10E2A0006F312046FCF778FDE16DE3E7CB78002B7A
:10E2B000EAD0CD70E36D9D70E16D20466F31FCF7C3
:10E2C0006BFDE7E70120E0E7A086010070B586B0AE
:10E2D000044600230DF1120105A8ADF812301DF01F
:10E2E0009DFE059B94F85020039394F85130CDE99E
:10E2F0000143002A65D13B4B009302231A467E213D
:10E30000EC2004F027FC19F09FFD637843F0010333
:10E31000637094F85330012B4FF000051DD16378E2
:10E32000E66984F8535043F004036370059BF61AC2
:10E330002D4B1A6892F8403203F58E73C6F3160619
:10E3400032F8135040F2391105F27125B5FBF1F5A1
:10E350000135B5422CBF0025012563699C4202D0DE
:10E360005B78DB0729D595B31F4BBDF81200196800
:10E3700091F8402202F58E7240F27123734331F816
:10E38000126006EB9006C6EB5306E3690293059B09
:10E390000193164B009302231A467F21EC2004F0D0
:10E3A000D9FB314604F13800646400F08FFB20464D
:10E3B0001CF0CAFF20460FF0CBFF1FF049FB06B050
:10E3C00070BD0B4B009302231A467F2198E720462D
:10E3D00020F0CEFA0122294694F850000DF0F8FF03
:10E3E000EBE700BF70CD0201CC020020D3CD0201CB
:10E3F000A2CD02012DE9F341089D04461F4609B153
:10E40000002A35D0E06EC8B93B68AB4213D17B68B7
:10E41000216A5B1B9AB291420DD8E561B2F5487F43
:10E420004FEA4525E565636A01D1A36202E09342A4
:10E43000FBD3A262012002B0BDE8F081D1B100257A
:10E44000BC46FF212B464FF6FF7E93420ED0DCE9FF
:10E450000006361A206A06EA0E08404555D8A0780C
:10E460004007C6F3160647D5F5B21946FF2905D170
:10E470000020E0E7D7E90035ED1AEDB2637813F03C
:10E48000040F0EB22AD194F85020012A42D1626AB8
:10E4900095423FD91B073DD402210DF106000EF035
:10E4A0003DFE636ABDF80620C3F101032B44B2FBB5
:10E4B000F3F503FB152557F8363053FA85F5C5F308
:10E4C0001605E561E3695A02E26594F85220012AD3
:10E4D00001BFA26D9B18C3F31603E36107EBC603EC
:10E4E000E2695B689B1A9AB2B2F5487F626AA0D073
:10E4F0009BB29A429DD398E794F850000128B3D17B
:10E50000B0B2854201D2F5B219460133DBB20CF14B
:10E51000080C9AE757F83630E361D3E72DE9F74363
:10E52000D0F84C318046002B55D120F0D3FF98F81D
:10E5300048314FF4207202FB030020F07040C8F80D
:10E540004C01002140461AF027FB002870D00B2117
:10E55000002020F002FC014600286BD0364A292317
:10E56000037312680023C0F80D30C0F81130A0F812
:10E5700015301278314812F0080237D007684FF092
:10E58000010C9946D7E918620192BA6D06EA020EAB
:10E59000FA6D019E164006EA09050EEA0C0454EADB
:10E5A00005024FEA430001EB930200F0060014BF9E
:10E5B0000126032686400133507B1CEB0C0CDBB29A
:10E5C00040EA060049EB0909252B5073DAD1404691
:10E5D0000AF088FF06E020F07DFFD8F84C31C01A21
:10E5E0000301A2D5002003B0BDE8F083D0F800C03D
:10E5F000012300254FF0030EDCE9164003EA040670
:10E6000005EA000756EA07000BD101EB920450001F
:10E6100094F80D9000F006000EFA00F040EA0900B0
:10E6200060730132DB18D2B26D41252AE4D1CEE706
:10E630004320D8E70720D6E73803002070020020E7
:10E6400030B5C36D5A78012A89B0044601D0042A36
:10E6500012D10021204605F0BFFDE06D102200F52B
:10E66000B87100F5F07020F011FC80B10421204653
:10E670000DF000FA09B030BD022A08D193F8262027
:10E68000996AD14001F0010141F08001E3E7E26DB8
:10E690005378042B0BD12046FDF7A4FF2046F9F751
:10E6A00019F9002211462046F3F746F8E2E7012B5C
:10E6B0000ED12046F9F70EF9002211462046F3F755
:10E6C0003BF8E16D204601F5E87115F083F9D1E7DB
:10E6D000022B31D192F82630122B27D86846202100
:10E6E0000EF01CFDE56D6B4603CB05F5E072C5F839
:10E6F000C001516003CB9060D160E26D92F826308A
:10E70000013382F82630E36D93F82620996AD140D0
:10E7100001F00101204641F0800105F05DFDE16D51
:10E72000204601F5D87113F033FDA3E72046F9F731
:10E73000D1F8E26D6F32C0E7032B9BD12046F9F789
:10E74000C9F8E36D997809B103F16F0193F8E520F9
:10E75000002AB3D0024B1B689A684032AEE700BF74
:10E76000DC020020002858D0454B1B683BB9454AC5
:10E77000D2F8643F43F00103C2F8643F70479A0740
:10E780001FBF4049D1F8642F42F00102C1F8642F45
:10E7900013F00C0F1FBF3B49D1F8642F42F0020267
:10E7A000C1F8642F13F0300F1FBF3649D1F8642F22
:10E7B00042F00402C1F8642F13F0C00F1FBF3149AB
:10E7C000D1F8642F42F00802C1F8642F13F4407F9F
:10E7D0001FBF2C49D1F8642F42F01002C1F8642FFA
:10E7E00013F4406F1FBF2749D1F8642F42F0200275
:10E7F000C1F8642F13F4405F1FBF2249D1F8642F82
:10E8000042F04002C1F8642F13F4404F36D01D4A45
:10E81000D2F8643F43F08003AEE71A4BD3F8642F7D
:10E8200060F30002C3F8642FD3F8642F60F3410251
:10E83000C3F8642FD3F8642F60F38202C3F8642F07
:10E84000D3F8642F60F3C302C3F8642FD3F8642FA6
:10E8500060F30412C3F8642FD3F8642F60F34512F9
:10E86000C3F8642FD3F8642F60F38612C3F8642FC3
:10E87000D3F8642F60F3C712C3F8642F704700BF4A
:10E880005C6D0220002401412DE9F04F8BB00D4654
:10E890000493D1E901132F68D5F80C900390002957
:10E8A000A8BF27F002079246B8BF012117F0100257
:10E8B0000592DAE9006232D056EA02002FD0A3F1C5
:10E8C000020B2C69029617F0080004F1FF3418BF00
:10E8D0000BF1FF3B9046002209F8042006905A46AF
:10E8E000012C1EDC059A002A51D1069A1AB1013C6E
:10E8F000202209F804202A6903980097013A121B84
:10E9000009EB040110F0BEFA039B5B68DB0503D53D
:10E910006B689842B8BF18460BB0BDE8F08F9B46B5
:10E92000CFE7029850EA080008D1A1EB0B00104491
:10E93000002803DC002AD5DDB807D3D50298049E51
:10E9400000F00F000928A6F1410CD4BF3030573039
:10E95000BCF1190F04F1FF340ED840F0200CACF1DB
:10E96000610CBCF1190F07D8CDE90813079223F009
:10E97000D7FCDDE90813079A09F804000298060994
:10E9800046EA0870013A02904FEA1818A8E7DAE957
:10E9900000210A43A9D009EB0402049902F8011CE2
:10E9A000023C302209F804209FE710002DE9F84FBF
:10E9B0000446924601EB01124FEA8208D0F88C30EF
:10E9C00003EB82035D6901EB81018F00636B1BB177
:10E9D000032104F160009847D4F88C0040442430AF
:10E9E00021F088F80646636B1BB1042104F1600036
:10E9F0009847002E65D03189B388B6F8069055F84F
:10EA00003320D4F8CC000240B4F9C80010584A1E94
:10EA100092B211B3DFF8B0E04FF0000C05EBC30188
:10EA2000D1F804B04BF0004BC1F804B0D1F804B0F9
:10EA30000BEA0E0BC1F804B045F833C001339BB2AA
:10EA4000D4F8981039444989994298BF0023013A73
:10EA500092B24FF6FF718A42E0D1036A23F00803B5
:10EA60000362236B41F2500251469847D4F8843038
:10EA70000133C4F8843005EBC902536823F4004322
:10EA80005360D4F88C304344A3F84090BFF35F8FB9
:10EA900000233381F380B380636B1BB1032104F146
:10EAA00060009847D4F88C0040443146303021F063
:10EAB00062FC636B002B89D0042104F1600098474D
:10EAC00084E7BDE8F88F00BF008000C02DE9F34166
:10EAD0000E46044650B93F4B0093024605230421DD
:10EAE000EF2004F037F802B0BDE8F0811FF07EFDA2
:10EAF00021F084FA760080461FF0E4FD40F2E14305
:10EB00009E42257A92BF022640F27121B6FBF1F6B1
:10EB1000AB060644074626F0704609D445F02005AA
:10EB20006660257201223946204607F065FF18E02D
:10EB300015F0070518BF0125274B53F825209442EF
:10EB4000194619D1254A1278AA4222D163681A1AA5
:10EB500044BF03F180531A1A012A08D802232375EF
:10EB60002661404602B0BDE8F0411FF087BD236832
:10EB700041F825300CF0A6FE194B53F83520194604
:10EB80005AB9184B009311460523EF2003F0E2FF1A
:10EB90000CE0226843F82520EEE7A2420FD122685C
:10EBA00043F8352012B903EBC5056D606660B9E71F
:10EBB0001A4623B90C4B009301210523E5E713689E
:10EBC000A342F5D123681360002BEFD101EBC505FB
:10EBD0006A60EBE7E07703013C6B0220B76D02202F
:10EBE000886A0220F57703010D78030170B5284D7E
:10EBF000284E2846002123F0A7FF274B274A1E62F4
:10EC0000274E5E62274E9E620426DE62264E1A6002
:10EC1000264A5A60C3E90C65254A264D26499A6062
:10EC20009D63264A264DDA60264A5A61C3E90F5190
:10EC3000254A264D9A615D64254A264D264819616C
:10EC4000C3E91252254DDA610024C3E9145004705F
:10EC5000234898652348C3E9170123495966234986
:10EC60002348C3E91A12234A1A67234A5A67234AD8
:10EC70009A67234ADA67C0E90043224B8360012286
:10EC8000214BC36002740821BDE8704015F06EBED0
:10EC9000A26D0220B42B0401D86302208E5103011F
:10ECA000942B0401C22B04012E3A0301C42B04014E
:10ECB000C62B0401C02B04012645030102000001FC
:10ECC00002002011DB2A0401BA2B0401D12A04011D
:10ECD00005000001B62B0401BD6D0220B02B04011C
:10ECE000BC2B040101000311D62A0401B82B040136
:10ECF000646A0220B22B0401986A0220BE2B040130
:10ED000010000201902B04011000170070B590F85C
:10ED10001931856888B004460BB11AF0EFFF94F8FA
:10ED2000FA3094F8F860D3B13A4B1A686FF30002E6
:10ED30001A60A3F24C4321461A686FF3DB621A6033
:10ED400000200AF049F92146002000F05FFE94F807
:10ED50004730012B03D104F5C67003F07BFA2E4A2D
:10ED600000952E4D2E490023137084F8FA308DF84B
:10ED700006302B88ADF8043008226B46012012F0D3
:10ED8000B8FC2B88274D13F0280F3AD1022E38D02B
:10ED900094F81911A9BB94F84720012A31D013F433
:10EDA000C27F1ED013F4C07F08BF012120460CF0A3
:10EDB0002FF8D4F8983013B101232B7014E02B7086
:10EDC000194B94F894201B78013A93421CDA0133D2
:10EDD000DBB284F8543004EB83035B6EC4F89830E4
:10EDE000EAE72B78002BEBD01822002102A822F0B2
:10EDF000EBFC02238DF8083001238DF80A3002A8BD
:10EE000003E02B78002BEFD10020FBF70FFF08B0B9
:10EE100070BD00BF583E01412003002004030020C4
:10EE20000000010114030020060300202DE9F04733
:10EE30000446002970D00D46002022F012F9014648
:10EE4000B5F912603E4B1B68002B72D0002E72DBAE
:10EE50003C4A1268964270DA53F82630AB4201D031
:10EE600001255CE0A38E4BB14FF00009A4F834906B
:10EE7000C8464F464FF0010A002514E0B5F85A3055
:10EE800013F0010F1FD0EF6CD5F85080D4F8289004
:10EE9000EB68A3421CD0B5F85630013BA5F85630BC
:10EEA0004FF0000A0125002022F086FABAF1000F87
:10EEB00028D1002D39D127B1434601224946304699
:10EEC000B847BDE8F0874FF000084746C146DFE786
:10EED000236900229A8195F83D3013F0020F19BF83
:10EEE0001346A4F854302B68AB60236A23F0080360
:10EEF00023624FF0000ABFE74FF000084746C246C2
:10EF0000C146D0E7236A43F0400323620122214631
:10EF1000A06A11F0ABFFD4E700210D460E46002D8C
:10EF2000EAD14FF000084746C14620461AF0BEF924
:10EF3000C1E70125F3E70125F1E70125EFE700BF70
:10EF40009C6B0220986B022070B5444B1C68444BAC
:10EF5000272101FB0042D3F8845F92F8226066F318
:10EF60001F65C3F8845FD3F8885F92F8236066F367
:10EF70000705C3F8885FD3F8885F92F8246066F3CA
:10EF80000F25C3F8885FD3F8885F92F8256066F391
:10EF90001745C3F8885FD3F8885F92F8266066F358
:10EFA0001F65C3F8885FD3F88C5F92F8276066F31B
:10EFB0000705C3F88C5FD3F88C5F92F8286066F37E
:10EFC0000F25C3F88C5F92F82960D3F88C5F66F345
:10EFD0001745C3F88C5F92F82A60D3F88C5F66F30C
:10EFE0001F65C3F88C5F92F82B60D3F8905F66F3CF
:10EFF0000705C3F8905F92F82C60D3F8905F66F332
:10F000000F25C3F8905FD3F8905F92F82D6066F3F8
:10F010001745C3F8905FD3F8905F92F82E6066F3BF
:10F020001F65C3F8905FD3F8945F92F82F6066F382
:10F030000705C3F8945F92F83050D3F8942F00FB83
:10F04000011165F30F222144C3F8942F897AD3F874
:10F05000942F61F31742C3F8942F70BDE80200208B
:10F060000024014138B50446414B1D6872B6BFF318
:10F070004F8FBFF36F8F17F03BFF08B962B638BDF3
:10F080004FF0E02306221A619A690AB9394B1A68CF
:10F090002B46A54228BF2346581E3649096801FB66
:10F0A00000224FF0E021D1F8041D11F0806F08D04C
:10F0B0004FF0E0214FF00074C1F8044D2D4909686C
:10F0C000521A2D490968914238BF521A4FF0E02177
:10F0D0004A6100248C610C6944F001040C6123B185
:10F0E000BFF34F8F30BFBFF36F8F62B6BFF34F8F49
:10F0F000BFF36F8F72B6BFF34F8FBFF36F8F4FF0B9
:10F10000E02106240C61096911F4803F1FD0194BDE
:10F1100019684FF0E0239B690B44013B9B1A164A88
:10F1200012689A4201D2994200D24B1E4FF0E0225F
:10F1300053614FF0E02300229A6107221A610D4AC1
:10F140001268013A5A611AF091FA62B697E74FF0E5
:10F15000E024A169074A126802FB03F3581AB0FBC6
:10F16000F2F000FB0222C91A0A446261E1E700BF23
:10F170008C6C0220906C0220886C022070B586B0E6
:10F18000038801930546414B0093EC2001230222A2
:10F190004C2103F0DFFC28881FF0FCFB00286ED018
:10F1A0000468E37D012B03D194F8ED30990768D50D
:10F1B00020461EF0E7FE002846D0302005F018FC5F
:10F1C000C4F8B4016B880380AB884380EB888380EC
:10F1D0002B89C3806B890381AB89438194F86D309F
:10F1E0001A0755BF94F8F2306FF3C30343F00103DD
:10F1F00084F86D3058BF84F8F230064623F06EFA7A
:10F2000001281FD97388628FD4F8CC009A421ABFA4
:10F2100040F2E2415943002121F0D3FFA4F8A800B5
:10F22000B4F8A82032B17188B2FBF1F301FB1323CB
:10F23000A4F8A83020461BF0DCFC20B300242046B4
:10F2400006B070BD0023F3E728686968AA8902AB9D
:10F2500003C3A86818609A80204602AB0E220121E1
:10F2600014F038F904460028E8D0094B00930194C3
:10F2700001230022FF21EC2003F06CFCDFE70224D5
:10F28000F3E71A24F1E70724EFE700BFA0DA030150
:10F29000BADA0301837D032B77D070B582B00446C0
:10F2A0003B4B1B6833B13A4A1368013313600120AA
:10F2B00002B070BD374E22220021304622F084FA7F
:10F2C000B51E4FF6FF7326F8023CA368C6F812304D
:10F2D000238873800022304910461BF031F8C6F8AD
:10F2E0001E00C8B140F24D122C490E2015F0EEF967
:10F2F000A86188B1002247F25F61012023F075FA0E
:10F300000446B0F1FF3F07D02880002347F25F6238
:10F31000012106F023FD18B916F0A2FE0020C7E770
:10F32000002347F25F620121204601F0ABFA00287A
:10F33000F2D0012200212046EFF770FE0028EBD02A
:10F340004FF400736B800DF1060205212046FCF797
:10F350000FFA6A88BDF80630934205D2052120468F
:10F36000EFF75CFE0028D7D001220D4B1A72032163
:10F370002046EFF753FE00230A4A4FF480712046DF
:10F3800018F0C5FF00288ED1C6E70120704700BFE6
:10F390005C6C02203A6802208D9403010D3E01014D
:10F3A000386802203710040170B5044686B00E227A
:10F3B00000210DF10A0022F007FAE06D02A9B0F871
:10F3C000B030ADF8083000F1A0024F3005F076FB08
:10F3D000E16D2046A03118F0BFFD102023F0B0FBF6
:10F3E000054680BB334B009302460423C521EE2023
:10F3F00003F0B0FB102023F0A3FB0546102023F000
:10F400009FFB064605B180BB2B4B009300220423D3
:10F41000C421EE2003F09EFB102023F091FB054653
:10F4200078B11022002122F0CFF90123AB70E06DFA
:10F43000294600F1D3024F3005F040FB284623F067
:10F4400081FB06B070BD032300F8013B0F220021B1
:10F4500022F0BAF9E06D294600F18F025F3005F025
:10F460002DFB284623F06EFBC4E7E26D52F8B23F55
:10F470002B6053686B600023AB60EB60E06D32463D
:10F4800029468F3005F01AFBE26D337892F8B01000
:10F490004B4082F8B030E26D737892F8B1104B4077
:10F4A000284682F8B13023F04DFB304623F04AFB6A
:10F4B000B2E700BF85C803019CC80301F0B587B05F
:10F4C0000446456801290DDD56683349304621F070
:10F4D0008EFE90B13149304621F089FE00283ED0A1
:10F4E00007B0F0BD03681B682D492846984723687C
:10F4F0001B682C4928469847F2E7002108460AF085
:10F5000061FEB0F1FF3F05D023681B6826492846FD
:10F510009847E5E7254B1E68DEB1EC460FCEACE818
:10F520000F0096E803008CE8030023685B6820491D
:10F5300028469847694600200AF044FE23681B6865
:10F540001C491D4AB0F1FF3F08BF114628469847A5
:10F55000C6E723681B68194928469847C0E7002179
:10F5600008460AF02FFE0646B0F1FF3F05D123689A
:10F570001B68134928469847B2E7124F39461BF0DB
:10F580000BFC0A4B1F60304620F05CFB23681B68B5
:10F590000D4928469847A3E7F0180001301A0001EA
:10F5A000000E0001240E0001400E0001B86B022085
:10F5B000740E0001E80D0001D40D0001540E00018D
:10F5C000A00E000138690220C80E000100286FD08B
:10F5D00070B5A4B00D461446064600296BD0002A2B
:10F5E0006CD0436913F1020F15D1B4F5803F68D890
:10F5F000337C012B68D122462946F068F2F79EFC45
:10F6000002280FD000285AD003284CD0022333748C
:10F610006FF0C60053E013F049FE6FF48773984211
:10F620004DD1E2E78023029304AB019320230093A2
:10F63000274B3022274901201DF0F4FA014690BBE8
:10F640000DF10F0224480DF18F0E00BF12F8013F9B
:10F6500010F801CF83EA0C0319437245F6D111BBB0
:10F66000242204A9304612F0A5FA48B1012004ABC7
:10F6700000240DA91A46013314708B42FAD1C1E758
:10F68000242104A811F08EFC0028F0D1202205A925
:10F69000F06806F0C4FB0028E9D122462946F0684C
:10F6A000F2F74CFCE3E7032333746FF0D00006E07D
:10F6B0006FF0AC0070476FF0AC0000E0002024B0A9
:10F6C00070BD6FF0AC00FAE76FF0C600F7E700BF5F
:10F6D00074F303011CBD0301CFDE02012DE9F041EB
:10F6E00092B01E464B7906930B790593CB78049321
:10F6F0008B7803934B7802930B780193384B0093EC
:10F7000080460C461746012302222021EC2003F0FC
:10F7100021FA23F019F800283CD1B8F1010F4DD09F
:10F7200033463A462146404611F048FF00284AD168
:10F7300022F022F80546002850D19DF8203068F3C9
:10F74000000360F341038DF820302368CDF82130A9
:10F75000A388ADF825303B68CDF827307B68CDF81D
:10F760002B30BB68CDF82F30FB68CDF833303368D1
:10F77000CDF837307368CDF83B30B368CDF83F3003
:10F7800008A8F368CDF8433013F0ECF9284612B01E
:10F79000BDE8F081134D2B689B6C984760B92B68CE
:10F7A000DB6C984740B92B681B6D984720B92B68D4
:10F7B0005B6D98470028B0D00C2505E0637903F015
:10F7C000C003C02BACD01225074B00930195012339
:10F7D0000022FF21EC2003F0BDF9D7E70725F3E76E
:10F7E0000AD3030138020020B20C04012DE9FF47BF
:10F7F0003C4E336890461A7882468946002A5AD190
:10F80000B8F1000F02D15B78002B54D0402005F0F6
:10F81000EFF80546202005F0EBF80746002D5FD0F5
:10F8200000285DD0304C1EF0E1FE226801231377E2
:10F830003268514613702846202221F00DFB202209
:10F840004946A81821F008FB2368B8F1000F1FD023
:10F85000264A9A611B2020F041FCE0B123F0EAF82F
:10F8600001462846FEF7DEFAA8B928461BF01AFC26
:10F8700038461BF017FC122402AB05221C498DF8F8
:10F880000C40012011F035FF204604B0BDE8F087A0
:10F8900003F11D02DDE72368C3E9047511F0BEFD25
:10F8A000044648B13368002228461A701BF0FAFB60
:10F8B00038461BF0F7FB0C240E4B00930222012369
:10F8C0003421EC2003F046F9002CDDD00A4B0093E4
:10F8D000019401230022FD21EC2003F03BF9D3E742
:10F8E0000724E9E738020020700200208429030180
:10F8F00001050101301E040108DB030138B5324A5D
:10F90000137813F001045DD143F0010313702F4B02
:10F910002F4A5A6240F2016005F06AF82D4D2860C6
:10F9200010B90724204638BD2B4B00F5C0626A6031
:10F93000596A80B260F30F015962996992B262F319
:10F940000F019961FF204FF4C063AC60C5E9033338
:10F9500005F04EF868610028E3D0204BC3E900436E
:10F960001F4BC3E900431F4BC3E900431E4B1B223F
:10F970001A801E4B02F22D121A801D4B4FF00112FD
:10F980001A604FF448621A815C601A4B18222146B3
:10F99000184621F019FF8268174B02F0F801174A48
:10F9A0001C700A4382601649042022F055FE19F0AB
:10F9B00093F8144822F062FE14F0D6FB124B70222A
:10F9C0001A80AFE70024ADE7BB6D02203C020020A7
:10F9D000392C0201800200200024014198020020FD
:10F9E00078020020C40200209E6D0220A06D02203B
:10F9F000BA020020A0020020BC6D022001016104B7
:10FA0000F10E0101BDE80301B802002038B50D4632
:10FA1000002872D001F12804204613F0E5FD3C4B8C
:10FA2000A86A1860AA8D3B4C9A80B4F86C3F43F0EA
:10FA30004003A4F86C3FD4F8683F43F48063C4F8F3
:10FA4000683F95F847200B2A05F11B0019D840F6AE
:10FA50009203D340DB4313F0010312D1D4F89C2F5F
:10FA6000A97E63F31842C4F89C2F20F099FB28204C
:10FA700003F04EFDD4F8643F43F40073C4F8643FD0
:10FA800038BD95F82130032B0FD8DFE803F00216BC
:10FA9000232D204BD3F89C2F40F2FF1161F3184225
:10FAA000C3F89C2F0020FEF75DFE1B4B1868002852
:10FAB000E6D1BDE8384003F02BBD164BD3F89C2FA0
:10FAC000202161F31842C3F89C2F082003F020FD89
:10FAD0000120E8E70F4BD3F89C2F082161F318426F
:10FAE000C3F89C2F2020F1E70A4BD3F89C2F6FF32B
:10FAF0001842C3F89C2F2820E8E7064BD3F8642F60
:10FB000060F34922C3F8642FBDE83840FEF72ABEEF
:10FB1000AC330141002401415C6D02202DE9F0412C
:10FB200084B004468846019200273E4637E04146AD
:10FB300020461EF05FFC013DA56323692BB921F02F
:10FB4000BDFC012004B0BDE8F08104F1100004F018
:10FB5000BDF80028F3D04FF0E0234FF08052C3F8F7
:10FB6000042DBFF34F8FBFF36F8FE8E721F0A6FCA2
:10FB70000020E7E702A820F08FFF1AE020460CF0F3
:10FB8000F9FCFAF79FFA09E020460CF0F3FCFAF7CB
:10FB900099FA204621F07BFA002844D101271FF072
:10FBA000C9FBA56B002DC2D1019B002BDED0002F1D
:10FBB000E0D021F083FC22F063F81FF0BBFB94F847
:10FBC00044305BB2B3F1FF3F08BF84F8446094F85F
:10FBD00045305BB2B3F1FF3F08BF84F8456021F0C8
:10FBE0006DFC01A902A80EF06DFD0028CCD12046C5
:10FBF00021F04DFA0028C1D0019904F1240020F031
:10FC0000BBF820460CF0B6FCFAF75CFA0028C5D128
:10FC10004FF0E0234FF08052C3F8042DBFF34F8F15
:10FC2000BFF36F8FBAE700208CE77047F8B50F215C
:10FC3000084619F0B3FB00B9F8BD00F002033B4AD7
:10FC40001468002CF8D023B9394F3A4E40F2C665FB
:10FC500056E01DF021FE05461DF00AFE2A4600234F
:10FC60001CF08CFB0746E0612668F368002BEBD0A4
:10FC7000002507E08B68FB1A934215D20135F36823
:10FC80009D42E1D22946304621F039FE01460378F3
:10FC900013F0010FF2D0038813F0800F08D06269CF
:10FCA000002AE7D18269E5E7204616F067F9E5E723
:10FCB00013F4807F15D1C268BA1A012ADED9C76051
:10FCC00090F82B2090F82C00904203D843F48073D6
:10FCD0000B80D3E7013281F82B202046F0F72AFE73
:10FCE000CCE7C3689F42C9D0204616F047F9C5E764
:10FCF0002046EBF715FC00BFB4F924001EF01DFFF1
:10FD0000B4F924001DF074FC002895D0B4F9260045
:10FD10002B463A463146003818BF01201FF04AFAF8
:10FD2000B4F92630002BE7D0E2E700BF446C022094
:10FD3000D0080401A0210001F0B5D0E96DC7152954
:10FD40000CBF61463946B0F858610D894A89B0F850
:10FD50005A318C88B1F806E0B54228BF3546934247
:10FD600028BF13460A88944228BF14464A88724521
:10FD700028BF7246B0F85EE0AE450BD1B0F862E045
:10FD80009E4507D1B0F864E0A64503D1B0F866E01F
:10FD9000964555D01A2D27D81B2590F8E260A0F87B
:10FDA0006050B0F86050A0F85E50132E20D1ACF82F
:10FDB00008501A2C22D81B24A0F86440447EE40684
:10FDC00026D5B2F5A47F1DD24FF4A472A0F8662008
:10FDD000827ED20627D5B3F5A47F2AD24FF4A4732E
:10FDE000A0F862300120F0BDB54228BF3546D4E707
:10FDF00090F8E460132E08BF3D81DAE7FB2C88BF42
:10FE0000FB24D9E7C9889142E0D2B0F85A21DDE756
:10FE1000B2F5296F02D24FF42962D7E7C9888A4226
:10FE200028BF0A46D2E7B3F5296F02D24FF42963FF
:10FE3000D6E7B0F85A219A42D2D2A0F86220D1E790
:10FE40000020D0E7FFFFFFFFFFFFFFFFFFFFFFFFE7
:10FE5000FFFFFFFFFFFFFFFFFFFFFFFFFFFFFFFFB2
:10FE6000FFFFFFFFFFFFFFFFFFFFFFFFFFFFFFFFA2
:10FE7000FFFFFFFFFF00010203040506070809FF5B
:10FE8000FFFFFFFFFFFF0A0B0C0D0E0F10111213E7
:10FE90001415161718191A1B1C1D1E1F20212223AA
:10FEA000FFFFFFFFFFFF0A0B0C0D0E0F10111213C7
:10FEB0001415161718191A1B1C1D1E1F202122238A
:10FEC000FFFFFFFFFFFFFFFFFFFFFFFFFFFFFFFF42
:10FED000FFFFFFFFFFFFFFFFFFFFFFFFFFFFFFFF32
:10FEE000FFFFFFFFFFFFFFFFFFFFFFFFFFFFFFFF22
:10FEF000FFFFFFFFFFFFFFFFFFFFFFFFFFFFFFFF12
:10FF0000FFFFFFFFFFFFFFFFFFFFFFFFFFFFFFFF01
:10FF1000FFFFFFFFFFFFFFFFFFFFFFFFFFFFFFFFF1
:10FF2000FFFFFFFFFFFFFFFFFFFFFFFFFFFFFFFFE1
:10FF3000FFFFFFFFFFFFFFFFFFFFFFFFFFFFFFFFD1
:10FF4000FFFFFFFFFF0001020407030605007047E3
:10FF50002DE9F0418AB005464468002302930193DD
:10FF6000039305930493069308930793099304F16D
:10FF70008C07DFF8E08038461FF0CAFD0646B0B1B6
:10FF8000C07B4FF4B0724146022814BF002001200C
:10FF90001EF0FCF833699D4204D0314604A820F0DD
:10FFA000F7F9E8E7314601A820F0F2F9E3E704F1B8
:10FFB0008C0304AA07CA83E80700019941B102260D
:10FFC000334601AA20460FF051F801990029F7D1D4
:10FFD00004F19807DFF87C8038461FF099FD06464B
:10FFE000B0B1C07B4FF4B0724146032814BF00206B
:10FFF00001201EF0CBF833699D4204D0314607A89A
:020000040102F7
:1000000020F0C6F9E8E7314601A820F0C1F9E3E79E
:1000100004F198030AAA12E9070083E8070001998E
:1000200041B10326334601AA20460FF01FF801997B
:100030000029F7D100232B80FF232B736A68D38814
:10004000013BD3806A68938823F0040393800AB04D
:10005000BDE8F081C80704012DE9F0430578012DC2
:1000600085B0044656D05DB1032D64D0394B1B6872
:100070001B68002B42D0204605B0BDE8F04318476E
:100080008578002DF2D1334B1F68984607F1100395
:1000900053F825605FFA85F99EBB0C2022F050FDD5
:1000A0002A1D47F82200D8F8003053F82230A3B1B7
:1000B0001E609E605E60D8F8003003EB850540212D
:1000C0002B69198129690123CB71296981F8029073
:1000D000D8F8001051F822108B72D8F8003053F87D
:1000E000223093B923780293A38801931A4B00938B
:1000F000002204235321EE2002F02CFD05B0BDE8C0
:10010000F0830135082DC3D1ECE7A2881A80A279CB
:10011000DA70ABE7468830461CF0C6FD024630B9BF
:100120000E4B0093CDE9016504235421E3E7807869
:100130001EF014FA9AE7468830461CF0B5FD0246D8
:100140000028EDD0237913B90123C3728EE7002371
:10015000FBE700BFD8010020F421030125220301A1
:100160002DE9F04786B081460E4617461EF012FC78
:10017000002871D00468D4F84431002B6ED00021DF
:1001800020461BF02BF8D4F84431804616B11A569D
:100190007E2A07D0002F53D003EB080292F90420E7
:1001A0007E2A4DD120461DF0EDFE00283AD0D4F82D
:1001B00044311A7C66F300021A74D4F844311A7C74
:1001C00067F341021A74D4F84421012303FA08F3B7
:1001D000D375D4F8443100251D7641462046D4F825
:1001E00044A120F055FD8AF81900204622F0BCFCFD
:1001F0001B4B0093CDE90267CDF804900123022246
:100200005421EC2002F0A6FC45B1164B0093019559
:1002100001230022FD21EC2002F09CFC284606B0C0
:10022000BDE8F08705AB042207212046ADF8149005
:100230008DF816608DF8177013F04CF90546D7E766
:100240001A7C66F300021A74D4F844311A7C67F3FE
:1002500041021A740025CBE70225C9E71A25C7E732
:100260000E9F030148C8030170B586B006460D46CF
:100270001EF0BCF9782022F063FC044600286FD001
:100280007822002121F0A0FA3146282204F1500002
:1002900020F0E2FD236EA66E646103F59C72636E2E
:1002A00003F59C7340F271215B00B3FBF1F36362D1
:1002B000E36D5B0A0036E3614FEA4202B2FBF1F202
:1002C000226218BF01261FF005F994F85030CDE9DD
:1002D0000360002B3AD194F85130CDE90143214B12
:1002E000009302231A467E21EC2002F033FC94F89E
:1002F0005030012B09D1782022F022FC064620B193
:100300007822002121F060FA2661637843F0080327
:100310006370236C03F0F80343F480232364002309
:10032000C4E902336364236F1B7A042B03D04BB9F7
:1003300094F8503033B90C4B1A6892F842320133BA
:1003400082F842322C60002006B070BD94F8513023
:10035000CDE90143054B009302231A467F21C3E7F1
:100360000720F1E79CEB0201CC020020DAEB02014E
:10037000837D032B65D070B504460D46334B1B6857
:100380006BB9836883B100295DD001231A4600212F
:100390002F4813F0FDFB012812D0002003E00133A9
:1003A0002A4A1360012070BD22F054F808B90020D9
:1003B000F9E722F049F8274910F0C0FD0020F2E7E4
:1003C00000222549092014F081F9244B186008B354
:1003D000A06883680422298898470646F8B100205F
:1003E00020F03FFE0146A2681D4B1A602A881D4B73
:1003F0001A606A881C4B1A801C4B1E60134A1368D3
:1004000001331360002020F0D7FF114820F078FA64
:100410000120C8E70E4821F096FA0020C3E722F039
:1004200019F840B90A4821F08EFA0C4B186821F0EF
:10043000F9FE0020B7E722F007F80D4910F07EFD25
:10044000F0E7012070470020ADE700BF906B02206D
:10045000886B022058050001D12601018C6B022017
:10046000946B0220986B0220E26702209C6B0220B2
:100470007C0500012DE9F04782B005464668012958
:1004800006DC4FF000094FF004080120019027E03E
:1004900013460022019201AA0A21586812F096FD23
:1004A0000198431E022B04D800F101084FF0010906
:1004B000ECE72B685B68032227493046984702B077
:1004C000BDE8F087B9F1000F05D02B685B683A46AC
:1004D0002249304698470198013001904045EED2BC
:1004E0001F4B53F820700021C0B220F03DFF04469E
:1004F0000028E7D00369984703462A68D2F804A089
:100500003A4618493046D0472B685F6863692046F1
:100510009847024614493046B8472B68D3F804A0E0
:10052000A369204698470746E36920469847034653
:100530003A460E493046D0472B685F68236A20460A
:10054000984702460A493046B8472B681B68094954
:1005500030469847BFE700BFC40C0001E80C00011B
:10056000D01B04010C0D0001440D00016C0D0001B5
:10057000A40D0001BC0D00012DE9F04385B0064635
:100580000F469146984600230093019302930393EC
:10059000344C20461EF0DEFD246874B931481FF04B
:1005A000D3FA05B0BDE8F083656865B1E268394605
:1005B0003046A8472468002CF0D02569002DF3D0E0
:1005C000B542F7D1F0E7A368002B43D0009B33B1CD
:1005D000A568E3686A4639463046A847EAE7224BF1
:1005E0001D68304621F017FE682303FB005521F0FB
:1005F000FBFE00907B1EDBB20D2B18D81B4AD15C92
:100600004A1ED2B2012A03D8AA6C039201291CD037
:100610006A6B0192092B13D840F2152222FA03F3D8
:1006200013F0010F0CD04FF0FF330293D0E740F6E8
:100630009B030F4A0F49002017F06EFA6B6B019372
:100640002B6B002BEFD00293C2E7CDF80490CDF8CE
:100650000880BDE740F6A233074A0649002017F09C
:100660005BFAA7E7D8690220586C022040220401F7
:10067000341904010C2200019013040170B53F4CA1
:100680004FF419720021206821F09EF8236800229F
:1006900003F5C071C3F88021C3F884110C261546F8
:1006A00006FB02F123685D502368D3F884010B44F4
:1006B0000132586003602368202A1944C3F884116A
:1006C000EED103F5C47103F5F8700022C1E90021F1
:1006D00008318842FAD103F50371C3F8101203F50B
:1006E0000871C3F8241203F50571C3F8181203F555
:1006F0000A71C3E97C20C3F80C22C3F82022C3F896
:100700001422C3F8282283F84022C3F82C121EF0CA
:10071000D1FF2368C0F307104FF49662B2FBF0F2EA
:10072000A832A3F838224FF4C872B2FBF0F2A3F853
:1007300030224FF4A072B2FBF0F2A3F83422A3F8F7
:100740003C224FF4F062B2FBF0F2A832A3F83A2256
:100750004FF48262B2FBF0F2A3F832224FF45272ED
:10076000B2FBF0F2A3F836224FF47A72B2FBF0F04B
:100770000122A3F83E0283F84C2270BDCC02002077
:1007800030B5C16D4B78042B89B004460FD101F50B
:10079000C07113F0F2F82046FBF724FF2046F7F76C
:1007A00099F8002211462046F0F7C6FF41E0012BE0
:1007B00004D101F5C07113F0E0F8EFE7022B47D147
:1007C00091F82630132B41D8896AD94001F00101F4
:1007D00041F0800103F000FDE56D102205F5D871B0
:1007E00005F5D0701EF052FB58BB05F5C0712046D0
:1007F00013F0C3F8E36D93F82630122B1BD8202199
:1008000068460CF08BFCE56D6B4603CB05F5C072BA
:10081000C5F88001516003CB9060D160E26D92F821
:100820002630013382F82630E36D01229A700523C9
:10083000A37009B030BD2046F7F74CF8E26D6F3277
:10084000B0E7042120460BF015F9F2E70121FAE7A1
:10085000032BEED101F5C07113F08FF82046F7F7A6
:1008600039F8E36D93F8E51019B1054A12689168FB
:1008700040319A78002A96D003F16F0293E700BFC7
:10088000DC0200202DE9F0470C4617461D461CF0FF
:1008900087FE00286BD0064690F85C8054BBB8F108
:1008A000000F66D10025AA464FF0FF31344821F0F1
:1008B00053F8002F45D1778D002F3AD0304820F0E3
:1008C0001FF896F83E3023F0020386F83E3086F893
:1008D0005C402A465146304615F0B8FA0DB1002862
:1008E00042D07785012096F83E3043F0020386F827
:1008F0003E3037E0631EDBB2012B3CD8B8F1000F6D
:1009000001D0A04539D195B1012C02D04FF0000A99
:10091000CAE72B6813B94FF0000AC5E70021284643
:100920001DF07CFC82460028BED100201AE0AA46B9
:10093000BAE719F025FC0746B0FA80F94FEA5919D1
:1009400009E0738DBB42B9D0384617F0E5FD80F061
:1009500001095FFA89F90A481FF0D2FF0020B9F1B6
:10096000000FAED0BDE8F08786F85C80BBE70020C2
:10097000F8E70020F6E70020F4E70020F2E700BFE8
:10098000886B02202DE9F0470746884600294CD0A5
:10099000002020F066FB0146B8F97460374B1C68F4
:1009A000002C4AD0002E5BDB354B1B689E425ED28A
:1009B00054F82630434506D0002425464FF0010A5E
:1009C000A146A0463EE03A69138A13F0080F0CBF17
:1009D00001230323B8F8769019EA03090CD0D8F85C
:1009E0007850D8F87C40B86AD8F84830BB4207D075
:1009F00080464FF0010A25E0002425462046F3E713
:100A00000023A7F85630A7F85430BB64A7F86E301F
:100A1000A7F86C303B6613603A6993813A6A22F01A
:100A200008023A6280469A460CE00C4600252E46A3
:100A3000A946384618F03AFC0AE0A04600254FF0D7
:100A4000010AA946002020F0B7FCBAF1000FF0D14E
:100A500025B123464A4641463046A847BDE8F087BF
:100A6000002425464FF0010AA146A046EAE70024EB
:100A700025464FF0010AA146A046E3E7E86B0220B5
:100A8000D86B02202DE9F843002872D00C4690461E
:100A9000064600293CD000683F2870D8726808EBF1
:100AA000020373609A4202D9B3680133B36006F15E
:100AB0000C05B0BBB8F13F0F4FD9A8F1400727F0A4
:100AC0003F07403727442346284604F1400900BF2A
:100AD000D3F800E0D3F804C09968DA68C0F800E001
:100AE000C0F804C08160C260103310304B45EFD1B4
:100AF000403429463046E5F735FD8146BC42E2D117
:100B000008F03F08B8F1000F2BD14846BDE8F88344
:100B100092BB03683F2B8CBF6FF083094FF0000935
:100B2000F3E7C0F14007474528BF47463A4621460C
:100B3000284420F091F933683B4433603C44A8EBEF
:100B40000708402BB6D129463046E5F70BFD814614
:100B50000028DAD100233360ACE727464FF00009C4
:100B6000D0E742463946284620F076F9C6F800809C
:100B7000CBE76FF0AC09C8E76FF0AC09C5E76FF0E1
:100B80008309C2E7982F8A4291443771CFFBC0B5E1
:100B9000A5DBB5E95BC25639F111F159A4823F9248
:100BA000D55E1CAB98AA07D8015B8312BE853124A1
:100BB000C37D0C55745DBE72FEB1DE80A706DC9B62
:100BC00074F19BC1C1699BE48647BEEFC69DC10F0E
:100BD000CCA10C246F2CE92DAA84744ADCA9B05C4A
:100BE000DA88F97652513E986DC631A8C82703B00D
:100BF000C77F59BFF30BE0C64791A7D55163CA061B
:100C000067292914850AB72738211B2EFC6D2C4D26
:100C1000130D385354730A65BB0A6A762EC9C28114
:100C2000852C7292A1E8BFA24B661AA8708B4BC2AA
:100C3000A3516CC719E892D1240699D685350EF4D4
:100C400070A06A1016C1A419086C371E4C7748278B
:100C5000B5BCB034B30C1C394AAAD84E4FCA9C5B01
:100C6000F36F2E68EE828F746F63A5781478C88452
:100C70000802C78CFAFFBE90EB6C50A4F7A3F9BE34
:100C8000F27871C62DE9F04190F857300446B3B1BF
:100C90003A4DC66DD5F8008098F8043033B940223B
:100CA000374906F1EB001EF0F1F840B104F11207EC
:100CB000EB362022314638461EF0E8F828B90A21E2
:100CC0002046BDE8F0410AF0D5BE98F80310304642
:100CD00021F020FF0328F2D008B10821F0E72B68AB
:100CE00083F82800E27852BBE16D4A78022A12D1DB
:100CF0001B78022B04D12046BDE8F04116F05CBB06
:100D0000042B03D191F8E430022BF4D12046BDE846
:100D1000F0411EF055B8032A0DD15B7923B120466E
:100D2000BDE8F0411EF03BB8204601F5E071BDE89A
:100D3000F04112F022BE0523A370BDE8F0813946D0
:100D4000204616F070FDE36D5B78012B01D0042B7B
:100D50000BD12046002103F03FFAE16D204601F55A
:100D6000B871BDE8F04111F013BA032BE3D12B6841
:100D70005B79002BD3D10623DEE700BFDC02002025
:100D8000188C030138B53B4B834226D11B7E13F0F0
:100D9000010F22D0374CD4F8A8502B69E06898474F
:100DA00094F91430012B19D0324BB3F8D03013F032
:100DB000040F04D12F4B1B7E13F0100F04D02D4BCA
:100DC00093F8D330012B08D12A4C4FF0FF31204645
:100DD0000BF09EFC002384F8D33038BD2469EB6906
:100DE000204698470128F8D02B6A204698470446A9
:100DF00028BB204B1A7E42F004021A76B3F8A030CA
:100E000013F0010F2CD01B4A137E43F00803137616
:100E10001CF01AFD174CE0631CF03EFDB4F89E3048
:100E200000FB03F303F2E733134AA2FB03239B09FE
:100E30002364002384F84A3002232375CDE70D4D47
:100E40002846F4F781FDFF232B7521F003FB0028D2
:100E5000C3D021F0F9FA2246084910F06FF8BCE738
:100E600013F0020F03480CBF00220F22018F09F07C
:100E700055FCCDE730710220D34D62101005000102
:100E800038B590F84730012B1EBF426940F27123FC
:100E90005343D0F87C2108BF00230446C0F830310A
:100EA000002A3DD142F21073C4F83431314A002196
:100EB000204609F01FFAD4F87C315BB394F819315D
:100EC00043BBD4F82051D4F8383194F82320D4F817
:100ED0003011E818002A41D0A1F5A5731B1A5B0850
:100EE00003F5A57301FB02521A440344CB1AC4F85C
:100EF0004C31C4F8482101211F4A204609F0FAF973
:100F0000D4E95A1021F03CFED4F87C3113B194F8A6
:100F100019312BB3D4F86801BDE83840FDF7D6B9D4
:100F200090F81921002ABDD194F82310D0F820217F
:100F3000D0F8380179B102449B1AA3F5A5735B0878
:100F4000B3FBF1F342F210729342D4BFC4F83431D0
:100F5000C4F83421AAE742F21073F3E71346BFE75F
:100F6000D4E95A0121F00EFED4F86C01FDF7AEF978
:100F7000D0E700BF45DE0001A985010170B5046816
:100F800013F040FFA36F002543F4C073A367294605
:100F90002046C4F89850A57519F010F82E4B218EF4
:100FA0001A6861F30F021A601A68618E61F31F42BA
:100FB0001A602A4A136843F001031360284B94F81F
:100FC00034101A6861F30F221A60B4F835101A68E9
:100FD00061F31F421A60A17E607E09F0CFFE214BB3
:100FE0000221586917F02EF920F032FF1E4B0268DB
:100FF00019881E4B521A1E6892B262F30F061E60C9
:101000001B4A43685B1A11689BB263F30F011160BE
:1010100020460EF083FA607E17F0F2F8A17E0120E0
:101020001DF0F0FE617E02201DF0ECFE29462046F8
:1010300018F02BF8D4F844314BB118567E2806D05E
:1010400013F0EAF894F92C00AFF3008070BD094B5F
:1010500093F90100F4E700BF6034014130340141ED
:101060005C34014198690220E402002048340141C7
:1010700050340141EE0200202DE9F843D0F8A4904D
:1010800090F89C30002B6FD004460026B04600BF7D
:10109000D4F88C2032440023D36193611362D4F8D6
:1010A0008C203244536313639363D4F88C2032440E
:1010B00093625362D36208EB88029700D4F89830A9
:1010C00003EB82035A8982B3002500BFD4F88C3029
:1010D0009A190023D387D4F88C203244A2F84030E8
:1010E000D4F88C203244526942F83530D4F88C3030
:1010F00033445B6903EBC5034FF080225A60236AD7
:101100000C220121E06998470146D4F88C30334421
:1011100003F130001FF02FF90135D4F898303B442B
:101120005989ABB29942D1D8AAB2D4F88C303344A1
:1011300002F10052013A5B6903EBC2035A6842F0C4
:1011400080425A60D4F88C3033445B6923F0030347
:1011500009F58052D36108F10108443694F89C20C7
:101160005FFA88F39A4293D80020BDE8F88300BF65
:10117000002960D02DE9F04F83B0044617460D4694
:101180000A68002A5AD000285BD090F8422012F05A
:10119000400F04D16FF0050003B0BDE8F08F013BB4
:1011A000032B51D8DFE803F01A5559024FF0000A1B
:1011B000D3462C4B5E68204621F02DF800EBC00092
:1011C00006EBC00956F830802A683B68134001934B
:1011D000D8F80C30002B3AD0002608E04FF0400A37
:1011E000D346E6E70136D8F80C30B34221D9314670
:1011F000D9F8000020F083FB0546037813F0010FB7
:10120000F0D003880BEA03035345EBD183683A68B7
:101210001340019A9342E5D1014648461BF096F9E6
:101220006FF00103002205F10801204614F0CCFE06
:10123000D8E70020B0E76FF0040070476FF00400BB
:10124000AAE76FF00500A7E76FF00600A4E700200B
:10125000A2E74FF0800AD346ABE74FF0000A4FF009
:10126000C00BA6E72866022000000000B11C0401A4
:1012700001000000B11C040102000000B11C0401C7
:101280000500000091650201060000009165020161
:1012900007000000B11C040108000000B11C04019B
:1012A00013000000B11C040109000000B11C04017E
:1012B0000A000000D11C04010B000000C11C040145
:1012C0000C000000B11C04010D000000B11C040161
:1012D0000E000000916502010F00000091650201FF
:1012E00010000000F11C040111000000B11C0401F9
:1012F00020000000B11C040112000000B11C040118
:1013000014000000B11C040115000000011D0401BF
:1013100016000000F11C040117000000111D04015B
:1013200018000000111D040119000000111D040126
:101330001A000000F11C04011B000000011D040143
:101340001C000000B11C04011F000000E11C04018E
:101350001D000000B11C04011E000000B11C0401AE
:101360002DE9F04383B006460D4617461C4613F49C
:10137000804F1AD1354BD3F8049020F04CFF00EB8E
:10138000C00309EBC308294659F8330010F0E0FA0E
:101390000546002856D0037813F0020F17D10388B2
:1013A00003F0C0038BBB03200EE000230193284B06
:1013B00000930B68126804F00F0103F0AFFC0028E3
:1013C0000CBF6FF00800062003B0BDE8F0830023D7
:1013D00064F30F031C46190901F4807113F4005FD4
:1013E00018BF41F4007108F12C03002217F094F9A2
:1013F000AB6800220192164A00923A6804F00F018D
:10140000304603F08BFC0120DEE70A9B23B1006924
:101410001860AB8A0A9A93802B8813F0800F01D151
:101420000220D1E708F118082C1D214640461AF089
:10143000DDFA064B5B69EB60214640461BF02AFE55
:101440000220C1E76FF00100BEE700BF286602205E
:10145000F07302202DE9F74F2F4F304C3E78DFF824
:10146000E490B51EEDB205F102084FEA081CCDE983
:101470000023ACF12003234483468A460FCB04EBC0
:101480000C0E8EE80F000CF1100EACF1100CA44401
:101490009CE80F00A6448EE80F00B11C204821F004
:1014A00053FB3B7848460222023300F8012B4146A9
:1014B00004EB05153B7021F047FB09F1030042F6F0
:1014C000042121F041FB174A174BAB60174BEB602F
:1014D000C5E90029164D5946284621F035FB5146ED
:1014E000A81C21F031FB0099281D21F02DFB013EA5
:1014F0000199A81D21F028FBF6B20E4B3A7804EBB7
:101500000614C4E900350C4BA3600C4BE3600C4B94
:10151000DA8103B0BDE8F08FA76D0220185F0220CA
:10152000536B0220264503015E12040105000001F1
:10153000246B02202E040401A22B040108000001E8
:10154000506A0220616B02202DE9F04194B0804680
:101550000E461DF01FFA002868D00568D5F8443102
:10156000741EE7B2002B63D03B4493F904207E2A1B
:101570003ED128461CF006FD70B3D5F844311A7CE4
:1015800042F004021A74D5F844210123A340D37514
:10159000D5F8443100241C7639462846D5F84461F4
:1015A0001FF076FB7076284621F0DCFA214B009381
:1015B000022201235321EC2001F0CCFA44B11E4B4E
:1015C0000093019401230022FD21EC2001F0C2FAD6
:1015D000204614B0BDE8F08102AB03220621284664
:1015E000ADF808808DF80A6011F074FF0446DDE75D
:1015F000002441F22102ADF808208DF80C402A8821
:10160000ADF80E2002228DF810208DF8116093F9AC
:1016100004208DF812201B7B8DF81440C3F30103C6
:1016200002A88DF8133019F00DFEBFE70224BDE7C4
:101630001A24BBE72503040148C8030130B504465A
:1016400085B00D46B1BB90F8E2300193354B009365
:10165000EC2001230222132101F07CFA94F8E230FD
:10166000D4F8B401032B18BF84F8E250002584F8A5
:10167000E35018B119F016FDC4F8B45120881DF0DC
:1016800089F994F8E630032B05462CD194F8E7103D
:101690002046E7F7A7FD30B3002384F8E630D4F8FE
:1016A000A83133B303AB04221F490395032010F084
:1016B00020F81CE00129E1D190F8E43001931B4BA4
:1016C0000093EC200B460222132101F043FAD4F8D8
:1016D000B8010025A4F8E4500028CFD019F0E2FCAE
:1016E000C4F8B851CAE794F8E630002BD7D005B05B
:1016F00030BD94F86E309B07F9D594F8E350002D77
:10170000F5D1122120461EF062F90028EFD094F89E
:101710006E3065F3410384F86E30042384F8E230C0
:10172000E5E700BF1A5D030107060101405D030103
:10173000F8B504461DF0BCF9002867D0B4F834E0D1
:10174000668CA78CE58CA368587894F8202012F05A
:10175000010332D0320A16F4005F14BF4FF0050CBB
:101760004FF0010C12F004011CBF4CF0100C194694
:1017700012F0080228D04CF0200C15F4006F02D0B3
:1017800017F4007F26D115F4806F02D017F4807F04
:101790003FD10EEA060212F4807F1DD112F0800FB5
:1017A0003AD112F0400F32D112F0200F36D12CF086
:1017B000010C4CF4005C00252CE012F0100105D166
:1017C0000B464FF0030CD8E71346D6E719464FF007
:1017D0000B0CD2E70A2500E0122503EA500241EA89
:1017E000020303405B4203F008031043014214BFAD
:1017F0000122002243EA8203A26A1AB1A2F800C0C1
:1018000055801371002120461BF052FEF8BD2225A1
:10181000E3E70C250023EFE71425FBE72425F9E790
:1018200038B504461DF044F900285DD0A18E638FC1
:101830001943A5682A6912F0060F08BF42F0040296
:1018400012F0380F0CD142F0200012F0010F1AD123
:1018500010F0020F0CBF4FF400634FF4805331E0DF
:1018600012F0010F23D012F0100F1BD012F0020F54
:1018700044F2080308BF082312F0040F15D043F404
:101880000053104600E0082310F0200F1AD010F08B
:10189000020F18BF43F4805310F0040F12D043F42A
:1018A00000630FE010460823EEE71046ECE712F065
:1018B000100F1AD0104612F0020F0CBF4FF4005355
:1018C0004FF4804343F4807343F001030B400ED088
:1018D000286123840023E36340F201138B430CD07F
:1018E000042363830323A38338BD1046B0E76FF05E
:1018F000050120461BF0DCFDF6E70F21204619F01C
:10190000BBF80028F0D0042363830223A383EBE712
:101910002DE9F84F0C4615461E460B9F9DF830806A
:10192000A8F1040C5FFA8CFCBCF1010F03D91F294C
:1019300059D81F2A5CD8012113F01AFD83460028CC
:1019400059D0D0F804A0BAF8043013F0020F45D0F3
:1019500013F0080F34D10AF180001EF0D9F8814647
:10196000D0B3C07B4FF4B0722449012814BF0020CB
:1019700001201CF00BFC89F80C80A9F80440A9F8A0
:1019800006509DF8283089F80D30C9F80860012309
:1019900089F80E30C9F810B0B8F1030F09D04946E4
:1019A0000AF18C001EF0F4FC022389F80F300024A9
:1019B0000AE0BAF8043043F00803AAF80430EEE76E
:1019C0004FF000096FF0070450461EF099FF07B171
:1019D0003C704846BDE8F88F0224F5E74FF0000957
:1019E0006FF00304F0E76FF004044FF00009EEE736
:1019F0006FF00504F9E74FF0FF34F6E7C80704017C
:101A00002DE9F04184B00546144698460E4609B1CA
:101A100000230B6024B1002222606260A260E260B9
:101A2000324A1768002F53D069462846FBF73AFA26
:101A300038B1002E4FD0009B3360002004B0BDE8C9
:101A4000F08169462846EFF7BBFB48B1002C44D033
:101A50006D460FCD20606160A260E3600020EDE77D
:101A6000294638680FF094F80346002837D00288DA
:101A700012F0800F0ED090F8272090F8261082B92F
:101A80006FF001000029D9D076B31B691B68336061
:101A90000020D3E712F4807F14BF6FF00400012010
:101AA000CCE78CB102F18052013A1501406900EB9C
:101AB0000212475955689068D26827606560A06037
:101AC000E260B8F1000F0DD100200029B6D0DBE7AD
:101AD0006FF00500B2E70020B0E70020AEE74FF05E
:101AE000FF30ABE70020A9E70020A7E7446C022005
:101AF000F0B585B013780193364B00930546042367
:101B0000EE200F4616465021022201F023F8284607
:101B10001BF0CAF8044658B92F4B009302460195B2
:101B200004235221EE2001F015F8002005B0F0BD8D
:101B300003A902A8039620F0ADFB03A90DF109004B
:101B400020F0A8FB03A90DF10A001FF0D7FABDF899
:101B50000A203B1F9A4213D0062020F0F1FF0146D5
:101B600038B107230370002345808380062020F0CE
:101B70006EFE00231A461946284609F0CBFDD4E72D
:101B80009DF80930A3719DF80830013BDAB2192A9B
:101B900014D9062020F0D4FF014638B10723037082
:101BA000002345808380062020F051FE00231A4642
:101BB0001946284609F0AEFD0120B7E7074A52F85A
:101BC000233023B13246394628469847F4E7184671
:101BD000ACE700BF069103011D91030174100301DE
:101BE00010B588B00023052904468DF8033045D18F
:101BF000013202A901A802921FF080FA0DF106003D
:101C000002A91FF07BFA204615F0C7FD002838D145
:101C100004AA03A9BDF804001AF040F900284BD02B
:101C2000049B5B68D3E90112107820F091F8039AC5
:101C30000346D27B2088012106F0A2F980B200BBC6
:101C40000399BDF806208B681B88934236D38B7BA3
:101C500013F0020F28D02388ADF81830BDF80430F7
:101C60000591ADF81A300DF103010C2305A8ADF86C
:101C70001C208DF81E300FF099FA02E0ADF8043008
:101C800004209DF803306BB9D0B9039BBDF8061052
:101C90009A6858681288521A0D23014492B220465D
:101CA00011F08EFB08B010BD9B06EAD5BDF80420EC
:101CB00020461BF025F8E4E70120E2E70720E0E7F3
:101CC000C3B2BDF804200C21204608F047F9E9E72B
:101CD0002DE9F04106460F4600200C211DF03DF88D
:101CE000D6E96D3496F8E4200546112A18BF1C4643
:101CF000002839D00023F90703733DD56288082AEC
:101D00009ABF02F1FF33DBB208232373B6F8A83081
:101D1000E38122826368C4F81230BA0704D594F8CC
:101D20002010638B11BB2382237B6B73E389EB81D0
:101D3000238A2B82638A6B82A38AAB821FF0D6FC34
:101D40000746002837D000234FF001080C34C37138
:101D5000014680F80580C460304620F063FE3046BE
:101D6000294607F0BFFB4046BDE8F081B3FBF1F226
:101D700001FB12329B1AD6E7628B082A9ABF02F146
:101D8000FF33DBB2082323737B0711D5A18C4FF6F9
:101D9000FF73994206D10123E381E3692282C4F8EB
:101DA0001230C1E7B6F8A830002B08BF0B46F3E7A6
:101DB000B6F8A830F0E7284620F067FD3846D3E7AC
:101DC00007286AD870B50D4600F500563046E6F78C
:101DD00011F9002863D03046E6F72FF908B9012041
:101DE0005EE0344608342046E6F704F9C8B12046E0
:101DF000E6F723F908B9012052E02A4C0FCCC5F8C8
:101E00001700C5F81B10C5F81F20C5F8233020683F
:101E1000C5F82700A288A379A5F82B2085F82D30D6
:101E20000CE00023C5F81730C5F81B30C5F81F308B
:101E3000C5F82330C5F82730C5F82A301A4C264695
:101E40000FCE28606960AA60EB6030682861B288B4
:101E5000B379AA82AB75D4F81720D4F81B30D4F824
:101E60001F00D4F82310C5F82E20C5F83230C5F86D
:101E70003600C5F83A10D4F82720D4F82B30C5F82E
:101E80003E20C5F84230B4F82F2094F83130A5F840
:101E9000462085F84830002002E0032070470320E8
:101EA00070BD00BF80680220806702202DE9F041EC
:101EB00086B00446476802290CDC03681B682D497C
:101EC0003846984723681B682B493846984706B020
:101ED000BDE8F0810D461646506817F041FA80467D
:101EE00050B190F8423013F0400F0BD123681B68BB
:101EF000224938469847EAE723681B682049384654
:101F00009847E4E705A9B068FAF7CCFF60B140460E
:101F100020F07FFC90B9032D1CDD04A9F068FAF7CE
:101F2000C1FF88B104AA16E06946B068EFF748F926
:101F300023681B68134938469847C8E723681B681D
:101F4000114938469847C2E723681B680F4938464D
:101F50009847BCE70022012305A940460CF0D0FFBA
:101F600023681B680A490B4A002818BF11463846E7
:101F70009847ACE7F811000140120001701200010F
:101F8000180F0001AC1100018C120001D4120001E5
:101F9000E0110001CC11000130B50388132BC3B050
:101FA000044620D041F20A0293422CD0052B45D1A1
:101FB0000579002D42D1C08819F0B8FF58B12F4BD8
:101FC000C5701A681378013BDBB213701BB118217E
:101FD000B1FBF3F35370E0881BF0FEFC08282DD012
:101FE00019F0BCFF2AE0C08819F0A0FF30B3227AB4
:101FF00083789B1A214ADBB21268837052789A4226
:102000001CD843B030BD0379C3B91C4A126802F131
:102010006F0100BF11F8230040BB02EB8303E1888E
:10202000A3F86C104FF48071A3F86E10137801338D
:10203000DBB213701821B1FBF3F353702188104AFF
:10204000002300BF32F82300884213D102EB830340
:10205000211D9B788DF80430442202A81EF0FCFE5E
:10206000064B1B6801A85B689847CAE70133082B39
:10207000D0D1E3E70133202BE4D1C2E7F46C022096
:10208000D0E002012DE9F0430C468BB01021074649
:10209000164619F0D7FA0546002857D107F15C001B
:1020A00000F0D8F8052C51D9023C96F80180A4B272
:1020B000A0454BD8B4FBF8F308FB13430236002BC2
:1020C00047D1A4EB0801023131440DF10E0020F09C
:1020D00093FAB7F84620BDF80E309A4240D001334B
:1020E0009BB20DF11505A7F84430ADF810304FF450
:1020F000205102232846ADF812208DF8143020F02C
:1021000023FD00959DF81430BDF81220BDF8101085
:1021100038460AF01DFD4FF000094FF4827020F0A0
:102120000FFD054690B1012303703B88838080F842
:102130000680048124B1224631460A301EF08CFE0E
:1021400085F8FF90042128461BF072FD0BB0BDE816
:10215000F083B7F84630ADF80E302C46A846B8E705
:1021600038461EF005FD4FF00109D6E77FB5304A2D
:10217000304800231446C158D1500433102BFAD1F3
:102180002D4B1A8842F001021A801A8842F004028C
:102190001A801A8842F002021A801A8842F0080255
:1021A0001A801A68D007FCD41A685107F9D41A6843
:1021B0009207F6D41A68C2F3C002002AF1D11F4D6B
:1021C0001F482B68ADF800300368C3F30F43ADF828
:1021D00002301C4B1968ADF804101B490E68ADF8AD
:1021E00006601B68C3F30F43ADF808302B68ADF8E9
:1021F0000A300368ADF80C300B68ADF80E30694654
:1022000013460A460878E55C01332843102B01F891
:10221000010BF7D10D4B0E4CB3F8A0156FF3000175
:10222000A3F8A0150FCA84E80F0004B070BD00BF6A
:10223000786A0220CC730220143E0141043E014121
:10224000003E0141083E01410C3E01410024014194
:1022500080290141F7B5064648B9324B0093052362
:1022600002461946EF2000F075FC03B0F0BD1CF0EB
:10227000BDF91DF0C3FE337A9B0605463AD51CF026
:1022800021FA347A284B6FF34514347214F00704A2
:1022900018BF0124194653F8242096420ED1234A30
:1022A0001278A242326819D1736841F824201F1AAB
:1022B00044BF03F180531F1A012F0CD81C4B53F855
:1022C000342019466AB91B4B009311460523EF20B1
:1022D00000F040FC0EE009F0F5FAEFE743F82420A7
:1022E000ECE7B24213D1326843F8342012B903EB61
:1022F000C4046460284603B0BDE8F0401CF0BEB9D9
:102300001A4623B90C4B009301210523DFE713681C
:10231000B342F5D133681360002BEBD101EBC40459
:102320006260E7E7741604013C6B0220B76D02207F
:10233000886A0220F57703010D78030173B50379EC
:102340000193354D354B0093022201230F210446A2
:10235000EC2000F0FFFB2868F021043020F06AF93F
:1023600006461FF055FD002849D11EB196F8F830F9
:10237000002B44D12388203B9BB244F6E072934269
:1023800048D86388203B9BB2934243D8637B002BA1
:1023900040D02868F021043020F04CF9237980F8EF
:1023A0004730012380F82230617B017663884361E6
:1023B000A37B80F8213063794376A379837654F840
:1023C000073FC0F81B30A388A0F81F30002380F817
:1023D000943000BF21FA03F2D20748BF90F894204E
:1023E00003F1010344BF013280F89420032BF1D1A3
:1023F00001201FF0FDFC0024204602B070BD0C241B
:10240000074B0093019401230022FF21EC2000F0F0
:10241000A1FBF1E71124F3E72802002038DF0301D4
:1024200050DF0301F7B513780193354B009307464E
:102430000423EE200E4615469021022200F08AFB6E
:10244000384619F0C3FE044658B92E4B0093024695
:10245000019704239121EE2000F07CFB002003B0C3
:10246000F0BD8388B342F9D329780D2929D02CD81F
:10247000062907D01CD8032923D00DD8012920D044
:1024800002290DD1204B1B685B681BB12A463146DF
:10249000204698470120E2E70429F3D0052910D00F
:1024A00011F04002F6D10623204607F057FDF1E770
:1024B000092906D003D8072903D00829E1E70B2909
:1024C000E0D1114B1B689B68DFE71729F9D00AD8C8
:1024D0001229D7D003D81029D4D01129DFE7132926
:1024E000EFD01629CDE71B29EBD003D81829C9D086
:1024F0001929D4E71E29C5D05229C3D01D29CEE7FA
:10250000988E0301B08E0301E002002084B070B504
:1025100004AC84E80F0001201CF07AF84FF6FF713C
:102520000446012015F04CFC44F4007189B20120EE
:102530001CF080F8049B2C4C002B48D022681378A8
:1025400013F0030308D15370226893702268117846
:10255000938063F38201117023681A786FF3451238
:102560001A70224B00211970214B1A88022666F33B
:1025700083021A8003F5AC6303201A6860F31342E8
:102580001A601A6860F317521A60A3F5BE631A68DE
:1025900061F300021A6017F02EFD069D1DF04AFD42
:1025A00023681A7866F301021A702268079B6D0A85
:1025B00040F271212846B3FBF1F3D38503F0E2F931
:1025C0002368DB8D53B1A81903F03EFA06E02368B7
:1025D0001A78586B9306F7D403F0D4F9BDE870402D
:1025E000002004B0704700BF380300208B03002098
:1025F000C03401412DE9F0411C4693054BD53149CA
:10260000314A0B78314E83F00107002B56D1304D03
:102610002B6810785FFA83FE33689A7803EB020820
:1026200098F806C0864598BF0CF1010C88F806C0E2
:1026300002F1010C9C44D5F800809CF806E0C8F338
:102640000728404528BF0EF1010E8CF806E002F184
:10265000020C9C44D5F800809CF806E0C8F30748BB
:10266000404528BF0EF1010E03328CF806E01344FA
:102670002D689A792D0E85428CBF1046501C98719A
:1026800032680F70937813490433937000231A460D
:1026900018460FF02EF814F0300F11D00B4B1B68BA
:1026A0001B7803F00303022B0AD100231A464FF4D0
:1026B00084311846BDE8F0410FF01BB8064DA7E77E
:1026C000BDE8F0818B030020400300203803002088
:1026D000583C0141010801005C3C0141F8B5CB6860
:1026E000477E1E785D780021024616F0CEFC022E51
:1026F0000446D37D2AD0042E2CD0012E04D1012BE8
:102700004FF011012DD15176022D2ED0042D30D055
:10271000012D39D1012B4FF0110134D19176212FA8
:10272000537E43D1212B31D0D2F88000D2F88410CF
:102730006FF4C6754FF49C73284403FB0101B1FB91
:10274000F3F003FB1013C2E920301FE0012B4FF020
:102750001201D7E7012B01D12121D4E7D17E11B994
:1027600023219176D0E72221FBE7012B4FF01201C4
:10277000D3E7012B06D1D37E13B923239376CEE77B
:102780002223FBE721215176012BC8D0D2F84451F6
:102790005DB10021104616F078FC2B572B54D2F86F
:1027A0004431184423441B7A0372F8BD212BEDD128
:1027B000D2F88000D2F8841003F2171300F28D10C3
:1027C000BBE72DE9F04792B00F21062016F0E6FD99
:1027D00010F0010F02D112B0BDE8F08706256FF0AE
:1027E0000D0A6FF0090845E007F11001A06A1AF020
:1027F00053F910B16FF00E0138E0A66AE2690023C8
:1028000013705370538818465FFA83FC0CF108016B
:10281000C9B261F3070007290AD8C3F307230133BC
:10282000DBB263F30F201BB90CF1090C6CF307004A
:1028300050804FF00009C4F800904A46012120461C
:102840000AF032F8A369DA680E921B690F931096AA
:102850004A4621466846F0F7ADF958B906226FF0AE
:10286000050120461AF0C0F804E051462A462046E9
:102870001AF0BAF828461AF03BF904460028AAD004
:10288000E669A769A28D072AEFD9002331462046C1
:1028900009F0C8F928B93388082BA5D06FF00C01CE
:1028A000E4E74146E2E770472DE9F047064600209D
:1028B0001EF0D7FB0146304B1B68012B04D00020D3
:1028C0001EF07AFDBDE8F0872C4B1B68002B4FDD16
:1028D000294B02221A6000201EF06EFDB38A4FF0D1
:1028E000010909FA03F9264B1B685BB30024DFF8E2
:1028F0009880234F15E095F884A04AF0010385F8ED
:1029000084304FF400520021284610F0DCFF95F887
:1029100084306AF3000385F8843001343B689C42BC
:1029200010D2D8F8003053F82450002DF5D0686C40
:102930001FF071FC0028F0DB0123834013EA090F2C
:10294000EBD0D8E7B37D022B03D00B4B01221A60EA
:10295000B8E70A4A1368013B1360002BF5D10EF06B
:1029600051FA08481EF0EFFF034B00221A60A9E756
:1029700000201EF021FDA5E7E46B0220E06B0220A1
:10298000D86B0220D06B0220E86B0220F8B51D4600
:102990009DF81870354B1B68002B53D00E4614461B
:1029A000002851D0002A51D00DB92846F8BD014663
:1029B00018680EF0EDF80246002849D0038813F09D
:1029C000800F47D090F82A301F4045D0012F1DD0EE
:1029D000436903EB061390F827108E4242D800207B
:1029E000D3F800E0D3F804C09F68D968C4F800E0C9
:1029F000C4F804C0A760E16010340130854233D0D0
:102A000092F8277031188F42EAD2CFE7016901EBC3
:102A1000860390F82600864220D851F826102160BF
:102A2000012D1DD9012000BF92F8267031188F4268
:102A3000BCD353F8047F0101675001308542F3D1C4
:102A40002846B3E70020B1E70020AFE70020ADE75C
:102A50000020ABE70020A9E70020A7E70020A5E7BA
:102A60000120A3E70020A1E728469FE7446C02204D
:102A700030B52F4C236885B02546002B4FD02D490B
:102A80002D4C01201EF080F82B682C4A1A602C4B2C
:102A900018689A889B798DF806302A4BADF8042087
:102AA000294A1A6000254FF6FF53009002A8ADF89E
:102AB0000830CDF80A50ADF80E5020F037F82368F2
:102AC0001D7023684FF461721A636946072019F07C
:102AD0009DF9206821301FF0DFFF206890F8213039
:102AE00013B1223017F044FD0121262015F074FFA8
:102AF0000121292015F070FF0120144A06211EF043
:102B00007FF82168D1F8EC3103F0F802104B134341
:102B1000C1F8EC31FFF72AFB002005B030BD3020B2
:102B200020F00EF820600028A9D10220F5E700BFB0
:102B3000EC6C022021150401D4010020287C030143
:102B4000E4290401DC01002051CC030109B0030198
:102B5000010602002DE9F041334D1E462B68A2B05C
:102B600004460F469046002B58D01FF03FFD00282A
:102B700054D11FF0FFFC002850D1F20703D52B4B96
:102B80001B68DB070BD4B00703D5284B1B689907DC
:102B900005D4720742D5254B1B685B073ED5244BF5
:102BA0008DF800801B788DF801408DF80270002BA5
:102BB00037D1C4F1EF041F4F04EB84042744384697
:102BC0001EF056F939460646C4B2024602A81EF067
:102BD00043F922AB1E4401343A2306F8803CE4B2A8
:102BE00002AB181929AB289A0193C4F17E01F4F7BE
:102BF00025FB54FA80F0C0B222AB03440D2203F847
:102C0000802C431C22AA52FA83F302300A2203F8D2
:102C1000802CC1B22B6802AA6846984722B0BDE852
:102C2000F08102A80024DDE7286D02202C6D02202F
:102C3000B26D0220241604012DE9F0412E4D2C68BE
:102C400080460027002C35D12C4B2D4D70221A8048
:102C50002C4B1B221A802C4B02F22D121A802B4B6C
:102C60004FF001121A604FF448625C601A812B78B1
:102C70001BB12748FFF7EEFA2C70B8F1010F16D1FF
:102C8000244CE068002518F00DFA2069E56018F082
:102C900009FA6069256118F005FA65611E4C206823
:102CA00018F000FA6069256018F0FCF965610020F1
:102CB000BDE8F081A268137A043B012B17D816688F
:102CC000F06808B11DF043FC002130461BF080F98C
:102CD000012130461BF07CF9A06807F08DF930889F
:102CE00017F05EFDA06814F043FB1FB92C6827465F
:102CF0002468A7E73C46FAE7D4020020B802002087
:102D0000BC6D02209E6D0220A06D0220BA02002040
:102D1000A002002098690220800200201FB504460E
:102D20001CF0D8FB94F85030012B23780194CDE9A6
:102D300002302DD12E4B009302231A468521EC2020
:102D4000FFF708FFA3785B0707D52A4B0093022300
:102D50001A468521EC20FFF7FDFE15F075F8237863
:102D6000012B33D194F85030012B234B05BF1A6847
:102D700094F851301B68313314BFD3F8F00152F886
:102D8000330070B900241AF063FE204604B010BD71
:102D90001A4B009302231A468621EC20FFF7DAFE35
:102DA000DBE78268036894420ED1204607F03AFBC5
:102DB00020460CF04BFA20460FF074FE63786FF358
:102DC000000363700124DEE71846DAE7023B012BBB
:102DD00009D8A378012243F02003A37011462046AE
:102DE00012F036FECEE704F13800FFF733FADFE7E2
:102DF000D4F1020102F20201CC0200201AF2020117
:102E0000F0B5324C324D246814F0040F5AD000282B
:102E10004ED12D6895F84C62002E48D02D4C2E4F87
:102E20002468641A611E21F07041B9423FD84FF006
:102E3000884C40F27121DCF8407061436FF41C74DF
:102E4000214407F4405740F60754B7F5005F0CBF24
:102E500027464FF412674908204CB4FBF2F43C4477
:102E6000A14224D9091BDCF8404004F44054B4F5D5
:102E7000005F09D195F8424234B14EF28F24A1424D
:102E800015D9A1F5624190394FF47A77B1FBF7F08B
:102E900007FB101102FB00F44A43B4FBF7F40F499F
:102EA000B2FBF1F214441C44C5F854423046F0BD64
:102EB0002A680B48D2F85442E41A84428CBF00209E
:102EC0000120F4E72B6893F84C02F0E7203E014123
:102ED000CC020020343E0141FEFFFF0740420F00BC
:102EE000FEFFFF7F73B5056806460121284616F0F0
:102EF000CCF8D5F84421104490F904307E2B39D019
:102F000095F82C10D2F822205B1A117AC1F3C10077
:102F1000DBB2032842D8DFE800F02F023902D47870
:102F20009C423DD214789C4294BF022401248442E6
:102F300028D0C1F34100A042908800D0B0BBD28815
:102F4000B5F85C100244C9430A44120412D58DF846
:102F5000043006226B461B49009601208DF805407F
:102F60000EF0C7FBD5F84431D3F822301A7A64F357
:102F7000C4021A7202B070BD1078984212D99078CB
:102F8000984209D9B5F85C30D380F3E7D0789842FD
:102F90000AD250789842F5D30124CAE70446C6E71E
:102FA0000024C4E70224C4E70024C2E764F342011A
:102FB0001172D5F84431B5F85C20D3F82230DA80AC
:102FC000D8E700BF06060101F8B5364B04685B6917
:102FD00018785F7894F86C30E7771646C21062F381
:102FE0008203C0F3800200F0030562F3C303001103
:102FF00060F30413A57784F86C3029B9DBB261F370
:10300000410384F86C300CE094F86C30C3F3801109
:1030100091422ED043F0020384F86C30204616F023
:103020008BFE94F86C306FF3000384F86C30AEB113
:1030300094F8C83113B11C4B1B787BB994F86C30F1
:10304000C3F38002B2EBD31F08D1627F012A05D0FF
:10305000E27F8AB943F0010384F86C30617EE07F3F
:1030600015F05AFED4F898301844C4F8980000209F
:103070000BE06FF34103C4E7204619F075FF28B158
:10308000A36F43F01003A3670120F8BD94F8283024
:1030900023B9032D1CBF012384F8283094F86C3029
:1030A000D8E700BF986902207803002070B5054674
:1030B0000E46002018211BF050FE0446002845D083
:1030C0000F2E067343D1D5F8B4311A88A0F80D201D
:1030D0005A88A0F80F209A88A0F81120DB88A0F861
:1030E0001330B5F8A8304FF6FF72002B08BF134617
:1030F00003834FF0FF33C0F81A30C0F81E3080F859
:10310000223080F82330B4F80D20B4F80F309A4202
:1031100008BF002363751FF0E1FAA98FB5F850309E
:10312000B5F85C200131052813FB01F38BBF03EBDD
:10313000C30303EB430302EB430302EB83039BB2A2
:103140002846E382214606F0CDF9012070BD102EFD
:10315000D9D1D5F8B8311A8BA0F80D205A8BA0F828
:103160000F209A8BA0F81120DA8BA0F81320B5F865
:10317000A82002B99A8C2283DA8C62831A8DA283EA
:103180005A8DE2839A8D2284DB8D6384BBE770477E
:1031900010B58CB030481FF0D5F904F03BFB08F0B7
:1031A00001FB00201CF0ACFE00200EF067FD1BF0C0
:1031B000B1FE2A481AF07EFF13F032FD28481FF0B6
:1031C000C5F81FF07BFB27481FF0C6F8264A02AB64
:1031D00007CA03C31A8002A90A201CF021FE00249A
:1031E0008DF82040ADF822408DF824408DF82E4017
:1031F0008DF82F4008A81DF097FCADF802408DF81F
:10320000044003238DF8003009238DF8013068460F
:1032100017F0EAF801238DF81E308DF81C300623D4
:10322000ADF814304FF44863ADF81630ADF81840DF
:1032300040F2F313ADF81A3005A81DF06CFE0B4AEE
:10324000137803F0FE0343F0020303F0FB0364F37F
:10325000C30313700CB010BD650C0301633701018B
:10326000FF4A0101CD0C03015004000100000020C1
:103270000B684A68B3FBF2F3082B0ED9102B37D931
:10328000202B38D9302B39D9402B3AD9602B8CBF21
:103290004FF0060C4FF0050C01E04FF0000C00F56C
:1032A00080531A6812F008023BD0196821F0080117
:1032B00019601B6813F0040F39D000F580510B68BA
:1032C00023F004030B604B6823F4E01343EA8C43C0
:1032D0004B602AB100F58052136843F00803136075
:1032E00000F58050036843F004030360002070473A
:1032F0004FF0010CD3E74FF0020CD0E74FF0030C76
:10330000CDE74FF0040CCAE700F58052136823F0B4
:1033100004031360536823F4E01343EA8C435360BF
:10332000DEE700F580531B6813F0040FECD100F5C5
:1033300080514B6823F4E01343EA8C434B60002A2E
:10334000D4D000F58050036843F008030360CDE754
:103350002DE9F04104460D462E4B1E682E4B1F688A
:103360002E4BD3F800802E4B1A68002182F85110A2
:10337000186804301BF025FC48B9294B1A68294904
:103380000B68D06A0122824023EA02030B60B4F189
:10339000FF3F0DD03444224B1B685C60A6421CD911
:1033A0001F4B19680431404618F001F9BDE8F0815F
:1033B00005B31D4A51681A4B1868816018688C68FB
:1033C000C4601868043060601868043088601B6846
:1033D0005A61136801331360E8E7114B196804312F
:1033E000384618F0E4F8114B1B68A342DED90F4BA6
:1033F0001C60DBE7731E0A4A126853609E42CFD8F6
:10340000074B19680431384618F0D1F8074B1B6890
:10341000CCE700BFCC6C0220DC6C0220D86C022010
:10342000E06C0220C86C0220EC690220B06C022023
:1034300030B50B4689B00C680C2810D8DFE800F0D6
:1034400007160F0F1A34386456525A0F60008A68F4
:103450004968003218BF012220460BF061FB0021B1
:10346000204609B0BDE8304003F092BC204610F081
:103470008DF8F4E7012194F850001AF089FB637885
:10348000DB07ECD5A06828B1837843F0080383708C
:1034900006F0C8FF20461BF06BFA94F8500000229B
:1034A00021461FF002FBDAE7204613F0F5FED6E7CF
:1034B0002278032AD3D14D6894F850004FF40011BC
:1034C0001AF066FB236F8DF81450CDE9033408AB76
:1034D00013E903008DE8030003AB0ECB656F0220F8
:1034E000A847BCE72046F4F7CFFEB8E78A6818790A
:1034F0002146D6E7002249682046F3F77DF9AEE77A
:10350000032013F00DF8AAE720461BF00DFAA6E7FA
:10351000364BD3F8602F10F0010114BF42F00102C6
:1035200061F30002C3F8602F304BD3F8602F10F026
:10353000020114BF42F0020261F34102C3F8602F9E
:103540002A4BD3F8602F10F0040114BF42F004029C
:1035500061F38202C3F8602F244BD3F8602F10F080
:10356000080114BF42F0080261F3C302C3F8602FE0
:103570001E4BD3F8602F10F0100114BF42F0100260
:1035800061F30412C3F8602F184BD3F8602F10F0CA
:10359000200114BF42F0200261F34512C3F8602FEE
:1035A000124BD3F8602F10F0400114BF42F04002DC
:1035B00061F38612C3F8602F0C4BD3F8602F10F024
:1035C000800114BF42F0800261F3C712C3F8602F7C
:1035D000064BD3F8602F10F4807014BF42F4807251
:1035E00060F30822C3F8602F704700BF0024014138
:1035F00070B58378052B044668D1C36D0122DA705B
:10360000C678C36D90F857500A68BEB98DB103F5FE
:10361000F070C3F8E0214B6843608B688360CB682F
:10362000C360E16D204601F5E071BDE8704010F027
:10363000A4B903F5B870C3F87021ECE725B3C3F85B
:10364000A02103F5D0754B686B608B68AB60CB68CD
:10365000EB60C26D136823F07F4323F0FF03B3F5E3
:10366000813F33D192F82630916AD94001F00101AF
:1036700041F0800100F0B0FDE16D204601F5B87128
:10368000BDE870400EF084BDC3F8B02103F5D870DA
:103690004B6843608B688360CB68C360E16D4B7897
:1036A000012B04D0023B012B10D88B7873B16F3102
:1036B0002046F7F771FBE16D204601F5B8710EF079
:1036C00067FDE26D00239370E26DD37070BD7047AB
:1036D00070B584B0002853D12F4B1B78002B54D0E9
:1036E0002D4B93F82430002B52D12B4BDA695269C1
:1036F0000021D88890470546B0F1FF3F2BD0274BDB
:103700000193274CA4F1240654F8103C9B682146F1
:1037100024489847029000238DF80C3054F8083C58
:103720009B6901A92846984700281CDB1A4BDA69D7
:103730001A635D6300229A63012183F82410DB621F
:10374000D96899629A8783F85420DA87A3F84020D1
:103750000222DA8416E04FF45572134900201AF061
:10376000CDFC2C460EE0F369DB692846984740F211
:103770006B320D4900201AF0C1FC4FF0FF3401E01C
:103780004FF0FF34204604B070BD4FF0FF34F9E72E
:103790004FF0FF34F6E700BF586402200020A10775
:1037A0007C64022088180301901B040170B586B068
:1037B00004460D4608461DF073F8059028461DF096
:1037C0007BF8049004F134060023009304F13C02DA
:1037D0003146284614F060FF94F8643013F0020F6D
:1037E0003FD195F8423013F0200F11D094F8643097
:1037F00013F0080F3BD194F8643013F0100F11BF91
:1038000004F144010023039303A928461FF086F81E
:1038100004220121284613F057FF45F202033246E5
:10382000314628460EF07AFD636BE26B1A40059B29
:1038300004990B409A4220D1E36A23630923A4F838
:103840005E3094F8603043F0320323F0800384F854
:10385000603000231A4608212846FCF78DFE06B08A
:1038600070BD04F1380128461FF050F8B9E704F1A3
:10387000400128461FF04EF8BDE7042304AA05A91D
:103880002846FDF775FCD7E7304B70B500251D7055
:103890002F4B80241C802F4B1D802F4B3026284619
:1038A0004FF6FF711E8014F08BFA4FF6FF71012066
:1038B00014F086FA4FF6FF71022014F081FA274BBC
:1038C00003F5D952118864F30F011180918865F3D3
:1038D0000F01918003F5D952118966F30F0111810F
:1038E00003F5D9514FF6FF72088A62F30F00088280
:1038F00003F5D951888A62F30F00888203F5D95104
:1039000003F5D853088B62F30F000883998962F39B
:103910000F019981124B4FF48052C3F88420BFF3FA
:103920004F8FBFF36F8F83F82C43C3F884215A6005
:103930005200C3F88420BFF34F8FBFF36F8F83F81B
:103940002D43C3F884215A6070BD00BFB66D0220BC
:10395000986D02209A6D02209C6D02200024014186
:1039600000E100E0F0B58DB0064607924B79069372
:103970000B790593CB7804938B7803934B78029360
:103980000B7801932B4B00930C46012317462C21F7
:103990000222EC20FFF7DEF800238DF827301EF01E
:1039A000D3FEF0B1244D2B689B6C984750B10C2589
:1039B000224B0093019501230022FF21EC20FFF709
:1039C000C9F834E02B68DB6C98470028EFD12B68EE
:1039D0001B6D98470028EAD12B685B6D984700283B
:1039E000E5D19DF8283006F0010666F300038DF856
:1039F00028302368CDF829300DF12701A388ADF8D0
:103A00002D300AA811F0AAF905460028D0D19DF85A
:103A1000283066F300038DF828302368CDF829306C
:103A20003946A388ADF82D300AA805F04BFE28468C
:103A30000DB0F0BDB09D030138020020B20C0401AE
:103A40002DE9F041044600898846174618F0BEFB70
:103A5000064600284DD000233B7088F8003063896B
:103A6000A3F11002072A04D82046BDE8F04110F067
:103A7000EFB9013B0D2B06D8214610F04DFF012375
:103A80003B70BDE8F0814FF482701FF059F8054695
:103A900000283CD00B230370238983806389C38073
:103AA000237C0372A3894381E3898381637C43720E
:103AB000E2891AB161680E301DF0CEF90421284662
:103AC0001AF0B6F823689B7BD90712D5012388F832
:103AD0000030237C522B18BFF374237C122B0AD1A5
:103AE00023689B7B9A0604D56389B38263681B882D
:103AF000F3820020C5E7162BFBD101233B7086F82B
:103B0000383096F83930013386F83930F1E72368D8
:103B10009B7BDB07EDD58020B3E770472DE9F843A9
:103B20008C4600295DD001232F4D304A00F1FF3E25
:103B3000871E2F4E0AE0440006F81080601C002407
:103B400034549160591C634541D20B465C1E696830
:103B500001F00701012914D09068D2F80C80411CB3
:103B6000D2F81090494528BF0021884530D01EF872
:103B700003806C6804F00704012CDCD006F8008098
:103B8000DFE7D2F80880D06808F10101D2F8109080
:103B9000494528BF002188421AD01EF8134017F863
:103BA000130040EA04206C6804F00704012C04D0E0
:103BB000C0B206F808009160C4E74FEA48045FFA13
:103BC00080F906F818900134000A3055F3E71C46D6
:103BD0001CF0DEFE10B1044B01229A752046BDE8B0
:103BE000F8830C46F4E700BF000C0040FC6602209E
:103BF0008C330220F8B5334C656B63689B6998473A
:103C0000606160691CF024FFD4E90A67821947F1FA
:103C10000003C4E90A23002D4BD094F8303001335F
:103C200084F8303017F0D2FF646B1CB101250027F7
:103C3000244E10E0244D00242E461FE020460FF0B5
:103C4000D3FFA37803B96770E3680BB12069984785
:103C5000746B002CEED0A368002BEBD12575657535
:103C6000A378002BEAD1E368002BE7D0E06915F0D8
:103C7000A3FCE9E701342035052C14D006EB4413EE
:103C80005B7D002BF6D006EB441300215975AB7811
:103C9000012BEFD169680C4B03EB44139960284664
:103CA0000BF014FEE6E7074A92F83030013B82F849
:103CB00030301EF04FFE044605F074FB20461EF027
:103CC0004DFEF8BD406702202462022038B5C3686B
:103CD000DC68A36AE169226A8A60E169516004F1E3
:103CE00018015A688A4204BF226A5A600022A262FE
:103CF0001A68013A1A60254B1B68002B3AD1636998
:103D0000A168E2688A60A1685160211D5A688A42F0
:103D100004BFE2685A60002262611A68013A1A60C0
:103D2000E36A1B48056801229A402A430260194A47
:103D300003EB830302EB83035B68A3609868E06096
:103D400041609960E36A03EB830102EB81006061EB
:103D500052F82130013342F8213019F0D9FD0E4BD1
:103D60001B68E26ADB6A9A4283BF01200B4B186032
:103D7000002038BD0A4B5A68E261906820624160B9
:103D80009160A3621A6801321A60E8E7A86C022009
:103D9000C86C0220C4640220E06C0220BC6C0220CB
:103DA000146A02202DE9F341044600891EF0B4FE96
:103DB00000285DD020896789B4F80C8018F006FAD5
:103DC0000546002856D090F84E30B8F1000F29D1A2
:103DD000002B49D103201EF065FE0646002845D081
:103DE00000F110030A2101A801931EF00BFC3946D3
:103DF00001A81EF00DFC3246032128461BF014FEDC
:103E0000044668BB0A23A5F8660085F84E30A5F87D
:103E10005070194905F15C00FAF758FE204602B0CF
:103E2000BDE8F08103BB05201EF03CFE0646E8B16C
:103E300000F110030C2101A801931EF0E3FB3946A9
:103E400001A81EF0E5FB414601A81EF0E1FB324649
:103E5000052128461BF0E8FD044608B90C23D2E7EB
:103E600030461EF05DFED9E70724D7E70224D5E7E8
:103E70000424D3E70324D1E7A064D10173B5002360
:103E8000022904461546ADF8063054D113F085FCDE
:103E9000002852D16D78012D4DD894F83B6094F8EC
:103EA00038305EB9012B0ED12946204618F026F88D
:103EB000182384F83860E37402B070BD204613BB49
:103EC0002DB919F0A1FE204611F0E6F8F4E719F03B
:103ED0006FFD054678B90DF1060120460FF020FD73
:103EE000054640B920460DF095F90546204619F0E3
:103EF0008BFE002DE7D0EBB2BDF80620182120463E
:103F000006F02CF8D8E735B919F07EFE2946204690
:103F100017F0F4FFD0E719F04BFD054678B90DF125
:103F2000060120460FF0FCFC054640B9032384F847
:103F300038300121EBE70425DDE71225DBE72046D9
:103F4000022117F0DBFF002384F83830204619F0F7
:103F50005BFED0E7F0B585B0137801932F4B00934B
:103F600006460423EE200F461546C0210222FEF726
:103F7000F1FD304618F0CCFF044658B9284B0093A9
:103F8000024601960423C621EE20FEF7E3FD012040
:103F900005B0F0BD03A90DF10B0003951EF07AF9F1
:103FA0009DF80B30013BDAB20D2A04D908212046D6
:103FB00007F060FDEBE71B4AD25CBA4201D00A2150
:103FC000F5E7194A52F8233013B103992046984770
:103FD00094F85930002BDAD0E36D002BD7D093F84A
:103FE000EA20002AD3D01B789342D0D1E37813B9CA
:103FF0002046F2F73FFAE36D5B7913B9204604F0EF
:10400000B7FBE36D002583F8EA50E06D10B11EF0B8
:1040100099FDE5650123A370B9E700BF4391030152
:104020005A910301E822040148A8030173B5C58829
:10403000032D04460E4617D1837A0C2B05D003F0CE
:10404000FD03082B01D080200CE023680DF1070050
:1040500059681BF0DFF90028F5D123689DF8072087
:104060009B681A8002B070BD1EF048FA854239D1B3
:10407000A08818F0ABF8054608B90020F2E7A37A4B
:104080000C2B1BD1236880889A89511C884234D21A
:10409000218999B1296C002931D058681CF0DCFEC7
:1040A000236821899B89AA885B1A01339A42E4D349
:1040B000286C1EF047FD00202864D3E74FF482707F
:1040C0001EF03EFD0028BED0A27AEA7485F83D209D
:1040D00015220270A2888280042119F0A9FD012313
:1040E0003370CAE7E5881EF00FFA8542ABD123682A
:1040F0005C680DF0F5FD6070BFE70B20B2E70E20A5
:10410000B0E77047002957D070B50D46002856D14A
:104110002C481CF001FC012802D04FF0FF3050E089
:104120002B68294C6360DB689847E0600026410FEC
:10413000C3001B1A61F100014A0142EAD3624FEA4F
:10414000431C13EB0C0341EB020118181F4A4FF0FC
:10415000000341F1000118F011F90230206295F9D5
:104160000430237226614FF6FF73A36147F6FF7395
:10417000E36100220023C4E90A23666384F8306007
:1041800063681B6831461248984763681B690BB126
:10419000208B98470C4CE06963685B6980B2984754
:1041A00063685B689847A02200210A481DF00CFB59
:1041B00002232370204604E04FF0FF3070474FF099
:1041C000FF3070BD78670220406702200020A10701
:1041D000F53B0201246202202DE9F341044641200F
:1041E0000F461EF0ADFC054650B92F4B009302461A
:1041F0000423C821EE20FEF7ADFC02B0BDE8F0813B
:10420000064604F1120806F8017BE37800F1210765
:104210006BBB2022414630461CF01EFEE16D202281
:10422000EB3138461CF018FEE06D412200F5B87302
:10423000294600F5C070F1F757FEE16D2022EB3101
:1042400030461CF009FE2022414638461CF004FE90
:10425000E06D412200F5D873294600F5E070F1F7D2
:1042600043FE284602B0BDE8F0411EF06BBCE16D94
:104270002022EB3130461CF0EFFD2022414638462B
:104280001CF0EAFDE06D412200F5B873294600F507
:10429000C070F1F729FE2022414630461CF0DCFDBB
:1042A000E16D2022EB31D0E7001704012DE9F04148
:1042B0001446002A5AD00D4619F0D6F906460028B1
:1042C00051D01BF0D0FA074600284ED0844228BFB8
:1042D0000446A4B2316AB3690A19934229D2A3EB06
:1042E000010808F101081FFA88F825B1424628465E
:1042F00014F032F94544A4EB0804A4B273693362A4
:1043000025B12246316A284614F026F9336A23443F
:1043100033624444A4B2304612F012FD30BB3F1B5E
:10432000BC4209DB96F8843043F0800386F8843081
:104330001CE04FF00008E3E796F8843013F0040F18
:1043400014D143F0040386F8843019F07DFA094B48
:104350001B68C82202FB03F3074AA2FB032300EBFE
:104360009310B06202E0002400E004462046BDE85D
:10437000F08100BFCC6B0220D34D621090B484B0AA
:1043800000AF0446084611461A462346FB71034611
:10439000BB710B467B7113467B80FB7903F1824333
:1043A00003F5B0331B88FB81BA797B79D31A0133CB
:1043B000012202FA03F35A1E7B7902FA03F31BB2BD
:1043C000DB431AB2B7F90E3013401BB2FB817A8877
:1043D0007B7902FA03F31AB2B7F90E3013431BB21A
:1043E000FB81FB7903F1824303F5B0331A46FB8965
:1043F000138000BF1037BD4690BC704780B485B0B5
:1044000000AF0346FB710B46BB7113467B71FB7912
:1044100003F1824303F5B0331B88FB81FA89B97934
:104420007B79CB1A0133012101FA03F3591E7B7901
:1044300001FA03F31A407B7942FA03F3BB81BB898B
:1044400018461437BD465DF8047B70472DE9FF41DF
:104450002C4E2D4C2D4B22680093336803922C4A2E
:1044600002930192002B38D0236833B94FF448707F
:104470001EF066FB2060002835D0264D2B68A8462C
:1044800023B910201EF05CFB286060B333680293F0
:104490000021236803930DF1040C02AE6C460F4615
:1044A000D8F800300B44C3E900730020BCF80020AA
:1044B00082421CDC083110290CF1020C06F10406C2
:1044C00004F10204ECD1144B1A46002142F8081FF3
:1044D000C3E90013DA60012006E090201EF030FBF3
:1044E00030600028C0D1002004B0BDE8F0813568FC
:1044F000228800FB02520130576017605D682A6015
:104500005A60D3E7186D0220106D02200C002800BD
:104510000C001400146D0220180200202DE9F04157
:104520008AB01D462F4B019007460093EC200E46A3
:104530009046012302224B21FEF70CFB38461AF06D
:1045400029FA002848D00468204619F01BFDF8B16C
:1045500094F8ED30DB0741D53368C4F8FF30736859
:10456000C4F80331A4F808812B68C4F8223104F59B
:1045700091726B685360AB689360EB68D3602046C0
:1045800015F0CCFA60B3002420460AB0BDE8F081F3
:10459000336828686968CDF80E307368CDF812303A
:1045A00006AB03C3A868E968ADF80C7003C31C220E
:1045B000204603AB0521ADF816800EF08BFF0446B4
:1045C0000028E0D0084B0093019401230022FF2132
:1045D000EC20FEF7BFFAD7E70224F3E71A24F1E74D
:1045E0000724EFE70ED203012AD2030138B5D0F831
:1045F000A8410546002C32D0012380F8B031237940
:104600000A2B0BD8DFE803F0062C30353C0A404675
:104610004D0A5200A368188807F09CF9254B1B68C7
:104620000BB120469847244B1B680BB12046984796
:1046300095F8B031012B0FD1D5F8A8311B68C5F81A
:10464000A8311BB905F5D473C5F8AC31A0681EF0CC
:1046500079FA20461EF076FA002385F8B03138BD8D
:10466000A068FAF78BFDD9E7A368188808F0F8FA74
:10467000D4E7A3689A885988188802F045F8CDE7EE
:10468000A068F2F7AFFEC9E7A36899781888FCF72D
:104690005BFFC3E7A368DA7899781888FBF760FDB9
:1046A000BCE7A368187804F00FF8B7E7A06802F039
:1046B000FFF9B3E7300200202C0200202DE9F04F73
:1046C00000252F462C4600BF4FFA85F8984512DB8F
:1046D0004FEA430909F1FF3A4FF000085FFA88F604
:1046E00006EB030E4FFA8EFED64528DB484400F851
:1046F000014CBDE8F08F4FF0000C02EB0509E646D7
:1047000011F80CA019F8016944EA07240AFB06F61F
:1047100016FA84F4A4B20CF1010CA64288BF0EF183
:10472000010E4FFA8CF6B0454FEA14275FFA8EFE61
:10473000E4B2E5DA44553C4601357746C4E7013634
:104740003D4676B2002700BF4FFA86FC634505DC84
:1047500000F80E4008F101082C46BFE702EB0E0CF2
:10476000C6F1000B44EA05251CF80BB011F806C091
:104770000BFB0CFC1CFA85F5ADB2AC4588BF0137CC
:10478000ECB2FFB201362D0ADEE700BF2DE9F041A1
:1047900082B00446476802290CDC03681B6826497E
:1047A0003846984723681B6824493846984702B022
:1047B000BDE8F0810D461646506814F0D1FD8046E4
:1047C00068B101A9B068F8F76DFB70B101230093DF
:1047D000032D10DC01A940461BF0FCF91AE0236808
:1047E0001B68174938469847E1E723681B68154955
:1047F00038469847DBE76A460A21F0680EF0E6FB88
:10480000009B5A1E012A11D8012BE3D001A9404672
:104810001BF0EEF923685C680B4A0C4B002808BFBC
:104820001346009A0A493846A047C0E723681B6828
:10483000084938469847BAE7F812000118130001F2
:104840003813000158130001FC1B0001F012000195
:104850008C130001781300012E4B1B68002B00DC29
:1048600070472DE9F04385B08046056901A81DF029
:10487000CBFF29481AF06EFC274EDFF8A49011E018
:10488000A7681AE040F22E422449002019F0A2FC49
:104890002FE02379013BDBB2012B1AD92146484690
:1048A0001BF0B6FF30461AF045FC0446C0B1237930
:1048B000012BE5D0022BE5D1A768607919F09CFCAB
:1048C000002DE6D08542E4D0214601A81BF0A0FFD0
:1048D000E8E703226FF00401384618F085F8DDE7B9
:1048E0000D4B04AA12E9070083E8070018461BF0E5
:1048F0002BF998F81630022B02D005B0BDE8F083F2
:10490000044A1368013B1360002BF6D10BF03EFB09
:10491000F3E700BFF86B0220C469022028080401F5
:10492000A86A0220F8B50D460446002845D0436821
:10493000002B46D08368002B47D0C368002B48D09B
:104940004421012098470646002846D0637813F09A
:10495000020F0AD101231A46002138300FF018F94E
:10496000012823D1012386F83D3006F1240794E87D
:104970000F0087E80F0034461C4F0FCF0FC40FCF36
:104980000FC43B68236044213046FEF7A0FE8642F8
:104990001CBF012386F83E3096F8253013F0040F33
:1049A00021D1012386F83F30002318E0A368304668
:1049B00098476FF00203002611E006464FF0FF33E0
:1049C0000DE04FF0FF33002609E04FF0FF330026E3
:1049D00005E04FF0FF33002601E06FF0010305B161
:1049E0002B703046F8BD0023F9E700BFF4E2030165
:1049F0002DE9F7432A4BD3F8008018EA000F04464C
:104A000038D1002836D0083463071CBF24F00704CF
:104A10000834002C2ED0234B1E68A642994629D379
:104A2000214B1D686A68A24202D22A68002A34D14A
:104A30001E4A1268AA421DD02A681F681A606B6855
:104A40001B1B102B07F1080704D9281943606C6061
:104A500011F0A8FC16496A680868B61A864248EA46
:104A600002024FF00003C9F8006038BF0E606A60B0
:104A70002B6077B90F4B1B680BB1002098470E4B8A
:104A800000930194052300220221EF20FEF762F833
:104A90000027384603B0BDE8F0832B461546C1E732
:104AA000006D0220046D02202C6B02200C6D022090
:104AB000086D022004020020E80B04012DE9FF47E5
:104AC00005460E46144619F091FD0027294B9846DD
:104AD0001A689200FCD428686968274BDFF8A0A008
:104AE000DFF8A09003C3A868E96803C33068716861
:104AF000DC3B03C3B068F16803C313F0A5F9D8F831
:104B0000003043F00063C8F8003018F0A1FF00BF88
:104B1000D8F800309B00FBD4DAF80030C3F3400330
:104B200053B9164A03CA2060616003CAE160E27BA0
:104B3000A06042B1184619E0B9F8003043F02003F4
:104B4000A9F80030D9E72FB11022214668461AF0A3
:104B50009DF958B1206861686B4603C30137A068AE
:104B6000E168FFB2052F03C3B0D1012004B0BDE856
:104B7000F08700BF30340141DC3401412034014171
:104B80008C340141C434014173B50E4605682B4C89
:104B900011F0AAFD0BF030F8294B1A886FF3CF32D1
:104BA0001A80B5F88C10687E16F002FC2368062285
:104BB00062F313432360236862F317532360214B8E
:104BC0001A687F2161F30F021A601A6861F31F42AD
:104BD0001A6001A9D5F8CC001CF0C6F8019A1A4B4E
:104BE000042EC2F3472214D12021297517490888C1
:104BF00062F3070008801A8842F001021A802368D5
:104C000043F010032360236843F00203236002B0E3
:104C100070BD012129750E49088862F307000880DC
:104C2000226842F0020222601A8842F010021A80C2
:104C30001A8842F001021A80E9E700BF203A0141D8
:104C40006C380141103A0141283A0141083A0141CA
:104C5000003A01412DE9F04385B00D4617469846CC
:104C600001A81DF0D1FD2A481AF074FA284E13E06D
:104C7000D4F808901CE040F6B7222649002019F02D
:104C8000A9FA42E06FF003010322484617F0ACFE98
:104C9000214621481BF0BCFD30461AF04BFA044671
:104CA00050B32379012BE3D0022BE4D1D4F8089040
:104CB000607919F0A1FAE2682B689A4217D1B8F12D
:104CC000000FDFDBD9F814303A681A60BA889A808E
:104CD0000023C9F8003038B1494616F091F8002891
:104CE000D6DA6FF00401CFE76FF00401CCE721467C
:104CF00001A81BF08DFDCFE7054B04AA12E90700C0
:104D000083E8070018461AF01FFF05B0BDE8F083DE
:104D1000C4690220840F0401A86A02202DE9F84F1B
:104D200007460E4691469846DDF828A0DDF82CB0DF
:104D30002B4B9D6C1DB12B6A13F0080F06D019F098
:104D40007FFA0546002848D0254B9864AC690123BA
:104D500023804FF40063638006232371042363716F
:104D6000E680BBF1000F27D0DBF80030A360BBF872
:104D70000430A381C4F80E90DAF80030C4F8123081
:104D8000BAF80430E382C4F818804FF480732380AB
:104D90000823638076BAE6802B691C229A81384604
:104DA0001CF006F9024640F606035146284615F067
:104DB0003AF838B9BDE8F88FF86BA060B7F8403022
:104DC000A381D7E700232B60AF622946384616F04F
:104DD00017F8C043C0F3C010ECE70020EAE700BFBB
:104DE000286602202DE9F843044600891DF094FE50
:104DF000002855D026893046D4E9037917F0E6F922
:104E0000804600284ED0FA201DF09AFE0446002865
:104E10004AD01DF073FB2080182060803B686360DF
:104E2000251D7B686B60BB68AB60FB68EB60D9F8E5
:104E300000306361D9F80430A3611D2384F8F83091
:104E4000B8F80430834223D8013B6380D8F840701F
:104E50001FB91DF075FE074600B330462146F4F732
:104E600009F9064680B93B4605F1180255F8041BBE
:104E700043F8041B9542F9D1C8F8407020461DF054
:104E800061FE3046BDE8F88338461DF05BFEF5E76D
:104E900030462146F4F7EEF80646EFE70226EDE746
:104EA0000426EEE70326ECE70226EAE710B586B013
:104EB0000023032904468DF8013038D10DF102009A
:104EC000511C1DF099FB204612F067FC002831D1DF
:104ED00002AA01A9BDF8020016F0E0FF00283FD0A9
:104EE000029B5B68D3E9011210781CF031FF019A34
:104EF0000346D27B2088012103F042F880B2C8B972
:104F000001998B7B9A0723D52388ADF81030BDF823
:104F100002300391ADF81230ADF814000A230DF100
:104F2000010103A88DF816300CF040F902E0ADF84D
:104F3000023004209DF8013043B998B901998A687C
:104F4000496812880B2320460EF03AFA06B010BDCD
:104F50009B06EFD5BDF80220204617F0D1FEE9E709
:104F60000120E7E7C3B2BDF802200A21204604F081
:104F7000F5FFEBE738B5214C214D21782846222357
:104F800000F8013B02311DF0DFFD42F68831E81CDC
:104F90001DF0DAFD23781B4A1B4802EB0311C1E91F
:104FA00000051A4888601A48C860591CC9B202EB4B
:104FB0000111184808601848486018488860184867
:104FC000C860991CC9B202EB01121649116016495A
:104FD00051601649164891601649D1600333027C2E
:104FE0001549DBB223709BB221F8223001EB82011C
:104FF000022401324C800274C38138BDA76D0220A7
:10500000576B0220185F0220264503012E2304015E
:105010000500000112EF0301806902203E23040114
:10502000180002032E3A0301926D02201A1B04019C
:10503000506A022002002033F06C0220F7B52E4B9C
:10504000019004460F460093022201231121EC2017
:10505000FDF780FD1CF0DCFE00283ED11F2C47D858
:1050600034B12046FFF7C4FC002843D016F01AF8EC
:10507000224B1868F02104301DF0DCFA054654B3C9
:105080002046FFF7B5FC0646D5F8AC0020B116F077
:1050900009F80023C5F8AC3034B1C5F8AC6022463D
:1050A000394630461BF0D8FE95F8FE30A5F8B040E2
:1050B000DB0744BF012385F8FD3095F8F8301BB1BC
:1050C0000221284618F0D8FC01201CF091FE002493
:1050D000204603B0F0BD2646D6E70C24084B0093CB
:1050E000019401230022FF21EC20FDF733FDEFE7BF
:1050F0001224F3E70724F1E712110401280200202B
:1051000050DF0301F7B52E4B019004460F46009384
:10511000022201231221EC20FDF71CFD1CF078FE79
:1051200000283ED11F2C47D834B12046FFF760FC41
:10513000002843D015F0B6FF224B1868F021043048
:105140001DF078FA054654B32046FFF751FC064699
:10515000D5F8BC0020B115F0A5FF0023C5F8BC3080
:1051600034B1C5F8BC602246394630461BF074FEA7
:1051700095F8FE30A5F8C0409B0744BF012385F891
:10518000FD3095F8F8301BB10221284618F074FC68
:1051900001201CF02DFE0024204603B0F0BD264661
:1051A000D6E70C24084B0093019401230022FF2131
:1051B000EC20FDF7CFFCEFE71224F3E70724F1E73B
:1051C000000504012802002050DF030173B54FF4ED
:1051D000DE71002009F05EFD054600284ED004680F
:1051E0004FF4DE72002120461CF0EEFA04F1C803F1
:1051F000C4F8CC3004F1D003C4F8D43004F5BA7349
:10520000C4F8783104F5BE73C4F8803104F5C27374
:10521000C4F888311B4BA5601A6800262660916887
:1052200061600C6094601A68137801331370314622
:10523000182204F5C6701CF0C7FA134BC4F8985135
:105240001822C4F89431314604F5D2701CF0BCFA2F
:105250000E4BC4F8B051C4F8AC3101210DF1070078
:1052600007F05CFF9DF807102522B1FBF2F302FB6B
:10527000131384F85230064B6B602546284602B063
:1052800070BD00BF280200200001010001010300E1
:10529000915B0301304BD3F8842F6FF31F62C3F887
:1052A000842FD3F8882F6FF30702C3F8882FD3F821
:1052B000882F6FF30F22C3F8882FD3F8882F6FF34E
:1052C0001742C3F8882FD3F8882F6FF31F62C3F8F3
:1052D000882FD3F88C2F6FF30702C3F88C2FD3F8E5
:1052E0008C2F6FF30F22C3F88C2FD3F88C2F6FF312
:1052F0001742C3F88C2FD3F88C2F6FF31F62C3F8BB
:105300008C2FD3F8902F6FF30702C3F8902FD3F8A8
:10531000902F6FF30F22C3F8902FD3F8902F6FF3D5
:105320001742C3F8902FD3F8902F6FF31F62C3F882
:10533000902FD3F8942F6FF30702C3F8942FD3F86C
:10534000942F6FF30F22C3F8942FD3F8942F6FF399
:105350001742C3F8942F70470024014170B590F8AC
:105360004740052C01D8032C18D1A9B900EB8200C5
:10537000036F1FE000EB830200EB4301126FB1F8F3
:1053800088401168013364F3DE311160DBB290F8BC
:1053900094209A42EED870BD0023F8E714F0FD0384
:1053A00027D109BB00EB8200036F1A6861F3DE327C
:1053B0001A60C36F1A6861F3DE321A60EBE71AB243
:1053C00000EB820100EB42020C6FB2F888602568A6
:1053D00066F3DE352560C96FB2F88E400A68013386
:1053E00064F3DE320A60DBB290F894209A42E6D889
:1053F000D1E7042CCFD10029B8D000230DE000BFA5
:1054000000EB830200EB4301126FB1F88840116892
:10541000013364F3DE311160DBB290F894209A42DC
:10542000EED8B8E7F0B585B005460C461646002321
:10543000ADF80A300193836C03A9204698470028F1
:1054400051DBBDF80C70AB6A01AA002120469847D9
:10545000012F12D0022F34D0002F42D12B6D019A90
:105460001B212046984700283DDB01283BD0EB6CF0
:10547000012120469847012035E06B6D0DF10A01AE
:105480002046984700282EDB01282CD0BDF80A3092
:1054900003F0100316F4007F06D116F4006F0CBF62
:1054A00043F4004343F42043ADF80A300222ADF840
:1054B0000C20ADF80E30EB6C039920469847012084
:1054C00011E0BDF80E20ADF80A20AD6D019B1B2147
:1054D0002046A847002806DB012814BF0020012031
:1054E00001E06FF00B0005B0F0BDF0B5D0E9037539
:1054F00085B0008917F00CFD0446002854D0C16D1A
:10550000002951D090F85730002B4DD007B13DB94C
:105510002046082106F0AEFA0446204605B0F0BD4C
:105520002B68C1F86F306B68C1F87330AB68C1F895
:105530007730EB68C1F87B30C36D01229A7041204F
:105540001DF0FEFA064688B3002300F8013BE16D2A
:105550002022EB311BF080FCE16D2022EB3106F1C3
:1055600021001BF079FC4122314628466B46F0F7BA
:10557000BBFC10226946384619F088FC78B9E378FC
:1055800053B9E16D204601F5E0710EF0F6F90446DD
:1055900030461DF0D7FAC0E70623A370F7E70421D1
:1055A000204606F067FAF2E70124B6E70224B4E7E2
:1055B0002A4B83424DD170B50D461446D1B15B6B79
:1055C00013B1052126489847264AA2F16C06111FFF
:1055D000304608F0BDF9736B1BB1062106F15C0083
:1055E0009847AC46204D0FCDACE80F0095E803007E
:1055F0008CE80300002C2FD0184B5B6B13B10321F8
:105600001A489847154B0022C3F8802093F89C2035
:105610009AB1D3F88C30013A92B202EB021103F145
:10562000440202EB81020D48D0F880101D6A294423
:10563000C0F8801044339342F6D1084B5B6B13B132
:1056400004210A4898470A4B0FCB84E80F0000203A
:1056500070BD6FF0050070470020F9E7307102203F
:105660008C7102209C7102209471022090710220A2
:10567000AC7102202DE9F843164602B3894617F0B3
:105680008FFF0546F8B1036B13B14FF0000829E016
:1056900090F83E3013F0010FF7D017F095FFF4E7C4
:1056A0000023AB86AB631BE0EB8E4BB995F83E3025
:1056B00013F0010F04D0284617F086FF00E0904653
:1056C0004046BDE8F8834FF00008F9E7AB8E4BB9D0
:1056D0003B682B63002BE3D09A89AA869B68AB6357
:1056E000002EE1D0EB8E002BE0D02F6B002FE7D007
:1056F000AC8E9C4228BF1C46B44228BF3446002CC6
:10570000E4D0B9F1000F05D02246A96B484612F04B
:1057100023FFA144361BB6B2A0441FFA88F8EB8ED3
:105720001B1BEB86AB8E1B1BAB86AA6B2244AA63AA
:105730009BB2002BD4D1CBE730B5FBB0044600239D
:10574000019302930393049305930693079308939D
:1057500009930A930B93102108A816F07FFA0CA85E
:105760001CF0B1F894F87130012B35D0002201A95A
:105770000CA81AF045FF01A90CA81AF04DFF16F06D
:105780003DFA04460D461CF06BFE02464FEA451CEE
:105790004CEAD46C63011B1B6CEB050C4FEA4C2CE0
:1057A0004CEAD35C5B021B1945EB0C0C4FEA8C10E6
:1057B00040EA93609901CB1A60EB0C001B1945EB92
:1057C00000019809002340EA8160890916F0D6FD9E
:1057D000019B18447BB030BD236C0193E36B0293B3
:1057E000B4F85E20B4F85C3003EB0243039308ABDB
:1057F00004AC0FCB84E80F001C22B8E72DE9F04180
:105800002C4E2D4C4FF001082C4F19E0226A2AB380
:10581000616A236A40469847A36A0133226B934228
:1058200028BF00231AE0A16A4A00E8B207F8110075
:105830000132C5F30725BD54A36294F83430CBB9C7
:10584000337E13F0040F32D0B56AA36A0133226BA2
:10585000934228BF0023E26A9A42D7D0E26A9A4272
:10586000EED0726802F00702012ADCD0A26AEDB223
:10587000BD54E1E71BF098F80F4B1B6A002BDFD0FB
:105880000D4B596A93F83C3043B10B4B9B6B9842DC
:10589000D6D3094B1B6A00209847D1E7064B9B6B78
:1058A0009842CDD1044B1B6A00209847C8E7BDE859
:1058B000F08100BF000C0040FC6602208C430220F7
:1058C000002856D070B50446C36A2B4A1268D26AC3
:1058D000934245D28269002A05DB274A1268D26AC0
:1058E000C2F10502826103EB8303244A02EB8303C6
:1058F00062699A4205D0204B1B68DB6AE362012093
:1059000036E0251D284619F05CF938B91C490B68AA
:10591000E06A0122824023EA02030B60164B1B68F7
:10592000DB6AE36216490E68012000FA03F2324393
:105930000A60124A03EB830302EB83035B68A360F4
:105940009968E1604D609D60E36A03EB830102EBBF
:105950008105656152F82130034442F8213007E0A7
:10596000054B1B68406CDB6A98422CBF002001206D
:1059700070BD0020704700BFE06C0220C4640220AC
:10598000C86C022070B52C4C2268157815F00405FF
:1059900051D15178294B49001E68C9B261F30706FD
:1059A0001E6051781E6801314900C9B261F30F26AB
:1059B0001E6051781E6802314900C9B261F3174672
:1059C0001E6051781E6803314900C9B261F31F6639
:1059D0001E605378043353702368821C22F0704297
:1059E0005A63174A1188C0B260F307011180A2F50B
:1059F000E472116865F34D31116012490A8842F072
:105A000001020A805A78272A0AD95D702368DA7859
:105A10001979013A914202BF1A7842F004021A70D1
:105A20002368DA8D013ADA855A7901325A711A7887
:105A300042F020021A7070BD38030020503C014132
:105A4000003A0141243A014170B52C4C2268157886
:105A500015F0040551D15178294B49001E68C9B28F
:105A600061F307061E6051781E6801314900C9B212
:105A700061F30F261E6051781E6802314900C9B2D9
:105A800061F317461E6051781E6803314900C9B2A0
:105A900061F31F661E605378043353702368821CC1
:105AA00022F070425A63174A1188C0B260F30701AE
:105AB0001180A2F5E872116865F34D311160124949
:105AC0000A8842F001020A805A78272A0AD95D70B2
:105AD0002368DA781979013A914202BF1A7842F0C4
:105AE00004021A702368DA8D013ADA855A79013294
:105AF0005A711A786FF345121A7070BD380300207E
:105B0000543C0141083A01412C3A014170B5D0F8AA
:105B1000AC301E7B182E044602D038D8012E38D85F
:105B2000182EE56802D1B3F80F3093B36B7983B3C5
:105B30001CF0D4FDA18FB4F85030B4F85C200528D7
:105B400001FB03338CBF12210C2101FB0323012E27
:105B5000AB6030D0F6B1182E16D194F8E220D4F80C
:105B6000AC1002F0EF02032A02D1D4F8B4210AB932
:105B7000D4F8B8219BB29380A1F80F30D4F8442117
:105B800012B10733A2F8153000236B7101E0272E04
:105B900019D070BD94F8E220D4F8AC10112A01D0CD
:105BA000032A02D1D4F8B4210AB9D4F8B8219BB29F
:105BB000D382CB82E8E7D4F8AC20D4F8B4119BB2FE
:105BC000CB805382E0E7C36F43F00103C367E0E794
:105BD000902910B50FDC7F2913DD8039102910D8EA
:105BE000DFE801F02B2B360F110F0F0F200F0F0FD7
:105BF0000F0F0F0F3600C02944D0F02942D0A02942
:105C000021D000200DE019682AB10A1D1A60B1F9EF
:105C10000030DA1702E00C1D1C600B88C0E900326E
:105C2000012010BD196822B10A1D1A6091F90030D7
:105C3000EFE70C1D1C600B78F0E71968F2B10A1D44
:105C40001A600B68E5E71A68111D19601368E0E730
:105C5000196852B1073121F0070101F108021A60F9
:105C6000D1E90023C0E90023DAE7CA1D22F00702C8
:105C700002F108011960D2E90023F3E70C1D1C6052
:105C80000B68CBE71A68111D1960136803600023C5
:105C90004360C5E70720704753EC102BC3F30A514C
:105CA0002DE9F04140F2FD704C1E84429E4641D8E1
:105CB000A1F2FF30002833DB33282DDC264C4FF0D7
:105CC000FF3CC0F120061546A1F21F4104FA06F27E
:105CD0002CFA00FC4CEA020C24FA01F24CEA020C09
:105CE000C44003EA040805EA0C0757EA080725EA56
:105CF0000C0223EA04030FD0002B0DDA4FF48014BA
:105D000004FA06F624FA01F10E43B61824FA00F458
:105D100044EB03043246234643EC102BBDE8F081EC
:105D2000002B03DB9FED080BBDE8F0819FED080B16
:105D3000BDE8F0810029EFD10A4603F0004343ECAF
:105D4000102BEBE7AFF30080000000000000000024
:105D5000000000000000F0BFFFFF0F002DE9F84336
:105D600080460C4617461E4617F01AFC00284ED0F7
:105D7000054690F85C90BCB9B9F1000F49D12F8568
:105D800095F85D3013F0010F05D195F83C3023F004
:105D9000040385F83C3095F83E3043F0020385F863
:105DA0003E300120BDE8F883631EDBB2012B32D800
:105DB000B9F1000F01D0A1452FD195F83E3023F065
:105DC000020385F83E3085F85C40002ED7D032467D
:105DD0002146404610F06AFD034678B1012C04BF0D
:105DE0003368EB6195F85D3013F0040FC7D195F877
:105DF0003C3023F0100385F83C30C0E785F85C9018
:105E000095F83E3043F0020385F83E30CAE70020A3
:105E1000C8E70020C6E70020C4E70020C2E700284A
:105E200058D02DE9F04192B00C46174605464FF088
:105E300037084246002104A81BF0C6FC05F10806FD
:105E400003970294CDF8048000960123424604A9EA
:105E50002846F7F7F7F900283ED104ACB44610AF56
:105E6000A646BEE80F00CCF80000CCF80410CCF831
:105E70000820CCF80C3074460CF1100CBE45EFD164
:105E8000DEF80000CCF80000BEF804209EF80630D2
:105E9000ACF804208CF8063004AB00200DF147016B
:105EA0001A46013310708B42FAD1002303930293F8
:105EB00037220192009605F13F012846F7F7C2F913
:105EC00060B901232B6000236B6085F8803012B02D
:105ED000BDE8F081012070470120F8E70120F6E7D6
:105EE000072856D870B506460C462B4DD1F817003A
:105EF000D1F81B10D4F81F20D4F823300FC5D4F8E4
:105F000027002860B4F82B2094F82D30AA80AB71BC
:105F100006F500500830E1F723FF08B9012070BDF5
:105F20001E4DAC4620686168A268E368ACE80F00CB
:105F30002069CCF80000A28AA37DACF804208CF87C
:105F40000630D4F82E20D4F83230D4F83600D4F805
:105F50003A10C5F81720C5F81B30C5F81F00C5F862
:105F60002310D4F83E20D4F84230C5F82720C5F8D5
:105F70002B30B4F8462094F84830A5F82F2085F847
:105F8000313006F50050E1F7EBFE80F00100C0B2C1
:105F9000C5E70320704700BF8068022080670220A9
:105FA0004369002B46D130B585B0044690F83130B6
:105FB000032B22D05A1ED2B2012A32D8012B3BD059
:105FC000C3680DF10F020192002200921D6B838EB7
:105FD000C28E418E0069A8470346D8B99DF90F309B
:105FE000022B08BF03201AD04FF4B4721B490020C3
:105FF00018F084F86FF0010011E0C3680DF10F0292
:106000000092DD6A0023C28E418E0069A8470346D4
:106010000028E3D063610223012084F8303005B00A
:1060200030BD4FF4AE720D49002018F09DF84FF0CE
:10603000FF30F4E703207047C3680DF10F020192AF
:10604000012200921D6B838EC28E418E0069A8478B
:106050000028C3D000231846DFE700BFD4020401A4
:106060002DE9F04186B00446476801290ADD0D4656
:106070001646D2F80480204940461BF0B8F828BBE9
:10608000022D0CDC23681B681C493846984723689E
:106090001B681B493846984706B0BDE8F081B068D8
:1060A00013F05EF960B119F095F823685B68154A42
:1060B0001549002818BF0A46144938469847EBE7A7
:1060C00023681B68124938469847E5E7114940465E
:1060D0001BF08DF80028D5D11CF06EF9142201A90F
:1060E00014F0BEF823685B6820B101AA0A4938465B
:1060F0009847D1E7094AF9E778150001B81500017A
:10610000DC15000170150001641500018015000107
:10611000180F00017C1500019C150001B01300014F
:1061200038B50468A36FD90505462BD51A0525D5C2
:1061300009F062FD294BDA6A42F40032DA62DA6A67
:106140006FF35142DA62DA6C42F40032DA64DA6CEC
:106150006FF35142DA64DA6C42F48022DA64DA6C6A
:106160006FF39242DA6494F96D30002B0BDB637DA0
:1061700001336375204616F0D1F815E017F087FF5C
:106180000028D5D038BDA36F1B0605D5E37D012BB4
:106190001AD1284618F034FC11F056FEA36F23F0F4
:1061A0004003A36717F054FCE37D012B06D1237D48
:1061B00013F0180F02D0284611F08EF9284600215E
:1061C000BDE83840E2F782BA11F03EFEA36F23F03B
:1061D0008073A36717F03CFCDEE700BF0024014199
:1061E000434F4E4E3A41636C5478446F6E653A4863
:1061F000646C3D3078253034782C6C656E6774683B
:106200003D257800434F4E4E3A4374726C5064758E
:106210005263763A48646C3D3078253034782C4FA0
:1062200070436F64653D3078257800434F4E4E3A99
:106230004C4C206465736320616C6C6F63206661F5
:10624000696C3A2530327800434F4E4E3A446174BF
:10625000615263763A48646C3D3078253034782C4E
:106260006C656E6774683D256400434F4E4E3A413D
:10627000434C206465736320616C6C6F63206661BE
:10628000696C3A2530327800416E63686F72204D38
:0F6290006F76653A48646C3D307825303478007D
:1062A00030B59FB01BF04BFC08AC2A4D0FCD0FC48E
:1062B00095E8030044F8040B2170274B01AC93E8E8
:1062C000070084E807000DF10301082019F0B6FD6E
:1062D000002305930693ADF81C302023ADF8103051
:1062E000ADF8123007238DF81C3004A81AF010FC0A
:1062F00015238DF838300DF1200CBCE80F00CDF8D7
:106300003900CDF83D10CDF84120CDF84530DCF80E
:106310000000CDF849009CF804308DF84D300EA8EF
:106320001AF0DEFB0C238DF85830234607CBCDF84E
:106330005900CDF85D10CDF8612016A81AF0DCFBED
:106340000DF102010E2019F087FDFCF721FF1FB0AF
:1063500030BD00BF5C04000174040001037BC3F383
:1063600003139B00143B13F0FF0342D010B514300D
:10637000C41800BF00EB030E0246724548D0A2428B
:1063800034D294461CF8011BB1B301292CD0013B37
:106390001844801A00F0FF03022909D0012B31D9DB
:1063A00051788B4231D3881C10445B1ADBB2E1E791
:1063B000022B24D95378042B02D04FF4067029E025
:1063C00091784FF0000361F30F23D27862F3070353
:1063D00098B240F2B453984228BF1846B0F5067FF1
:1063E00038BF4FF4067015E06246C6E74FF40670FA
:1063F00010E04FF4067070474FF406700AE04FF457
:10640000067007E04FF4067004E04FF4067001E0F8
:106410004FF4067010BD00BF70B582B004460E4642
:106420002B4BB3F9000017F0E3F800284BD03146AE
:106430002046F3F7D9F90546052807D0062843D1A9
:106440000022022120460FF0E5FD3DE0B4F85E3069
:10645000052B19D00B2B01D00D2B35D1E368A36090
:10646000E36A23630923A4F85E3094F8603043F0B4
:10647000320323F0800384F8603000231A46082199
:106480003046FAF779F81FE094F8643003F005031A
:10649000052BD5D1A36AE362B4F85A301BB908239F
:1064A000A4F85E3010E000230193636B009343F285
:1064B000010301AA694630460BF030FF1BF094FF40
:1064C00060600623ECE70A25284602B070BD00BFD5
:1064D0008E6D02202DE9F843044690461D46EFF3E9
:1064E00011864FF0200383F31188BFF36F8FBFF342
:1064F0004F8F826BC36B9A4206D3022D04D00020CB
:1065000086F31188BDE8F88394F845707FB2D4F81B
:1065100038902A46204609F0B5F8B7F1FF3F21D15F
:10652000A36C7BB1022D02D1B9F1000F24D120461A
:106530000DF00AFC10B3B8F1000F21D00120C8F80B
:106540000000DDE7636A0BB90120D9E704F12400FC
:10655000FDF7BCFBB0B1B8F1000F15D00120C8F8B1
:106560000000CDE71BF08EFF87420FD201377FB2CC
:1065700084F845700120C3E70120C1E70120BFE78F
:106580000120BDE70120BBE70120B9E70120B7E703
:1065900030B503780E2BC3B0044622D00F2B3ED06B
:1065A000062B1BD100250CE009238DF8083004EBE5
:1065B000850302A8DB88ADF80A300FF0B9F8013581
:1065C000EDB22379AB42EFD800220434019200945B
:1065D000222313214FF4827016F0BEFB012043B03A
:1065E00030BD03798DF80A300025411D20220DF1C0
:1065F0000B008DF808501AF02FFC04F12501202221
:106600000DF12B001AF028FC043402A817F082FFC9
:106610000195009441232A4640F63E01DAE7012322
:10662000411D20228DF8083003798DF80A300DF1D4
:106630000B001AF011FC02A817F06CFF04340022C2
:1066400001920094212340F63E11C3E703297FB550
:10665000044615464CD111F0A0F8002849D1E37842
:106660009A074DD413F0100F264B1B6805F101015A
:106670000DF10A0014BF1E8A5E8A1BF0BDFFBDF833
:106680000A30162B9CBF1723ADF80A30BDF80A302C
:10669000B34228BF3346A38003201CF003FA05460B
:1066A000B0B100F11003032103A803931BF0AAFF6C
:1066B000314603A81BF0ACFF042300932A460023B5
:1066C0000321208814F0A5FF10B128461CF028FAF9
:1066D0004FF482701CF034FA40B10E22027022880E
:1066E0008280A288C280042117F0A2FA04B070BD93
:1066F0000420C3B200220221204603F02FFCF5E75C
:106700000620F6E7E4010020F0B587B02B4B01909E
:10671000CDE9021207460093EC200E4615460123F0
:1067200002225021FCF716FA384618F033F90028F7
:106730003DD0046894F8ED309A063AD5204617F01B
:1067400021FCD8B10C20FEF753F994F8EE30C4F8D0
:10675000B4011B07A4F8586104D440F648039D42D5
:1067600028BF1D46FB23A4F85A51038020461BF086
:1067700056F900B30024204607B0F0BD204604AB14
:1067800006220321ADF81070ADF81260ADF8145078
:106790000CF0A0FE04460028ECD0094B00930194B5
:1067A00001230022FF21EC20FCF7D4F9E3E70224C7
:1067B000F3E71A24F1E70724EFE700BF69B8030104
:1067C000BADA030130B52C4D2B685A79013A5A7167
:1067D0009A78272A89B0294622D900249C702A68F1
:1067E00013790133DBB21371D2789A4218D80120A1
:1067F0000CF056FF2B681A781C7164F382021A7031
:106800002B681A7864F301021A702046F4F70EFA26
:1068100023462246194901200AF06BFF09B030BD1A
:106820000B681A7802F00702022AF7D1DA8D5AB102
:1068300002AB1422002118461AF0C6FF0022009273
:106840000FC8FBF763FEE9E759790029E6D1182262
:1068500002A81AF0B9FF01200CF022FF9DF80830C1
:1068600043F002038DF8083002A801238DF80A30A6
:10687000F4F7DCF9D2E700BF38030020000701017C
:1068800030B50179274BE9B1012931D01A6842F0BE
:1068900080021A60244AD0F805101160407A5168CD
:1068A00060F3040151601A6842F040021A601A68ED
:1068B0005106FCD41A685200FCD51C4B1868C0F372
:1068C000054030BD1A4A0588146865F30F0414604A
:1068D0001468458865F31F4414601A6861F34D32EB
:1068E0001A60124A4489116864F30F011160CDE700
:1068F000104A0488116864F31F411160516844888C
:1069000064F30F015160516841F4E02151601A684D
:1069100042F400521A60084A4489116864F31F4126
:10692000E4E700BF5434014158340141B03401411F
:106930006034014154360141BC3401412DE9FF412D
:106940000C4606210746164614F07CFE0546002834
:1069500042D107F15C00FBF77DFC042C3CD997F891
:106960004C30F42B38D1013CA4B2A30706F1010648
:1069700035D1A11E31440DF10E001BF03DFEB7F8DC
:106980004620BDF80E108A422FD9BB6C019301310D
:1069900097F84D30009389B2A7F844104FF4205374
:1069A000384604F02FF84FF000084FF482701CF0C6
:1069B000C7F8054680B1022303703B888380C480FA
:1069C00024B12246314608301AF046FA85F8FE8096
:1069D0000421284617F02CF904B0BDE8F081B7F87F
:1069E0004630ADF80E302C46C9E738461AF0C0F8EC
:1069F0004FF00108D9E770472DE9F04F047A14F001
:106A00000704034618BF0124274850F83460844621
:106A10007EB900EBC4051E6040F834306B6023483B
:106A200040F82430002A3CD00846BDE8F04F04F07E
:106A300049BFD3F804A04FF0000EAAEB010BB046FB
:106A40003746F146BBF1000F1FFA8EF5786807DB79
:106A5000401A002816DADDB91E604CF83430DEE743
:106A6000B9F1000F0ED1401A002809DB3868013552
:106A7000ADB20EF1010EB8460028ECD00746E1E7B2
:106A80004FF001097868A0EB0A000028EEDDE2E78C
:106A9000D8F800201A6012B90CEBC4046360C8F87F
:106AA0000030BDE8F08F00BF886A02203C6B0220F6
:106AB00030B5044687B0008817F06CFF00284BD033
:106AC000E2880568A38802FB03336A8F5343628917
:106AD000B3EB820F42DA95F8F13003F06003602BDC
:106AE0003ED1284617F04EFAEB6F10B31A0722D5A5
:106AF0001420FDF77DFFC5F8B40163880380A388E7
:106B00004380E38883802389C38063890381284687
:106B10000DF088FC002814BF00240724114B0093BB
:106B2000022201235B21EC20FCF714F8204607B079
:106B300030BD1B0702D4288806F092F820686168EF
:106B400003AB03C3A06818600C2203AB0A212846DC
:106B50000CF0C0FC0446E1E70224DFE71224DDE785
:106B60001A24DBE72811040138B50468294A94F88F
:106B7000F430126823F0030384F8F4300023C4E9EE
:106B80006D33A4F8E230C4F8E43084F8F2301178C0
:106B9000C4F8EE30204B84F8ED10C4F85831137A65
:106BA000D90754BF537A072384F84231137A9B07DD
:106BB00054BF937A072384F84331184BC4F85431F7
:106BC0000546014640F2026204F5B07019F0B2FCCD
:106BD00040F20362294604F5BC7019F0ABFC40F2A8
:106BE0000462294604F5C87019F0A4FC94F86E30CC
:106BF0006FF3410384F86E3004F5D4720023C4F8B7
:106C00004431C4F85031C4F8A831C4F8AC2184F838
:106C1000B03138BD70020020FB009042B80BDC059B
:106C200070B5D0F8443193F921307F2B92B00446EF
:106C300043D00426012500BFD4F844319B7F1D4278
:106C400032D028461AF02AFDD4F844311A1893F8A5
:106C500021301371D4F844311A18DB7F1373D4F840
:106C600044311A7C92071FD541F22102ADF8002071
:106C700000228DF804202288ADF80620012210445D
:106C80008DF809008DF8082093F821208DF80A204E
:106C9000DA7FC2F301028DF80B2093F820308DF8D3
:106CA0000C30684614F0CEFA013E6D0016F0FF0677
:106CB000EDB2C1D1012012B070BD4FF48153ADF8D7
:106CC00000300388ADF8043068464FF6FF73ADF826
:106CD000063014F0B7FAEDE72DE9F0418AB0046808
:106CE000294B0993236F5B02039340F20113ADF824
:106CF0000230638F15465A0040F271235343064613
:106D00004FF0000820460F4605938DF8008018F0DC
:106D100001FD628F049040F2E24353438DF801700D
:106D2000CDE90638089645BBADF80450029504F14C
:106D3000CC016846F9F798FA237E122B16D1E37D31
:106D4000A3B994F83700658F03F2E24358435D43DB
:106D500018F0ADF800220D4B1BF074FE17F062FE28
:106D60002A4681B2D4F8CC0010F0BAFAD4F8CC009C
:106D7000F7F7ACFA0AB0BDE8F0812B68ADF8043043
:106D80006B680293D3E700BF593703010088834043
:106D90007FB590F85040064634BB294D2B68D3F898
:106DA000583283B118F096FB296891F860220346A7
:106DB0005AB13246D1F858122046AFF300802B6802
:106DC0000022C3F8582204B070BD012081F860028F
:106DD0000092D1F858220393CDE901266B46102288
:106DE00018490AF086FCEAE7012CECD1144D2B6817
:106DF000D3F85C32002BE6D0002918BF022418F02B
:106E000069FB296891F86022034652B13246D1F8F5
:106E10005C122046AFF300802B680022C3F85C228E
:106E2000D1E7012081F860020094D1F85C2203933D
:106E3000CDE901266B46102202490AF05AFCEBE725
:106E4000CC0200200D01000130B5C36D85B00446B1
:106E5000002B3AD04FF4F8720021E06D1AF0B4FC28
:106E6000E06DBC3019F09CFE68461BF015FEE26D2B
:106E70000098C2F8CC0002F1CC03BDF804109DF8D4
:106E80000620998025469A7135F80B0B02A918F057
:106E900091FADDF80930C4F80B30BDF80D30AB8045
:106EA0009DF80830E26D003318BF0123637402239C
:106EB00082F82C30E26D82F82D30104B1B68587828
:106EC00010F001000AD105B030BD4FF4F8701BF08E
:106ED00037FEE0650028BDD10120F4E7E26D92F8AD
:106EE0002C3043F0010382F82C30E26D92F82D3003
:106EF00043F0010382F82D300020E4E7DC0200209B
:106F000070B504468568294B9D420CBF1D4600257F
:106F1000838B012B20D0022B27D0002B41D14FF4A3
:106F20000042002113F0C3FD00283ED003236383F9
:106F30000123A38316F0B0FC064616F085FC2B6AED
:106F40001B6803FB06F606F2E736194BA3FB063671
:106F500000EB9610E06228E0002113F08DFD20B3D5
:106F6000032363830223A3831FE017F0A1FDE0B195
:106F700094F93530002B04DB042363830023A383BF
:106F800013E016F061FCE36A984204D203236383A2
:106F90000123A38309E06FF00201204616F088FA6E
:106FA00003E06FF00B0116F083FA70BD5864022005
:106FB000D34D6210F418000195440101FC18000142
:106FC0001819000161600201201900014017000139
:106FD000512901013C1900015419000121C8020185
:106FE0005C190001701900018D4702017819000138
:106FF00090190001AD1E020198190001B419000199
:10700000B5B30201BC190001D4190001B51903017F
:10701000DC190001F819000125B30201001A000172
:10702000141A000185BB0101181A0001381A000169
:10703000BDF40101401A0001541A00017504020157
:10704000601A0001741A0001BDA600017C1A00013B
:10705000941A00016D9601019C1A0001B41A0001F6
:10706000A9050301C01A0001F7B5047A082C4CD811
:10707000C5680023A5F128012820DAB294423ED841
:10708000254F3B681E78002E41D1304611F064FC3C
:1070900013F0A6FA3F6807F134034FF4A0723146AB
:1070A00018461AF091FB87F8324094B304EB84023F
:1070B000D200294619F0D0FE284610F05FFE95F860
:1070C0002720012A0FD12B788DF800302B466846F7
:1070D00053F8011FCDF801109B88ADF805308DF8ED
:1070E000072013F0C5FF0136F6B2B44205F12805BA
:1070F000E2D1012011F030FC002003B0F0BD0133DB
:1071000000FB03F28A5C012AB7D90320F5E70520CA
:10711000F3E72046F1E700BFD40100201E4B1F4AD1
:1071200070B50C205A601BF00BFD1D4E1D4D3060DC
:10713000002404604460846088201BF001FD214627
:10714000882228601AF040FB3068043011F05FFF9D
:107150000446F8B914481BF0A9FA14481BF0ACFA1D
:1071600013481BF0AFFA13481BF08EFA12481BF0BD
:10717000AFFA124920461BF06FFA2B68104A9A6545
:10718000104ADA66104A1A67104A9A670DF0C0FC76
:1071900006F058FA204670BD3C0200202DAB0201DB
:1071A00028020020386D022075F50301510004010A
:1071B00031E70301598A030155E7030195F50301FE
:1071C0003D400101D9B10101F1630301B5F50301AE
:1071D00013B502460C461AF023FE002847D0262A93
:1071E0002AD0292A35D0202A43D1234BF1B11B685C
:1071F000DA7812F0300F3CD01A7942F001021A719D
:1072000000241E4B0093022201232D21EC20FBF7CA
:10721000A1FC44B11A4B0093019401230022FF21E9
:10722000EC20FBF797FC204602B010BD1A681379DA
:1072300023F001031371E4E70F4B1A68137929B1A6
:10724000980616D543F040031371D9E723F04003A5
:10725000F0E7094B1A68537929B1D90709D543F0EA
:1072600002035371CCE723F002035371C9E70C24E6
:10727000C7E71124C5E700BF700200207A18040197
:10728000B20C040130B5C278837885B004462ABBBD
:107290000C2B0BD1C06D102200F5C87017F0F6FD55
:1072A000054628B10B21204604F0E4FB05B030BDB3
:1072B000ADF80400CDE90200204612F089FCE36D30
:1072C0002088A03301AA02A915F00FFAE36D2A461F
:1072D000A0332946204601F0DBFDE7E7082BE5D186
:1072E000C56D102205F5E87017F0D0FD0028D9D142
:1072F0006B78042B16D101232B71E36D9A78002A49
:10730000D4D01871E36D9870E16D01F5C871204615
:107310000CF060FB204612F05BFCE36D0022A03312
:107320001146D7E7012B02D105F5C871EFE7022B13
:10733000FAD0032BBAD1F7E784B030B587B00AACE6
:1073400084E80F00274C2268137803F00301022918
:107350003CD19DF830506FF38203137000200CF085
:107360009FF9DDB91822294668461AF02DFA2368DC
:107370001978012262F30101197023689978597014
:1073800023685D719DF800308DF8022043F0020300
:107390008DF800306846F3F749FC17E02368032DA9
:1073A0001A7819D1012565F301021A7023689A78B9
:1073B0005A70236800205871F3F738FC0A9B009339
:1073C00004226B46084928460AF093F9002007B0CA
:1073D000BDE8304004B070476FF301021A7000201E
:1073E000D9E700BF380300200407010173B5046822
:1073F000638FD4F84451F02B94BF94F92C3094F956
:107400002B3095F913209A4206460EDC94F92C3065
:1074100095F911209A4208DBB4F85C30D4F8442185
:107420000133A2F8153002B070BDAA7C0121D21A36
:10743000204652B211F029FE002A1EDD2B181B7BBC
:107440009907E9D4144B009693F908309A42B8BFD3
:107450001A46002A08DA284490F9043099181031A5
:10746000BCBFC3F1F00252B28DF804206B46052276
:107470000A4901200AF03DF9CEE7CDD029180B7B4F
:10748000DB07C9D42B7C03F03003202BC4D091F947
:1074900004300F33C0DBD5E7EE0200200506010102
:1074A000F8B50446008A1BF037FB00284DD0208A2F
:1074B000A768A67CE56814F089FE0446002846D03B
:1074C0004FB345B33B7843727B78837205EB8606F6
:1074D0000023E27A9A4211D998002A4609E0E1682D
:1074E00017880144B1F800C0BC4504BF57884F80DD
:1074F00004329642F3D10133DBB2EAE7637ADB0769
:1075000005D54FF6FF72012120780BF087FF237A13
:1075100043F001032372012304F1540584F83C3045
:10752000284619F0E0FD78B128461AF029FC0546F6
:1075300042680189204606F04BFD68681BF002FB9B
:1075400028461BF0FFFA0020F8BD0420FCE70320CA
:10755000FAE7FEE7F8B5294B834242D10C4691F891
:107560002F30264A92F89C2093423DD22349D1F8ED
:10757000B410CF5CFF2F21D0BA4238D907EB0716E1
:10758000B6001E4D05E0236A43F008032362246819
:10759000B4B1236973B36B6B13B1032118489847D7
:1075A000D5F88C0030442146183018F0E4FE6B6B9F
:1075B000002BE8D0042112489847E4E70027DDE7D4
:1075C0000E4C3946204600F0DBFE20461AF0E8FA61
:1075D00008B9002007E039462046F3F765FF002090
:1075E00001E06FF00500F8BD6FF00A00FBE76FF0F7
:1075F0000A00F8E76FF00A00F5E700BF30710220DB
:1076000090710220F8B502283FD00E4615461C4660
:10761000012803D112B113685BB90025002332465B
:107620002146F5F783F80446B0F1FF3F33D12046F9
:10763000F8BD0021104616F0F1FD074640B30023C7
:10764000324621460120F5F771F80446B0F1FF3FBC
:10765000EDD0174B1B6853F824602A463946304654
:107660000EF0F4FB96F83D3043F0400386F83D30D1
:1076700096F83D3043F0800386F83D3096F83E3072
:1076800043F0020386F83E30D1E74FF0FF34CEE7F7
:107690004FF0FF34CBE7064B1B6853F824602A46B3
:1076A000002130460EF0D2FB002DE7D0E0E700BF0E
:1076B0009C6B022010B5837D032B3AD01E4B1B68B8
:1076C00033B11D4A1368013313600124204610BDF5
:1076D00002881A4B1A601A4B1A4A0F211A4803F0F3
:1076E00041FF044678B1002218491E200CF0EEFF3D
:1076F000174B186088B1174B00221A7016F0CCF89F
:10770000154B1860DDE71AF0A5FE0028DED01AF050
:107710009BFE124909F012FCD8E71AF09BFE08B94B
:107720000024D3E71AF090FE0D4909F007FC00246D
:10773000CCE70124CAE700BFAC6B0220BC6B02207F
:107740005C18000170180001B46F0201C5600101EE
:10775000B06B0220F9660220A86B022078180001A5
:107760009C18000170B5002847D00C460546B0F8BB
:10777000423044F240021A4242D1002942D0224B08
:107780001861B0F858209A8203229A7501220146A6
:107790002046F6F7DDFB064660B1206A13F0E2FAF8
:1077A000064600F0FD03012B17D01AF053FE60B916
:1077B000002623E01AF04EFE00B31AF045FEB5F89D
:1077C0005820124909F0BAFB18E01AF03DFE324683
:1077D0000F4909F0B3FB002610E00B48C6750023E3
:1077E0001A462146ECF7DCF8064638B90323042292
:1077F000294605480AF042F900E00026304670BDEF
:107800000126FBE70026F9E7686902202020000135
:107810008C1F000138B5254D2549032019F0B4F916
:107820002B682C4633B950201BF08AF9286060B9C8
:10783000022538E00025236803EB8503D86A08B1E8
:1078400010F0ACFB0135082DF5D150220021206845
:1078500019F0BAFF2368174803221A702368092217
:107860005A70226810210023917053712268D371DD
:1078700014F07CFC0546B0B90F4814F08FFC0546A7
:1078800088B90E4A0521012019F0BAF90C490620E1
:1078900017F000FE2268936903F0F80343F0011328
:1078A00043F4A0639361284638BD00BFDC0200208A
:1078B000411D0401D99D0101C5F2020185FB0201B0
:1078C000553F020170B583780A2B044641D1C06D43
:1078D0004022EB3019F0C0FA94F853308BB90220F3
:1078E00015F02CFB00283BD11F4D2B68DA786AB1CC
:1078F0001E49402204F1120019F0AEFA022384F866
:1079000053302046BDE87040F9F7BCB9E278012A4F
:107910000AD1E26D5278032A06D1996821B191F813
:1079200050300BB14022E5E711481AF0C1FA064683
:1079300080B92868022384F853301030FAF78AFCA3
:107940002B6883F828609B680BB183F850600B2389
:10795000A37070BD20460821BDE8704004F08AB8CD
:10796000012384F85330F2E7DC020020188C030175
:107970002580030190F89C2090F8B330934248D8BA
:1079800010B5FAB100210B468E46FF2408E000BF77
:1079900090F89C20013314315FFA83FC624511D9C1
:1079A000D0F8B420D454D0F898200A44127C012A8C
:1079B000EED1D0F8B42002F80E300EF1010E5FFACD
:1079C0008EFEE5E790F8B830934224D890F89C30CA
:1079D0001BB300210B468E46FF2406E00133143111
:1079E00090F89CC0DAB2944511D9D0F8BC20D45498
:1079F000D0F898200A44527C012AEFD1D0F8BC205C
:107A000002F80E300EF1010E5FFA8EFEE6E701205D
:107A100010BD002070470020FAE70120F8E700BF02
:107A200030B583B0044600238DF80730D0F8A85055
:107A3000EB6900699847012825D02B6A206998478F
:107A400018BBB4F8443013F0010F3BD06B6B0DF151
:107A50000701206998479DF8073013F0080F18D0E8
:107A6000B4F8461041F4005189B2A4F8461094F8D5
:107A70004820204602F052FE237E43F01003237676
:107A8000002384F84A3003B030BD204617F0BEFE14
:107A9000F9E713F0040F04D0B4F8461041F4805114
:107AA000E2E713F0020F04D0B4F8461041F40041AD
:107AB000DAE713F0010F1ABFB4F8461041F4804121
:107AC0000021D1E7204617F0A1FEDCE738B50C46CF
:107AD00015F066FD00284BD00546002C4AD05422F4
:107AE0000021204619F070FE95F85C30012B34D04F
:107AF0002B8DA4F844306B8DA4F846306B6AA364D8
:107B0000AB6CA4F84C306B682A689B1AA4F84E3012
:107B100095F83C1095F85D2042F3000303F0020352
:107B200081F00400C0F38000034311F0080F08BF88
:107B300043F0040312F0020F18BF43F0080311F0E2
:107B4000100F08BF43F0100312F0040F18BF43F0EA
:107B5000200384F85030012038BD6B696360AB6945
:107B60006361EB6963622B6A636301232370BFE780
:107B70000020F1E70020EFE7F8B5274D274C284F0C
:107B800019E05A0017F8131061F30706B6B2013274
:107B9000BA5C62F31F26013322699A4298BF002320
:107BA000E3606B6803F00703012B1ABFF3B2AB620B
:107BB000AE62237D93B92B7E13F0010F2BD0A26808
:107BC000E3689A4224D06A6802F00702012AD8D0FA
:107BD000FA5C62F30706B6B20133DDE719F028FC60
:107BE0002368002BE7D06168237F43B10B4B9B696F
:107BF0009842E0D3094B1B6803209847DBE7074B0B
:107C00009B699842D7D1054B1B6803209847D2E760
:107C1000014B01221A75F8BD000C0040FC660220E1
:107C20008C3302202DE9F0410746884616461D4652
:107C300011F0A4FC002841D0224B93F90030022B14
:107C400006D04FF0FF3415F0EBFD2046BDE8F08183
:107C5000B8F1000F2CD0B8452DD300241A4B1A7858
:107C600032B101342033052CF9D14FF0FF34EAE76B
:107C700001221A7000225A701A755A759DF8182040
:107C80009A70C3F80480DE601D61A8EB07079F604F
:107C90000E4A1288A4B244EA0244DC61531C9BB22F
:107CA0004FF6FF72934208BF0123084A1380CAE7C8
:107CB0004FF0FF34C7E74FF0FF34C4E74FF0FF3415
:107CC000C3E700BF4067022024620220087402203C
:107CD00030B583B01D4B01930223009300234FF472
:107CE00020621B491B48EEF7D9FA002401940125B4
:107CF000009523464FF4806217491848EEF7CEFAF4
:107D00000194009523464FF4806215491548EEF71B
:107D1000C5FA01940323009323464FF400721249DD
:107D20001248EEF7BBFAA84200D0FEE7104B0193D1
:107D30000123009300234FF480520E490E48EEF7C2
:107D4000ADFA06F081FC03B030BD00BF7C0000201E
:107D500038250001711C040148250001F5F20301DA
:107D600058250001810A04016C250001C9E50301C1
:107D700080000020702500019D29040108B5254BD5
:107D80001B681BB1244B01221A6008BD224B002244
:107D90001A60224B1B681B6B1A68B2F1A53F03D116
:107DA0005A68B2F1A53F26D01C4B196818683431C7
:107DB00019F011FE1A4B1B68B3FA83F3DBB2C3F15F
:107DC0001F03184A03EB830102EB810148684068F6
:107DD000486003EB830102EB81020832904213D02A
:107DE00003EB83030F4A02EB83035B68DA680B4BF8
:107DF0001A601B68C9E79A68B2F1A53FD4D1DB6865
:107E0000B3F1A53FD0D1D5E7064A02EB8102D16894
:107E10005160E5E7A86C0220BC6C0220E06C0220F7
:107E2000C86C0220C464022000284BD070B50D46F7
:107E30000446002949D0064656F80C3B5A1C0260FD
:107E40008022F254006838282FD82068C0F1380208
:107E50000021304419F0B8FC6368A1685A0F02EBA6
:107E6000C102DB006364A26431462046DEF77AFB80
:107E7000E06C216D626DA36D28606960AA60EB60A3
:107E8000134BE36403F18833236503F12943A3F51E
:107E90009613A3F68B636365A3F18833A365002073
:107EA00020606060A060206670BDC0F140020021CB
:107EB000304419F089FC31462046DEF753FB00239D
:107EC0002360C2E76FF0AC0070476FF0AC00EBE7E7
:107ED0000123456780B485B000AF0346FB71FB7991
:107EE0001B0443F08072134B1A604FF48073FB60E5
:107EF00000E000BFFB685A1EFA60002BF9D10D4B61
:107F00005B6803F08003002B01D100230CE0094BD8
:107F10005B681B0ADAB2FB799A4201D0002303E0C6
:107F2000044B5B681B0C9BB218461437BD465DF8CA
:107F3000047B7047003E014480B483B000AF034629
:107F40003960FB71FB791B0419460C4A3B680B43F3
:107F5000136000BF094B5B6803F08003002BF9D16D
:107F600000BF064B5B6803F08003002BF9D000BF15
:107F70000C37BD465DF8047B704700BF003E0144EE
:107F800073B51E4600230D4614468DF806308DF855
:107F9000073014F01BF910B90F2002B070BD2C424D
:107FA00004D1012D0CBF02200320F6E7012D04D1DE
:107FB00014F00E0F1CD10020EFE714F0E00FFAD000
:107FC000102D09D1610620D50DF107030DF1060230
:107FD0000321008809F0C0FB9DF8073003BB14F0B3
:107FE000EE0FE8D09DF80630B342E4D20C20D4E77F
:107FF0006507E9D4A2070AD414F0080FECD00DF1FC
:1080000007030DF106020121E3E7A30605D50DF1F3
:1080100007030DF106020221DBE714F0800FEDE704
:10802000012BB9D0022BC6D10520B6E773B5046881
:10803000636F628FDB6899889142064607D1A08FF3
:10804000D988884203D1E08F198988420AD0032158
:1080500084F8AA10998891421FBF0122226500224C
:10806000A4F858201A7884F837205A8822879A88EA
:108070006287DA88A2871B89216FE3872046012265
:1080800009F000FAA36F628F23F00103A367E38F67
:1080900000252046C4F88850DB00B3FBF2F3C4F897
:1080A000903000F06FF8B4F8BC3000936A46D4F812
:1080B000C03001930C213046FEF70EFE94F86D306F
:1080C00065F3041384F86D30A36F23F0040343F0C9
:1080D0000803A36702B070BD0229F8B506460C4636
:1080E00017464BD9037A13F0010F137809D090F893
:1080F0008C2032B91D2B41D13046BDE8F84011F03B
:1081000040BF1B2B4FF4827001D0222B18D11AF0E4
:1081100017FD054690B30823037033888380791CCC
:1081200006301AF069FAE21EF91C2A8105F10A00EC
:1081300018F092FE28460421BDE8F84015F078BDFD
:108140001AF0FEFC054690B1092303703388838042
:10815000791C06301AF050FAE21EF91C2A8105F14A
:108160000A0018F079FE0421284615F061FD044B41
:108170001B88DB07C0D51D2386F84F30F8BD00BF34
:10818000E001002070B5054617F054FA6B8FB5F882
:10819000604040F2E2465E43AB7E122B2BD0222B96
:1081A0002DD0112B30D100EBC404E6346B7EB5F832
:1081B0006400122B2DD0222B2FD0112B32D104EBA7
:1081C000C004E63417F036FAB44224F00042A4EBBF
:1081D00000004FF0000394BF341B002496422CBFD4
:1081E000B61A1E46C5F8A400C5F89C40C5F8A060A4
:1081F000C5F8983070BD00EB8404C234D6E700EBBC
:10820000041404F51974D1E700EB841404F2663405
:10821000CCE704EB8004C234D4E704EB001404F58B
:108220001974CFE704EB801404F26634CAE7704790
:108230002DE9F04182B00378032B43D0074668460E
:1082400018F07EFC00283FD14FF4005442F208069B
:1082500013E04046DFF7F1FE58B1072269461B489C
:1082600016F014FEE8B104E0791C194804F0D2FEBF
:1082700020BB0134A4B2B4421ED0E5B22046DFF7E1
:10828000B9FE0028F5D02046DFF7D7FE0028F0D051
:1082900004F108081FFA88F84046DFF7ABFE002813
:1082A000D7D13B78022BDFD006220A49781C16F082
:1082B000EDFD0028DDD101E00135EDB2284602B028
:1082C000BDE8F0810825F9E70825F7E78068022076
:1082D000876702208167022070B5C0B00C46164641
:1082E00014F0E8FA00283CD005460378012B3AD177
:1082F000837913F0010F03D1204800F1200E08E02C
:10830000037A002BF8D104202EE0DB6873BB7045A4
:108310002ED050F8043F002BF9D093F801C0BCF1E7
:10832000010FF2D1DA790C2AEFD904201CE0A22344
:10833000ADF80430ADF806402246314602A818F0E8
:108340008BFD1B238DF8FC3001A9688817F0BCFD5C
:1083500050B9AB7913F0010F06D02B7A013B2B7289
:1083600002E0012000E0052040B070BD0420FBE7E2
:10837000AB88033B9C42DAD90120F5E79C680220D8
:108380002DE9F04105460F46436B13B103216030E0
:10839000984707EB07184FEA88080124D5F88C00A6
:1083A0004044183017F0A6FB0646B8B13A4631698A
:1083B0002846F4F75DFA04460328EFD1D5F8883053
:1083C0000133C5F88830D5F88C0040443146183068
:1083D00018F0B2F96B6B1BB901200CE06B6BEBB1C1
:1083E000042105F160009847E3B2012B14D9032C56
:1083F00008BF012001D1BDE8F081D5F884300133F8
:10840000C5F884302B6B41F250026FF00201304608
:1084100098476FF00A00EEE70020ECE7E4B2012C89
:10842000EBD80020E7E700BFF8B5022839D00C46AA
:108430001646012802D10AB1136853B90023224617
:108440001946E9F7D3FA0446B0F1FF3F2FD1204691
:10845000F8BD0021104615F0E1FE074620B30023C9
:10846000224619460120E9F7C1FA0446B0F1FF3F60
:10847000EDD0164B1B6853F824506F64324695F8C4
:108480007110284613F048F895F8873043F0080338
:1084900085F8873095F8873043F0100385F88730EA
:1084A000D5E74FF0FF34D2E74FF0FF34CFE7074B6B
:1084B0001B6853F8245000236B64324695F8711002
:1084C000284613F029F8002EC1D0E3E7E86B02201C
:1084D000F8B504460F4616461D4610F07DFF84464B
:1084E00058B1237E012B0AD040F2BA43204A2149D9
:1084F00000200FF011FB4FF0000C6046F8BDF3694F
:108500009F420ED000231A1D57F82220C2B95A1CD0
:10851000012A03D8111D57F8211081B9A5B9AC461D
:10852000EBE796F82B3033B996F82930012BEAD9CE
:108530005DB9AC46E1E796F829300133F6E713461A
:10854000F76186F82930D8E763B13A6942B9012B5F
:108550000BD97B6913B94FF0000CCEE70123EFE78D
:108560000023EDE74FF0000CC7E74FF0000CC4E725
:10857000081B0401A0210001002847D038B504469B
:1085800050F8043C002B00DB38BD50F8082C002AC2
:10859000FAD1A0F1080523F0004340F8043C19F09B
:1085A0006FFB54F8041C1A4A13680B441360194BF0
:1085B0001A461B689D42FBD8506802EB000C6545CB
:1085C0000FD054F8040C29188B4213D02B60AA4208
:1085D00018BF1560104A136801331360F1F772FD7C
:1085E000D2E701445160084611448B4201D0136028
:1085F000F0E71546094909688B4205D05B680344DA
:108600006B6013681B68E1E70B46DFE7704700BF4C
:10861000A06C0220046B0220946C0220A46C022047
:1086200010B5274C206890F82130032B8CB01AD15C
:10863000223018F07FFF206890F82130012B02D9FA
:10864000223011F095FF23680020D3F87431984749
:108650002068038E2BB11B4900F5F2705943F6F7E1
:1086600035FA0CB010BD022BE5D1032104A804F0AB
:1086700055FD0D2200210DF1130019F0A5F89DF80C
:10868000123003F07F0343F0400368468DF8123048
:1086900018F086FA08AA04A96846FCF70FFA2368BE
:1086A000BDF820109DF82220598483F82420BDF8BD
:1086B00010109DF81220A3F8251083F82720BAE7A0
:1086C000D401002040420F002DE9F347264E3368C5
:1086D00007461D7BF8B9DB7AAB4201D90135EDB213
:1086E000224B1C684FF000084FF00109CCB9B9F1DA
:1086F000000F2CD0336820461D733268137B0BB9F2
:10870000012F2ED0D27A9A4202D1002F08BF4320E7
:1087100002B0BDE8F0870128E2D1002DE0D0013D94
:10872000DDE7A268137A043B012B0BD8D2F800A036
:10873000504618F025FD38B9D4F8088081465046D7
:1087400018F008FD2468D1E733681D73F7E78DF84A
:10875000047001AB02220821D8F800000AF0BAFE2A
:10876000CBE74320D4E700BF70020020D4020020F2
:1087700073B505460DF10101684616F09BFE902089
:108780001AF0DEF90446002844D0E96D00F108062D
:10879000442201F596714C3018F05EFBE96D4422DD
:1087A000A031304618F058FB95F857305BB194F87B
:1087B000663043F0010384F8663094F8223043F0C9
:1087C000010384F8223095F856305BB194F8663096
:1087D00043F0020384F8663094F8223043F0020339
:1087E00084F8223095F8522094F8663062F38703BB
:1087F00084F8663095F8522094F8223062F38703AB
:1088000084F82230052323702B88A38021469020F2
:108810001AF045F802B070BD072870B54CD8274D46
:10882000041D2B6853F82460002E45D096F84E3076
:108830001BB106F15C00F9F70DFDB37C1D2B03D1D4
:1088400006F17400F9F706FD2B6853F82430D86858
:1088500008B11AF077F92B6853F82430986C08B1F6
:108860001AF070F92B6853F82400543018F03BFCD0
:1088700068B12B6853F82400543019F081FA064689
:1088800028B140681AF05EF930461AF05BF92B689F
:1088900053F8240015F0B8F92B6853F82430186CFD
:1088A00008B11AF04FF92B6853F824001AF04AF96E
:1088B0002B68002243F8242070BD00BFE002002096
:1088C00073B5254E254C336825491D7F1869202234
:1088D000ADBB18F0C1FAB4F8A430214943F010033D
:1088E000A4F8A430B4F8A43065F3C713A4F8A430F6
:1088F000B4F8A43043F00203A4F8A4303368186934
:108900002022104418F0A8FAB4F8A43065F341030B
:10891000A4F8A430B4F8AC3065F38613A4F8AC30F6
:108920000020F2F783F900246B4605220D498DF8EB
:108930000440012008F0DDFE204602B070BD18F0B2
:108940008BFAB4F8A4306FF34103A4F8A430B4F860
:10895000AC306FF38613E1E7700200200024014180
:10896000602901410105010170B5054616F062FE5E
:108970006B8FB5F8604040F2E2465E43AB7E122B4F
:108980002AD0222B2CD0112B2FD100EBC404E6349B
:108990006B7EB5F86400122B2CD0222B2ED0112B1D
:1089A00031D104EBC004E63416F044FE24F0004359
:1089B000B442A4EB000094BF341B00249E4234BF99
:1089C0000023F61AC5F89C40C5F8A40034BFC5F8CA
:1089D0009C30C5F8A06070BD00EB8404C234D7E7BA
:1089E00000EB041404F51974D2E700EB841404F2CC
:1089F0006634CDE704EB8004C234D5E704EB001401
:108A000004F51974D0E704EB801404F26634CBE764
:108A10002DE9F347044600891AF07EF8002848D073
:108A20002789384614F040F9064600283DD0C3781F
:108A3000002B3AD01C20B4F80AA0B4F80C90B4F87B
:108A40000E80248A1AF07CF8054680B300F11003EA
:108A5000122101A8019319F0D5FDF1794B1CF37196
:108A600001A819F0CFFD082101A819F0D1FD514648
:108A700001A819F0CDFD494601A819F0C9FD4146EC
:108A800001A819F0C5FD214601A819F0C1FD2A462B
:108A90000C21384613F057FE044610B128461AF050
:108AA00051F8204602B0BDE8F0870124F9E702241E
:108AB000F7E70424F5E738B504468268058C1369A6
:108AC00015F0080F2ED013F0010F2BD0EB0A5B012D
:108AD000517811F0010F18BF43F4806343F0010394
:108AE0009AB2B0F84400222814D011F0020F18BF37
:108AF00043F400620421204611F0D9FF38B340F25C
:108B00000113AB434FF0040363830CBF0623082318
:108B1000A3831CE0B4F8460000F4B150B0F5B15F97
:108B2000E3D1E7E715F4C0421CBFC3F300125203C0
:108B300015F4A04F18BF42F4807213F4807F18BF61
:108B400042F480420021204611F0B1FF00B938BD47
:108B5000042363830A23A383F9E7704738B50546E6
:108B60000C468B7B022B31D0032B13D0012B3BD136
:108B7000C06819F01DF800283ED1A288C2F3831105
:108B8000C2F3440241F01001E86814F0F5FC03233D
:108B9000A37331E0C06819F00BF868BBE86819F0FE
:108BA0001FFEA060A188C1F34402C1F3831142F00B
:108BB000010241F01001E86814F0DEFC637B13F061
:108BC000010F14BF06230223A37315E0C06818F039
:108BD000EFFF88B9E86819F003FEA36843EA004391
:108BE000A3600623A37307E040F2CB4203490020B1
:108BF00015F0CCFA0723A37338BD00BF4812040157
:108C000070B5044690F87030023B082B41D8DFE87D
:108C100003F007070505050507053B00002070BDAB
:108C200090F8863013F0100F24D119B982680369C7
:108C30009A4227D01031CDB201263246294620462D
:108C4000DFF724FA002826DBB4F860301BB1A268F5
:108C500023699A42F1D194F8853023F0080384F80F
:108C6000853094F87030082B14BF0423092384F84E
:108C70007030D4E703680361C36083600029D9D1F1
:108C80000020E8E70020E6E70021F2F759FB00208A
:108C9000C5E70120C3E794F8853043F0080384F862
:108CA0008530BCE770B50646002849D00C4600293F
:108CB00048D090F83F301BB10F3424F00F0410342B
:108CC00096F83D30EBB9B36A204698470546F8B1AF
:108CD00096F83F3003B310F00F0F0EBF10350F356D
:108CE00025F00F0545F8040CA4F1100196F83E306C
:108CF000E3B9736B2344736396F83D30DBB92846C0
:108D000070BD4FF0FF3106F1380018F025FEDAE7AC
:108D1000FA2386F83C30EFE710F00F0F04D0FB2366
:108D200086F83C300025E7E72146DFE72846FAF7DA
:108D3000CEFC0546DDE706F1380017F0E1FDDEE781
:108D40000546DCE70025DAE773B5054600230DF19B
:108D5000020101A8ADF8023013F060F995F8523025
:108D6000012B18D1019AAB6DBDF802101A44B5F869
:108D700054300B449BB240F2E1418B42C2F31602E5
:108D8000019285BFA3F2E2430132ADF80230ADF8A3
:108D9000023088BF0192134BBDF802101A68124EC0
:108DA00092F8403203F58E7340F2712032F813408E
:108DB00004EB910404F59C746400B4FBF0F4019896
:108DC00004443440EC6100212846E4F763FE6B78EC
:108DD00020443040E86143F004034002E8656B70D2
:108DE00002B070BDCC020020FFFF7F0020200001F8
:108DF000FFFFFFFFFFFFFFFFFFFFFFFF000000007F
:108E0000000000000000000001000000FFFFFFFF65
:108E1000512563FCC2CAB9F3849E17A7ADFAE6BC1C
:108E2000FFFFFFFFFFFFFFFF00000000FFFFFFFF4E
:108E300096C298D84539A1F4A033EB2D817D0377F4
:108E4000F240A463E5E6BCF847422CE1F2D1176B8F
:108E5000F551BF376840B6CBCE5E316B5733CE2B62
:108E6000169E0F7C4AEBE78E9B7F1AFEE242E34F91
:108E70004B60D2273E3CCE3BF6B053CCB0061D65CE
:108E8000BC86987655BDEBB3E7933AAAD835C65A57
:108E90002DE9F7430546A420884691461E4619F061
:108EA0004FFE044678B30127AF70A422002118F0CA
:108EB0008BFC002020702B88A38084F8068084F827
:108EC0000790B8F1000F21D13268C4F80920726808
:108ED000C4F80D20B268C4F81120F268C4F8152057
:108EE000EB6D63B15B7953B927728DF8043085F867
:108EF00058702B88ADF8063001A818F0D1FF214634
:108F0000A42019F0CCFC03B0BDE8F08395F85330F1
:108F1000022BF4D108F0E6F90028F0D0436803F002
:108F2000F802034B134343600EF0BAF8E7E700BFC3
:108F3000010502002DE9F843264D00242A6802EBC2
:108F40008402116900293FD0002691F80B80CF6878
:108F5000CE72106904F034FB334607EB8800261DFF
:108F60002A6852F82620D27A9A4221D94FEA830CF5
:108F70003A464FF0000E16E0296851F82610C968ED
:108F80006144A1F802E02968B2F8008051F8261087
:108F9000C9686144B1F80090C14504BFB2F80280CD
:108FA000A1F8028004329042E6D10133DBB2D7E768
:108FB00017B1384619F0C6FD2B6853F82600037A1E
:108FC000DB0701D50FF072F80134082CB6D1BDE8EB
:108FD000F88300BFE00200202DE9F04106460020A2
:108FE0000F4615F015FB0546012015F011FB044650
:108FF000022015F00DFB80462EB345F4605189B276
:10900000002015F017FB97F8473013F0FD0F01D043
:10901000042B0FD144F0100189B2012015F00AFB96
:109020006FEA08516FEA115189B20220BDE8F041A0
:1090300015F000BB97F819311BB10F4B1B78002BB3
:10904000E8D02146E9E74FF6FF7130460EF0B8FE52
:109050004FF6FF7101200EF0B3FE4FF6FF710220B4
:109060000EF0AEFE2946304615F0E4FA2146012006
:1090700015F0E0FA4146D8E7070300202DE9F0415A
:10908000D2E900230C4686B005465FEAD378D1E9E1
:1090900001060968E76805913FD0524263EB43033C
:1090A000002808DB21F002010591B8F1000F02D180
:1090B0000599480722D5711E05A802900A20CDE91E
:1090C0000010204606F0A2FAB8F1000F1AD00138BD
:1090D0002D233B542269059B0093013A3346121A13
:1090E0003918284605F0CEFE6B68DB0503D56368AA
:1090F0009842B8BF184606B0BDE8F0810807DAD438
:109100003146D9E7059B590702D501382B23E0E703
:109110001A07DFD501382023DBE70028C2DAC7E7CA
:1091200030B5A7B02D9D002B3FD004460846194608
:10913000002D3DD014B12B9B002B3CD02E9B802BBF
:109140003CD1309B02932F9B0193009203462A9AB5
:1091500005A807F0BAF9C8B92CB12C9A2B9905A823
:10916000FCF75DFEF0B98022294605A8E8F7E6FE87
:1091700010B14FF0FF340BE08022294605A8E8F734
:10918000DDFE041E18BF0124644201E04FF0FF34ED
:1091900005A812F093FD002818BF4FF0FF342046B9
:1091A00027B030BD4FF0FF34F2E76FF0AC04F6E7C4
:1091B0006FF0AC04F3E76FF0AC04F0E74FF0FF346E
:1091C000EDE7F8B500EBC1060446D6F874710D461C
:1091D0009FB399BBD0F8A00011F064FFC4F8A05071
:1091E000384619F0AFFC04EBC503002703F5BA734A
:1091F00004EB8505C6F87471C6F87831D5F8E0003F
:1092000018B111F04FFFC5F8E070D5F8EC0020B1AF
:1092100011F048FF0023C5F8EC30D4F8DC0020B191
:1092200011F040FF0023C4F8DC30D4F8D80020B19E
:1092300011F038FF0023C4F8D830F8BD012907D158
:10924000D0F8A40011F02EFF0023C4F8A430C7E723
:109250000229C5D1C36BD86B11F024FFE36B002248
:10926000DA63BDE7002830D070B50D4616460446D7
:109270008268224B9A4225D1B0F90230022B39D1B3
:1092800035B346B31D4B5B6943B31A684AB35A689A
:1092900052B39B685BB3AB6813B12146184898473B
:1092A000164B2A685A80AA881A61AA795A81EA79E3
:1092B0005A70A662012020830023A3836383608009
:1092C000E08370BD6FF00D00FBE76FF00D0070479D
:1092D0006FF00B00F5E76FF00B00F2E76FF00B009B
:1092E000EFE76FF00B00ECE76FF00B00E9E76FF0D2
:1092F0000B00E6E76FF00C00E3E700BF58640220C4
:109300008818030138B50D4614F04AF9002845D0F5
:10931000044690F83D3013F0300F37D094F83E30CB
:1093200023F0020384F83E3094F83D30C3F3011279
:1093300084F85C2013F0400F04BF0022626213F037
:10934000800F09D10022A26194F83C3003F0BF03E2
:1093500062F3C71384F83C30E26B114B934304BFB4
:1093600000232385ADB1204615F0C4FE04F1400072
:1093700015F0E0FE014620460EF0A8FF94F83E30BE
:1093800043F0020384F83E30012038BD13F082F828
:10939000C4E7E16A204600F071FBEFE70020F4E744
:1093A0000400800070B5264B5A6B59691961002A78
:1093B0003BD09368B3F5004F30D3214B5C69002557
:1093C00047F6FF73E4186D411D4E73689B6998471B
:1093D0004FF0000C014663463269824205D94FF6D0
:1093E000FF73C2184CF100031146154A126A501857
:1093F00043F10003844275EB03031ED2104BD86186
:109400000F4BDB699BB213B90D4B0122DA610C4B98
:10941000D8695B685B6980B2984770BD9368084AF9
:1094200054690025E4186D41CEE7054B5C690025C1
:1094300047F6FF73E4186D41C6E7014BDC61DFE7D7
:10944000406702202DE9F0410C4600258046D1F806
:10945000AC008F6811F026FEC4F8AC50A4F8B050F0
:10946000D4F8BC0011F01EFEE66BC4F8BC50A4F8A2
:10947000C05026B1B06A11F015FEB562B585002165
:10948000204605F055FA0121204605F051FA022147
:10949000204605F04DFA00212046FFF792FE0121FB
:1094A0002046FFF78EFE20460221FFF78AFEE06B82
:1094B00008B119F047FBD4E900236AB15360D4E93D
:1094C00000231A60064B1A681378013B1370384664
:1094D000BDE8F0410DF04CBFC8F80430EFE700BF25
:1094E0002802002037B50B7B01930D46234B0093D8
:1094F0000446012302221321EC20F9F72BFB2B7BDE
:10950000023B212B25D8DFE803F02E15241521245A
:109510001524152B1124151524241524152415158F
:1095200024152424241524242424241594F8E2301A
:10953000022B0ED194F8F230114943F0040384F861
:10954000F23004F5B070F5F7C1FA02E0E37D002BCC
:10955000F0D02946204603B0BDE8304017F026BEC3
:10956000E37D012BE5E794F8F23043F0040384F83F
:10957000F230E38F42F210715943E2E740030401F5
:10958000005A6202FFFFFFFFFFFFFFFFFFFFFFFF29
:1095900000000000000000000000000001000000CA
:1095A000FFFFFFFFFCFFFFFFFFFFFFFFFFFFFFFFCE
:1095B00000000000000000000000000001000000AA
:1095C000FFFFFFFF4B60D2273E3CCE3BF6B053CCB3
:1095D000B0061D65BC86987655BDEBB3E7933AAAF5
:1095E000D835C65A96C298D84539A1F4A033EB2D88
:1095F000817D0377F240A463E5E6BCF847422CE1A5
:10960000F2D1176BF551BF376840B6CBCE5E316BE8
:109610005733CE2B169E0F7C4AEBE78E9B7F1AFEAC
:10962000E242E34FF7B5044614F0E0FFA4B36378D9
:10963000DB0731D52046F9F771FB28B3012210462C
:10964000214602F0C5FE01AB04220721022001944D
:1096500008F04FF84FF0807194F85000184D14F056
:1096600097FA94F850602B68012E1AD1D3F85C72E7
:1096700015F030FF224603463946304600F086FE9C
:109680002B680022C3F85C22A06808B1F9F746FBFA
:10969000206908B119F056FA204619F053FA03B0C0
:1096A000F0BDD3F8586215F015FF22460346314647
:1096B000002000F06BFE2B680022C3F85822E3E77D
:1096C000CC020020F0B5244E244C034600683060E4
:1096D0009A889B79B371B280B4F86C3F43F002036F
:1096E000A4F86C3FD4F8683F5A008BB00F4631D5D0
:1096F000D4F8945FD4F8683FC5F3026565F312436C
:10970000C4F8683F27223146684617F0A5FB9DF84C
:10971000003007F0010767F341032722694630460E
:109720008DF8003017F098FBD4F8683F43F48013AD
:10973000C4F8683FD4F8683FDB02FBD4084B1B68D1
:10974000272202FB05350020EB7A67F34103EB7219
:109750000BB0F0BD0220FBE7703301410024014152
:10976000E8020020F7B50568EC68064644B3AB6F25
:10977000234F43F48053AB67A388F3B9E2790ABB64
:10978000AB6F1A070AD5012323716B4608223946AD
:109790000120CDE9006407F0ACFF0EE043F4005374
:1097A000AB67B5F85C30A268DB4313441BB2002BF7
:1097B00003DC2146284616F039FD2468002CDBD155
:1097C00003B0F0BDA368B5F85C105B1A1BB2002BA8
:1097D000F3DC01239A4223710DD0182AEDD12146E2
:1097E0002846F8F77BFF2846FFF7BEF8AB6F43F437
:1097F0000013AB67C9E72146284615F014FBC4E700
:10980000A004010138B5234B234C1A686FF31F42A3
:109810001A602268022161F35A622260226842F0D3
:10982000006222601A6842F400621A601A68110528
:10983000FCD423686FF35A632360032011F01BFFED
:1098400023686FF3DB632360144B1A685207FCD163
:109850001A6812F0380FF8D1114D2B6813F0606FB1
:1098600000D138BD236843F000632360032011F06A
:1098700002FF23686FF3DB632360032011F0FBFE1C
:1098800023682268C3F34163013363F35A622260A1
:10989000E3E700BF583E01410C3A0141703E0141EF
:1098A000203A014100284BD02DE9F0410C460546F5
:1098B0000369002B42D090F82F20D1F8BC1011F88A
:1098C000028008EB0817BF0008EB88084FEA8808F9
:1098D00019E0636B1BB1052104F15C009847D4F8D3
:1098E0008C0038442946083016F045FD636B1BB1E7
:1098F000062104F15C00984706B3B4F9C8307268D9
:10990000D5582B69D3B11E6800221A602B691B8AB7
:1099100013F0040FDDD1B4F8D03013F0020F09D1E9
:10992000D4F88C303B44D4F898204244D2881B8A27
:109930009A42CED2E36A28469847DDE7BDE8F08137
:109940007047FEE700B5A0F1060C1FFA8CFC40F64C
:109950007A4EF4452FD8A1F1060C1FFA8CFCF44581
:109960002CD8B2F5FA7F2BD2A3F10A0C1FFA8CFC8B
:1099700040F6764EF44525D8884225D802F1010CF0
:109980001CFB01FC4FEA4C0C1FFA8CFCBCEBC30F18
:109990001CD8124B1B68B3F822C0844518D3188C0E
:1099A000884217D8D98C914216D3988C90428CBF9C
:1099B0000020012000E000205DF804FB0020FBE710
:1099C0000020F9E70020F7E70020F5E70020F3E7A3
:1099D0000020F1E70020EFE70020EDE73C670220E0
:1099E000254B834241D170B5184618F0D9F858B9C3
:1099F000214B93F89C40013C64B2002C3ADB04EB11
:109A00000415AD001E4623E01B4C204618F0A5FAB5
:109A100094F89C40013C64B2002C29DB04EB041553
:109A2000AD00154E04E0013C64B2443D002CDFDB88
:109A3000D6F88C302B445B6A002BF4D0E1B2304670
:109A4000F1F732FDEFE7013C64B2443D002C0ADB44
:109A5000D6F88C302B449B69002BF4D0E1B2304611
:109A6000FEF78EFCEFE7002070BD6FF00500704739
:109A70000020F9E70020F7E730710220002947D0E5
:109A800070B582B004460D4690F85C30012B01D0D1
:109A900002B070BD084618F0E6FF0268E261E16BB3
:109AA0001C4B8B4318BF6261284618F0D9FF06682B
:109AB0000196266294F83C3013F0200F0CD0AB6A6C
:109AC0006362238D23B194F83E3013F0200FDFD171
:109AD000EB691B882385DBE701A9A86A12F0DCFF8C
:109AE0000028ECD106F0F006E02EE8D0019BA26938
:109AF0009A4206D094F83C2022F0800284F83C2060
:109B0000A36194F83C3043F0400384F83C30D6E73E
:109B1000704700BF000110002DE9F04F83B0884668
:109B200011B100230B608B8000283BD00378002B01
:109B30003AD0C41C00256F4603E001350334062DDE
:109B40001FD014F803AC14F9030C16F099FB68B39A
:109B500014F802BC14F9020C16F092FB40B36BF33C
:109B600007066AF30F26B0B20FF0D5F907F8010B1C
:109B700014F8013C2BB13A2BDFD02D2BDDD0002087
:109B80000DE0B8F1000F06D00098C8F80000BDF84D
:109B90000430A8F80430052D14BF0020012003B0C4
:109BA000BDE8F08F0120FAE70120F8E70020F6E792
:109BB0000020F4E72DE9F84F884692461E461768C4
:109BC0009DF8282039460DF097F8B0B10546C6B18A
:109BD000BB464FF0000918E03946404617F03CF903
:109BE000A044361BB6B207EB040B4C441FFA84F9B1
:109BF0002D6825B3AF6846B921E0BB464FF0000998
:109C00001DE0B146BB461AE0AF68EB89AC681C4466
:109C1000E41B40F25B130C4A0C49E043C00F0DF00B
:109C20007BFFAA89B24228BF3246A3B29A4228BF1C
:109C30001A461446002ACFD12D68002DE4D1CAF867
:109C400000B04846BDE8F88F10190401EC1A000175
:109C500070B5254B5C685CB31B6813B32C340025CE
:109C6000214E04E0013548343368AB4219D954F829
:109C70002C0C0028F6D011F071FE204612F021FCC9
:109C8000A4F1140012F01DFCA4F1280012F019FC3C
:109C9000B068C36854F82C1C9847002344F82C3C47
:109CA000E0E7114CA068C3686168984700236360CF
:109CB0000D4CA16804F1200017F092FF0023A3606F
:109CC000E06918B118F0AEFA0022E261064B986C18
:109CD00030B1036A13F0080F03D0034B00229A64DB
:109CE00070BD0FF0E3FAF8E728660220002846D09E
:109CF00038B50446436C994238BF1946C36A8B4253
:109D000002D0826C012A00D038BDC1628269002A6B
:109D1000A4BFC1F10501816103EB8303184A02EB83
:109D2000830342699A42EFD1051D284614F049FF8A
:109D300038B914490B68E06A0122824023EA020321
:109D40000B60E36A0F49086801229A4002430A60E7
:109D50000B4A03EB830302EB83035B68A360996800
:109D6000E1604D609D60E36A03EB830102EB8100DB
:109D7000606152F82130013342F82130C4E7704766
:109D8000C4640220C86C022013B50321846801A8B2
:109D900003F0C4F99DF805309DF804201F482049C0
:109DA0001B0243EA02439DF806201343B3FBF1F282
:109DB00001FB1232B3FBF0F1B2FBF0F200FB113108
:109DC000303242F210702270B1FBF0F1B3FBF0F2CE
:109DD000303100FB12324FF47A706170B2FBF0F256
:109DE000B3FBF0F1303200FB11316420B1FBF0F134
:109DF0003031A270E170B3FBF0F20A2100FB1232A5
:109E0000B2FBF1F230322271B3FBF1F201FB1233FB
:109E100030330020637102B010BD00BFA086010086
:109E200040420F0010B592B0D0F8D8308DF8042021
:109E300001228DF8082090F803218DF8092000F503
:109E40008272ADF8061041F20A0411689288ADF8EA
:109E50000040CDF80A10ADF80E20DA8AADF81C20CB
:109E60001A8BADF81E205A8BADF8202093F82130C4
:109E7000C3F342138DF8223000F585731A689B886E
:109E8000ADF81A30437ECDF81620012B08D80023F8
:109E90000493ADF81430684611F0D4F912B010BD37
:109EA00090F83430012BF2D190F82D305B06EED5CE
:109EB000034653F8280F04909B88ADF81430EAE766
:109EC0002DE9F0411F4F3B68002B39D01E4B1C6819
:109ED000984614B90020BDE8F081FF20FAF788FD0C
:109EE000054650B9194B1C78002CF3D101221849B2
:109EF00018481A70F4F7EAFDECE7627B21692846FE
:109F00000DF0A6F93E68627B217DE08A2B46B047C2
:109F1000114B1E6896B90C4817F0AEFD237B43F039
:109F2000040323730BF044FDD8F80040002CE4D167
:109F3000284611F0B7F8002ED4D1CBE70126F7E779
:109F40000220C8E7506D022098020020BC6D02205C
:109F5000A0860100A0020020546D022012292DE9E4
:109F6000F34104460E4690461F462AD1838A0BB120
:109F700000238382052018F095FD0546002839D07E
:109F800000F11003012101A8019318F03BFB3146B9
:109F900001A818F037FB414601A818F039FB3946F3
:109FA00001A818F02FFB20462A46052115F03CFD9C
:109FB000044610B1284618F0B3FD204602B0BDE8B3
:109FC000F08116290AD190F83930013BDBB280F8D4
:109FD0003930002BCED180F83830CBE71829C9D1E1
:109FE00090F83830032BC5D113F00EFE002384F80F
:109FF0003830BFE70224E0E710B50468204616F0C9
:10A000003BFE04F5B070F8F725F994F8F430D4F875
:10A01000B80123F0030384F8F43020B111F042F8C2
:10A020000023C4F8B831D4F8B40120B111F03AF8E3
:10A030000023C4F8B431D4F84431B3B1D3F82200CA
:10A0400060B111F02FF8D4F84431002283F82220B7
:10A0500083F8232083F8242083F82520D4F84401B2
:10A0600011F020F80023C4F84431D4F8500120B195
:10A0700011F018F80023C4F85031002384F8E230BE
:10A0800084F8E43084F8E6302046BDE8104012F051
:10A09000E7BEFEE770B50446838B33B1012B23D0B6
:10A0A0006FF00B0113F004FA1DE0866873691B69F9
:10A0B0001B4A002B08BF134603640023C36313F03D
:10A0C000EBFB054613F0C0FB336A1B6803FB05F589
:10A0D00005F2E735134BA3FB053500EB9510E06265
:10A0E00001236383A38370BD036C01460E48984728
:10A0F000014660B100280FDB13F0A6FBE36A98422B
:10A10000F1D36FF00401204613F0D2F9EBE70223FC
:10A1100063830023A383E6E7204613F0C9F9E2E74F
:10A12000B97D0101D34D621088180301C0B32DE938
:10A13000F0470C460646A9B3282A02D80020BDE8FD
:10A14000F087451C00F1110900F10F0815E004F833
:10A15000010BA5EB060A387817F032FD04F8010B65
:10A1600016F80A0018F049F82070A84513D03A23D1
:10A170006370023402354D450ED02F4615F8010CA0
:10A1800017F01EFD30280FD004F8010B15F8010C54
:10A1900018F033F8DBE70134002323700120CEE709
:10A1A000002070470020CAE715F8010C18F025F8C8
:10A1B0003028CCD1A5EB060A387817F001FD3028FD
:10A1C000CED0CBE71A4B1B680BB11A48704710B5BD
:10A1D0000C46002928D00020174B1860174B186038
:10A1E000174B1860174B1860174B1860174B186007
:10A1F000104B186058609860D86018615861144915
:10A2000011F0CCFC6369134A1360134A01211170E9
:10A210000BB1084810BD2046E3F754FA0028054862
:10A2200008BF4FF0FF30F5E74FF0FF30F2E700BF17
:10A230003C6C022068690220346C02202C6C0220E5
:10A24000286C0220306C0220206C02201C6C022042
:10A25000F81F0001146C0220AE6D022010B370B51F
:10A2600084B00D46044690F8423013F0400F1FD1E1
:10A27000002004B070BD002303930122009203AAC2
:10A28000114620460EF008FA75630221204600F0C0
:10A2900025FB0120EDE70121204616F07EFE002877
:10A2A000E7D0F1E7002070470020E2E70020E0E778
:10A2B0000F4B1E68002EF9D0204617F0ACFF002D82
:10A2C000F2D0682303FB006696F8603013F0010FAC
:10A2D000E1D0B6F85E30053B9BB2082BCBD840F2FC
:10A2E000411222FA03F313F0010FC4D00020C0E79B
:10A2F000586C022070B50C46182190B001FB040187
:10A300000023022CD1F83061ADF81A3018BFD1F813
:10A3100034311C490C960546095D8DF81910B4FAC4
:10A3200084F095F819110D9340098DF8180001B3C8
:10A33000FCB9D5F83811D5F8200101440B91CDE9CD
:10A3400003630B9B0A91A968CDE901430E4B00936F
:10A35000CDE90E12012302229021EC20F8F7FAFB3E
:10A3600004F15A0105EB810106A8F5F77DFF10B055
:10A3700070BD182101FB0451D1F820010B90D1F8D8
:10A380002411DCE745120401988A03017FB51546C4
:10A390001E460446B0B91E4B0093022301911A4693
:10A3A0007F21EC20F8F7D6FB029695F85130019307
:10A3B000184B009302231A467F21EC20F8F7CAFBC2
:10A3C00004B070BD01280ED1134B009302230191FC
:10A3D0001A467F21EC20F8F7BDFB029695F8513024
:10A3E00001930E4BE5E70228EAD10B4B019102469F
:10A3F00000937F210346EC20F8F7ACFB029695F81A
:10A4000051300193064B009322462346D4E700BF08
:10A4100038050301480503015D0503016D050301CE
:10A4200089050301F8B590F85030234E012B05BF84
:10A4300090F8513032683368313314BFD3F8F041AB
:10A4400052F83340054604B9F8BD0DF0FDFC27680D
:10A4500013F0FEFAA3689D422CD10DF0F5FC95F89F
:10A460005030012BD4E900231ED10AB1536006E01D
:10A4700095F85110326802EBC102C2F88C31D4E970
:10A4800000231A6095F850203368134493F8F8219C
:10A49000013A83F8F82100232B7013F0D9FA2046F3
:10A4A000BDE8F8400FF058BB002ADFD13268C2F88F
:10A4B000F431E4E73C46C6E7CC0200207FB5044611
:10A4C000072018F0EFFA054600283FD0204E00F193
:10A4D0001003022103A8039318F094F8336803A82B
:10A4E000197818F08FF8336803A8597918F08AF8AA
:10A4F000336803A8597818F085F8336803A8997869
:10A5000018F080F8E36D03A893F82C1018F07AF88F
:10A51000E36D03A893F82D1018F074F80623009348
:10A520002A4600230721208811F073F8064648B90F
:10A5300094F8573023B10A23A370304604B070BD9D
:10A540000523F9E7284618F0EBFAF6E70226F4E7C8
:10A55000DC02002030B522490346006808609A8872
:10A560009B798B711F4B8A80B3F86C2F42F00202EB
:10A57000A3F86C2FD3F8684FC4F380748BB034B356
:10A58000D3F8942FD3F8680FC2F3026262F312403B
:10A59000C3F8680FD3F8945F2722684616F05CFC76
:10A5A000C5F30265002300BF0DEB0302D27982B927
:10A5B0000133102BF8D101220B4B1B681B78EB40A9
:10A5C00013F0010307D11C4620460BB030BD002517
:10A5D000F1E70022F0E7002CF6D082F00104F3E767
:10A5E0007033014100240141E802002037B5214CBD
:10A5F00023788342054627D0022828D11E4B1B888A
:10A600004FF67F7119401F2010F08EF90DF10701F0
:10A610000DF1060016F0DCFA184B9DF806101B88A9
:10A6200001F0E80123F0E8031943082010F07CF959
:10A63000134B9DF807101B8801F0030123F003035F
:10A640001943512010F070F9257003B030BD022B72
:10A6500001D0FF2BF8D1094B1988082041F0E801FF
:10A6600010F062F9064B198821F0030141F0020154
:10A67000E7E700BF00030020FC020020FE020020EC
:10A68000FA02002038B51E4C237813F0010534D1AE
:10A6900043F0010304202370FAF7AAF9E06010B92F
:10A6A0000725284638BD0420FAF7A2F920610028C2
:10A6B000F6D00A20FAF79CF960610028F0D0E36830
:10A6C000104A1D70E3685D70E3689D70E368DD709B
:10A6D000E36812689B1A0C4A11689BB263F30F017E
:10A6E00011600620094918F047F8094A094B136020
:10A6F000094A136017F06CFBD3E70025D1E700BFD0
:10A7000098690220E402002080340141C11A04014A
:10A7100074030020C92B04017C03002070B505469A
:10A72000D0F8A46006F58053186820F0080018607F
:10A73000186820F0040018605B6811F0020F14BF65
:10A7400043F0020323F0020311F0180F14BF43F08B
:10A75000010323F0010312F0080F14BF43F4005368
:10A7600023F4005306F58052536011F4804F1BD040
:10A7700013460022DA6095F89C3000244BB1E1B218
:10A78000284615F025F8013495F89C20E3B29A424A
:10A79000F5D806F58056336843F004033360336818
:10A7A00043F00803336070BD06F580530122DA6080
:10A7B000E1E7FEE7F8B51E4B1868B0F1FF3F30D176
:10A7C0001C4B1C681C4B1B886BB100251A4E0327C1
:10A7D0003B4602222146304607F050F970340135DD
:10A7E0003388AB42F4DC17F0DBFD134B986838B1CB
:10A7F000C368104A116898470F4B986818F06EF8B4
:10A800000D4A0023936013730A490B6013809380F1
:10A810000A4A13700A4A13600A4A1360536093602D
:10A82000F8BD0EF0C9FE024B4FF0FF321A60C7E7C9
:10A83000E47202203C6C022068690220AE6D0220A6
:10A84000186C0220B46A022000293DD0F8B51446E5
:10A850000D460B68002B39D0002839D090F84230D3
:10A8600013F0400F01D1002031E01B4B5E6817F060
:10A87000D2FC00EBC00006EBC007294656F83000BA
:10A8800006F086F9054628B3038803F0C0030BB928
:10A8900000201CE01CB100692060AB8AA3802B88DB
:10A8A00013F0800F01D1012011E018372C1D214633
:10A8B000384611F09BF8084B5B69EB60214638463F
:10A8C00012F0E8FB012002E0002070470020F8BDF4
:10A8D0000020FCE70020FAE72866022070B5064653
:10A8E0000D46204B1C6817F096FC682303FB0044C0
:10A8F000304614F0E5FFA4F85E0094F8603043F0B1
:10A90000010384F86030A4F85C5096F8423043F0BC
:10A91000010386F84230236D23B1013DEDB2012DD4
:10A9200011D970BD0121104808F0DAFB206500281C
:10A93000F3D117F08FFD0128EFD917F085FD0B49F2
:10A9400006F0FCFAE9E7B4F85630A4F8543094F86D
:10A95000603043F0200384F8603017F03FFD206240
:10A96000DFE700BF586C022051DA0201E02100014C
:10A9700070B504460E4621B134220021304616F04F
:10A9800023FF0CB394F8423013F0400F22D1002083
:10A9900070BDEEB1337017F021FD7060AB68B3602D
:10A9A000AB69F360AB682A6913443361AB686A69C9
:10A9B000134473616B6BB361EB6BF3612B6B3362AD
:10A9C000002373620120E3E70020E1E70020DFE7D6
:10A9D0000120DDE70A4B1D6885B1204617F01BFCFE
:10A9E000682303FB005595F8603013F0010FEDD09C
:10A9F000B5F85E30082BCCD80020C9E70020C7E7A7
:10AA0000586C02202DE9F347984690F84E30BDF877
:10AA1000287005468A469146002B37D1FC1DA4B20A
:10AA2000204618F03FF8064690B300F110030621C7
:10AA300001A8019317F0E6FD514601A817F0E8FDC3
:10AA4000494601A817F0E4FD414601A817F0E0FDD2
:10AA50003A460B9901A816F003FE214632462846D5
:10AA600014F0E2FF044668B90623A5F8660085F8ED
:10AA70004E30084905F15C00F4F728F8204602B092
:10AA8000BDE8F087304618F04BF8F7E70724F5E704
:10AA90000224F3E7A064D101F0B585B00C4611F0B3
:10AAA00095FB054600283AD0C3789B0739D490F827
:10AAB0004E7087BB032017F0F5FF064668B300F120
:10AAC0001003022103A8039317F09CFDF72C2146E5
:10AAD00028BFF721172938BF172103A817F098FDC1
:10AAE00004232888009332463B46032110F091FD51
:10AAF000044660B90223A5F8660085F84E300A497D
:10AB000005F15C00F3F7E2FF204605B0F0BD3046EA
:10AB100018F006F8F8E70724F6E70224F4E7032420
:10AB2000F2E70124F0E700BFA064D101F8B51C4DA5
:10AB30002B685C6806465CB9012E19D02B681C6036
:10AB400028685C609C600430BDE8F8400EF05FBA95
:10AB500004F5C6702768F7F77DFB04F5D270F7F7A8
:10AB600079FB286821460430FEF76CFC3C46E2E79E
:10AB7000286817F0E7FF2C600A4D286817F0E2FFFD
:10AB8000094B2C601C60094B1C60094B1C60094B75
:10AB90001C60094B1C60094B1C602046F8BD00BFBF
:10ABA00028020020386D0220080300201003002036
:10ABB0000C0300202C03002030030020240300207D
:10ABC000012870B5204C214D0CD1206810F06AFA94
:10ABD00000262868266010F065FA2E6016F0C2FD87
:10ABE000002070BD2368186920B110F05BFA23685B
:10ABF00000221A612368586920B110F053FA2368C3
:10AC000000225A612368186C20B10CF0B1FB236854
:10AC100000221A642268002393642A6813702A6849
:10AC200053702A68C2F8023028681372D3800C303F
:10AC300043830377F7F70EFB02F056F8044B01212C
:10AC400018680EF0E3FFCBE7700200203802002006
:10AC5000E402002070B58AB00B7806934B78059318
:10AC60008B780493CB7803930B7902934B79019300
:10AC70001A4D1B4B0093064601230C4602221D2150
:10AC8000EC20F7F767FF2B689B6D984750B10C24B9
:10AC9000144B0093019401230022FF21EC20F7F7CD
:10ACA00059FF18E02B68DB6D98470028EFD12B681F
:10ACB0001B6E98470028EAD10DF127022146304645
:10ACC00005F0FAFE30B93146204604F073FB08B9AE
:10ACD0000724DDE7002420460AB070BD38020020BA
:10ACE00034D30301B20C040110B51478082C0B46C0
:10ACF000114630D006D8012C22D0DCB1032C25D04F
:10AD0000022421E0182C2BD005D80A2CF8D1013BC5
:10AD10005C425C4118E0272C27D0282CF0D1164A41
:10AD2000126892F90420002AEADA042BE8D112F022
:10AD3000C2FA03E00C2B07D10AF012FE012403E053
:10AD4000082B17D112F076F8204610BD172B11D121
:10AD500010F00EFDF2E7092B0CD1F2F7A7FBEDE79F
:10AD6000052B07D111F08AF9E8E70B2B02D10BF084
:10AD700031FEE3E70024E7E770020020234B1A6866
:10AD80006FF31F721A601A6812286FF31B621A6041
:10AD90001A461CD002D8112804D070472138022846
:10ADA00024D9704712290CD002D8112903D070473A
:10ADB000213902290AD81368162161F31743136059
:10ADC00070471A68172161F317421A6070471229F9
:10ADD00009D002D8112903D0704721390229F5D8AA
:10ADE00013681A21E9E71A681B21ECE7122909D038
:10ADF00002D8112903D0704721390229E6D81368F7
:10AE00001321DAE71A681621DDE700BF6834014133
:10AE100030B4D0F87431FF2273B1D0F89C409C421A
:10AE20002DD81D7ADC68042D25D0052D23D02DBB0F
:10AE30002268C2F3411212BBC0F8983090F8941007
:10AE4000FF2380F8543000F164020023994207D0B8
:10AE500052F8044BD0F89850A5421CD180F85430D9
:10AE60000F4B90F854201B789A4217D8FF220121EB
:10AE700030BCFAF773BA2268C2F341122AB11B68D8
:10AE8000CAE731B11B68002BD6D01A7A022AF8D84B
:10AE9000D2E7203BF7E70133DBB2D7E730BC70479E
:10AEA0000603002030B587B00446214B1D68037BA4
:10AEB00003EBC30205EB8202817AD26B02EBC10283
:10AEC0005068606003EBC30305EB830393F84020F5
:10AED00002EB42025200002116F076FC23680022A9
:10AEE0001A605A600123ADF800304FF6FF73ADF8D9
:10AEF0000230237B03EBC30205EB820292F8302081
:10AF00008DF8042003EBC30305EB830120310DF121
:10AF1000050015F0A1FF6946208914F0B9FF072844
:10AF200001D007B030BD236806225A71F9E700BF8F
:10AF30006C6B0220002838D138B51F4B1B78012BD1
:10AF400031D04B691C4AD361002B31D013468A8B18
:10AF5000DA8001221A7002229A80002018814A6841
:10AF6000DA60CA685A61154C9C61096A196283F8F3
:10AF70002400938A834208BF4FF482430E4CA4F806
:10AF80005C30D38AA4F85E300D4D40F2DE222946B3
:10AF9000012013F0E9F840F2DF222946012013F0E6
:10AFA000ADF8204638BD0448FCE74FF0FF3070474D
:10AFB0004FF0FF30F6E700BF586402208818030105
:10AFC0002C0F040190B310B584462148DCF80840EA
:10AFD000844228D1BCF90200012836D1BCF81800FF
:10AFE000012826D1BCF81A00012801D0042823D159
:10AFF0009CF8300018BB01208CF83000ACF83210FF
:10B000009DF8081001448CF83110ACF83420ACF8ED
:10B0100036306046FAF7C4FF002813DB032814BF5C
:10B020000020012010BD6FF00D00FBE76FF00D0058
:10B0300070476FF00C00F5E76FF00C00F2E76FF06F
:10B040000B00EFE76FF00B00ECE76FF00C00E9E7A7
:10B050005864022038B50546D0F8A4400223236086
:10B06000236A002BFCD104F580531A6822F00802F1
:10B070001A601A6822F004021A604FF0FF32DA6296
:10B080001A6842F020021A600F221A6240F23F1240
:10B090005A615A6A22F0404222F480725A6295F84C
:10B0A000D220920392B20E491143596095F8B13003
:10B0B0002BB104F58052536843F08073536005F15F
:10B0C0009001284610F01AFCD5F8AC309B7A13F0AA
:10B0D000010F04F5805414BF00230123E36038BD41
:10B0E00003203200F8B5214B83423CD10C461B684B
:10B0F0001A8841F250031E4E9A4218BF00261B4B7D
:10B10000B3F84C300BB900202EE0084611F07DF961
:10B110000746164D32463F21284608F0A7FBB5F8F2
:10B120004E309BB223EA0403A5F84E30B5F85230F6
:10B130009BB223EA0703A5F8523095F89C305BB127
:10B1400000243A46E1B2284617F01EF9013495F87A
:10B150009C10E3B29942F4D832463F2103480CF0E8
:10B1600027FA012000E00020F8BD00BF3071022066
:10B17000A46D022038B505460C468B7B022B2FD0E0
:10B18000032B14D0012B32D1C06816F011FD00281A
:10B1900035D1A288C2F383112389C2F3440241F05E
:10B1A0001001E86811F04CFF0323A37327E0C06887
:10B1B00016F0FEFC18BBA188C1F34402C1F3831151
:10B1C000638942F0010241F01001E86811F038FF94
:10B1D000637B13F0010F14BF06230223A3730EE059
:10B1E000C06816F0E5FC50B90623A37307E04FF4DE
:10B1F0009F620349002012F0C9FF0723A37338BDE3
:10B20000580F0401F8B50C46154601210AF0B0F8B4
:10B21000002838D00646476821460AF081F80446DF
:10B2200048B335B1837B043BDBB2022B9CBF836800
:10B230002B60A27B531EDBB2032B27D9062A11D821
:10B24000052A0BD00025A37B052B16D97268032392
:10B2500098322146384603F009FF0EE00423A37319
:10B2600000250AE040F25B520949002012F08EFFEF
:10B270006FF01305E7E76FF0010517B1384615F0D9
:10B280003FFB2846F8BD4FF0FF35FAE70125F4E70C
:10B290000413040101293FD138B504461546B0F81E
:10B2A0005620B0F854309A4238D290F83D20C2F37C
:10B2B000C003DB0512F0020F1ABF43F00403602045
:10B2C000482043F00203228A082111F0CEFEA8B1E3
:10B2D000134B8360C46094F83D3013F0020F0ED01E
:10B2E000036900F148021A600123A0F858300023D6
:10B2F00045B9B4F856300133A4F8563038BDC369A7
:10B300000833F5E72360228A1A446260A3600123B0
:10B3100084F85C30E060ECE7002070470020EDE747
:10B320002DEE0101F0B583B00446466803290BD029
:10B3300003681B6819493046984723681B681849F9
:10B340003046984703B0F0BD154650680EF008F837
:10B35000074680B123685B68AA681249304698475F
:10B360006946A868FEF7D8FB58B923681B680E49E0
:10B3700030469847E6E723681B680C4930469847F3
:10B38000E0E76946384613F0FAFB0028DAD1236873
:10B390001B68074930469847D4E700BFF00F00010B
:10B3A0001C1000014810000158100001180F000186
:10B3B00078100001F0B587B00446466802290BDC1E
:10B3C00003681B6819493046984723681B68184969
:10B3D0003046984707B0F0BD154650680DF0C0FFE5
:10B3E000074690B105A9A868F1F75CFD98B105A9D9
:10B3F000384614F0E1FB23681B680E490E4A00280A
:10B4000018BF114630469847E4E723681B680B498C
:10B4100030469847DEE701A9A868E5F7D1FE236822
:10B420001B68074930469847D4E700BF4C1100011C
:10B43000881100012C11000110110001180F0001EA
:10B44000AC1100012DE9F04186B08846002303933A
:10B450000493059300930193029300EB40001C4F6B
:10B4600007EB80071E4607E0A36A434521460CBF51
:10B4700003A8684615F0CCF9304615F0F2FD0546F4
:10B48000384613F057FE04462946304615F094FF1F
:10B49000002CE9D101256FF00A0403E02A46214679
:10B4A00011F0A2FA03A813F045FE0028F6D1009B84
:10B4B0005BB1002015F0D5FD04466946384614F00E
:10B4C00035FB2146002015F077FF06B0BDE8F0817E
:10B4D000C462022070B51D4BB3F90000B0F1FF3F0C
:10B4E00008D11B4B1C68FCB11A4B1B68A3B100258B
:10B4F000184E0BE010F04AFA144B4FF6FF721A8008
:10B50000EFE7683401353368AB4205D9206D002878
:10B51000F7D012F0D1F8F4E70F4B18680C4CC36861
:10B5200021689847002323600B4B19680B4816F0DD
:10B5300057FB0B4B186820B116F074FE084B002225
:10B540001A60044B00221A6070BD00BF8E6D02208D
:10B55000586C0220546C0220486C0220D8690220EA
:10B560004C6C02202DE9F84F07468A4690469946D2
:10B570001F4D4FF0FF3B002404E0A3460134183573
:10B58000082C29D06E68002EF7D0BE42F6D104EB0D
:10B590004402174B03EBC2039968404615F027FE9F
:10B5A00008BB04EB4402124B03EBC20318695A694F
:10B5B000B4F1FF3F12D00E4D04EB440105EBC10383
:10B5C0005F6045F831A0C3F80880C3F80C9018619B
:10B5D0005A610120BDE8F88F00221046BBF1FF3F01
:10B5E00003D05C46E7E70020F4E70020F2E700BF65
:10B5F000C060022070B506460D464FF4127017F079
:10B6000099F90446002836D04FF41272002116F042
:10B61000DBF82660656004F12003A361E361234643
:10B6200004F5B8700EE0C3F8D810D4F8D010C3F801
:10B63000DC100A60D4F8CC104A60C4F8CC205C332B
:10B6400083420ED003F1D802D4F8CC100029EAD1FD
:10B65000C4F8CC20C4F8D020C3F8D820C3F8DC202C
:10B66000EDE70023A360064B1B6833B1044B5B6816
:10B670009C60034B5C60204670BD014B1C60F8E78A
:10B68000FC6A022000B5C5B01E4B1B78BBB1012B74
:10B690002FD14FF0FF3201A91B4816F078F940B3C3
:10B6A0009DF8043043B305238DF80430002201A92E
:10B6B000154815F09FFE01A8F2F71EFB19E00021C6
:10B6C000124816F0BBFE15F09FF90121084615F04F
:10B6D00077F9012016F0A6FEFAF7E2FD002101201D
:10B6E00014F01BF90D210A48F8F718FA054B01224E
:10B6F0001A7045B05DF804FB0DF1050008F014FF69
:10B70000D1E700BF880000209C000020A92404018C
:10B71000A00400012DE9FF478A461646994611F01C
:10B72000C3FA054620B90125284604B0BDE8F087D4
:10B730001FFA86F808F10607384617F0B3F90446F1
:10B740000028F0D000F11003012103A8039316F0A4
:10B7500059FFA97903A816F055FF08F1020103A8C3
:10B7600016F056FF514603A816F052FF26B1324696
:10B770004946039815F070FB28882246394610F098
:10B78000E2FF05460028CFD0204617F0DBF9044B36
:10B790000093002204235121EE20F7F7DBF9C3E7E1
:10B7A000EF02040138B51849184C022015F0ECF9E5
:10B7B000174B184A1A602368254633B9302017F012
:10B7C000BFF9206048B902201CE000242046013463
:10B7D000E4B212F0C3FE082CF8D130220021286810
:10B7E00015F0F2FF0C4810F0C1FC0C4B0C4A1B6822
:10B7F0005A600C4A5A612B680B4A5A600B4A9A608D
:10B800000B4ADA6038BD00BF5D150401D801002085
:10B810001C6B0220EC29040159000201E801002000
:10B82000F11A020149150401311D04011D2B040107
:10B8300039E503012DE9F34790F84E3005460C46F3
:10B84000002B39D191F80480B1F800A0B1F8029032
:10B8500008F10507384617F025F9064670B300F1E0
:10B860001003082101A8019316F0CCFE514601A84F
:10B8700016F0CEFE494601A816F0CAFE611D4246EA
:10B8800001A815F0EDFE32463946284614F0CCF8F2
:10B89000044668B90823A5F8660085F84E300849C3
:10B8A00005F15C00F3F712F9204602B0BDE8F0871D
:10B8B000304617F035F9F7E70724F5E70224F3E7F8
:10B8C000A064D10110B51F4A1368002B30D059680D
:10B8D0000B1A48BF01F18053516848BF1B1A31B39E
:10B8E00049680C1A44BF01F180510C1A1B1B002B34
:10B8F000D4BF0023012352F823201349134C0868B6
:10B900002370134BCAB11C6814F0040F546812D092
:10B9100020F07040844209D018886FF382001880AC
:10B9200052680A601A8842F004021A8010BD01238E
:10B9300083F00103DFE70C60F4E7198862F382010A
:10B940001980F3E73C6B0220343E0141B76D0220C1
:10B95000203E01417FB5204B019005460093022215
:10B9600001235821EC20F7F7F5F8284613F012F8D8
:10B97000064678B30468204612F004FB0146A8B1DD
:10B9800094F8F2301B070AD503AB0422134903963F
:10B99000032005F0AEFE0024204604B070BD204612
:10B9A00015F0E3FB0028F6D1072409E0204603AB9D
:10B9B0000222ADF80C5007F08DFD04460028EAD0B5
:10B9C000074B0093019401230022FF21EC20F7F79D
:10B9D000C1F8E1E70224F3E7D0EE03010806010114
:10B9E000BADA030108287FB50C4603D00D281BD016
:10B9F00004B070BD0E6820791D4C8A680123314661
:10BA0000E3F7ACFC2368D3F85C52002DF0D013F0C0
:10BA100061FD3246034629460220FEF7B7FC236843
:10BA20000022C3F85C22E3E7D4E9022308784968DE
:10BA30000393CDE901128DF80300FEF7A7FC0C4B30
:10BA40001B68002283F86022AFF300800028CFD16A
:10BA500003AB02AA01A90DF10300AFF30080DDE9F9
:10BA6000022301999DF80300FEF790FCECE700BF6C
:10BA7000CC020020F0B5064685B002200F4617F034
:10BA800011F80546C8B91E4B0093022402460194E2
:10BA90000423C721EE20F7F75DF806F16000F6F702
:10BAA000D9FB304600233A460121FDF7F1F9002386
:10BAB000204686F8533005B0F0BD00F11003052193
:10BAC00003A8039316F09EFD394603A816F09AFDCD
:10BAD000062300932A460023022130880FF099FDA7
:10BAE00004460028D9D0064B01900093002204237D
:10BAF000C721EE20F7F72EF8284617F011F8CCE70B
:10BB00006BEA03017FB50546072016F0CBFF04461C
:10BB100000283AD01E4E00F11003012103A8039320
:10BB200016F070FD336803A8197816F06BFD3368C2
:10BB300003A8597916F066FD336803A8597816F002
:10BB400061FD336803A8997816F05CFDEB6D03A8DE
:10BB500093F82C1016F056FDEB6D03A893F82D10FA
:10BB600016F050FD06230093224600230721288863
:10BB70000FF04FFD064620B90323AB70304604B0EA
:10BB800070BD204616F0CCFFF8E70226F6E700BFAE
:10BB9000DC020020F0B50468A36FDB0585B0054624
:10BBA0000E4617460ED509F057F904F025F80CF0AB
:10BBB0004BF9A36F23F48073A36711F049FF0020B2
:10BBC000EFF734F8812E11D0822E13D0802E05D1BC
:10BBD0000CF03AF94023237611F03AFFD4F8CC3038
:10BBE00063B1284614F030FB05B0F0BD0CF02CF921
:10BBF0004123F0E70CF028F94223ECE703953FB12D
:10BC0000009703AB04220649012008F036FCEBE75D
:10BC100003AB04220249012005F06BFDE4E700BFFD
:10BC2000140401012DE9F047044618460AB9BDE89D
:10BC3000F0870F4616469846012220460BF05CF826
:10BC4000054640B34FF00009CA4609E0361BB6B2BC
:10BC50004C441FFA84F980442D68E5B1AF68D6B131
:10BC6000EB89AC681C44E41BA4B2AB8913B19C42C1
:10BC700028BF1C46B44228BF3446ACB152462146C8
:10BC8000384605F08BF8C04380B219F0010FDDD0C3
:10BC900040BA80B2DAE74FEA184313FA88F303EBAD
:10BCA0001343DB4398B2C2E72D68002DF3D0AF6891
:10BCB000D6E7002840D038B50D460446C36B002BAC
:10BCC0003CD0026CA2FB03230BB1002037E013F041
:10BCD00031FB2268216CE36B01FB03F3D018A060F9
:10BCE0000020A06362605B1A1A44E260FF2384F8BC
:10BCF000443084F84530B5B923691BB915F0DEFB33
:10BD000001201CE004F11000F7F7E0FF0028F5D057
:10BD10004FF0E0234FF08052C3F8042DBFF34F8F54
:10BD2000BFF36F8FEAE704F1100015F0A5F904F1F5
:10BD3000240015F0A1F9E1E700207047002038BD8C
:10BD400038B50D4610F0B6FD002839D00446037C06
:10BD5000002B37D0837C00EBC303996971B1DA8A79
:10BD6000284615F079F8A37C04EBC303986916F014
:10BD7000E5FDA37C04EBC30300229A61A37C04EBE2
:10BD8000C302127D0133DBB2102B28BF0023A37442
:10BD9000237C013B2374A37913F0020F14D0522AA1
:10BDA00001D000200FE0E3790133DBB2E3710C2B0B
:10BDB00001D8002007E0204609F0D6FF002002E06D
:10BDC000012000E0012038BD0020FCE72DE9F84308
:10BDD0000E461546382838BF3820033020F00300BF
:10BDE00084B201F11D034FF6F07903EA090909F164
:10BDF0001A081FFA88F8174B186804F11801414413
:10BE000089B243689847074600B304F1180200213D
:10BE100015F0DAFC3C44A4F80E90A4F8128004F16A
:10BE20002F0323F00F03636043F8087C0123238270
:10BE30003C6163689A1CA2607A6125F001053D624D
:10BE40000EB11033BB61002387F82F303846BDE8B0
:10BE5000F88300BFC06B0220F8B505460E461746B2
:10BE60001F4B1C6816F0D7F9682303FB004494F8B5
:10BE7000603013F0010F26D01FB1B4F85E30082BEC
:10BE800022D894F8603003F0F50343F0200384F8DF
:10BE9000603000232362B4F85630A4F85430206D8B
:10BEA00010B1002105F0B8FDAEB194F8603003F098
:10BEB000EF0323F0010384F8603095F8423023F05B
:10BEC000010385F84230F8BD0023072229462046A9
:10BED000E8F716FED5E70023A4F85E30F3E700BFCD
:10BEE000586C022000283BD070B50446836C013B9F
:10BEF0008364C16A426C914234D00BB1002070BDA2
:10BF0000051D284612F05DFE38B917490B68E06A36
:10BF10000122824023EA02030B60636CE362C3F1F7
:10BF20000502A26110490E68012000FA03F23243B3
:10BF30000A600E4A03EB830302EB83035B68A36092
:10BF40009968E1604D609D60E36A03EB830102EB59
:10BF50008105656152F82130034442F82130CEE773
:10BF6000002070470020CAE7C86C0220C464022089
:10BF7000F8B5EFF311854FF0200383F31188BFF379
:10BF80006F8FBFF34F8F836BC26B9A4228D90446E1
:10BF90000E4690F845707FB201338363B7F1FF3FDF
:10BFA00014D1836C33B107F0CFFEE8B1F6B10120B4
:10BFB000306016E0436A0BB9012012E02430F7F735
:10BFC00085FEA8B1B6B1012030600AE016F05AFA39
:10BFD000874211D201377FB284F84570012000E01A
:10BFE000002085F31188F8BD0120FAE70120F8E769
:10BFF0000120F6E70120F4E70120F2E7F0B5214C3B
:10C000002368197885B0002937D1C568067A7DB1D3
:10C010006A881A86684610222F1D15F0D5FB10225B
:10C020003946684612F032FF10B1384614F0C4FDAC
:10C03000B6B12B789A1E012A21D86888421EB2F523
:10C04000E16F1CD2022B01D10CF0A6FC23682A78E8
:10C0500083F821202368002083F8336005B0F0BD09
:10C060002068213016F018FD206890F82130012B4F
:10C07000F0D122300EF07CFAECE70520EEE7032049
:10C08000ECE700BFD40100202DE9F84F9946204B82
:10C090000A9F1B681D688846164604464FF6FF7ABD
:10C0A0000DB92C4630E0AA89A2420ED942450BD9DF
:10C0B0002D68F5E7102E1CE05445F9D001340BF142
:10C0C0001003A4B23B6008E01446EB89A342EFD30F
:10C0D0006B68A21A03EB02123A60EB89A342E7D322
:10C0E0004445E5D8D7F800B09BF80E305B07E1D4A3
:10C0F000022EE1D132464946DBF8000012F0C6FEBE
:10C100000028D9D10B9B1D602046BDE8F88F00BFE9
:10C11000E4010020F7B50446C07A15460023DAB2E0
:10C12000904201D8802022E09E00E268925BAA4201
:10C1300003F10103F3D10DF1060016F05DFA6B1E59
:10C140000D2B16D8284613F095F9BDF80630022BB2
:10C15000E8D80BB10342E5D0E26816447380207A38
:10C1600010F0010003D020460BF0A0FF002003B028
:10C17000F0BD0A4B1B6818680028E6D0017C00233C
:10C18000DAB2914201D80068F6E7826802EB8302D6
:10C1900001331788AF42F3D15088D6E7E40100207D
:10C1A00038B5174D174C28462178022300F8013B7B
:10C1B000194416F0C9FC42F6F531E81C16F0C4FC2F
:10C1C0002378114A114802EB0311C1E90005104818
:10C1D00088601048C860104840F201110180591C65
:10C1E000C9B202EB01120D49C2E900100C4991607D
:10C1F0000C49D16002330C4ADBB2D381237038BDC5
:10C200005C6B0220A76D0220185F02202645030107
:10C21000722A040105000001966D02201204040137
:10C22000A02B040102000201506A022010B5232154
:10C2300092B0044601F0CCFF00283BD0D4F8443142
:10C24000D87D15F02BFAFF282CD0D4F8443193F97F
:10C2500019207E2A2CD07F2A15D0D87D15F01EFA01
:10C26000D4F8443118445B7E037194F8E230062B15
:10C27000D4F844310CBFFF2200225A772046EEF753
:10C280001FFC12B010BD4FF48153ADF8003023886D
:10C29000ADF8043068464FF6FF73ADF806300EF087
:10C2A000D1FFE2E72022232120460AF041FFE8E700
:10C2B0001E22F8E70120E4E710B51C4B1C4AB3F836
:10C2C000011011801B4CD97811711946226811F8A0
:10C2D000040B10725868C2F802008988D180226865
:10C2E000D98A9184997A82F826101349D8890880CE
:10C2F0001249188A0880998A5185598A9185104A6D
:10C30000D3E90A011268C2E91601194631F8180F7B
:10C31000897891721081D97AD172197B1173D3E91E
:10C320000A2313430CBF1E20002010BDE872022018
:10C33000EE02002038020020F8020020EC0200206B
:10C340007002002038B50D4604460BF07DFD012D2E
:10C350001E4B2AD11A6892F84032012B11D094F862
:10C36000501092F81C3292F81D0281B961698C421A
:10C370000DD194F85210034439B9012B01DD82F834
:10C380004052BDE8384011F063BB022BF6E7E16E86
:10C39000034411B961698C4205D0022BF1DD012300
:10C3A00082F84032EDE7012BF8E71B6893F8402252
:10C3B000002AE6D093F81C2293F81D120A44012AA1
:10C3C000DCBF002283F84022DBE700BFCC02002064
:10C3D0007FB5034610461F4A1268D41894F8F841F6
:10C3E00014B3012B22D102F5F475002402F5C072BA
:10C3F0002E6806B1B468A4B1CDE901430391667813
:10C40000B6070ED4A37813F0040F4FF00C0201AB63
:10C410001BD0114918B9012005F06BF904E0032085
:10C42000FAE7083D9542E3D104B070BDD2F8F0219F
:10C43000002AF9D09268002AF6D05478A407F3D4E1
:10C44000CDE90123039101AB0C2208210028E3D0A0
:10C450000220E1E7CC0200200801000110B50C46E3
:10C460001E490346006808609A889B798B711C4BB3
:10C470008A80B3F86C2F42F00202A3F86C2FD3F835
:10C48000680FC0F380708AB0C8B1D3F8942FC2F39C
:10C4900002622270D3F8680F62F31240C3F8680F8B
:10C4A0002722684614F0D8FC002300BF0DEB0302DE
:10C4B000D07938B90133102BF8D10AB010BDFF2361
:10C4C0002370FAE7074A1268272101FB0323D87A71
:10C4D000C0F3400080F00100C0B2EEE770330141CC
:10C4E00000240141E802002084B070B504AC84E867
:10C4F0000F001F4BB3F8A4206FF34102A3F8A42050
:10C50000B3F8AC206FF38612A3F8AC20B3F8A420E4
:10C510006FF30002A3F8A420002012F079F8064679
:10C52000012012F075F80546022012F071F84FF65E
:10C53000FF71044600200BF043FC4FF6FF71012011
:10C540000BF03EFC4FF6FF7102200BF039FC314638
:10C55000002012F06FF82946012012F06BF82146F6
:10C56000022012F067F8BDE87040002004B0704768
:10C570000024014170B5054612F0DCFE95F84540F7
:10C5800064B2002C19DD05F1240608E06B6AA3B142
:10C590003046F7F79BFB68B9013C64B26CB1AB6CF9
:10C5A000002BF3D0284607F0CFFB0028F4D015F07D
:10C5B0006FFFF1E715F06CFFEEE7FF2385F84530DC
:10C5C00014F07CFF12F0B6FE95F8444064B2002CE3
:10C5D0000FDD05F1100602E0013C64B24CB12B699D
:10C5E0003BB13046F7F772FB0028F5D015F050FF4D
:10C5F000F2E7FF2385F8443014F060FF70BD2DE9A9
:10C60000F043C3681F887A1EB2F5FA7F85B039D22D
:10C610005C88621EB2F5FA7F34D29E88B6F5FA7F46
:10C6200030D2DD88B5F5FA7F2CD2B3F80890A9F1A5
:10C630000A039BB240F67642934223D8A74221D800
:10C6400006FB0443B3F5FA7F1CDCAC421AD9B0F800
:10C650000880B8F5706F15D240460FF0A7FB88B17F
:10C6600001A8ADF80480ADF80670ADF80840ADF84B
:10C670000A60ADF80C50ADF80E900DF041FF05B01A
:10C68000BDE8F0830320FAE768B310B5044680687C
:10C690001E4B98421FD1B4F90230012B32D1238BAB
:10C6A000012B23D1638B012B01D0042B21D194F8D2
:10C6B00030300BBB012384F830306186032384F8CB
:10C6C0003130E2862046F9F76BFC002817DB03289F
:10C6D00004D0002010BD6FF00D00FBE7002384F8AC
:10C6E00030300120F6E76FF00D0070476FF00C005E
:10C6F000F0E76FF00C00EDE76FF00B00EAE76FF08A
:10C700000B00E7E76FF00C00E4E700BF586402207D
:10C7100090F89C30002B3ED02DE9F041044688462D
:10C7200000252E4606E00136443594F89C20F3B2ED
:10C730009A422ED9F7B2D4F88C302B449B6983B13E
:10C740000021204612F0E8F942463946204608F01A
:10C750006FFD3946204613F03BF80121204612F0C8
:10C76000DBF9D4F88C302B445B6A002BDBD0002142
:10C77000204612F0D1F9424639462046F2F716F922
:10C780003946204613F024F80121204612F0C4F95E
:10C79000C9E7BDE8F0817047204BD42202FB00338B
:10C7A000B3F8502002EA0103114035D010B51B4AFE
:10C7B000D42404FB0022B2F85240A4B20C43A2F8E5
:10C7C0005240B2F84EC01FFA8CFC4FEA430E0EF4F2
:10C7D000807EDC0004F0100444EA0E044FEA532E7D
:10C7E0000EF0020E4EEA040E1B0103F4806343EACE
:10C7F0000E0301F0040119434CEA010CA2F84EC0EB
:10C80000526D42B1054BD42101FB0033B3F84E0009
:10C81000996D80B2904710BD704700BF3071022003
:10C82000F8B504461546466803290CD003685B68D2
:10C83000126816493046984723685B682A6814498D
:10C8400030469847F8BD50680CF08AFD88B1AF6853
:10C850001049384614F0CBFC20B10F49384614F08B
:10C86000C6FC60B923685B682A680C493046984763
:10C87000E8E723681B680A4930469847E2E72368DF
:10C880001B68084930469847DCE700BF20180001C4
:10C89000F81300014C080001600800014418000171
:10C8A000380800016C080001F8B505460846164630
:10C8B000AA6AAC69E36823615368E36063885BBA82
:10C8C0006380E3885BBAE380237A0BB96423237225
:10C8D0002F6923789B0003F03C01BB890B44BB818B
:10C8E00030B10023638192F8603013F0040F05D05B
:10C8F00056B92B6A43F002032B62F8BD0022204692
:10C9000004F04CFA6081F3E76B69991DD3F80620B7
:10C910001A605A899A80AA6A02B13C321068C3F838
:10C92000060093888B802A6993890E339381E0E710
:10C930002DE9F041054691B30B460E69B6B3142EAE
:10C9400038BF1426D3F81480B8F1000F01D14FEA94
:10C9500056089F6937B9164B9E4223D326F0070726
:10C96000A7EBD60714F0A8FA124CA4FB00231B096E
:10C9700003EB8303A0EB8300A8F10A08404428617D
:10C9800014F09AFAA4FB0034240904EB8404A0EB0D
:10C9900084000A3F38446861AE61BDE8F0817826C2
:10C9A0004FF03C08C6EBC607FF08DBE77826C9E76F
:10C9B00024499224CDCCCCCC2DE9F04F83B007464E
:10C9C000019101F1080B584614F052FA78B38046F1
:10C9D0003E687D6807F1200AFC69A4EB0A04A042C6
:10C9E00009DADFF854903368494628469847013CF5
:10C9F000A045F8D144463CB1DFF840903368494641
:10CA000028469847013CF9D15946504615F0C0FEDA
:10CA1000336808492846984733685146284698475E
:10CA20000AEB0803BB61FB61019BC7F8D43003B07C
:10CA3000BDE8F08FE0220001D8220001DC220001D5
:10CA400008B5194B9847194B9847EFF3108172B608
:10CA5000174AD2F8883043F47003C2F88830BFF325
:10CA60004F8FBFF36F8F01B962B6124A936823F0FC
:10CA700001039360D36813F0010FFBD10D4B242207
:10CA80005A6001229A600EF0FBFC0B4B23F07F03EF
:10CA9000074A9360094B9847094B9847094B9847B9
:10CAA00015F0DCFBFEE700BF2F8202012F8202019E
:10CAB00000ED00E0002000410002000111380301F8
:10CAC0002F8202012F82020138B505460C46E3F79A
:10CAD000AFFDD7F7F7F9054B05481D80054B0C2234
:10CAE0001C801421BDE8384013F02EBF20690220BD
:10CAF000E46C02202269022030B5044685B00D4660
:10CB0000AC4201D905B030BD69462046DBF776F965
:10CB1000D8B1BDF8021041B94FF0200383F311885A
:10CB2000BFF36F8FBFF34F8FFEE700222046D7F78A
:10CB30007DFA10F0FD0F08D04FF0200383F3118829
:10CB4000BFF36F8FBFF34F8FFEE70134A4B2D7E777
:10CB50002DE9F7431F4690F84E300546894690462A
:10CB60009BBB7C1DA4B2204615F09CFF064670B30B
:10CB700000F11003102101A8019315F043FD49466F
:10CB800001A815F045FD414601A815F041FD3A46C2
:10CB90000A9901A814F064FD21463246284612F095
:10CBA00043FF044668B91023A5F8660085F84E30A7
:10CBB000084905F15C00F1F789FF204603B0BDE8A4
:10CBC000F083304615F0ACFFF7E70724F5E70224C1
:10CBD000F3E700BFA064D1012DE9F84F067AD0F841
:10CBE0000C9090F810A00C2015F0AAFF054610B983
:10CBF0000220BDE8F88F194F3B68D3F800801FFA78
:10CC000086FBB8F1000F04D1284615F09BFF0320E6
:10CC1000EFE7D8F804309A6812885A4506D13246B0
:10CC20004946586812F032F9044610B1D8F800802D
:10CC3000E7E7304615F084FFA8600028D8D03246D8
:10CC400049462E7114F008F9386885F805A00830B7
:10CC5000294614F0D3FC2046CBE700BFE4010020B6
:10CC60007FB51F4B019006460093EC200123022262
:10CC70004D21F5F76FFF304611F08CFE68B3056863
:10CC8000EB7D012B19D195F8ED3013F0080F14BF8F
:10CC900000241A24284611F075F980B1284611F0B5
:10CCA000A1FDA8B907240F4B009301940123002292
:10CCB000FF21EC20F5F74EFF0CE00024EAE702220A
:10CCC00003AB11462846ADF80C6006F003FC0446A1
:10CCD000002CE8D1204604B070BD0224E3E700BF79
:10CCE0009CE70301BADA030138B51F4D1F4C15F05C
:10CCF0003BFC2B684FF461729A842368FF221A7000
:10CD00002368F9225A70236801229A702368082246
:10CD1000DA700EF07DFA2A68136BDB075FBF2168BB
:10CD20000B7943F00E030B7123680C2183F8441038
:10CD30004FF0FF301F21C3E91601C3E9180140F28B
:10CD40000771A3F80910002182F82E104FF08842D5
:10CD5000126C02F44052B2F5005F14BF07220A467B
:10CD6000DA721A7338BD00BF38020020700200204A
:10CD700052433A5374617274526571205072656502
:10CD80006D7074203078253032782C7072696F7233
:10CD90006974793A25642C636C6B3D3078253034A6
:10CDA000780052433A5374617274526571204E6F29
:10CDB000726D616C203078253032782C7072696F1A
:10CDC000726974793A25642C636C6B3D3078253038
:10CDD00034780052433A46617220616E63686F7224
:10CDE0002C204E6F773A30782530347820616E6B86
:10CDF0003A3078253034780038B51D4C2368254604
:10CE000033B94FF4107015F09BFE206060B938BD47
:10CE100000242B6804F1880253F8220008B115F0B1
:10CE200091FE0134082CF4D14FF4107200212868CF
:10CE300014F0CAFC2C680F490F4A04F5BC7304F5C2
:10CE4000CE7500BF43F8041B9D42C3F88020F9D182
:10CE50004822002104F5DA7014F0B6FC0023C4F86F
:10CE60009C316B60AB60054BC4F874310120CEE798
:10CE7000D4010020892B0401AD2B0401AF2B040148
:10CE800070B51B4B1C6853F8045F210609D5194B7C
:10CE90001B6824F0800403B19847174B1B6803B14B
:10CEA0009847E20509D5154B1B6824F4807403B13B
:10CEB0009847134B1B6803B19847AB0613D5114A2B
:10CEC000136843F008031360138943F008031381C8
:10CED00015F02EFC46684EB12B462246B446002182
:10CEE000BDE87040604754EA0503F1D170BD00BF52
:10CEF000143F0141606D0220686D0220646D0220C4
:10CF00006C6D0220203A014130B5044687B000899B
:10CF100015F002FE002838D02089E5680FF056F998
:10CF2000044670B3287915F00BFEA06458B3F523BE
:10CF300084F84C302B88A4F844306B88A4F8463031
:10CF40002A7984F84D20691D13F086FF2B88ADF8EF
:10CF500000306B88ADF8023042F6030102230DF178
:10CF600005008DF8043015F0EFFD69462046FEF708
:10CF700061FC054610B1204613F0FAFD284607B0C3
:10CF800030BD0325FAE70225F8E70425F6E700009F
:10CF90000100020101000100050106010200080173
:10CFA000010001000B010C010D010E010100010047
:10CFB000030003001301010001000100010018013A
:10CFC00001001A010100010001000100010001003F
:10CFD0000100010001000100010001000100010049
:10CFE0000100010001000100010001002F0101000A
:10CFF0000100010001000100010001000100010029
:10D000000100010001003C013D010100010001009F
:10D010000100420110B5ADF51A7D0C46103092ABFF
:10D020000DF5167C10F8012D03F8012B9C45F9D164
:10D0300092A9684609F0F0FB18B100200DF51A7DA1
:10D0400010BD00239693979398938DF8643263797B
:10D050008DF8653223798DF86632E3788DF8673282
:10D0600096AB92AA1021684607F086F990B9A3788A
:10D070008DF8583263788DF8593223788DF85A320A
:10D08000032296A90DF2552011F000FFB0FA80F0AE
:10D090004009D3E70020D1E7002939D02DE9F04736
:10D0A00004469846894602EB8207BF0002EB021253
:10D0B0009600002515E0636B1BB1052104F15C00AF
:10D0C0009847D4F88C0030445146083013F053F997
:10D0D000636B1BB1062104F15C00984701354D4597
:10D0E00014D0D4F898303B44D9890E39002289B243
:10D0F0003820A36A9847824660B1B8F1000FDAD0B1
:10D100000269138A43F004031382D4E7002003E08A
:10D11000002070474FF0FF30BDE8F08770B505463E
:10D120000E460AF091FE174BB3F8A04544F00104F7
:10D13000A3F8A045B3F8A04544F00204A3F8A04525
:10D140001C4600BFD4F8A0359B07FBD432462846C6
:10D150000D4913F081FE0D4B1A680D4B1A600D4AF4
:10D1600012685A600C4A12689A600C4A1268DA60B7
:10D17000B4F8A0356FF30003A4F8A035BDE8704003
:10D1800010F066BC00240141902901418029014131
:10D19000CC73022084290141882901418C29014155
:10D1A0002DE9F34107689DF80030BE7E66F3000369
:10D1B0008DF800303B46054653F81B2FCDF8012073
:10D1C0009B88ADF8053068460C46FDF7C3F92A790F
:10D1D000134923788A5C62F30303237080460E2090
:10D1E00012F07CFF237860F34513237097F8342006
:10D1F000003218BF0122DBB262F386132370DBB268
:10D20000B8F1000F07D043F0800323706B7963708F
:10D2100002B0BDE8F081002EF5D166F3C713F4E744
:10D220001F1F04017FB506460D4611F0B3FB70B316
:10D230000268D2F8443163B3D3F8221059B3097AA3
:10D24000C90728D5197C65F3861119742DB3D2F856
:10D250004431D3F82220137A43F0180313720024C8
:10D260000F4B0093CDE90165012302225621EC20EA
:10D27000F5F770FC44B10B4B00930194012300229D
:10D28000FD21EC20F5F766FC204604B070BD0224B9
:10D29000E6E71A24E4E70C24E2E72C46E0E700BFC7
:10D2A00074B1030148C8030137B51E4B0190054610
:10D2B0000093EC200C46012302225C21F5F74AFC86
:10D2C000284611F067FB48B30068C37D012B0CD0E2
:10D2D0000C24154B0093019401230022FF21EC2024
:10D2E000F5F738FC204603B030BD2368C0F8223182
:10D2F00000F5917263685360A3689360E368D3603C
:10D3000090F8E430213B012BE2D890F8E530032B74
:10D31000DED112F06FF918B90724DAE70224D8E752
:10D320000024DFE748DD030161DD030100293AD075
:10D330004B0716D5B0F86030B0F862109A0102F5CC
:10D34000747292B291422CD2A1F57473C3F3871315
:10D350001A2B2BD9B0F86020934200D9D3B21846CB
:10D360007047CA070DD5B0F86030B0F86210DA0027
:10D37000703292B2914214D2A1F17003C3F3C70389
:10D38000E6E78B0712D5B0F86030B0F862109A006B
:10D390003C3292B2914204D2A1F13C03C3F3870321
:10D3A000D6E7DBB2D4E790F86030D8E71B23D6E7A6
:10D3B00070B50646682015F0C3FB6825154B164C62
:10D3C00018602A46002114F0FFF9284615F0B8FB32
:10D3D00000212A46206014F0F7F9104B104A1A6019
:10D3E00023681E63FFF780FC23685A6902F0F80186
:10D3F0000C4A0A435A6100229A610B4AC3E911227E
:10D40000C3E91322C3E91522C3E91722074B084ACF
:10D410005A6170BD70020020380200203C020020DA
:10D42000C1AB020101010005712B04015C680220FF
:10D43000518A0101F7B51C4F3B681E78E6B91B4CB9
:10D4400011F0D4F8206820211D30FFF767FE40203E
:10D45000F7F7CEFA054628B323681E773B6801220A
:10D460001A702368186103F0D9FF044628B13B689D
:10D4700028461E700DF016FE0C240D4B0093022260
:10D4800001233321EC20F5F765FB44B1094B0093F0
:10D49000019401230022FD21EC20F5F75BFB2046DF
:10D4A00003B0F0BD0724E8E7380200207002002036
:10D4B0002D1B040108DB030170B504460E4690F8ED
:10D4C00050000821154610F063FB2378032B32D05F
:10D4D000022B13D10AF0B8FC174B1A6894F850309D
:10D4E00002EB8303D3F8FC11A1424FF0000108BF07
:10D4F000C3F8FC11C2F8041210F0AAFAA26E1AB90D
:10D50000637862F382036370002323701EB129469F
:10D51000204611F033FCA36E6BB1A3789B060AD4AE
:10D52000204612F063FA204610F01EFB2046BDE8AC
:10D530007040E8F7FBBA70BDCC02002090F857208D
:10D54000C36D30B51C4C42B12268527912B993F8C0
:10D55000E52032B103225A7029E022685279002A6C
:10D56000F5D193F8E620510705D422685278520786
:10D5700001D40122EFE72468C578104A93F8E4103B
:10D5800024786DB901EB81010A44125D5A7090F85C
:10D590005720C36D62B15A78062A06D10422DAE711
:10D5A00004EB84042244525CF0E7052AF6D030BD37
:10D5B0005A7822F00402CEE7DC020020CE050401F6
:10D5C0002DE9F8431E4D2A681468804698F80B3000
:10D5D00064B9980043B115F0B3FAC8F80C0018B15B
:10D5E0002B681F6825464FBBBDE8F883227C134497
:10D5F00088F80B302468E9E7BB89012B24B2D8F8FE
:10D600000C3013D0BA6832F8262023F82420D8F83A
:10D610000C3003EB8404013600236380F6B23B7CBC
:10D620007419B342E4B2E7D83F68DBE7304603EB56
:10D63000840914F06FFFA9F80000E8E70026EEE780
:10D64000E401002038B5154B154D00241C60154B26
:10D650004FF0FF321A601F221A71134B1C60134BDC
:10D660001C60134B1C70134B1C60134B1C60134B42
:10D670001C60134B1C6012F01DF8C0F307134FF42D
:10D68000B470B0FBF3F0286013F0A6FD0D492860DC
:10D69000204615F071F8204638BD00BF0803002071
:10D6A0001C03002015030020100300200C030020A1
:10D6B000140300202C03002030030020240300204A
:10D6C000280300209DC60001DFF87CC0F0B5DCF81F
:10D6D00000400346002C35D0002221461546104656
:10D6E000D1F800E00E699E4509D12AB1166101F119
:10D6F0001000F0BD3146F3E7CCF80060F7E705D93C
:10D70000E8B10768BE453CBF154608460A46002EEC
:10D71000F0D10028EDD00146066951F8102BD21A3D
:10D72000102A05D903600B44103A1E611A601E4688
:10D7300084420CBFCCF800602E610846D9E715463C
:10D740000846E3E72046D4E7786D022030B585B07F
:10D75000043205460C4603920FF0A6FA38B10C2CA1
:10D7600007D000231A4619462846FDF7D3FF05B017
:10D7700030BDC378012BF4D003A901A813F0BEFC7F
:10D7800003A90DF1060013F0B9FC03A902A813F0D8
:10D79000B5FC03A90DF10A0013F0B0FC204615F00A
:10D7A000CFF901460028E2D000230370BDF8043011
:10D7B0008380BDF80630C380BDF808300381BDF812
:10D7C0000A3043814580204615F041F8CFE74348B1
:10D7D000433A63684D706D3A2530325825303858D9
:10D7E000004348433A63684D7073323A25303258EB
:10D7F00025303858004348433A63684D7073333AD4
:10D800002530325825303858004348433A434820A1
:10D81000496E6420432C2564004348433A63684DB5
:10D82000703A2530325825303858004348433A433F
:10D830004820496E6420502C2564004348433A63D5
:0FD84000684D7073313A25303258253038580012
:10D8500028B338B50D46044682681C4B9A421BD14A
:10D86000B0F90230012B2DD1238B012B1AD1638B00
:10D87000012B01D0042B18D194F83030022B17D192
:10D88000204601F07BFB002815DB022816D0BDB135
:10D89000A38E2B80002038BD6FF00D00FBE76FF0EA
:10D8A0000D0070476FF00C00F5E76FF00C00F2E729
:10D8B0006FF00B00EFE76FF00B00ECE70120EAE7F9
:10D8C0000020E8E76FF00C00E5E700BF5864022095
:10D8D00070B5044685681C4B9D420CBF1D46002553
:10D8E00011F0E6F868B1A38E638413F4007F09D0C9
:10D8F0000FF0AAFFE36A984220D2002120460DF0E3
:10D90000BBF870BD0FF0C8FF06460FF09DFF2B6AF5
:10D910005B6803FB06F606F2E7360C4BA3FB063604
:10D9200000EB9610E062012120460DF0A5F80028DA
:10D93000E7D0052363830023A383E2E76FF00901A7
:10D9400020460FF0B5FDDCE758640220D34D62108D
:10D950002DE9F041904690F89C306BB3D0F8984098
:10D96000013B9BB203EB830304F1140606EB830631
:10D970004FF0000C6746624611E008339E4509D01F
:10D980001D68032DF9D91D6815F0010F14BF013270
:10D990000137F2E714340CF1440CB4420ED0637C2E
:10D9A000012BF7D12588002DF4D0D0F88C306344BA
:10D9B0005B6803EBC50EE3E700273A4601B10A6056
:10D9C000B8F1000F01D0C8F800700020BDE8F08168
:10D9D00090BB70B50D461D4B93F90830022B06D154
:10D9E0001A4B9B8813F0010F01D0184823E0A422A2
:10D9F0000021164813F0E8FE0DB301231A4600215A
:10DA0000124806F0C5F801281CD1104C0123A38050
:10DA100002232372002363816B68E36030340126A4
:10DA200004F15005E6732146284612F0B1FC143487
:10DA3000AC42F7D1054870BD4FF0FF3070474FF052
:10DA4000FF30F8E74FF0FF30F5E700BF80610220BC
:10DA5000F0B583B004460E461A4B93E803000090DD
:10DA6000ADF804106769A06A13F0A2FA30B3054656
:10DA70000622394611F00AFA28B1062269462846DC
:10DA800011F004FAE0B9A3695A7A112A02D00020F1
:10DA900003B0F0BD9A19528852BA0B49098892B264
:10DAA000914201D00020F3E7985B40BA80B2074B67
:10DAB0001B88984214BF00200120E9E70020E7E717
:10DAC0000020E5E7742A04018C6D02208A6D022093
:10DAD00070B582B005460E461C4B1C6814F09BFBCB
:10DAE000682303FB004494F8603013F0010112D066
:10DAF00016F4805F11D116F4006F0CD013F0100FE4
:10DB000018BF02212846FCF7E9FE00231A460D2122
:10DB10002846F2F731FD02B070BD002211462846BA
:10DB2000FEF79AF90124009400231A461946284664
:10DB30000AF0B2FD02222146284609F0C5FD002365
:10DB40001A460C212846F2F717FDE4E7586C02202C
:10DB50001D4BDA6822F4E0621204120C42F0BF623C
:10DB600042F40032DA60BFF35F8F62B6E02183F8DF
:10DB70002310164A82F803130820106082F80F134E
:10DB80004FF40040106082F819134FF000701060DD
:10DB900082F81B134FF00060106082F835134FF4C9
:10DBA000001151605A6A42F480225A625A6942F066
:10DBB00010025A615A6A42F400325A625A6A42F4B6
:10DBC00080325A62704700BF00ED00E000E100E0E3
:10DBD0001C4B1D4A1A604FF650429A814FF4403256
:10DBE0005A601A46D369002BFCD1164A136843F0D9
:10DBF00002031360D369002BFCD1144B00221A627C
:10DC00009A62DA6283F8342083F83C209A63DA87D8
:10DC10001A609A60DA601A751A779A61094B5B6824
:10DC200003F00703012B094B14BF4FF480524FF44C
:10DC300000621A631A61034B80229A7504229A7556
:10DC4000704700BF000C004004011040FC66022039
:10DC50002DE9F04102461B48C36A856A8C4669B3C8
:10DC6000AB4208BF002025D00120174F174CA2F16E
:10DC7000020E511E134E13E05A0014F813800EF8D2
:10DC800010800132A25C01F810200133326B9A42FD
:10DC900098BF002384450CD9421CAB420AD01046E1
:10DCA0007A6802F00702012AE6D0E25C0A540133E6
:10DCB000ECE71D46034BDD62BDE8F0811D460846DA
:10DCC000F8E700BFFC660220000C00408C430220F5
:10DCD0000EB430B5ADF5816D0DF2144353F8042B3D
:10DCE00001934FF4806102A804F0CCFF421E40F281
:10DCF000FE339A4221D8044602AB00221A54124B3A
:10DD00001B680344B3F5806F24BF0F4B1A600E4BA2
:10DD10001D680E4B1D4402A9284614F039FD294602
:10DD2000002011F0E3FF14F0030318BFC3F1040354
:10DD3000054A234411680B4413600DF5816DBDE85D
:10DD4000304003B0704700BF686C0220A05702202B
:10DD50002DE9F84380B3884617460546002421E0A4
:10DD6000A74288BF48F824300134002531462846B0
:10DD70000AF08AFA03460028F2D1B9F1000F1FD049
:10DD800009F101062221304613F028FD0546A8B10D
:10DD9000864218D000230370BC4238BF48F8246084
:10DDA000013401352221284613F018FD814608B1BF
:10DDB00000230370054ED9E7002401E04FF0FF3443
:10DDC0002046BDE8F8834FF0FF34F9E74423000113
:10DDD00008B5002013F045F90146194B1B689BB9A3
:10DDE000174B02221A60002013F0E6FA0021154BAF
:10DDF000196001231A46144805F0CAFE01280AD00A
:10DE000000200F4B186008BD012B11D0002013F02B
:10DE1000D3FA0020F7E70D4813F0A2FE002803DB39
:10DE2000084B0A4A1A6006E0074813F08CFDE7E742
:10DE3000002013F0C1FA0120014B1860E3E700BF96
:10DE40007C6C0220846C0220806C0220105E022018
:10DE5000D3E160C35B99F340B2628264D175106014
:10DE6000E0045DA383FF57A57D73A673D2B8D80DD8
:10DE7000AAF6A6C35A91BB4579D73FD0C8FED111A7
:10DE8000B0391306828ADFED528F018121B3FEBDC6
:10DE9000C343E797B87DBB63DB1333DED9D1ECE135
:10DEA00077CFA6B71FE8AB1DA46624ED6415E51C6B
:10DEB000CDE2C7CA86E283990EEAEB9112041552AD
:10DEC0008B2295910281B02DD431F4C9F70427DF5C
:10DED00004EEC63BB231DF2C630A1AFBE724949DA3
:10DEE000005A587851E1AA795E477347C8B0566224
:10DEF0001C18BDDCDD8D99FC5FC2B92053D8CFACB6
:10DF0000FB0BB8831205FAD1DDD6C071318A6018D7
:10DF1000F03B73F5EDE4D4D071F9DE03FD7AEA103D
:10DF20005D9299B8AF99AA075BDB4DB9AA28C18D5C
:10DF3000174B56EE2A014D098896FF2282C955A833
:10DF40001969E069FA8CE007A180183A07DFAE177B
:10DF500070B5C56800890EF0DBFF0446A0B3C66D3E
:10DF600096B390F857207ABB25B90821BDE87040D8
:10DF7000FDF780BD2B68C6F86F306B68C6F873304C
:10DF8000AB68C6F87730EB68C6F87B30C36D01210B
:10DF90009970C378C16D53B96F31ECF7FDFEE16D37
:10DFA00001F5D8712046BDE8704004F0F1B8CB7897
:10DFB00063B1CA70C36D9A70C16D6F31ECF7ECFE3E
:10DFC000E16D01F5B871EDE7012070BD1846FCE781
:10DFD0002DE9F04190F83C8006460D461746B8F111
:10DFE000000F1CD1184B1B689B8ADB0717D50C2030
:10DFF00014F0A6FD044628B3284614F0A1FD606085
:10E0000000B33946C4F8008025812A4612F024FF67
:10E01000214606F15400BDE8F04113F0EFBA39781B
:10E020000A4A002312F83300884208D102EBC303E6
:10E0300029463A4630465B68BDE8F041184701334F
:10E040000C2BEFD1BDE8F081E4010020A4270301EF
:10E050002DE9F8431D4E038937683D684FF00008ED
:10E060000DB9012010E0AA899A421DD1BC684FF079
:10E0700000095CB930684246294611F099FC287CB9
:10E0800010B1FAF757FF0020BDE8F8836B682279DA
:10E09000996809788A4204D15968A06810F0F6FEA0
:10E0A00028B1A1462468E4E7A8462D68D8E707F11F
:10E0B00008004A46214611F07BFCA06808B114F024
:10E0C00041FD204614F03EFDD4E700BFE4010020EE
:10E0D00005000000080001000C000200100005000F
:10E0E00013000600300007005700200086001F00C4
:10E0F0000110080002100A000310090004101100AA
:10E1000005100B0006100C0007100D0008100E0083
:10E1100009100F000A1013000B1016000C1012004B
:10E120000D1010000E1017000F101800101019001D
:10E1300011101A0012101B001310150014101400F7
:10E1400020101D0021101C0023101E0000000000E4
:10E15000F8B5079C07469DF8180092B91B4E601E43
:10E160003D4620EAE07422463021284613F02CFB7D
:10E170003146281914F00CFB3846BDE8F84012F07F
:10E1800077BE00B30A2B1ED1002A1CDA3D462D2093
:10E1900005F8010B5242601E01396E1800213170E2
:10E1A0000CB10028DDDDB2FBF3FC03FB1C210929C7
:10E1B00088BF07313031934206F8011D00F1FF306E
:10E1C000CFD86246ECE720463D46E5E7A5050301CA
:10E1D00070B5C57D04460A468DBB90F8E230A3F1C8
:10E1E0002106012E18D8B0F8E23040F221118B42FE
:10E1F00003D001F201318B4208D10323002084F8BF
:10E20000E63084F8E72084F8E40070BD3D21204624
:10E210000FF004FF0020F8E790F8E42003EA02067C
:10E22000F50613D593420CBF23222A2208F080FF63
:10E230000028EAD001212046F3F700FAEAE7012D91
:10E2400004D190F8E430213B012BDFD90120DCE739
:10E25000022838B50D4618D0032827D0012813D13D
:10E26000194C236893F8263043B911F045FF206814
:10E270001649838C0C305943F0F728FC236893F837
:10E280002610294383F8261038BD0F4B186890F8E4
:10E2900026100029F8D021EA050180F8261000296F
:10E2A000F2D10C30BDE83840F3F7D4BF064B186804
:10E2B00090F82630002BE7D0838C04490C3059436A
:10E2C000BDE83840F0F702BC3802002040420F00A1
:10E2D00037B50D46144610F05DFBC0B9FF232B7017
:10E2E00023700224184B0093022201233721EC20D3
:10E2F000F4F730FC44B1154B009301940123002244
:10E30000FD21EC20F4F726FC204603B030BD026866
:10E31000937E122B10D002D3213B022B0ED9012366
:10E320002B70537E122B0BD002D3213B022B09D929
:10E33000012323700024D5E70223F1E70323EFE74D
:10E340000223F6E70323F4E72E1F040102EF030183
:10E35000F8B51E4E90F85020336803EBC203044614
:10E36000D3F80C7267BB0DF0E9FE0546846009F036
:10E370006BFD2F6094F85020336803EBC202D2F893
:10E3800010226A6094F8502003EBC203D3F81032D5
:10E390001D6094F85020336803EBC202C2F810529B
:10E3A00094F85020134493F81C22013283F81C2265
:10E3B0000FF04EFB20460121BDE8F840FDF7C2BF3B
:10E3C000BB689C42F6D03F68CCE700BFCC0200207F
:10E3D00030B51B4B91F845401A6864F30C221A6063
:10E3E0001A68047864F305021A601A686FF34D32F4
:10E3F0001A60144A4588146865F30F041460124CBF
:10E400000D6C256091F8445010490C6865F30404C4
:10E410000C6019686FF3C7111960196841F0400169
:10E42000196019684C06FCD419684900FCD51268BB
:10E43000C2F3054242711B68C3F30563037130BD2B
:10E4400054340141B0340141583401415C3401413C
:10E4500030B50C4689B0054620220021684613F0ED
:10E46000B3F92078B0B163786BB1013C012000BFF3
:10E4700014F8013F83B928460124034610F8012B04
:10E48000C2B9581B06E02B461A4601331178814267
:10E49000FAD0501B09B030BD5A0908A901EB82021D
:10E4A00003F01F0352F8201C00FA03F30B4342F859
:10E4B000203CDDE751090DF1200C0CEB810102F04D
:10E4C0001F0251F8201C04FA02F20A42D5D1D8E703
:10E4D00010B5044610F0ECFA08B3A38EDAB213F0CC
:10E4E000200F0FD012F0040F1AD013F4807F23D026
:10E4F0000F2120460CF0C0FA88B102236383002369
:10E50000A3830CE0A36A2BB14FF480521A8000223F
:10E510005A801A716FF00A0120460EF0C9FF10BD33
:10E52000A36A1BB100221A805A801A716FF00A0187
:10E5300020460EF0BDFFF2E7062120460CF09CFAC3
:10E540000028ECD0052363830023A383E7E710B5FD
:10E5500009210446002010F000FC68B31423037363
:10E56000193B437300238373B4F85831A0F811307A
:10E57000B4F85A3144F29022934281BF6FF06F0396
:10E58000C3744223037598BFA0F8133094F8EE309B
:10E5900088BFA4F85A211B070FD56FF06F03C37310
:10E5A00042230374D4F8B43144F2902201465A80D5
:10E5B0002046FAF797FF012010BD4823C3730823B4
:10E5C0000374D4F8B43140F64802EFE701EB81015F
:10E5D000D0F8982002EB810332F8212052B35A89F7
:10E5E00052B3DA89511E89B2B1F5C06F26D210B488
:10E5F000597C012940F2064118BF00211B7C012BE8
:10E6000008BF41F40761D0F8A43092090D4C44EAE8
:10E61000024203F58054226190F8B2201AB12269B7
:10E6200042F40062226103F58053996200205DF894
:10E63000044B704706207047062070476FF00200B9
:10E64000704700BF0407000100B587B0164902AA51
:10E6500011F8013B02F8013B002BF9D1134B019358
:10E66000002300934FF4807202A91148E7F716FEC9
:10E67000012804D00F4B1B6807B05DF804FB4FF076
:10E68000200383F31188BFF36F8FBFF34F8F0A4BC3
:10E690004FF0FF321A60094B01221A60084B00222A
:10E6A0001A6007F01DF8E5E77C250001AC6C02203C
:10E6B00045610301082B0401B06C0220C46C0220E8
:10E6C000CC6C022070B504460D4610F033FE194B99
:10E6D00019686268184B1B6893F851304BB1164BA0
:10E6E0001B68002283F85120012412F0E7FE204627
:10E6F00070BD2B68B3F1FF3F19D010480068266841
:10E70000864205D08A4203D800232B600124ECE71F
:10E71000881A834203D800232B600124E5E75B1AA3
:10E7200013442B60204612F0B7F90024DDE70024E3
:10E73000DBE700BFCC6C0220E06C0220B86C02204A
:10E740002DE9F84306460D4690461A4BB3F90400EE
:10E750000FF093FB28B1174BB3F9040012F007FC3C
:10E7600028B1154900200DF019FABDE8F883114BC6
:10E77000B3F9040011F040FE07B2ADB14FF000094B
:10E780004C462C1BBC42A8BF3C46A4B2224606EB1A
:10E790000901084BB3F90400EBF7DAFB4C440FFA1C
:10E7A00084F94C46A945ECDBB8F1000FDDD03046CA
:10E7B000C047DAE788000020842500012DE9F341F5
:10E7C0000E461621074615460CF03CFF804680BBDE
:10E7D00007F15C00F3F73EFD4FF4827014F0B0F9DE
:10E7E000044630B34FF48272414612F0EDFF072326
:10E7F00023703B88A380B7F850302381053E172350
:10E80000A37101A904F10800A6810135019512F058
:10E8100075FC01A904F10A0012F070FCA28922B172
:10E82000019904F10E0012F017FB042120460FF0AD
:10E83000FFF902B0BDE8F08173B504460191684666
:10E840000D4601A912F05AFC01A90DF1020012F0C7
:10E8500055FCBDF80230019A062B1AD8DFE803F008
:10E860000B040B190D111500114B1B681B68BDF82B
:10E8700000102046984702B070BD0D4B1B689B6886
:10E88000F5E70B4B1B685B68F1E7094B1B68DB681E
:10E89000EDE7074E336829465B6920469847012813
:10E8A000E9D0336829461B6920469847E3E700BF53
:10E8B000E801002073B51C4B01910D4600930446FE
:10E8C000012302229521EC20F4F744F90C2D174E78
:10E8D00013D1D4F884311BB102212046FAF771FC20
:10E8E000E26B336851781B692046984729462046D9
:10E8F00002B0BDE87040EDF7D1BDD4F874311BB162
:10E9000000212046FAF75DFCD4F87C311BB10121CF
:10E910002046FAF756FC3368052D94BFDB689B68E8
:10E9200020469847E2E700BF6C000401386D0220E2
:10E9300002292DE9F04105460F4603D1C66B96B971
:10E94000BDE8F08141B10129FAD110F1D00615D10D
:10E95000002385F8C430F3E710F1C8060ED1002378
:10E9600085F8B430ECE7343608D1002FF7D0022F09
:10E97000E6D1EB6B002283F83020E1E7346814B96C
:10E98000012FF2D1E4E7A068D4F8008014F0DAF89F
:10E99000D4E9002342B15360D4E9002320461A6031
:10E9A00014F0D0F84446EAE77360F5E713B503883E
:10E9B000019304461A4B0093EC20012302224E21BE
:10E9C000F4F7C8F820880FF0E5FF10B300686288FC
:10E9D000D0F8B8311A80A2885A80E2889A802289B9
:10E9E000DA8062891A81A2895A8190F8E430112B69
:10E9F00011D113F0F5F980B907240A4B0093019463
:10EA000001230022FF21EC20F4F7A4F8204602B0F5
:10EA100010BD0224F1E70C24EFE70024F6E700BF65
:10EA2000C0E70301BADA0301D3B5194B01681B68CB
:10EA30001A46F2E91667996501791171D3E9160250
:10EA400002F01F01C3E91601124B1C6844B1124BBE
:10EA50001C692CB1B94208BFB04216D0A047044689
:10EA60000E4B0093022201231F21EC20F4F772F8D1
:10EA700044B10B4B0093019401230022FD21EC20B3
:10EA8000F4F768F8204602B0D0BD0024E8E700BFE4
:10EA9000700200203803002040030020F0DA030158
:10EAA00008DB0301184A194B11881279DA70184AE9
:10EAB000A3F801101268114651F8020F58608988B6
:10EAC0001981117A1970918CD98292F82610997255
:10EAD00010490988D981104909881982518D928D70
:10EAE0005A820E4A99821268D2E91601C3E90A01D4
:10EAF000114631F8080F897899761883D17AD9723E
:10EB0000127B1A73704700BFEE020020E8720220E9
:10EB100038020020F8020020EC02002070020020E1
:10EB200070B50D4616460446B8B34FF0006190F834
:10EB300050000FF02DF800212046F8F729F91DB9F3
:10EB4000637843F0100363702378A580012B18D8F5
:10EB5000637843F002036370204602F0C7FC20464E
:10EB600000F074FB20460FF0F1FE94F850004FF0D7
:10EB700000710FF00DF820460021BDE87040F8F755
:10EB800007B9A37843F00103A37036B120460022F1
:10EB90000421BDE8704006F05BBF70BD52433A41AE
:10EBA000646452657120507265656D7074203078B0
:10EBB000253032782C7072696F726974793A2564E5
:10EBC0002C706572696F646963616C3A25642C63AB
:10EBD0006C6B3D3078253034780052433A416464A0
:10EBE000526571204E6F726D616C20307825303225
:10EBF000782C7072696F726974793A25642C207070
:10EC00006572696F646963616C3A25642C636C6B2F
:10EC10003D3078253034780038B505460DF08EFA51
:10EC20008560044609F010F995F850300022012B58
:10EC3000174B22601A6823D195F8511002EBC101DD
:10EC4000D1F88C11616095F8511002EBC102D2F835
:10EC50008C21146095F851101A6802EBC102C2F8B9
:10EC60008C4195F850201B68134493F8F821013229
:10EC700083F8F82101232B70BDE838400EF0E8BE80
:10EC8000D2F8F421626014601A68C2F8F441E8E72F
:10EC9000CC020020F8B506460C200F4613F050FFBA
:10ECA0000446C8B100258560056045600672384697
:10ECB00013F046FF206078B129463A4612F084FDF1
:10ECC0000C2013F03DFF054660B9206813F03AFFB1
:10ECD000204608F04DFB03E0204608F049FB0025E4
:10ECE0002846F8BD043E084B6360012E846002D8BC
:10ECF00020460AF04FFF00232B60044B5A686A60DD
:10ED000015605D602546EBE7AB2B0401D4020020C3
:10ED100030B4C47882780346FCB9082A14D1C56D92
:10ED20000A68C5F8802105F5C0744A6862608A687F
:10ED3000A260CA68E26090F8572052B190F8532060
:10ED4000022A03D107229A7030BC704730BCEFF71B
:10ED500077BC184630BCE4F7C1BA062AF4D1C56DB9
:10ED60000A68C5F8C02105F5E0744A6862608A68DF
:10ED7000A260CA68E26090F85720002AE9D090F8B3
:10ED80005320022ADED030BCF1F7FABC30B5C4B251
:10ED900085B0012C019222D01CB1022C2CD0002471
:10EDA0001AE001A902A80FF072FF01A903A80FF051
:10EDB0006EFF039B9B040FD501200FF029FC4FF63B
:10EDC000FF710446012008F0FBFF214601200FF0EF
:10EDD00031FCF9F775FD0446204605B030BD084DFD
:10EDE0000024204601342946E4B210F033FC082CFC
:10EDF00005F10605F5D1D2E7024812F059FCCEE73D
:10EE0000B26702204C6B022038B590F86C301B4D75
:10EE100013F02003044629D00EF01FFB184B94F882
:10EE2000F5101A6861F307021A601A6894F8F61070
:10EE300061F30F221A601A6894F8F71061F3174211
:10EE40001A601A6894F8F81061F31F621A605A6821
:10EE500094F8F91061F307025A602B6843F00073CD
:10EE60002B6094F821000430C0B238BD2A6863F3E7
:10EE700059622A6090F82100F7E700BF3034014161
:10EE8000903401412DE9FF471D460C9B13F001080A
:10EE900006460F46144601D195420BD82246394604
:10EEA00030460EF03DFFA54204D82546284604B062
:10EEB000BDE8F087A5EB04094A46102A28BF1022B6
:10EEC00020216846CA4612F07FFC00BFBAF10F0F3E
:10EED0000ED809F00F02694630460EF021FFB8F156
:10EEE000000FE3D12246394630460EF019FFDDE728
:10EEF0001022694630460EF013FFAAF1100AE5E72A
:10EF00002DE9F8430446884617461E46002012F0B5
:10EF1000A8F8054624B194F8423013F0400F06D10A
:10EF20002946002012F048FA4FF0000922E00021A3
:10EF3000204612F032F881460028F1D0B8F1000FD7
:10EF400009D0D8F8003063602EB1A36147B13B68A7
:10EF5000A360E36104E01FB13B68A360002EF8D119
:10EF60002946002012F028FA94F8433023F01003C9
:10EF700084F843304846BDE8F883FEE710B582B018
:10EF800090F83030022B18D104460069E8B1E368EC
:10EF90009B6B01AA61699847012827D000281CDBD8
:10EFA00094F83130032B04BF019BA386002000237B
:10EFB000636184F8303002B010BD40F28D120C490C
:10EFC00000200FF09BF80020F5E740F2931208496B
:10EFD0000FF0CAF84FF0FF30EDE740F29F120449FE
:10EFE00000200FF08BF86FF00100E0E70220E2E76D
:10EFF000D4EA030110B518B14FF0FF34204610BD1C
:10F000000C4619480DF018FA034650B314F00801E5
:10F0100001D0C28812BB1A8A5AB11A8C4FF0FF3441
:10F020001AB1184611F06CFCE8E703F12004012046
:10F0300002E003F1100400200022A260E26001223D
:10F040002280608063600222227319B19A8842F0A4
:10F0500004029A80DA880132DA80E2E74FF0FF3466
:10F06000DFE74FF0FF34C9E780610220F8B50746BB
:10F070000C4616461D46C87B40F2925218499842EB
:10F0800014BF002001200FF081F8214630460BF01C
:10F090004FFE844208D040F29E52114900200FF0EA
:10F0A00075F8022D18D0F8BD267B0023236063601D
:10F0B000A360E3602361214607F1800011F068F945
:10F0C0000123E373032EECD1F868F4F760F8BB88F2
:10F0D00023F00803BB80E4E7F86813F087F8E2E761
:10F0E0009C050401F0B5074685B0412013F028FDCA
:10F0F000054678B30646002306F8013B164C236804
:10F10000986810214030FEF709F8236840223946FC
:10F11000986811F0A1FE236820229968304611F00A
:10F120009BFE26682022B16805F1210011F094FEB3
:10F13000B0686B46412229464030E6F7D5FE2846A6
:10F1400013F000FD23689B68012283F85020684675
:10F1500006F0A6FC05B0F0BDDC020020F8B5194EA3
:10F16000346807465CB3FF20F5F742FC054650B90A
:10F17000154B1A781ABB01221A7014491448BDE8BD
:10F18000F840EFF7A3BC627B2169284608F060F8DD
:10F190002A46617B3846E8F7CBFA88B1094812F075
:10F1A0006BFC237B43F00403237306F001FC3468FB
:10F1B000002CE8D128460BF075FF002CD8D1F8BD03
:10F1C0000124F7E778020020BC6D0220A086010030
:10F1D000A002002052433A436C656172526571206F
:10F1E0004E6F726D616C203078253032782C7374DC
:10F1F0006174653D25642C636C6B3D30782530343B
:10F20000780052433A436C656172206120636F6EEF
:10F2100074696E7565205265710052433A436C659E
:10F22000617252657120507265656D7074697665A2
:10F23000203078253032782C73746174653D2564F4
:10F240002C636C6B3D30782530347800F8B51C4E5B
:10F2500090F85020336803EBC2030546D3F80C4204
:10F26000F4B108F0F1FD27680EF0F2FBA3689D42AF
:10F2700024D108F0E9FDD4E90032BBB15A60D4E9E9
:10F2800000231A6095F850203368134493F81C2229
:10F29000013A83F81C220EF0DBFB20460AF05CFCEE
:10F2A00028460021BDE8F840FDF74CB895F850100D
:10F2B000336803EBC103C3F81022E0E73C46CFE715
:10F2C000CC02002070B50378054613B1012B11D094
:10F2D00070BD194E3368DB68002BF9D0847824B9EF
:10F2E000033098473368DC60F2E72046BDE87040A1
:10F2F00009F072BC02200DF021FE044688B1AE7800
:10F30000B6B9C06D2022E91C2F3011F0A5FDA378FD
:10F3100084F85360072B04D1E37820462BB9EFF72C
:10F320008FF9BDE8704008F05BBEF1F729FAF8E705
:10F33000304609F051FCF4E7DC02002007280CD825
:10F34000DFE800F0040C12181E242A30184BD3F802
:10F35000642F61F31042C3F8642F7047144BD3F845
:10F36000642F61F35142F6E7114BD3F8642F61F338
:10F370009242F0E70E4BD3F8642F61F3D342EAE7F1
:10F380000B4BD3F8642F61F31452E4E7084BD3F826
:10F39000642F61F35552DEE7054BD3F8642F61F318
:10F3A0009652D8E7024BD3F8642F61F3D752D2E7D5
:10F3B00000240141012970B506460D4603D9FF29F5
:10F3C00021D000202AE0084607F0D0F80728F8D816
:10F3D000134A062313FB002332681A60B2889A800E
:10F3E0002946FFF7ABFF0522092313FB00230D4A33
:10F3F0003168134400EBC00419601444B18899804B
:10F40000257101200AE0084B9B78DB07F9D40846F8
:10F4100007F0ACF807288CBF0020012070BD00BFAA
:10F4200000330141947202205C6D022007280BD842
:10F43000DFE800F0040B11171D23292F184BD3F818
:10F44000643FC3F300430B707047154BD3F8643F20
:10F45000C3F34043F7E7124BD3F8643FC3F3804351
:10F46000F1E70F4BD3F8643FC3F3C043EBE70C4B1A
:10F47000D3F8643FC3F30053E5E7094BD3F8643F87
:10F48000C3F34053DFE7064BD3F8643FC3F3805325
:10F49000D9E7034BD3F8643FC3F3C053D3E700BFAE
:10F4A000002401412DE9F041194C1A4D23682A78B6
:10F4B0001A7040F243180B27002620680378F340A7
:10F4C000DB0716D52722E919384411F0C5FC20685E
:10F4D0003146384407F070F823680F4A3344925D90
:10F4E000DA70236805EB08024344116819609288BA
:10F4F0009A800136082E07F1270708F10608DCD1AB
:10F50000687810F0B7F82368AA789A70BDE8F0819F
:10F51000E8020020B86F0220BB6F0220438B222B31
:10F5200004BF23238376428B40F223139A420AD1ED
:10F5300022238376164B1A8842F003021A801A8817
:10F5400042F0100212E0837E122B12D004D8112B4D
:10F550004FF0010006D07047222BEBD0232B0ED0AA
:10F56000012070470A4B1A8860F301021A800020BC
:10F570007047074B1A88022161F30102F6E7044B3A
:10F580001A8842F003021A801A886FF30412EDE71A
:10F59000C034014130B50D46097889B0044609B13F
:10F5A0006B782BB9204603F03DFB001B09B030BD42
:10F5B00020220021684612F007F9013D012000BF1A
:10F5C00015F8013FA3B921460125084611F8013B72
:10F5D000002BEAD05A090DF1200C0CEB820203F04B
:10F5E0001F0352F8202C05FA03F31342EDD0DCE799
:10F5F0005A0908A901EB820203F01F0352F8201CEC
:10F6000000FA03F30B4342F8203CD9E72DE9F84F09
:10F610000446DDE90A9A6668D4F80C8024690C9FD8
:10F62000013C1946002E4FF00003D7F800B008F84F
:10F6300004301046B8BF01264D460123002C03DCE0
:10F64000DBB12046BDE8F88F50EA010209D1A6EBF4
:10F6500009022A44002A04DC002DF1DD1BF0020F10
:10F66000EED052464FEAEA730CF088FE013C134696
:10F67000303208F80420013DE0E73B6823F0100336
:10F680003B60DEE770B504461546866B026C5AB9DE
:10F6900003681BB100200136A66370BD8068FCF7CB
:10F6A00021FC0023A360F6E76DB9406811F0D4FB9C
:10F6B0006368226C13446360A268934219D3236881
:10F6C00063602846E7E7C06811F0C6FB226C514230
:10F6D000E3689B1AE3602268934202D2A3680B445A
:10F6E000E360022D01D00020D5E726B1013E0020C5
:10F6F000D1E72846CFE70020CDE7F8B50C461F46F6
:10F70000064615460FF0E6FE40F6C4139C4211D0A3
:10F7100003F2E2439C420FD040F2E2418C420CBF24
:10F7200004210021052FB38A08D101EB830101399F
:10F730000844F8BD0821F5E70C21F3E7B5F5AB7FE8
:10F7400012D007D8A5F1FA025542554101EB8301C9
:10F75000491BEDE7B5F5517F08D040F2E6629542CE
:10F760000CBF06250025F1E70225EFE70325EDE7AD
:10F7700070B504468668194B9E420CBF1E46002693
:10F780000FF096F9C8B1A38E6384A36AB3B10EF0EB
:10F7900083F805460EF058F8336A9B6803FB05F5BD
:10F7A00005F2E7350E4BA3FB053500EB9510E06243
:10F7B000002120460BF060F958B970BD01212046A8
:10F7C0000BF05AF90028F8D0032363830023A383A6
:10F7D000F3E7042363830023A383EEE75864022046
:10F7E000D34D62102DE9F04105460C461646194BE3
:10F7F0005F6812F010FD228812F0400F26D100EB56
:10F80000C00307EBC30712F0800F17D1211D07F1CA
:10F810002C000CF0EBF84FF0010807F1180332460A
:10F820008021204608F078FF434604F1100204F1DD
:10F830000801284606F0C8FBBDE8F081211D07F14C
:10F8400018000CF0D3F84FF00208E6E74FF0030879
:10F85000EAE700BF2866022051B3F8B504460D461A
:10F860000B6843B350B390F8423013F0400F02D10D
:10F870006FF00500F8BD144B5E6812F0CCFC00EB95
:10F88000C00006EBC007294656F8300001F080F9A9
:10F890000546B0B1014638460CF058FE6FF0010342
:10F8A000002205F10801204606F08EFB0020E1E76A
:10F8B0006FF0040070476FF00400DBE76FF00500A5
:10F8C000D8E74FF0FF30D5E728660220002833D074
:10F8D00070B50546194B5A6B846812B393680026BD
:10F8E0009C4223D33346B4469168CB184CF10001B7
:10F8F0008C46964692693AB19068C01841F1000171
:10F90000844276EB0101EFD2AA61CEF818500020B4
:10F91000E41AAC60AB691BB1A9689A68521A9A6084
:10F9200070BD8460054B58630120F9E7034B5863B1
:10F93000826100230120EBE700207047406702202E
:10F940007FB50689B6F5706F30D2C46821888B1FE9
:10F950009BB240F67A40834228D86288931F9BB2BC
:10F96000834223D8914221D8A388B3F5FA7F1DD2D0
:10F97000E3880A3B9BB240F67642934216D8304663
:10F980000CF014FA054688B1837C8BB9ADF80060A1
:10F990002368CDF802306368CDF8063068460AF077
:10F9A00077FD08B90123AB7404B070BD0320FBE7F9
:10F9B0000120F9E770B5867A012E31D800890DF063
:10F9C000A7FA054670B3C16D61B34B785B0729D5C3
:10F9D00026B10C21BDE87040FCF74CB8C3782BB9B8
:10F9E00001F5E871BDE8704003F0F4BF0C79A4B1F3
:10F9F0000E71C16D01F5C87103F0ECFF044640B90A
:10FA0000EB6D0246A03301462846F9F741FA20463D
:10FA100070BD334632460121F6E701238B70F6E7CD
:10FA20000324F4E70124F2E7F7B590F84E300546D9
:10FA30000F46144663BB052013F034F8064648B35E
:10FA4000042100F110030DEB0100019312F0DAFD27
:10FA5000394601A812F0DCFD214601A812F0D8FDBC
:10FA60003246052128460FF0DFFF044660B9042323
:10FA7000A5F8660085F84E30074905F15C00EFF700
:10FA800025F8204603B0F0BD304613F049F8F8E7FA
:10FA90000724F6E70224F4E7A064D10173B50C460D
:10FAA0000CF094FB054678B32388808802338342A8
:10FAB0002CD8EB7C082B29D112F0F4FF064608B3B2
:10FAC00000F11003092101A8019312F09BFDA17818
:10FAD00001A812F097FD2146019831F8032B13F08D
:10FAE00037F821880231324689B228460FF09CFF50
:10FAF000044618B9E874204602B070BD304613F0D1
:10FB00000FF8F8E70224F6E70324F4E70124F2E70C
:10FB10002DE9F04387B004AD914698460E4607465E
:10FB2000039502F0CFFE0446014603A8ADF8087025
:10FB30008DF80A6012F066FD394603A812F068FDE0
:10FB4000314603A812F05EFD99F8001003A812F0E8
:10FB500059FD98F8001003A812F054FD02AB009371
:10FB600001950423062242F2760140F201100DF0C5
:10FB7000F3F8034B33F8140007B0BDE8F08300BF7F
:10FB80008ECF020110B5C288012A10D014B214B170
:10FB9000022A2AD010BD00890DF0BAF90028F9D048
:10FBA000234622460221BDE81040F9F771B9022030
:10FBB0000DF0C4F90F4B1B68DA6804465AB112F015
:10FBC000A7FF0028E6D0002CE4D020460821BDE89D
:10FBD0001040FBF74FBF0028DCD0C06DD978EB3068
:10FBE00012F098FF0028D5D0EFE7BDE8104008F0EC
:10FBF000F7B900BFDC02002038B51A4C1A4D236853
:10FC000013F0100F1AD0236823F0730323602368C6
:10FC100043F00C03236003200BF02DFD2B6823F031
:10FC200073032B602B6843F00C032B6005200BF053
:10FC300022FD0520BDE838400BF01DBD2B6823F0E8
:10FC400073032B602B6843F00C032B6003200BF035
:10FC500012FD236823F073032360236843F00C0331
:10FC60002360E3E7283A0141203A014110B5194BDE
:10FC7000048E1A68418E64F30F021A601A6861F3E9
:10FC80001F421A600C3B1A686FF34D321A60124A19
:10FC9000B0F85C40116864F30F011160196841F01D
:10FCA000800119600D49046C0C6090F8444048686C
:10FCB00064F304004860196841F040011960196854
:10FCC0004806FCD419684900FCD51068C0F305400B
:10FCD00010BD00BF60340141B034014158340141CE
:10FCE00010B504460139052931D8DFE801F0030DCC
:10FCF000141D242A01231A46002103F049FF01287C
:10FD000014BF0020012010BD11F01DFE012814BFFA
:10FD100000200120F7E74FF0FF3111F01DFE012810
:10FD200014BF00200120EEE710F0EAFD012814BF07
:10FD300000200120E7E7002011F093F92060012066
:10FD4000E1E70168002011F037FB0120DBE700202C
:10FD5000D9E773B50446008912F0DEFE80B320892E
:10FD6000E5680CF033FA044630B3287912F0E8FE67
:10FD7000A06418B3F42384F84C302B88A4F84430E2
:10FD80006B88A4F846302A7984F84D206E1D3146E0
:10FD900011F062F86A88298801962B790093204631
:10FDA0004FF42053FAF72EFE054610B1204610F00E
:10FDB000DFFE284602B070BD0325FAE70225F8E70A
:10FDC0000425F6E738B5837C1D2B04461CD100239F
:10FDD00083744FF4827012F0B3FE054648B11423C9
:10FDE00003702388838009F0F5FC042128460DF078
:10FDF0001FFF04F17400F2F72DFA4FF4827012F035
:10FE00009FFE054608B9208238BD0C230370238865
:10FE10008380238AC380122B08D10023238209F018
:10FE2000D9FC2846BDE8384012F08CBE0421BDE85C
:10FE300038400DF0FDBEF7B500EB81060546B3690D
:10FE400093F804311446A3B901AA694660890CF0FD
:10FE500025F870B1009AA3899789B069BB4201D98E
:10FE6000072304E0E289D118B94209DD0D2380F8A7
:10FE7000043195F83B30013385F83B3003B0F0BDD9
:10FE8000B3F5807FECD8B1F5807FEFDC0433616897
:10FE9000184410F0E1FFA189E389B2690B4451884D
:10FEA0008B42C8BF5380E4E7F0B50C46D1E9011797
:10FEB00087B0236805930029A4BF23F002030593AC
:10FEC00005ABE66802930823CDE900730546D2E945
:10FED00000232046FFF79AFB059BD90642BF00F19D
:10FEE000FF3030233354059B1A0742BF00F1FF3027
:10FEF000202333542269059B0093013A3B46121A92
:10FF000031182846FEF7BEFF6B68DB0503D5636832
:10FF10009842B8BF184607B0F0BDFEE790F89C3095
:10FF2000013B5BB2002B2DDB70B503EB830292002B
:10FF30004FF0010E144D11E09CF912C0BCF1000FFE
:10FF400007DB4FEA5C160CF01F0C0EFA0CF445F8B8
:10FF50002640013B5BB2143A002B12DBDBB221FAE4
:10FF600003FC1CF0010FF4D0D0F8984004EB020C15
:10FF70009CF81040012CDFD09CF81140012CE8D1F6
:10FF8000DAE770BD704700BF00E100E008B5144B30
:10FF9000186820B10FF06EF9114B00221A60114B56
:10FFA0001968114811F01CFE104B00221A6010480D
:10FFB0000CF087FA0F4B186820B112F033F90D4B93
:10FFC00000221A600C4B196831B1064B1868C368DF
:10FFD0009847094B00221A60024B00221A6008BDA4
:10FFE000FC6B0220086C0220B0690220F46B022036
:10FFF000C4690220046C0220006C022020B3F8B512
:020000040103F6
:100000000F4616460446124B0360124B4360124BD8
:100010008360124BC360124B0361124B4361124B5E
:10002000836103F17453A3F52303A3F69243C361E1
:100030000025056645668566856712F024FDE7663E
:10004000266765672846F8BD6FF0AC00704700BFB3
:1000500067E6096A85AE67BB72F36E3C3AF54FA559
:100060007F520E518C68059BABD9831F1414030378
:100070000301010A0603033C131303030301010AEE
:100080000603033C121202020201010A0502023CAD
:10009000111102020201010A0502023C12110202C0
:1000A0000201030B05020246131203030301050CB0
:1000B00005020246131303030301060D050202465F
:1000C000141403030301070E050202461F1F1C1C24
:1000D00018181414141414141414141430B50589B5
:1000E000B5F5706F85B02DD2C46821888B1F9BB287
:1000F00040F67A40834225D86288931F9BB28342A0
:1001000020D891421ED8A388B3F5FA7F1AD2E3888B
:100110000A3B9BB240F67642934213D828460BF036
:1001200045FE78B1084BCDF80A30ADF80050236891
:10013000CDF802306368CDF80630684608F0ECFB75
:1001400005B030BD0320FBE710002000F7B50446E2
:10015000008912F0E1FC78B3268930460CF0A4FD4A
:10016000074628B31620648912F0EAFC054608B356
:1001700000F11003132101A8019312F043FAB97999
:1001800001A812F03FFA022101A812F041FA21461B
:1001900001A812F03DFA2A46062130460CF0D3FAA7
:1001A000044610B1284612F0CDFC204603B0F0BD45
:1001B0000124FAE70224F8E70424F6E738B50089B9
:1001C0000CF0A6FE044668B38378022B2AD1FAF716
:1001D00075F9054670B9204602F0E2FDE26D5378EC
:1001E000022B15D1104B1B681B78022B04D1204623
:1001F00007F0E2F8284638BD042B07D192F8E43026
:10020000022B2046F4D10EF0DBFDF3E72046FAE79F
:10021000032BEFD194F85730002BEBD120460EF092
:10022000E0FDE7E70325E5E7DC020020052937B517
:100230000446154630D15C30F2F70CF8013501A9BF
:100240006846019512F026F801A90DF1020010F0A0
:1002500055FF01A90DF1010012F01CF89DF80010E6
:1002600020460BF0EFF90546B0B94FF4827012F05A
:1002700067FC70B10570228882809DF80020827131
:10028000BDF8022002819DF80120827204210DF048
:10029000CFFC204610F06CFC03B030BD38B5194CD3
:1002A00090F847202273027E627390F82120A27397
:1002B000B0F81920A4F80F200246054652F81B1F7B
:1002C000C4F811109288A4F81520B0F8B0202AB113
:1002D000D0F8AC1004F1180010F0BEFDB5F8C02045
:1002E000B5F8B030E37522B1D5F8BC10064810F06F
:1002F000B3FDB5F8C03084F8FE3095F8943084F83A
:10030000E53138BDC06D0220BF6E022073B50446D2
:10031000866809F0F3FC94F8FA30012B12D1144BE3
:100320001A686FF300021A60A3F24C4321461A6860
:100330006FF3DB6200201A60F8F74EFE21460020C2
:10034000EFF764FB0B4B0C491B88ADF8043000251C
:100350006B46082284F8FA50012000968DF80600BA
:1003600001F0C7F92846EAF761FC02B070BD00BF92
:10037000583E0141040300200000010138B590F807
:10038000F430184D13F00203044625D00DF065F843
:10039000154B94F8FA101A6861F307021A601A688C
:1003A00094F8FB1061F30F221A601A6894F8FC109D
:1003B00061F317421A601A6894F8FD1061F31F6226
:1003C0001A609A8894F8FE1061F307029A802B68ED
:1003D00043F080632B6038BD2A6863F39A622A6019
:1003E000F9E700BF30340141B4340141902910B520
:1003F0000FDC7F2911DD803910290ED8DFE801F0EC
:100400000F0F250D170D0D0D1E0D0D0D0D0D0D0DE5
:100410002500A02903D0C02901D0002006E01968DA
:100420000C1D1C600B6803601A60012010BD196868
:100430000C1D1C600B6803601A80F6E719680C1D20
:100440001C600B6803601A70EFE719680C1D1C60D4
:100450000B680360D117C3E90021E6E72DE9F843F3
:1004600004460F46D0F8108043699847E3684BB3C1
:1004700005460026A36805FB03F3226802EB030987
:10048000D35C13F0010F10D0E3693A464946204689
:100490009847A0B14544E368AB4298BFED1A0136D6
:1004A000B342E7D84FF0000909E0236A3A464946CB
:1004B00020469847A9F80260636A013363624846A0
:1004C000BDE8F8834FF00009F9E72DE9F04184B069
:1004D00004460D4616461F468422002111F074F989
:1004E0000B9BA3670C9BE36704F108080A9B03932B
:1004F0000297019600950423372241462046ECF7E7
:10050000A1FE18B1012004B0BDE8F08100230393DF
:10051000029337220192CDF8008004F13F0120467A
:10052000ECF790FE30B9012323600023636084F868
:100530008030E8E70120E6E752433A505F666C6797
:100540003D3078253038780052433A7072693D2545
:10055000642C636C6B3D3078253034780052433A1C
:100560004E5F666C673D3078253038780052433AEC
:100570007072693D25642C636C6B3D307825303496
:10058000782C636F6E743D300052433A7072693D4F
:1005900025642C636C6B3D3078253034782C636F88
:1005A0006E743D3100300000F0B583B004464668FB
:1005B000012920DD13460022019201AA0A21586870
:1005C00002F032FD019B0F4D0F4A002B08BF15466C
:1005D000002B14BF0227012700200DF00DFE394625
:1005E00002F080F80346226854682A4607493046DC
:1005F000A04703B0F0BD03681B6805493046984723
:10060000F7E700BFA40500019C050001C805000133
:10061000B0050001020000000D5D0101D16D030174
:100620000300000011D70101594802010600000033
:10063000917A030141D60301090000007103020110
:1006400011D101010A000000D5BC0101A928020155
:100650000C000000F5800101598703010E00000025
:1006600095F20101F15503010F0000005151010104
:10067000652503011E000000B5760201B9A1030142
:10068000F8B5194B1C683CB30E4638B390F84230AD
:1006900023F0080380F842306368834204BF0023DC
:1006A0006360A368834204BF0023A36009B90120EB
:1006B000F8BD2768A7B1FB68A3B1002529463846D5
:1006C00011F01DF90146204605F058FC0135FB6884
:1006D0009D42F3D33046EBE70020E9E70020E7E74F
:1006E0000846E5E70846E3E7446C02202DE9F041BF
:1006F0008EB00F4616461D46804618B3006F0BF0AD
:1007000025FB18B3436823B3002407940894099485
:100710000A940B940C940D940123019306230293E5
:10072000CDF818800397049605954368826801A95F
:100730000068984710F1AE0F08BF6FF487700EB0D5
:10074000BDE8F081002008F0CDFFDAE76FF4877094
:10075000F5E76FF48770F2E770B583681888A0F149
:10076000200292B243F6E074A24224D85988A1F143
:10077000200292B2A2421ED888421CD81E79042EB2
:1007800019D81D7B6A1E062A15D85C7B032C12D84B
:100790000A4A10805180167155719471084A53F8B5
:1007A000050F1168886201F1280299889B7993717D
:1007B0009180002070BD0320FCE700BF146B022075
:1007C000D401002030B5172185B0054600200EF079
:1007D000C4FA044650B30C2101A8FCF79FFC01ABFE
:1007E00003CB05F58572039BC5F80A015160C5F876
:1007F0001A3129460323237351F8FF3FC4F80D3003
:100800004B68C4F81130B5F80831A4F815301368F6
:10081000C4F817305368C4F81B30D5F81A31C4F83F
:100820001F3028462146F8F75DFE012005B030BD97
:1008300038B50024124B0546214624221148C3E94D
:10084000004310F0C1FF104B104A1C60104B0121F7
:100850001C70104B08461C7010F0D2F90E4812F0B4
:10086000A3F92869FCF7A4FD04F024FA06F0ECFDD6
:100870000FF0C0FC21466868BDE8384009F0C6B9F1
:10088000D40200205C6802204C6D02200940030164
:10089000740200203402002011B2030130B5174D5C
:1008A00002682B68C3F802208288DA802B68012254
:1008B00089B01A725B6C0446984710B12B681B6CA8
:1008C000984700231A460E49022000F012FF637970
:1008D000069323790593E3780493A37803936378CD
:1008E000029323780193074B0093022201231A21DC
:1008F000EC20F2F72FF9002009B030BD38020020BB
:1009000002070100DCC0030113B5174B009302225C
:1009100001232321EC20F2F71DF911F015FF20B976
:1009200005F096FE002002B010BD104C23689B6CB1
:10093000984760B92368DB6C984740B923681B6D02
:10094000984720B923685B6D98470028E8D00C24AD
:10095000074B0093EC20019401230022FF21F2F7C2
:10096000F9F82046DFE700BF7628040138020020AE
:10097000B20C040137B5174B174C01900093054694
:10098000012302222721EC20F2F7E4F823689B6C74
:100990009847A0B92368DB6C984780B923681B6D22
:1009A000984760B923685B6D9847044638B9012DB4
:1009B00008BF28460EF05EFE204603B030BD0C2472
:1009C000064B0093019401230022FF21EC20F2F753
:1009D000C1F8F1E774F7030138020020B20C0401FA
:1009E000F8B50E460746154610F06CFE0028114675
:1009F00030460CBF0024092409F072F8F8B9BCB9DC
:100A0000104B20460A2200BF02FB00F131F803C060
:100A1000BCF5706F0ED15A180331178096700B44D5
:100A20002A681A60AA889A80074A137801331370DB
:100A30002046F8BD01300828E6D11F24F8E70B2432
:100A4000F6E700BF88650220BA6D022070B5184D28
:100A50002C6824BB302012F073F8286008B90020FD
:100A600070BD3022214610F0AFFE124C26684EB900
:100A7000182012F065F820600028F0D018223146C6
:100A800010F0A2FE2268002313602268C2E901333D
:100A9000D3602A680120C2E90133D360E0E7002473
:100AA00020460134E4B2F7F7B7FE082CF8D1DCE7B2
:100AB000E0020020E4010020FF282DE9F84F8046E5
:100AC0008A4617464FF00005144B05D115709878EB
:100AD00000F00100BDE8F88FD3F80090104E6800D8
:100AE00029FA00F000F00304012C5FFA85FB0CD119
:100AF00006225146701D0EF0C9F930B933794345CD
:100B000003D187F800B02046E4E70135082D06F14F
:100B10000906E4D107233B700020DBE75C6D02206F
:100B2000947202202DE9F843DFF8609040F24317F9
:100B30004FF00B08002500BFD9F800402378EB40A8
:100B4000DB0711D5104E272206EB080004EB080145
:100B500010F082F96319DA78F31C3E445A55E31910
:100B60001A6832609B88B3800135082D08F1270888
:100B700007F10607E0D1044B22781A7062785A70A8
:100B8000A2789A70BDE8F883B86F0220E8020020CE
:100B90002DE9F84F06468A46D0F8109043699847E9
:100BA000F3683BB304464FF0000808E04C44F36898
:100BB000A34298BFE41A08F10108434515D9B56866
:100BC00004FB05F5376807EB050B7B5D13F0010FA0
:100BD000ECD0F36952465946304698470028E5D193
:100BE0007B5D23F002037B5501E04FF0000B58467C
:100BF000BDE8F88F4FF0000BF9E70F2A38B505462E
:100C00000C4626D190F8E43013BB3020F3F7F0FE09
:100C1000C5F8B801E0B1B4F801300383B4F803308B
:100C20004383B4F805308383B4F80730C383637A11
:100C300080F8203063894384A3898384E389C38453
:100C4000238A0385638A4385A38A8385E38AC385D0
:100C500038BD90F8E230112B01D0032BF8D1D5F834
:100C6000B401D7E770B5C4B00446408811F062FE05
:100C7000B0B105466288616810F0EEF82378042B65
:100C800010D000228DF8042023788DF80530638879
:100C9000ADF80730CDF8095001A90B4810F0AAFBB8
:100CA00044B070BD2B78122BEBD1A87A800011F0E4
:100CB00041FE06460028E4D0AA7A9200696810F046
:100CC000CBF86E60DDE700BF9C0000200378052BA9
:100CD00000D0704730B583B004460DF1060180881E
:100CE0000DF0D5FEBDF8060011F024FE0546E0B17A
:100CF0000146A088FBF724F8BDF806102846F2F755
:100D00000DFFBDF8060011F015FE044668B1BDF8F0
:100D10000620294610F0A0F8054ABDF80610204626
:100D2000FDF70EFD284611F009FE03B030BD00BFEF
:100D3000AD290401037A4BB3428803889A421ED33B
:100D4000C188B0F804C08C4519D8052B17D9B2F565
:100D5000486F14D8B1F5FA7F11D20F4B1B680122EE
:100D600083F82A2002881A8442885A8482889A84C6
:100D7000C288DA84027A83F8282000207047064B64
:100D80001B68002283F82A2003207047024B1B684F
:100D9000002083F82A0070473C67022080B310B41B
:100DA0008446134610F0010407D01CF8010B02EB37
:100DB000002262F30F03013989B24A08501E80B243
:100DC000E2B101300CEB40003CF8022B13448445A7
:100DD000FAD111F0010F1CBF02789B181A0C12FAFD
:100DE00083F303EB13439BB21CB11A0A42EA0323B9
:100DF0009BB2DB4398B25DF8044B70476046E8E76E
:100E00000020704770B5154B1B68A3B1144B1B68CD
:100E10008BB10024114E124D03E001342B68A34224
:100E200009D9336853F824000028F6D000220221A3
:100E300002F049FDF1E70B4B1868084CC3682168C4
:100E4000984700232360064A1360074B186820B1B7
:100E500011F0E8F9044B00221A6070BDE86B022023
:100E6000D86B0220DC6B0220D46B022038B504461C
:100E700015460A6A42F008020A62086982890E3A37
:100E800082818C620022012005F07EFF05B938BD09
:100E9000012010F0E6F80146B4F85A3043F0100390
:100EA000A4F85A30094A136801331360084C238BA5
:100EB00043F001032383012010F07EFA0022012178
:100EC00004F110000EF05CFEE1E700BF346C02207C
:100ED000A05B022038B505460C46154B1B7843B184
:100EE000FDB90CB3134B93F900305BB14FF0FF30F9
:100EF00038BD11480FF010FD01280FD10C4B012215
:100F00001A70EDE7A0680B4B986062685A60022186
:100F100019705368216898470020E9E74FF0FF30C7
:100F2000E6E74FF0FF30E3E74FF0FF30E0E700BFC8
:100F3000A56D0220C06A02206C6C022058BB0EB462
:100F400010B583B0144B93F9003043B1124B5B687A
:100F50002BB14FF0FF31114810F010FD20B903B054
:100F6000BDE8104003B0704706AB0193059AC82155
:100F70000B4801F087FE431EC62B08D80849002302
:100F80000B54054B5A68546902469868A0470348B9
:100F90000FF0CEFCE3E77047C06A02206C6C0220C1
:100FA000F85F02202DE9F0430F1F3B46042F28BFB6
:100FB000042347B305460E460024204605F1FF38BA
:100FC000E118002B1DDD08EB040E6A182B441944B0
:100FD0004FF0000C12F8013B1EF8019F83EA090351
:100FE0004CEA030C8A42F5D1BCF1000F08BF032084
:100FF0000434331B042B28BF0423A742E0D8BDE8E8
:10100000F0830320F4E70020F9E700BF70B50E4637
:10101000054638B103F02CFC0446C0B90146012056
:101020000BF02CFE284607F037FC044678B9104B2D
:1010300019680A786DB922F001020A70186800F583
:10104000DA70F1F707F9214620460BF017FE20462B
:1010500070BD42F001020A70002EF8D0186842F20A
:101060001071714300F5DA70EDF730FDEFE700BF66
:10107000D4010020CD240401592804015928040179
:101080005928040159280401CD240401CD24040168
:101090005928040159280401592804015928040138
:1010A0005928040159280401592804015928040128
:1010B00059280401592804014DD702010F77030173
:1010C000CD240401CD240401CD24040159280401B8
:1010D00059280401592804015928040170B5164DF6
:1010E0002E68B3682C463BB12268D37873B113489D
:1010F000FDF7F8FF002070BD512011F021FD2B6895
:10110000B0609B68002BEFD10220F4E792680220C8
:1011100082F850300BF012FF054658B920681030A5
:10112000F1F798F82368064883F82850BDE8704026
:1011300010F0BEBE0720DEE7DC020020188C0301A1
:10114000E5F00201010000002D0203010300000090
:10115000191C0301050000007BE0010107000000ED
:101160003D690201090000007D3001010B00000013
:101170003DBE03010D0000006DBE03011100000023
:1011800085200201130000004750030117000000F2
:10119000BDE7020119000000DD6103011B00000032
:1011A000D98002011D000000D9800201F8B5002697
:1011B0000E70C3885A1E0D2A05460F4603D8BDE897
:1011C000F840F2F733BF103B072B03D8BDE8F840D7
:1011D000E5F734BA4FF4827011F0B2FC0446B8B1AE
:1011E000A8880AF0F3FF90B1AB7AC3740A23237086
:1011F000AB88A380EB88E380AB7A23722B89638171
:10120000204604210CF014FD01233B703046F8BD4C
:101210008020FCE773B50546044600F12006A3696B
:101220002BB301AA694618880AF038FEE0B1A36919
:10123000194631F8042B032A1CD05A88009B5868A1
:101240000FF00AFE009BA2699B6852881A80009BDF
:101250009B7B9B0605D5A169284631F8042BFAF73C
:1012600059FFA06911F06EFC0434B442D7D10020BC
:1012700002B070BD98780BF04FFAE8E737B5044636
:10128000008911F049FC38B32089E5680AF09EFF17
:10129000044618B32B78132B08D1C37C122B1FD113
:1012A00005F029FB00B9E07403B030BD172B0BD15A
:1012B000C37C162B14D1A988EB886A88009105F1AC
:1012C000080100F03FFDEDE7192B09D1C37C182B75
:1012D00006D103F0E1FEE5E70420E5E70320E3E7BC
:1012E0000120E1E7202837B5054628D80EF086FE14
:1012F000144A042D98BF136812689DBF1B68B3FA87
:1013000083F35B09012302EBC302146844B1216833
:10131000116001B952601BB1237943F0400323717E
:101320000DF0ACF944B9084B009301950523224612
:101330000321EF20F1F70EFC204603B030BD00245E
:10134000FAE700BF146D02201016040100B593B037
:1013500041F20303ADF8003090F8F2308DF804103C
:101360006FF3000380F8F2300388ADF80630A9B9B6
:1013700090F8E230112B01D0032B02D1D0F8B43118
:101380000BB9D0F8B8319A8A1B690293ADF80C20DA
:10139000684609F057FF13B05DF804FBD0F8B4318C
:1013A0005A88ADF808209A88ADF80A20DB88ADF895
:1013B0000C30EDE725292DD8DFE801F01313132CAD
:1013C0001F2C13132C132C1313132C2C13132C134B
:1013D0002C132C13132C2C2C2C2C132C2C2C2C2CB1
:1013E000131390F8F2305A0714D56FF3820380F884
:1013F000F23000F5B070F0F72DBFC37D53B990F80F
:10140000F230054943F0040380F8F23000F5B07083
:10141000EDF75CBB704700BF005A620230B5164D55
:101420008BB0042107202C68FDF734FC2B68206466
:101430001A6CFAB1114951601A6C13681A60104A9B
:101440000992002448F6B802CDE90422CDE9064409
:101450004FF440622968009203941B680893483156
:101460006846EEF701FF2B68986CECF72FFF2046DB
:101470000BB030BD0720FBE770020020798103012B
:101480009174030170B50E4690F8371040F2E243B4
:1014900004464B43B2B12033C0F88C3000252046BF
:1014A00001F0D0FA4FF49C73B0FBF3F203FB12038C
:1014B000C4E92032E37D73B9023664232667C4F899
:1014C0008C3070BD058F03F282230035C0F88C305C
:1014D00018BF0125E3E7D4F88C3040F27222761B66
:1014E00002FB05352667C4F88C50EAE7F8B5184EBC
:1014F00090F8503032684433044652F8337007BBDA
:101500000AF01CFE0546846006F09EFC2F6094F8ED
:101510005020336803EBC202D2F824226A6094F8A8
:10152000502003EBC203D3F824321D6094F85020FE
:10153000336803EBC203C3F82452BDE8F8400CF053
:1015400087BABB689C4201D03F68D8E7F8BD00BFAE
:10155000CC02002010B5184A047802F5845359696A
:1015600064F30F2159615969447864F31741596153
:101570005969847864F31F61596102F58453C47812
:10158000996964F3070199619969047964F30F21FA
:1015900099619969447964F31741996199698479EA
:1015A00064F31F61996102F58453C1799A8B61F3E9
:1015B00007029A8310BD00BF002401412DE9F047C6
:1015C0009A46174B1C6814F80B6B074688469146E1
:1015D000002500BF26FA05F3DB0717D5237803F0B3
:1015E0000103BB4212D106224146601C0DF04EFCA5
:1015F00060B910224946E01D0DF048FC30B91022B8
:10160000514604F117000DF041FC38B10135082DA9
:1016100004F12704DED10020BDE8F0870120FBE7BC
:10162000E80200204741503A457674207263762CD8
:101630006E6F20617661696C20636F6E6E2C20681E
:10164000646C3D3078253034782C2065767449649C
:101650003D307825303278004741503A4576742045
:101660007263762C6E6F206672656520636F6E6E96
:101670002C2068646C3D3078253034782C206576D9
:0B1680007449643D307825303278005A
:10168C0029B38C46096829B338B390F8421011F08D
:10169C00400F02D16FF00500704700B583B06BB1FD
:1016AC0090F8433013F0100F1AD100920123021D51
:1016BC006146EFF74FFE03B05DF804FB6146F9F7A6
:1016CC00BDF800280CBF4FF0FF300220F3E76FF09D
:1016DC00040070476FF0040070476FF0050070470E
:1016EC006FF00700E7E72DE9F041074690B20E4690
:1016FC0015469846FFF7F0FD044628B30279C680DC
:10170C00330E63F30202330C0271437125B12A4686
:10171C00414608300FF09AFB032F15D8DFE807F08D
:10172C0002080C1020460AF043FC0020BDE8F081B2
:10173C00204605F08BFCF8E720460AF051FCF4E754
:10174C00204605F0A7FCF0E71F20EFE7F8B50E46A2
:10175C0017461D460BF0D6FB044640B390F85230AA
:10176C003B700020012E28700BD194F859302BB906
:10177C0094F858301BB902232B700020F8BD0123BC
:10178C00FAE7022E08D194F85930002BF0D094F8D7
:10179C005630002BF2D1EEE7032EEFD194F85930EE
:1017AC00002BE5D094F85730002BE4D0EFE7032062
:1017BC00E4E7FEE7174B1A68037B03EBC30102EB6C
:1017CC008101896B03EBC30302EB830292F8402087
:1017DC00EAB110B504460B4601EB820153F8042B19
:1017EC00127912F0010F03D18B42F7D1002010BDFA
:1017FC0023685A88198820890DF021FA072801D00E
:10180C000120F4E7236804225A710120EFE700203D
:10181C00704700BF6C6B022010B50446838B33B14C
:10182C00012B0ED06FF00B010BF03CFE10BD002114
:10183C0009F01CF90028F9D0022363830123A38348
:10184C00F4E70DF02FF90028F0D094F93530002B87
:10185C0004DB002120460BF025FEE7E70BF0EEFF42
:10186C00E36A984204D2022363830023A383DDE757
:10187C006FF0030120460BF015FED7E735AF0201E0
:10188C0095EF0301B51204014906040139C903019E
:10189C00D136020145E1030175EF030155EF030158
:1018AC00D9D403010DC9030165920201BD91030155
:1018BC00C9AC0301D9840301696C03019151030183
:1018CC0099840301E1C8030121E1030189C60201E6
:1018DC0051D80201711B0401811B04015D03040139
:1018EC0038B505460C468B7B012B0AD0022B1AD03F
:1018FC0040F25742124900200CF042FC0723A3731C
:10190C0038BDC06810F04EF90028F9D1A288E188E2
:10191C00E8680BF02BFE637B13F0010F14BF06235A
:10192C000223A373ECE7C06810F03CF90028E7D160
:10193C00E86810F04FFFA0600623A373E0E700BF38
:10194C00D818040138B504460D46FEF781FD034650
:10195C0058B11A7812F0010F0EBF42F003021A7838
:10196C0022F002021A70184638BD616AE268914290
:10197C00F9D1A269002AF6D02046904703460028E8
:10198C00F1D0027812F0010F06D0027822F0010299
:10199C000270636A013B636229462046FEF758FDDC
:1019AC0003460028D5D1DEE770B504464668032906
:1019BC000AD003681B6810493046984723681B6897
:1019CC000E493046984770BD1546506807F0C2FC6A
:1019DC0060B1A96807F0A0FC23681B680849094A94
:1019EC00002818BF114630469847ECE723681B685F
:1019FC00054930469847E6E7C0100001E8100001A1
:101A0C00A810000194100001180F000170B50446D5
:101A1C000D46154E30460DF097FB336803B3A342C9
:101A2C0011D01B68B3B19C42FBD11A7A003A18BF93
:101A3C000122AA4216D045B10C490A6801320A604B
:101A4C001D72012407E02346EFE708490A68013AB2
:101A5C000A60F5E7002404480EF070F8204670BDCB
:101A6C000024F8E70024F6E7B0690220F46B0220AA
:101A7C00F8B505460E460161B1F8581081828275A1
:101A8C00C375134CA4F16C070C3CA368284698470B
:101A9C00BC42F9D131460120F9F7CEFC306D10B1C2
:101AAC00736C1B6A9847F06C10B1736CDB689847C9
:101ABC0000233365F36496F8422063F3861286F8AC
:101ACC00422096F8432063F3861286F84320F8BD33
:101ADC0080060301D0B138B5044690F8423013F0BB
:101AEC00400F15D1002038BD012211462046FAF7CF
:101AFC00ADF903220121204605F0E0FD00231A4632
:101B0C000E212046EEF732FD0120ECE70020704755
:101B1C00084B1D6865B1204610F077FB682303FB6A
:101B2C00005595F8603013F0010FDDD10120DAE794
:101B3C000020D8E7586C0220014B18700020704729
:101B4C009F570220EFF30980BFF36F8F154B1A6874
:101B5C001EF0100F08BF20ED108A20E9F04F106026
:101B6C002DE909004FF0200080F31188BFF34F8F4F
:101B7C00BFF36F8FF6F7FCF84FF0000080F311887D
:101B8C0009BC19680868B0E8F04F1EF0100F08BFC8
:101B9C00B0EC108A80F30988BFF36F8F704700BFD9
:101BAC00AFF30080E06C0220F8B50F46164610F03B
:101BBC00D3FE00EB800000EB800010F0EFFD1EB3B5
:101BCC007D1E3E44013EC7F1010701E0B5421BD02A
:101BDC007C190FF06BF94342C0B2DBB258BF5842CC
:101BEC0005F8010F634204F0070403F0070358BF24
:101BFC005C42072CEAD110F0AFFE00EB800000EB4A
:101C0C00800010F0CBFDE1E70020F8BD73B50E4667
:101C1C0002210446154609F00FFDF0B904F15C00F1
:101C2C00F0F712FB032E18D1691C0DF1060010F011
:101C3C00DDFCBDF80630172B11D81723A3804FF409
:101C4C00827010F077FF40B10E22027022888280E1
:101C5C00A288C28004210BF0E5FF02B070BD034ADC
:101C6C005288934228BF1346E8E700BFE0010020EA
:101C7C0038B5124C23680546F3B1114904200EF017
:101C8C007DFF01200F4910F053FD2368002403F160
:101C9C00100203F1300000BF52F8041B01B18C6438
:101CAC008242F9D1084AF72115805180074A9A607F
:101CBC00074ADA60002038BD0120FCE7E002002072
:101CCC0051170401D4CC0301E001002089D9030190
:101CDC0035F4030170B5174B1B681E6801250EB94E
:101CEC00284670BD7468D4E90113187810F02AF8EE
:101CFC00F289B1890132521A92B2234604EB0212D4
:101D0C009A4201D13668EAE7D97B11F0440F01D031
:101D1C0010280CD011F0660F07D1012D03D111F052
:101D2C00880F18BF02251033EAE70325FBE70425CB
:101D3C00D6E700BFE40100202DE9F7435D1DADB2ED
:101D4C0007462846884691461E4610F0A5FE0446D6
:101D5C0010B300F11003172101A8019310F04CFCF3
:101D6C00494601A810F04EFCBDF8281001A810F04F
:101D7C0049FC3246414601980FF068F82946224644
:101D8C0038460DF04BFE054610B1204610F0C2FE51
:101D9C00284603B0BDE8F0830225F9E7F0B50E46FE
:101DAC008BB00968CDF80E107168CDF8121007468B
:101DBC005968ADF80C0018681288ADF8162006ACFE
:101DCC0003C49868D96803C431463846F2F7A0FBBF
:101DDC000DF10B03019303AB8DF80B000093002264
:101DEC001C2342F2190140F201100AF0AFFF9DF8DA
:101DFC000B20024B33F812000BB0F0BD8ECF02015A
:101E0C00F0B58BB003AE0C4607460496FBF746FACA
:101E1C000546014604A810F0EFFB394604A810F063
:101E2C00F1FB2368CDF816306368CDF81A30A3683F
:101E3C00CDF81E30E368CDF8223005AB0093019647
:101E4C001223032242F21A0140F20110ADF8147071
:101E5C000AF07CFF024B33F815000BB0F0BD00BF4D
:101E6C008ECF02012DE9F04100F1200694B00D4611
:101E7C000A4631468046EDF7B3FC03AC20278DF8BB
:101E8C000B003A46414620460EF0E0FF3A463146FA
:101E9C000BA80EF0DBFF0DF10B03CDE90043012283
:101EAC00412342F2260140F201108DF84C500AF009
:101EBC004DFF9DF80B20034B33F8120014B0BDE816
:101ECC00F08100BF8ECF02012DE9F3418046174609
:101EDC001C460AF025F8064618B32379A4F80680A8
:101EEC0023F00F0343F0020323716781204610F0A7
:101EFC0031FE054658B908F500510C3401900246E4
:101F0C0000943B4689B24FF481700AF01FFF064BD8
:101F1C0033F8150010B9B3780133B37002B0BDE8D3
:101F2C00F0814FF48170F9E7701D0401144B70B50A
:101F3C004FF00072134C144EC3F8842123681BB964
:101F4C00BDE870400EF062BE0EF052F825682B68AA
:101F5C00236003B964600CF08BFB01236A79337046
:101F6C000A4B284653F82230984795F90430002B39
:101F7C0002DB284609F0AAF800233370DEE700BF25
:101F8C0000E100E018020020AA6D0220346B022050
:101F9C0030B585B0154B0093CDE9010105460C46D3
:101FAC00EC20012302224F21F0F7CEFD28460CF045
:101FBC00EBFCA8B1006890F8E430112B12D121464B
:101FCC000CF01CFC80B90724094B009301940123ED
:101FDC000022FF21EC20F0F7B7FD204605B030BD04
:101FEC000224F1E70C24EFE70024F6E70CB7030119
:101FFC00BADA03017FB5164B0093CDE90101054612
:10200C000C46EC20012302225A21F0F79DFD2846B4
:10201C000CF0BAFC88B10668214630460EF077FA0F
:10202C00054658B9A6F854416408A6F856413046FE
:10203C0007F084FF284604B070BD0225054B0093C1
:10204C00019501230022FF21EC20F0F77DFDF1E743
:10205C003EB70301BADA030170B58CB0134B0B9386
:10206C0000230993124E079103F271230693012367
:10207C00029331680F4B08901B680A9305463C315C
:10208C0002A8EEF7EBF8044618B93368D86BECF7F6
:10209C0017F9094B0093019501230222D421EC205E
:1020AC00F0F752FD20460CB070BD00BFE15B0301A0
:1020BC00380300203C030020A018040113B50C4683
:1020CC000CF062FC28B3036893F84020227093F85C
:1020DC004120627093F84220A27093F84320E27082
:1020EC0093F84430237100240B4B009302220123FC
:1020FC003521EC20F0F728FD44B1084B00930194F6
:10210C0001230022FD21EC20F0F71EFD204602B039
:10211C0010BD0224E8E700BFF1EE030102EF03015A
:10212C002DE9F0410646174600EBC205B94227DA05
:10213C00D5F800C04C1E06EBC1031868A0EB0C02CE
:10214C00520209D5013406EBC402D2E9008E1060AC
:10215C0058685060C3E9008E08339D42EDD1631C72
:10216C0006EBC303D3E9000C2A681A606A685A604C
:10217C00C5E9000C22463046FFF7D2FFA11CD5E77B
:10218C00BDE8F081F0B5054685B011200E4610F083
:10219C0083FC044630B300F11003032103A803931E
:1021AC0010F02AFA039A3368136073685360B368AB
:1021BC009360F368D3600627009700232246112111
:1021CC00288809F020FA064640B9EB7823B9052394
:1021DC00AB70304605B0F0BDAF70FAE7204610F09A
:1021EC0099FCF6E70226F4E74C32433A4576742024
:1021FC007263762C6E6F206672656520636F6E6EEF
:10220C002068646C3D3078253034782C65767449C0
:10221C00643D307825303278004C32433A45767440
:10222C00207263762C6E6F20617661696C20636F0F
:10223C006E6E2C68646C3D3078253034782C657665
:10224C007449643D30782530327800534D503A450E
:10225C007674207263762C6E6F20667265652063CF
:10226C006F6E6E2068646C3D3078253034782C6548
:10227C00767449643D30782530327800534D503AAD
:10228C00457674207263762C6E6F20617661696C72
:10229C0020636F6E6E2C68646C3D3078253034781A
:1022AC002C65767449643D3078253032780010B551
:1022BC00038C418C8468226913F0080F08BF22F04C
:1022CC00010211F4405F08BF22F0080213F4C04F62
:1022DC0008BF22F0100213F4C05F08BF22F02002E6
:1022EC0003F4A04C01F4807E5CEA0E0C08BF22F0D3
:1022FC00020203F4205301F080010B4308BF22F0CB
:10230C0004022261836A1A8000210BF0CBF810BD05
:10231C0001B370B582B014461D460E460B68E3B18E
:10232C00F2B10CF061FF8446E8B1002365F30F03B2
:10233C0090F8432012F0100F02D013F4805F15D0E8
:10234C00002300932B46224631466046EFF702F8F5
:10235C0002B070BD6FF0040070476FF00400F7E737
:10236C006FF00400F4E76FF00500F1E76FF0070081
:10237C00EEE738B5D5F7E1FD0446D4F725F8ACB94E
:10238C0000B938BD01200EF066FE0546012008F0AC
:10239C00B7FE0446294601200FF008F8002CF0D0B7
:1023AC00012C13D10120D4F733F80FE001200EF0EB
:1023BC0052FE0546012008F0A3FE044629460120E2
:1023CC000EF0F4FF002CDCD0D5F7BEFD002008F099
:1023DC0097FED6E773B5047A04B3C5680023E91FEA
:1023EC00DAB294421FD808F0D9F800262B780033C3
:1023FC0018BF01238DF800302B46013653F8012FFE
:10240C00CDF801209B88ADF805306846F6B207F090
:10241C0053FAB44205F10705E8D101E008F0BEF823
:10242C00002002B070BD0133C3EBC3028A5C032AE7
:10243C00D6D90320F5E7434D443A53657450617483
:10244C00684C6F73735265706F7274696E6750610C
:10245C0072616D2C48646C3D307825782C68696706
:10246C006854687265733D25642C6869676848799F
:10247C0073743D25642C6C6F7754687265733D25BD
:10248C00642C6C6F77487973743D25642C6D696E80
:10249C0054696D653D25640010B50446838B012B92
:1024AC000BD0022B18D013BB022108F0DFFA10B3AB
:1024BC00022363830123A3831DE00CF0F3FAD0B154
:1024CC00A38EA4F844300321204608F0CFFA90B133
:1024DC0002236383A3830EE00CF0E4FA58B1A38EBD
:1024EC00A4F84630032363830023A38303E06FF037
:1024FC000B010AF0D7FF10BD2DE9F0410C46144931
:10250C0081421CD10BB12D211960E4B117462D2A43
:10251C0028BF2D27CAB100260E4DDFF834802422A7
:10252C002946204610F034F96B6A404698476062A1
:10253C00283428350136B742F1D8002001E06FF07D
:10254C000500BDE8F0810020FBE70020F9E700BFA3
:10255C0030710220706C0001154B1B68002B00DCE5
:10256C00704730B597B00446124B1D6801A9B5F9F8
:10257C002400F5F7A5FA18B12369139A9A4204D0EE
:10258C00A37D022B07D017B030BD0121B5F9240073
:10259C00F6F7B2FEF4E7064A1368013B1360002B12
:1025AC00F1D1284609F0B5FF024B00221A60EAE788
:1025BC00406C0220446C0220164B1B680BB310B508
:1025CC000C4600B3012902D0022918BF032401468E
:1025DC001868FEF7D7FA0346B8B1028812F0800FDC
:1025EC0015D090F82A20144014F0010F14BF90F865
:1025FC002600002014F0020F0AD093F8273018445C
:10260C0006E000207047002002E0002000E00020DF
:10261C0010BD00BF446C02204B68052B23DD0B68FA
:10262C005A7812F0030F21D1032A22D990F8602096
:10263C0012F0040F14D1D3F80220026490F8642035
:10264C0042F0080280F864205A78072A08D9D3F897
:10265C000620426490F8642042F0100280F8642056
:10266C005878023070474FF0FF3070474FF0FF3012
:10267C0070474FF0FF30704770B5B0B1044690F81A
:10268C00423013F0400F14D10025284670BD0121B3
:10269C0020460EF07CFC05460028F6D00023736320
:1026AC0001212046F8F714F9EFE70025EDE70025A6
:1026BC00EBE7084B1E68002EF9D020460FF0A5FD65
:1026CC00682303FB006696F8603013F0010FDED030
:1026DC000125DAE7586C022038B5164B9B8823B3DA
:1026EC000C4638B10CF080FD08B3B0F85830012519
:1026FC009D4002E001259D40013D00200EF0ABFC09
:10270C00014624B1022C18BF01240A4B1C72094A41
:10271C00D3682B43D36000200EF048FE032208211F
:10272C00002006F0ADFE012000E0002038BD0020A6
:10273C00FCE700BF3868022038B500890AF0E2FBDC
:10274C00044610B90125284638BDC36D002BF9D1BC
:10275C00C378E3B9F4F772FB0028F3D1E36DA27AE6
:10276C0083F858212346E26D53F8041FC2F859111F
:10277C009B88A2F85D312046F9F7BEF90546002882
:10278C00E1D1044904F16000ECF79AF9DBE702F0BF
:10279C00B5FAF3E7A064D101020000004D66020116
:1027AC0004000000D5B80101060000002DCC010189
:1027BC0008000000C52101010A000000AD4E020115
:1027CC000C000000E11B020110000000E16E010191
:1027DC0012000000F52904015200000071150401DB
:1027EC00160000007DA60101180000007D3E0201CC
:1027FC001E000000C5FD020170B5164D00242B68AB
:10280C0003EB84031A6992B1D17881B10126567217
:10281C001B69188810F07AF948B1221D2B6853F8FF
:10282C00223031464FF6FF72187800F0F1FD01347A
:10283C00082CE4D14FF4827010F07CF940B11022D6
:10284C000270002282800122827104210BF0EAF9CD
:10285C00002070BDE0020020F0B589B006AD164630
:10286C000F46ADF80E000595FBF72CFD044601460E
:10287C0005A80FF0C1FEBDF80E1005A80FF0C2FEA2
:10288C00397805A80FF0B8FE317805A80FF0B4FE22
:10289C000DF10E03009301950223052242F2300143
:1028AC0040F201100AF052FA024B33F8140009B04E
:1028BC00F0BD00BF8ECF020173B50C4616461D4607
:1028CC000CF062F8F8B1611EC9B200680EF0DAF9CA
:1028DC000E4B307093F901302B7000240C4B00938D
:1028EC00022201235221EC20F0F72EF944B1094BBE
:1028FC000093019401230022FD21EC20F0F724F930
:10290C00204602B070BD0224E8E700BFEE020020B2
:10291C002BC8030148C8030113B5154B019004469D
:10292C000093EC20012302228021F0F70DF92046C0
:10293C000CF02AF8A8B1006890F8E430213B012B88
:10294C0011D80BF0F7F880B907240A4B00930194C7
:10295C0001230022FF21EC20F0F7F6F8204602B00C
:10296C0010BD0224F1E70C24EFE70024F6E700BFCA
:10297C00A400040161DD0301BD1A3CCDA6B8995831
:10298C0099B740EB7B60FF4A503F10D2E3B3C97458
:10299C00385FC5A3D4F6493FE69D350E480103CCFC
:1029AC00DBFDF4AC1191F4EFB9A5F9E9A7832C5E2A
:1029BC002CBE97F2D203B0208BD28915D08E1C740A
:1029CC002430ED8FC24563765C15525ABF9A326340
:1029DC006DEB2A65499C80DC10B5144C226892F88A
:1029EC00383013B304281AD01149096891F904102E
:1029FC0000291ADAFF2812D1002382F838300D484A
:102A0C00EFF722FC22681378D9060ED56FF3041366
:102A1C0013702368BDE81040D86BF6F7FDBD013B81
:102A2C00DBB282F83830002BE9D010BD380300201F
:102A3C00700200205C03002038B50146C07D30B325
:102A4C0091F82A000EF04EF9114B1B680246187BC8
:102A5C000EF048F94D8F1044684340F2E24404FBF9
:102A6C0000F20C4CB2FBF4F004FB102404B1013066
:102A7C004B7E212B40F2712303FB05F308BF00F2C0
:102A8C008D10A3F19602904228BFA3F1970038BD98
:102A9C007002002040420F00F8B5164D90F85020FF
:102AAC0029684432064651F8324004B9F8BD05F0A5
:102ABC00C5F927680AF0C6FFA3689E4217D105F036
:102ACC00BDF9D4E9003253B15A60D4E900231A603D
:102ADC000AF0B8FF2046BDE8F84007F037B896F882
:102AEC0050102B6803EBC103C3F82422EDE73C46DE
:102AFC00DBE700BFCC02002073B5C36D0446A3B95D
:102B0C004388012B11D101910DF1030001A90FF0A4
:102B1C00BBFB104B9DF803501B689B793BB12B07FB
:102B2C0005D403212046F8F79FFF02B070BD0126A3
:102B3C0084F8545084F8556008200FF0FBFF0146D0
:102B4C000028F2D0067023888380857108200FF04E
:102B5C00A0FEEAE7DC02002070B504460CF094FD00
:102B6C0001460546204603F021FD04F1170304F14C
:102B7C00270200BF13F8011BC9B99342FAD10122F5
:102B8C000C4E33682B442046DA7005F0CDFA272220
:102B9C0030680B2312FB0533184421460EF056F90E
:102BAC0032680123AB4015781D43157070BD0022AF
:102BBC00E6E700BFE802002037B50468A36F1B04EA
:102BCC0005461AD405F03AF9A36F43F40043A36702
:102BDC000AF038FFD4E9241320465B1AD9B20FF05F
:102BEC0079F9D4F8903001955B1AC4F8903004222E
:102BFC0001AB08490120FEF776FD237D3BB105F0C2
:102C0C001DF9A36F43F08063A3670AF01BFF03B0A9
:102C1C0030BD00BFA104010111F0FF0170B50446E5
:102C2C001FD003469A0718461FD14FF001354D436C
:102C3C00186880EA0506A0F1013222EA0002A6F12A
:102C4C00013020EA0600024312F0803F1C4603F1DB
:102C5C000403EDD0204614F8013B2BB18B42F9D183
:102C6C0002E00EF0FFF8204470BD13F8012B002A8F
:102C7C00FAD08A42D6D1F7E7F0B59BB004460D46A0
:102C8C00164600214C2207A81F460EF097FD4FF068
:102C9C00FF324FF48173CDE9022304B901ACCDE9C5
:102CAC00044555B16B1E002D069308DA094B4F22D3
:102CBC001A604FF0FF301BB0F0BD2B46F3E71CBF82
:102CCC00002323703A46314602A8CDE907440DF0A3
:102CDC00DFFAF0E77C6D022010B588B004461822AC
:102CEC00002102A80EF06AFD0DF1020101A80AF004
:102CFC0059F8BDF80220019B110423F07043019395
:102D0C0048BF03F1FF3304939DF8083058BFADF86A
:102D1C000C2023F00C0348BF02F2E24243F00C03F8
:102D2C0002A9204648BFADF80C208DF808300FF0F2
:102D3C00CEFA08B010BD70B540B300200BF062FCA9
:102D4C00064601200BF05EFC054602200BF05AFCF7
:102D5C0004464FF6FF71002005F02CF84FF6FF717A
:102D6C00012005F027F84FF6FF71022005F022F83C
:102D7C00314600200BF058FC294601200BF054FC86
:102D8C0021460220BDE870400BF04EBC04460546BF
:102D9C000646DEE738B5C16D91F82C3091F8E85055
:102DAC0004461D4091F8E90091F82D301840E37865
:102DBC00CBB9EA310AF00EFFE16D2E3128460AF04C
:102DCC0009FF94F857306BB1E26D92F8EA3023F0BA
:102DDC00030382F8EA30E26D92F82E3023F00303FD
:102DEC0082F82E3038BD2E310AF0F4FEE16DEA3156
:102DFC00E4E710B504460BF055FE18B3A38EA26899
:102E0C00126912F0010F0BD012F0080F1BD0C2F395
:102E1C004001490312F0040F0CD041F4805109E039
:102E2C0012F0080F11D012F0020F0CBF4FF48051AA
:102E3C004FF400510B4063840023E363042363834A
:102E4C000323A38310BD0021F4E70021F2E77047B0
:102E5C0090F89C3033B330B54FF0000C634601252D
:102E6C00114C07E001330CF1140C90F89CE0DAB231
:102E7C00964516D921FA03F212F0010FF2D0D0F8D0
:102E8C009820624492F91220002AEBDB4FEA521E82
:102E9C0002F01F0205FA02F20EF1600E44F82E2029
:102EAC00E0E730BD704700BF00E100E038B5154BDE
:102EBC0083421ED10C4693F91430022B1CD1F1B174
:102ECC00104D284607F01EF90323E38001232372DB
:102EDC0040F2DC53638195F8B130237395F8B2302E
:102EEC00637395F8B330A37395F8B830E37300208F
:102EFC0001E06FF0050038BD6FF00100FBE700202A
:102F0C00F9E700BF3071022038B505460C468B7BC3
:102F1C00012B0AD0022B1BD04FF48F6210490020DA
:102F2C000BF02EF90723A37338BDC0680EF03AFEE0
:102F3C000028F9D12389A288E188E8680AF07AF898
:102F4C00637B13F0010F14BF06230223A373EBE77B
:102F5C00C0680EF027FE0028E6D10623A373E3E732
:102F6C002C18040170B50C4615460AF013FB08B377
:102F7C00064690F85C30012B1ED190F83C3013F0D3
:102F8C00030F1BD1012C0AD0022C01D0002014E01D
:102F9C0028460CF080FC034618B900200DE04FF0D9
:102FAC00FF33736196F83D3043F0010386F83D30F2
:102FBC00012002E0002000E0002070BD0020FCE7B2
:102FCC002DE9F04182B01446D8B1884605460DF083
:102FDC0049FF0646C8B1104F00233B60424601A989
:102FEC0028460EF009FC02463B6893B9019B5B1B1B
:102FFC00981B18BF4FF0FF3004B1226002B0BDE83F
:10300C00F08100224FF0FF30F6E702464FF0FF3020
:10301C00F2E74FF0FF30EFE77C6D02202DE9F04135
:10302C0082B01446D8B1884605460DF01BFF064603
:10303C00C8B1104F00233B60424601A928460EF050
:10304C00E5FB02463B6893B9019B5B1B981B18BFC1
:10305C004FF0FF3004B1226002B0BDE8F0810022D5
:10306C004FF0FF30F6E700224FF0FF30F2E74FF061
:10307C00FF30EFE77C6D022008B590F87130012B22
:10308C0021D1C36B13B94FF0FF301EE0C38F828F79
:10309C001344B0F85C201344B0F85E205340A0F801
:1030AC006E30002380F87230094B1B689B08C36498
:1030BC0001220221D4F7E4FF40B10028D4BF4FF025
:1030CC00FF30012001E04FF0FF3008BD0020FCE78D
:1030DC00CC6B022030B585B0124B1C6884B10D4608
:1030EC00E8B100230193039302908DF80C100C238C
:1030FC0001AA21460C480AF006F8044600B115B99D
:10310C00204605B030BD084D28460CF01DF8074A86
:10311C0013680133136028460CF010FDF0E700240F
:10312C00EEE700BF086C0220B0690220F46B0220AD
:10313C0011B330B402460C6804B3124B1868124B2E
:10314C001988E9B100230FE090F842C01CF0400F41
:10315C0006D0456884EA050C85681CEA050F09D081
:10316C00703001338B4204D0002AEDD08242F7D16B
:10317C00EAE7002030BC7047084670470020F9E7AA
:10318C000020F7E73C6C0220686902208446144B4F
:10319C001868144B198829B1002309E000205DF848
:1031AC00044B704700207047703001338B4214D0B1
:1031BC0090F8422012F0400FF6D010B4DCF800204A
:1031CC0044689442EBD0703001338B42E6D090F8D7
:1031DC00422012F0400FF6D0F0E70020704700BFFD
:1031EC003C6C02206869022008B5154B9B7DD3B15D
:1031FC00134A137EDBB2927D12F0800F14D1104A69
:10320C00137EDBB2927D12F0010F02D013F0010F8E
:10321C0010D10B4A137EDBB2927D12F0040F02D058
:10322C0013F0040F09D108BD13F0800FE7D002F0A2
:10323C0037FFE4E7F4F79AFCEBE7F2F7D9FAF2E799
:10324C00000C00402DE9D04183B007460E461146D4
:10325C00984603B9F0B129B94FF0FF34204603B0BA
:10326C00BDE8D0810D4BD8684FF47A720023A0FBD7
:10327C00010109F07DF80146CDF8008033463A464D
:10328C000020F4F7C9FC0446B0F1FF3FE6D000F093
:10329C00FDFCE3E74FF0FF34E0E700BF406702209E
:1032AC00F0B58FB00F4615460646E0B1406908F000
:1032BC0047FD0446E4B16368EBB12422002105A864
:1032CC000EF07CFA0423019302960397049563682D
:1032DC00A26801A92068984710F1AE0F08BF6FF4DF
:1032EC0087700FB0F0BD002006F0F6F90446E1E758
:1032FC006FF48770F5E76FF48770F2E708B5114942
:10330C0001200EF007FD104B1A68D2F8BC3103F007
:10331C00F80343F4C06343F00103C2F8BC310B4B18
:10332C004FF0082119604FF4E061998000219971E8
:10333C00074BC2F87831074BC2F8FC31BDE80840A6
:10334C000EF01AB994FD0301D4010020146B022075
:10335C0061E4030195F3030130B5044689B000899B
:10336C000FF0D4FB10B3208908F02AFF0446D8B123
:10337C00F32380F84C300DF10D050D4B4364029393
:10338C004FF42051022328468DF80C300FF0D6FB59
:10339C0000959DF80C30BDF80A20BDF808102046A9
:1033AC00F9F7D0FB09B030BD0320FBE70420F9E7A7
:1033BC000100FFFF2DE9F341064680880F461446B5
:1033CC0098460FF069FB054600B300F11003414627
:1033DC0001A801930FF010F9B388013B9C4288BF00
:1033EC009CB224B12246394601980FF0ABFB611C0C
:1033FC002A4689B230460CF011FB044610B128461F
:10340C000FF088FB204602B0BDE8F0811124F9E7EB
:10341C00F8B50F46154608F0D3FE064600B3FA2061
:10342C000FF088FB0446E8B10F4B40F8043B3946DB
:10343C000FF084FB2946A01D0FF080FB1D2384F8A0
:10344C00F83021463088E5F70FFE054618B9737A37
:10345C0043F00203737220460FF06EFB2846F8BD52
:10346C000325FBE70225F9E71200040038B590F8B4
:10347C00E43004460D4633BB0C20F1F7B3FAC4F824
:10348C00B801B5F801300381D4F8B831B5F8032090
:10349C005A81D4F8B831B5F805209A80D4F8B831EF
:1034AC00B5F80720DA80D4F8B831FB221A8094F8EA
:1034BC00EE3013F0080FD4F8B83114BF44F2902258
:1034CC0040F648025A8038BD2DE9F84390F8B051C7
:1034DC000646894617469846EDB90C200FF02AFB94
:1034EC00044640B17FB138460FF024FBA06020B9F0
:1034FC0020460FF021FB072511E02560D6F8AC31F2
:10350C001C60C6F8AC4184F804903A464146A06869
:10351C000DF09CFC03E0022380F8B0310025284616
:10352C00BDE8F88313B5124B124C00930222012311
:10353C001C21EC20EFF708FB23689B6D984758B9CA
:10354C002368DB6D984738B923681B6E984718B908
:10355C00094B186002B010BD0C24084B0093EC20F2
:10356C00019401230022FF21EFF7EEFA2046F1E748
:10357C00A80C0401380200205C6D0220B20C04017E
:10358C0038B5044630B34FF0806190F850000AF023
:10359C00F9FA6378002523F0120363702046A580A6
:1035AC00FFF77AFA2046FAF7CDFE94F85330012B48
:1035BC00237808BF84F85350012B0BD1064B1B68A2
:1035CC00D3F8082232B9214694F85000BDE83840AF
:1035DC000FF065BA38BD00BFCC020020154B017846
:1035EC00D3F8B02F61F31742C3F8B02FD3F8B02F34
:1035FC00417861F31F62C3F8B02FD3F8B42F8178F0
:10360C0061F30702C3F8B42FD3F8B42FC17861F378
:10361C000F22C3F8B42F0179D3F8B42F61F31742FA
:10362C00C3F8B42F4179D3F8B42F61F31F62C3F8F8
:10363C00B42F704700240141144B024600681860F7
:10364C00918892799A7133F8042C998042F0020295
:10365C0023F8042C53F8080CC0F38070A3F577639F
:10366C0088B1D3F8943FC3F30263094A11680A780E
:10367C001944C97830B122FA03F010F0010018BFD8
:10368C0081F0010070470023EFE700BF7033014168
:10369C00E802002008B5134A136823F400731B04D6
:1036AC001B0C138078B900BF0BF02EFF6FF4E17385
:1036BC00C3189BB2942BF7D9A0F2134080B2942874
:1036CC00F2D9FCF793FA05F061FB074B1B6800225B
:1036DC005A63064A1B781168C3F3801363F34D31A8
:1036EC00116008BD243F01413803002038380141E6
:1036FC0010B544210620FBF7C7FA0F4B1860C0B178
:10370C000E4B43600E4C0F4B02680F491A60082099
:10371C000FF02CF805F05AFB3422002120460EF055
:10372C004DF80EF00FFF4730207004F041FD0020E3
:10373C0010BD0720FCE700BF3C030020F52502016B
:10374C0040030020380300208DC2030184B01FB554
:10375C0007AC84E80E000B46032809D8DFE800F01C
:10376C00020D141A0B9B009394E80F0008F0A0FDB7
:10377C0004B0BDE8104004B070470B9B009394E874
:10378C000F000AF08BFAF3E70022122118460DF015
:10379C0045FBEDE7039103AB042202490120FDF741
:1037AC00A2FFE5E71304010137B5144D2B6804465D
:1037BC0073B10BF0C9FF019001A80DF01DFD0F3086
:1037CC00019920F00F000DF065FB58B100232B6020
:1037DC00012C38BF01240F3434F00F0405D1084BF1
:1037EC000C221A60002003B030BD2046F9F766FFAA
:1037FC000028F8D040F8044CF5E700BF0074022014
:10380C007C6D02200E4A38B5002313600D4A0E4C15
:10381C0013600E4A0E4D13600E4A13600E4A13606D
:10382C000E4A53621361012393600FF0C9F90FF034
:10383C00C7F9AC4200D338BD54F8043B9847F8E7BD
:10384C00846D0220E465022034040001E06502204E
:10385C0038040001D8650220DC650220E8650220EE
:10386C00F8B590F89C303BB305460E46174600243D
:10387C000FE0D5F8983004EB840203EB820393F944
:10388C00120004F0C3FF013495F89CC0E3B29C45D0
:10389C0012D926FA04F313F0010FF4D0002FE8D05C
:1038AC00D5F8983004EB840203EB820393F91200F1
:1038BC0004F0ACFF3855E6E7F8BD70B504460D468C
:1038CC00164690F87030072B20D01AD9083BDBB283
:1038DC00012B08D823682361E360A3600022142124
:1038EC002046D4F7CDFB15F0030F05D094F88730A4
:1038FC0043F0010384F8873031462046E7F71AFD80
:10390C0070BD023BDBB2032BEDD8E3E711F0020FE5
:10391C00E9D1F5E7F7B5002407460E460C800546BD
:10392C00AB69EBB101AA6946188808F0B1FA38B94D
:10393C000634802057F824301B88338003B0F0BD48
:10394C00009A937B928913F0080FAB69598805D1C3
:10395C008A4205D01B8833800D20EFE78A42F9D3C9
:10396C000134082C05F10405DAD10020E6E77FB517
:10397C00064611200D460FF08FF8044610B300F1E7
:10398C001003042103A803930EF036FE039A2B6850
:10399C0013606B685360AB689360EB68D36006236D
:1039AC000093224600231121308807F02CFE054697
:1039BC0020B90823B370284604B070BD20460FF020
:1039CC00A9F8F8E70225F6E77FB5064611200D4663
:1039DC000FF062F8044610B300F110030D2103A898
:1039EC0003930EF009FE039A2B6813606B68536007
:1039FC00AB689360EB68D3600623009322460023E8
:103A0C001121308807F0FFFD054620B90C23B37057
:103A1C00284604B070BD20460FF07CF8F8E702256C
:103A2C00F6E70229501001002C050001F5E1000118
:103A3C00D5F003014FFF010151D50301850D0201A2
:103A4C00BDC90301B5F00301097A0301015E03014D
:103A5C007DB0000155750201197C0101E19902014B
:103A6C00B1550201B92E0301052503018152030151
:103A7C0075930101E5B00201DD120401012821D981
:103A8C0038B50D46144600220F4B03EB001009F01D
:103A9C0035FE15F4807F02D16CB1204638BD002074
:103AAC000DF0D9FA0146094A13680133136000205E
:103ABC000DF07CFCF0E70022294605480CF05AF882
:103ACC000120EBE700207047A05B0220186C02205D
:103ADC00B05B022070B5144B1D68FDB10446164650
:103AEC0039B1E8B190F8423013F0400F02D1002008
:103AFC0070BDB8B10121204608F0F4FC0028F7D0C5
:103B0C0094F8423043F0080384F84230012E03D07D
:103B1C00022EEDD1AC60EBE76C60E9E70020E7E743
:103B2C000020E5E70846E3E7446C02202DE9F0416C
:103B3C0004460F46164685684368ED1A40F24473F6
:103B4C000E4A0F49E843C00F03F0E0FFA846B54208
:103B5C0028BFB04617B1B8F1000F08D163684344D1
:103B6C006360B54234BF00200120BDE8F0814246BD
:103B7C00616838460DF06AF9F0E700BF30230401A4
:103B8C00A021000138B504461D4631B101291BD0D6
:103B9C00002303604FF0FF301FE0012B01D9002000
:103BAC001BE003220021012002F063F8206080B1A9
:103BBC00012D0ED100231A461946E6F7EDFB01281C
:103BCC0014BF0020012008E0294610460BF0BCFB76
:103BDC0020602068003818BF012038BD144B5B6B87
:103BEC00EBB110B4024683421DD019469B69C3B198
:103BFC009A42FAD1936923B19468986820449860EA
:103C0C0039B193698B610020002393615DF8044BFB
:103C1C007047074B596B896959630120F4E7002001
:103C2C0070470020F2E78369002BF2D00021E3E714
:103C3C00406702202DE970430646134C63689B696C
:103C4C009847606160690CF0FDFE054607F0B8FF0F
:103C5C000EF07AFED4E90A8915EB080249F100034B
:103C6C00C4E90A230EF074FE3046FBF729FE08B9AE
:103C7C00BDE870830EF068FE0446F5F78DFB204618
:103C8C000EF066FEF4E700BF4067022038B504462C
:103C9C0005F06EFC10B3204605F04CFC0546C8B18F
:103CAC004378CBB983680BB9436883600C4B93F8AA
:103CBC0030305BB92846FFF7BDFF00242C756C75BE
:103CCC0001236B7009F0A6FD204638BD2846FBF792
:103CDC00F7FDF2E70124F5E70024F3E70124F3E70D
:103CEC004067022003000000601C04010600000075
:103CFC000000000002000000C0D803010900000011
:103D0C00842904010A0000007C2904010C00000035
:103D1C00742904010E000000042B04010F000000A4
:103D2C00941404011E0000000000000001000000BB
:103D3C00BC7302205010000078A3030170B582B050
:103D4C000190846CA26BE36B9A4203D30025284646
:103D5C0002B070BD94F8456076B2002201A92046ED
:103D6C00FBF78AFC0546B6F1FF3F0AD1636A002BCC
:103D7C00EDD004F12400EFF7A3FF002818BF0125B4
:103D8C00E5E70EF079FB8642E1D2013676B284F893
:103D9C004560DCE770B5044686B000890EF0B6FECF
:103DAC0010B320896689A58908F00AFA0446C8B1BF
:103DBC00F12380F84C30A0F84460A0F84650022360
:103DCC0042F603010DF10500ADF80060ADF80250AC
:103DDC008DF804300EF0B2FE69462046F7F724FD4C
:103DEC0006B070BD0320FBE70420F9E72DE9F8438A
:103DFC00064689469046002500F1180353F82540E5
:103E0C00EFB23CB12288424515D1002089F80070F0
:103E1C00BDE8F8834FF483700EF08CFE06EB85053D
:103E2C00A86168B14FF4837221460DF0C7FCAB69F1
:103E3C00A3F80080E9E70135082DDFD12F46E4E730
:103E4C001120E3E738B54389152B044620D1037CB8
:103E5C00122B1FD1008908F0B3F908B9002038BD26
:103E6C0063681B78DA0717D5037A0125DB0785729F
:103E7C00F4D54FF482700EF05DFE0028EED01122C6
:103E8C000270228982808571042109F0CBFEE5E75E
:103E9C00132BE3D08020E2E71320E0E72DE9F0417B
:103EAC0086B002AD1746064688460395F2F726FC07
:103EBC000446014603A8ADF81060ADF81280ADF8C9
:103ECC0014700EF099FB314603A80EF09BFB04AB6B
:103EDC00009301950623032242F2220140F20110C5
:103EEC0008F034FF024B33F8140006B0BDE8F08143
:103EFC008ECF020170B588B006AD0E46ADF80E003F
:103F0C000595FEF7DBF80446014605A80EF074FB98
:103F1C00BDF80E1005A80EF075FB314605A805225C
:103F2C000DF098FB0DF10E0300930195022308226E
:103F3C0042F2150140F2011008F008FF024B33F871
:103F4C00140008B070BD00BF8ECF02012DE9F04106
:103F5C0086B003AD1746064688460595ECF7FAF889
:103F6C000446014605A8ADF810608DF812808DF856
:103F7C0013700EF041FB314605A80EF043FB04AB69
:103F8C00009301950423032242F27A0140F20110BE
:103F9C0008F0DCFE024B33F8140006B0BDE8F081EB
:103FAC008ECF020130B585B0124B0093CDE90101E3
:103FBC0005460C46EC20012302225721EEF7C4FDE6
:103FCC0028460AF0E1FC88B1214600680DF033FD6B
:103FDC0070B90724084B0093019401230022FF21A0
:103FEC00EC20EEF7B1FD204605B030BD0224F1E720
:103FFC000024F8E75EDF0301BADA0301F0B5C488E8
:10400C00114B876885B0260A0093E4B202231A4646
:10401C000546CDE901648121EC20EEF795FD0B4BB3
:10402C001B781BB1052E0DD1022C0BD1084B53F86C
:10403C0026303BB105F10C023946204605B0BDE8EF
:10404C00F040184705B0F0BD802804013402002070
:10405C005C6802207FB5134B0190CDE90212044637
:10406C000E461546009302223021EC200123EEF778
:10407C006BFD2A46314620460CF0ACFE78B90A4B53
:10408C005C7134442A0604EBD4744FEA640454BFC4
:10409C006D4280229C71DE7154BF1D721A7204B085
:1040AC0070BD00BFAADF0301EE02002073B5124BF6
:1040BC0001900093044601230D461646322102223C
:1040CC00EC20EEF741FD0D4B1B68DB6B8BB12046F2
:1040DC00324629469847044640B1094B0093019457
:1040EC0001230022FF21EC20EEF72EFD204602B02A
:1040FC0070BD0C24F1E700BF661A040138020020E1
:10410C00B20C040138B504461048EEF79DF8012CAA
:10411C0011D10F4B1C78013CE4B21C704CB90D4D05
:10412C000DF0D4FA2868446003F01CF90A4B2C609B
:10413C001C60002038BD084B4422002118680DF08B
:10414C003DFB04F035F809F0E1FCF2E75C030020DC
:10415C00740200203C0300203803002010B50E4CE4
:10416C0023789BB9FFF7C4FA0C4B0D4A5A605A6A74
:10417C0002F0F8010B4A0A435A620B4B0B4A0C49EA
:10418C009A6207200EF062FA09F0C0FC2378013322
:10419C002370002010BD00BF7402002040030020DB
:1041AC0080841E00010102073C0200201141030122
:1041BC00AD9C000100B5836FDA0693B020D4027E6B
:1041CC00422A12D190F829308DF808300522ADF82A
:1041DC00002000228DF804200288ADF806206846E5
:1041EC0007F02AF813B05DF804FB412A0AD01B042F
:1041FC000AD590F8E230032B0CBF16230823E3E713
:10420C003D23E1E71623DFE73E23DDE730B5114917
:10421C0091F90420824209D091F90230834203DBE8
:10422C0091F90330834202DD9A4201D130BD03463D
:10423C00094A0A4C10780A4DE289181A45FA80F09E
:10424C0022F03F02007E1204120C0243E2810B7139
:10425C00ECE700BFEE020020F802002000600141F4
:10426C00DCE9030137B50546D0F88840D0F8CC001E
:10427C0001A90CF073FD0198EB7D400AC4F3160400
:10428C00A0428ABFC0F50000241A2418012B09BFD4
:10429C00084B09481868C0F30E0002BF4FF49C731A
:1042AC00B0FBF3F00130A04234BF0020012003B07A
:1042BC0030BD00BF6C380141FFFF3F0038B5036DC6
:1042CC0004463BB1426D934204DC0023E3644FF09F
:1042DC00FF3038BD204609F009FD0028F5DB236DC1
:1042EC00D4E90F12A3B1656D5B1B551AAB420FDC01
:1042FC00013B0B44E36422B1636D521A0132134447
:10430C00636511F8013C834218BF01F8010CE0E72A
:10431C001346EFE72DE9FF41134ED1F80080B78823
:10432C00ADF80C7005463068029002ACB0798DF88F
:10433C000E00002A18BF1446D1E901671A461BB9B2
:10434C0020460CF08FFD0246002E02DBB24228BF45
:10435C003246CDF800803B4621462846FAF78CFDC4
:10436C0004B0BDE8F08100BFABF7030138B50446DB
:10437C008E4619464FF0864CDCF8003043F00203B1
:10438C00CCF800304FF470431D6E13467246A847AC
:10439C00024660B94FF470435B6E20469847024664
:1043AC0028B94FF470431B6F2046984702464FF0D4
:1043BC0086410B6823F002030B60101E18BF01200E
:1043CC0038BD10B503460C46BAB990F8012172B944
:1043DC0090F8FF1059B9002C14BF0122022280F86A
:1043EC000121D0F86C01224618B10BF00DF9002018
:1043FC0010BD0146D3F86801F7E7D0F8001111F0B1
:10440C00FF11F4D1002C14BF0122022280F80221EA
:10441C002246D0F87001E8E710B5C37D04461BBBFB
:10442C00D0F8B431B0F85C101A88A0F846205A883D
:10443C00A0F848209A88A0F84A20DA88A0F84C20E6
:10444C001A89A0F84E209981598859815968C3F866
:10445C000E105A8202F093FA08B9002010BD0823FE
:10446C0084F8E2300120F9E704F050FBF4E7F8B5EA
:10447C00069C054624B32079E1800F0E67F30200F9
:10448C002071080C607122B1194604F108000CF07F
:10449C00DDFC032D14D8DFE805F002070B0F2046D6
:1044AC0007F086FD0020F8BD204602F0CFFDF9E7AD
:1044BC00204607F095FDF5E7204602F0EBFDF1E70D
:1044CC001F20F0E7F0B50C46D1E9011687B0236840
:1044DC0005930029A4BF23F00203059305ABE768FD
:1044EC0002930A23CDE900630546D2E90023204656
:1044FC00FBF786F82269059B0093013A3346121AA2
:10450C0039182846FAF7B8FC6B68DB0503D56368E5
:10451C009842B8BF184607B0F0BD032810B5044642
:10452C000378013B032B06D8DFE803F00213171BBB
:10453C00406802F003FB20460CF0DCFC21460B48E3
:10454C00D4F78CFB2046D8F7C1FC60680EF0F0F96C
:10455C0010BD4068D8F79BF8EDE74068DAF7DDF955
:10456C00E9E740680DF0A0F9E5E700BF0000002086
:10457C0082685189136913F4C07F0ED023F00103B4
:10458C0023F4007311F0080F0BD043F400531361A4
:10459C000123438300238383704713F0010FF1D170
:1045AC00EEE711F0040F02D043F48053EFE711F063
:1045BC00020F11BF43F4004341F3000101F48041A9
:1045CC000B43E4E70CB4F0B583B00D4608AB53F8DD
:1045DC00042B0193FEF750FB04460D4F0D4E40F695
:1045EC0016133A463146C043C00F03F08FFA40F61B
:1045FC001A133A463146AC428CBF0020012003F01E
:10460C0085FA204603B0BDE8F04002B0704700BF09
:10461C00C02704013C1B000103885BBA038043885C
:10462C005BBA438043681A0E42EA0362190201F432
:10463C007F010A431B0A03F47F43134343608368DF
:10464C001A0E42EA0362190201F47F010A431B0AA3
:10465C0003F47F4313438360C3895BBAC381038A2A
:10466C005BBA0382438A5BBA43827047114B1B6867
:10467C002BB1834200D070470E4B00221A600E4BB8
:10468C001B680E4A1088002288B100BF93F84210B4
:10469C0011F0400F04D1703301328242F6D1002365
:1046AC00044A1268002AE6D1024A136070470023BC
:1046BC00FAE700BF386C02203C6C022068690220CB
:1046CC00F9B110B40C46831E9BB2242B1BD84FEAB5
:1046DC00001C0E4B03EB001053F80C1029B1A14237
:1046EC0003D000205DF8044B704743F80C402AB10E
:1046FC00074BB3F900309A42B8BF1A464281828107
:10470C00F0E7002070470020ECE700BFA05B022020
:10471C00206C022021B3F8B517461D460E4604F056
:10472C0055FEC0B1F5B1A7F1040C00231A46194689
:10473C0002E001318D420CD05CF8044FB4420AD037
:10474C00002CF6D1002B08BF0A46002B08BF0346ED
:10475C00EFE70BB91846F8BD47F822601846FAE7A0
:10476C00002070470020F6E770B5134B1E68D6B1D9
:10477C003568DDB1EB68E3B1002403E00134EB688C
:10478C00A3420ED9214628460DF0B3F80146002865
:10479C00F4D0037813F0010FF0D0304601F0E8FBB1
:1047AC00ECE7002070BD6FF00500FBE76FF0050033
:1047BC00F8E70020F6E700BF446C022070B50C4609
:1047CC00CE68124B1D680DF020FD682303FB0055CD
:1047DC00042E09D0072E07D0032E01D000200FE0A5
:1047EC00B5F85C30022B0CD06368052B0BDD23680D
:1047FC0036221A7004225A706A6AC3F80220062004
:10480C0070BD0020FCE74FF0FF30F9E7586C022038
:10481C0080B138B5044690F8423013F0400F0DD1FA
:10482C00002038BD0023436303212046F6F750F8DF
:10483C000120F6E7002070470020F2E7084B1D68C6
:10484C00002DF9D020460DF0E0FC682303FB00504E
:10485C0090F8603003F00303032BE3D00020E0E773
:10486C00586C022030B5124C124D2379226885B059
:10487C008DF804302B68009293F828000EF0A4F801
:10488C002B688DF8060053F8292FCDF807209B884C
:10489C00ADF80B300DF10500B4F80530ADF80D3066
:1048AC000BF0AAFA684605F0D1FD05B030BD00BF8B
:1048BC00146B0220D401002070B4806805886B1E34
:1048CC00B3F5FA7F1FD243885A1EB2F5FA7F1AD27B
:1048DC008188B1F5FA7F16D2C488B4F5FA7F12D26A
:1048EC0002890A3A92B240F67646B2420BD89D4201
:1048FC0009D801FB0331B1F5FA7F04DCA34202D9DC
:10490C0070BC05F09FBE032070BC704773B54D8919
:10491C00032D06460C461CD10B7C03F0BF03122B57
:10492C0008D14968A07B07F0F1FEB8B900252846EC
:10493C0002B070BD2A460DF10701FFF757FA054684
:10494C000028F4D122469DF807103046FBF76DFA8B
:10495C00EDE70DF0CDFD01308542E7D08025E6E78F
:10496C0038B5134B044618680368D2B9A1894F298E
:10497C0001D8302919D13BB1A589D9898D420DD8DF
:10498C00E1899B8999420ED2214609F033F8002522
:10499C00237C0BB1F4F7C8FA284638BD1A461B68BD
:1049AC00E9E70022E7E70125F2E70125F4E700BF7C
:1049BC00E401002070B586B004AD0E46ADF80E00D3
:1049CC00059501F05BFD0446014605A80DF014FEAB
:1049DC00BDF80E1005A80DF015FE317805A80DF0E8
:1049EC000BFE0DF10E03009301950223042241F2FC
:1049FC00054140F2011008F0A9F9024B33F81400FC
:104A0C0006B070BD8ECF020170B588B006AD0E46F3
:104A1C00ADF80E00059500F09FF80446014605A878
:104A2C000DF0EAFDBDF80E1005A80DF0EBFD318878
:104A3C0005A80DF0E7FD0DF10E030093019502237F
:104A4C00052240F67B4140F2011008F07FF9024B41
:104A5C0033F8140008B070BD8ECF0201F0B5040B12
:104A6C00012C85B005460E4601D109F0B9FDEFB217
:104A7C000D4B0093C5F30325CDE9014503970423A2
:104A8C0001220021EE20EEF75FF8084B04F1804480
:104A9C00013C1B68324653F8243039462846984767
:104AAC00308005B0F0BD00BFFEC70301FC6C0220D6
:104ABC004B0705D0CB1D23F007030844C01A194639
:104ACC000B4B002219605A600B18083B23F00703AC
:104ADC000848C3E900225A1AC1E900320360064BA8
:104AEC001A60064B1A60064B4FF000421A60704772
:104AFC002C6B02200C6D0220086D0220046D02202C
:104B0C00006D022010B50E4C0E4900200DF052F92C
:104B1C00214601200DF04EF90B4902200DF04AF907
:104B2C000A4903200DF046F9214604200DF042F904
:104B3C0007480DF073FD07480DF0ACFD002010BDCB
:104B4C00192E0101B1EC000129E9000155A901015F
:104B5C00F591010155F503017FB506460D4609F0A7
:104B6C0013FFE0B10368B3F854312B8000242B8879
:104B7C00CDE901630B4B0093022201235921EC2058
:104B8C00EDF7E2FF44B1084B00930194012300229E
:104B9C00FF21EC20EDF7D8FF204604B070BD0224B5
:104BAC00E5E700BF38B80301BADA030170B5032199
:104BBC00054600200AF0CBF8044600B31723037314
:104BCC00D5F8B81195F843310A784978134095F81F
:104BDC00422183730A40427301462846F4F77CFC59
:104BEC00EE7D012E0AD1D5F8B831B5F860201A81C6
:104BFC00617B2846F8F794FBA5F86000012070BD96
:104C0C0030B50D2185B0054600200AF0A0F8044609
:104C1C00F0B10C2101A8F8F77BFA01AB03CB05F539
:104C2C008972039BC5F812015160C5F81E3104232B
:104C3C0023731368C4F80D305368C4F81130D5F8D9
:104C4C001E31C4F8153028462146F4F745FC0120E6
:104C5C0005B030BD042810B505D0104B1B6893F976
:104C6C000430002B13DA0E4C236893F8380040B94B
:104C7C00196BFDF7F1F958B10A4841681C30E9F796
:104C8C001FFF226892F83830013382F8383010BD9B
:104C9C002268137843F010031370F2E770020020BF
:104CAC00380300204003002010B5104C0021224690
:104CBC0008460BF09FFF2246002101200BF09AFFC3
:104CCC004FF419700DF036FF094B1860EBF7D0FC60
:104CDC0000200DF061FC0DF065FC06480DF050FC59
:104CEC000548BDE810400DF045BC00BFE1B2030122
:104CFC00CC020020012E0201911E040130B50546A4
:104D0C0085B002200DF0C8FE0446E0B100F110039E
:104D1C000B2103A803930DF06FFC0C4B1B6803A82D
:104D2C0059780DF069FC062300932888002322464D
:104D3C00022106F068FC054610B120460DF0EAFE93
:104D4C00284605B030BD0225FAE700BFDC02002082
:104D5C00124B024600681860908892799A7133F869
:104D6C00042C988042F0020223F8042C53F8082CEF
:104D7C005200A3F577630ED5094AD3F8943F126815
:104D8C001278C3F30263DA4012F0010F14BF002053
:104D9C0002200B70704702200023FAE770330141A8
:104DAC00E802002030B5D0F8DC20F2B1D0F8D830D1
:104DBC00DBB10E490E480C880168121B92B262F3EB
:104DCC001F4101600B4942320D6892B262F31F45DC
:104DDC000D6002681B1B9BB263F30F0202600A6832
:104DEC00FF339BB263F30F020A6030BDE402002074
:104DFC00483401415034014138B5002009F002FC1F
:104E0C000546012009F0FEFB4FF6FF710446002019
:104E1C0002F0D0FF4FF6FF71012002F0CBFF4FF6EE
:104E2C00FF71022002F0C6FF45F4F04189B2002068
:104E3C0009F0FAFB44F0100189B2012009F0F4FBEF
:104E4C0030210220BDE8384009F0EEBB70B50020DF
:104E5C0009F0D8FB0646012009F0D4FB05460220D8
:104E6C0009F0D0FB4FF6FF710446002002F0A2FFC0
:104E7C004FF6FF71012002F09DFF4FF6FF710220EB
:104E8C0002F098FF3146002009F0CEFB29460120A4
:104E9C0009F0CAFB21460220BDE8704009F0C4BBF2
:104EAC0010B508F077FB10B3044690F85C30012B7A
:104EBC0018BF002000D010BD0121204607F0CDFA0C
:104ECC0038B194F83D3013F0020F0BD04FF4B860AA
:104EDC00F1E7012211462046F6F7D6F90028F0D169
:104EEC000020E8E76068A368C01A80B2E3E70020FE
:104EFC00E1E710B50C4608F04DFB80B1034624B138
:104F0C0094F8422012F0400F0BD100225A6293F811
:104F1C003E2042F0020283F83E20012010BD00200A
:104F2C00FCE7446290F93F20002AF0DB93F85D2007
:104F3C0012F0020FEBD193F83C2022F0080283F818
:104F4C003C20E4E72DE9F04107460668D6B1F3684A
:104F5C00C3B100254FF03008294630460CF0C9FC8F
:104F6C000446014630460BF035FC3869C36861686D
:104F7C0098474246002120460CF020FC0135F3688E
:104F8C009D42E9D33869C3683968984700233B6070
:104F9C00FB84BDE8F08128B338B50C46054681B1D9
:104FAC0090F83D307BB995F83E3093B9204695F892
:104FBC003F300BB150F8040CEB6A984795F83D3034
:104FCC005BB9002038BD4FF0FF3138300CF0BEFC1F
:104FDC00E9E72046EEF79BFDE9E705F138000BF019
:104FEC0089FCEEE70020704713B50489B4F5706FA7
:104FFC0021D2817AC27A007B41EA0203034333F067
:10500C00070318D1ADF8004099B18DF802302AB9D8
:10501C009DF8023043F002038DF80230ADF8060023
:10502C0068468DF803108DF8042005F047FA02B09D
:10503C0010BD0123E9E70320F9E770B50C461221F6
:10504C00054606F0F9FA0646F8B905F15C00EDF7ED
:10505C00FBF8052C19D84FF482700DF06BFD04464B
:10506C0098B131464FF482720CF0A8FB07232370E1
:10507C002B88A380B5F8503023811323A3712046CD
:10508C000421BDE8704008F0CDBD70BD37B590F877
:10509C003830032B054607D1FCF7B6F8284608F044
:1050AC00ADFD002385F8383001200DF0F5FC0446E9
:1050BC0098B100F11003192101A801930DF09CFA8D
:1050CC002846224601210AF0A9FC054610B12046CB
:1050DC000DF020FD284603B030BD0225FAE72DE97E
:1050EC00F04104680E46904625461DB1EA684245DB
:1050FC0003D16D691CB9BDE8F0812D68F5E7237A01
:10510C00022B0ED8E36843450BD36069401B0CF0AF
:10511C005DF8237AE768012B014604D01BB1022B02
:10512C0001D02468E6E7304602F0F8F8F860F8E7BA
:10513C0070B500239AB098420393A6BF00F10043C8
:10514C0003F1FF334FF0FF330D4611900490002113
:10515C00044602A8164612930BF0B4FEDDE91E239A
:10516C003146CDE9002302A80122D8F7BBF835B1AE
:10517C00DDE911329B1A179A13441C442C601AB0A7
:10518C0070BD0028D0B110B4014611488C6884421F
:10519C0011D1B1F90200022816D192B18A620B84A6
:1051AC0002230B8300238B834B8301204880C8830D
:1051BC005DF8044B70476FF00D00F9E76FF00D00D0
:1051CC0070476FF00B00F3E76FF00C00F0E700BFD7
:1051DC005864022070B504468668104B9E420CBF82
:1051EC001E460026836A1BB9002108F05BF970BDCE
:1051FC0008F04CFB054608F021FB336A1B6803FBE7
:10520C0005F505F2E735064BA3FB053500EB9510CC
:10521C00E062022363830023A383E8E7586402203F
:10522C00D34D62102DE9F0410446904601EB01117B
:10523C008F0000F1600605E0042130469847BDB1AF
:10524C00236B7BB9636B13B1032130469847D4F8B9
:10525C008C00384418300AF047FC0546636B002B71
:10526C00EAD1ECE741F25002414628469847E9E77B
:10527C00BDE8F08110B4114C844218D10BB1382028
:10528C001860C1B1372A01D8002011E08C460C4CB3
:10529C000FCCACE80F000FCCACE80F000FCCACE897
:1052AC000F0094E803008CE80300382000E0002095
:1052BC005DF8044B70470020FAE700BF3071022004
:1052CC00C071022010B50446037E13F0200F0ED0DF
:1052DC00237E13F0080F16D0D4F8A8309B6B002255
:1052EC00114620699847032384F84A3010BD08F012
:1052FC00A5FAE36BC01A236C9842F7D3237E43F0D4
:10530C0020032376E4E743F010032376002384F88C
:10531C004A30EBE710B50C46F9B1C87B831EDBB203
:10532C00012B01D9002010BD8B7B052B0AD840F234
:10533C007B520B49022814BF0020012008F020FFEB
:10534C002046F0E740F27F520549032814BF0020A5
:10535C00012008F015FF2046E5E70846E3E700BF0B
:10536C003012040110B5D0B104460288D2B190F9C4
:10537C000C20022A18D159B94368BBB193F9082003
:10538C00022A15D19B8813F0010F08BF002407E0F7
:10539C00406807F04BF8002808BF044600E00024E2
:1053AC00204610BD0024FBE70024F9E71C46F7E774
:1053BC000024F5E738B505460C468B7B012B0BD04A
:1053CC00043BDBB2012B12D80831C06808F0F8FF9F
:1053DC00A8B10523A37312E0C0680CF0E3FB70B90D
:1053EC00A288E188E868F0F74FFCA07307E040F270
:1053FC0095420349002008F0C3FE0723A37338BD70
:10540C00EC180401F8B130B58BB00D461446E1B17F
:10541C00C2780292827801924278009203780C4A08
:10542C0014210DEB0100FFF7CDF805A80BF01AFDC8
:10543C000130A04201D9002008E005A928460DF052
:10544C00A1F9012002E00020704700200BB030BD14
:10545C00841B000170B5064600B3036803B30CF05F
:10546C00ABFF0546012813D9002402E00134A54204
:10547C000ED0204608F0BAFE09F0B6FE034600280E
:10548C00F4D0326841684A4081680A42EED103E0A8
:10549C00012000F02FF80346184670BD0346FBE7C9
:1054AC000023F9E7E0B12DE9F04180460F4B1C6871
:1054BC000F4B1F88BFB1002503E070340135BD428E
:1054CC000AD0666C002EF8D0716840460BF089FE4D
:1054DC000028F2D1308801E04FF48050BDE8F08113
:1054EC004FF4805070474FF48050F7E73C6C02202B
:1054FC006869022008B520B10F4B186809F074FEDA
:10550C00B0B90E4B18680E4B198891B1002303E00B
:10551C00703001338B420AD090F8422012F0400FC9
:10552C00F6D090F8642012F0010FF1D000E00020CA
:10553C0008BD0020FCE700BF386C02203C6C022048
:10554C0068690220F8B5124B1E68F769C368EBB1A5
:10555C000546002407E08368FB1A934215D20134F8
:10556C00EB68A34210D9214628460CF0C2F9037807
:10557C0013F0010FF3D0038813F0800FEFD0726992
:10558C00002AE8D18269E6E70020F8BD0020FCE79C
:10559C00446C022070B50C46CE68114B1D680CF0A3
:1055AC0034FE682303FB0055F31E012B05D9012E95
:1055BC0001D000200DE06B6B63B16368052B0BDD34
:1055CC00236832221A7004225A706A6BC3F80220C4
:1055DC00062070BD0020FCE74FF0FF30F9E700BF5C
:1055EC00586C022008B5114B1B68002B04DD827D22
:1055FC00042A02D0022A0DD008BD838A01229A40C7
:10560C000B4BD96821EA0201D960196921EA020120
:10561C001961F1E7013B054A1360002BECD100F056
:10562C0019FD034B00225A61E6E700BF5C6C0220B7
:10563C003868022038B503681B680E4940689847E3
:10564C00C02200210C480CF0B9F80C4B186868B15A
:10565C001C4600256368834206BF65602B46836841
:10566C0023600DF065F920680028F3D1044B01226A
:10567C001A6038BDF4220001C0600220FC6A0220CE
:10568C00606C022008B583B2C3B9184603EB430221
:10569C000F4B03EB82035A689AB100EB40000C4BA2
:1056AC0003EB8003526A9868904701280BD00228BC
:1056BC000BD0003818BF0120404208BD4FF0FF301E
:1056CC00FBE70020F9E70220F7E70120F5E700BF30
:1056DC00C06A022038B54FF0E024D4F8203D43F4E2
:1056EC007F03C4F8203DD4F8203D43F07F43C4F839
:1056FC00203D0025C4F81C5D04F054FE084B1D60D1
:10570C000BF0CCFED4F8343F43F04043C4F8343FA4
:10571C0008F0E4F8F2F72CFB09F0F6FD284638BD4A
:10572C00F873022070B5124E05460024336803EB63
:10573C008403D3F89C310BB1284698470134032CD1
:10574C00F4D12B78182B12D84FF480700DF0F2F99D
:10575C00044660B129464FF480720BF077FB224669
:10576C004FF480710120BDE8704008F015BF70BD8A
:10577C00D4010020F0B587B003AD06460F46049562
:10578C00FCF706FC0446014604A8ADF814608DF83D
:10579C0016700CF031FF314604A80CF033FF05AB4A
:1057AC00009301950423032242F2210140F20110DF
:1057BC0007F0CCFA024B33F8140007B0F0BD00BF71
:1057CC008ECF0201F0B587B003AD06460F460495A7
:1057DC00FCF710FC0446014604A80CF00DFF314602
:1057EC0004A80CF00FFF05AB0093019504230322D2
:1057FC0040F67C4140F20110ADF81460ADF8167023
:10580C0007F0A4FA024B33F8140007B0F0BD00BF48
:10581C008ECF020100B5104A8BB01068516805ABF1
:10582C0003C39068D16803C3117C1970D2F811308E
:10583C0001930A4B0A4A186802909B88CDF80E0017
:10584C0001A905A8ADF80C30ADF81230EFF730F91E
:10585C000BB05DF804FB00BF7512040111020020AF
:10586C00ED01002010B5124B1A7B80F847209A7B73
:10587C0080F82120FF2280F825201A46597B52F807
:10588C00114F01769288A0F81F20B3F80F20C0F8B2
:10589C001B40A0F8192093F8E53180F8943021B121
:1058AC00002B0CBF1E20002010BD1E20FCE700BFEB
:1058BC00C06D022038B5114C0546E07D48B1EFF7BC
:1058CC0091F8C5F8AC0020B1E27D04F118010BF0A1
:1058DC00BDFAE37DA5F8B03094F8FE0048B1EFF7BF
:1058EC0081F8C5F8BC0020B194F8FE2004490BF0F7
:1058FC00ADFA94F8FE30A5F8C03038BDC06D02206A
:10590C00BF6E022030B585B0104B0093CDE901017C
:10591C000123022205460C46EC201121EDF714F967
:10592C000CF070FA0A4B38B11868294604300CF0A8
:10593C007BFE30B9422007E01868F02104300CF0EF
:10594C0073FE80F8FE40002005B030BDACC30301EF
:10595C002802002038B590F8E230112B05460C4691
:10596C0001D0032B02D1D5F8B40130B995F8E4304D
:10597C00112B0FD1D5F8B80158B163780373638834
:10598C00C381A3880382E38843822389838263894A
:10599C00C38238BD002BFCD13020EFF723F8C5F8BB
:1059AC00B801E9E738B5124C002023687BB11A68BE
:1059BC0072B9C4E900241A7A5207A3F104050FD472
:1059CC0022681A6042B962685A601360636038BD1D
:1059DC0054601A682260EEE75C6023605360F6E75F
:1059EC00284605F05DFC28460DF0A6F80120DCE702
:1059FC00C402002010B5E9F77BFF0446B0B904F0EF
:105A0C004BF80B4A137899070AD443F0020313702E
:105A1C000849094B094A0A480BF01CF90BF092F99A
:105A2C0005F00EFD044608B90BF044F9204610BDF4
:105A3C00BB6D0220C5160401E1090301E19A0301C3
:105A4C006901040170B5436F88B004460E464BB132
:105A5C0003AD4AB1CDE903012B46082206210220F1
:105A6C00FBF741FE08B070BD4FF4001190F85000E8
:105A7C0008F088F8236F8DF81460CDE9033408AB77
:105A8C0013E903008DE80300022095E80E00646F13
:105A9C00A047E7E710B5044624200DF04BF801466B
:105AAC00E0B102460A2302F8143B0D4B1B689868C0
:105ABC0050F8403F4B614368536083689360C36800
:105ACC00D36023684B6063688B60A368CB60E3682A
:105ADC000B612420BDE810400CF0DBBE10BD00BFF4
:105AEC00DC020020F8B5104C104E2368104F3360C8
:105AFC00002533686A00D34003F00303012B0CD15B
:105B0C002246062303FB057352F8051F1960928881
:105B1C009A802179E8B2F9F70BFC0135082D04F1D4
:105B2C000904E6D1F8BD00BF947202205C6D02201E
:105B3C0000330141F8B5104C104D114F0022264690
:105B4C002B685100CB4003F00303012B0CD106232F
:105B5C0003FB0273D0B21968C4F805109B88A4F833
:105B6C000930211DF9F75CFC0132082A04F1090403
:105B7C00E6D12B683360F8BD947202205C6D022074
:105B8C0000330141F0B587B00F4602AC014601A8C5
:105B9C001D46164601940CF03BFD394601A80CF04D
:105BAC0037FD314601A80CF033FD294601A80CF055
:105BBC002FFD6B0442BF064B01221A704FF480314B
:105BCC00234610220020FBF78EFD07B0F0BD00BF6E
:105BDC00BE6D022084B01FB5022807AC84E80E000D
:105BEC000DD0032812D028B90B9B009394E80F001A
:105BFC00ECF786FC04B0BDE8104004B070470B9B7A
:105C0C00009394E80F00F1F791FBF3E7079B0393E4
:105C1C00042203AB02490120FBF765FDEAE700BF54
:105C2C000307010170B50E46154688B1044690F87D
:105C3C00422012F0400F19D163B93046FFF70AFC2D
:105C4C00044618B120460AF025FE2860204670BD97
:105C5C00002BF2D029460020FDF76AFA04460028F2
:105C6C00F4D13046FFF7F6FB0446EFE7002BEDD1FD
:105C7C00E8E770B5E8B10C460646A1FB0023DBB99A
:105C8C0001FB00F010F14D0F18D84C30E7F798FFDE
:105C9C00054678B114B100F14C0300E003462B60CB
:105CAC00EE632C6401212846F5F7FDFF0023AB645D
:105CBC0000E00025284670BD0025FBE70025F9E72C
:105CCC0000F5997200F5857110B5044600F59170D8
:105CDC00EEF7EEFE04F1F5020023C4F8F530137173
:105CEC0004F1FA02C4F8FA301371E17D41B903F002
:105CFC007F0284F8FE2063F07F0384F8F93010BD36
:105D0C0063F07F0284F8FE2003F07F03F5E7434F36
:105D1C004E4E3A4C6C6370204C6F63616C2046693C
:105D2C006E6973682C50726F6365647572653D3073
:105D3C0078257800434F4E4E3A4C6C637020526578
:105D4C006D6F74652046696E6973682C50726F6351
:0B5D5C0065647572653D3078257800A5
:105D6800C37903B9704710B5C0B004461B228DF83B
:105D7800FC20A722ADF804200522ADF80620002259
:105D88008DF8082014228DF809208288110A8DF8D0
:105D98000A108DF80B208DF80C3001A940880AF004
:105DA8008FF808B90023E37140B010BD10B5044660
:105DB80008F07AFEA0B194F8343013F0040F01D142
:105DC800228C72B9A26A3AB1C3F3800113F0100FA2
:105DD80018BF41F0040111800021204607F064FB40
:105DE80010BD0121204604F043FE0028F8D002230C
:105DF80063830023A383F3E7114B83421DD110B5BE
:105E080086B00C4600230093ADF8043029B1062271
:105E18006946204609F036F860B900220023CDE92A
:105E280002238DF8143002A90548E2F7D3FE0020BA
:105E380006B010BD04940123F3E76FF00500704726
:105E480030710220416271B190F93F30002B0ADBBA
:105E580090F85D3013F0020F05D190F83C3023F034
:105E6800080380F83C308AB190F85C30012B01D0EF
:105E7800002070471368836190F83C3043F060035A
:105E880023F0800380F83C300120704700207047E1
:105E980010B5044606F0FAFA94F83E3023F00203EF
:105EA80084F83E30204609F021F9E06A20B1092241
:105EB8006FF0100106F094FDB4F91220054B1B6831
:105EC800002143F82210044B1868C36821469847FC
:105ED80010BD00BF9C6B0220946B022038B50446AD
:105EE8000C2380F8703000200BF0B7F80146B4F9A5
:105EF80074000B4B1A68002342F8203018460BF048
:105F080057FA084D2868C368616998472868C368C4
:105F1800216898472868C3682146984738BD00BF5C
:105F2800E86B0220DC6B022008B510F0160F09D1CF
:105F3800B1F85A301843A1F85A000C4A13680133D3
:105F4800136012E0B1F85A301843A1F85A00074A12
:105F58001368013313600648038B43F0010303837E
:105F680000220121103009F007FE08BD346C022020
:105F7800A05B022038B50B7813F0010F0ED0054650
:105F88000C460B8813F0800F09D0214628680AF0C8
:105F980023FC002384F8273084F8263038BDC08CD1
:105FA800013800B2E88440F21713034A0349C0439A
:105FB800C00F01F0ADFDE8E7DC0F0401A0210001EE
:105FC8002DE9F04383B00646894690461F460E4C9D
:105FD800204609F0BBF8246884B90B4809F0B0FDE5
:105FE80003B0BDE8F083A068009065683B46424670
:105FF80049463046A8472468002CEED0E568002DB5
:10600800F1D0B542F7D1EEE74866022010B5044654
:10601800A0F85E100123A0F85C3042B1B0F854300B
:106028005B009BB2402B88BF4023A0F8543094F803
:10603800603013F0200F08D043F0200384F860305C
:10604800236A13B90CF0C6F9206294F8603043F063
:10605800800384F8603010BD08B5114B186A20B170
:1060680008F032F90E4B00221A620D4B986920B1E4
:106078000CF0D4F80A4B00229A61094BB3F90000DE
:10608800B0F1FF3F05D1064B0022DA601A619A8011
:1060980008BD05F077FC024B4FF6FF721A80F2E755
:1060A8003868022008B5104B5B8B13F0070300D14A
:1060B80008BD0E4AD3870C4B80221A7607225A83D2
:1060C8001B7E13F0040F05D0074B9A6A1A7E12F054
:1060D800040FFAD1054B1B6A002BE9D0034B596A10
:1060E8001B6A02209847E3E7000C0040FC66022088
:1060F800F8B50F4B1B68D3B10E4F0F4E0C4D09F07E
:1061080015F9FB68DC68201D08F057FD3368013B72
:1061180033602B68013B2B600BF0CCF9206BF2F756
:1061280027FA2046F2F724FA2B68002BE7D1F8BDAE
:10613800D46C0220006A0220D06C022070B5114C89
:106148004FF0E0264FF080550BE0C6F8045DBFF332
:106158004F8FBFF36F8F0CF019FC03F065FA04281A
:1061680005D8FFF7C5FF2368012BEED8F3E70BF03E
:1061780083FD03F059FA042801D9E8F76FFFE3F724
:106188009DFFEEE7C464022010B584682078831E62
:10619800012B1AD9012806D194F90630002B13DAFD
:1061A800601C04F0E1F90A4B21681A68C2F8211052
:1061B80002F12103A2889A80A2799A71214611F8E6
:1061C800010B09F009FF002010BD0120FCE700BF0A
:1061D800D401002070B51821054605F02FFA0646AF
:1061E800E8B905F15C00ECF731F84FF482700CF077
:1061F800A3FC044698B131464FF482720BF0E0FAE2
:10620800072323702B88A380B5F8503023811923E6
:10621800A37120460421BDE8704007F005BD70BD9C
:1062280010B5FAF70FFCA8B102F012FD0A490446AE
:1062380004200AF0A5FC094900200CF07BFA084B61
:10624800084A1B685A60084B1B684FF0F7121A611E
:10625800204610BD0424FBE75117040110980301E0
:10626800E0020020D1DF0201E4010020012837B557
:106278000C4614D9013801AA694680B205F00AFE15
:1062880070B1009D0B492868022208F0FBFD70B927
:106298006B68122C1B7805D113F0080F00D103206E
:1062A80003B030BD522CFBD113F0040FF6E70020E9
:1062B800F6E700BF2645030170B586B003AD064674
:1062C8008DF812100595ADF81000F6F7A7FF0446F3
:1062D800014605A80CF092F9314605A80CF094F98E
:1062E80004AB009301950423032242F2790140F2A2
:1062F800011006F02DFD024B33F8140006B070BDF6
:106308008ECF020130B587B004ADADF80E0005950B
:10631800FCF704FB0446014605A80CF06FF9BDF82C
:106328000E1005A80CF070F90DF10E0300930195FD
:106338000223032242F21B0140F2011006F008FD7D
:10634800024B33F8140007B030BD00BF8ECF0201F6
:10635800F0B585B002AD0E460746039505F0A2FEDE
:106368000446014603A80CF049F9397803A80CF053
:1063780045F9317803A80CF041F900230093019501
:10638800032242F24B0140F2011006F0E1FC024BFD
:1063980033F8140005B0F0BD8ECF020110B5104BD4
:1063A8001A68824219D35C681919884201BF41688A
:1063B80018460919596041684418A24208D1094C85
:1063C8002468A24204D052680A4442601A681268DB
:1063D8000260984218BF186010BD1346E0E700BF7E
:1063E8002C6B02200C6D022010B5046894F8F8306C
:1063F8000BB900201AE0002384F801310C4B1B680C
:106408005B687BB994F847102046F8F74FFAD4F840
:10641800680109F0B3FED4F86C010028E9D009F04E
:10642800ADFEE6E7204698470028EBD010BD00BF38
:10643800386D022000B590F8E230082B93B001D0F7
:10644800032B02D1D0F8B4310BB9D0F8B8318DF89C
:10645800041041F22302ADF800200288ADF80620AE
:106468005A89ADF808206846D3F80E205B8ACDF823
:106478000A20ADF80E3004F0E1FE13B05DF804FB1D
:1064880013B50C4608F082FAC8B1036893F92C30AA
:10649800237000240B4B0093022201233D21EC20A2
:1064A800ECF754FB44B1084B0093019401230022FC
:1064B800FD21EC20ECF74AFB204602B010BD022477
:1064C800E8E700BF801E040102EF030170B504680D
:1064D800E66805462046FDF76FFE16B130460AF01D
:1064E80032F80021204607F06FFD0121204607F011
:1064F8006BFD18B181B2204607F079FD0420FCF746
:106508006DFA2846F3F774FD208804F045F928460B
:10651800BDE8704000F028BF30B5114C2368D3F8AF
:10652800083289B00546CBB15A6FBAB193F850001A
:106538004FF4001107F028FB23688DF81450D3F8A6
:106548000842236FCDE9033408AB13E903008DE853
:10655800030003AB0ECB646F0220A04709B030BD27
:10656800CC02002070B5114B196805460022540072
:1065780021FA04F6B607D0B213D1FF2D02BF9A78DC
:1065880042F001029A704FF0030202FA04F51A6809
:106598000CBF0321012122EA0502A1400A431A6027
:1065A80070BD0132082AE2D11046F9E75C6D02207D
:1065B80010B527220C4601460D480AF049FC0D4B40
:1065C800D3F8682F64F31242C3F8682FD3F8682F02
:1065D80042F48012C3F8682FD3F8682FD202FBD494
:1065E800054A01231178A3401943C9B2117010BD9F
:1065F800703301410024014168330141114BD3F844
:10660800682F60F31242C3F8682FD3F8702FC2F3D3
:1066180007220A70D3F8702FC2F307424A70D3F8E2
:10662800702FC2F307628A70D3F8742FCA70D3F838
:10663800742FC2F307220A71D3F8743FC3F30743D8
:106648004B7170470024014108B50F4BD3F8682FF0
:1066580042F40012C3F8682FD3F8682F9202FBD4D3
:106668000A4A0B49002313700A68012013700A684C
:106678001A440133082BD070F9D1EEF707FE0B68E6
:1066880000229A7008BD00BF00240141683301410F
:10669800E802002008B561B90E4B1A6802F01F0223
:1066A800102A4FF0010313D80B4903FA02F21140E4
:1066B80071B10A21407E04F077FE084B1A6842F057
:1066C80010021A601A6842F002021A60002008BD1F
:1066D8001846FCE7583801414CE00100203A0141D6
:1066E800104B1A68100241BF0F490A8842F008028D
:1066F8000A801A68510241BF0B490A8842F0040215
:106708000A801A68920241BF07490A8842F00202C9
:106718000A801B68DB0241BF034A138843F0010368
:10672800138070470C3A0141303A014101F00042B0
:106738008B1AA3F16051B1F5801F0ADBB1F17F6FAD
:1067480009D242EAC102C10071F1004142EB507026
:1067580070471046704701285B4113F5001F02D8A7
:1067680042F0FF407047C90041EA5070104340F4BE
:10677800800040F08040704738B50F4D2B680446C4
:1067880063B1002C12DA0D4A2B6812689B1A624218
:10679800934208DB286804442C6006E005F0D2FD2B
:1067A8002B68002BEDD14FF0FF3038BD044B2A6821
:1067B8001B689B1AA342ECE7D86A0220E06A022011
:1067C800DC6A0220474154543A4576742072637655
:1067D8002C6E6F206672656520636F6E6E00474190
:1067E80054543A457674207263762C6E6F20617625
:1067F80061696C20636F6E6E2C68646C3D3078251F
:0F6808003034782C6576743D3078253032780046
:10681800F0B585B005460A464FF08644236843F034
:10682800020323606E464FF47047D7F8D03010212A
:106838003046984705F1DC0396E8070083E807002F
:106848003A6C194628469047236823F002032360D0
:10685800003818BF012005B0F0BD38B50C4601213D
:10686800FEF782FDD8B145682146FEF755FD014681
:1068780090B1837B052B87BF05F19802032305F1AF
:106888008C0202232846F8F7EDFB002415B12846B0
:106898000AF032F8204638BD6FF00104F6E74FF0F1
:1068A800FF34F7E7FAB138B50C46154606F074FE22
:1068B800034620B190F85C20A24201D0002038BDE8
:1068C800012A01D00020FAE793F83C2012F0030FC8
:1068D8000BD12A685A6193F83D2042F0010283F8EF
:1068E8003D200120EBE7002070470020E7E737B59F
:1068F800828A05462AB100F11601F5F707FC002344
:10690800AB8201200CF0CAF8044698B100F11003DC
:10691800132101A801930BF071FE2846224601219C
:1069280009F07EF8054610B120460CF0F5F8284627
:1069380003B030BD0225FAE74144563A74797065D0
:106948003D307825782C73657449643D3078257816
:10695800004144563A43523D307825780041445628
:106968003A4C696E6B20657869737421004144560E
:106978003A4C696E6B73207265616368206D61784B
:10698800210010B50B210446002008F0E2F9E0B11F
:10699800D4E96D2394F8E410082918BF1346272278
:1069A80002735A89A0F80D209A89A0F80F20DA8975
:1069B800A0F811201A8AA0F813205B8AA0F81530D5
:1069C80001462046F2F78AFD012010BD38B590F83F
:1069D800E230082B05460C4601D0032B02D1D5F82E
:1069E800B40140B995F8E430A3B91420EDF7FCFFE1
:1069F800C5F8B80170B1B4F801304381B4F8033078
:106A08008381B4F80530C381B4F807300382B4F841
:106A18000930438238BD7FB5054602200E460CF08A
:106A28003DF80446D0B100F110030E2103A80393EA
:106A38000BF0E4FD314603A80BF0E0FD06230093BC
:106A4800288800232246022104F0DFFD054610B104
:106A580020460CF061F8284604B070BD0225FAE71C
:106A6800F8B5064608460F4614460CF083F8054666
:106A780038460CF01CF8021992B20523002040F2A7
:106A8800E1418A4206D9A2F2E242013592B225F0EA
:106A980070450130013BF4D13378B56023F00C0325
:106AA80043F00C03B2803370F8BD10B590F948304C
:106AB8005A1E134380F84830D0E905239A42044609
:106AC80003D90022C36A1146984760680023C4E9C5
:106AD8000533A362830755BFD4E9023240F01000A2
:106AE8009B18606056BFC4E90F334FF0FF3040F386
:106AF800C00010BDC1F30A5340F21E42D21A0EDD87
:106B0800202A0AD8CB0243EA505040F00040D04037
:106B180090EAE170B0EBE1707047002070474B00DD
:106B2800004218BF43F0010313F5001F88BF21F08E
:106B3800004111F0004058BF6FF0004070472A2B09
:106B480010B5037873B1012B14D10E210A48ECF764
:106B5800E1FF0021012008F0DCFE0D210748ECF7D9
:106B6800D9FF07E004460B210548ECF7D3FFA288BC
:106B7800044B1A8010BD00BF90040001A00400015E
:106B880084040001A0000020104B1A68131F02F1B2
:106B98001C0C08E013880B80002000E001205DF841
:106BA80004FB63450FD053F8042F002AF9D000B531
:106BB80092F81EE08645EDD06345EFD053F8042FD8
:106BC800002AF5D1F8E70120704700BF686B022062
:106BD80000B583B0037B0133DBB203730C4A126840
:106BE80092F8F8209A4204D9F4F758F903B05DF8FE
:106BF80004FB00234373074B1B68002BF6D00022CD
:106C08008DF804200289ADF8062001A89847EDE721
:106C18006C6B0220706B022038B5104B1B6813B1E7
:106C280000240E4D10E0FC200BF080FE0B4B18608A
:106C380090B1FC220021094B18680AF0C1FD01201F
:106C480038BD0134082CF4D02B6853F824000028F0
:106C5800F7D002F091FAF4E70020F1E76C6B02201C
:106C68000346A8B180680F4988420ED1B3F90210D3
:106C7800022913D17AB19A6204221A8300229A83D4
:106C88005A8301205880D88370476FF00D007047F1
:106C98006FF00D0070476FF00B0070476FF00C003D
:106CA800704700BF58640220D1D90201A728020109
:106CB80087AB030155DE0301F1940101F5EF0201F1
:106CC80049A10301B1070401430F040135920301EF
:106CD80017D0030169070401AB030401810704010C
:106CE80005B2020163680301C503040199070401A1
:106CF8000346A2B10069F0B1DA6901E0006868B141
:106D080083689342FAD8B0F80EC063449A42F5D823
:106D18008A4201D88B420ED2006801E070470069B0
:106D280010B908E0006830B183688B42FAD8C2898C
:106D380013449942F6D8704770B50546B0F86260BA
:106D480084694369E41AA4B208F089FD231A9BB246
:106D58009C420CD09E4211D29B1BB5F86820640857
:106D6800A24228BF2246934201DC002007E001220C
:106D780010212846D1F786F9012000E0002070BDD7
:106D8800F8B504460F46154600200AF066F906468F
:106D980004EB440039460A4B03EB800009F034FD4C
:106DA800314600200AF004FB0DB90120F8BD00228D
:106DB8000121044800EB041006F0A2FCF5E700BF2F
:106DC800C4620220A05B0220104BDB68002B1CDD94
:106DD80010B5827D042A04D0013B0C4AD3608BB1E4
:106DE80010BD0A4B1B7C002BFAD0084B5C6800696D
:106DF8000BF00DFA00EBC00014EBC000F0D007F068
:106E08002DFAEDE7F2F720FFEAE77047286602203F
:106E18003500000009A3030101000000938F03015E
:106E28000300000015940301060000002526030155
:106E38003600000089E20301330000007BC503012E
:106E48003A000000A9C503013B000000D7C50301B3
:106E5800FF000000E92A04010F4B01221A601A46BC
:106E6800136913F0010FFBD10B4B4FF4E2621A6068
:106E780003221A734FF41C729A8333229A72074AB8
:106E88000021116001225A724FF48072DA801A468A
:106E98001369002BFCD17047001C0040F46A0220E3
:106EA800B8240001FDF8030103000000BC24000120
:106EB800210A040103000000C024000195F2030127
:106EC80003000000C4240001D1FC030103000000FA
:106ED800C82400013DBB030104000000D0240001C8
:106EE8000DBB0301040000000C4B1B687BB90C4B65
:106EF8001B6873B90B4B1B686BB90B4B1B68013BC9
:106F08000A4A106898420CBF0220012070470020EE
:106F18007047002070470020704700BF146A0220A5
:106F2800BC6C0220C06C0220D06C0220EC690220EC
:106F380010B50C4B0C4A02210C48F4F70FFB044621
:106F480030B1FF2200210A480AF03AFC204610BD61
:106F58000BF07CFA0028F9D00BF072FA0549F9F722
:106F6800E9FFF3E74827000158270001C80A040190
:106F7800A400002078180001B529040141F9020194
:106F8800CDE40301DD000301A9E40301F54F03018A
:106F9800D1100401E5EB03010D150401F9140401F6
:106FA800BB100401B5240401BDC6030139D903018E
:106FB80013DF0301E57B030185E40301FFC502013B
:106FC80038B50C4605F0FEF80546B8B1A3780B2B8A
:106FD8000ED1C27C12F00A0F12D02146284631F891
:106FE800032BFCF7E9F911280CD000B9E87438BD77
:106FF8000D2B05D1C27C12F00C0FEDE70320F6E74C
:107008000120F4E70220F2E77FB50D461446064654
:1070180005F038FF0DF10B03019303AB8DF80B005E
:1070280000930122032342F2310140F201108DF84E
:107038000C608DF80D508DF80E4005F089FE9DF816
:107048000B20024B33F8120004B070BD8ECF020142
:1070580070B50379044603F0070508F0CBFF002359
:1070680023600A4B03EBC5035A6814605C6007F0A1
:1070780001FB074B1B682BB1064A5B691068BDE82A
:1070880070401847BDE870400BF0ECBB18020020B8
:10709800000200200C02002070B50379044603F0BA
:1070A800070508F0A7FF002323600A4B03EBC5037D
:1070B8005A6814605C6007F0DDFA074B1B682BB157
:1070C800064A1B691068BDE870401847BDE8704063
:1070D8000BF0C8BB18020020000200200C020020A0
:1070E80070B50E4D0E4EAB6803B970BD08F082FF47
:1070F800AC682368AB600BB90A4BEB6007F0BAFACF
:107108006379204656F82330984794F90430002BC9
:10711800E9DB204603F0DCFFE4E700BF18020020AB
:10712800E06802202002002070B5044690F8ED00C7
:1071380010F004000E46154610D00321002007F079
:1071480008FE014608B9002070BD11230373467379
:1071580085732046F2F7C2F90120F5E7022107F00E
:10716800F8FD01460028EED00D2303734573F0E7C0
:1071780038B503210546002007F0EBFDD8B11623EA
:10718800037395F84231437395F84331837301468D
:107198002846F2F7A3F9EC7D012C0BD1D5F8B431D0
:1071A800B5F860201A8195F842112846F6F7BAF822
:1071B800A5F86000012038BD30B5CC89B4F5FA7F58
:1071C8001CD24B895A1EB2F5FA7F17D20A8AB2F539
:1071D800FA7F13D2934211D9498AA1F10A0292B2D5
:1071E80040F67645AA4209D8428F534304FB03333D
:1071F800B3EB810FB4BF0120002030BD0020FCE7B5
:1072080013B50F4B1B680446BBB11A7860F3C30271
:107218001A7070B9FF20FBF7E1FB0A4B0093EC20D2
:107228000194012302223D21EBF790FC002002B0DB
:1072380010BDFF20FDF710FDEFE70C20F7E700BFBA
:10724800380300208A1A0401F8B5144606460F4F81
:10725800084609F03DFD7B68621E024493423FBF29
:107268001B1A01339BB2E41A3ABFA5B21C4600258B
:1072780001462246304609F0EBFD35B12A46396809
:107288003019BDE8F84009F0E3BDF8BD80020020E0
:1072980070B58EB0044608AD1822002128460AF0C1
:1072A8008FFA94F850004FF4800106F06DFC236FBC
:1072B8000595CDE9033406AB93E803008DE8030098
:1072C80003AB0ECB666F0120B0470122294620464A
:1072D800DFF78EFA0EB070BD70B54378C56DC16624
:1072E8006FF382034370002383660C4B1B681646BA
:1072F800012283F840220446E1F78AF820B963782E
:10730800E56543F00403637000252046C4E91A6567
:107318002946F5F713F8284670BD00BFCC020020B7
:1073280030B5C0F30802C1F308041319490AB3F5CC
:107338009C7F01EB50210B4D0ADD6FF49C73E01824
:107348004B1C1044AB4280B209D840EA432030BD00
:10735800A94298B20B46F8D9A1F50003F5E74B1BF3
:10736800F3E700BFFFFF7F0070B5104E3468054695
:107378004CB9CDB12868B8B10BF0E0FB2846BDE8A0
:1073880070400BF0DBBBA368AB4209D1D4E9002302
:1073980042B15360D4E9002320461A600BF0CEFBBB
:1073A8002468E5E77360F5E770BD00BFD4020020EC
:1073B80010B5044608200BF0BFFB0146C8B10323F3
:1073C8000370238883800B4B1A681378022B0ED125
:1073D800E36D93F8E63013F0100302D05378C3F34B
:1073E80000138B710820BDE810400BF054BA00233D
:1073F800F7E710BDDC02002010B5044600890BF049
:1074080087FB98B1208904F0DDFE90B10B4B1B88F7
:1074180013F001030FD090F84F101D2907D1002356
:1074280080F84F30BDE8104002F0A7BD042318468D
:1074380010BD0323FBE70123F9E700BFE0010020AB
:1074480010B50D4C2C22002120460AF0B9F90B4A40
:107458000121002009F0D0FB0021302208480AF061
:10746800AFF9084BE3610BF075F8002100B2BDE8F5
:10747800104003F01DBA00BFE467022081DC03015D
:10748800B26702208DED020184B013B5012805AC66
:1074980084E80E000ED030B1022812D002B0BDE848
:1074A800104004B07047099B009394E80F00E3F77D
:1074B80025FDF3E7099B009394E80F0004F0CAFE4A
:1074C800ECE7099B009394E80F00F5F709F8E5E766
:1074D80037B50468A36F002B054610DA5B000ED59C
:1074E80000F0AEFCA36F23F00043A36706F0ACFAEC
:1074F80001AB0422074901950120FAF7F6F800F0DC
:107508009FFCA36F23F08043A36706F09DFA03B0A6
:1075180030BD00BF5404010110B5044600200AF034
:107528003BFC00200AF030FC122C12D002D8112C9F
:1075380008D010BD213C022CFBD8084B4FF4A57194
:107548001A6802E0054B1A68D82161F30F021A6025
:10755800EFE7024B7C211A68F7E700BF643401416A
:107568000278202A034600F10100F9D0A2F10901AE
:107578000429F5D92B2A06D02D2A13D1012101334C
:10758800013B002006E00021F9E700BF00EB800086
:10759800C2EB400013F8012F303A092AF6D901B995
:1075A800404270470021EBE7F8B507460D461646FE
:1075B80090F89C40013C64B2002C04DAF8BD013C10
:1075C80014F0800FFAD1E3B225FA03F313F0010F98
:1075D800F5D0002EF3D0D7F8983004EB840203EBF3
:1075E8008203315D93F9120007F070FEE7E738B5C2
:1075F8000446D0F8A850EB6900699847012810D0D4
:107608002B6A2069984768B9B4F8443013F0010F21
:107618000CD0237E13F0100F14BF0023022384F82C
:107628004A3038BD204608F0EDF8FAE7204608F061
:10763800E9F8F6E770B5D9B114460D46CAB105F0B8
:10764800ABFF0646B8B108F0ECF808B9002410E022
:10765800B06873681B1A9BB29C4228BF1C4644B191
:107668002246294600F074FFB3682344B36000E063
:107678000024204670BD0024FBE72DE9F0410546B3
:107688000C4690461E46084607F060FD074610B9AE
:107698003846BDE8F0812946204602F0A5FD50B1E4
:1076A80006B1B047204608F04BFAD8F80C30294606
:1076B80040469847ECE7204608F042FA0027E7E7FB
:1076C80008B5042A16D0022A13D0032911D0B0F81D
:1076D800423023F00702A0F84220C3F3072343F007
:1076E800100380F84330436A0361836A436105F0FD
:1076F800B9F908BD0129EAD190F8423043F00103F5
:1077080080F84230F5E7062937B505460C4606D01D
:1077180000231A461946F3F7F9FF03B030BD0432C7
:1077280001A90DF10200019209F0E4FC20460BF0DA
:1077380003FA01460028F0D001230370BDF8023097
:107748004580838020460BF07EF8E6E737B50D4686
:10775800144605F0D9FBD0B180F852502378C3F312
:10776800000380F8563023780024C3F3400380F8E0
:1077780057308DF80440012380F858300388ADF85D
:10778800063001A80AF088FB204603B030BD03206C
:10779800FBE738B5437AD907054601D4002038BD40
:1077A800827AD207FAD513F00C0F10D00024447255
:1077B8004FF482700BF0C0F90028EFD0102202704D
:1077C8002A8882808471042106F02EFAE6E743F0C5
:1077D800040343721220E2E7544D522C5374617231
:1077E80074206E756C6C20696E7075740051554507
:1077F80055452C52656D6F766520656D70747920DE
:107808006C6973740051554555452C52656D6F76FA
:107818006520656C6D20696E76616C6964007FB562
:10782800054641200E460BF039F90446C0B10C213B
:1078380000F110030DEB010003930AF0DFFE402274
:107848003146039809F004FB0623009322460023DF
:107858004121288803F0D9FE10B120460BF05CF9CD
:1078680004B070BD10B50446C06D10215F30F5F747
:1078780051FCE06D10214F30F5F74CFCE06D08210C
:10788800B230F5F747FCE06D0221B030F5F742FC65
:10789800E378E06D10212BB900F5E070BDE81040E9
:1078A800F5F738BC00F5C070F8E70200F8B50646F1
:1078B800408803F0EFFF40B1837F33710A4B1B7898
:1078C8008BB10A4D0024084F08E00823F5E730463D
:1078D800984701343A78E3B29A4204D955F8043B00
:1078E800002BF4D1F5E7F8BD0400002008000020C3
:1078F80010B50F4B1B688BB10D4B1C682C22002157
:10790800204609F05DFF234604F12000002200BF55
:1079180043F8042B8342FBD1012010BD2C200BF02F
:1079280005F8034B18600028E6D10020F5E700BFF2
:107938003C67022038B50F4B1B688BB100240D4DF6
:107948002B6853F8240002F06FFB0134082CF7D1A0
:107958002C220021074B186809F032FF012038BD9E
:107968002C200AF0E3FF034B18600028F0D1002018
:10797800F5E700BF686B022010B5044607F094F8DD
:10798800B0B1A28E638C13F4005F12BF42F4007290
:1079980022F4007292B213F4805F12BF42F4807234
:1079A80022F4807292B20921204603F07CF800B9D3
:1079B80010BD042363830823A383F9E70F4B1968D9
:1079C80090F89C305A1ED0B212F0800F14D121FAD0
:1079D80000F212F0010F10D1023BD8B210F0800F64
:1079E80008D1431EDBB221FA00F212F0010F04D1D4
:1079F8001846F3E7FF207047FF207047806B02208E
:107A08000E4B834215D11B7E13F0040F13D010B513
:107A18000A4CD4F8A8301B69E068984794F84A20C3
:107A2800074B53F8223020469847207EC0F30010B9
:107A380010BD002070470020704700BF3071022041
:107A4800F012040138B50C46154605F0A5FDB8B18D
:107A58000346BDB190F85C20A24201D0002010E09E
:107A6800012C01D000200CE02A689A6193F83C2090
:107A780042F0600222F0800283F83C20012000E0FE
:107A8800002038BD0020FCE708B5837D032B15D006
:107A98000B4B1B682BB10A4A136801331360012092
:107AA80008BD002207490620FCF70CFE064B1860AB
:107AB8000028F0D108F09CFE0020F1E70120EFE754
:107AC800C86B0220C3270201C46B0220D0B110B5D5
:107AD80086B00C461146BCB1112A02D8002006B067
:107AE80010BD4279049202790392C2780292827898
:107AF8000192427800920378044A2046FCF764FD1C
:107B08000120ECE7002070470020E8E7901B000107
:107B1800E0B970B582B00C4615461E462F212046A6
:107B280009F0AEF9034648B15C1C00962B46224684
:107B380007490020F9F7FEF902B070BD5C21204624
:107B480009F09EF903460028EED1EEE7704700BF22
:107B5800641D00014FF0884308225A6003F524533E
:107B68004FF480425A6003F5807380221A635A6189
:107B78008821596003F58073002119634FF49060E0
:107B880058615A6003F58073C0225A6003F5807308
:107B9800196301225A617047F8B50F4D2E68002409
:107BA80006F5087353F824708FB916200AF0C4FF3D
:107BB800883446F824002B6853F8240018B116229C
:107BC800394609F0FDFD2B6853F82400F8BD01344F
:107BD800082CE7D10020F9E7D401002037B58468E4
:107BE8002588B5F5706F19D2284604F0DBF8A8B1DE
:107BF800A3788DF80230E3788DF8033023798DF877
:107C0800043063798DF805306846E388ADF8005094
:107C1800ADF8063000F08CF803B030BD0320FBE768
:107C2800E1B50301916103019F2A0401DD290401E3
:107C3800C5290401932A0401E123030169700201A3
:107C4800FDBF0201452804013B280401CD29040198
:107C58000D2B040179220401C5480301C124040144
:107C68008D2A04012DE9F84307464FF482708946AE
:107C780090461D46089E0AF05FFF044690B1062311
:107C88000370A0F80490A0F800810581877131463F
:107C98002A460A3009F0DCF820460421BDE8F843FA
:107CA80005F0C2BFBDE8F88330B585B00C4605467F
:107CB800FCF77AF90DF10B03019303AB8DF80B0078
:107CC80000930122042340F2064140F20110ADF86E
:107CD8000C508DF80E4005F03BF89DF80B20024B38
:107CE80033F8120005B030BD8ECF020130B585B033
:107CF8000C460546E9F724FC0DF10B03019303AB91
:107D08008DF80B0000930122042342F2770140F220
:107D18000110ADF80C508DF80E4005F019F89DF8DB
:107D28000B20024B33F8120005B030BD8ECF020194
:107D3800F0B585B002AE054607880396E5F718FB4F
:107D48000446014603A80AF059FC394603A80AF07C
:107D58005BFCCDE900560823032242F2780140F289
:107D6800011004F0F5FF024B33F8140005B0F0BD24
:107D78008ECF02011FB50146044604F11703E21D28
:107D880011F8010BE7F7A6FC0DF10F038DF80F00B2
:107D9800CDE900430122272342F2270140F20110D6
:107DA80004F0D6FF9DF80F20024B33F8120004B000
:107DB80010BD00BF8ECF020130B90A4B1A68198076
:107DC800094909681A807047012804D1074B1A68C5
:107DD80019800749F5E70228F5D1064B1A6819807A
:107DE8000549EEE7303F0141403F0141343F014141
:107DF800443F0141383F0141483F014138B50D4DED
:107E080001222A700C4A1468230608D50AF0D2FB0E
:107E180008B101F0E9FDE3F7F5FB24F0800424B193
:107E2800064B1B680BB12046984708F0F1FE00236B
:107E38002B7038BDB56D0220103F0141306D022016
:107E48000E4B1A78B2B90E4A4FF48051C2F884101A
:107E5800BFF34F8FBFF36F8F4900C2F88410BFF391
:107E68004F8FBFF36F8F0903C2F88410BFF34F8F92
:107E7800BFF36F8F1A7801321A707047B36D022002
:107E880000E100E010B504210446002006F061FF7F
:107E9800C8B1062384F8E23023230373D4F84431AD
:107EA80033F8172FA0F80D209B78C373D4F844310A
:107EB8001A7E197CD20962F34511197401462046CD
:107EC800F1F70CFB012010BD10B5044678B10D493F
:107ED8000D4A0B681807FCD11368DB06F9D1FFF7C8
:107EE800AFFF0120FAF729FF08F092F806E0FFF744
:107EF800A7FF06F0D1FB2046FAF71FFFBDE81040A8
:107F080005F0A2BD5C3801415838014138B5C36D50
:107F18005A78022A044618D193F8E430022B14D177
:107F28000A4B1B681B78022B0FD008200D780AF02B
:107F380003FE014648B109230370238883808571B5
:107F4800BDE8384008200AF0A6BC38BDDC02002095
:107F580010B4C36D0E4A93F8E730102B0C4603D1CA
:107F680011688978102910D012689078834289BFE7
:107F7800C0F11002E018001900219CBFC3F11002E3
:107F880000215DF8044B09F01BBC5DF8044B7047F9
:107F9800DC02002070B50546C06D18B10AF0CEFDB0
:107FA8000023EB650B4E3268002402F12C0300BF5E
:107FB80053F82420AA4208D128460AF0BFFD3368A6
:107FC80003EB84040023E36270BD0134082CEFD175
:107FD800FAE700BFDC02002038B5012004F0AAFF50
:107FE800044678B10B4809F05FFF054658B90223EB
:107FF80084F85330084C20681030EAF727F92368D2
:1080080083F8285038BD20460821BDE83840F3F7EA
:108018002DBD00BF25800301DC02002070B5064697
:10802800022004F087FF044690B100F112054022B7
:108038003146284608F00CFFA378092B09D12046C1
:10804800FAF7AAFE29462046FFF7E9FB0A23A370A0
:1080580070BD0B2BFCD12046BDE87040E8F70EBE82
:1080680010B50378022B04461BD1807807F0EEF98F
:10807800A0880AF039FAA3792BB1E389A28961892A
:108088002089E9F7E3F90AF06BFA0D2809D9237C6E
:108098000BB1ECF76BFF637C1BB1BDE81040F4F744
:1080A8007BB810BD38B505464FF482700AF044FD20
:1080B8000446C0B1E87A80000AF03EFD606090B1E5
:1080C800122323702B882381EA7AA272E96892002E
:1080D80008F0BEFE2046042105F0A6FD6068BDE854
:1080E80038400AF02BBD38BD0E4B024600681860B8
:1080F800908892799A7133F8042C988042F00202A1
:1081080023F8042CA3F57763D3F8683F5B0041BFDD
:10811800054B186808609B8846BF8B8000201F208D
:10812800704700BF70330141983301412DE9F04198
:108138000E4E002400F117074FF0270835682B78FA
:10814800E340DB070AD508FB0450102239462230E9
:1081580006F098FE003018BF0120A87033689B789D
:1081680013B90134082CE9D1BDE8F081E8020020F8
:10817800F0B587B00F4602AC014601A816461D4669
:1081880001940AF047FA394601A80AF043FA314641
:1081980001A80AF03FFA294601A80AF03BFA23464B
:1081A800102203490020F9F7A0FA07B0F0BD00BF7C
:1081B800000701000E4B0F4A196812680878C2F3CD
:1081C800403262F3861008701A6811786FF3010163
:1081D800117019680A7842F008020A701A6820219A
:1081E800D1701A68D17841F66A034B43136370471C
:1081F8003803002038380141122811D004D811283A
:108208004FF0010005D07047213802280ED901200F
:108218007047094B1A8860F383021A800020704760
:10822800054B1A88022161F38302F6E7024A138894
:1082380043F00C031380F1E7C034014170B50E4BD5
:108248001D880E4B03F58252441B9668A4B264F352
:108258001F46966003F582520139D66803F58253AA
:1082680064F31F46D66008441A69401B80B260F365
:108278001F421A6170BD00BFE402002000240141C2
:10828800F8B50F4E0F46044608B934683CB1394674
:108298002046F6F7D9F8235C25181BB9336000256A
:1082A8002846F8BD39462846F7F770F92B5C2A1896
:1082B80023B1531C336000231370F1E73360EFE7F9
:1082C800746D022038B504460D46C06A18B10922FB
:1082D800022104F085FBE5627DB1EA692B6923631D
:1082E8009B89083BA3869388E386EB690833A363DD
:1082F80029462046F1F7BEFB38BD00232363A38639
:10830800E3862B46F3E72DE9F04106460F4614466F
:108318009846002008F0A1FE054654B1304605F005
:108328003BF968B1C36C6BB9C464C0F85080A0F85D
:108338005A702946002009F03BF82046BDE8F08134
:108348000024F6E70024F4E790F88520C2F301132F
:1083580012F0300F0CD0012B14BF0023012383F03F
:10836800010390F8872063F3451280F8872070474F
:10837800436802689A1AB0F8663003EB4303B2EB1D
:10838800530F2CBF01230023E9E710B5044690F8EA
:10839800873013F0040303D0426C0AB1012010BDEA
:1083A800003B18BF012304F1400204F13C01606C5A
:1083B800FDF73AFC606438B194F8873043F0040361
:1083C80084F887300120EAE70020E8E710B5037851
:1083D8000B2BC2B0044617D1808803F0E3FC40B1F0
:1083E80005238DF8083002A8A388ADF80A30FDF7F8
:1083F8009BF900220434019200940C2340F23E5170
:108408004FF4827004F0A4FC012042B010BD90F833
:108418006C30D9070AD5826F42F080428267DA430E
:10842800C2F3C01262F3C71380F86C3090F86C3056
:108438009A0741BF0222027783F04002C2F38012FA
:108448004BBF62F38613012380F86C3003777047C3
:1084580010B5054C237833B9044B13B10448AFF376
:1084680000800123237010BD006902200000000075
:108478000000000008B5034B1BB103490348AFF3E4
:10848800008008BD00000000046902200000000010
:108498000346A0B180680D4A90420DD1B3F902207D
:1084A800022A0FD1996206221A8300229A835A83DC
:1084B80001205880D88370476FF00D0070476FF027
:1084C8000D0070476FF00C00704700BF5864022021
:1084D8000346A0B180680D4988420DD1B3F9021056
:1084E80002290FD19A6203221A8300229A835A839F
:1084F80001205880D88370476FF00D0070476FF0E7
:108508000D0070476FF00C00704700BF58640220E0
:1085180010B40D4B1C68002C14DD0C4B1968043981
:10852800002302E00133A34208D051F8042F002AA7
:10853800F8D0528D8242F5D1002000E001205DF88C
:10854800044B70470120FAE7986B02209C6B0220CD
:1085580010B502F00304920817D0A0F1040C4FEAFA
:10856800820E01EB820300BF51F8042B4CF8042F54
:108578009942F9D170443CB1421E181913F8011BF5
:1085880002F8011F9842F9D110BD0B46F3E700BF6E
:1085980070B506460024C473451E00BF15F8010FC8
:1085A80009F0BAFEC0B2287018B101340F2CF5D109
:1085B80070BDE2B2B31801361644C4F10E0456FA7F
:1085C80084F4202203F8012BA342FBD1F0E700BF7B
:1085D80010B40D4B1C68ACB10C4B1968043900235E
:1085E80002E00133A34209D051F8042F002AF8D041
:1085F800B2F85E208242F4D1002000E001205DF84C
:10860800044B70470120FAE7D86B0220E86B022080
:1086180009680C4B994213D010B40B4B18680B4BDC
:108628001C885CB100234268914204D07030013349
:10863800A342F8D100205DF8044B70470020FAE708
:10864800704700BF7F0000013C6C0220686902206F
:1086580010B40D4B1B680D4A148894B1002203E036
:1086680070330132A24208D0596C0029F8D0B1F811
:1086780000C08445F4D1486800E000205DF8044B50
:1086880070470020FAE700BF3C6C022068690220AE
:10869800E8B1F8B50E4615461C460746002008F016
:1086A800DCFC01460EB133687B600DB12B68BB6002
:1086B8000CB12368FB60002008F07AFE97F843307D
:1086C8009DF8182062F3041387F84330F8BD70470B
:1086D80010B50E4B1C6864B10146206860B171B1D9
:1086E800F8F752FA014668B12046FDF743FC00202E
:1086F80010BD6FF00500FBE76FF00500F8E76FF0BD
:108708000800F5E74FF0FF30F2E700BF446C0220A5
:108718008446008820F0C0000143ACF800102AB15C
:108728001068CCF810009288ACF81420074A5269F7
:10873800CCF80C200122ACF8162033B108B50CF1A6
:108748000401184604F0A2FC08BD70472866022000
:108758000D4B1B6803B9704710B50446012211463A
:108768000069F3F775FBA37D022B00D010BD064A04
:108778001368013B1360002BF8D1F2F7A7FE034BF7
:1087880000221A60F2E700BF506C0220486C0220F9
:1087980008B50346084619680C4A116459681165FA
:1087A80099681166D96811671969C2F88010596902
:1087B800C2F890109969C2F8A010DB69C2F8B0300D
:1087C800022103F06FF9012008BD00BF0006004434
:1087D8000D4B01221A601A46136913F0010FFBD1E1
:1087E800094B10221A6003221A734FF6FF729A83FC
:1087F80033229A72054A0021116020225A721A46C1
:108808001369002BFCD1704700140040EC6A022069
:1088180038B5044609F0C9F8002C15DB63090B4983
:1088280051F8235004F01F04E54005F0010501222A
:10883800A240203341F82320BFF34F8FBFF36F8F3F
:1088480009F0BCF8284638BD0025F9E700E100E04A
:10885800D8B170B50C461546064681B1036F13F1C1
:10886800020F06D00023F7F73DFF6FF48773984295
:1088780004D12A4621463046E4F736F970BD002A6D
:108888000CBF00206FF0AC00F8E76FF0AC00704749
:108898007FB58DF80F00DBF7E5FC0DF117030193A9
:1088A8000DF10F038DF8170000930122202342F2E7
:1088B8000A0140F2011004F04BFA9DF81720034B0F
:1088C80033F8120007B05DF804FB00BF8ECF020139
:1088D8001FB58DF80D108DF80C00FDF715F80DF18A
:1088E8000B03019303AB8DF80B00009301220223C5
:1088F80042F27C0140F2011004F02AFA9DF80B20A4
:10890800024B33F8120005B05DF804FB8ECF02016C
:108918007FB502AE05460396F6F744F804460146CD
:1089280003A809F06BFE298803A809F06DFECDE9BC
:1089380000560E23032242F2200140F2011004F0F7
:1089480007FA024B33F8140004B070BD8ECF020151
:108958007FB58DF80F00F8F709F80DF117030193AB
:108968000DF10F03009301238DF817001A4642F208
:108978002D0140F2011004F0EBF99DF81720034B8C
:1089880033F8120007B05DF804FB00BF8ECF020178
:108998007FB5ADF80E0002F06BFC0DF117030193E3
:1089A8000DF10E038DF8170000930122022342F205
:1089B8002E0140F2011004F0CBF99DF81720034B6B
:1089C80033F8120007B05DF804FB00BF8ECF020138
:1089D8001FB58DF80D108DF80C00EEF7F5FB0DF1B5
:1089E8000B03019303AB8DF80B00009301220223C4
:1089F80042F2740140F2011004F0AAF99DF80B202C
:108A0800024B33F8120005B05DF804FB8ECF02016B
:108A18007FB502AD0646039507F078FB044601468C
:108A280003A809F0EBFD317803A809F0EDFD002358
:108A380000930195022240F6484140F2011004F0EB
:108A480087F9024B33F8140004B070BD8ECF0201D1
:108A580038B505460C4607F0F7FAA8B10B4B18686D
:108A68002946043009F0E2FD60B190F8F8305BB1B6
:108A780090F83430237050F8283F1360838893802F
:108A8800002038BD4220FCE70C20FAE7280200202D
:108A98004144563A6164645265712C6576743D258B
:108AA800642C62573D256C75287573292C696E7482
:108AB800766C3D256C75287573292C72616E676517
:108AC800324F66667365743D256C75287573290089
:108AD800084A094900231360084A1360084A1360CA
:108AE800084A1360084A1360084A0620136009F010
:108AF800AFBD00BF446D02202DBA0101486D0220B0
:108B08003C6D0220406D0220300200202C02002023
:108B180010B50B210446002006F01BF9B8B1D4F8B3
:108B2800B431262202731A88A0F80D205A88A0F8BA
:108B38000F209A88A0F81120DA88A0F813201B8942
:108B4800A0F8153001462046F0F7C8FC012010BDFA
:108B5800D0F8B8110A8B4B8B9A4217D8063A92B2C2
:108B680040F67A40824211D8063B9BB283420DD828
:108B78008B8BB3F5FA7F09D2C88B0A3880B240F6DE
:108B8800764398428CBF0020012070470020704730
:108B98001FB590F8E23090F8E420002914BF302186
:108BA800202113F0300F01D111420DD0CDE901324F
:108BB800064B0093EC2001230222D421E9F7C6FFDB
:108BC800002005B05DF804FB0120FAE774E8030112
:108BD8003A2808B50FD10D4B186890F82830042BA7
:108BE80009D8013380F8283041F288311030BDE8C7
:108BF8000840E5F767BF022004F09CF920B108217E
:108C0800BDE80840F2F732BF08BD00BFDC02002013
:108C1800E69D350E480103CCDBFDF4AC1191F4EF71
:108C2800B9A5F9E9A7832C5E2CBE97F2D203B02030
:108C38008BD28915D08E1C742430ED8FC245637693
:108C48005C15525ABF9A32636DEB2A65499C80DCE9
:108C580008B50A4A0421012007F0CEFF084803F0AE
:108C680081FA084803F096FA074808F085F807499A
:108C7800042006F00BFC002008BD00BF81A80301FA
:108C88005D9C010169800301990D040125240201FD
:108C980010B50E4A0321012007F0AEFF09F040FF8E
:108CA80010B90024204610BD00F080FE0028F8D03E
:108CB80003F068F90028F4D000F05AFE04460028B2
:108CC800EFD001F0A9FB09F033FCEBE73D2A0401E2
:108CD8001FB50B7B0290022B8DF80C300ED101686A
:108CE8008B6F43F480038B67009202AB082207491D
:108CF8000120FBF7BEFB05B05DF804FB272B01BF85
:108D08000168CB6F43F00203CB67EDE70006010172
:108D1800122917D00BD8112911D00C4B1B68C3F39B
:108D28004113012B07D1000100F519707047222962
:108D3800F9D02329F1D1800100F266307047C000D4
:108D4800E63070478000C230704700BFC034014130
:108D580010B5044609F078F80369FE2B81BF00239B
:108D680063770368826894BF01239B18064A98BFFB
:108D78006377126898BF43699B1A044A11689BB2CB
:108D880063F30F01116010BDE40200204C3401416F
:108D980010B50E4C3C20218801F0C2FD61884420AA
:108DA80001F0BEFDA388002203211C2005F058F91C
:108DB800E38810221621142005F052F92389102285
:108DC80016216420BDE8104005F04AB98003002050
:108DD80010B53C2003F026FA0C4C2080442003F008
:108DE80021FA0022608003211C2006F028FE1022B0
:108DF800A0801621142006F022FE1022E080162101
:108E0800642006F01CFE208110BD00BF80030020F6
:108E180030B40446481E07E010F8011F03F8011B90
:108E2800551E39B12A461C462346002AF4D120464D
:108E380030BC7047A0183DB103F8011B8342FBD139
:108E4800002CF4D130BC70471846002CEFD1F9E75C
:108E580070B5C0B10D4C2268A0F11005A2B150F850
:108E6800101C43189A42136807D110331269026024
:108E78000B4440F8103C256005E01033D618B54285
:108E880002D11944116070BD0260F4E7786D0220C8
:108E9800474154543A44617461207263762C4F7090
:108EA8003D30782530327800474154543A44617453
:108EB80061207263762C6E6F20617661696C206325
:0F8EC8006F6E6E2C68646C3D3078253034780006
:108ED80010B5044605F0E8FD40B1A38EB3F5805FF8
:108EE8000AD30921204601F0C3FD00B910BD0323B0
:108EF80063830023A383F9E70621204601F0B8FD28
:108F08000028F3D0052363830023A383EEE70346F9
:108F1800020AB0F58E4F24BF203A62F30F23C0B285
:108F2800462884BF203860F30703C3F30722392A91
:108F38008CBF373A303AD2B2DBB2392B8CBF373BD1
:108F4800303BD8B240EA0210C0B2704710B504F006
:108F580087FBB0B1044690F8863013F0200F09D192
:108F680090F8873043F0010380F887300121EFF74C
:108F780043FE40B1002201212046FAF7A0FC01205F
:108F880000E0002010BD0120FCE74B68052B13DD35
:108F98000B685A78042A12D190F8602012F0040F56
:108FA80010D1D3F80230C36390F8643043F004035F
:108FB80080F86430062070474FF0FF3070474FF05C
:108FC800FF3070470620704737B5D0E9035401AA2F
:108FD8006946008902F05EFF88B1009B9A7B920681
:108FE8000FD49A6821881288914288BF22802288EB
:108FF8005968284607F02CFF002003B030BD032035
:10900800FBE70120F9E710B50024C0E90040ECF7C0
:10901800D9F8A8B1F023037403F5E2634361072389
:1090280003834FF48073A0F82130FF2380F82530A4
:10903800032380F84740847680F89430204610BD9A
:109048000720FCE710B509210446002005F081FE41
:10905800B0B115230373B4F86430A0F80D30B4F838
:109068006630A0F80F30B4F86030A0F81130B4F8CA
:109078006230A0F8133001462046F0F72FFA01209D
:1090880010BD59B1437E212B10D009D8112B13D014
:10909800122B08BF012018BFFF207047837EF2E71C
:1090A800222B0BD0232B08BF0220F4E7C37E002B12
:1090B8000CBF022003207047002070470320704730
:1090C80070B50468A36F43F08003A36705460E4696
:1090D80004F0D9FF90B9A36F23F0800343F4007321
:1090E800A3672846F0F73AFB2046012100F062FF0B
:1090F80031462846BDE87040CFF7E4BA70BD4C321F
:10910800433A44617461207263762C6F703D307805
:1091180025303278004C32433A44617461207263DE
:10912800762C6E6F20617661696C20636F6E6E2C91
:1091380068646C3D30782530347800534D503A449B
:10914800617461207263762C6F703D3078253032FF
:109158007800534D503A44617461207263762C6EE6
:109168006F20617661696C20636F6E6E2C68646C29
:109178003D3078253034780038B50546006808B1A8
:1091880009F0D8FB0A4B1B68043B002453F8042F52
:10919800AA4203D00134082CF8D138BD284609F07A
:1091A800C9FB034B1B68002243F82420F5E700BFE6
:1091B8006C6B0220034698B181680C4A91420CD12D
:1091C800B0F90220022A0ED105221A8300229A83BE
:1091D8005A8301205880D88370476FF00D0070477C
:1091E8006FF00D0070476FF00C0070475864022054
:1091F80010B5044605F058FCB8B1A28E12F0200F45
:109208000FD104F01DFBE36A984204D201212046E5
:1092180001F02EFC09E06FF00A01204604F044F941
:1092280003E0618C204603F0D5F810BD38B514462C
:1092380081B10D460121FCF797F8034688B1856096
:109248000CB100222270586807F056FB284638BD3A
:109258002046FCE76FF00203002CF9D023700020B1
:10926800F5E74FF0FF33F7E7022815D008B58C462D
:109278001946134662460120E3F754FAB0F1FF3F5E
:1092880009D0074B1B6853F8202092F83E3043F072
:10929800020382F83E3008BD4FF0FF30704700BF30
:1092A8009C6B0220036A13F0010F16D170B50546B6
:1092B800046964B1094E00E04CB1214624680B8A68
:1092C80013F0010FF8D13068C3689847F4E7034BEF
:1092D8001868C3682946984770BD7047C06B02205C
:1092E800B0F5805F12D010B401460A4B18680A4BDB
:1092F8001C886CB1002342888A4204D07030013344
:10930800A342F8D100205DF8044B70470020704755
:109318000020F8E73C6C022068690220D0B108B54B
:10932800034690F8422012F0400F01D1002008BDFA
:10933800D1F800E0D1F804C08868CA68C3F82CE006
:10934800C3F830C058639A6303F12C00FFF720F983
:109358000120ECE700207047F8B506460B4B1C6867
:109368000B4B1F8857B10025314604F1670007F001
:109378003AFF48B170340135BD42F5D13046FCF7AB
:1093880093F8FFF7ADFF04462046F8BD3C6C022079
:109398006869022070B50C460B4D05EB00150020DE
:1093A80007F05BFE01462E8926EA04032B8114F49C
:1093B800807F03D0054A1368013B1360002007F043
:1093C800F7FF304670BD00BFA05B0220186C02207A
:1093D80038B505460C46084607F040F850B194F8F1
:1093E800423013F0080F0FD02B7E012BFDD163689C
:1093F8000BB9002038BD236923B96069003818BF4C
:109408000120F7E70120F5E70020F3E74B68052B7B
:1094180014DD0B685A78032A13D990F8602012F0EB
:10942800040F08D1D3F80220826390F8642042F038
:10943800020280F864205878023070474FF0FF30FD
:1094480070474FF0FF30704738B1034690F842201C
:1094580012F0400F03D1002070470020704710B56C
:10946800074A146854B1184608F0D1FE682303FB74
:10947800004494F8600000F0010010BD0020FCE7F3
:10948800586C022008B50D4B5B69B3B10E2914D88E
:109498004FF4A243CB4013F0010F0ED038B1074A66
:1094A800B0F8581001238B40D1680B43D3600022D9
:1094B8004FF480710E20FAF7E3FA08BD38680220ED
:1094C80070B590B90C4615460B4807F0D5FF78B132
:1094D800094E56F8083B1B6829462046984704461B
:1094E800304607F021FA204670BD4FF0FF34FAE706
:1094F8004FF0FF34F7E700BFCC6A022070B590B98F
:109508000C4615460B4807F0B7FF78B1094E56F8D8
:10951800083BDB682946204698470446304607F052
:1095280003FA204670BD4FF0FF34FAE74FF0FF34DE
:10953800F7E700BFCC6A0220431E13F1030F0FD8D0
:1095480083B2042B0ED80A4A02EB4312D269824234
:109558000AD15A0106498A5C42B101EB43107047AF
:109568000020704700207047002070470020704797
:10957800246202200C4B93F830300BB10120704765
:1095880010B54FF0FF31094808F0F4F9012801D06F
:10959800002010BD044C94F90800FFF739F984F84D
:1095A80031000120F5E700BF4067022078670220FC
:1095B80010B50446FFF7DEFFB0B12046FFF7BCFF49
:1095C800044678B1437843B900202075607520704F
:1095D800044604F021F9204610BDFAF701FB0023E8
:1095E8006370F1E70124F4E70124F4E7D8240001CB
:1095F800DC240001EC2400010025000110250001F5
:109608002025000120250001302500017C0F0001E4
:1096180009000000303A03010000000000000000CB
:109628000000000000000000094B1B68094A12688E
:10963800D06A50B9084A12681343012B06D8074B61
:109648001868074B1B68C01A70470020704700BF96
:10965800C86C0220E06C0220C4640220B06C0220B6
:10966800CC6C022010B504460A4B1B680A4A1268E3
:1096780003449A4204D0074A13682344136010BD78
:1096880005F054FE054A13680133136007F012FF12
:10969800013CF0E7CC6C0220B06C0220C06C0220C8
:1096A8000346A8B1C1650C4AC26402F1883202655A
:1096B80002F12942A2F59612A2F68B624265A2F146
:1096C8008832826500201860586098601866704774
:1096D8006FF0AC00704700BF01234567072816DC10
:1096E80000EB40030B4901EB8301002351F82320D1
:1096F80012F1020F05D1013003330828F6D10020FA
:10970800704700EB4000034B03EB800070470020DC
:10971800704700BF2865022038B5456802290BD07C
:10972800044603681B6808492846984723681B684D
:1097380006492846984738BD1346FF225968044809
:1097480009F028F8F7E700BF0827000120270001E3
:10975800A400002008B5037A012B15D893B9FBF7AC
:1097680083F870B90146012003F084FA0220FFF75C
:109778008FF830B9054B1A68137843F0010313705A
:10978800002008BD0320F2E70320FAE7D4010020F7
:1097980038B50B4D0B49062008F0BEFA2A680A496D
:1097A800C2F88411002400BF04F188022B68013438
:1097B80053F8220001F00AFC082CF5D1002038BD2E
:1097C800D4010020806F03015997000138B5037850
:1097D8000C2B044617D1808802F0F4FC98B1037A68
:1097E8000025DB0745720ED54FF4827009F0A4F905
:1097F80048B110220270A288828085710421BDE8D8
:10980800384004F011BA38BD63280401BBD1030104
:1098180005280301A174020151E0020139FF030187
:10982800E5FE030155FF03017D120301D18F0301FA
:10983800E524040100000000C5880101E54D02018E
:10984800D9CB02011FB50146044611F8010BEBF70D
:10985800F1FB0DF10F038DF80F00CDE90043012254
:10986800202342F2080140F2011003F071FA9DF83A
:109878000F20024B33F8120004B010BD8ECF020146
:109888001FB50146044611F8010BEBF737FC0DF143
:109898000F038DF80F00CDE900430122202342F287
:1098A800090140F2011003F053FA9DF80F20024B12
:1098B80033F8120004B010BD8ECF02011FB5014667
:1098C800044611F8010BF1F7C1F90DF10F038DF8FA
:1098D8000F00CDE900430122072342F2110140F2B3
:1098E800011003F035FA9DF80F20024B33F81200EF
:1098F80004B010BD8ECF02011FB58DF80C00FDF726
:109908007FFC0DF10F03019303AB009301238DF846
:109918000F001A4640F6494140F2011003F018FAC8
:109928009DF80F20024B33F8120005B05DF804FBD8
:109938008ECF020130B587B004AC0D46039405F014
:10994800B5FD03A8002108F059FE294603A8062200
:1099580007F082FE0194002400942346072241F276
:10996800090140F2011003F0F3F9204607B030BDB9
:1099780038B50C4C2368254663B12B688C2200212E
:10998800184607F01DFF18224270074808F05AFED3
:10999800012038BD8C2009F0CFF820600028ECD1D8
:1099A800F7E700BFF46C0220991F020138B50B4C91
:1099B800236825465BB12B68094A1A602B68C3E9FE
:1099C8000122DA60074AC3E90422012038BD1820C1
:1099D80009F0B2F820600028EDD1F7E7E80100208F
:1099E800352B0401392B04010B4B1A6842F4801201
:1099F8001A600A4A118E6FF3C71111861A6A02F4A7
:109A08004032B2F5003FF9D15A6822F400025A6098
:109A1800034B00221A7070470040014100240141A5
:109A2800AB6D022038B504460D460020092105F02B
:109A380090F988B1094B05731A681368C0F80D309E
:109A48005368C0F81130037C23F0080303740146FF
:109A58002046EFF743FD012038BD00BF700200200B
:109A680038B506210546002005F073F9044690B183
:109A78000C23037308F074FD074B6073C4F80E30B1
:109A880095F8F23043F00803284685F8F23021466D
:109A9800EFF724FD012038BDCD00ED030B4B1B78FB
:109AA80013F0060311D10A4A13700A4A08214FF429
:109AB8007060013911F0FF0110809370C2F8033013
:109AC800A2F8073002F10A02F3D17047BB6D0220F9
:109AD800BA6D022088650220F8B50D4D06460F467E
:109AE80000242B88B3F5706F08D0AB78B34205D14A
:109AF8000622E91C384605F0C5F938B10134E4B24C
:109B0800082C05F10A05ECD10020F8BD0120FCE77E
:109B18008865022010B590F8F4309B0704460FD1F1
:109B2800F6F74CFE08B9002010BD40F22113A4F846
:109B3800E23094F86D3043F0200384F86D30F3E799
:109B48000A2105F040FF0028EDD040F22243EEE75D
:109B580070B50446B8B10C4D2B68D3F88061FEF798
:109B68006FF966B926602B68D3F8843163601C608E
:109B78002B68C3F88441BDE8704003F065BFA64276
:109B8800F9D03668EDE770BDCC020020F8B50D4D70
:109B980006682B8840F6FE6293429ABF01339BB257
:109BA80000232B8040F6FE772C88204604F0EEFE3A
:109BB80008B93480F8BDBC429ABF0134A4B200246D
:109BC8002C80F1E7B802002010B5044686B0C06DBD
:109BD8000A4B019304220DEB020102ABA030DCF723
:109BE8007FF9074B0193E36D042216330DEB020155
:109BF80002A8DCF775F906B010BD00BF31706D74AE
:109C08007262656C0C4B10B50C46186008F09EFD2E
:109C1800002002F0EFFA012002F0ECFADCF7C6FEB1
:109C2800E8F7A0FA204600F00BF8044B00221A606F
:109C3800BDE8104000F058BEE40200205C6D022030
:109C480010B50C4C20B900F2731008F075FF2060B5
:109C580040F273120021206807F0B2FDFCF7F4FC13
:109C6800002005F003FD044A136843F0080313605D
:109C780010BD00BFE8020020D038014110B54FF0F8
:109C880000030C4A51B192F9011090F900408C423E
:109C980007DB017043F00203184610BD92F9021069
:109CA800F3E792F903209442DCBF027043F001030A
:109CB800F2E700BFEE02002010B50A6802B910BD35
:109CC800537FABB11169CC7814F0010F14BF07238F
:109CD800012314F0020F18BF0633240744BF0233D0
:109CE800DBB20B4490F85240D97864F30501D9707F
:109CF8001268E3E71FB50C4B01930C4B04461A6836
:109D08001B79CDF8092002210DF10E008DF80D30D8
:109D1800F3F700FA002301A88DF80830ECF7ACFD42
:109D280084F8520004B010BDDF4D17C2150300209F
:109D380010B590F86C309B07014616D5D0F8AC30BA
:109D48009BB190F821201C8922441A8108F0BCF8A4
:109D5800D1F8AC3018895A89904206D1C1F8B03090
:109D68000846BDE8104008F0C9BA10BD4FF4001C01
:109D78001CEB410F98BF1CEB430F11D851EA030CA1
:109D880050EA4C0C5CEA020C0CD004D282428B41A3
:109D980080410130704790429941804101307047BD
:109DA8000020704701207047434D443A5365745072
:109DB8007269766163794D6F64652C616464723D84
:109DC8003078253032782530327825303278253091
:109DD800327825303278253032782C6D6F64653DC5
:039DE800256400EF
:109DEC0070B50C46154603F0D5FB90B1064605F050
:109DFC0016FD78B14DB1B368234432689A420AD843
:109E0C0072689A4203D2002004E03368F4E7B3602E
:109E1C0000E0002070BD0020FCE7CAB110B59446EC
:109E2C00426902F1060E19B10C68146089889180A0
:109E3C00DCF80010C2F80610BCF80410AEF80410E0
:109E4C005BBA9381026993890E339381012010BD13
:109E5C000020704700B583B00023019301A900686E
:109E6C00F2F780F818B9002003B05DF804FB019BF1
:109E7C005BB14FF0E0234FF08052C3F8042DBFF3D9
:109E8C004F8FBFF36F8F0120EEE70120ECE700B599
:109E9C0083B00023019301AA0068ECF715FB01289D
:109EAC0003D0002003B05DF804FB019B53B14FF0CD
:109EBC00E0234FF08052C3F8042DBFF34F8FBFF354
:109ECC006F8FEFE70120EDE770B50446008908F0CD
:109EDC001DFE90B120896589A68902F071F970B1D7
:109EEC00F22280F84C20A0F84450A0F8466032468C
:109EFC002946BDE87040F5F791BD042070BD0320E4
:109F0C00FCE7434D443A5365745478506F7765724F
:109F1C005265706F7274696E67456E61626C652C08
:109F2C0048646C3D307825782C4C6F63616C3D2512
:109F3C00642C52656D6F74653D25640038B590F8DE
:109F4C00F430DB07044615D5B0F8541142F2107505
:109F5C00694300F5BC70E4F7B3FDB4F8561104F591
:109F6C00C8706943E4F7ACFD94F86E306FF34103AD
:109F7C0084F86E3038BD37B50546012008F08CFDED
:109F8C00044698B100F110031E2101A8019308F0BA
:109F9C0033FB28462246012105F040FD054610B151
:109FAC00204608F0B7FD284603B030BD0225FAE77D
:109FBC0010B5044690F8B43031B123B9B0F8B830CC
:109FCC000133A0F8B83010BD5BB90146B630F4F7D8
:109FDC00F9F994F8BA3084F8B6300123A4F8B83003
:109FEC00F1E7BDE81040F5F73BBE10B581213C20F0
:109FFC0000F094FC8121442000F090FC00231A46D0
:10A00C0003211C2004F02AF803231022162114200B
:10A01C0004F024F80323102216216420BDE810401C
:10A02C0004F01CB8B8B110B501460B4B1B68043BCF
:10A03C00002400BF53F8042F8A4203D00134082CAB
:10A04C00F8D110BD084608F073FC034B1B680022C6
:10A05C0043F82420F5E77047686B022010B40C4BD2
:10A06C001C68211F002302E00133082B0BD051F890
:10A07C00042F002AF8D0B2F808C08445F4D19372AA
:10A08C0054F8230000E000205DF8044B704700BF3B
:10A09C006C6B022010B5044604F004FD50B1A38E85
:10A0AC0013F0080F07D04FF490520021204600F017
:10A0BC00F8FC30B910BD6FF00801204603F0F2F93E
:10A0CC00F8E7022363830023A383F3E7D0F88C30F3
:10A0DC0023B1022906D0012909D07047064BC0F8DC
:10A0EC008C30F6E7D0F88C30044A5A617047D0F8BF
:10A0FC008C30034A5A60F0E77466022058630220E1
:10A10C0098630220D0F8A43003F58053D3F888204C
:10A11C000A70D3F88820120A4A70D3F88820120CDF
:10A12C008A70D3F88820120ECA70D3F88C200A716A
:10A13C00D3F88C301B0A4B710020704738B599B19D
:10A14C000D460121FBF70EF988B144682946E068F9
:10A15C00E9F788F80546A38843F00203A38020465C
:10A16C0006F0C8FB284638BD6FF00605FAE74FF03D
:10A17C00FF35F7E7F8B506F099FE6FEA80446FEA11
:10A18C009444A4B24FF480454FF6FF764FF4404709
:10A19C002046FEF7BBF938B9B4421ABF0134A4B259
:10A1AC003C46013DF4D100242046F8BD08B50B4BCC
:10A1BC001B68002B02DD827D022A00D008BD013B0A
:10A1CC00064A1360002BF9D1054B18680028F5D00E
:10A1DC0008F022F8024B00221A60EFE7AC6B022069
:10A1EC00B06B022010B502460C460068884205D1BF
:10A1FC00104604F099FF20460DE0184658B103684C
:10A20C00A342FAD1236803605368A34204D0936835
:10A21C00013B9360204610BD5060F8E7F8B502F0A2
:10A22C00B9FC6FEA80446FEA9444A4B24FF48045C1
:10A23C004FF6FF764FF440472046FEF7C7F938B982
:10A24C00B4421ABF0134A4B23C46013DF4D10024FF
:10A25C002046F8BDF8B50C461546074650B1673098
:10A26C0006F000FE06461CB115B12EB90023237072
:10A27C003046F8BD0026F6E7013D2A4607F1670196
:10A28C00204608F085FA00236355F1E70C4B1B6858
:10A29C0083B190B15A6802609A684260DA69826050
:10A2AC00DA8C82811A68526AC2811B68DB6803826D
:10A2BC00002070476FF0050070470020704700BF0A
:10A2CC00446C022099B110B584B003460C46094980
:10A2DC00886850B1002100910194029203931023DD
:10A2EC006A460146044802F00EFF04B010BD00207F
:10A2FC00704700BF28660220486602204B68022B7C
:10A30C0010DD0B685A78012A0FD19B788B60022BD9
:10A31C000ED190F8603013F0040F0CBF03204FF0F7
:10A32C00FF3070474FF0FF3070474FF0FF307047F1
:10A33C0003207047A1B110B586B003460C460949FD
:10A34C00086858B10021019102940391049205937D
:10A35C00142301AA0146044802F0D5FE06B010BD34
:10A36C0000207047486C0220D869022000000000D1
:10A37C00000000002C7302200100F40137420000A1
:10A38C0000A0004188180301A8E3030100000001AC
:10A39C00140000200100000078000020470000009D
:10A3AC0000000000094B4FF4FA321A60084B83226C
:10A3BC001A60084B5E221A604FF0E02300221A61EB
:10A3CC009A61054A5A6107221A617047906C022003
:10A3DC008C6C0220886C0220FFF301000278042AA6
:10A3EC0014D80B4B19680A701A688178517141782E
:10A3FC0051701B68C2789A710279DA71C07830B1E9
:10A40C005A7842F008025A700020704703207047B7
:10A41C00DC02002007B50A4808F07CF8094B0A4A10
:10A42C001A604FF0FF3300936846CDF803303F239A
:10A43C008DF8073008F076FB03B05DF804FB00BF25
:10A44C00D9240401DC010020252B04011FB504468E
:10A45C00E7F76EFF0DF10F038DF80F00CDE9004308
:10A46C000122202342F2060140F2011002F06EFCA0
:10A47C009DF80F20024B33F8120004B010BD00BF42
:10A48C008ECF02011FB50446E4F772FE0DF10F03E7
:10A49C008DF80F00CDE9004301220E2342F2130187
:10A4AC0040F2011002F052FC9DF80F20024B33F8E1
:10A4BC00120004B010BD00BF8ECF02011FB50446C0
:10A4CC00DCF78AFF0DF10F038DF80F00CDE9004387
:10A4DC000122082342F2320140F2011002F036FC54
:10A4EC009DF80F20024B33F8120004B010BD00BFD2
:10A4FC008ECF02011FB50446ECF7D4FA0DF10F0311
:10A50C008DF80F00CDE9004301220C2342F27E01AD
:10A51C0040F2011002F01AFC9DF80F20024B33F8A8
:10A52C00120004B010BD00BF8ECF02011FB504464F
:10A53C00F4F774FA0DF10F038DF80F00CDE9004319
:10A54C000122052342F2140140F2011002F0FEFB3D
:10A55C009DF80F20024B33F8120004B010BD00BF61
:10A56C008ECF02011FB50446F6F792F90DF10F03D9
:10A57C008DF80F00CDE900430122062342F20501BC
:10A58C0040F2011002F0E2FB9DF80F20024B33F871
:10A59C00120004B010BD00BF8ECF02011FB5F8F73A
:10A5AC00C1FF0DF10F03019300238DF80F000093F1
:10A5BC00012242F2100140F2011002F0C7FB9DF89B
:10A5CC000F20034B33F8120005B05DF804FB00BFFD
:10A5DC008ECF02011FB5F6F791F90DF10F03019320
:10A5EC0000238DF80F000093012242F2290140F262
:10A5FC00011002F0ABFB9DF80F20034B33F8120057
:10A60C0005B05DF804FB00BF8ECF02011FB5F2F759
:10A61C000BFF0DF10F03019300238DF80F00009336
:10A62C00012242F2250140F2011002F08FFB9DF84D
:10A63C000F20034B33F8120005B05DF804FB00BF8C
:10A64C008ECF02011FB5044600F0C0F80DF10F03C8
:10A65C008DF80F00CDE9004301220A2342F27D015F
:10A66C0040F2011002F072FB9DF80F20024B33F800
:10A67C00120004B010BD00BF8ECF0201094A0A4976
:10A68C0000231370094A0B604B601146C2E900327B
:10A69C0041F8083FD160064A118863F3C301118069
:10A6AC00704700BFB76D02203C6B0220886A022005
:10A6BC00203E014100B593B041F20403ADF80030E7
:10A6CC0003888DF80410ADF8063059B9D0F8B421D0
:10A6DC001068516802AB03C3684600F0ADFD13B0BF
:10A6EC005DF804FB0023CDE90233F5E790F8E23086
:10A6FC00052B01D0032B14D1D0F8B4318BB1B1F8A8
:10A70C0001201A81D0F8B431B1F803205A81D0F865
:10A71C00B431B1F805209A80D0F8B431B1F80720E3
:10A72C00DA80704713B50C46087000212046FFF7FD
:10A73C00A3FA084A94F9003053700193064B009326
:10A74C00022201232E21EC20E8F7FEF9002002B0B2
:10A75C0010BD00BFEE02002048EA030113B50C4601
:10A76C00087000212046FFF787FA084A94F9003058
:10A77C0013700193064B0093022201232F21EC202E
:10A78C00E8F7E2F9002002B010BD00BFEE02002095
:10A79C0038ED03010B4A30B500230A2404FB03F106
:10A7AC008D5A854208D14FF470635352064A137880
:10A7BC00013B1370002030BD0133082BEED1022079
:10A7CC00F9E700BF88650220BA6D022007B50B4B74
:10A7DC0002881A8042885A8082889A80C288DA80DD
:10A7EC0002891A81064B0093022201233C21EC20A2
:10A7FC00E8F7AAF9002003B05DF804FBBA020020C8
:10A80C00B505040110B50446B0B1C08804F0BCF81D
:10A81C0020B9204608F090F9022010BD23790122BE
:10A82C0062F3051300222371226022812146006805
:10A83C0006F0B6FC1046F0E70720EEE7597F010161
:10A84C0061530101F135020111ED0201E5CE030165
:10A85C0031D4030129AC030107D403017DB30301F7
:10A86C00DDD30301052B0301C578020185720201BA
:10A87C00157F030110B5047A4FF4827008F05AF971
:10A88C0020B10D220270042103F0CCF9064B0434E4
:10A89C001B6853F824302BB113211888BDE81040E5
:10A8AC0004F0ABB910BD00BFE0020020094B0A4A0E
:10A8BC0018800A4B1880C3B203F10B00183BD370FD
:10A8CC00074BC2F8053040B2907010705070107188
:10A8DC00F9F79CBCF8020020EE020020EC020020EC
:10A8EC00E2D8CEF608B5082001F09AFC074B188088
:10A8FC001F2001F095FC064B1880512001F090FCB4
:10A90C00044B1880044BFF221A7008BDFE02002075
:10A91C00FC020020FA020020000300200C4BD3F8AC
:10A92C00002C60F31742C3F8002CD3F8002C61F311
:10A93C000F02C3F8002CD3F8042C42F48012C3F895
:10A94C00042C00BFD3F8042CD202FBD4704700BFF8
:10A95C00002401410C4B03F5D3521520D16860F350
:10A96C001F61D160D168192003F5835360F317413F
:10A97C00D1609A68062161F31F729A609A6802216D
:10A98C0061F31B629A607047002401410378013324
:10A99C00DBB20370ABB943780133DBB2437083B9DC
:10A9AC0083780133DBB283705BB9C3780133DBB2DC
:10A9BC00C37033B902797F2A01D103717047013218
:10A9CC000271704730B50C4A0146002012F8103065
:10A9DC001BB902EB4002507830BD0C6825789D42C3
:10A9EC0009BF02EB4003431C5878013414BFD8B2A2
:10A9FC000C600A28EAD9EFE71A1204014FF4001C84
:10AA0C001CEB410F98BF1CEB430F11D851EA030C00
:10AA1C0050EA4C0C5CEA020C0AD004D282428B4104
:10AA2C00804140427047904299418041404270477A
:10AA3C00002070474FF4001C1CEB410F98BF1CEB1F
:10AA4C00430F11D851EA030C50EA4C0C5CEA020C8F
:10AA5C000AD004D2904299418041404270478242D0
:10AA6C008B418041404270470020704710B504462E
:10AA7C00012380F830304186032380F8313083681D
:10AA8C005B88C386EBF786FA002803DB033818BF14
:10AA9C00012010BD6FF00B01204602F003FD0020D9
:10AAAC00F7E710B50446012380F83030418680F872
:10AABC003130828683685B88C386EBF76BFA00289B
:10AACC0003DB033818BF012010BD6FF00B012046CB
:10AADC0002F0E8FC0020F7E710B5044603F0E2FFB3
:10AAEC0048B194F8353013F0100F05D000212046F2
:10AAFC00FFF7BCFF30B910BD6FF00701204602F024
:10AB0C00D1FCF8E7022363830023A383F3E710B59A
:10AB1C00044603F0C7FFA0B1A38E13F0080F0BD0AF
:10AB2C004FF4905200212046FFF7BBFF48B104239D
:10AB3C0063830A23A38304E06FF00801204602F02C
:10AB4C00B1FC10BD38B50446D0F8A850EB690069CB
:10AB5C00984701280CD02B6A2069984748B9EB6BB1
:10AB6C0004F14402002120699847042384F84A30F8
:10AB7C0038BD204604F044FEFAE710B501F056FC4F
:10AB8C0060B10446038A53B9238C63B9204606F09E
:10AB9C00D4FEA4220021204606F010FE10BD103079
:10ABAC00E5F7D0F9F0E704F12000E5F7CBF9EDE794
:10ABBC0000B593B0024641F20503ADF800300388AE
:10ABCC00ADF8043052F8FF3FCDF806305368CDF89D
:10ABDC000A30B0F80831ADF80E30684600F02CFBA6
:10ABEC0013B05DF804FB10B5C27D90F8ED3004464F
:10ABFC008AB99A070BD50F212046E8F751FA08B904
:10AC0C00002010BD112384F8E2300120F9E7012166
:10AC1C00E7F758F8F3E79B07F2D5ECE713B590F894
:10AC2C00593004469BB1C26D0191137843F0020375
:10AC3C001370C06D022201A900F59E7006F000FD94
:10AC4C00E06D082201A900F59F7006F0F9FC02B036
:10AC5C0010BD38B504680546FDF7F0F8A36F23F076
:10AC6C00800343F48043A36702F0ECFEA36F5A0603
:10AC7C0009D4227D0AB99B0005D528460021BDE8E0
:10AC8C003840CDF71DBD38BD10B40B4B1C680023EC
:10AC9C00A11C02E00133082B0AD011F82320012A51
:10ACAC00F8D134F823208242F4D104EB830000E085
:10ACBC0000205DF8044B70473C67022078B1826835
:10ACCC00094B9A4208D1094BDB6859B103F00103D7
:10ACDC0001330B70002070476FF00D0070476FF060
:10ACEC000D007047002070475864022000B00041EE
:10ACFC0038B5044683685A6915689A7A014608483B
:10AD0C00A84718B10146012806D138BD0023E363DA
:10AD1C0004236383A383F8E7204602F0C3FBF4E724
:10AD2C008818030108B502460068884204D1104611
:10AD3C0004F0E8FE0DE0184658B103688B42FAD1D6
:10AD4C000B68036053688B4204D09368013B93609B
:10AD5C00084608BD5060F8E7A0B170B506460A4C2D
:10AD6C0004F1200502E00834AC4209D061680029E6
:10AD7C00F9D0304606F035FA0028F4D1207800E0FE
:10AD8C00002070BD0020704774F103010A4B834210
:10AD9C000ED179B110B48C46084C0FCCACE80F0036
:10ADAC0094E803008CE8030001205DF8044B704725
:10ADBC00002070470120704768690220506902200A
:10ADCC00A0B110B50446B0F8423044F240021A4229
:10ADDC0001D1012010BD0323042201460448F6F7DB
:10ADEC0047FE2046F9F742FC0120F3E700207047AC
:10ADFC006869022010B50346006D70B15B6C1B6B6B
:10AE0C0098470446C0434FF49D53054A0549C0F387
:10AE1C00C010FCF77BFE204610BD6FF00D04FAE766
:10AE2C00401804013C210001F8B505460669836809
:10AE3C005888FDF70BFC074606F014F8C41CEB8988
:10AE4C00A34208D33046032300F8013B394607F0F0
:10AE5C0099FC2046F8BD4FF0FF30FBE760B908B510
:10AE6C000A4B93F9003053B1084B5B6853B19B68A4
:10AE7C0006488068984708BD4FF0FF3070474FF088
:10AE8C00FF30F8E74FF0FF30F5E700BFC06A022053
:10AE9C0060B908B50A4B93F9003053B1084B5B68A5
:10AEAC0053B1DB68064A9068984708BD4FF0FF30F5
:10AEBC0070474FF0FF30F8E74FF0FF30F5E700BF79
:10AECC00C06A022060B908B50A4B93F9003053B13F
:10AEDC00084B5B6853B15B6906488068984708BDAE
:10AEEC004FF0FF3070474FF0FF30F8E74FF0FF3076
:10AEFC00F5E700BFC06A022038B570B90A4806F001
:10AF0C00B9FA68B1084D55F8083B1B6998470446D7
:10AF1C00284605F007FD204638BD4FF0FF34FAE710
:10AF2C004FF0FF34F7E700BFCC6A022038B570B998
:10AF3C000A4806F09FFA68B1084D55F8083B5B6962
:10AF4C0098470446284605F0EDFC204638BD4FF0E6
:10AF5C00FF34FAE74FF0FF34F7E700BFCC6A02206A
:10AF6C0038B570B90A4806F085FA68B1084D55F83D
:10AF7C00083B9B6898470446284605F0D3FC2046BE
:10AF8C0038BD4FF0FF34FAE74FF0FF34F7E700BF5E
:10AF9C00CC6A022038B570B90A4806F06BFA68B171
:10AFAC00084D55F8083B5B6898470446284605F061
:10AFBC00B9FC204638BD4FF0FF34FAE74FF0FF34B0
:10AFCC00F7E700BFCC6A022038B580B10A4D2A6879
:10AFDC00002402F5087300BF53F82420824207D1E5
:10AFEC0007F0AAFD88342B68002243F8242038BDD2
:10AFFC000134082CF0D1FAE7D401002070B5C388D5
:10B00C000A4E022B054604D133681B780BB1EDF7C1
:10B01C0001FB0024336803EB84032846D3F8FC318E
:10B02C0001349847092CF5D170BD00BFD401002024
:10B03C0000000000A5E1010175FE0301B5F9020154
:10B04C0045270301899D0201BD01030175F9030127
:10B05C00590B040151DF0201EB540201DD10030115
:10B06C0093F903011FB504460146E27911F8010B6F
:10B07C00E8F772FC0DF10F038DF80F00CDE90043DA
:10B08C000122082342F24E0140F2011001F05EFE53
:10B09C009DF80F0004B010BD98B10A4A50F8043C5A
:10B0AC00126813420DD050F8081C51B9064923EA16
:10B0BC0002030A6840F8043C134408380B60FBF7A1
:10B0CC006BB97047006D0220046D022038B5044640
:10B0DC0090B10379C3F3801504F08AFF074B1B680A
:10B0EC00002203EBC503226059680C605C6022717E
:10B0FC00BDE8384003F0BCBA38BD00BF146D022067
:10B10C0008B568B1084B1B68984740B1074B012242
:10B11C001A70074B1B78002B0CBF1046022008BD81
:10B12C00024B1870FBE700BF206D0220B16D0220AE
:10B13C00AB6D022010B592B041F20C04ADF800409A
:10B14C0090F8F2408DF804306FF34104038880F8D6
:10B15C00F2406846ADF806308DF808108DF80920DD
:10B16C0000F06AF812B010BD434D443A5365745068
:10B17C006174684C6F73735265706F7274696E672B
:10B18C00456E61626C652C48646C3D3078253034BA
:10B19C00782C456E61626C653D25640038B50B4BAF
:10B1AC001C6800250CB9284638BDA3681A7A052AF4
:10B1BC0009D1186890F8F230DB0604D5E3F7A8F94A
:10B1CC00002818BF05462468ECE700BFD402002015
:10B1DC0039B1837E212B0DD005D8123B58425841F2
:10B1EC007047437EF6E7222B0AD0232B0CBF02209C
:10B1FC0000207047C37E002B0CBF02200320704739
:10B20C00032070470D2811D9094B1B681A7942F09D
:10B21C003001197107490968096B89075CBF62F035
:10B22C004F021A715A7942F001025A71704700BFED
:10B23C00700200203802002013B503880193094BDB
:10B24C0000930446012302225F21EC20E7F77CFCEB
:10B25C00054B1B6823B1204602B0BDE810401847CF
:10B26C0002B010BDBE2204014C6D022013B50A4B76
:10B27C00019004460093022201232821EC20E7F7D9
:10B28C0063FC064B1B6800219C840320F2F7DAFF59
:10B29C00002002B010BD00BF8D1804013802002040
:10B2AC00017B427B0B0721F008010173084944BF65
:10B2BC00131DDAB2036908681B1A1344B3F5C06F87
:10B2CC008CBFA3F2026303F1FF33CB60704700BF66
:10B2DC008002002008B5C38800F10801D8B213F42D
:10B2EC007F4309D0B3F5807F09D0064B196800F075
:10B2FC0007FF81F84C0208BDE8F794F8F5E7F0F782
:10B30C006BFBF2E7CC02002010B5C469601A10F494
:10B31C00800F0FD14C4008490C420BD003EB920329
:10B32C00084040F271225043B3EB500F2CBF012068
:10B33C00002010BD0120FCE7FFFF7F0090F8523089
:10B34C00012B08BF826DC36908BF9B1A074A11689D
:10B35C00D1F8502208BFC3F3160312B9C1F850320A
:10B36C0002E09A1A5202F9D4704700BFCC020020B6
:10B37C0013B590F85930044693B1C26D019113780E
:10B38C0043F008031370C06D01A900F5AC7006F012
:10B39C007BFFE06D062201A900F2591006F050F96E
:10B3AC0002B010BD12280B4B11D003D8112807D0B6
:10B3BC000A3106E021380228FAD801F5D37100E0F1
:10B3CC004C311A8861F30E021A8000207047373115
:10B3DC00F7E700BF6C3801410A4B1B68012003F0F2
:10B3EC000F0300FA03F34EF21C021A4042B1064B53
:10B3FC001A8842F010021A801A8802431A80002020
:10B40C00704700BF5C380141283A014130B50A4A07
:10B41C000A4B02F584541B882568C01A80B202F5C9
:10B42C00825260F30F052560C91A136889B261F363
:10B43C000F03136030BD00BF00240141E402002063
:10B44C0010B5EFF719F9044660B9074A1378990754
:10B45C0008D443F002030548137007F08DF9044833
:10B46C0007F078F9204610BD986902204D2401019F
:10B47C00FBF6020138B50A480A4D016821B9436848
:10B48C0013B907F09CFB38BD0389426855F823308B
:10B49C0000F10C042046984704EB8000EDE700BF58
:10B4AC0000440001B417040110B504468268136906
:10B4BC0013F0060F08BF43F0040313F0380F08BF56
:10B4CC0043F0200313610121FFF7D0FA00B910BD3E
:10B4DC00042363830123A383F9E770B506460D4665
:10B4EC0002F058F888B1C46A7CB1E1692269026340
:10B4FC009289083A82868A88C286E2690832826317
:10B50C002A4600213046EAF7AFF870BD9446A2B146
:10B51C0090F871308B4201D000207047012901D086
:10B52C0000207047DCF80030036490F8873043F05B
:10B53C00040380F887300120704700207047F8B56D
:10B54C0005460769866806B12C36304605F08AFC3C
:10B55C00C41CEB89A34208D33846042300F8013BF2
:10B56C00314607F00FF92046F8BD4FF0FF30FBE7EE
:10B57C0010B550B94FF0E0234FF08052C3F8042DB2
:10B58C00BFF34F8FBFF36F8F10BD044606F072FBF5
:10B59C0000212046E7F7D6FEDEF78EFD0028F3D11A
:10B5AC00E8E730B40D68B5F1FF3F11D000F10803A6
:10B5BC001C465B681A68AA42FAD963684B609960AA
:10B5CC008C606160086103680133036030BC7047B4
:10B5DC000469F2E700B593B0826802238DF8043059
:10B5EC001368CDF806305368CDF80A309368CDF85F
:10B5FC000E30D368CDF8123001A802F085FF002080
:10B60C0013B05DF804FBF7B506460C461F4601A8BF
:10B61C0002F10C0315460193043406F0F3FFBDF858
:10B62C00201001A806F0EEFF2B46A2B23946304698
:10B63C00F6F74AFC03B0F0BD38B590F84E308B42AB
:10B64C00044610D1002580F84E504FF4827007F05C
:10B65C0071FA38B11322027022888280042102F020
:10B66C00E1FA284638BD0120FCE738B5800085B2E8
:10B67C0003F05AFF044600BF00BF00BF0821A942D7
:10B68C0000D338BD03F050FF844288BF01F2E24181
:10B69C00091B10FA81F189B20446F0E7022806D0A2
:10B6AC00032807D0012810D10A32D00070470B3282
:10B6BC009000704701294FEAC2020CBF02200820FB
:10B6CC002B32424302F5BC7070470020704700B526
:10B6DC00836F93B043F40013836741F20703ADF813
:10B6EC0000300388ADF80430036ECDF80630436E9D
:10B6FC00CDF80A306846FFF79FFD13B05DF804FBE8
:10B70C00434D443A52656D7465436F6E6E50617271
:10B71C00615265714E65675265706C792C48646C2A
:10B72C003D3078253034782C726561736F6E3D2511
:10B73C006400434D443A577269746541757468509E
:10B74C0061796C6F616454696D656F75742C4864B4
:10B75C006C3D3078253034782C74696D656F757458
:10B76C003D2564000A4652F8013FC0F8FF3053688B
:10B77C00C0F80331B1F80930A0F808310A4652F884
:10B78C000B3FC0F80A315368C0F80E31D1F81330B2
:10B79C00C0F81A317047D0F8B831818F9A8B91422A
:10B7AC0010D1C18FDA8B91420CD193F820204AB979
:10B7BC00428F198B914205D8588B90422CBF002098
:10B7CC00012070470120704770B504468068002541
:10B7DC0050B1028943899A4206D10668A66007F0E7
:10B7EC00ABF901353046F3E7A0602DB1A9B2204684
:10B7FC00BDE8704002F0F9BB70BD4FF4001C1CEBAF
:10B80C00410F98BF1CEB430F0CD850EA410C08BFFA
:10B81C0052EA430C08D0904208BF99420CBF012059
:10B82C00002070470020704701207047434D443A78
:10B83C0052656164417574685061796C6F616454D0
:10B84C00696D656F75742C48646C3D3078253034A7
:10B85C00782C74696D656F75743D256400434D4497
:10B86C003A536574446174614C656E6774682C4816
:10B87C00646C3D307825782C74784F6374657473E0
:10B88C003D25642C747854696D653D256400010078
:10B89C0084460A4B1A68131F1C3201E093420AD0EB
:10B8AC0053F8040F0028F9D0C1780129F6D101888A
:10B8BC006145F3D100E00020704700BF686B0220A7
:10B8CC0038B5044683685A6955681A8A0146074890
:10B8DC00A847011E01DB21B138BD204601F0E2FD75
:10B8EC00FAE7042363830523A383F5E78818030190
:10B8FC00D0F8A420C8788B781B0443EA006308783E
:10B90C000343487843EA002302F58052C2F888309A
:10B91C0048790B7943EA0023C2F88C300020704739
:10B92C0008B5094A536A99B2516240F20642134271
:10B93C0004D0064A136843F001031360BFF35F8F12
:10B94C000020F0F723FF08BD00B00041806B0220FF
:10B95C000368C2689AB1002205E081680B44013289
:10B96C00C16891420BD9197811F0010FF5D01978F3
:10B97C0021F001011970416A01394162EDE770470C
:10B98C0038B501F007FE08B9002038BD0446074D54
:10B99C004FF0FF31284605F0D9FF2046FAF776FA2A
:10B9AC00284604F0A7FF0120EFE700BF886B0220B8
:10B9BC0010B50A4B00221A6050B104464368382176
:10B9CC009847014620B1E36820469847034B1C601A
:10B9DC00024B1868003818BF012010BDC06B022044
:10B9EC0070B5037C13B90024204670BD04460D4687
:10B9FC0000F10C064FF0FF31304605F0A7FF294649
:10BA0C002046FEF7EFFB0446304604F073FFEBE7ED
:10BA1C0090F87030032B01D0082B0FD18268C368CB
:10BA2C009A4203D2981A013880B270474168006874
:10BA3C00091A0139D21A8B1A98B270470020704734
:10BA4C0008B54068C26A42B108494B6992689B1AB2
:10BA5C008A6B934201D32C3000E0183000F0D4FFF5
:10BA6C00034600B1031F184608BD00BF286602201C
:10BA7C00024689B14118094800EBC0035B0003EB97
:10BA8C00C013034403EB002303EB006012F8013BEB
:10BA9C0058409142F0D1704700487047C59D1C81B9
:10BAAC0038B5EFF3108572B6084C20634FF4804321
:10BABC0063600F2262601140A160A36002F026FC5B
:10BACC004FF40043A36085F3108838BD0006004492
:10BADC0000B583B08DF80710084B5888F9F7D2FDE4
:10BAEC00022802D003B05DF804FB01220DF107011E
:10BAFC00024B5888FFF7E6F9F4E700BF646C0220AC
:10BB0C00C2698369D21A00D1704770B584B00446FB
:10BB1C0006684568054901A804F02DFD336801A9A4
:10BB2C0028469847E369A36104B070BDE422000184
:10BB3C00F0B585B000F120058269521B01D105B02A
:10BB4C00F0BD044607684668044901A804F013FDDB
:10BB5C003B6801A930469847A561F0E7EC2200014B
:10BB6C00024660B10749006808600748002303607B
:10BB7C00436052884A80054A1360012070470020B8
:10BB8C00704700BF646C0220FC6A0220606C0220CB
:10BB9C0090B938B50C46094B93F900305BB1074BA3
:10BBAC005D6845B1084605F05DF902466B692146B2
:10BBBC0002488068984738BD704700BFC06A0220B1
:10BBCC000A4B5B6B73B168B1002105E09A68801A6F
:10BBDC0099609B6933B128B19A688242F6D39A680E
:10BBEC00121A9A60014B5A691A6170474067022019
:10BBFC0070B506F0A9FE0546084C63689B6998472A
:10BC0C0004F020FFD4E90A23841843F100062846E7
:10BC1C0006F09EFE2046314670BD00BF40670220F4
:10BC2C0008B5094B1B683BB14FF0FF31074805F0D5
:10BC3C008DFE054B186808BDF2F7C4F8024B1B6863
:10BC4C00002BF6D0F0E700BF846C0220806C022041
:10BC5C0038B588B10C46054609B9204638BDFFF702
:10BC6C00DFFF38B12246294604F0DCFC034804F01F
:10BC7C0041FEF2E70024F9E70024EEE7806C022095
:10BC8C0000B587B0002000900590074B019301236D
:10BC9C000293064B03930B2304936946EEF78CFA3D
:10BCAC0007B05DF804FB00BFF4950301F03C030101
:10BCBC0000F1840C034600211A46013311706345D0
:10BCCC00FAD1431E00F18301002000BF13F8012FAD
:10BCDC0010439942FAD1003818BF0120704700BFB9
:10BCEC00A65AD0F345DB4E0EFFE875C3A2E71F4200
:10BCFC00C7129D620FF5C119A9EF55F05185E0FBF4
:10BD0C008581F9317517276E06E9607DDBCBCC2E6A
:10BD1C0063363377E41E86468DEB0AB4A8ED683F94
:10BD2C006A134E47E014C700454E81E95358A56984
:10BD3C00808AA38F2A72A62359915A9F8A04CA68B3
:10BD4C0010B400231A46094C54F82310814207D032
:10BD5C0001320333082AF7D100205DF8044B7047F9
:10BD6C0002EB4202014800EB8200F6E72865022054
:10BD7C0038B50A4C002525706570A570E5704FF636
:10BD8C00FF73A380E380FBF7D1F82A464FF486714A
:10BD9C004020F9F76EFF606138BD00BF88000020BD
:10BDAC0010B50A4B1A6802F5087102F5107200BF43
:10BDBC0051F8043B23B1DC7814B11C88844202D0C6
:10BDCC009142F5D10023184610BD00BFD4010020CC
:10BDDC0008B50849082005F09DFFFDF7D7FC40B9D0
:10BDEC00054B064A1B68C3F88821BDE8084004F0DF
:10BDFC00D5B808BDBC290401D4010020D5830301AA
:10BE0C00202870B504460E460ED8084D286820220E
:10BE1C000021013005F0D2FC286822463146013061
:10BE2C0005F014F8002070BD0320FCE7D4010020BD
:10BE3C0073B50D460A2104461646FFF7FDFB68B99B
:10BE4C0004F15C00E6F700FA01366B1E00969BB21B
:10BE5C00B4F8502021880B20FBF702FF02B070BD14
:10BE6C0073B50D460C2104461646FFF7E5FB68B981
:10BE7C0004F15C00E6F7E8F901366B1E00969BB204
:10BE8C00B4F8502021880D20FBF7EAFE02B070BDFB
:10BE9C0010B50A4B1B681B680BB918460DE09C8942
:10BEAC008442F8D8DC898442F5D313609A895B68A4
:10BEBC00801A03EB00100860012010BDE401002083
:10BECC0070B50A4B1B689C6805460E460CB920469B
:10BEDC0070BD2379AB4206D12A463146A06802F0E8
:10BEEC00CFFF0028F3D02468F0E700BFE401002066
:10BEFC0070B504464FF482700E4606F01BFE70B10E
:10BF0C000B2202702288828018250022C2800572C2
:10BF1C00C0F80A204672042101F084FEE57470BD5D
:10BF2C0010B50A4B1A68002302F16C01CC7834B1BD
:10BF3C000C88844203D11B3302EB830010BD013308
:10BF4C00082B01F10401F1D10020F7E7F46C022079
:10BF5C0038B50A4C23680C2101FB003105464869B1
:10BF6C0008B106F0E9FD0C2005FB0003206818441D
:10BF7C00002303604360836038BD00BFF46C022073
:10BF8C0038B5094C236825463BB12B68074AC3E9F1
:10BF9C000022C3E90222012038BD102006F0CAFDA0
:10BFAC0020600028F1D1F7E7FC6C02203D2B040146
:10BFBC0038B50379044603F0070504F019F800239B
:10BFCC002360064B03EBC5035A6814605C6002F0F7
:10BFDC004FFBBDE8384004F025BE00BF180200201E
:10BFEC0038B50379044603F0070504F001F8002383
:10BFFC002360064B03EBC5035A6814605C6002F0C7
:10C00C0037FBBDE8384004F00DBE00BF180200201D
:10C01C00084B1A6842F005021A601A685207FCD4E1
:10C02C001A68D207FCD4044B1B680B80034B1B68AB
:10C03C0003607047143E01410C3E0141083E014132
:10C04C0000B593B00C23ADF8003000238DF804300C
:10C05C000388D0F8E820ADF8063090F8EC30029266
:10C06C0068468DF80C30FFF7E7F813B05DF804FB69
:10C07C0090F8E23003F0EF03032B02D1D0F8B43187
:10C08C0033B990F8E430132B09D1D0F8B83133B16F
:10C09C004A789A708A78DA70B1F803209A807047DF
:10C0AC0007B5094B93F90320027093F902300B701A
:10C0BC00064B0093022201232921EC20E6F744FDD4
:10C0CC00002003B05DF804FBEE020020B022040156
:10C0DC00434D443A53657452616E64416464722CEE
:10C0EC00616464723D3078253032782530327825A1
:10C0FC00303278253032782530327825303278005D
:10C10C000A4B1B68D3F8FC215AB9D3F8000250B97A
:10C11C00B3F8F82142B9D3F80802B0FA80F040091C
:10C12C007047002070471046704700BFCC020020BB
:10C13C0010B5FBF783FE094B1B68D3F8804134B173
:10C14C00D4E9001239B14A60D4E900231A6001F035
:10C15C0079FC204610BDC3F88421F5E7CC02002001
:10C16C000A4B1B68D3F89C2142B1D3F8A02122B111
:10C17C00D3F8A42142B104207047012203EB8203BF
:10C18C00C3F89C01002070470222F7E7D40100207D
:10C19C000A4B1A68D2F8A83143B1D2F8AC3123B1AA
:10C1AC00D2F8B0313BB10420704701236A3342F816
:10C1BC002300002070470223F8E700BFD4010020C1
:10C1CC0010B50A4B1A6802F11001303251F8043BD9
:10C1DC0033B193F88D40012C02D11C88844202D0DB
:10C1EC009142F3D10023184610BD00BFE00200209D
:10C1FC0048B9094B1A6842F004021A601A68D10552
:10C20C00FCD501207047054B1A8842F004021A80B5
:10C21C001A68D205FCD5F4E7203A0141283A0141CD
:10C22C000A4BD3F8002C60F31742C3F8002CD3F858
:10C23C00042C42F48022C3F8042C00BFD3F8042C45
:10C24C005203FBD4D3F8280C80B270470024014170
:10C25C0084B007B50DF1100C8CE80F003A238DF863
:10C26C00043005226B4605490120F5F73CFA002005
:10C27C0003B05DF804EB04B0704700BF0105010189
:10C28C0000B5014689B028B101280ED0002009B0B4
:10C29C005DF804FB03AB1422184605F08FFA079ADD
:10C2AC0000920FC8EBF742F8F0E7EAF785FAEDE7F2
:10C2BC0084B008B50DF1080C8CE80F00036893F8F6
:10C2CC006D2012F0100207D00020DEF7A9FCBDE8AB
:10C2DC000840002004B07047102104F09FFDF6E7E1
:10C2EC00D0E92423B2EBD30F0ED3B2EB930F0DD3C3
:10C2FC00B2EB530F2CBF002002209B1A032B28BF3C
:10C30C0001200630C0B270470420F6E70320F4E7A2
:10C31C0010B590F86C30044623F0030380F86C30B1
:10C32C00FBF78CFDA36F1A0644BF23F08073A36741
:10C33C00A36F23F04003A36701F084FB002010BD22
:10C34C00064B1A680AB9064A1A60064A116809B9F6
:10C35C00054911601A68054B1A607047E06A0220A3
:10C36C0010740220DC6A022010840220D86A022099
:10C37C0053B94AB9002908BF00281CBF4FF0FF3140
:10C38C004FF0FF3006F004BCADF1080C6DE904CEA3
:10C39C00D5F77EFCDDF804E0DDE9022304B070473C
:10C3AC00434D443A5365744461746152656C6174D5
:10C3BC006564416464724368616E67652C68646C83
:0FC3CC00653D25642C726561736F6E3D256400BD
:10C3DC0008B511F4805F0AD00B0A13F0020F0BD1D1
:10C3EC0012F0200F14BF00216FF00A0101E06FF072
:10C3FC00070101F057F808BD6FF00901F9E7C30810
:10C40C0003F00203420802F08002134300F004021E
:10C41C001343420202F480621343020902F0400209
:10C42C001343400900F010001843704710B568B171
:10C43C00044690F90820022A0AD1828812F0010FD2
:10C44C0009D04FF0FF3105F081FA02E0002400E042
:10C45C000024204610BD0024FBE770B505460E46AF
:10C46C00002004F0F8FD0146EC6834B1236A13F0A7
:10C47C00080F02D036B10024EC60002004F096FFC7
:10C48C00204670BD0024F8E710B5044690F85C30E7
:10C49C00012B02D00023E36010BD0121FFF7DDFF6B
:10C4AC000028F7D0E068FCF7FBFEB4F85630013BEF
:10C4BC00A4F85630EEE738B5037C03B938BD044612
:10C4CC0000F10C054FF0FF31284605F03FFA2046ED
:10C4DC0002F02AFE0028FAD1284605F02EFA002395
:10C4EC002374EBE798B1022903D0012908D000206E
:10C4FC00704790F8420080F00800C0F3C00070470D
:10C50C0090F8420080F01000C0F30010704700203B
:10C51C00704710B50446B0F92400B0F1FF3F09D1C3
:10C52C00E06818B105F078FE0023E3602046F8F7C8
:10C53C0009FD10BDFFF724FA4FF6FF73A384EFE754
:10C54C0038B505460C460B8813F0400F08D0043064
:10C55C00211DFFF745FA2146286804F03BF938BD48
:10C56C0013F0800F14BF183005F12C00F0E74B6866
:10C57C00052B0DDD0B685A78042A0CD19A78CA74F5
:10C58C00DA788A741A794A745B790B7406207047CE
:10C59C004FF0FF3070474FF0FF3070474B68052B62
:10C5AC000DDD0B685A78042A0CD19A78CA75DA78A2
:10C5BC008A751A794A755B790B75062070474FF0AE
:10C5CC00FF3070474FF0FF3070474B68052B0DDD87
:10C5DC000B685A78042A0CD19A78CA76DA788A765B
:10C5EC001A794A765B790B76062070474FF0FF304C
:10C5FC0070474FF0FF3070474B68082B10DD0B680D
:10C60C003D221A7007225A7001229A70DA1C00B16E
:10C61C003C300168C3F8031083889380092070476D
:10C62C004FF0FF30704770B5054601F02FF9044606
:10C63C00B5F85460013E00FB06F604F037FC6400CC
:10C64C00B0FBF4F303FB140333442B6001F0F6F856
:10C65C00686070BD90B110B5044690F83D304BB990
:10C66C0024220021204605F0A9F8E36A20469847C9
:10C67C00002010BD383005F060F9F1E76FF00800CC
:10C68C00704770B506460D461446FFF759FB034636
:10C69C0020B11E605D609C60002070BD6FF00100D9
:10C6AC00FFF74EFB03460028F3D16FF08300F4E74D
:10C6BC0070B50589B5F5706F04460ED2867A042ED6
:10C6CC000BD82846FFF76CFB38B1D4E9032331466D
:10C6DC002846BDE87040F3F715BA032070BDB0F5DD
:10C6EC00706F2DE9F04104460D4616461F460AD2DE
:10C6FC00FFF756FB38B13B46324629462046BDE88B
:10C70C00F041F5F74BBB0320BDE8F08110B5C0B08C
:10C71C00FFF776FB044668B90A230DF103010DF10E
:10C72C0002008DF8003002F06FFE044610B9684626
:10C73C00F8F7F8FF204640B010BD73B502F10C03BA
:10C74C0006460C4601A815460193043405F05AFF21
:10C75C0001A8052105F056FF2B46A2B20021304658
:10C76C00F5F7B2FB02B070BD38B50446008906F08F
:10C77C00CDF960B12089E568FFF722FD48B1F022C0
:10C78C0080F84C202946BDE83840EFF74DB804201E
:10C79C0038BD0320FCE700B593B0D0F8B83141F2B6
:10C7AC000602ADF800200288ADF8042068469A69AC
:10C7BC00DB69CDF80620CDF80A30FEF73DFD13B04D
:10C7CC005DF804FBF0B500240746204665B2AB4289
:10C7DC0000DCF0BD0E5D12F804C0351AA5EB0C059B
:10C7EC00EDB2AE4202D034BF012000203D550134E1
:10C7FC00ECE7484F53543A436D64207263762C47F0
:10C80C0072703D3078253032782C5375623D30781B
:10C81C00253032782C4F703D3078253032780043FB
:10C82C004D443A456E68616E63656452656164544B
:10C83C0078506F7765724C6576656C004552523A4C
:10C84C005374617475733D30782578004C4C4350AB
:10C85C003A496E7374616E74557064617465642CBE
:10C86C0048646C3D3078253034782C6F70436F649D
:10C87C00653D30782530327800534D503A47656E1F
:10C88C00206B65792C64686B6579206661696C0036
:10C89C00534D503A47656E206B65792C656469760B
:10C8AC00206661696C00012A8446094B03F1200162
:10C8BC0001E08B420AD053F8040F0028F9D04278DB
:10C8CC00012AF6D142886245F3D100E0002070477E
:10C8DC009C680220034658B18068084A904204D1F3
:10C8EC0049B1DB6B0B60002070476FF00D00704797
:10C8FC006FF00D0070470020704700BF5864022095
:10C90C0060B18168084B994205D152B1064B5B88E6
:10C91C001360002070476FF00D0070476FF00D0032
:10C92C0070470020704700BF5864022008B5074BC1
:10C93C00834203D1054B93F8243003B908BD044856
:10C94C00028B044B53F822309847F7E758640220C7
:10C95C007C640220D8FA030110B5044602F0A2F858
:10C96C0078B1A36A4BB194F83410C1F3800211F082
:10C97C00100F18BF42F004021A800021204600F06C
:10C98C0091FD10BDB5B4030121180201FF2D030167
:10C99C00FDAC0301CDB80301B78A0201D90604012D
:10C9AC0081790301C10604011BAB0301BB22030106
:10C9BC00094B1B7E13F0010F07D013F0020F07D1A8
:10C9CC00054843F00203037670474FF0FF30704781
:10C9DC004FF0FF30704700BF3071022008B509B12D
:10C9EC0080F82E10836813B1C168984708BD05F014
:10C9FC002BFD0128FAD905F021FD0249F4F798FA2C
:10CA0C00F4E700BFCC1A000138B5037C13B900243D
:10CA1C00204638BD044600F10C054FF0FF31284686
:10CA2C0004F094FF204602F07FFB0446284603F0F6
:10CA3C0061FFEDE790B1844690F8420010F0400F92
:10CA4C0001D10020704710B5DCF84400446CDCF8D0
:10CA5C005000A047B0FA80F0400910BD002070478C
:10CA6C0010B50446002004F0F6FA0146A369636091
:10CA7C00E369A360236AE360002004F097FC94F858
:10CA8C00433023F0100384F8433010BD90B108B547
:10CA9C0090F8422012F0400F01D1002008BD0A6826
:10CAAC00B2F1FF3F04D000F051FE00F00100F5E7B9
:10CABC000120FAE7002070470B4661B1096861B1AB
:10CACC002AB10749B1F900108A42B8BF0A465A8107
:10CADC009A8101207047002070470020704700BFEA
:10CAEC00206C022038B50446002004F0B4FA054648
:10CAFC0004EB4404054800EB840002F015FB0446EB
:10CB0C002946002004F052FC204638BDC4620220A5
:10CB1C0008B5084B5B7A63B1064B987AC0B23322E6
:10CB2C009A72054B1B6823B118B1034B59681B68EB
:10CB3C00984708BD00140040EC6A022008B5084B69
:10CB4C005B7A63B1064B987AC0B233229A72054B6A
:10CB5C001B6823B118B1034B59681B68984708BD73
:10CB6C00001C0040F46A022000030000F9D7030106
:10CB7C00C9940301A1AF03016DAF03010595030136
:10CB8C0005AF030139AF0301F7690201411C040130
:10CB9C00F92A040100B583B000230193FFF740F894
:10CBAC0020B104220DEB020103F03CFD034803F01D
:10CBBC00A1FE019803B05DF804FB00BF806C02205D
:10CBCC004FF0807340F8043C21F0010140F8081C40
:10CBDC00054B40F80C3C40F8202C6FF0020340F859
:10CBEC00243C4438704700BF15F3030108B54FF0DF
:10CBFC00200383F31188BFF36F8FBFF34F8FDAF7E6
:10CC0C0043FA28B14FF0E0234FF08052C3F8042DC3
:10CC1C00002383F3118808BD10B588B08C466FF0E3
:10CC2C0001010691002105910C9C04940B9C03942A
:10CC3C000A9C02940193009263460A46ECF76AFA46
:10CC4C0008B010BD10B5094A0178002312F8334022
:10CC5C008C4205D102EBC3035B689847012010BDE1
:10CC6C0001331F2BF2D10020F9E700BF681202013B
:10CC7C00094B1B681A7832B908B1EBF7CBBC03F53A
:10CC8C00F270E5F7E1BA28B1032903D1D3F8743176
:10CC9C0001201847704700BFD401002010B5094B84
:10CCAC001A6802F11001303251F8043B2BB19C7A16
:10CCBC00012C02D11C88844202D09142F4D1002371
:10CCCC00184610BDD8010020A53D02018D7501014B
:10CCDC0001740301ADFE03016533030153FD020131
:10CCEC00A13D030109CF0201D59E030175C70301C4
:10CCFC000000000070B5C47A0D460023D9B28C42F6
:10CD0C0001D880200BE0C16801EB830101330E8850
:10CD1C009642F3D16868498805F010FF002070BD79
:10CD2C0038B5054604200C46F4F7D6FA68B183886A
:10CD3C00C58003F0F80343F4407343F00103838090
:10CD4C008460BDE83840FAF7A5B938BD1FB5094C69
:10CD5C0024686CB1ADF80630069B0293079BADF8C6
:10CD6C000000ADF80210ADF8042003936846A0470C
:10CD7C0004B010BD246D0220084B1A6842F0050265
:10CD8C001A601A685107FCD41A68D207FCD4044BF9
:10CD9C001968043B89B2186805F042BE143E014183
:10CDAC000C3E0141074B1A8842F040021A801A6867
:10CDBC005206FCD4044B1B680360044B1B680B80AD
:10CDCC00704700BF143E0141003E0141043E014149
:10CDDC0010B502210446002001F0B9FF50B11D230B
:10CDEC000373054B1B681B7B437301462046ECF712
:10CDFC0073FB012010BD00BF7002002010B5022192
:10CE0C000446002001F0A3FF50B11E230373054B11
:10CE1C001B681B7B437301462046ECF75DFB01202E
:10CE2C0010BD00BF7002002038B590F8E430054604
:10CE3C000C4673B90820E7F7D5FDC5F8B801E388AF
:10CE4C00C3802146D5F8B83151F8012F1A600A7900
:10CE5C001A7138BD38B50546D5F8A84104B938BDA6
:10CE6C002368C5F8A8311BB905F5D473C5F8AC31E6
:10CE7C00A06805F061FE204605F05EFEECE700BF01
:10CE8C0007B5084B1B68187259729A72064B0093BF
:10CE9C00022201233821EC20E5F756FE002003B0D6
:10CEAC005DF804FB700200208A120401094B012872
:10CEBC0015BF18681B68D0F85832D3F85C226FEA9B
:10CECC0001010BBF0A400B40C3F85C22C0F858327A
:10CEDC00704700BFCC02002013B5044680B101910D
:10CEEC000DF1030001A905F0CFF904F16000E5F79D
:10CEFC00ABF900239DF8032001212046EBF7C2FF7C
:10CF0C0002B010BD10B5094B1A6802F12C014C325D
:10CF1C0051F8043B23B11C88844201D19C7814B98C
:10CF2C009142F5D10023184610BD00BFDC02002051
:10CF3C0010B5094B1A6802F12C014C3251F8043B24
:10CF4C002BB19C781CB193F85340844202D091428F
:10CF5C00F4D10023184610BDDC02002090F8F43008
:10CF6C0013F0020309D0074B1B685B0007D5C07F89
:10CF7C0004288CBF00200120704718467047012000
:10CF8C00704700BF303401417FB50E7916F0300F79
:10CF9C0004D1FBF79BFE002004B070BDCDE902016B
:10CFAC00009202AB082202490120F7F760FAF2E77F
:10CFBC004104010138B504680546FAF73FFFA36F39
:10CFCC0023F4F81323F40463A36700F03BFDA36F71
:10CFDC001B0604D52846BDE83840E3F7C9BF38BD69
:10CFEC0000B585B00DF10601F9F7CCFD10B105B017
:10CFFC005DF804FB06238DF80830BDF80630ADF85B
:10D00C000A3002A8FAF750FCF1E710B50C460121E2
:10D01C00F8F7A8F958B18268A24206BF00248460D0
:10D02C006FF00204406803F065FC204610BD4FF021
:10D03C00FF34FAE7C90501F078611943920402F450
:10D04C00F802114341F0A04141F4003100F5805247
:10D05C0051631046836813F0040FFBD0704738B54A
:10D06C000C4694461A4613F4003F0CBF1425282591
:10D07C008C44AC441FFA8CF1EEF7A2FE18B114B13B
:10D08C0083692B44C36138BD037C03B9704770B509
:10D09C0004460D4600F10C064FF0FF31304604F00B
:10D0AC0055FC2946204603F0ADFB304603F022FC2C
:10D0BC0070BD38B5037C03B938BD044600F10C05CE
:10D0CC004FF0FF31284604F041FC204602F02CF8CA
:10D0DC000028FAD1284603F00DFCEDE738B50D68B1
:10D0EC000DB1002038BD0C4602F07EF80028F9D0B6
:10D0FC0090F8433013F0100FF4D0236A13F4000FA0
:10D10C0008BF2846EEE7F8B50646084615461C4605
:10D11C004B6821469847074640B11DB12246294627
:10D12C0003F094FE39463046FFF7AEFF3846F8BDA3
:10D13C0092B170B50C461646104603F093FE40288B
:10D14C0028BF4020054602463146206A03F07EFE89
:10D15C00236A00225A5570BD70470169C389082B98
:10D16C000DD90A46022302F8013B836803B13C3314
:10D17C001868C1F801009B889380092070474FF014
:10D18C00FF30704738B5034610B1A1FB030262B9FA
:10D19C0001FB03F42046E0F713FD054618B12246C7
:10D1AC00002104F00BFB284638BD0025FBE738B501
:10D1BC000446C568008905F0A9FC48B12089FEF732
:10D1CC00FFFF38B129462089BDE83840DBF74CBF5A
:10D1DC00042038BD0320FCE738B50C46FEF7F0FF01
:10D1EC00054650B12378C17C994208D16378628896
:10D1FC00ECF7AEFE00B9E87438BD0320FCE7012063
:10D20C00FAE7434D443A5374617274456E63727914
:10D21C0070742C48646C3D3078253034780045525D
:10D22C00523A7374617475733D25640000B593B004
:10D23C0041F21F03ADF800300388ADF8063090F8CA
:10D24C002A308DF8041068468DF80830FDF7F4FF8D
:10D25C0013B05DF804FB042810D8012202FA00F385
:10D26C0013F017030AD0042908D802FA01F313F0BB
:10D27C00170303D0431A5842584170470020704797
:10D28C0010B505210446002001F061FD60B1252395
:10D29C000373D4F84431D3F81E30C0F80D30014676
:10D2AC002046ECF719F9012010BD4A7890F8F230BD
:10D2BC0062F3041380F8F2308B7880F84831CB7825
:10D2CC0080F8493190F8F230DB0602D50520F7F7EB
:10D2DC00C1BC704738B590F8E2308B4204460D461D
:10D2EC0002D10021E4F7A4F994F8E430AB4205D163
:10D2FC0020460121BDE83840E4F79AB938BD434DCA
:10D30C00443A416464524C2C616464723D3078251B
:10D31C003032782530327825303278253032782505
:10D32C003032782530327800434D443A41646457AA
:10D33C004C2C616464723D30782530327825303263
:10D34C0078253032782530327825303278253032D5
:10D35C00780008B561B9031D406840B10189428964
:10D36C00914209D102681A6005F0E6FB012008BD64
:10D37C0000F108038068F0E70020F8E78A78042AB7
:10D38C0004D80123934013F0170F01D100238B70A5
:10D39C00CA78042A04D80123934013F0170F01D143
:10D3AC000023CB707047F0B50025074628466CB2B9
:10D3BC00A34200DCF0BD4E5D545D34440444E4B241
:10D3CC00A64202D08CBF012000207C550135EEE72F
:10D3DC0090F8593083B1C26D137843F01003137079
:10D3EC00C06D0B68C0F85F3100F25F124B68536080
:10D3FC008B689360CB68D360704790F8593083B1D9
:10D40C00C26D137843F004031370C06D0B68C0F841
:10D41C00483100F5A4724B6853608B689360CB68FD
:10D42C00D360704790F8593083B1C26D137843F0D4
:10D43C0001031370C06D0B68C0F82C3100F59672A7
:10D44C004B6853608B689360CB68D360704710B5A2
:10D45C0090F86D309A0704460DD443F0020380F81F
:10D46C006D3000F5997003F09DFC04F58D70BDE8EE
:10D47C001040F4F769B810BD812903DC7F2903DC67
:10D48C00002070478329FBD11368073323F007036F
:10D49C0003F108011160D3E90023C0E90023012046
:10D4AC007047A62A08B50023838343830383022392
:10D4BC004380C183002900DB08BD0A4602490020D5
:10D4CC00F3F736FDF8E700BFF004000168B108B5CA
:10D4DC008168074A914205D16FF00E01FFF7E2FF18
:10D4EC00002008BD6FF00D00FBE76FF00D007047DA
:10D4FC0058640220034690F89C0058B1D3F8BC2025
:10D50C00013A002312F801CF8C4504D00133834239
:10D51C00F8D100207047D8B2704700BF10B50C4648
:10D52C0005F012FA064A012303FA04F1136823EA00
:10D53C0001031360BFF35F8F05F00AFA10BD00BF43
:10D54C00806B0220084B834207D11B7E13F0010F26
:10D55C0006D0054B93F9140070474FF0FF3070471D
:10D56C004FF0FF30704700BF30710220C90501F049
:10D57C007861920402F4F802114341F0C04141F485
:10D58C00003100F5805251631046836813F0040F8C
:10D59C00FBD07047002808DB064B1B68984206DA64
:10D5AC00054B1B6853F82000704700207047002083
:10D5BC00704700BF986B02209C6B022070B504462C
:10D5CC00002003F048FD064604F1400001F0ACFDDC
:10D5DC0005463146002003F0E9FE29462046FAF7BD
:10D5EC006FFE70BD10B5FFF7D5FF68B10446036B35
:10D5FC000BB1C38E33B92046FFF7E0FF236B0BB999
:10D60C00002000E0E08E10BD0020FCE7E8180001CF
:10D61C000100000040140001020000004C08000151
:10D62C00030000006008000103000000EC1800017A
:10D63C000400000008B5084B1B68002B02DD827D3E
:10D64C00022A00D008BD013B034A1360002BF9D11C
:10D65C0003F0CCF8F6E700BFC86B0220002808DB0B
:10D66C00064B1B68984206D2054B1B6853F82000EA
:10D67C007047002070470020704700BFD86B022015
:10D68C00E86B022008B5826803699A420CD0B0F8A6
:10D69C0060300BB9002008BD01221021CAF7F0FC44
:10D6AC00B0FA80F04009F6E70020F4E740B108B585
:10D6BC00054B1A6832B1054B0549F9F7DCFF08BD7B
:10D6CC00002070470020FAE7086C02205513040173
:10D6DC00B069022008B5074A136801331360064885
:10D6EC00038943F00203038100220221103002F06F
:10D6FC0041FA08BD306C0220A05B022070B50446D4
:10D70C000D461646002003F0A6FC014623892B4348
:10D71C002381002003F04AFE32462946204602F0BF
:10D72C0029FA70BD80B1034690F8420010F0400F0A
:10D73C0001D10020704710B5586CC46B186DA04710
:10D74C00B0FA80F0400910BD0020704780B190F80D
:10D75C00422012F0400F01D10020704782684068CF
:10D76C0060EA02000B68984214BF00200120704749
:10D77C00002070474B68042B0BDD0B6837221A70A6
:10D78C0003225A70044A1188927859801A71052024
:10D79C0070474FF0FF307047DC21000130B190F83A
:10D7AC00420010F0400F03D100207047002070475A
:10D7BC00034B1B6813B100F0010070470020704749
:10D7CC00586C0220084A537943F080035371136953
:10D7DC0013F0040FFBD1044A5379DBB21F2BFBD897
:10D7EC00014B988A80B270470014004000B170471A
:10D7FC0010B50C46054803F089F8012804D12268BD
:10D80C00034B1A6001221A7110BD00BFD46A0220AA
:10D81C00CC6A022010B5084C94F8311094F9080029
:10D82C0001F052FD94F8303003B110BD04F1380012
:10D83C0003F078F8F9E700BF4067022008B5084B01
:10D84C001B683BB1FEF7D4F9054B1A680023FEF7B1
:10D85C008FFD08BD012002F05FFA014B1860F1E763
:10D86C00746C022008B5084B1B683BB1FEF7C0F97D
:10D87C00054B1A680023FEF77BFD08BD012002F062
:10D88C004BFA014B1860F1E7746C022008B5084B99
:10D89C001B6833B104F0DEFD054B1B68B0FBF3F0E5
:10D8AC0008BD012002F038FA014B1860F2E700BF06
:10D8BC00746C02200500000001000000B0040000A0
:10D8CC003C00000002000000320000004B00000091
:10D8DC00010000000300000001000000084800687F
:10D8EC00006880F308884FF0000080F3148862B65B
:10D8FC0061B6BFF34F8FBFF36F8F00DF00BF000027
:10D90C0008ED00E0074B1B681B6823B9064B4FF072
:10D91C00FF321A607047034B1B68DB681A68024BB6
:10D92C001A607047DC6C0220B06C022038B5048998
:10D93C00B4F5706F0CD2857A042D09D82046FEF709
:10D94C002FFA28B129462046BDE83840FAF7CCB961
:10D95C00032038BD10F0FD030AD001280AD14B7901
:10D96C0003F0C003402B07D0002B14BF012303236B
:10D97C00184670470123FBE70223F9E770B41578CA
:10D98C00074C002314F83360AE4204D104EBC303FC
:10D99C0070BC5B68184701330D2BF3D170BC70471A
:10D9AC004411030110B500F1180300F1380200BF57
:10D9BC0053F8044B2CB194F8044124B1A4B200F0F8
:10D9CC001DF9204610BD9342F2D1FAE7084B1A68B4
:10D9DC0000230C321178012902D15188814205D0E3
:10D9EC000133DBB2082B02F10C02F3D1184670475D
:10D9FC00F46C0220036810B413B14468944203D150
:10DA0C005DF8044B03F0F4BD22B90B6001605DF8C6
:10DA1C00044B704713680B601160F8E710B5064BA8
:10DA2C0006480024202221461C7003F0C7FE044B3C
:10DA3C00C3E9004410BD00BFAA6D0220E0680220BB
:10DA4C00346B0220074A13785BB1013BDBB21370D5
:10DA5C003BB9054B4FF480525A6052005A60120386
:10DA6C005A607047B36D022000E100E038B590F8C1
:10DA7C00FF3004460D4623B9D0F86C0138B1EBF7F2
:10DA8C00CBFD94F8FF301D4384F8FF5038BDD4F81B
:10DA9C006801F4E7434D443A436F6E6E5570646110
:10DAAC0074652C48646C3D307825303478004552D0
:10DABC00523A7374617475733D256400434D443A56
:10DACC005365745068792C48646C3D307825782CFB
:10DADC007478506879733D25642C7278506879732A
:10DAEC003D256400434D443A536574486F73744349
:10DAFC0068616E6E656C436C617373004552523A8B
:10DB0C005374617475733D3078257800084A136836
:10DB1C0040F20221A3F84010022183F84210197838
:10DB2C006FF30411197013680022DA63704700BF99
:10DB3C003803002038B5062203210446F9F7F2FA1F
:10DB4C00054648B194F86D3023F0600384F86D30CD
:10DB5C0001212046E3F76CFD284638BD10B5C36E95
:10DB6C00044613B9436998420BD063786FF3820370
:10DB7C0063702046DAF74AFC2046BDE81040FDF7FA
:10DB8C00DDBB10BD084B012815BF18681B68D0F809
:10DB9C005832D3F85C2213BF0B430A43C3F85C2200
:10DBAC00C0F85832704700BFCC020020C1F3080304
:10DBBC00074A490A2BB94942114043EA4121F9F776
:10DBCC00ADBBC3F59C7301339BB25140F5E700BF6D
:10DBDC00FFFF7F0030B50023074C0B7040FA03F2B7
:10DBEC00D20744BF0A781D5D03F1010344BF2A43E9
:10DBFC000A70042BF2D130BD8C2B040170B5054694
:10DC0C0000F1180400F1380654F8040B20B104F0AC
:10DC1C0093FF002344F8043CB442F5D1002385F86B
:10DC2C003B3070BD38B5084B1B6804460D463BB9FC
:10DC3C00224628464FF48271BDE8384000F0ACBC57
:10DC4C0098470128F4D138BD586D022010B590F8D2
:10DC5C00FA300C463BB1EBF7CFFD054B1A881CB9DB
:10DC6C0042F004021A8010BD42F00802FAE700BF2D
:10DC7C000403002010B4C488074B220A53F8223046
:10DC8C0033B100F10C028168E0B25DF8044B184727
:10DC9C005DF8044B704700BFE467022084B008B500
:10DCAC000DF1080C8CE80F00036893F86D30DB065F
:10DCBC0003D4049A112103F0B1F8BDE80840002008
:10DCCC0004B0704730B57AB101388D1810F8012FB7
:10DCDC000C4632B111F8013B1BB1A94201D09A425A
:10DCEC00F4D02378D01A30BD1046FCE713B50446A7
:10DCFC00F8F7D9FE18B14FF0FF3002B010BD636CCD
:10DD0C0001220DF10701204698470128F3D19DF817
:10DD1C000700F2E738B503699A4228BF1A46044651
:10DD2C00154652B1406903F091F8636922692B449E
:10DD3C00521B2261002263611A7038BD434D443A74
:10DD4C004C746B5265715265706C792C48646C3DE7
:10DD5C0030782578004552523A7374617475733D6E
:10DD6C00256400434F4E4E3A4C6C63705478446FAC
:10DD7C006E653A48646C3D3078253034782C4F70A1
:10DD8C00436F64653D307825780010B5044600F08B
:10DD9C0089FE00B910BDA38E638404212046FCF7D4
:10DDAC0065FE0028F6D0072363830023A383F1E7E5
:10DDBC0010B5044600F076FE00B910BDA38E238486
:10DDCC0005212046FCF752FE0028F6D0062363837B
:10DDDC000023A383F1E710B5044600F063FE00B9FD
:10DDEC0010BDA38EE38406212046FCF73FFE0028DD
:10DDFC00F6D0052363830023A383F1E710B5044613
:10DE0C0000F050FE00B910BDA38EA3840A21204659
:10DE1C00FCF72CFE0028F6D0042363830023A38395
:10DE2C00F1E7D0F8A43003F580531A6822F0080209
:10DE3C001A601A6822F004021A605A6A22F04042F0
:10DE4C0022F480725A627047034650B190F9080070
:10DE5C00022809D19B8813F0010F08BF4FF0FF3047
:10DE6C0070474FF0FF3070474FF0FF30704708B5E8
:10DE7C00FFF7F4FB60B190F87000C31EDBB2022B0D
:10DE8C0004D9082814BF0020012000E0012008BD9F
:10DE9C000020FCE7B0F8423023F01803A0F8423021
:10DEAC0011F0080F01D10020704790F8423043F078
:10DEBC00080380F8423001207047B0F8423023F05C
:10DECC000703A0F8423011F0010F01D10020704778
:10DEDC0090F8423043F0010380F842300120704743
:10DEEC0038B504460D4601F01FFAA36C23B100248B
:10DEFC0003F0DEFA204638BDA36B13B9A5640124E8
:10DF0C00F6E70024F4E738B50489B4F5706F0546DC
:10DF1C000AD22046FDF744FF30B1EA7AA97A2046AE
:10DF2C00BDE83840F6F712B8032038BD434D443AEB
:10DF3C00536574416476506172616D2C74797065AF
:10DF4C003D2564004552523A7374617475733D25D6
:10DF5C006400434D443A446973636F6E6E65637439
:10DF6C002C48646C3D3078253034782C72656173A4
:10DF7C006F6E3D253032640090F8E2305BB990F85A
:10DF8C00E42042B990F8B0313BB9D0F8A801B0FA0E
:10DF9C0080F0400970470020704701207047434DC6
:10DFAC00443A53657450434C5072657365742C55E8
:10DFBC00703D25642C4C6F773D25642C7374657013
:10DFCC003D25640070B549B9051D4068002448B171
:10DFDC000668013404F0B0FD3046F8E700F108059E
:10DFEC008068F3E72860204670BD00B593B013231A
:10DFFC00ADF8003001238DF804300388ADF80630FD
:10E00C006846ADF80810FDF717F913B05DF804FB7E
:10E01C0010B580F8291000880C4600F0B5FC48B10A
:10E02C00162C03D1BDE8104002F07CB8BDE81040BE
:10E03C0002F086B810BD10B5013A52B2130601D5E4
:10E04C00002010BD845C8B5C9C4205D802F1FF3231
:10E05C00F4D24FF0FF30F4E70120F2E730B5891A23
:10E06C0000F1824000F5B0304D1C0121A94004881C
:10E07C000139914024EA010493401C43A4B204806A
:10E08C0030BD08B503689A6F120601D4002008BD94
:10E09C00D3F89020013AC3F89020002AF6D18021C1
:10E0AC00EDF772FD0120F2E7064B1B78012B07D828
:10E0BC00054A42F823000133024A137000207047CE
:10E0CC0004207047040000200800002070B54FF4B5
:10E0DC00005442F20806E5B22046C9F785FF28B184
:10E0EC000134A4B2B442F6D10135EDB2284670BD6C
:10E0FC0000B1704708B513460A460449F2F718FFF9
:10E10C00034A1368002BFCD108BD00BFB00400010A
:10E11C00786B0220034648B18068064A904202D1CF
:10E12C00D963002070476FF00D0070476FF00D0041
:10E13C00704700BF5864022068B110B5044682686D
:10E14C00054B9A4206D1C368DB69006998470023E6
:10E15C002370638010BD70475864022000B1704773
:10E16C0008B513460A460449F2F7E2FE034A13685F
:10E17C00002BFCD108BD00BFD00400017C6B022039
:10E18C0000B1704708B513460A460449F2F7D0FEB1
:10E19C00034A1368002BFCD108BD00BF34050001F5
:10E1AC00846B0220002343620368C26852B10022D0
:10E1BC00944600BFA3F800C081680B440132C168CB
:10E1CC009142F7D8704700BF00B1704708B51346AD
:10E1DC000A460449F2F7ACFE034A1368002BFCD143
:10E1EC0008BD00BF041C0001EC6B0220064B1B8811
:10E1FC00834206D9C0EBC000044B1B6803EB001034
:10E20C0070470020704700BF686902203C6C0220F8
:10E21C0010B50C4608B102681AB93CB1044B186829
:10E22C0010BDF4F7B3FF0028FAD1F6E70020F7E7AA
:10E23C00386C022008B5064A1C213820EDF7C0FDC9
:10E24C00034618B1034A82600022C260184608BD1A
:10E25C000200010055F2030110B50446006860B1DC
:10E26C00FDF776FB04F12C00FEF723FF04F11800F8
:10E27C00FEF71FFF201DFEF71CFF10BD4B68052B82
:10E28C0008DD0B685A78042A07D1D3F80230CB602A
:10E29C00062070474FF0FF3070474FF0FF3070474B
:10E2AC004B68022B0BDD0A68352313700123537066
:10E2BC00CB68092B08BF03239370032070474FF0E2
:10E2CC00FF30704738B108B5054B1A682AB10549BB
:10E2DC0000F05AFF08BD002070470020FAE700BF8D
:10E2EC00486C0220D869022061C60301A58C02018A
:10E2FC00B5FC0301A34F0301F52A0401F52A04011F
:10E30C00F52A0401F52A04014D100401064B0022E4
:10E31C001A62064A1A6202F12B42A2F54B12A2F6BD
:10E32C00AB421A62704700BF00060044556699AABA
:10E33C0038B50446EFF3108572B6FFF7E7FF24F00B
:10E34C007F44034BC3F8F44085F3108838BD00BFFD
:10E35C000006004470240001390A040178240001ED
:10E36C0088240001415603018C240001A8240001DB
:10E37C0025BE0101B0240001BFF34F8F0549CA68C7
:10E38C0002F4E062044B1343CB60BFF34F8F00BF2A
:10E39C00FDE700BF00ED00E00400FA0500000000FE
:10E3AC0000A0004100000100200704010000000053
:10E3BC00B06C03018C29040100000000DC73022006
:10E3CC0000207047074B19680868B0E8F04F80F3DD
:10E3DC000988BFF36F8F4FF0000080F311887047EE
:10E3EC00AFF30080E06C02200346026C6AB110B5FA
:10E3FC000846D9681144D9609C68A14224BF1968A9
:10E40C00D960D96802F022FD10BD704710B50246E4
:10E41C0000210120F7F72DFC044638B10021816062
:10E42C000160C1600B460A46DBF7B6FF204610BD03
:10E43C0000B583B0064B01930020FFF7D7FE0023F5
:10E44C001A4601A9F0F756FD03B05DF804FB00BFB6
:10E45C00C0A877B600B503781F2BC1B008D115231F
:10E46C008DF8003003798DF802306846F7F75AF9C9
:10E47C00012041B05DF804FB38B50489B4F5706F28
:10E48C00054609D22046FDF78BFC28B1A97A204617
:10E49C00BDE83840F7F70EBF032038BD38B5048906
:10E4AC00B4F5706F054609D22046FDF779FC28B10A
:10E4BC00A97A2046BDE83840F7F75CB9032038BD8F
:10E4CC0038B50489B4F5706F054609D22046FDF7BE
:10E4DC0067FC28B1E9682046BDE83840F6F76ABA0F
:10E4EC00032038BD38B50489B4F5706F0AD2C568FD
:10E4FC002046FDF755FC28B129462046BDE838409A
:10E50C00F3F77EBC032038BD70B5074E05460024DA
:10E51C00336804F16A0253F822300BB1284698474D
:10E52C000134032CF4D170BDD4010020830708D52D
:10E53C00044B1A68002111601B68034A5A60034A95
:10E54C009A607047D8010020311D04011D2B040175
:10E55C00072838B50BD8064D041D2B6853F824003A
:10E56C0028B104F0E9FA2B68002243F8242038BDC6
:10E57C00D801002008B5FDF7D3FC40B1054B8078DD
:10E58C001B685B7898422CBF0020012008BD01203D
:10E59C00FCE700BFF46C022013B5074B8DF80000AC
:10E5AC001446ADF8021001921B6868469847204645
:10E5BC0004F0C2FA02B010BDF86C022008B5064C8B
:10E5CC00064D2B682068DB684FF0FF319847012817
:10E5DC00F7D1F8F783FDF4E70C02002000020020CD
:10E5EC0010B501F005FD064B1B7804461BB1FBF77B
:10E5FC00F9F9DDF705F82046BDE8104000F038B811
:10E60C00AB6D0220012805D008B1022804D0034BC1
:10E61C0018887047024BFBE7024BF9E7986D022014
:10E62C009A6D02209C6D022010B9054B1980704721
:10E63C00012801D1034BF9E70228F8D1024BF5E789
:10E64C00203F0141243F0141283F014110B5064CB8
:10E65C0001222270054A126802B1904702F0D6FAE4
:10E66C000023237010BD00BFB56D0220346D022055
:10E67C0007B5074A0190137833B1013BDBB2137035
:10E68C0013B901A803F0A6FF03B05DF804FB00BFAB
:10E69C00B66D0220064A136823F080031B041B0C82
:10E6AC001380044A138823F080031380704700BF43
:10E6BC00203F0141986D0220064B1A8842F001025E
:10E6CC001A801A68D207FCD4034B186820F07040EB
:10E6DC00704700BF143E0141083E0141074B1860D2
:10E6EC00998010331A6842F4E0421A601A68910457
:10E6FC00FCD41A68D204F9D4704700BF003E014123
:10E70C0008B5FFF7EBFF064B1B6813F0060F05D09F
:10E71C0040210020BDE80840F9F74CBB08BD00BF04
:10E72C00203F0141074B1B68586800B9704790F8AF
:10E73C00F83013B190F821300BB90068F5E70120DF
:10E74C00704700BF2802002010B5074B1B685C689F
:10E75C0004B910BD94F8F83023B1002211462046BC
:10E76C00F5F72FFE2468F3E72802002000B593B0DC
:10E77C000823ADF8003003888DF804106846ADF816
:10E78C0006308DF80820FCF757FD13B05DF804FB3C
:10E79C00434D443A5265616452656D6F74655573AF
:10E7AC00656446656174757265732C48646C3D30A4
:10E7BC0078257800434D443A52656D7465436F6E0D
:10E7CC006E50617261725265715265706C792C4831
:10E7DC00646C3D307825780010B5C37D04464BB988
:10E7EC000821FBF71DF908B9002010BD012084F8A1
:10E7FC00E200FAE7012BF7D10E21F2E738B50A4611
:10E80C000F210546F8F78EFC044638B195F8E43034
:10E81C00112B03D101212846E2F70AFF204638BD0F
:10E82C0038B590F8E43004460D4653B90A20E6F7A3
:10E83C00D9F8C4F8B8016B780370D4F8B831AA7859
:10E84C005A7038BD10B5837E113BDBB2122B96BFCC
:10E85C00044A0021D15C0446EEF762FDA4F8600086
:10E86C0010BD00BF671804014348433A53706F6EE4
:10E87C0020412043686B206661696C3A6C6F633A87
:10E88C0025642C2052656D6F3A25640010B5074B3A
:10E89C00DA69013ADA6132B91A6ADA610124F0F7FD
:10E8AC00FBF8204610BD0024F9E700BFE8720220F7
:10E8BC00074B1B680BB91846704799680A7A043ADB
:10E8CC00012AF6D80A68126B8242F2D101207047F5
:10E8DC00D4020020074A13691B1A1361936803447E
:10E8EC00B3F5C06F83BF6FF4C0615B1801200020CB
:10E8FC009360704780020020D0F8B8311A7880F805
:10E90C0040205A7880F841209A7880F84220DA78B2
:10E91C0080F843201B7980F84430704710B5446F61
:10E92C0088B05CB1036FCDE9033008AB13E9030089
:10E93C008DE8030003AB0ECB0320A04708B010BD3D
:10E94C0010B5446F88B05CB1036FCDE9033008ABF0
:10E95C0013E903008DE8030003AB0ECB0420A047A2
:10E96C0008B010BD10B54378DA0704460BD5002269
:10E97C009B070270827001D4EFF7E4FC2046BDE8DF
:10E98C001040F0F743B910BD074B1B680BB91A4682
:10E99C0008E09A68117A04390129F6D811680988B7
:10E9AC008142F2D110467047D402002038B5074D91
:10E9BC0000242B681B78E340DB07E1B202D5012071
:10E9CC00DEF7CCF90134082CF3D138BDE802002075
:10E9DC0024232221201F1E1D1C1B1A191817161563
:10E9EC0014131211100F0E0D0C0B0A090807060553
:10E9FC000403020110B50468F9F720FAA36FD4F8E8
:10EA0C00CC0023F0807343F00073A367F4F764F930
:10EA1C00BDE81040FFF716B80B0D40F21E42D21A9B
:10EA2C0009DBCB0243EA505040F00040202A28BFBB
:10EA3C002022D0407047490080417047434D443AF2
:10EA4C00536574436F6E6E5478506F776572507265
:10EA5C00657365742C73656C5077723D2564005337
:10EA6C004D503A446174612073656E642C70616919
:10EA7C0072206661696C206572723D307825303485
:10EA8C00780010B50C46FDF70FFF30B1027C32B1A7
:10EA9C00827C00EBC203DB8A02E0002300E000234F
:10EAAC00238010BD10B50446F0F762FA002803DB92
:10EABC00023818BF012010BD6FF00B012046FEF785
:10EACC00F1FC0020F7E7002A465F4452565F50489D
:10EADC00595F534D495472616E7366657257616923
:10EAEC0074436F6D706C65746500D0F8A43003F5D9
:10EAFC0080531A6842F008021A601A6842F0040245
:10EB0C001A601A6842F080021A607047D0F8A4307C
:10EB1C0031B103F580531A6842F008021A6070474D
:10EB2C0003F580531A6822F008021A60704710B57A
:10EB3C00FEF730FD50B10346026B2AB1C48E184665
:10EB4C00FEF73CFD204610BD0024F8E70024F9E751
:10EB5C0010B50446002101604160816001231A4612
:10EB6C000C30F5F70FF8012814BF00200120207499
:10EB7C0010BD68B190F8422012F0400F01D1002076
:10EB8C0070470A68C2638A88A0F840200120704749
:10EB9C000020704708B50F210C20FAF7F9FB10F094
:10EBAC00020F06D110F0010F02D00020CBF704FBAE
:10EBBC0008BD0120FAE70369416882688A604168F0
:10EBCC0051605A68824204BF82685A600022026116
:10EBDC001868013818607047017A427A41EA0203DA
:10EBEC0013F0F80F07D1B1FA81F040090AB940F0DF
:10EBFC000200F8F707BA03207047B0F5706F38B50C
:10EC0C0004460D4608D2FDF7CBF828B1294620461C
:10EC1C00BDE83840F9F746B8032038BD1FB5ADF84C
:10EC2C000800ADF80A1044F206106946ADF80C2045
:10EC3C00FEF776F8BDF8000005B05DF804FB1FB5D3
:10EC4C00ADF80800ADF80A1044F208106946ADF8AA
:10EC5C000C20FEF765F8BDF8000005B05DF804FB6C
:10EC6C001FB5002302908DF80C104FF480406946BC
:10EC7C008DF80D30FEF754F8BDF8000005B05DF8C6
:10EC8C0004FB10B50A68937854781B0403EB042337
:10EC9C001478D278234403EB026303600B680433CB
:10ECAC000B6010BD00B593B03023ADF800300023DD
:10ECBC008DF804300388ADF806306846FCF7BCFAD2
:10ECCC0013B05DF804FB38B504460D460020022154
:10ECDC0000F03DF838B1022303734573014620461A
:10ECEC00EAF7FAFB012038BD38B504460D46002082
:10ECFC00022100F02CF838B1072303734573014649
:10ED0C002046EAF7E9FB012038BD49B1807E112885
:10ED1C0008D0122808D010F0200018BF042070472B
:10ED2C00407EF4E70120704702207047434D443A7F
:10ED3C005365744164765478506F77657250726580
:10ED4C007365742C73656C5077723D25640038B50F
:10ED5C00054601F10C000C4603F0ECFE38B10379CA
:10ED6C00448165F30513037100230381036038BDEF
:10ED7C0007B5426F3AB149B1019001AB04220521AC
:10ED8C000220F2F7B0FC03B05DF804FBF8F77EFA52
:10ED9C00F9E710B50446062003F0CCFE014640B15D
:10EDAC000823037023888380BDE81040062003F0FD
:10EDBC0070BD10BD10B50446062003F0BBFE014625
:10EDCC0040B10423037023888380BDE810400620E3
:10EDDC0003F05FBD10BD10B50446062003F0AAFE7B
:10EDEC00014640B10723037023888380BDE810409F
:10EDFC00062003F04EBD10BD12290AD002D81129ED
:10EE0C0004D070472139022905D97047012103F03C
:10EE1C006CBA0221FBE70321F9E7CB681A7880F87A
:10EE2C0040205A7880F841209A7880F84220DA788D
:10EE3C0080F843201B7980F84430704710B5046883
:10EE4C000A46D4F8B01029B1FEF79EF80023C4F896
:10EE5C00B03010BD1046BDE81040FCF737B910B506
:10EE6C000468204603F036F8F8F7E8FFA36F43F088
:10EE7C00006343F00103A367BDE81040FEF7E2BD59
:10EE8C00F0B500244F1EA24209D0651C035D7E5DC7
:10EE9C00B34202D00A5D981AF0BD2C46F3E700206D
:10EEAC00FAE710F0004160B148BF40420A0D02F28F
:10EEBC001D42B0FA80F3D21A9840C30A400503EB06
:10EECC0002517047434D443A5265616452656D6F0F
:10EEDC007465566572496E666F2C48646C3D30786B
:10EEEC002530347800434D443A5265616443684D93
:10EEFC006170436D64004552523A5374617475737A
:10EF0C003D3078257800882B08B5064801F066FB63
:10EF1C0003F010FAF8F70CFD00B908BDF8F7E6FCA1
:10EF2C00FBE700BFEDCF03018022064B9A6303F58C
:10EF3C0080734FF4806159635A6303F500730122A7
:10EF4C005A637047002A004448B18168054A9142CF
:10EF5C0002D190F91E0070476FF00D0070476FF0F2
:10EF6C000D0070475864022048B18168054A9142EF
:10EF7C0002D190F9020070474FF0FF3070474FF00C
:10EF8C00FF30704758640220064B834208D102229E
:10EF9C009A804A68DA60CA685A61002283F8242091
:10EFAC00704700BF5864022008B5438B022B04D86D
:10EFBC00044A52F82330984708BD6FF00B01FEF756
:10EFCC0071FAF9E76423040108B5438B022B04D8CA
:10EFDC00044A52F82330984708BD6FF00B01FEF736
:10EFEC0061FAF9E77023040108B5438B072B04D8A9
:10EFFC00044A52F82330984708BD6FF00B01FEF716
:10F00C0051FAF9E794F0030108B5438B052B04D8AA
:10F01C00044A52F82330984708BD6FF00B01FEF7F5
:10F02C0041FAF9E70807040108B5438B022B04D811
:10F03C00044A52F82330984708BD6FF00B01FEF7D5
:10F04C0031FAF9E77C23040108B5438B042B04D86F
:10F05C00044A52F82330984708BD6FF00B01FEF7B5
:10F06C0021FAF9E7C812040108B5838B0A2B04D8DE
:10F07C00044A52F82330984708BD6FF00B01FEF795
:10F08C0011FAF9E790C9030179060401D1E40201F0
:10F09C00D98E030109DE0301E3DD0301BDDD0301AC
:10F0AC0097DD030131170201064B834208D11B7E09
:10F0BC0013F0010F04D0034A137E23F002031376DE
:10F0CC00704700BF3071022008B5064B834203D154
:10F0DC001B7E13F0010F00D108BD0248D6F72EFCA1
:10F0EC00FAE700BF3071022038B500F14004092561
:10F0FC0004E02A466FF01001FDF770FC204600F08A
:10F10C0013F80028F5D138BD10B50C46FEF742FABD
:10F11C0040B1048590F83E2042F0020280F83E2077
:10F12C00012010BD0020FCE70346006838B15A6886
:10F13C00824205D002681A609A68013A9A60704758
:10F14C0000221A605A60F7E708B50346007C00B944
:10F15C0008BD4FF0FF3103F10C0002F0F7FB012862
:10F16C0014BF00200120F3E70000000000000000A5
:10F17C00010000007C0F000102000000B01B000128
:10F18C0003000000301A000138B504460846154645
:10F19C002146FCF725FC28B1EB6821462846984708
:10F1AC00012038BD0020FCE700B1704700B583B0EA
:10F1BC00009313460A460349F1F7BAFE03B05DF813
:10F1CC0004FB00BF9C1D000150B190F8422012F0CE
:10F1DC00400F01D100207047024A10600120704797
:10F1EC0000207047386C022068B190F8422012F071
:10F1FC00400F01D10020704790F8642012F0010FED
:10F20C0008BF00207047704706080200000001008C
:10F21C000008030000000000FFFF040000000000D5
:10F22C00FFFF05000000000038B505460C460846F7
:10F23C0001F018FE01462046FCF71AFCEB68B0FB07
:10F24C00F3F202FB130038BD08B5064B9B6C8342EE
:10F25C0002D0FAF725F808BD036A23F0080303620D
:10F26C00F9E700BF2866022040B108B5054B9A6843
:10F27C0032B103F12001FFF787FF08BD0020704772
:10F28C000020FAE7286602208269C3699A420AD2F2
:10F29C0010B5044603681B68096840689847A36961
:10F2AC000133A36110BD704700B583B001220DF18D
:10F2BC000701044B5888FBF7D1FD9DF8070003B0FC
:10F2CC005DF804FB646C022001B970470028FCDB7C
:10F2DC00410900F01F0001238340024A42F821300B
:10F2EC00F3E700BF00E100E008B5054E054B1D69D2
:10F2FC0001243069A8472046FCF73AF9F9E700BF2A
:10F30C0018000020B06C030182B0002301934FF071
:10F31C00200383F31188BFF36F8FBFF34F8F019BD3
:10F32C00002BFCD002B070474FF0200383F3118800
:10F33C00BFF36F8FBFF34F8F024A13680133136013
:10F34C00704700BFF873022050B110B50C468842CC
:10F35C0008D302220021F6F78CFC20B1846302E072
:10F36C0000207047002010BDE62B8A8EE8F141B6D4
:10F37C00980566E3BFE3C04903DAD4AC2CDF9F22C7
:10F38C0080010A6739BC83D300B58179C1B041B91A
:10F39C000846F1F735FE082368468DF80030F6F77D
:10F3AC00C1F941B05DF804FB10B50C46FCF7F8FC54
:10F3BC0040B150F8043F23608388A3808379A37104
:10F3CC00002010BD0320FCE77FB5ADF80800CDE9A7
:10F3DC00031241F20B6069460593FDF7A1FCBDF8E1
:10F3EC00000007B05DF804FB10B50489B4F5706F2C
:10F3FC0008D22046FCF7D4FC20B12046BDE81040D2
:10F40C00F6F77EBF032010BD30B5064D00232A68E9
:10F41C001A44DCB2527812B90470104630BDCA548A
:10F42C000133F4E7D4010020037853B9837843B94E
:10F43C00837933B9034B5988172902D98088EBF7A4
:10F44C0025BB7047E0010020044B054A00280CBF87
:10F45C0018461046034B5861704700BFC72A040179
:10F46C00CC2A0401185F0220054B1B7C2BB1054BE9
:10F47C001A88824201D1588870470020704700BF1B
:10F48C00506A0220F06C0220042802D0062804D016
:10F49C007047044B1B6899607047024B1B68D9601E
:10F4AC00704700BFE801002010B1054B1B780370BA
:10F4BC0021B1044B1A680A609B888B80704700BF8F
:10F4CC001002002011020020054B1A8842F00102A4
:10F4DC001A801A68D207FCD4024B1868704700BF18
:10F4EC00143E0141083E0141054B1A8842F00202CC
:10F4FC001A801A689207FCD4024B1868704700BF38
:10F50C00143E0141003E0141054B1A8842F00802AD
:10F51C001A801A681207FCD4024B186880B2704724
:10F52C00143E0141043E0141054B1A8842F004028D
:10F53C001A801A685207FCD4024B186880B27047C4
:10F54C00143E01410C3E014108B5064B1868F021F0
:10F55C00043003F069F800221146BDE80840F4F7C6
:10F56C0030BF00BF28020020064B1B68586800B94A
:10F57C00704790F8F8300BB1037B0BB10068F6E7DD
:10F58C00012070472802002010B5064B16301B686E
:10F59C0053F820300C4613B11146204698470020F2
:10F5AC0010BD00BF386D022008B5036893F8FF103A
:10F5BC0041B993F80121501E42424241D3F86801EF
:10F5CC0000F022F8002008BD4B7880F8E8308B78EA
:10F5DC0080F8E930CB7880F8EA300B7980F8EB30A2
:10F5EC004B7980F8EC30704710B50446F6F768FBA1
:10F5FC000521204600F0E5F928B194F8F43043F0E9
:10F60C00020384F8F43010BD1FB54378DB0708D52E
:10F61C00CDE90101039201AB0C2200210220F2F78B
:10F62C0062F805B05DF804FB064B1B6893F84022AA
:10F63C0003EB4203B3F83802B3F83C32184480B2FF
:10F64C00704700BFCC020020062340F2431203FB9C
:10F65C000020044B1B68184403680B6083888B8064
:10F66C00704700BFE8020020054BD3F8682F60F309
:10F67C00D752C3F8682F034B1B685870704700BFF4
:10F68C0000240141E8020020064B1B681A78002375
:10F69C0022FA03F1C907D8B203D50133082BF7D1ED
:10F6AC0018467047E8020020064B1B6AC3F3072379
:10F6BC00012B04D9022B0CBF402020207047802046
:10F6CC00704700BF000A0044054BB3F85600054BC9
:10F6DC001B7800F07F001844404240B2704700BFD6
:10F6EC0000600141EC02002010B50446FDF744FB1C
:10F6FC0001462046FEF75AFA024B984294BF00206E
:10F70C00012010BD38FEFF7F10B50446817E90F8B5
:10F71C006000F9F7FBFA617E02460020F9F7F6FA71
:10F72C0092B212FA80F010BD38B555EC124B53EC76
:10F73C00112B51EC100BDEF715F922462B46D3F7A3
:10F74C00EBFE41EC100B38BD10B5054C23680BB922
:10F75C00FCF7F6FD034B18682368C01A10BD00BFF8
:10F76C00D86A0220DC6A0220434D443A5365744146
:10F77C00646472526573456E61626C652C656E6172
:10F78C00626C653D256400286E696C290025004972
:10F79C004E4600696E66004E414E006E616E00284A
:10F7AC006E756C6C290000B583B002238DF80030A7
:10F7BC00ADF802008DF805106846F8F775F803B03F
:10F7CC005DF804FB01EB0111D0F88C3003EB8103E5
:10F7DC000022DA87D0F88C3003EB8103A3F84020A9
:10F7EC00704738B50446D0F8A8301D6C002300F1E2
:10F7FC00440219460069A847012384F84A3038BDF1
:10F80C0010B50446037E03F0EF0323F020030376C8
:10F81C00FEF714F8E063002384F84A3010BD08B5F5
:10F82C0090F85C30012B18BF002000D008BD0021DF
:10F83C00FCF713FE003818BF0120F7E748B1036945
:10F84C004BB100209A8910441B68002BFAD180B26E
:10F85C0070470020FBE70020F9E7C269016A8A4281
:10F86C0007D283695B1A4169521A9818013080B229
:10F87C007047521A90B2704758B190F8422012F06B
:10F88C00400F01D100207047B0F85E00143880B2F0
:10F89C0070470020704758B190F8422012F0400F8A
:10F8AC0001D1002070478268406860EA020070470E
:10F8BC000020704758B190F8422012F0400F01D14F
:10F8CC000020704790F8640000F0010070470020A1
:10F8DC0070470369C289062A07D905221A70826803
:10F8EC005268C3F80120072070474FF0FF30704773
:10F8FC0008B5D0F8D4303BB11968D0F8CC308B4275
:10F90C0001D0EDF753F808BDD0F8CC10F9E71FB5CE
:10F91C008DF80C00ADF80E1041F2031001A9FDF7A3
:10F92C00FFF9BDF8040005B05DF804FB1FB5ADF898
:10F93C000C008DF80E1041F2046001A9FDF7F0F9EE
:10F94C00BDF8040005B05DF804FB1FB5ADF80C0064
:10F95C00ADF80E1042F2010001A9FDF7E1F9BDF876
:10F96C00040005B05DF804FB08B50089FDF7CAFA80
:10F97C0038B18378022B04D10521BDE80840ECF79F
:10F98C0073B8032008BD10B5847A0089FDF7BAFA64
:10F99C0030B1C36D23B12146BDE81040F7F739B83B
:10F9AC00012010BD03688B4206D10B6803604368CD
:10F9BC008B4208BF42607047002AF8D00B68136076
:10F9CC00F5E738B504460D4600200121FFF7BFF9D5
:10F9DC0028B1057301462046E9F77EFD012038BDAC
:10F9EC0010B5C36E04464BB94369984206D1DAF799
:10F9FC0071F82046BDE81040FBF7A0BC10BD07B560
:10FA0C0049B1019001AB042209210220F1F76BFEF0
:10FA1C0003B05DF804FBD8F731FCF9E707B5C37800
:10FA2C00DB0708D50423009300880023FBF7EBFDCC
:10FA3C0003B05DF804FB0120FAE700F1824000F509
:10FA4C00B030891A03880131012088400138904078
:10FA5C001840104180B2704750F8040C30B50023A8
:10FA6C00040C4D1C000E9A4201D8002030BDCC5421
:10FA7C00E8540233F7E710B50023934206D113F094
:10FA8C00030018BF012000EB930010BDC45CCC54E4
:10FA9C000133F2E708B5A0F500539BB2072B04D84D
:10FAAC00024B1B680BB1C0B2984708BD54630220CF
:10FABC0010B504464FF400420021FAF7F2FF00B9EA
:10FACC0010BD012363830023A383F9E72BFC010101
:10FADC0055F0030135F0030115F00301F5EF0301B7
:10FAEC00D5EF0301B5EF03010346006848B15A682E
:10FAFC00824206BF00225A6002681A609A68013A74
:10FB0C009A6070470346006848B15A68824206BF43
:10FB1C0000225A6002681A609A68013A9A6070472B
:10FB2C0038B505460C4602E0284600F06BFE204630
:10FB3C00FFF7FAFA01460028F6D138BD08B503469E
:10FB4C00007C00B908BD03F10C0000F0D3FE0128C5
:10FB5C0014BF00200120F5E738B505460C4602E03D
:10FB6C00E368204698472846FCF74EFF01460028DC
:10FB7C00F6D138BD10B544683CB11346034AA0EB2E
:10FB8C00020C0A46CCF30F11A04710BDA05B02205B
:10FB9C00044B834206BF044B93F900004FF0FF3037
:10FBAC00704700BF68690220AE6D022050B190F81A
:10FBBC00422012F0400F01D1002070470A68C26049
:10FBCC000120704700207047034638B190F842205E
:10FBDC0012F0400F0EBF00230A681A61181E18BFDE
:10FBEC000120704750B190F8422012F0400F01D123
:10FBFC00002070470A68426101207047002070475E
:10FC0C0050B108B590F8422012F0400F01D10020FD
:10FC1C0008BD00F04BFEFBE70020704750B108B563
:10FC2C0090F8422012F0400F01D1002008BDFFF7E0
:10FC3C0041FEFBE70020704708B5044B834204D11A
:10FC4C00034B1B680BB1EAF7AFFD08BD68690220D6
:10FC5C003C6C022008B5012A08D013460A46022B38
:10FC6C0008BF00210123E1F7C5FE08BD0022F9E71A
:10FC7C00ADE20301C947030181D70301A15503017B
:10FC8C0071B0010105C60301F30F0401F12A04014F
:10FC9C00A513040167D1030135AE03014BB5030174
:10FCAC00DFF803010D24040138B502FB01F42146F1
:10FCBC00E8F7F2FF054618B12246002101F07EFD5F
:10FCCC00284638BD08B5836900F12002934206D955
:10FCDC000268013B8361136809684068984708BD56
:10FCEC0010B50C46084601F0BDF802462146024B01
:10FCFC005888FBF7E7F810BD646C02204A68044B87
:10FD0C001A60044B0A895A8002221A70002070472C
:10FD1C0010000020706C022008B5054BD9684FF418
:10FD2C007A720023A1FB0001FCF722FB08BD00BF87
:10FD3C004067022008B5044B1A60012302460348B1
:10FD4C00F3F780FA08BD00BF786C0220511C040147
:10FD5C0031240401D9090401F10904014D290401DC
:10FD6C004514040159140401D1D7030110B50C46F4
:10FD7C00044B19681831FBF714FC01212046E3F7FA
:10FD8C00E1FA10BDE06C0220A11C0401911C0401DD
:10FD9C00590703016B2204015D970301312804010B
:10FDAC000D1A04011FB5ADF80800039141F2016072
:10FDBC006946FCF7B5FFBDF8000005B05DF804FB23
:10FDCC001FB5ADF80800039141F203606946FCF7DA
:10FDDC00A7FFBDF8000005B05DF804FB1FB5ADF83A
:10FDEC000800039141F601006946FCF799FFBDF844
:10FDFC00000005B05DF804FB054B1B6893F821303F
:10FE0C000BB903707047022B0CBF03230123F8E7D7
:10FE1C00D40100201FB58DF80800039141F20400B5
:10FE2C006946FCF77DFFBDF8000005B05DF804FBEA
:10FE3C001FB58DF80800039141F209006946FCF7E3
:10FE4C006FFFBDF8000005B05DF804FB1FB58DF821
:10FE5C000800039141F20A006946FCF761FFBDF806
:10FE6C00000005B05DF804FB08B50089FDF74AF801
:10FE7C0030B1C36D23B10821BDE80840EBF7F4BDE8
:10FE8C00012008BD1FB5ADF80800039144F2051020
:10FE9C006946FCF745FFBDF8000005B05DF804FBB2
:10FEAC0010B50446008902F031FE28B16189208921
:10FEBC00BDE81040EAF7EABD042010BD1FB5ADF84F
:10FECC000800039144F201006946FCF729FFBDF8D4
:10FEDC00000005B05DF804FB10B50446008902F083
:10FEEC0015FE28B1E1682089BDE81040FDF774B912
:10FEFC00042010BD10B50446F6F790F9034B1B68AF
:10FF0C009C82DAF76BFC002010BD00BFE4010020DE
:10FF1C001FB5ADF80800039144F206006946FCF7E2
:10FF2C00FFFEBDF8000005B05DF804FB10B50446FB
:10FF3C00008902F0EBFD28B1E1682089BDE8104092
:10FF4C00F7F73CB8042010BD10B50446008902F048
:10FF5C00DDFD28B1E1682089BDE81040EFF798BDC0
:10FF6C00042010BD1FB5ADF80800039144F2080041
:10FF7C006946FCF7D5FEBDF8000005B05DF804FB42
:10FF8C0010B50C46F4F792F82378FF2B16BF024BF2
:10FF9C00012033F8100010BD8ECF020108B5F5F723
:10FFAC0029FD18B9BDE8084001F0D4BE014B33F867
:10FFBC00100008BD8ECF020110B50F230022C45CC7
:10FFCC0042EA4402CA54C25C13F1FF334FEAD21224
:10FFDC00F5D210BD054B187029B10A68C3F8012081
:10FFEC008A88A3F80520F5F715BC00BF1002002085
:04FFFC0007B501A89C
:020000040104F5
:1000000002F041F9034A019813780133137003B0E9
:100010005DF804FBB66D0220044A138843F08003A8
:1000200019461380024B1980704700BF986D02205B
:10003000203F0141054B1A6842F440721A601A6869
:10004000D105FCD41A689205F9D47047103E0141DD
:10005000054B1B68586800B9704790F8F8300BB929
:100060000068F8E701207047280200204144563A12
:100070007265736368446573632C61647645767456
:10008000547970653D25640000B593B05723ADF8F1
:1000900000300388ADF804306846FBF7D3F813B09E
:1000A0005DF804FB434D443A4C746B5265714E65E8
:1000B000675265706C792C48646C3D307825780007
:1000C000034B1860034B1960034B1A60704700BF65
:1000D000486D0220406D02202C020020054B1A685A
:1000E000C30800F00700D35C23FA00F000F0010021
:1000F000704700BF7002002010B5FEF75DFC0023C2
:100100001A4603490220BDE81040F1F7F2BA00BFD9
:1001100001070100054B1B682BB11B78C3F3C0031B
:100120000370002070470C20704700BF3803002088
:1001300007B50422019001AB03490220F1F7D9FA77
:1001400003B05DF804FB00BF8106010007B504227F
:10015000019001AB03490220F1F7CBFA03B05DF83F
:1001600004FB00BF8206010038B505680446DAF7D3
:1001700061F812232B76204600220B21BDE838407F
:10018000E6F7AABD07B54378DB0706D5019001ABBA
:10019000042201210220F1F7ACFA03B05DF804FB60
:1001A000054B02681A6082889A80D3F82E2061F38A
:1001B0005962C3F82E20704736330141054BD3F8FE
:1001C000682F60F31242C3F8682FD3F8700F00F065
:1001D000010070470024014170B5054602F0A8FAFD
:1001E000446834B100232946A4461A46BDE870404D
:1001F000604770BD08B5044802F0E6F90348BDE861
:10020000084002F0E7B900BFD901040181CE020124
:10021000036801F03F0103B970471A7A22B9DA681E
:10022000906861F3C80090601B68F4E7836FCA6848
:1002300043F002038367438F9B000367528803EBFD
:100240008203C0E91C31704707B50422019001AB5D
:1002500003490120F1F74DFA03B05DF804FB00BF3C
:10026000F104010110B50346C9B202449A4201D11A
:10027000002004E0013A104614788C42F6D110BDFB
:10028000A0F13003092B07D940F020006138052880
:100290008CBF0020012070470120704713B5044631
:1002A000019201AACFF796FB636813F0100F18BFF5
:1002B0004FF0FF3002B010BD50B140F21D42B0FA15
:1002C00080F1521A8840C30A400503EB025170477F
:1002D00001007047465F4452565F5048595F534D86
:1002E000495472616E736665725374617274004C26
:1002F00032433A446174612073656E642C72656A9E
:1003000020727370206661696C00434D443A5365F6
:1003100074416476456E61626C652C656E61626CD9
:10032000653D256400434D443A5265616452656DF4
:100330006F74655478506F7765724C6576656C00A4
:10034000434F4E4E3A4E657754785265712C204F8C
:0B03500070436F64653D307825780035
:10035C0008B5EEF70DFE002804DB022814BF0020C0
:10036C00012008BD6FF00B00FBE700230B60436816
:10037C002BB1196041608368013383607047416021
:10038C000160F8E700230B6043682BB119604160F2
:10039C00836801338360704741600160F8E710B5F2
:1003AC0084B002240294079C01949DF81840009498
:1003BC00E1F7A8FA04B010BD10B584B0052402947E
:1003CC00079C01949DF818400094E1F79BFA04B047
:1003DC0010BD10B5FDF7DEF8044618B1FFF71FFA93
:1003EC0010B1A468204610BD0024FBE708B5FDF74A
:1003FC0035F920B1826C22B1FBF70AFB08BD002055
:10040C00FCE70020FAE7F52B54435049505F495064
:10041C0056345F44697370617463685061636B65D3
:10042C007400042A54435049505F495056345F506D
:10043C0061636B6574466F726D617454780008B5B6
:10044C00034628B190F8422012F0400F08BF002359
:10045C00184600F01FFA08BD08B5FEF7C5FE30B10E
:10046C0090F8430080F01000C0F3001008BD00208D
:10047C00FCE700B583B06FF00103009300231A462C
:10048C001946DAF73FF803B05DF804FB1FB5ADF879
:10049C000C0001A94FF4C050FCF742FCBDF804005D
:1004AC0005B05DF804FB1FB5ADF80C0001A943F2D3
:1004BC000400FCF735FCBDF8040005B05DF804FB46
:1004CC001FB5ADF80C0001A943F20600FCF728FC9F
:1004DC00BDF8040005B05DF804FB1FB5ADF80C00C9
:1004EC0001A943F20700FCF71BFCBDF8040005B0A2
:1004FC005DF804FB434D443A5365745363616E528B
:10050C007370446174612C6C656E3D256400428F80
:10051C00B0F850305343828F02FB0333B3EBC10F5F
:10052C00CCBF12200020704738B50D461446002170
:10053C00182201F043F940F20112C5600281448196
:10054C0038BD10B5837904461BB1C06808B102F000
:10055C00F3FA2046BDE8104002F0EEBA40F020035A
:10056C00613B192B05D9303809288CBF002001209C
:10057C007047012070470EB403B503AA52F8041B50
:10058C00019202F011F902B05DF804EB03B0704770
:10059C00465F4452565F4D49494D5F52656C6561EB
:1005AC0073654F704463707400434D443A536574E3
:1005BC0044656661756C7453756272617465436DE4
:1005CC00640001010201020105020106020202019E
:0B05DC000201010101010206020106FC
:1005E80008B5034B18600348C7F758FB08BD00BFA0
:1005F80054630220A1FA030120B108B529B1E0F73C
:100608003DFA08BD6FF0AC0070476FF0AC00F8E73A
:1006180020B108B529B1E7F703FC08BD6FF0AC00BD
:1006280070476FF0AC00F8E720B108B529B1DEF7E4
:10063800C9FF08BD6FF0AC0070476FF0AC00F8E779
:10064800044B834212BF4FF0FF30024B93F9040072
:10065800704700BF5864022010B504460121FAF71C
:1006680007FA00B910BD012363830023A383F9E7C8
:1006780010B504460121FAF7FBF900B910BD0123B2
:1006880063830023A383F9E710B504460021FAF732
:10069800EFF900B910BD012363830023A383F9E7B1
:1006A80010B504460121FAF7E3F900B910BD01239A
:1006B80063830023A383F9E710B504460121FAF701
:1006C800D7F900B910BD042363830923A383F9E78D
:1006D80010B504460921FAF7CBF900B910BD042377
:1006E80063830723A383F9E710B50446FEF7DCF913
:1006F80000B910BDA28E618C2046FBF76BFEF8E7AF
:1007080091060401E5AA030171F70201F10604014B
:10071800D1D80201F99103013F1F040125540201B8
:10072800CD280401000000000000000000000000C7
:100738000B4631B102682AB10A600360836801334D
:10074800836070474160F8E7D0F8A42002F5805232
:10075800536823F0105323F4FC730B435360704722
:1007680010B584B001240294069C019400930023E0
:10077800E1F7CAF804B010BD10B584B003240294A0
:10078800069C019400930023E1F7BEF804B010BD65
:1007980010B584B004240294069C019400930023AD
:1007A800E1F7B2F804B010BD10B50121F4F7DCFD93
:1007B80028B10446DFF7C8FB606800F09DF810BD5B
:1007C800465F4452565F4D49494D5F4F704C6973BF
:1007D8007452656D6F7665000B7813F0010F06D0C3
:1007E8000B7823F001030B70436A013B43627047A7
:1007F80008B5044B186820B101F010FD014B002228
:100808001A6008BDC46B022000230B6043682BB13B
:100818001960416083680133836070470160F8E7BD
:1008280054435049505F495056345F4172704C6987
:10083800737450757267650040B190F8422012F0E9
:10084800400F01D100207047C068704700207047F2
:1008580040B190F8422012F0400F01D100207047BB
:10086800006970470020704740B190F8422012F0AC
:10087800400F01D100207047406970470020704741
:10088800034628B190F8422012F0400F08BF002319
:10089800181E18BF0120704740B190F8422012F08E
:1008A800400F01D100207047406870470020704712
:1008B80040B190F8422012F0400F01D1002070475B
:1008C800806870470020704754435049505F444E39
:1008D800535F436C69656E7450726F636573730020
:1008E80010B5044608460421FBF7C4F8E368B0FBDA
:1008F800F3F202FB130010BD08B500231A4619468F
:100908000068D9F74BFD012814BF0020012008BD5D
:1009180003680BB10020704710B504460120FDF7AD
:1009280077FD2060012010BD08B500231A4619463E
:100938000068D9F733FD012814BF0020012008BD45
:1009480010B50446084611460022F5F794F92060D0
:10095800003818BF012010BD10B504460B461146DB
:10096800186800F0A1F82060003818BF012010BDF9
:1009780008B5044B1B681BB1024B58681B689847A5
:1009880008BD00BFE46A0220044A9368D068834225
:100998003EBF024A12699B18181A7047FC6602206B
:1009A800044BD86A9B6A984282BF024A126B9B1812
:1009B800181A7047FC6602200246044B93F834006C
:1009C80083F8342083F83C10704700BFFC6602208F
:1009D800044A136843F002031360136913F0020F0B
:1009E800FBD1704700140040044A136823F0020347
:1009F8001360136913F0020FFBD170470014004015
:100A0800044A136843F002031360136913F0020FDA
:100A1800FBD17047001C004008B5D0F8D43033B182
:100A28005968D0F8D0308B4201D0EBF7C1FF08BD30
:100A380008B503681B68034940689847FDF79EFCA2
:100A480008BD00BF28230001044B1B69834232BF45
:100A5800C01AC3F58033C018704700BF4067022032
:100A680051DC0201A90904011D1404011D3B020106
:100A7800452904013114040108B5044CA068C6F7DF
:100A880077FC0120FAF776FDF8E700BF1800002090
:100A9800034B1B680360034B1B684360704700BF30
:100AA800B86C0220CC6C022000B583B00A46002343
:100AB800019301A9DFF72EF8019803B05DF804FB54
:100AC8005C270001219703016427000184270001A6
:100AD8003DE40301902700011FB5039001A94FF4DD
:100AE8008850FCF71FF9BDF8040005B05DF804FB59
:100AF8001FB5039001A941F20110FCF713F9BDF8E5
:100B0800040005B05DF804FB1FB5039001A941F28C
:100B18000210FCF707F9BDF8040005B05DF804FB06
:100B28001FB5039001A94FF48050FCF7FBF8BDF8FE
:100B3800040005B05DF804FB1FB5039001A941F25C
:100B48000200FCF7EFF8BDF8040005B05DF804FBFF
:100B580008B50089FCF7D8F920B10521BDE808409F
:100B6800EAF784BF032008BD38B50025044645646C
:100B7800A0F84C50806C10B101F0E0FFA56438BDBE
:100B8800042806D8034B00F1804001381B6843F85D
:100B980020107047FC6C0220044A136803605368F5
:100BA800436093688360D368C3607047ED01002099
:100BB800044A036813604368536083689360C3689A
:100BC800D3607047ED010020034B1B780370034B83
:100BD8001B780B70704700BFEC0100200802002052
:100BE8004D454D2C416C6C6F63206661696C656482
:100BF8002C6C656E3D25640018B9034B43F8212021
:100C08007047024BFAE700BF346B0220E06802200D
:100C1800044B4FF080521A60BFF34F8FBFF36F8FB2
:100C2800704700BF04ED00E0044B4FF00072C3F8BA
:100C38000421BFF34F8FBFF36F8F704700E100E0CF
:100C48008B784A781B0403EB02230A781344CA788A
:100C580003EB02630360704710B5044C2468C4E9D1
:100C68000612C4F88400236210BD00BF386D02204C
:100C780010B5044600F5BC70E1F7E8FA04F5C87051
:100C8800BDE81040E1F7E2BAD0F8443158567E2862
:100C980004BF024B93F90100704700BFEE02002029
:100CA800434D443A436C72574C004552523A737460
:100CB800617475733D256400024B034ADA60034A88
:100CC8001A617047400300201DE50101A9B1030125
:100CD800044AD2E90231994238BF01F20161CB1AC4
:100CE80013617047800200200138C0B206289ABFFD
:100CF800024B185C4FF4FA70704700BF532A040186
:100D080008B50146406801F097F820B98868BDE841
:100D1800084001F091B808BD08B5044B00221A70CC
:100D2800EEF718FABDE80840E9F7C6B8BC6D02202E
:100D380008B503790C2B05D183681868DDF7EAFB41
:100D4800012008BD0020FCE7024A03490348FFF7D9
:100D5800B3B900BF390D04015DC20001E9AC02015D
:100D680030B143785B0705D5C36D0B600020704731
:100D78000120704702207047044B1A68D36C0BB1EE
:100D880004207047D0641846704700BFDC0200207A
:100D980008B503783BB94088FBF714FA18B101236A
:100DA800037280F83C3008BD0246044B0068516865
:100DB80003C39068D16803C3704700BFA0340141E2
:100DC800044B1A6822F073021A601A6842F00C0287
:100DD8001A607047283A014110F11D0F06DA5031A8
:100DE80004DB002A0CBF1120002070471120704737
:100DF80007B50422019001AB41F483310020F0F7DC
:100E080074FC03B05DF804FB037B1BB190F9270069
:100E1800F3F7FEB9014B93F90000F9E7EE02002061
:100E2800037A042B0CBF024B024B1B68184700BF08
:100E3800740300207C03002008B590F8F4309B0769
:100E480004D5FA30F9F7A4FD0439C9B2084608BD3B
:100E58004AB1431E84460A4411F8010B03F8010FF6
:100E68009142F9D16046704703783BB1034600BF11
:100E780013F8012F002AFBD1181A7047184670473B
:100E880038B504460D46FFF7EFFF2946421C2046B9
:100E9800BDE83840FFF7E2B9044A136823B9106087
:100EA800036101600120704700207047786D0220BF
:100EB800034B044A1868504301301860400C7047CF
:100EC800806D02202D7F954CD0E90F2310B59C1A18
:100ED8000165446511B18C42C8BF5318C36410BD85
:100EE800465F444E53436F6D706C6574654861731B
:070EF80068456E7472790079
:100F000010B50446DCF76CFB2046CBF7D9FD204634
:100F1000D6F7B2FD10BD10B50446807AF0F712FE88
:100F200000B110BD2046EFF705FFFAE74452565FC7
:100F30004554485048595F496E697469616C697AD3
:100F4000650008B50021F4F713FA10B190F90C0010
:100F500008BD4FF0FF30FBE74D49494D5F50726FC0
:100F6000636573735F57726974654578740008B57B
:100F7000FCF77AFB20B190F88500C0F3800008BD33
:100F80000020FCE754435049505F495056345F41BC
:100F9000727048616E646C65720038B1B0F84230AE
:100FA00013F0070F0CBF012000207047002070478E
:100FB00040B190F8422012F0400F01D1002070475C
:100FC0003C3070477047B2F5807F00D0704708B55D
:100FD000012211460F20F2F757FD08BD465F444E2F
:100FE000535F436C65616E4361636865456E7472FF
:100FF00079004B68002B02DC4FF0FF3070470B6824
:10100000FF221A7001207047B2F5807F00D0704730
:1010100008B5012211460C20F2F736FD08BD050087
:10102000465F4448435052784D7367547970653237
:101030004576656E7400B2F5807F00D0704708B5C4
:10104000012211460E20F2F71FFD08BD034628B10C
:1010500090F93C00002283F83C2070476FF00800B4
:10106000704708B520B1012804D1FEF763F901E00B
:1010700000F006FE002008BD00F1080343604FF0B9
:10108000FF328260C360036100230360704710B5C4
:101090000446FEF74FF9A46B00F010FAB4FA84F09E
:1010A000400910BD30B108B56FF001020021F8F71A
:1010B000FBFA08BD6FF0AC0070470389B3F5706FA1
:1010C00004D2418911B11846F4F782BB032070475E
:1010D00003460089B0F5706F03D2D3E90312F1F72C
:1010E000C1BB03207047036833B100201B68013087
:1010F00080B2002BFAD170471846704710B50A68C5
:101100005478137803EB042303800B6802330B60DD
:1011100010BD434D443A5365744164764461746133
:101120002C6C656E3D256400434D443A53756272E4
:1011300061746552657175657374436D640090F8F0
:10114000E22032B990F8E430213B012B01D9F6F7C7
:101150009DBE704710B5044600F012F820B120463D
:10116000BDE81040FBF73ABE10BD022310B580F871
:10117000E2300446F8F778FC08B984F8E20010BDC4
:1011800090F8E2302BB990F8E400B0FA80F0400912
:1011900070470020704703681BB119791A6811B1B4
:1011A00002601846704718461346F5E708B50B79F4
:1011B00013F0300F0CBF0430083001F087F8002026
:1011C00008BD08B5437813F0010303D0CCF762FCE7
:1011D000C0F38703184608BD40F271224000B0FBFF
:1011E000F2F302FB13005B0243EA5000704710B5B4
:1011F0000023C25CCC5CA24202D10133002AF8D1A8
:10120000101B10BD0068002808B501DA002008BDD9
:10121000F5F7B6FA431CFAD1F8E768076C094C8376
:101220006A9074A07AC00080688800846C82008113
:10123000465F4452565F4D49494D5F4765744F7054
:1012400044637074000404054D49494D5F50726F4A
:0D125000636573735F5265616445787400D7
:10125E000500465F4452565F4D49494D5F50726FCF
:10126E00636573734F70004D6963726F6368697065
:10127E002D4269674275636B41444452434D443A73
:10128E0053657444656661756C74506879436D641A
:01129E00004F
:1012A00010B50446C06820B101F048FB0023E3609C
:1012B000637210BD034B834203D100229A801A70DF
:1012C0005A617047586402207D45030195A00201D0
:1012D000A5240301016F020175F00301034B834252
:1012E00006BFB3F84E0080B2002070473071022074
:1012F000EFF70301F7750301D152030151AB03016D
:10130000217A0201465F4452565F4D49494D5F4F75
:1013100070526573756C7400465F4452565F4D4958
:10132000494D5F5265706F72744F7000ED18030184
:10133000152F0301C15303015D8B020175B1020139
:1013400008B518B10278032A01D0002008BDE3F7E0
:10135000E9FAFBE7037A1BB1024A1368013B136009
:10136000704700BFF46B0220034B1B7B834206BF18
:10137000014B9868002070476869022084210001B1
:10138000882100018C210001942100019821000195
:10139000465F444843504E6F74696679436C696593
:1013A0006E7473000269C389022B83BF012313701B
:1013B00003204FF0FF30704708B520B1012804D159
:1013C00000F07CF801E0D8F77DFE08BD10B50446BA
:1013D000084601F063F82060003818BF012010BDF6
:1013E00008B509680068FCF781FD012814BF0020DA
:1013F000012008BD08B500230068D8F7D3FF0128F5
:1014000014BF0020012008BD08B5034B186B002154
:10141000FAF74CFB08BD00BF0006004410B5034BB3
:101420001C6BFFF7C1FA013C201A10BDFC660220BC
:1014300010B5034B1C69FFF7ABFA013C201A10BD35
:10144000FC660220034B98831A46136913F0400F81
:10145000FBD1704700140040034BD8831A46136930
:1014600013F0800FFBD1704700140040EDFC030126
:10147000D1DC0201DDBA0301311C0401B5F2030124
:1014800008B54FF0FF31083000F078FA003818BF87
:10149000012008BD01000000050000000000000060
:1014A0000500010001000000DFF80C00016841F4B4
:1014B000700101607047000088ED00E0034A136886
:1014C000013B13600BB983F311887047F873022056
:1014D000034B186810B1836C01338364704700BFFD
:1014E000E06C022008B5002202491046FBF7CFF855
:1014F00008BD00BF812A04010389B3F5706F03D2D0
:10150000C1681846F3F786BA032070470389B3F51C
:10151000706F03D2C1681846F2F7F2BC032070471F
:10152000034B1B6853F82030104653F821301847FE
:10153000EC6C022010B504460621EBF7EFFD637951
:1015400003F03F03637110BD08B5034B1B689B6834
:101550009847002008BD00BFD8010020034B53F876
:101560002030104653F82130184700BF1C6B022072
:101570001346427A12B1827AD20702D45222DBF7A2
:1015800017BA704708B5E5F7C9FD024B33F81000EC
:1015900008BD00BF8ECF020108B5F9F7E5F8024B90
:1015A00033F8100008BD00BF8ECF020108B5F9F76F
:1015B000BFF8024B33F8100008BD00BF8ECF020108
:1015C00008B501F03DF8024B33F8100008BD00BF2C
:1015D0008ECF020108B5F2F743FD024B33F810003D
:1015E00008BD00BF8ECF020130B50023C45CCD5CC6
:1015F0006C40D4540133102BF8D130BD00230B6064
:10160000036813B901604160704743681960FAE7E5
:101610004D53472C476574206661696C2C6C656E70
:101620003D2564005359530000484F5354004C4823
:101630004349004C4C00000001390244824200D171
:10164000704711F8013F02F8013DF7E738B50C4645
:1016500009681546FFF700FC22682A44226038BD5D
:1016600038B5044600681546FFF7F6FB22682A44A1
:10167000226038BD544D522C53746F70206E756CBF
:101680006C20696E7075740090F8E2309B065ABF4A
:1016900090F8E400C0F34010012070470138C0B258
:1016A00007289ABF014B185CFF207047142A0401D9
:1016B000034B1B6853F8022F02609B88838070479E
:1016C00038020020034B1878072894BF002001201F
:1016D000704700BFBA6D0220034B00229A60C3E935
:1016E0000522C3E9032270474003002008B51020FB
:1016F00001F026FA18B1002383808371C36008BD0E
:10170000534D503A47656E206B65792C66342066E0
:1017100061696C00534D503A47656E206B65792CBA
:101720006635206661696C00534D503A47656E20FE
:101730006B65792C6636206661696C00534D503AB2
:1017400047656E206B65792C6732206661696C0095
:10175000034B53F82030104653F82130184700BF90
:10176000446B022010B5034C2068F9F79BFC002362
:10177000236010BDE8020020034B1B681878A0F11D
:10178000FF03584258417047E8020020034B1B6892
:101790001878B0FA80F04009704700BFE8020020D6
:1017A00008B5D0F8CC0001F083F90A289CBF0130BD
:1017B000C0B208BDF71A040183FA030165FA0301F8
:1017C000992B0401992B040132B1C9B2024403469A
:1017D00003F8011B9A42FBD1704700BF10B50C46BD
:1017E000F1F720FA0378E4B2A34218BF002010BD3D
:1017F000034600BF11F8012B184603F8012B002AFD
:10180000F8D1704737B54FF0FF340025CDE90045DA
:10181000F3F794FC03B030BD37B54FF0004400251A
:10182000CDE90045F3F78AFC03B030BD4D49494D81
:0F1830005F50726F636573735F57726974650001
:101840005443504950537461636B5061636B6574CA
:03185000547800C9
:1018540054435049505F444843505F50726F63652E
:10186400737300010200000000000000000000008B
:10187400000000040404434D443A536574486F73F4
:10188400744665617475726500434D443A536574DA
:10189400525041544F2C544F3D2564004348433A21
:0F18A400616464205265712C496E763D256400A5
:1018B40008B50378122B00D008BD406801F03CF84D
:1018C400FAE720B108B5FFF7EBFB002008BD6FF085
:1018D400AC0070474D49494D5F50726F6365737337
:1018E4005F526561640005004D49494D5F50726F58
:1018F400636573735F5363616E00C3688B4283BF18
:101904008368006803FB01000020704746435F556D
:10191400385074724469666632554931360008B5E8
:10192400FBF7A0FE10B1FDF79CFF08BD0020FCE70B
:10193400465F444843504576656E74536F757263D1
:10194400650010B50446006801F02AF800232360FE
:10195400012010BD08B50068DAF756FC012814BF51
:101964000020012008BD08B5006800F044F8FF28F5
:1019740028BFFF20C0B208BD08B50068DAF744FCF0
:10198400012814BF0020012008BD08B50068DEF757
:10199400C3F8012814BF0020012008BD08B5006861
:1019A40000F053FC012814BF0020012008BDEFF310
:1019B400108072B6BFF35F8FB0FA80F040097047B1
:1019C40018B1BFF35F8F62B6704772B6BFF35F8F13
:1019D40070474FF0200383F31188BFF36F8FBFF379
:1019E4004F8FFEE74FF0200383F31188BFF36F8F0F
:1019F400BFF34F8FFEE710B50446FDF799FCA46BC7
:101A0400FFF75AFD204610BD417A11F0FC0F02D1B8
:101A1400007AF6F75FBF0320704710B50446ECF771
:101A240094FD10B1052384F8E23010BD10B50446CE
:101A3400F5F7A0FB10B1132384F8E23010BD10B504
:101A44000446FDF744F910B1032384F8E23010BDD5
:101A5400012805D0022803D0042814BF0120032044
:101A64007047434D443A5264416476412C68646C37
:101A74003D2564000346006820B102681A600AB973
:101A84005B6070477047434D443A574368417373F2
:101A94006D4D6F643A25640010B5841A64024CBF1E
:101AA400501AC01AC0F3805010BD00010200020198
:101AB40001000201020002000102010008B50B4608
:101AC4000022C1B21846FFF7ADF9002008BD90F816
:101AD4006C3090F8F42062F3451380F86C30704752
:101AE40010B50446EEF748FC2046BDE81040F7F771
:101AF40031B90A440023914201D10020704701F812
:101B0400013BF8E7465F444E535F56616C6964617C
:051B1400746549660044
:101B1A000200465F444E535F53656E645F517565BC
:101B2A00727900434D443A47656E5075624B657948
:101B3A00436D640008B5E0F796FFF1F7E0FBFAF7AA
:101B4A0048F908BD050008B509210148FDF789F8DB
:101B5A0008BD1873022018B108B5FEF78BFC08BD42
:101B6A006FF0AC00704710B582B000240094E9F71A
:101B7A0024FA02B010BD10B582B001240094E9F72E
:101B8A001CFA02B010BD4452565F45544850485999
:101B9A005F4F70656E00D0F8A43003F58053586922
:101BAA00C0F34010704700F58050806880F0040050
:101BBA00C0F38000704703099F288CBF03F15700C8
:101BCA0003F13000704700000000C8180001D41863
:101BDA000001DC18000110B50446FDF7BEFF2046DF
:101BEA00FAF76AFC10BD10B582B001240094E0F740
:101BFA00C8FE02B010BD10B582B002240094E0F70E
:101C0A00C0FE02B010BD465F444E535F50726F6310
:101C1A00657373525200024B1868C0F3C0307047A4
:101C2A0000BF0006004408B5024B5888F9F731F99D
:101C3A0008BD646C022010B9024B18797047032062
:101C4A007047CC6A022008B5024B1B6800219847EE
:101C5A0008BD786C02200A000000000000000000A5
:101C6A0000000000000008B50A24C9F790FE2046CB
:101C7A00F9F77FFCF9E7024A1368013313607047EA
:101C8A0000BFA86C0220806803781F2B01D8F7F7E1
:101C9A00F6BD03207047806803781F2B01D8F7F739
:101CAA00D0BD03207047024B1B68D3F88431184714
:101CBA0000BFD4010020024B1B68D3F888311847B3
:101CCA0000BFD4010020024B1B68D3F8903118479B
:101CDA0000BFD4010020024B1B68D3F878311847A3
:101CEA0000BFD4010020024B1B68D3F89431184777
:101CFA0000BFD4010020024B1B68D3F87C3118477F
:101D0A0000BFD4010020024B1B68D3F89831184752
:101D1A0000BFD4010020024B1B6843F82010704713
:101D2A0000BFEC6C022008B500231A461946E9F7F1
:101D3A00ECFCC0B208BD024B104653F821301847DC
:101D4A0000BF3CB0030108B5FAF7BBF808B1407907
:101D5A0008BD1020FCE708B5024800F0F6FE002096
:101D6A0008BDC1C00101000001000300010001001B
:101D7A0001000100020003681BB11A68026002B97F
:101D8A00426018467047024B1A8860F308221A808C
:101D9A007047183E0141024B1A8860F349221A80A3
:101DAA007047183E0141037CF02B01D100F055BC6D
:101DBA0090F840007047024B1B6803EB80004162B9
:101DCA007047386D0220024B01221A7000207047BA
:101DDA0000BF78030020C37D13B90321DFF773BF67
:101DEA001021E1F75EB9024B1B6883F827007047A0
:101DFA0000BF38020020024B1B6883F82800704796
:101E0A0000BF38020020024B1B6893F82800704775
:101E1A0000BF38020020024B1878B0FA80F040095F
:101E2A007047BA6D0220434D443A47656E44684B89
:101E3A006579436D640028B1028943899A4201D1C8
:101E4A000068F8E7704708B5FEF741FF014808BD8A
:101E5A0000BF8002002008B51C2000F06CFE08B10B
:101E6A000223037308BD08B5182000F064FE08B108
:101E7A000123037308BD434D443A526561645273AA
:101E8A007369436D6400024B1B6893F84C027047F8
:101E9A0000BFCC020020024B1B68DB6C03B1184761
:101EAA007047DC020020024B1B68D86000F02BBE92
:101EBA0000BFDC020020BE83605ADB0B376038A506
:101ECA00F5AA9183886C90F8F430DB0702D5F530D7
:101EDA00F8F75DBD7047C38F428FDB00B3FBF2F3A7
:101EEA00C0E9243370474452565F4D49494D5F5407
:051EFA0061736B730031
:0F1F0000465F444E535F526561644E616D6500EC
:101F1000465F444E53507574537472696E67000087
:101F20000102030304050506070707070708434DD9
:0D1F3000443A52656164506879436D640065
:101F3E0012F0010F0CBF6FF0060000207047D0F8B2
:101F4E00A43003F58053586A58627047D0F8A43015
:101F5E0003F5805320225A617047D0F8A43003F560
:101F6E008053D3F800017047D0F8A43003F58053A6
:101F7E00D3F804017047D0F8A43003F58053D3F89A
:101F8E0008017047D0F8A43003F58053D3F80C0144
:101F9E007047D0F8A43003F58053D3F81001704782
:101FAE00D0F8A43003F58053D3F814017047D0F85D
:101FBE00A43003F58053D3F818017047D0F8A4303D
:101FCE0003F58053D3F81C017047D0F8A43003F505
:101FDE008053D3F820017047D0F8A43003F5805316
:101FEE00D3F824017047D0F8A43003F58053D3F80A
:101FFE0028017047D0F8A43003F58053D3F82C0194
:10200E007047D0F8A43003F58053D3F830017047F1
:10201E00D0F8A43003F58053D3F834017047D0F8CC
:10202E00A43003F58053D3F838017047D0F8A430AC
:10203E0003F58053D3F83C017047D0F8A43003F574
:10204E008053D3F840017047D0F8A43003F5805385
:10205E00D3F844017047D0F8A43003F58053D3F879
:10206E0048017047D0F8A43003F58053D3F84C01E3
:10207E007047D0F8A43003F58053D3F85001704761
:10208E00D0F8A43003F58053D3F854017047D0F83C
:10209E00A43003F58053D3F858017047D0F8A4301C
:1020AE0003F58053D3F85C017047D0F8A43003F5E4
:1020BE008053D3F860017047D0F8A43003F58053F5
:1020CE00D3F864017047D0F8A43003F58053D3F8E9
:1020DE0068017047D0F8A43003F58053D3F86C0133
:1020EE007047D0F8A43003F58053D3F870017047D1
:1020FE00D0F8A43003F58053D3F874017047D0F8AC
:10210E00A43003F58053D3F878017047D0F8A4308B
:10211E0003F58053D3F87C017047D0F8A43003F553
:10212E008053D3F880017047D0F8A43003F5805364
:10213E00D3F884017047D0F8A43003F58053D3F858
:10214E0088017047D0F8A43003F58053D3F88C0182
:10215E007047D0F8A43003F58053D3F89001704740
:10216E00D0F8A43003F58053D3F894017047D0F81B
:10217E00A43003F58053D3F898017047D0F8A430FB
:10218E0003F58053D3F89C017047D0F8A43003F5C3
:10219E008053D3F8A0017047D0F8A43003F58053D4
:1021AE00D3F8A4017047D0F8A43003F58053D3F8C8
:1021BE00A8017047D0F8A43003F58053D3F8AC01D2
:1021CE007047D0F8A43003F58053D3F8B0017047B0
:1021DE0000F58050036843F010030360704700F56C
:1021EE008050036823F010030360704700F00F0067
:1021FE0009288CBF57303030704710B1B0F85800F6
:10220E0070474FF0FF30704710B1B0F8580070476C
:10221E004FF0FF30704720B10022026042608260B2
:10222E00C260704708B50B461146186AFEF7D8FF14
:10223E0008BD0201020102010202020201030303B0
:10224E00836BC06B984214BF00200120704708B505
:10225E000020D4F786FCE5F734FDFCE7037A4189CC
:10226E00181C18BF0120EEF7CABE827A90F9091029
:10227E0090F90800FFF7A7B9EFF31083036072B669
:10228E00BFF35F8F70470B681B7803700B680133C9
:10229E000B60704700230B6043684B601960416010
:1022AE007047434D443A52656164547850777200DA
:1022BE004556543A69643D307825303478000368C9
:1022CE0013B90160184670471846F8E74378DB07E4
:1022DE0002D50022D4F789BA7047070711110211EF
:1022EE000B110811024111020238012802D80846CA
:1022FE00E8F775B9704710B50446FEF7FEFCC4F852
:10230E00AC0010BDA0F14103192B98BF40F0200086
:10231E007047A0F16103192B98BF00F05F00704762
:0F232E000500465F444E53476574446174610077
:10233E001800014B01221A7070479F570220014B63
:10234E001860704700BF706B0220014B1860704719
:10235E0000BF746B0220BDFA0301E1510301251881
:10236E00030161060401A1A00301D7270401A906F8
:10237E000401B55D030165C90301D0F8A43003F56E
:10238E0080539A627047D0F8A43003F58053DA6216
:10239E007047014B00221A607047C06B022008B5CF
:1023AE0001460122D0F7FFFB08BD014B18687047AC
:1023BE0000BF386C0220014B1888704700BF686957
:1023CE00022018B1406C08B1406870477047014B4D
:1023DE001868704700BF106C0220014B18687047D8
:1023EE0000BF0C6C022008B50A460121F1F771FB03
:1023FE0008BD13688868C01A18BF0120704740696D
:10240E00003818BF01204000704708B50421F9F7C5
:10241E0046FB012008BD08B1014A90637047FC6677
:10242E000220014B186059607047EC6A0220014B84
:10243E00186059607047F46A0220014B5888704743
:10244E0000BF706C0220014B1868704700BF10006F
:10245E000020014BD868704700BF40670220000083
:10246E0000000400000000000000002B040174CBEB
:10247E00030100000000014B1868704700BFD06CCC
:10248E000220014B01221A607047BC6C022008B575
:10249E0000220421F3F7ECFB08BD014B01221A7058
:1024AE007047A66D0220D0E90423C1680089FAF7AF
:1024BE0015B9806808B1F6F7A8BA03207047014B2A
:1024CE001B685B681847D8010020014B1B68184732
:1024DE0000BFDC0100208368187808B1DCF77FBBF1
:1024EE0070470146014800F028BB906D0220014B59
:1024FE00B3F801007047576B0220014BB3F801008F
:10250E0070475C6B0220014B33F820007047F06C73
:10251E000220014B1B6858607047F46C0220014B7F
:10252E001B6898607047F46C02200148FFF7F7BFF4
:10253E0000BF39E80201014B1860704700BFF86C0C
:10254E000220014B93F900007047FF010020014B60
:10255E0093F900007047FD010020014B1878704779
:10256E0000BFFE010020014B1878704700BFAA6D16
:10257E000220014B1860704700BF206D0220014BF6
:10258E001860704700BF1C6D0220014B1878704711
:10259E0000BFB16D0220014B1870704700BFB16DC6
:1025AE000220014B00221A707047AB6D0220014BC6
:1025BE001878704700BFAB6D0220014B1860704752
:1025CE0000BF306D0220014B1860704700BF346DA4
:1025DE000220BFF35F8F036883F310887047014BAF
:1025EE001878704700BFB56D02204A780B7803EB60
:1025FE000223038070470368197003680133036078
:10260E0070470368198003680233036070470368DC
:10261E0019600368043303607047014B1B68D86070
:10262E007047386D0220006810B1037C8B42FAD1DE
:10263E007047014B00201870704778030020014B43
:10264E001860704700BF4C6D0220014B43F82010FC
:10265E0070475C680220014B1B68187A704738027D
:10266E000020014B1B68988C704738020020014BEC
:10267E001B689863704738020020014B1B68D863B3
:10268E00704738020020014BC3E907007047E8721B
:10269E000220014B1B681864704738020020014B62
:1026AE001B685864704738020020014B1B68986401
:1026BE00704738020020014B1B689865704738023E
:1026CE000020014B1B685866704738020020014BF2
:1026DE001878704700BFBA6D0220014B1860704722
:1026EE0000BF506D0220014B01221A607047546DDD
:1026FE000220014B00221A607047546D022043786D
:10270E00DB0701D5ECF705BA70474378DB0701D537
:10271E00F0F735BF7047014B1860704700BFD0020D
:10272E000020014B1868704700BFD0020020014BFB
:10273E0043F820107047446B0220014B1B685878F9
:10274E007047E8020020014B1860704700BF50240C
:10275E000141014B1860704700BF08030020014B78
:10276E001860704700BF0C030020014B43F8201087
:10277E007047E4670220014B1860704700BF7C036E
:10278E00002010B50446FFF72CF8204610BD10B5FA
:10279E000446F6F73AFB204610BD014B013818608F
:1027AE007047806D022013460A466FF00041F0F725
:1027BE0062BA46435F737072696E74660045525218
:1027CE003A4C31364230730008B50021FAF769FEF3
:1027DE0008BD00F58050406B80B2704708B50123EC
:1027EE00E4F709FF08BD08B50223F6F73AFD08BD68
:1027FE0008B50122E2F737FF08BD002303604360EE
:10280E0083607047B0F8420000F00700704708B5CB
:10281E000022DBF70EF808BD08B5FFF7E7F8C0B2E7
:10282E0008BDC168007A4A1CFDF7A9BBC16890F9C2
:10283E000800FEF7B4BEC16890F90800FEF7A5BE09
:10284E000A4601460220FBF7A6BE00231A46194689
:10285E00E8F759BF427B017B8068F2F780B8BFF37F
:10286E004F8FBFF36F8F7047434D443A436C725294
:10287E004C00307825782C307825780008B500F09B
:10288E005AF9002008BD837843F010038370704717
:10289E000A4601460320FBF77EBE00B9704700BF13
:1028AE000138FAE7836F43F4C0738367704708B546
:1028BE00FFF747F908BDA3000100A800010000487A
:1028CE007047A025260008B5F2F7E9FA08BD08B54D
:1028DE000368984708BD08B54368984708BD08B512
:1028EE008368984708BD08B5C368984708BD08B502
:1028FE00FCF72DF908BD08B12C307047704708B1B0
:10290E000A68C260704708B10A680261704708B170
:10291E000A684261704708B5FEF743FB08BD0038F0
:10292E0018BF0120704708B5DBF749F908BD08B597
:10293E00E5F71BFE08BD08B5FEF723F808BD0048F5
:10294E0070470020A10708B5FFF72CF808BD08B5A1
:10295E00FFF731F808BD08B5F9F749F908BD5CFD78
:10296E0003011900000000000A00440043000A00A1
:10297E000000000800080A0000020000000000002D
:10298E00000000A0004108B5EFF7F2FC08BD08B545
:10299E00E8F771FEFCE708B5E5F7E7FD08BD08B5F9
:1029AE00FFF7C5FF08BD817A0089FCF725B9F5F35D
:1029BE000301F1E40301C168007AF9F720BAD0E906
:1029CE000201F3F7C2BC003018BF01207047D0E9F6
:1029DE000201FCF718BD5049433332435800118AA7
:1029EE0002014D01030113461222D9F7DABF4B78CB
:1029FE0080F8E03070474B7880F8E13070478B7884
:102A0E0080F8E03070470001FF02FFFFFF034563CF
:102A1E0063446F6E6500C3680B60C16070478908C0
:102A2E0041EA4020704700487047EC8D02018168F2
:102A3E00C088F2F712B883F00043D0F76CBD009354
:102A4E009393671100FA96644B321E146FF00700D1
:102A5E00704780691030704780690C30704713687A
:102A6E008B6070470500FFFFFFFFFFFF0023036130
:102A7E0070476FF4877070476FF001007047007AEF
:102A8E00F6F737BF8068F7F750BD411CF6F74FBF1A
:102A9E008068FFF7FABF103000F04BB80023CCF778
:102AAE0056BC90F851007047B0F854007047C409F6
:102ABE00C409A60E020500012A020300002A0A0319
:102ACE0000002A0A1500292B0217002A2B201200BB
:102ADE00052A082070470020704700207047638247
:102AEE00536300207047002070470120704700009C
:102AFE000000680A04010000000004000000FEF758
:102B0E0058BDF7F782BDEFF7ACB9FBF732BD002029
:102B1E00704700F010B800207047EAF766B9002041
:102B2E00704700207047002070470020704700203B
:102B3E007047E1F756BFF8F7AEBA018070470160F3
:102B4E007047FEF782B9FFF7C8BDFFF7CCBDFFF7A0
:102B5E00D0BDF7F756BEF5F792B9F5F790B9800BE1
:102B6E00704700207047D5F750BCC06A7047806D23
:102B7E007047416170478161704700207047030CB8
:102B8E001000130002000100FFFF00207047704785
:102B9E0000BF02000800001802007047704770471F
:102BAE007047292B2A2B052A050005000500010078
:102BBE0010000200040001180200704770477047B1
:00000001FF
