:02000004008179
:100F8800FFFF000000400E8438FC745F3B480014EB
:080F98000B006079000000006D
:040FBC000000001021
:020000040100F9
:1000000000000000000000000000000000000000F0
:1000100000000000000000005048434D00000000B8
:1000200000000000000000000000000000000000D0
:10003000000000000000000000000000FEFFFFFFC5
:100040000301000000007400000000010002000134
:100050000002000180C50200000000000000000056
:100060000000000000000000000000000000000090
:100070000000000000000000000000000000000080
:100080000000000000000000000000000000000070
:100090000000000000000000000000000000000060
:1000A0000000000000000000000000000000000050
:1000B0000000000000000000000000000000000040
:1000C0000000000000000000000000000000000030
:1000D0000000000000000000000000000000000020
:1000E0000000000000000000000000000000000010
:1000F0000000000000000000000000000000000000
:1001000000000000000000000000000000000000EF
:1001100000000000000000000000000000000000DF
:1001200000000000000000000000000000000000CF
:1001300000000000000000000000000000000000BF
:1001400000000000000000000000000000000000AF
:10015000000000000000000000000000000000009F
:10016000000000000000000000000000000000008F
:10017000000000000000000000000000000000007F
:10018000000000000000000000000000000000006F
:10019000000000000000000000000000000000005F
:1001A000000000000000000000000000000000004F
:1001B000000000000000000000000000000000003F
:1001C000000000000000000000000000000000002F
:1001D000000000000000000000000000000000001F
:1001E000000000000000000000000000000000000F
:1001F00000000000000000000000000000000000FF
:10020000F0FF0720E5D40101335C0101D762010151
:100210000B6B0101637001013F78010100000000D8
:10022000000000000000000000000000219B02010F
:100230009B65010100000000A10E02015186020130
:10024000DB8F0101DB8F0101DB8F0101B1B0020106
:10025000DB8F0101DB8F0101DB8F0101DB8F0101EE
:10026000DB8F010101920201DB8F0101DB8F0101B4
:10027000DB8F0101DB8F0101DB8F0101F926020118
:10028000DB8F0101DB8F0101DB8F0101DB8F0101BE
:10029000DB8F0101DB8F0101DB8F0101DB8F0101AE
:1002A000DB8F0101DB8F0101DB8F0101DB8F01019E
:1002B000DB8F0101DB8F0101DB8F0101DB8F01018E
:1002C000DB8F0101DB8F0101DB8F0101DB8F01017E
:1002D000DB8F0101DB8F0101DB8F0101DB8F01016E
:1002E000DB8F0101DB8F0101DB8F0101DB8F01015E
:1002F000C1510201899C0201DB8F0101DB8F0101E9
:10030000DB8F010100000000DB8F0101DB8F0101A9
:10031000DB8F0101DB8F0101DB8F0101DB8F01012D
:10032000DB8F01015D110201F8B500BFF8BC08BC0C
:100330009E4670476D570201F8B500BFF8BC08BC77
:100340009E46704749570201CCBC000001000000E6
:1003500008B5044B186818B1804780F00100C0B29E
:1003600008BD00BF3C2B012004292CD8DFE801F098
:100370000308161D2400184A93881844908070477B
:10038000154A9388184480B2C11C4FF6FC730B4089
:10039000984201D90430F1E7938070470E4A938860
:1003A0000F33184420F00F00E8E70B4A93881F33FF
:1003B000184420F01F00E1E7074A93883F331844B0
:1003C00020F03F00DAE74FF0200383F31188BFF3FA
:1003D0006F8FBFF34F8FFEE73C2B012070B5104AA3
:1003E00094790023D9B28C4201D800200BE05D1C27
:1003F0009B00D118B1F8076086420ED1B1F80920F0
:1004000012B10848184470BD4FF0200383F31188DF
:10041000BFF36F8FBFF34F8FFEE72B46E2E700BFBE
:100420003C2B0120432B012010B50446FFF7D6FFDB
:1004300040B14FF0200383F31188BFF36F8FBFF3F8
:100440004F8FFEE70B4B9879020608D54FF020033B
:1004500083F31188BFF36F8FBFF34F8FFEE7421C0A
:100460009A7103EB80020733A2F8074003EB800088
:1004700010BD00BF3C2B012010B50446FFF7AEFFB6
:1004800040B94FF0200383F31188BFF36F8FBFF3A0
:100490004F8FFEE72046FFF7A1FF054A9379013B06
:1004A000DBB2937102EB8303D3F80730036010BD16
:1004B0003C2B012008B5FFF791FF00B1408808BD33
:1004C00009B91046704780B1037883EA122383EAA2
:1004D000131343EA022282EA033282EA431292B2FF
:1004E00000B10130013989B2EAE7FF23EDE72DE9D8
:1004F000F04F85B081460E9E8A46904606B11E4456
:1005000043449CB247465546A74203D1012005B05B
:10051000BDE8F08F95B36A461023294648460AF095
:1005200077FBBDF80420944208D9BDF80630134487
:100530009BB29F4202D29C4203D91F46BDF80A508B
:10054000E8E79742A4EB020128BFE31B89B234BF5E
:100550000B469BB2A4EB030432BFBDF80AB047467A
:10056000D346A4B246B110352944F61AC91A324608
:1005700089B248460AF04CFB5D46C5E72846C6E707
:100580002DE9F74FD48896888046894644F307259D
:100590004FF6FF77002D03DA384603B0BDE8F08F41
:1005A0001CD0A4F580741FFA84FA4FF48074DFF82D
:1005B00034B0CDF800B02346324649464046FFF7F6
:1005C00096FF38B13A4621465846FFF779FF264450
:1005D000B6B20746013D6DB25446DBE7002CDBD0D6
:1005E000A246E4E7432D012010B5084C94F8070318
:1005F0000AF0B0FB4FF48042002194F807030AF0A0
:10060000D1FB10B14FF48073A38010BD3C2B0120AF
:100610002DE9F041094C05460E46174613460A4699
:10062000014694F807030AF029FB3B463246294667
:1006300094F80703BDE8F0410AF002BC3C2B01200E
:100640007FB545F24143ADF806300D4BCDE90230A0
:100650000C4BC043B3F8083304904FF6FF721021DF
:100660000DF10600ADF81430FFF72AFF1222ADF8A5
:10067000040001A90020FFF7CBFF07B05DF804FBE1
:10068000534E76323C2B01202DE9F041234CB4F837
:100690000A33B4F80C530B449BB2FF2B06460F46AB
:1006A000A4F80A3304F207280BD80A462844414626
:1006B0003D442AF0B9FB0127A4F80C533846BDE8A5
:1006C000F081C5F58072414628442AF0ADFB4FF415
:1006D00080723146A088FFF79BFF07460028EDD0C7
:1006E00000214FF48070FFF73FFEB4F80A53B4F8CE
:1006F0000C13A5F580750023ADB2A4F80C33A4F853
:100700000A53002DDAD0C1F580712A4618FA81F11A
:1007100030462AF089FBA4F80C53CFE73C2B01208C
:100720002DE9F04F714C94F807738FB0002112231C
:1007300009AA3846A4F80E13A4F81013A4F80C1351
:10074000A4F80A130AF064FA0B9B039394F8073396
:100750000133DBB2012B88BF002384F8073394F800
:100760000733BB4208D14FF0200383F31188BFF356
:100770006F8FBFF34F8FFEE7FFF736FF0028E5D0FE
:1007800000230293DFF86C8182E0029BDFF868A10E
:1007900004EB830B05AABBF80990102349463846A1
:1007A0000AF036FA0026BDF81C50ADF81A5005AA1A
:1007B00049463846ADF81860CDF81E60FFF7E0FEF8
:1007C0004FF6FF72ADF814000E2105A8FFF778FE72
:1007D000F022ADF82200FF2150462BF069F905AB5D
:1007E00003CB1035C8F80000C8F80410B4F80C2387
:1007F00003CBA388C8F80800ADB21344B5F5807FD9
:10080000C8F80C10ABF809301AD8CDF800A0BDF824
:100810001C30324649463846FFF769FE58B1A38876
:10082000B4F80C231344ABF8093029460AF1FB0055
:10083000FFF72AFF40BB002420460FB0BDE8F08F31
:10084000102300BFB5F5807FAA4628BF4FF4807AF9
:10085000AAEB030B1FFA8BFB4344009332465B4623
:1008600049463846FFF743FE0028E4D05146204869
:10087000FFF70AFF0028DED0A5EB0A055E44ADB203
:10088000B6B20023002DDDD1029B0133DBB202930F
:10089000A379029A93423FF678AFB4F80A23F2B9EB
:1008A000B4F80A030021FFF75FFDA388A4F808331A
:1008B000039B581EFFF7C4FE04460028BBD003214B
:1008C0000020FFF751FD1222FF2109A82BF0F0F8BC
:1008D000122309AA002138460AF0D0F9ACE70449EE
:1008E000A088FFF795FE0028DAD1A4E73C2B012071
:1008F0004E2E0120432D0120532D012008B50A4B17
:100900009B88C3F580439BB283420BD2FFF708FF5D
:1009100040B94FF0200383F31188BFF36F8FBFF30B
:100920004F8FFEE708BD00BF3C2B01202DE9F84F9B
:10093000364D044605F2072988464FF48072FF21A0
:1009400048462BF0B5F8E1884FF6FF724046FFF7B6
:10095000B7FD4FF6FF7220800E212046FFF7B0FD55
:100960002368E081C5F807326368C9F80430A368DA
:10097000C9F80830E368C9F80C30E28802F11006C3
:10098000B6B2B8F1000F07D0B6F5807F16D8414651
:1009900005F217202AF048FAE2881D49A888F02AB3
:1009A00028BFF022103292B2FFF732FE0746E088ED
:1009B0001030032180B2FFF7D7FC24E04FF0000B8A
:1009C000102000BFB6F5807F344628BF4FF48074F6
:1009D000A4EB000A524608EB0B0148442AF024FA23
:1009E00022460B49A888FFF713FE074658B1361B6D
:1009F00020460321DA44B6B2FFF7B6FC1FFA8AFBA1
:100A00000020002EDED13846BDE8F88F3C2B0120B7
:100A1000432D01202DE9F041624C00258EB0A571D7
:100A20004FF0FF38FF27122304AA002128460AF0BE
:100A3000EFF8DDE906637340013326D19DF81230EB
:100A4000412B22D19DF81330542B1ED19DF8143028
:100A5000532B1AD19DF815304E2B16D19DF8163018
:100A6000762B12D19DF81730322B0ED14FF6FF7234
:100A700010210DF11200FFF723FDBDF81030834265
:100A800003D146453CBFB0462F46DDB1FF2F2BD1E9
:100A9000002384F807334FF6FF7500BFFFF7A4FD6E
:100AA00090B994F807330133DBB2012B84F8073394
:100AB000F4D94FF0200383F31188BFF36F8FBFF396
:100AC0004F8FFEE70125AEE76FF00100A4F8085351
:100AD000FFF7B6FD0028E4D00023A371012384F8BA
:100AE00012340EB0BDE8F0814FF48073A380384615
:100AF000122309AA002184F807730AF089F84FF637
:100B0000FF77A388B3F5804FE8D2BDF83420BA420E
:100B100001D09A4214D803210020FFF725FC0325B9
:100B200010236A46A18894F807030AF071F800239D
:100B30001DF80320FF2A1CD10133102BF8D1CDE77B
:100B40000025EDE729461020FFF70EFCD9E7BDF898
:100B500002603046FFF742FC10B93046FFF764FCF4
:100B6000A3884380BDF80830B3B93046FFF784FC52
:100B700012E03A460E216846FFF7A2FCBDF80E606F
:100B80008642DFD16A46A18894F80703FFF7F8FC94
:100B9000BDF800308342DAD0BDF806001030294697
:100BA00080B2D1E73C2B012008B50AF08BF9044B49
:100BB00093F812341BB9BDE80840FFF72BBF08BDFE
:100BC0003C2B01202DE9FF478A46164698460546EC
:100BD00030B12BB1FFF7BCFB044650B1052044E017
:100BE0004FF0200383F31188BFF36F8FBFF34F8F54
:100BF000FEE706F1100080B2FFF780FE2846FFF7FF
:100C0000EDFB0746A0B3B0F802901C4D10236A46D6
:100C1000494695F8070309F0FBFFBDF808300AEBD9
:100C200006029A4226D8B34218BFBDF80C40ADF870
:100C300004A01CBF0134A4B241466846ADF80C4084
:100C4000ADF80660ADF80A90AC88FFF76FFE98B17A
:100C5000BDF80C307C80642B4FF0000005D9BDF846
:100C60000230A5F80E33A5F8100304B0BDE8F087F4
:100C70000320FAE70420F8E70120F6E73C2B0120E7
:100C800073B50C4615461E4628B123B1FFF712FC7A
:100C900050B9032017E04FF0200383F31188BFF30E
:100CA0006F8FBFF34F8FFEE76319B3F5803F09D213
:100CB0000146074800962B46224690F80703FFF7A7
:100CC00016FC10B9042002B070BD0020FBE700BF85
:100CD0003C2B01201FB540B94FF0200383F311884E
:100CE000BFF36F8FBFF34F8FFEE7FFF7E3FB48B112
:100CF00001460648102390F807036A4609F088FF6A
:100D0000BDF8080005B05DF804FB00BF3C2B0120D6
:100D10002DE9F04F431E14469BB24FF6FD729342ED
:100D200089B007460D461DD8B1F5006F1AD8FFF7F8
:100D3000C1FB00BBFFF70CFB064650BB05F11000E2
:100D400080B2FFF7DBFD8E4B93F90620002A80F27C
:100D5000FA804FF0200383F31188BFF36F8FBFF346
:100D60004F8FFEE74FF0200383F31188BFF36F8F9F
:100D7000BFF34F8FFEE73846FFF7ACFF854210D038
:100D80007F4EA6F80E73A6F81053FFF7E1FAB146AE
:100D900008B105200EE0B6F8100370B9B6F80E33AE
:100DA0007BB9002C00F0E78023462A460021384614
:100DB000FFF766FF09B0BDE8F08F103080B2FFF793
:100DC0009DFDB9F80E03FFF709FB80460028E8D027
:100DD000B0F802A099F8070310230DEB0302514667
:100DE00009F016FFB9F81033F3B9BDF81800103048
:100DF00080B2FFF783FDB9F80E03FFF7EFFA8046E4
:100E000040B94FF0200383F31188BFF36F8FBFF316
:100E10004F8FFEE7B0F802A099F8070310230DEBFF
:100E20000302514609F0F4FEB9F81023B9F8043072
:100E30000393BDF8183022B19342ADF8182028BFB3
:100E400013460022BDF81810ADF81420ADF81610A6
:100E5000CDF81A200DF1100CBCE80300DFF824B126
:100E6000C9F8070203F11006CBF80410BCE8030030
:100E7000B6B2B6F5807FCBF80800CBF80C1031D8AD
:100E80000BF11001009199F807035146FFF72FFB72
:100E9000002872D004AB03CBBDF81620C9F80702B6
:100EA000CBF8041003CB1032CBF80800CBF80C10B1
:100EB00092B25946B9F80400FFF7AAFB00283FF4A4
:100EC00070AFBDF816001030032180B2FFF74CFA66
:100ED0002B4B0022A3F80E23A3F81023039BA8F8A2
:100EE00002305EE793461023B6F5807FB14628BFF7
:100EF0004FF48079A9EB030292B20292214A204872
:100F0000134400935A46029B90F807035146FFF79B
:100F1000EEFA90B31B49A1F207204A468088FFF7FA
:100F200077FB00283FF43DAF03214846FFF71CFA4A
:100F3000029BA6EB09065B44B6B21FFA83FB0023B3
:100F4000002ED1D1C4E7214604A8B3F80480ADF83F
:100F50001270ADF81460ADF81650ADF81850CDF819
:100F60001A60FFF7E3FC40B13846FFF75DFAA0F8DE
:100F7000028002201EE720461CE701201AE700BF7E
:100F80003C2B0120432D0120F0B5074685B040B928
:100F90004FF0200383F31188BFF36F8FBFF34F8FA0
:100FA000FEE7FFF787FA00283FD0FFF7D1F90446A4
:100FB00000283CD11020FFF7A1FC4FF6FF720E2154
:100FC0006846ADF80020ADF80270CDE90144ADF8F7
:100FD0000C40FFF775FA174DADF80E006B4603CBCA
:100FE00005F20726C5F80702716003CB1022B06036
:100FF000F160A8883146FFF70BFB60B91022A98881
:1010000095F8070309F0CEFE18B903211020FFF769
:10101000ABF9012007E003211020FFF7A5F93846BE
:10102000FFF72AFA204605B0F0BD0320FBE70520B4
:10103000F9E700BF3C2B0120F8B50446FFF788F91B
:10104000054660BB64B109F085FE012009F082FE0F
:101050004FF40072294613482AF02AFD00201FE0B1
:10106000114DAF79E3B29F420CD8FFF759FB00282E
:10107000F4D14FF0200383F31188BFF36F8FBFF3D8
:101080004F8FFEE705EB8403B3F80760304603F0AB
:10109000B1FB10B93046FFF7EFF90134E2E7052064
:1010A000F8BD00BF432B01203C2B0120014B1860F1
:1010B000704700BF3C2B012008B5FFF7FBF900305B
:1010C00018BF012008BD08B5FFF72AFB40B94FF053
:1010D000200383F31188BFF36F8FBFF34F8FFEE7B9
:1010E00008BD00BF0020704780B400AF084B5B68AC
:1010F000074A43F480035360054B5B68044A23F4BA
:101100000063536000BFBD465DF8047B704700BFBD
:101110000040014180B400AF224B234A1A60234BA8
:10112000234A1A60234B244A1A60244B244A1A602B
:10113000244B254A1A60254B4FF414021A60244BA5
:10114000244A1A60244B254A1A60254B254A1A6006
:10115000254B264A1A60264B264A1A60264B274AF8
:101160001A60274B274A1A60274B43F642421A60FF
:10117000264B00221A60264B264A1A60264B274A25
:101180001A60274B274A1A60274B144A1A60274BCC
:10119000274A1A60274B284A1A6000BFBD465DF8EF
:1011A000047B7047006001412122008010600141F2
:1011B0000A1426061460014110320C101860014117
:1011C0001A2740202460014106421E3E286001414A
:1011D0002C6001410600060E3060014154760C0E71
:1011E000346001411A26003838600141F7FF4C464F
:1011F0003C6001413832544E406001413240002091
:1012000044600141544E4C464860014150600141E8
:1012100058600141514B38325C600141544E4640A8
:1012200060600141322C50C8646001416860014136
:101230001926544E6C6001414C46383280B483B05C
:1012400000AF0023FB7118E000BF00BF00BF00BF6C
:1012500000BF00BF00BF00BF00BF00BF00BF00BF96
:1012600000BF00BF00BF00BF00BF00BF00BF00BF86
:1012700000BF00BFFB790133FB71FB79C72BE3D9BA
:1012800000BF0C37BD465DF8047B704780B500AFEA
:1012900041F2440103200AF0E5FB43F6FF415220EE
:1012A0000AF0E0FB47F2080154200AF0DBFB48F2A9
:1012B0004E515E200AF0D6FB47F2824160200AF0D0
:1012C000D1FB4CF6170161200AF0CCFB4CF617015C
:1012D00063200AF0C7FB41F2073165200AF0C2FB28
:1012E00049F2072167200AF0BDFB47F282416820DE
:1012F0000AF0B8FB4BF2156169200AF0B3FB4BF220
:1013000015616B200AF0AEFB41F205316D200AF049
:10131000A9FB49F205216F200AF0A4FB48F207015E
:1013200077200AF09FFB49F61E61E9200AF09AFB3C
:101330004FF60171EF200AF095FB40F68321F9206A
:101340000AF090FB00BF80BD80B400AF00BFBD4677
:101350005DF8047B7047B0B58CB000AF4FF0000370
:10136000FB6101230222022133200AF0DDFB01236D
:101370000C220C2119200AF0D7FB012300220021A6
:1013800015200AF0D1FB002308220A2108200AF0C8
:10139000CBFB01230722072109200AF0C5FB01230B
:1013A0000122012109200AF0BFFB002300220021B5
:1013B00009200AF0B9FB01230F220F21002016F0AB
:1013C0007FFE00230D220D21002016F079FE002360
:1013D000012201214C2016F073FE00230322032179
:1013E0004C2016F06DFE0123042204214C2016F03F
:1013F00067FE4FF4007300220C2126200AF094FBB4
:1014000014200AF02BFC0023FB62002387F82B300A
:101410001EE00123002200214C2016F051FE002284
:1014200000214C2016F08CFE0346002B00D0F6E77E
:1014300000BF00220F214E2016F082FE03461A46FE
:10144000FB6A1344FB6297F82B30013387F82B308B
:1014500097F82B30032BDCD9F86A29F0F3FC04460B
:101460000D4697F82B30184629F0ECFC02460B4647
:10147000204629460DF0C6FA03460C46C7E9083453
:101480004FF00002784BD7E9080125F0EFFC034646
:10149000002B26D04FF00002744BD7E908012BF047
:1014A00015F903460C46184621464FF00002704BD2
:1014B0000DF0A8FA03460C461846214664A3D3E96A
:1014C000002312F0E1FC03460C46184621464FF07B
:1014D0000002684B0DF096FA03460C46C7E9083443
:1014E0001CE04FF00002624BD7E908010DF08AFAC8
:1014F00003460C461846214655A3D3E9002312F0B3
:10150000C3FC03460C46184621464FF00002594BD7
:101510000DF078FA03460C46C7E90834D7E90834D9
:10152000C7E90434544BD3E902341A462346D7E9B9
:1015300004012BF0CBF803460C46C7E902344E4BAE
:10154000D3E904341A46234643A1D1E900010DF042
:1015500059FA03460C461A462346D7E9020112F00F
:1015600093FC03460C46C7E90034434BD3E90034EF
:101570001A462346D7E900012BF0A8F803460C468B
:101580001846214636A3D3E900230DF03BFA034663
:101590000C461846214622F081FF0346FB610023DA
:1015A00000220C2126200AF0BFFA00230222022189
:1015B00033200AF0B9FA00230C220C2119200AF07A
:1015C000B3FA00230022002115200AF0ADFA05230A
:1015D00008220A2108200AF0A7FA0023072207217F
:1015E00009200AF0A1FA00230122012109200AF0B2
:1015F0009BFA00230022002109200AF095FA00231B
:101600000F220F21002016F05BFD01230D220D217A
:10161000002016F055FD0023012201214C2016F078
:101620004FFD0023032203214C2016F049FD002327
:10163000042204214C2016F043FDFB6907EE903A8A
:10164000B0EE670A3037BD46B0BD00BFAFF30080D3
:10165000666666666666E63F3D0AD7A3703DDA3F7A
:10166000BC5983F755B9603F0000E0400000F040EE
:10167000000090400000F83F9800002090B5A9B00D
:1016800000AF03460A46FB8013467B71032387F8AD
:101690009F3007F11C038022002118462AF008FA27
:1016A00014233B7714237B770323BB770323FB7738
:1016B000032387F82030012387F82130012387F89E
:1016C00022300A2387F82330062387F824300323A7
:1016D00087F82530032387F826303C2387F8273006
:1016E000132387F82C30132387F82D30032387F832
:1016F0002E30032387F82F30032387F8303001235F
:1017000087F83130012387F832300A2387F83330E5
:10171000062387F83430032387F83530032387F80E
:1017200036303C2387F83730122387F83C301223B9
:1017300087F83D30022387F83E30022387F83F3098
:10174000022387F84030012387F84130012387F8CE
:1017500042300A2387F84330052387F844300223B8
:1017600087F84530022387F846303C2387F8473016
:10177000112387F84C30112387F84D30022387F866
:101780004E30022387F84F30022387F85030012370
:1017900087F85130012387F852300A2387F85330F5
:1017A000052387F85430022387F85530022387F841
:1017B00056303C2387F85730122387F85C301123CA
:1017C00087F85D30022387F85E30022387F85F30A8
:1017D000022387F86030012387F86130032387F8FC
:1017E00062300B2387F86330052387F864300223C7
:1017F00087F86530022387F86630462387F867301C
:10180000132387F86C30122387F86D30032387F891
:101810006E30032387F86F30032387F8703001237D
:1018200087F87130052387F872300C2387F87330FE
:10183000052387F87430022387F87530022387F870
:101840007630462387F87730132387F87C301323CC
:1018500087F87D30032387F87E30032387F87F30B5
:10186000032387F88030012387F88130062387F827
:1018700082300D2387F88330052387F884300223D4
:1018800087F88530022387F88630462387F887302B
:10189000142387F88C30142387F88D30032387F8BE
:1018A0008E30032387F88F30032387F8903001238D
:1018B00087F89130072387F892300E2387F893300A
:1018C000052387F89430022387F89530022387F8A0
:1018D0009630462387F897308A4B07F10C040FCBDC
:1018E00084E80F00B7F90630272B0BDC0A2B1DDA32
:1018F00013F10B0F16DC13F1190F0FDA13F5004F6C
:1019000024DB07E04F2B02DC3C2B17DA12E0632BC1
:101910001CDC17E0002387F89F301BE0012387F8C9
:101920009F3017E0022387F89F3013E0032387F8E6
:101930009F300FE0042387F89F300BE0052387F8E2
:101940009F3007E0062387F89F3003E0072387F8DE
:101950009F3000BF6C4B1B7897F89F209A4200F095
:10196000CC80694A97F89F3013707B79002B1CD18B
:1019700097F89F301B0107F1A0021344843B1B78AA
:101980009BB20B220F21E5200AF0CEF897F89F308A
:101990001B0107F1A0021344833B1B789BB20B226F
:1019A0000F21E7200AF0C0F81BE097F89F305B009A
:1019B00007F1A002134413F8943C9BB20B220F21B1
:1019C000E5200AF0B1F897F89F305B0007F1A0021C
:1019D000134413F8933C9BB20B220F21E7200AF02B
:1019E000A3F897F89F301B0107F1A0021344823B34
:1019F0001B789BB207220821FC200AF095F897F883
:101A00009F301B0107F1A0021344813B1B789BB25E
:101A100004220521E1200AF087F897F89F301B0186
:101A200007F1A0021344803B1B789BB206220721DA
:101A3000E1200AF079F897F89F301B0107F1A00226
:101A400013447F3B1B789BB202220321E5200AF05E
:101A50006BF897F89F301B0107F1A00213447E3BFF
:101A60001B789BB200220321E7200AF05DF897F86B
:101A70009F301B0107F1A00213447D3B1B789BB2F2
:101A800004220721E7200AF04FF897F89F301B0146
:101A900007F1A00213447C3B1B789BB20122032177
:101AA000E2200AF041F897F89F301B0107F1A002ED
:101AB00013447B3B1B789BB2032204210A200AF0CB
:101AC00033F897F89F301B0107F1A00213447A3BCB
:101AD0001B789BB20E220F2151200AF025F897F8AF
:101AE0009F301B0107F1A0021344793B1B789BB286
:101AF00008220E2152200AF017F800BFA437BD4675
:101B000090BD00BFA4BD0201AC37012080B582B0FA
:101B100000AF0346FB80104BB3F90030B7F9062045
:101B20009A4214D0B7F906307F2B02DD7F23FB8069
:101B300007E0B7F9063013F1800F02DA4FF6807331
:101B4000FB80FB88002207215A2009F0EDFF00BF2F
:101B50000837BD4680BD00BFAE37012080B483B0DA
:101B600000AF03460A46FB8013467B7100BF0C376B
:101B7000BD465DF8047B704780B400AF0C4B03F5A5
:101B8000F15308331A680B4B1B68D31A23F07043C8
:101B9000094A934205D8094B1B78002B01D0012339
:101BA00000E000231846BD465DF8047B704700BF87
:101BB00000200141B8000020FEFFFF079000002038
:101BC00080B584B000AF0346FB71FFF7C4FBF0EEB5
:101BD000407AFDEEE77A17EE903AFB81B7F90E30C6
:101BE0001846FFF793FF0D4B1B78C3F30003DBB2DE
:101BF0001A46B7F90E3011461846FFF73FFD084B5D
:101C000003F5F15308331B6803F5403323F07043A9
:101C1000044A136000BF1037BD4680BDB0000020ED
:101C200000200141B800002080B584B000AF034619
:101C3000FB710023FB73264A13786FF300031370C4
:101C4000244B00221A70FB79002B03D0FFF74CFACB
:101C5000FFF760FAFA7907F10F031946072000F041
:101C6000E1FBFB79002B2DD01B4805F0E1FB1A4B63
:101C7000D3E900014FF000024FF0000325F0E0FE31
:101C80000346002B03D1154B01221A7002E0134BBF
:101C900000221A70124B4FF440321A60114B40F27E
:101CA00071429A60FB79012B03D10E4BFF229A619E
:101CB00002E00C4B7F229A610A4B13221A60094BF7
:101CC0004022DA6005F0E4FB00BF1037BD4680BD5E
:101CD000B000002088000020980000209000002024
:101CE000B80000200010014180B400AF00BFBD4625
:101CF0005DF8047B704780B500AF0021122009F029
:101D0000B1FE00BF80BD00BF80B485B000AF184BEE
:101D1000FB6000237B600EE00023BB6005E0FB68F6
:101D20000133FB60BB680133BB60BB680F2BF6D986
:101D30007B6801337B607B68092BEDD946F65073D5
:101D4000FB600023BB6005E0FB680133FB60BB6800
:101D50000133BB60BB680F2BF6D9FB68B3F5E04FCE
:101D6000EFD100BF1437BD465DF8047B704700BF5C
:101D70000010810080B485B000AF78600B467B8096
:101D80004FF6FF737B817B88002B03D17B89DB437C
:101D90009BB22CE00023FB737B685A1C7A601B7893
:101DA000BB8117E07A89BB8953409BB203F00103E2
:101DB000002B06D07B895B089AB2104B53407B8185
:101DC00002E07B895B087B81FB7B0133FB73BB8972
:101DD0005B08BB81FB7B072BE4D97B88013B7B80C5
:101DE0007B88002BD6D17B89DB437B817B8918469E
:101DF0001437BD465DF8047B704700BF0884FFFFC1
:101E000080B586B000AFF8600B467A607B817B6856
:101E10007B617B691B78ED2B21D17B695B78032B80
:101E20001DD17B699B78002B01D1002318E07B69D1
:101E30009B78012B13D17B891946F868FFF79AFF2D
:101E400003467B827A8A7B691B791B027969C97890
:101E50000B449A4201D1002302E0012300E0012358
:101E600018461837BD4680BD80B489B000AF786091
:101E70007B68BB61BB695A78274BA3FB02139908A7
:101E80000B465B000B445B00D31ADBB2002B01D086
:101E900001233AE0BB695B781F4AA2FB03239B083E
:101EA000FB757B6802337B600023FB7728E07B684F
:101EB0003B613B695B781B023A691278134403F17A
:101EC000824303F59033FB60FB683A6992781A709D
:101ED000FB6801331A463B69DB781370FB680233F9
:101EE0001A463B691B791370FB6803331A463B693A
:101EF0005B7913707B6806337B60FB7F0133FB7774
:101F0000FA7FFB7D9A42D2D3002318462437BD4680
:101F10005DF8047B704700BFABAAAAAA80B48BB05F
:101F200000AF78600B46FB707B683B623B6A5A7877
:101F30003A4BA3FB021399080B465B000B445B0072
:101F4000D31ADBB2002B01D0012360E03B6A5B783F
:101F5000324AA2FB03239B08FB777B6802337B603A
:101F6000002387F827304CE07B68BB61BB695B7856
:101F70009BB21B029AB2BB691B789BB21344FB82D3
:101F8000FB8A03F1824303F580333B61FB78022B2C
:101F900002D0FB78032B15D13B69BA6992781A708D
:101FA0003B6901331A46BB69DB7813703B69023326
:101FB0001A46BB691B7913703B6903331A46BB6928
:101FC0005B791370FB8AA42B13D1BB699B785BB23E
:101FD00003F01F03FB73FB7B03F01003002B04D003
:101FE000FB7B63F01F035BB201E097F90F300C4AF3
:101FF00013707B6806337B6097F82730013387F8CE
:10200000273097F82720FB7F9A42ADD3002318464C
:102010002C37BD465DF8047B704700BFABAAAAAA67
:102020008800002080B485B000AF78607B68FB60DA
:10203000FB685B78022B0DD1FB68DB789BB21B023F
:102040009AB2FB689B789BB213449AB2054B1A80F4
:10205000002300E0012318461437BD465DF8047BD9
:10206000704700BFB233012080B485B000AF786004
:102070007B68FB607B680233BB60FB685B78042B8A
:1020800012D1BB68DB781A06BB689B781B041A4325
:10209000BB685B781B021343BA6812781343064A85
:1020A0001360064B01221A70002318461437BD46F0
:1020B0005DF8047B704700BFAC330120B0330120D2
:1020C00080B586B000AF786039600023FB7582E090
:1020D0007B681B78DBB2FF2B2AD17B6803F01F03E0
:1020E000002B03D17B6843F07F437CE00023BB756A
:1020F0007B6823F0070308337B607A683B689A4269
:1021000002D34FF0FF336EE07B681B68B3F1FF3FF3
:102110000ED17B6810331B68B3F1FF3F08D17B6899
:1021200003F01F03002B03D17B6843F07F435AE089
:102130007B683B613B691B78012B49D13B695B782C
:10214000012B45D13B699B781A467B6813440533C4
:10215000FB607B68033318463B699B789BB2FA6847
:102160001946FFF74DFE0346002B31D17B683AE05C
:102170003B68083B7A689A4200D32CE07B681B6876
:10218000B3F1FF3F00D126E07B681B78DBB2EF2B79
:102190001BD17B6801331B78DBB2002B11D17B682C
:1021A00002331B78DBB2ED2B0BD17B6803331B783A
:1021B000DBB2032B05D10123FB757B6807337B6002
:1021C00006E07B6804337B6002E07B6801337B6060
:1021D000FB7D002BCCD03B68083B7A689A42FFF429
:1021E00077AF4FF0FF3318461837BD4680BD80B536
:1021F00088B000AFF860B9603B601346FB71002304
:10220000FB77FB68BB61BB699B789BB203339BB2D6
:10221000BB8395E0FB687B617B693B610023FB77B7
:102220003B691B78FA799A4202D13B6801221A7005
:102230003B691B78092B3ED0092B06DC072B16D0F7
:10224000072B1EDC022B0CD05FE00D2B1FD00D2BBB
:1022500002DC0A2B39D058E01A2B22D0552B3DD066
:1022600053E07869FFF7DEFE0346FB774DE097F811
:102270002830002B40D0786905F06DF80346FB77D5
:102280003AE0786904F0C8FF0346FB773DE097F831
:102290002830002B32D0786905F024F80346FB770C
:1022A0002CE097F82830002B2AD0786905F0ACF89C
:1022B0000346FB7724E097F82830002B22D078697A
:1022C000FFF7D2FD0346FB771CE097F8283019464C
:1022D0007869FFF723FE0346FB7716E0FB681D4A8B
:1022E000934211D9FB681C4A93420DD87869FFF7D5
:1022F000BBFE0346FB7707E000BF06E000BF04E03B
:1023000000BF02E000BF00E000BFFB7F012B1CD03C
:10231000B7F91C30002B18DDFA68BB689A4214D25A
:10232000BA8B3B695B789BB2D31A9BB2023B9BB2E0
:10233000BB833B695B781A46FB6813440233FB603E
:10234000B7F91C30002B3FF765AFFB7F18462037ED
:10235000BD4680BDFF0F81006F1F810080B588B032
:1023600002AF3A601A460346FB710B46BB71134637
:102370007B710023FB75FB79002B04D1254B3B615E
:10238000254BFB6038E0254B1B78002B01D18523C2
:102390003BE0234B1B683B61214B1B6803F57763D4
:1023A000FB6029E0F9683869FFF78AFE38613B690C
:1023B000BB603B6903F07F43002B08D03B6923F0EF
:1023C0007F43144A93421CD10123FB7519E03B69FA
:1023D000B3F1FF3F17D0BA797B7900933B68F96876
:1023E0003869FFF704FF0346FB75BB689B781A4604
:1023F0003B6913440A333B613A69FB689A42D1D383
:1024000002E000BF00E000BFFB7D18461837BD4664
:1024100080BD00BF00108100701F8100B03301201B
:10242000AC33012080B584B000AF03463960FB7146
:102430001346BB71BB79F9793A680020FFF78EFF2C
:102440000346FB73084B1B78002B08D0BB7907F1C0
:102450000E0200210120FFF781FF0346FB73FB7B87
:1024600018461037BD4680BDB033012080B588B016
:1024700000AFF860B9603B601346FB710023FB7747
:10248000FB68BB61BB699B789BB203339BB2BB8388
:10249000B6E0FB681B78FB75FB683B61FB79FF2BA3
:1024A00021D1FB7D002B00F08C80FB7DFF2B00F009
:1024B0008880BB6A1B881A463B689818F9683B6994
:1024C0005B7802331A4628F0AFFCBB6A1A883B6976
:1024D0005B789BB213449BB202339AB2BB6A1A80F8
:1024E0000123FB776DE0FA7DFB799A4269D197F879
:1024F0002C30002B4CD0FB7D062B03D13B695B7845
:10250000072B22D0FB7D0B2B03D13B695B78042B7F
:102510001BD0FB7D0C2B03D13B695B78012B14D0C6
:10252000FB7D102B03D13B695B78182B0DD0FB7D15
:10253000152B03D13B695B78082B06D0FB7D182B4C
:102540001AD13B695B78042B16D1FB68023319461C
:102550003B695B781A46386828F066FCBB6A1A88C3
:102560003B695B789BB213449BB202339AB2BB6A5D
:102570001A800123FB7724E0BB6A1A883B695B78E9
:102580009BB213449BB202339AB2BB6A1A8018E022
:10259000BB6A1B881A463B689818F9683B695B78E8
:1025A00002331A4628F040FCBB6A1A883B695B7804
:1025B0009BB213449BB202339AB2BB6A1A800123C6
:1025C000FB77BA8B3B695B789BB2D31A9BB2023B19
:1025D0009BB2BB833B695B781A46FB6813440233AA
:1025E000FB60B7F91C30002B03DDFA68BB689A4228
:1025F00006D3FB7F012B01D1002306E0802304E0FA
:10260000B7F91C30002B3FF744AF18462037BD46C2
:1026100080BD80B58AB002AF03463960FB711F4BA5
:10262000FB611F4B7B610023FB810023FB7626E0CF
:102630007969F869FFF744FDF861FB693B61FB6963
:1026400003F07F43002B1ED1FB69B3F1FF3F1AD08B
:10265000FA790123019307F10E0300933B6879692E
:10266000F869FFF703FF0346002B01D10123FB7636
:102670003B699B781A46FB6913440A33FB61FA698C
:102680007B699A42D4D3FB7E012B01D1002300E069
:10269000802318462037BD4680BD00BF0010810052
:1026A000701F810080B582B000AF78607968062025
:1026B000FFF7AFFF0346002B01D1012300E0002309
:1026C00018460837BD4680BD80B582B000AF78603F
:1026D00079681520FFF79DFF0346002B01D10123E8
:1026E00000E0002318460837BD4680BD80B483B0A3
:1026F00000AF7860054B93F900207B681A700123C6
:1027000018460C37BD465DF8047B704788000020F2
:1027100080B584B000AF786007F10C0319460B2038
:10272000FFF777FF0346002B05D1B7F90C207B6834
:102730001A80012300E0002318461037BD4680BDF3
:1027400080B584B000AF786007F10C0319460B2008
:10275000FFF75FFF0346002B05D1B7F90E207B681A
:102760001A80012300E0002318461037BD4680BDC3
:1027700080B584B000AF786007F10F0319460C20D4
:10278000FFF747FF0346002B05D197F90F207B6821
:102790001A70012300E0002318461037BD4680BDA3
:1027A00080B400AF034B1B781846BD465DF8047B30
:1027B000704700BFB033012080B483B000AF034640
:1027C000FB71044AFB79137000BF0C37BD465DF8FE
:1027D000047B7047B033012080B400AF034B1B680B
:1027E0001846BD465DF8047B704700BFAC3301203E
:1027F0002DE9F04FB54C0546207893B00130079194
:1028000029F085FF039020780130800029F07FFFB8
:102810002F68049097F82C30002B00F08D83039BD9
:10282000002B00F08B83002800F08883079B3D6D10
:10283000DE79342316FB03F31D4406931C22EB7848
:1028400095F801B0059300210BA8EC6929F030F947
:102850009F4B0093019601230222A121EC2014F04A
:1028600055F9BBF1070F40F06B83A37898064DD064
:10287000A61C0021304613F05DF9002846D00278EE
:1028800012F0010F0CBF01230723910748BF063345
:10289000500744BF0133DBB2110744BF0233DBB240
:1028A000D00644BF0333DBB2910644BF1233DBB220
:1028B0005206A27844BF0133DBB202F03F029A42D3
:1028C00024D10021304613F035F903781B0711D5C8
:1028D0000321304613F02EF9002839D0B0F80080DB
:1028E000A678E31C06F03F061E444FF00009059B46
:1028F0004B4530D1059B002B4FF0000914BF02233C
:10290000012308932646C846CA46BAE0714B009395
:1029100002220123A221EC2014F0F8F81F2495F8DC
:102920002D20002385F82E300AB185F82D300023A4
:1029300087F82F30039B13B1184629F0EAFE049B59
:1029400013B1184629F0E5FE204613B0BDE8F08F1C
:102950004FF0FF08C4E706F1020A0021504613F0C9
:10296000E9F848B9B37809F1010903F03F030336E8
:102970001E445FFA89F9BAE703781807F2D50321F4
:10298000504613F0D7F803884345EBD0524B0093E1
:1029900002220123A321BEE795F8290028F0C6F9F9
:1029A00040F002008DF830000DF1310195F829005A
:1029B00021F0DCFC4FF00009FF22BBF1070F8DF87E
:1029C0003E2000F09E804FF6FF71B8F1000F40F0FE
:1029D000AD80404618F06EFF8046002800F0A980C8
:1029E0003E4B009302220123A52194E7B31C002152
:1029F00018468DF84610099313F09CF802460028FB
:102A000036D00178C9071AD509900121B01C13F0FE
:102A100091F895F82580099A8146B8F1000F40D0C9
:102A200095F8290028F082F940F002008DF8300076
:102A30000DF1310195F8290021F098FC099A1278DE
:102A4000930715D595F82720002A4DD0BA7B022A86
:102A500035D1022170188DF8372013F06BF802463B
:102A600000680E909288ADF83C2001228DF8462037
:102A7000B2780AF1010A02F03F02033616445FFA07
:102A80008AFA089B9A45B1DBB8F1000F94D1144A39
:102A90009278D60731D4134B009302220123A4214C
:102AA00039E73378C3F380138DF830300368CDF8FD
:102AB00031308388ADF835304FF00108BFE702F0C0
:102AC000FD02012A0CBF03220022C2E73435012097
:102AD000308301013B8301015583010174830101AE
:102AE000C83401206883010195F828200AB1FE222C
:102AF000AFE73278C2F3C012ABE7FF228DF8302087
:102B00005AE7A61C0021304613F014F800283FF4C1
:102B10005AAF027810077FF556AF0321304613F005
:102B200009F801880A0B8DF83E204EE70DF13100BF
:102B300050E7B34B059A1B78934205D2B14B0093F3
:102B400002220123A621E6E6BBF1070F30D104F1F2
:102B5000020A0146504612F0EDFF064640B30378E4
:102B6000D9065ED50421504612F0E4FF002840D07B
:102B7000837813F0C00F03D003F0E002402A53D152
:102B8000059A002A50D0C3F34213013329208DF84F
:102B9000403028F04DF858B19DF84030032B07D154
:102BA0002B7903F00F03012B02D104238DF8403061
:102BB000292028F03DF83B7C00283FD18DF83F309C
:102BC000079BBBF1070F1B788DF842303DD07F2368
:102BD0008DF84130D7F824A0AB780593D1464FF05B
:102BE000000B059B5B4504EB4B0800F2D5800024ED
:102BF00095E6A37803F03F030193834B00930222F1
:102C00000123FB21EC2013F081FF33788DF8043091
:102C10007E4B009302220123FC21EC2013F076FF6F
:102C2000C6E78DF84080C3E7794B00930222012369
:102C3000A721EC2013F06AFF1E2470E6032BBDD100
:102C40002A79120918BF0423B8E7059B03F1010B89
:102C5000039B264603F1010ABBF1000F77DC00233A
:102C600021461E4688784A7800F03F00013A121A41
:102C700056FA82F6049AB6B242F82360CA1C10448F
:102C80000133059ADBB29A4280F0B8808B789806BF
:102C9000604B18BF91F803801B8818BFC8F3001859
:102CA000B342A4D3A378D7F824A09B09012B40F208
:102CB000B580022B9BD10BA920461DF019FF4FF0C8
:102CC000000B039BADF844B05B788DF841300BAA44
:102CD000514658468DF82CB01CF076F87B7C012BC1
:102CE00085D1002E83D0A278059302F03F021444D0
:102CF0005946627902F03F0214440834204612F02B
:102D000019FF002800F0DF800278059B12F0010F08
:102D100000F0D9801946204612F00CFF0146B9F1A7
:102D2000000F00F0D080002800F0CD800622484639
:102D300028F06CF8002800F0C680374B0093022280
:102D400001232021EC2013F0E1FE5C46E7E5B31CF3
:102D500000211846079312F0EDFED8B10278079BC8
:102D600012F0400F16D01846062112F0E3FE037849
:102D70001A060BD50AF8013CB378033603F03F037B
:102D80001E440BF1FF3B0AF1010A65E7132BF1D951
:102D90001423EFE77F23EDE70BA9404600261DF043
:102DA000A7FE8DF82C6098F8002002F00F0106298C
:102DB00008D801268E4016F055061EBF98F801600F
:102DC000063EF6B2BBF1010F0CD102F00F02042A4D
:102DD0007FF40DAF06224946504628F017F8002828
:102DE0007FF405AF0BAA09F1060130461BF0ECFF9A
:102DF00098F801200BF1010B9144F2E6014631E70E
:102E0000343501208A8301019E830101AE830101D3
:102E1000BC83010122350120D88301010BA9204682
:102E20001DF066FEA37813F0C00F0ED1069A3B6D1D
:102E30001344DB699878033300F03F00184483782B
:102E40009A0624D10023ADF844300024E52E29D978
:102E5000E53E0123B6B2E5348DF82C304FF0E5099C
:102E60004A4B1A7800239A4208D9049951F8231042
:102E7000A14226D3039AD35C8DF8413051460BAA68
:102E800048461BF0A1FFCA44002EDFD1AFE6C3784D
:102E90009B06D7D50521023012F04CFE0028D1D078
:102EA0004388D0E75FFA86F93444B8F1000F04D0C4
:102EB00002238DF82C300026D2E78DF82C80464670
:102EC000CEE70133CFE7BDF82E3043F00803ADF86D
:102ED0002E300024E52E1ED9E53E0123B6B2E5349E
:102EE0008DF82C304FF0E509284B1A7800239A42D0
:102EF00008D9049951F82310A1421BD3039AD35C3B
:102F00008DF8413051460BAA48461BF05DFFCA447C
:102F1000002EDFD16BE65FFA86F93444B8F1000F7A
:102F200004D002238DF82C300026DDE78DF82C80AC
:102F30004646D9E70133DAE71F24F8E40724F6E42C
:102F400095F82580B8F1000F7FF426AD21787A6AD4
:102F5000C1F380118DF830101168CDF831109188CF
:102F6000ADF83510217801F00F06012E09D1C1F31B
:102F7000C0118DF8371052F8060F0E909288ADF8F8
:102F80003C20C1464FF0010816E500BF3435012052
:102F90002DE9F7439D4E036D3778054634249C4850
:102FA00007FB043729F02EF832782B6D02FB04332F
:102FB0001A786AB92B7B002B61D008231E210B44A1
:102FC00003F29713B3F5D27F1CD24FF4D2731DE0F6
:102FD000012A53D1187D93F912209B694009002AD8
:102FE00000F10100ACBF1E214FF4967102284FEA98
:102FF000430311D00328E2D001281BD13D330B44F9
:10300000472B02D9C3F30E0300E04823814A1188FD
:1030100063F30E0111800DE028330B442C2B84BF89
:1030200047F6FE721A407B4B198898BF2D2262F337
:103030000E011980002026F003FE8046012026F0B4
:10304000FFFD8146022026F0FBFD48F400510446B6
:1030500089B2002026F006FE4946012026F002FE35
:1030600044F4E06189B2022026F0FCFDAB7B6A4C9F
:10307000032B16D8DFE803F0051C2A3F002319466E
:103080009DE7D4F8683F65496FF38A23C4F8683F29
:10309000002027F077FAB4F86C3F43F04003A4F81F
:1030A0006C3FEB7B032B3AD8DFE803F0333340402F
:1030B000D4F8683F43F48063C4F8683F544B186801
:1030C0009A88564BC4F8AC0F9A80E4E7D4F8683F6E
:1030D00052496FF38A23C4F8683F002027F052FA60
:1030E0004F4B187828F07EFFB4F86C3F0028D4D1FD
:1030F00060F38613D3E7D4F8683F43F48063C4F8E1
:10310000683F434B18689A88444BC4F8AC0F9A80C8
:10311000E6E7B4F86C3F6FF3CF33A4F86C3FEB7B7A
:10312000032B10D8DFE803F007270727B4F86C3F1C
:1031300043F40043F1E7D4F89C3F40F2FF1262F3FE
:103140001843C4F89C3F374A1368904663B19847C8
:1031500050B1354B1B783BB9D4F89C3F40F2FF127D
:1031600062F31843C4F89C3FEB7B032B0BD8DFE8DA
:1031700003F0073D073DD4F89C3F6FF31843E0E7A9
:10318000002011F027FB29F0BDF918B1244B187865
:1031900011F0F2FD254B93F900001FF089FB3B78FD
:1031A0006BBB297C032028F0B6FF3278342312FB56
:1031B00003F32A6DD25C002A3CD1D4F8282142F0D6
:1031C0000802C4F82821D4F8282142F00202C4F8E9
:1031D0002821D4F8282142F00402C4F82821D4F888
:1031E000282142F00102C4F8282125E0104B18687C
:1031F00018B915F06DF90120C3E7D720F9E7012BC5
:10320000D3D1397D49090131CCE700BFDD0200206F
:10321000EE3301206C38014100240141AC330141FF
:1032200047350120EC340120463501208A01002079
:10323000C8340120012ACCD02A6DD25CE2BBD4F87C
:10324000242142F00042C4F82421D4F8242142F081
:103250008042C4F82421D4F8242142F00052C4F85A
:103260002421D4F8242142F08072C4F82421D4F817
:10327000242142F08052C4F82421D4F8242142F0C1
:103280000062C4F82421D4F8242142F08062C4F8FA
:103290002421D4F8242142F00072C4F82421D4F867
:1032A000242142F40002C4F82421D4F8242142F459
:1032B0008002C4F8242101E0012AD8D02A6DD25C12
:1032C000002A40F07D81D4F8242142F40012C4F891
:1032D0002421D4F8242142F48012C4F82421D4F803
:1032E000242142F40022C4F82421D4F8242142F4F9
:1032F0008022C4F82421D4F8242142F40032C4F8F6
:103300002421D4F8242142F48032C4F82421D4F8B2
:10331000282142F48072C4F82821D4F8282142F0F0
:103320008002C4F82821D4F8282142F04002C4F8D1
:103330002821D4F8282142F02002C4F82821D4F80A
:10334000282142F01002C4F82821D4F8282142F4A0
:103350000072C4F828212A7B002A00F04781D4F8A3
:10336000042140F2D71161F30802C4F804212A6D48
:1033700013441A78002A40F04281AB6B02F27122AA
:10338000B3FBF2F3D4F804219BB263F31F42C4F8F9
:1033900004212A7CD4F8003162F38303C4F800319D
:1033A00095F82030022B04D0042B00F02381012B50
:1033B0000BD1D4F8042163F3CC22C4F80421D4F84F
:1033C000002163F30612C4F8002195F82030A97D8E
:1033D0000422013A12F0FF0206D0042B1ABF5B0050
:1033E000DBB201231942F4D185F82030D4F8003142
:1033F0006FF3DB63C4F80031D4F8003143F00053BD
:10340000C4F800316B7C002B40F00E81D4F8003101
:1034100043F08043C4F80031D4F80031962262F3BF
:103420001743C4F80031D4F800316FF31963C4F8BE
:103430000031D4F800316FF39A63C4F800312B7B6C
:10344000002B00F00081D4F800316FF30003C4F8C2
:10345000003131782E6D9E48342311FB03F10E4468
:10346000D5E9062796F800C0F3690088013A013FC4
:10347000BCF1000F40F0EC80D4F808E1A3EB000CA5
:103480001FFA8CFC6CF31F4EC4F808E1D4F80CE171
:103490006CF30F0EC4F80CE11A44D4F80CC1121AE4
:1034A00092B262F31F4CC4F80CC16A6AD4F810C11E
:1034B000121A92B262F30F0CC4F810C16A6AD4F8FF
:1034C00010C1121A92B262F31F4CC4F810C16A6A9A
:1034D0003A44121AD4F8140192B262F30F00C4F8FD
:1034E000140133626B6AAB62D4F8183143F4807311
:1034F000C4F81831D4F82C316FF30F03C4F82C3111
:10350000D4F81831032262F30713C4F81831D4F841
:10351000183162F30303C4F818316E4B1A68152092
:1035200060F31F621A601A68192060F317421A606C
:10353000A3F6042306201A6860F31F721A601A6843
:10354000022060F31B621A602B6DED6B5E180DEBB1
:10355000000201A9284628F03DFDD4F800316FF3A0
:103560001C73C4F80031BDF80220D4F8083162F3AE
:103570000F03C4F808319DF80420D4F8283162F311
:103580001743C4F828313378002B40F09880D4F8E2
:10359000003143F40043C4F8003125F053FA0146EA
:1035A000284626F0C1F84C4B984206D94B4A13786E
:1035B00043F00203137017F08FFA03B0BDE8F083F5
:1035C000012A7FF4C8AED4F8242142F48012C4F852
:1035D0002421D4F8242142F40022C4F82421D4F870
:1035E000242142F48022C4F8242196E6D4F8042150
:1035F0005721B8E6D4F8042142F4C052DDE6012A8E
:103600007FF4F4AE997CD4F8002161F3CC12C4F8B5
:1036100000211B7DD4F80021C3F34213013363F36F
:103620008302C4F80021E1E6D8F8003033B19847AE
:1036300020B12B4B1B78002B3FF4E8AED4F80031BF
:103640006FF39E73E6E6D4F8003143F00103FEE623
:10365000366AD4F808C1361AB6B266F31F4CC4F8FD
:1036600008C1D4F80CC11E1AB6B266F30F0CC4F828
:103670000CC113441B1AD4F80C219BB263F31F42F4
:10368000C4F80C21AB6AD4F810211B1A9BB263F367
:103690000F02C4F810216E6AD4F81031361AB6B28F
:1036A00066F31F43C4F810316B6AD4F814213B440D
:1036B0001B1A9BB263F30F02C4F8142114E7012B09
:1036C0007FF46BAFD4F8003143F4804363E700BF6D
:1036D000700200206C3E014138FEFF7FDC020020BA
:1036E00046350120F7B50546BB4828F08BFC95F818
:1036F000CD306BB92B7A002B64D008231E210B44EC
:1037000003F29713B3F5D27F1ED24FF4D2731FE0AA
:10371000012B56D195F8F60095F9F430D5F8F8203C
:103720004009002B00F10100ACBF1E214FF496713F
:1037300002284FEA420311D00328E0D001281BD110
:103740003D330B44472B02D9C3F30E0300E048235B
:10375000A24A118863F30E0111800DE028330B4457
:103760002C2B84BF47F6FE721A409C4B198898BFD9
:103770002D2262F30E011980002026F061FA064620
:10378000012026F05DFA0746022026F059FA46F499
:103790000051044689B2002026F064FA394601201F
:1037A00026F060FA44F4E06189B2022026F05AFA69
:1037B0002B7E8B4C8B4E032B16D8DFE803F005AD28
:1037C000BBD0002319469AE7D4F8683F864943F4F2
:1037D0008063C4F8683F002026F0D4FEB4F86C3F44
:1037E00043F04003A4F86C3F2B7A2F7C002B00F0B1
:1037F000C48040F2831014F06BFED4F89C3F6FF34A
:103800001843C4F89C3F002F00F0B980012F00F04E
:10381000C280367828F076FE10B1304611F0ACFA4E
:10382000724B93F900001FF043F895F8CD30002B50
:1038300040F0BA80697E032028F06DFC95F8CD3009
:10384000002B40F0B8806A4A85F8E53005F1410167
:1038500005F12D0353F8040B42F8040B8B42F9D108
:103860001B881380D4F8283143F00803C4F82831AA
:10387000D4F8283143F00403C4F82831D4F82831AF
:1038800043F00203C4F82831D4F8283143F001038F
:10389000C4F8283195F8CD30002B40F0AD80D4F835
:1038A000243143F00043C4F82431D4F8243143F0E8
:1038B0008043C4F82431D4F8243143F00053C4F8D1
:1038C0002431D4F8243143F08073C4F82431D4F87F
:1038D000243143F08053C4F82431D4F8243143F028
:1038E0000063C4F82431D4F8243143F08063C4F871
:1038F0002431D4F8243143F00073C4F82431D4F8CF
:10390000243143F40003C4F82431D4F8243143F4BF
:103910008003C4F8243172E0D4F8683F43F4806334
:10392000C4F8683F2C4B18689A882F4BC4F8AC0F2A
:103930009A8053E7D4F8683F2B496FF38A23C4F881
:10394000683F002026F01EFE307828F04BFBB4F8CC
:103950006C3F00287FF444AF60F3861342E7D4F84D
:10396000683F43F48063C4F8683F1B4B18689A882B
:103970001D4BC4F8AC0F9A80E6E703203BE7697C57
:1039800005F1120027F0B6F9D4F8643F43F48073D0
:10399000C4F8643F3DE7174B186808B914F098FD68
:1039A000012010F017FF34E7012B04D195F8F61031
:1039B000490901313FE795F8E530222202FB035324
:1039C0002D330B4A03F1140153F8040B42F8040B96
:1039D0008B42F9D144E700BFE23301206C3801414A
:1039E0000024014144350120AC3301418A0100200B
:1039F0002E250141C8340120012B3FF468AFD4F8D3
:103A0000243143F40013C4F82431D4F8243143F4AE
:103A10008013C4F82431D4F8243143F40023C4F8CB
:103A20002431D4F8243143F48023C4F82431D4F869
:103A3000243143F40033C4F82431D4F8243143F45E
:103A40008033C4F82431D4F8283143F40073C4F827
:103A50002831D4F8283143F48073C4F82831D4F8DD
:103A6000283143F08003C4F82831D4F8283143F0DA
:103A70004003C4F82831D4F8283143F02003C4F8B7
:103A80002831D4F8283143F01003C4F828312B7AB8
:103A9000002B00F03781D4F8043140F2831262F336
:103AA0000803C4F8043195F8CD30002B40F04A816A
:103AB000D5F8A43040F27122B3FBF2F3D4F804211C
:103AC0009BB263F31F42C4F804216A7ED4F800312C
:103AD00062F38303C4F8003195F8CE30022B00F076
:103AE0001581042B00F02081012B0ED1D4F8042184
:103AF00063F3CC22C4F80421D4F8002163F3061246
:103B0000C4F80021022385F8CE30D4F8003143F008
:103B10000063C4F80031D4F800316FF35D73C4F86A
:103B20000031D4F8003143F08043C4F80031D4F8B8
:103B30000031962262F31743C4F80031D4F8003103
:103B4000022262F31963C4F80031D4F800316FF334
:103B50009A63C4F800312B7A002B00F00A81D4F864
:103B600000316FF30003C4F80031A84B1A6842F427
:103B700080421A6095F8CF20012A1A680CBF42F0E3
:103B800080026FF3C7121A6095F8CD20A04B1988F8
:103B9000002A40F0F380D5F88C30D4F808215B1A65
:103BA0009BB263F31F42C4F80821D5F88C30D4F8D7
:103BB0000C215B1A9BB263F30F02C4F80C21D5F8F9
:103BC0008C20D4F80C318332521A92B262F31F4324
:103BD000C4F80C31D5F88830D4F810215B1A9BB2A8
:103BE00063F30F02C4F81021D5F88830D4F81021FF
:103BF0005B1A9BB263F31F42C4F81021D5F88830DA
:103C0000D4F8142124335B1A9BB263F30F02C4F877
:103C10001421D5F88C30C5F89430D5F88830C5F823
:103C20009030D4F8183143F48073C4F81831D4F8C4
:103C30002C316FF30F03C4F82C31D4F81831032260
:103C400062F30713C4F81831D4F8183162F3030390
:103C5000C4F818316F4B1A68152161F31F621A609E
:103C60001A68192161F317421A60A3F6042306218A
:103C70001A6861F31F721A601A68022161F31B62ED
:103C80001A6095F8CD30182202FB03530DEB0102A8
:103C9000D3F8A86001A9304628F09CF9D4F8003187
:103CA0006FF31C73C4F80031BDF80220D4F808315A
:103CB00062F30F03C4F808319DF80420D4F82831CA
:103CC00062F31743C4F8283195F8CD30002B40F04B
:103CD0009480D4F8003143F40043C4F8003124F058
:103CE000B1FE0146304625F01FFD4B4B984207D9E7
:103CF00095F8CC3043F0020385F8CC3016F0ECFE9A
:103D000003B0F0BDD4F804310322C8E6D4F804218E
:103D100063F3CC22C4F80421D4F8002163F3061223
:103D2000C4F800210423EEE6D4F8042142F4C05282
:103D3000C4F80421D4F8002163F30612C4F800216A
:103D40000123E0E6012B7FF4E0AE95F8F420D4F8EF
:103D5000003162F3CC13C4F8003195F8F630D4F892
:103D60000021C3F34213013363F38302C4F800213B
:103D7000CBE6D4F8003143F00103F4E6D5F89430F3
:103D8000D4F808215B1A9BB263F31F42C4F80821E0
:103D9000D5F88C30D4F80C215B1A9BB263F30F0278
:103DA000C4F80C21D5F88C20D4F80C318432521A86
:103DB00092B262F31F43C4F80C31D5F89030D4F8B6
:103DC00010215B1A9BB263F30F02C4F81021D5F8DF
:103DD0008830D4F810215B1A9BB263F31F42C4F8F9
:103DE0001021D5F88830D4F8142125335B1A9BB202
:103DF00063F30F02C4F8142113E7012B7FF46FAFB4
:103E0000D4F8003143F4804367E700BF54340141E4
:103E1000700200206C3E014138FEFF7F9832012085
:103E20001C000000000000001830012060000000AD
:103E300000000000F83101206000000000000000D8
:103E40009C33012008000000000000001831012010
:103E5000300000000000000000000020040000000E
:103E600000000000043301201400000000000000E6
:103E7000040000204C00000000000000F43101208C
:103E80000400000000000000F433012008000000DE
:103E90000000000064370120040000000100000061
:103EA000AAAAAAAAFC330120040000000000000016
:103EB0001803002024280100000000000034012025
:103EC0001000000000000000A433012008000000E2
:103ED00000000000103401200C0000000000000071
:103EE000502F012064000000000000001C3401205D
:103EF000140000000000000018330120280000001A
:103F0000000000003034012010000000000000001C
:103F10004033012014000000000000004034012064
:103F200004000000000000005433012028000000BD
:103F300000000000443401200800000000000000E0
:103F4000A837012004000000010000000400000068
:103F5000500000203800000000000000493501201A
:103F60000200000001000000F80E0000AC33012048
:103F70000800000000000000880000200100000090
:103F800000000000AC370120040000000100000028
:103F9000FF00FF7F90000020A00000000000000054
:103FA0004C3401200C000000000000003001002013
:103FB0003E00000000000000583401200C0000000A
:103FC00000000000B43301200800000000000000E1
:103FD0006434012010000000000000007001002087
:103FE00018000000000000004F2F01200100000019
:103FF00000000000BC3301200800000000000000A9
:104000005832012020000000000000002C35012063
:1040100001000000000000007434012008000000CE
:10402000000000002D35012001000000000000000C
:104030007C34012004000000000000002E35012027
:104040000100000000000000803401200400000096
:10405000000000002F3501200300000000000000D8
:104060001C35012002000000000000008434012003
:1040700004000000000000001E35012004000000C4
:10408000000000008834012004000000000000004F
:104090007C330120100000000000000032350120B8
:1040A0000100000000000000C433012008000000EF
:1040B00000000000880100200E0000000000000049
:1040C0008C3401200800000000000000980100204E
:1040D0000400000000000000CC33012008000000B4
:1040E000000000009C01002004000000000000000F
:1040F000943401201000000000000000A001002006
:104100000800000000000000A434012004000000AA
:1041100000000000D0310120240000000000000059
:1041200078300120500000000000000033350120ED
:104130000100000000000000A801002008000000AD
:1041400000000000223501200200000000000000F5
:10415000343501200100000000000000B4320120CD
:104160001C00000000000000783201202000000048
:1041700000000000A834012004000000000000003E
:1041800035350120010000000000000078310120D9
:104190002C00000000000000AC34012004000000EE
:1041A00000000000B00100200E0000000000000030
:1041B000C00100202500000000000000363501206D
:1041C0000100000000000000B034012008000000E1
:1041D0000000000024350120040000000000000061
:1041E000373501200100000000000000E801002038
:1041F0005A000000000000003835012001000000D6
:1042000000000000B8340120080000000000000099
:10421000440200201C00000000000000DC330120EC
:1042200006000000000000003935012003000000F6
:1042300000000000D433012008000000000000004E
:104240003C3501200600000000000000C0340120C1
:1042500008000000000000002835012004000000D4
:1042600000000000423501200100000000000000B5
:10427000600200200400000000000000BC370120A4
:104280000200000001000000700000006402002035
:104290000C000000000000008C3301201000000022
:1042A0000000000070020020040000000000000078
:1042B000C834012004000000000000007402002047
:1042C0004100000000000000B80200200C000000C7
:1042D0000000000043350120010000000000000044
:1042E000CC3401201C00000000000000C4020020AB
:1042F0000900000000000000E83401200400000074
:1043000000000000E2330120060000000000000071
:10431000443501200100000000000000D002002010
:104320000C000000000000004831012030000000B7
:1043300000000000E833012006000000000000003B
:10434000A43101202C0000000000000045350120B0
:104350000100000000000000EC3401200C0000000F
:1043600000000000463501200100000000000000B0
:10437000F83401200400000000000000EE330120AA
:104380000600000000000000B42F012064000000BF
:10439000000000004735012001000000000000007F
:1043A000DC0200200900000000000000E8020020FC
:1043B0000800000000000000FC34012004000000A0
:1043C00000000000F00200200D00000000000000CE
:1043D000EC3201201800000000000000B43701207A
:1043E0000800000001000000CBAC0101CBAC0101D2
:1043F000FD020020010000000000000048350120FF
:104400000100000000000000000300200400000084
:104410000000000000350120040000000000000042
:104420000403002004000000000000000435012007
:104430000800000000000000080300200C0000003D
:104440000000000014030020040000000000000031
:10445000D03201201C000000000000000C350120BB
:1044600008000000000000003C2B012013040000A5
:1044700000000000143501200400000000000000CE
:10448000C830012050000000000000001835012055
:104490000400000000000000000000000000000018
:1044A00066666666666666666666666680B588B0D7
:1044B00000AFB96011461A460346FB810B46BB812B
:1044C0001346FB80FB893B82BB687B61BB893B83D6
:1044D000FB887B830E4B1B68FB6110E0FB691B684C
:1044E00007F1100210469847034683F00103DBB240
:1044F000002B01D0002306E0FB695B68FB61FB69D0
:10450000002BEBD1012318462037BD4680BD00BFEC
:10451000D03201201FB504466946008800F0AEF98C
:1045200068B3BDF80230ABB1019B9BB1029BD3B91C
:10453000A2882088CAB1A368BBB16188FCF742FB9E
:10454000D0B14FF0200383F31188BFF36F8FBFF317
:104550004F8FFEE74FF0200383F31188BFF36F8F77
:10456000BFF34F8FFEE79847E2E7019BBDF80220BB
:104570000021FCF727FBE3E7208800F0C6F904B030
:1045800010BD7FB56946054600F078F910B90020E6
:1045900004B070BDBDF80230A3B1019B93B1029B82
:1045A000CBB92846FCF796FB019ABDF802100646E7
:1045B0002846FCF7ADFB022804460ED1B4FA84F07D
:1045C0004009E5E74FF0200383F31188BFF36F8FB5
:1045D000BFF34F8FFEE79847E3E740B14FF020036A
:1045E00083F31188BFF36F8FBFF34F8FFEE733461E
:1045F000BDF8022001992846FFF758FF0028DDD1B9
:10460000C5E71FB504466946008800F037F910B9C0
:10461000002004B010BDBDF8023093B1019B83B1FE
:10462000029BBBB96188A288BDF802308818984205
:10463000EEDCA3682088FCF723FBB0FA80F0400989
:10464000E7E74FF0200383F31188BFF36F8FBFF3C9
:104650004F8FFEE79847E5E773B5DFF840C00E4D92
:1046600006460C4600226B46688891B2884201D803
:1046700000200EE00CEBC20103C983E80300BDF883
:104680000610B14202F10102EED103CB206061605D
:10469000012002B070BD00BFD43201202803000108
:1046A0002DE970411E4B85B00646186827F08DFA3B
:1046B000002480462546A04510D865BB2A463146D1
:1046C000174827F096F8012825D04FF0200383F3F0
:1046D0001188BFF36F8FBFF34F8FFEE7002201A950
:1046E0000F4827F03CFA01280CD1019A33680C4896
:1046F0009A4208BF012501A90022013427F079F868
:10470000E4B2D8E74FF0200383F31188BFF36F8F33
:10471000BFF34F8FFEE7012005B0BDE8708100BFF9
:104720000C35012010B5044688B108200FF0E0F9DF
:1047300040B94FF0200383F31188BFF36F8FBFF3AD
:104740004F8FFEE7024B04601A694260186110BD8A
:10475000D432012010B5044688B108200FF0C8F902
:1047600040B94FF0200383F31188BFF36F8FBFF37D
:104770004F8FFEE7024B04601A684260186010BD5C
:10478000D032012010B5044608200FF0B1F928B14D
:10479000034B04805A6942605861012010BD00BF7C
:1047A000D432012000F44063B3F5406F13B514D147
:1047B0006946FFF751FF70B9002002B010BD009BA1
:1047C00033F81400FCF7E0FB0134E4B2BDF8043028
:1047D000A342F4D8F0E70024F8E7FCF7D5FBEBE7B9
:1047E000034B00229880C3F80620181DDA6057E7B3
:1047F000D4320120054B5B690BB9184670471A8803
:10480000824201D05B68F7E701207047D432012073
:104810007FB5184B184D5E6904464EB90120FCF770
:104820000BFC3146286818F08DF8002004B070BDEC
:10483000FCF702FC24B10021286818F083F8F4E7A3
:10484000286827F0C2F90646A642EED9002201A93F
:10485000284627F084F9012809D1BDF80400FFF7A4
:10486000C9FF20B1002201A9284626F0C2FF013469
:10487000E4B2E9E7D43201200C3501202DE9704182
:10488000DFF848C0DFF8488085B086460E46002530
:104890006C4600BFBCF80030AB4201D8002010E0ED
:1048A00008EB05130FCB84E80F00BDF8003073450B
:1048B0000AD1234603CB3060716003CBB060F16056
:1048C000012005B0BDE870810135E3E7D432012055
:1048D000280300011FB50446008800F44063B3F5C7
:1048E000406F02D1002004B010BD6946FFF7C6FF3B
:1048F0000028F7D0A28863881344BDF802209342B1
:10490000F0DC2046FFF7CCFEEDE738B5044B1C6920
:10491000054604B938BD2368284698476468F8E717
:10492000D432012030B585B0044669460088FFF7CF
:10493000A5FF002845D0BDF80230D3B1019BC3B11B
:10494000029BFBB92088FCF7B7FB2588E0B9019AE8
:10495000BDF802102846FCF7DBF910F0FD0F2DD052
:104960004FF0200383F31188BFF36F8FBFF34F8F96
:10497000FEE74FF0200383F31188BFF36F8FBFF37F
:104980004F8FFEE79847DDE7A2887AB1A3686BB145
:1049900061882846FCF716F980B14FF0200383F3B5
:1049A0001188BFF36F8FBFF34F8FFEE7019BBDF8F8
:1049B000022000212846FCF705F9EDE72088FFF7E3
:1049C000A4FF05B030BD024B186827F023BE00BF1E
:1049D0000C35012030B5174D89B0002202A92846B8
:1049E00027F0BDF8012801D009B030BDBDF808009E
:1049F00000F44063B3F5406F17D16946FFF72CFE12
:104A00000028EAD00024CDF816400794BDF8043001
:104A1000A342E2D9009B05A833F81430ADF8143056
:104A20000134FFF77FFFE4B2F0E702A8FFF77AFF57
:104A3000D3E700BF0C35012030B50446008800F4F0
:104A40004063B3F5406F85B003D10025284605B01B
:104A500030BD6946FFF712FF05460028F5D0A28851
:104A600063881344BDF802209342EEDC2046FFF732
:104A700059FFEBE700F44063B3F5406F37B518D149
:104A80006946FFF7E9FD054688B900250CE0009B63
:104A900033F81400FCF710FB0028F6D00134E4B220
:104AA000BDF80430A342F2D8284603B030BD00243C
:104AB000F6E7FCF701FB0546F6E700F44063B3F5C3
:104AC000406F13B516D16946FFF7C6FD80B90120C6
:104AD00002B010BD009B33F81400FFF752FD002810
:104AE000F6D00134E4B2BDF80430A342F2D8EEE7C8
:104AF0000024F8E7FFF745FDEAE7038803F4406385
:104B0000B3F5406F00D07CE5002070472DE9F04FF1
:104B1000AF4B95B01A7805931AB91F2015B0BDE8B0
:104B2000F08F036D342701FB07370225FC69A61CB3
:104B30000021304610F0FEFFA8B10378D90712D546
:104B400097F82530002B00F0CF8097F8290026F049
:104B5000EDF840F002008DF821000DF1220197F8E8
:104B600029001FF003FCA378012D03F03F0304F19B
:104B700003041C4440F0B680FC6902340021204646
:104B800010F0D8FF0028C8D003781A07C5D5032134
:104B9000204610F0CFFF068808A8360B8DF820605D
:104BA00021F060FCDDF82220CDF82920BDF8262078
:104BB000ADF82D20874A9DF8213014788DF82F60AC
:104BC00003F0010314F0010405468DF8283000F0CD
:104BD0009B800DF11F010AA820F0BEFBB0FA80F403
:104BE0006409F86990F802B00BF03F0B05215844B6
:104BF000084410F09FFF0646002800F09680438886
:104C0000052B40F292804378027803F01F0352EAAA
:104C1000032314BF4FF001094FF000096E4B0093BE
:104C2000CDE902490195012302227121EC2011F006
:104C30006DFF002D7FF471AF002C3FF46EAFB9F122
:104C4000000F3FF46AAFC02103201AF0B5F9814686
:104C5000002843D00468614B43602946BC222046AB
:104C600026F026FF5E49C4F8089091F800C0C4F809
:104C7000BC5028462CFA00F3DB07C2B258D40123FB
:104C800003FA00F04CEA0000087093B2A382554B7F
:104C9000554D1878554BDFF86C811B88E363544BF6
:104CA00000EB40101A784000A0639A463AB913F01E
:104CB000DDFC2860E06B13F0D9FCC8F80000286820
:104CC00020B1D8F80020C2BB22F050FBD8F8000079
:104CD00008B122F04BFB48461FF092FF059B0020D5
:104CE00018701BE7012522E723780121C3F3801305
:104CF00030468DF8213010F01DFF0368CDF82230CA
:104D00008388ADF826302EE73A4A12789A427FF42B
:104D100068AF394B1B78B3427FF463AF06220DF1C5
:104D20002901364826F072F858E74FF0000975E778
:104D3000013006289ED10023A8E700232360304BD2
:104D4000C4E911205A68626014605C609AF800300F
:104D500001338AF80030D7F81CA004210AF10200C0
:104D600010F0E8FE90B390F802904FEA591973786A
:104D7000357813F0200F03F01F0345EA032516BF13
:104D80004FF49670C5EB051515FB00F5DA44304677
:104D900008BF6D0022F08AFCB9F1010F9AF80430C7
:104DA00032D0B9F1000F00F04881B9F1020F40F0A4
:104DB00044813A7902F00F02012A0BBF1B019B01CB
:104DC000563303F2511340F28D1220E08146CEE7B4
:104DD0003B3501203E350120C46301012524020139
:104DE0003C35012034350120C0340120223501201A
:104DF0003D350120393501203A350120DC330120D1
:104E0000D4330120C434012005339B001E22723D9F
:104E10002D1AEB1A981A26F098FC3B8A4FF6FC7173
:104E20009B0019400546F86827F044FC29461FF00E
:104E3000C3FE08AB024603CB09F10109E262E06060
:104E4000216184F83090338A238504F116052B46BE
:104E500006F1100256F8041B43F8041B9642F9D1E0
:104E600032881A80B9F1020F00F0EB80B9F1030F1C
:104E700000F0E980B9F1010F03D1A22026F065FC12
:104E80006063284622F012FCE37DC4F88C0013F026
:104E9000200F94F830300CBF1E224FF49672022B74
:104EA000C4F8982000F0D280032B40F2971118BF6D
:104EB0003D21238B0A4440F271215943B1F5004F43
:104EC0002ABFC2F5FF428A1A7F325208904228BF99
:104ED0001046C4F89420C4F8900026F036FC228BCB
:104EE0004FF47A73C4E92833FA335343C4F8B0302B
:104EF0000146E06A24F018FC554BC4F8AC001B785E
:104F000083F0010384F87430524B1B7884F89C3092
:104F10000623A4F87230504B1B88A4F8603000259B
:104F20000122234684F85E20A4F8625053F81A1F29
:104F3000C4F86A101B7984F8542003F01F0384F826
:104F40006E304FF0FF33C4F88830C4E91F33434B51
:104F500084F86450C4F88450009302231A46CA218E
:104F6000EC2011F0D3FD94F830300293A38A019322
:104F70003B4B009302231A46CB21EC2011F0C6FDD7
:104F8000238D0293D4F8AC300193364B0093022367
:104F90001A46CC21EC2011F0B9FD238B0193324B42
:104FA000009302231A46CD21EC2011F0AFFDE37DE2
:104FB000C3F340130293E27DA37D02F01F0243EA94
:104FC00002230193294B009302231A46CE21EC20A1
:104FD00011F09CFDD4F88C300193254B00930223F3
:104FE0001A46CF21EC2011F091FD23F02BFD214B2F
:104FF000009302231A460190D121EC2011F086FD86
:105000001D4B1393D4F8AC300D93D4F8A0300F930C
:10501000D4F8A4300E93194B0A93D4F8B030CDE9EC
:10502000103504F1BC01A36812930AA80EF08AFBA4
:10503000D4F8BC0018F0AAFB50E60533DB0033229D
:10504000E5E68D201AE74FF4FE7017E7282130E7D8
:10505000413501204035012028350120E66301015A
:10506000FA6301011B6401013E6401015A640101FC
:105070007C640101976401011976000100050001BB
:105080002DE9F043074689B018220E4602A80021F8
:1050900026F00EFD3C6820F0B5F80023237524F0BF
:1050A00003FAA36FDA0505D51AF002F81EF0CEF95F
:1050B000AFF30080B4F85C3001339BB2A4F85C30ED
:1050C000EBB9B4F8503053B1B4F85420524292B214
:1050D000B2FBF3F103FB11229B1AA4F85430E36FE7
:1050E000DB070CD5D4F8B0114B8943B18A89524201
:1050F00092B2B2FBF3F003FB10229B1A8B81B4F83F
:105100005A300BBBE06F10F0010040F06C8101469B
:105110000546B4F850C0BCF1010F00F07A81D5B952
:10512000B4F85420B4F85C309A4240F26B81D21A41
:1051300092B2B2FBFCF50CFB152292B2002A40F0B1
:105140006A81A4F8582064E1013B9BB2A4F85A306C
:10515000002BD7D00025E37D012B66D1A36FDA01A8
:105160000CD5D4F8CC0027F0ECFA8046D4F8CC006B
:1051700027F0C6FA0146404624F0BCFDD4F8C830FA
:10518000DB0110D520461DF06FFC60B1D4F8CC00D7
:1051900027F0D7FA8046D4F8CC0027F0B1FA0146C0
:1051A000404624F0A7FDA26FD4F8803012F00079B9
:1051B00000F05781D4E921929B00403302F1FF387F
:1051C0004FF6FC721A40D4F8CC1002A81FF08FFAE8
:1051D000D4E9202140F272234B4303EB42032033F6
:1051E000A8EB0908C4F88C304FEA482305939DF8D2
:1051F000083043F010038DF80830E37D012B14D103
:10520000E3681BB9A36F23F48053A367A36F13F460
:10521000505F00F08E81180240F1E68123F4000314
:10522000A367D4F8CC0027F088FA002D3DD1A36FF6
:105230001A023AD4B4F85A30002B36D1B4F854508C
:10524000B4F85C20B4F8500095428CBFAB1A531BE5
:105250009BB2B3FBF0F100FB1131954289B2E36FD1
:105260009CBF411A89B2DB0717D5D4F8B0C1BCF88E
:105270000C50BCF80AC095428CBFAB1A531B98B2B5
:10528000B0FBFCF30CFB13039BB295429CBFACEB51
:1052900003039BB2994228BF194631B1A4F85A10B2
:1052A0000022D4F8CC0027F046FA1FF0ABFFA36F22
:1052B00023F03C5323F44C63A367D4F8C83023F0A5
:1052C0008073C4F8C83024F0EFF8A36F9D0729D588
:1052D0001FF098FFA36F23F0020343F00403A367BA
:1052E00024F0E2F801A9D4F8CC0026F055F8019B8F
:1052F0005B0A0193226F13442367384625F078FD3B
:1053000094F86D30D4F8CC0043F0100384F86D307D
:1053100027F017FAC4F8C000D4F8CC0027F0F0F951
:10532000A4F8BC00A36F980211D51FF06BFFA36F08
:1053300023F40013A36724F0B7F8204625F0A2FA5F
:105340009DF80830069043F020038DF80830A36FD5
:10535000990540F13081A38F002B00F03D81B4F816
:105360006830002B00F03881013BA4F8683000233E
:1053700084F828301FF046FFA36FD80554BF23F4EC
:10538000844323F48643A36724F08EF894F86D30A9
:1053900059070CD501AB04229549019701201BF058
:1053A00012FD94F86D306FF3820384F86D30D4F8F9
:1053B000443143B11A7C520641BFD3F82220137AFC
:1053C00043F020031372002E00F00A8102AB03CBDE
:1053D0003060716003CBB060F16003CB306171610C
:1053E00009B0BDE8F083D4E96C3194F8E420082AD0
:1053F00018BF19464D8905F1FF3CDCF1000545EB6E
:105400000C0586E69A1A92B2002A7FF492AEA4F8AE
:10541000585001259FE6B4F8582022B1013AA4F86B
:105420005820022597E600283FF494AE8A899A42D4
:1054300012D9D31A9BB24889B3FBF0F200FB1233A6
:105440009BB2002BE5D0B4F85230012BE9D80B8A7F
:10545000012B7FF67FAEE4E79B1A9BB2002BD8D0DE
:10546000E9E712F001023FD0D4F88C10D4F88400A0
:1054700001F1200808EB430840F2722101FB00888B
:10548000607D58B10321B0FBF1F101EB4101411AFC
:1054900011F0FF0F04BF08F272289146B8F5004FD3
:1054A000BFF4ABAE618F40F271224A43963A904509
:1054B000BFF4A3AE9B0040334FF6FC721A40D4F801
:1054C000CC1002A81FF013F9C4F88C8001A9D4F8FD
:1054D000CC0025F061FFD4F88430019AC3EB52234D
:1054E000A3EB09035B0281E69B0003F598734FF67B
:1054F000FC721A40D4F8CC1002A81FF0F8F8D4F8C7
:105500008C30D4F88020D4F8CC007A3303EB4203FB
:10551000D4F8842040F2722101FB0233C4F88C30AD
:1055200001A925F039FFD4F88430019AC3EB522346
:10553000D8E799067FF579AE94F86C2092077FF54D
:1055400074AEA18F00293FF470AE18023FF5ADAEE6
:1055500025B1B4F85020012A7FF4A7AEB4F8582042
:10556000002A41D1B4F85000A4F8681043F40003B5
:105570000128A36704D1D4F8CC0027F0DCF854E666
:10558000B4F854E0B4F85CC0E6458CBFAEEB0C0355
:10559000ACEB0E039AB2B2FBF0F300FB13239BB209
:1055A000E6459CBFC31A9BB211FB003189B2A4F837
:1055B0005A100022DFE75A040ED51D047FF5D7AE3E
:1055C000204622F031FE9DF808308DF8090043F0A6
:1055D00001038DF80830CAE6204626F055FAF2E7B6
:1055E00002A80CF08BF9FBE6002D3FF423AE5CE63D
:1055F000A2040101F8B58B1E04460E46232B00F2CF
:105600001C81DFE813F024001A011A011A0130008E
:1056100064001A01DC001A01F000420160011A0165
:1056200071011A01D7011B022E02310258027402C5
:105630001A011A011A011A011A011A018F029302A2
:105640001A011A011A011A0197029A029D02D0F852
:10565000C430DC0702D501252846F8BD90F8E010DB
:1056600024F085FEF7E7C37DABB990F8E25094F8DB
:105670006D3023F0600384F86D30204621F057F838
:10568000212D17D101220021204624F08DFBE37D3E
:10569000B3B9002117E0062125F071F9002800F0C8
:1056A000CC8094F8F43094F8E45043F0010384F88B
:1056B000F430DCE7222DEAD1204624F0F2FDE6E7C3
:1056C000012BC8D10121204614F050F8C3E790F80F
:1056D000E130162B44D014D80E2B28D008D8032B39
:1056E000D7D190F8ED306FF3000380F8ED30D0E7BC
:1056F0000F2B26D0142BCCD190F8ED306FF345133F
:10570000F3E7232BC5D3252B3DD9283B012BC0D84C
:10571000D0F84C0120B121F029FE0023C4F84C310F
:1057200094F8F2306FF3041384F8F230B1E790F894
:10573000ED306FF3C30380F8ED301A2121F0BAF990
:10574000A7E790F8ED306FF3410380F8ED30C37DAB
:1057500013B921F09AFC7EE71A211CF09BF998E717
:10576000012124F0E2FD26F06FFA002105462046D3
:1057700024F0DBFD26F068FA1A230246294620466B
:1057800021F05CFE85E7D0F84431002B81D0D3F8BE
:10579000220060B121F0EAFDD4F84431002283F800
:1057A000222083F8232083F8242083F82520D4F8AE
:1057B000440121F0DBFD0023C4F8443169E790F88F
:1057C000E25005F0FD05012D7FF445AFD0F8B03172
:1057D000002B3FF440AF002121F06CF9002120465E
:1057E00013F0C4FF38E7C57D002D37D190F8E230C3
:1057F000222B7FF430AF90F8E330042B7FF42BAFF3
:105800000B2125F0BCF8C0B120461AF0E7FD054693
:1058100078B1012384F8E33094F8F43023F00303E3
:1058200084F8F43094F86D3043F0400384F86D3020
:1058300012E70146204623F051FCC64B1B68002BA3
:1058400040F08181C44B1D68002D3FF405AF314607
:105850002046A847051C18BF0125FDE6012D7FF451
:10586000FAAE90F8E430222B7FF4F5AE90F8E530F4
:10587000042B7FF4F0AE022380F8E53090F8F4308A
:105880006FF3000380F8F430E6E60C2118F074FDA5
:10589000054600283FF4DFAE94F8E230022B06D133
:1058A000002684F8E260204622F0AEFA96E794F8EB
:1058B000F23019073FF5CFAE20461FF0C5FC002897
:1058C0007FF4C9AEB9E726F053F800283FF4E1AE03
:1058D00094F86D3023F0600384F86D3000221A21B3
:1058E000204624F061FAD4E690F8E450002D7FF4CD
:1058F000B2AE20F009F900284ED0112384F8E4302C
:105900000F21204618F038FD002800F00581D4F85A
:10591000B47126F09DFD012826D97B8B628FD4F8C7
:10592000CC009A421ABF40F2E2415943294626F080
:10593000C5FDA4F8A800B4F8A82032B1798BB2FB59
:10594000F1F301FB1323A4F8A830204622F02DF830
:10595000054660B1204622F082FD94F8F23043F013
:10596000010384F8F23077E6A4F8A850EDE7E37D70
:1059700053B90421204610F0D1FA00287FF46BAE11
:10598000002384F8E43058E7012B7FF464AE102143
:10599000204611F0F5FAF0E70F211E2220461EF0F6
:1059A000A3FF01210546204613F0E0FE002D3FF441
:1059B00044AF50E690F8E230132B2BD00ED8082BD2
:1059C00037D0112B7FF465AEC37DDBB990F8E010C2
:1059D0001A2911D1012110F0A1FA70E7213B012B06
:1059E0003FF657AE90F86D3090F8E01023F060036A
:1059F00080F86D30002274E790F8F230DA077FF516
:105A000048AEAAE690F8F230DB077FF542AE90F898
:105A1000E010A2E6012124F088FC26F015F900210F
:105A20000546204624F081FC26F00EF994F8E0307B
:105A3000A3E690F8E0101FF003FE2AE6122118F00A
:105A40009BFC18B9204620F072FE04E694F8E4307E
:105A5000002BF7D11321204624F091FF0028F1D12B
:105A6000EBE620F064FE14E690F8E430002B7FF4BF
:105A7000F2AD142118F080FC00284DD094F8E430E9
:105A8000002B7FF4E8AD142120460FF03BFD0546C6
:105A9000204620F0D5F920B90121204613F066FEFA
:105AA000CBE6002D3FF40EAE204621F01AFF204633
:105AB00024F0F8F906E690F8E230052B01D0032B2C
:105AC00010D1D4F8B0316BB1152120460FF01AFD7A
:105AD00000283FF4DEAD204621F003FF204624F0ED
:105AE000E1F9D6E51521204624F0FDFBB3E590F859
:105AF000E430002B7FF4AFAD132380F8E43016219F
:105B000018F03AFC40B1E37D204613B90CF020F9BF
:105B100033E71DF0CDFA30E794F8E630002B7FF440
:105B20009AADCFE522F0BAFF05463FE7002123F00A
:105B300057FAAEE51DF092FAF6E709F04DFFF3E7EC
:105B400015F01CFEF0E731462046984700283FF448
:105B500079AE80E594340120983401202DE9F04796
:105B60008AB0C7B289460192002F40F0B78001A9E0
:105B700003A824F074FB01A904A824F070FB05A875
:105B800001A924F06CFB039B980445D5D9F800606B
:105B90008D4C336D227896F80FA0342502FB053525
:105BA000A04695F82B30894C013385F82B3026F030
:105BB000A9FC002800F09680D4F86C0FC0F30030E8
:105BC000002840F08F80D4F8683F190340F18A80A4
:105BD0000AF0FD0ABAF1010F40F08480D4F8603F6A
:105BE0009A057FD5D4F8683F9B007BD5784AD4F8D6
:105BF000683F1278C3F302639A4273D023F0E4FD46
:105C0000D4F8283143F00803C4F82831D4F82831F7
:105C100043F00403C4F82831059BDF052DD56B4BF9
:105C2000D3F81C31C3F3C303072B26D1D9F80030B6
:105C3000654A1B6D1278342402FB04340021E569A7
:105C4000023528460FF076FF68B10378DE060AD5E4
:105C5000042128460FF06EFF28B1817849090131EF
:105C6000032026F058FA5B4B1A682379C2F34112DD
:105C700003F00F0343EA0213237105998C0516D52F
:105C8000D9F80030504A10781A6D342300FB0323F2
:105C9000012283F82C204D4BD3F81C21100240F137
:105CA000B881D3F8242142F48022C3F824214B0583
:105CB00014D5454BD9F800001B788DF81830464BA9
:105CC0001B788DF81A30454B1B788DF81930444BF2
:105CD00006A91B788DF81B3004F06CFC00200AB07C
:105CE000BDE8F087FF238DF80B3025F0A5FEB0BB93
:105CF00026F002FC98BBD4F86C3F18052FD4326D07
:105D000098F80010342301FB03239A78DB69C2B9A9
:105D100093F800A0706ACAF3801A0368CDF81930AE
:105D20008388ADF81D309DF818300DF10B016AF332
:105D3000000306A88DF8183017F06CFD78B100202C
:105D40005CE7987800F03F02D81C1044012110F85D
:105D500002ABCAF3801A0FF0EDFE0028DDD103205C
:105D600021F08DFDD4F82021AB7803EB1263AB70EA
:105D7000D4F82031EA78C3F307431344EB70D4F826
:105D8000283143F00803C4F82831D4F8283143F00F
:105D90000403C4F82831D4F86C2F9DF80B50B37B62
:105DA000110500F14081D4F8682F920040F13B8149
:105DB000032B2BD8DFE803F004C116C8FF2D15D143
:105DC000D4F800311AE000BFDD02002000240141B8
:105DD00047350120C0340141DC020020DE020020F2
:105DE000DF020020D4F8685FC5F30265284626F07C
:105DF000F9F8D4F80031002800F093806FF34103E4
:105E0000C4F800318F49002024F0BCFB737C012BC7
:105E10004AD1326D98F80010342301FB03231A781D
:105E2000002A40F0A2809878D4F81C21D4F81C11E4
:105E30000128C2F3C302C1F3410106D193F82B003C
:105E4000012802D162B1062A0AD0588840F2011214
:105E5000904229D193F82B20022A25D1022923D15F
:105E6000D4F81C21C2F3C30212B1062A40F08C8080
:105E7000756A5DB1DFF8D8A106222946504624F0A4
:105E8000C5FF002840F090806F4B9F706E498A7864
:105E90000C2303FB02121379013BDBB21371002BBD
:105EA0007FF44DAF01230B7098F80010342311FBE1
:105EB00003F1D4F81C31C3F340331BB9D4F81C31BF
:105EC000C3F38023D4F86C2F100516D4326DD4F8A8
:105ED0006C0F0A4410F4807F134400F08280D4F8E1
:105EE000682FC2F3407092007BD583F82500D4F868
:105EF000682FC2F3026283F82920D4F86C3FDF04D4
:105F00003FF58AAED4F86C2F336D96050B446CD5F3
:105F1000D4F8682F1503C2F3C04166D583F8271063
:105F20007AE643F00203C4F80031284626F062F80E
:105F30001CF04AFA6AE7FF2D0AD1D4F8003143F089
:105F40000203C4F800310EE0D4F8685FC5F30265BF
:105F5000284626F047F8D4F8003143F00203C4F88D
:105F600000310028E1D03948E2E75888D4F81C21F4
:105F700040F201118842C2F3410295D193F82B10EF
:105F8000012991D1022A6AE7DD69AB7803F03F036A
:105F90001D440535002128460FF0CCFD284601217F
:105FA0000FF0C8FD054664E70137FFB2082F0AF17C
:105FB0000C0A7FF461AF244B5A780C2101FB0230AC
:105FC00001270771C0F806702968C0F80A105A78CE
:105FD0009A70072AA988C1810CBF002201325A7029
:105FE00054E7002283F8252087E7002283F8272042
:105FF000D4F86C2F9005C2F3402106D5D4F8682F51
:10600000120302D483F8281006E6002283F8282021
:1060100002E6D3F81C21D2017FF549AED3F8242142
:1060200042F4002241E6032B3FF6F0AE01A252F803
:1060300023F000BFC15D00013B5F0001BD5D0001B9
:10604000375F0001AC330141B42F0120EE33012052
:10605000BE2F01202DE9F04F04468DB00BF0C0FD9E
:1060600094F85030D4F8E490029394F84B7094F87C
:106070004F30039309F142030193002F00F0888110
:1060800009F184030093D4F87C61D4F8BC30F5683E
:1060900004932B686FF302032B602B6894F8242081
:1060A00062F3C4032B602B684FF0040B6BF3CA132D
:1060B0002B602B682A466BF3CE2342F8103BC04B73
:1060C0001968521A296892B262F3DE3129602A688F
:1060D0006FF3DF722A60AA68012161F30102AA60EE
:1060E000AA6842EA0B02AA60AA686FF3C802AA6013
:1060F0001A686968A9EB020292B262F30F01696043
:106100006A686FF31F424FF000086A60AD4A089258
:1061100007A94A460794ADF8248094F8470012F086
:10612000D9FB99F8012094F8361094F8240021F056
:10613000BFFBC6E90498D6F800A086F80880F56091
:10614000C6F81880A6F81C80DAF80C6032680523BF
:1061500063F302023260326894F82410984B61F3C2
:10616000C402326032686BF3CA12326032686BF379
:10617000CE223260326868F3DE3232601988D4F899
:10618000DC3072685B1A9BB263F30F027260D4F862
:10619000D8207368521A92B262F31F437360B368D7
:1061A000022262F30103B360B36843EA0B03B360F6
:1061B00006F11003B2685B1A9BB263F35822B26017
:1061C000B36868F35A63B36000F170050C2294F869
:1061D000361094F8240021F06BFB4FF00503CAF849
:1061E0000C608AF80830D4F8DC30CAF81850CAE9D4
:1061F0000435AAF81C8094F83610B1FA81F1834670
:106200000C22490994F8240021F052FB94F8243020
:10621000022B00F0BF80032B00F0C080012B40F068
:10622000C1800BF1A703A73000EB050B1D44DAF882
:1062300000A0DAF80C603268042363F302023260D3
:10624000326894F8241061F3C4023260326863F358
:10625000CA123260326863F3CE223260002F00F03F
:10626000A380574A126806F110039B1A32689BB24A
:1062700063F3DE3232603368514A01996FF3DF73A2
:10628000336013887068C91A89B261F30F007060B7
:106290000499CB1A71689BB263F31F417160B368B4
:1062A000022161F30103B360B36843F00403B360F8
:1062B000012307948DF822300592002F79D08DF8B4
:1062C0002130039B8DF8243000238DF823308DF886
:1062D0002530019A94F847000B2307A98DF8203048
:1062E00012F0F8FA99F8432094F8361094F8240044
:1062F00021F0DEFA8046002F60D0B4F8C090039BF6
:10630000A9EB03091FFA89F904238AF80830019BD5
:10631000CAF80C60CAE904350023FA1A18BF012232
:106320008AF81D209DF82120CAF818B08AF81C3080
:106330006AB18DF8283094F82430013B8DF829306B
:10634000514608F5A5730AA80B9316F043FB9DF878
:106350002430049A1A44134694F82420022A33D095
:10636000032A0CBF7C227E2290447FB3E135454452
:106370000BF1E10BD84400BFDAF800A05FBB454544
:1063800034BFC4E94E85C4E94E580DB0BDE8F08F66
:10639000009778E60BF1A103A13045E70BF1A903C3
:1063A000A93041E7AB4642E7336867F3DE33336039
:1063B00061E78DF82170B4F8C03083E7B946A3E7F0
:1063C000700200200A0001008422CDE70735454411
:1063D0000BF1070BCEE7DAF80C6032686FF30202BC
:1063E0003260326894F8241061F3C402326032687B
:1063F000042161F3CA1232603268013F61F3CE2298
:1064000017F0FF07326000F088804C49096806F1F8
:106410001002521A316892B262F3DE313160326892
:106420006FF3DF723260B2686FF30102B260B2687C
:1064300042F00402B260B2686FF3C802B260059A1B
:10644000009912887068891A89B261F30F00706030
:1064500071689A1A92B262F31F4101227160079427
:106460008DF82220002F5DD08DF82120029A8DF822
:1064700024200D224FF0000B8DF8202007A9009A50
:1064800094F8470001938DF823B08DF825B012F0F1
:1064900021FA009B94F836105A7894F8240021F0E1
:1064A00007FA019B0246002F41D00299A9EB01098E
:1064B0001FFA89F90099CAF80C60CAE90415391C59
:1064C00018BF01218AF81D109DF821108AF808B024
:1064D000CAF818808AF81CB089B194F82410039384
:1064E00001398DF8291002F5A5710B910AA85146C2
:1064F00001928DF828B016F06DFA039B019A9DF871
:1065000024100B4400994231009197B105F5A5750F
:10651000154408F5A57890442EE7326867F3DE321B
:1065200032607CE78DF821708DF82490A1E7B946A0
:10653000C0E77035154408F17008ECE770020020E0
:106540002DE9F04F022897B0044600F01A82032884
:1065500000F02882002840F08981C64BC64E1B7887
:106560001BB13368986B14F0F9FCC44BD6F800C02B
:106570001D68D5E91823CDE9042300220023C5E9CD
:1065800018230CF108030CF1300200BF13F8011BB3
:106590000C449A42A4B2F9D1E4089CF803E0C4F197
:1065A0002504E4B2A64538BFA6460024204600BF15
:1065B0009CF80530834275D8D5E91823CDE90A2324
:1065C000AF4B1B680393039B002B00F03981039BA7
:1065D0009B681A7A042A40F0B281DDE904011D6843
:1065E000DDE90A238B4208BF824204D195F8F230DC
:1065F0009F0640F19781284623F0E2F90690002893
:1066000000F0908195F8F2309C4A9E0644BF6FF3EB
:10661000451385F8F230D5F84C31002B00F0978007
:10662000D3E900310893136801F01F0BD3E9181068
:10663000089B1940904B0BEA00001B68CDE9141031
:10664000002693F803C0262201233446A44503D92B
:10665000013A12F0FF026AD1874B1B680793DE787C
:10666000A64240F2CA80DDE914E84FF0000C5B79E5
:1066700013936746CDF824C0CDF848C0CDF808C0C4
:10668000139B029A93426DD1BCF1000F01D0CDE96A
:1066900014E8BE42DDE9142340F21A8100210846C5
:1066A00001272FE124214FF000088B1CDBB20C2BBB
:1066B00028D00B2B4FF001032ED8CF18A1F11F02C9
:1066C000C7F1200603FA02F223FA06F63243BB4072
:1066D000D5E9167603EA070A02EA060B5AEA0B0620
:1066E00010D00CF10A06765C86420BD1D5E91876FB
:1066F0003B4332430134C5E91832E4B2A64598BFA2
:106700004FF0010801398B1CCFD1B8F1000F7FF495
:1067100053AF0130C0B24BE7A1F12002C1F1200616
:1067200003FA02F223FA06F632438B40D0E701EA7D
:1067300003070C9700EA06070D97DDE90C7857EA86
:1067400008071CBF0134E4B2DB1876417EE713680A
:10675000D3E91823CDE914234FF0FF3308934FF00A
:106760001F0B79E724218B1CDBB20C2B00F0A480DB
:106770000B2B4FF0010200F289808B189946C9F16A
:10678000200AA1F11F0302FA03F322FA0AFA48468B
:1067900043EA0A038240079800F10A0A02981AF8AD
:1067A00001A0824540F0888002EA0E000E9003EAC4
:1067B00008000F90DDE90E9A59EA0A007CD108988A
:1067C000104010900BEA03001190DDE9109A59EA8D
:1067D0000A0067D00134E4B2A64242EA0E0E43EA50
:1067E000080872D1CDE914E8D5F84C312BB9234B08
:1067F0001968DDE91423C1E91823DDE91423DDE973
:1068000004018B4208BF824200F08C80082011F006
:106810002DFF0346C5F8B0019DF854201498186068
:106820001A71284625F02BFA164B002871D1072241
:10683000CDE9003201230222D421EC2010F066F9C8
:106840000E4B1868DDE90445D0E91823AB4208BFB8
:10685000A24204D00C4B1B680BB160309847064B2A
:10686000186828220021083025F022F9002017B0EE
:10687000BDE8F08FDC010020F0020020AC01002018
:106880006802002004A70201D8010020A1F1200322
:10689000C1F1200A02FA03F322FA0AFA43EA0A03D0
:1068A0008A4078E7BE4207D909981043129A0990A6
:1068B0001A4301371292FFB20139881C7FF453AF9B
:1068C00002980130C3B20293DAE6DDF818C0F3E7AC
:1068D00009990A4312990B43CDE9142317E000BF2D
:1068E000C1F12404A4F1200CC4F1200007FA0CFC2F
:1068F00027FA00F04CEA000007FA04F40343069874
:1069000022430131CCB2B442EAD30028E4D1344668
:106910006AE70022CDE90032D42101230222EC20D3
:1069200010F0F4F895F8F2305A0606D56FF3861396
:1069300085F8F23028461EF017FA039B41E6052A37
:10694000FBD118681F4D90F8F23013F0100F0ED0E5
:10695000DDE90A23DDE90467BB4208BFB24206D085
:106960000FF068F918B90723CDE9005362E7002357
:10697000CDE9005302220123D421EC2010F0C6F807
:10698000DBE7114B1B680020596B1AF0AFFC18B9FC
:106990000E4B01221A7069E70D4B0E4819680EF074
:1069A0003DF863E7094C2278012A04D1084B0948D5
:1069B00019680EF033F8044A1268002323709363B9
:1069C00054E700BF14A70201F0020020DC01002000
:1069D000E0010020C00100200829F8B504460E4659
:1069E00000F0FD8009D8012900F0988049B299B3E0
:1069F000032E00F0C78000202DE0182900F004814C
:106A000022D80A29F7D190F8E450002D40F0EF8108
:106A100090F8F4309A0740F1EA810B2123F0AFFFA0
:106A2000C8B140F22243A4F8E43094F8F43065F39E
:106A3000410384F8F43094F86D3023F0600343F0A0
:106A4000600384F86D3006E0272900F04F81A1F142
:106A5000280460426041F8BDC37D012B54D190F8F9
:106A6000E42090F8E2305AB1112B01D0032B02D16F
:106A7000D4F8B01121B9112A02D001252846EAE73D
:106A8000D4E96C52112B18BF1546B4F85C20EB8A80
:106A90009B1A9BB247F6FE7293422CD824F0AEFFAD
:106AA000014608B90025E9E794F8F230D80711D477
:106AB000628F2B8A9A4207D1A28F6B8A9A4203D1A6
:106AC000E28FAB8A9A4205D094F8F23043F001038A
:106AD00084F8F2300023CB71EB8A8B600C35CD60EB
:106AE000204625F0E3FD94F8E230112BC5D01123A8
:106AF00084F8E430C1E72046112122F0B0FA2821C1
:106B0000204623F034FCB8E723F0EDFB05460028CF
:106B1000C8D01121204622F0A2FAAFE7C57D012D91
:106B200028D190F8E430002BA8D1D0F8B431B0F8D7
:106B30005C20DB889B1A9BB247F6FE72934213D807
:106B400024F05CFF01460028ACD0C571D4F8B43104
:106B5000DB888360D4F8B431C360204625F0A6FDFD
:106B6000122384F8E43089E723F008FA294612F06A
:106B7000FDFD83E723F0B7FB0546002892D03146A0
:106B80002046F4E790F8E43013B1222B7FF475AF80
:106B9000E27D012A1DD113B9212384F8E430204677
:106BA0001CF0B0FA054600283FF468AF032384F8D0
:106BB000E53094F86D3023F0600343F06003204625
:106BC00084F86D3020F046FA04F58D701AF060F804
:106BD00054E703212046BDE8F84023F084BB17F0BA
:106BE000CBFB00283FF407AF94F8E430002B7FF490
:106BF00002AFE37D012B05D120460921BDE8F84015
:106C00001FF004BB3146E5E790F8E230132B29D1A1
:106C1000D0F8B061E57D012D5ED13389A4F86030F4
:106C20003146204622F06FFA778817BB132122F0F5
:106C300016FA94F8F2309B077FF520AF29462046DC
:106C400023F073FB25F000F839460646204623F072
:106C50006CFB24F0F9FF3B4602463146204620F00B
:106C6000EDFB0BE790F8E430D0F8B461132BD1D0F2
:106C7000B1E7B4F85C20B3889B1A9BB247F6FE726A
:106C8000934221D8B17811B923F04FFBB070F3785B
:106C900023B90121204623F048FBF07024F0AEFE1A
:106CA000014600283FF4FEAE1823C371B388836009
:106CB000B31CC360204625F0F9FCB178204617F0DC
:106CC000D1F8A4F86000D8E6132122F0C8F92821F1
:106CD000204623F04CFBD1E61821204623F003FB8D
:106CE000054600283FF4DEAE132113E790F8E430A8
:106CF0004BB190F8E230082B01D0032B77D1D4F8B8
:106D0000B031002B73D0E67D012E74D1D4E96C53E1
:106D100094F8E220082A18BF1D462946204618BFCD
:106D200000261DF029FE0746002846D0A88925F038
:106D3000FCFC03283FD1B4F85C0025F0F6FC0028E9
:106D400039D16B894BB1AA89524292B2B2FBF3F1AD
:106D500003FB11229B1AA4F854306B89B4F850201D
:106D60009A420CD1B4F852102A8A914207D1E18F8D
:106D70006A8A914203D1A18FEA89914239D0A4F85D
:106D800050302A8AA4F852206B8AE387E989A187C8
:106D9000DB00618FB3FBF1F3C4E92433A36FA4F8E4
:106DA0005820002143F48063A4F85A10A3672046BA
:106DB0001EF046FC12E0AB89CDE727211E222046BB
:106DC0001DF092FD94F8E230082B0CBF39460121EA
:106DD000204612F0CBFC1E21002EE8D194F8E230C0
:106DE000082B0CBF00210121204612F0BFFC01201E
:106DF00031E60021F0E72721204623F074FA00282D
:106E0000ECD128E62DE9F04FC0B28DB001280D4637
:106E100001924FF0000700F0DF8130B1022800F04E
:106E2000E98100200DB0BDE8F08F01A904A823F08E
:106E300016FA01A905A823F012FA01A906A823F061
:106E40000EFA049B190505D5B44B1B6813B10199C3
:106E500028469847049BDA0415D52B6893F8FA2046
:106E60008AB193F84720042A08D8012A04D1D3F81C
:106E7000DC305B78252B01D914F054FEA84A138826
:106E800043F080031380049B9B0416D52B6893F872
:106E9000FA2092B193F84730042B09D8012B07D080
:106EA000A04B1B78002B00F0B0809F4B01221A7082
:106EB0009B4A138843F480731380059BDE060AD532
:106EC0002B6893F8FA3033B1974C22780AB114F05A
:106ED00029FE00232370069B9C042FD52C68D4E93F
:106EE000366824F0A9FD002840F0928025F004FBCC
:106EF000002840F08D808D4BD3F86C3FC3F3C02940
:106F0000B9F1000F40F084803368CDF82530B388A4
:106F1000ADF8293098F800309DF82420C3F3801391
:106F200063F3000207A909A88DF8242016F072FC6B
:106F300000286DD04946204622F01EFC069B5A04CC
:106F400031D52C68D4E9366824F076FD002840F06D
:106F5000FE8025F0D1FA002840F0F980734BD3F879
:106F60006C3FC3F3C029B9F1000F40F0F0803368E3
:106F7000CDF82530B388ADF8293098F800309DF869
:106F80002420C3F3801363F300020DF10F0109A85D
:106F90008DF8242016F03EFC002800F0D8804946E9
:106FA000204622F0E9FB069BD80425D5604C2B68CF
:106FB000226891060ED4226852060BD42268170666
:106FC00008D42268D60505D42268900502D4226828
:106FD000510511D593F8FA3073B114F0A3FD504A5E
:106FE000138843F01003138023685A0641BF514AA7
:106FF000138843F008031380069B1B047FF511AF31
:107000004D4B28681B6898470BE714F08BFD4FE742
:10701000F38A063B9BB240F67A4293428ED8738B3A
:107020000A3B9BB2043A934288D896F821301B332E
:1070300003F01F030B2B81D8404B1A689946002A96
:107040003FF47CAF94F8FA3023B1354A138843F00B
:1070500020031380354BD3F86C2F12F4006F04F526
:10706000857B04F5827A37D1D3F86C2FD00533D5E0
:10707000D3F8682F91002FD5D3F8683FC3F3026887
:10708000404623F053FE40F0020084F803013368C9
:10709000C4F80A31B388ABF80430514640461DF0BD
:1070A00065F994F84730063B012B32D894F8243028
:1070B000022B45D0032B21D0012B45D000221146B5
:1070C000D9F80060002E3FF439AF0523D4F8D8007A
:1070D000B047C4F8100131E798F80030C3F38013CB
:1070E00084F803310023C4F80A31ABF80430336864
:1070F000C4F80431B388AAF80430D2E794F83630E3
:10710000012B40F2E66240F6A66108BF4FF45172CF
:10711000D6E7002240F2E241D2E700BFE03401208E
:10712000C602002043350120E8020020002401416E
:10713000583E0141803E0141E4340120C802002054
:10714000FA2240F6C411BBE74FF4AB72F9E794F8AA
:107150002630012B7FF427AF2B4AD2F86C3F1B055A
:107160002BD4D2F86C3FC3F3002343B1D2F8683F6D
:10717000C3F340731BB1D2F8687FC7F30267227C68
:107180008DF81C20DBB1384623F0D0FD40F0020022
:107190008DF81D000DF11E0138461DF0E7F807AB14
:1071A00093E803000CAB09950C2203E9030009AB3B
:1071B0001649012019F007FEF5E60023DFE798F8ED
:1071C0000030C3F380138DF81D303368CDF81E30C6
:1071D000B388ADF82230E2E70B6893F8FA30012B60
:1071E0007FF41FAE14F09EFC094A138843F040035D
:1071F000138016E6074B1B68002B3FF412AE1146B6
:10720000284698470DE600BF002401410400010113
:10721000C6020020DC34012080B58AB000AF78605F
:107220002E4B9B683B623B6A23F47F433B623B6A85
:1072300043F4A4333B62294A3B6A93607B68FB6159
:10724000FB695A78264BA3FB021359080B465B00D7
:107250000B44D31ADBB2002B01D0012339E0FB69C8
:107260005B781F4AA2FB03235B08FB767B68023333
:107270007B60002387F8273017E07B687B617B69A0
:107280009B781B021A467B695B7813443B617B69E0
:107290001B783969184613F057F87B6803337B6015
:1072A00097F82730013387F8273097F82720FB7E9F
:1072B0009A42E2D3192013F015F8F860FB6823F026
:1072C0005003FB60F968192013F03EF800F042F912
:1072D000002318462837BD4680BD00BF003E01444C
:1072E000ABAAAAAA80B489B000AF78607B68BB6102
:1072F000BB695B7803F00303DBB2002B01D00123F1
:1073000023E0BB695B789B08FB757B6802337B607D
:107310000023FB7714E07B683B613B691B889BB2D1
:1073200003F1824303F5B033FB60FB683A6952888E
:1073300092B21A807B6804337B60FB7F0133FB775A
:10734000FA7FFB7D9A42E6D3002318462437BD46D8
:107350005DF8047B704780B586B000AF78607B68CD
:107360003B613B695A78254BA3FB021359080B4636
:107370005B000B44D31ADBB2002B01D0012338E0B1
:107380003B695B781D4AA2FB03235B08FB737B68A8
:1073900002337B600023FB7526E07B68BB60BB6823
:1073A0001878BB689B789BB21B029AB2BB685B786B
:1073B0009BB213449BB2194604F054FBBB681B7884
:1073C000082B03D1BB685A780D4B1A70BB681B7829
:1073D000512B03D1BB685A780A4B1A707B68033370
:1073E0007B60FB7D0133FB75FA7DFB7B9A42D4D336
:1073F000002318461837BD4680BD00BFABAAAAAA15
:10740000493501204A35012080B483B000AF78604F
:10741000064A7B680233196811601B79137100BF3B
:1074200018460C37BD465DF8047B7047B00000205D
:1074300080B582B000AF786018220021786824F00F
:1074400037FB79681020FBF7E4F80346002B01D1E5
:10745000012300E0002318460837BD4680BD80B4F4
:1074600083B000AF78603960074B1A787B681A7078
:10747000064B1A783B681A70012318460C37BD4634
:107480005DF8047B704700BF493501204A35012073
:1074900080B485B000AF0023FB730023BB730023CF
:1074A0007B734FF088431B6803F48063BB60BB6849
:1074B00003F48063002B04D04FF088434FF48062C4
:1074C0005A60214B1B681B0DDBB203F00F03FB73EB
:1074D0001E4B1B681B0EDBB203F00F03BB731A4B72
:1074E0001B681B0ADBB203F01F037B73184BDB69BD
:1074F0007B607B6823F01F2323F4F8137B60FB7B06
:107500001B0603F0F852BB7B1B0403F4F8131A4369
:107510007B7B1B0203F4F85313437A6813437B60AD
:107520000B4A7B68D361BB6803F48063002B04D0F3
:107530004FF088434FF480629A6000BF1437BD4615
:107540005DF8047B704700BF100300442003004433
:10755000003E014480B586B000AF182012F0C2FE94
:1075600078617B6903F48063002B07D17B6903F4A6
:1075700080637B617969182012F0E6FE142012F016
:10758000B1FE38613B699B0A9BB203F00F03FB819C
:10759000172012F0A7FEB860BB689B0A9BB203F0ED
:1075A0000303FB80BB68DB089BB203F00703BB80CF
:1075B000FB88DB001AB2B7F9043013431BB27B809F
:1075C0007A88FB8902339A4221D0FB8902337B807F
:1075D0007B88DB08FB807B8803F00703BB80BB68EC
:1075E00023F4436323F00803BB60FB889B0203F48E
:1075F0004063BA681343BB60BB88DB0003F0380309
:10760000BA681343BB60B968172012F09DFE00BF33
:107610001837BD4680BD00BF84B030B587B00BAC15
:1076200084E80E00032800F29881DFE810F00400DF
:10763000A701BA01D0010D680D9BC5F8AC3000233D
:1076400085F8B830013BAB6795F85E3023B901226D
:1076500085F85E20A5F8623028461FF0CFFB24F0A5
:1076600021FF002840F07E81012385F85530DC4B56
:10767000B5F81F101A6861F31F421A601A46B5F870
:10768000214052F8041F64F30F0111601A4652F8AA
:10769000201F60F312411160A3F5EE7295F82300EC
:1076A000116860F30F211160A88C1168A3F5F273C3
:1076B00060F31F4111601A6842F400521A6095F895
:1076C0003010022024F027FD022022F0B9FA40F405
:1076D000C06189B2022022F0C5FA95F8303085F8F1
:1076E0004130022B00F04881032B40F2971318BF62
:1076F0003D2395F85420D5F89010BA4C012A03BFC9
:10770000D5F8982002EB41029B1803EB41031E338E
:1077100047F6FF72934228BF1346B34A118863F3BA
:107720000E011180D5F81F3003932B4603A853F8A0
:107730006A2FCDF811201B798DF815302B8DADF8FF
:10774000163001238DF8103012F0CCF885F8400087
:10775000D4F8283143F00403C4F82831D4F8283190
:1077600043F00103C4F82831D4F8243143F08053A6
:10777000C4F82431D4F8243143F00063C4F8243130
:10778000D4F8243143F08063C4F82431D4F8243190
:1077900043F00073C4F82431D4F8243143F40003D7
:1077A000C4F82431D4F8243143F48003C4F82431DC
:1077B000D4F8243143F48013C4F82431D4F82431AC
:1077C00043F40023C4F82431D4F8243143F4802353
:1077D000C4F82431D4F8283143F08003C4F82831A8
:1077E000D4F8283143F04003C4F82831D4F82831C4
:1077F00043F02003C4F82831D4F8283143F01003B3
:10780000C4F82831D4F8283143F40073C4F828317F
:10781000D4F80431802262F30803C4F80431D4F8A8
:10782000003195F8402062F3CC13C4F80031D4F84D
:10783000003195F8412062F38303C4F80031D4F895
:107840000031962262F31743C4F80031674BD4F835
:107850000C211988AB6C5B1A9BB263F30F02C4F85E
:107860000C21AB6CD4F808215B1A9BB263F31F4266
:10787000C4F80821AA6B531EAA6C1A44521AD4F8F1
:107880000C3192B262F31F43C4F80C316B6CD4F824
:1078900010215B1A9BB263F31F42C4F810216B6C7A
:1078A000D4F810215B1A9BB263F30F02C4F81021C5
:1078B000EB6B5A1E6B6C13445B1AD4F814219BB209
:1078C00063F30F02C4F81421D4F8183143F4807321
:1078D000C4F81831D4F82C316FF30F03C4F82C31ED
:1078E000D4F81831042262F30713C4F81831D4F81D
:1078F0001831052262F30303C4F8183102A90DF10F
:107900000602D5F8AC0024F065FBD4F800316FF323
:107910001C73C4F80031D4F80831BDF8062062F3B6
:107920000F03C4F808319DF80820D4F8283162F319
:107930001743C4F82831D4F8003143F48043C4F825
:10794000003121F07FF80146D5F8AC0021F0ECFEC3
:10795000274B984201D913F0BFF807B0BDE830407B
:1079600004B0704795F8B83043F0100385F8B8308C
:10797000284603F095FDF0E72823BAE60C6894F852
:107980005E3023B9B4F862300133A4F86230204687
:107990001FF034FA94F8B83043F0040384F8B83098
:1079A000E7E79DF834500C6813F096F86B1E022B35
:1079B00006D894F8B83043F0010384F8B830CCE727
:1079C000002DCAD194F8B83043F00203F5E70391D3
:1079D00003AB04220749012019F0F5F9BDE700BF08
:1079E00038360141002401416C3801417002002009
:1079F00038FEFF7F030301012DE9F04F884E8BB065
:107A0000044689461DF0FEFB3368D3F8045221F08A
:107A10004BFD63699C4213D063789B0610D44FF4EE
:107A2000802194F8500021F06BFE204614F0DEFA1D
:107A30004A46012120460BB0BDE8F04F16F01ABBB4
:107A4000002D4FD095F80080B8F1030F3AD0AB78F5
:107A50005F0737D494F85230E069EA69616ADFF869
:107A6000C4C1012B04BFA36DC01A95F8523008BFE2
:107A7000C0F31600012B08BFAF6D336808BFD21BDF
:107A800093F82E7203EB470308BFC2F31602B3F854
:107A90002672B3F82A321F4440F23913B7FBF3F7CA
:107AA000AB6A01333B44013713440144D21B03EA60
:107AB0000C0302EA0C0201EA0C0124F0E9F80028A8
:107AC00000F09C8094F85010002940F08D8095F8CB
:107AD0005030012B64D1B8F1030F4A4672D12846C9
:107AE0001CF02EF894F850300193002B40F08D805C
:107AF000E36E002B40F09280A36E003318BF012389
:107B00000022CDE9082213F0010202921EBF326862
:107B1000D2F80C22089213F0100305930CD0029AAD
:107B2000029B0AA901EB820231680133D1F81412D9
:107B300042F8081CDBB2029308AB4FF0FF3204930B
:107B40003168384F039200239B4602F59D720298DC
:107B5000834240F0D980236A039A934240F20A811B
:107B6000A362BBF1000F00F00B81019B002B40F0E2
:107B700024819BF85030012B00F0028194F85120B1
:107B80009BF851309A4280F0FB80204614F02EFA88
:107B90004A460121204616F06DFA5C4521D1EFE0FE
:107BA000AB7813F0100301D04A4698E794F85110CF
:107BB00095F8512091420AD9B8F1030F4A4601D1F4
:107BC00019468CE70121284616F054FA8AE7204628
:107BD00014F00CFA4A460121204616F04BFAA54251
:107BE00080D00BB0BDE8F08F4FF40001012021F0F0
:107BF00087FD63786FF382036370F0E7A8F10208F2
:107C0000B8F1010F3FF66EAFE9E7019B012B05D1FB
:107C1000E36E002B14BF0023112371E700236FE7ED
:107C200060020020FFFF7F00D5F80880049E2868CE
:107C30003060444568D098F80100450764D5059840
:107C400028B198F8515094F8510085425CD994F8C5
:107C50005200E669D8F81C50012804BFA06D361AFE
:107C600098F8520008BF3E40012802BFD8F85800DB
:107C70002D1A3D40A81B10F4800F91F82E024CD015
:107C800001EB4000B0F826C2B0F82A02BCFBF2FCBF
:107C9000B0FBF2F0604400F1020ED8F8200005EBD2
:107CA000000C0CEA070C0EEB0C003840301A4002B6
:107CB0004DD491F82E0201EB4000B0F826A2B0F8A6
:107CC0002A02BAFBF2FAB0FBF2F082440AF1020A8D
:107CD000A5EB0A0C0CEA070CACEB060E1EF4800FA9
:107CE00003D0D8F86800002835D1A6EB0C0040027C
:107CF00003D486EA0C063E4206D1039D0EEA070035
:107D0000A8423CBF0390C34604980568002D8BD160
:107D100001330430DBB2049019E701EB4000D4F8E2
:107D200020C0B0F826E2B0F82A02BEFBF2FEB0FB9B
:107D3000F2F0704406EB0C0E02300EEA070E7044AF
:107D40003840281A4002B4D5C4F828C001E0236A9C
:107D5000A362C34609E7CDE9061320F07BFF054483
:107D60003D40A5EB0A0C0CEA070C40F23912DDE9A4
:107D70000613B1E7636A039A9A4294BFA262A362B0
:107D80002378012B7FF42DAF402194F8500021F08F
:107D9000B7FC204614F02AF9022323700C4B94F808
:107DA00050201B6803EB820349462046C3F8FC4180
:107DB0000BB0BDE8F04F22F000BE4FF400010120EF
:107DC00021F09EFC63786FF382036370E5E600BFE9
:107DD000600200202DE9F04F91B0C14B05910024C5
:107DE00000930646012302224421EC20ADF82040F6
:107DF0008DF82240ADF81C40ADF824408DF82640A7
:107E00000EF084FECDE90A4424F07CF850B10C2534
:107E1000B44B0093019501230022FF21EC200EF0CA
:107E200075FE59E1747821F0ADFF05460028EED1CA
:107E3000737A13F0050F01D11225E9E764B92146E1
:107E40000EA822F09FFB9DF83830002BF4D1737AF6
:107E50005A072CD11125DBE7012C04D124F098FA24
:107E60000028F4D1E8E7A31E012BF0D89DF83830A4
:107E7000B2788DF81B0062F300038DF8383033467A
:107E80000DF11B0153F8032FCDF839209B88ADF875
:107E90003D300EA81BF0CCFE0028D8D0022CDDD13E
:107EA00029460CA822F06EFB9DF83030CDE723F078
:107EB00087FD08B10725ABE7337843B9B078F11CEB
:107EC00000F001001EF0DEF9B8B10B25A0E7864BEB
:107ED0001B6893B104460EAA0CA920461EF01CFB99
:107EE00020B10134E4B2082CF5D1EEE70EA99DF8DB
:107EF00030001EF0C7F90028F3D1737A03F00104B3
:107F00005B0748BF01340025EBB29C4200F2F680CB
:107F100000250027FBB29C4200F2FD80002D7FF47B
:107F200077AFCDE90C55CDE90E552F46FBB29C42FB
:107F300000F2F9800027FBB29C4200F20A81002D7A
:107F40007FF466AF777A17F001021DBF01238DF829
:107F500020308DF81C302B4618BF134617F0020056
:107F600006D001218DF825300B448DF82110DBB2AD
:107F700017F004071FBF01218DF822108DF826305D
:107F80008DF81D10002A40F0F880002800F0EF80E6
:107F90009DF825704FF0000807AB18F80330002B50
:107FA00000F09480FC21022017F006F84F4B046883
:107FB00043600023C4E934334D4BE06043F828406C
:107FC000B8F1000F40F0DE80012363764346059A46
:107FD00002EB03133278227472782276B2786274DC
:107FE000324652F8031FC4F812109288E282B3F8A6
:107FF0000090B3F802A0D14508D14FF6FC7ACA45EB
:1080000028BFCA460AF103091FFA89F9394B0093C0
:10801000CDE9029A0123CDF8048002229E21EC20B2
:108020000EF074FD04F12D0304934FF0000B08AB28
:108030001BF80330002B00F0AA8009AB1BF80310DB
:10804000059B049809B203EB01110BF1010B4B895D
:108050000A89C98818F08CF9049BBBF1030F03F15E
:1080600022030493E3D140F2712303FB0AF3C4F823
:108070009C304FF47A73C4F8A030842010F0F6FAE4
:10808000C4F88C00252010F0F1FA4FF0010B4FF4EA
:1080900000734FF0000AA4F8EA30C4F8880084F8AE
:1080A00008B084F8CEB0A4F8E6A00E2022F0C0FDFF
:1080B000042184F8CF0084F898B0584616F09CF953
:1080C0004B460D4A5146204612F0B8F9B8F1000F60
:1080D00055D0404623F00EFF284611B0BDE8F08F82
:1080E000085D0201395D0201C8340120951D0201BD
:1080F000CC3301201A5D020111420101FC21022052
:1081000016F05AFF0AAB43F82500013500287FF42A
:10811000FBAE0725FDE60AAB53F8270008B11CF0BB
:108120006FFD0137F6E6842010F0A0FA0CAB804614
:1081300043F82700252010F099FA0EAB43F82700EA
:10814000B8F1000F03D0013700287FF4EFAE072508
:10815000F0E60CAB53F8270008B11FF007F90EAB9F
:1081600053F8270008B11FF001F90137E3E6002FAB
:108170003FF410AF9DF826700CE700270AE74FF098
:10818000010809E703229DF8263062761FE7394689
:1081900056E700BF2DE9F04387B0B74B0190074683
:1081A000884616460093022201230721EC200EF098
:1081B000ADFC23F0A7FE002840F0D380012F03D1AF
:1081C000B8F1000F00F0DD804FF00009C14540F02C
:1081D000A580002504AB04950593002F00F02581B0
:1081E0000121084616F008F9A44C454540F070817D
:1081F0002DB205EB4505A14F06EB4505AE4200F05B
:108200001C8138683178043024F0A4F890F8F880A4
:108210000446B8F1000F71D190F825300193984BC6
:108220000093022201230821EC200EF06FFC94F849
:10823000FC302BB1934B84F8FC801B682046984798
:1082400094F84730012B1EBF626940F271235343FB
:10825000D4F87C2108BF0023C4F83031002A40F054
:10826000478142F21073C4F83431874A0021204616
:1082700016F042F8D4F87C3123B3D4F820C1D4F8F6
:10828000383194F82320D4F830110CEB0300002A85
:1082900000F04881A1F5A5731B1A5B0801FB02C21F
:1082A00003F5A5731A440344CB1AC4F848210121ED
:1082B0002046C4F84C31754A16F01EF8D4E95A101D
:1082C00024F041FAD4F87C314FF0010884F80C8096
:1082D00084F8F880002B00F02781D4E95A0124F0BB
:1082E00034FAD4F86C0115F051FAD4F8680115F09D
:1082F0004DFAB8F1000F01D01CF0EAFF3279738813
:1083000084F84920002284F8482004F5D270002B1C
:1083100040F00C810EF0B6F906366FE7574A062397
:1083200003FB09F31068F15C043024F013F80446F1
:10833000002800F00181012F02D009F1010945E771
:1083400090F8B430012B0CD090F8C430012B08D039
:1083500090F84730A3F10A02012A04D8B0F8C030DF
:108360003BB90C240EE0062B16D1B0F8B030F52B3B
:1083700007D8617EB1B904A822F004F99DF8103045
:1083800083B11224424B0093019401230022FF2168
:10839000EC200EF0BBFB54E0072BEAD1B0F8B03074
:1083A000EF2BE5E7637E012B03D194F840303BBB14
:1083B000E7E7023B012B23D8A27E9DF8103062F341
:1083C00000038DF810302346002553F81B2FCDF8FD
:1083D00011209B888DF80E500DF10E0104A8ADF808
:1083E00015301BF025FC58B1637E022B17D12946AE
:1083F0000DF10F0022F0C6F89DF80F30002BC0D110
:1084000094F8F830002B98D194F84730042B20468C
:1084100008D80AF0E3F8044600288ED0B2E7032B10
:10842000EED1C2E703F054FFF5E7144DB9F1000FA8
:1084300030D12B68124D5C683CB9012023F05AFD05
:108440000024204607B0BDE8F083237CF02B10D039
:1084500094F8F8306BB194F825300821CDE9005339
:10846000EC20012302220EF051FB0121204621F0D5
:1084700057F82468E0E700BF648E020198010020ED
:10848000828E02018C34012041BD0001FDF7000104
:10849000AC8E020106237B432868F15C043023F094
:1084A00059FF90F8F830044673B190F825300193E5
:1084B000224B00930821EC20012302220EF026FB20
:1084C0000121204621F02CF801374745E2D1B4E7DD
:1084D00006236B432068F15C043023F03BFF90F8E7
:1084E000F8201AB990F847100AF044FF01357CE6ED
:1084F00094F82310D4F82021D4F8380179B102443B
:108500009B1AA3F5A5735B08B3FBF1F342F210725B
:108510009342D4BFC4F83431C4F83421A5E642F202
:108520001073F3E71346B9E69846DEE642F210719F
:1085300059430CF073FAEFE6422423E7828E0201DE
:108540002DE9F04FD5B00D460446002301467822B0
:1085500016A80C9322F068FC05B13095DDF8C0B088
:10856000BBF1000F00F0B0811D9B0B939F4B1B686C
:108570000193D3F80C220023029312BB9DF8AA307A
:1085800012932C9B13931E9B0F930B9B0093029BA8
:1085900004930C231093039207929246049B2BB1F1
:1085A000109B013B13F0FF03109320D1039B0BB1F1
:1085B000009B1D931D980B9BC01AC0B255B0BDE81F
:1085C000F08F93689C4210D0D96E71B959698B4273
:1085D0000BD1996E49B1029954A800EB810141F881
:1085E000803C029B0133DBB202931268C5E754ABB7
:1085F00003EB8A0353F8801C002900F061818F6E21
:10860000BB458BBFBBFBF7F3B7FBFBF307FB13B318
:108610000BFB1373DBB107FB0BF33E465A467EB9E7
:10862000B3FBF2F3B3FBFBF2D2B2092A0C9205D9E9
:10863000B3FBF7F3DBB2092B00F28580022307E0DE
:10864000B2FBF6F006FB102032460646E7E70123B0
:10865000CA690592129A012A05BF009A1398DDF89B
:108660000080A2EB000891F8522008BFC8F316085A
:10867000012A05BF8C6D059A059C141B08BFC4F325
:108680001604012B0B6A0A937ED1A8EB040358024F
:108690001AD5384620F0DEFA019B554993F82E2270
:1086A00003EB4202B2F82632B2F82A22134440F217
:1086B0003912B3FBF2F3A4EB0802DB4303440A4094
:1086C00093429CBF241A0C40019B494D93F82E12F3
:1086D00003EB410140F23919B1F82632B1F82A22F0
:1086E0000A99B3FBF9F321440F460F99B2FBF9F253
:1086F00008EB010901322F4009EA0509013317444B
:108700009144A8EB0300E21A2F4009EA05093B4611
:108710002A404946284023F0BBFA064698B1A9EB07
:1087200007035902009B039054BFA9EB0808A7EB6D
:10873000080803F1030908EA05054D44C5F31603CB
:108740000093CDF81CA00AF101035FFA83FA029BA3
:10875000534508BF4FF0000A049B013B13F0FF0391
:1087600004937FF41BAF002E3FF420AF079A029BC7
:1087700001325FFA82FA029A013BDBB2524508BF2E
:10878000DDF810A0049309E7019B194893F82E2205
:1087900003EB420240F23911B2F82662B6FBF1F364
:1087A00001330893E31A03400D930A9BE518B2F8CE
:1087B0002A32B3FBF1F2054001323344B3FBF1F34B
:1087C000013305EB020811934FF0000912230992BF
:1087D00008EA00080E934E460C9B99450AD3079B66
:1087E000002E18BF53460793ADE700BF600200207C
:1087F000FFFF7F000E9B013B13F0FF030E9361D040
:108800000BFB09F020F026FA009B089918442F4B27
:1088100000EA03020692521A1A4014920F99069A1D
:108820005118099A194011441940069AAA1A52027D
:1088300005D5069A1198521B1A40824225D8434604
:108840000D9A149823F024FA002833D0119B069A2D
:108850000899059C03901D441C4B1D40AA1A009DBD
:108860001A4003352A440092059A521A1A400D9272
:108870000A99059A5518099A1D4002EB050808EA5D
:1088800003084FF000090646A6E73846159120F088
:10889000E1F90E4B089A159904441C40A21A1A409B
:1088A0000D920A9A1519099A1D4002EB050808EA6B
:1088B0000308BAE709F101095FFA89F93046E2E7EE
:1088C0000E4640E70E9E3EE7584677E6FFFF7F00E4
:1088D0002DE9F04FD0F8E070D0F8ECB089B0BB1CB7
:1088E0000193D0F8DC300393D0F8D83004930823F8
:1088F0008DF81C3090F8B0300690044606332546BB
:10890000394606A88DF81D3015F0E6F95A4655F897
:10891000283F42F8253BAB88ABF804300292B4F80C
:10892000B0202AB1D4F8AC100BF1060022F07CFA8A
:1089300005238DF81C3094F8C03006940633B91C1A
:1089400006A88DF81D3015F0C7F92B68CBF8253037
:10895000029AAB889380B4F8C0202AB1D4F8BC1036
:108960000BF12B0022F060FA0023D4F874511E465C
:1089700094F89420B24202D809B0BDE8F08FD5F83F
:108980000C800093D8F80020DFF8C8926FF3020241
:10899000C8F80020D8F80020012363F3C402C8F807
:1089A0000020D8F800204FF0040A6AF3CA12C8F871
:1089B0000020D8F8001042466AF3CE2142F8101B7E
:1089C000D9F80010521AD8F8001092B262F3DE31D2
:1089D000C8F80010D8F800206FF3DF72C8F8002044
:1089E000B9F80020D8F80400B91A89B261F30F0071
:1089F000C8F80400D8F80410ABEB020292B262F39C
:108A00001F41C8F80410D8F8082063F30102C8F821
:108A10000820D8F8082042EA0A02C8F808207A7824
:108A200094F8351094F822001EF042FF04EB860102
:108A3000009BC5F80C8000222A722A776B612F6197
:108A40004D66D5F800800091D8F80C502968034491
:108A5000052060F3020129602968012060F3C40148
:108A6000296029686AF3CA11296029686AF3CE214E
:108A7000296094F8941001398E421EBFD9F8001075
:108A800005F12002521A296818BF92B262F3DE3152
:108A90002960B9F800100593039B68685A1A92B2CE
:108AA00062F30F006860049B68685A1A92B262F31E
:108AB0001F406860AA68022060F30102AA60AA68E9
:108AC00042F00402AA6005F11002521AA96892B29B
:108AD00062F35821A960AA686FF35A62AA6094F8F9
:108AE000351094F8220025221EF0E2FE039BC8F800
:108AF00010300522009B88F808200022C8F80C508E
:108B0000C8F8142088F81C201D672A6804EB460565
:108B1000C2F3CF32A5F8882094F8351094F82200DB
:108B20000C221EF0C5FEFA7894F83510814694F8B0
:108B300022001EF0BDFE059B03F5CE729144484411
:108B40000EB9C4F8240194F89420013A9642009A90
:108B500008BFC4F820019065D8F80090D9F80C80BF
:108B6000D8F80010042262F30201C8F80010D8F807
:108B70000010012060F3C401C8F80010D8F80010FC
:108B800062F3CA11C8F80010D8F8001062F3CE21C1
:108B9000C8F8001094F89420013A964203F24D135D
:108BA0004AD1D8F800206FF3DE32C8F80020294AF5
:108BB00005931288019BD8F80400991A89B261F3D1
:108BC0000F00C8F80400029BD8F804109A1A92B259
:108BD00062F31F41C8F80410D8F80820022161F39D
:108BE0000102C8F80820D8F8082042F00402C8F8AA
:108BF0000820FA7894F8351094F822001EF058FEF8
:108C0000019BC9F810300422009B89F8082000223B
:108C1000C9F80C80C9F8142089F81C20C3F87C809E
:108C2000D8F80020059BC2F3CF32A5F88E2001367C
:108C3000D9F80050F6B29BE60649096808F110021F
:108C4000521AD8F8001092B262F3DE31C8F8001060
:108C5000ADE700BF700200202DE9F04F89B0D0F8D9
:108C6000E030009302330193D0F8DC300393D0F866
:108C7000D830049300238DF81C3090F8B030D0F831
:108C8000ECB0069004460633254600998DF81D3059
:108C900006A815F021F85A4655F8283F42F8253B1A
:108CA000AB88ABF804300292B4F8B0202AB1D4F803
:108CB000AC100BF1060022F0B7F805238DF81C303C
:108CC00094F8C03001990694063306A88DF81D303B
:108CD00015F002F82B68CBF82530029AAB88938008
:108CE000B4F8C0202AB1D4F8BC100BF12B0022F04C
:108CF0009BF80027D4F874513E4600BF94F8943096
:108D0000B34202D809B0BDE8F08FD5F80C80DFF887
:108D1000B092D8F800306FF30203C8F80030D8F8EA
:108D20000030012060F3C403C8F80030D8F80030E8
:108D30004FF0040A6AF3CA13C8F80030D8F80020CC
:108D400043466AF3CE2243F8102BD9F800209B1A31
:108D5000D8F800209BB263F3DE32C8F80020D8F8C0
:108D60000030009A6FF3DF73C8F80030B9F80030B4
:108D7000D8F80410D21A92B262F30F01C8F80410A6
:108D8000D8F80420ABEB03039BB263F31F42C8F88F
:108D90000420D8F8083060F30103C8F80830D8F888
:108DA000083043EA0A03C8F80830009B94F83510ED
:108DB0005A7894F822001EF07BFD009BC5F80C80C9
:108DC00004EB860800222A722A77C5E90437C8F81E
:108DD00064502B68DD6829680744052060F30201B0
:108DE00029602968012060F3C401296029686AF3B9
:108DF000CA11296029686AF3CE21296094F8941079
:108E000001398E421EBFD9F8001005F12002521A16
:108E1000296818BF92B262F3DE312960B9F80010F8
:108E20000593039B68685A1A92B262F30F00686058
:108E3000049B68685A1A92B262F31F406860AA687D
:108E4000022060F30102AA60AA6842F00402AA604C
:108E500005F11002521AA96892B262F35821A96072
:108E6000AA6860F35A62AA6094F8351094F8220058
:108E700025221EF01DFD059B05221A72039A1A6118
:108E80000022DD605A611A77C8F870502A6804EB36
:108E90004605C2F3CF32A5F8882094F8351094F82F
:108EA000220022221EF004FD07F237121044059B17
:108EB0000EB9C4F8240194F89420013A964208BFF0
:108EC000C4F82001C8F85800D3F800A0DAF80C90D4
:108ED000D9F80020042363F30202C9F80020D9F86E
:108EE0000020012161F3C402C9F80020D9F8002054
:108EF00063F3CA12C9F80020D9F8002063F3CE2228
:108F0000C9F8002094F89430013B9E4207F24D17B7
:108F100048D1D9F800306FF3DE33C9F80030284B60
:108F2000019A1B88D9F80410D21A92B262F30F0189
:108F3000C9F80410029AD31AD9F804209BB263F33B
:108F40001F42C9F80420D9F80830022262F3010355
:108F5000C9F80830D9F8083043F00403C9F80830DC
:108F6000009B94F83510DA7894F822001EF0A0FCEB
:108F700004238AF80830019BCAF810300023CAF88D
:108F80000C90CAF814308AF81C30C8F87C90D9F8D4
:108F90000030C3F3CF33A5F88E300136DAF8005035
:108FA000F6B2ABE6064A126809F110039B1AD9F82B
:108FB00000209BB263F3DE32C9F80020AFE700BFA8
:108FC000700200202DE9F04389B05FFA80F80F4667
:108FD0000192B8F1000F40F0D88001A903A821F058
:108FE0003EF901A904A821F03AF901A905A821F048
:108FF00036F9039B9C043AD53D68C44C23F082FAB1
:10900000002800F0C680D4F86C3FD80400F1C1807D
:10901000D4F8683F190340F1BC80D4F8603F9A054A
:1090200040F1B780D4F8683F9B0040F1B280B84A65
:10903000D4F8683F1278C3F302639A4200F0A98023
:1090400095F8CC3043F0020385F8CC3011F044FDA4
:1090500095F8CD302BB9D4F8283143F00803C4F883
:109060002831D4F8283143F00403C4F82831059B93
:10907000DA0545D5A54B3C68D3F81C31C3F3C303CF
:10908000DAB2072A84F8F03040F01B81D4F88C5013
:10909000AE1C002130460CF04DFD88B30378DB0692
:1090A0002ED5042130460CF045FD90B10388A4F87C
:1090B000F430837884F8F63081784909012900F08A
:1090C000FE80022908BF4FF002080131032023F07F
:1090D00022F8AB7803F0C003402B11D1222303FB0D
:1090E00008432D338B4A03F1140100BF53F8040BDE
:1090F00042F8040B8B42F9D11B88138084F8E58079
:10910000059B98053BD53B68804C93F8CD20002A01
:1091100040F0DB80D4F8283143F00803C4F828314C
:10912000D4F8283143F00403C4F82831D4F82831A6
:1091300043F00203C4F82831D4F8283143F0010386
:10914000C4F82831D4F80C31D4F808219BB263F369
:109150001F42C4F80821D4F81031D4F810211B0C98
:1091600063F30F02C4F81021D4F81C31190240F146
:10917000B580D4F8243143F48023C4F82431059B0E
:109180005B0502D5386800F0EDFB002009B0BDE8B2
:10919000F083FF238DF80B3022F04EFC90BB23F0C0
:1091A000ABF978BBD4F86C3F1E052BD495F8F030A2
:1091B000072BD5F88C3017D01E78D5F88800C6F369
:1091C00080160368CDF819308388ADF81D309DF8FE
:1091D00018300DF10B0166F3000306A88DF8183066
:1091E00014F018FB70B12BE7987800F03F02D81C00
:1091F0001044012110F8026BC6F380160CF09AFCA3
:109200000028DED10022AA76D4F86C2F9DF80B60DE
:109210002B7E100505F11B096AD4D4F8682F910044
:1092200066D5032B3FF623AFDFE803F00442072D9A
:10923000FF2E06D1D4F8003109E0D4F8686FC6F3E8
:109240000266304622F0CEFED4F8003140B16FF312
:109250004103C4F800313049002021F093F906E7BA
:1092600043F00203C4F80031304622F0C3FE044646
:1092700019F0AAF80123AB762368C5F81B30A38840
:10928000A9F80430F3E6D4F8686FC6F302663046F6
:1092900022F0A8FED4F8003143F00203C4F80031F4
:1092A0000028E1D01D4819F08FF8E0E6FF2EEED13E
:1092B000D4F8003143F00203C4F80031F2E78846E5
:1092C00003E7002384F8E5301AE793F8CC2042F056
:1092D000020283F8CC2011F0FFFB45E7D4F81C31E3
:1092E000DA017FF54CAFD4F8243143F4002344E78E
:1092F000032B3FF6BCAE01A252F823F035920001D9
:10930000B192000131920001AD92000100240141AF
:10931000443501202E250141AC330141E2330120C7
:109320002DE9F04F8BB0037E0193C14B00930123D5
:109330000591022219460546EC200DF0E7FB0023BB
:10934000CDE9063322F0DEFD804608B10C24CCE0E6
:10935000B84E29783068B5F802A0043022F0FAFF40
:10936000B346044628B932681278012A0DD9072479
:10937000BBE090F8F820002AE8D190F8F92022B15B
:10938000E97D90F824201142E0D00AF00702072A74
:1093900000F0BE800AF00A020A2A00F0B9800AF042
:1093A0001602162A00F0B4801AF0100603D01AF044
:1093B000600F40F0AD80D4B150461BF04DFA01284B
:1093C00001D0042804D1D4F8AC20002A40F0A080B9
:1093D00094F8F92012B994F8FC2042B10838C0B2D0
:1093E000012800F295801AF0200F40F091802A4663
:1093F0002F4632F8041FADF8181037F8071F92787F
:109400008DF81A20BA788DF81E20069AADF81C1037
:109410008949203A8A4279D8DDF81C90A9F12002C6
:109420008A4273D8AA7A002A70D0282021F000FC42
:1094300010B96A8B002A69D1002C72D0B4F8B02020
:10944000002A7CD0002E7AD150461BF005FA6A7DA6
:109450008DF82220EA7D8DF82320CAF34012CAF34A
:1094600080138DF82620AA7A8DF827308DF82000F9
:109470008DF82160334600BF22FA06F1C90748BFC4
:10948000013306F1010644BFDBB24FF00108032EA1
:10949000F2D1B8F1000F01D08DF82130282021F051
:1094A000C7FB60B3AB7E03F001038DF82430EB7E85
:1094B00013F0010300D00123B4F8B0208DF825305B
:1094C000214608A809F0B2FC40F2712303FB09F31E
:1094D000984234D3CDE90103584B00930222012373
:1094E0008421EC200DF012FB4524554B0093019490
:1094F00001230022FF21EC200DF008FB94E022F074
:1095000011FD94F835308DF82400D5E71124ECE7EF
:109510001224EAE722F006FD84F8350084F83600CC
:1095200052E0DBF80000F021043022F013FF044683
:1095300028B90FF0FBFA044600283FF418AF6E88F4
:1095400030461BF089F984F847002B7823743B8858
:10955000A382BB78A375AB7A2376EB7A63762B7BF9
:10956000A3762B46282053F80D2FC4F81B209B8888
:10957000A4F81F302B7E84F825306B7D84F82230D0
:10958000EB7D84F82430EB7C84F82130AB7D84F8CB
:1095900023306B7E84F82630C6F3401384F83830CD
:1095A000C6F3801384F8373021F042FB0028B1D095
:1095B000AB7E03F0010384F83530EB7E13F001033A
:1095C00018BF012384F836300023217E84F89430BC
:1095D00021FA03F2D20748BF94F8942003F1010363
:1095E00044BF013284F89420032BF1D1204695F931
:1095F000143000F8273F23F077F8059A94F92730C4
:109600001370039694F82430029394F82230019357
:1096100002220C4B009311460123EC200DF076FA48
:10962000012022F067FC002420460BB0BDE8F08F3B
:109630002C0E020198010020E03F1F00480E02019D
:10964000AC8E0201620E02012DE9F047B54D1E46B7
:109650002B6803EB8002BAB0D2F8FC210F464AB166
:109660001178022906D13146104621F0A6F93AB008
:10967000BDE8F087002861D193F8F821002AF6D0E0
:10968000D3F8F0319C68637899073CD4022120F02C
:1096900037F863785A070CD5042100201FF0F0FA40
:1096A0001021002020F02CF83146204607F0AEFFB4
:1096B000DDE76269944214D1204612F097F963788D
:1096C0005D07E9D40421002020F01AF863699C4268
:1096D000CDD0617811F0080509D0204612F086FC43
:1096E000C5E71F07EED5204623F023F8E7E75B78B0
:1096F0005807BCD5204612F079FC32462946204650
:1097000014F0B8FCB3E74FF480411FF0F9FFA388D1
:109710003BB1204612F06AFC32460121204614F08B
:10972000A9FC6278D106A2D4A388013B9BB2A38096
:10973000002B9CD163F34102627098E793F8F931F2
:10974000002B94D04FF00C082B6808F1310253F82D
:10975000323043B92B6893F8F931002B87D018F1D8
:10976000FF38F1D283E79C68D3F8009063789A07BA
:1097700000F1DA80A3785B0702D50EB94B46E8E723
:10978000022101201FF0BCFF63699C4240F09480DD
:10979000637813F004031DD0042101201FF070FA38
:1097A000102101201FF0ACFFA569002D40F093802F
:1097B000002F3FF479AFBC423FF476AF3D78012DE6
:1097C0007FF472AF7B781A0740F1A2806FF38203B7
:1097D0007B7069E70DF1160106A8ADF816301FF091
:1097E0001BF994F85230012B18D1069AA36DBDF8DD
:1097F00016101A44B4F854300B449BB240F2E141C5
:109800008B42C2F31602069285BFA3F2E2430132F5
:10981000ADF81630ADF8163088BF06922B68BDF84B
:10982000160093F82E2203EB4203B3F8263203EB23
:1098300090001FF00FFA069A0244C2F3160AE06E77
:10984000C4F81CA01FF006FAA18CCDF81CA083B2AE
:109850005A1892B2B2F5487F88BF4FF4487252440A
:1098600088BFC1F54871C2F3160288BF8BB2099256
:1098700000210DF115028DF81410CDF820A0012162
:109880000DF1200A019205AA8DF8151000922146CB
:1098900007AA0920CDF808A000F07EFB079B0093E3
:1098A0009DF815209DF81410534620460AF046FDF9
:1098B000637860F382036370637858073FF56CAF99
:1098C000042101201FF01CFF2B6893F8F931002BB5
:1098D0007FF454AFCBE6637813F0080210D02B78F6
:1098E000012B02D0284620F07FFB284622F021FFE2
:1098F00033460022294695F8500012F0C3FB57E783
:109900006B7859067FF554AF62F386136B70E6E708
:10991000384612F06BFB32462946384614F0AAFB53
:10992000C2E600BF600200204FF4804101201FF01A
:10993000E7FEA3883BB1204612F058FB32460121D6
:10994000204614F097FB6278D306BDD4A388002B81
:10995000BAD0013B9BB2A380002BB5D163F3410287
:109960006270B1E72DE9F04F90F89930C668012B8D
:1099700089B0044640F08B80B94894F8F220D0F8C2
:109980002031C3F3076384F8F130D0F820311B0E87
:109990001EBFD0F81C31C3F3C30384F8F030D0F8F5
:1099A0002031C3F30743134484F8F230AD4B1B68F6
:1099B000C3F3411384F8F330D0F844311FFA83F92C
:1099C000D0F844314FEA134AD0F84831D0F81C514E
:1099D000C5F3C025C3F3080845B9D0F81C51C5F339
:1099E00000251DB1D0F81C51C5F3C0159E4B1B6856
:1099F000002B52D02046984783469C4B1F6817B1D6
:109A00002046B8470746002D00F0158194F8CC3069
:109A1000D4F88C0063F07F0384F8CC3094F8F030F5
:109A20000121072B84F8E71039D00578D4F8888015
:109A3000C5F380158A4BD3F86C2F12F4006F04F134
:109A4000DF0A04F1D90940F0D680D3F86C2FD10594
:109A500040F1D380D3F8682F920040F1CE80D3F844
:109A6000685FC5F30265284621F060F940F0020006
:109A700084F8D800D8F80030C4F8DF30B8F80430E3
:109A8000AAF80430494628461AF070FC1AE04FF054
:109A90000008C246C1464546A8E79B46ADE7837825
:109AA000033003F03F0303449878033300F03F0092
:109AB000184410F8025B0CF03DF8C5F380158046A1
:109AC0000028B7D194F8E53094F8F020222000FB6C
:109AD0000340072A00F1210040F09F80012B00F095
:109AE000A080002B00F0A180022B40F0A18094F810
:109AF000F330012B02F2DF6240F6A66108BF4FF49B
:109B00005172042316F09BF902ABCDE902600822E2
:109B10005749012017F057F917B1002384F8E830AE
:109B200094F89970012F3BD1524B4D4D1A686FF349
:109B3000DB621A60002020F083F88246384620F06D
:109B40007FF88146022020F07BF84FF6FF718046B7
:109B500000201EF041F94FF6FF7138461EF03CF927
:109B60004FF6FF7102201EF037F95146002020F019
:109B700079F84946384620F075F80220414620F031
:109B800071F8B5F86C3F6FF38613A5F86C3FD5F804
:109B9000643F6FF30823C5F8643F00200AF01AFE03
:109BA00094F8CC308DF8043000256B4605223249FC
:109BB00084F899500120009617F005F918222946DB
:109BC00002A821F075FF94F8CD30002B45D194F810
:109BD000CC3013F0110F40D19DF8083043F0020350
:109BE0008DF8083001238DF80A3002A807F086FEB0
:109BF00009B0BDE8F08F002535E7002384F8D85080
:109C0000C4F8DF30AAF80430D8F80030C4F8D930EE
:109C1000B8F80430A9F8043054E7002240F2E241D9
:109C20006FE7FA2240F6C4116BE74FF4AB72F9E725
:109C30000022114665E7BBF1000F3FF46DAF94F8C9
:109C4000CC3043F0400384F8CC300C4B52461D68B6
:109C5000494643462046A8475EE70020C6E700BFC6
:109C600000240141C0340141D4020020D002002070
:109C7000010201010C3A014100020101D802002059
:109C80002DE9F04F044689B007F0AAFF94F84A2066
:109C900094F8503094F84B600093002A00F0B6809E
:109CA000D4F8E430002E00F0B38003F14208D4F879
:109CB000AC90002A00F06981D4F87CB194F84D7022
:109CC000DBF80C502A686FF302022A602A6894F8C5
:109CD000241061F3C4022A602A68042161F3CA12C5
:109CE0002A602A6861F3CE222A60AA49002E00F079
:109CF0009180086805F11002121A286892B262F386
:109D0000DE3028602A686FF3DF722A60AA686FF37A
:109D10000102AA60AA6842F00402AA60AA686FF36E
:109D2000C802AA600A886868991A89B261F30F00AC
:109D300068606968A9EB020292B262F31F410122D6
:109D4000696003948DF81220002E68D08DF81120E0
:109D50008DF8147094F8F920002A67D194F8FC204B
:109D60008DF8132000228DF815200A228DF810207E
:109D700003A91A4694F8470001930EF0ABFD019B2E
:109D8000002E55D0B4F8B020D71BBFB25A7894F843
:109D9000361094F8240001931DF08AFD019BCBF846
:109DA0000C500021CBE904318BF8081094F8F930FD
:109DB0008246002B3ED194F8FC308BF81C30331CCB
:109DC00018BF01238BF81D309DF8113073B10023AB
:109DD0008DF8183094F82430013B8DF8193059462D
:109DE0000AF5A57306A8079312F0F4FD9DF8143048
:109DF00099449DF81130FBB10AF5A57ADBF800B063
:109E0000EEB9C4E94EAA09B0BDE8F08F134649E7A0
:109E1000B0464CE72A6866F3DE322A6072E7B4F88F
:109E2000B0208DF811608DF8142093E7012297E798
:109E30003746ABE70123C0E70AF1700ADEE7DBF83B
:109E40000C502A686FF302022A602A6894F82410E2
:109E500061F3C4022A602A68042161F3CA122A60ED
:109E60002A68013E61F3CE2216F0FF062A604949B6
:109E70007CD0086805F11002121A286892B262F3C9
:109E8000DE3028602A686FF3DF722A60AA686FF3F9
:109E90000102AA60AA6842F00402AA60AA686FF3ED
:109EA000C802AA600A886868A8EB020189B261F357
:109EB0000F0068606968A9EB020292B262F31F4169
:109EC0000122696003948DF81220002E53D0009B6C
:109ED0008DF811208DF8143000228DF813208DF8A4
:109EE00015200D228DF8102003A9424694F8470052
:109EF0000EF0F0FC9DF81120002A41D0009BFF1AC3
:109F0000BFB298F8012094F8361094F824001DF0A0
:109F1000CFFC00210246701A18BF01208BF81D00EB
:109F20009DF81100CBF80C508BF80810CBE9048A8F
:109F30008BF81C1078B18DF8181094F82410019249
:109F400001398DF8191002F5A571079106A8594637
:109F500012F040FD019A9DF8141008F1420889445E
:109F600086B10AF5A57303EB020A47E72A6866F390
:109F7000DE322A6086E78DF811608DF81470ABE749
:109F80001746BEE70AF17003EDE79346924617467F
:109F900036E700BF700200202DE9F04FC3B006463F
:109FA00004920D463022002106A8994621F080FD3A
:109FB00016F00304DFF8E88210D0D8F8003093F8E8
:109FC0001C425CB11BF01EF9D8F80030D3F80C72BB
:109FD0001FF06AFA0024002F40F0858016F03C0F35
:109FE0000FD0D8F8003093F81D3253B11BF00AF9A6
:109FF000D8F80030D3F814721FF056FA002F40F052
:10A00000928095F85030012B09D1D8F80030D3F860
:10A01000083223B142AA02EB840444F8F03C049BCA
:10A02000DFF880A21B6801936B6A9944019B4FF093
:10A03000000B13FA89F9D8F8003002935D4606AB9D
:10A0400053F82B70002F00F0B180029BFE69D3F80B
:10A0500008329F420CBFBB6A3B6A039397F85230A9
:10A06000012B04BFBB6DF61A029B93F82E2203EB63
:10A07000420240F23911B2F82632B2F82A22B3FB7A
:10A08000F1F3B2FBF1F2134403F1020308BF06EA55
:10A090000A060093A6EB0308039BF418009B04EA4E
:10A0A0000A041C44FB6E08EA0A0804EA0A04002BAE
:10A0B00040F0A5807B699F4240F0A180B86E1EF001
:10A0C000C9FD0590A8EB09035B025ED489EA080389
:10A0D00013EA0A0F59D0182D67D00BF1010BBBF111
:10A0E0000C0FACD162E01BF08DF8D7F800A01FF088
:10A0F000DBF9BB689D4214D05A78520711D5F70797
:10A1000007D542A9621C01EB840444F8F03CD4B2A8
:10A1100007E0B00705D593F8511095F8512091420A
:10A12000EFD8574657E71BF06DF8D7F800A01FF09F
:10A13000BBF9BA68954217D05378590714D5AB6864
:10A140009A4211D0730707D542A9631C01EB84041E
:10A1500044F8F02CDCB207E0F70607D592F851106E
:10A1600095F851309942EFD8574647E7300706D562
:10A1700092F8511095F851309942F5D3E4E7B106C1
:10A18000F2D56B699A42EFD1DEE74B46019A214640
:10A19000404621F07DFDE0B142AB03EBC503013544
:10A1A000EDB2182D43E9308413D118254C9B6A1E5B
:10A1B0001D7012A8002117F0FDF8002312981A460E
:10A1C0004C99097891422BD84D9A137043B0BDE851
:10A1D000F08FBB6E002B3FF47EAF059B1E44009BAF
:10A1E00006EA0A06A6EB0308039B9C19009B04EAF7
:10A1F0000A041C4408EA0A0804EA0A0462E74B4617
:10A20000019A2146404621F043FD00283FF463AF08
:10A2100042AB03EBC503013543E93084EDB25AE7A5
:10A220005AB904990C68211A4D0206D54E9901EBD2
:10A23000C301C1E900400133DBB24C99097801390F
:10A240008A4202F1010413DA42A901EBC20151F87A
:10A25000BC6C42A901EBC40151F8C05C711B4902FE
:10A2600006D54E9901EBC301C1E900650133DBB2AC
:10A270004C99097801398A420FD142A901EBC202F7
:10A2800052F8BC1CA1EB0902520206D54E9A02EB11
:10A29000C302C2E900190133DBB2E2B290E700BFAA
:10A2A00060020020FFFF7F002DE9F04186B0BB4B2C
:10A2B000019006460093022201231321EC200CF0AA
:10A2C00025FC012E09D9B64F3868F021043022F060
:10A2D00041F8044630B90C2563E021F01BFE00284C
:10A2E000F1D0F8E7002E3ED0032E4DD1AD4B1A78B9
:10A2F00080F847209A7880F82120FF2280F82520D6
:10A300001A465978017652F8050FC4F81B00928856
:10A31000A4F81F20B3F80320A4F8192093F84B30B9
:10A3200084F8943071B3002B0CBF1E25002519F062
:10A330002FFC15F065FE12F077FF284310F0FF0F99
:10A3400040F02A8194F84730012BC4D0657E012D5E
:10A350001DD1204621F09EFD10B394F8F830002B5B
:10A3600053D0032E58D03868F021043021F0F2FF8A
:10A370000446032E00F2FE80DFE816F070007C0039
:10A38000A50003011E25D2E7012EDBD8DEE7ADB91B
:10A39000294604A820F0F6F89DF81030002BDCD0F8
:10A3A0001225814B0093019501230022FF21EC200F
:10A3B0000CF0ACFB284606B0BDE8F081AB1E012BCB
:10A3C000CBD8A27E9DF8103062F300038DF81030D8
:10A3D00023464FF0000853F81B2FCDF811209B881F
:10A3E0008DF80E800DF10E0104A8ADF8153019F0AE
:10A3F0001FFC0028B1D0022DABD141460DF10F005A
:10A4000020F0C0F89DF80F30C8E7204608F0E6F8C5
:10A4100005460028A5D0C4E7624DE87A48B10EF0A1
:10A4200025F9C4F8AC0020B1EA7A05F10C0120F05E
:10A43000FBFC95F82B00EB7AA4F8B03048B10EF095
:10A4400015F9C4F8BC0020B195F82B20574920F02D
:10A45000EBFC95F82B30A4F8C03084E794F8F810A2
:10A46000012902D120461FF05BF8012021F03AFDBE
:10A4700000259FE794F8F850002DF6D101210846F9
:10A4800013F0BAFF94F84710204608F073FF94F8D1
:10A490004730474A012B1EBF636905F271255D43B2
:10A4A00042F21073C4F83431002101232046C4F86D
:10A4B000305184F8F830217313F01EFFD4F868018E
:10A4C00013F064F9D1E794F84710204608F052FFE2
:10A4D000656921F063FF4FF4C8635843B0FBF5F0A2
:10A4E000304D21F073FF20F0B1FB94F847202A7023
:10A4F000227E6A7094F82120AA70B4F81920A5F879
:10A500000320224652F81B1FC5F805109288A5F8B3
:10A510000920B4F8B0202AB1D4F8AC1005F10C0031
:10A5200020F082FCB4F8C020B4F8B030EB7222B155
:10A53000D4F8BC101D4820F077FCB4F8C03085F882
:10A540002B3094F8943085F84B3019F049FB17F014
:10A55000F1FB14F0FBFB002102232046C4F830116C
:10A5600084F8F8302173124A13F0C6FED4F868015B
:10A5700013F00CF9002021F0B5FC002021F0BAFC0A
:10A5800076E71FF0C5FC08B120F060FB94F8471097
:10A59000204608F0EFFEDEE71E2502E760AE02016E
:10A5A00098010020C436012066990201F03601208E
:10A5B00041BD00012DE9F0470F78FF2F88B0054617
:10A5C0000E4600F01A813423046D17FB03F94C4446
:10A5D00094F82430012B63D1A278B04B32B12278A9
:10A5E00022B9D3F81C21C2F3C3026270AC4A1168CD
:10A5F0002279C1F3411122F00F020A432271D3F8EC
:10A600004421E280D3F84421C2F30F422281D3F8DF
:10A610004821C2F308026281D3F84821C2F30F42F5
:10A62000A281D3F84C21E281D3F84C31C3F3084323
:10A6300023829C4B1B681BBB4FF000089A4B1B6886
:10A6400063B139462846984740B13A460221284628
:10A650000BF06EFBB37843F04003B370934B1B6871
:10A660000BBBB8F1000F25D12B6D4B449B780BB37E
:10A670006378072B78D02B7B3A462BB3012124E05B
:10A6800039462846984780460028D5D03A460321C7
:10A6900028460BF04DFBB37863F07F03B370CDE732
:10A6A0004FF00008DAE798470028DAD0804B1B7893
:10A6B000002BD6D17378012B0AD194F82D303BB101
:10A6C000002384F82D3003E0414628460BF030FB90
:10A6D0006B7C012B5ED1714B764AD3F81C01D3F809
:10A6E0001C111378C0F34030C1F380215FFA80FE63
:10A6F0005FFA81FC9046002B4CD02B6D97784B4431
:10A70000BEF1000F32D0002288F8002093F82B20F1
:10A71000022A40F0A4800C2303FB078300211A7A4D
:10A7200059720132D2B2022A1A7206D101221A7269
:10A73000DA88012A01D05208DA80012102A816F035
:10A7400073FA0C2202FB07839DF808109B79013BEA
:10A750000B40FF2B18BF01338DF8083002FB078731
:10A760009DF808303B7115E03A4687E7BCF1000FD1
:10A7700009D010701A78002A40F0898093F82B30A5
:10A78000022BC8D86EE00C2303FB072711703B791E
:10A7900001333B7194F82470012F2BD1464B1A687A
:10A7A0006FF3DB621A6000201FF04AFA82463846D7
:10A7B0001FF046FA814602201FF042FA4FF6FF7161
:10A7C000804600201DF008FB4FF6FF7138461DF053
:10A7D00003FB4FF6FF7102201DF0FEFA51460020E8
:10A7E0001FF040FA494638461FF03CFA4146022025
:10A7F0001FF038FA002384F82430AB680093B6F8D1
:10A8000001302E495BBAADF80430F3788DF806308C
:10A8100033788DF8073008226B46012016F0D3FA02
:10A82000B47814F0040517D11822294602A821F0A3
:10A830003FF9737804F01104234301BF9DF80830F9
:10A8400043F002038DF8083002A80ABF012328460E
:10A850008DF80A3007F052F808B0BDE8F087BCF177
:10A86000000F87D10C2303FB078300215A7A19724A
:10A870000132D2B2022A5A727FF45FAF01225A72B9
:10A88000DA88B2F5807F3FF458AF520054E7012ACE
:10A89000E8D193F82B30012B73E700BF002401416E
:10A8A000C0340141F0340120F4340120EC340120A3
:10A8B00046350120B42F01200C3A01410401010169
:10A8C0002DE9F8431E464B0405468846174640F1DD
:10A8D0009880046820F078FDE27D237D002A40F016
:10A8E0008D8013F0400F09D0D4F8CC0021F0ABFEDE
:10A8F000042323752421284620F072FD18F4805F7C
:10A9000030D02C68237D99072CD510232375A37D87
:10A910000133DBB2012BA3750BD1A94B617E5B69BF
:10A920005878E0771BF050F9D4F898301844C4F800
:10A930009800E37D012B40F08780A37D012B82BF2F
:10A94000A36F43F40063A36720461DF085FC2046F7
:10A950001AF0B8FE0121204603F0C0F82321284652
:10A9600020F03EFD18F4005F1CD02C68237D9B076F
:10A9700018D5142015F0ECFF8146082015F0E8FFEB
:10A9800008238046014623754A4628460CF014FAEF
:10A99000002800F0858040461CF002FD2221284658
:10A9A00020F01EFDF30605D519F0BAF91721284647
:10A9B00020F016FDB40605D519F0B2F91621284687
:10A9C00020F00EFDF80617D52C68E07D002840F039
:10A9D000D580A36F190609D51FF0F4FDC4F88800CF
:10A9E000204618F041F8B0FA80F04009237D9A061D
:10A9F00002D5002800F0CD80BDE8F88313F0010FE8
:10AA000071E70C057FF57AAF0468E37D012B17D160
:10AA1000A26F6C4B1340802B09D1D4F8C83043F09F
:10AA20008073C4F8C8301FF0CDFDC4F88800237DC2
:10AA300013F0010F3FF462AF0223237520215AE780
:10AA4000237D13F0400FF5E7D4F8CC0021F0FBFD97
:10AA500020461DF001FCA36FDA037FF57FAFA37DD5
:10AA6000012B7FF47BAFD4F8CC0021F068FED4F842
:10AA7000A420A36F904288BF801AD4E9261223F441
:10AA8000803398BF00209142A367BFF467AF814233
:10AA9000BFF464AF43F04003A3672023237556E758
:10AAA000C4E96E9894F81780B8F1010F1FD12046C1
:10AAB0001AF008FE4146204603F010F894F86C3076
:10AAC000DA070DD5E37F5BB1A37F4BB121F04AFAE2
:10AAD00003688268E07F1344C4F8C0311FF03CFA79
:10AAE00094F86D3043F0800384F86D3056E794F8A5
:10AAF0006E3060F3000384F86E30D4F8CC0021F09F
:10AB0000A2FDA36FD80330D594F86D0023F48033F1
:10AB100010F00108A36713D0A36F43F04003A367AD
:10AB20002023237520461AF0CDFD0121204602F096
:10AB3000D5FF94F86E3043F0010384F86E30BDE722
:10AB400094F86C30D90610D5D4F8CC0021F0F7FD7C
:10AB5000D4F8A430984288BFC01AD4E9263298BFEE
:10AB60004046934201D28342D6D3A36F23F04003E1
:10AB700043F00053A367002323759FE7012808D102
:10AB8000237D13F01E0F3FF437AFD4F8CC0021F033
:10AB90005AFDA36F5B0602D5204621F0A6F8E37D9F
:10ABA000012B0BD1A26F12F0400F08BF4023237579
:10ABB00028462521BDE8F84320F012BC4023F6E7E3
:10ABC000EC320120800000020C4B13F0FF0F08D084
:10ABD0004FF0200383F31188BFF36F8FBFF34F8FC4
:10ABE000FEE7074A934208D04FF0200383F3118811
:10ABF000BFF36F8FBFF34F8FFEE770470070800089
:10AC000000708000014B1860704700BF10350120B4
:10AC100030B4184C1546184A0C4404EB8030541ECE
:10AC2000844208D24FF0200383F31188BFF36F8F63
:10AC3000BFF34F8FFEE71C18A24208D24FF020034B
:10AC400083F31188BFF36F8FBFF34F8FFEE7194473
:10AC5000B1F5804F08DD4FF0200383F31188BFF377
:10AC60006F8FBFF34F8FFEE701461A46284630BC70
:10AC700020F0DAB80070800000F08000F8B5324DA6
:10AC80000D4405EB80351746EA061C4608D04FF008
:10AC9000200383F31188BFF36F8FBFF34F8FFEE75D
:10ACA00043B94FF0200383F31188BFF36F8FBFF3D5
:10ACB0004F8FFEE7254B5A1EAA4208D24FF02003C1
:10ACC00083F31188BFF36F8FBFF34F8FFEE76219D5
:10ACD000934208D24FF0200383F31188BFF36F8FA4
:10ACE000BFF34F8FFEE72144B1F5804F08DD4FF0F1
:10ACF000200383F31188BFF36F8FBFF34F8FFEE7FD
:10AD0000134B1B6803B19847E3061EBF24F01F04D2
:10AD10002034A4B24FF6E0732340FE183C46A6420E
:10AD200006D100BF21F01EF80028FBD1F8BD00BFFE
:10AD300021F018F80028FBD1E91B214420461AF025
:10AD400023FD2034EBE700BF0070800000F080009E
:10AD50001035012038B5114C114B04EB8034A3425F
:10AD600008D24FF0200383F31188BFF36F8FBFF336
:10AD70004F8FFEE704F5804520F0F4FF0028FBD15B
:10AD8000204604F580541EF0C5FEAC42F4D100BF4D
:10AD900020F0E8FF0028FBD138BD00BF0070800024
:10ADA000FFEF800037B542B94FF0200383F31188DD
:10ADB000BFF36F8FBFF34F8FFEE71F4C0C4404EBC4
:10ADC00080341E48431EA34208D24FF0200383F371
:10ADD0001188BFF36F8FBFF34F8FFEE713199842AF
:10ADE00008D24FF0200383F31188BFF36F8FBFF3B6
:10ADF0004F8FFEE71144B1F5804F08DD4FF020037F
:10AE000083F31188BFF36F8FBFF34F8FFEE74FF0CF
:10AE1000FF3201929DB204220DEB020120461FF089
:10AE2000F5FF30B90434A3B29D42F4D1012003B040
:10AE300030BD0020FBE700BF0070800000F0800004
:10AE400038B5154643B94FF0200383F31188BFF39B
:10AE50006F8FBFF34F8FFEE7184C194A0C4404EB79
:10AE60008030541E844208D24FF0200383F31188AF
:10AE7000BFF36F8FBFF34F8FFEE71C18A24208D2BB
:10AE80004FF0200383F31188BFF36F8FBFF34F8F11
:10AE9000FEE7CA18B2F5804F08DD4FF0200383F3B8
:10AEA0001188BFF36F8FBFF34F8FFEE71A46294615
:10AEB0001FF0ACFFB0FA80F0400938BD0070800090
:10AEC00000F080004FF0FF301EF012BE2DE9F0417F
:10AED000C0B296B0032834D8DFE810F00400370081
:10AEE000FE00030115780C686A0617D5A54B94F887
:10AEF0005420197809B9012A10D0012A4FF0000115
:10AF0000197009BF3E23012384F8572084F85A3072
:10AF100018BF84F85830204620F001FCA38A019322
:10AF2000994B0093022201236F21EC200BF0EEFDE0
:10AF3000964B0093022301951A467021EC200BF0EA
:10AF4000E5FD002016B0BDE8F0810C68A06C94F817
:10AF500042708678002316F03F060293ADF80C305D
:10AF600008D0C67816F0080604D0032102300AF093
:10AF7000E1FD064694F85450012D36D1814B1A78E4
:10AF8000012A12D100251D70814B228B1B8884F869
:10AF90009D50DB00B3FBF2F3A4F87230022384F877
:10AFA00054302946204615F05DFB94F8743083B187
:10AFB000784B1B78BB420CD3B4F89C2040F20113B1
:10AFC0009A4205D126B13288B4F89E309A4200D018
:10AFD0006DB1714B009302220123D221EC200BF0C2
:10AFE00095FD6E4B00221A70ABE70025DDE794F863
:10AFF0009C3033B12EB1012384F89D303388A4F8FE
:10B000009E30A06C83789B0648D0C3785E0645D5F9
:10B01000062102300AF08EFD037819063AD58DF824
:10B020000A30A06C00231E461A46974238D19A78FF
:10B03000920618BFDD785A4B1B8818BFC5F3001560
:10B04000B342CED3A38AADF80830676C4FF67F7356
:10B05000ADF80B3041F20F08F72E32D9F73E01233D
:10B06000B6B28DF80D30F724029B0593002CBDF885
:10B070000C30ADF8183004A814BF3B460023ADF8DF
:10B0800010808DF81A40079327441CF03FFA002ED9
:10B09000E2D1A6E7132BC2D91423C0E77F23BEE772
:10B0A0008178437801F03F01013B5B1A56FA83F641
:10B0B00000F1030C01320346B6B2D2B20CEB010030
:10B0C000B3E7F4B225B102238DF80D300026CBE7AB
:10B0D0008DF80D502E46C7E74421002015F0C2FA26
:10B0E0002FE70D6895F857300020C5F8BC002BB14C
:10B0F00095F85A1044293FD115F0B4FA95F8583014
:10B100004BB141F21003ADF81030AB8AADF81430FA
:10B1100004A81CF0FBF995F85630002B3FF411AF52
:10B12000002385F8563085F8543095E88C003AB302
:10B130005360D5E900231A601A4B1C78013CE4B235
:10B140001C7064B9DFF86C80174ED8F800001CF052
:10B150000DF930681CF00AF9C8F800403460134952
:10B160002A7D012303FA02F20B78384623EA020310
:10B170000B7019F045FDE4E63E29BFD12846BBE738
:10B180000B4AD5E73F350120D47A0201E97A020162
:10B190002A35012034350120F67A0201423501209A
:10B1A000223501203D350120C43401203C350120E9
:10B1B000D4330120C0340120F0B589B0AE4B0191E9
:10B1C00006460F4600931446012302223E21EC203E
:10B1D0000BF09CFC612E3D6853D013D8412E30D02B
:10B1E00006D8A6F11303012B40F2E780002491E07A
:10B1F000542E37D0602E48D0522EF7D1384614F056
:10B200006FFAF3E7A02E00F0EC8007D8802E14D060
:10B21000812EEBD138461FF035FDE7E7A22E00F076
:10B22000F380C0F0ED80F12EE0D1D5F8CC00002401
:10B230000FF094FEC5F8CC406CE0284617F0BCFB3C
:10B24000D4E723685B8902932B8801938B4B00938F
:10B25000022201233E21EC200BF058FC28461CF072
:10B26000BDFBC3E7D5F8C43013F0010452D023F07E
:10B27000010395F8E010C5F8C43028461FF077F8B0
:10B28000B4E7384620F034F8B0E723681D68A37AA5
:10B29000032B42D163681B7802932B880193784B70
:10B2A0000093022201233F21EC200BF02FFC20F021
:10B2B00069FE28B32368436163680361637A43735B
:10B2C000227A037B134323F0040343F00103037347
:10B2D0006C4A0023036051680860506043606A4B09
:10B2E00059688160021D0A605A6063681B78022BEE
:10B2F00084D1D5F8C43043F00103C5F8C4307DE7EC
:10B30000624B009307240194012302224221EC2086
:10B310000BF0FCFB204609B0F0BD637A02932B884A
:10B3200001935B4B0093022201234021EC200BF0A0
:10B33000EDFB20F01FFE034640B322688261A27A33
:10B340000275226812681288C28262680261627A9B
:10B350004273217A027B0A4322F0040242F0020285
:10B360000026066002734B4842681360464A4360F9
:10B370005E6054689C60191D216095F86D405160B5
:10B3800014F040040AD110F0E3FAC3E7424B0093F3
:10B3900007240194012302224121B8E7016820F02B
:10B3A0005CFC0B7B43F004030B7318F079FBAB6F71
:10B3B00043F01003AB673D215FE72B7E403B022B40
:10B3C00007D8A6F1130359425941384616F082FCBA
:10B3D0000CE7AC6F14F004049CD038460FF084F8EE
:10B3E00004E705F10C0020F079F90446002840D06C
:10B3F0000146384605F086FF20461FF0CFFDF5E6F2
:10B40000288812F03BF9F1E695F8E230112B3FF471
:10B41000EDAE95F8E430112B3FF4E8AED5F8A43149
:10B420001BB11B79012B3FF4E1AE2B8801931B4B21
:10B430000093022201234321EC200BF067FB2B88B1
:10B44000ADF81030EA8F6B8FD5F83A10ADF81230A6
:10B450000591ADF81820ADF81C30ADF81A3095F80C
:10B460006D3043F0080385F86D3004A809F012FD33
:10B47000BCE607244EE700BF84760101A3760101F4
:10B48000C77601010002002030020020EE760101A3
:10B490000B770101380200202D7701014B77010164
:10B4A0002DE9F04790F85570D0F80880012F88B04A
:10B4B000044627D1AF4BD3F82031C3F3074380F8BC
:10B4C000423094F8553094F8B8203BB1A94994F82B
:10B4D0004230D1F81C1188011DD5F3B942F0200388
:10B4E00084F8B830B4F85C30B4F8721001339BB211
:10B4F0009942A4F85C3003D842F0600284F8B82086
:10B50000012639E020F0CEFF074610B984F842004A
:10B51000D7E70027D5E79107DFD194F86430EBB97E
:10B52000A56C0235072128460AF004FB0646A8B19F
:10B53000284619F01DFB2822014630461EF08CFAE1
:10B5400060B10368C4F86530037984F86930B0F8F5
:10B550000530A4F87030012384F8643000260120FF
:10B56000A4F85C60A56820F0A3FF02AB0422824926
:10B570000295012015F027FC208B0021800021F08E
:10B5800099F8A36FD4F834A00133814600F0A88065
:10B5900094F8B8309B0600F1A380E06F471C00F0E0
:10B5A0008D80494619F008FB51461EF0BDF8D4F8CD
:10B5B0008030C4F88800C4F884305146A06F1EF073
:10B5C000B3F80125A36FE3670746C4F88050D4F8A9
:10B5D0008C006843D4F89450A84228BF2846C4F889
:10B5E000900020F0B2F8014638461EF09DF86A46F9
:10B5F00002A9054620F0EEFC238D94F85570C4F89E
:10B60000AC500133012F238521D15C4D2B686FF3A2
:10B61000DB632B6002201EF013FB4FF6FF718146A7
:10B6200000201CF0D9FB4FF6FF7138461CF0D4FB0C
:10B63000A5F5B7654FF6FF7102201CF0CDFB49461A
:10B6400002201EF00FFB2B686FF34D332B6000239D
:10B6500084F8553094F8B8308DF8043005226B46E4
:10B660004749CDF80080012015F0ADFB002E71D1C7
:10B67000B4F8601051B194F86430012B06D084F80E
:10B680005E603246D4F8BC0021F055F894F8B8104A
:10B6900011F004010FD1182202A820F009FA9DF838
:10B6A000083043F010038DF8083002A8D4F8AC300D
:10B6B000059306F023F908B0BDE8F087D4F88800B8
:10B6C000451C08D0494619F077FAC4F88800D4F828
:10B6D000843001336FE7D4F8AC30C4F88830F6E733
:10B6E000D4F88800411C13D0494619F065FAC4F813
:10B6F0008800D4F884506B1CC4F884306FB14FF0CC
:10B70000FF33D4F88870E3670235C4F880305EE711
:10B71000D4F8AC30C4F88830EBE7E06F421C15D0A9
:10B72000494619F049FA51461DF0FEFFD4F8805001
:10B7300007460135E06F431C3FF449AF494619F015
:10B740003BFAD4F88030E0670133DEE7D4F8887044
:10B750000235EFE794F85E30002B97D1B4F87230E1
:10B76000B4F86220033B9A4290DBD4F8BC0020F08E
:10B77000E4FF8BE700240141010301010C3A014180
:10B78000000301012DE9F04F8BB090F84C6090F868
:10B7900051300293054690F84E80D0F8E8B0002E64
:10B7A00000F0A4800BF14209EB6BDFF8B4A29F6AB2
:10B7B000D5F88431DC682268022161F3020222603C
:10B7C000226895F8241061F3C402226022680421E3
:10B7D00061F3CA122260226861F3CE222260002E39
:10B7E00000F08680DAF8001004F11002521A216885
:10B7F00092B262F3DE312160A2686FF30102A260AF
:10B80000A26842F00402A260A2686FF3C802A260BC
:10B81000A2686FF3DD62A260BAF800206068ABEB4B
:10B82000020189B261F30F0060606168BA1A92B2D6
:10B8300062F31F416160EA6B059551788DF81A102B
:10B84000002E5AD001218DF819108DF81C8000218E
:10B850008DF81B1012788DF81D200C205A4605A972
:10B8600001938DF818000DF035F8019B002E4AD099
:10B87000EA6B928DA2EB08081FFA88F89BF801206A
:10B8800095F8361095F8240001931CF011F8019BEF
:10B89000022102469DF8190019720021DC60C3F8EC
:10B8A00010B0596180B18DF8201095F824100392E2
:10B8B00001398DF8211002F5A571099108A81946E2
:10B8C00011F088F8039A019B9DF81CB007EB0B015F
:10B8D00001919DF81910C1B102F5A577D3F800B018
:10B8E000B6B9C5E954770BB0BDE8F08FB1465BE758
:10B8F000226866F3DE3222607EE7918D8DF8196052
:10B900008DF81C10A3E7B046B8E702F17007E5E731
:10B91000DBF80C402268022161F3020222602268F7
:10B9200095F8241061F3C40222602268042161F3B7
:10B93000CA1222602268013E61F3CE2216F0FF0691
:10B9400022607ED0DAF8001004F11002521A216849
:10B9500092B262F3DE312160A2686FF30102A2604D
:10B96000A26842F00402A260A2686FF3C802A2605B
:10B97000A2686FF3DD62A260BAF800206068A9EBEC
:10B98000020189B261F30F006060019B61689A1A3D
:10B9900092B262F31F416160EA6B059552788DF8AF
:10B9A0001A20002E52D00122029B8DF819208DF80A
:10B9B0001C3000228DF81B208DF81D200D228DF8E3
:10B9C000182005A94A460C200CF084FF9DF8192088
:10B9D000002A40D0029BA8EB03081FFA88F899F8C8
:10B9E000012095F8361095F824001BF061FF022124
:10B9F0008BF808109DF81910CBF80C400246CBE9E3
:10BA0000049781B100218DF8201095F8241003903F
:10BA100001398DF8211000F5A571099108A8594642
:10BA200010F0D8FF039A019B9DF81C100B44019362
:10BA300009F142098EB107F5A5771744DBF800B08C
:10BA40004EE7226866F3DE32226085E78DF81960E2
:10BA50008DF81C80ADE79046C1E77037EDE700BF79
:10BA60007002002080B483B000AF03460A46FB7129
:10BA70001346BB80134BFA7992B203F5805302331D
:10BA80001A80104B03F58053BA881A800D4B03F5CA
:10BA9000805304331B680B4943F4801201F5805333
:10BAA00004331A6000BF074B03F5805304331B684F
:10BAB00003F48013002BF6D100BF0C37BD465DF8B0
:10BAC000047B70470020014180B483B000AF03467F
:10BAD000FB71144BFA7992B203F5805302331A804A
:10BAE000104B03F5805304331B680E4943F4802246
:10BAF00001F5805304331A6000BF0A4B03F58053ED
:10BB000004331B6803F48023002BF6D1054B03F5A7
:10BB1000815308331B689BB218460C37BD465DF84D
:10BB2000047B70470020014190B585B000AF04460A
:10BB3000084611461A462346FB710346BB710B4665
:10BB40007B7113467B80FB791846FFF7BDFF0346E8
:10BB5000FB81BA797B79D31A0133012202FA03F30C
:10BB60005A1E7B7902FA03F31BB2DB431AB2B7F910
:10BB70000E3013401BB2FB81BA797B79D31A0133A3
:10BB8000012202FA03F39BB2013B9BB21AB2B7F94E
:10BB9000023013401BB27B807A887B7902FA03F370
:10BBA0001AB2B7F90E3013431BB2FB81FA89FB7945
:10BBB00011461846FFF756FF00BF1437BD4690BD2B
:10BBC00080B584B000AF0346FB710B46BB711346D2
:10BBD0007B71FB791846FFF777FF0346FB81FA89F3
:10BBE000B9797B79CB1A0133012101FA03F3591E8C
:10BBF0007B7901FA03F31A407B7942FA03F3BB81A4
:10BC0000BB8918461037BD4680BD80B483B000AFF5
:10BC1000114B03F5F05314331B680F4943F0040232
:10BC200001F5F05314331A6000BF0B4B03F5F053CA
:10BC300014331B6803F00403002BF6D1064B03F505
:10BC4000F0530C331B68FB80FB8818460C37BD464D
:10BC50005DF8047B704700BF0020014180B584B0CF
:10BC600000AF0346FB80FB889B007B81FFF7CDFF85
:10BC70000346FB81FB893B810823BB8100BF00BFDA
:10BC800000BF1BE0FFF7C1FF03463B813A89FB89F8
:10BC90009A420AD23A89FB89D31A9AB2BB891344D1
:10BCA0009BB203F2E243BB8106E03A89FB89D31AD7
:10BCB0009AB2BB891344BB813B89FB81BA897B89DA
:10BCC0009A42DFD300BF1037BD4680BD80B586B035
:10BCD00000AF0346FB80FB884FF47A7202FB03F34C
:10BCE0003B613B691B09154AA2FB0323DB09FB816E
:10BCF0003A6913091149A1FB0313DB094CF25031D6
:10BD000001FB03F3D31ABB810023FB8206E04CF254
:10BD10005030FFF7A3FFFB8A0133FB82FA8AFB89CD
:10BD20009A42F4D3BB89002B03D0BB891846FFF796
:10BD300095FF00BF1837BD4680BD00BFC55A7C0ABD
:10BD400084B02DE9F74305460BA880E80E000B46AA
:10BD5000042D00F2F980DFE815F00500F70021015D
:10BD600027012F010C680E9B9A49C4F828310D9BBE
:10BD70009948C4F82C3100230B70012101809748A9
:10BD80009DF83C200370964884F8FB200370002A3D
:10BD900000F0178194F8542094F89470FF265119FC
:10BDA000B94207DA04EB8503D4F828019B6D984269
:10BDB00080F0CF803246002120460CF07FFF894B77
:10BDC00089481E70894B00221A70012384F8FA30CA
:10BDD00020F0B6FB94F84730012B04D1844904F5D8
:10BDE000C67008F01BFE2146012010F061FD2146BF
:10BDF000012009F01DFE94F8FB70D4F8743104F5AD
:10BE0000BA78D4E94A690FB1D4F89830C4F89C30B4
:10BE10002046DD681AF0BAFF20461FF0EDFA2046F2
:10BE200017F096FA734B1A88482161F30E021A80B4
:10BE3000A3F56B7294F835001188A3F5836360F362
:10BE4000041111801A686FF34D321A6094F82410AF
:10BE5000032020F060F92A464946404617F0C6FB09
:10BE6000002F3CD1D4F8743194F81880DF68012198
:10BE700001A814F0D9FE9DF804100622B1FBF2F3DC
:10BE800002FB1313DBB28DF8043094F847100B2932
:10BE90004FF001020CD802FA01F111F0050F5CD14C
:10BEA00040F6C870084018B911F0120F18BF0222EE
:10BEB000514903EB43030B4412010021585C28FA5B
:10BEC00000FC1CF0010F07D0D7F808C0253060F344
:10BED000C80CC7F808C0174401310329EED194F803
:10BEE0004730052B06D9D4F87C311BB1434B204693
:10BEF0001B689847D4F87421002A30D194F8473051
:10BF00003F49012BA1F104033FD10A68062060F3E9
:10BF10000F020A601A6842F002021A60394A126877
:10BF2000AD1A1A68ADB265F31F421A60364A11683D
:10BF3000B6B266F31F4111601A6842F001021A603E
:10BF4000D4F82C011EF08EFC03B0BDE8F04304B021
:10BF500070470135CEB2EDB221E70322A8E7D4F84D
:10BF60009C3093420AD8117AD368042908D0052955
:10BF700006D019B9186861F3461018601268BBE75B
:10BF800019686FF346111960F8E7086862F30F004B
:10BF90000860196862F341011960BFE79DF8341029
:10BFA00018681DF0E9FBCFE70191184901AB0422A5
:10BFB000012014F008FFC7E7019101AB04221449E6
:10BFC000F6E7FF2220460CF079FEFF2384F8543078
:10BFD0002A46E1E6CC020020C6020020C50200206D
:10BFE00043350120C4020020F5530101E80200207E
:10BFF000008813006C380141A2BC0201EC02002051
:10C000005C3E014170020020703E014105000101CB
:10C01000060001012DE9F04F099F154604468E46A2
:10C020001E46002B40F0CC808A42B2FA82FC4CD9EA
:10C03000BCF1000F0BD0CCF1200801FA0CFE20FA65
:10C0400008F802FA0CF548EA0E0E00FA0CF44FEA72
:10C0500015491FFA85F8BEFBF9FA210C09FB1AE312
:10C060000AFB08FB41EA03439B452AD9EB180AF176
:10C07000FF3004D29B4502D9AAF102002B44A3EB66
:10C080000B03A4B2B3FBF9F209FB123302FB08F86D
:10C0900044EA0344A04516D92C1902F1FF3303D218
:10C0A000A04501D9931E2C44A4EB080443EA0040A8
:10C0B00027B124FA0CF400233C607B603146BDE8D4
:10C0C000F08F5046DBE71346EEE702B9FFDEBCF126
:10C0D000000F2ED18B1A01264FEA154EAAB2B3FBE0
:10C0E000FEF8210C0EFB183308FB02F941EA03436A
:10C0F000994561D9EB1808F1FF3004D2994502D96E
:10C10000A8F102002B44A3EB0903A4B2B3FBFEF198
:10C110000EFB11334A4344EA0344A2424ED92C1980
:10C1200001F1FF3303D2A24201D98B1E2C44A41A81
:10C13000BCE7CCF1200E02FA0CF521FA0EF901FA57
:10C140000CF320FA0EFE4EEA03034FEA154800FAFC
:10C150000CF4B9FBF8F11FFA85FE08FB1192180CDC
:10C1600001FB0EF640EA0242964221D9AA1801F1DB
:10C17000FF3003D2964201D9881E2A44921B9BB2FB
:10C18000B2FBF8F908FB192209FB0EFE43EA024351
:10C190009E450FD9EB1809F1FF3604D29E4502D90E
:10C1A000A9F102062B44A3EB0E0346EA004693E7EF
:10C1B0000846E3E74E46F6E74046A4E70B46B6E7F7
:10C1C0008B4206D9002F7ED00026C7E900013046F9
:10C1D00074E7B3FA83FCBCF1000F0FD18B4201D39B
:10C1E000824209D8841A61EB030E0120002F6DD022
:10C1F000C7E9004E002661E76046F7E7CCF1200E64
:10C2000003FA0CF322FA0EF521FA0EF41D4301FA9B
:10C210000CF320FA0EF10B434FEA154A00FA0CF624
:10C22000B4FBFAF91FFA85F80AFB19401C0C09FB4C
:10C2300008F144EA0044A14202FA0CF23FD92C1959
:10C2400009F1FF3004D2A14202D9A9F102002C4425
:10C25000641A9BB2B4FBFAF90AFB194409FB08F80B
:10C2600043EA044188452CD9691809F1FF3304D207
:10C27000884502D9A9F10203294443EA0040A1EB11
:10C280000801A0FB02894945C2464C4602D306D1AB
:10C29000464504D2B8EB020A69EB05040138AFB198
:10C2A000B6EB0A0361EB040606FA0EFE23FA0CF362
:10C2B0004EEA030326FA0CF6C7E900369AE7484629
:10C2C000C6E74B46D9E73E463846F7E63E46F5E632
:10C2D0002DE9F04F002390F84750027E89B00446C4
:10C2E0001E4600BF22FA03F1C90748BF013603F119
:10C2F000010348BFF6B2032BF4D1A5F1080B5FFA96
:10C300008BFBBBF1010F00F29A80B4F8B02094F8D7
:10C3100022308DF81A3094F824308DF81B3094F8C0
:10C3200038308DF81E30214694F837308DF81F30A4
:10C3300006A88DF8185003F027FDAB1F012B40F223
:10C340008D80BBF1010F00F2828094F84A5094F87E
:10C350004B301D44EDB236B23301181D03930CF07F
:10C3600085F982B20746002A7CD1864B0093FE21D4
:10C370000123EC200AF0CAFB07F104094FEA461A30
:10C38000504620F0C4F980460AEB060040000CF04D
:10C390006DF9C4F8E000002D68D0042000EB051012
:10C3A0000CF064F982B20646002A5DD1754B009309
:10C3B000FE210123EC200AF0A9FB331D029329B2D0
:10C3C0004A0110460591049220F0A1F9DDE904210B
:10C3D0008246501840000CF049F9BBF1010FC4F837
:10C3E000E40040F2CB8042200CF040F9C4F8DC00BD
:10C3F000FF200CF03BF9C4F8D800B9F1000F40D190
:10C4000038461AF0B3FF30461AF0B0FFD4F8E00017
:10C410001AF0ACFFD4F8E4001AF0A8FFD4F8DC005E
:10C420001AF0A4FFD4F8D8001AF0A0FF404620F07C
:10C4300070F9504620F06DF94FF0070B8AE0A5F136
:10C440000A03012B94BFB4F8C02000225FE70A3D25
:10C45000012D05D894F84B5003357BE703257AE787
:10C46000002578E7814689E70290A8E7BBF1010F34
:10C4700074D92E46AA46C3E73E46BA464FF0070B8C
:10C4800054E0029B002BBBD0D4F8E020002AB7D0A8
:10C49000D4F8E420002AB3D0D4F8DC20002AAFD0AE
:10C4A0000028ADD0B8F1000FAAD0BAF1000FA7D084
:10C4B000039BC4F8A0704B441F46B94503D175B91E
:10C4C0004FF0000B46E0C8F80C90414604F5BA70F6
:10C4D0001FF0F0FD09F1100908F12008EDE7013D1A
:10C4E000EDB20135C4F8A4600AEB4515029BCAF809
:10C4F0000C30514604F5BE701FF0DCFD029B0AF1C2
:10C50000200A103355450293F0D1D9E7002DCFD042
:10C510004FF0000B002EB1D0D4F8E420002AADD0AB
:10C52000BAF1000FAAD0BBF1000FC1D038461AF003
:10C530001DFF30461AF01AFFD4F8E0001AF016FF7B
:10C54000D4F8E4001AF012FF404620F0E2F850461A
:10C5500020F0DFF8584609B0BDE8F08F002F8BD0EF
:10C560002E460295AA46D4F8E02012B1B8F1000F89
:10C57000CCD1002D82D04FF0070BCBE7002FF2D1AA
:10C58000F9E700BFE8C5020170B50468267E132EE6
:10C59000054640D002D8122E0CD070BD403E022E6F
:10C5A000FBD8102901D01229F7D10020BDE8704036
:10C5B00005F0A4B9112939D01DD81029EDD194F86E
:10C5C0006D306FF3410384F86D30204620F045F85C
:10C5D00028461CF005FC20461FF07EFB002120466B
:10C5E00001F07CFA20461FF080FB284610F0CAFAC2
:10C5F00013232376D1E7122908D08129CDD1002237
:10C6000081212846BDE8704010F004BB2846BDE8F3
:10C6100070400CF0EDBF212900F0E18016D81229FE
:10C62000F4D009D8102946D01129B6D12846114690
:10C63000BDE8704019F061BC1629AED31729E5D9C1
:10C640002029AAD1BDE8704015F0D4BB242900F000
:10C65000C68010D822295BD023299ED11DF022FA52
:10C660000646002899D128461AF045FDA36F5B06BF
:10C6700093D531468EE08129C1D0822900F0C58052
:10C6800025298AD118F0BEFDA36F23F04003A367CC
:10C690001CF00AFF284618F0D7FA20461BF094FD3C
:10C6A00080B318F0AFFDA36F23F48033A367BDE818
:10C6B00070401CF0F9BE94F86D306FF3410384F8BC
:10C6C0006D30534B1A686FF39A621A601A686FF3F1
:10C6D00059621A6020461FF0C0FF28460EF0C4FEC3
:10C6E00028461CF07DFB204618F0ECFF0021204678
:10C6F00001F0F4F920461FF0F8FA2846BDE8704032
:10C7000010F040BA18F07EFDA36F43F48033CDE7FC
:10C71000A36F13F0100203D0D4F8B821812171E780
:10C7200094F86D10A27562F3C7111B0784F86D10A1
:10C7300009D518F067FDA36F23F4005323F0080315
:10C74000A3671CF0B1FED4E96E21284602F076FC06
:10C7500094F8E230032B284633D194F86C309E07CE
:10C760002FD41DF09FF900287FF417AF237D4BB91C
:10C7700094F86E30D90742BF94F86C3023F003036D
:10C7800084F86C3028461AF0B6FCA36F5A067FF581
:10C7900004AF0021204617F05BFEA8B118F032FD6F
:10C7A000A36F23F04003A3671CF07EFE0021284600
:10C7B000F8F766FC94F86C3023F0030384F86C30CF
:10C7C000EBE61DF04BFED1E718F01CFDA36F23F440
:10C7D000F81323F40063A3671CF066FEEAE718F081
:10C7E00011FDA36F43F48063A3671CF05DFE284630
:10C7F0001DF058F900287FF4D0AE20461BF02CFD28
:10C800002846BDE870401AF076BC0022FAE600BF68
:10C81000303401412DE9F04186B01F468B4B019029
:10C8200080460D4616460093022201236121EC202A
:10C830000AF06CF91FF066FB50B10C24844B009396
:10C84000019401230022FF21EC200AF05FF991E01E
:10C85000022D0CD10EB91224F0E7002FFBD00A22D2
:10C860004FF4A06372437B439A4203D3F3E70EB1C4
:10C87000002FF4D1774B1B681A68774B04921B6822
:10C88000B8F1010F1B68059334D0B8F1000F58D0F0
:10C890000DF0D2FF0446002864D1704B5D70704DDE
:10C8A00015F0B8F92A786F4B6E80012A5F801F4619
:10C8B00000F09A80002A00F08280022A00F0A7800F
:10C8C0003E78002E00F0AC80012E4BD1664B0093D9
:10C8D00002223346B721EC200AF018F9634809F028
:10C8E000D1FE00231A466249032014F06CFA00239B
:10C8F0003B7037E092F82E409CB993F82E30002B15
:10C900009BD004AB53F8243093F82E202AB1997BA6
:10C9100001F0FD01012906D051B1002CB8D101244C
:10C92000EFE70024EDE71FF033FD0028F5D192E793
:10C930000DF10F001DF026FE9DF80F30002BECD0FE
:10C9400089E716F033FC044660B9454D1CF014F934
:10C950002A78012A12D0022A1ED0424D2B78012BB0
:10C960001FD000241DF0BEFE01201FF0C3FA002CD2
:10C970007FF464AF204606B0BDE8F0813D4B0093E4
:10C98000B12113460222EC200AF0C0F8281D09F05C
:10C9900079FE85F80080E0E7374B0093B221012350
:10C9A000F1E7364A0092B8210222EC200AF0AEF8F4
:10C9B00005F1080009F066FE00232B70D2E7002E77
:10C9C0003FF47EAF2E4B0093019601230222AE214D
:10C9D000EC200AF09BF842F210717143281D08F018
:10C9E0001DF801232B706BE7264B0093AF211346F4
:10C9F000EC2002220AF08AF8281D09F043FE2346A3
:10CA0000224621492C70032014F0DDF958E7002E4E
:10CA10003FF456AF1D4B009301960123B021D7E799
:10CA20007C88002C9DD06B88002B9AD0184B0093EB
:10CA300002220123B621EC200AF068F815490B48C0
:10CA4000BC8007F0EBFF01233B708AE708B50101CA
:10CA50005AF60101B8010020B4010020BC010020F9
:10CA6000B43201207832012099B5010180320120D1
:10CA70000801010126B5010134B5010142B50101EA
:10CA800050B5010166B501010701010174B501014D
:10CA90008AB501010088130073B50468267E132E41
:10CAA000054640D003D8122E0CD002B070BD403ED7
:10CAB000022EFAD8102901D01229F6D1002004F054
:10CAC0001DFFF2E7112924D019D81029EDD194F8CF
:10CAD0006D306FF3410384F86D3020461FF0BDFDCB
:10CAE00028461CF07DF913232376607E18F0D0F8D9
:10CAF00020461FF0FAF8284610F0D4F8D5E712299E
:10CB00000DD08129D1D100228121284610F082F850
:10CB1000CBE7114619F0F1F913232376C5E7284630
:10CB20000CF066FDC1E7212900F0DC802ED8122927
:10CB3000F5D007D8102972D01129B6D1114619F0B5
:10CB4000DCF9B2E71629B0D31729E8D92029ACD1EE
:10CB5000A36F1E0616D518F055FBD4F8C83023F085
:10CB60008073C4F8C8301CF09FFC204615F07CFF91
:10CB7000002871D018F046FBA36F43F08073A367C1
:10CB80001CF092FC284615F035F98EE7242900F0B8
:10CB9000A98023D8222969D0232986D11CF082FFBD
:10CBA000002882D1237D002B3FF47FAFA36F5B066B
:10CBB00040F19080A37D012B40F08C800021204625
:10CBC00017F046FC002800F0858018F01BFBA36FCF
:10CBD00023F04003A3671CF067FC7BE0812992D01F
:10CBE000822900F0968025297FF45FAF18F02CF899
:10CBF00028461AF080FAA36F5B067FF556AF2046F1
:10CC00001BF0E2FA20B318F0FDFAA36F23F0400303
:10CC1000A3671CF049FC28461AF06DFA45E794F822
:10CC20006D306FF3410384F86D303B4B1A686FF33E
:10CC30009A621A6020461FF010FD28460EF014FC80
:10CC4000A36F23F40003A36728461CF0C9F84CE740
:10CC500028461CF0C5F828E701A9D4F8CC001EF03E
:10CC60009BFB019B5B0AC4F888301EE7A36F13F09F
:10CC7000100203D0D4F8B821812147E794F86D1051
:10CC8000A4F8152062F3C711180784F86D1009D5B0
:10CC900018F0B8FAA36F23F4005323F00803A36736
:10CCA0001CF002FCD4E96E21284602F0C7F9A36FFC
:10CCB00059060CD50021204617F0CAFB38B118F0F0
:10CCC000A1FAA36F23F04003A3671CF0EDFB2846F5
:10CCD0001DF0C4FBA36F1A067FF5E7AE28461DF0D2
:10CCE000B9F9E2E6637D0133637518F08BFAA36F3F
:10CCF00023F0400343F48063A3671CF0D5FB284670
:10CD00001CF0D0FE00287FF4D0AE20461BF0A4FA21
:10CD100081E70022FAE600BF303401412DE9F04FEF
:10CD200089B0D0F8E0300193D0F8DC300293D0F82D
:10CD3000D830D0F8EC800393054640F601430690C6
:10CD40000199ADF81C3006A810F0C6FF2B46002450
:10CD500053F8282FC8F800209B88A8F804302B46E9
:10CD6000264653F82E2FC8F806209B88A8F80A30CC
:10CD7000D5F87471FB68049395F89430B34202D8E7
:10CD800009B0BDE8F08FD7F80CA0DFF8F091DAF821
:10CD900000306FF30203CAF80030DAF800300120E7
:10CDA00060F3C403CAF80030DAF800304FF0040B27
:10CDB0006BF3CA13CAF80030DAF8002053466BF35D
:10CDC000CE2243F8102BD9F800209B1ADAF8002065
:10CDD0009BB263F3DE32CAF80020DAF80030019A21
:10CDE0006FF3DF73CAF80030B9F80030DAF80410D6
:10CDF000D21A92B262F30F01CAF80410DAF80420D2
:10CE0000A8EB03039BB263F31F42CAF80420DAF8CD
:10CE1000083060F30103CAF80830DAF8083043EA52
:10CE20000B03CAF80830019B95F835105A7895F82D
:10CE300022001AF03DFDC7F80CA0019B05EB860A05
:10CE40000022C7E904343A723A77CAF864703F683E
:10CE50002318FC682168052060F302012160216825
:10CE6000012060F3C401216021686BF3CA112160C5
:10CE700021686BF3CE21216095F8941001398E4220
:10CE800074D195F84710814204D1D9F80020049953
:10CE90008A1A92B2216862F3DE312160B9F800206B
:10CEA0000593029B6068991A89B261F30F00606074
:10CEB000039B61689A1A92B262F31F416160A26893
:10CEC000022161F30102A260A26842F00402A260A2
:10CED000A2686FF35822A260A268012161F35A622E
:10CEE000A26095F8351095F8220022221AF0E0FC95
:10CEF00005223A72029BFC6000223B617A613A771C
:10CF0000CAF870402168059B05EB4604C1F3CF3198
:10CF1000A4F88810CAF87C20A4F88E2003F23712F7
:10CF200010440EB9C5F8240195F89420013A9642B0
:10CF300008D195F84720012A06BF0F4AC5F82021DD
:10CF4000C5F82001CAF8580095F84720012A03F2D5
:10CF50004D1407D1252295F8351095F822001AF0C6
:10CF6000A7FC044401363F68F6B205E7D9F8001083
:10CF700004F11002521A8CE700881300700200209E
:10CF8000F7B58B4C0D461BF0C6FA237B032B07D855
:10CF9000DFE803F002282A2A012101201FF0BBF854
:10CFA000844B01221A701EF0C7F90023E38095B16B
:10CFB000EB6823610DF1020101A81CF09DFABDF997
:10CFC0000220019B002A23F070432269B8BF03F1BD
:10CFD000FF3313442361237B032B0DD8DFE803F0D9
:10CFE000065461580221D8E70321D6E7724B1A880C
:10CFF000012161F301021A80704B1A68062161F366
:10D0000013421A601A6861F317521A60A3F5BE62E0
:10D0100044F22910116841F004011160116841F0D7
:10D0200008011160116841F001011160A3F5B862B7
:10D03000A3F5B465116860F30F0111601168C7F2C0
:10D04000761111605E49E0780A6810700868A2786D
:10D05000427008685B492E680968411A89B261F319
:10D060000F06A3F5BC632E601D68043189B261F31D
:10D070000F051D60E6780430072E38D8DFE806F08B
:10D0800064686C8A8D8F93954B4B02211A88B0E7A8
:10D09000494B1A8842F003021A801A886FF304126F
:10D0A000A9E7454B1A8842F003021A801A8842F019
:10D0B0001002A0E700EB050C314600271A1202FA15
:10D0C00007FE82EA131201375B0041EA0E0102F00B
:10D0D0000102C3F30803082FC9B243EA0203EDD1EA
:10D0E00001358CF80010EDB2A278AA42E2D8364D94
:10D0F0002B684FF6FF7262F30F032B602B6862F30D
:10D100001F432B602B46552153F8042F42F01F027A
:10D110001A601A68C5F255521A601A6861F30F2234
:10D120001A6016F0BDF955F8043D284A43F400038F
:10D130002B606378D25C2B6862F315432B60002070
:10D140000423237103B0F0BD354640F2FF13CBE753
:10D150000F211EF0ADFCCAE75521FAE7002587191B
:10D1600029469A1302FA05FC82EA533201355B0024
:10D1700041EA0C0102F00102C3F30E03082DC9B20B
:10D1800043EA0203EDD101363970F6B2A278B24219
:10D19000E4D8ACE700260123F8E7FF21D9E7002116
:10D1A0001EF086FCA3E7F021D3E7AA21D1E700BF58
:10D1B000440200205A020020C0340141203A0141BB
:10D1C000BC3401207002002058340141189802013B
:10D1D0002DE9F04F054687B004F002FDD5F87C71CB
:10D1E000D5F8E460FC68D5F8AC202368DFF824A209
:10D1F0006FF302032360236895F8241061F3C403DE
:10D20000236023684FF0040969F3CA13236021687F
:10D21000234669F3CE2143F8101BDAF800105B1A9D
:10D2200021689BB263F3DE31216023686FF3DF7303
:10D230002360A3684FF0010B6BF30103A360A368A5
:10D2400043EA0903A360A3686FF3C803A360BAF8B5
:10D2500000306068F11A89B261F30F006060D31A80
:10D2600062689BB263F31F4262604FF00008684B34
:10D27000019532460DEB09018DF80D800293B5F84A
:10D28000B03095F847008DF80C300BF023FB727826
:10D2900095F8361095F824001AF00AFBFC60C7E9EF
:10D2A000046887F80880A7F81C803F68FC6822683B
:10D2B000052363F302022260226895F8241061F3CB
:10D2C000C4022260226869F3CA122260226869F3EC
:10D2D000CE222260226868F3DE322260D5F8DC10AC
:10D2E000626800F17006BAF80000091A89B261F3A9
:10D2F0000F026260D5F8D8106268091A89B261F32A
:10D300001F426260A268022161F30102A260A2686A
:10D3100042EA0902A26004F11002A168121A92B254
:10D3200062F35821A160A2686BF35A62A2602222C4
:10D3300095F8361095F824001AF0BAFA0523FC6027
:10D340003B72D5F8DC30A7F81C80C7E9043695F8A5
:10D350002430022B51D0032B51D05B4501D1A73093
:10D3600006443F68FC6823684FF0040868F3020332
:10D370002360236895F8242062F3C40323602368A4
:10D3800068F3CA132360236868F3CE2323602368FD
:10D390006FF3DE33236023686FF3DF73236063680A
:10D3A0006FF30F03636063686FF31F436360A368E9
:10D3B000022262F30103A360A36843EA0803A360A7
:10D3C0000E2295F8361095F824001AF071FA002311
:10D3D000C7E90436FC6087F80880BB8395F82430E1
:10D3E000022B0ED0032B0FD0012B01D10644853622
:10D3F000C5E94E6607B0BDE8F08FA130B0E7A930AF
:10D40000AEE706448B36F3E706448336F0E700BF09
:10D410000A000100700200202DE9F04F8BB0064693
:10D42000894B0093022201230321EC2009F06EFBBB
:10D43000347896F801A0B6F804B01EF063FD81467A
:10D44000002840F0F480814F3868214604301EF0F7
:10D4500081FF0546002800F0EC8090F8F83023B1F9
:10D46000AAF10303012B00F2E28005F1C8001EF0CF
:10D47000C7FB40F2726300EB0B08984509DD386882
:10D48000317804301EF066FF002112F075F8072491
:10D4900034E0BAF1030F14D995F847300B2B05D8B7
:10D4A00040F61242DA40D40709D413B19A1E012A79
:10D4B0002ED8BAF1030F02D1BBF11F0F38D91224B5
:10D4C0001CE0BBF1000FE7D010201FF020F9059001
:10D4D00058461FF01CF9059A0346002A00F0AB805D
:10D4E0000028059010460CBF072400241FF011F9F6
:10D4F000059B002B40F0A380002CCDD0544B009313
:10D50000019401230022FF21EC2009F0FFFA8AE0B8
:10D51000BAF1040F56D195F8F820002ACFD0D5F8EB
:10D52000AC20002ACBD0BBF1000FC8D1042BC6D948
:10D53000B8F1000F4FD0052B4DD98DF81C3095F860
:10D5400022308DF81E3095F824308DF81F3095F874
:10D5500038308DF8223095F837308DF8233000239D
:10D560008DF81D30297E1A4621FA03F0C00748BF06
:10D57000013203F1010344BFD2B24FF00109032B82
:10D58000F2D1B9F1000F01D08DF81D20B5F835307A
:10D59000ADF820301FFA88F2294607A805F046FCAE
:10D5A0006A6940F271235343984214D3CDE90103D1
:10D5B000284B0093022201238421EC2009F0A6FAD3
:10D5C00045249BE7AAF1030ABAF1010FB0D9BBF1D8
:10D5D000000FADD173E73868317804301EF0BAFE21
:10D5E000B37880F8A930B388029390F8253001937E
:10D5F000194B00930546012302220421EC2009F077
:10D6000085FA73788DF81C30B388ADF81E3007A802
:10D61000B368089300248DF81D40099505F004FEB9
:10D6200001201EF067FC20460BB0BDE8F08F0C24F3
:10D6300064E7422462E700283FF429AF0724184634
:10D640001FF067F858E700BF8C8F02019801002097
:10D65000AC8E0201480E02019E8F02012DE9F043BB
:10D6600087B0884B00930646012302224521EC2017
:10D6700009F04CFA1EF04EFC002840F0FE80824F6C
:10D68000347B3B6823B193F89830012B00F0F58090
:10D690008CB9214604A81CF075FF9DF8103083B1A9
:10D6A00012257A4B0093019501230022FF21EC20E3
:10D6B00009F02CFAD9E0012C14D11EF069FE0028E3
:10D6C000EED01EF07DF9002840F0D98033797BBB85
:10D6D0007079B11D00F0010018F0D4FD00283ED093
:10D6E0000B25DEE7A31E012BEBD89DF810307279D5
:10D6F00062F300038DF810303346002553F8062FEF
:10D700008DF80E509B88CDF811200DF10E0104A864
:10D71000ADF8153016F08CFA0028D2D0022CCCD1FE
:10D7200029460DF10F001CF02DFF9DF80F30B6E7D4
:10D73000574B1B689BB1044604AA0DF10F0120460C
:10D7400018F0EAFE20B10134E4B2082CF4D1C7E7A6
:10D7500004A99DF80F0018F095FD0028F3D1FC21D5
:10D76000022011F029FC814684200AF07FFF8046C8
:10D7700025200AF07BFF0446B9F1000F7BD0B8F1F9
:10D78000000F76D0002814BF00250725484617F063
:10D7900037FAB8F1000F02D0404619F0E7FD14B196
:10D7A000204619F0E3FD002D7FF47BAFFC21022021
:10D7B00011F002FC0468374B4360C4E93455E06063
:10D7C0003C603379237401236376337B7188378817
:10D7D00023767379637432468F4252F8063FC4F859
:10D7E00012309388E38240F2712303FB01F3C4F803
:10D7F0009C304FF47A7308BF0337C4F8A0304FF061
:10D80000840008BFBFB20AF031FFC4F88C002520A5
:10D810000AF02CFF4FF001084FF400734FF000099D
:10D82000A4F8EA30C4F8880084F8089084F8CE8020
:10D83000A4F8E6900E201DF0FBF9042184F8CF0037
:10D8400084F89880404610F0D7FDB38A728A318AF6
:10D8500004F12D0012F08CFD20463B460E4A49464D
:10D860000CF0ECFD40461EF03DFB284607B0BDE83D
:10D87000F08307258AE707258BE70C2511E70725A5
:10D880000FE700BF32AA0201CC33012041AA0201F6
:10D89000C8340120951D02011142010130B591EA01
:10D8A000030F00F18280841A71EB030C05D2121968
:10D8B00053EB0C03001B71EB0C0140F2000CCFF694
:10D8C000E07C1CEA430F52D0BCEB410F5FD90C0D3A
:10D8D000A4EB135E5FF0010C6CF31F516CF31F534C
:10D8E000DEF1200C2AD303FA0CF5401941F10001B6
:10D8F00022FA0EF5401923FA0EF5694112FA0CF2DC
:10D90000CD0208D349085FEA30005FEA320228BF3F
:10D9100042F001020134013C5FEA500C72F1004216
:10D9200050F1000051EB04514FF4001313EB410F81
:10D9300038BF30BD6FF31301002030BDBEF1200EA3
:10D94000BEF1200F1ED223FA0EF5401941F100015D
:10D95000CEF1200C124218BF012203FA0CF52A4323
:10D96000CEE711EA5C0F04BF0020002130BD1CEAA5
:10D97000410F04BF01F00041002030BD01F0004123
:10D98000002030BD21F4801101EB045130BD004274
:10D9900018BF41F00101BCEB410F08BF30BD4FF093
:10D9A000FE4141F47801002030BD83F00043841A29
:10D9B00071EB030E07D28EF0004E001B71EB0E01CF
:10D9C000121953EB0E0340F2000CCFF6E07C1CEA78
:10D9D000430FC6D0BCEB410F72D90C0DA4EB135E04
:10D9E000C90241EA5051C00241F00041DB0243EA62
:10D9F0005253D20243F00043DEF1200C41D312FA1D
:10DA00000CF522FA0EF203FA0CF542EA050218BFF1
:10DA100042F0010223FA0EF3801A9941E30AC4F39B
:10DA20000A0411F0404F03D418D0013C4000494192
:10DA3000013C23D44205C00A40EA4150C90A51EAD8
:10DA4000C3715FEA500C72F1004250F1000051EBDB
:10DA5000045130BD01002FD00020203C0029F9D016
:10DA6000B1FA81FCDCF1200E11FA0CF130FA0EF55E
:10DA700010FA0CF02943A4EB0C04D9E70020D907D5
:10DA800030BDAEF1200EBEF1200F0DD2CEF1200C34
:10DA900003FA0CF533FA0EF32A4318BF43F00103DF
:10DAA000C01A61F10001B9E721F00041C00A40EA63
:10DAB0004150C90A01EB045130BD0020002130BDA6
:10DAC000004218BF41F00101BCEB410F7FF467AF8A
:10DAD000BCEB430F3FF463AF30BD7047F8B5037F35
:10DAE0008C4E022B044622D11EF023FBD4F8AC301E
:10DAF0007BB92377A36F23F08053A367012323848B
:10DB000033696362B4F86C3023F49073A4F86C301A
:10DB100012E094F86D20920609D51B7903F03003CA
:10DB2000102B04D100232377C4F8AC30E2E7217F27
:10DB30000029DFD0022967D0204611F035FBA17EF5
:10DB400084F8220094F8210018F03EF8D4F89830B8
:10DB5000184494F82130C4F898001BB1B4F852303E
:10DB6000A4F85830E37DD4F8CC00012B40F0B58008
:10DB70001EF0E5FDD4F8A430834238BFC01AD4E9C2
:10DB8000262328BF00209A42A36F80F0A380824200
:10DB900080F0A080D90040F1948094F86D2042F08C
:10DBA000010284F86D2043F04003A36717F02AFBBD
:10DBB000616AF06819F016FEF36894F822205A7032
:10DBC00094F86D3094F86C20F06803F00101C2F312
:10DBD0008013DB0043EA011394F82010D2090B43B1
:10DBE00043EA820303701BF05FFCA36F13F0200174
:10DBF00008D194F86C2043F0200361F3410284F8CB
:10DC00006C20A3670020F8BDD4F8AC201389558997
:10DC1000ED1AA36F23F08053A36794F86D306FF370
:10DC2000000384F86D30137903F03000102829D1F7
:10DC300012891ABB03F00303012B1FD084F82010B4
:10DC4000D4F8AC20B4F8601013890C331344A94203
:10DC500063621ED310681EF07DF9D4F8AC301B79D6
:10DC600003F03003102B07461ED160681EF072F9D6
:10DC700027B3A36F43F08053A3670FE0012384F819
:10DC80002030DDE7032384F8203020460CF078FABA
:10DC9000D6E7A36F43F08053A3670D4684F8215065
:10DCA00020461EF010F847E7A0681EF053F994F8DC
:10DCB0006D309B06DCD5002FDBD1EFE70028D8D1F3
:10DCC000ECE794F86C20D2063FF56DAFA27D012AF7
:10DCD0003FF469AF23F0400367E71EF030FDD4F84E
:10DCE000A430D4F8A020834238BFC01AD4F89830AA
:10DCF00028BF00209342BFF459AF8342BFF456AF10
:10DD0000A36FDB0042BF94F86D3043F0010384F849
:10DD10006D304BE7EC32012030B5046894F8FF30E9
:10DD20000025D90793B0C4F8685178D523F00103D2
:10DD300084F8FF3004F5D27008F0A4FC94F8143194
:10DD4000002B78D094F8162184F81451002A6CD155
:10DD5000D4F81C311D688DB1298820460DF0C0FC17
:10DD60002A8895F8B4308DF8063041F214016846DF
:10DD7000ADF80010ADF8042019F0C8FB94F8173185
:10DD800063B1002384F817316E4B94F818211B6897
:10DD90001B68002A51D1298820469847D4F87C3145
:10DDA0002BB1012120460FF057FB18F0C5FA0021D6
:10DDB00020460FF051FB94F8F830022B19D1B4F83B
:10DDC000B0304BB1D4F8AC0008B119F0CFFA002351
:10DDD000C4F8AC30A4F8B030B4F8C0304BB1D4F8CB
:10DDE000BC0008B119F0C2FA0023C4F8BC30A4F892
:10DDF000C030002384F8F8301CF0C6FE18B90121A9
:10DE0000022010F0F9FA94F8153143B18623ADF8E9
:10DE10000030684600238DF8043019F077FB94F841
:10DE2000FF309A070CD4002025E04FF6FF71204602
:10DE30000DF056FCA2E71D46A0E74FF6FF71ABE7D9
:10DE400023F0020384F8FF3094F8F830002BEAD076
:10DE50003C4B1B685B6853B994F84710204610F0A0
:10DE60007DFE94F84730012B07D1002309E02046BE
:10DE700098470028F0D013B030BD626940F271239A
:10DE80005343D4F87C21C4F83031002A3ED142F209
:10DE90001073C4F834312C4A0021204610F02CFABB
:10DEA000D4F87C316BB3D4F82051D4F8383194F8DD
:10DEB0002320D4F83011E818002A41D0A1F5A57329
:10DEC0001B1A5B0803F5A57301FB02521A440344B5
:10DED000CB1AC4F84C31C4F8482101211B4A204612
:10DEE00010F00AFAD4E95A101EF02DFCD4F87C3157
:10DEF0003BB1D4E95A011EF028FCD4F86C010FF0B4
:10DF000045FCD4F868010FF041FC8CE794F823102D
:10DF1000D4F82021D4F8380179B102449B1AA3F532
:10DF2000A5735B08B3FBF1F342F210729342D4BFC6
:10DF3000C4F83431C4F83421ADE742F21073F3E78A
:10DF40001346BFE79034012041BD0001FDF70001F9
:10DF50002DE9F04F05468FB00F460026BB5DAB554F
:10DF60000136202EFAD13C464FF0000854F82C0F11
:10DF7000CDF82080616809ABCDE9068803C3A068AD
:10DF8000E16803C306AA20691860114633461046AB
:10DF90001BF0CEF806AA8346294628461BF0C8F88F
:10DFA000BA4683445AF8300FDAF8041009AB03C3B9
:10DFB000DAF80800DAF80C1006AA03C33346114653
:10DFC0001046CDF834801BF0B3F85FFA8BFB834426
:10DFD00006AA294628461BF0ABF83B465FFA8BFBA6
:10DFE000834453F8200F01935968CDF82C800DF12C
:10DFF0001809A9E803003A469868C9F8000052F8E1
:10E00000380F049251680CABCDE9098806AA03C306
:10E010003346294628461BF08BF85FFA8BFB3A46BD
:10E020005844C3B252F8240F059351680292BB467C
:10E0300006AB03C39068C9F800005BF8340FDBF847
:10E04000041009AB03C3DBF80800186003937B6B73
:10E050000C933B6A0D9306AA3346294628461BF0CB
:10E0600067F8059B6168CDF82C801844C3B220681E
:10E07000059306AB03C33B6AA0680C93BB6AC9F85F
:10E0800000000D9306AA334629462846CDE90988A3
:10E090001AF013FA059BDAF80410181AC4B2DAF869
:10E0A000000006AB03C3DAF80800DAF80C1003C36B
:10E0B0007B6A0C93FB6A0D9306AA334629462846D1
:10E0C000CDE90A881AF0F9F9DBF80410019A241A4C
:10E0D000DBF8000006AB03C3DBF808005168C9F8A1
:10E0E0000000106809AB03C3039B906818603B6B8A
:10E0F0000D9306AA334629462846CDF830801AF0FB
:10E10000DCF9049AE4B25168241A1068029A06AB4A
:10E1100003C310685168C9F8008009AB03C3039BAF
:10E12000906818607B6B0D9306AA334629462846F3
:10E13000CDF830801AF0C1F9E4B2241A64B2444533
:10E140000F4E10DB34B92022294630461BF071FCFB
:10E15000012812D020233246294628461AF0ADF96C
:10E16000241A64B2EEE720233246294628461AF0E4
:10E17000DFFF044464B2002CF5DB0FB0BDE8F08F84
:10E1800004B00101102970B504460E4600F08780E6
:10E1900007D8052946D00E296AD0042921D00025A8
:10E1A0001DE0192900F0828012D81729F7D190F8C4
:10E1B000E23003F0EF03032B76D1D0F8B031002B1F
:10E1C00072D0C37D002B6FD1BDE8704003F0C0BD9D
:10E1D000262900F09380A1F1290255425541284695
:10E1E00070BD90F8E230213B012B0ED890F8E3008F
:10E1F00001280AD1022384F8E33094F86D3043F00B
:10E20000400384F86D300125E9E70622032120460A
:10E2100016F06AFB05460028E1D0002120460BF0ED
:10E22000A5FADCE790F8E230213B012BEBD890F81F
:10E23000E330022B14D115F037FE062120461CF0E6
:10E240009EFB05460028AAD0032384F8E33094F807
:10E25000F43023F0030343F0030384F8F430BEE703
:10E260000622032116F040FB0546002897D0D4E78C
:10E2700010F082F880B194F8E43073B9E37D2BB9E3
:10E2800020460921BDE8704017F0C0BF3146204646
:10E29000BDE870401CF027B8012005469FE7022129
:10E2A000BDE8704007F03ABE1721F0E790F8E4307F
:10E2B000002BA8D110F060F8054630B9012594F87C
:10E2C000E630002B8BD10121A8E7E37D83B9354BE4
:10E2D000D4F8B4111A684978D1701B68DA78252A05
:10E2E00002D92522DA70EAE7012AE7D80222F9E703
:10E2F000314620461BF0F7FF0546E0E790F8E43092
:10E30000002B80D110F038F8002841D0E37D002B9D
:10E3100034D194F8F1305B0606D41A222621204627
:10E3200016F0E2FA0546CEE7204616F014FE054642
:10E3300010B3D4F8B431B4F85C209A81B4F8481022
:10E340005A888A4228BF0A4699885A81D981B4F8E6
:10E350004C00D988814238BF0146914224BF02F166
:10E36000FF3291B21A8919825A82082384F8E43064
:10E37000204616F072F932E71E22CFE794F8E63015
:10E38000002B7FF440AF314620461BF0ACFFC9E7BD
:10E3900094F8E630002B7FF436AF012120460BF0D5
:10E3A000E5F930E7F0020020F8B5804C1AF0B3F838
:10E3B0001CF0C2FF237B012B00F0E280002B00F059
:10E3C000DA80042B00F0DE800023E380237B012B26
:10E3D00000F0E180002B00F0D780042B00F0DF80FC
:10E3E000734B1A68062161F313421A601A6861F3CD
:10E3F00017521A606F49704A09681268A3F5BB6525
:10E40000521A296892B262F31F412960A3F2D451D3
:10E41000A3F5BA66086862F31F4008603768D01C2D
:10E4200080B260F31F4737602F68101D80B260F321
:10E430000F072F600D6860F30F050D60316802F261
:10E44000031292B262F30F01A3F5BE62316011684C
:10E4500041F004011160116841F008011160116878
:10E4600041F001011160A3F5B86244F2291011686E
:10E4700060F30F01116011685048C7F27611116006
:10E48000A3F2CC525525116841F4000111602178A6
:10E49000405C116860F315411160A3F5B9624FF655
:10E4A000FF71106861F30F001060106861F31F4086
:10E4B0001060A3F2C4522226106840F01F001060C2
:10E4C0001068C5F255501060106865F30F20106099
:10E4D0003B4A02201070A3F5C3601D46028842F03B
:10E4E0000102028003F57E70028842F4807202808D
:10E4F00055F8142D012060F35A622A602A6842F010
:10E5000000622A601A6842F080721A60A3F5B7624E
:10E51000106866F3070010602A682A4842F080728B
:10E520002A60C26842F00202C2601A4632F8200D28
:10E530006FF3070010801A4632F81C0D40F0FF0000
:10E5400010802A6842F0FF022A601A4632F8180D3D
:10E550006FF30700108003F5FE7203F5FA7310885D
:10E5600061F30F0010801A8861F30F021A800823EC
:10E5700023710020F8BD012102201DF0CCFD23E70E
:10E580000221F9E70321F7E70F4B1A88012161F314
:10E5900083021A8024E70C4B02211A88F7E70A4A03
:10E5A000138843F00C0313801AE700BF44020020D5
:10E5B000203A014170020020BC3401201898020169
:10E5C0005A02002000100141C03401412DE9F043FE
:10E5D0000B4695B0042818D8DFE810F005001B00A2
:10E5E0009C00A500F7007B4B1478009302220123C6
:10E5F0004721EC2008F08AFA774B0093022301941C
:10E600001A464821EC2008F081FA002015B0BDE838
:10E61000F0831C6894F8E930002BF6D1D2F8008022
:10E6200094F8D8701DF0CCF904F1D90907F001076E
:10E6300006464946384617F025FE0546002E5ED1AF
:10E6400058B1664B0093022201234A21EC2008F0C6
:10E650005DFA002384F8E730D7E74FF4E471042033
:10E6600010F0AAFC06460028F3D0C4F8EC000568B8
:10E670004A463946288811F089FF94F8F030072B74
:10E680000BD1012385F8B43094F8F030072B0FD06C
:10E6900041F21113A5F8193012E0D4F88C301B7830
:10E6A0009B0603D594F8CF30012BEBD00023E9E78C
:10E6B00094F8E530012B14D0002BE9D0022B13D0B5
:10E6C00094F8E510222303FB0141304642462131F4
:10E6D0001CF028F80123A4F8EA30002015F088FD8A
:10E6E000B7E741F21223D5E794F8F330EB76212215
:10E6F000012B6A7614BF23222222AA76E0E7384B48
:10E700000093022201234921EC2008F0FFF9002D9B
:10E710009FD096E733490C68002C3FF476AF114642
:10E720001846A04771E71C6894F8E920E6680023C2
:10E73000C4F8D030002A3FF468AF84F8E93084F898
:10E7400098301BF01FFB18B9042102200FF054FE73
:10E7500094F8EA30D3B194F8EB2072BBD4F8EC30E3
:10E760001D68204629880DF09DFE94F8EB306BB9AA
:10E770002A8895F8B430ADF80C2041F2140102A8B3
:10E78000ADF808108DF80E3018F0C0FED4F88C00EB
:10E7900018F0ECFDD4F8880018F0E8FD124B1A6868
:10E7A000944210D05A68944203D10122002143F8C8
:10E7B0002210304616F024FA27E74FF6FF71204664
:10E7C0000DF070FEE2E70022F0E71B680022C3F8BC
:10E7D000D4201AE7385F0201425F0201505F020154
:10E7E000605F02019C010020CC3301202DE9FF472E
:10E7F0008D7804680E7894F8F870012D38D9022DC0
:10E800003CD094F82530CDE90153794B0093022296
:10E8100001238F21EC2008F079F9764B0093022335
:10E82000EC2001961A46922108F070F9B00640F1EA
:10E83000A180714E94F8039133689B6998473368BF
:10E8400004F5827A09F001098046DB6951464846A1
:10E8500098470546B8F1000F40F0818098B1674BAA
:10E860000093022201231821EC2008F04FF901E067
:10E87000002FC6D1002004B0BDE8F08794F8F9302D
:10E88000002BBED1F6E74FF4E471052010F094FBA5
:10E8900080460028EED0C4F81C010568336828883B
:10E8A0001B6A52464946984794F84730063B012B6D
:10E8B0002CD8012385F8B43094F84720072A07D8CC
:10E8C0000123934013F0130F34D113F0C00F29D15B
:10E8D000BA1E57425741336885F8C471D3F8843063
:10E8E000D4F81021D4F8D81040469847012120468A
:10E8F0001AF016FE002284F81621227B012384F8E8
:10E900001431002AB6D0A4F81731B3E7D4F8DC30BC
:10E910001B78990604D50E201CF08AF90028C8D16E
:10E920000023C7E794F82430022B08D0032B09D02A
:10E93000012BCDD141F21113A5F81930C8E741F2EE
:10E940001223F9E721236B7694F83630012B0CBFA4
:10E9500022232323AB7694F83630EB76B8E7284BA6
:10E960000093022201231721EC2008F0CFF8002D9C
:10E9700080D074E773060AD5012120461AF0D0FD35
:10E98000012384F814313C2384F8163172E7237B89
:10E99000B3B194F849209AB194F8FB3083B97DB9AA
:10E9A00094F848300133DBB29A4284F8483007D8F3
:10E9B000012120461AF0B4FD44F20133A4F81731C6
:10E9C00094F84750012D08D1294620461AF0A8FD99
:10E9D0003C2384F8145184F81631022F7FF44AAF97
:10E9E000012184F8151120461AF09AFD42E700BF74
:10E9F000C6450201DF45020190340120EB450201CA
:10EA0000FB450201F0B581EA030E0EF0004E40F224
:10EA10000007CFF6E07717EA41051EBF95EA070F1A
:10EA200017EA430494EA070F00F0C5806D0DA5EBCB
:10EA3000545707F580674FF0004646EAC12444EA80
:10EA40005054C00246EAC32343EA5253D202801A0A
:10EA50009C4104D20018644180185C41013F5B086E
:10EA60004FEA32020025002140F001004FF0070676
:10EA700004E0801A9C4136D340416441801A9C4195
:10EA800036D340416441801A9C4136D340416441B1
:10EA9000801A9C4136D340416441801A9C4136D350
:10EAA00040416441013E17D0801A9C4136D3404119
:10EAB0006441801A9C4136D340416441801A9C4194
:10EAC00036D340416441090201EB156190EA052506
:10EAD00020F0FF004540CCE7801A9C4156D335E03A
:10EAE00080185C41C8D20018644180185C41C8D2CB
:10EAF0000018644180185C41C8D200186441801835
:10EB00005C41C8D20018644180185C41C8D200182A
:10EB10006441013E17D080185C41C8D2001864419E
:10EB200080185C41C8D20018644180185C41C8D28A
:10EB300000186441090201EB156190EA052520F0F7
:10EB4000FF004540CCE780185C411FD3420918BF45
:10EB500044F00104490101EBD56100F01F0000EB16
:10EB6000451021F4801141EA0E01013041F100010C
:10EB7000244208BF20F00100B7F5006F3EDA013FE4
:10EB800049DD01EB0751BDE8F0407047490101EB59
:10EB9000D56100F01F0000EB451021F4801141EA1F
:10EBA0000E01B7F5006F29DA013F34DD01EB0751A3
:10EBB000BDE8F0407047004218BF41F00101124229
:10EBC00018BF43F00103B7EB410F2CBFB7EB430F66
:10EBD0001CE0B7EB410F04BFB7EB430F16E017EA99
:10EBE000410F04BF17EA430F10E017EA410F12D09C
:10EBF00017EA430F02D0B7EB430F0CD04EF0FE41A3
:10EC000041F470010020BDE8F04070474FF0FE4134
:10EC100041F47801F6E77146F4E770472DE9F04FCB
:10EC20008BB006467D4B0093022201230521EC2088
:10EC300007F06CFF347896F801B0B6F804A01DF028
:10EC400061F98146002840F0DC80754F3868214624
:10EC500004301DF07FFB0546002800F0D48090F8BA
:10EC6000F8301BB1BBF1030F40F0CB8005F1D000B1
:10EC70001CF0C6FF40F2726300EB0A08984509DDFC
:10EC80003868317804301DF065FB012110F074FC08
:10EC9000072455E0BBF1030F37D995F8473013F03F
:10ECA000FD0F57D1BBF1030F5ED1BAF11F0F5BD837
:10ECB0003868317804301DF04DFBB37880F8B930F6
:10ECC000B388029390F825300193564B0093044685
:10ECD000022206210123EC2007F018FF73788DF83B
:10ECE0001C30B388ADF81E300125B368089307A81F
:10ECF00009948DF81D5004F097FA28461DF0FAF893
:10ED0000002420460BB0BDE8F08FBAF1000FC4D04C
:10ED100010201DF0FCFC059050461DF0F8FC059AF3
:10ED20000346002A71D00028059010460CBF072426
:10ED300000241DF0EEFC059B002B6AD1002CACD00A
:10ED4000394B0093019401230022FF21EC2007F0AE
:10ED5000DDFED6E7A3F10A02012A07D9BBF1030FB2
:10ED600002D1BAF1000F01D01224E9E7B8F1000F87
:10ED70009ED0052B9CD98DF81C3095F822308DF84B
:10ED80001E3095F824308DF81F3095F838308DF806
:10ED9000223095F837308DF8233000238DF81D3060
:10EDA000297E1A4621FA03F0C00748BF013203F159
:10EDB000010344BFD2B24FF00109032BF2D1B9F1E4
:10EDC000000F01D08DF81D20B5F83530ADF820309A
:10EDD0001FFA88F2294607A804F028F86A6940F269
:10EDE000712353439842FFF463AFCDE901030F4B06
:10EDF0000093022201238421EC2007F087FE4524A2
:10EE00009EE70C249CE742249AE700283FF440AF99
:10EE1000072418461DF07DFC90E700BF16B60201DE
:10EE2000980100209E8F0201AC8E0201480E020163
:10EE300084B02DE9F04385B00DAC84E80E000428C1
:10EE400000F2A180DFE810F00500B900CA00DA0086
:10EE5000E2000C68109BC4F858310F9BC4F85C3179
:10EE60006D4B6E4802221A706D4B01271F806D4B4F
:10EE7000A4F8FA704FF0000983F800901DF060FBD1
:10EE8000204619F055FF214638460DF011FDD4F803
:10EE900084312046DD68D4E956681CF0ADFA94F858
:10EEA000241038461DF037F95F4B94F836101A8855
:10EEB00061F304121A80E26B92F803C090881A463C
:10EEC00052F8641D6CF30F211160116860F31F414B
:10EED0001160E26B908A03F5BC72116860F31F4108
:10EEE0001160E26BD08A03F5BE72116860F30F0106
:10EEF000116003F5CC7204F5C270116869F3124118
:10EF0000116053F86C2D42F400521A6041462A46B3
:10EF100014F06CFBE36B5A6901921A4601A852F88F
:10EF2000061FCDF8091012798DF80D205B8AADF817
:10EF30000E308DF808700AF0D5FCD4F8842100F06A
:10EF40003F002ABB394B196862F30F01196019465B
:10EF5000B6B251F8040D62F34100354A08601268F8
:10EF6000AD1A0A68ADB265F31F420A6053F8142F58
:10EF700066F31F421A600B6843F001030B60D4F87C
:10EF80005C011BF06FFC05B0BDE8F04304B07047B6
:10EF9000D368996860F3C80199601369D978CF067E
:10EFA00009D511F0080F14BF032101210B44D978B2
:10EFB00060F30501D9701268C3E70C68194A002391
:10EFC00084F8FB302046137019F0B2FE204611F091
:10EFD0004FF8E26B538A01335382D4E70B6893F8FE
:10EFE000FA30012BCFD10CF09DFD0D4A138843F070
:10EFF000040313800B4B00221A70C4E701910D49E2
:10F0000001AB0422012011F0DEFEBCE7019101AB4F
:10F0100004220949F6E700BFCC02002089C701019C
:10F02000C6020020C5020020C03401415C3E0141FF
:10F0300070020020090001010A000101F0B5046816
:10F0400089B0054616461BF0F8F9A36F59020ED594
:10F0500016F0D8F8A36F23F48003A3671AF024FAFC
:10F0600016B1304618F09CF9002009B0F0BDE17FE0
:10F0700019B1B4F85230A4F8583094F86C7017F005
:10F08000010739D10027E26F93077FD5D4E96C31AE
:10F0900094F8E200B4F850C0082818BF0B4622F0DC
:10F0A0000302E2679989A4F8541059890CBF012022
:10F0B00000208C4511D1B4F852E0B3F810C0E645F9
:10F0C0000BD1B4F83EE0B3F812C0E64505D1B4F870
:10F0D0003CE0B3F80EC0E64556D0A4F85010198AAB
:10F0E000A4F85210588AE087DB89A387A4F8581047
:10F0F00042F00402E26749E00029C3D0A37F002B5D
:10F10000C0D020461CF090F90028BBD0E37FD4F893
:10F11000C021C4F8D050834214BF0823002384F8D0
:10F12000D830A37FC4F8D420032B84F8D90084F806
:10F13000DA3017D11378022B07D116F063F8A36FDA
:10F1400043F00043A3671AF0AFF9D4F8D4301B782A
:10F15000112B01D0072B05D1E36F9A0744BF23F091
:10F160000303E3672246039552F8D00F516804ABBE
:10F1700003C39068D168142203C3009603AB3049DF
:10F18000012013F0F3FC7EE70028B1D1002F3DD120
:10F1900016B1304618F004F91BF054FB94F92C30EA
:10F1A00084F82B00002B3FD1C300E38584F82C00AA
:10F1B000D4F84431002B3FF457AF94F8E22092B9D1
:10F1C00094F8E420213A012A0DD91A7C16070AD4B2
:10F1D000B3F81530B4F85C209B1A1BB2002B02DC8C
:10F1E00028460AF073FFD4F844311A7C50067FF5A4
:10F1F0003BAFD3F82220137A99067FF535AF6FF332
:10F2000045131372284607F065FD2DE794F8280092
:10F210000128C1D1022384F82830042203AB094914
:10F22000039511F0D0FDB7E7B4F92E30A3EBE3035B
:10F2300003441BB2E385DB1084F82C30B8E700BF31
:10F2400060040101010601012DE9F84381460E46E3
:10F2500098469500284604F04BFC002800F0968064
:10F260000746542004F044FC0446002800F08B803C
:10F27000542200211CF01CFC27632A46A521384695
:10F280001CF016FC043D236B1D4425F007058EB1D0
:10F29000337884F8343053B1334604F134010F36F7
:10F2A00013F8012F01F8012F0AB1B342F8D100235E
:10F2B00084F84330089B042B28BF04231F46E362D5
:10F2C0006364261D30461DF00CFA04F118001DF091
:10F2D00008FA2461C7F10503A36164624246494606
:10F2E000284619F09FF92060099B03B11C601BF0B0
:10F2F00009F9424A136801331360414B1B68002B24
:10F3000048D0404B1B683BB93D4B1B68DA6AE36A47
:10F310009A429CBF3A4B1C603B4A1368013313600E
:10F32000E36A3A49086801229A4002430A60384A6F
:10F3300003EB830302EB83035B68A3609968E160DE
:10F340004E609E60E06A81000B189B00D5186561D5
:10F35000014452F821100131D1501CF073FA294BAD
:10F360001B68002B46D0264B1B68DA6AE36A9A4278
:10F3700042D2284B4FF080521A60BFF34F8FBFF339
:10F380006F8F012004E038460CF00EF94FF0FF308B
:10F39000BDE8F8831A4B1C60184B1B68012BBBD1CE
:10F3A0001B4D28461CF09DF805F114001CF099F83F
:10F3B00005F128001CF095F805F13C001CF091F8CF
:10F3C00005F150001CF08DF8134F38461CF089F8F9
:10F3D000124D28461CF085F811481CF082F811489F
:10F3E0001CF07FF810481CF07CF8104B1F60104B8D
:10F3F0001D6091E70120CBE70120C9E71C34012003
:10F400001034012040340120283401202C34012004
:10F41000502F012004ED00E0183301202C3301208F
:10F42000403301206833012054330120143401207B
:10F43000183401202DE9F34114466A4607460E466A
:10F440000D6801F071FB2378012262F305039DF83A
:10F450000020237012F0010C1FBFDBB2072161F303
:10F460000503237012F0020006D02378C3F30501D0
:10F47000063161F30503237012F0080107D02378E9
:10F48000C3F3050E0EF1020E6EF305032370D306CF
:10F4900007D52378C3F3050E0EF1030E6EF30503B3
:10F4A0002370930607D52378C3F3050E0EF1120ED1
:10F4B0006EF305032370530607D52378C3F3050EB7
:10F4C0000EF1010E6EF305032370737A3BB12378BE
:10F4D000C3F3050E0EF1090E6EF30503237012F04F
:10F4E0007B0F08D196F809E0BEF1000F03D1237815
:10F4F0006EF3050323703379093B042B19D8DFE839
:10F5000003F00303090909003B78A3F1080EBEF1DB
:10F51000010F03D823786FF3871309E0A3F1060ED8
:10F52000BEF1010F6DD823784FF0010E6EF38713F3
:10F5300023702378627013F03F0318BF0123BCF1DE
:10F54000000F0CD003F1010CAE46A4445EF8288FE6
:10F55000CCF80080BEF804E0ACF804E0063360B1FB
:10F56000581CAC4620445CF82EEFC0F800E0BCF814
:10F5700004C0A0F804C00633DBB2D9B13878A0F1DA
:10F580000A010129BDF8041042D8B5F8C20060F3A1
:10F590000B01ADF8041095F825009DF8051060F3F7
:10F5A00007118DF80510E118BDF80400A1F801005D
:10F5B0000233DBB2D00644BF0333DBB2910644BF53
:10F5C0001233DBB2520605D5E21895F827105170B8
:10F5D0000133DBB2727A8AB15A1C22441C44E96BB3
:10F5E00008236370282353700B4653F81C0FC2F88E
:10F5F00002001B7993714B8BA2F8073002B0BDE873
:10F60000F0810A3B012B94D823784FF0020E8DE74E
:10F610000C280ABFE86BB5F8B200C08DB7E7704799
:10F6200008B54FF0884200BFD2F8203113F4007FB4
:10F63000FAD0684B41F202022721995203F5805219
:10F6400042F27801118041F204015A5842F48012CA
:10F650005A50614A136813F4801FFBD15F4B1B683B
:10F6600003F47043B3F5805F40F092805C4A536AC4
:10F6700013F0010FFBD04FF088430022C3F8D020D5
:10F68000584AC3F8D02002F12B42A2F54B12A2F641
:10F69000AB42C3F8D02003F520634FF400721A6028
:10F6A00001229A601A46136813F0010FFBD1494BEF
:10F6B000B3F8BA2442F00202A3F8BA24B3F8BA2489
:10F6C00002F0FD02A3F8BA244FF08843D3F82021BA
:10F6D00022F07F42C3F820214149CA6822F07E020D
:10F6E00042F00402CA600022C3F8D0203D4AC3F8A9
:10F6F000D02002F12B42A2F54B12A2F6AB42C3F886
:10F70000D02003F52063384A1A620A46536A03F090
:10F710000303032BFAD1314B344A1A6001229A6059
:10F720001A46136813F0010FFBD12C4A48F2090363
:10F73000C2F8803140F20123C2F8A0304FF40043F8
:10F74000C2F8A8304FF088434FF41041C3F880103E
:10F750000021C3F89010C3F8A010C3F8B0102448DB
:10F76000C3F8E000C3F8F0102249C3F800111C49A7
:10F77000486840F010004860086840F088700860F1
:10F780000821116311644FF03332C3F8D02008BD53
:10F79000104B41F202022E21995203F5805244F29D
:10F7A0002831118041F204015A5842F480125A5013
:10F7B000094A136813F4801FFBD10F4B186820F41B
:10F7C0009F7020F001004FF2D0231B6840F48A7034
:10F7D00098474BE70020014104300141000A0044F2
:10F7E00000400141556699AA080101C001012000AD
:10F7F000E0070120FEFF730F0024014484B02DE9CF
:10F80000F34109AC84E80E00042800F28780DFE8A9
:10F8100010F005008500B300C000C8000C680C9B08
:10F82000C4F840310B9BC4F84431604B604801255B
:10F830001D70604BA4F8FA501D805F4B00221A70B7
:10F840001CF07EFE284621460DF032F8214628465F
:10F8500006F0EEF8D4F87C312046DD68D4E9506833
:10F8600017F094FA20461BF0C7FD204613F070FDF8
:10F8700094F82420514B022A04F5BE7753D0032A72
:10F8800054D01A88482161F30E021A804C4B94F828
:10F8900036101A8861F304121A8053F86C2D6FF336
:10F8A0004D321A6094F8241003201CF034FC2A46D0
:10F8B0004146384613F09AFE94F85220D4F87C3131
:10F8C00002F03F02002B35D1D4F87C21002A3AD136
:10F8D0003C4B1B680BB1204698473B4B1A681946B6
:10F8E0006FF30F021A6051F8042D6FF341020A60A2
:10F8F000364A1268AD1A0A68ADB265F31F420A6053
:10F9000053F8142FB6B266F31F421A600B6843F027
:10F9100001030B60D4F844011AF0A4FF02B0BDE863
:10F92000F04104B070471A882D21ACE71A884FF4D3
:10F93000D271A8E7197A21B9D968886862F3C8003A
:10F9400088601B68BEE7537FA3B11169C87810F0C7
:10F95000010F0CBF01230723870748BF06330007A9
:10F9600044BF0233DBB20B4494F85200D97860F301
:10F970000501D9701268A9E70B6893F8FA30012BDA
:10F98000CCD10CF0CFF80B4A138843F0040313805A
:10F99000C4E701910E4901AB0422012011F013FAD2
:10F9A000BCE7019101AB04220A49F6E7CC02002032
:10F9B000C9B30101C6020020C50200206C38014114
:10F9C000C0340141FC3401205C3E01417002002042
:10F9D00007000101080001012DE9F04190F8E23033
:10F9E000062B92B0044640F0DD80002109F0BEFEF7
:10F9F000D4F84431D87D1BF0C5FFD4F8443193F9D5
:10FA00001B20197C003218BF012262F30411197403
:10FA1000D4F84421137C5907054621D56FF382039E
:10FA2000137441F22103ADF800302388ADF806309D
:10FA300002238DF80830431C8DF809300022D4F8D9
:10FA400044318DF80420197F8DF80A109B7E8DF8C3
:10FA50000C20C3F3010368468DF80B3017F056FDF8
:10FA6000D4F8443193F91C207E2A00F08B807F2A41
:10FA70002DD02B441A71D4F844315A199B7E13733C
:10FA8000D4F844311A7C02F01202122A1FD141F23A
:10FA90002102ADF8002000228DF804202288ADF864
:10FAA000062001228DF80820AA188DF809205A197D
:10FAB000684692F904108DF80A10127BC2F3010215
:10FAC0008DF80B20DB7E8DF80C3017F01FFDD4F87D
:10FAD00044315B7F013BDBB2FD2B53D829462046E6
:10FAE0001BF0CAFBD4F84421537FC7B2FB1A53550D
:10FAF000D4F844612E4480460121304616F02CFB98
:10FB00003072D4F844215357434517D0DB1B82F899
:10FB10002030D4F844315A192946127ADA77D4F8C9
:10FB200044210123AB4093772046D4F844611BF075
:10FB3000A3FB86F82100204619F07CFAD4F8443162
:10FB40001A7CD2071ED541F22102ADF80020002216
:10FB50008DF804208DF808202188ADF806106A1C65
:10FB60008DF809205A578DF80A205A196846127ADA
:10FB7000C2F301028DF80B205B5DDB1B8DF80C30AE
:10FB800017F0C4FCD4F844311B7C1B070ED50A20A7
:10FB900008F06CFDC4F8B00120461CF043F812B028
:10FBA000BDE8F08124211AF09EFBF8E70120F6E77A
:10FBB0002DE9F043066896F82C3085B0C3B10A7978
:10FBC000336D96F82D70342402FB04342FB10020DD
:10FBD00084F82D0005B0BDE8F083D1F80080042141
:10FBE00008F1020005F0A6FF054618B984F82D00BB
:10FBF0001F20EFE7837813F0C00F0FD003F0E0036E
:10FC0000402B0BD05B4B00933A460123FA21EC20AA
:10FC100006F07CFF84F82D700020DBE72B886382E0
:10FC2000AB78237595F90000AB786A78002803F06B
:10FC30001F0742EA0727BCBF4FF4967117FB01F775
:10FC40002978A8BFC7EB071703F01F03A8BF7F00E1
:10FC500011F0400F42EA03220CBF4FF4FA71322137
:10FC60000028AEBFC2EB02124FF4967312FB03F2F0
:10FC7000414801F5FA73A8BF52005A43B2FBF0F1B4
:10FC800000FB112202B101312368A16123F47F033B
:10FC900023F47F43002B55D1327C98F80130022A9F
:10FCA00054D0032A56D00533DB003322A7F1720863
:10FCB000A8EB0101CB1AA3EB02086389D4F8060074
:10FCC0009B004FF6FC7119401CF0F4FC8146404645
:10FCD0001BF03BFD0146484614F06EFFAB785B0914
:10FCE00003932B7803F03F03CDE90173234B00937B
:10FCF000804601230222A821EC2006F007FF204BBA
:10FD00000093CDE9019801230222A921EC2006F0FD
:10FD1000FDFE2A78A37C62F30503A374AB78227DF1
:10FD20005B0963F347124FF47A7322750121C6E928
:10FD30000C33C6F83C8004F13003124A30460EF012
:10FD40009BFB69E7AA7852090132A6E705339B00BD
:10FD50001E22ABE722791209012A09BF1B019B0170
:10FD6000563302F5C6721CBF03F2511340F28D12D6
:10FD70009CE700BF4626020140420F005B260201BD
:10FD8000822602013D4B01012DE9F04F0378914697
:10FD9000A3F10802012A87B080460F4665D891F882
:10FDA000F920B9F1000F06D1134622B991F8FC10E1
:10FDB000002900F0B8804FF48073ADF809300023BB
:10FDC00001978DF80D30002A4DD197F8FC308DF851
:10FDD0000B306A460A2301A940468DF8083000F02E
:10FDE000A3FE01A968460FF0F1FF01266A4683468B
:10FDF00001A940468DF8096000F096FE01A9684609
:10FE00000FF0E4FF0025524B02936A4601A9044615
:10FE1000404601978DF80D5000F086FE01A9684616
:10FE20000FF0D4FF6A4601A9824640468DF809606A
:10FE30001FFA8BFB00F078FE01A968460FF0C6FFA1
:10FE4000CB4575D2A9EB04091FFA89F329461FFA9D
:10FE50008AFA01319A45C9B203D21D1AABB2002BFE
:10FE6000F7D1002565E00123B1E70A3B012B4FF0F4
:10FE7000000460D8B9F1000F62D0364B01916A4698
:10FE800001A902938DF80D4000F04EFE01A96846CD
:10FE90000FF09CFF4FF0010B6A46824601A94046D5
:10FEA0008DF809B000F040FE01A968460FF08EFF02
:10FEB000274B02936A4601A90546404601978DF8F3
:10FEC0000D4000F031FE01A968460FF07FFF6A4641
:10FED00001A9064640468DF809B01FFA8AFA00F0DB
:10FEE00023FE01A968460FF071FFCA4525D2A9EB90
:10FEF00005091FFA89F32146B6B201319E42C9B203
:10FF000024D21C1AA3B2002BF7D11C4687F84A3022
:10FF100087F84B1087F84D4087F8500087F84F500E
:10FF200007B0BDE8F08F1046154614461146EDE7C0
:10FF300029460123EAE72046254621462346E5E7F0
:10FF400048464D464C4649464B46DFE70024F5E718
:10FF50000D0001000B000100F0B585B000230293F5
:10FF6000ADF8043090F85230012B044601A902A8E4
:10FF70002AD118F051FD029AA36DB4F854101A4416
:10FF8000BDF804300B449BB240F2E1418B42C2F316
:10FF90001602029285BFA3F2E2430132ADF80430AB
:10FFA000ADF8043088BF02926678636916F00407E2
:10FFB00041D19C42DD6936D05B785B0707D446F0BF
:10FFC0004006667005B0F0BD18F026FDECE7A06EA7
:10FFD00018F040FE2844C0F3160067F34516E061B0
:10FFE00066704F4B029A1B6893F82E12801A03EB2F
:10FFF000410340F27125C0F316006843BDF80420A8
:020000040101F8
:10000000B3F8265205EB9205C5EB50054FF40051AD
:1000100094F8500019F074FB6464294604F1380028
:1000200004F0FCFCCEE7A06E18F014FE2844C0F3E8
:100030001600E061D5E79C42029AE369A3EB020354
:10004000C3F3160340F2712202FB03F31CBF6FF3EC
:1000500045166670012B4FEA530584BFBDF8043086
:10006000A5EB93052E4B1B6893F82E2203EB42035E
:10007000B3F8263203F27122AA4217D9A06828B138
:10008000837843F0080383700BF0B0FF4FF4002136
:1000900094F8500019F034FB204619F0A5FF002217
:1000A000214694F850001CF022FB8BE7ED1A94F8DF
:1000B00052306464012B0DF1060103A82CD118F015
:1000C000ABFC039AA36DB4F854101A44BDF8063083
:1000D0000B449BB240F2E1418B42C2F31602039201
:1000E00085BFA3F2E2430132ADF80630ADF8063029
:1000F00088BF0392DDE902239A4204D1BDF806309D
:10010000B3F5966F01D3A5F59C754FF4005194F8A3
:10011000500019F0F5FA80E718F07EFCEAE700BF1E
:100120006002002070B50468154620460E4616F0A1
:10013000FEFA2978204610F03FFC2B78023B232B57
:1001400013D8DFE803F01E1212123E45124C123E85
:10015000535A125C12643E3E6B72791212121212E2
:100160001280801212121286949FE37D002B00F001
:100170009480E37D012B00F0A0802B78022B02D02D
:1001800007E0022E13D0D4F8C43023F00103C4F8E2
:10019000C430297820461AF0A6F82046002109F03C
:1001A000E5FA2046012109F0E1FA012070BD294657
:1001B00020461CF067FA29782046BDE87040F5F724
:1001C00019BA012E14BF00260126002EF3D1E0E754
:1001D000022EDED1294620461CF058FAEBE7092E04
:1001E000D7D12946204603F0E7FEE4E7062ED0D11A
:1001F000294620461AF056FADDE7022EE2E7182ECD
:10020000C7D10F222946204610F004FBD3E7032E66
:10021000BFD1294620461CF03DFACCE7092EB8D1C3
:100220002946204612F046F8C5E7092EB1D12946E5
:10023000204616F05BFCBEE7032EAAD129462046D5
:1002400019F01EFEB7E7022E97D16B7884F82A309A
:10025000B1E7D4F84431002B9BD0042E99D12A4623
:1002600032F8011FA3F8171092785A76A3E7D4F852
:100270004431002B8DD0052E8BD1D5F80120C3F849
:100280001A2098E7D4F84431002B82D0052E80D173
:10029000D5F80120C3F81E208DE70D4B1B68002BFD
:1002A0003FF46BAF2A4631462046984702283FF478
:1002B00060AF01283FF47FAF5FE7064B1B68002B60
:1002C0003FF45BAF2A46314620469847F1E700BF2E
:1002D0009C340120A034012038B5684B1A680520F1
:1002E00060F31F721A601CF0B3F903F57E7140F2DF
:1002F0003B100A8860F30F020A8003F20C4240F2BE
:10030000E244108840F001001080088864F30F0078
:100310000880118841F002011180A3F5DC724FF4CE
:100320003470116860F31A41116003F502723430C1
:10033000118860F30F011180A3F2A45214201168F8
:1003400060F31741116003F50471A4F5DB740888AC
:1003500064F30F0008804FF088411546096C484847
:1003600003F5067201F44051B1F5005F11880CBF2E
:1003700024240C2464F30701118042490A886FF396
:1003800007020A801A686FF307021A600A4652F8D9
:100390001C3F6FF30003136013686FF34103136096
:1003A00013686FF30413136013686FF3451313603E
:1003B00013686FF3861313600B4633F8244F6FF303
:1003C00000041C801C886FF341041C801C886FF3A0
:1003D00004141C801C886FF345141C801C886FF368
:1003E00086141C80146844F004041460146844F0FB
:1003F000080414601A8842F004021A801A8842F035
:1004000008021A802B685C2262F30F232B60B0F87D
:100410005031A12262F30F23A0F85031B0F85031CF
:100420008C2262F30703A0F85031D0F8143102F2A5
:100430006F1262F3184301F2FC42C0F814311368E2
:1004400043F000531360A1F541731A686FF39E7275
:100450001A60A1F55573A1F5F2711A686FF3104295
:100460001A60B0F8083C122262F34913A0F8083C65
:100470000B8843F003030B8038BD00BF0C3A0141E9
:1004800000240141043A0141F8B5A0F14A03B3F553
:10049000C56F05460C4600F2A180102900F29E802F
:1004A000504B514F514E0022542101201A600EF042
:1004B00083FD5421386001200EF07EFD3F683060DE
:1004C000002F00F08D80002800F08A80484B7B6070
:1004D0004360484B1D80484B002C7DD1B5F5007F13
:1004E00094BF042208221A70444D28460024182282
:1004F000214600F8044B1BF0DBFA414BEB60414D09
:1005000028461822214600F8084B1BF0D1FA3E4B32
:100510002B613D6801232B73AF60EC85AC6485F8DB
:100520002C40D0201CF0F3F82346286520462A6D85
:1005300002443430D028137082F8243082F82D30F1
:10054000D3851363F3D13149C5F812100122316804
:100550002A740C68E385A3644FF00003A160227342
:1005600084F82C301CF0D3F8002220651146236D4E
:1005700013443432D02A197083F8241083F82D10D4
:10058000D9851963F3D1214BC4F8123003252049D2
:10059000257401201BF06EFF1E4902201BF06AFF2C
:1005A0001D4928461BF066FF1C4905201BF062FF11
:1005B0001B4906201BF05EFF1A4907201BF05AFF5B
:1005C000194908201BF056FF18481BF0C5FF1848B2
:1005D0001BF0CEFF0020F8BD1C7085E71120FAE764
:1005E0000720F8E7A8340120B8010020B40100205A
:1005F000E15302012235012034350120B4320120BB
:1006000001010501783201200101060110000500F9
:10061000F1270001C97E0201B1FB0001B51B0201F7
:1006200019A00101C1620201094A0201F5C60101D6
:10063000835602012DE9F84F5D4B1B68002B40F0FB
:10064000AE805C4B1D6801351D60E5B15A4B1B68DF
:10065000AB4225D90024594B1B68DB6A03EB8303AB
:10066000574A52F82330022B28BF0124554B1B68F0
:10067000002B00F09180544B1B68002B18BF012405
:100680002046BDE8F88F514A1168514B1868106038
:100690001960504A13680133136018F0EDFDD5E777
:1006A00000244A48A3464C4E4FF0010C444ADFF860
:1006B0000C8135E0404B4FF0FF321A60CBE73E4BE8
:1006C0001960C8E7D96AD6F800A00CFA01F949EA1E
:1006D0000A09C6F8009001EB810102EB810149682B
:1006E0009960D1F80890C3F80C90C9F804E0C1F8FB
:1006F00008E0D3F82C904FEA890101EB090E02EBD8
:100700008E0AC3F814A052F82E10013142F82E10B0
:10071000D8F800E0D96ADEF82C30994288BF01246D
:1007200003681B68002BC5D00368DB68DB68596869
:100730008D42C4D3D3F81490D9689F68B9609F687C
:100740004F6003F1040ED9F80410714504BFD96855
:10075000C9F80410C3F814B0D9F800100139C9F869
:100760000010D3F82890B9F1000FABD0196ADF69F7
:10077000B960DF694F6003F1180AD9F804105145D8
:1007800004BF196AC9F80410C3F828B0D9F80010DA
:100790000139C9F8001095E7FEF73FFA6BE7094AFF
:1007A000136801331360FEF738FA002468E700BFCE
:1007B0002434012044340120343401201034012039
:1007C000502F01203C3401204834012014340120F2
:1007D00018340120383401202C3401202DE9FF4742
:1007E0000025044689461F46057001F1FF3813783D
:1007F0000BB145450BD3624B1B7803B923704545BC
:1008000088BF09F10105284604B0BDE8F087252B13
:1008100007D05B49097811B904F8013B0135013271
:10082000E5E75378252B37D0561C3378302B4FF023
:1008300000001AD101464FF00A0C725CA2F130039D
:10084000DBB2092B0ED922F0200EAEF1410EA2F13F
:100850006103BEF1050FDBB206D8052B26D8A2F145
:100860005703DBB2092B29D90E4433786C2B08BF10
:1008700001363378702B5FD027D8632B39D0642BA7
:1008800051D0582B3AD13E4B3A681B78039204372B
:10089000002B68D1019058E039490978961C00294D
:1008A000C3D104F8013B01353246A0E7A2F1410370
:1008B000052B02D8A2F13703D3E7002301310CFB4B
:1008C0000030735C002BB8D1CEE7752B18D0782B95
:1008D000D9D0732B12D13B680437013B5A1C0DD081
:1008E00013F8012F52B1454508D204F8012B013508
:1008F000F4E73B6804F8013B04370135721C76E7E6
:100900001F4B3A681B78039204370BBB019000938E
:100910000A23A8EB050120460DF06EFC5FFA80FA71
:1009200054445544EAE7164B3A681B78039204375F
:1009300073B901900123EAE7114B3A681B780392DF
:1009400004372BB904230193012300931023E0E71C
:10095000002808BF04205FFA80FA524603A9204607
:100960001AF062FADCE740B1C107C0F3470AF4D5D8
:100970000AF1010A5FFA8AFAEFE74FF0010AECE7A1
:100980002E3501202DE9F3410E4604464FF4003187
:1009900090F85000174618F0B3FE3378990604D546
:1009A0003069206618F040F9206233785A0604D581
:1009B0007069606618F038F960623378DB0744BF0D
:1009C000737884F8513033789D072BD5B3784BB3C7
:1009D00001204FF4006118F093FEA378580700F14E
:1009E0009F80D4F80880B8F1000F66D098F80030E6
:1009F000012B454602D140460BF0F8FA0023C5E929
:100A00001A3385F85330AB702B886D6123F49F63E4
:100A100023F007032B8028460EF090FAAB7843F0C2
:100A20000403AB703378590744BFB368A3653378C8
:100A30001A0744BFB388A4F854303378DB0639D59D
:100A4000F368E269E3655B0A9A4233D0012FE36100
:100A500030D0012384F85330A36E5BB394F8523046
:100A60000DF1020101A8002B36D117F0D5FF019B33
:100A7000E569ED1A2B4B1B6893F82E2203EB42031A
:100A8000EDB2B3F8266206F27127384618F0CCF8BA
:100A9000A8423DD840F271235D43BDF802309B0867
:100AA000C3EB55039F4205D86464991B04F13800D9
:100AB00003F0B4FF02B0BDE8F0812569002DB1D08C
:100AC0007822214628461AF0AFF9A560EC60C4F8F8
:100AD0000C80C5F8088091E717F09EFF019AA36D7E
:100AE000B4F854101A44BDF802300B449BB240F2E3
:100AF000E1418B42C2F31602019285BFA3F2E243A9
:100B00000132ADF80230ADF8023088BF0192AEE795
:100B100000231A46194694F850000BF0B3FAC9E7BF
:100B200025466BE76002002010B5137803F07B03C5
:100B300013700B79093B042B36D8DFE803F0035917
:100B40009FACB50004780B2C2ED80123A34013F4DE
:100B50004C6F49D19C0528D4DB0525D549791378FC
:100B600089B18178032908D16FF3000313701378DA
:100B700023F07A0343F0180315E081790029F3D1BB
:100B800043F00103F2E7817981F0010161F3000391
:100B900003F0C5031370C37913B18378032B4CD1D1
:100BA00013786FF38613137010BD4979137879B1F8
:100BB0008178032923F0030304D11370137823F001
:100BC0007803D7E781790029F7D143F00303F4E7ED
:100BD000817923F0030321B11370137823F03803D4
:100BE000D8E743F00303F7E7137823F07B03C1E76B
:100BF0000378063B052BD7D8DFE803F0343A032609
:100C0000343A8378032B137801D18479CCB16FF314
:100C100000031370137823F00A0343F008031370E2
:100C20004C79DBB264F304131370C979DBB261F35E
:100C300045131370C379002BB2D0137843F04003EF
:100C4000B1E743F00103E4E78378032B137823F043
:100C5000030301D1847914B113701378DDE743F0F5
:100C60000303F9E7137823F03B0343F00903E0E7BC
:100C7000137823F03B0343F00B03DAE7137823F0F8
:100C80000B0343F0090313704979DBB261F30413DA
:100C90006FF34513CDE7137823F0030313708C79BA
:100CA000DBB264F3C303EEE7137823F0030313709E
:100CB0008879DBB260F3C30313704979DBB261F367
:100CC000041303F09F036EE730B5634D2B688BB0C0
:100CD000C3F8040204461BF0D7FA58B14FF40041A0
:100CE00094F8500018F00CFD0022012120460DF070
:100CF000C1F94FE0002C4DD02378022B4AD1ADF83A
:100D00000E000DF10E0104A817F086FE94F8523083
:100D1000012B18D1049AA36DBDF80E101A44B4F833
:100D200054300B449BB240F2E1418B42C2F31602B5
:100D3000049285BFA3F2E2430132ADF80E30ADF864
:100D40000E3088BF04922B68049993F82E2203EB8F
:100D500042032046B3F82232BDF80E2016F0DAFC2A
:100D6000A3785A071FD51B071DD5E5684FF48031BE
:100D7000012018F0C5FC0022012120460DF07AF96F
:100D80002B78022B08D12846FFF79EFFA3786FF33C
:100D9000C303A3700BB030BD0023224619460120C7
:100DA0000BF070F9F2E72B68D3F80822002A4DD136
:100DB00000284DD1C3F80842236F1B7A1A1F012A5D
:100DC00003D8042B3CD119F0D1FE206F1BF07CFB23
:100DD000A26A94F8500040F2712353435B08E36227
:100DE0004FF4007118F08CFCA1782046C1F380010B
:100DF00009F05CF82B68D3F8343233B194F8510021
:100E0000032894BF002001209847656F03232370B7
:100E1000002DBFD0236FCDE90534E36D0793E36A5E
:100E20000893A378C3F380038DF824300AAB13E949
:100E300003008DE8030005AB0ECB0020A847A9E70F
:100E4000B4F85410A06D18F055FFBEE70028A1D0EB
:100E50004FF4807144E700BF60020020F0B50468E1
:100E600087B094F8E9300191002B40F0A18001A9EE
:100E700005A819F0F4F901A90DF10E00059F1AF06B
:100E8000A9FB01A904A81AF0A5FB01A90DF1120004
:100E90001AF0A0FB0421B81C04F04CFE054620B952
:100EA00084F8E6001F2007B0F0BD0388A4F8F430F2
:100EB000837884F8F63090F9006082784178002ECB
:100EC00002F01F0341EA0323BCBF4FF4967013FBEB
:100ED00000F32878A8BFC3EB031302F01F02A8BFDA
:100EE0005B0010F0400F41EA02210CBF4FF4FA7092
:100EF0003220002EADBFC1EB01114FF4967211FBF1
:100F000002F1490000F5FA7236485143B1FBF0F6A0
:100F100000FB161101B1013694F8CD20C4F8F86039
:100F2000002A47D194F8F220002A43D1617E7A78D2
:100F3000022943D0032945D00532D2003321723B28
:100F40009E1BBDF80E00BDF8103040EA0340BDF80E
:100F500012300590B21A561A9B004FF6FC711940D8
:100F60001BF0A8FB074630461AF0EFFB0146384657
:100F700013F022FE2A7894F8F43062F3050384F823
:100F8000F430AB7894F8F620C4F8C0005B0963F342
:100F9000471200254FF47A7384F8F620C4E92D3304
:100FA00084F8E6502B46104A0121204609F046FA03
:100FB000002078E7A97849090131B8E705329200A5
:100FC0001E21BCE794F8F310012909BF1201920118
:100FD000563201F5C6711CBF02F2511240F28D115A
:100FE000ADE700BF40420F004DC201012DE9F04FB7
:100FF00089B099465C4B0093CDE9010207460D4646
:101000009046012302227421EC2005F07FFD1AF0A6
:1010100079FFB8B9554E3068394604301BF09AF95B
:101020000446002800F09580C26B5AB190F8F91080
:10103000EB1E5FFA88FADBB211B990F8FC0018B128
:10104000012B09D90C2440E0012B40F28880BAF131
:10105000000F0DD1122438E0042D07D10029F9D05A
:10106000938D002BF6D0BAF1000FF3D1002006E0EB
:1010700015F0FD0F03D102F134001AF0C1FD504408
:1010800081B240F27263994205D9022120460EF0E6
:1010900073FA072419E00122204606F0CDFEE36B27
:1010A000DA8940F2E2435343984218D3CDE9010371
:1010B0002F4B0093022201239D21EC2005F026FDF9
:1010C000204602210EF058FA45242A4B0093019441
:1010D00001230022FF21EC2005F018FD17E0032D6D
:1010E00019D93068394604301BF034F902230790CF
:1010F00005A88DF815308DF81450ADF81680CDF890
:10110000189002F091F801201AF0F4FE0024204615
:1011100009B0BDE8F08FBAF1000FE2D010201BF04B
:10112000F6FA834650461BF0F2FA8246BBF1000FF6
:1011300011D0002858460CBF072400241BF0E9FA00
:10114000BAF1000F02D050461BF0E3FA002CC8D0D1
:10115000BBE74224B9E700289BD00724F3E7042D1E
:101160003FF478AF8BE700BF03A90201980100208C
:101170000D56020132560201F0B587B00379039390
:10118000C37802930388019305465C4B0093EC20DF
:1011900001230222512105F0B9FC288818F036FFFE
:1011A000002800F0A8800468204618F009FC0028F8
:1011B00000F093800A2007F059FA0121C4F8B00129
:1011C000204619F0B2F800210646204619F0ADF885
:1011D000AA78032A074610D0EB78B3421BD12979AD
:1011E000814218D1042E08D1EB88012B08BFE37689
:1011F000EB88022B01D10023E37630461AF024FD60
:10120000054638461AF020FD0023024629462046AE
:1012100016F014F94EE012F0010F18BF072384F8FE
:101220004231AB78D4F8B0219B0754BF2B79072308
:1012300084F84331EB88D3805A1E012A07D8012B4A
:1012400008BFE376EB88022B04BF0023E37694F813
:10125000F23043F0020384F8F230D4F844312BB377
:101260002A79042A03D1E988E1B9E17EE1B9DA7586
:10127000D4F8443100261E76E8781AF083FB014644
:101280002046D4F8445119F0F7FF6876D4F8442189
:10129000137C43F00803137420461AF0E8F9304633
:1012A00007B0F0BD0229E2D00822E0E720461AF09C
:1012B000B9FC08B10026F2E794F8F23060F341037C
:1012C00084F8F23007260E4B00930196012300228A
:1012D000FF21EC2005F01AFCE1E72868696804ABFF
:1012E00003C3082204AB0421204611F011F806467E
:1012F0000028E8D1DEE70226E5E700BF9895020165
:101300008A950201F0B585B00468CB7902932388F1
:1013100001930D465B4B0093022201235D21EC20DB
:1013200005F0F4FBEB79012B2BD059B219B1182B36
:101330002ED005B0F0BD94F8F230D80702D5204683
:1013400010F0A8FB1121204617F089FE1BF080F851
:101350000128EED994F8AA30002BEAD00021D4F865
:10136000CC001BF0ABF80028E3D094F8AA30013B86
:1013700084F8AA3094F86D3043F0040384F86D309B
:10138000D7E71221204605B0BDE8F04017F067BE50
:101390001321204617F063FE0121204618F0C5FFF7
:1013A0001AF052FC00210646204618F0BEFF1AF043
:1013B0004BFC002302463146204616F03FF8D4F895
:1013C0004431BBB3E57D012D2ED1032E43D1002541
:1013D00083F82050D4F844319A7ADA77D4F844313B
:1013E00004229A7702212046D4F8447119F044FF70
:1013F00087F82100204617F01DFED4F8443183F809
:101400002050D4F84431DA7ADA77D4F8443108221B
:101410009A77D4F844513146204619F02DFF85F8CB
:101420002100204617F006FED4F844311A7C6FF3F1
:10143000C3021A74144B1B681A7AD10754BF5A7A24
:10144000072284F842211A7A92074CBF07239B7A1D
:1014500084F843316DE72946204616F03DF8D4F86C
:101460004431002283F82020D4F844311A188540F2
:10147000127ADA77D4F844319D770146D4F8445192
:10148000CAE700BF71850201AC0100202DE9F043DD
:1014900090F8018018F00408BBB0044610D190F811
:1014A0005030D0F81490012B04D1484508D140F6B3
:1014B000111312E0484509D099F80120520719D4B8
:1014C0006078C0F380003BB0BDE8F083C26D520A83
:1014D000C261002BEBD103F20123ADF8183011E00B
:1014E0004FF001085EE0B8F1010FF9D163786FF3B6
:1014F000820385E0002BDAD142F20523ADF81830E3
:101500004FF00108E06E17F0A5FBA38C87B2DD1940
:10151000ADB2B5F5487F88BFC3F54877D9F81C3020
:10152000079384BFBFB24FF4487519F03BF8354BB1
:101530001B6893F82E2203EB4203B3F82612B3F88C
:101540002A6240F239130E44B6FBF3F694F8523097
:10155000013606442C48012B06EA000604D1E36953
:10156000A26D9B1A0340079301F2712017F072FBE2
:10157000D9F8243000EB0309A06E17F06BFB484547
:1015800003D2B8F1000F18BF4846079B1E4A034418
:101590001340A3EB060818F48008F8D1013D1D4460
:1015A0000793154000238DF8163001238DF817306E
:1015B000079BCDE908350DF11703019308AE0DF136
:1015C000160306A8009302963B4607AA214610F888
:1015D0000800F8F7E1FC079B00939DF817209DF8A1
:1015E00016103346204602F0A9FE00283FF47BAFD8
:1015F000E369EB1A5B023FF576AF637843F00403CF
:1016000063705DE760020020FFFF7F002DE9F04F6F
:10161000044685B000230D4602A801A9ADF80430A8
:1016200017F0FAF994F85280B8F1010F18D1029A24
:10163000A36DBDF804101A44B4F854300B449BB2A7
:1016400040F2E1418B42C2F31602029285BFA3F23F
:10165000E2430132ADF80430ADF8043088BF0292A5
:10166000474B029F1B68BDF804B093F82E9203EB22
:1016700049095A46B9F81E323946204616F04AF84A
:10168000B8B1202194F8500018F03AF894F850308E
:1016900053B920460AF0AAFC2A46012120460CF044
:1016A000E9FC05B0BDE8F08F63786FF382036370E7
:1016B000F7E7E369DFF8CCA0B9F82612DB1B03EAF1
:1016C0000A0301F2712240F23910B2FBF0F201324A
:1016D0009A4204D929462046F6F78EF9E1E740F20E
:1016E000712601EB9B0B5E43B8F1010FCBEB560665
:1016F0000DF1060103A83ED117F08EF9039BA26DF0
:10170000B4F85410134403EA0A02BDF806300392F9
:101710000B449BB240F2E1418B4285BFA3F2E2430E
:101720000132ADF80630ADF8063088BF0392039B56
:101730009F4205D1BDF8062040F29B439A421DD935
:101740006FF49C73F31840F271229342C2D994F85B
:101750005000802117F0D4FF314604F13800646452
:1017600003F05CF920460AF041FC04232370204674
:1017700015F0EAFF95E717F04FF9D8E73346E2E7AF
:1017800060020020FFFF7F002DE9F34790F85050E2
:10179000012D04460FD0574B1B6893F82E2203EB04
:1017A0004203B3F82652B3F82A321D4440F23913EB
:1017B000B5FBF3F50135504E0027A06E17F034FA53
:1017C000E3691844E36D3040C3F30803E06103EBC1
:1017D000402094F85230E0650DF1020101A8FBB9F8
:1017E00017F01AF9DDF80490D4F81C8009EB050312
:1017F0003340A8EB03035A0209D494F850305BB38A
:10180000637843F00403637002B0BDE8F0870137EA
:1018100017F0FF07D1D00021204618F0DBFDCCE700
:1018200017F0FAF8019AA36DB4F854101A44BDF8F1
:1018300002300B449BB240F2E1418B4202EA0602C5
:10184000019285BFA3F2E2430132ADF80230ADF858
:10185000023088BF0192C5E794F85230BDF802709B
:10186000012B08D1A36DA8EB0308A9EB030908EA33
:10187000060809EA06091F4D13F0C4FC2B68D3F8CB
:1018800014A217F011FEBE08BAF1000FB8D013F081
:10189000B9FCDAF8007017F007FEDAF808004378B0
:1018A0005B0724D5C369434521D1C36D08F101020B
:1018B000C3F3080303EB4223C261C365A2EB090231
:1018C0002B6840F27121C2F316024A4393F82E129C
:1018D00003EB4103C6EB5202B3F8261201F2712367
:1018E0009A4204D34064511A383003F097F8BA464C
:1018F000CAE700BF60020020FFFF7F0070B55B4DAC
:101900002B68D3F808420646002C00F08980D3F8F3
:10191000383203B198472A6894F8503002EB8303B9
:10192000D3F8FC11A14204BF0021C3F8FC11D2F886
:101930000432A34204BF0023C2F804324FF4806192
:1019400094F8500017F0DCFE0423237026B1012226
:1019500031462046FFF716F82B680022C3F808220C
:10196000A36E13B1204619F019F82B68D3F8FC01C7
:1019700008B9D3F80002C3F80402002851D0027855
:10198000022A4ED1FFF7A0F9A378D90713D5B4F8EE
:10199000013023F4817343F00203A4F801302046A0
:1019A0000DF016FF204618F00DFB4FF0007194F873
:1019B000500017F0A5FEA26E002A4CD1637862F3A6
:1019C00082036370A3789A0615D5A378E6686FF34F
:1019D0004513A3707EB920460DF0FAFE637866F3D6
:1019E00000032046637018F0DBFA4FF0807194F822
:1019F000500017F085FE63786FF3C3036370A3692B
:101A00001BB15A7842F020025A70A1782046C1F3E7
:101A1000800108F04BFA2C6816F016FB84F83C02A3
:101A200070BD93F8F83123B10022114610461AF028
:101A30005EFE2B6893F8F931002BA5D094F8500086
:101A40004FF4805117F05CFE00231A46194601201E
:101A50000AF018FB98E7A3789B06B6D4204617F047
:101A60003BFE2046FEF778FAACE700BF600200209C
:101A70002DE9F04718F046FD504B1A68013A1A60FC
:101A80001B68002B40F093804D4B1B680BB9002462
:101A90008EE000234B481D464B4C01264B4ADFF895
:101AA00038A1DFF830C1016800295DD0C368DB6868
:101AB000D3F828E0D9691F6A8F60196ADF694F601F
:101AC00003F11808DEF80410414504BF196ACEF886
:101AD00004109D62DEF800100139CEF80010D3F832
:101AE00014E0D9689F68B9609F684F6003F10408EB
:101AF000DEF80410414504BFD968CEF804105D61DA
:101B0000DEF800100139CEF80010D96AD4F8009040
:101B100006FA01FE4EEA090EC4F800E001EB81016D
:101B200002EB810149689960D1F808E0C3F80CE044
:101B3000CEF80480C1F80880D3F82CE04FEA8E017B
:101B400001EB0E0802EB8809C3F8149052F8281034
:101B5000013142F82810DAF80010C96ADF6A8F42B2
:101B6000A1D9CCF800609EE70BB117F085FB184BAC
:101B70001C686CB1174E012501E0013C05D0FEF751
:101B800059FD0028F9D03560F7E7114B00221A60A3
:101B9000104B1C6864B1104B1B68104B4FF0805207
:101BA0001A60BFF34F8FBFF36F8F012400E0002452
:101BB00019F048FE2046BDE8F08700BF243401201C
:101BC0001C340120403301202C340120502F0120EF
:101BD0003C340120483401201034012004ED00E0A1
:101BE0002DE9F04FD0F87CB1D0F8E0A0D0F87461C6
:101BF0001BF1000389B018BF01234FF0000905460F
:101C000001934F4695F89420BA4202D809B0BDE836
:101C1000F08FF4684D4822686FF302022260226858
:101C200095F8221061F3C40222602268042161F356
:101C3000CA122260226861F3CE22226095F89420B5
:101C4000013A97426AD122686FF3DE32226022683D
:101C50006FF3DF722260A2686FF30102A260A268D4
:101C600042F00402A26002686168AAEB020292B22A
:101C700062F30F01616062686FF31F426260039557
:101C8000BBF1000F54D040F20112ADF8112009222F
:101C90004FF000088DF8102003A9524695F8470030
:101CA0008DF81380ADF8148006F014FE9AF8012028
:101CB00095F8351095F8220015F0FAFD0FFA87FE19
:101CC000C6E904A905EB8E01019BF46086F8088043
:101CD000C6F8188086F81C8073774E660C67C1F8CA
:101CE0007C8095F8942002F1FF3C674523D105EBF9
:101CF0004202A2F88680A2F88C80863081440FB917
:101D0000C5F82491674508BFC5F820910137C1F88F
:101D100058900AF1420A3668FFB273E7016804F18D
:101D20001002521A216892B262F3DE3121608EE70E
:101D3000ADF811B0ABE7054B1B6805EB4E02103454
:101D4000E41AA2F88840A2F88E80D6E7700200203C
:101D50002DE9F04705210546002018F019FBD5E9CB
:101D60006C7395F8E2200446132A18BF1F4600281A
:101D700000F08280182303737B7895F8426195F810
:101D800043911E403B7809EA03094FF00003A0F895
:101D90000D300121284618F0C8FA00218246284655
:101DA00018F0C3FA95F84311804695F8420117F0F0
:101DB0002CF920B93978787817F027F970B316EA3A
:101DC000090605D0B24501D1B04501D06673A673AE
:101DD000637BBB70A67BFE70637B1E434ED04FF0CF
:101DE000FF33E373237419F009FE064600283FD041
:101DF0001823C37101234371BB1CC36001462846ED
:101E00001AF054FC2146284609F006FDB978284608
:101E10000CF028F8A5F8600001202DE006EA0A037E
:101E2000DBB2002B18BF002619EA080F44D12EB1EF
:101E3000F0070CD4B1070DD5022309E0B9F1000F6A
:101E4000C6D019F0010F09D00123A373C0E7012305
:101E50006373F6E77207F4D50423F9E719F0020F6C
:101E600001D00223F1E719F0040FB1D00423ECE70D
:101E700020461AF0E3FB3046BDE8F087E67326748F
:101E800095F8F2309B0712D50121284618F04DFA3B
:101E900019F0DAFE31468046284618F046FA19F065
:101EA000D3FE334602464146284615F0C7FA1321B1
:101EB000284617F0D4F8A5E7002E89D08146B7E769
:101EC0002DE9F0410468554B436023460027C4E9DF
:101ED000017743F80C7F0D4623618046164607F0D4
:101EE000D1FE2A46A782A77552F80C0F516804F15B
:101EF000300303C39068D16803C310691860928AE5
:101F00009A8094F8373013B9012384F8373098F861
:101F10000830042B72D10023E375414A1188A4F8DC
:101F20004610D2F80210D2F80620E2640023012203
:101F3000C4E91E33C4E93133C4E91423A36594F81A
:101F40006C30A16423F03C0384F86C30FF23E383FE
:101F5000E37D84F82020002B54D194F86C3003F0FA
:101F60003F0384F86C3002236377B4F86C3023F4B9
:101F70008173002523F00103A4F86C302A46314612
:101F80002046A4F8215065620EF0E6FD0623C4E960
:101F90002433C4F88850204608F051FB94F8B4303C
:101FA000A4F85C50BBBB84F8B630012384F8BA5067
:101FB000A4F8B8301B4B1C4A1B88A4F86030A4F866
:101FC0005E3094F86D301288A4F8622023F070031C
:101FD00084F86D3094F84530144A62660020C3F3EB
:101FE0004213C4E92B0084F82A300323C4F8CC0040
:101FF00084F8280084F8AA30BDE8F081052B8CD144
:10200000012389E7012BAED194F86C3003F03F0334
:1020100043F04003A5E784F8B650CBE7C1A8000120
:102020000802002024350120263501201B0048012C
:1020300010B588B0EFF758FEFDF7F2FA19F02BF85B
:10204000FBF74BFD10F0E8FD0DF0A6F919F0DCFBF5
:10205000002110200BF076FD3B49002002F096FA9B
:102060003A4B18600120EFF7DFFD394B394A1A600F
:10207000394A5A60394A9A60394ADA60394A1A61EB
:10208000394A5A61394A9A61394ADA61394A1A62D7
:10209000394A5A62394A9A62394ADA62394A1A63C3
:1020A000394A5A63394A9A63394ADA63394A1A64AF
:1020B00004222021384818F0BEFF00230593069320
:1020C00007930DF11600F0F7EDFA9DF8153060F367
:1020D00000038DF815300DF11D00F0F707FB9DF89A
:1020E000153060F341038DF8153005A8F0F740FB7B
:1020F00010B903238DF814300DF11F010DF11E00EE
:10210000F5F7ADF99DF8153060F382038DF81530C1
:102110000024019402940394049401238DF80C305C
:102120004FF4F84000901AF09DFA0190049405AB2A
:102130006A460749184800F0D1FF18F0E9FF0EF091
:1021400075F808B010BD00BF987B020108000020A0
:102150000C0000204FB00201CDB40201A126020103
:1021600083BB020167B00201F15F020195BB02016E
:1021700037B00201F3B70201B55F02015FBB020194
:1021800071BB0201CBB70201DFB70201B7B4020194
:1021900065C602016DC60201040000202DE9F74F5B
:1021A0000223D0F8E0808DF8043090F8B030D0F8F9
:1021B000EC90009005460633414668468DF80530A0
:1021C0000BF08AFD2B4653F8282FC9F800209B8876
:1021D000A9F80430B5F8B0202AB1D5F8AC1009F14F
:1021E000060018F021FE4FF0000AD5F8747156462B
:1021F00095F89430B34202D803B0BDE8F08FFC6884
:10220000DFF800B123686FF3020323602368012223
:1022100062F3C40323602368042262F3CA132360B9
:10222000236862F3CE23236095F89430013B9E42ED
:102230004AD123686FF3DE33236023686FF3DF73C3
:102240002360BBF800306168A8EB030292B262F32E
:102250000F0161606268A9EB03039BB263F31F4245
:102260006260A3686FF30103A360A36843F00403F3
:10227000A36098F8012095F8351095F8220015F024
:1022800017FB0FFA86FCC7E9048A05EB8C010023D3
:10229000FC603B723B774F660C67CB6795F89420E8
:1022A00086308244501E864219D105EB4202A2F8C4
:1022B0008630A2F88C30FEB1C5F820A1C1F858A034
:1022C00001363F68F6B293E7DBF8002004F1100313
:1022D0009B1A22689BB263F3DE322260ADE705EB06
:1022E0004C02DBF800C0A2F88E301034A4EB0C04D2
:1022F000A2F88840002EE1D1C5F824A10028DDD144
:10230000DAE700BF700200202DE9F041052192B00C
:102310000446002018F03CF80646002800F09D8096
:10232000D4F84431D87D19F02DFB24233373D4F82D
:10233000443193F918200546002A00F091800146A7
:10234000204618F099FFD4F84421137EC7B23B44CD
:102350005355D4F8443103EB05080121404613F0EE
:10236000FBFE88F80800D4F84421535DDB1BD376CC
:10237000D4F84421537FFF2B1CD153191B7A9907A2
:1023800018D092F91830002B535DCCBF03F1FF3306
:1023900001335BB25355D4F8443103EB05080121F6
:1023A000404613F0D9FE88F80800D4F84421535D64
:1023B000DB1BD376D4F844311A7CD2071ED541F208
:1023C0002102ADF8002000228DF804208DF80820AD
:1023D0002188ADF806106A1C8DF809205A578DF82F
:1023E0000A205A196846127AC2F301028DF80B20AE
:1023F0005B5DDF1B8DF80C7015F088F829462046D0
:10240000D4F8447118F038FF3877D4F844315A7F43
:10241000FF2A1CBF00225A77D4F84421517F4B1E5B
:10242000DBB2FD2BB4F85C301CD81375B4F85C300B
:10243000D4F844210233A2F81530D4F844311D44B5
:1024400020462A7A9A76D4F84431D3F81A30C6F85E
:102450000D30314609F0E0F9012012B0BDE8F081FD
:10246000DA76CBE7FF2903D1E17D09B90733E2E74B
:102470000133E0E7010C0000E1AA0201630C000057
:10248000FDAA020101100000E9440201021000004F
:102490005987020109100000CD71020103100000EC
:1024A000551E02010120000019AB020103200000AB
:1024B000017202010520000025A502010F20000085
:1024C00015680201102000000FB502011120000064
:1024D0000F8F020112200000398F0201142000002A
:1024E00019930201182000004D6802011720000016
:1024F000493502012520000025B5020126200000F3
:10250000A56E02015E200000BD55020127200000DB
:102510004D78020128200000638F0201292000006D
:102520003BB502012A200000DB6E02012B200000D7
:102530006D5002012C200000F1E801012D20000067
:10254000419302012E200000357202014B20000051
:102550003F4E02014D200000697202014C20000034
:10256000B15002014E200000875D0201742000007E
:10257000116F020150F80000050F020151F8000030
:10258000F97B020152F80000690F020155F80000C2
:10259000F9A1020156F8000095B802010DFC0000F7
:1025A00051B5020124FC0000B18702012EFC00009D
:1025B000DD8702012FFC0000754002017DFC000058
:1025C000E13602017EFC0000D7A1020182FC00007E
:1025D000F94D020185FC0000B51802012DE9F34117
:1025E0000023027E04461D4622FA03F1C90748BFB4
:1025F000013503F1010348BFEDB2032BF4D194F888
:10260000473013F0FD0F4CD1042006F02FF805EBF6
:102610004505C4F8E000EDB24A2006F027F8C4F8FA
:10262000EC00422006F022F8C4F8DC00FF2006F09F
:102630001DF8C4F8D8002DB24FEA051808F10400BF
:1026400006F014F882B20646002A46D13C4B0093AD
:10265000FE210123EC2004F059FA371D68011AF01D
:1026600056F894F84730032B054638D13EB1D4F8DC
:10267000E03023B1D4F8EC300BB100284FD1304614
:1026800014F074FED4F8E00014F070FED4F8EC00FE
:1026900014F06CFE28461AF03CF8072002B0BDE8A2
:1026A000F081012B01D0042B08D1022005F0DEFFC0
:1026B0006D00C4F8E000EDB20C20AEE7032B0AD1A8
:1026C000022005F0D3FFC4F8E000252005F0CEFF7E
:1026D000C4F8EC00AFE70025ADE70746BEE766B1FA
:1026E000D4F8E0304BB1D4F8EC3033B1D4F8DC306E
:1026F0001BB1D4F8D83003B188B9304614F036FE97
:10270000D4F8E00014F032FED4F8EC0014F02EFE01
:10271000D4F8DC0014F02AFED4F8D800B8E7C4F8E6
:10272000A060B844474501D10020B7E7EF602946D3
:1027300004F5BA7019F0BEFC10372035F2E700BF7F
:10274000F3C502012DE9F04385B0044688460192A5
:102750001D460027534E46E0A66B2A4641462046BA
:102760000DF062F9A36CA3B1022D00F09680204613
:102770000FF0EEFF38B14B4B4FF080521A60BFF3B1
:102780004F8FBFF36F8F19F05DF8012005B0BDE8E2
:10279000F083636A53B90028F5D0424B4FF0805262
:1027A0001A60BFF34F8FBFF36F8FECE704F1240083
:1027B00005F0FEF90028E6D03A4B4FF080521A603F
:1027C000BFF34F8FBFF36F8FDDE719F03BF80020A9
:1027D000DCE702A818F084FC12E020460AF0F2FAC6
:1027E000FFF746F9012717F08DFEA26BE36B9A42C3
:1027F000B2D3022D47D0019B002BE6D0002FE8D0AA
:1028000019F020F819F0C6FA17F07CFE94F844305D
:102810005BB2B3F1FF3F04BF002384F8443094F867
:1028200045305BB2B3F1FF3F04BF002384F845306D
:1028300019F008F801A902A80BF0DEFFE0B917F0C3
:1028400061FED4F83890E76B18F0FCFFB945C4D1AD
:10285000019904F1100018F035F920460AF0B2FA97
:10286000FFF706F90028BDD14FF080533360BFF366
:102870004F8FBFF36F8FB5E720460AF0A3FAFFF73B
:10288000F7F8002082E7A66B0222414620460DF0B1
:10289000CBF8A36C002B3FF47CAF002E7FF473AF1A
:1028A00065E700BF04ED00E02DE9F04F97B017F0A9
:1028B0000FFA504BDFF850911A886FF3820283466B
:1028C0001A8000270BEB070323F0704303934A4B56
:1028D0001D7859F825404FF00208484B03EBC5031B
:1028E0000593002694B949F825400024A6426DD8E6
:1028F000B8F1010F76D0404B1D7885F001054FF0FF
:10290000010859F82540E8E74746DBE7039A636882
:10291000D31A1A01E7D494F814A0BAF1000F2AD1FF
:1029200004200EF015F860B1227A6AF34512227283
:10293000A26842600279E1688160530718D115F0FE
:102940001BFA18F005F92D4B049053F83520D4F8F4
:1029500000A0EAB92A4B009311460523EF2004F0AA
:10296000D5F8049817F0A2F9002323755446B9E767
:1029700016F05EFDE5E71AF0020FE2D0236963600E
:1029800016AA731C02EB860646F8404C9EB2D8E7A6
:10299000944210D143F835A0BAF1000FE1D1059A65
:1029A00003EBC5035A60DCE71A4623B9154B0093C5
:1029B00001210523D2E713689C42F5D123681360F7
:1029C000002BCED10D4B03EBC503EBE716AB03EBAE
:1029D00084030022039953F8400C013407F09AF85D
:1029E000E4B283E7002F8FD0584617B0BDE8F04F10
:1029F0000AF0D4BB203E0141323501207C33012056
:102A0000254F02013D4F0201C43301202DE9F3415E
:102A1000524B0190054688460093022201237521FE
:102A2000EC2004F073F819F06DFA002844D14C4EF4
:102A300030684146043019F08DFC0446002800F04F
:102A40008B80AB071AD415F0010727D194F8F93021
:102A5000A3B330684146043019F07CFC044690F87A
:102A6000F920A7B36D08C36B05F001055D70002A5E
:102A700055D00122114610F023F848E0242018F028
:102A8000D7F80028DFD11124364B0093019401239D
:102A90000022FF21EC2004F039F83CE094F84730A4
:102AA000083B012B08D894F838302BB9E36B1BB1E5
:102AB00093F83030012BC9D10C24E5E72046C5F34B
:102AC000400108F055F904460028C2D0DCE7F2B115
:102AD00090F825300193244B0093022201237321A7
:102AE000EC2004F013F894F800311BB9D4F870010D
:102AF00008F034FA94F8003143F0010384F800310F
:102B000094F8F8301BB10221204616F009FD01208F
:102B100019F0F0F90024204602B0BDE8F0810C2144
:102B200000F028FC94F8F820012384F8FC30002AF7
:102B3000EDD094F8252001920B4A009273210222D5
:102B4000EC2003F0E3FF2046022116F0E9FC04F13B
:102B5000A80017F0F6FEDAE7422495E7749902011F
:102B600098010020325602018E99020184B02DE9AD
:102B7000F84308AC84E80F00002017F061F88146A4
:102B8000012017F05DF80746022017F059F84B4B6B
:102B90001D682E7F8046002E5DD1494CB4F8AC30C4
:102BA00043F04003A4F8AC30202205F11D0104F5E8
:102BB000A06018F039F92022424904F5A46018F009
:102BC00033F92022404904F5A86018F02DF9B4F833
:102BD000A43066F34103A4F8A430B4F8A43066F33B
:102BE0000413A4F8A430B4F8A43043F08003A4F88C
:102BF000A430B4F8A43066F30003A4F8A430B4F809
:102C0000A43043F00203A4F8A4304FF6FF71002073
:102C100015F0E2F84FF6FF71012015F0DDF84FF6E0
:102C2000FF71022015F0D8F84946002017F01AF875
:102C30003946012017F016F84146022017F012F825
:102C400047F40051012089B217F00CF8BDE8F843B1
:102C5000002004B07047012ED7D1194CB4F8AC3025
:102C600043F04003A4F8AC302022A96904F5A06029
:102C700018F0DAF82022696904F5A46018F0D4F895
:102C800069692022114404F5A86018F0CDF8B4F861
:102C9000A4306FF34103A4F8A430B4F8A4306FF368
:102CA0000413A4F8A430B4F8A43043F08003A4F8CB
:102CB000A430B4F8A4306FF300039EE7AC01002009
:102CC00000240141E8B2010108B3010184B02DE9FB
:102CD000FF4102280BAC84E80E0058D003285BD0DB
:102CE00000284FD1DDE90D570C689DF83C6019F0C4
:102CF00009FC60B1DFF8308198F80000013000F085
:102D0000070088F8000018F0A1FE0028F4D066B192
:102D10002946E06C16F008FD3B4B984222D817F08C
:102D2000DBFF636B98421DD3A06394F82F30CBB9BF
:102D3000227B002A226D14BF4FF0040C4FF0010CCF
:102D40002D324FF0340E5178D8B20EFB03F819B97A
:102D5000917809B9117839B30133D9B2614502F1DB
:102D60003402F0D3FF23294AADF8003010238DF848
:102D7000023013788DF80330591C117020466946D3
:102D8000F7F718FC04B0BDE8F04104B070479DF8B7
:102D9000340016F019FDF5E700916B4604221C493A
:102DA00001200EF010F8EDE71A4B18701A4B19704D
:102DB0001A4B1970154B1A78511C1970184B1A7050
:102DC0005EB9A38A40F27120584318F0BEFC014658
:102DD000284611F0F1FEA763E064236DE5634344E8
:102DE0004FF00002A3F82B204FF470621A6001220A
:102DF00083F824200B4A1378B3FA83F35B09204647
:102E00001370F0F7C5F8BDE738FEFF7F45350120A8
:102E100009010101DD020020DC020020DE020020A9
:102E2000DF02002046350120473501202DE9F0431F
:102E30000D4697B080461746FCF7A6FF95F84A90D6
:102E400095F84B40019519EB040318BF40F20113AC
:102E5000ADF8093009238DF8083006AA002301A92E
:102E600040468DF80B30ADF80C30FCF7E3FA9DF8D6
:102E70000C209DF8183098F8041098F80200C3F35D
:102E8000050301321A44D2B214F012FD98F8013051
:102E9000863000FB03F6B9F1000F33D00123019512
:102EA0008DF80A3094B38DF8093095F84D308DF8CF
:102EB0000C3095F8F93073BB95F8FC308DF80B3079
:102EC00000238DF80D3006AA0A2301A940468DF88B
:102ED0000830FCF7AFFA9DF80C209DF8183098F8F0
:102EE000051095F82400C3F3050301321A44D2B249
:102EF00014F0DEFC06F5E8769DF80C30FF1A064467
:102F0000BFB254B9304617B0BDE8F0838DF8094020
:102F10008DF80C70CDE70123D0E7013C14F0FF04DD
:102F20004FF000038DF80A301FBF01238DF80930E0
:102F300095F850308DF80C304FF000038DF80B30C1
:102F40008DF80D3006AA4FF00D0301A9404604BFCD
:102F50008DF809408DF80C708DF808300195FCF75C
:102F600069FA9DF80C209DF8183098F8051095F82E
:102F70002400C3F3050301321A44D2B214F098FCC2
:102F800000F5E870B8E700BF2DE9F04184B00446D1
:102F900001914FF00008464645464F4F43E0013B44
:102FA000A36323684BB123695BB918F04BFC4FF066
:102FB0000108404604B0BDE8F08118F04DFCA06067
:102FC000F1E704F1100004F0F3FD0028EDD0424BCE
:102FD0004FF080521A60BFF34F8FBFF36F8FE4E75B
:102FE00018F030FC4FF00008E3E702A818F078F87A
:102FF00023E017F087FAA06806F052F8804618F030
:1030000021FC40E0204609F0DDFEFEF731FD09E03D
:10301000204609F0D7FEFEF72BFD204618F06CFA8B
:10302000002844D1012617F06DFAA36B002BB6D10E
:10303000019B002BD4D0002ED7D018F003FC18F041
:10304000A9FE17F05FFA94F844305BB2B3F1FF3F8A
:1030500008BF84F8445094F845305BB2B3F1FF3FA9
:1030600008BF84F8455018F0EDFB01A902A80BF049
:10307000C3FB0028CCD1204618F03EFA0028C1D06E
:103080002368002BB5D0019904F1240017F01AFD34
:10309000204609F097FEFEF7EBFC0028C2D14FF066
:1030A00080533B60BFF34F8FBFF36F8FBAE7B8F128
:1030B000000F3FF47EAF17F025FA616A19B1236B58
:1030C0001968C1F10501A06808F0BCFA18F0BAFB54
:1030D0004FF000086DE700BF04ED00E0F0B51446C6
:1030E00087B0054618B90025284607B0F0BD00296D
:1030F000F9D0002AF7D05268002AF4D02268002ABA
:10310000F1D0404ADFF81CC111603F4F3F49404EAB
:10311000404893B9404A8CF80030D2F800E0C1F83A
:1031200000E00323B2F804E09279A1F804E08A7188
:103130003B70F82333700E231FE05A78D2074BBF41
:103140001A46354A52F802EFD2F800E0C1F800E022
:10315000B2F804E0A1F804E092798A71597811F08C
:10316000020218BF93F909208CF800201A783A70EF
:103170004F07DED59A7ADB7A32700370274B0E2226
:103180001A7010F04DFB224603AB52F8080F51683D
:1031900003C390681860D4E90023590705D0D91DEE
:1031A00021F007011A44521A0B46CDE9012316F00B
:1031B00067F9DDE901010FF055FE284604F040FBF8
:1031C000054600288FD0164B4FF00072C3F88420BC
:1031D000BFF34F8FBFF36F8FA02183F83913C3F86C
:1031E00084215A6004F09AFB13F02CFC01A80FF024
:1031F000B3FF237BDB073FF577AF12F0A5FC054655
:1032000072E700BF580100206C010020640100201B
:103210006D0100206B010020D4C602015C0100207A
:1032200000E100E05D0100202DE9F74F457843689B
:1032300007780193012DB0F80280846843D0002DF7
:1032400048D0022D46D1E36B4FF0010B03F1240669
:1032500003F1340907F0FD02012A52D12946204624
:103260000CF08AF9032F4ED0012F08BF37731020BE
:1032700019F04DFA8246404619F049FA4246CAF81A
:1032800008008AF80C80019917F0CEFD0022CAF8D8
:103290000020D9F80420CAF80420022FC2F800A0A8
:1032A000C9F804A02FD13773CDB994F8FE30D807F0
:1032B00002D5012384F8FD302946204603B0BDE83D
:1032C000F04F08F063BD04F1B80604F1D0094FF0E7
:1032D000000BBFE704F1A80604F1C809F7E7012DC8
:1032E000EAD194F8FE30990748BF84F8FD50E3E72F
:1032F000012D16D194F8FE20930748BF84F8FD50A5
:103300000FE0022FB3D9FA1E012A30D8032F08D1BB
:10331000002DEDD194F8FE20D20702D5012284F8C9
:10332000FD2004EB0B0292F8F82022B15A4601214D
:1033300020460FF0C5FB032F13D1706818B114F0AD
:1033400015F800237360B8F1000F03D0404619F060
:10335000DEF97060A6F8088042460199706817F09F
:1033600063FD304603B0BDE8F04F17F0EABA03B092
:10337000BDE8F08F2DE9F04F90F8199090F810A06B
:1033800085B00446884600F1280500F1410700F1A8
:103390001B06B9F1030F45D8DFE809F0020A16163B
:1033A0002946002017F0EEF8002384F8343039E085
:1033B000BAF1F00F03D1284618F0EEFA28E03B6886
:1033C0008362BB88AB8023E09DF80830827E62F385
:1033D00000038DF808303368CDF8093002A8B388AF
:1033E000ADF80D300FF08AFF834698B10DF107015B
:1033F00002A810F01DFC94F8FD3023B19DF80710D1
:10340000012000F0D9FA29469DF8070017F0DAF9F3
:103410000123CAE7B9F1020F41D1294617F0B2F8EA
:1034200084F834B094F8383013B1FF2384F8343082
:103430009DF80830A27E657E62F300038DF80830A7
:103440003368CDF809304FF00009B3888DF8079044
:1034500002A8023DADF80D3009F072FF012D04F114
:103460002E0722D808B30DF1070102A810F0E0FBE7
:103470009DF80710484600F09FFA394602A813F05D
:1034800069F8002384F8FD300B4B196801EB8801C3
:103490004B6A0BB12046984705B0BDE8F08FBAF1F2
:1034A000F00F88D03B68A3628BE73368C4F82E30F6
:1034B000B388BB80E5E700BF9034012030B597B0FA
:1034C0000C6808281FD8DFE800F005373B40445956
:1034D000829094001578029523880193474B0093BE
:1034E000022201235E21EC2003F010FB022D0DD1FE
:1034F0001621204616F03BFF002384F8E23000211D
:10350000204615F0EBFD002017B030BD272DF6D179
:10351000E36F5A0706D523F00403E3670021204632
:1035200012F08EF894F8E230082B0CBF0021012134
:10353000204606F01BF9E2E7204613F0F8F8E2E730
:103540002221204616F013FFDDE7204617F038FB56
:10355000D9E7204618F0ACF848B11221204617F000
:103560000EFA0028CFD0042384F8E230CBE794F899
:103570006E3043F0020384F86E30C4E7D4F844316F
:1035800094F85C10187D8842BDD092F900201A761C
:103590000021204613F0A0FFD4F84431012101FAA4
:1035A00000F0D875204613F097FF01462046D4F866
:1035B000445117F061FE6876B4F85C30D4F84421C9
:1035C0000133A2F81530204618F051F89BE74FF46C
:1035D0008153ADF810302388ADF8143004A8138857
:1035E000ADF8163013F092FF8DE7204604F038FE58
:1035F00089E7204614F008FC85E700BF8F98020198
:103600002DE9FF411D46494B0093CDE9012180463C
:103610000F461646012302226021EC2003F076FAC1
:1036200018F070FC002872D116F0050F7AD0A98826
:103630006A88914206F0010306F0040674D83C4AF9
:10364000126811683B4A1268146881F82E0084F8E9
:103650002E004BB3012381F80E80CF730B742A78B0
:103660004A746B884B82A888888295F806C081F8D6
:1036700016C0834209D14FF6FB70834284BF4FF6D8
:10368000FC738B828B8A03334B82888A012381F8F7
:103690002E300390498ACDE90121274A0092D62194
:1036A0000222EC2003F032FA3EB3032384F80E80AA
:1036B000E77323742A7862746B886382A988A18275
:1036C000A879A0758B4209D14FF6FB718B4284BF5C
:1036D0004FF6FC73A382A38A03336382A18A01237A
:1036E00084F82E300391618ACDE90121134A0092BA
:1036F000A0210222EC2003F009FA16F0F3FF0120CA
:1037000018F0F8FB0024204604B0BDE8F0810C243A
:103710000B4B0093019401230022FF21EC2003F0C6
:10372000F5F9F0E71124F3E71224F1E7F0F50101D0
:10373000B8010020B401002011F6010134F60101A6
:103740005AF6010170B586B005460E4616F066FAC7
:10375000782018F0DCFF0446002800F087807822EB
:10376000002118F0A5F92822294604F1500017F08D
:103770005BFB206E646117F065FB02460B46FAF7AF
:103780008DF800223A4BFBF73DF941EC100B05F0A8
:103790003BF851EC100B16F093FC2062606E17F0B2
:1037A00051FB02460B46FAF779F80022304BFBF743
:1037B00029F941EC100B05F027F851EC100B16F02D
:1037C0007FFCE36DA56E60625B0A0035E36118BFA4
:1037D000012516F0E7FE94F85030CDE90350002B98
:1037E0003AD194F85130CDE90143224B00930223A2
:1037F0001A467E21EC2003F089F994F85030012B11
:1038000009D1782018F083FF054620B178220021E5
:1038100018F04EF92561637843F008036370236C58
:1038200003F0F80343F4802323640023C4E9023344
:103830006364236F1B7A042B03D04BB994F8503088
:1038400033B90D4B1A6892F83032013382F83032B6
:103850003460002006B070BD94F85130CDE90143CA
:10386000064B009302231A467F21C3E70720F1E7A6
:1038700000888340C0EE010160020020FEEE0101DD
:103880002DE9F043046894F82C3095B00F46002BD6
:1038900000F08C80CB7963B10193454B00930022FB
:1038A0000123BE21EC2003F031F91E2015B0BDE844
:1038B000F083236D93F8028008F1FF32012A07D9C3
:1038C0003C4B0093CDF8048001230222BF21E9E79D
:1038D000666ADD6994F80F904FF6FF71304607F085
:1038E000E9FF002848D1226D92F82830002B56D0ED
:1038F000A9F10209B9F1010F51D841F20B03ADF85A
:103900000830F979A3F60A73ADF80C30342301FBC3
:10391000032393F82520B2B393F82990484617F073
:1039200005FA40F002008DF80E000DF10F01484637
:1039300010F01CFD2B78C3F3C0138DF815303346FF
:1039400002A853F8062FCDF816209B88ADF81A3040
:103950003B788DF81C3013F0D9FDB8F1020F0BD174
:10396000AB7803F00F03042B06D16A782346324468
:10397000A91C384605F0CEFA236D002083F82E00EE
:1039800084F82F0092E72B78C3F380138DF80E3064
:103990003368CDF80F30B388ADF81330CAE723464B
:1039A00032462946384605F0B5FAD6E71F207DE7AE
:1039B00060960201709602012DE9F347464F824658
:1039C0000D46C92601F0070880F00109032101A86E
:1039D0000DF02AF99DF80630404C03F07F0343F0C8
:1039E00040038DF806303B689A00FCD43C4B1A88A3
:1039F00042F040021A801A8842F020021A80BAF17E
:103A0000000F02D0284601F0B7F9D4F8683F9DF8BE
:103A1000041068F31243C4F8683FB4F86C3F69F3CC
:103A20000003A4F86C3F2F4B1A6861F307021A6079
:103A30001A689DF8051061F30F221A601A689DF844
:103A4000061061F317421A60D4F8683F43F480030C
:103A5000C4F8683FD4F8683F5B02FBD43B6813F0BE
:103A6000807F214B1B6814BF1F200020013E13F0F4
:103A7000020F18BF1F2016F0FF0601D01F28A5D087
:103A8000BAF1000F24D0194B1968D4F8A43F0622CC
:103A900002FB051181F84331D4F8A43FC3F3072397
:103AA00081F84431D4F8A43FC3F3074381F845318A
:103AB000D4F8A43FC3F3076381F84631D4F8A83F94
:103AC00081F84731D4F8A83FC3F3072381F8483180
:103AD00002B0BDE8F08700BF30340141002401414D
:103AE000C4340141103401418C340141B80200203A
:103AF00070B5431E13F10A0F71D800F1080414F0D9
:103B0000070305D0C3F10803DA43A24267D31C447C
:103B100018F040F93C4B1B68002B67D0002C1CDBD5
:103B200014B33A4B1E68A64221D339490B6823E0EF
:103B3000384B37480260002141601344083B23F0B2
:103B400007033148036059601960991A5160136086
:103B5000314B19602D4B1960E0E7FDF789FF18F034
:103B60002BF80025284670BDFDF782FFF7E7FDF72B
:103B70007FFFF4E7194613465A68A24202D21A6838
:103B8000002AF7D1204A12689A4225D00D680835DC
:103B90001A680A605868001B102805D91A19506065
:103BA0005C60086818510A605968761A1748066000
:103BB0001948006886423CBF1748066041F0004142
:103BC000596000221A60154A136801331360FDF72B
:103BD0004FFF002DC6D1C2E7FDF74AFFBFE718F03F
:103BE000D9F8094B1B68002BBED100240C4A12F0F7
:103BF000070F9DD0D11D21F0070102F59433243326
:103C00005B1A0A4695E700BFFC330120003401200F
:103C1000A4330120242801000434012008340120A9
:103C20001803002070B5044688B0008816F0EEF93D
:103C3000002800F087800568D5F84461002E00F068
:103C40008380D6F8223023B9092004F00FFDC6F88E
:103C50002200D5F84431D3F82220002A76D0A37868
:103C6000FF2B69D0E1780B441370D5F84431E1782B
:103C7000D3F82220A3785B1A5370D5F844316179C8
:103C8000D3F8222023790B449370D5F8443161791D
:103C9000D3F8222023795B1AD370D5F84431E28817
:103CA000D3F822309A80D5F84431D3F82220137A01
:103CB00043F001031372D5F84431D3F822200023D6
:103CC0009371D371D5F84421D2F822100A7A42F0C8
:103CD00020020A72D5F84421D2F822100A7A42F062
:103CE00006020A72D5F84421D2F822100A7A42F06C
:103CF00018020A721D46E3880693637905932379B7
:103D00000493E3780393A378029323880193104BE1
:103D10000093022201235521EC2002F0F7FE45B169
:103D20000C4B0093019501230022FD21EC2002F0B1
:103D3000EDFE284608B070BD1370D5F84421D2F8C6
:103D4000222099E70225D6E71A25D4E70725D2E7EE
:103D5000301702016185020170B5C0B294B01546FA
:103D600020B1012811D0002014B070BD434C16F0D2
:103D70006DFF23685B6C984710B123681B6E9847F2
:103D8000002103200AF038FBEDE73D4C23681B7F40
:103D900001933C4B009302231A46EC20772102F05A
:103DA000B5FE2368986C20B107F0D8F8236800228C
:103DB0009A642368186C20B110F022FF2368002257
:103DC0001A642E4A13680021197026682D78337FF3
:103DD0003DB3012B14D141F20903ADF808308DF841
:103DE0000C502022FF210DF10D0017F061FE3A2D3D
:103DF00033D1337F012B2CD1706913F0B7FA28E04F
:103E000041F208032022FF210DF10D00ADF808302A
:103E10008DF80C5017F04CFE2022FF210DF12D00E3
:103E2000E3E7F3B912680121517025688DF80C3071
:103E300041F20802ADF80820296920220DF10D0099
:103E400016F0F2FF2969202211440DF12D0016F021
:103E5000EBFF2368186913F089FA02A813F056FBE8
:103E600081E741F2090320223169ADF808300DF1F4
:103E70000D008DF80C5016F0D7FFBDE7A80100200B
:103E8000AC010020A4C60201F0B540F2FF7681EA41
:103E9000030C16EA115E1EBFB64516EA1355B5426D
:103EA00052D021EA465141F48011A1FB024723EA96
:103EB000465343F48013AE44A0FB03650CF0004C62
:103EC00036197D41A1FB034747F10003A0FB021710
:103ED000F619654153F10003094218BF46F0010687
:103EE00040F2FE74B3F5007F13D2AEF5806EA645A6
:103EF00023D24CEA0331280341EA155140EA165017
:103F00003203450872F1004250F1000051EB0E51AE
:103F1000F0BDAEF2FF3EA6450FD24CEAC321E80247
:103F200041EA555140EA5650F202450872F100420A
:103F300050F1000051EB0E51F0BD1EEA0E0F2DD5D1
:103F40000CF000410020F0BD16EA115F04BF01F043
:103F500000410020004218BF41F0010116EA135F42
:103F600004BF03F000430022124218BF43F00103D4
:103F700006EA1354B44218BFB64503D00CF0004112
:103F80000020F0BD21F0004123F00043B1EB065FBB
:103F90000CD8B3EB065F09D841B13BB10CF000413E
:103FA00041F0FE4141F470010020F0BD40F20001FB
:103FB000C7F6F8710020F0BD38B590F8E23003F094
:103FC000FD03012B04460D460AD1082004F04EFBE8
:103FD0002A46C4F8B00152F8013F036053684360B9
:103FE0003E4B69781B681A780A4084F8ED20A9785E
:103FF0005A780A4084F8EE20E9789A780A4084F8E2
:10400000EF20DA7829790A4084F8F0206A791B7960
:10401000D4F844511340E26F84F8F13042F00802C2
:10402000E267002D3CD113F0060F39D0262004F0B2
:104030001DFBC4F8440198B34FF07E330360D4F8FD
:1040400044215360D4F844314FF002329A60D4F8DE
:104050004431DD60D4F844311D74E27DD4F844313C
:10406000002A37D1072159759A75D4F844210023C5
:1040700013751B4AD4F8441150794874D4F844118C
:1040800090798874D4F84411D279CA74D4F8442150
:1040900082F8223082F8233082F8243082F82530EA
:1040A00094F8EE301B075CBF40F64803A4F8563185
:1040B000E37D73B9D4F8F03003F48413B3F5004F03
:1040C00001BF94F8F23023F0500343F0500384F81A
:1040D000F23038BD5D759D75C7E700BFAC010020AB
:1040E0008A0100202DE9F043B9B00E4618AF4022F6
:1040F00004460021384617F0DBFC96F90120002326
:10410000520093426FDB96F90040E5B26A0000234B
:1041100052B2184659B28A426DDC002860D006F1CE
:10412000040922463946484615F083FC01286DD122
:1041300007EB040822464146484615F07AFC012860
:1041400064D12346424628A804F05AF928A96846B3
:10415000F9F7FEFE2022002110A817F0A9FC96F91D
:10416000008003233A4608AC8DF840303946434678
:1041700028A804F045F928A92046F9F7E9FE4346A6
:1041800010AA2146204614F098F918B14A46204654
:1041900014F0CEFF16F9843B3A46214628A804F0D5
:1041A0002FF928A92046F9F7D3FE43463246214687
:1041B000204614F0BDFF28B94246484615F039FCA8
:1041C000012805D043464A462146204614F075F999
:1041D0006B1E5BB200201A0611D5B0FA80F04009C0
:1041E00039B0BDE8F08338A91944E05C01F8800CCF
:1041F0000133DBB285E7F95C013308438AE71DF838
:104200000320E15C4A401043013BE4E70020E7E77C
:1042100084B02DE9F341022809AC84E80E0066D091
:1042200003287AD048BB0C689DF8347084F8CC0021
:10423000DDE90B5618F066F968B1DFF8FC8000BFC5
:1042400098F80000013000F0070088F8000017F02F
:10425000FDFB0028F4D0EFB1344B2946186815F067
:1042600063FA334B98420DD994F8CC3043F01003E5
:1042700084F8CC302046F5F775FB02B0BDE8F0417C
:1042800004B0704716F028FDD4F8A0309842EBD364
:10429000C4F8A4000021204617F062FA0028E3D1F8
:1042A000C7B194F8CE30012B0CBF04235B0884F80F
:1042B000CE300122002384F899200F22C4F8A850A0
:1042C00084F8CD30A4F8F02084F8F2302046EFF7DF
:1042D00009FAD2E7D4F89C0017F037FA01462846CD
:1042E00010F06AFC114BC4F8A4601860E1E79DF877
:1042F0002C200B68511E022908D893F8CC2042F0DC
:10430000010283F8CC2006F0E7FBB6E7002AFAD1D9
:1043100093F8CC2042F00202F3E7019101AB0422B2
:10432000044901200CF04FFDA7E700BFE83401204D
:1043300038FEFF7F03020101443501202DE9F341DE
:10434000089D04461F4609B1002A35D0E06EC8B961
:104350003B68AB4213D17B68216A5B1B9AB29142E6
:104360000DD8E561B2F5487F4FEA4525E565636AFA
:1043700001D1A36202E09342FBD3A262012002B00A
:10438000BDE8F081D1B10025BC46FF212B464FF698
:10439000FF7E93420ED0DCE90006361A206A06EA58
:1043A0000E08404555D8A0784007C6F3160647D5F5
:1043B000F5B21946FF2905D10020E0E7D7E900351D
:1043C000ED1AEDB2637813F0040F0EB22AD194F80F
:1043D0005020012A42D1626A95423FD91B073DD441
:1043E00002210DF106000CF01FFC636ABDF80620E7
:1043F000C3F101032B44B2FBF3F503FB152557F87A
:10440000363053FA85F5C5F31605E561E3695A02BE
:10441000E26594F85220012A01BFA26D9B18C3F3F4
:104420001603E36107EBC603E2695B689B1A9AB265
:10443000B2F5487F626AA0D09BB29A429DD398E7BA
:1044400094F850000128B3D1B0B2854201D2F5B240
:1044500019460133DBB20CF1080C9AE757F83630F5
:10446000E361D3E7002170B50846444A444C16F096
:10447000BBFE424A0021012016F0B6FE4FF4157033
:1044800018F045F94FF415720021206017F010FB69
:104490002368002203F50371C3E9841203F5057153
:1044A000C3F81812C3F80C2203F5C47103F5F870B1
:1044B000C1E9002108318142FAD1C3E97C21C3F866
:1044C000802103F5C072C3F8842100230C2618460E
:1044D00006FB03F2216888502168D1F88451114409
:1044E00001334D6029602168202B0A44C1F88421E2
:1044F000EED1012381F83C3281F82E0216F092F9B8
:104500002368C0F307104FF49662B2FBF0F2A832B2
:10451000A3F826224FF4C872B2FBF0F2A3F81E22D1
:104520004FF4A072B2FBF0F2A3F82222A3F82A22E1
:104530004FF4F062B2FBF0F2A832A3F828224FF455
:104540008262B2FBF0F2A3F820224FF45272B2FB67
:10455000F0F2A3F824224FF47A72B2FBF0F0A3F841
:104560002C02002017F096FE17F09AFE054817F06F
:1045700085FE0548BDE8704017F07ABEE17602017D
:1045800060020020A5750101C5BF0201002867D1A6
:1045900008B53E4B1B78002B65D13C4801220270C8
:1045A0000B6803618B6843614B6883600023436041
:1045B000C362036343700285CB6883610B69C36187
:1045C0004B6903628B694362CB69C3640B6A036501
:1045D0004B6A43658B6A8365CB6AC365383016F0D6
:1045E0004EFD002842D02A4816F049FD002840D050
:1045F000284816F044FD00283ED000231A461946EC
:1046000025480EF04DF8002839D000231A461946E7
:1046100022480EF045F8002834D01C4B9869B0F1C0
:10462000FF3F13D119490B695B691D489847174B28
:10463000D869B0F1FF3F0ED114490B691B681948C6
:104640009847124B02221A7300200EE01A461649B0
:1046500017F080FBEBE71A46144917F07BFBF0E7F5
:104660004FF0FF3070474FF0FF3008BD4FF0FF3084
:10467000FBE74FF0FF30F8E74FF0FF30F5E74FF082
:10468000FF30F2E74FF0FF30EFE700BF18300120B6
:1046900054300120583001205C300120603001206E
:1046A00043BD0201713D020193A1020171A102010A
:1046B0002DE9FF479946424B0093824688461746AC
:1046C000012302227221EC2002F020FA17F01AFCDA
:1046D00000286CD13B4E30685146043017F03AFE4A
:1046E0000546002865D090F8F940002C5FD1B84508
:1046F00061D890F83830002B5DD190F84730083BF6
:10470000012B58D8C36B73B9402018F000F8E86348
:10471000002852D04022214617F0CAF9EA6B13460E
:1047200043F8344F9363EB6B998DE9B1012228462E
:1047300003F082FB40F2E2437B43984214D3CDE97D
:104740000103214B0093022201239D21EC2002F062
:10475000DDF945241D4B0093019401230022FF2124
:10476000EC2002F0D3F91EE030685146043017F017
:10477000F1FD90F8253001930546154B0093022278
:104780000123EC20732102F0C1F9EB6BDF81EB6BAD
:10479000A3F80C80EB6BA3F81090EB6B00221A705F
:1047A000012017F0A7FB204604B0BDE8F0870C24D9
:1047B000D0E74224CEE71224CCE70724CAE700BFA3
:1047C000FE550201980100200D56020132560201E9
:1047D00026560201002858D0454B1B683BB9454A74
:1047E000D2F8643F43F00103C2F8643F70479A0770
:1047F0001FBF4049D1F8642F42F00102C1F8642F75
:1048000013F00C0F1FBF3B49D1F8642F42F0020296
:10481000C1F8642F13F0300F1FBF3649D1F8642F51
:1048200042F00402C1F8642F13F0C00F1FBF3149DA
:10483000D1F8642F42F00802C1F8642F13F4407FCE
:104840001FBF2C49D1F8642F42F01002C1F8642F29
:1048500013F4406F1FBF2749D1F8642F42F02002A4
:10486000C1F8642F13F4405F1FBF2249D1F8642FB1
:1048700042F04002C1F8642F13F4404F36D01D4A75
:10488000D2F8643F43F08003AEE71A4BD3F8642FAD
:1048900060F30002C3F8642FD3F8642F60F3410281
:1048A000C3F8642FD3F8642F60F38202C3F8642F37
:1048B000D3F8642F60F3C302C3F8642FD3F8642FD6
:1048C00060F30412C3F8642FD3F8642F60F3451229
:1048D000C3F8642FD3F8642F60F38612C3F8642FF3
:1048E000D3F8642F60F3C712C3F8642F704700BF7A
:1048F000C834012000240141F0B5D0F87C3187B0E4
:104900000546002B61D01A7F002A7ED0D5F87001B1
:104910001C6968B101A9DF6816F03EFDF96806461A
:10492000019814F001FF3A4B984201D8002E4FD065
:10493000BDF8043023F47F5323F03F03ADF8043077
:104940009DF805306FF387138DF80530EB6BDA892E
:10495000ADF806201A4652F8060F029012798DF82B
:104960000C209978D2B242EA41128DF80C205A6993
:10497000CDF80D201A4632F8031FADF811109278C9
:104980008DF813205B8AADF81430E27812F0010F35
:104990000CBF01230723900748BF0633110744BF0C
:1049A0000233DBB2D20644BF0333DBB21C4401AB9B
:1049B00003CBC4F80300C4F8071003CBC4F80B0002
:1049C000C4F80F101B88A4F81330002007B0F0BD06
:1049D00016F082F90F4B9842AAD80F4B98429DF8D7
:1049E000053095BF66F3451343F020038DF805307D
:1049F0008DF8053094BF1E234FF49673B0FBF3F08F
:104A0000BDF8043060F30C0398E71B6879E700BF3A
:104A100038FEFF7FD47E2500C3BF03002DE9F3419C
:104A20000E46044650B93F4B00930246052304212D
:104A3000EF2002F06BF802B0BDE8F08115F0EEF85F
:104A400016F086F87600804615F042F940F2E14310
:104A50009E42257A92BF022640F27121B6FBF1F602
:104A6000AB060644074626F0704609D445F02005FB
:104A70006660257201223946204605F04BF818E0A1
:104A800015F0070518BF0125274B53F82520944240
:104A9000194619D1254A1278AA4222D163681A1AF6
:104AA00044BF03F180531A1A012A08D80223237540
:104AB0002661404602B0BDE8F04115F0F7B8236822
:104AC00041F8253008F06AFB194B53F83520194698
:104AD0005AB9184B009311460523EF2002F016F83F
:104AE0000CE0226843F82520EEE7A2420FD12268AD
:104AF00043F8352012B903EBC5056D606660B9E770
:104B00001A4623B90C4B009301210523E5E71368EE
:104B1000A342F5D123681360002BEFD101EBC5054B
:104B20006A60EBE7104F0201C433012032350120E7
:104B30007C330120254F02013D4F020184B02DE955
:104B4000F04385B005460DA880E80E0000270B460F
:104B50000E99032D3FD8DFE805F0024351591E6836
:104B6000DDE90F98346D2B46226B8A4257D0013312
:104B7000DBB2042B04F13404F6D11F2500243046A7
:104B800017F0D0FA3DBB2F4B78B142F20102ADF8DD
:104B900001201A788DF80070511C19708DF80320CF
:104BA00069463046F5F706FD15E0274A2749177094
:104BB000274A157001220A70197888181870254B39
:104BC000C6E90E89197084F82420227084F82C50CC
:104BD0003046EEF7DDF905B0BDE8F04304B07047AC
:104BE0001868026D0023303214688C421CD00133E7
:104BF000DBB2042B02F13402F6D1ECE7144A13784D
:104C000043F00103137005F067FFE4E7CDE90031DD
:104C100008226B46104901200CF0D5F8DBE7002292
:104C200084F82B201F46AAE7064A8DF8003040F290
:104C30000143ADF8013013788DF80330591C117021
:104C40006946AFE745350120DD020020DE02002085
:104C5000DC020020DF0200200A01010138B5044611
:104C60003E4B1D6872B6BFF34F8FBFF36F8F0FF0CF
:104C700087FD08B962B638BD394B06221A60083381
:104C80001A680AB9374B1A68A54228BF2546681E1C
:104C900034490C6804FB0024334A126812F0806F18
:104CA00006D0314A4FF0007111602E4A1268A41AE2
:104CB0002E4A1268A24238BFA41A2D4A1460043248
:104CC0000021116026490A6842F001020A6025B1FC
:104CD000BFF34F8F30BFBFF36F8F62B6BFF34F8FFD
:104CE000BFF36F8F72B6BFF34F8FBFF36F8F1C4947
:104CF00006220A600A6812F4803F1ED0194B1A6817
:104D00001C4B1B681344013B1B1B18490968994243
:104D100001D29A4200D2531E154A1360154B00224D
:104D20001A60083B07221A600E4B1B68013B104AB1
:104D3000136011F099F962B69DE70E4A1168094AAD
:104D4000126805FB02F3581AB0FBF2F000FB0222D6
:104D5000CB1A1344064A1360E0E700BFF833012082
:104D600010E000E0F433012004ED00E0F431012014
:104D700014E000E018E000E070B5444B1C68444BC0
:104D8000272101FB0042D3F8845F92F8226066F38A
:104D90001F65C3F8845FD3F8885F92F8236066F3D9
:104DA0000705C3F8885FD3F8885F92F8246066F33C
:104DB0000F25C3F8885FD3F8885F92F8256066F303
:104DC0001745C3F8885FD3F8885F92F8266066F3CA
:104DD0001F65C3F8885FD3F88C5F92F8276066F38D
:104DE0000705C3F88C5FD3F88C5F92F8286066F3F0
:104DF0000F25C3F88C5F92F82960D3F88C5F66F3B7
:104E00001745C3F88C5F92F82A60D3F88C5F66F37D
:104E10001F65C3F88C5F92F82B60D3F8905F66F340
:104E20000705C3F8905F92F82C60D3F8905F66F3A3
:104E30000F25C3F8905FD3F8905F92F82D6066F36A
:104E40001745C3F8905FD3F8905F92F82E6066F331
:104E50001F65C3F8905FD3F8945F92F82F6066F3F4
:104E60000705C3F8945F92F83050D3F8942F00FBF5
:104E7000011165F30F222144C3F8942F897AD3F8E6
:104E8000942F61F31742C3F8942F70BDB80200202D
:104E90000024014170B586B0038801930546414B5B
:104EA0000093EC20012302224C2101F02FFE2888E0
:104EB00015F0ACF800286ED00468E37D012B03D117
:104EC00094F8ED30990768D5204614F079FD002854
:104ED00046D0302003F0CAFBC4F8B0016B880380D1
:104EE000AB884380EB8883802B89C3806B890381E7
:104EF000AB89438194F86D301A0755BF94F8F230AE
:104F00006FF3C30343F0010384F86D3058BF84F896
:104F1000F230064617F09CFA01281FD97388628F79
:104F2000D4F8CC009A421ABF40F2E2415943002122
:104F300017F0C4FAA4F8A800B4F8A82032B1718818
:104F4000B2FBF1F301FB1323A4F8A830204612F0C2
:104F50009CF820B30024204606B070BD0023F3E780
:104F600028686968AA8902AB03C3A86818609A8098
:104F7000204602AB0E2201210DF0CAF9044600289A
:104F8000E8D0094B0093019401230022FF21EC207B
:104F900001F0BCFDDFE70224F3E71A24F1E7072460
:104FA000EFE700BF709502018A9502012DE9F048F4
:104FB0000446404B187D93F82C30002B75D1C0B2BD
:104FC00003F0FF02002873D1002C6FD02368002B60
:104FD0006CD0394A002908BF1146B1EB031F09D232
:104FE000B1EBC30F49D203EB43028A4248D80326F0
:104FF000042501E010260025A6FB03BC4FEA0C4760
:105000000A4600234FEA0B4047EA1B4113F084F99C
:10501000C0F58030294A136823F002031360D36976
:10502000002BFCD180B2254B98816368022B2AD0DB
:1050300022490B6823F0706323F4604343EA45334D
:1050400043F080730B604A68A368E068034322F46E
:10505000015222F007021343626813434B60174A60
:10506000D369002BFCD1154A136843F00203136087
:10507000D369002BFCD1012018E008260225BBE7EC
:1050800000263546B8E70D4A136823F0706323F411
:10509000604343EA453313605168A368E068034303
:1050A00021F047010B435360D9E70020BDE8F088A9
:1050B0001046FBE7183101200020A107000C00403A
:1050C0007FB5374B00930446012302226721EC2071
:1050D00001F01CFD16F016FF00285CD1314E33782C
:1050E000012B58D02378DB071AD4234602A853F8A3
:1050F000032FCDF80A209B88ADF80E30B4F80130AC
:10510000ADF8083011F0AEF950B10B25264B0093E5
:10511000019501230022FF21EC2001F0F7FC35E08E
:10512000242015F085FD002833D1237803F00603F1
:10513000042B14BF002511251C4B1B78052B2CD8E4
:10514000002DE3D11A4A237813701A4A617811703E
:10515000194AA17811702246184952F8030F0860C5
:1051600092888A80164A61891180164AA189118025
:10517000154AC3F340011170144AC3F3800313703E
:10518000134B01203070187016F0B4FE284604B09E
:1051900070BD0025D0E70C25B8E70725B6E700BFAE
:1051A000A6AA02013F350120B5AA02013D35012022
:1051B0003E3501203A35012039350120DC3301200C
:1051C000283501202A3501204135012040350120B4
:1051D0003B3501202DE9F04385B004468846019215
:1051E00000263546DFF8F89035E04146204614F0B9
:1051F000A9FC7B1EA36323692BB916F023FB0120B6
:1052000005B0BDE8F08304F1100002F0D1FC0028E5
:10521000F3D0334B4FF080521A60BFF34F8FBFF380
:105220006F8FEAE716F00EFB0020E9E702A815F001
:1052300057FF1AE0204607F0C5FDFCF719FC09E00E
:10524000204607F0BFFDFCF713FC204616F054F98A
:10525000002842D1012615F055F9A76B002FC4D1C3
:10526000019B002BDED0002EE0D016F0EBFA16F0FA
:1052700091FD15F047F994F844305BB2B3F1FF3F6C
:1052800008BF84F8445094F845305BB2B3F1FF3F57
:1052900008BF84F8455016F0D5FA01A902A809F014
:1052A000ABFA0028CCD1204616F026F90028C1D050
:1052B000019904F1240015F005FC204607F082FD59
:1052C000FCF7D6FB0028C5D14FF08053C9F8003059
:1052D000BFF34F8FBFF36F8FBCE7002090E700BF95
:1052E00004ED00E02DE9FF473C4E336890461A7804
:1052F00082468946002A5AD1B8F1000F02D15B7864
:10530000002B54D0402003F0B1F90546202003F0D3
:10531000ADF90746002D5FD000285DD0304C14F069
:105320007DFC2268012313773268514613702846AA
:10533000202215F079FD20224946A81815F074FDA9
:105340002368B8F1000F1FD0264A9A611B2015F080
:105350006FFCE0B117F0B2F901462846FEF7C2FE35
:10536000A8B9284612F002F8384611F0FFFF1224BF
:1053700002AB05221C498DF80C4001200BF023FDE7
:10538000204604B0BDE8F08703F11D02DDE7236885
:10539000C3E904750BF078FB044648B1336800227A
:1053A00028461A7011F0E2FF384611F0DFFF0C2496
:1053B0000E4B0093022201233421EC2001F0A6FBC6
:1053C000002CDDD00A4B0093019401230022FD2123
:1053D000EC2001F09BFBD3E70724E9E7A8010020BC
:1053E000AC010020541B02010105010144BF020170
:1053F0002896020170B590F8FA30856890F8F86048
:1054000088B00446D3B1394B1A686FF300021A60B2
:10541000A3F24C4301461A686FF3DB621A60002066
:1054200007F046FA2146002000F002FB94F84730CE
:10543000012B03D104F5C67001F024F92C4A009524
:105440002C4D2D490023137084F8FA308DF8063066
:105450002B88ADF8043008226B4601200BF0B3FC1A
:105460002B88264D13F0280137D1022E35D094F821
:105470004720012A31D013F4C27F1ED013F4C07F1D
:1054800008BF0121204607F0C9F9D4F8983013B1BC
:1054900001232B7014E02B70194B94F894201B7887
:1054A000013A93421CDA0133DBB284F8543004EB46
:1054B00083035B6EC4F89830EAE72B78002BEBD0BF
:1054C0001822002102A816F0F3FA02238DF8083002
:1054D00001238DF80A3002A803E02B78002BEFD1CE
:1054E0000020FCF70BFA08B070BD00BF583E014128
:1054F000E8020020C602002000000101C5020020D1
:10550000C4020020F0B5D0E96CC715290CBF614674
:105510003946B0F854610D894A89B0F856318C8803
:10552000B1F806E0B54228BF3546934228BF13467E
:105530000A88944228BF14464A88724528BF72469A
:10554000B0F85EE0AE450BD1B0F862E09E4507D101
:10555000B0F864E0A64503D1B0F866E0964555D0B2
:105560001A2D27D81B2590F8E260A0F86050B0F8FB
:105570006050A0F85E50132E20D1ACF808501A2CC1
:1055800022D81B24A0F86440447EE40626D5B2F558
:10559000A47F1DD24FF4A472A0F86620827ED206AA
:1055A00027D5B3F5A47F2AD24FF4A473A0F86230B4
:1055B0000120F0BDB54228BF3546D4E790F8E4603D
:1055C000132E08BF3D81DAE7FB2C88BFFB24D9E707
:1055D000C9889142E0D2B0F85621DDE7B2F5296FD3
:1055E00002D24FF42962D7E7C9888A4228BF0A4607
:1055F000D2E7B3F5296F02D24FF42963D6E7B0F8AA
:1056000056219A42D2D2A0F86220D1E70020D0E7FA
:105610002DE9F3410446D0F86C0100230193C8B191
:1056200001A9D4F8206115F0B7FE054690B9D4F869
:1056300074310198DB68D96814F076F8344B9842DD
:1056400008D815F049FB06F5A576864202D8314BFD
:10565000984208D91F250127D4F874612EB928462D
:1056600002B0BDE8F0812F46F6E7D6F8108098F832
:10567000033043F0100388F80330F368D968002F33
:1056800042D1019814F050F815F026FB224B9842B5
:1056900095BF1E234FF49673B0FBF3F0B0FBF3F00D
:1056A00099BFC0F30C00BC46C0F30C004FF0010CD6
:1056B00098F8032094F852E094F8241012F0010FA7
:1056C00014BF0723012312F0020F18BF063312077D
:1056D00044BF0233DBB243440EF03F0EDA78187158
:1056E0006EF3050202F0BF026CF3C712DA705A794A
:1056F000013922F01F0201F0070142EA102061F394
:10570000471058713668A9E700208446D0E700BFEB
:1057100038FEFF7FD47E2500C3BF03002DE9F0478C
:1057200086B081460E46174614F070FC002871D0F2
:105730000468D4F84431002B6ED00021204611F0CB
:10574000CBFED4F84431804616B11A567E2A07D0D3
:10575000002F53D003EB080292F904207E2A4DD18A
:10576000204614F02DF900283AD0D4F844311A7CA0
:1057700066F300021A74D4F844311A7C67F34102CC
:105780001A74D4F84421012303FA08F3D375D4F82A
:10579000443100251D7641462046D4F844A115F039
:1057A0006BFD8AF81900204616F0BDFF1B4B0093D5
:1057B000CDE90267CDF80490012302225421EC20A8
:1057C00001F0A4F945B1164B009301950123002285
:1057D000FD21EC2001F09AF9284606B0BDE8F087DB
:1057E00005AB042207212046ADF814908DF8166011
:1057F0008DF817700CF08CFD0546D7E71A7C66F320
:1058000000021A74D4F844311A7C67F341021A7406
:105810000025CBE70225C9E71A25C7E7F466020190
:105820006185020138B5314A137813F001045BD168
:1058300043F0010340F20160137002F017FF2C4D9A
:10584000286010B90724204638BD2A4B00F5C062F5
:105850006A60596A80B260F30F015962996992B225
:1058600062F30F019961FF204FF4C063AC60C5E99A
:10587000033302F0FBFE68610028E3D01E4BC3E94E
:1058800000431E4BC3E900431D4BC3E900431D4BBE
:105890000E221A701C4BCD221A801C4B1B221A8020
:1058A0001B4B02F22D121A801A4B4FF001121A6094
:1058B0004FF448625C601A81174B21461822184643
:1058C00016F0F6F88268154B02F0F801144A1C70C5
:1058D0000A4382601349042016F048FD10F0D4F802
:1058E000114816F067FDAEE70024ACE7363501201D
:1058F000E8010020002401413802002000020020BD
:10590000300200202C02002040020020243501201B
:10591000263501200802002014020020373501201E
:1059200001016104B9B10001359F020130B589B0B0
:105930000546009101A8694615F04CFE69460DF137
:10594000060015F047FE694602A816F09EFB694660
:105950000DF1090016F099FB062269460DF10A00C7
:1059600015F0E8FF694604A816F08FFB69460DF1B3
:10597000120015F02FFE694605A815F02BFE6946AA
:105980000DF1160015F026FE694606A815F022FE58
:1059900069460DF11A0015F01DFE694607A815F0BD
:1059A00019FE16F0B7FA00283ED1BDF80630043BC8
:1059B0009BB243F6FC72934238D8BDF80430043BE6
:1059C0009BB2934232D89DF80830012B2ED89DF817
:1059D0000930032B2AD89DF81030032B26D8BDF8A8
:1059E0001230063B9BB240F67A4293421ED8BDF875
:1059F0001430063B9BB2934218D8BDF81630B3F56D
:105A0000FA7F13D2BDF818300A3B9BB2043A934296
:105A10000CD801A8F7F722FE04462846214610F0CC
:105A200093F9204609B030BD0C24F6E71224F4E7C0
:105A300070B50D463D4C00286ED001F12806304669
:105A40000CF0C2FC04F6AC73A86A1860AA8D9A80A8
:105A5000B4F86C3F43F04003A4F86C3FD4F8683FBF
:105A600043F48063C4F8683F95F847200B2A05F19A
:105A70001B0019D840F69203D340DB4313F0010317
:105A800012D1D4F89C2FA97E63F31842C4F89C2F3E
:105A900015F03EF9282002F01BFDD4F8643F43F4D2
:105AA0000073C4F8643F70BD95F82130032B0ED805
:105AB000DFE803F00215212AD4F89C3F40F2FF12E0
:105AC00062F31843C4F89C3F0020FEF783FE184B96
:105AD00018680028E7D1BDE8704002F0F9BCD4F89E
:105AE0009C3F202262F31843C4F89C3F082002F038
:105AF000EFFC0120E9E7D4F89C3F082262F3184349
:105B0000C4F89C3F2020F2E7D4F89C3F6FF3184381
:105B1000C4F89C3F2820EAE7D4F8643F60F34923A7
:105B2000C4F8643FBDE87040FEF754BE0024014154
:105B3000C8340120037813F03F0278D04A1E062AA9
:105B400073D8DFE802F00A04111B2A3D55004278A1
:105B500012F0010F0CBF0121072103F03F038B421C
:105B600065D9013108447047427812F0010F0CBF2B
:105B7000012107219207F0D50631EEE7427812F0B5
:105B8000010F14BF0721012112F0020F18BF0631C7
:105B90001207E2D50231C9B2DFE7427812F0010FF5
:105BA00014BF0721012112F0020F18BF063112F0B5
:105BB000080F1CBF0231C9B2D206CED50331EAE7C5
:105BC000427812F0010F14BF0721012112F0020FD9
:105BD00018BF063112F0080F1CBF0231C9B212F013
:105BE000100F1CBF0331C9B29206B6D51231D2E7ED
:105BF000427812F0010F08BF012112F0020F1CBF02
:105C00000631C9B212F0080F1CBF0231C9B212F03E
:105C1000100F1CBF0331C9B212F0200F1CBF12318C
:105C2000C9B2520699D50131B5E7002195E70020A8
:105C30007047FEE72DE9F347054613F0C1FE044621
:105C400020B90024204602B0BDE8F0870B210020D7
:105C500014F09EFB01460028F3D029230373324B36
:105C6000324A1B684FF0000CC0F80DC0C0F811C0DC
:105C7000A0F815C01B7813F0100333D0D2F80080C1
:105C80000120E646D8E918230193D8F8583002EAF3
:105C9000030AD8F85C30019A1A4002EA0E070AEAB1
:105CA000000656EA07034FEA4C0901EB9C0309F092
:105CB000060914BF0122032202FA09F20CF1010CB9
:105CC00093F80D9000185FFA8CFC49EA02094EEB3C
:105CD0000E0EBCF1250F83F80D90D3D1284605F0A8
:105CE0009BFDAFE7D2F800C0012600274FF0030E5E
:105CF000DCE9160206EA000807EA020958EA090286
:105D00000BD101EB93005A0090F80DA002F00602AF
:105D10000EFA02F242EA0A0242730133B619DBB20A
:105D20007F41252BE4D1D9E7F0020020AC0100200F
:105D30002DE9F0474FF0340A036DD0F8088012FBCC
:105D40000AFA012906460D46174603EB0A092AD826
:105D50000C200AF0FDFD044600285AD0012389F8E2
:105D60002E3086F82F300020A38803F0F80343F488
:105D7000807343F00103A380012D45F48073E38019
:105D80003CD814F05FFD244BC4F808801A689B8847
:105D90002073C4F80D20A4F81130E7742046BDE844
:105DA000F04713F045BB022908D105200AF0D0FDC9
:105DB000044670B3012389F82F30D4E7032928D192
:105DC00009200AF0C5FD044618B3012389F82D30D7
:105DD000124B39461B6830469847114A114BD2F88E
:105DE00000C0326DD3F8081152440CEB114111621E
:105DF000D3F810311CFA83F3B362B5E7022DC4F86F
:105E0000088001D12773C9E7032D04BFE060277420
:105E1000C4E7BDE8F08700BFEE330120F83401206D
:105E200070020020002401412DE9F04194B0804629
:105E30000E4614F0EBF8002868D00568D5F8443118
:105E4000741EE7B2002B63D03B4493F904207E2AF2
:105E50003ED1284613F0B4FD70B3D5F844311A7C16
:105E600042F004021A74D5F844210123A340D375EB
:105E7000D5F8443100241C7639462846D5F84461CB
:105E800015F0FAF97076284616F04BFC214B00937A
:105E9000022201235321EC2000F038FE44B11E4BB6
:105EA0000093019401230022FD21EC2000F02EFE3E
:105EB000204614B0BDE8F08102AB0322062128463B
:105EC000ADF808808DF80A600CF022FA0446DDE790
:105ED000002441F22102ADF808208DF80C402A88F8
:105EE000ADF80E2002228DF810208DF8116093F984
:105EF00004208DF812201B7B8DF81440C3F301039E
:105F000002A88DF8133011F001FBBFE70224BDE7B2
:105F10001A24BBE77BAE0201618502012DE9F04145
:105F200006460F4600200C2114F032FAD6E96C34F4
:105F300096F8E4200546112A18BF1C46002839D0DF
:105F40000023F90703733DD56288082A9ABF02F13E
:105F5000FF33DBB208232373B6F8A830E381228233
:105F60006368C4F81230BA0704D594F82010638B24
:105F700011BB2382237B6B73E389EB81238A2B8202
:105F8000638A6B82A38AAB8215F038FD074600282E
:105F900037D000234FF001080C34C371014680F85C
:105FA0000580C460304616F081FB3046294605F076
:105FB00033FC4046BDE8F081B3FBF1F201FB123245
:105FC0009B1AD6E7628B082A9ABF02F1FF33DBB235
:105FD000082323737B0711D5A18C4FF6FF739942D9
:105FE00006D10123E381E3692282C4F81230C1E7BC
:105FF000B6F8A830002B08BF0B46F3E7B6F8A83078
:10600000F0E7284616F01AFB3846D3E7F8B50468DF
:10601000364D0DF0F1F9A36F002643F4C073A3676A
:1060200031462046C4F89860A67510F09DFB2B6899
:10603000228E62F30F032B602B68628E62F31F4384
:106040002B602B4653F8302D42F001021A602B468C
:1060500094F8341053F8042D61F30F221A60B4F849
:1060600035101A6861F31F421A60A17E607E06F047
:10607000F7FA1F4B022158690FF05CFA15F072FF16
:106080001C4B02681F882946D21B51F8183D92B25A
:1060900062F30F030B60436855F8102DDB1B9BB2B6
:1060A00063F30F0220462A6009F046FC607E0FF081
:1060B0001FFAA17E012014F09EF9617E022014F0E7
:1060C0009AF9314620460FF0F9FED4F844314BB12D
:1060D00018567E2806D00CF0EBFB94F92C00AFF399
:1060E0000080F8BD044B93F90100F4E760340141EE
:1060F000EC320120700200208A0100202DE9F047D7
:1061000088B090F847308DF8043090F822308DF840
:106110000630904690F82430C26B8DF8073090F826
:1061200038308DF80A30138A0390C3F380130024AB
:106130008DF812808DF80B308DF8114013788DF8A2
:1061400015300C236A4606460D4601A80DEB0301E7
:106150008DF81030FAF7E8FC03A9684609F036FE1E
:106160004FF0010A6A46814603A901A88DF811A0E3
:10617000FAF7DAFC03A9684609F028FE0D236A46FF
:1061800003A9074601A8ADF810308DF812800396D8
:106190008DF81540FAF7C8FC03A9684609F016FE09
:1061A0006A4603A9804601A88DF811A01FFA89F953
:1061B000FAF7BAFC03A9684609F008FEA9450BD214
:1061C000E91B89B21FFA88F801348845E4B203D28A
:1061D000091A89B20029F7D186F84C4086F84E702A
:1061E00086F8510008B0BDE8F08730B587B00546A5
:1061F000019102A801A915F0EDF901A90DF10A001C
:1062000015F0E8F901A903A815F0E4F901A90DF1C9
:106210000E0015F0DFF901A904A815F0DBF901A9BA
:106220000DF1120015F0D6F901A905A815F0D2F963
:10623000BDF80810002012F063FA48B11224284675
:10624000BDF80820214613F0B3FC204607B030BD4E
:10625000BDF80A10012012F053FA0028EED1BDF863
:106260000C10012012F04CFA0028E7D1BDF80E10F6
:10627000022012F045FA0028E0D1BDF810100320EA
:1062800012F03EFA0028D9D1BDF81210042012F005
:1062900037FA0028D2D1BDF81410042012F030FAD9
:1062A0000028CBD1BDF80E30BDF80C2001335209C7
:1062B00013FB02F3BDF810209BB29A42BED3BDF887
:1062C000080013F0A3FE20B102A808F001FD044667
:1062D000B5E70224B3E7FEE730B50388132BC3B05C
:1062E000044620D041F20A0293422CD0052B45D11E
:1062F0000579002D42D1C08811F0C6FF58B12F4B4F
:10630000C5701A681378013BDBB213701BB11821FA
:10631000B1FBF3F35370E08813F092FA08282DD004
:1063200011F0CAFF2AE0C08811F0AEFF30B3227A24
:1063300083789B1A214ADBB21268837052789A42A2
:106340001CD843B030BD0379C3B91C4A126802F1AE
:106350006F0100BF11F8230040BB02EB8303E1880B
:10636000A3F86C104FF48071A3F86E10137801330A
:10637000DBB213701821B1FBF3F353702188104A7C
:10638000002300BF32F82300884213D102EB8303BD
:10639000211D9B788DF80430442202A814F044FD9E
:1063A000064B1B6801A85B689847CAE70133082BB6
:1063B000D0D1E3E70133202BE4D1C2E7003501203F
:1063C000F8E6010153594E433A73796E6365643DB3
:1063D00025642C66703D25642C7061726156616C79
:1063E00069643D25640053594E433A737461727475
:1063F00020746F2073796E63210053594E433A70B5
:106400006172616D313A73796E6348616E646C6577
:106410003D25642C7068793D25640053594E433AFC
:10642000706172616D323A636C6B553D3078256CEA
:10643000782C657674436E743D3078257800535916
:106440004E433A706172616D333A7061496E7465A2
:106450007276616C3D307825780053594E433A701E
:106460006172616D333A6F66667365743D3078258D
:10647000782C756E69743D307825780053594E43F9
:106480003A77696E64576964656E556E69743D2527
:106490006C75287573290053594E433A63757272AF
:0F64A000656E7420636C6B553D3078256C780009
:1064B00030B58DB00546029105A802A915F0E5FD9D
:1064C00002A90DF1160015F085F8032202A906A80D
:1064D00015F030FA032202A90DF11B0015F02AFA7B
:1064E00002A90DF11E0015F0D0FD02A90DF11F004B
:1064F00015F0CBFD02A908A815F0C7FD062202A9D8
:106500000DF1210015F016FA02A90DF1270015F082
:10651000BCFD02A90AA815F0B8FD02A90DF12900D9
:1065200015F0B3FD02A90DF12A0015F0AEFD02A988
:106530000DF12B0015F0A9FD02A90BA815F0A5FD82
:1065400002A90DF12D0015F0A0FD02A90DF12E00FC
:1065500015F09BFD02A90DF12F0015F096FD05A881
:106560000DF0AEFD044628B90DF1070105A8F2F7BC
:10657000D7FE0446234603AA2946022010F09DF8C0
:10658000029038B102A89DF8071015F0ADFE03A8DF
:1065900015F020FC20460DB030BDFEE770B40401BC
:1065A000354D25442D7B04F1824404F5804494F854
:1065B0004E4014F0030F02D1EDB2002D55D104016D
:1065C00004F1824505F58045032685F84E602A4D85
:1065D000254401262E73294D2C5B14F4806F19BFBE
:1065E000C91805EB0014254C04EB0014616001018F
:1065F000224C615A11F4006F27D01A4404EB0011A9
:106600008A601E4902018C18895A9BB2C1F301218C
:106610000B419BB2638002F1824303F580431A6C05
:1066200042F002021A641A6C12F47F4F1FD193F8E1
:10663000463013F0400F1DD111490C69012202FAB6
:1066400000F323430B61104612E00D49498811F411
:10665000404F04D1094901EB00118A60D1E711686C
:10666000064A02EB00129160CBE7002000E0012017
:1066700070BC70470120FBE718320120F83101207F
:1066800000400041F7B5064648B9324B0093052358
:1066900002461946EF2000F039FA03B0F0BD13F0BE
:1066A000BDFA14F055FA337A9B0605463AD513F035
:1066B0000FFB347A284B6FF34514347214F007043F
:1066C00018BF0124194653F8242096420ED1234ABC
:1066D0001278A242326819D1736841F824201F1A37
:1066E00044BF03F180531F1A012F0CD81C4B53F8E1
:1066F000342019466AB91B4B009311460523EF203D
:1067000000F004FA0EE006F049FDEFE743F824201C
:10671000ECE7B24213D1326843F8342012B903EBEC
:10672000C4046460284603B0BDE8F04013F0BEBA6C
:106730001A4623B90C4B009301210523DFE71368A8
:10674000B342F5D133681360002BEBD101EBC404E5
:106750006260E7E75CB90201C433012032350120F1
:106760007C330120254F02013D4F020173B50379AF
:106770000193354D354B0093022201230F2104462E
:10678000EC2000F0C3F92868F021043015F0E2FD98
:10679000064615F0BFFB002849D11EB196F8F83027
:1067A000002B44D12388203B9BB244F6E0729342F5
:1067B00048D86388203B9BB2934243D8637B002B2D
:1067C00040D02868F021043015F0C4FD237980F80A
:1067D0004730012380F82230617B01766388436172
:1067E000A37B80F8213063794376A379837654F8CC
:1067F000073FC0F81B30A388A0F81F30002380F8A3
:10680000943000BF21FA03F2D20748BF90F89420D9
:1068100003F1010344BF013280F89420032BF1D12E
:10682000012015F05FFB0024204602B070BD0C244F
:10683000074B0093019401230022FF21EC2000F07C
:1068400065F9F1E71124F3E7980100204E99020160
:10685000669902012DE9F04192B01E464B790693EC
:106860000B790593CB7804938B7803934B78029341
:106870000B7801932E4B009380460D46174601235B
:1068800002222021EC2000F041F915F035FE28B954
:1068900015F0C8F80446F0B1072412E0254C23682F
:1068A0005B6C984760B923689B6C984740B9236834
:1068B000DB6C984720B923681B6D98470028E7D008
:1068C0000C241D4B0093019401230022FF21EC2096
:1068D00000F01CF928E09DF8203068F3000360F315
:1068E00041038DF820302B68CDF82130AB88ADF80E
:1068F00025303B68CDF827307B68CDF82B30BB685E
:10690000CDF82F30FB68CDF833303368CDF8373011
:106910007368CDF83B30B368CDF83F3008A8F36812
:10692000CDF8433005F0FAFB204612B0BDE8F08107
:1069300088900201A80100209AB2020184B070B5CB
:1069400004AC84E80F00012013F07AF94FF6FF71D0
:106950000446012011F040FA44F40071012089B28C
:1069600013F080F9049B2A48002B44D0294C22685C
:10697000137813F0030308D15370226893702268D0
:106980001178D38063F382011170234B00211970B9
:10699000224B01701A88022666F383021A8003F5DF
:1069A000AC620325106865F313401060106865F34E
:1069B0001750106053F8902D61F300021A600FF029
:1069C000F0FE069D14F0D2F823681A7866F30102EF
:1069D0001A702268079B6D0A40F271212846B3FBAA
:1069E000F1F3138602F0CEF923681B8E53B1A81978
:1069F00002F02CFA06E00278094B1868002AF7D159
:106A000002F0C0F9BDE87040002004B0704700BF3C
:106A1000FC020020F002002013030020C0340141DA
:106A2000F8020020F8B5CB68477E1E785D7800211B
:106A300002460FF043FA022E0446D37D2AD0042EDC
:106A40002CD0012E04D1012B4FF011012DD1517604
:106A5000022D2ED0042D30D0012D39D1012B4FF035
:106A6000110134D19176212F537E43D1212B31D086
:106A7000D2F88000D2F884106FF4C6754FF49C737E
:106A8000284403FB0101B1FBF3F003FB1013C2E93F
:106A900020301FE0012B4FF01201D7E7012B01D16D
:106AA0002121D4E7D17E11B923219176D0E722218B
:106AB000FBE7012B4FF01201D3E7012B06D1D37E68
:106AC00013B923239376CEE72223FBE721215176C6
:106AD000012BC8D0D2F844515DB1002110460FF00F
:106AE000EDF92B572B54D2F84431184423441B7A28
:106AF0000372F8BD212BEDD1D2F88000D2F88410BA
:106B000003F2171300F28D10BBE7FEE72DE9F04109
:106B1000334D1E462B68A2B004460F469046002B0C
:106B200058D015F0DBFB002854D115F09BFB002852
:106B300050D1F20703D52B4B1B68DB070BD4B007F2
:106B400003D5284B1B68990705D4720742D5254BFE
:106B50001B685B073ED5244B8DF800801B788DF8B1
:106B600001408DF80270002B37D1C4F1EF041F4FA4
:106B700004EB84042744384614F07AFC3946064670
:106B8000C4B2024602A814F04FF922AB1E440134ED
:106B90003A2306F8803CE4B202AB181929AB289AD4
:106BA0000193C4F17E01F9F719FE54FA80F0C0B2E6
:106BB00022AB03440D2203F8802C431C22AA52FA74
:106BC00083F302300A2203F8802CC1B22B6802AA98
:106BD0006846984722B0BDE8F08102A80024DDE7AE
:106BE0007C340120803401202E35012020B902019F
:106BF000F0B5324A324885B000231546C158D1500D
:106C00000433102BFAD12F4B2F4E1A8842F0010279
:106C10001A801A8842F004021A801A8842F002028E
:106C20001A801A8842F008021A801A68D007FCD429
:106C30001A685107F9D41A689207F6D41A68C2F391
:106C4000C002002AF1D1214B1968ADF80010184696
:106C50001C4650F8041DC1F30F41ADF8021054F862
:106C6000041FADF80410194651F8087FADF80670FE
:106C70002468C4F30F44ADF808401B68ADF80A302F
:106C80000368ADF80C300B68ADF80E30694613465A
:106C90000A460878EC5C01332043102B01F8010B05
:106CA000F7D1B6F8A0350A4C6FF30003A6F8A0356B
:106CB0000FCA84E80F0005B0F0BD00BF8C3301207F
:106CC00098370120143E014100240141043E014156
:106CD0008029014173B505680646012128460FF059
:106CE000EDF8D5F84421104490F904307E2B39D0CA
:106CF00095F82C10D2F822205B1A117AC1F3C1004A
:106D0000DBB2032842D8DFE800F02F023902D47842
:106D10009C423DD214789C4294BF022401248442B8
:106D200028D0C1F34100A042908800D0B0BBD288E7
:106D3000B5F85C100244C9430A44120412D58DF818
:106D4000043006226B461B49009601208DF8054051
:106D50000AF039F8D5F84431D3F822301A7A64F3BE
:106D6000C4021A7202B070BD1078984212D990789D
:106D7000984209D9B5F85C30D380F3E7D0789842CF
:106D80000AD250789842F5D30124CAE70446C6E7F0
:106D90000024C4E70224C4E70024C2E764F34201EC
:106DA0001172D5F84431B5F85C20D3F82230DA807E
:106DB000D8E700BF06060101F8B5364B04685B69E9
:106DC00018785F7894F86C30E7771646C21062F353
:106DD0008203C0F3800200F0030562F3C3030011D5
:106DE00060F30413A57784F86C3029B9DBB261F342
:106DF000410384F86C300CE094F86C30C3F38011DC
:106E000091422ED043F0020384F86C3020460FF0FC
:106E1000BFFB94F86C306FF3000384F86C30AEB1B4
:106E200094F8C43113B11C4B1B787BB994F86C30C7
:106E3000C3F38002B2EBD31F08D1627F012A05D0D1
:106E4000E27F8AB943F0010384F86C30617EE07F11
:106E50000EF0BAFED4F898301844C4F89800002018
:106E60000BE06FF34103C4E7204611F08DFF28B11A
:106E7000A36F43F01003A3670120F8BD94F82830F6
:106E800023B9032D1CBF012384F8283094F86C30FB
:106E9000D8E700BFEC320120FD0200202DE9F041CF
:106EA0001C4693054AD53149314E0B7883F00107D2
:106EB000002B56D12F4D2B685FFA83FE33689A78EA
:106EC000187903EB020898F808C0864598BF0CF1C2
:106ED000010C88F808C002F1010C9C44D5F8008030
:106EE0009CF808E0C8F30728404528BF0EF1010EC2
:106EF0008CF808E002F1020C9C44D5F800809CF864
:106F000008E0C8F30748404528BF0EF1010E0332E0
:106F10008CF808E013442D681A7A2D0E85428CBF38
:106F20001046501C187232680F709378124904335F
:106F3000937000231A46184609F045FF14F0300FED
:106F400011D00B4B1B681B7803F00303022B0AD1F3
:106F500000231A464FF484311846BDE8F04109F089
:106F600032BF064DA7E7BDE8F08100BF1303002044
:106F7000F0020020583C0141010801005C3C014145
:106F800070B505460E460020182113F001FA04469C
:106F9000002845D00F2E067343D1D5F8B0311A889A
:106FA000A0F80D205A88A0F80F209A88A0F8112088
:106FB000DB88A0F81330B5F8A8304FF6FF72002B2D
:106FC00008BF134603834FF0FF33C0F81A30C0F8F0
:106FD0001E3080F8223080F82330B4F80D20B4F849
:106FE0000F309A4208BF0023637515F031FAA98F5C
:106FF000B5F85030B5F85C200131052813FB01F3DA
:107000008BBF03EBC30303EB430302EB430302EB2E
:1070100083039BB22846E382214604F0FDFB012056
:1070200070BD102ED9D1D5F8B4311A8BA0F80D202F
:107030005A8BA0F80F209A8BA0F81120DA8BA0F8B9
:107040001320B5F8A82002B99A8C2283DA8C6283C7
:107050001A8DA2835A8DE2839A8D2284DB8D6384FC
:10706000BBE7FEE710B5354BDB790C4699068AB0D5
:1070700041D5334B5A7892073FD51F223E2101A8B4
:1070800013F024FF0A210090684615F02DF92178AD
:10709000684615F029F96188684615F02BF92179C1
:1070A000684615F021F96179684615F01DF9062248
:1070B000A118684614F048FC062204F10C01684649
:1070C00014F042FC062204F11201684614F03CFC64
:1070D000218B684615F00EF9618B684615F00AF9A8
:1070E000A18B684615F006F96846A17F15F0FCF8FB
:1070F00001A814F06FFE0AB010BD1B78DB07FAD5AB
:1071000013223E2101A813F0E1FE01210090684600
:1071100015F0EAF82178684615F0E6F861886846C7
:1071200015F0E8F82179684615F0DEF861796846CF
:1071300015F0DAF80622A118C7E700BF40010020C9
:107140003801002006040000A92702011D040000E8
:1071500033450201480C0000D1720201490C0000C5
:1071600071B102017B0C0000111F02017C0C0000B8
:10717000610D0201051400000D3E02010220000015
:107180008958020113200000897C010115200000AC
:107190000128020116200000CD1F02011C20000062
:1071A0006F1F020120200000EB610101212000007F
:1071B0002B2002012220000053CE010123200000D9
:1071C000C9580201242000005B3E02012F2000006C
:1071D00039250201302000009325020131200000F2
:1071E0007519020132200000A5B001016D200000D8
:1071F000CB4E02017620000095A50101772000000A
:10720000CF1602017820000027AC01017920000090
:10721000452102017A200000CD0F02017E200000EE
:1072200035A201012DE9FF410746009101A86946F9
:1072300014F02BFF69460DF1050014F026FF694696
:107240000DF1060014F021FF062269460DF107003A
:1072500014F070FB69460DF10D0014F016FF9DF857
:107260000D3003F00105990748BF01355A0744BFA7
:107270000135EDB25B0741D0002D41D0280115F05A
:1072800046FA0026804604462046694614F0A2F9D4
:10729000A01C694614F09EF9201D694614F09AF965
:1072A000A01D694614F096F904F10800694614F02F
:1072B00091F904F10A00694614F08CF9013604F1E1
:1072C0000C00694614F086F9F6B204F10E00694626
:1072D00014F080F9B54204F11004D5D1414601A85B
:1072E000F0F778FD0446404615F013FA384621467B
:1072F0000EF02AFD204604B0BDE8F0811124F5E728
:107300001224F3E72DE9F04790F82C5004460F467D
:10731000002D63D1037B002B14BF4FF004094FF005
:1073200001092E464E4514D3786801F09FF960623A
:1073300070B33B68A3617B68A28AE36140F271236A
:10734000534323634FF47A736363002334211A4653
:1073500028E0236D38684FF0340816FB08F803EB7B
:10736000080A01F083F9CAF81C00236D4344DB6965
:1073700063B10136F6B2D5E7226D342305FB032352
:10738000D86908B10FF0F2FF0135EDB24D45F3D3E6
:1073900007252846BDE8F08713FB01F0266D013371
:1073A0003254DBB24B45F7D3A37DDA0714D513F083
:1073B000020F0CBF02230423012084F8203084F83C
:1073C0002C00022107F018F804F14803044A0021B8
:1073D000204607F051F8DCE70123EDE70025D8E768
:1073E000CD2C010130B50B4689B00C680C2810D8A3
:1073F000DFE800F007160F0F1A34386456525A0FA0
:1074000060008A684968003218BF0122204607F0F0
:1074100085FF0021204609B0BDE8304002F046BD9E
:1074200020460BF041FFF4E7012194F8500012F0E0
:1074300067F96378DB07ECD5A06828B1837843F05F
:107440000803837004F0D2FD204612F0CDFD94F8BD
:1074500050000022214615F04AF9DAE720460DF0E7
:107460003FFBD6E72278032AD3D14D6894F8500029
:107470004FF4001112F044F9236F8DF81450CDE948
:10748000033408AB13E903008DE8030003AB0ECB14
:10749000656F0220A847BCE72046F9F715FCB8E75E
:1074A0008A6818792146D6E7002249682046F9F70C
:1074B00069FAAEE703200CF00DFFAAE7204612F0B0
:1074C0006FFDA6E71FB5044613F06CF894F8503032
:1074D000012B23780194CDE902302DD12D4B00935F
:1074E00002231A468521EC20FFF710FBA3785B07E7
:1074F00007D5294B009302231A468521EC20FFF77C
:1075000005FB0DF07FFE2378012B30D194F850302D
:10751000012B224B05BF1A6894F851301B68313398
:1075200014BFD3F8F00152F8330070B9002411F001
:10753000BBFF204604B010BD194B009302231A462E
:107540008621EC20FFF7E2FADBE7826803689442C9
:107550000BD1204604F04AFD204608F039F9637843
:107560006FF3000363700124E1E71846DDE7023B97
:10757000012B09D8A378012243F02003A370114600
:1075800020460CF0DDFAD1E704F13800FFF77AF875
:10759000E2E700BF58F7010186F701016002002011
:1075A0009EF70101F0B5324F324D3C6814F0040FE4
:1075B0005AD000284ED12D6895F83C62002E48D054
:1075C00057F8144F2C4F641A611E21F07041B942D4
:1075D0003FD84FF0884C40F27121DCF84070614395
:1075E0006FF41C74214407F4405740F60754B7F574
:1075F000005F0CBF27464FF4126749081F4CB4FBCD
:10760000F2F43C44A14224D9091BDCF8404004F4C4
:107610004054B4F5005F09D195F8304234B14EF2D0
:107620008F24A14215D9A1F5624190394FF47A77A0
:10763000B1FBF7F007FB101102FB00F44A43B4FB67
:10764000F7F40E49B2FBF1F214441C44C5F844426D
:107650003046F0BD2A680A48D2F84442E41A84420F
:107660008CBF00200120F4E72B6893F83C02F0E780
:10767000203E014160020020FEFFFF0740420F0054
:10768000FEFFFF7F54543A6D73674964203D2030FC
:1076900078253034582C646576203D2030782530AC
:1076A000385800434F4E4E3A41636C5478446F6EE5
:1076B000653A48646C3D3078253034782C6C656EC2
:1076C0006774683D257800434F4E4E3A4374726CA0
:1076D0005064755263763A48646C3D307825303496
:1076E000782C4F70436F64653D3078257800434FA8
:1076F0004E4E3A4C4C206465736320616C6C6F6332
:10770000206661696C3A2530327800434F4E4E3A1C
:10771000446174615263763A48646C3D3078253038
:1077200034782C6C656E6774683D256400434F4E59
:107730004E3A41434C206465736320616C6C6F6307
:10774000206661696C3A2530327800416E63686F5B
:1077500072204D6F76653A48646C3D307825303440
:10776000780030B58DB00546029105A802A914F045
:107770008CFC02A90DF1160013F02CFF032202A9C4
:1077800006A814F0D7F8032202A90DF11B0014F08B
:10779000D1F802A90DF11E0014F077FC02A90DF139
:1077A0001F0014F072FC02A908A814F06EFC062257
:1077B00002A90DF1210014F0BDF802A90DF1270076
:1077C00014F063FC02A90AA814F05FFC02A90DF1F1
:1077D000290014F05AFC02A90DF12A0014F055FCFE
:1077E00002A90DF12B0014F050FC02A90BA814F013
:1077F0004CFC02A90DF12D0014F047FC002305A854
:10780000ADF82E300CF05CFC044628B90DF10701F0
:1078100005A8F1F785FD0446234603AA2946022060
:107820000EF04BFF029038B102A89DF8071014F03B
:107830005BFD03A814F0CEFA20460DB030BDFEE784
:107840002DE9FF412E4E2F4C2F4B226800933368B9
:1078500003922E4A029307460192002B3BD02368E5
:1078600033B94FF4487014F052FF2060002838D02C
:10787000274D2B68A84623B9102014F048FF286034
:1078800078B33368029323680393224B3A685A60B3
:1078900000210DF1040C02AE6C460F46D8F8003002
:1078A0000B44C3E900730020BCF8002082421CDCBA
:1078B000083110290CF1020C06F1040604F102044F
:1078C000ECD1154B1A46002142F8081FC3E90013FA
:1078D000DA60012006E0902014F019FF30600028E3
:1078E000BDD1002004B0BDE8F0813568228800FBDE
:1078F00002520130576017605D682A605A60D3E712
:1079000070340120683401200C0028000C001400A1
:107910006C3401208001002070010020304B70B5D4
:1079200000251D702F4B80241C802F4B1D802F4B5A
:10793000302628464FF6FF711E8010F04DFA4FF6A4
:10794000FF71012010F048FA4FF6FF71022010F08D
:1079500043FA274B03F5D952118864F30F011180C4
:10796000918865F30F01918003F5D952118966F36F
:107970000F01118103F5D9514FF6FF72088A62F3A6
:107980000F00088203F5D951888A62F30F008882BC
:1079900003F5D95103F5D853088B62F30F00088320
:1079A000998962F30F019981124B4FF48052C3F809
:1079B0008420BFF34F8FBFF36F8F83F82C43C3F83E
:1079C00084215A605200C3F88420BFF34F8FBFF365
:1079D0006F8F83F82D43C3F884215A6070BD00BFB8
:1079E000313501201C3501201E35012020350120B4
:1079F0000024014100E100E070B50646682014F063
:107A000086FE2E4C2E4D20606822002114F050F886
:107A1000642014F07CFE64220021286014F048F8F1
:107A20002B684FF461729A842368FF221A702368CE
:107A3000F9225A70236801229A7023680822DA70AA
:107A400022689188137941F4D8719180F1075CBF65
:107A500063F0410313710C2382F844304FF0FF3080
:107A60001F2140F20773C2E91601C2E91801A2F80A
:107A700009302B6800204FF0884183F82E00096CF4
:107A800001F44051B1F5005F14BF07210146D172E6
:107A900011735A6902F0F8010A4A0A43C3E9052042
:107AA000094AC3E91022C3E91222C3E91422C3E937
:107AB0001622064B064A5A6170BD00BFAC01002079
:107AC000A8010020010100052FC70201D0310120CB
:107AD000593D0101F0B58DB0064607924B790693EA
:107AE0000B790593CB7804938B7803934B780293AF
:107AF0000B7801932B4B00930C46012317462C2146
:107B00000222EC20FFF702F800238DF8273014F052
:107B1000F3FCF0B1244D2B685B6C984750B10C25F9
:107B2000224B0093019501230022FF21EC20FEF758
:107B3000EDFF34E02B689B6C98470028EFD12B6851
:107B4000DB6C98470028EAD12B681B6D984700280A
:107B5000E5D19DF8283006F0010666F300038DF8A4
:107B600028302368CDF829300DF12701A388ADF81E
:107B70002D300AA80CF05CF805460028D0D19DF8FD
:107B8000283066F300038DF828302368CDF82930BB
:107B90003946A388ADF82D300AA803F075FF2846B2
:107BA0000DB0F0BD44660201A80100209AB20201A6
:107BB00038B5C368DC68A36AE169226A8A60E16952
:107BC000516004F118015A688A4204BF226A5A605F
:107BD0000022A2621A68013A1A60254B1B68002B2A
:107BE0003AD16369A168E2688A60A1685160211D89
:107BF0005A688A4204BFE2685A60002262611A68C9
:107C0000013A1A60E36A1B48056801229A402A4338
:107C10000260194A03EB830302EB83035B68A360F2
:107C20009868E06041609960E06A81000B189B00F1
:107C3000D5186561014452F821100131D15011F07D
:107C40001BFB0E4B1B68E26ADB6A9A4283BF012072
:107C50000B4B1860002038BD0A4B5A68E2619068EF
:107C6000206241609160A3621A6801321A60E8E7FD
:107C7000243401202C340120502F01201034012005
:107C8000483401204033012030B587B005460191CA
:107C900002A801A913F09EFC01A90DF10A0013F03E
:107CA00099FC01A903A813F095FC01A90DF10E00A0
:107CB00013F090FC01A904A813F08CFC01A90DF1AC
:107CC000120013F087FC01A905A813F083FCBDF88E
:107CD0000810002010F014FD38B112242846214667
:107CE0000EF032F8204607B030BDBDF80A10012072
:107CF00010F006FD0028F0D1BDF80C10012010F0A6
:107D0000FFFC0028E9D1BDF80E10022010F0F8FCAD
:107D10000028E2D1BDF81010032010F0F1FC00287B
:107D2000DBD1BDF80C20BDF80A309342D5D8BDF8A0
:107D300010300A215943BDF80E305209013313FBAC
:107D400002F39BB29942C8DBBDF8080012F05EF95D
:107D500020B102A8FDF79EF80446BFE70224BDE764
:107D600070B50C2014F0D3FC274E284D3060002451
:107D7000046044608460882014F0C9FC8822214695
:107D8000286013F095FE3268134643F8044F936061
:107D900000F0CCFE002835D0F023037403F5E26335
:107DA0004361072303834FF48073A0F82130FF233E
:107DB00080F82530032380F8943080F8474084769B
:107DC000134814F00FFB134814F012FB124814F080
:107DD00027FB124814F0F4FA114814F033FB114950
:107DE000204614F0C3FA2B680F4A9A650F4ADA66E8
:107DF0000F4A1A670F4A9A670BF0B2F80DF056FB5C
:107E0000204670BD0720FCE7980100209034012037
:107E100045A6020189AB02013D9D0201C95902013B
:107E2000619D020165A60201EDE7000119DD000177
:107E30007138020185A602012DE9F041044696B091
:107E400090460E46FEF75AF994F84C5000948DF87F
:107E5000068045B301238DF8053094F84E308DF837
:107E6000083000238DF80730E36B0C201B788DF869
:107E7000093005AA69468DF8040000F02BFD9DF835
:107E8000152094F8361094F824000FF011FD00F13D
:107E9000860700BF9DF80830F61AB6B245B93846D5
:107EA00016B0BDE8F0818DF805508DF80860D8E770
:107EB000013D15F0FF051FBF01238DF8053094F833
:107EC00051308DF808304FF000038DF807308DF8F1
:107ED000093005AA4FF00D0369464FF00C0004BFAE
:107EE0008DF805508DF808608DF8043000948DF8F9
:107EF000068000F0EFFC9DF8152094F8361094F8F9
:107F000024000FF0D5FC00F5E8700744C2E700BF7D
:107F100070B58CB04B7906930B790593CB780493AD
:107F20008B7803934B7802930B7801932B4B009340
:107F3000064601230C4602222121EC20FEF7E6FD35
:107F400000238DF8273014F0D7FAF0B1244D2B68B8
:107F50005B6C984750B10C25224B0093019501238F
:107F60000022FF21EC20FEF7D1FD33E02B689B6C53
:107F700098470028EFD12B68DB6C98470028EAD19E
:107F80002B681B6D98470028E5D19DF8283006F036
:107F9000010666F300038DF828302368CDF82930F8
:107FA0000DF12701A388ADF82D300AA80BF040FE93
:107FB00005460028D0D19DF8283066F300038DF8DF
:107FC00028302368CDF829300AA8A388ADF82D30D1
:107FD00008F0B4FB28460CB070BD00BF84910201CC
:107FE000A80100209AB2020138B5304B304C1A88F3
:107FF00042F008021A801A8842F004021A801A8895
:1080000042F002021A801A8842F001021A80227895
:10801000012A02D0022A2FD038BDA3F5EC731A68CA
:10802000D00626D01A68D506FCD10DF0EBF8214B0E
:10803000214D196829401960196841F00C01196037
:1080400003200FF01CFC1D4B1A682A401A601A68A6
:1080500042F00C021A6000232370BDE8384011F092
:1080600023BA013A92B2002ADCD01968C906F8D0C6
:10807000D8E741F28932F8E7A3F5EA731A681007E6
:1080800010D01A681207D0D01A6802F00F020D2A19
:10809000F7D1CAE7013A92B2002AF2D0196809076B
:1080A000F8D0EEE741F28932F8E700BF303A0141FB
:1080B0005A020020203A01418CFBFFFF283A01417F
:1080C00090B484B000AF0446084611461A462346D1
:1080D000FB710346BB710B467B7113467B80FB79BA
:1080E00003F1824303F5B0331B88FB81BA797B79B6
:1080F000D31A0133012202FA03F35A1E7B7902FAE2
:1081000003F31BB2DB431AB2B7F90E3013401BB2B4
:10811000FB817A887B7902FA03F31AB2B7F90E3041
:1081200013431BB2FB81FB7903F1824303F5B033A8
:108130001A46FB89138000BF1037BD4690BC7047BC
:1081400080B485B000AF0346FB710B46BB7113468C
:108150007B71FB7903F1824303F5B0331B88FB810C
:10816000FA89B9797B79CB1A0133012101FA03F33A
:10817000591E7B7901FA03F31A407B7942FA03F323
:10818000BB81BB8918461437BD465DF8047B704738
:108190002DE9F0418AB01D462F4B01900746009310
:1081A000EC200E469046012302224B21FEF7AEFC46
:1081B000384611F02BFF002848D00468204611F003
:1081C000FFFBF8B194F8ED30DB0741D53368C4F814
:1081D000FF307368C4F80331A4F808812B68C4F831
:1081E000223104F591726B685360AB689360EB6861
:1081F000D36020460EF018F960B3002420460AB080
:10820000BDE8F081336828686968CDF80E3073687E
:10821000CDF8123006AB03C3A868E968ADF80C705E
:1082200003C31C22204603AB0521ADF816800AF0DB
:108230006FF804460028E0D0084B00930194012316
:108240000022FF21EC20FEF761FCD7E70224F3E7D0
:108250001A24F1E70724EFE7B68F0201D28F02015B
:1082600038B5D0F8A4410546002C32D0012380F85F
:10827000AC3123790A2B0BD8DFE803F0062C30351C
:108280003C0A40464D0A5200A368188804F0EAFBF5
:10829000254B1B680BB120469847244B1B680BB13C
:1082A0002046984795F8AC31012B0FD1D5F8A43171
:1082B0001B68C5F8A4311BB905F5D273C5F8A83100
:1082C000A06814F026FA204614F023FA002385F85B
:1082D000AC3138BDA068FCF7DDFDD9E7A36818888C
:1082E00005F0CCF9D4E7A3689A885988188801F07A
:1082F000DFF9CDE7A068F8F73FFFC9E7A3689978F1
:108300001888FDF791FDC3E7A368DA789978188893
:10831000FDF704FABCE7A368187802F039FAB7E76A
:10832000A06801F053FCB3E7A4010020A0010020E5
:1083300053434E3A7469643D2564005741524E3AA6
:1083400045787448644C656E204E6F74204D61749E
:1083500063686564005741524E3A6164694E6F74B8
:10836000416C69676E6564005741524E3A6E6F41C9
:108370006464720053434E3A736B69705270742890
:10838000636163686548697429005741524E3A54E5
:108390006F6F4D616E79536563506B747300455216
:1083A000523A45787448644C656E3D2564004552E8
:1083B000523A457874466C673D25640053434E3A03
:1083C000736B697052707428617578506879206990
:1083D0006E76616C696429005741524E21204155E7
:1083E000585F5343414E5F525350204164647220A2
:1083F0004E6F7420436F6E73697374656E742100E1
:108400002DE9F04F00252F462C4600BF4FFA85F886
:10841000984512DB4FEA430909F1FF3A4FF0000893
:108420005FFA88F606EB030E4FFA8EFED64528DB80
:10843000484400F8014CBDE8F08F4FF0000C02EB0F
:108440000509E64611F80CA019F8016944EA072469
:108450000AFB06F616FA84F4A4B20CF1010CA6424B
:1084600088BF0EF1010E4FFA8CF6B0454FEA142783
:108470005FFA8EFEE4B2E5DA44553C4601357746B4
:10848000C4E701363D4676B2002700BF4FFA86FCAE
:10849000634505DC00F80E4008F101082C46BFE7F3
:1084A00002EB0E0CC6F1000B44EA05251CF80BB0DC
:1084B00011F806C00BFB0CFC1CFA85F5ADB2AC45FF
:1084C00088BF0137ECB2FFB201362D0ADEE700BFEC
:1084D000324BD3F8602F10F0010114BF42F00102BB
:1084E00061F30002C3F8602FD3F8602F10F002018F
:1084F00014BF42F0020261F34102C3F8602FD3F8C7
:10850000602F10F0040114BF42F0040261F38202F4
:10851000C3F8602FD3F8602F10F0080114BF42F0A9
:10852000080261F3C302C3F8602FD3F8602F10F084
:10853000100114BF42F0100261F30412C3F8602F5F
:10854000D3F8602F10F0200114BF42F0200261F335
:108550004512C3F8602FD3F8602F10F0400114BF0C
:1085600042F0400261F38612C3F8602FD3F8602F07
:1085700010F0800114BF42F0800261F3C712C3F80B
:10858000602FD3F8602F10F4807014BF42F4807213
:1085900060F30822C3F8602F704700BF0024014138
:1085A00073B5304BDB799A060C4658D52E4B5B7869
:1085B000DB0654D54D7E05F11C0014F0A8F80646E4
:1085C00000284CD005F11A02D2B23E2112F07EFCF6
:1085D0000D21019001A813F087FE217801A813F066
:1085E00083FE618801A813F085FE217901A813F0AC
:1085F0007BFE0622611D01A813F0A6F9E17A01A80D
:1086000013F072FE217B01A813F06EFE617B01A8BE
:1086100013F06AFEA17B01A813F066FEE17B01A8BE
:1086200013F062FE218A01A813F064FEA17C01A868
:1086300013F05AFE062204F1130101A813F084F985
:10864000617E01A813F050FE2A46E16901A813F0EB
:108650007BF9304613F0BEFB304614F05AF802B0F6
:1086600070BD00BF40010020380100202DE9F74314
:108670002A4BD3F8008018EA000F044638D10028AE
:1086800036D0083463071CBF24F007040834002CDC
:108690002ED0234B1E68A642994629D3214B1D6834
:1086A0006A68A24202D22A68002A34D11E4A12689D
:1086B000AA421DD02A681F681A606B681B1B102B0A
:1086C00007F1080704D9281943606C600BF044FDDA
:1086D00016496A680868B61A864248EA02024FF0EC
:1086E0000003C9F8006038BF0E606A602B6077B97C
:1086F0000F4B1B680BB1002098470E4B0093019461
:10870000052300220221EF20FEF700FA0027384659
:1087100003B0BDE8F0832B461546C1E7583401206D
:108720005C340120B4330120643401206034012022
:1087300060010020D0B102012DE9F7432E4FDFF890
:10874000C09080460B25013D15F0FF0550D0042157
:108750000DEB010008F068FA3B685B6B002B3DD124
:108760003B681B6B002B3ED1019C20460FF064FB45
:108770000528E8D8E0430FF05FFB0528E3D884EA3A
:10878000090010F0E3F90128DDD9E6B2C4F30723AC
:108790009E4206D1C4F307439E4202D1B6EB146F4A
:1087A000D1D02021204610F00BFF1828CBD806216D
:1087B000A00E10F005FF0128C5D9304610F0C6F90B
:1087C0000228C0D91021A0B210F0FAFE0B28BAD8A6
:1087D000019BC8F8003003B0BDE8F08301989847CA
:1087E0000028BDD0AFE7019898470028BCD0AAE781
:1087F000024B0193ECE700BFA8010020F6782B9D07
:10880000D6BE898E11F01EBF53EC102BC3F30A5154
:108810002DE9F04140F2FD704E1E86421D4645D8BE
:10882000A1F2FF30002835DB332831DC284BC0F1C2
:1088300020084FF0FF3C03FA08F2A1F21F412CFA86
:1088400000FC10EE104A4CEA020C23FA01F24CEA4A
:10885000020C23FA00FE04EA0C0605EA0E0724EADD
:108860000C0256EA070425EA0E030FD0002A73F122
:1088700000040BDB4FF4801505FA08F425FA01F12A
:108880000C43121925FA00F040EB030343EC102BC4
:10889000BDE8F081002A73F1000303DB9FED080BB4
:1088A000BDE8F0819FED080BBDE8F0810029EFD114
:1088B0000A4603F0004343EC102BE9E7AFF30080D6
:1088C000000000000000F03F000000000000000079
:1088D000FFFF0F002DE9F04385B00D689DF80030D3
:1088E00095F81A9069F300038DF800302B46144672
:1088F000174653F81B2FCDF801200E469B88ADF884
:1089000005308046684604F01BFD3279224917F88D
:10891000023B8A5C62F3030343F02003237095F863
:108920003420003218BF0122DBB262F386132370B9
:10893000DBB258B343F08003237095F822308DF8F2
:108940000A3095F824308DF80B3095F838308DF8D2
:108950000E3033798DF808800C2B0ABFEB6B95F83D
:1089600037301B8A3A4608BFC3F38013314602A84A
:108970008DF80F30F6F75EFDA378C3F30502337A66
:1089800013440133637005B0BDE8F083B9F1000F03
:10899000D0D169F3C713CFE7910E0201F7B52E4B83
:1089A000019004460F460093022201231121EC207E
:1089B000FEF7ACF813F0AEFA00283ED11F2C47D8D2
:1089C00034B12046FFF752FE002843D00EF0CEFC13
:1089D000224B1868F021043013F0BCFC054654B358
:1089E0002046FFF743FE0646D5F8AC0020B10EF056
:1089F000BDFC0023C5F8AC3034B1C5F8AC602246EC
:108A00003946304612F010FA95F8FE30A5F8B0401D
:108A1000DB0744BF012385F8FD3095F8F8301BB122
:108A20000221284610F07CFD012013F05BFA00249F
:108A3000204603B0F0BD2646D6E70C24084B009331
:108A4000019401230022FF21EC20FEF75FF8EFE7FD
:108A50001224F3E70724F1E742B60201980100204F
:108A600066990201F7B52E4B019004460F4600931C
:108A7000022201231221EC20FEF748F813F04AFAF3
:108A800000283ED11F2C47D834B12046FFF7EEFD19
:108A9000002843D00EF06AFC224B1868F021043005
:108AA00013F058FC054654B32046FFF7DFFD064699
:108AB000D5F8BC0020B10EF059FC0023C5F8BC303D
:108AC00034B1C5F8BC6022463946304612F0ACF9E4
:108AD00095F8FE30A5F8C0409B0744BF012385F8F8
:108AE000FD3095F8F8301BB10221284610F018FD32
:108AF000012013F0F7F90024204603B0F0BD26460C
:108B0000D6E70C24084B0093019401230022FF2197
:108B1000EC20FDF7FBFFEFE71224F3E70724F1E772
:108B200034AF0201980100206699020173B54FF439
:108B3000DE71002006F040FA054600284ED0046899
:108B40004FF4DE720021204612F0B2FF04F1C80398
:108B5000C4F8CC3004F1D003C4F8D43004F5BA73AF
:108B6000C4F8783104F5BE73C4F8803104F5C273DB
:108B7000C4F888311B4BA5601A68002626609168EE
:108B800061600C6094601A68137801331370314689
:108B9000182204F5C67012F08BFF134BC4F89851DD
:108BA0001822C4F89431314604F5D27012F080FFD7
:108BB0000E4BC4F8B051C4F8AC3101210DF10700DF
:108BC00008F032F89DF807102522B1FBF2F302FB02
:108BD000131384F85230064B6B602546284602B0CA
:108BE00070BD00BF980100200001010001010300D9
:108BF000813C0201304BD3F8842F6FF31F62C3F81E
:108C0000842FD3F8882F6FF30702C3F8882FD3F887
:108C1000882F6FF30F22C3F8882FD3F8882F6FF3B4
:108C20001742C3F8882FD3F8882F6FF31F62C3F859
:108C3000882FD3F88C2F6FF30702C3F88C2FD3F84B
:108C40008C2F6FF30F22C3F88C2FD3F88C2F6FF378
:108C50001742C3F88C2FD3F88C2F6FF31F62C3F821
:108C60008C2FD3F8902F6FF30702C3F8902FD3F80F
:108C7000902F6FF30F22C3F8902FD3F8902F6FF33C
:108C80001742C3F8902FD3F8902F6FF31F62C3F8E9
:108C9000902FD3F8942F6FF30702C3F8942FD3F8D3
:108CA000942F6FF30F22C3F8942FD3F8942F6FF300
:108CB0001742C3F8942F70470024014170B590F813
:108CC0004740052C01D8032C18D1A9B900EB82002C
:108CD000036F1FE000EB830200EB4301126FB1F85A
:108CE00088401168013364F3DE311160DBB290F823
:108CF00094209A42EED870BD0023F8E714F0FD03EB
:108D000027D109BB00EB8200036F1A6861F3DE32E2
:108D10001A60C36F1A6861F3DE321A60EBE71AB2A9
:108D200000EB820100EB42020C6FB2F8886025680C
:108D300066F3DE352560C96FB2F88E400A680133EC
:108D400064F3DE320A60DBB290F894209A42E6D8EF
:108D5000D1E7042CCFD10029B8D000230DE000BF0B
:108D600000EB830200EB4301126FB1F888401168F9
:108D7000013364F3DE311160DBB290F894209A4243
:108D8000EED8B8E770B52D4C2268157815F00405BB
:108D900053D151782A4B49001E68C9B261F30706C6
:108DA0001E6051781E6801314900C9B261F30F2677
:108DB0001E6051781E6802314900C9B261F317463E
:108DC0001E6051781E6803314900C9B261F31F6605
:108DD0001E60517804315170821C1A4922F0704291
:108DE0000A60A3F51472C0B2118860F30701118004
:108DF000A3F58362A3F50B73116865F34D31116020
:108E00001A8842F001021A8023685A78272A0AD960
:108E10005D7023685A799979013A914202BF1A78B4
:108E200042F004021A7023681A8E013A1A86DA791F
:108E30000132DA71044B01221A7070BDF002002079
:108E4000503C0141F8020020FC02002070B52D4C7E
:108E50002268157815F0040553D151782A4B490042
:108E60001E68C9B261F307061E6051781E680131A1
:108E70004900C9B261F30F261E6051781E680231A5
:108E80004900C9B261F317461E6051781E6803316C
:108E90004900C9B261F31F661E60517804315170F8
:108EA000821C1A4922F070420A60A3F51372C0B204
:108EB000118860F307011180A3F21C42A3F50A7325
:108EC000116865F34D3111601A8842F001021A8071
:108ED00023685A78272A0AD95D7023685A799979C4
:108EE000013A914202BF1A7842F004021A702368D4
:108EF0001A8E013A1A86DA790132DA71044B0022AD
:108F00001A7070BDF0020020543C0141F8020020AC
:108F1000FC0200202DE9F04115460A7890F807C0C0
:108F2000064602F00F00062892B00F4616D801241C
:108F3000844014F0550402D04C78063CE4B241F26F
:108F40000201ADF8001001218DF80410062837D871
:108F5000DFE800F006073236343630000024EEE752
:108F600000218DF80510196D34230CFB031393F8C1
:108F7000251039B393F82980404611F0D7FE40F010
:108F800002008DF806000DF1070140460BF0EEF9E6
:108F90003B788DF80D4013F0090F0CBF0635002506
:108FA0003378049568468DF814300EF0AFFA12B09D
:108FB000BDE8F0810221D4E70321D2E70421D0E704
:108FC000FF21CEE72B68CDF80730C2F38012AB88C3
:108FD0008DF80620ADF80B30DAE7FEE72DE9F04119
:108FE00004468846274B1D68274B1E68274B1F6881
:108FF000274B1A68002182F851101868043011F0CC
:10900000D9F848B9224B1A6822490B68D06A012264
:10901000824023EA02030B60B4F1FF3F0DD02C44E1
:109020001B4B1B685C60A5421ED9194B19680431A3
:1090300038460EF096F8BDE8F081B8F1000FEED09A
:10904000154A5168124B1868816018688C68C460B2
:109050001868043060601868043088601B685A61C2
:10906000136801331360E6E7094B19680431304691
:109070000EF077F8094B1B68A34284BF074B1C60B6
:10908000D9E700BF443401201434012018340120F2
:10909000103401202C3401205433012034340120B9
:1090A000002856D070B50446C26A2B490968C96ABF
:1090B0008A4245D28169002905DB27490968C96AC6
:1090C000C1F10501816102EB8202244901EB8202B8
:1090D0006169914205D0204A1268D26AE262012099
:1090E00036E0251D284611F065F838B91C490B6893
:1090F000E06A0122824023EA02030B60164B1B68E0
:10910000DB6AE36216490E68012000FA03F232437B
:109110000A60124A03EB830302EB83035B68A360DC
:109120009968E1604D609D60E56AA9004B199B005C
:10913000D6186661294452F821100144D15007E045
:10914000054A1268406CD36A98422CBF0020012067
:1091500070BD0020704700BF10340120502F012047
:109160002C34012070B52E4B5B7A012B02D0022BE0
:1091700031D070BD2A490D7A51F8252010788872B7
:10918000D3789CB28C8102264E72012808D0022826
:10919000EFD10133043223490120FDF7FFF9E8E75D
:1091A00024B104321F49FDF7F9F9E2E71C4C012014
:1091B00060722A1802402272042354F822201949AE
:1091C000FDF7ECF9A28954F825100332013105208E
:1091D0000EF0FAFCCDE7124C01206072257A2A18B5
:1091E00002402272042354F822200E49FDF7D6F9DA
:1091F000A37A012B0BD0022BBBD1094B9A8953F8D0
:1092000025100432013106200EF0DEFCB1E7A28900
:1092100054F825100332013105200EF0D5FCA8E7E3
:1092200058000020280C004070B5C388013BC2B034
:109230000446042B1BD8DFE803F0031C343A520029
:109240008368029302A90DF1060012F0C3F902A986
:1092500001A812F01AFF029A9DF80410BDF806004A
:1092600001F096F8204BA0681B681B6C984742B031
:1092700070BD8368029302A901A812F0ABF902A99C
:109280000DF1060012F0A6F9BDF80410029BBDF81E
:109290000620C1F30B00090BADF8040005F0EAFA53
:1092A000E0E7017A4FF47C400CF04EFDDFE7457AB1
:1092B000C668237A681C02AA4FF47C41C0B20DF044
:1092C000FCF945B12A46314611F0AEFD064B1B684C
:1092D00030461B6C984702A812F07CFDC7E7007A65
:1092E0000FF000FEC3E700BF580100202DE9FF4743
:1092F00005460E46144610F091FC0027294B99466E
:109300001A689200FCD428686968274B03C3A868D0
:10931000E96803C330687168A3F1DC0203C2B06876
:10932000F16803C2A3F1600AA3F128080BF06AFFF9
:10933000D9F8003043F00063C9F8003010F0B4F8F9
:10934000D9F800309B00FBD4DAF80030C3F34003B7
:1093500053B9164A03CA2060616003CAE160E27B28
:10936000A06042B1184619E0B8F8003043F020037D
:10937000A8F80030DAE72FB110222146684611F034
:1093800045FD58B1206861686B4603C30137A0688A
:10939000E168FFB2052F03C3B0D1012004B0BDE8DE
:1093A000F08700BF30340141DC34014120340141F9
:1093B0002DE9F0418CB04B7906930B790593CB786E
:1093C00004938B7803934B7802930B780193264B8D
:1093D00000930C460646002501232621EC209046EA
:1093E00002228DF82650FDF791FB9DF828308DF86C
:1093F000275006F0010666F300038DF82830236835
:10940000CDF829300DF12701A388ADF82D300AA839
:109410000AF00EFC0746C8B99DF8283066F3000331
:109420008DF828302368CDF829300DF12601A38866
:10943000ADF82D300AA80AF0FBFB41469DF8260046
:1094400011F0C0F938460CB0BDE8F081074B01902F
:109450000093C8F80050A8F8045001232A46FF21C1
:10946000EC20FDF753FBEDE7778302019AB202018E
:1094700030B52A4B2A4C1B68B4F90020588585B0BA
:10948000998582B1274B1D78D2B2AD1A1D705D78D7
:10949000AD1A5D709D78AD1A9D70DD78AD1ADD70E6
:1094A0001D79AA1A1A710028CCBF431D431F4FF023
:1094B0000A02CCBFB3FBF2F393FBF2F300291BB219
:1094C0002380C8BF4A1D4FF00A04D6BF4A1FB2FB13
:1094D000F4F292FBF4F2144C12B2228083B1114ADE
:1094E0001478DBB21C44147054781C445470947883
:1094F0001C449470D4781C44D470147923441371A0
:109500000A4B0093CDE90101012302222B21EC201B
:10951000FDF7FCFA002005B030BD00BFA801002017
:10952000940100208A010020880100203896020161
:10953000F0B585B02A4B019004460D4600930222F7
:1095400001236421EC20FDF7E1FA12F0E3FC00288E
:1095500044D1012C234E10D03368186874B3042210
:109560004A2302A9CDE90223FDF7CCFE044658BBED
:109570001D4B5D7008F04EFB26E033681F68B97B19
:1095800011F0FD0110D102A810F0FCFF9DF8083089
:1095900053B11224154B0093019401230022FF21A3
:1095A000EC20FDF7B3FA16E0BB7B03F0FD03012BC3
:1095B000D2D112F0EDFE0028CED1EAE706F054F841
:1095C000044608B90FF0D8FA0CF098FE012012F00A
:1095D00089FC002CDED1204605B0F0BD0C24D9E773
:1095E000B1AE0201B0010020BC010020AE5E02015C
:1095F00038B50468A36FD90505462BD51A0525D5BE
:1096000005F056FD294BDA6A42F40032DA62DA6A72
:109610006FF35142DA62DA6C42F40032DA64DA6CE7
:109620006FF35142DA64DA6C42F48022DA64DA6C65
:109630006FF39242DA6494F96D30002B0BDB637D9B
:109640000133637520460EF007FE15E010F02AFA8C
:109650000028D5D038BDA36F1B0605D5E37D012BAF
:109660001AD1284610F0F6FC0BF0CCFDA36F23F0C6
:109670004003A3670FF018FFE37D012B06D1237D84
:1096800013F0180F02D028460BF0DEFA284600210E
:10969000BDE83840EBF7F4BC0BF0B4FDA36F23F04A
:1096A0008073A3670FF000FFDEE700BF00240141D5
:1096B000F0B587B02B4B0190CDE90212074600931D
:1096C000EC200E461546012302225021FDF71EFA1A
:1096D000384610F09BFC00283DD0046894F8ED302B
:1096E0009A063AD5204610F06BF9D8B10C20FEF757
:1096F000BDFF94F8EE30C4F8B0011B07A4F8546124
:1097000004D440F648039D4228BF1D46FB23A4F81D
:1097100056510380204612F07CFA00B30024204604
:1097200007B0F0BD204604AB06220321ADF810704F
:10973000ADF81260ADF8145008F0EAFD04460028B8
:10974000ECD0094B0093019401230022FF21EC206F
:10975000FDF7DCF9E3E70224F3E71A24F1E7072435
:10976000EFE700BFA37A02018A95020137B50446EC
:1097700059BB90F8E2300025032B18BF80F8E210A7
:1097800080F8E350D0F8B00118B10DF0EFFDC4F847
:10979000B051208810F03AFC94F8E630032B0546CF
:1097A00021D194F8E7102046EBF724FFD8B100232D
:1097B00084F8E630D4F8A431DBB101AB04221949B6
:1097C0000195032007F0FFFA11E00129E1D10025FE
:1097D000A0F8E450D0F8B4010028DAD00DF0C6FDAE
:1097E000C4F8B451D5E794F8E630002BE2D003B0CA
:1097F00030BD94F86E309B07F9D594F8E350002DF6
:10980000F5D11221204611F0BAF80028EFD094F8D3
:109810006E3065F3410384F86E30042384F8E2303F
:10982000E5E700BF0706010130B52C4D2B68DA795A
:10983000013ADA719A78272A89B0294622D9002478
:109840009C702A6893790133DBB2937152799A4202
:1098500018D8012007F012FE2B681A789C7164F367
:1098600082021A702B681A7864F301021A7020467B
:10987000F8F744F8234622461949012007F0A3FAD5
:1098800009B030BD0B681A7802F00702022AF7D13E
:109890001A8E5AB102AB14220021184612F008F9B0
:1098A000002200920FC8FDF749F8E9E7D9790029AD
:1098B000E6D1182202A812F0FBF8012007F0DEFD25
:1098C0009DF8083043F002038DF8083002A8012308
:1098D0008DF80A30F8F712F8D2E700BFF002002046
:1098E0000007010130B501792A4BF1B1012934D0CB
:1098F0001A6842F080021A60274AD0F805101160F9
:1099000052F8041F407A60F3040111601A6842F0B3
:1099100040021A601A685106FCD41A685200FCD53D
:109920001E4B1868C0F3054030BD1A46058852F832
:109930000C4F65F30F0414601468458865F31F44E9
:1099400014601A6861F34D321A601A46448952F85D
:109950005C1F64F30F011160CAE703F5007204880D
:10996000116864F31F41116003F5017244881168A6
:1099700064F30F011160116841F4E02111601A686D
:1099800042F400521A601A46448952F8681F64F380
:109990001F41E0E75434014158340141B0340141E2
:1099A0002DE9F843EFF311874FF0200484F3118879
:1099B000BFF36F8FBFF34F8F856BC46BA54206D388
:1099C000022B04D0002087F31188BDE8F8831D46E0
:1099D0009046044690F8456076B2D0F838901A4622
:1099E00006F022F8B6F1FF3F21D1A36C7BB1022D26
:1099F00002D1B9F1000F24D1204608F0A9FE10B31E
:109A0000B8F1000F21D00120C8F80000DBE7636A3D
:109A10000BB90120D7E704F12400FEF7C9F8B0B173
:109A2000B8F1000F15D00120C8F80000CBE712F004
:109A3000C5FB86420FD2013676B284F8456001201C
:109A4000C1E70120BFE70120BDE70120BBE70120FE
:109A5000B9E70120B7E70120B5E77047F8B5030182
:109A6000254A9C1800219950E16001256573A57372
:109A7000E573616004331344A36000283AD14FF4C6
:109A8000827012F0EFFD1D4E30604FF482752A4651
:109A9000002112F00DF8284612F0E4FD70602A460D
:109AA000002112F005F8164A536843F480335360DE
:109AB000D369002BFCD1114D00262E7201276F7245
:109AC00022461049384612F045F92A7A042355F8FF
:109AD00022200D493846FCF761FD22460B493046ED
:109AE00012F038F921460A4812F044FB024B044AAE
:109AF0001A601E73F8BD00BF6800002058000020E7
:109B0000000C00406FC00201280C0040A56002015B
:109B10007D8602012DE9F04F047A14F00704034614
:109B200018BF0124274850F8346084467EB900EB02
:109B3000C4051E6040F834306B60234840F8243080
:109B4000002A3CD00846BDE8F04F03F027BBD3F80D
:109B500004A04FF0000EAAEB010BB0463746F146C9
:109B6000BBF1000F1FFA8EF5786807DB401A00285A
:109B700016DADDB91E604CF83430DEE7B9F1000FBB
:109B80000ED1401A002809DB38680135ADB20EF15C
:109B9000010EB8460028ECD00746E1E74FF0010976
:109BA0007868A0EB0A000028EEDDE2E7D8F8002094
:109BB0001A6012B90CEBC4046360C8F80030BDE849
:109BC000F08F00BF7C330120C433012030B5044640
:109BD00087B0008810F01AFA00284BD0E288056898
:109BE000A38802FB03336A8F53436289B3EB820F6E
:109BF00042DA95F8F13003F06003602B3ED128463D
:109C00000FF0DEFEEB6F10B31A0722D51420FEF71B
:109C10002DFDC5F8B00163880380A3884380E388E5
:109C200083802389C38063890381284608F073FFFA
:109C3000002814BF00240724114B009302220123A3
:109C40005B21EC20FCF762FF204607B030BD1B070C
:109C500002D4288803F012FD2068616803AB03C3B7
:109C6000A06818600C2203AB0A21284608F050FBBC
:109C70000446E1E70224DFE71224DDE71A24DBE7EC
:109C800058B6020138B50468294A94F8F4301268CD
:109C900023F0030384F8F4300023C4E96C33A4F800
:109CA000E230C4F8E43084F8F2301178C4F8EE30D1
:109CB000204B84F8ED10C4F85431137AD90754BFFF
:109CC000537A072384F84231137A9B0754BF937A5F
:109CD000072384F84331184BC4F850310546014638
:109CE00040F2026204F5AE7011F03EF940F20362F8
:109CF000294604F5BA7011F037F940F2046229469A
:109D000004F5C67011F030F994F86E306FF341032A
:109D100084F86E3004F5D2720023C4F84431C4F8DC
:109D20004C31C4F8A431C4F8A82184F8AC3138BD52
:109D3000AC010020FB009042B80BDC052DE9F0419E
:109D40008AB00468294B0993236F5B02039340F2A6
:109D50000113ADF80230638F15465A0040F27123AB
:109D6000534306464FF0000820460F4605938DF8F2
:109D7000008010F087FD628F049040F2E24353436D
:109D80008DF80170CDE90638089645BBADF8045052
:109D9000029504F1CC016846F9F7D4FC237E122B1E
:109DA00016D1E37DA3B994F83700658F03F2E2433F
:109DB00058435D4310F063FB00220D4B12F086FC0C
:109DC00010F07EF92A4681B2D4F8CC000AF0ACFE3D
:109DD000D4F8CC0003F0DAFC0AB0BDE8F0812B68BF
:109DE000ADF804306B680293D3E700BF8124020111
:109DF0000088834030B585B0294B0093CDE901013F
:109E000005460C46012302226E21EC20FCF77EFE63
:109E100012F078F800283ED12946224812F03CFB87
:109E200000283AD004F00303032B1DD029461D4817
:109E300012F032FB04F0010303F0FF0223B380F8B9
:109E4000743014F0020304D190F89C200AB180F819
:109E50009D30C4F3400480F89C40012012F04AF881
:109E60000024204605B030BD242010F0E1FE00287B
:109E7000DCD111240C4B0093019401230022FF211B
:109E8000EC20FCF743FEECE790F874100029D6D0E4
:109E900080F89D20D3E70C24ECE74224EAE700BFDA
:109EA0004DA10201D4330120B5AA02017FB590F87B
:109EB0005040064634BB294D2B68D3F8483283B155
:109EC00010F070FB296891F8502203465AB13246CF
:109ED000D1F848122046AFF300802B680022C3F867
:109EE000482204B070BD012081F850020092D1F8E0
:109EF00048220393CDE901266B461022184906F04B
:109F000062FFEAE7012CECD1144D2B68D3F84C32F8
:109F1000002BE6D0002918BF022410F043FB29686B
:109F200091F85022034652B13246D1F84C122046E5
:109F3000AFF300802B680022C3F84C22D1E7012048
:109F400081F850020094D1F84C220393CDE9012608
:109F50006B461022024906F036FFEBE76002002054
:109F60000D01000113B502460C4611F0E3FF002875
:109F700047D0262A2AD0292A35D0202A43D1234B5C
:109F8000F1B11B68DA7812F0300F3CD01A7942F048
:109F900001021A7100241E4B0093022201232D217D
:109FA000EC20FCF7B3FD44B11A4B0093019401235C
:109FB0000022FF21EC20FCF7A9FD204602B010BDD5
:109FC0001A68137923F001031371E4E70F4B1A6841
:109FD000137929B1980616D543F040031371D9E7D8
:109FE00023F04003F0E7094B1A68537929B1D907E8
:109FF00009D543F002035371CCE723F002035371F8
:10A00000C9E70C24C7E71124C5E700BFAC01002055
:10A01000EBBA02019AB20201F7B5244D2E78012E57
:10A0200034D1AC886F88013CA4B2AC808CBB00F00A
:10A0300003FC20BB1E4C0CF0C9FD2278AF80022A25
:10A0400010D1658875B11B4B0093B5213346EC20C8
:10A050000195FCF75BFD42F210716943201DFAF790
:10A06000DDFC2670144B0093BA21EC200123022260
:10A07000FCF74CFD11491248FAF7D0FC06E02346E4
:10A0800022461049AE80032006F09DFE002003B05A
:10A09000F0BD0D4B0093BB21EC200194334602220E
:10A0A000FCF734FD054905F10800E5E778320120A9
:10A0B000B4320120755F02018B5F0201008813003A
:10A0C00080320120060101019A5F020173B5046824
:10A0D000638FD4F84451F02B94BF94F92C3094F949
:10A0E0002B3095F913209A4206460EDC94F92C3059
:10A0F00095F911209A4208DBB4F85C30D4F8442179
:10A100000133A2F8153002B070BDAA7C0121D21A29
:10A11000204652B20BF0D2FE002A1EDD2B181B7B0C
:10A120009907E9D4144B009693F908309A42B8BFC6
:10A130001A46002A08DA284490F904309918103198
:10A14000BCBFC3F1F00252B28DF804206B46052269
:10A150000A49012006F037FECEE7CDD029180B7B47
:10A16000DB07C9D42B7C03F03003202BC4D091F93A
:10A1700004300F33C0DBD5E78A010020050601015A
:10A1800070B5D0F8AC301E7B182E044602D034D8FF
:10A19000012E34D8182EE56802D1B3F80F3073B30E
:10A1A0006B7963B312F054F9A18FB4F85030B4F85E
:10A1B0005C20052801FB03338CBF12210C2101FB1D
:10A1C0000323012EAB6028D0D6B1182E12D1D4E9CA
:10A1D0006C2094F8E260D4F8AC10132E18BF02463D
:10A1E0009BB29380A1F80F30D4F8442112B1073309
:10A1F000A2F8153000236B7101E0272E15D070BD39
:10A20000D4E96C20D4F8AC1094F8E240112C18BFBB
:10A2100002469BB2D382CB82ECE7D4F8AC20D4F8D0
:10A22000B0119BB2CB805382E4E7C36F43F00103CC
:10A23000C367E4E730B585B00546009101A86946DB
:10A2400011F0C8F969460DF1060011F0C3F969462D
:10A2500002A811F0BFF969460DF10A0011F0BAF930
:10A26000694603A811F0B6F969460DF10E0011F028
:10A27000B1F9BDF80830BDF8062093422ED36AB379
:10A28000B3F5FA7F8CBF12240024BDF80A20BDF874
:10A290000C10B2F5FA7F28BF1224B1F5FA7F28BF5F
:10A2A00012248B4298BF122402FB0333B3F5FA7FCA
:10A2B000C8BF1224BDF80E300A3B9BB240F676426E
:10A2C00093420DD81CB901A8FFF780FC044628462C
:10A2D00021460BF039FD204605B030BD1224D4E7ED
:10A2E0001224F4E780B485B000AF0346FB71FB791C
:10A2F0001B0443F08072134B1A604FF48073FB60B1
:10A3000000E000BFFB685A1EFA60002BF9D10D4B2C
:10A310005B6803F08003002B01D100230CE0094BA4
:10A320005B681B0ADAB2FB799A4201D0002303E092
:10A33000044B5B681B0C9BB218461437BD465DF896
:10A34000047B7047003E014480B483B000AF0346F5
:10A350003960FB71FB791B0419460C4A3B680B43BF
:10A36000136000BF094B5B6803F08003002BF9D139
:10A3700000BF064B5B6803F08003002BF9D000BFE1
:10A380000C37BD465DF8047B704700BF003E0144BA
:10A390002DE9F341234B0190009380460F4616466A
:10A3A000012302220021ED20FCF7B0FB1E4D0D24FD
:10A3B00055F8043BA3B9013C14F0FF04F8D140F672
:10A3C0000343984514D1194B194A1A60194B9B68DD
:10A3D0005BB132463946204602B0BDE8F04118472D
:10A3E0003146404698470028E5D002B0BDE8F081EC
:10A3F000B8F57C4F07D10F4B9B68002BF5D0324648
:10A4000039460120E8E70C4B00930123194602224C
:10A41000ED20FCF77BFB0121404602B0BDE8F04196
:10A420000BF092BCE4A80201C8000020B037012064
:10A430005453524800010020EFA8020130B500EB50
:10A4400081048BB0D4F8D050A5BB099229BB40F24F
:10A4500071225A438DF80310069240F20133ADF891
:10A460000030182303FB01033431D3F89C50D3F898
:10A47000A03004930022C3688DF8022000EB810114
:10A480006846059507920893F9F75CF9D4F8D0006F
:10A4900008B103F07BF90BB030BD01238DF8033018
:10A4A000182303FB01030695D3F8A83003934FF458
:10A4B0004073D4E70023CDE90033029370238DF875
:10A4C0000030182303FB01012846D1F8A83003937C
:10A4D000D1F8A0300493D1F89C300593694610F070
:10A4E0004FFFD4F8D000D4E773B50468636F628F70
:10A4F000DB6899889142064607D1A08FD9888842A7
:10A5000003D1E08F198988420AD0032184F8AA1068
:10A51000998891421FBF012222650022A4F8582089
:10A520001A7884F837205A8822879A886287DA88CE
:10A53000A2871B89216FE3872046012206F00CFBCE
:10A54000A36F628F23F00103A367E38F00252046EA
:10A55000C4F88850DB00B3FBF2F3C4F8903000F08D
:10A560006EF8B4F8BC3000936A46D4F8C03001935A
:10A570000C213046FFF7E2FB94F86D3065F30413CD
:10A5800084F86D30A36F23F0040343F00803A3673E
:10A5900002B070BD30B589B07F23019104910546AA
:10A5A00001A90DF10E008DF80C308DF80D3011F071
:10A5B00011F801A90DF10B0011F067FD9DF80B30AA
:10A5C000013B032B35D8BDF80E1000200EF098F893
:10A5D000044680BBBDF80E000FF018FD68B30DF106
:10A5E0000D0303AA9DF80B10BDF80E0007F022FA28
:10A5F000234605AA294606200CF05FF8BDF80E1088
:10A60000049004A811F076FE9DF80B1004A811F038
:10A610006BFE9DF80C1004A811F066FE9DF80D105D
:10A6200004A811F061FE05A811F0D4FB204609B082
:10A6300030BD1124DCE71224DAE70224D8E770B534
:10A64000054610F0AFF86B8FB5F8604040F2E24677
:10A650005E43AB7E122B2BD0222B2DD0112B30D171
:10A6600000EBC404E6346B7EB5F86400122B2DD0E9
:10A67000222B2FD0112B32D104EBC004E63410F082
:10A6800091F8B44224F00042A4EB00004FF0000324
:10A6900094BF341B002496422CBFB61A1E46C5F840
:10A6A000A400C5F89C40C5F8A060C5F8983070BDFE
:10A6B00000EB8404C234D6E700EB041404F51974EB
:10A6C000D1E700EB841404F26634CCE704EB800499
:10A6D000C234D4E704EB001404F51974CFE704EB9B
:10A6E000801404F26634CAE72DE9F0418CB04B794E
:10A6F00006930B790593CB7804938B7803934B786F
:10A7000002930B780193204B00930C4605460123DE
:10A710002521EC2090460222FCF7F8F99DF828301C
:10A7200005F0010565F300038DF828302368CDF8A6
:10A7300029300027A3888DF827700DF127010AA87A
:10A74000ADF82D3009F074FA064698B99DF8283016
:10A7500065F300038DF828302368CDF82930414691
:10A76000A388ADF82D300AA80BF0F4FE30460CB0EB
:10A77000BDE8F081054B019000933A460123FF218B
:10A78000EC20FCF7C3F9F1E78C8402019AB20201D4
:10A790002DE9F347264E336807461D7BF8B9DB7A6F
:10A7A000AB4201D90135EDB2224B1C684FF00008D5
:10A7B0004FF00109CCB9B9F1000F2CD03368204615
:10A7C0001D733268137B0BB9012F2ED0D27A9A42B7
:10A7D00002D1002F08BF432002B0BDE8F087012856
:10A7E000E2D1002DE0D0013DDDE7A268137A043B01
:10A7F000012B0BD8D2F800A0504610F059FF38B901
:10A80000D4F808808146504610F03CFF2468D1E718
:10A8100033681D73F7E78DF8047001AB022208213D
:10A82000D8F8000007F074FDCBE74320D4E700BF61
:10A83000AC0100206802002030B5234B1A7885B0A7
:10A84000422302FB03330293204B1B880393204BCC
:10A850001B68186890F82E302BB302A9FCF752FD44
:10A860001C4B01900546009302220123AA21EC20F3
:10A87000FCF74CF9184B1B68186890F82E30F3B1B0
:10A8800002A9FCF73FFD154B0190009304460123FC
:10A890000222AB21EC20FCF739F9072D05D1072462
:10A8A000204605B030BD0C25E4E7072CF7D00C2D71
:10A8B00003D10C2C18BF0024F2E70024F0E7072D89
:10A8C000EDD00C24F3E700BF343501202235012000
:10A8D000B801002006570201B401002025570201EB
:10A8E00073B5264E264C33681D7F1869202204F567
:10A8F000AC61B5BB10F098FAB4F8A43043F0100383
:10A90000A4F8A430B4F8A43065F3C713A4F8A430B5
:10A91000B4F8A43043F00203A4F8A43033681869F3
:10A92000202204F5AC61104410F07EFAB4F8A43093
:10A9300065F34103A4F8A430B4F8AC3065F3861392
:10A94000A4F8AC300020F6F7D9FF00246B460522AE
:10A950000C498DF80440012006F035FA204602B07B
:10A9600070BD10F061FAB4F8A4306FF34103A4F89D
:10A97000A430B4F8AC306FF38613E1E7AC010020EB
:10A98000002401410105010170B505460FF00AFFE1
:10A990006B8FB5F8604040F2E2465E43AB7E122B0F
:10A9A0002AD0222B2CD0112B2FD100EBC404E6345B
:10A9B0006B7EB5F86400122B2CD0222B2ED0112BDD
:10A9C00031D104EBC004E6340FF0ECFE24F0004378
:10A9D000B442A4EB000094BF341B00249E4234BF59
:10A9E0000023F61AC5F89C40C5F8A40034BFC5F88A
:10A9F0009C30C5F8A06070BD00EB8404C234D7E77A
:10AA000000EB041404F51974D2E700EB841404F28B
:10AA10006634CDE704EB8004C234D5E704EB0014C0
:10AA200004F51974D0E704EB801404F26634CBE724
:10AA30002DE9F047D0F84C310446884653B990F8D8
:10AA4000F23043F0200380F8F2300520FDF70EFECF
:10AA5000C4F84C01D4F84C1100293BD0D1E9006373
:10AA6000002003F01F074FF000094FF0000A4FF0DD
:10AA7000010CC0F3850545444FEA400E6D780EF099
:10AA8000060E45FA0EF5AB0711D4A0F12005C0F172
:10AA9000200E2CFA0EFE0CFA05F545EA0E050CFA0E
:10AAA00000FE4EEA090E45EA0A05F146AA460130C3
:10AAB0002528DED1BA450FBFB14594F8F20040F029
:10AAC000200084F8F200C1F80090D4F84C314FEA2D
:10AAD00019121A71BDE8F08770B5264C264D23680F
:10AAE00043F0C06323602368032043F000632360C6
:10AAF0000CF0C5FED5F8003143F40053C5F8003121
:10AB0000D5F800319904FBD41C4B1E461A689205F7
:10AB1000FCD5236803206FF35A6323600CF0AFFE6B
:10AB200023686FF3DB632360D5F8283113F0706F6F
:10AB3000FAD1D5F8283113F0E04FF5D1336813F08E
:10AB4000606F00D170BD2368032043F00063236071
:10AB50000CF095FE236803206FF3DB6323600CF099
:10AB60008EFE23682268C3F34163013363F35A62A4
:10AB70002260E3E70C3A014100240141203A0141FF
:10AB800030B585B00546009101A8694610F022FD58
:10AB900069460DF1060010F01DFD694602A810F08F
:10ABA00019FD69460DF10A0010F014FD694603A86D
:10ABB00010F010FDBDF80630BDF8042093422ED3EE
:10ABC0006AB3B3F5FA7F8CBF12240024BDF80820C5
:10ABD000BDF80A10B2F5FA7F28BF1224B1F5FA7F4A
:10ABE00028BF12248B4298BF122402FB0333B3F513
:10ABF000FA7FC8BF1224BDF80C300A3B9BB240F666
:10AC0000764293420DD81CB901A80BF0FBFF044615
:10AC10002846214610F067F9204605B030BD1224C1
:10AC2000D4E71224F4E730B585B00546019102A8B7
:10AC300001A910F0CFFC01A90DF10A0011F025FACD
:10AC400001A90DF10B0011F020FA01A903A811F0E0
:10AC50001CFA01A90DF10D0011F017FA0DF10E000B
:10AC600001A910F0B7FC9DF80A009DF80B200244E2
:10AC7000FF2A26DC9DF80C309DF80D108B4220D366
:10AC800098421ED30B449A421BDBBDF808100020EB
:10AC90000DF036FD0028BDF808000CBF002412247A
:10ACA0000FF0B4F978B11CB902A8F8F7BBFF04465D
:10ACB0002846BDF8082021460EF07AFF204605B050
:10ACC00030BD1224F4E70224F2E7704710B51D48A6
:10ACD0001D4C11F021FB1D4811F024FB1C490320E1
:10ACE00011F0E0F81B49042011F0DCF81A490720A4
:10ACF00011F0D8F8194811F01BFB2146062011F07D
:10AD0000D9F82146164C072011F0D4F82146082026
:10AD100011F0D0F82146134C092011F0CBF8214650
:10AD20000A2011F0C7F821460B2011F0C3F80E4895
:10AD300011F0A6FB0D4811F025FB0DF015FA0020CF
:10AD400010BD00BF03840201D1D100010D2F02010B
:10AD500031840201D5830201EBB50201D1C20001A9
:10AD6000819C00015560000179E201019902020114
:10AD70002DE9F341C36B05460A46998DFBF7BEF9F1
:10AD800095F84C400134E4B2042000EB0410FDF7C8
:10AD90006DFC82B206463ABB1D4B0093FE21012397
:10ADA000EC20FBF7B3FE06F10408670104EB441442
:10ADB0006000FDF75BFCC5F8E800384611F0A7FC21
:10ADC00004461EB1D5F8E83003B178B930460CF02E
:10ADD000CDFAD5F8E8000CF0C9FA204611F099FC3C
:10ADE000072002B0BDE8F0818046DEE7EB6B074448
:10ADF000DE63BC4201D10020F3E7C4F80C80214699
:10AE000005F5C27011F056F908F110082034F0E78A
:10AE1000FEC502017FB5244B0093054601230222A3
:10AE20006221EC20FBF772FE11F074F800282ED19D
:10AE30001E4B1B681C6894F82C30012B27D0AB8864
:10AE400003936B8802932B780193194B0093632132
:10AE5000EC2001230222FBF759FEAB79A373EB79B7
:10AE6000E3736B886382AA88A282934204BF033390
:10AE700063822B786374012626742B7AA3750BF0FA
:10AE80003DFA304611F02EF8002004B070BD0C24BD
:10AE9000084B0093EC20019401230022FF21FBF7D3
:10AEA00035FE2046F1E700BF7E5E0201B0010020C2
:10AEB0008E5E0201AE5E020137B505460BF0DAFE8A
:10AEC000002840D0EB78214C013B032B05D8DFE86C
:10AED00003F0022F3133002323732B7863706B78D8
:10AEE000A370AB78E37095F90C307E2B26D1184B0C
:10AEF000DB782B7395F90C00012507F0D9FC25713F
:10AF00000AF008FA134B009304462B4602227821DC
:10AF1000EC20FBF7FBFD44B10F4B009301942B4653
:10AF20000022FD21EC20FBF7F1FD204603B030BDEF
:10AF30000123D1E70323CFE70223CDE77F2BD9D12C
:10AF4000034B9B78D5E70724EFE700BF44020020BE
:10AF50008A0100209E850201BB850201F7B50446E7
:10AF60000EF05CFEACB36378DB0732D52046FCF70D
:10AF7000A9FA30B3012318462246002101F082F8D5
:10AF800001AB042207210220019405F01CFF4FF0C1
:10AF9000807194F85000194D0EF0B2FB94F8506097
:10AFA0002B68012E1AD1D3F84C720FF0FBFA22460F
:10AFB00003463946304600F0CDFF2B680022C3F827
:10AFC0004C22A06808B1FCF77DFA206908B111F0A5
:10AFD000A0FB204611F09DFB03B0F0BDD3F8486202
:10AFE0000FF0E0FA224603463146002000F0B2FF9F
:10AFF0002B680022C3F84822E3E700BF600200206C
:10B0000020200001FFFFFFFFFFFFFFFFFFFFFFFF0B
:10B01000000000000000000000000000010000002F
:10B02000FFFFFFFF512563FCC2CAB9F3849E17A737
:10B03000ADFAE6BCFFFFFFFFFFFFFFFF00000000CF
:10B04000FFFFFFFF96C298D84539A1F4A033EB2D3E
:10B05000817D0377F240A463E5E6BCF847422CE12A
:10B06000F2D1176BF551BF376840B6CBCE5E316B6E
:10B070005733CE2B169E0F7C4AEBE78E9B7F1AFE32
:10B08000E242E34F4B60D2273E3CCE3BF6B053CC7E
:10B09000B0061D65BC86987655BDEBB3E7933AAA1A
:10B0A000D835C65A30B585B00546019102A801A928
:10B0B00010F090FA01A90DF10A0010F0E6FF01A9C5
:10B0C0000DF10B0010F0E1FF01A903A810F0DDFF66
:10B0D00001A90DF10E0010F07DFA9DF80B10072963
:10B0E0002FD89DF80C20072A2BD89DF80A30032B67
:10B0F0000BD91224214628460AF026FE14B902A8CC
:10B10000F6F73AF8204605B030BDBDF80E0002282B
:10B11000EFD803F001000143EBD003F00203134327
:10B12000E7D0BDF8081000200DF0EAFA0028E0D1C1
:10B13000BDF808000EF06AFF002814BF00240224A6
:10B14000D8E71124D6E72DE9F341804601910DF1AE
:10B15000010001A910F099FF01A90DF1020010F002
:10B1600094FF01A90DF1030010F08FFF9DF803304B
:10B170005A0703F0010648BF013613F0050F2FD020
:10B1800086B3F00011F0C3FA0025074604462046B6
:10B1900001A910F07AFF0135A01C01A910F01AFADC
:10B1A000EDB2201D01A910F015FA0023AE42A371E3
:10B1B00004F10804EBD13B469DF803209DF80210F2
:10B1C0009DF80100F8F71CFA0446384611F0A1FA80
:10B1D000404621460FF087FE204602B0BDE8F081D0
:10B1E0001124F5E71224F3E7224B1B681BB1224B15
:10B1F00001221A60704710B51F4B00221A601F4BC6
:10B200001B681B6B1A68B2F1A53F03D15A68B2F1F3
:10B21000A53F25D0194B19681868343110F0C3FCCC
:10B22000174B1B68B3FA83F3DBB2C3F11F03154A54
:10B230009900C81802EB80004468646844600246C4
:10B240000832944204BFC168416003EB83030D4A96
:10B2500002EB83035B68DA68084B1A601B6810BD59
:10B260009A68B2F1A53FD5D1DB68B3F1A53FD1D142
:10B27000D6E700BF243401204834012010340120D7
:10B280002C340120502F0120FFFFFFFFFFFFFFFFA5
:10B29000FFFFFFFF000000000000000000000000B2
:10B2A00001000000FFFFFFFFFCFFFFFFFFFFFFFFAC
:10B2B000FFFFFFFF00000000000000000000000092
:10B2C00001000000FFFFFFFF4B60D2273E3CCE3B5A
:10B2D000F6B053CCB0061D65BC86987655BDEBB371
:10B2E000E7933AAAD835C65A96C298D84539A1F4F8
:10B2F000A033EB2D817D0377F240A463E5E6BCF833
:10B3000047422CE1F2D1176BF551BF376840B6CBFD
:10B31000CE5E316B5733CE2B169E0F7C4AEBE78EF9
:10B320009B7F1AFEE242E34FF0B587B0234B0093B8
:10B3300007460D461646012302226A21EC20FBF740
:10B34000E5FB10F0DFFD50B10C241D4B0093019480
:10B3500001230022FF21EC20FBF7D8FB29E0194B49
:10B360001B78012BF0D02B68CDF811300DF10F01B7
:10B37000AB888DF8107004A8ADF815308DF8176003
:10B3800009F0EAFFC0B110F043FB044608B10724FE
:10B39000DBE72B68CDF8113004A8AB888DF810706E
:10B3A000ADF815308DF817600BF09CFC012010F003
:10B3B000A1FD204607B0F0BD1224C6E7FAC0020185
:10B3C000B5AA02013F3501207FB5224B0193224BE4
:10B3D00086681A681B798DF80D30044602210DF13C
:10B3E0000E00CDF80920002505F01EFC01A88DF8FF
:10B3F0000850FEF777FA94F8FA3084F85200012BDF
:10B4000012D1164B1A6865F300021A60A3F24C437E
:10B4100021461A6865F3DB6228461A6001F048FA93
:10B4200021462846FAF704FB0D4B0E491B88ADF860
:10B430000830002501AB082284F8FA50012001965B
:10B440008DF80A0005F0BFFC2846F6F757FA04B05D
:10B4500070BD00BFDF4D17C2E0020020583E014121
:10B46000C602002000000101F7B50568EC68064639
:10B4700044B3AB6F234F43F48053AB67A388F3B956
:10B48000E2790ABBAB6F1A070AD5012323716B4619
:10B49000082239460120CDE9006405F094FC0EE055
:10B4A00043F40053AB67B5F85C30A268DB43134448
:10B4B0001BB2002B03DC214628460FF08BFC2468CE
:10B4C000002CDBD103B0F0BDA368B5F85C105B1AAB
:10B4D0001BB2002BF3DC01239A4223710DD0182AF2
:10B4E000EDD121462846FBF79DFA2846FFF74CFA96
:10B4F000AB6F43F40013AB67C9E7214628460EF053
:10B500008BFFC4E7A0040101434D443A53657445E1
:10B51000787453636E456E61626C652C656E616212
:10B520006C653D25640053434E3A445453746F7028
:10B530002832290053434E3A445453746F702833D1
:10B54000290053434E3A505453746F7028322900E7
:10B5500053434E3A445453746172742831292C6415
:10B5600075723D25640053434E3A445453746F70D2
:10B570002831290053434E3A44545374617274285D
:10B5800032292C6475723D25640053434E3A505461
:10B5900053746172742831290053434E3A50545306
:07B5A000746F7028312900CF
:10B5A800002841D038B5044650F8042C002A02DAA5
:10B5B80050F8081C01B138BDA0F1080522F000427E
:10B5C80040F8042C10F0E2FB54F8041C174A1368E6
:10B5D8000B441360164A00E01A4613689D42FBD8D4
:10B5E80050681418A5420ED06968681883420ED0B6
:10B5F8002B60AA4218BF15600E4A13680133136006
:10B60800F6F732FAD7E7014451601546ECE70A48E5
:10B618000068834206D05B681944696013681B6838
:10B628002B60E6E72860E4E7704700BF003401209C
:10B63800A43301200C340120FC330120002846D01B
:10B6480038B50446426C914238BF1146C26A8A42F4
:10B6580002D0806C012800D038BDE162A0690028C2
:10B66800A4BFC1F10501A16102EB8202184901EBF7
:10B67800820261699142EFD1251D28460EF096FDA0
:10B6880038B914490B68E06A0122824023EA0203B0
:10B698000B60E36A0F49086801229A4002430A6076
:10B6A8000B4A03EB830302EB83035B68A36099688F
:10B6B800E1604D609D60E06A81000B189B00D51821
:10B6C8006561014452F821100131D150C4E7704737
:10B6D800502F01202C34012010B592B0D0F8D8306A
:10B6E8008DF8042001228DF8082090F803218DF8A8
:10B6F800092000F58272ADF8061041F20A041168BB
:10B708009288ADF80040CDF80A10ADF80E20DA8A1C
:10B71800ADF81C201A8BADF81E205A8BADF82020EE
:10B7280093F82130C3F342138DF8223000F5857366
:10B738001A689B88ADF81A30437ECDF81620012B85
:10B7480008D800230493ADF8143068460BF0DAFEED
:10B7580012B010BD90F83430012BF2D190F82D3092
:10B768005B06EED5034653F8280F04909B88ADF886
:10B778001430EAE770B5D0F8443193F921307F2BC3
:10B7880092B0054640D00426012400BFD5F84431C4
:10B798009B7F1C4232D0204610F0F0F8D5F8443197
:10B7A8001A1893F821301371D5F844311A18DB7F31
:10B7B8001373D5F844311A7C92071FD541F2210240
:10B7C800ADF8002000228DF804202A88ADF8062064
:10B7D800012210448DF8082093F821208DF80A20C2
:10B7E800DA7F8DF80900C2F3010293F820308DF852
:10B7F8000B2068468DF80C300BF084FE013E640087
:10B8080016F0FF06E4B2C1D1012012B070BD00BF2E
:10B8180038B50B7B023B04460D46212B2FD8DFE8B9
:10B8280003F037112E112B2E112E11341B2E11114E
:10B838002E2E112E112E11112E112E2E2E112E2ECE
:10B848002E2E2E1190F8F230174943F0040380F899
:10B85800F23000F5AE700CE090F8E230022B0ED119
:10B8680094F8F230104943F0040384F8F23004F5F8
:10B87800AE70F9F7CFF802E0C37D002BF0D029466F
:10B888002046BDE838400FF030BFC37D012BE6E706
:10B8980090F8F23043F0040380F8F230C38F42F29C
:10B8A80010715943D5E700BF005A62022DE9F843E9
:10B8B800224B1B78012B05460E4628D1204B1F68CA
:10B8C8004FF6FF797C1C07F2F5181DBB14F8010C24
:10B8D800A0F1FF03584258414E452BD0B4F8073029
:10B8E80008B1B34214D00A34A045EED115490B78FB
:10B8F80003EB830207EB42021681A5B9FF20107003
:10B9080001333220B3FBF0F200FB12330B7000203E
:10B91800BDE8F8830622294620460FF073FAB0FAEC
:10B9280080F04009D8E72868C2F80100A888A2F882
:10B938000500E5E70028D6D0EAE700BFBC010020F3
:10B94800AC340120353501202DE9F0411F4F3B680B
:10B95800002B39D01E4B1C68984614B90020BDE84E
:10B96800F081FF20FCF77EFE054650B9194B1C7884
:10B97800002CF3D10122184918481A70F9F74AF82F
:10B98800ECE7627B2169284609F05EF83E68627B35
:10B99800217DE08A2B46B047114B1E6896B90C48AA
:10B9A80010F057F9237B43F00403237308F074F86D
:10B9B800D8F80040002CE4D128460BF0D3FC002E28
:10B9C800D4D1CBE70126F7E70220C8E7B03401203D
:10B9D8003802002037350120A0860100140200201B
:10B9E800B434012073B5054600230DF1020101A806
:10B9F800ADF802300DF00CF895F85230012B18D143
:10BA0800019AAB6DBDF802101A44B5F854300B44D6
:10BA18009BB240F2E1418B42C2F31602019285BF0C
:10BA2800A3F2E2430132ADF80230ADF8023088BF2C
:10BA38000192114BBDF802001B68104E93F82E229C
:10BA480003EB4203B3F8263203EB90000DF0E8F85D
:10BA5800019C04443440EC6100212846ECF76CFD5D
:10BA68006B7820443040E86143F004034002E86505
:10BA78006B7002B070BD00BF60020020FFFF7F0046
:10BA8800F0B5244E0346006830609A889B79B280EE
:10BA9800A6F57764B371B4F86C3F43F00203A4F8D9
:10BAA8006C3FD4F8683F5A008BB00F4630D5756AA2
:10BAB800D4F8683FC5F3026565F31243C4F8683FDC
:10BAC8002722314668460FF0ABF99DF8003007F0A1
:10BAD800010767F341032722694630468DF8003095
:10BAE8000FF09EF9D4F8683F43F48013C4F8683F18
:10BAF800D4F8683FDB02FBD4074B1B68272202FB04
:10BB080005330020DA7A67F34102DA720BB0F0BD30
:10BB18000220FBE770330141B802002038B5234BFF
:10BB28001A68A3F24C446FF31F421A60226802217C
:10BB380061F35A622260226842F0006222601A6849
:10BB480042F400621A601A681105FCD423686FF386
:10BB58005A63236003200BF08EFE23686FF3DB63C8
:10BB68002360134B1A685207FCD11A6812F0380F79
:10BB7800F8D1104D2B6813F0606F00D138BD2368E1
:10BB880043F00063236003200BF075FE23686FF316
:10BB9800DB63236003200BF06EFE23682268C3F387
:10BBA8004163013363F35A622260E3E7583E01417F
:10BBB800703E0141203A014110B5046820460EF05C
:10BBC8009FFB04F5AE70FAF759FD94F8F430D4F8F9
:10BBD800B40123F0030384F8F43020B10BF0C2FB66
:10BBE8000023C4F8B431D4F8B00120B10BF0BAFB8B
:10BBF8000023C4F8B031D4F84431B3B1D3F82200EB
:10BC080060B10BF0AFFBD4F84431002283F8222056
:10BC180083F8232083F8242083F82520D4F84401CE
:10BC28000BF0A0FB0023C4F84431D4F84C0120B138
:10BC38000BF098FB0023C4F84C31002384F8E23061
:10BC480084F8E43084F8E6302046BDE810400CF073
:10BC580063BF704700B58BB0224B1B7823B1012B13
:10BC68000BD00BB05DF804FB0020FDF7F3FE0DF0E0
:10BC7800AFFA1C4B01221A70F3E74FF0FF3201A90B
:10BC880019480FF068FF0028EBD09DF80430072B07
:10BC9800E7D801A252F823F0C1BC01016BBC010135
:10BCA8006BBC01016BBC0101CBBC0101D1BC010122
:10BCB800D9BC0101E1BC01010DF1050009F0B0F9A1
:10BCC800CFE70BF035FFCCE701A80DF016FEC8E76B
:10BCD80001A80DF012FEC4E70DF105000FF07AFF80
:10BCE800BFE700BF50000020540000200A100000E9
:10BCF80065700101050000000959020113000000E8
:10BD0800C947020108000000F55002010C000000BC
:10BD1800692D02013000000065690201570000002A
:10BD2800E97C020101100000F5D5010103100000B3
:10BD3800311002010410000059280201051000000A
:10BD4800A121020106100000B1FE01010710000048
:10BD5800951002010C100000FD21020120100000C6
:10BD6800BD2D020121100000FDFB01011F10000084
:10BD780011480201141000000D41020123100000B7
:10BD8800D519020101292DE9F0470546894615D044
:10BD980021B1022917D000231B81FFDE00F1C8075B
:10BDA80000F1A804A7B9002628462681494603F0D1
:10BDB800DFFB2046BDE8F0470EF0BFBD00F1D0071D
:10BDC80000F1B804EEE7C46B04F134072434E9E762
:10BDD8003B680026EBB9002EE5D0606808B10BF08F
:10BDE800C1FA3046FCF73EFC824660600028DAD093
:10BDF8003F684FF00008002FD6D03A7BB9680AEBAD
:10BE080008000FF00DF83B7B3F6898441FFA88F84C
:10BE1800F1E71A7B1B681644B6B2DBE713B51F4B74
:10BE28000093022201236821EC20FAF76BFE10F040
:10BE380065F810BB1A4B1A78FAB11870194B1A4AE0
:10BE48001B68107004468BB944B120460FF063FCA0
:10BE5800012384F85730442384F85A30012010F025
:10BE680045F8A4B10024204602B010BD93F8542030
:10BE7800012A08BF1C461B68E5E70C4B00930C24FD
:10BE8800019401230022FF21EC20FAF73BFE002356
:10BE98001A460749032004F092FFE4E7B5B7020108
:10BEA8003F350120D43301203B350120B5AA0201DA
:10BEB80002030101F0B587B0214B009307460D46F8
:10BEC8001646012302226B21EC20FAF71BFE10F024
:10BED80015F850B10C241B4B009301940123002248
:10BEE800FF21EC20FAF70EFE26E0174B1B78012BFA
:10BEF800F0D02B68CDF811300DF10F01AB888DF81B
:10BF0800107004A8ADF815308DF8176009F020FA04
:10BF1800044608B14224DEE72B68CDF8113004A8A6
:10BF2800AB888DF81070ADF815308DF817600CF0EF
:10BF3800B9FE01200FF0DAFF204607B0F0BD00BFC0
:10BF480030BD0201B5AA02013F3501207FB5154673
:10BF58001E460446B0B91E4B0093022301911A46AF
:10BF68007F21EC20FAF7CEFD029695F85130019327
:10BF7800184B009302231A467F21EC20FAF7C2FDE2
:10BF880004B070BD01280ED1134B00930223019118
:10BF98001A467F21EC20FAF7B5FD029695F8513044
:10BFA80001930E4BE5E70228EAD10B4B01910246BB
:10BFB80000937F210346EC20FAF7A4FD029695F83A
:10BFC80051300193064B009322462346D4E700BF25
:10BFD800BE010201CE010201E3010201F3010201E7
:10BFE8000F020201F8B590F85030234E012B05BF1F
:10BFF80090F8513032683368313314BFD3F8F041C8
:10C0080052F83340054604B9F8BD09F0F7F8276837
:10C018000DF046FAA3689D422CD109F0EFF895F887
:10C028005030012BD4E900231ED10AB1536006E039
:10C0380095F85110326802EBC102C2F88C31D4E98C
:10C0480000231A6095F850203368134493F8F821B8
:10C05800013A83F8F82100232B700DF021FA2046CD
:10C06800BDE8F8400AF018BA002ADFD13268C2F8F1
:10C07800F431E4E73C46C6E7600200207FB5044699
:10C08800184689B191F850300191CDE902328B7888
:10C0980013F0040F4FF00C0201AB31D01B49F0B97B
:10C0A800012004F08CFE18E0194B1B681D1995F847
:10C0B800F85195B1012C14D103F5F47503F5C0734B
:10C0C8002E6806B1B16829B1CDE9011403924E7802
:10C0D800B607DCD5083DAB42F2D104B070BD0320F1
:10C0E800DFE7D3F8F031002BF7D09B68002BF4D0B2
:10C0F80059788907F1D4CDE90134039201AB0C22B8
:10C1080008210028CDD00220CBE700BF080100019C
:10C1180060020020F8B527220146064620480EF0A6
:10C128007FFE0EF06BFB1F4BD3F8682F60F31242B3
:10C13800C3F8682FD3F8682F42F480120546C3F875
:10C14800682F00BFD3F8682FC2F30052002AF9D134
:10C15800012493F8681FAC40E4B2214383F8681FB8
:10C1680006F1170306F1270113F8010B10B98B42EA
:10C17800FAD101220C4F3B682B443046DA7009F0A3
:10C1880009F927220B2012FB050538683146284497
:10C198000EF046FE3B681A7814431C70F8BD00BFC9
:10C1A8007033014100240141B802002037B5214C09
:10C1B80023788342054627D0022828D11E4B1B88A6
:10C1C8004FF67F7119401F200AF0C0FD0DF10701DD
:10C1D8000DF106000EF0ECFF184B9DF806101B88B9
:10C1E80001F0E80123F0E803194308200AF0AEFD46
:10C1F800134B9DF807101B8801F0030123F003037C
:10C20800194351200AF0A2FD257003B030BD022B5E
:10C2180001D0FF2BF8D1094B1988082041F0E8011B
:10C228000AF094FD064B198821F0030141F0020140
:10C23800E7E700BFBE020020C2020020C0020020C3
:10C24800BC02002084B073B507AC84E80E00032854
:10C2580022D8DFE800F002262E380C68002384F884
:10C26800CC3001212046DDE909560FF075FA48B1B6
:10C2780094F8CC3043F0200384F8CC302046EDF716
:10C288006DFB09E00123C4E92F6584F8CD3084F8FB
:10C2980099302046E7F722FA02B0BDE8704004B0B2
:10C2A8007047086890F8CC3043F0040380F8CC302D
:10C2B800E5E70A6892F8CC3043F0010382F8CC3005
:10C2C800FEF706FCE8E7019101AB042202490120D0
:10C2D80004F075FDE0E700BF0402010138B51E4C0B
:10C2E800237813F0010534D143F0010304202370AF
:10C2F800FCF7B8F9E06010B90725284638BD0420D6
:10C30800FCF7B0F920610028F6D00A20FCF7AAF95A
:10C3180060610028F0D0E368104A1D70E3685D7022
:10C32800E3689D70E368DD70E36812689B1A0C4A45
:10C3380011689BB263F30F0111600620094910F0E0
:10C3480001F9094A094B1360094A13600FF0B6FD59
:10C35800D3E70025D1E700BFEC32012070020020AE
:10C3680080340141B5BC0201B4370120CBAC0101D6
:10C37800B83701202DE9F0410C4600258046D1F858
:10C38800AC008F680AF0EEFFC4F8AC50A4F8B050C7
:10C39800D4F8BC000AF0E6FFE66BC4F8BC50A4F879
:10C3A800C05026B1B06A0AF0DDFFB562B585E36B0F
:10C3B8001BB10221204603F0DBF80021204601F0E2
:10C3C80047F80121204601F043F82046022101F0F8
:10C3D8003FF8E06B08B110F098F9D4E900236AB18E
:10C3E8005360D4E900231A60064B1A681378013B9E
:10C3F80013703846BDE8F04108F0FEBBC8F80430B9
:10C40800EFE700BF9801002037B590F82530019379
:10C4180004461F4B0093022201239F21EC20FAF7C8
:10C4280071FBE06BC28940F2E2435343C4F86031C8
:10C438001430FCF77DF9E36BAA209A1C0533917C34
:10C44800414002F8011F9A42F9D1124BE26B196878
:10C45800097B91701B68E26B53F8601FC2F80610E5
:10C468001B799372E36B0C4A00251D76E36B5D82A2
:10C47800012384F8F9300221204601F039FFD4F86D
:10C48800700101F07FF908F01FFF284603B030BDA6
:10C49800EAAF0201AC01002031EE000110B592B004
:10C4A80090F8E5308DF8042000228DF8082090F8E7
:10C4B800D8208DF809200246ADF8061052F8D91F89
:10C4C800CDF80A109288ADF80E20222202FB030351
:10C4D80041F20A04ADF80040D3F83720B3F83B1016
:10C4E800ADF82010079293F84230C3F342138DF849
:10C4F8002230034653F8DF2FCDF816209B88ADF87D
:10C508001A30037E012B08D800230493ADF81430A9
:10C5180068460AF0F7FF12B010BD837E012BF3D1F5
:10C52800034653F81B0F04909B88ADF81430EFE7CF
:10C5380070B58AB00B7806934B7805938B78049383
:10C54800CB7803930B7902934B7901931A4D1B4BCC
:10C558000093064601230C4602221D21EC20FAF71F
:10C56800D1FA2B685B6D984750B10C24144B00939B
:10C57800019401230022FF21EC20FAF7C3FA18E006
:10C588002B689B6D98470028EFD12B68DB6D984787
:10C598000028EAD10DF127022146304604F094F82C
:10C5A80030B93146204602F041FD08B90724DDE7DD
:10C5B800002420460AB070BDA8010020B2900201F4
:10C5C8009AB2020101292DE9F843804604D9FF29CE
:10C5D80022D00020BDE8F8831D4EDFF87890376838
:10C5E800002500BF27FA05F000F00304012C0FD145
:10C5F80005EB45010622494440460EF003FC38B9D4
:10C60800032303FA05F527EA050535600120E1E76C
:10C618000235102DE6D1DCE70D4B987810F00100BB
:10C62800D8D01C68002000BF24FA00F101F00302F2
:10C63800032A08D1824024EA02021A609A786FF32A
:10C6480000029A70E2E702301028EDD1F6E700BF49
:10C65800C834012000330141234B1A686FF31F725D
:10C668001A601A6812286FF31B621A601A461CD0E7
:10C6780002D8112804D070472138022824D97047DD
:10C6880012290CD002D8112903D070472139022968
:10C698000AD81368162161F31743136070471A68A4
:10C6A800172161F317421A607047122909D002D87E
:10C6B800112903D0704721390229F5D813681A21A6
:10C6C800E9E71A681B21ECE7122909D002D81129D9
:10C6D80003D0704721390229E6D813681321DAE715
:10C6E8001A681621DDE700BF6834014110B5026DF4
:10C6F800342301FB032393F82420012A01D00020CE
:10C7080010BD1A78002AFAD15A78072AF7D19A78F0
:10C71800002AF4D0194CD4F8242112F0FF0FEED1DE
:10C7280093F82C30002BEAD108F0A7FFC378DB067A
:10C73800E5D504210230F9F7F9F90028DFD090F99E
:10C7480000308278002B437802F01F0243EA02236C
:10C75800BCBF4FF4967213FB02F3D4F80021A8BFB4
:10C76800C3EB0313C2F30742A8BF5B00C2EB02127C
:10C77800B3EBC20F8CBF01200020C1E700240141A8
:10C7880073B50446866803F06FFC94F8FA30012B01
:10C7980020D11D4B1A686FF300021A60A3F24C42B5
:10C7A800A3F6042311686FF3DB6111601A686FF355
:10C7B8004D321A602146002000F076F8214600200C
:10C7C800F9F732F994F84730012B03D104F5C67014
:10C7D800F9F754FFE26B0D490096002584F8FA50EA
:10C7E800538A0133538202238DF80630084B1B8885
:10C7F800ADF8043008226B46012004F0E0FA284620
:10C80800F5F778F802B070BD583E0141000001010B
:10C81800C602002030B4D0F87431FF2273B1D0F8CA
:10C828009C409C422DD81D7ADC68042D25D0052D0E
:10C8380023D02DBB2268C2F3411212BBC0F8983036
:10C8480090F89410FF2380F8543000F1640200231C
:10C85800994207D052F8044BD0F89850A5421CD101
:10C8680080F854300F4B90F854201B789A4217D810
:10C87800FF22012130BCFCF71DBA2268C2F3411225
:10C888002AB11B68CAE731B11B68002BD6D01A7AC7
:10C89800022AF8D8D2E7203BF7E70133DBB2D7E723
:10C8A80030BC7047C40200202DE9F0410746002043
:10C8B80088460DF0C1F9064601200DF0BDF9054680
:10C8C80002200DF0B9F90446F7B146F4605189B277
:10C8D80000200DF0C3F998F8473013F0FD0F01D090
:10C8E800042B0FD145F0100189B201200DF0B6F9E3
:10C8F8006FEA04516FEA115189B20220BDE8F04194
:10C908000DF0ACB92946F0E74FF6FF7138460BF049
:10C918005FFA4FF6FF7101200BF05AFA4FF6FF71DC
:10C9280002200BF055FA314638460DF097F92946A2
:10C9380001200DF093F92146DFE7704700283ED02B
:10C9480038B50446C36B002B3BD0006CA0FB032317
:10C958000BB1002036E00D460DF0D0FD2268216CA9
:10C96800E36B03FB01F3D018A0600020A0636260B2
:10C978005B1A1344E360FF2384F8443084F845309D
:10C98800A5B923691BB90EF059FF01201AE004F17B
:10C998001000FBF709F90028F5D00B4B4FF0805237
:10C9A8001A60BFF34F8FBFF36F8FECE704F11000ED
:10C9B8000EF093FD04F124000EF08FFDE3E7002054
:10C9C8007047002038BD00BF04ED00E0F0B5214BF2
:10C9D8000A691B6820491B7B0578447813F01F0FF0
:10C9E8004368D0780CBF012600268B4295BF1E21D4
:10C9F8004FF49671B3FBF1F3B3FBF1F395BFC3F3B7
:10CA08000C03C3F30C030027012710F0010F14BF18
:10CA18000721012110F0020F18BF0631000744BF9B
:10CA28000231C9B20A4405F03F05D178137165F3A4
:10CA3800050166F3861167F3C711D170517921F0AA
:10CA48001F0104F0070441EA132364F347135371E9
:10CA5800F0BD00BFAC010020C3BF03007FB5204B71
:10CA6800019005460093022201235821EC20FAF791
:10CA780049F828460DF0C6FA064678B304682046F9
:10CA88000CF09AFF0146A8B194F8F2301B070AD5BA
:10CA980003AB042213490396032004F090F9002401
:10CAA800204604B070BD20460EF0F3FD0028F6D1F4
:10CAB800072409E0204603AB0222ADF80C5005F02C
:10CAC80023FC04460028EAD0074B00930194012375
:10CAD8000022FF21EC20FAF715F8E1E70224F3E73A
:10CAE800A0A40201080601018A95020108287FB561
:10CAF8000C4603D00D281BD004B070BD0E682079F9
:10CB08001D4C8A6801233146ECF79AFD2368D3F857
:10CB18004C52002DF0D00DF041FD32460346294617
:10CB28000220FFF713FA23680022C3F84C22E3E738
:10CB3800D4E90223087849680393CDE901128DF8F6
:10CB48000300FFF703FA0C4B1B68002283F85022FE
:10CB5800AFF300800028CFD103AB02AA01A90DF1E1
:10CB68000300AFF30080DDE9022301999DF803007B
:10CB7800FFF7ECF9ECE700BF6002002037B5224C64
:10CB8800056807F0C9F802F08FFA20232B7504F521
:10CB9800A3539A896FF3CF329A81B5F88C10687EC7
:10CBA8000AF002FE01A9D5F8CC000EF0F1FB019BBA
:10CBB800C3F3472204F5B0537F20198962F30701B4
:10CBC800198104F5B15306211A6861F313421A60FA
:10CBD8001A6861F317521A6004F5B052116960F3CC
:10CBE8000F011161116960F31F4111611A8942F047
:10CBF80001021A811A6842F010021A601A6842F09B
:10CC080002021A6003B030BD00240141F0B5046887
:10CC1800A36FDB0585B005460E4617460ED506F010
:10CC280011FC02F041FA08F0E9FAA36F23F48073CB
:10CC3800A3670CF035FC0020F4F75CFE812E11D0C0
:10CC4800822E13D0802E05D108F0D8FA40232376FF
:10CC58000CF026FCD4F8CC3063B128460EF0C4F8AA
:10CC680005B0F0BD08F0CAFA4123F0E708F0C6FAAB
:10CC78004223ECE703953FB1009703AB0422064932
:10CC8800012005F06FFFEBE703AB04220249012006
:10CC980004F095F8E4E700BF1404010137B5224C0D
:10CCA800056807F039F802F0FFF901232B7504F540
:10CCB800A3539A896FF3CF329A81B5F88C10687EA6
:10CCC8000AF072FD01A9D5F8CC000EF061FB04F55D
:10CCD800B052019B1188C3F3472363F3070104F59E
:10CCE800B15311801A68062161F313421A601A6859
:10CCF80061F317521A6004F5B0527F20116960F38E
:10CD08000F011161116960F31F4111611A6842F046
:10CD180002021A601A8942F010021A811A8942F036
:10CD280001021A8103B030BD00240141214B03F5F3
:10CD3800805211896FF30001118103F5D052118BD4
:10CD48006FF30821118303F5B052D1686FF35A616C
:10CD5800D160D1686FF3DB61D16003F5B151086828
:10CD68006FF3186008601448C16821F00301C160BE
:10CD780010886FF30700108090886FF30700908089
:10CD8800D1686FF30701D16003F5B05211896FF3D1
:10CD98000701118103F5C0524FF44B71908B03F5D5
:10CDA800C05361F30F0090839A8A61F30F029A824D
:10CDB800704700BF002401410010014170B50546CD
:10CDC8000DF09CFB95F8454064B2002C19DD05F187
:10CDD800240608E06B6AA3B13046FAF7E5FE68B9A5
:10CDE800013C64B26CB1AB6C002BF3D0284605F063
:10CDF800ABFC0028F4D00FF0E3F9F1E70FF0E0F90D
:10CE0800EEE7FF2385F845300EF018FD0DF076FBB0
:10CE180095F8444064B2002C11DD2B697BB105F113
:10CE2800100606E00FF0CCF9013C64B23CB12B6966
:10CE38002BB13046FAF7B8FE0028F5D0F2E7FF2309
:10CE480085F844300EF0FAFC70BD30B585B0054663
:10CE580003910DF1060003A90EF0B8FB03A902A87F
:10CE68000EF0B4FB03A90DF10A000EF0AFFBBDF8FC
:10CE7800061000200BF040FCBDF8081000284FF009
:10CE8800050014BF122400240BF036FCBDF80A106C
:10CE980000284FF0060018BF12240BF02DFC0028C4
:10CEA800BDF8060018BF12240DF0ACF890B144B9D3
:10CEB800BDF80A20BDF80810BDF80600FCF7F4FB21
:10CEC80004462846BDF8062021460CF06DFE204693
:10CED80005B030BD0224F4E700283BD070B5044605
:10CEE800826C013A8264C06A616C884234D00AB1AB
:10CEF800002070BD251D28460DF058F938B917498E
:10CF08000B68E06A0122824023EA02030B60636C2B
:10CF1800E362C3F10502A26110490E68012000FA1C
:10CF280003F232430A600E4A03EB830302EB8303E6
:10CF38005B68A3609968E1604D609D60E56AA9003F
:10CF48004B199B00D6186661294452F821100144F8
:10CF5800D150CEE7002070470020CAE72C340120CA
:10CF6800502F0120F8B5EFF311864FF0200383F31B
:10CF78001188BFF36F8FBFF34F8F836BC26B9A42D9
:10CF880028D90F46044690F845506DB201338363A3
:10CF9800B5F1FF3F14D1836C33B105F0D5FBE8B18F
:10CFA800F7B10120386016E0436A0BB9012012E09E
:10CFB8002430FAF7F9FDA8B1B7B1012038600AE0CA
:10CFC8000FF0F8F8854211D201356DB284F845505A
:10CFD800012000E0002086F31188F8BD0120FAE75F
:10CFE8000120F8E70120F6E70120F4E70120F2E745
:10CFF800F7B5074601910DF1020001A90FF041F8BC
:10D0080001A90DF103000FF03CF89DF802309DF8DE
:10D018000340012B00D17CB364B104EB44046000ED
:10D028000FF071FB00250446064600BF9DF803304B
:10D03800AB4211D822469DF803109DF80200EBF789
:10D04800A5F8054620460FF060FB384629460DF046
:10D0580046FF284603B0F0BD304601A90FF011F88D
:10D06800B01C01A90EF0B2FA0135301D01A90FF06C
:10D0780008F80636EDB2D9E71225E6E773B5204B76
:10D08800DB799A060C4639D51E4B1B789B0735D59C
:10D098004D7A05F10E000FF036FB064670B305F128
:10D0A8000C02D2B23E210DF00DFF0221019001A821
:10D0B8000FF016F9217801A80FF012F9617801A88C
:10D0C8000FF00EF9A17801A80FF00AF90622E11C69
:10D0D80001A80EF035FC294601A80FF001F92A46EF
:10D0E800E16801A80EF02CFC217C01A80FF0F8F8EB
:10D0F80030460EF06BFE30460FF007FB02B070BDF5
:10D10800400100203801002073B5204BDB799A06D6
:10D118000C4638D51E4B5B785B0634D58D7905F106
:10D128000A000FF0F0FA064668B305F10802D2B219
:10D138003E210DF0C7FE0F21019001A80FF0D0F895
:10D14800218801A80FF0D2F8A17801A80FF0C8F83B
:10D15800E17801A80FF0C4F8217901A80FF0C0F810
:10D16800617901A80FF0BCF8A17901A80FF0B8F80F
:10D178002A46A16801A80EF0E3FB30460EF026FE11
:10D1880030460FF0C2FA02B070BD00BF4001002067
:10D198003801002030B51F4A1368002B31D0596878
:10D1A8000B1A48BF01F18053516848BF1B1A39B3A5
:10D1B80049680C1A44BF01F180510C1A1B1B002B43
:10D1C800D4BF00230123144852F82310134D0246FC
:10D1D8002B7052F81449C9B113684D6813F0040F45
:10D1E80012D024F070439D4209D013886FF3820354
:10D1F80013804B680360138843F00403138030BD29
:10D20800012383F00103DEE70560F4E7138861F387
:10D218008203F3E7C4330120343E01413235012053
:10D2280010B51C4B1C4AB3F8011011801B4CD9785F
:10D2380011711946226811F8040B10725868C2F867
:10D2480002008988D1802268D98A9184997A82F8E3
:10D2580026101349D88908801249188A0880998AA3
:10D268005185598A9185104AD3E90A011268C2E9A1
:10D278001601194631F8180F897891721081D97AF8
:10D28800D172197B1173D3E90A2313430CBF1E20F3
:10D29800002010BD683701208A010020A801002065
:10D2A8009401002088010020AC01002038B50D460B
:10D2B800044607F0A3FF012D1E4B2AD11A6892F8E5
:10D2C8002E32012B11D094F8501092F81C3292F89B
:10D2D8001D0281B961698C420DD194F85210034442
:10D2E80039B9012B01DD82F82E52BDE838400CF027
:10D2F800D7B8022BF6E7E16E034411B961698C4295
:10D3080005D0022BF1DD012382F82E32EDE7012B47
:10D31800F8E71B6893F82E22002AE6D093F81C221F
:10D3280093F81D120A44012ADCBF002283F82E223A
:10D33800DBE700BF6002002030B5204903460068E3
:10D3480008609A889B798A808B7131F8042C42F0A6
:10D35800020221F8042C51F8084CC4F380748BB0F5
:10D368001CB34A6A51F8080CC2F3026262F3124015
:10D3780041F8080C4D6A272268460DF051FDC5F3A7
:10D38800026500230DEB0302D27982B90133102B19
:10D39800F8D101220A4B1B681B78EB4013F00103FC
:10D3A80007D11C4620460BB030BD0025F1E700220E
:10D3B800F0E7002CF6D082F00104F3E77033014166
:10D3C800B802002010B53C21062001F0F1FD1A4BEF
:10D3D800186000282DD0194C194B1A49436003686E
:10D3E800236008200FF0AEF808F06AFC23680222D8
:10D3F800DA7023681A786FF301021A7022681378BA
:10D4080043F010031370236820225A710E4A5A639E
:10D418000EF018FF23680D4A197847301871126802
:10D42800C2F3403262F3C301197023680020986385
:10D4380010BD0720FCE700BFF4020020F002002026
:10D448009D6E010199810201400D030038380141A8
:10D45800F8B500EBC1060546D6F874710C468FB3D3
:10D4680089BBD0F8A00009F07DFF38460FF04DF9D0
:10D4780005EBC403002703F5BA7305EB8404C6F86B
:10D488007471C6F87831D4F8E00018B109F06AFF71
:10D49800C4F8E070D4F8EC0020B109F063FF002371
:10D4A800C4F8EC30D5F8DC0020B109F05BFF0023AC
:10D4B800C5F8DC30D5F8D80020B109F053FF0023B7
:10D4C800C5F8D830F8BD012902D1D0F8A400CAE7C0
:10D4D8000229CAD1C36BD86BC5E7704708B5194B89
:10D4E8009847194B9847EFF3108172B6174AD2F84C
:10D4F800883043F47003C2F88830BFF34F8FBFF30E
:10D508006F8F01B962B6124A936823F001039360E2
:10D518001346DA6812F0010FFBD10D4B24225A6032
:10D5280001229A6009F082FC0A4B23F07F03074A24
:10D538009360094B9847094B9847094B98470EF059
:10D548008BFDFEE71FF600011FF6000100ED00E06D
:10D558000020004100020001DD2402011FF6000145
:10D568001FF6000100B587B049238DF80830442321
:10D578008DF809304C238DF80A3045238DF80B308F
:10D5880000238DF80C30134A019200934FF48072F7
:10D5980002A91148F1F754FE08B1012804D00F4B35
:10D5A8001B6807B05DF804FB4FF0200383F3118874
:10D5B800BFF36F8FBFF34F8F094B4FF0FF321A60E5
:10D5C800084B01221A60084B00221A6006F0DCFCA6
:10D5D800E5E700BF3034012029400201A8370120C7
:10D5E80034340120403401204434012010B51F4B4D
:10D5F800DB799A0688B00C4635D51D4B1B78DB07BE
:10D6080031D513223E2102A80DF05CFC01210190C6
:10D6180001A80EF065FE217801A80EF061FE618870
:10D6280001A80EF063FE217901A80EF059FE617978
:10D6380001A80EF055FE0622A11801A80EF080F9E7
:10D64800A18901A80EF052FEE18901A80EF04EFE54
:10D65800218A01A80EF04AFE01A8A17C0EF040FE26
:10D6680002A80EF0B3FB08B010BD00BF40010020B7
:10D67800380100207FB51F4B019006460093EC202F
:10D68800012302224D21F9F73DFA30460CF0BAFC8D
:10D6980068B30568EB7D012B19D195F8ED3013F0CF
:10D6A800080F14BF00241A2428460CF085F980B10D
:10D6B80028460CF0BDFBA8B907240F4B0093019432
:10D6C80001230022FF21EC20F9F71CFA0CE00024CA
:10D6D800EAE7022203AB11462846ADF80C6004F0D5
:10D6E80013FE0446002CE8D1204604B070BD022485
:10D6F800E3E700BFCC9D02018A95020170B588B0AE
:10D708000B7806934B7805938B780493CB78039327
:10D718000B7902934B790193174C184B00930646EB
:10D7280001230D4602221E21EC20F9F7EBF92368AC
:10D738005B6D984760B10C24114B00930194012351
:10D748000022FF21EC20F9F7DDF9204608B070BD72
:10D7580023689B6D98470028EDD12368DB6D9847B7
:10D7680004460028E7D131462846FEF72BFF00285B
:10D77800EBD11224E0E700BFA8010020AD9102011F
:10D788009AB202011FB504460CF008FF94F8513014
:10D7980094F850200194CDE902306ABB194B0093EC
:10D7A80002231A467E21EC20F9F7ACF907F026FD92
:10D7B800637843F00103637094F85330012B06D16A
:10D7C800002384F85330637843F00403637063697B
:10D7D8009C4202D05B78DB0709D520460CF000FCA0
:10D7E80001230022214694F85000FEF747FC04B0BC
:10D7F800BDE810400BF054BE034B009302231A46B9
:10D808007F21D0E7441502017615020100B51F4BB0
:10D818000246006818609088927998809A7133F867
:10D82800040C40F0020023F8040C53F8080CC0F371
:10D8380080708BB0D0B1586AC0F30260087053F89A
:10D84800081C60F3124143F8081C27221946684651
:10D858000DF0E6FA002300BF0DEB0302D07940B9C2
:10D868000133102BF8D10BB05DF804FBFF230B70CC
:10D87800F9E7074A1268272101FB0323D87AC0F386
:10D88800400080F00100C0B2EDE700BF70330141F5
:10D89800B802002070B51B4B53F8044B21061D68D5
:10D8A80009D5194B1B6824F0800403B19847174B1E
:10D8B8001B6803B19847E20509D5154B1B6824F48A
:10D8C800807403B19847134B1B6803B19847AB06A4
:10D8D80014D5114B1A6842F008021A6033F8082F61
:10D8E80042F008021A800EF0F1FD46684EB12B4650
:10D8F8002246B4460021BDE87040604754EA05035B
:10D90800F1D170BD143F0141CC340120D434012041
:10D91800D0340120D8340120203A01412DE9F043C8
:10D92800012587B01E4680F8E65002AB80F8E85023
:10D9380004460F469046019305F030FD164A174BF2
:10D9480081461B68D2F8080103EB1040C4F8940024
:10D95800D2F8101113FA81F1C4F8901001A8E16807
:10D968000EF0CAFC494601A80EF0C6FC394601A8CB
:10D978000EF0BCFC414601A80EF0B8FC314601A8E7
:10D988000EF0B4FC019B06490E22284603F017FA54
:10D99800002007B0BDE8F083002401417002002098
:10D9A8000202010107B51C4B1B78002B31D00DF08A
:10D9B800B3FC1422002119480EF076F8FAF710FB90
:10D9C800174B1A686FF382021A601A686FF3C30262
:10D9D8001A601A686FF300021A601A686FF345122A
:10D9E8001A60104A117853F8382F61F307021A6049
:10D9F800FFF79CF90020F3F77DFF0B4B0093022201
:10DA080001237921EC20F9F77DF8002003B05DF8B7
:10DA180004FB024AD380F0E75A02002044020020A7
:10DA280030340141580200204ABB020113B51C4B97
:10DA38001C4C1B78002B30D00DF06EFCA36823B172
:10DA4800E28893FBF2F3184A137014220021154858
:10DA58000EF02AF8FAF7C4FA144B1A686FF3820228
:10DA68001A601A686FF3C3021A601A686FF300022B
:10DA78001A601A686FF345121A60FFF757F9002009
:10DA8800F3F738FF0A4B0093022201237A21EC2096
:10DA9800F9F738F8002002B010BDE380F2E700BFC4
:10DAA8005A02002044020020383501203034014158
:10DAB8009FB4020138B51D4C2368254633B94FF48D
:10DAC80010700EF020FE206060B938BD00242B686D
:10DAD80004F1880253F8220008B10EF016FE013452
:10DAE800082CF4D14FF41072002128680DF0DCFFE7
:10DAF8002C680F490F4A04F5BC7304F5CE7500BFB6
:10DB080043F8041B9D42C3F88020F9D14822002124
:10DB180004F5DA700DF0C8FF0023C4F89C316B607F
:10DB2800AB60054BC4F874310120CEE71403002024
:10DB38006BC702015BBC010143C9010138B5054649
:10DB48000C46EDF73DF8E3F72BF8054B05481D802B
:10DB5800054B0C221C801421BDE838400DF067BA33
:10DB6800D43201200C350120D632012030B50446CC
:10DB780085B00D46AC4201D905B030BD6946204696
:10DB8800E6F778FED8B1BDF8021041B94FF020038E
:10DB980083F31188BFF36F8FBFF34F8FFEE7002227
:10DBA8002046E3F7B1F810F0FD0F08D04FF020033E
:10DBB80083F31188BFF36F8FBFF34F8FFEE70134F4
:10DBC800A4B2D7E70000010002010100010005012D
:10DBD800060102000801010001000B010C010D0102
:10DBE8000E01010001000300030013010100010000
:10DBF80001000100180101001A01010001000100E3
:10DC08000100010001000100010001000100010004
:10DC180001000100010001000100010001000100F4
:10DC280001002F01010001000100010001000100B5
:10DC38000100010001000100010001003C013D015B
:10DC480001000100010001004201704710B582B0D7
:10DC580000230193030103F1824303F5804393F802
:10DC68004E30DBB20193019B13F0020F0DD001017E
:10DC780001F1824202F58042022382F84E30134BB2
:10DC88000B4400221A73012400E00224019B13F0C4
:10DC9800010F0CD0010101F1824202F580420123FB
:10DCA80082F84E30094B0B4400221A730224074BAA
:10DCB80003EB00135B6833B1044A02EB0013996865
:10DCC8005B682046984702B010BD00BF183201209B
:10DCD8002DE9F34107689DF80030BE7E66F3000326
:10DCE8008DF800303B46054653F81B2FCDF8012030
:10DCF8009B88ADF8053068460C46FFF71DFB2A796E
:10DD0800134923788A5C62F30303237080460E204C
:10DD18000CF08AFF237860F34513237097F83420BA
:10DD2800003218BF0122DBB262F386132370DBB224
:10DD3800B8F1000F07D043F0800323706B7963704C
:10DD480002B0BDE8F081002EF5D166F3C713F4E701
:10DD5800910E02017FB506460D460CF053F970B3DB
:10DD68000268D2F8443163B3D3F8221059B3097A60
:10DD7800C90728D5197C65F3861119742DB3D2F813
:10DD88004431D3F82220137A43F018031372002485
:10DD98000F4B0093CDE90165012302225621EC20A7
:10DDA800F8F7B0FE44B10B4B009301940123002215
:10DDB800FD21EC20F8F7A6FE204604B070BD022431
:10DDC800E6E71A24E4E70C24E2E72C46E0E700BF84
:10DDD800707402016185020137B51E4B019005463A
:10DDE8000093EC200C46012302225C21F8F78AFEFE
:10DDF80028460CF007F948B30068C37D012B0CD006
:10DE08000C24154B0093019401230022FF21EC20E0
:10DE1800F8F778FE204603B030BD2368C0F82231F9
:10DE280000F5917263685360A3689360E368D360F8
:10DE380090F8E430213B012BE2D890F8E530032B31
:10DE4800DED10CF09BFC18B90724DAE70224D8E7E6
:10DE58000024DFE7689802018198020100293AD07E
:10DE68004B0716D5B0F86030B0F862109A0102F589
:10DE7800747292B291422CD2A1F57473C3F38713D2
:10DE88001A2B2BD9B0F86020934200D9D3B2184688
:10DE98007047CA070DD5B0F86030B0F86210DA00E4
:10DEA800703292B2914214D2A1F17003C3F3C70346
:10DEB800E6E78B0712D5B0F86030B0F862109A0028
:10DEC8003C3292B2914204D2A1F13C03C3F38703DE
:10DED800D6E7DBB2D4E790F86030D8E71B23D6E763
:10DEE800F7B51C4F3B681E78E6B91B4C0BF092FE49
:10DEF800206820211D3002F093FE4020FAF7B2FB83
:10DF0800054628B323681E773B6801221A702368E8
:10DF1800186102F0B5FD044628B13B6828461E701A
:10DF280009F020FA0C240D4B00930222012333211F
:10DF3800EC20F8F7E7FD44B1094B00930194012365
:10DF48000022FD21EC20F8F7DDFD204603B0F0BDEE
:10DF58000724E8E7A8010020AC0100200EBD02015B
:10DF68002896020108B50B4611461278102A2FD0C0
:10DF780007D8052A1ED00E2A25D0042A14D002203C
:10DF880008BD192A1AD006D8172AF8D1032B29D187
:10DF98000CF094FB0CE0262A1FD0292AEFD10B2B7A
:10DFA80020D1FCF741FD03E00D2B1BD10DF00CF83F
:10DFB8000120E5E7013B58425841E1E7032B11D125
:10DFC8000CF068F8F4E7092B0CD1F5F7F1FFEFE74F
:10DFD800182B07D102F01AFCEAE70B2B02D109F043
:10DFE800A1F8E5E70020CBE710B51478082C0B461C
:10DFF80011462AD007D8012C1DD0B4B1032C1FD04C
:10E008000224204610BD182C24D005D80A2CF7D19C
:10E01800013B5C425C41F4E7272C20D0282CEFD14F
:10E02800042B21D10CF0F2FD03E00C2BE9D105F013
:10E03800BBFC0124E5E7082B16D10AF041FDE0E717
:10E04800172B11D109F094FCF3E7092B0CD1F5F744
:10E05800AFFFEEE7052B07D10AF048FDE9E70B2BE8
:10E0680002D106F01BFBE4E70024CAE770B50446BA
:10E078000E4690F85000082115460BF03DFB23781A
:10E08800032B32D0022B13D107F0B8F8174B1A68BC
:10E0980094F8503002EB8303D3F8FC11A1424FF0FF
:10E0A800000108BFC3F8FC11C2F804120BF0F8F91C
:10E0B800A26E1AB9637862F3820363700423237033
:10E0C8001EB1294620460CF081F9A36E6BB1A378E6
:10E0D8009B060AD420460CF05DFC20460BF0F8FAAB
:10E0E8002046BDE87040F1F733BF70BD60020020E4
:10E0F80030B587B00546019102A801A90DF0C1FF0E
:10E1080001A90DF109000DF0BCFF01A90DF10A00EC
:10E118000DF0B7FF062201A90DF10B000DF006FC6A
:10E1280001A90DF112000DF051FA01A905A80DF091
:10E138004DFA01A90DF116000DF0A3FFBDF814303A
:10E148000A3B9BB243F6F67293420FD8BDF81230E1
:10E15800B3F5FA7F0AD202A8F6F7AEFF04462846BE
:10E16800214607F0EDFD204607B030BD1224F6E742
:10E1780010B51D4BDB799A0686B00C4631D51B4B82
:10E188005B789B062DD510223E2101A80CF09AFE43
:10E198000E21009068460EF0A3F8217868460EF02C
:10E1A8009FF8618868460EF0A1F8217968460EF05C
:10E1B80097F8617968460EF093F80622A118684628
:10E1C8000DF0BEFB217B68460EF08AF8E1896846AF
:10E1D8000EF08CF86846217C0EF082F801A80DF04C
:10E1E800F5FD06B010BD00BF400100203801002039
:10E1F800F8B5079C07469DF8180092B91B4E601E9B
:10E208003D4620EAE0742246302128460DF04CFCB9
:10E21800314628190EF0DEF93846BDE8F8400DF011
:10E2280023B900B30A2B1ED1002A1CDA3D462D2043
:10E2380005F8010B5242601E01396E180021317039
:10E248000CB10028DDDDB2FBF3FC03FB1C2109291E
:10E2580088BF07313031934206F8011D00F1FF30C5
:10E26800CFD86246ECE720463D46E5E7057B02014C
:10E2780070B58AB003790593C378049383780393C0
:10E288004378029303780193164B009304460223C4
:10E298001A468B21EC20F8F735FC20682379089082
:10E2A8008DF82430002607AB09220F490796022073
:10E2B80002F085FDC5B28DB123790593E378049307
:10E2C800A37803936378029323780193074B009311
:10E2D800324601238C21EC20F8F714FC28460AB0BA
:10E2E80070BD00BF9217020102000100BC170201B5
:10E2F80070B50C46182190B001FB04010023022CD4
:10E30800D1F83061ADF81A3018BFD1F83431164958
:10E318000D93095D8DF819100546182101FB04516C
:10E32800B4FA84F040098DF81800D1F82001D1F82A
:10E3380024110A91A9680B90CDE903630B4B009354
:10E34800CDE90E12CDE90140012302229021EC20F3
:10E358000C96F8F7D7FB04F15A0105EB810106A8E2
:10E36800F5F7ECF910B070BD78C70201085A020140
:10E3780070B5C57D04460A468DBB90F8E230A3F11E
:10E388002106012E18D8B0F8E23040F221118B4254
:10E3980003D001F201318B4208D10323002084F815
:10E3A800E63084F8E72084F8E40070BD3D2120467B
:10E3B8000BF0D9FF0020F8E790F8E42003EA020602
:10E3C800F50613D593420CBF23222A2206F088FAB9
:10E3D8000028EAD001212046FBF7C4F9EAE7012D1D
:10E3E80004D190F8E430213B012BDFD90120DCE790
:10E3F800022838B50D4618D0032827D0012813D194
:10E40800194C236893F8263043B90CF01BFC20689C
:10E418001649838C0C305943F6F7FCFA236893F8B5
:10E428002610294383F8261038BD0F4B186890F83A
:10E4380026100029F8D021EA050180F826100029C5
:10E44800F2D10C30BDE83840F8F718B9064B186817
:10E4580090F82630002BE7D0838C04490C305943C0
:10E46800BDE83840F6F7D6BAA801002040420F00B0
:10E4780070B51C461B688AB0D0E90C563BBBE1B9A5
:10E4880003F201338DF80310418AADF80030903B58
:10E498004B43069300238DF8023007938368214687
:10E4A8006846CDE90465CDE90832F5F747F92068F3
:10E4B80008B1FFF767F90AB070BD01218DF80310A4
:10E4C800C16B03914FF44071ADF80010E1E70022F1
:10E4D800CDE90022029270228DF80020C26B0595CA
:10E4E80018466946CDE903260CF046FF2068E0E7A8
:10E4F80037B50D4614460BF085FDC0B9FF232B70C8
:10E5080023700224184B0093022201233721EC20A8
:10E51800F8F7F8FA44B1154B00930194012300224F
:10E52800FD21EC20F8F7EEFA204603B030BD026872
:10E53800937E122B10D002D3213B022B0ED901233C
:10E548002B70537E122B0BD002D3213B022B09D9FF
:10E55800012323700024D5E70223F1E70323EFE723
:10E568000223F6E70323F4E743C00201D2A4020121
:10E57800F8B51E4E90F85020336803EBC2030446EA
:10E58800D3F80C7267BB09F043FD0546846006F0BA
:10E5980035FE2F6094F85020336803EBC202D2F89E
:10E5A80010226A6094F8502003EBC203D3F81032AB
:10E5B8001D6094F85020336803EBC202C2F8105271
:10E5C80094F85020134493F81C22013283F81C223B
:10E5D8000AF066FF20460121BDE8F840FEF766BE56
:10E5E800BB689C42F6D03F68CCE700BF60020020C1
:10E5F80084B030B587B00AAC84E80F001B4C2268A1
:10E60800137803F00301022923D16FF382031370F7
:10E61800002002F02FFF9DF8305005BB1822294634
:10E6280068460DF041FA23681978012262F3010166
:10E63800197023689978597023688DF80220DD7164
:10E648009DF8003043F002038DF800306846F3F778
:10E6580051F9002007B0BDE8304004B07047236886
:10E668001A786FF301021A700020F0E7F002002018
:10E6780030B41B498B7B4A7B0133DBB29A428B73E4
:10E688002CD1184B184A1B68126800249B1A174A89
:10E698008C7310689BB263F30F001060104604334C
:10E6A80050F8405D9BB263F30F0505600B6902F5F6
:10E6B800B06043B10288DBB263F3070202800C61E9
:10E6C80030BC0CF0B9BE02F6A412136802880133FC
:10E6D80003F0FF0363F307020280F1E730BC7047E1
:10E6E80044020020BC340120700200208034014123
:10E6F80005000000080001000C00020010000500E1
:10E7080013000600300007005700200086001F0095
:10E718000110080002100A0003100900041011007B
:10E7280005100B0006100C0007100D0008100E0055
:10E7380009100F000A1013000B1016000C1012001D
:10E748000D1010000E1017000F10180010101900EF
:10E7580011101A0012101B001310150014101400C9
:10E7680020101D0021101C0023101E0000000000B6
:10E7780010B50921044600200BF006FE68B31423E7
:10E788000373193B437300238373B4F85431A0F81F
:10E798001130B4F8563144F29022934281BF6FF0A1
:10E7A8006F03C3744223037598BFA0F8133094F81D
:10E7B800EE3088BFA4F856211B070FD56FF06F0302
:10E7C800C37342230374D4F8B03144F29022014653
:10E7D8005A802046FDF71CF8012010BD4823C3735A
:0EE7E80008230374D4F8B03140F64802EFE77E
:10E7F80070B505460C460BF081FE194B1A68194B8B
:10E808001B6893F851304BB1164B1B68002283F8F4
:10E81800512001240DF012F8204670BD2368B3F191
:10E82800FF3F1AD06968104800682E68864205D0F4
:10E83800914203D8002323600124EBE7501A834256
:10E8480003D8002323600124E4E79B1A0B442360C8
:10E8580028460CF041FC0024DCE70024DAE700BF7E
:10E868004434012010340120383401202DE9F843C4
:10E8780098461A4B1A4E1B68174693F9443032785B
:10E888009A4281460D4604DB0AF013FB0020BDE8DE
:10E89800F88307F10C000DF036FF04460028F5D088
:10E8A800A0F806900079678165F30100AD1065F363
:10E8B800830020713A46414604F10C000CF0B0FA8E
:10E8C800084BDB68002BE1D0204698470028DDD1B3
:10E8D8003378013333700120D9E700BFAC01002041
:10E8E800FC0000200001002070B588B006460191A8
:10E8F8000DF1030001A9002402940DF0C2FB03AA44
:10E9080001999DF80300FAF74FFD05AA034605464D
:10E918003146072007F0CDFE029055B9062203A91B
:10E9280002A80DF00DF805A80DF050FA284608B019
:10E9380070BD214602A80DF0D3FC214602A80DF0B7
:10E94800CFFC214602A80DF0CBFC214602A80DF011
:10E95800C7FC214602A80DF0C3FC214602A80DF011
:10E96800BFFCE0E730B589B005460191684601A9CA
:10E978000CF02CFE08220DEB020001A90CF0D6FFCA
:10E9880001A90DF102000CF021FE102201A90DEBE6
:10E9980002000CF0CBFFBDF80010002009F0ACFE1F
:10E9A800C0B9BDF800000BF02DFBA8B10368DB7DF2
:10E9B800012B13D004ABBDF80220BDF8000002A95A
:10E9C800F9F7E2FB04462846214607F0B9F9204644
:10E9D80009B030BD1224F6E70224F4E70C24F2E76C
:10E9E80010B51C4BDB799A0686B00C462FD51A4B0E
:10E9F8005B785B072BD512223E2101A80CF062FA46
:10EA08000B21009068460DF06BFC217868460DF0EC
:10EA180067FC617868460DF063FCA17868460DF0E4
:10EA28005FFC0622E11C68460CF08AFF617A6846A2
:10EA38000DF056FC062204F10A0168460CF080FF2E
:10EA48006846217C0DF04CFC01A80DF0BFF906B01A
:10EA580010BD00BF400100203801002073B51B4BDA
:10EA6800019006460093022201230C21EC20F8F7BE
:10EA780049F80DF043FAE0B9154D286831460430DD
:10EA88000DF064FC00B390F8F83093B990F8F940B1
:10EA98007CB92868314604300DF058FC2B680146D3
:10EAA800181DFDF767FC01200DF020FA204602B082
:10EAB80070BD0C24074B0093019401230022FF2111
:10EAC800EC20F8F71FF8F1E74224F3E760A9020108
:10EAD80098010020AC8E020173B51B4B00930222F3
:10EAE80001230D21EC20F8F70DF80DF007FAF8B91D
:10EAF800164B1D686C6823460BB9043510E093F873
:10EB0800F820AAB993F8F92092B91B68F4E7237C96
:10EB18002668F02B03D021462846FDF72BFC344607
:10EB2800002CF4D101200DF0E1F9204602B070BDAF
:10EB38000C24074B0093019401230022FF21EC20B1
:10EB4800F7F7E0FFF1E700BF98C002019801002045
:10EB5800AC8E020173B51C4B01910D46009304461F
:10EB6800012302229521EC20F7F7CCFF0C2D174E3C
:10EB780013D1D4F884311BB102212046FEF768FC7A
:10EB8800E26B336851781B6920469847294620462E
:10EB980002B0BDE87040F4F7E9BBD4F874311BB19A
:10EBA80000212046FEF754FCD4F87C311BB101212A
:10EBB8002046FEF74DFC3368052D94BFDB689B6843
:10EBC80020469847E2E700BFA4AB02019034012039
:10EBD80010B5046894F800310022D907C4F87021F0
:10EBE8000DD523F0010384F80031E36B84F8F92094
:10EBF80002211A702046FEF72BFC07F099FB94F8C7
:10EC080000319A071DD523F0020384F8003194F8E7
:10EC1800F930B3B1E36B5A6B32B193F83010022973
:10EC280002D12046FDF7AEF80C212046FFF792FFEF
:10EC38002046054A0221FFF75BFBD4F87001FEF776
:10EC4800A1FD002010BD00BF31EE00017FB51C4BB7
:10EC58001C68054674B3A3681A7A042A2ED11E6864
:10EC680030460AF0A9FEB8B10820F9F7FBFCC6F84F
:10EC7800B0012B6803602B79037130460CF0FBFF61
:10EC8800E0B907240F4B0093019401230022FF21D0
:10EC9800EC20F7F737FF0EE028682B7902908DF803
:10ECA8000C30052202AB0921304603F02DFB044647
:10ECB8000028E7D10024204604B070BD2468C9E7C5
:10ECC80068020020D28F020113B50388019304461D
:10ECD8001A4B0093EC20012302224E21F7F712FF72
:10ECE80020880BF08FF910B300686288D0F8B4312F
:10ECF8001A80A2885A80E2889A802289DA806289FA
:10ED08001A81A2895A8190F8E430112B11D10DF0A3
:10ED1800DDF880B907240A4B0093019401230022EF
:10ED2800FF21EC20F7F7EEFE204602B010BD0224CA
:10ED3800F1E70C24EFE70024F6E700BFF09D02019D
:10ED48008A950201184A194B11881279DA70184A03
:10ED5800A3F801101268114651F8020F586089880B
:10ED68001981117A1970918CD98292F826109972AA
:10ED780010490988D981104909881982518D928DC5
:10ED88005A820E4A99821268D2E91601C3E90A0129
:10ED9800114631F8080F897899761883D17AD97293
:10EDA800127B1A73704700BF8A0100206837012060
:10EDB800A80100209401002088010020AC01002057
:10EDC80010B592B041F20D03ADF80030012314786C
:10EDD8008DF8043053888DF81D0043EA4413ADF8CC
:10EDE800063013798DF808301346002853F8054F7C
:10EDF800CDF809409B88ADF80D30D37A8DF81630E0
:10EE0800134608BF002153F80C4FCDF817409B88D4
:10EE1800ADF81B30B2F81330ADF80F30937C8DF895
:10EE28001130B2F81530ADF812306846138BADF8D2
:10EE38001430089108F066FB12B010BD10B50368D5
:10EE48000C788878CA78497886B0B9B9CDE90202D1
:10EE58001B7C0193154B0093022201236521EC20B2
:10EE6800F7F750FE124B0093022301941A468321B0
:10EE7800EC20F7F747FE002006B010BD196DCDE96C
:10EE88000302342302FB0313EC209A7C02F03F02B6
:10EE980002921B7D5B0901330193064B009302220A
:10EEA80001236621F7F72EFEDCE700BFF63E0201DC
:10EEB800383F0201153F020152433A4164645265EA
:10EEC8007120507265656D70742030782530327805
:10EED8002C7072696F726974793A25642C70657246
:10EEE800696F646963616C3A25642C636C6B3D30AF
:10EEF80078253034780052433A4164645265712071
:10EF08004E6F726D616C203078253032782C7072BB
:10EF1800696F726974793A25642C20706572696F1B
:10EF2800646963616C3A25642C636C6B3D307825A9
:10EF38003034780038B5054609F06AF8856004462B
:10EF480006F05CF995F850300022012B174B22602F
:10EF58001A6823D195F8511002EBC101D1F88C1130
:10EF6800616095F8511002EBC102D2F88C2114604F
:10EF780095F851101A6802EBC102C2F88C4195F855
:10EF880050201B68134493F8F821013283F8F821C4
:10EF980001232B70BDE838400AF082BAD2F8F42178
:10EFA800626014601A68C2F8F441E8E76002002061
:10EFB800F8B506460C200F460DF0A5FB0446C8B16F
:10EFC8000025856005604560067238460DF09BFB9C
:10EFD800206078B129463A460CF066FD0C200DF009
:10EFE80092FB054660B920680DF08FFB204605F0BE
:10EFF80003FE03E0204605F0FFFD00252846F8BD86
:10F00800043E084B6360012E846002D8204607F056
:10F0180061FA00232B60044B5A686A6015605D60D2
:10F028002546EBE75B9A010168020020012970B5CB
:10F0380006460D4603D9FF2923D000202CE00846B8
:10F0480005F06AF90728F8D803B203EB4302134B1B
:10F0580003EB420332681A60B2889A80294600F0AE
:10F06800EFFB0522092313FB00230D4A31681344E3
:10F0780000EBC00419601444B188998025710120FF
:10F088000AE0084B9B78DB07F9D4084605F044F9F9
:10F0980007288CBF0020012070BD00BF003301414C
:10F0A80014370120C834012038B51B4B1B4C1B6892
:10F0B8001B4D13F0100F1AD0236823F0730323603D
:10F0C800236843F00C032360032008F0D4FB2B686B
:10F0D80023F073032B602B6843F00C032B6005208F
:10F0E80008F0C9FB0520BDE8384008F0C4BB2B6810
:10F0F80023F073032B602B6843F00C032B60032071
:10F1080008F0B9FB236823F073032360236843F0F6
:10F118000C032360E3E700BF283A0141283A014184
:10F12800203A014130B5C4B285B0012C019222D0F9
:10F138001CB1022C2CD000241AE001A902A80BF063
:10F148008AF801A903A80BF086F8039B9B040FD546
:10F1580001200AF071FD4FF6FF710446012008F006
:10F1680037FE214601200AF079FDFBF7B5FB04467E
:10F17800204605B030BD084D0024204601342946FC
:10F18800E4B20BF01BFB082C05F10605F5D1D2E71C
:10F1980002480CF0FDFBCEE748310120E83301209E
:10F1A80038B590F86C301C4D13F0200304462CD071
:10F1B80009F0CFFF2B4694F8F51053F8602F61F350
:10F1C80007021A601A6894F8F61061F30F221A60A1
:10F1D8001A6894F8F71061F317421A601A6894F8DD
:10F1E800F81061F31F621A602B4694F8F91053F86F
:10F1F800642F61F307021A602B6843F000732B60D9
:10F2080094F821000430C0B238BD2A6863F359620B
:10F218002A6090F82100F7E73034014173B50446BD
:10F22800019168460D4601A90CF0D0F901A90DF12C
:10F2380002000CF0CBF9BDF80230019A062B1AD85F
:10F24800DFE803F00B040B190D111500114B1B68B7
:10F258001B68BDF800102046984702B070BD0D4BE2
:10F268001B689B68F5E70B4B1B685B68F1E7094B6C
:10F278001B68DB68EDE7074E336829465B69204663
:10F2880098470128E9D0336829461B6920469847E2
:10F29800E3E700BF0403002070B51D4B91F845401B
:10F2A8001A6864F30C221A601A68047864F3050279
:10F2B8001A601A681C466FF34D3244F8042B1A463C
:10F2C800468852F85C5F66F30F0515600D6C256083
:10F2D80091F84450194651F8084F65F304040C603E
:10F2E80019686FF3C7111960196841F04001196076
:10F2F80019684C06FCD419684900FCD51268C2F399
:10F30800054242711B68C3F30563037170BD00BFFA
:10F318005434014170B50D4616460446B0B34FF05B
:10F32800006190F850000AF0E7F900212046FAF74A
:10F33800B9FD1DB9637843F0100363702378A58085
:10F34800042B01D0012B15D1637843F002036370BD
:10F35800204600F039FA20460AF030FE94F85000B2
:10F368004FF000710AF0C8F920460021BDE870404E
:10F37800FAF798BDA37843F00103A37036B120468D
:0EF3880000220421BDE8704004F0D6BB70BD29
:10F3980070B4174A00211170516091601173117493
:10F3A8005161916111771348134B5863134C9C6357
:10F3B8005C6944F081345C61114C1C6440F209447E
:10F3C800048083F8451001251570032483F84D4007
:10F3D8000C4E1E6540F60906068283F85510157412
:10F3E80083F85D4040F602721A8070BC704700BF17
:10F3F80018320120F8310120004000413832012044
:10F4080040052000400420001B4B1B7D002B31D001
:10F4180010B5194A93685168184A127E12F0010F04
:10F4280015D0994213D9154913484A6802F00702C2
:10F43800012A026814BFD25C32F813208A620133B1
:10F4480044680A7E12F0010F01D09C42EDD80A4AA6
:10F45800936052689A420CD8074B00221A755A607A
:10F46800064A01211175DB681BB1034B1869DB687B
:10F47800984710BD704700BF18310120000C0040AC
:10F4880030B587B00546019102A801A90CF0F9FD35
:10F4980001A90DF109000CF0F4FD01A90DF10A0014
:10F4A8000CF0EFFD01A90DF10B000CF0EAFD019B3A
:10F4B800DA7813441B798DF814309DF80830282B1E
:10F4C8009DF80A302CBF12240024082B9DF80B301D
:10F4D80003F1FF3328BF1224032B0BD81CB902A851
:10F4E800FBF7E6FC0446284621460BF0F8FC2046CC
:10F4F80007B030BD1224F6E773B51A4B1A4E0190C7
:10F50800022204460093EC2001230D460021F7F760
:10F51800F9FA3068214604300CF018FF0246A8B109
:10F528003068214604300CF011FF012280F8402099
:10F538002A68C0F8412090F8F840AA88A0F8452029
:10F548006CB1022109F0E8FF002408E0074B0093A2
:10F55800422401940123FF21EC20F7F7D3FA204637
:10F5680002B070BD8F8E020198010020AC8E02019E
:10F5780001292DE9F04105460F460BD019B10229A2
:10F588000FD0BDE8F08110F1C8060DD1002385F831
:10F59800B430F6E710F1D00606D1002385F8C43060
:10F5A800EFE7C66B343607D0346854B9012FF4D06E
:10F5B800002FEBD0022FE4D1EB6B002283F8302030
:10F5C800DFE7A068D4F800800DF09FF8D4E90023A5
:10F5D80042B15360D4E9002320461A600DF095F833
:10F5E8004446E2E77360F5E7434D443A5365744592
:10F5F800787453636E506172616D2C706879733DD5
:10F6080025642C66703D25640053434E3A314D2CD9
:10F61800747970653D25642C696E74766C3D30781C
:10F6280025782C77696E3D307825780053434E3A1B
:10F63800436F6465642C747970653D25642C696E2C
:10F6480074766C3D307825782C77696E3D30782556
:10F6580078004552523A7374617475733D2564009D
:10F66800F7B5037B002B90F82C3014BF0427012733
:10F67800012B054611D190F82D4074B980F82D3032
:10F68800BC420DD3124B0093EC2001230222C2216D
:10F69800F7F738FAA86CFBF75DFC002003B0F0BD63
:10F6A80034262B6D14FB06F633441B6B6BB1094BE8
:10F6B8000093EC20012301940222C121F7F722FADA
:10F6C8002B6D1E44306BFBF745FC0134E4B2D7E7E1
:10F6D8001CA1020107A10201F8B5194E34680746BA
:10F6E8005CB3FF20F8F7BEFF054650B9154B1A78F2
:10F6F8001ABB01221A7014491448BDE8F840F5F7FE
:10F7080089B9627B2169284605F09EF92A46617B02
:10F718003846F0F703FD88B109480CF09AFA237BC4
:10F7280043F00403237304F0B7F93468002CE8D1DC
:10F73800284607F017FE002CD8D1F8BD0124F7E7BA
:10F748000002002037350120A086010014020020A5
:10F7580052433A436C656172526571204E6F726D07
:10F76800616C203078253032782C73746174653D73
:10F7780025642C636C6B3D30782530347800524317
:10F788003A436C656172206120636F6E74696E75AF
:10F7980065205265710052433A436C656172526547
:10F7A8007120507265656D707469766520307825B2
:10F7B8003032782C73746174653D25642C636C6BEE
:10F7C8003D30782530347800F8B51C4E90F850203C
:10F7D800336803EBC2030546D3F80C42F4B105F0D5
:10F7E8000DFD276809F05CFEA3689D4224D105F051
:10F7F80005FDD4E90032BBB15A60D4E900231A6090
:10F8080095F850203368134493F81C22013A83F882
:10F818001C2209F045FE204606F03EFE284600213F
:10F82800BDE8F840FDF742BD95F85010336803EB8A
:10F83800C103C3F81022E0E73C46CFE7600200208E
:10F8480007280CD8DFE800F0040C12181E242A3010
:10F85800184BD3F8642F61F31042C3F8642F704734
:10F86800144BD3F8642F61F35142F6E7114BD3F8E8
:10F87800642F61F39242F0E70E4BD3F8642F61F3E3
:10F88800D342EAE70B4BD3F8642F61F31452E4E751
:10F89800084BD3F8642F61F35552DEE7054BD3F8D4
:10F8A800642F61F39652D8E7024BD3F8642F61F3C3
:10F8B800D752D2E70024014107280BD8DFE800F02F
:10F8C800040B11171D23292F184BD3F8643FC3F3DA
:10F8D80000430B707047154BD3F8643FC3F34043A4
:10F8E800F7E7124BD3F8643FC3F38043F1E70F4BBC
:10F8F800D3F8643FC3F3C043EBE70C4BD3F8643F42
:10F90800C3F30053E5E7094BD3F8643FC3F340530F
:10F91800DFE7064BD3F8643FC3F38053D9E7034BC3
:10F92800D3F8643FC3F3C053D3E700BF00240141B9
:10F93800438B222B04BF23238376428B40F223136D
:10F948009A420AD122238376164B1A8842F0030280
:10F958001A801A8842F0100212E0837E122B12D00D
:10F9680004D8112B4FF0010006D07047222BEBD0A2
:10F97800232B0ED0012070470A4B1A8860F301022E
:10F988001A8000207047074B1A88022161F3010290
:10F99800F6E7044B1A8842F003021A801A886FF3BC
:10F9A8000412EDE7C034014110B586B010F0FF0F26
:10F9B8000C46019225D101A903A80AF04CFC01A923
:10F9C80004A80AF048FC01A905A80AF044FC059916
:10F9D8008B0511D5226892F8B83043F0080382F8F5
:10F9E800B8300E4BD3F81C2110020DD5D3F82421C2
:10F9F80042F48022C3F824214B0502D52068EBF796
:10FA08004BFD002006B010BDD3F81C21D201F3D560
:10FA1800D3F8242142F40022ECE700BF002401417E
:10FA280070B504461646856B026C5AB903681BB15B
:10FA380000200135A56370BD8068FDF74DFA0023ED
:10FA4800A360F6E76EB940680BF0EAF96368226CC8
:10FA580013446360A268934219D3236863603046F5
:10FA6800E7E7C0680BF0DCF9226C5242E368134404
:10FA7800E36021688B4202D2A3681A44E260022E36
:10FA880001D00020D5E725B1013D0020D1E730465F
:10FA9800CFE70020CDE730B587B00546019102A831
:10FAA80001A90BF093FD01A90DF10A000BF08EFDE1
:10FAB80001A903A80CF0E5FA01A90DF10D000CF05D
:10FAC800E0FA01A90DF10E000CF0DBFA062201A9FB
:10FAD8000DF10F000BF02AFF01A90DF115000CF034
:10FAE800D0FA01A90DF116000CF0CBFA02A808F023
:10FAF800AFF8044618B902A8F6F734FE04462846BB
:10FB080021460BF0ECF9204607B030BD00282ED076
:10FB180010B40446184B1B7D5BBB174B186059602B
:10FB280001221A755868154B1B7E13F0010F13D06C
:10FB3800A8B1002311494A6802F00702012A14BF3C
:10FB4800E25C34F813208A6201330A7E12F0010F56
:10FB580004D09842EFD102E0002000E01846064B9E
:10FB680098600120054B98755DF8044B704700209C
:10FB780070470020F8E700BF18310120000C004052
:10FB880010B5184A0221044601200BF029FB16483B
:10FB98000CF034FB15480CF037FB15480CF03AFB19
:10FBA80020460BF069FE00F09BFE05F029FE08F0E8
:10FBB80067F80AF0C3FC0BF073FE0AF019F80BF0B3
:10FBC8008DFE08F0A5F809F0DFFB0AF0C7FC06F087
:10FBD800E1FE0BF06FFE0BF077FEBDE810400BF076
:10FBE80087BE00BF299201016DB80201B5BD0201AF
:10FBF800C5BD02011FB51A4BDB799A060C462CD5F8
:10FC0800184B1B79DB0728D509223E2101A80BF0E8
:10FC180059F92121009068460CF062FB217868466A
:10FC28000CF05EFB618868460CF060FB2179684641
:10FC38000CF056FB617968460CF052FBA1796846D6
:10FC48000CF04EFBE17968460CF04AFB6846217AD5
:10FC58000CF046FB01A80CF0B9F804B010BD00BFC9
:10FC68004001002038010020114A1248002310B535
:10FC78001360114A1360114A1360114A13600CF0A3
:10FC8800B9FB10480CF0CEFB0F4B104A1A61104A12
:10FC98005A621049104A9A6201200CF063FB00F086
:10FCA8003BF9044608B901F0B3FB204610BD00BF7C
:10FCB800B0010020513A0201B8010020B40100202F
:10FCC800AC34012091FF01017831012045EE01019A
:10FCD8008912020169AC02013D420201114B10B5C3
:10FCE80000241C70104B1C70104B1C70104B1C60B7
:10FCF800104B1C600CF0F0FB0F4B1048C3E900439D
:10FD08000CF084FB0E480CF0ABFB0E4903200CF002
:10FD180029FB0D480CF022FC0C4903200CF012FCC6
:10FD2800204610BD3D3501203C3501203B350120E2
:10FD3800C4340120C0340120D4330120A5BF0201FE
:10FD48000D4B0001CDAE00019D4F0201B1F901013B
:10FD580070B51B4A048E1368418E64F30F03136059
:10FD68001368144661F31F4344F80839134653F8DF
:10FD78000C1D6FF34D3119601146B0F85C6051F8F5
:10FD8800505F66F30F050D601D6845F080051D6026
:10FD9800056C256090F8444052F8040D64F30400A3
:10FDA80010601A6842F040021A601A685006FCD4C3
:10FDB8001A685200FCD50868C0F3054070BD00BF42
:10FDC8006034014170B5037813F0010618BF0626A8
:10FDD80013F0020518BF06259A0813F0100418BF7F
:10FDE800032402F0020213F02000C3F3801343EA55
:10FDF800020303F1020333441D4418BF12202C44AC
:10FE08004B7A2044C0B253B10930C0B20B790A2BE7
:10FE180009D00ED30D2B0CD8C043C0B270BD022838
:10FE280008BF0120F2E70B6893F84730063B032B25
:10FE3800F1E70020F2E7F8B50C461F4606461546DE
:10FE48000AF0ACFB40F6C4139C421BD003F2E24319
:10FE58009C4219D040F2E2418C420CBF042100219F
:10FE6800B5F5AB7F1CD011D8A5F1FA035A425A4117
:10FE7800B38A052F01EB830108BF01F1FF31891A0D
:10FE88000844F8BD0821EBE70C21E9E7B5F5517FF7
:10FE980008D040F2E66295420CBF06220022E7E74E
:10FEA8000222E5E70322E3E710B5194BDB799A064E
:10FEB80086B00C4624D5174B1B789B0622D50B22FF
:10FEC8003E2102A80AF0FEFF0621019001A80CF0CD
:10FED80007FA218801A80CF009FA618801A80CF03A
:10FEE80005FAA18801A80CF001FAE18801A80CF034
:10FEF800FDF901A821890CF0F9F902A80BF066FFB9
:10FF080006B010BD1A21208801F056F9F8E700BFA5
:10FF1800400100203801002038B554210120FFF7A6
:10FF280047F8154B186028B30568144B4360002444
:10FF3800A8602C7385F82F40AC6485F82C403420D9
:10FF48000CF0E1FB4FF480332865047080F82440FE
:10FF580080F82D40C4850463C5F80E30084BC5F8F9
:10FF680012300123204685F82E3006490CF07EFA1F
:10FF7800204638BD0720FCE7B0010020E15302010C
:10FF88001300100081380101184B1A6802B1126879
:10FF9800174B1B6803B11B681649086800B1006855
:10FFA80042B192F82C10012904D1D27B02F0FD0253
:10FFB800012A15D043B193F82C20012A04D1DB7B08
:10FFC80003F0FD03012B0DD078B190F82C30012BF4
:10FFD8000AD1C07B00F0FD00431E584258417047CB
:10FFE800104670471846704700207047B00100203F
:08FFF800B8010020B401002053
:020000040102F7
:100000002DE9F041174D40F243180B270026164CFE
:100010002068E919272238440AF006FF206838448E
:10002000FCF77CF82368114A3344925DDA70236848
:1000300005EB0802434411681960013692889A80E2
:10004000082E07F1270708F10608E0D123682A786F
:100050001A7068780AF0C6FB2368AA789A70BDE81F
:10006000F08100BF4C350120B80200204F3501203F
:1000700037B5C46B0546207E012803D0022811D075
:1000800003B030BDAB68009305226B4613498DF871
:10009000040000F098FEEB6B5B8A06336383022357
:1000A0002376EDE7628B638A9B1A9BB24FF6FF7251
:1000B0009342E5D12346094953F81C2FC4F8062082
:1000C0001B79A372AB68009300256B4605220120C3
:1000D0008DF8045000F077FE2576D1E7020001018B
:1000E00038B590F8F430194C13F00203054628D0C7
:1000F00009F033F8234695F8FA1053F8842F61F38A
:1001000007021A601A6895F8FB1061F30F221A6053
:100110001A6895F8FC1061F317421A601A6895F88E
:10012000FD1061F31F621A60234695F8FE1033F844
:10013000882F61F307021A80236843F080632360ED
:1001400038BD226863F39A622260F9E730340141D6
:1001500010B5044686B01822002168460BF0A8FCB2
:100160002468002384F8023194F8F93023B3E36B58
:100170005A6B32B193F83010022902D12046FBF7B6
:1001800005FE0C212046FEF7E9FC9DF80030D4F86E
:10019000700123F0600343F060038DF80030D4F861
:1001A000543104936946D4F8503105930BF0E8F8C4
:1001B000D4F870010BF0BEFA002006B010BD524317
:1001C0003A505F666C673D3078253038780052438E
:1001D0003A7072693D25642C636C6B3D3078253034
:1001E00034780052433A4E5F666C673D3078253074
:1001F00038780052433A7072693D25642C636C6B09
:100200003D3078253034782C636F6E743D30005269
:10021000433A7072693D25642C636C6B3D307825E0
:0B0220003034782C636F6E743D3100A9
:10022C00184BDA6822F4E0621204120C42F0BF623E
:10023C0042F40032DA60BFF35F8F62B6E02183F8DC
:10024C002310114A82F8031308201060602082F8F2
:10025C0009034FF40070106082F80F134FF4004143
:10026C0011605A6A42F480225A625A6942F01002B2
:10027C005A615A6A42F400325A625A6A42F4803223
:10028C005A62704700ED00E000E100E030B58BB041
:10029C0003790593C378049383780393437802938B
:1002AC0003780193114B0093044602231A468D21C7
:1002BC00EC20F6F725FC2068237908908DF8243083
:1002CC00002507AB09220A490795022000F075FDAD
:1002DC00C4B23CB1074B00932A4601238E21EC207B
:1002EC00F6F70EFC20460BB030BD00BFA048020153
:1002FC0002000100CC48020108B5114901200BF0A5
:10030C00CBFD104902200BF0C7FD0F4909200BF063
:10031C00C3FD0E490A200BF0BFFD0D490C200BF05C
:10032C00C3FD0C480BF0ECFF0B480CF007F80B4826
:10033C000CF034F80A480CF021F9002008BD00BF7D
:10034C0017C7020111390201D9EB01015101020158
:10035C0085B7000111C4010171AD0101499502017C
:10036C00F948010110B504464181C3818281F8F737
:10037C00DDF9631EA11CAA2013F8012F42409942FB
:10038C001A71F9D10CF045F90C23B0FBF3F202FB16
:10039C001300627D0D4B053060F304021B6862751F
:1003AC00197B61F3471262756289092A0BD90821FE
:1003BC00502AE17128BF5022228153F8602F22610C
:1003CC001B79237510BD511EE171F5E7AC010020BE
:1003DC0030B5172185B00546002009F0D3FF04463F
:1003EC0050B30C2101A800F019FC01AB03CB05F5AF
:1003FC008572039BC5F80A015160C5F81A3129466C
:10040C000323237351F8FF3FC4F80D304B68C4F835
:10041C001130B5F80831A4F815301368C4F817304A
:10042C005368C4F81B30D5F81A31C4F81F3028466D
:10043C002146FBF7EBF9012005B030BD30B5174D67
:10044C0002682B68C3F802208288DA802B680122AC
:10045C0089B01A721B6C0446984710B12B68DB6B81
:10046C00984700231A460E49022000F0A6FC637937
:10047C00069323790593E3780493A3780393637825
:10048C00029323780193074B0093022201231A2134
:10049C00EC20F6F735FB002009B030BDA801002098
:1004AC0002070100987E020113B5174B009302223C
:1004BC0001232321EC20F6F723FB0CF017F820B9CD
:1004CC0003F074FF002002B010BD104C23685B6C6D
:1004DC00984760B923689B6C984740B92368DB6CDC
:1004EC00984720B923681B6D98470028E8D00C2446
:1004FC00074B0093EC20019401230022FF21F6F717
:10050C00FFFA2046DFE700BF28C60201A801002041
:10051C009AB2020137B5174B174C01900093054660
:10052C00012302222721EC20F6F7EAFA23685B6C00
:10053C009847A0B923689B6C984780B92368DB6CFB
:10054C00984760B923681B6D9847044638B9012D4C
:10055C0008BF28460AF040F9204603B030BD0C24F1
:10056C00064B0093019401230022FF21EC20F6F7A7
:10057C00C7FAF1E722A90201A80100209AB20201F0
:10058C00F8B50E46074615460BF014FA002811462E
:10059C0030460CBF0024092405F06EFEF8B9BCB936
:1005AC00104B20460A2200BF02FB00F131F803C0B9
:1005BC00BCF5706F0ED15A180331178096700B442E
:1005CC002A681A60AA889A80074A13780133137034
:1005DC002046F8BD01300828E6D11F24F8E70B248B
:1005EC00F6E700BF783001203335012037B50546DA
:1005FC000C4606F039FB38B3022C144B20D0032CDC
:10060C0020D0012C01D100221A731D7002251D71FE
:10061C0004F07AFE0E4B0093044601232A467B21FC
:10062C00EC20F6F76DFA44B10A4B009301940123C8
:10063C000022FD21EC20F6F763FA204603B030BD12
:10064C000122E1E70422DFE70724F6E74402002059
:10065C0064A70201BB85020100B593B041F20E0301
:10066C00ADF800308DF8041009B13E291ED1838AF3
:10067C00ADF806308389ADF80830034653F80E2FD9
:10068C00CDF80A209B88ADF80E3090F830308DF8FC
:10069C001030038BADF81230837F5B0968468DF800
:1006AC00143006F02DFF13B05DF804FB0023CDF8D9
:1006BC000630CDF80A30ADF80E308DF81030ADF8AC
:1006CC001230EBE7FF282DE9F84F80468A46174693
:1006DC004FF00005144B05D11570987800F001000F
:1006EC00BDE8F88FD3F80090104E680029FA00F09E
:1006FC0000F00304012C5FFA85FB0CD10622514655
:10070C00701D0AF07DFB30B93379434503D187F86E
:10071C0000B02046E4E70135082D06F10906E4D1C6
:10072C0007233B700020DBE7C8340120143701207D
:10073C0010B518490346006808609A889B798A802E
:10074C008B7131F8043C43F0020321F8043C51F85E
:10075C00083CC3F38073A1F57762C3B1486A11F802
:10076C00081CC0F302608340DB43DBB2194082F803
:10077C00681F094A11680C7823400B7027234343E8
:10078C0010680B33184404F003FE002010BD022047
:10079C00FCE700BF70330141B802002084B013B5F0
:1007AC0005AC84E80E000B4603280CD8DFE800F0FB
:1007BC000213191E124A1279022A4FF00001184630
:1007CC0006D1EDF7EBFD02B0BDE8104004B0704768
:1007DC00ECF7D0FBF7E70A4B00201861F1F788F82B
:1007EC00F1E70021184608F00BFBECE70023009121
:1007FC00019308226B460349012000F0DEFAE2E780
:10080C0044020020000801010F2A38B505460C46A9
:10081C0026D190F8E43013BB3020F7F721FFC5F850
:10082C00B401E0B1B4F801300383B4F8033043836E
:10083C00B4F805308383B4F80730C383637A80F847
:10084C00203063894384A3898384E389C384238A06
:10085C000385638A4385A38A8385E38AC38538BD70
:10086C0090F8E230112B01D0032BF8D1D5F8B00160
:02087C00D7E7BC
:1008800008B5174B93F82C30CBB1154BDA691B6ABE
:10089000934214D2124B986A124A916A1B6A5268A8
:1008A00002F00702012A0E4A926914BFD15422F8BD
:1008B000131001330A4A1362D2699A4200D008BD6C
:1008C000074B002283F82C20DA61064A8421117537
:1008D0005B6A002BF3D0024B5B6A9847EFE700BFDF
:1008E00018310120000C004008B511480BF038FD0C
:1008F000104B4FF0FF3041F6FF71C3E900010E4B82
:1009000000210020C3E900010C4B0D490122C3E97D
:1009100000120C4B0C4A1968914205D1002100F6D7
:10092000034019600AF0DFFA084B00221A7008BD74
:10093000D58602014001002030010020380100204E
:100940001F000080B037012054535248FC000020A3
:10095000202837B5054628D80AF0FAF8144A042D9D
:1009600098BF136812689DBF1B68B3FA83F35B09D5
:10097000012302EBC302146844B12168116001B97C
:1009800052601BB1237943F04003237109F08EF9C3
:1009900044B9084B00930195052322460321EF201B
:1009A000F6F7B4F8204603B030BD0024FAE700BFE4
:1009B0006C3401200CB9020125292DD8DFE801F0A3
:1009C0001313132C1F2C13132C132C1313132C2C55
:1009D00013132C132C132C13132C2C2C2C2C132C06
:1009E0002C2C2C2C131390F8F2305A0714D56FF3DB
:1009F000820380F8F23000F5AE70F5F743BEC37D98
:100A000053B990F8F230054943F0040380F8F2300E
:100A100000F5AE70F4F702B8704700BF005A6202EA
:100A200037B5164B01681B681A46F2E916459965F9
:100A300001791171D3E9160202F01F01A94208BF22
:100A4000A042C3E9160117D006F02CFD04460C4B5A
:100A50000093022201231F21EC20F6F757F844B13E
:100A6000084B0093019401230022FD21EC20F6F7AE
:100A70004DF8204603B030BD0024E8E7AC0100206B
:100A8000109602012896020130B5164D8BB0042154
:100A900007202C68FEF790FA2B6820641A6CFAB1D4
:100AA000114951601A6C13681A60104A09920024A7
:100AB00048F6B802CDE90422CDE906444FF440627D
:100AC0002968009203941B68089348316846F2F73E
:100AD00039FE2B68986CFCF759FE20460BB030BDF0
:100AE0000720FBE7AC01002025540201C170020180
:100AF000037803F00F03072B1CD8DFE803F004078B
:100B00000B1B0D1B091113234B8070471523FBE7AB
:100B10001223F9E71023F7E74B8843F00803F3E7C4
:100B20008378C3F38113DAB2012A0BD05BB223B10D
:100B3000022A0BD04FF6FF73E6E78B7E002BE3D043
:100B40000423E1E78B7E2BB10523DDE78B7E0BB120
:100B50000623D9E74A80704770B50E4690F83710E3
:100B600040F2E24304464B43B2B12033C0F88C302C
:100B70000025204601F07EF84FF49C73B0FBF3F2A1
:100B800003FB1203C4E92032E37D73B90236642308
:100B90002667C4F88C3070BD058F03F282230035C0
:100BA000C0F88C3018BF0125E3E7D4F88C3040F250
:100BB0007222761B02FB05352667C4F88C50EAE7E3
:100BC00037B5164B01900093022201236921054697
:100BD000EC20F5F79BFF0BF095F90446D8B92946B0
:100BE0000F480BF059FC58B190F85430022B12D139
:100BF0000AF095FD01200BF07DF9204603B030BDD1
:100C00004224084B0093019401230022FF21EC2091
:100C1000F5F77CFFF1E70C24F3E700BF1CB00201FD
:100C2000D4330120B5AA020170B505460E4604F082
:100C3000E9FA134BB3F8A04544F00104A3F8A0452A
:100C4000B3F8A04544F00204A3F8A045D3F8A025CA
:100C50009207FBD432460B4928460AF0E5F80A49C8
:100C60000A4A0023D058C8500433102BFAD1138CF1
:100C70006FF300031384BDE8704008F015BC00BF9B
:100C80000024014190290141983701208029014128
:100C900010B5184A047802F58453596964F30F219A
:100CA00059615969447864F31741596159698478E5
:100CB00064F31F61596102F58453C478996964F340
:100CC000070199619969047964F30F219961996920
:100CD000447964F3174199619969847964F31F61D8
:100CE000996102F58453C1799A8B61F307029A8363
:100CF00010BD00BF0024014108B590F89920012AD9
:100D000001D0002008BD90F8CD20002AF9D1B0F81C
:100D1000F02040F207139A42F3D102F043FBC3786C
:100D2000DB06EED504210230F4F704FF0028E8D0FA
:100D300090F90030002B4378807800F01F0043EAE0
:100D40000020ADBFC0EB00104FF4967310FB03F012
:100D5000400044F25063984294BF00200120D1E744
:100D600037B505460191684601A90AF033FC01A98F
:100D70000DF102000AF02EFCBDF80010002007F073
:100D8000BFFC28B9BDF80210072007F0B9FCB0B1CC
:100D90001224BDF8000009F039F990B134B9BDF85A
:100DA0000210BDF8000000F03DFA04462846BDF8E8
:100DB0000020214608F0FCFE204603B030BD04466A
:100DC000E7E70224F2E72DE9F041074690B20E462C
:100DD00015469846FFF7BCFD044628B30279C68045
:100DE000330E63F30202330C0271437125B12A46BC
:100DF000414608300AF018F8032F15D8DFE807F04D
:100E000002080C10204606F0B7FF0020BDE8F08174
:100E1000204608F00DFBF8E7204606F0C5FFF4E792
:100E2000204608F019FBF0E71F20EFE7434D443A56
:100E3000536574457874416476506172616D2C73AA
:100E4000657449643D2564004144563A4578742CE4
:100E500065767442773D25642C696E74766C3D2509
:100E600064004144563A7072695068793D30782583
:100E70003032782C7365635068793D307825303294
:100E8000782C65767450726F703D307825303478E8
:100E9000000001020303040505060707070707080A
:100EA000EFF30980BFF36F8F154B1A681EF0100F18
:100EB00008BF20ED108A20E9F04F10602DE90900ED
:100EC0004FF0200080F31188BFF34F8FBFF36F8F77
:100ED000FAF78AF94FF0000080F3118809BC19680D
:100EE0000868B0E8F04F1EF0100F08BFB0EC108A91
:100EF00080F30988BFF36F8F704700BFAFF30080A6
:100F00001034012030B587B000230291054602A9B4
:100F10000DF1060003930BF0B8F8124B9DF8060094
:100F200093F9032090421BDB93F90230984217DCBF
:100F30000DF1070140B205F0F5FD0446234604AA71
:100F40002946022005F0B9FB9DF80710039003A87D
:100F50000BF0CAF904A80AF03DFF204607B030BDE7
:100F60001124EBE78A01002030B587B000230291FD
:100F7000054602A90DF1060003930BF086F8124B0B
:100F80009DF8060093F9032090421BDB93F9023091
:100F9000984217DC0DF1070140B205F0DFFD044671
:100FA000234604AA2946022005F087FB9DF8071076
:100FB000039003A80BF098F904A80AF00BFF204651
:100FC00007B030BD1124EBE78A01002037B5054694
:100FD00001910DF1020001A90AF0FCFA01A968468D
:100FE0000BF053F801A90DF101000BF04EF8BDF81C
:100FF0000210002007F084FBB0B9BDF8020009F030
:1010000005F898B19DF801209DF80010BDF8020088
:10101000F4F784FB04462846BDF80220214608F078
:10102000C7FD204603B030BD1224F4E70224F2E7E6
:101030001FB5164BDB799A060C4624D5144B1B784A
:101040005B0720D50A223E2101A809F03FFF0321BA
:10105000009068460BF048F9217868460BF044F997
:10106000618868460BF046F9A18868460BF042F9A2
:10107000E18868460BF03EF9684621890BF03AF9A1
:1010800001A80AF0A7FE04B010BD00BF4001002077
:101090003801002010B5164BDB799A0686B00C4655
:1010A00024D5144B1B785B0620D50B223E2102A8C9
:1010B00009F00CFF0721019001A80BF015F9218818
:1010C00001A80BF017F9618801A80BF013F9A188AA
:1010D00001A80BF00FF9E18801A80BF00BF901A8AA
:1010E00021890BF007F902A80AF074FE06B010BDC2
:1010F000400100203801002030B587B0054601913D
:101100000DF1020001A90AF065FA01A902A8102256
:101110000AF010FCBDF80210002007F0F1FAB8B98F
:10112000BDF8020008F072FFA0B10368DB7D012B5F
:1011300012D102A9BDF80200FCF752FE044628466F
:10114000BDF80220214608F033FD204607B030BD2F
:101150001224F4E70224F2E70C24F0E7144B70B5F4
:101160004FF00072134C144EC3F8842123681BB94E
:10117000BDE870400AF044B809F0EAFC25682B6825
:10118000236003B9646008F091FD01236A7933702C
:101190000A4B284653F82230984795F90430002B23
:1011A00002DB284606F0FCF800233370DEE700BFC0
:1011B00000E100E0700100204F2F0120BC3301202E
:1011C00030B585B0154B0093CDE9010105460C46BD
:1011D000EC20012302224F21F5F798FC284608F065
:1011E00015FFA8B1006890F8E430112B12D1214608
:1011F00008F034FE80B90724094B009301940123C1
:101200000022FF21EC20F5F781FC204605B030BD1F
:101210000224F1E70C24EFE70024F6E71479020139
:101220008A9502017FB5164B0093CDE90101054671
:101230000C46EC20012302225A21F5F767FC2846D0
:1012400008F0E4FE88B106682146304609F07FFECA
:10125000054658B9A6F850416408A6F852413046F0
:1012600005F065FA284604B070BD0225054B0093D1
:10127000019501230022FF21EC20F5F747FCF1E75F
:10128000467902018A950201F8B50668337B00248D
:10129000A342B46414BF04270127BC4212D3706A6E
:1012A00018B106F063F800237362002386F82F302C
:1012B000B38502F0CDFB18B902210846FDF79CF872
:1012C0000020F8BD336D342504FB0535E86918B1FD
:1012D00006F04CF80023EB610023013485F824303C
:1012E0002B7085F82D30EB85E4B2D6E770B58CB065
:1012F000134B0B9300230993124E079103F27123B2
:1013000006930123029331680F4B08901B680A93E0
:101310000546383102A8F2F715FA044618B93368C1
:10132000986BFCF733FA094B0093019501230222D5
:10133000D421EC20F5F7EAFB20460CB070BD00BFCD
:10134000D13C0201F0020020F402002037BB020170
:1013500013B50C4608F05AFE28B3036893F84020F2
:10136000227093F84120627093F84220A27093F8A3
:101370004320E27093F84430237100240B4B009318
:10138000022201233521EC20F5F7C0FB44B1084BC4
:101390000093019401230022FD21EC20F5F7B6FB18
:1013A000204602B010BD0224E8E700BFC1A402013C
:1013B000D2A402012DE9F0410646174600EBC20512
:1013C000B94227DAD5F800C04C1E06EBC1031868F5
:1013D000A0EB0C02520209D5013406EBC402D2E99B
:1013E000008E106058685060C3E9008E08339D423B
:1013F000EDD1631C06EBC303D3E9000C2A681A6025
:101400006A685A60C5E9000C22463046FFF7D2FFF1
:10141000A11CD5E7BDE8F081114A002310B5137077
:10142000104A1360104A1360104A1360104A136088
:10143000104A01201380937019460133DBB2082B48
:101440001071D08011725172C2F80A10D18102F16C
:101450000C02F2D1084901200BF078F8002010BDF1
:1014600046350120EC340120F0340120F434012011
:10147000F8340120B42F01205D5B000108B5144A47
:10148000136823F400731B041B0C138078B900BF8E
:1014900009F0A8F86FF4E173C3189BB2942BF7D945
:1014A000A0F2134080B29428F2D9FDF701FE04F0B7
:1014B000EBFB084B00221A60074B084A1B681168B7
:1014C0001B78C3F3C00363F34D31116008BD00BF47
:1014D000243F0141F8020020F00200203838014189
:1014E00010B5154A154C137843F002031370237995
:1014F000D90610D4124A138843F40043138009F02C
:10150000ABFF022006F0BBF909F0DCF9237963F0A8
:101510000F03237110BD5A0605D409F0C3F92379CE
:1015200043F04003F5E71B06F4D409F0CBF9237927
:1015300063F07F03EDE700BF48350120440200203F
:101540006C38014152433A53746172745265712090
:10155000507265656D7074203078253032782C704B
:1015600072696F726974793A25642C636C6B3D30D3
:1015700078253034780052433A537461727452655E
:1015800071204E6F726D616C203078253032782C6E
:101590007072696F726974793A25642C636C6B3D63
:0715A000307825303478009B
:1015A80038B5E3F70CFA0446E0F7E2FAACB900B94B
:1015B80038BD012009F047FD0546012005F006FF6A
:1015C80004462946012009F07DFF002CF0D0012CAB
:1015D80013D10120E0F7F0FA0FE0012009F033FD04
:1015E8000546012005F0F2FE04462946012009F0CF
:1015F80069FF002CDCD0E3F7E9F9002005F0E6FEEE
:10160800D6E730B587B00546009101A869460AF0CB
:1016180038FD69460DF105000AF033FD69460DF104
:1016280006000AF02EFD69460DF107000AF029FDB3
:101638009DF80620009BBDF804108DF80E2003A825
:101648009DF807200293ADF80C10ADF81020059313
:10165800EBF7DEFE04460146284609F040FC20462A
:1016680007B030BD30B587B00546009101A869467E
:101678000AF007FD69460DF105000AF002FD69460A
:101688000DF106000AF0FDFC69460DF107000AF0AD
:10169800F8FC9DF80620009BBDF804108DF80E207C
:1016A80003A89DF807200293ADF80C10ADF81020A0
:1016B8000593EDF7AFFA04460146284609F00FFCFA
:1016C800204607B030BD37B5054601910DF102003F
:1016D80001A909F07BFF01A90DF101000AF0D1FC75
:1016E8009DF80130013B032B18D8BDF802100020EB
:1016F80007F002F8A0B9BDF8020008F083FC88B131
:101708009DF80110BDF80200F4F78AFB044628464C
:10171800214604F015FB204603B030BD1124F6E73E
:101728001224F4E70224F2E7434D443A5365745017
:101738006174684C6F73735265706F7274696E6709
:10174800506172616D2C48646C3D307825782C6846
:1017580069676854687265733D25642C68696768B1
:10176800487973743D25642C6C6F7754687265737F
:101778003D25642C6C6F77487973743D25642C6D16
:10178800696E54696D653D2564004144563A4C4C78
:10179800204348432C43684D61703D253032785FC3
:1017A800253032785F253032785F253032785F25F2
:1017B800303278004144563A4F4F4D284C4C204324
:1017C800684D6170205570646174652043684D618F
:1017D800703D253032785F253032785F2530327899
:0B17E8005F253032785F25303278003A
:1017F40000B58BB003792BB1012B0FD0012007F07A
:1018040075FD08E004238DF8043000220DEB03017C
:101814000E4809F0ECFF0BB05DF804FB83681B78FD
:1018240083B900208DF8040001238DF805308DF86C
:1018340006008DF807008DF8080001AA052101F0C3
:1018440025FFE8E7012007F051FDE4E754000020FC
:10185400F8B5164B03EB00135B7B0BB90120F8BD05
:1018640015460E4604460C200AF0FAFE0746D8B187
:1018740086808560012009F0E8FB00233B600B4B68
:1018840003EB04139A6817609F609B7B012B05D0C0
:101894000021012009F018FE0020E0E7034800EBD6
:1018A400041008F071F9F3E70120D8E7680000207C
:1018B400F8B50746087910F003040D4626D10B301D
:1018C4000AF023FF06462879063023463246394675
:1018D400C0B204F0F0FE2A79D5F800C0920823467D
:1018E40022B930460AF074FA2046F8BD0CEB8301A5
:1018F400013A0D68C5540F68C5183F0A6F704F88C8
:10190400AF70C978E9700433DBB2E9E70124EBE78F
:1019140030B5154BDB799B0693B00D4622D5134B9E
:1019240093F90030002B1DDA42223E2101A809F070
:10193400CBFA2C460090082168460AF0D3FC14F830
:10194400011B68460AF0CEFC20222146684609F0B5
:10195400F9FF6846202205F1210109F0F3FF01A8EF
:101964000AF036FA13B030BD4001002038010020DF
:1019740037B5054601910DF1010001A90AF083FB79
:1019840001A90DF102000AF07EFB01A90DF103008B
:101994000AF079FB9DF801009DF802109DF80320E0
:1019A40010F0F80418BF122411F0F80F18BF122415
:1019B40012F0F80F0AD114B907F008F904462846C2
:1019C400214609F08EFA204603B030BD1224F6E712
:1019D40010B5164BDB799B0686B00C4624D50C2239
:1019E4003E2102A809F070FA2321019001A80AF00F
:1019F40079FC217801A80AF075FC618801A80AF035
:101A040077FCA18801A80AF073FCE18801A80AF018
:101A14006FFC218901A80AF06BFC01A861890AF016
:101A240067FC02A80AF0D4F906B010BD40010020FA
:101A340073B50C4616461D4608F0E6FAF8B1611E69
:101A4400C9B2006809F016FC0E4B307093F90130EE
:101A54002B7000240C4B0093022201235221EC2012
:101A6400F5F752F844B1094B009301940123002285
:101A7400FD21EC20F5F748F8204602B070BD0224A1
:101A8400E8E700BF8A010020448502016185020164
:101A940000B593B041F20303ADF8003090F8F23092
:101AA4008DF804106FF3000380F8F2300388ADF86A
:101AB4000630D0F8B03189B9D0F8B42190F8E210EA
:101AC400112918BF13469A8A1B690293ADF80C209A
:101AD400684605F019FD13B05DF804FB5A88ADF8AB
:101AE40008209A88ADF80A20DB88ADF80C30EFE7BF
:101AF40013B5154B019004460093EC2001230222F8
:101B04008021F5F701F8204608F07EFAA8B10068B4
:101B140090F8E430213B012B11D807F0C7FD80B9C0
:101B240007240A4B0093019401230022FF21EC2097
:101B3400F4F7EAFF204602B010BD0224F1E70C24BA
:101B4400EFE70024F6E700BFDCAB02018198020155
:101B5400BD1A3CCDA6B8995899B740EB7B60FF4AB3
:101B6400503F10D2E3B3C974385FC5A3D4F6493FDC
:101B7400E69D350E480103CCDBFDF4AC1191F4EF86
:101B8400B9A5F9E9A7832C5E2CBE97F2D203B02045
:101B94008BD28915D08E1C742430ED8FC2456376A8
:101BA4005C15525ABF9A32636DEB2A65499C80DCFE
:101BB40030B5134D2C78012C95B017D101F0F4FAFF
:101BC400B8B9104B5B8802222A706BB90E4B009394
:101BD400EC202346B421F4F797FF41F2110302A845
:101BE400ADF8083005F090FC06F09CF9002015B023
:101BF40030BD00231A4605490320FFF7E2F8F5E754
:101C0400B43201207832012009C602010501010124
:101C140037B5144D2B786C781BB1012B15D003B05C
:101C240030BD013C012CFAD806F064F90E4B01904A
:101C34000446009302220123C521EC20F4F764FF3B
:101C4400002CECD101232B70E9E7002CE7D1074AE3
:101C54000092C6210222EC20F4F756FF09F0B8FEE8
:101C64002C70DCE7BC010020587F0201757F020163
:101C740038B50146C07D30B391F82A0009F01EFB47
:101C8400114B1B680246187B09F018FB4D8F10445A
:101C9400684340F2E24404FB00F20C4CB2FBF4F063
:101CA40004FB102404B101304B7E212B40F271233C
:101CB40003FB05F308BF00F28D10A3F196029042D6
:101CC40028BFA3F1970038BDAC01002040420F00AB
:101CD400F8B50568EC680646284600F06BFE14B1BA
:101CE400204609F059F9696829B10C6808460AF0D8
:101CF4000EFD2146F8E7A86869600C4628B107681C
:101D040001340AF004FD3846F8E7A8601CB1A1B21A
:101D1400284607F079FE04F00DFB3046F9F74EFF34
:101D2400288804F035FF3046BDE8F84002F066BF6D
:101D34002DE9F041134D40F243174FF00B080026F4
:101D4400114B1C68272204EB080105EB080009F07D
:101D540069F8A31908F12708DA780C4B9A55E219A7
:101D6400EB1911681960013692889A80082E07F1E0
:101D74000607E5D123782B7063786B70A378AB707A
:101D8400BDE8F0814C350120B80200204F35012018
:101D9400F0B587B00F4602AC014601A81D461646B1
:101DA40001940AF0ABFA394601A80AF0A7FA3146C1
:101DB40001A80AF0A3FA294601A80AF09FFAA90586
:101DC4000AD50A4BD3F81C21120203D4D3F81C31D0
:101DD400DB0101D5F8F77EFE234610224FF4813152
:101DE4000020FEF7EEFF07B0F0BD00BF0024014164
:101DF40037B50468A36F1B0405461AD403F000FA30
:101E0400A36F43F40043A36707F04CFBD4E9241306
:101E140020465B1AD9B20AF003F9D4F89030019540
:101E24005B1AC4F89030042201AB08490120FEF784
:101E3400C8FF237D3BB103F0E3F9A36F43F0806354
:101E4400A36707F02FFB03B030BD00BFA10401015D
:101E54007FB5002302AA0146092004F02CFC0021CE
:101E6400019001A80AF03EFA01A800210AF03AFA0A
:101E740001A800210AF036FA01A800210AF032FA7A
:101E840001A860210AF02EFA01A800210AF02AFA1A
:101E940001A800210AF026FA002101A80AF022FA7A
:101EA40002A809F095FF002007B05DF804FB30B5E7
:101EB40085B0054603910DF1050003A90AF0E3F886
:101EC40003A90DF1060009F083FB03A902A809F098
:101ED4007FFB03A90DF10A0009F07AFBBDF8061097
:101EE400052911D9BDF80820052A0DD9BDF80A30F5
:101EF4009DF80500F2F7DAFB04462846214608F06F
:101F0400F0FF204605B030BD1224F6E730B587B0A7
:101F14000546029101A802A909F05AFBBDF8041074
:101F2400002006F0EBFBBDF8040008F06DF80DF19D
:101F34000601BDF8040001F065F803AA034604464F
:101F44002946052004F0B7FBBDF80410029002A84E
:101F54000AF0CEF9BDF8061002A80AF0C9F903A8E0
:101F640009F036FF204607B030BD7FB5002302AA32
:101F74000146092004F09FFBFF21019001A80AF00B
:101F8400B1F901A8FF210AF0ADF901A8FF210AF077
:101F9400A9F901A8FF210AF0A5F901A8FF210AF077
:101FA400A1F901A803210AF09DF901A800210AF072
:101FB40099F9002101A80AF095F902A809F008FF8F
:101FC400002007B05DF804FBF7B5054601910DF15B
:101FD400020001A909F0FCFABDF80210002006F085
:101FE4008DFB0746B8B9BDF8020008F00DF80646A7
:101FF400B8B1BDF80200FBF73FFB1A2804460BD129
:102004003946284603F09EFE2146306804F050FD10
:10201400204603B0F0BD12242146284603F092FE68
:10202400F6E70224F8E737B5054601910DF1020001
:1020340001A909F0CDFA01A90DF101000AF023F874
:10204400BDF80210002006F059FB0028BDF802007C
:102054000CBF0024122407F0D7FF88B13CB93B2100
:10206400BDF802008DF80110FFF7A8F804462846D1
:10207400BDF80220214607F099FD204603B030BD8B
:102084000224F4E710B588B004461822002102A8FF
:1020940009F00CFD0DF1020101A807F02BFABDF8BF
:1020A4000220019B110423F07043019348BF03F104
:1020B400FF3304939DF8083058BFADF80C2023F08B
:1020C4000C0348BF02F2E24243F00C0302A920468B
:1020D40048BFADF80C208DF808300AF009FB08B0B1
:0220E40010BD2D
:1020E8001FB5144BDB799A060C4620D5124B9B780A
:1020F8009B071CD506223E2102A808F0E3FE122108
:10210800019001A80AF0ECF8217801A80AF0E8F893
:10211800617801A80AF0E4F8618801A80AF0E6F8F5
:1021280001A821790AF0DCF802A809F04FFE04B0F2
:1021380010BD00BF400100203801002037B505461A
:1021480001910DF1020001A909F040FA01A90DF170
:10215800010009F096FFBDF80210002006F0CCFA45
:102168000028BDF802000CBF0024122407F04AFF23
:1021780080B134B99DF80110BDF80200FBF7EAFD03
:1021880004462846BDF80220214607F00DFD2046EA
:1021980003B030BD0224F4E730B5144BDB799A065E
:1021A80087B00D461FD5124B1B78DB061BD50D22B9
:1021B8003E2102A808F086FE2C460190052101A8C0
:1021C8000AF08EF834F8021B01A80AF08FF80822EA
:1021D800214601A809F0B4FB01A869890AF086F82C
:1021E80002A809F0F3FD07B030BD00BF4001002090
:1021F800380100201FB5144BDB799A060C4620D510
:10220800124B5B781B071CD506223E2102A808F05A
:1022180059FE0C21019001A80AF062F8217801A862
:102228000AF05EF8618801A80AF060F8217901A82F
:102238000AF056F801A861790AF052F802A809F0E4
:10224800C5FD04B010BD00BF4001002038010020CA
:1022580030B585B00546009101A8694609F011FF1F
:1022680069460DF1060009F0B1F9694602A809F0BE
:10227800ADF969460DF10A0009F003FF69460DF151
:102288000B0009F0FEFE002301A88DF80C3007F0C2
:102298008FF8044618B901A8F8F7B8FD044628468F
:1022A800214608F01CFE204605B030BD38B590F830
:1022B800E43004460D4633BB0C20F6F7D3F9C4F8D6
:1022C800B401B5F801300381D4F8B431B5F803206E
:1022D8005A81D4F8B431B5F805209A80D4F8B431CD
:1022E800B5F80720DA80D4F8B431FB221A8094F8C4
:1022F800EE3013F0080FD4F8B43114BF44F2902232
:1023080040F648025A8038BD2DE9F84390F8AC51A0
:102318000646894617469846EDB90C200AF0F3F9A7
:10232800044640B17FB138460AF0EDF9A06020B903
:1023380020460AF0EAF9072511E02560D6F8A83109
:102348001C60C6F8A84184F804903A464146A06843
:1023580008F066FD03E0022380F8AC31002528462A
:10236800BDE8F88313B5124B124C009302220123E7
:102378001C21EC20F4F7C6FB23685B6D984758B91D
:1023880023689B6D984738B92368DB6D984718B95F
:10239800094B186002B010BD0C24084B0093EC20C8
:1023A800019401230022FF21F4F7ACFB2046F1E75A
:1023B80090B20201A8010020C83401209AB202019B
:1023C800154B0178D3F8B02F61F31742C3F8B02F3B
:1023D800D3F8B02F417861F31F62C3F8B02FD3F858
:1023E800B42F817861F30702C3F8B42FD3F8B42F60
:1023F800C17861F30F22C3F8B42F0179D3F8B42F51
:1024080061F31742C3F8B42F4179D3F8B42F61F3BD
:102418001F62C3F8B42F7047002401412DE9F04131
:1024280086B00E460546014602AC01A81F469046F6
:10243800019409F061FF314601A809F05DFF4146AA
:1024480001A809F059FF394601A809F055FF3305DD
:1024580006D52D68AB6F013302D106F0EFFAA867F5
:102468002346102203490020FEF7A9FC06B0BDE868
:10247800F08100BF0003010084B01FB507AC84E8F9
:102488000E000B46032809D8DFE800F0020D141AE5
:102498000B9B009394E80F0005F0AAFE04B0BDE87A
:1024A800104004B070470B9B009394E80F0007F0AE
:1024B8009BF9F3E700221221184608F0A5FFEDE783
:1024C800039103AB042202490120FEF778FCE5E7FB
:1024D800130401010E4A38B5002313600D4A0E4C4F
:1024E80013600E4A0E4D13600E4A13600E4A1360B5
:1024F8000E4A5362136101239360FBF7A6FBFBF7B7
:10250800A4FBAC4200D338BD54F8043B9847F8E725
:1025180018350120D430012034030001D0300120C7
:1025280038030001C8300120CC300120D830012008
:1025380010B588B0044603910DF10A0302AA0DF103
:10254800060101A806F056FB002304AA214609202B
:1025580004F0AFF8BDF80410039003A809F0C6FE14
:10256800BDF8061003A809F0C1FEBDF8081003A8BD
:1025780009F0BCFEBDF80A1003A809F0B7FE04A8CC
:1025880009F024FC002008B010BD30B587B005461E
:1025980002910DF1060002A909F018F80DF10502E3
:1025A80001A9BDF80600FBF7A3FF03AA03460446EA
:1025B8002946052004F07DF8BDF80610029002A80F
:1025C80009F094FE9DF8041002A809F089FE9DF810
:1025D800051002A809F084FE03A809F0F7FB2046BD
:1025E80007B030BD37B5054601910DF1010001A9CD
:1025F80009F047FD01A90DF1020009F042FD01A90A
:102608000DF1030009F03DFD9DF801009DF8021051
:10261800282801F1FF3334BF00241224022B0CD8E0
:1026280024B99DF80320FDF7E3FF04462846214618
:1026380008F055FC204603B030BD1224F6E7455299
:102648005221617574507472206E6F742076616CBB
:1026580069640053434E3A6175784F6666736574D2
:102668003D256C752C2063684964783D25642C20D1
:102678006175785068793D25640053434E3A636C20
:102688006B55313D3078256C782C20636C6B553256
:072698003D3078256C78004D
:1026A00038B504461D4631B101291BD00023036013
:1026B0004FF0FF301FE0012B01D900201BE0032267
:1026C0000021012001F07BFB206080B1012D0ED1A3
:1026D00000231A461946F0F735F8012814BF0020E8
:1026E000012008E01946104607F0E5F82060206850
:1026F000003018BF012038BD08B5144B9B7DF3B1E5
:10270000124A137EDBB2927D12F0800F18D10F4A6D
:10271000137EDBB2927D12F0010F04D013F0010F93
:1027200001D0FCF775FE094A137EDBB2927D12F0F0
:10273000040F04D013F0040F01D0FEF7A1F808BD78
:1027400013F0800FE3D004F049F8E0E7000C0040FC
:1027500070B582B00190846CA26BE36B9A4203D394
:102760000025284602B070BD94F8456076B200227C
:1027700001A92046FDF758F90546B6F1FF3F0AD1F9
:10278000636A002BEDD004F12400F5F711FA00285C
:1027900018BF0125E5E709F011FD8642E1D20136B7
:1027A00076B284F84560DCE737B5054601910DF156
:1027B000020001A908F00EFF01A90DF1010009F0C6
:1027C00064FCBDF80210002005F09AFF0028BDF857
:1027D00002000CBF0024122407F018FC70B134B9B9
:1027E0009DF80110BDF8020000F08EF8044628465E
:1027F000214603F0A9FA204603B030BD0224F6E7D3
:1028000030B58BB0054602910DF1060002A908F023
:10281000E1FE04A9BDF80600FEF79AFD044630B1BA
:102820000146284608F05FFB20460BB030BD03464A
:1028300006AA2946082003F040FFBDF806100390C1
:1028400003A809F057FD03A8052204A909F07CF8A4
:1028500006A809F0BFFAE7E710B5134BDB799A0633
:1028600086B00C461ED5114B1B781B071AD50C22BF
:102870003E2102A808F02AFB042101900DEB010083
:1028800009F032FD217801A809F02EFD618801A828
:1028900009F030FD01A80822211D09F055F802A811
:1028A00009F098FA06B010BD400100203801002060
:1028B00030B5114991F90420824209D091F90230D2
:1028C000834203DB91F90330834202DD9A4201D156
:1028D00030BD0346094A0A4C10780A4DE289181A9D
:1028E00045FA80F022F03F02007E1204120C0243EF
:1028F000E2810B71ECE700BF8A0100209401002007
:1029000000600141189D020130B585B0124B009363
:10291000CDE9010105460C46EC2001230222572196
:10292000F4F7F4F8284607F071FB88B121460068F7
:1029300009F081F970B90724084B00930194012331
:102940000022FF21EC20F4F7E1F8204605B030BD6D
:102950000224F1E70024F8E79A9902018A9502011E
:102960007FB5134B0190CDE9021204460E46154681
:10297000009302223021EC200123F4F7C7F82A4605
:102980003146204608F054FC78B90A4B5C71344457
:102990002A0604EBD4744FEA640454BF6D428022CB
:1029A0009C71DE7154BF1D721A7204B070BD00BFFD
:1029B000E69902018A01002000B5836FDA0693B020
:1029C00020D4027E422A12D190F829308DF80830A6
:1029D0000522ADF8002000228DF804200288ADF811
:1029E0000620684604F092FD13B05DF804FB412A0E
:1029F0000AD01B040AD590F8E230032B0CBF162333
:102A00000823E3E73D23E1E71623DFE73E23DDE785
:102A10002728F8B506460F4615461C461ED8072A35
:102A20001CD8013B032B19D804F024F9C0B1032CA6
:102A30000C4807D0042C0FD0022C14BF0023012314
:102A4000037300E00473012346708770C57003713F
:102A5000BDE8F84002F05EBC0223F1E71220F8BDA9
:102A60000720FCE74402002037B50546D0F888402F
:102A7000D0F8CC0001A908F08FFC0198EB7D400A4A
:102A8000C4F31604A0428ABFC0F50000241A24181B
:102A9000012B09BF084B09481868C0F30E0002BF9C
:102AA0004FF49C73B0FBF3F00130A04234BF002020
:102AB000012003B030BD00BF6C380141FFFF3F0073
:102AC00010B503460C46BAB990F8012172B990F8D6
:102AD000FF1059B9002C14BF0122022280F80121F5
:102AE000D0F86C01224618B108F065FA002010BD3C
:102AF0000146D3F86801F7E7D0F8001111F0FF1193
:102B0000F4D1002C14BF0122022280F802212246B7
:102B1000D0F87001E8E710B5C37D04461BBBD0F8C0
:102B2000B031B0F85C101A88A0F846205A88A0F896
:102B300048209A88A0F84A20DA88A0F84C201A8900
:102B4000A0F84E209981598859815968C3F80E1010
:102B50005A8201F082FD08B9002010BD082384F8D4
:102B6000E2300120F9E702F0AFFFF4E7F8B5069C88
:102B7000054624B32079E1800F0E67F3020020712F
:102B8000080C607122B1194604F1080008F04CF9F4
:102B9000032D14D8DFE805F002070B0F204605F0DF
:102BA000EBF80020F8BD204606F042FCF9E720468D
:102BB00005F0FAF8F5E7204606F04EFCF1E71F2095
:022BC000F0E73C
:102BC400F0B58BB006460D4699B900248DF8044043
:102BD40004238DF805308DF809608DF80A50CDF87E
:102BE4000D4000220DEB0301094808F000FE0BB074
:102BF400F0BD1746084609F033FD04460028F6D018
:102C040000238DF804302A46394608F00BF9DFE733
:102C140054000020114B124A1A604FF650429A8118
:102C24004FF440325A601A46D369002BFCD10B4A48
:102C3400136843F002031360D369002BFCD1094BE2
:102C440000229A61DA611A6283F82C205A621A60AF
:102C54005A609A601A75DA60DA857047000C004091
:102C6400840110401831012000B583B00023019382
:102C7400032200924FF400720B490C48ECF7E2FA7D
:102C8400012800D0FEE70A4B01930123009300239F
:102C94004FF4806207490848ECF7D4FAFAF764FC69
:102CA40003B05DF804FB00BF84BD02018959020131
:102CB4000000002088BD02017DC602011FB5124B31
:102CC400DB799A060C461DD5104B9B785B0719D50A
:102CD40009223E2101A808F0F7F813210090684664
:102CE40009F000FB2178684609F0FCFA617868462F
:102CF40009F0F8FA68460622A11C08F023FE01A890
:102D040009F066F804B010BD40010020380100202D
:102D140008B542F20803984216D00133984215D000
:102D2400033B984214D00433984213D0033B984297
:102D340012D07533984211D10523094A02EBC3031B
:102D44005B689847012008BD0023F6E70123F4E7F8
:102D54000223F2E70323F0E70423EEE70020F2E77F
:102D6400B87C02011FB5134B5B781B070C461ED5BC
:102D740008220C2101A808F0A7F8217800906846E1
:102D840009F0B0FA6188684609F0B2FA2179684618
:102D940009F0A8FA0222611D684608F0D3FD6846CE
:102DA4000222E11D08F0CEFD01A809F011F804B0DB
:102DB40010BD00BF400100201FB5124BDB799B06FC
:102DC4000C461DD5104B93F90330002B18DA05225D
:102DD4003E2102A808F078F82021019001A809F00A
:102DE40081FA218801A809F083FAA17801A809F0E1
:102DF40079FA01A8E17809F075FA02A808F0E8FF69
:102E040004B010BD400100203801002008B542F292
:102E14001D03984216D00133984215D016339842B8
:102E240014D0153B984213D01433984212D048332F
:102E3400984211D10523094A02EBC3035B68984702
:102E4400012008BD0023F6E70123F4E70223F2E79B
:102E54000323F0E70423EEE70020F2E7487D0201B4
:102E64004B0705D0CB1D23F007030844C01A1946AD
:102E74000B4B002219605A600B18083B23F0070320
:102E84000848C3E900225A1AC1E900320360064B1C
:102E94001A60064B1A60064B4FF000421A607047E6
:102EA400B433012064340120603401205C340120F7
:102EB4005834012037B5124B0093022201230A2112
:102EC4000546EC20F3F720FE09F01AF8044640B951
:102ED400012009F00DF840F272632B80204603B004
:102EE40030BD4FF6FF732B800C24064B00930194E6
:102EF40001230022FF21EC20F3F706FEEEE700BFDA
:102F040000B60201AC8E020110B590F8FC30044604
:102F14007BB9D4F8C830ABB9D4F8D00088B194F8F0
:102F2400C430022B03D101212046F8F72DFF0020E5
:102F340007E0002380F8FC30074B1B689847002803
:102F4400E7D010BD94F8B430022BE5D1002120461F
:102F5400F8F71AFFE0E700BF8C34012010B50E4CDF
:102F64000E49002008F0A4FF2146012008F0A0FF2C
:102F74000B49022008F09CFF0A49032008F098FF3F
:102F84002146042008F094FF074809F0D5F90748C2
:102F940009F020FA002010BD1DCD0001598C00015C
:102FA400D18800019D210101DD25010125A6020131
:102FB40037B5114B00930222012310210546EC2062
:102FC400F3F7A2FD08F0A4FF044648B90B4B93F9AC
:102FD40000302B70012008F083FF204603B030BD81
:102FE400FF210C24064B0093297001940123002235
:102FF400EC20F3F789FDF0E72CB602018A010020EA
:10300400669902017FB506460D4606F0FDFFE0B164
:103014000368B3F850312B8000242B88CDE9016379
:103024000B4B0093022201235921EC20F3F76CFD92
:1030340044B1084B0093019401230022FF21EC20AA
:10304400F3F762FD204604B070BD0224E5E700BF3B
:10305400727A02018A95020110B523210446FBF716
:1030640089F908B3D4F84431D87D08F089FCFF28E5
:1030740011D0D4F8443193F919207E2A12D094F84F
:10308400E220062A0CBFFF2200225A772046BDE820
:103094001040EFF737B9202220462321BDE8104025
:1030A40001F020BC1E22F7E7012010BD70B50321FA
:1030B4000546002007F06AF9044600B3172303739A
:1030C400D5F8B41195F843310A784978134095F846
:1030D400422183730A40427301462846F8F79AFB5B
:1030E400EE7D012E0AD1D5F8B431B5F860201A81ED
:1030F400617B2846FAF7B4FEA5F86000012070BD94
:1031040030B50D2185B00546002007F03FF904468F
:10311400F0B10C2101A8FDF785FD01AB03CB05F54A
:103124008972039BC5F812015160C5F81E3104234E
:1031340023731368C4F80D305368C4F81130D5F8FC
:103144001E31C4F8153028462146F8F763FB0120E8
:1031540005B030BD38B500240F4B05462146242266
:103164000E48C3E9004308F0A1FC0D4B0D4A1C6056
:103174000121084608F036F82869F4F73BFC00F012
:103184003DF8F1F76DF901F03BF907F0E9FD6868E6
:10319400BDE8384003F088BD68020020D03101202A
:1031A400A4340120C149020137B5104B1B681868CB
:1031B400FCF758FA0E4B0190044600930222AC210E
:1031C4000123EC20F3F7A0FC0A4B1B681868FCF7FA
:1031D40049FA094B00930546019401230222AD21CB
:1031E400EC20F3F791FC284603B030BDB801002071
:1031F40078550201B4010020985502010C4B0D4A88
:103204000D4910B51A600D4B00241C600C4B1C704A
:103214000C4B07201C7009F0A7F80B4B1822214611
:10322400184608F043FC094A8260204610BD00BFDE
:10323400E001002080841E0041650001D8010020C7
:10324400E4010020DC010020C0010020010102078C
:1032540013B5114B0093022201236C21EC20F3F7E8
:1032640053FC08F04DFE044658B90C4B1B78012B57
:1032740007D009F039F9012008F03AFE204602B0DF
:1032840010BD0C24064B0093019401230022FF215E
:10329400EC20F3F739FCF1E708C102013F350120C6
:1032A400B5AA020138B5044618B34FF0806190F80E
:1032B400500006F023FA6378002523F012036370AC
:1032C400A5802046FBF756F994F85330012B237858
:1032D40008BF84F85350012B0BD1064B1B68D3F85D
:1032E400082232B9214694F85000BDE8384009F06C
:1032F400FCB938BD60020020124B02460068186019
:103304009188927999809A7133F8041C41F00201F2
:1033140023F8041C53F8080CC0F3807080B15B6A76
:10332400C3F30263084A11680A781944C97830B1B2
:1033340022FA03F010F0010018BF81F00100704779
:103344000023EFE770330141B802002030B5D0F814
:10335400DC20FAB1D0F8D830E3B10F490F480C881B
:103364000168121B92B262F31F41016001464232AE
:1033740051F8085F92B262F31F450D6002681B1B8F
:103384009BB263F30F0202600A68FF339BB263F3DC
:103394000F020A6030BD00BF7002002048340141B2
:1033A40090F8CD20124BD0F8940082B9D3F8203194
:1033B400821CC3F30743013BDBB2FF2B00D17047F0
:1033C400127802F03F0203321044821CF3E7D3F870
:1033D4002031821CC3F30743013B13F0FF0300D1E8
:1033E4007047127802F03F0203321044821CF3E764
:1033F4000024014138B5002006F020FC05460120D8
:1034040006F01CFC4FF6FF710446002004F0E2FCB9
:103414004FF6FF71012004F0DDFC4FF6FF7102202E
:1034240004F0D8FC45F4F04189B2002006F018FC01
:1034340044F0100189B2012006F012FC3021022070
:10344400BDE8384006F00CBC70B5002006F0F6FB71
:103454000646012006F0F2FB0546022006F0EEFBCC
:103464004FF6FF710446002004F0B4FC4FF6FF71E0
:10347400012004F0AFFC4FF6FF71022004F0AAFC17
:103484003146002006F0ECFB2946012006F0E8FB5B
:1034940021460220BDE8704006F0E2BB134A137BCC
:1034A400032B21D8DFE803F00212161B9378DB000C
:1034B4005033F93340F27120B3FBF0F100FB1133C8
:1034C40003B10131002393735173704793789B00C8
:1034D4002C33EEE793781B0103F5E773E9E7937860
:1034E4009B0103F53473E4E70023E2E74402002080
:1034F400F0B5040B012C85B005460E4601D106F04B
:103504008BFBEFB20D4B0093C5F30325CDE90145C9
:103514000397042301220021EE20F3F7F5FA084B68
:1035240004F18044013C1B68324653F82430394688
:1035340028469847308005B0F0BD00BFCB85020116
:103544000435012030B597B01022002305460191BF
:103554000DEB020001A9039308F0EAF901A908A8F8
:10356400102208F0E5F90CAA08A904A804F000F850
:1035740010AA034604462946112003F09CF81022A1
:1035840003900CA903A808F0DDF910A808F020FCAA
:10359400204617B030BD30B585B0054603910DF116
:1035A400060003A908F06FFD03A90DF1070008F058
:1035B4006AFD03A902A808F00BF803A90DF10A009B
:1035C40008F006F8BDF80A30BDF808209DF8071089
:1035D4009DF80600E9F71CF904460146284607F061
:1035E40080FC204605B030BD2DE9F04104680E464C
:1035F400904625461DB1EA68424503D16D691CB960
:10360400BDE8F0812D68F5E7237A022B0ED8E36834
:1036140043450BD36069401B08F095F8237AE768AB
:10362400012B014604D01BB1022B01D02468E6E72C
:10363400304601F0BFFAF860F8E7F8B5082107460C
:10364400002006F0A3FE0446D0B108F0D5F90546E3
:10365400B8B10126C6714671D7F8B031C3600146CE
:10366400384609F021F82673D7F8B0311A68C4F83F
:103674000D201B79637438462146F8F7CBF83046A1
:10368400F8BD204608F0D8FF2846F9E7F8B5064605
:1036940017460C46D1B10F4B1B680846DB6B9847A5
:1036A40022463946054607F0BDFB0820FDF74EF9D2
:1036B40070B14268067202F0F801074A44720A4384
:1036C4004260C560BDE8F84005F0C4BE0D46ECE7B5
:1036D400F8BD00BF5801002001020400F7B50746F9
:1036E400087900250B300C46019509F00EF80646C2
:1036F400207906302B4632463946C0B202F0DBFF51
:103704000422019021460DEB020008F01BF92179F7
:1037140001A808F0E7FD2279216801A808F012F950
:10372400304608F055FB284603B0F0BD10B5114BE8
:10373400DB799A068AB00C461AD50F4B5B78DB0707
:1037440016D522223E2101A807F0BEFB09210090D4
:10375400684608F0C7FD14F8011B684608F0C2FD6E
:1037640068462022214608F0EDF801A808F030FB55
:103774000AB010BD400100203801002035200000AF
:10378400476F020136200000637701017F200000AB
:10379400B1640101372000000B160201382000003B
:1037A4006D1602013A200000BD68020139200000B4
:1037B400F9CF01013B200000F56802013C20000024
:1037C400699302013D20000067B5020137B5054643
:1037D4000191684601A908F056FC01A90DF1010008
:1037E40008F051FC01A90DF1020008F04CFC01A9FC
:1037F4000DF1030008F047FC9DF803309DF802200A
:103804009DF801109DF80000FFF700F904460146F9
:10381400284607F066FB204603B030BD00B5104AC9
:103824008BB01068516805AB03C39068D16803C3BB
:10383400117C1970D2F8113001930A4B0A4A1868A6
:1038440002909B88CDF80E0001A905A8ADF80C30B4
:10385400ADF81230F5F748FD0BB05DF804FB00BF7E
:1038640076B70201650100204801002010B5046804
:1038740094F8F8300BB900201CE0002384F80131DF
:103884000D4B1B685B688BB994F847102046FBF717
:1038940063F9D4F8680107F04BFFD4F87C31002BAE
:1038A400E9D0D4F86C0107F043FFE4E720469847D9
:1038B4000028E9D010BD00BF9034012030B585B098
:1038C400104B0093CDE901010123022205460C4669
:1038D400EC201121F3F718F908F01AFB0A4B38B160
:1038E40018682946043008F033FD30B9422007E057
:1038F4001868F021043008F02BFD80F8FE40002009
:1039040005B030BD488302019801002037B50D7819
:103914000468012D11D10F4B009302222B469B21E9
:10392400EC20F3F7F1F8E36B1D700122002120462F
:10393400FFF7C4F8002003B030BD074B0093022208
:1039440001239C21EC20F3F7DFF8E36B00221A70CB
:10395400EBE700BF10460201354602011FB5114BCB
:103964000093022201234621EC2000240394F3F760
:10397400CBF806F005FA024650B103A800F036FC75
:10398400039B40F20122A3F8EA20204604B010BDB4
:103994000C24054B009301940123FF21EC20F3F741
:1039A400B3F8F2E78BB7020141AA020138B590F8E7
:1039B400E230112B05460C4601D0032B02D1D5F879
:1039C400B00130B995F8E430112B0FD1D5F8B4011A
:1039D40058B1637803736388C381A3880382E3883F
:1039E4004382238983826389C38238BD002BFCD13F
:1039F4003020F4F739FEC5F8B401E9E737B5104BC8
:103A0400104D019000930446012302223121EC2041
:103A1400F3F77AF82B685B6C984720B92B6883F826
:103A24002E4003B030BD0C24074B0093EC200194CE
:103A340001230022FF21F3F767F82046F1E700BFD6
:103A44004FAA0201A80100209AB20201104B1A6881
:103A540002B112680F4B1B6803B11B680E4908685A
:103A640000B100681AB192F82C20012A0BD01BB1C6
:103A740093F82C30012B08D040B190F82C00431E51
:103A8400584258417047104670471846704700BF67
:103A9400B0010020B8010020B401002038B5124C58
:103AA400002023687BB11A6872B9C4E900241A7A29
:103AB4005207A3F104050FD422681A6042B9626860
:103AC4005A601360636038BD54601A682260EEE780
:103AD4005C6023605360F6E7284603F0CBFD28467C
:103AE40008F015FE0120DCE73002002037B5114B49
:103AF4000093022201236D210546EC20F3F704F81C
:103B040008F0FEF9044640B9012008F0F1F908F084
:103B14001CFE2870204603B030BDFF210C24064B48
:103B240000932970019401230022EC20F2F7ECFFAA
:103B3400F0E700BF1FBD0201B5AA020170B5436FD3
:103B440088B004460E464BB103AD4AB1CDE903013A
:103B54002B46082206210220FDF733F908B070BD78
:103B64004FF4001190F8500005F0C8FD236F8DF854
:103B74001460CDE9033408AB13E903008DE80300B6
:103B8400022095E80E00646FA047E7E7F8B5104CF3
:103B9400104E2368104F3360002533686A00D34009
:103BA40003F00303012B0CD12246062303FB057308
:103BB40052F8051F196092889A802179E8B2FBF7C0
:103BC40041FE0135082D04F10904E6D1F8BD00BF1A
:103BD40014370120C834012000330141F8B5104CDA
:103BE400104D114F002226462B685100CB4003F0A4
:103BF4000303012B0CD1062303FB0273D0B2196813
:103C0400C4F805109B88A4F80930211DFBF756FE63
:103C14000132082A04F10904E6D12B683360F8BDA7
:103C240014370120C834012000330141114B0246EE
:103C3400006818609088927998809A7133F8040C1F
:103C440040F0020023F8040C53F8082C52000DD560
:103C5400094A5B6A12681278C3F30263DA4012F00D
:103C6400010F14BF002002200B70704702200023B4
:103C7400FAE700BF70330141B8020020F0B587B005
:103C84000F4602AC014601A81D461646019408F0F1
:103C940035FB394601A808F031FB314601A808F08C
:103CA4002DFB294601A808F029FB6B0442BF064BF3
:103CB40001221A704FF48031234610220020FDF7B0
:103CC40080F807B0F0BD00BF4335012084B01FB5B4
:103CD400022807AC84E80E000DD0032812D028B9BE
:103CE4000B9B009394E80F00F2F726FE04B0BDE8A6
:103CF400104004B070470B9B009394E80F00FAF750
:103D040079FCF3E7079B0393042203AB02490120E8
:103D1400FDF757F8EAE700BF03070101114B1A68E2
:103D2400100241BF1A4632F8241F41F008011180E5
:103D34001A68510241BF0C490A8842F004020A8001
:103D44001A68920241BF08490A8842F002020A80B6
:103D54001B68DB0241BF044A138843F0010313804C
:103D6400704700BF0C3A0141303A014138B504466E
:103D7400C56A03695B6A984740B90023AB6084F85D
:103D8400353004F1480002F031F938BDA26D1168F4
:103D940088420FD0516888420AD09268904208BF86
:103DA400022308D00023AB60012384F83530E8E710
:103DB400012300E000230133F5E770B5E8B10546BF
:103DC400A0FB0132E2B901FB00F010F14D0F19D84C
:103DD4000C464C30EFF78AFE064678B114B100F178
:103DE4004C0300E003463360F5633464012130463C
:103DF400F8F7A6FD0023B36400E00026304670BD4A
:103E04000026FBE70026F9E730B587B005460291A6
:103E14000DF1060002A907F0DBFB0DF10501BDF869
:103E2400060000F02FFA03AA03460446294604209C
:103E340002F041FCBDF80610029002A808F058FAFE
:103E44009DF8051002A808F04DFA03A807F0C0FF7A
:103E5400204607B030BD37B505460191684601A933
:103E640007F0B6FB0DF1020001A907F0B1FBBDF8A4
:103E74000000A0F11B03E02B12D8BDF80210A1F53D
:103E8400A4739BB244F24812934209D804F092F806
:103E940004462846214607F024F8204603B030BDE6
:103EA4001224F6E700F5997200F5857110B5044601
:103EB40000F59170F5F718FA04F1F5020023C4F83F
:103EC400F530137104F1FA02C4F8FA301371E17D8C
:103ED40041B903F07F0284F8FE2063F07F0384F885
:103EE400F93010BD63F07F0284F8FE2003F07F03F5
:103EF400F5E753434E3A436C6F73652C7068793D14
:103F040025642C636E743D25642C7469643D2564BA
:103F14000053434E3A7068793D25642C7365634EB3
:103F2400756D3D25642C636E743D25642C74696441
:103F34003D25640053434E3A43523D307825780082
:103F4400F0B58BB006460C46174600238DF80430B6
:103F5400084608F085FBA8B105462246394606F016
:103F640061FF02238DF80530ADF80960ADF80B4010
:103F7400CDF80D50002201A9034807F038FC0120B8
:103F84000BB0F0BD0020FBE75400002010B50F4B30
:103F94001A6842F47F021A601A6842F07F421A607B
:103FA4000024043B1C6000F0C5FB094B1C6007F0B7
:103FB4003DFC084A136843F04043136005F046F99A
:103FC400F7F710F906F08BFA204610BD20ED00E05B
:103FD4006437012034EF00E0F8B50F4B1B68D3B110
:103FE4000E4F0F4E0C4D06F08BFAFB68DC68201D5B
:103FF40006F0DEF83368013B33602B68013B2B602D
:1040040007F01EFC206BF7F7CDFA2046F7F7CAFA43
:104014002B68002BE7D1F8BD203401206833012040
:104024001C34012070B5104C104E4FF0805505E043
:1040340008F01EFB01F0F8FF04280AD8FFF7CCFFB4
:104044002368012BF4D93560BFF34F8FBFF36F8F13
:10405400EEE707F09DFE01F0E7FF042801D9F0F731
:10406400FBFDEDF703FDE9E7502F012004ED00E02F
:1040740030B585B0002405460878019404F080FB2F
:10408400234602AA2946032002F015FB0A4D01909B
:10409400D5F8281C01A8C9B208F024F9D5F8281CC1
:1040A40001A8C1F3072108F01DF902A807F090FE4A
:1040B400204605B030BD00BF0024014113B50023E4
:1040C4000446CDE9003307F01BFFC8B92346204658
:1040D40033F8042FADF8002030F8072F9B788DF8C3
:1040E400023083788DF80630009BADF804201F2B36
:1040F40008D9019B202B34BF1220002002B010BD30
:104104000C20FBE71220F9E71FB5104BDB799A0668
:104114000C4618D50E4B9B781B0714D504223E2160
:1041240002A806F0D1FE1421019001A808F0DAF8E3
:10413400218801A808F0DCF801A8A17808F0D2F8D9
:1041440002A807F045FE04B010BD00BF40010020E6
:104154003801002010B5104B1A68824219D35C68EC
:104164001919884201BF4168184609195960416804
:104174004418A24208D1094C2468A24204D05268CF
:104184000A4442601A6812680260984218BF1860B4
:1041940010BD1346E0E700BFB433012064340120AE
:1041A40037B5104B0093022201230B210546EC2066
:1041B400F2F7AAFC07F0A4FE044638B9012007F080
:1041C40097FE02232B70204603B030BDFF210C2440
:1041D400054B00932970019401230022EC20F2F78F
:1041E40093FCF0E748B20201AC8E0201F8B5114F1E
:1041F40005460226002300BF57F8044B94B194F8F7
:104204009820012A0ED194F8E91059B9D4F8D400B1
:1042140084F8E92008B1F6F79FFED4F8D000F6F749
:104224009BFE2346012E03D105B12B600020F8BD6F
:104234000126E1E7CC33012037B505680A682B6D08
:10424400002430331968914205D00134E4B2042CBF
:1042540003F13403F6D10A4B0093019401230222A3
:10426400D521EC20F2F750FC042C05D02A6D342320
:1042740004FB032400232363002003B030BD00BFEC
:1042840082AF020113B50C4605F0BEFEC8B1036847
:1042940093F92C30237000240B4B0093022201234A
:1042A4003D21EC20F2F730FC44B1084B009301941B
:1042B40001230022FD21EC20F2F726FC204602B067
:1042C40010BD0224E8E700BF94BF0201D2A402019A
:1042D40030B5114C2368D3F8083289B00546CBB108
:1042E4005A6FBAB193F850004FF4001105F006FA72
:1042F40023688DF81450D3F80842236FCDE90334B2
:1043040008AB13E903008DE8030003AB0ECB646F25
:104314000220A04709B030BD6002002070B5114BE7
:10432400196805460022540021FA04F6B607D0B2F3
:1043340013D1FF2D02BF9A7842F001029A704FF018
:10434400030202FA04F51A680CBF0321012122EAD0
:104354000502A1400A431A6070BD0132082AE2D165
:104364001046F9E7C8340120114BD3F8682F60F3E5
:104374001242C3F8682FD3F8702FC2F307220A70D1
:10438400D3F8702FC2F307424A70D3F8702FC2F3E8
:1043940007628A70D3F8742FCA70D3F8742FC2F3EB
:1043A40007220A71D3F8743FC3F307434B71704774
:1043B4000024014108B5104BD3F8682F42F40012D1
:1043C400C3F8682F1A4600BFD2F8683F9B02FBD49B
:1043D4000A49002382F8683F0A68012013700A68BA
:1043E4001A440133082BD070F9D1F4F701FC0B689F
:1043F40000229A7008BD00BF00240141B8020020C9
:1044040010B50E4C2C220021204607F04FFB0C4A1D
:104414000121002006F0E6FE30220021094807F0C1
:1044240045FB094BE36107F015FF002100B202F0E0
:1044340023FBBDE81040F8F7C7BF00BFA43101203B
:10444400A1970201483101202DF1010108B561B99C
:104454000E4B1A6802F01F02102A4FF0010313D802
:104464000B4903FA02F2114071B10A21407E03F0B4
:104474009DF9084B1A6842F010021A601A6842F05B
:1044840002021A60002008BD1846FCE758380141B2
:104494004CE00100203A014101F000428B1AA3F1E3
:1044A4006051B1F5801F0ADBB1F17F6F09D242EA96
:1044B400C102C10071F1004142EB507070471046D7
:1044C400704701285B4113F5001F02D842F0FF40FA
:1044D4007047C90041EA5070104340F4800040F036
:1044E400804070477FB5002302AA0146092002F0EC
:1044F400E2F80E21019001A807F0F4FE01A84FF4A0
:10450400627107F0F5FE01A80E2107F0EBFE01A889
:10451400CD2107F0EDFE4FF4627101A807F0E8FE2B
:1045240002A807F055FC002007B05DF804FB37B57E
:10453400054601910DF1020001A907F049F8BDF803
:104544000210002004F0DAF80028BDF802000CBFC5
:104554000024122405F058FD60B124B9BDF802000E
:10456400F8F77EFA04462846214601F0EBFB204684
:1045740003B030BD0224F6E737B5054601910DF1CD
:10458400020001A907F024F8BDF80210002004F08D
:10459400B5F890B9BDF8020005F036FD78B1BDF864
:1045A4000200FDF7A5FA04462846BDF8022021467C
:1045B40005F0FCFA204603B030BD1224F4E70224CF
:1045C400F2E74144563A747970653D307825782C89
:1045D40073657449643D30782578004144563A4304
:1045E400523D30782578004144563A4C696E6B2030
:1045F400657869737421004144563A4C696E6B7353
:10460400207265616368206D617821004144563AE7
:1046140052657363684465736328772F6920414347
:1046240041442920666F722043684D61705570645F
:10463400004144563A52657363684465736328774E
:104644002F6F20414341442920666F722043684DF7
:1046540061705570640010B50B210446002005F00C
:1046640095FEE0B1D4E96C2394F8E410082918BF4E
:104674001346272202735A89A0F80D209A89A0F8BC
:104684000F20DA89A0F811201A8AA0F813205B8A77
:10469400A0F8153001462046F7F7BCF8012010BDFC
:1046A40038B590F8E230082B05460C4601D0032BB0
:1046B40002D1D5F8B00140B995F8E430A3B914207B
:1046C400F3F7D2FFC5F8B40170B1B4F801304381F7
:1046D400B4F803308381B4F80530C381B4F80730EB
:1046E4000382B4F80930438238BDF8B5064608465B
:1046F4000F46144608F023F80546384607F0FEFF37
:10470400021992B20523002040F2E1418A4206D9FF
:10471400A2F2E242013592B225F070450130013B2C
:10472400F4D13378B56023F00C0343F00C03B2806A
:104734003370F8BD0A4B4FF4FA321A60094B8322E6
:104744001A60094B5E221A60084B00221A6008495D
:104754000A60084A0849116007221A60704700BFBE
:10476400F4330120F8330120F431012010E000E09B
:1047740018E000E014E000E0FFF301000C4B1B68BC
:104784007BB90C4B1B6873B90B4B1B686BB90B4B98
:104794001B68013B0A4A1068984214BF012002209A
:1047A400704700207047002070470020704700BF0A
:1047B40040330120483401203C3401201C340120C2
:1047C400543301201FB50C460522132102A806F01C
:1047D4007BFB2178019001A807F084FD618801A882
:1047E40007F086FDA18801A807F082FD02A807F062
:1047F400EFFA054AA18813788B4226BF5B1ADBB215
:104804000023137004B010BDFC0000201FB5104B32
:10481400DB799B060C4618D505223E2102A806F03A
:1048240053FB1F21019001A807F05CFD217801A82A
:1048340007F058FD618801A807F05AFD01A8217905
:1048440007F050FD02A807F0C3FA04B010BD00BF82
:1048540040010020C10606D5103880B20D2818D8B2
:104864000D4B185C704710F0010F00F0040304D0E6
:10487400002B14BF072006207047820704D5002BA5
:1048840014BF0B200A207047002B14BF09200820F6
:1048940070470020704700BFA6C002014144563A49
:1048A400486F7374204348432C43684D61703D2521
:1048B4003032785F253032785F253032785F2530AA
:1048C40032785F25303278004144563A4F4F4D28B4
:1048D400486F73742043684D61702055706461742F
:1048E4006529210070B5044690F8ED0010F004002D
:1048F4000E46154610D00321002005F047FD014661
:1049040008B9002070BD11230373467385732046D4
:10491400F6F780FF0120F5E7022105F037FD014697
:104924000028EED00D2303734573F0E738B5032157
:104934000546002005F02AFDD8B11623037395F827
:104944004231437395F84331837301462846F6F7A1
:1049540061FFEC7D012C0BD1D5F8B031B5F86020A6
:104964001A8195F842112846F9F77AFAA5F86000F9
:10497400012038BD30B5CC89B4F5FA7F1CD24B89FF
:104984005A1EB2F5FA7F17D20A8AB2F5FA7F13D209
:10499400934211D9498AA1F10A0292B240F67645AE
:1049A400AA4209D8428F534304FB0333B3EB810F6C
:1049B400B4BF0120002030BD0020FCE7F0B5C4885E
:1049C4000E4B876885B0E6B20093240A02231A4688
:1049D4000546CDE901468121EC20F2F795F8084B14
:1049E40053F824303BB105F10C023946304605B08A
:1049F400BDE8F040184705B0F0BD00BF32C6020163
:104A0400D031012013B50D4C2378A3B90C4A638827
:104A14005288A3807AB173B10A4B00930222012316
:104A2400B921EC20F2F770F8074904F10800EFF718
:104A3400F3FF01232370002002B010BD783201205F
:104A4400B432012034C0020100881300F8B51446C2
:104A540006460F4F084606F025FC7B68621E02449A
:104A640093423FBF1B1A01339BB2E41A3ABFA5B26B
:104A74001C46002501462246304606F0D3F935B1DE
:104A84002A4639683019BDE8F84006F0CBB9F8BDBC
:104A9400E801002008B5F0F7C3FEA0B901F0D2FB8D
:104AA400094A137899070AD443F00203137007499B
:104AB400074B084A084806F0D1FB06F053FCBDE852
:104AC400084002F0A7BE08BD36350120C1B9020175
:104AD4008D050201856202014576020170B58EB032
:104AE400044608AD18220021284606F0DFFF94F89A
:104AF40050004FF4800104F001FE236F0595CDE9C9
:104B0400033406AB93E803008DE8030003AB0ECB3C
:104B1400666F0120B047012229462046EBF730FF9B
:104B24000EB070BD70B54378C56DC1666FF3820376
:104B34004370002383660C4B1B681646012283F8DE
:104B44002E220446ECF7A0FC20B96378E56543F017
:104B54000403637000252046C4E91A652946F8F762
:104B6400A7FB284670BD00BF600200204278007891
:104B740012F0010318BF0623910748BF06335107FB
:104B840044BF0133DBB2110744BF0233DBB2D106A9
:104B940044BF0333DBB2910644BF1233DBB2520687
:104BA40048BF0133C0F3050048BFDBB20138C01A67
:104BB400C0B2704730B5C0F30802C1F3080413193A
:104BC400490AB3F59C7F01EB50210B4D0ADD6FF4CC
:104BD4009C73E0184B1C1044AB4280B209D840EAE5
:104BE400432030BDA94298B20B46F8D9A1F5000381
:104BF400F5E74B1BF3E700BFFFFF7F0070B5104ED6
:104C0400346805464CB9CDB12868B8B107F07FFDCA
:104C14002846BDE8704007F07ABDA368AB4209D1CD
:104C2400D4E9002342B15360D4E9002320461A603A
:104C340007F06DFD2468E5E77360F5E770BD00BF1C
:104C44006802002037B50468A36F002B054610DA0C
:104C54005B000ED500F0D4FAA36F23F00043A367E2
:104C640004F020FC01AB0422074901950120FCF764
:104C7400A8F800F0C5FAA36F23F08043A36704F0FB
:104C840011FC03B030BD00BF5404010110B504464B
:104C9400002007F0F5F8002007F0EAF8122C12D0F3
:104CA40002D8112C08D010BD213C022CFBD8084B93
:104CB4004FF4A5711A6802E0054B1A68D82161F314
:104CC4000F021A60EFE7024B7C211A68F7E700BF76
:104CD40064340141104B1A686FF3C7121A601A68E2
:104CE4006FF386121A601A686FF345121A601A6815
:104CF4006FF304121A601A686FF3C3021A601A6819
:104D04006FF382021A601A686FF341021A601A681C
:104D14006FF300021A607047203A0141104B1A8861
:104D24006FF3C7121A801A886FF386121A801A88D2
:104D34006FF345121A801A886FF304121A801A88C6
:104D44006FF3C3021A801A886FF382021A801A88DA
:104D54006FF341021A801A886FF300021A807047B9
:104D6400283A014137B5054604F028FE044668B1E7
:104D74000421002005F00AFB014690B10A4BC360F0
:104D84002846F6F747FD204603B030BD01AB0422A8
:104D94000B2128460195FDF7B9FAB0FA80F46409AD
:104DA400F1E70446EFE700BF2801051407B50E48F4
:104DB40007F000FC0D4B0E4A1A604FF0FF330093CE
:104DC4006846CDF803303F238DF8073007F0C3FC65
:104DD4000121262000F036FF0121292000F032FFB6
:104DE40003B05DF804FB00BFADC502010003002061
:104DF40053C70201F8B50A7912F003061BD10F68F4
:104E04009208354622B9114606F06BF83046F8BDD3
:104E140051FA85F4013AE37994F808C01B0443EA93
:104E24000C6394F805C0A47943EA0C0343EA042311
:104E3400EB510435E6E70126E8E730B585B00546D1
:104E440000230DF103010DF10200019303F00AF8B0
:104E540002AA034604462946032001F02CFC9DF8CF
:104E64000210019001A807F03DFA9DF8031001A873
:104E740007F038FA02A806F0ABFF204605B030BDB3
:104E840037B5054601910DF1010001A907F0FBF8C2
:104E940001A90DF1020007F0F6F801A90DF10300D4
:104EA40007F0F1F8019B9DF803209DF802109DF88E
:104EB4000100ECF799F804460146284606F011F87B
:104EC400204603B030BD37B5054601910DF102000F
:104ED40001A906F07DFBBDF80210002003F00EFCD2
:104EE40080B9BDF8020005F08FF868B1BDF8020082
:104EF40005F0C4F904462846214600F023FF204665
:104F040003B030BD1224F6E70224F4E7544D522CCA
:104F14005374617274206E756C6C20696E70757454
:104F24000051554555452C52656D6F766520656D6C
:104F3400707479206C6973740051554555452C5231
:104F4400656D6F766520656C6D20696E76616C6940
:104F5400640030B5D0F8B421B0F84A309488A34244
:104F640018D31189B0F84E308B4213D35588B0F85A
:104F740046309D420ED31388B0F848209A4209D394
:104F8400428F534304FB0333B3EB810FB4BF0120BF
:104F9400002030BD0020FCE7026D342301FB032117
:104FA40091F82430012B05D10A7891F82B001AB915
:104FB400012803D8002070470028FCD00B6A42B1B6
:104FC4000233187810F03F00F5D05878C0F3401041
:0E4FD40070479A7802F03F0213440533F1E76C
:104FE40070B58AB004460E4600238DF8043007F0ED
:104FF40037FB98B105462246314605F013FF0323DB
:105004008DF80530CDF80950ADF80D40002201A906
:10501400034806F0ECFB01200AB070BD0020FBE75A
:105024005400002010B504460378032B04D0042B4D
:1050340012D0022B08D010BD03F0B3F96068002829
:10504400F9D007F011FBF6E701F018FBA06800287F
:10505400F1D007F009FBEEE7FCF7CAFBA0680028D3
:10506400E9D007F001FBE6E730B589B005460291C7
:105074000DF1070002A907F006F803AA02999DF8AA
:105084000700F5F72FFB05AA034604462946072027
:1050940001F011FB0622029003A902A806F052FCBB
:1050A40005A806F095FE204609B030BD30B587B09E
:1050B400054600230DF1060101A8029302F072FADD
:1050C40003AA034604462946052001F0F4FABDF874
:1050D4000410029002A807F00BF9BDF8061002A80C
:1050E40007F006F903A806F073FE204607B030BDAA
:1050F4001FB50F4B93F90030002B0C4615DA08212D
:1051040004220DEB010005F0DFFE2178019001A8D7
:1051140007F0E8F8618801A807F0EAF801A8217906
:1051240007F0E0F802A806F053FE04B010BD00BF7B
:10513400400100201FB50E4BDB799B060C4615D5AC
:105144000C4B93F90130002B10DA03223E2102A804
:1051540005F0BAFE1021019001A807F0C3F801A8D8
:10516400218807F0C5F802A806F032FE04B010BD8D
:10517400400100203801002037B5054601910DF1AA
:10518400010001A906F07FFF01A90DF1020006F05C
:105194007AFF01A90DF1030006F075FF9DF80320C5
:1051A4009DF802109DF8010001F0E2F80446014662
:1051B400284605F096FE204603B030BD38B50D4DA7
:1051C40001222A700C4A1468230608D507F06CF8EB
:1051D40008B100F0A1FFEDF765FB24F0800424B1D1
:1051E400064B1B680BB12046984706F007F80023CE
:1051F4002B7038BD30350120103F0141843401202B
:105204000E4B1A78B2B90E4A4FF48051C2F884108A
:10521400BFF34F8FBFF36F8F4900C2F88410BFF301
:105224004F8FBFF36F8F0903C2F88410BFF34F8F02
:10523400BFF36F8F1A7801321A7070472F3501202F
:1052440000E100E010B506210446002005F09EF8B8
:10525400A8B10C2303730A4B1B784373094B1B88B7
:10526400C3814FF46273038294F8F23043F008036D
:10527400014684F8F2302046F6F7CCFA012010BD3E
:105284002C0200204002002010B504210446002016
:1052940005F07CF8C8B1062384F8E23023230373B5
:1052A400D4F8443133F8172FA0F80D209B78C3733A
:1052B400D4F844311A7E197CD20962F34511197469
:1052C40001462046F6F7A6FA012010BD10B50B4C96
:1052D400207850B90A4B1B68596BFCF705F840B1AC
:1052E400084B09481968EFF797FB237801332370BB
:1052F40010BD064B01221A70F7E700BFE40100203D
:10530400F0020020E0010020C0010020DC010020A8
:1053140030B58BB00C4B09934FF4406300240093D9
:105324000A4B0B4D1B680794CDE9044406949B6813
:10533400089329466846EEF703FA2868F8F724FA32
:1053440020460BB030BD00BFA9070201B8340120CC
:105354005C0200202DE9F8430D4BDFF838901F78EC
:1053640080460D46002400BF27FA04F3DB07E6B2AB
:1053740006D50822414609EBC40005F045FD28B1D5
:105384000134082CF0D14220BDE8F8832E70FBE7ED
:10539400B4020020740200202DE9F0410E4E0024D6
:1053A40000F117074FF0270835682B78E340DB0737
:1053B4000AD508FB045010223946223005F024FD9A
:1053C400003018BF0120A87033689B7813B90134EA
:1053D400082CE9D1BDE8F081B8020020F0B587B00F
:1053E4000F4602AC014601A816461D46019406F07C
:1053F40085FF394601A806F081FF314601A806F071
:105404007DFF294601A806F079FF234610220349AF
:105414000020FBF7D6FC07B0F0BD00BF000101007F
:10542400F0B587B00F4602AC014601A816461D46EA
:10543400019406F063FF394601A806F05FFF314688
:1054440001A806F05BFF294601A806F057FF234692
:10545400102203490020FBF7B4FC07B0F0BD00BFE5
:105464000007010010B50F4C2379D90618D5E3883D
:1054740001339BB2E38003B9A36005F0E1F9A368AB
:1054840018442379A0609A064CBF03F0BF0303F0CD
:105494007F0383F020032371BDE81040FCF71EB89E
:1054A40010BD00BF44020020094B0A4910B5002476
:1054B4001C60094B1C60094B1C60094B1C60094BA8
:1054C4001C70094B20461C6007F03EF8204610BDB6
:1054D400C8020020056E0001E0340120DC34012004
:1054E400E4340120C5020020EC020020122811D06F
:1054F40004D811284FF0010005D070472138022844
:105504000ED901207047094B1A8860F383021A8070
:1055140000207047054B1A88022161F38302F6E7E5
:10552400024A138843F00C031380F1E7C0340141AD
:1055340070B50E4B1D880E4B03F58252441B9668C2
:10554400A4B264F31F46966003F582520139D6680B
:1055540003F5825364F31F46D66008441A69401B5E
:1055640080B260F31F421A6170BD00BF7002002058
:105574000024014153434E3A64697361626C6520AF
:10558400314D2053434E2C6572726F72436F6465C4
:105594003D25640053434E3A64697361626C65202F
:1055A400436F6465642053434E2C6572726F72437B
:0755B4006F64653D256400F2
:1055BC0030B593B00546019102A801A9202206F04E
:1055CC00B3F9202201A90AA806F0AEF901A90DF140
:1055DC00030006F054FD9DF803200AA902A8EFF77A
:1055EC007BFE04460146284600F0A8FB204613B07B
:1055FC0030BD434D443A5365745041506172616DF6
:10560C00004144563A50412C65767442773D2564EE
:10561C002C696E74766C3D25640050413A73657448
:10562C0049443D2564004552523A73746174757354
:10563C003D25640010B5D0E96C3290F8E24092B090
:10564C00082C18BF134641F22302ADF80020028843
:10565C00ADF806205A89ADF808206846D3F80E201C
:10566C005B8A8DF80410CDF80A20ADF80E3001F0ED
:10567C0047FF12B010BD026D342301FB03210A78E1
:10568C00086ACB788AB9013BDBB2FF2B00F102022E
:10569C0000D17047127802F03F0203321044F2E757
:1056AC00127802F03F0203321044013B13F0FF0367
:1056BC0000F10202F4D1704790F86C30D9070AD58A
:1056CC00826F42F080428267DA43C2F3C01262F307
:1056DC00C71380F86C3090F86C309A0741BF0222E7
:1056EC00027783F04002C2F380124BBF62F3861341
:1056FC00012380F86C300377704753434E3A656E44
:10570C0061626C6520314D2053434E2C6572726F73
:10571C0072436F64653D25640053434E3A656E6178
:10572C00626C6520436F6465642053434E2C657234
:0B573C00726F72436F64653D256400CE
:1057480010B5054C227832B9044B13B10448AFF3B5
:1057580000800123237010BD983201200000000052
:105768000000000008B5034B1BB103490348AFF321
:10577800008008BD000000009C32012000000000ED
:1057880008B50246084611680C4B1964516819653A
:1057980091681966D16819671169C3F88010516951
:1057A800C3F890109169C3F8A010D269C3F8B0206B
:1057B800022102F0A5F9012008BD00BF000600443F
:1057C800B8B138B505460C4A92F82C200AB1002029
:1057D80038BD0C4602F0C4F9074B9D61DC6100221C
:1057E8001A62012083F82C00DA85044B84229A750A
:1057F800EEE70020704700BF18310120000C004080
:10580800074B084A1A60084B084A1A60084A094BAD
:105818001360094A1360094A00201360704700BFEB
:10582800C80000202D870201100100209971020193
:1058380050340120E5100001543401204C3401207B
:105848002000800000C000000000040000002822A2
:10585800000000000000040000F7FFFF7F000000C8
:1058680030F0FFFFFFFFFF07E0070004FA410300E5
:105878000000000000000000000000000000000020
:1058880010B586B004460DF105010DF1060002F0D1
:1058980077FB002303AA2146042000F00AFFBDF885
:1058A8000610029002A806F021FD9DF8051002A836
:1058B80006F016FD03A806F089FA002006B010BD10
:1058C80030B587B005460DF1060101A801F09CFE30
:1058D80003AA034604462946052000F0EAFEBDF85F
:1058E8000410029002A806F001FDBDF8061002A8F7
:1058F80006F0FCFC03A806F069FA204607B030BDA4
:105908001FB50E4B1B78DB060C4614D50422052167
:1059180002A805F0D7FA2178019001A806F0E0FC6A
:10592800618801A806F0E2FC01A8217906F0D8FCFC
:1059380002A806F04BFA04B010BD00BF40010020D9
:1059480044200000F9E0010145200000A9B502014A
:1059580046200000E193020147200000C55D0201D6
:1059680048200000035E020149200000BFB5020183
:105978004A20000039730201592000001F700201FB
:1059880073B50C4C0C4E0D4D23684FF0FF329B6ADB
:1059980001A9304698470128F6D10198437955F86E
:1059A80023309847019890F90430002BECDB01F084
:1059B800F3FCE9E758010020840100205832012057
:1059C80038B505460C4605F0DBF8A8B10B4B18684E
:1059D8002946043006F0BAFC60B190F8F8305BB1A3
:1059E80090F83430237050F8283F136083889380F0
:1059F800002038BD4220FCE70C20FAE7980100207F
:105A08004144563A6164645265712C6576743D254B
:105A1800642C62573D256C75287573292C696E7442
:105A2800766C3D256C75287573292C72616E6765D7
:105A3800324F66667365743D256C75287573290049
:105A48000A4B0B4810B50024C3E90044094B1C60FD
:105A580006F0D6FC084806F0EBFC0849022006F0E0
:105A680081FC03F04BF9204610BD00BFCC33012068
:105A7800859D02019C01002009740201CDE5000109
:105A8800084A094900231360084A1360084A13604A
:105A9800084A1360084A1360084A0620136006F093
:105AA80061BC00BF9C340120BD340101A034012039
:105AB8009434012098340120A4010020A001002082
:105AC80010B50B210446002004F05EFCB8B1D4F8F0
:105AD800B031262202731A88A0F80D205A88A0F83F
:105AE8000F209A88A0F81120DA88A0F813201B89C3
:105AF800A0F8153001462046F5F78AFE012010BDB2
:105B0800D0F8B4110A8B4B8B9A4217D8063A92B246
:105B180040F67A40824211D8063B9BB283420DD8A8
:105B28008B8BB3F5FA7F09D2C88B0A3880B240F65E
:105B3800764398428CBF00200120704700207047B0
:105B480010B50E4A0321012005F04AFB06F0FFFDBF
:105B580010B90024204610BD00F052FD0028F8D0EE
:105B680002F0BEFB0028F4D000F02CFD044600280B
:105B7800EFD0FFF719F906F027FDEBE7C5C60201DC
:105B88001FB50B7B0290022B8DF80C300ED10168EB
:105B98008B6F43F480038B67009202AB082207499E
:105BA8000120FCF7DFFF05B05DF804FB272B01BFE0
:105BB8000168CB6F43F00203CB67EDE700060101F4
:105BC800122917D00BD8112911D00C4B1B68C3F31D
:105BD8004113012B07D1000100F5197070472229E4
:105BE800F9D02329F1D1800100F266307047C00056
:105BF800E63070478000C230704700BFC0340141B2
:105C080010B5044606F0AAF90369FE2B81BF0023EC
:105C180063770368826894BF01239B18064A98BF7C
:105C28006377126898BF43699B1A044A11689BB24C
:105C380063F30F01116010BD700200204C34014164
:105C48001FB58DF80D108DF80C00F4F787F90DF1DC
:105C58000B03019303AB8DF80B0000930122022381
:105C680042F2740140F2011003F0E2F89DF80B20B3
:105C7800024B33F8120005B05DF804FBCCDB0101E0
:105C880010B50E4C3C20218801F060F86188442052
:105C980001F05CF8A388002203211C2003F0EBFE2E
:105CA800E38810221621142003F0E5FE2389102230
:105CB80016216420BDE8104003F0DDBE0803002073
:105CC80010B53C2002F004FA0C4C2080442002F06D
:105CD800FFF90022608003211C2004F079FE1022C5
:105CE800A0801621142004F073FE1022E0801621F3
:105CF800642004F06DFE208110BD00BF0803002061
:105D0800434D443A457874437265617465436F6ED8
:105D18006E00494E493A5068793D25642C696E7485
:105D2800766C3D307825782C77696E3D307825780B
:0F5D3800004552523A7374617475733D256400CF
:105D48007FB505460E4602AC01A80F21019406F066
:105D5800C7FA04210DEB010006F0C2FA314601A88A
:105D680006F0BEFA01A8012106F0BAFA294601A8F0
:105D780006F0BCFA204606F029F804B070BD37B525
:105D8800054601910DF1020001A906F07AF9019C7E
:105D980001A9A31D0DF10300019306F072F99DF806
:105DA80003209DF802002146F1F790FE04460146C3
:105DB800284605F094F8204603B030BD37B50546AF
:105DC80001910DF1030001A906F05BF9019C01A9FD
:105DD800A31D0DF10200019306F053F99DF802206E
:105DE8009DF803002146F5F79BFA0446014628462C
:105DF80005F075F8204603B030BD37B5054601916A
:105E08000DF1020001A906F03CF9019C01A9A31DAE
:105E18000DF10300019306F034F99DF803209DF875
:105E280002002146F6F746F804460146284605F0E2
:105E380056F8204603B030BD10B5092104460020AD
:105E480004F0A2FAB0B115230373B4F86430A0F8D3
:105E58000D30B4F86630A0F80F30B4F86030A0F810
:105E68001130B4F86230A0F8133001462046F5F737
:105E7800CFFC012010BD434D443A53657453636E03
:105E8800506172616D0053434E3A747970653D25D7
:105E9800642C696E74766C3D307825782C77696E41
:105EA8003D30782578004552523A737461747573A1
:105EB8003D25640059B1437E212B10D009D8112B00
:105EC80013D0122B08BF012018BFFF207047837E14
:105ED800F2E7222B0BD0232B08BF0220F4E7C37E66
:105EE800002B0CBF022003207047002070470320BE
:105EF800704770B50468A36F43F08003A367054635
:105F08000E4603F0CBFD90B9A36F23F0800343F452
:105F18000073A3672846F5F7A3FA2046012100F08D
:105F28001FFC31462846BDE87040DFF7A5B870BDB4
:105F3800494E493A436C6F736500494E493A43529A
:105F48003D30782530327800494E493A4C696E6BBD
:105F58002065786973742100494E493A4C696E6B23
:105F680073207265616368206D6178210053434E28
:105F78003A445453746172742834292C6475723D00
:105F880025640053434E3A50545374617274283355
:105F9800290053434E3A505453746172742834297B
:0A5FA8002C5054636E743D25640014
:105FB40000B583B00023019301AA0068F3F7EEFC57
:105FC400012803D0002003B05DF804FB019B43B11A
:105FD400054B4FF080521A60BFF34F8FBFF36F8FA2
:105FE400F1E70120EFE700BF04ED00E000B583B066
:105FF4000023019301A90068F6F7B6FF18B9002041
:1060040003B05DF804FB019B4BB1064B4FF080528B
:106014001A60BFF34F8FBFF36F8F0120F0E70120A9
:10602400EEE700BF04ED00E0094B1A68094B1B685A
:10603400D86A58B9084B1B68012B08D8012A06D81E
:10604400064B1868064B1B68C01A7047002070473F
:106054002C34012010340120502F0120343401202D
:106064004434012010B504460A4B1B680A4A1268DE
:1060740003449A4204D0074B18682044186010BDAA
:1060840004F03EFA054A13680133136005F0D8FBA7
:10609400013CF0E744340120343401203C34012035
:1060A40001238B734B68B3B110B58AB01A684A6088
:1060B40072B10C4607228DF80420CDF8053001A9F1
:1060C4000548FFF775FF204603F05EFD0AB010BDDA
:1060D4000A1D8A60EDE770475400002007B50C4B99
:1060E400DB799A0610D50B4B9B78DB070CD5012284
:1060F4003E21684604F0E8FE1121019001A806F053
:10610400F1F8684605F064FE03B05DF804FB00BFD7
:1061140040010020380100200B4B1A6842F4801221
:106124001A600A4A118E6FF3C71111861A6A02F4B3
:106134004032B2F5003FF9D15A6822F400025A60A5
:10614400034B00221A7070470040014100240141B2
:106154002C35012010B54FF000030C4A51B192F9CF
:10616400011090F900408C4207DB017043F00203F8
:10617400184610BD92F90210F3E792F903209442F5
:10618400DCBF027043F00103F2E700BF8A01002084
:1061940008B50D4B1B680146181D06F0D9F878B1F7
:1061A40090F8F83053B190F84720072A0AD8D3233F
:1061B400D34013F0010F14BF0C230023184608BD6D
:1061C4004223FBE70023F9E798010020064B074A26
:1061D4001A60074B074A1A60074B084A1A60084BB3
:1061E400084A1A60002070479C0100205D0E0101DE
:1061F400D4020020F90C0201D0020020F7A9020108
:10620400D802002025D9010138B504460D460020E6
:10621400092104F0BBF888B1094B05731A681368A7
:10622400C0F80D305368C0F81130037C23F0080324
:10623400037401462046F5F7EDFA012038BD00BF8E
:10624400AC0100200B4B1B7813F0060311D10A4A52
:1062540013700A4A08214FF47060013911F0FF01EC
:1062640010809370C2F80330A2F8073002F10A02DA
:10627400F3D17047363501203335012078300120C1
:10628400F8B50D4D06460F4600242B88B3F5706F04
:1062940008D0AB78B34205D10622E91C384604F095
:1062A400B3FD38B10134E4B2082C05F10A05ECD190
:1062B4000020F8BD0120FCE77830012037B50C4CF4
:1062C400237893B9658885B10A4B00930222012390
:1062D400B321EC200195F0F717FC42F210716943E9
:1062E400201DEEF799FB01232370002003B030BD7D
:1062F400B4320120C6B6020110B50C4C236843B178
:106304001B68186D06F003FA2068FEF777FC00237B
:106314002360074C236843B11B68186D06F0F7F936
:106324002068FEF76BFC0023236010BDB801002039
:10633400B401002010B50A4B1C78013CE4B21C7077
:106344006CB90848F0F79CF9074B1A783AB11C70FD
:10635400064B1B68BDE81040986BF4F7FDBD10BDFB
:10636400E4010020C0010020DC010020F002002034
:10637400272870B505460E46144610D8072A0ED8AD
:1063840000F076FC68B1084B00221A7301225D709C
:106394009E70DC701A71BDE87040FEF7B9BF122020
:1063A40070BD0720FCE700BF4402002010B5084B75
:1063B400084900241C70084B1A68084B1A70084BD3
:1063C4001C61084B08201C6005F0CEFF204610BD60
:1063D4005A02002045A702016834014158020020F6
:1063E400440200205C02002008B50379092B0ED07A
:1063F4000B2B10D0052B13D18268114602F10C032C
:1064040031F8020B5289F1F7C1FE012008BD806802
:10641400F8F71EFCF9E783681868FEF7A3FCF4E7B5
:106424000020F3E710B590F8F4309B0704460FD131
:10643400F9F7D2FF08B9002010BD40F22113A4F8E7
:10644400E23094F86D3043F0200384F86D30F3E7C4
:106454000A2104F092FA0028EDD040F22243EEE73C
:1064640070B50D4B1C680546861C0CB9204670BDE2
:10647400627B6B789A420AD10622314604F10E00FF
:1064840004F0C2FC18B9227B2B789A4201D024680C
:10649400EBE70120EBE700BFD433012070B50446DD
:1064A400B8B10C4D2B68D3F88061FEF7A9FE66B92C
:1064B40026602B68D3F8843163601C602B68C3F8B2
:1064C4008441BDE8704002F0EDBFA642F9D03668C1
:1064D400EDE770BD60020020F8B50D4D06682B880D
:1064E40040F6FE6293429ABF01339BB200232B8095
:1064F40040F6FE772C88204603F086FD08B93480E8
:10650400F8BDBC429ABF0134A4B200242C80F1E748
:10651400BC370120072838B514D80B4C03B22468C3
:106524005D00EC4004F00304012C0BD11D44074B27
:1065340003EB45031C6814609B889380F9F7BEF94C
:10654400002038BD1F20FCE7C8340120003301417E
:106554000D4A03460068106098889B799080937177
:1065640032F8040C40F0020022F8040C52F8080C33
:10657400430041BF906A086002F12803002046BF2F
:106584009B888B801F2070477033014110B590F8B1
:106594006C309B07014616D5D0F8AC309BB190F80F
:1065A40021201C8922441A8105F032FDD1F8AC3037
:1065B40018895A89904206D1C1F8B0300846BDE81E
:1065C400104005F0B4BD10BD38B50C4C2368254609
:1065D40063B12B688C220021184605F067FA182253
:1065E4004270074805F0BAFE012038BD8C2006F041
:1065F4008CF820600028ECD1F7E700BF00350120BB
:10660400D962010138B50B4C236825465BB12B6870
:10661400094A1A602B68C3E90122DA60074AC3E910
:106624000422012038BD182006F06FF820600028ED
:10663400EDD1F7E7040300205FC7020163C702013D
:10664400434D443A536574507269766163794D6F72
:1066540064652C616464723D30782530327825306D
:10666400327825303278253032782530327825302A
:0B66740032782C6D6F64653D256400DA
:1066800070B50546C4880534A4B2204605F0EAFF7B
:1066900090B1064602230370AB88A0F80130EB8866
:1066A000A0F80330EA88A968053004F0BDFB324643
:1066B00021460020FBF7CEF870BD73B504460E46A8
:1066C00001A80E211D46019205F00EFEE11C01A855
:1066D000C9B205F009FE01A8012105F005FE314609
:1066E00001A805F007FE01A8294605F0FDFD019867
:1066F00002B070BD434D443A5365745478506F777F
:1067000065725265706F7274696E67456E61626C16
:10671000652C48646C3D307825782C4C6F63616C37
:106720003D25642C52656D6F74653D25640038B558
:1067300090F8F430DB07044615D5B0F8501142F25A
:106740001075694300F5BA70EEF768F9B4F85211A4
:1067500004F5C6706943EEF761F994F86E306FF393
:10676000410384F86E3038BD10B5044690F8B4305B
:1067700031B123B9B0F8B8300133A0F8B83010BD4A
:106780005BB90146B630F8F78BFD94F8BA3084F85F
:10679000B6300123A4F8B830F1E7BDE81040F9F7AE
:1067A000DBBA10B581213C2000F0D4FA81214420CD
:1067B00000F0D0FA00231A4603211C2003F05FF9F1
:1067C000032310221621142003F059F90323102269
:1067D00016216420BDE8104003F051B90B4B5B8BD0
:1067E00013F0070300D1704710B5094CE38501F0A1
:1067F000BBF9064B84221A75002384F82C30636A97
:1068000013B1A06A636A984710BD00BF000C004036
:106810001831012030B585B0054600230DF1030085
:10682000019303F051FB02AA0346044629460220C5
:10683000FFF743FF9DF80310019001A805F054FDF8
:1068400002A805F0C7FA204605B030BD30B589B0C2
:106850000546002302A8019302F0C6FE04AA0346DF
:10686000044629460920FFF728FF082201900DEB76
:10687000020101A805F068F804A805F0ABFA20466B
:1068800009B030BD0C4BD3F8002C60F31742C3F8AD
:10689000002CD3F8002C61F30F02C3F8002CD3F8BE
:1068A000042C42F48012C3F8042C00BFD3F8042C4B
:1068B000D202FBD4704700BF0024014130B585B03F
:1068C00005460DF102000191FCF7F6FA02AA034613
:1068D000044629460320FFF7F0FE019038B101A8D5
:1068E000BDF8021005F006FD02A805F073FA204677
:1068F00005B030BD30B585B005460DF103000191FE
:10690000FDF750FC02AA0346044629460220FFF781
:10691000D4FE019038B101A89DF8031005F0EAFCFF
:1069200002A805F057FA204605B030BD08B542F27E
:106930003E0398420DD0013398420CD0B0F5015F70
:106940000BD10222064B03EBC2035B689847012080
:1069500008BD0022F6E70122F4E70020F8E700BFB7
:1069600058B102011FB50C4B93F90530002B0C46B2
:1069700010DA0322302102A804F0A8FA217801904D
:1069800001A805F0B1FC01A8618805F0B3FC02A8DC
:1069900005F020FA04B010BD4001002008B5064BF8
:1069A000064A5A62064B074A07489A6105F0B5FE47
:1069B000064B074ADA6008BDC8000020B98802010A
:1069C00010010020E5880201D59B02010001002092
:1069D0001FC7020108B541F20E0398420DD00133E2
:1069E00098420CD0013398420BD10222064B03EBA4
:1069F000C2035B689847012008BD0022F6E7012228
:106A0000F4E70020F8E700BFA0B1020130B585B07F
:106A1000054600230DF10200019302F035FE02AAA3
:106A20000346044629460320FFF747FEBDF802103F
:106A3000019001A805F05EFC02A805F0CBF9204604
:106A400005B030BD094A0A4900231370094A0B609A
:106A50004B601146C2E9003241F8083FD160064A56
:106A6000118863F3C3011180704700BF32350120E4
:106A7000C43301207C330120203E0141094B0A4AE6
:106A800018800A4B1880C3B203F10B00183BD37077
:106A9000074BC2F8053040B2907010705070107102
:106AA000FBF706BF940100208A0100208801002026
:106AB000E2D8CEF600B593B041F20403ADF8003051
:106AC00003888DF80410ADF8063059B9D0F8B0211C
:106AD0001068516802AB03C3684600F017FD13B09D
:106AE0005DF804FB0023CDE90233F5E790F8E230CE
:106AF000052B01D0032B14D1D0F8B0318BB1B1F8F4
:106B000001201A81D0F8B031B1F803205A81D0F8B1
:106B1000B031B1F805209A80D0F8B031B1F8072033
:106B2000DA80704713B50C46087000212046FFF745
:106B300013FB084A94F9003053700193064B0093FD
:106B4000022201232E21EC20EFF7E0FF002002B00B
:106B500010BD00BF8A010020E4A0020113B50C465D
:106B6000087000212046FFF7F7FA084A94F9003030
:106B700013700193064B0093022201232F21EC2076
:106B8000EFF7C4FF002002B010BD00BF8A01002053
:106B90004CA302010B4A30B500230A2404FB03F185
:106BA0008D5A854208D14FF470635352064A1378C8
:106BB000013B1370002030BD0133082BEED10220C1
:106BC000F9E700BF783001203335012073B50B4C55
:106BD00023788BB96678022E0ED101F08DF9084B1F
:106BE00001900546009332460123C921EC20EFF7BE
:106BF0008DFF0DB90123237002B070BDBC010020D0
:106C00006CAA020107B50B4B02881A8042885A8091
:106C100082889A80C288DA8002891A81064B0093A2
:106C2000022201233C21EC20EFF770FF002003B08B
:106C30005DF804FB0802002003B0020113B50B4B02
:106C40001B681A7860F3041204461A7008B9FFF73B
:106C500073FB074B00930194012302223D21EC209A
:106C6000EFF754FF002002B010BD00BFF00200207B
:106C70006CBC020110B520210820F8F79DF90446EC
:106C800068B1036820220021184604F011FF082291
:106C900084602272034A6260034A04461060204600
:106CA00010BD00BFD98C0201B834012008B50B4BD0
:106CB000186005F02DFC002001F0F6F9012001F02C
:106CC000F3F9E9F709FBEFF793FF01F0D5F9044B6E
:106CD00000221A60BDE8084000F020B870020020D1
:106CE000C834012037B505460DF1070002F030FD2C
:106CF00070B99DF80740074A296802EBC4020123D6
:106D0000116069685160044A1178A3400B43137005
:106D100003B030BD74020020B402002008B5082082
:106D200001F0DAF9074B18801F2001F0D5F9064B66
:106D30001880512001F0D0F9044B1880044BFF2239
:106D40001A7008BDC0020020C2020020BC02002050
:106D5000BE0200200C4BD3F8002C60F31742C3F89E
:106D6000002CD3F8002C61F30F02C3F8002CD3F8E9
:106D7000042C42F48012C3F8042C00BFD3F8042C76
:106D8000D202FBD4704700BF002401410C4B03F535
:106D9000D3521520D16860F31F61D160D1681920EA
:106DA00003F5835360F31741D1609A68062161F3BC
:106DB0001F729A609A68022161F31B629A607047A1
:106DC0000024014103780133DBB20370ABB943788F
:106DD0000133DBB2437083B983780133DBB2837054
:106DE0005BB9C3780133DBB2C37033B902797F2A50
:106DF00001D10371704701320271704790F864301D
:106E0000012B10B515D1B0F87010028D531A9BB23A
:106E100047F6FE74A3420CD891420AD1034653F8B8
:106E2000652FC0F86A201B7980F86E30002380F847
:106E3000643010BD70B50B480B4D4FF6FF760168FE
:106E400021B9436813B9F6F74CFB70BD83684268FB
:106E5000334000F10C0455F823302046984704EBEA
:106E60008000ECE71C3E00019CBA02014FF4001CBC
:106E70001CEB410F98BF1CEB430F11D851EA030CD8
:106E800050EA4C0C5CEA020C0AD004D282428B41DC
:106E90008041404270479042994180414042704752
:106EA0000020704730B593B00546019102A801A9B2
:106EB000202204F03FFD01A90AA8202204F03AFD97
:106EC00000220AA902A8EEF70DFA04460146284658
:106ED000FEF73AFF204613B030BD30B585B0054609
:106EE0000DF10300019103F001F802AA03460446E4
:106EF00029460220FFF7E1FB9DF80310019001A84D
:106F000005F0F2F902A804F065FF204605B030BD97
:106F100037B5054601910DF1020001A905F0B5F85C
:106F200001A90DF1030005F0B0F89DF803109DF8DC
:106F30000200F3F717F804460146284603F0D3FF92
:106F4000204603B030BD73B5054601910DF1030035
:106F500001A905F09AF89DF80300019EFFF71AF9C0
:106F6000044620B931469DF80300F8F7C9FA2846CF
:106F7000214603F0B8FF204602B070BD37B5054684
:106F800001910DF1020001A905F07FF801A90DF1B1
:106F9000030005F07AF89DF803109DF80200FCF755
:106FA0008FFC04460146284603F09DFF204603B0AF
:106FB00030BD37B5054601910DF1020001A905F07C
:106FC00064F801A90DF1030005F05FF89DF80310C6
:106FD0009DF80200EBF71AFD04460146284603F02F
:106FE00082FF204603B030BD37B5054601910DF153
:106FF000020001A905F049F801A90DF1030005F00F
:1070000044F89DF803109DF80200F2F791FA044647
:107010000146284603F067FF204603B030BD37B570
:10702000054601910DF1020001A904F0D3FA01A96E
:107030000DF1010005F029F89DF80110BDF80200DE
:10704000F2F7D8FE04460146284603F04CFF2046DE
:1070500003B030BD00B593B0024641F20503ADF870
:1070600000300388ADF8043052F8FF3FCDF8063009
:107070005368CDF80A30B0F80831ADF80E306846E4
:1070800000F044FA13B05DF804FB10B5C27D90F82F
:10709000ED3004468AB99A070BD50F212046EFF749
:1070A0006FFF08B9002010BD112384F8E2300120E1
:1070B000F9E70121EEF732FFF3E79B07F2D5ECE7A2
:1070C00084B013B505AC84E80E0030B101280BD0B4
:1070D00002B0BDE8104004B07047099B009394E8EB
:1070E0000F00EBF743FDF3E7099B009394E80F00D3
:1070F00001F022F8ECE738B504680546FEF782F89F
:10710000A36F23F0800343F48043A36702F0CCF91C
:10711000A36F5A0609D4227D0AB99B0005D52846DB
:107120000021BDE83840DDF7ABBF38BD38B590F879
:10713000E43005460C469BB91420F1F797FAC5F8E0
:10714000B401B4F801300380B4F803304380B4F8DC
:1071500005308380B4F80730C380B4F80930038168
:1071600038BD30B40D68B5F1FF3F02D000F1080220
:1071700002E0026904E01A4653681C68AC42FAD97E
:1071800053684B6099608A605160086103680133FD
:06719000036030BC7047F3
:10719800842808B50ED041F2080398420CD0013378
:1071A80098420BD10222064B03EBC2035B68984757
:1071B800012008BD0022F6E70122F4E70020F8E7E5
:1071C80028B1020110B586B003AA002301460720A2
:1071D800FFF76FFA0DF10501044601A803F0CEF997
:1071E800DDF805302360BDF80930A38003A804F05A
:1071F800EDFD002006B010BD30B589B0054602A8E7
:1072080000F09AF904AA0346044629460920FFF724
:1072180050FA082201900DEB020101A804F090FB3E
:1072280004A804F0D3FD204609B030BD37B50546A3
:1072380001910DF1020001A904F0C8F9BDF802009E
:10724800431EB3F5E16F09D200F0C4F9044628469D
:10725800214603F044FE204603B030BD1224F6E771
:1072680037B505460191684601A904F0AFF901A9AF
:107278000DF1020004F0AAF9BDF90210BDF90000F1
:10728800F2F7F2F804460146284603F028FE2046A5
:1072980003B030BD30B585B005460DF10300FBF7EE
:1072A80085FE02AA0346044629460220FFF701FA92
:1072B8009DF80310019001A805F012F802A804F047
:1072C80085FD204605B030BD30B585B005460DF1C9
:1072D800030004F085FB02AA03460446294602205F
:1072E800FFF7E7F99DF80310019001A804F0F8FFF3
:1072F80002A804F06BFD204605B030BD862808B50D
:107308000ED041F2020398420CD0093398420BD1B7
:107318000222064B03EBC2035B689847012008BDB5
:107328000022F6E70122F4E70020F8E788B102011D
:1073380030B585B005460DF10300FCF7D5FB02AA70
:107348000346044629460220FFF7B3F99DF80310C7
:10735800019001A804F0C4FF02A804F037FD2046FC
:1073680005B030BD98B10A4A50F8043C126813427F
:107378000DD050F8081C51B9064923EA02030A68DF
:1073880040F8043C134408380B60FCF7E1BE704732
:10739800583401205C34012038B5044690B1037993
:1073A800C3F3801503F0D0FB074B1B68002203EBE7
:1073B800C503226059680C605C602271BDE83840E2
:1073C80002F070BC38BD00BF6C34012008B568B14C
:1073D800084B1B68984740B1074B01221A70074BAE
:1073E8001B78002B0CBF1046022008BD024B1870FA
:1073F800FBE700BF783401202D3501202C35012012
:107408000B4B1A6832B192F89810012902D1107CFE
:1074180001280BD0586848B190F89830012B04D156
:10742800007C431E5842584170470020704700BFF7
:10743800CC33012010B592B041F20C04ADF80040F5
:1074480090F8F2408DF804306FF34104038880F817
:10745800F2406846ADF806308DF808108DF809201E
:1074680000F050F812B010BD434D443A53657450C3
:107478006174684C6F73735265706F7274696E676C
:10748800456E61626C652C48646C3D3078253034FB
:10749800782C456E61626C653D25640010B50B4B18
:1074A8001C680CB920460FE0A3681A7A052A01D097
:1074B8002468F6E7186890F8F230DB06F8D5EEF79E
:1074C800B5FB0028F4D1072010BD00BF68020020DA
:1074D80039B1837E212B0DD005D8123B5842584133
:1074E8007047437EF6E7222B0AD0232B0CBF0220DD
:1074F80000207047C37E002B0CBF0220032070477A
:107508000320704713B503880193094B0093044681
:10751800012302225F21EC20EFF7F4FA054B1B68E8
:1075280023B1204602B0BDE81040184702B010BD94
:10753800DEC00201A434012007B50A4900230A6805
:10754800D25CC2540133082BF9D1074B00930222B5
:1075580001231921EC20EFF7D5FA002003B05DF8DC
:1075680004FB00BFAC01002088B4020173B50B4BCB
:10757800009304460D461646012302227621EC208C
:10758800EFF7C0FA324629462046F1F7ABFE00284D
:1075980014BF0C20002002B070BD00BFC2C00201A1
:1075A80007B50A4B1A68B2F92A2002801B68B3F99A
:1075B8002C300B80064B0093022201232A21EC2059
:1075C800EFF7A0FA002003B05DF804FBA801002043
:1075D80096AE020113B50A4B0190044600930222AD
:1075E80001232821EC20EFF78DFA064B1B680021B8
:1075F8009C840320F6F7FCFE002002B010BD00BFFB
:10760800FEBA0201A801002007B5094B1B880380B8
:10761800084B1B880B80084B009302220123392159
:10762800EC20EFF76FFA002003B05DF804FB00BF11
:107638002435012026350120B2A3020138B505689A
:107648000446EAF739FC12232B7600220B21204648
:10765800F2F770FB054B1B6893F90430002B03DA33
:10766800BDE83840FDF730BE38BD00BFAC01002092
:10767800017B427B0B0721F008010173084944BFD5
:10768800131DDAB2036908681B1A1344B3F5C06FF7
:107698008CBFA3F2026303F1FF33CB60704700BFD6
:1076A800E8010020037A0A4A5B0932F8132040F205
:1076B800E243534303F51823428803F66813534300
:1076C800044AB3FBF2F002FB103202B101307047FA
:1076D800B4BF020140420F0008B5C38800F1080199
:1076E800D8B213F47F4309D0B3F5807F09D0064B95
:1076F800196800F0A5FC81F83C0208BDEFF76EFEA2
:10770800F5E7F5F7F3F9F2E76002002010B5C46970
:10771800601A10F4800F0FD14C4008490C420BD06E
:1077280003EB9203084040F271225043B3EB500F31
:107738002CBF0120002010BD0120FCE7FFFF7F00C7
:1077480090F85230012B08BF826DC36908BF9B1A9D
:10775800074A1168D1F8402208BFC3F3160312B9CB
:10776800C1F8403202E09A1A5202F9D4704700BFB9
:107778006002002008B5006890F847300A3B012BEA
:107788000DD8084B90F836201B68C3F341139A4272
:1077980005D0D0F8441100F5BE7000F0A1FE00201D
:1077A80008BD00BFC034014112280B4B11D003D8CB
:1077B800112807D00A3106E021380228FAD801F545
:1077C800D37100E04C311A8861F30E021A80002050
:1077D80070473731F7E700BF6C38014130B50A4AC6
:1077E8000A4B02F584541B882568C01A80B202F53A
:1077F800825260F30F052560C91A136889B261F3D4
:107808000F03136030BD00BF002401417002002047
:1078180010B5F4F763FD044660B9074A1378990771
:1078280008D443F002030548137004F0B5FE044879
:1078380004F070FE204610BDEC32012099CA000108
:107848003FFE010137B5054601910DF1030001A97D
:1078580004F017FC01999DF8030001F116038A1D35
:107868000193EEF7F3FF04460146284603F037FB81
:10787800204603B030BD38B5800085B202F0BEFEA8
:10788800044600BF00BF00BF0821A94200D338BD8D
:1078980002F0B4FE844288BF01F2E241091B10FAEB
:1078A80081F189B20446F0E7022806D0032807D000
:1078B800012810D10A32D00070470B32900070476F
:1078C80001294FEAC2020CBF022008202B32424392
:1078D80002F5BC7070470020704700B5836F93B005
:1078E80043F40013836741F20703ADF800300388BF
:1078F800ADF80430036ECDF80630436ECDF80A308B
:107908006846FFF7FFFD13B05DF804FB434D443AAA
:1079180052656D7465436F6E6E5061726152657128
:107928004E65675265706C792C48646C3D307825DB
:107938003034782C726561736F6E3D256400434D59
:10794800443A5772697465417574685061796C6F0F
:10795800616454696D656F75742C48646C3D30784A
:10796800253034782C74696D656F75743D25640015
:107978000A4652F8013FC0F8FF305368C0F8033197
:10798800B1F80930A0F808310A4652F80B3FC0F8A0
:107998000A315368C0F80E31D1F81330C0F81A31E3
:1079A8007047D0F8B431818F9A8B914210D1C18F32
:1079B800DA8B91420CD193F820204AB9428F198B67
:1079C800914205D8588B90422CBF00200120704767
:1079D8000120704770B504468068002550B10289BF
:1079E80043899A4206D10668A66004F08EFE0135E6
:1079F8003046F3E7A0602DB1A9B22046BDE870403B
:107A080002F000B870BD10B5044688B1C08802F015
:107A1800F9FA78B12379012262F305130022237160
:107A2800226022812146006803F05FFE104610BDE7
:107A38000720FCE70220FAE74FF4001C1CEB410F7B
:107A480098BF1CEB430F0CD850EA410C08BF52EA10
:107A5800430C08D0904208BF99420CBF0120002077
:107A680070470020704701207047434D443A5265E3
:107A78006164417574685061796C6F616454696DB3
:107A8800656F75742C48646C3D3078253034782CDB
:107A980074696D656F75743D256400434D443A53B0
:107AA8006574446174614C656E6774682C48646CD5
:107AB8003D307825782C74784F63746574733D2550
:107AC800642C747854696D653D25640053594E43A0
:107AD8003A436C6F73652C68616E646C653D256410
:107AE8000053594E433A43523D3078257800535954
:107AF8004E433A736B697020527074210030000055
:107B080038B5EFF3108572B6084C20634FF4804304
:107B180063600F2262601140A160A36001F0D2FF90
:107B28004FF40043A36085F3108838BD0006004475
:107B38004FF088430022C3F8D020084AC3F8D02069
:107B480002F12B42A2F54B12A2F6AB42C3F8D020A9
:107B580003F5206301229A671B6FFEE7556699AA11
:107B68000A4B5B8B13F0070F0ED0084B80221A7656
:107B780007225A831B7E13F0040F05D0034B9A6A21
:107B88001A7E12F0040FFAD1704700BF000C0040B3
:107B9800F885020101000000043301200000000004
:107BA80001000000280C0040280C00401CB802010D
:107BB800C8B00201B0C10201A4C102010300000063
:107BC80000B58BB08DF80400074B9B7A8DF8053013
:107BD800ADF80720CDF8091001A90448FEF7E6F929
:107BE8000BB05DF804FB00BF5800002054000020D3
:107BF80037B5054601910DF1030001A904F041FADA
:107C08009DF80300012809D8FBF7F6FE044628462C
:107C1800214603F064F9204603B030BD1224F6E78C
:107C28000A4BD3F8002C60F31742C3F8002CD3F8A2
:107C3800042C42F48022C3F8042C00BFD3F8042C8F
:107C48005203FBD4D3F8280C80B2704700240141BA
:107C580010B5044604F05AF970B92388203B9BB24A
:107C680043F6E072934209D86088203880B2904287
:107C78008CBF1220002010BD0C20FCE71220FAE770
:107C880008B5064B064A5A60064B074A07485A6029
:107C980004F0C6FABDE80840F0F75EB8C800002056
:107CA800152D020110010020EFBB0201058801011A
:107CB8000820000001AF0201092000001BAF0201EB
:107CC800062000009FFA01010A20000041B10201CC
:107CD800072000009D7202017C2000007D6F0201D8
:107CE80013B50A4B93F90230002B0C460CDA02222A
:107CF800572101A803F0E6F821880090684604F0AF
:107D0800F5FA01A804F062F802B010BD30010020B5
:107D180008B5064B064A1A61064B074A0748DA6057
:107D280004F084FABDE80840F7F79EBFC8000020B9
:107D3800C189020110010020057302010BC702016D
:107D48001D200000099402011E2000007D5102013F
:107D580034200000D13702011F2000000D6A020103
:107D680033200000ED2502017B20000089F4010189
:107D780038B50379044603F0070502F0E5FE002351
:107D88002360064B03EBC5035A6814605C6001F07E
:107D980089FFBDE8384003F03BBA00BF70010020FE
:107DA80038B50379044603F0070502F0CDFE002339
:107DB8002360064B03EBC5035A6814605C6001F04E
:107DC80071FFBDE8384003F023BA00BF70010020FE
:107DD80038B9084B1A68184620F8101B01681A8031
:107DE8007047012801D1044BF4E70228F8D1034B6E
:107DF800F0E700BF303F0141343F0141383F0141C6
:107E080000B593B00C23ADF8003000238DF8043092
:107E18000388D0F8E820ADF8063090F8EC300292EC
:107E280068468DF80C30FFF76DFB13B05DF804FB66
:107E3800002330B51A461C46012500BF05FA03F198
:107E4800014008D001320133202BF7D1944220465B
:107E580038BF104630BD944238BF14460A46F2E790
:107E680007B5094B93F90320027093F902300B70A0
:107E7800064B0093022201232921EC20EEF742FE53
:107E8800002003B05DF804FB8A010020D0C0020185
:107E9800434D443A53657452616E64416464722C74
:107EA800616464723D307825303278253032782527
:107EB80030327825303278253032782530327800E3
:107EC80038B5046894F82C306BB10D78074B294607
:107ED8001B6820469847236D342105FB013100209B
:107EE80081F82F0038BD1F20FCE700BFA83401200F
:107EF80010B54FF4FA7004F006FC074A106048B158
:107F08000024064B4FF4FA7221461C7003F0CCFD96
:107F1800204610BD0720FCE7AC3401203535012090
:107F280013B5094C2378012B0CD16278022A09D1A8
:107F380006490091EC20C821EEF7E4FD03F046FD68
:107F48000023237002B010BDBC01002011BB020148
:107F580053434E3A46444361636865496E697428E1
:107F680031292C7374617475733D25640053434E35
:107F78003A4644436163686546726565283129005D
:107F880007B5FB230380084B1B6893F844300B703C
:107F9800064B0093022201233621EC20EEF7B2FDB6
:107FA800002003B05DF804FBAC01002008B7020113
:107FB80007B5084B1880084B1980084B009302221C
:107FC80001233A21EC20EEF79DFD002003B05DF877
:107FD80004FB00BF24350120263501202AA1020117
:107FE800272810B504460CD8FEF740FE58B1074BB9
:107FF80000221A7302221C701A71BDE81040FDF7A6
:1080080085B9122010BD0720FCE700BF44020020FC
:1080180010B5FDF7F3F8094B1B68D3F8804134B16C
:10802800D4E9001239B14A60D4E900231A6001F09A
:1080380037FA204610BDC3F88421F5E76002002016
:108048000A4B1B68D3F8FC215AB9D3F8000250B97F
:10805800B3F8F82142B9D3F80802B0FA80F0400921
:108068007047002070471046704700BF600200202C
:1080780008B540F2731004F046FB074B40F2731248
:108088000021186003F010FDFCF792F9034A136809
:1080980043F00803136008BDB8020020D03801413E
:1080A80048B9094B1A6842F004021A601A68D105E7
:1080B800FCD501207047054B1A8842F004021A804B
:1080C8001A68D205FCD5F4E7203A0141283A014163
:1080D8000A4BD3F8002C60F31742C3F8002CD3F8EE
:1080E800042C42F48022C3F8042C00BFD3F8042CDB
:1080F8005203FBD4D3F8280C80B270470024014106
:1081080008B502F05BFA094B1B79DA060DD4C107F2
:108118000BD45A0703D5BDE80840F6F7A9BA1B07E0
:1081280003D5BDE80840F9F7D7B908BD44020020D7
:1081380084B007B50DF1100C8CE80F003A238DF8C8
:10814800043005226B4605490120F8F738FE002067
:1081580003B05DF804EB04B0704700BF01050101EE
:1081680008B502F025FE074804F0DAF9064804F0DD
:10817800DDF9064B4FF0FF321A601F221A710020FA
:1081880008BD00BF7D77020175BA0201E002002038
:1081980000B5014689B028B101280ED0002009B0E9
:1081A8005DF804FB03AB1422184603F07DFC079A24
:1081B80000920FC8F6F71CFAF0E7F1F731FBEDE78C
:1081C8000A4B1A68012002F00F0200FA02F24EF27E
:1081D8001C01114049B103F5E6731A8842F01002F8
:1081E8001A801A8802431A80002070475C380141BF
:1081F80084B008B50DF1080C8CE80F00036893F8FB
:108208006D2012F0100207D00020E9F773FBBDE8DB
:108218000840002004B07047102103F0F5F8F6E795
:10822800D0E92423B2EBD30F0ED3B2EB930F0DD3C7
:10823800B2EB530F2CBF002002209B1A032B28BF40
:1082480001200630C0B270470420F6E70320F4E7A7
:1082580010B590F86C30044623F0030380F86C30B6
:10826800FCF7CCFFA36F1A0644BF23F08073A36703
:10827800A36F23F04003A36701F012F9002010BD9B
:1082880010B50A4B1A68002302F16C01CC7834B19E
:108298000C88844203D11B3302EB830010BD0133E9
:1082A800082B01F10401F1D10020F7E70035012086
:1082B80038B50A4C23680C2101FB00310546486992
:1082C80008B104F022FA0C2005FB000320681844CA
:1082D800002303604360836038BD00BF0035012080
:1082E80038B5094C236825463BB12B68074AC3E9D2
:1082F8000022C3E90222012038BD102004F003FA4D
:1083080020600028F1D1F7E70435012067C7020192
:1083180053B94AB9002908BF00281CBF4FF0FF31E4
:108328004FF0FF3004F022BAADF1080C6DE904CE2D
:10833800E3F76CFEDDF804E0DDE9022304B07047E2
:10834800434D443A5365744461746152656C617479
:108358006564416464724368616E67652C68646C27
:10836800653D25642C726561736F6E3D256400431D
:108378004D443A52644C6F63616C5250412C6164B5
:1083880064723D30782530327825303278253032A5
:10839800782530327825303278253032780070B53B
:1083A800054604890134A4B2204604F057F960B1A7
:1083B8000646042300F8013B2A89696802F030FD6B
:1083C800324621460020F9F741FA70BD00B593B056
:1083D80041F21303ADF800300B88ADF8043051F8C2
:1083E800023FCDF8063068468B88ADF80A30FFF7B3
:1083F80089F8002013B05DF804FB00B593B041F292
:108408001203ADF80030037C8DF8053090F8483041
:108418008DF804206846ADF806108DF80830FFF78F
:1084280071F813B05DF804FB10B5046894F8F830DF
:1084380053B194F8FF304BB90121204601F06CF894
:1084480043F60143A4F81731002010BD43F001039F
:1084580084F8FF30F4E700B593B0D0F8B43141F2B6
:108468000602ADF800200288ADF8042068469A6933
:10847800DB69CDF80620CDF80A30FFF743F813B0D2
:108488005DF804FB434D443A52645065657252509E
:10849800412C616464723D30782530327825303261
:1084A80078253032782530327825303278253032C8
:1084B8007800F0B500240746204665B2AB4200DCE0
:1084C800F0BD0E5D12F804C0351AA5EB0C05EDB22F
:1084D800AE4202D034BF012000203D550134ECE704
:1084E800F8B504680E46002504B9F8BD237A042BB4
:1084F8000BD045B1A06903F024F901463046E7687E
:10850800FCF756FBF8602468EEE70125FBE738B571
:10851800002001F091FB0546012001F08DFB45F498
:108528004151044689B2002001F098FB44F0100143
:1085380089B20120BDE8384001F090BB434D443A70
:10854800456E68616E636564526561645478506F06
:108558007765724C6576656C004552523A53746182
:108568007475733D30782578004C4C43503A496E09
:108578007374616E74557064617465642C48646CBE
:108588003D3078253034782C6F70436F64653D300A
:10859800782530327800434D443A44544D5F547244
:1085A800616E736D697474657254657374436D6438
:1085B8005634004552523A5374617475733D30789D
:1085C800257800484F53543A436D64207263762CE3
:1085D8004772703D3078253032782C5375623D30C3
:1085E80078253032782C4F703D307825303278003D
:1085F80099C10201C957020181C102018DC102015D
:108608002992020175C1020115FB01015DC1020138
:1086180069C1020175BD0201AD4F01014FF08073C0
:1086280040F8043C21F0010140F8081C054B40F8D3
:108638000C3C40F8202C6FF0020340F8243C4438EE
:10864800704700BFE3A4020108B54FF0200383F38D
:108658001188BFF36F8FBFF34F8FE7F7E7FF18B1AC
:10866800034B4FF080521A60002383F3118808BD32
:1086780004ED00E00123C3730368074A934203D063
:10868800064A934204D07047134602221A7570476F
:10869800134602221A75F6E7000C0040001000404D
:1086A80038B5054604200C46F8F74EF968B18388BA
:1086B800C58003F0F80343F4007343F0010383809B
:1086C8008460BDE8384000F0C3BE38BD70B5094DC0
:1086D8000646082455F8043B23B9013C14F0FF046E
:1086E800F8D170BD314631F8040B98470028F4D012
:1086F800F7E700BF1001002007280CD8074A084BED
:1087080032F8102033F810308A4204D88B422CBF3C
:108718000020012070470120704700BFF4BD02010E
:10872800E4BD020110B5094A002300BF32F8334006
:10873800844205D102EBC3035B689847012010BD52
:1087480001332D2BF2D10020F9E700BF7424010179
:1087580000B593B000236A4601464120FDF7A9FF02
:108768004022054902F05CFB684603F02FFB00201D
:1087780013B05DF804FB00BF48580201094BD3F859
:10878800002C60F31742C3F8002CD3F8042C42F4F1
:108798008022C3F8042C00BFD3F8042C5203FBD466
:1087A800704700BF0024014138B5054607200C4634
:1087B800FFF736FA4FF6FE7101400720FEF75EF824
:1087C80061882078FEF75AF82846002102F087FBD6
:1087D800002038BD38B5054607200C46FFF720FABB
:1087E8004FF6FE7101400720FEF748F861882078AF
:1087F800FEF744F82846002102F071FB002038BD3E
:1088080008B5074B1B68984738B9064B1B6898474B
:1088180018B9054B1B68984700B10C2008BD00BF6C
:1088280050340120543401204C34012010B5094A39
:10883800002300BF32F83340844205D102EBC30362
:108848005B689847012010BD01330A2BF2D1002044
:10885800F9E700BF8037020108B541F212039842D8
:108868000AD00133984209D10122054B03EBC20318
:108878005B689847012008BD0022F6E70020FAE768
:1088880004BE020108B542F2190398420AD06433C3
:10889800984209D10122054B03EBC2035B68984754
:1088A800012008BD0022F6E70020FAE714BE020105
:1088B80010B5094A002300BF32F83340844205D17D
:1088C80002EBC3035B689847012010BD01331C2BE2
:1088D800F2D10020F9E700BF4471010110B5094A3F
:1088E800002300BF32F83340844205D102EBC303B2
:1088F8005B689847012010BD0133132BF2D100208B
:10890800F9E700BFF4BC010108B542F21A03984226
:108918000AD00133984209D10122054B03EBC20367
:108928005B689847012008BD0022F6E70020FAE7B7
:1089380024BE020108B542F20D0398420AD0013361
:10894800984209D10122054B03EBC2035B689847A3
:10895800012008BD0022F6E70020FAE734BE020134
:1089680008B542F2410398420AD00133984209D12E
:108978000122054B03EBC2035B689847012008BD41
:108988000022F6E70020FAE754BE020108B541F2DA
:108998000D0398420AD00433984209D10122054BAD
:1089A80003EBC2035B689847012008BD0022F6E785
:1089B8000020FAE744BE020108B542F20B039842D0
:1089C8000AD00133984209D10122054B03EBC203B7
:1089D8005B689847012008BD0022F6E70020FAE707
:1089E80064BE020110B5094A002300BF32F83340C3
:1089F800844205D102EBC3035B689847012010BD90
:108A08000133082BF2D10020F9E700BF48590201D1
:108A1800084B1A6842F005021A601A685207FCD41B
:108A28001A68D207FCD4044B53F804290A801B683F
:108A380003607047143E01410C3E0141084B1A681F
:108A480042F005021A601A685107FCD41A68D20766
:108A5800FCD4044B53F80419186889B203F026BEF5
:108A6800143E01410C3E014110B50221044600208C
:108A780001F08AFC50B11D230373054B1B681B7B57
:108A8800437301462046F2F7C3FE012010BD00BF24
:108A9800AC01002010B502210446002001F074FC4E
:108AA80050B11E230373054B1B681B7B43730146A0
:108AB8002046F2F7ADFE012010BD00BFAC0100203A
:108AC80038B590F8E43005460C4673B90820EFF73E
:108AD800C9FDC5F8B401E388C3802146D5F8B4318F
:108AE80051F8012F1A600A791A7138BD90F8E230EE
:108AF800132B0AD1D0F8B03133B14A789A708A78FA
:108B0800DA70B1F803209A80704790F8E430132B9C
:108B1800FAD1D0F8B431EFE738B50546D5F8A44115
:108B280004B938BD2368C5F8A4311BB905F5D2735B
:108B3800C5F8A831A06803F0E8FD204603F0E5FD7C
:108B4800ECE700BF430803F05533C31A980800F058
:108B5800333003F03333184400EB101000F00F30BB
:108B680000EB102000F0FF1000EB104080B27047BF
:108B780013B5084C2378012B0AD1074A0092C72164
:108B88000222EC20EDF7BEFF02F020FF0023237045
:108B980002B010BDBC01002024BB020108B5ECF7EF
:108BA8003DFE70B9FDF74CFB064A1378590704D40B
:108BB80043F00403137002F07DF8BDE8084000F0AC
:108BC800C9B808BD3635012007B5084B1B681872AF
:108BD80059729A72064B0093022201233821EC2025
:108BE800EDF790FF002003B05DF804FBAC01002016
:108BF800A0B7020113B5FB24048044F2902008803A
:108C080014801880054B0093022201233B21EC209D
:108C1800EDF778FF002002B010BD00BF89AA02015D
:108C280008B502F00BF902460B46E4F733FE0022C2
:108C3800054BE5F7E3FE41EC100BEFF7E1FD51ECD6
:108C4800100B01F039FA08BD0088834008B502F01E
:108C5800F5F802460B46E4F71DFE0022054BE5F742
:108C6800CDFE41EC100BEFF7CBFD51EC100B01F0F2
:108C780023FA08BD00888340094B012815BF1868EE
:108C88001B68D0F84832D3F84C226FEA01010BBFB9
:108C98000A400B40C3F84C22C0F84832704700BF66
:108CA8006002002007B50DF10701FCF751FB48B938
:108CB80006499DF80720012303FA02F20B7823EAFC
:108CC80002030B7003B05DF804FB00BFB402002080
:108CD800480638B50C46154601D5FFF711FAE104E8
:108CE80001D502F049F8A20401D502F053F8EB06C9
:108CF80003D5BDE8384002F0AFBE38BD064B074982
:108D080010B500241C60064B1C60064B02201C603A
:108D180003F018FC204610BDD4020020C58F0001C6
:108D2800D0020020D802002038B5C46B237E6BB96E
:108D3800074D05222946A01D02F064F830B12B68C2
:108D4800E3612B7984F820300123237638BD00BFF6
:108D5800E002002010B5F3F7C1FA044648B9064A04
:108D68001378590705D443F004030448137003F03B
:108D78000DFC204610BD00BFEC32012089C5000162
:108D880090F8F43013F0020309D0074B1B685B001E
:108D980007D5C07F04288CBF0020012070471846E3
:108DA80070470120704700BF303401417FB50E790C
:108DB80016F0300F04D1FCF7E3FE002004B070BDBC
:108DC800CDE90201009202AB082202490120F9F71D
:108DD800C9FEF2E74104010138B504680546FCF70D
:108DE8000DFAA36F23F4F81323F40463A36700F0C8
:108DF80057FBA36F1B0604D52846BDE83840EDF79E
:108E080001B938BD08B5084B00221A61074B1B7819
:108E18001BB1012B04D0002008BDF4F7C3FDFAE70D
:108E2800F4F704FEF7E700BF4402002059020020CF
:108E38001FB5094C24686CB1ADF80630069B029347
:108E4800079BADF80000ADF80210ADF804200393BD
:108E58006846A04704B010BD08350120434D443A88
:108E6800536574457874416476456E61626C652C0F
:108E7800656E61626C653D2564004144563A7365D0
:108E88007449643D256400434D443A4578745365FC
:108E98007452616E64416464722C68616E646C65BE
:108EA8003D2564004552523A7374617475733D25CB
:108EB800640007B51A2101A8CDF804D003F010FA10
:108EC80001A8012103F00CFA012101A803F008FA16
:108ED800684602F07BFF03B05DF804FB13B5044657
:108EE800102101A8CDF804D003F0FAF901A8012156
:108EF80003F0F6F9214601A803F0F2F9684602F0FA
:108F080065FF02B010BD37B5054601910DF10300AC
:108F180001A903F0B6F801999DF80300F3F708FBDF
:108F280004460146284601F0DAFF204603B030BD6A
:108F380037B5054601910DF1030001A903F0A1F829
:108F480001999DF80300F4F7D9FB04460146284629
:108F580001F0C5FF204603B030BD37B50546019185
:108F68000DF1030001A903F08CF801999DF80300A5
:108F7800EEF7CAFF04460146284601F0B0FF204636
:108F880003B030BD434D443A536574457874416429
:108F98007644617461004144563A73657449643D8E
:108FA80025642C646174614C656E3D256400434DF5
:108FB800443A5374617274456E63727970742C48C4
:108FC800646C3D307825303478004552523A7374D9
:108FD800617475733D25640000B593B041F21F03B9
:108FE800ADF800300388ADF8063090F82A308DF8D7
:108FF800041068468DF80830FEF784FA13B05DF85F
:1090080004FB042810D8012202FA00F313F0170316
:109018000AD0042908D802FA01F313F0170303D081
:10902800431A5842584170470020704710B505212F
:109038000446002001F0A8F960B125230373D4F891
:109048004431D3F81E30C0F80D3001462046F2F7FF
:10905800DFFB012010BD38B590F8E2308B420446A2
:109068000D4602D10021F0F77DFB94F8E430AB42C5
:1090780005D120460121BDE83840F0F773BB38BD63
:10908800434D443A416464524C2C616464723D30EF
:1090980078253032782530327825303278253032CC
:1090A80078253032782530327800434D443A41648F
:1090B80064574C2C616464723D30782530327825D1
:1090C800303278253032782530327825303278259C
:1090D8003032780008B561B9031D406840B1018994
:1090E8004289914209D102681A6003F00EFB0120FF
:1090F80008BD00F108038068F0E70020F8E78A78E7
:10910800042A04D80123934013F0170F01D1002338
:109118008B70CA78042A04D80123934013F0170FE0
:1091280001D10023CB707047F0B5002507462846CB
:109138006CB2A34200DCF0BD4E5D545D344404447F
:10914800E4B2A64202D08CBF012000207C55013534
:10915800EEE710B590F86D309A0704460DD443F049
:10916800020380F86D3000F5997002F01DF904F5DE
:109178008D70BDE81040F7F787BD10BD434D443AE8
:10918800526D524C2C616464723D307825303278CF
:1091980025303278253032782530327825303278CB
:1091A8002530327800434D443A526D574C2C616457
:1091B80064723D3078253032782530327825303267
:0E91C800782530327825303278253032780024
:1091D80008B5064803F000F8054803F003F8054809
:1091E80003F006F80C20F6F7CBFC08BDE54F0201AA
:1091F800453F0201C52B020138B50024074D04E0A4
:10920800F4F724FD0134042C06D0E0B26B6AE34085
:1092180013F0010FF6D0F3E738BD00BF004000415E
:10922800074B93F82C3043B1064B84221A75044B34
:10923800002283F82C20DA611A620120704700BFEF
:1092480018310120000C004008480068006880F3CD
:1092580008884FF0000080F3148862B661B6BFF347
:109268004F8FBFF36F8F00DF00BF000008ED00E0F5
:10927800074B1B681B6823B9064B4FF0FF321A6077
:109288007047034B1B68DB681A68024B1A6070470B
:10929800143401203434012038B5084B1B680546C6
:1092A8000C46DB6B984721462A4601F0B9FDBDE81C
:1092B800384001460120FFF7F3B900BF58010020EC
:1092C80038B5084B1B6805460C46DB6B98472146AA
:1092D8002A4601F0A5FDBDE8384001460220FFF707
:1092E800DFB900BF5801002010B504460120F7F788
:1092F8002BFB50B14268047202F0F801034A0A439A
:109308004260BDE8104000F0A3B810BD01020300A0
:1093180030B585B005220546019102A801A902F0E1
:1093280005FB02A8F7F778FB04460146284601F03A
:10933800D6FD204605B030BD37B5054601910DF183
:10934800030001A902F09DFE9DF80300F7F7E4F879
:1093580004460146284601F0C2FD204603B030BD50
:1093680037B5054601910DF1030001A902F089FE08
:109378009DF80300F5F772FB04460146284601F004
:10938800AEFD204603B030BD054B064A5A61064B78
:10939800064A1A61102140F27260E7F771B800BFFF
:1093A800C800002069890201100100209589020186
:1093B8008388408883420DD8043B9BB243F6FC72F5
:1093C800934207D8032805D9B0F5804F8CBF1220E7
:1093D800002070471220704737B5054601910DF1FE
:1093E800020001A902F0F2F8BDF80200F7F7E4FB69
:1093F80004460146284601F072FD204603B030BD00
:1094080037B5054601910DF1030001A902F039FEB7
:109418009DF80300FEF7E4FD04460146284601F0E6
:109428005EFD204603B030BD07B5074A03790190B9
:1094380012680648526A03F0070301A900EB83008B
:10944800904703B05DF804FB58010020800100201C
:1094580013B5074A0379019012680648146A03F0A5
:109468000703002201A900EB8300A04702B010BD4A
:10947800580100208001002010B5064B0648002442
:10948800202221461C7002F00FFB044BC3E9004464
:1094980010BD00BF4F2F012058320120BC330120DE
:1094A800074A13785BB1013BDBB213703BB9054B3C
:1094B8004FF480525A6052005A6012035A60704743
:1094C8002F35012000E100E0084B1A4642F8040B52
:1094D800118053F8102F42F4E0421A601A68910480
:1094E800FCD41A68D204F9D4704700BF003E014189
:1094F800074B1A8842F040021A801A685206FCD4B8
:10950800044B53F8042B02601B680B80704700BFA4
:10951800143E0141003E014138B590F8FF30044641
:109528000D4623B9D0F86C0138B1F1F713FD94F862
:10953800FF301D4384F8FF5038BDD4F86801F4E7C4
:10954800084B1B685B680BB91846704793F8F920FD
:109558001AB1DA6B5269824201D01B68F3E7012025
:10956800704700BF98010020434D443A436F6E6E28
:109578005570646174652C48646C3D3078253034CE
:1095880078004552523A7374617475733D256400CE
:10959800434D443A5365745068792C48646C3D30A7
:1095A8007825782C7478506879733D25642C727806
:1095B800506879733D25640010F0010F4FEA4003AD
:1095C80018BF43F0010320291DBF012202FA01F14F
:1095D80001F1FF314FF0FF3158400840FFF7B2BAB0
:1095E80013B5084B00930446012302222221EC20E4
:1095F800EDF788FA20460821F7F712FB002002B0A1
:1096080010BD00BF5CC40201434D443A5365744821
:109618006F73744368616E6E656C436C617373003D
:109628004552523A5374617475733D307825780009
:10963800434D443A577269746552465061746843A1
:109648006F6D70656E736174696F6E2C54783D250B
:10965800642C52783D25640053434E3A45525221BA
:10966800207469643D25640053434E3A5741524E75
:1096780021207072696D506475436E743D256400D5
:1096880010B5064BDB880380054B00241C70054B86
:109698001868F1F75FFC204610BD00BF44020020A7
:1096A800590200205C02002038B506220321044636
:1096B800FBF716F9054648B194F86D3023F06003BE
:1096C80084F86D3001212046F0F74CF8284638BD63
:1096D80010B5C36E044613B9436998420BD063783A
:1096E8006FF3820363702046E7F7CCFE2046BDE89F
:1096F8001040FEF725B810BD084B012815BF1868A3
:109708001B68D0F84832D3F84C2213BF0B430A43E6
:10971800C3F84C22C0F84832704700BF60020020EE
:10972800C1F30803074A490A2BB94942114043EAE1
:109738004121FBF73DBAC3F59C7301339BB25140FD
:10974800F5E700BFFFFF7F0010B5084B1C7800222B
:1097580024FA02F313F00103D1B204D00132082A2B
:10976800F6D1072010BD01701846FBE7B4020020AF
:1097780010B590F8FA300C463BB1F2F7CFF9054B2B
:109788001A881CB942F004021A8010BD42F008027F
:10979800FAE700BFC602002010B4C488074B220AAB
:1097A80053F8223033B100F10C028168E0B25DF861
:1097B800044B18475DF8044B704700BFA4310120E3
:1097C800431E022B06D8074A137843F0010313708F
:1097D800F1F77EB90028FBD1024A137843F002035F
:1097E800F5E700BFDC02002084B008B50DF1080CD5
:1097F8008CE80F00036893F86D30DB0603D4049AF5
:10980800112101F001FEBDE80840002004B07047B6
:1098180025000102030405060708090A260B0C0D9A
:109828000E0F101112131415161718191A1B1C1DD8
:109838001E1F202122232427084B1A6800230C32DC
:109848001178012902D15188814205D00133DBB258
:10985800082B02F10C02F3D118467047003501209D
:10986800434D443A4C746B5265715265706C792C57
:1098780048646C3D30782578004552523A737461DB
:109888007475733D256400434F4E4E3A4C6C6370BB
:109898005478446F6E653A48646C3D3078253034AE
:1098A800782C4F70436F64653D307825780060B13F
:1098B80088420CD310B50C4602220021FAF77BFA35
:1098C800034600B18463184610BD002300E000235E
:1098D8001846704738B504460D4600F00FFEA36CD5
:1098E80023B1002401F0AAFF204638BDA36B13B9A9
:1098F800A5640124F6E70024F4E708B5D0F80510BC
:109908004378012B02D0022B05D008BDB0F8030024
:10991800FFF7C2FCF9E7B0F80300FFF7D1FCF4E762
:1099280010B58CB00C462822842101A801F0CAFA8F
:10993800282200902146684602F002F801A802F0A9
:1099480045FA0CB010BD434D443A536574416476F2
:10995800506172616D2C747970653D2564004552C3
:10996800523A7374617475733D256400434D443AEB
:109978005365745041456E61626C652C656E616219
:109988006C653D25640050413A73657449643D2512
:109998006400434D443A446973636F6E6E65637443
:1099A8002C48646C3D3078253034782C72656173AE
:1099B8006F6E3D253032640090F8E2305BB990F864
:1099C800E42042B990F8AC313BB9D0F8A401B0FA20
:1099D80080F0400970470020704701207047434DD0
:1099E800443A53657450434C5072657365742C55F2
:1099F800703D25642C4C6F773D25642C737465701D
:109A08003D25640000B593B01323ADF80030012361
:109A18008DF804300388ADF806306846ADF80810B4
:109A2800FDF770FD13B05DF804FB10B5013A52B2B2
:109A3800130601D5002010BD845C8B5C9C4205D8C0
:109A480002F1FF32F4D24FF0FF30F4E70120F2E7E1
:109A580030B500248C4202D30023184630BD03469B
:109A6800407813F8025B9042F7D0681C0444013D2B
:109A7800E4B25819EEE730B5891A00F1824000F5D2
:109A8800B0304D1C0121A94004880139914024EAD5
:109A9800010493401C43A4B2048030BD08B5036898
:109AA8009A6F120601D4002008BDD3F89020013A1D
:109AB800C3F89020002AF6D18021F3F7A7F80120F7
:029AC800F2E7C3
:109ACC00064B00221A62064A1A6202F12B42A2F5D8
:109ADC004B12A2F6AB421A62704700BF000600445C
:109AEC00556699AA38B50446EFF3108572B6FFF7A0
:109AFC00E7FF24F07F44034BC3F8F44085F3108850
:109B0C0038BD00BF0006004408B50421FDF7F6FF80
:109B1C00012008BD074B19680868B0E8F04F80F3C6
:109B2C000988BFF36F8F4FF0000080F311887047E6
:109B3C00AFF3008010340120026C72B110B5C36811
:109B4C001344C3608468A34224BF0368C3600C46FB
:109B5C00C168204601F062F910BD704710B502468D
:109B6C0000210120FAF725F9044638B10021816063
:109B7C000160C1600B460A46E8F7DEFD204610BDC9
:109B8C0010B50446416851B10268022383738B8877
:109B9C0028328968007BECF7FBFCA07B10BD01230D
:109BAC008373FAE71FB50B461446014602AA03203D
:109BBC00FCF77DFD2146019001A802F095FB02A85F
:109BCC0002F002F904B010BD30B41546064A5468D0
:109BDC003CB100EB01301A462946234680B230BC1A
:109BEC00184730BC704700BF0001002008B5054B7A
:109BFC00054A0648DA6102F01DFBBDE80840FBF798
:109C0C001DBF00BFC80000203D89020107C702012B
:109C1C0010B500F097FF064B1B7804461BB1FCF700
:109C2C0077FAE8F73BFE2046BDE8104000F038B864
:109C3C002C350120012805D008B1022804D0034B93
:109C4C0018887047024BFBE7024BF9E71C350120E3
:109C5C001E3501202035012010B9054B19807047A5
:109C6C00012801D1034BF9E70228F8D1024BF5E7A3
:109C7C00203F0141243F0141283F014110B5064CD2
:109C8C0001222270054A126802B1904701F0B2FA23
:109C9C000023237010BD00BF303501208834012013
:109CAC0007B5074A0190137833B1013BDBB213704F
:109CBC0013B901A802F006FB03B05DF804FB00BF6A
:109CCC0031350120064B1A8842F001021A801A68BD
:109CDC00D207FCD4034B186820F07040704700BFCB
:109CEC00143E0141083E014108B5FFF7EBFB064B62
:109CFC001B6813F0060F05D040210020BDE808407A
:109D0C00FEF764B808BD00BF203F01412423222187
:109D1C00201F1E1D1C1B1A191817161514131211AF
:109D2C00100F0E0D0C0B0A0908070605040302019F
:109D3C00074B1B68586800B9704790F8F83013B19E
:109D4C0090F821300BB90068F5E70120704700BF8F
:109D5C009801002010B5074B1B685C6804B910BD56
:109D6C0094F8F83023B1002211462046F8F7A2FEF1
:109D7C002468F3E798010020074B1A681AB192F88F
:109D8C009800012806D0586820B190F89800431E1E
:109D9C0058425841704700BFCC33012000B593B0F6
:109DAC000823ADF8003003888DF804106846ADF830
:109DBC0006308DF80820FDF7A3FB13B05DF804FB0B
:109DCC00434D443A5265616452656D6F74655573C9
:109DDC00656446656174757265732C48646C3D30BE
:109DEC0078257800434D443A52656D7465436F6E27
:109DFC006E50617261725265715265706C792C484B
:109E0C00646C3D307825780010B51C46044B186006
:109E1C00044B1046196002F0A9FA034A146010BDF5
:109E2C009C34012094340120A401002010B5C37D82
:109E3C0004464BB90821FCF7E3F908B9002010BD22
:109E4C00012084F8E200FAE7012BF7D10E21F2E7AA
:109E5C0038B50A460F210546FAF740FD044638B1DD
:109E6C0095F8E430112B03D101212846EFF778FC4B
:109E7C00204638BD38B590F8E43004460D4653B949
:109E8C000A20EEF7EDFBC4F8B4016B780370D4F83C
:109E9C00B431AA785A7038BD10B5837E113BDBB251
:109EAC00122B96BF044A0021D15C0446F3F7D4FF71
:109EBC00A4F8600010BD00BFD8BA020113B5074B5F
:109ECC0000930446012302221B21EC20ECF718FE20
:109EDC0008230020237002B010BD00BF4DC1020149
:109EEC0013B5074B00930446012302222421EC20D6
:109EFC00ECF706FE08230020237002B010BD00BF53
:109F0C0040C1020110B5074BDA69013ADA6132B986
:109F1C001A6ADA610124F4F713FF204610BD0024FD
:109F2C00F9E700BF68370120074B1B680BB91846CF
:109F3C00704799680A7A043A012AF6D80A68126BB3
:109F4C008242F2D10120704768020020074A13694F
:109F5C001B1A136193680344B3F5C06F83BF6FF48E
:109F6C00C0615B180120002093607047E80100205D
:109F7C00D0F8B4311A7880F840205A7880F8412013
:109F8C009A7880F84220DA7880F843201B7980F8A0
:109F9C004430704710B5446F88B05CB1036FCDE9A5
:109FAC00033008AB13E903008DE8030003AB0ECBC1
:109FBC000320A04708B010BD10B5446F88B05CB149
:109FCC00036FCDE9033008AB13E903008DE8030000
:109FDC0003AB0ECB0420A04708B010BD10B54378DE
:109FEC00DA0704460BD500229B070270827001D45D
:109FFC00F4F7BCFA2046BDE81040F4F799BF10BD49
:10A00C00074B1B680BB91A4608E09A68117A043999
:10A01C000129F6D8116809888142F2D1104670479F
:10A02C006802002038B5074D00242B681B78E340EC
:10A03C00DB07E1B202D50120E9F7B8FC0134082CAA
:10A04C00F3D138BDB802002010B50468FBF7D4F882
:10A05C00A36FD4F8CC0023F0807343F00073A36794
:10A06C00F8F70CF8BDE81040FFF718BA074A137957
:10A07C00D8060AD599064CBF03F0BF0303F07F0343
:10A08C0083F020031371F7F725BA704744020020C0
:10A09C0038B590F8E43004460D4653B90220EEF77B
:10A0AC00DFFAC4F8B4016B780370D4F8B431AA7831
:10A0BC005A7038BD0B0D40F21E42D21A09DBCB028E
:10A0CC0043EA505040F00040202A28BF2022D040C4
:10A0DC007047490080417047434D443A536574437F
:10A0EC006F6E6E5478506F776572507265736574CD
:10A0FC002C73656C5077723D25640053434E3A6364
:10A10C006C725365635265712C7469643D256400EF
:10A11C0053434E3A636C7250726952657100434DF1
:10A12C00443A5772697465537567676573746564EF
:10A13C0044656661756C744C656E677468436D64D8
:10A14C0000434D443A53657450415278456E6162F8
:10A15C006C652C68646C3D25642C656E61626C6565
:10A16C003D25640008B5012809D0022804BF01234D
:10A17C0081F8353001F14800FBF734FF08BD0023AE
:10A18C0081F83530F6E708B5012809D0022804BF5C
:10A19C00012381F8343001F14400FBF723FF08BDA3
:10A1AC00002381F83430F6E70369416882688A60DD
:10A1BC00416851605A68824204BF82685A6000222A
:10A1CC000261186801381860704710B50C680023DC
:10A1DC000A799A4204D8002100F07FFE002010BDBD
:10A1EC00CA185279E2540133DBB2F1E738B50B46A9
:10A1FC008A7891F90110054693F90000F8F7AAFB4B
:10A20C0004460146284600F068FE204638BD13B5CA
:10A21C0001220C466846842100F052FE2178019000
:10A22C0001A802F05BF8684601F0CEFD02B010BD4B
:10A23C0013B501220C466846842100F041FE2178BA
:10A24C00019001A802F04AF8684601F0BDFD02B089
:10A25C0010BD10B50A68937854781B0403EB0423E3
:10A26C001478D278234403EB026303600B68043345
:10A27C000B6010BD08B5FFF7C3FE40B1006890F845
:10A28C00F0305B0705D501F0F7F9002008BD02207E
:10A29C00FCE71A20FAE700B593B03023ADF8003094
:10A2AC0000238DF804300388ADF806306846FDF7BE
:10A2BC0027F913B05DF804FB38B504460D460020B1
:10A2CC00022100F05FF838B1022303734573014695
:10A2DC002046F1F79BFA012038BD38B504460D46EF
:10A2EC000020022100F04EF838B1072303734573A8
:10A2FC0001462046F1F78AFA012038BD10B590F8D6
:10A30C00F430DB07044609D500F5BA70ECF7B4F964
:10A31C0004F5C670BDE81040ECF7AEB910BD49B1FC
:10A32C00807E112808D0122808D010F0200018BF09
:10A33C0004207047407EF4E70120704702207047EC
:10A34C00434D443A5365744164765478506F776545
:10A35C00725072657365742C73656C5077723D2501
:10A36C00640010B50C4680F829100088FFF748FEF1
:10A37C00162C03D1BDE8104000F07EBCBDE81040A7
:10A38C0000F088BC38B5054601F10C000C4602F013
:10A39C00B8F938B10379448165F3051303710023CF
:10A3AC000381036038BD434D443A52656164537573
:10A3BC006767657374656444656661756C744C6538
:10A3CC006E677468436D640007B5426F3AB149B16A
:10A3DC00019001AB042205210220F6F7EEFC03B03C
:10A3EC005DF804FBFAF776FBF9E712290AD002D8DC
:10A3FC00112904D070472139022905D97047012150
:10A40C0001F083BE0221FBE70321F9E7CB681A7840
:10A41C0080F840205A7880F841209A7880F84220C1
:10A42C00DA7880F843201B7980F84430704710B5F7
:10A43C0004680A46D4F8B01029B1FEF7B5FC002325
:10A44C00C4F8B03010BD1046BDE81040FCF7A2BFF8
:10A45C0010B50468204601F0DFFDFAF7CDFEA36FBE
:10A46C0043F0006343F00103A367BDE81040FFF71E
:10A47C0015B810F0004160B148BF40420A0D02F21D
:10A48C001D42B0FA80F3D21A9840C30A400503EB80
:10A49C0002517047434D443A5265616452656D6F89
:10A4AC007465566572496E666F2C48646C3D3078E5
:10A4BC002530347800434D443A5265616443684D0D
:10A4CC006170436D64004552523A537461747573F4
:10A4DC003D307825780082B0002301934FF02003A3
:10A4EC0083F31188BFF36F8FBFF34F8F019B002B4A
:06A4FC00FCD002B0704725
:10A504004FF0200383F31188BFF36F8FBFF34F8F96
:10A51400024A136801331360704700BF6437012097
:10A5240070B505460E46FEF76DF9044610B930467F
:10A53400F5F788FF2846214600F0D3FC204670BD7D
:10A54400034B044A9A60044B044A9A60F0F7BCBB7C
:10A55400C800002035880201100100206188020132
:10A56400034B044A9A61044B044A5A61F5F7B8BB99
:10A57400C8000020ED89020110010020D569020104
:10A5840010B1054B1B78037021B1044B1A680A60A3
:10A594009B888B80704700BF640100206501002008
:10A5A400054B1A8842F001021A801A68D207FCD4BB
:10A5B400024B1868704700BF143E0141083E014138
:10A5C400054B1A8842F002021A801A689207FCD4DA
:10A5D400024B1868704700BF143E0141003E014120
:10A5E400054B1A8842F008021A801A681207FCD434
:10A5F400024B186880B27047143E0141043E014189
:10A60400054B1A8842F004021A801A685207FCD4D7
:10A61400024B186880B27047143E01410C3E014160
:10A6240008B5064B1868F021043001F091FE0022B1
:10A634001146BDE80840F8F741BA00BF9801002070
:10A64400064B1B68586800B9704790F8F8300BB196
:10A65400037B0BB10068F6E70120704798010020E6
:10A6640010B5064B16301B6853F820300C4613B156
:10A67400114620469847002010BD00BF90340120A9
:10A6840008B5036893F8FF1041B993F80121501EEF
:10A6940042424241D3F8680100F08BFC002008BD1F
:10A6A4004B7880F8E8308B7880F8E930CB7880F804
:10A6B400EA300B7980F8EB304B7980F8EC30704756
:10A6C40090F8E23003F0EF03032B08D1D0F8B03157
:10A6D4002BB14A781A70D0F8B0318A785A70704722
:10A6E40010B5064C236843B11B68186D02F00FF8CF
:10A6F4002068FAF783FA0023236010BDB00100201C
:10A704004348433A434820496E6420432C2564005F
:10A714004348433A434820496E6420502C25640042
:10A7240038B505680446E7F7C9FB12232B762046A3
:10A7340000220B21EFF700FBBDE83840FAF7C6BD55
:10A7440008B530B9044B1860044B1861084600F092
:10A75400D9FD002008BD00BF5C0200204402002097
:10A76400434D443A44544D5F456E68616E6365647D
:10A77400526563656976657254657374436D6400EC
:10A7840010B50446F9F78EFB0521204600F0F5F8D4
:10A7940028B194F8F43043F0020384F8F43010BD87
:10A7A400064B1B6893F82E2203EB4203B3F82602F0
:10A7B400B3F82A32184480B2704700BF6002002008
:10A7C400062340F2431203FB0020044B1B68184489
:10A7D40003680B6083888B80704700BFB802002039
:10A7E400054BD3F8682F60F3D752C3F8682F034B97
:10A7F4001B685870704700BF00240141B802002054
:10A80400064B1B681A78002322FA03F1C907D8B251
:10A8140003D50133082BF7D118467047B80200203E
:10A82400064B1B6AC3F30723012B04D9022B0CBF6D
:10A834004020202070478020704700BF000A004459
:10A84400054BB3F85600054B1B7800F07F00184405
:10A85400404240B2704700BF0060014188010020BF
:10A8640010B50446FEF7ECF801462046FEF75AFF01
:10A87400024B984294BF0020012010BD38FEFF7F98
:10A8840010B50446817E90F86000FBF79BF9617E69
:10A8940002460020FBF796F992B212FA80F010BD3E
:10A8A40008B5FAF717FA054B1A6842F010021A6055
:10A8B4001A6842F002021A6008BD00BF203A014142
:10A8C40008B5FAF72BFA054B1A8842F010021A80E1
:10A8D4001A8842F002021A8008BD00BF283A0141DA
:10A8E400636D642030782530347800554E4B4E4FDC
:10A8F400574E2048434920434F4D4D414E44004359
:10A904004D443A5365745041446174612C616476DA
:10A9140048646C3D25642C6C656E3D256400434D94
:10A92400443A53657441646472526573456E61625E
:0DA934006C652C656E61626C653D256400EC
:10A9420013B5044602210DF10600F6F76CF9BDF8C5
:10A95200063062899A42F5D0638102B010BD434D40
:10A96200443A45787452656D6F76654164765365F5
:10A97200742C68616E646C653D25640038B50446CC
:10A982000D4600200121FFF702FD28B105730146A3
:10A992002046F0F740FF012038BD10B5C36E0446D3
:10A9A2004BB94369984206D1E6F7EDFE2046BDE871
:10A9B2001040FCF7C8BE10BD07B549B1019001AB0C
:10A9C200042209210220F6F7FDF903B05DF804FB29
:10A9D200E6F779F9F9E700F1824000F5B030891A1B
:10A9E200038801310120884001389040184010410D
:10A9F20080B2704790F8E8304BB190F8CC2012F05A
:10AA0200240F04D190F8CD305A1E534253411846B8
:10AA1200704710B50023934206D113F0030018BF0C
:10AA2200012000EB930010BDC45CCC540133F2E76B
:10AA3200434D443A437265617465436F6E6E0045DF
:10AA420052523A7374617475733D256400434D44E8
:10AA52003A536574416476436F64696E6753636801
:10AA6200656D652C63733D25640053434E3A46443D
:10AA72004361636865496E69742832292C73746175
:10AA82007475733D256400434D443A526561644DCB
:10AA92006178696E756D446174614C656E67746846
:10AAA200436D6400434D443A437265617465537962
:10AAB2006E63004552523A7374617475733D256436
:01AAC2000093
:10AAC40010B50C46044B19681831FCF748FB0121FA
:10AAD4002046EEF781FA10BD1034012008B5024675
:10AAE400044B0868496803C31046002100F0F9F9D3
:10AAF400002008BD4001002008B50246044B086848
:10AB0400496803C31046002100F0EBF9002008BD9A
:10AB14003001002008B50246044B0868496803C3A5
:10AB24001046002100F0DDF9002008BD38010020A6
:10AB3400054B187029B10A68C3F801208A88A3F864
:10AB44000520F8F76BBE00BF6401002007B501A81B
:10AB540001F092FA034A019813780133137003B099
:10AB64005DF804FB31350120054B1A6842F440724C
:10AB74001A601A68D105FCD41A689205F9D4704792
:10AB8400103E0141054B1B68586800B9704790F8A6
:10AB9400F8300BB90068F8E70120704798010020ED
:10ABA4004144563A7265736368446573632C616407
:10ABB40076457674547970653D25640000B593B08C
:10ABC4005723ADF800300388ADF804306846FCF72D
:10ABD4009BFC13B05DF804FB434D443A4C746B5238
:10ABE40065714E65675265706C792C48646C3D30B4
:10ABF40078257800034B1860034B1960034B1A60E7
:10AC0400704700BFA034012098340120A001002027
:10AC14004A7890F8F23062F3041380F8F2308B78BB
:10AC240080F84831CB7880F849317047054B1A6871
:10AC3400C30800F00700D35C23FA00F000F0010021
:10AC4400704700BFAC01002010B5FFF7EFF90023F7
:10AC54001A4603490220BDE81040F6F7B2B800BF17
:10AC64000107010010B5054B53F820300C4613B111
:10AC7400114620469847002010BD00BF78310120BE
:10AC840007B50422019001AB03490220F6F799F8B5
:10AC940003B05DF804FB00BF8106010007B5042280
:10ACA400019001AB03490220F6F78BF803B05DF87D
:10ACB40004FB00BF82060100024B034A0349044817
:10ACC400FFF7A6B8ED63020155EC010185E100012F
:10ACD4006DDF0101C0F3080310F4007F40F271221C
:10ACE4004FEA902002FB003018BF00F59C707047BB
:10ACF400054B02460068186392889A865A6E61F37F
:10AD040018625A66704700BF00330141054B026860
:10AD1400C3F8362082885A875A6E61F359625A669C
:10AD2400704700BF00330141054BD3F8682F60F32F
:10AD34001242C3F8682FD3F8700F00F00100704777
:10AD44000024014170B5054601F0C2FB446834B1EA
:10AD540000232946A4461A46BDE87040604770BDEA
:10AD640008B5044801F0A6FA0348BDE8084001F01C
:10AD7400A7BA00BF49AD02019DD80101054A137865
:10AD8400580706D4990704D523F002031370FFF77C
:10AD940071B9704748350120054A1378580706D41D
:10ADA400990704D523F002031370FAF75BBB7047CD
:10ADB4004835012010B5044B044800241C6001F000
:10ADC400DBFB204610BD00BFFC34012011560101FD
:10ADD400836FCA6843F002038367438F9B00036752
:10ADE400528803EB8203C0E91C31704707B5042283
:10ADF400019001AB03490120F5F7E3FF03B05DF8CF
:10AE040004FB00BFF104010130B501390024A24262
:10AE140006D0035D01340D5DAB42F8D0581B00E051
:10AE2400002030BD5AB110B40A44431E11F8014B3E
:10AE340003F8014F9142F9D15DF8044B7047704714
:10AE440050B140F21D42B0FA80F1521A8840C30A50
:10AE5400400503EB0251704701007047434D443AEB
:10AE6400536574416476456E61626C652C656E61F0
:10AE7400626C653D256400434D443A5265616452F9
:10AE8400656D6F74655478506F7765724C6576653F
:10AE94006C00434D443A5265616452465061746893
:10AEA400436F6D70656E736174696F6E00434D44DA
:10AEB4003A53657453636E456E61626C652C656EBE
:10AEC40061626C653D25640013B51446019001A8C8
:10AED40001F008FA01A8214601F004FA019802B031
:10AEE40010BD07B50B466A4601460120FBF7E3FB9C
:10AEF400684600F06DFF03B05DF804FB38B5054605
:10AF040011F8010BEDF748FD044601462846FFF70A
:10AF1400E8FF204638BD38B5054611F8010BEDF7BA
:10AF24009FFD044601462846FFF7DBFF204638BD57
:10AF3400434D443A5365745363616E527370446174
:10AF440074612C6C656E3D256400428FB0F85030FE
:10AF54005343828F02FB0333B3EBC10FCCBF1220E8
:10AF64000020704738B50D4614460021182200F021
:10AF74009DFD40F20112C5600281448138BD5343F6
:10AF84004E3A636C725265714362287365632E296D
:10AF94002C7469643D25640010B5837904461BB1A3
:10AFA400C06808B101F0B3FB2046BDE8104001F0D1
:10AFB400AEBB1FB5CDE90101039201AB0C22002108
:10AFC4000220F5F7FEFE05B05DF804FB0A4652F8D0
:10AFD400013FC0F812315368C0F81631D1F8093076
:10AFE400C0F81E3170474144563A656E61626C6523
:10AFF4002050412C73657449643D307825780043B2
:10B004004D443A53657444656661756C7453756256
:10B0140072617465436D6400434D443A5465726DC6
:10B02400696E61746553796E632C68646C3D256444
:01B03400001B
:10B0360010B50446084611460022F8F7BDFE20600A
:10B04600003018BF012010BD08B518B1012804D082
:10B05600002008BD00F09BFEFAE7FFF750FAF7E77D
:10B0660008B500231A4619460068E7F768FB012869
:10B0760014BF0020012008BD03680BB100207047F3
:10B0860010B504460120FEF76CFD2060012010BDBE
:10B0960008234FF08842536002F5245260219165DF
:08B0A60002F58072536070474F
:10B0B00008B5044B1B681BB1024B58681B689847C6
:10B0C00008BD00BF9C33012002000000000000000A
:10B0D00000000800FFFFFFFFFFFFFFFFFFFFFFFF74
:10B0E000034B1B680360034B1B684360704700BF42
:10B0F000383401204434012000B583B0002301938B
:10B100000A4601A9EAF766F8019803B05DF804FB66
:10B1100010B5044C0022227021214020F8F74FFE88
:10B12000606010BD500000208400000029990201D9
:10B130000810000015190201091000003137020142
:10B1400038B505460878DFF7AFF8044601462846CB
:10B15000FFF7C9FE204638BD3E200000B31E0201A5
:10B160003F200000854E020140200000B36F020125
:10B1700038B505460878FBF761FD044601462846C8
:10B18000FFF7B1FE204638BD860000003DA2020157
:10B190000210000085D001010B100000E9E9010157
:10B1A0000E10000079E101010F10000011D1010122
:10B1B0001010000039510201034B1B780370034B40
:10B1C0001B780B70704700BF6D0100206B010020E1
:10B1D0004D454D2C416C6C6F63206661696C6564F4
:10B1E0002C6C656E3D25640018B9034B43F8212093
:10B1F0007047024BFAE700BFBC33012058320120F0
:10B20000044B4FF080521A60BFF34F8FBFF36F8F24
:10B21000704700BF04ED00E0044B4FF00072C3F82C
:10B220000421BFF34F8FBFF36F8F704700E100E041
:10B2300010F11D0F06DA503104DB002A0CBF11207B
:10B240000020704711207047434D443A52656164B5
:10B250004E756D4F66537570416476536574730017
:10B2600010B5044C2468C4E90612C4F884002362B3
:10B2700010BD00BF90340120D0F8443158567E28CC
:10B2800004BF024B93F90100704700BF8A01002000
:10B29000434D443A436C72574C004552523A7374D2
:10B2A000617475733D256400044AD2E90231994204
:10B2B00038BF01F20161CB1A13617047E801002029
:10B2C0000138C0B206289ABF024B185C4FF4FA70DE
:10B2D000704700BFDBC6020108B50146406800F0B8
:10B2E00039FE20B98868BDE8084000F033BE08BDCB
:10B2F00008B5044B00221A70F4F7F2F9BDE80840D3
:10B30000F0F726BB3735012010B50446F9F778FC75
:10B31000024B00221A60204610BD00BFB834012045
:10B3200010B5044C206818B101F0F3F90023236034
:10B3300010BD00BFBC34012010B5044C236823B9F4
:10B340004FF4827001F0E3F9206010BDBC3401209D
:10B3500008B503790C2B05D183681868EAF76AFCF5
:10B36000012008BD0020FCE7024A03490348FFF71B
:10B3700043BC00BF51B30201D9690001F1DF0101F3
:10B3800007B50822CDE900016B460A210220F5F736
:10B390001AFD03B05DF804FB30B143785B0705D5B7
:10B3A000C36D0B600020704701207047022070477A
:10B3B0000246044B0068516803C39068D16803C318
:10B3C000704700BFA0340141044B1A6822F0730299
:10B3D0001A601A6842F00C021A607047283A01415C
:10B3E00007B50422019001AB41F483310020F5F749
:10B3F000EAFC03B05DF804FB037B1BB190F9270066
:10B40000F7F756BA014B93F90000F9E78A010020DB
:10B41000037A042B0CBF024B024B1B68184700BF7A
:10B42000B4370120B837012008B590F8F4309B07F5
:10B4300004D5FA30FBF7C6FC0439C9B2084608BD8A
:10B4400008B5F9F749FC034A136843F00103136098
:10B4500008BD00BF203A014108B5F9F73DFC034A99
:10B46000136843F00203136008BD00BF203A014196
:10B4700003783BB1034600BF13F8012F002AFBD12C
:10B48000181A704718467047434D443A52644C6F3F
:10B4900063616C53757070466561747572650043C5
:10B4A0004D443A44544D5F4D616E75546573744517
:10B4B0006E64436D640010B5044608681146FFF7DA
:10B4C0001BFE2060003018BF012010BD08B510B170
:10B4D000012803D008BDE6F7CBFAFBE700F0B2F98C
:10B4E000F8E700F1080343604FF0FF328260C36069
:10B4F000036100230360704710B50446FFF702F8AC
:10B50000A46B00F09FF9B4FA84F0400910BD38B57F
:10B510000546F6F72BFF044601462846FFF7E3FCF5
:10B52000204638BD38B50546F2F7DEFC0446014634
:10B530002846FAF709FC204638BD38B50546F4F729
:10B54000B9FF044601462846FFF7CDFC204638BD2A
:10B5500010B504460020FFF7EDFA20460021FFF762
:10B56000C2FC002010BD38B50546F3F7B9FA044611
:10B5700001462846FFF7B7FC204638BD08B542F221
:10B580004303984203D1EBF74DFE012008BD002094
:10B59000FCE738B50546F8F7E3F9044601462846C6
:10B5A000FFF7A1FC204638BD38B50546F0F73AFC58
:10B5B000044601462846FFF796FC204638BD38B5BC
:10B5C0000546F7F747FE044601462846FFF78BFC81
:10B5D000204638BD10B50A685478137803EB04236D
:10B5E00003800B6802330B6010BD10B503680024A4
:10B5F000D3F86801C3F86C41EFF7B0FC204610BDEA
:10B60000434D443A526561644D61784164764461CA
:10B6100074614C656E00434D443A536574457874CB
:10B620005363616E5273704461746100434D443AD8
:10B630005265616441647650687943685478507704
:10B640007200434D443A53657441647644617461B9
:10B650002C6C656E3D256400434D443A537562720F
:10B6600061746552657175657374436D640090F81B
:10B67000E22032B990F8E430213B012B01D9F9F7EF
:10B6800005BE704710B5044600F012F820B1204600
:10B69000BDE81040FDF7ECB910BD022310B580F8ED
:10B6A000E2300446F9F7D0FD08B984F8E20010BD95
:10B6B00090F8E2302BB990F8E400B0FA80F040093D
:10B6C00070470020704753434E3A4454537461729C
:10B6D000742833292C6475723D25640003681BB1FE
:10B6E00019791A6811B10260184670471846134656
:10B6F000F5E708B50B7913F0300F0CBF04300830B4
:10B7000000F0F4FC002008BD434D443A52656164EA
:10B7100042756666657253697A65436D640090F898
:10B72000563033B9012380F85630D0F8BC00EFF71B
:10B7300015BC704707B50422019001AB012102201E
:10B74000F5F741FB03B05DF804FB40F271224000C5
:10B75000B0FBF2F302FB13005B0243EA50007047B8
:10B76000034690F8E60029B920B993F8E80008B933
:10B7700093F8E70070474D6963726F636869702DD5
:10B780004269674275636B41444452434D443A43B6
:10B790007265617465436F6E6E43616E63656C00C4
:10B7A000434D443A53657444656661756C745068E2
:10B7B00079436D6400434D443A4372656174655347
:10B7C000796E6343616E63656C0010B5044608468C
:10B7D00000F000FD2060003018BF012010BD08B54A
:10B7E00009680068FEF77AF8012814BF00200120DC
:10B7F00008BD08B500230068E6F7A4FF012814BFC0
:06B800000020012008BD3C
:10B8080008B5034B186B0021FCF77AF908BD00BF97
:10B8180000060044050000000600000007000000C4
:10B828000000000001000000DFF80C00016841F48E
:10B83800700101607047000088ED00E0034A13685A
:10B84800013B13600BB983F31188704764370120FB
:10B85800034B186810B1836C01338364704700BFD1
:10B8680010340120034B1B68014613B140780230A5
:10B8780018477047BC000020431E0A2B9EBF024B8E
:10B888001B6883F844007047AC01002010B50446DB
:10B8980000F088F820460021FFF721FB002010BDAA
:10B8A800024B034ADA60F4F729BD00BFC800002044
:10B8B8002D690201024B034ADA62FDF76FB900BF36
:10B8C800C80000208D880201024B034A9A62F9F7EA
:10B8D800DFB800BFC800002011890201024B034AEB
:10B8E8001A62FAF771BC00BFC80000207DB50201DA
:10B8F800024B034A1A63FAF757BD00BFC80000207D
:10B90800112E02014D53472C476574206661696CFE
:10B918002C6C656E3D2564005359530000484F5305
:10B9280054004C484349004C4C00000038B50C46C4
:10B9380009681546FFF774FA22682A44226038BD60
:10B9480038B5044600681546FFF76AFA22682A44A3
:10B95800226038BD544D522C53746F70206E756C34
:10B968006C20696E7075740090F8E2309B065ABFBF
:10B9780090F8E400C0F34010012070470138C0B2CD
:10B9880007289ABF014B185CFF2070479CC602012C
:10B99800034B1B6853F8022F02609B888380704713
:10B9A800A801002008B530220021024800F07CF8E8
:10B9B80008BD00BF68370120034B1878072894BFDB
:10B9C80000200120704700BF3335012010B5034C1B
:10B9D800206800F09AFE0023236010BDAC340120DB
:10B9E800034B1B681B78C3F30013037000207047D8
:10B9F800F002002008B5102000F085FE18B10023E1
:10BA080083808371C36008BD034B1878A0F1FF03DE
:10BA180058425841704700BFB4020020034B1B68CE
:10BA28001878A0F1FF03584258417047B802002027
:10BA3800034B1B681878B0FA80F04009704700BFC4
:10BA4800B8020020034B1B681B7823FA00F000F0B3
:10BA580001007047B8020020034B1A79520742BF11
:10BA6800DA880132DA80704744020020034B0A6802
:10BA78001A600A791A710020704700BFE00200209E
:10BA880008B5D0F8CC0000F034FE0A289CBF01307D
:10BA9800C0B208BDFDBC020115AA02016FC70201B0
:10BAA8006FC702016FC7020132B1C9B2024403462F
:10BAB80003F8011B9342FBD1704700BF034600BF48
:10BAC80011F8012B184603F8012B002AF8D170470A
:10BAD800010200000000000000000000000000005B
:10BAE800040404434D443A536574486F73744665BF
:10BAF800617475726500434D443A53657452504100
:10BB0800544F2C544F3D25640053434E3A4644430A
:10BB180061636865467265652833290053434E3A68
:10BB28004644436163686546726565283229004367
:10BB380048433A616464205265712C496E763D250C
:10BB48006400434D443A44544D5F54657374456EE4
:05BB580064436D640070
:10BB5E0008B50068E9F737FB012814BF0020012063
:10BB6E0008BD08B5006800F06DFA012814BF00206A
:10BB7E00012008BD08B50068E7F7FFF9012814BFDA
:10BB8E000020012008BD08B5006800F017F8FF2856
:10BB9E0028BFFF20C0B208BD4FF0200383F31188E9
:10BBAE00BFF36F8FBFF34F8FFEE74FF0200383F38A
:10BBBE001188BFF36F8FBFF34F8FFEE710B50446AA
:10BBCE00FEF799FCA46BFFF736FE204610BD10B5AC
:10BBDE000468A06800F043FD204600F040FD10BD53
:10BBEE00862808B503D1FEF711FB012008BD002001
:10BBFE00FCE70368002003B970471A7B1B681044EA
:10BC0E0080B2F8E710B50446F2F7AFFD10B1052388
:10BC1E0084F8E23010BD10B50446F8F782FE10B17C
:10BC2E00132384F8E23010BD10B50446FEF743FB33
:10BC3E0010B1032384F8E23010BD012805D002288C
:10BC4E0003D0042814BF0120032070470346006868
:10BC5E0020B102681A600AB95B6070477047434DA5
:10BC6E00443A5743684173736D4D6F643A256400CF
:10BC7E0010B50446F7F7DCFC10B1122384F8E2305D
:10BC8E0010BD10B5841A64024CBF501AC01AC0F30E
:10BC9E00805010BD000102000201010002010200ED
:10BCAE0002000102010008B50B460022C1B218467F
:10BCBE00FFF7A7FB002008BD90F86C3090F8F42039
:10BCCE0062F3451380F86C30704790F86C3003F0D7
:10BCDE003F0380F86C3002230377704710B504469B
:10BCEE00F4F7F7F92046BDE81040F9F786BF0A448D
:10BCFE000023914201D10020704701F8013BF8E783
:10BD0E00434D443A47656E5075624B6579436D6499
:10BD1E0000434D443A526450414C69737453697AEE
:10BD2E006500434D443A52656D6F766550414C69DE
:03BD3E007374001B
:10BD420008B5002380F834304430FAF750F908BDC2
:10BD5400024B03EB001041608260704718320120EF
:10BD6400024B1868C0F3C030704700BF000600449F
:10BD7400024BD88D0022DA85704700BF18310120AC
:10BD8400424C45004150505F5461736B730000BFD7
:10BD9400024A136801331360704700BF2434012042
:10BDA4001F1F1C1C18181414141414141414141421
:10BDB400024B5B6803B11847704700BFBC0000200A
:10BDC400024B9B6803B11847704700BFBC000020BA
:10BDD400024B1B6803B11847704700BF00010020E5
:10BDE400FF0E800CF301800CFFFFFB009042FFFF6D
:10BDF4000000060000000A0000001B0048010100CA
:10BE040012100000E920020113100000C12C0201ED
:10BE1400192000006DE901017D20000081AB0101C2
:10BE24001A200000F91002011B2000007D450201C8
:10BE34000D2000002D5901010E20000093B50201D0
:10BE44000D100000A185010111100000E160020144
:10BE54004120000047B10101422000009B3502014E
:10BE64000B200000592202010C200000E96F02019E
:10BE7400024B1A8860F308221A807047183E014169
:10BE8400024B1A8860F349221A807047183E014118
:10BE9400037CF02B01D100F079BA90F84000704790
:10BEA400024B16301B6843F8201070479034012071
:10BEB400024B1B6803EB8000416270479034012001
:10BEC400024B01221A700020704700BFFD020020BF
:10BED400C37D13B90321EAF71FB81021EBF74EB85D
:10BEE400024B1B6883F82700704700BFA80100209D
:10BEF400024B1B6883F82800704700BFA80100208C
:10BF0400024B1B6893F82700704700BFA80100206C
:10BF1400024B1B6893F82800704700BFA80100205B
:10BF2400024B1B6893F82E00704700BFA801002045
:10BF3400024B1878B0FA80F040097047333501207D
:10BF4400434D443A47656E44684B6579436D6400DC
:10BF540028B1028943899A4201D10068F8E7704701
:10BF640008B5FFF79FF9014808BD00BFE8010020AC
:10BF740008B51C2000F0C9FB08B10223037308BDF7
:10BF840008B5182000F0C1FB08B10123037308BDF4
:10BF9400434D443A5265616452737369436D64005E
:10BFA400024B1878431E5842584170473F350120D0
:10BFB400F401FA00960064004B0032001E001400E5
:10BFC400024B1B6893F83C02704700BF60020020DC
:10BFD40040F2FC7303EA8003400A13800860704750
:10BFE400024B1B681844C078704700BFB802002099
:10BFF400024B00EB400003EB400070474831012046
:10C00400024B1A6802609B8883807047E8330120E2
:10C0140090F8F430DB0702D5F530FAF7D1BE70475B
:10C02400C38F428FDB00B3FBF2F3C0E924337047C4
:10C0340053434E3A50545374617274283229004366
:10C044004D443A52656164506879436D6400836B72
:10C05400C06B984214BF00200120704708B500202F
:10C06400E5F7E4FFF6F700FEFCE7012800D070478F
:10C0740008B5EDF775F808BDEFF31083036072B6E9
:10C08400BFF35F8F70470B681B7803700B68013335
:10C094000B607047434D443A436C72416476536578
:10C0A400740003000200000400000000000000010E
:10C0B40000230B6043684B60196041607047434D37
:10C0C400443A4C65456E637279707400434D443A4A
:10C0D400526561645478507772004556543A6964E5
:10C0E4003D30782530347800036813B90160184670
:10C0F40070471846F8E7434D443A41646450414C54
:10C1040069737400434D443A436C7250414C6973F3
:10C1140074000238012802D80846F0F749B870477D
:10C1240090F82F30002B14BF07200020704710B563
:10C134000446FFF7CFF8C4F8AC0010BD434D443AB1
:10C144005264524C53697A6500434D443A526457E1
:06C154004C53697A6500FE
:10C15C00014B187D704700BF18310120014B9868C6
:10C16C00704700BF18310120014BD860196170472E
:10C17C0018310120014B93F82C0070471831012025
:10C18C00014B186A704700BF18310120014B5862EF
:10C19C009962704718310120040000000000000073
:10C1AC000200000000000000FFFFFFFF4000000045
:10C1BC00014B1868704700BF1C340120014B012251
:10C1CC001A6070474834012008B500220421F7F7A3
:10C1DC00F0FD08BD014B1860704700BFBC0000208B
:10C1EC00014B5860704700BFBC000020014B9860A9
:10C1FC00704700BFBC000020014B1860704700BFA7
:10C20C0000010020014B5860704700BF0001002066
:10C21C00014B9860704700BF00010020014B186073
:10C22C00704700BF50340120014B1860704700BFAD
:10C23C0054340120014B1860704700BF4C3401206E
:10C24C00014B93F9000070475D010020014B93F9FD
:10C25C00000070476C010020014B1878704700BF3C
:10C26C004F2F0120014B1860704700BF783401201C
:10C27C00014B1860704700BF74340120014B1878D3
:10C28C00704700BF2D350120014B1870704700BF5F
:10C29C002D350120014B00221A7070472C350120DE
:10C2AC00014B1878704700BF2C350120014B1860EA
:10C2BC00704700BF84340120014B1860704700BFE9
:10C2CC0088340120BFF35F8F036883F310887047B5
:10C2DC00014B1878704700BF303501200368197086
:10C2EC0003680133036070470368198003680233E5
:10C2FC000360704703681960036804330360704778
:10C30C00014B1860704700BF8C340120014B1B6837
:10C31C001860704790340120014B1B6858607047BF
:10C32C0090340120014B1B689860704790340120B9
:10C33C00014B1B68D860704790340120014B1B687F
:10C34C001861704790340120006810B1037C8B4257
:10C35C00FAD17047014B1860704700BFA43401201C
:10C36C00014B43F820107047D0310120014B1B6862
:10C37C00D8647047AC010020014B1B6818657047EE
:10C38C00AC010020014B1B68187A7047A8010020F3
:10C39C00014B1B68988C7047A8010020014B1B684F
:10C3AC0018637047A8010020014B1B685863704745
:10C3BC00A8010020014B1B6898637047A80100205E
:10C3CC00014BC3E90700704768370120014B1B681C
:10C3DC00D8637047A8010020014B1B681864704794
:10C3EC00A8010020014B1B6858647047A80100206D
:10C3FC00014B1B6898647047A8010020014B1B6817
:10C40C00D8647047A8010020014B1B681865704761
:10C41C00A8010020014B1B6858657047A80100203B
:10C42C00014B1B6898657047A8010020014B1B68E5
:10C43C00D8657047A8010020014B1B68186670472F
:10C44C00A8010020014B1878704700BF333501203C
:10C45C00434D443A47656E52616E6400014B18605F
:10C46C00704700BFA8340120014B43F820107047DF
:10C47C0078310120014B1860704700BFD8010020B3
:10C48C00014B1860704700BFB0340120006810B138
:10C49C00838A8B42FAD17047014B1878704700BFE2
:10C4AC0042350120014B1870704700BF4235012006
:10C4BC0008B5DCF73FF8C0F3870008BD014B1860E6
:10C4CC00704700BF64020020014B1868704700BF22
:10C4DC0064020020014B00221A707047B402002045
:10C4EC00014B00221A707047B4020020014B1B68EC
:10C4FC0058787047B8020020014B1B689878704739
:10C50C00B8020020014B1865704700BF00240141A0
:10C51C00014B1860704700BFC8020020014B186027
:10C52C00704700BFE0340120014B1860704700BF1A
:10C53C00DC340120014B1860704700BFE43401204B
:10C54C00014B43F820107047A4310120014B1860B7
:10C55C00704700BFF0340120014B1860704700BFDA
:10C56C00F4340120014B1860704700BFF8340120EF
:10C57C00014B1860704700BFEC020020014B1860A3
:10C58C00704700BFFC340120014B1860704700BF9E
:10C59C00B4370120014B1860704700BFB837012039
:10C5AC00014B1B68184700BF00030020014B1B68A0
:10C5BC005860704700350120014B1B68986070472C
:10C5CC00003501200148FFF7F7BF00BF25F201013C
:10C5DC0010B50446FFF770FA204610BD4552523A8A
:10C5EC004C3136423073004552523A4C313642305F
:10C5FC0073004552523A4C31364230730053434E1D
:10C60C003A7363616E544F0008B5FFF7D8FAC0B2A5
:10C61C0008BD08B5FDF7C0FFC0B208BD434D443A94
:10C62C00436C72524C00307825782C307825780089
:10C63C0008B500F068F8002008BD837843F01003BB
:10C64C008370704700B9704700BF0138FAE7836FF9
:10C65C0043F4C0738367704708B5E7F743FA08BD26
:10C66C0008B5EEF79BFF08BD08B5F4F797FF08BDBA
:10C67C0008B5EFF7EDFAFCE74B7880F8E03070473F
:10C68C004B7880F8E13070478B7880F8E030704759
:10C69C000001FF02FFFFFF03456363446F6E6500FB
:10C6AC00C3680B60C1607047890841EA402070473D
:10C6BC000048704700B001018168C088F6F714BFCC
:10C6CC0083F00043E1F7E4B800939393671100FA09
:10C6DC0096644B321E140023036170470021F9F756
:10C6EC0035BD0023DCF7AABF0022E4F745B990F86A
:10C6FC0051007047B0F854007047FDF73DBBF7F799
:10C70C00A1B9EBF7ADBFFAF72BBE00207047FFF7CE
:10C71C00B7BEFBF776B9F8F7B3BDF8F7B1BD800B30
:10C72C00704700207047E4F7ABBEF2F7F1BDF6F7A7
:10C73C00B5BDC06A7047806D7047416170478161BB
:10C74C0070470820704700207047F1F7B1B90020FE
:10C75C007047002070470020704700207047002071
:06C76C0070470020704739
:07C77400704700BF0404053B
:00000001FF
